example_id,data_split,seed,candidate_library,scheduler,num_rounds,epsilon_target,schedule_id,schedule,score_random,score_confidence,score_entropy,score_dependency,score_dprm_itemwise,score_diag_um,score_projection,score_residualized,score_budgeted,actual_response_power,actual_terminal_gain,frontier_width_histogram,gamma_pinv,gamma_ridge,gram_delta,ridge_multiplier,used_pinv,adaptation_terminal_labels,width_weight_source
s0-i10,held_out,0,oracle,random_balanced,1,0.01,54a0dc573c0908b1,"[[0, 1, 2, 3, 4, 5, 6, 7, 8, 9, 10, 11]]",0.001014490348996145,-0.0,0.0,-3.2963217744184715e-14,,0.0,0.06027456150360655,0.06027456150360655,0.001014490348996145,0.0,0.0,"{""3"": 1}",0.06027456150360655,0.06027146819273502,0.9714201545798739,1e-05,True,40,development_isotonic_frozen
s0-i10,held_out,0,oracle,confidence,1,0.01,54a0dc573c0908b1,"[[0, 1, 2, 3, 4, 5, 6, 7, 8, 9, 10, 11]]",0.001014490348996145,-0.0,0.0,-3.2963217744184715e-14,,0.0,0.06027456150360655,0.06027456150360655,0.001014490348996145,0.0,0.0,"{""3"": 1}",0.06027456150360655,0.06027146819273502,0.9714201545798739,1e-05,True,40,development_isotonic_frozen
s0-i10,held_out,0,oracle,entropy,1,0.01,54a0dc573c0908b1,"[[0, 1, 2, 3, 4, 5, 6, 7, 8, 9, 10, 11]]",0.001014490348996145,-0.0,0.0,-3.2963217744184715e-14,,0.0,0.06027456150360655,0.06027456150360655,0.001014490348996145,0.0,0.0,"{""3"": 1}",0.06027456150360655,0.06027146819273502,0.9714201545798739,1e-05,True,40,development_isotonic_frozen
s0-i10,held_out,0,oracle,dependency_cmi,1,0.01,54a0dc573c0908b1,"[[0, 1, 2, 3, 4, 5, 6, 7, 8, 9, 10, 11]]",0.001014490348996145,-0.0,0.0,-3.2963217744184715e-14,,0.0,0.06027456150360655,0.06027456150360655,0.001014490348996145,0.0,0.0,"{""3"": 1}",0.06027456150360655,0.06027146819273502,0.9714201545798739,1e-05,True,40,development_isotonic_frozen
s0-i10,held_out,0,oracle,min_within_batch_tc,1,0.01,54a0dc573c0908b1,"[[0, 1, 2, 3, 4, 5, 6, 7, 8, 9, 10, 11]]",0.001014490348996145,-0.0,0.0,-3.2963217744184715e-14,,0.0,0.06027456150360655,0.06027456150360655,0.001014490348996145,0.0,0.0,"{""3"": 1}",0.06027456150360655,0.06027146819273502,0.9714201545798739,1e-05,True,40,development_isotonic_frozen
s0-i10,held_out,0,oracle,dprm_myopic,1,0.01,54a0dc573c0908b1,"[[0, 1, 2, 3, 4, 5, 6, 7, 8, 9, 10, 11]]",0.001014490348996145,-0.0,0.0,-3.2963217744184715e-14,,0.0,0.06027456150360655,0.06027456150360655,0.001014490348996145,0.0,0.0,"{""3"": 1}",0.06027456150360655,0.06027146819273502,0.9714201545798739,1e-05,True,40,development_isotonic_frozen
s0-i10,held_out,0,oracle,dprm_rollout,1,0.01,54a0dc573c0908b1,"[[0, 1, 2, 3, 4, 5, 6, 7, 8, 9, 10, 11]]",0.001014490348996145,-0.0,0.0,-3.2963217744184715e-14,,0.0,0.06027456150360655,0.06027456150360655,0.001014490348996145,0.0,0.0,"{""3"": 1}",0.06027456150360655,0.06027146819273502,0.9714201545798739,1e-05,True,40,development_isotonic_frozen
s0-i10,held_out,0,oracle,subset_exact,1,0.01,54a0dc573c0908b1,"[[0, 1, 2, 3, 4, 5, 6, 7, 8, 9, 10, 11]]",0.001014490348996145,-0.0,0.0,-3.2963217744184715e-14,,0.0,0.06027456150360655,0.06027456150360655,0.001014490348996145,0.0,0.0,"{""3"": 1}",0.06027456150360655,0.06027146819273502,0.9714201545798739,1e-05,True,40,development_isotonic_frozen
s0-i10,held_out,0,oracle,subset_beam_8,1,0.01,54a0dc573c0908b1,"[[0, 1, 2, 3, 4, 5, 6, 7, 8, 9, 10, 11]]",0.001014490348996145,-0.0,0.0,-3.2963217744184715e-14,,0.0,0.06027456150360655,0.06027456150360655,0.001014490348996145,0.0,0.0,"{""3"": 1}",0.06027456150360655,0.06027146819273502,0.9714201545798739,1e-05,True,40,development_isotonic_frozen
s0-i10,held_out,0,oracle,subset_beam_32,1,0.01,54a0dc573c0908b1,"[[0, 1, 2, 3, 4, 5, 6, 7, 8, 9, 10, 11]]",0.001014490348996145,-0.0,0.0,-3.2963217744184715e-14,,0.0,0.06027456150360655,0.06027456150360655,0.001014490348996145,0.0,0.0,"{""3"": 1}",0.06027456150360655,0.06027146819273502,0.9714201545798739,1e-05,True,40,development_isotonic_frozen
s0-i10,held_out,0,oracle,saps_diagonal,1,0.01,54a0dc573c0908b1,"[[0, 1, 2, 3, 4, 5, 6, 7, 8, 9, 10, 11]]",0.001014490348996145,-0.0,0.0,-3.2963217744184715e-14,,0.0,0.06027456150360655,0.06027456150360655,0.001014490348996145,0.0,0.0,"{""3"": 1}",0.06027456150360655,0.06027146819273502,0.9714201545798739,1e-05,True,40,development_isotonic_frozen
s0-i10,held_out,0,oracle,p_saps_residualized,1,0.01,54a0dc573c0908b1,"[[0, 1, 2, 3, 4, 5, 6, 7, 8, 9, 10, 11]]",0.001014490348996145,-0.0,0.0,-3.2963217744184715e-14,,0.0,0.06027456150360655,0.06027456150360655,0.001014490348996145,0.0,0.0,"{""3"": 1}",0.06027456150360655,0.06027146819273502,0.9714201545798739,1e-05,True,40,development_isotonic_frozen
s0-i10,held_out,0,oracle,p_saps_projection,1,0.01,54a0dc573c0908b1,"[[0, 1, 2, 3, 4, 5, 6, 7, 8, 9, 10, 11]]",0.001014490348996145,-0.0,0.0,-3.2963217744184715e-14,,0.0,0.06027456150360655,0.06027456150360655,0.001014490348996145,0.0,0.0,"{""3"": 1}",0.06027456150360655,0.06027146819273502,0.9714201545798739,1e-05,True,40,development_isotonic_frozen
s0-i10,held_out,0,oracle,b_saps_budgeted,1,0.01,54a0dc573c0908b1,"[[0, 1, 2, 3, 4, 5, 6, 7, 8, 9, 10, 11]]",0.001014490348996145,-0.0,0.0,-3.2963217744184715e-14,,0.0,0.06027456150360655,0.06027456150360655,0.001014490348996145,0.0,0.0,"{""3"": 1}",0.06027456150360655,0.06027146819273502,0.9714201545798739,1e-05,True,40,development_isotonic_frozen
s0-i10,held_out,0,oracle,random_balanced,1,0.05,54a0dc573c0908b1,"[[0, 1, 2, 3, 4, 5, 6, 7, 8, 9, 10, 11]]",0.0045632850121599755,-0.0,0.0,-3.2963217744184715e-14,,0.0,0.06027456150360655,0.06027456150360655,0.0045632850121599755,0.0,-1.0,"{""3"": 1}",0.06027456150360655,0.06027146819273502,0.9714201545798739,1e-05,True,40,development_isotonic_frozen
s0-i10,held_out,0,oracle,confidence,1,0.05,54a0dc573c0908b1,"[[0, 1, 2, 3, 4, 5, 6, 7, 8, 9, 10, 11]]",0.0045632850121599755,-0.0,0.0,-3.2963217744184715e-14,,0.0,0.06027456150360655,0.06027456150360655,0.0045632850121599755,0.0,-1.0,"{""3"": 1}",0.06027456150360655,0.06027146819273502,0.9714201545798739,1e-05,True,40,development_isotonic_frozen
s0-i10,held_out,0,oracle,entropy,1,0.05,54a0dc573c0908b1,"[[0, 1, 2, 3, 4, 5, 6, 7, 8, 9, 10, 11]]",0.0045632850121599755,-0.0,0.0,-3.2963217744184715e-14,,0.0,0.06027456150360655,0.06027456150360655,0.0045632850121599755,0.0,-1.0,"{""3"": 1}",0.06027456150360655,0.06027146819273502,0.9714201545798739,1e-05,True,40,development_isotonic_frozen
s0-i10,held_out,0,oracle,dependency_cmi,1,0.05,54a0dc573c0908b1,"[[0, 1, 2, 3, 4, 5, 6, 7, 8, 9, 10, 11]]",0.0045632850121599755,-0.0,0.0,-3.2963217744184715e-14,,0.0,0.06027456150360655,0.06027456150360655,0.0045632850121599755,0.0,-1.0,"{""3"": 1}",0.06027456150360655,0.06027146819273502,0.9714201545798739,1e-05,True,40,development_isotonic_frozen
s0-i10,held_out,0,oracle,min_within_batch_tc,1,0.05,54a0dc573c0908b1,"[[0, 1, 2, 3, 4, 5, 6, 7, 8, 9, 10, 11]]",0.0045632850121599755,-0.0,0.0,-3.2963217744184715e-14,,0.0,0.06027456150360655,0.06027456150360655,0.0045632850121599755,0.0,-1.0,"{""3"": 1}",0.06027456150360655,0.06027146819273502,0.9714201545798739,1e-05,True,40,development_isotonic_frozen
s0-i10,held_out,0,oracle,dprm_myopic,1,0.05,54a0dc573c0908b1,"[[0, 1, 2, 3, 4, 5, 6, 7, 8, 9, 10, 11]]",0.0045632850121599755,-0.0,0.0,-3.2963217744184715e-14,,0.0,0.06027456150360655,0.06027456150360655,0.0045632850121599755,0.0,-1.0,"{""3"": 1}",0.06027456150360655,0.06027146819273502,0.9714201545798739,1e-05,True,40,development_isotonic_frozen
s0-i10,held_out,0,oracle,dprm_rollout,1,0.05,54a0dc573c0908b1,"[[0, 1, 2, 3, 4, 5, 6, 7, 8, 9, 10, 11]]",0.0045632850121599755,-0.0,0.0,-3.2963217744184715e-14,,0.0,0.06027456150360655,0.06027456150360655,0.0045632850121599755,0.0,-1.0,"{""3"": 1}",0.06027456150360655,0.06027146819273502,0.9714201545798739,1e-05,True,40,development_isotonic_frozen
s0-i10,held_out,0,oracle,subset_exact,1,0.05,54a0dc573c0908b1,"[[0, 1, 2, 3, 4, 5, 6, 7, 8, 9, 10, 11]]",0.0045632850121599755,-0.0,0.0,-3.2963217744184715e-14,,0.0,0.06027456150360655,0.06027456150360655,0.0045632850121599755,0.0,-1.0,"{""3"": 1}",0.06027456150360655,0.06027146819273502,0.9714201545798739,1e-05,True,40,development_isotonic_frozen
s0-i10,held_out,0,oracle,subset_beam_8,1,0.05,54a0dc573c0908b1,"[[0, 1, 2, 3, 4, 5, 6, 7, 8, 9, 10, 11]]",0.0045632850121599755,-0.0,0.0,-3.2963217744184715e-14,,0.0,0.06027456150360655,0.06027456150360655,0.0045632850121599755,0.0,-1.0,"{""3"": 1}",0.06027456150360655,0.06027146819273502,0.9714201545798739,1e-05,True,40,development_isotonic_frozen
s0-i10,held_out,0,oracle,subset_beam_32,1,0.05,54a0dc573c0908b1,"[[0, 1, 2, 3, 4, 5, 6, 7, 8, 9, 10, 11]]",0.0045632850121599755,-0.0,0.0,-3.2963217744184715e-14,,0.0,0.06027456150360655,0.06027456150360655,0.0045632850121599755,0.0,-1.0,"{""3"": 1}",0.06027456150360655,0.06027146819273502,0.9714201545798739,1e-05,True,40,development_isotonic_frozen
s0-i10,held_out,0,oracle,saps_diagonal,1,0.05,54a0dc573c0908b1,"[[0, 1, 2, 3, 4, 5, 6, 7, 8, 9, 10, 11]]",0.0045632850121599755,-0.0,0.0,-3.2963217744184715e-14,,0.0,0.06027456150360655,0.06027456150360655,0.0045632850121599755,0.0,-1.0,"{""3"": 1}",0.06027456150360655,0.06027146819273502,0.9714201545798739,1e-05,True,40,development_isotonic_frozen
s0-i10,held_out,0,oracle,p_saps_residualized,1,0.05,54a0dc573c0908b1,"[[0, 1, 2, 3, 4, 5, 6, 7, 8, 9, 10, 11]]",0.0045632850121599755,-0.0,0.0,-3.2963217744184715e-14,,0.0,0.06027456150360655,0.06027456150360655,0.0045632850121599755,0.0,-1.0,"{""3"": 1}",0.06027456150360655,0.06027146819273502,0.9714201545798739,1e-05,True,40,development_isotonic_frozen
s0-i10,held_out,0,oracle,p_saps_projection,1,0.05,54a0dc573c0908b1,"[[0, 1, 2, 3, 4, 5, 6, 7, 8, 9, 10, 11]]",0.0045632850121599755,-0.0,0.0,-3.2963217744184715e-14,,0.0,0.06027456150360655,0.06027456150360655,0.0045632850121599755,0.0,-1.0,"{""3"": 1}",0.06027456150360655,0.06027146819273502,0.9714201545798739,1e-05,True,40,development_isotonic_frozen
s0-i10,held_out,0,oracle,b_saps_budgeted,1,0.05,54a0dc573c0908b1,"[[0, 1, 2, 3, 4, 5, 6, 7, 8, 9, 10, 11]]",0.0045632850121599755,-0.0,0.0,-3.2963217744184715e-14,,0.0,0.06027456150360655,0.06027456150360655,0.0045632850121599755,0.0,-1.0,"{""3"": 1}",0.06027456150360655,0.06027146819273502,0.9714201545798739,1e-05,True,40,development_isotonic_frozen
s0-i10,held_out,0,oracle,random_balanced,1,0.15,54a0dc573c0908b1,"[[0, 1, 2, 3, 4, 5, 6, 7, 8, 9, 10, 11]]",0.0,-0.0,0.0,-3.2963217744184715e-14,,0.0,0.06027456150360655,0.06027456150360655,0.0,0.0,0.0,"{""3"": 1}",0.06027456150360655,0.06027146819273502,0.9714201545798739,1e-05,True,40,development_isotonic_frozen
s0-i10,held_out,0,oracle,confidence,1,0.15,54a0dc573c0908b1,"[[0, 1, 2, 3, 4, 5, 6, 7, 8, 9, 10, 11]]",0.0,-0.0,0.0,-3.2963217744184715e-14,,0.0,0.06027456150360655,0.06027456150360655,0.0,0.0,0.0,"{""3"": 1}",0.06027456150360655,0.06027146819273502,0.9714201545798739,1e-05,True,40,development_isotonic_frozen
s0-i10,held_out,0,oracle,entropy,1,0.15,54a0dc573c0908b1,"[[0, 1, 2, 3, 4, 5, 6, 7, 8, 9, 10, 11]]",0.0,-0.0,0.0,-3.2963217744184715e-14,,0.0,0.06027456150360655,0.06027456150360655,0.0,0.0,0.0,"{""3"": 1}",0.06027456150360655,0.06027146819273502,0.9714201545798739,1e-05,True,40,development_isotonic_frozen
s0-i10,held_out,0,oracle,dependency_cmi,1,0.15,54a0dc573c0908b1,"[[0, 1, 2, 3, 4, 5, 6, 7, 8, 9, 10, 11]]",0.0,-0.0,0.0,-3.2963217744184715e-14,,0.0,0.06027456150360655,0.06027456150360655,0.0,0.0,0.0,"{""3"": 1}",0.06027456150360655,0.06027146819273502,0.9714201545798739,1e-05,True,40,development_isotonic_frozen
s0-i10,held_out,0,oracle,min_within_batch_tc,1,0.15,54a0dc573c0908b1,"[[0, 1, 2, 3, 4, 5, 6, 7, 8, 9, 10, 11]]",0.0,-0.0,0.0,-3.2963217744184715e-14,,0.0,0.06027456150360655,0.06027456150360655,0.0,0.0,0.0,"{""3"": 1}",0.06027456150360655,0.06027146819273502,0.9714201545798739,1e-05,True,40,development_isotonic_frozen
s0-i10,held_out,0,oracle,dprm_myopic,1,0.15,54a0dc573c0908b1,"[[0, 1, 2, 3, 4, 5, 6, 7, 8, 9, 10, 11]]",0.0,-0.0,0.0,-3.2963217744184715e-14,,0.0,0.06027456150360655,0.06027456150360655,0.0,0.0,0.0,"{""3"": 1}",0.06027456150360655,0.06027146819273502,0.9714201545798739,1e-05,True,40,development_isotonic_frozen
s0-i10,held_out,0,oracle,dprm_rollout,1,0.15,54a0dc573c0908b1,"[[0, 1, 2, 3, 4, 5, 6, 7, 8, 9, 10, 11]]",0.0,-0.0,0.0,-3.2963217744184715e-14,,0.0,0.06027456150360655,0.06027456150360655,0.0,0.0,0.0,"{""3"": 1}",0.06027456150360655,0.06027146819273502,0.9714201545798739,1e-05,True,40,development_isotonic_frozen
s0-i10,held_out,0,oracle,subset_exact,1,0.15,54a0dc573c0908b1,"[[0, 1, 2, 3, 4, 5, 6, 7, 8, 9, 10, 11]]",0.0,-0.0,0.0,-3.2963217744184715e-14,,0.0,0.06027456150360655,0.06027456150360655,0.0,0.0,0.0,"{""3"": 1}",0.06027456150360655,0.06027146819273502,0.9714201545798739,1e-05,True,40,development_isotonic_frozen
s0-i10,held_out,0,oracle,subset_beam_8,1,0.15,54a0dc573c0908b1,"[[0, 1, 2, 3, 4, 5, 6, 7, 8, 9, 10, 11]]",0.0,-0.0,0.0,-3.2963217744184715e-14,,0.0,0.06027456150360655,0.06027456150360655,0.0,0.0,0.0,"{""3"": 1}",0.06027456150360655,0.06027146819273502,0.9714201545798739,1e-05,True,40,development_isotonic_frozen
s0-i10,held_out,0,oracle,subset_beam_32,1,0.15,54a0dc573c0908b1,"[[0, 1, 2, 3, 4, 5, 6, 7, 8, 9, 10, 11]]",0.0,-0.0,0.0,-3.2963217744184715e-14,,0.0,0.06027456150360655,0.06027456150360655,0.0,0.0,0.0,"{""3"": 1}",0.06027456150360655,0.06027146819273502,0.9714201545798739,1e-05,True,40,development_isotonic_frozen
s0-i10,held_out,0,oracle,saps_diagonal,1,0.15,54a0dc573c0908b1,"[[0, 1, 2, 3, 4, 5, 6, 7, 8, 9, 10, 11]]",0.0,-0.0,0.0,-3.2963217744184715e-14,,0.0,0.06027456150360655,0.06027456150360655,0.0,0.0,0.0,"{""3"": 1}",0.06027456150360655,0.06027146819273502,0.9714201545798739,1e-05,True,40,development_isotonic_frozen
s0-i10,held_out,0,oracle,p_saps_residualized,1,0.15,54a0dc573c0908b1,"[[0, 1, 2, 3, 4, 5, 6, 7, 8, 9, 10, 11]]",0.0,-0.0,0.0,-3.2963217744184715e-14,,0.0,0.06027456150360655,0.06027456150360655,0.0,0.0,0.0,"{""3"": 1}",0.06027456150360655,0.06027146819273502,0.9714201545798739,1e-05,True,40,development_isotonic_frozen
s0-i10,held_out,0,oracle,p_saps_projection,1,0.15,54a0dc573c0908b1,"[[0, 1, 2, 3, 4, 5, 6, 7, 8, 9, 10, 11]]",0.0,-0.0,0.0,-3.2963217744184715e-14,,0.0,0.06027456150360655,0.06027456150360655,0.0,0.0,0.0,"{""3"": 1}",0.06027456150360655,0.06027146819273502,0.9714201545798739,1e-05,True,40,development_isotonic_frozen
s0-i10,held_out,0,oracle,b_saps_budgeted,1,0.15,54a0dc573c0908b1,"[[0, 1, 2, 3, 4, 5, 6, 7, 8, 9, 10, 11]]",0.0,-0.0,0.0,-3.2963217744184715e-14,,0.0,0.06027456150360655,0.06027456150360655,0.0,0.0,0.0,"{""3"": 1}",0.06027456150360655,0.06027146819273502,0.9714201545798739,1e-05,True,40,development_isotonic_frozen
s0-i10,held_out,0,oracle,random_balanced,2,0.01,fb074935a5b736ac,"[[0, 1, 6, 9, 10, 11], [2, 3, 4, 5, 7, 8]]",0.001014490348996145,-0.27475427312855355,0.524519291406014,-1.1868169574437286e-14,,0.0,0.06249496434639033,0.06249496434639033,0.001014490348996145,0.0,0.0,"{""3"": 1}",0.06249496434639033,0.062488170301622216,1.4414322910689066,1e-05,True,40,development_isotonic_frozen
s0-i10,held_out,0,oracle,confidence,2,0.01,8a1e5ca6c0aceb08,"[[0, 4, 8, 9, 10, 11], [1, 2, 3, 5, 6, 7]]",0.001014490348996145,-0.21405909442045687,0.6017159528240584,-1.4634964327024925e-14,,0.0,0.03946121983009239,0.03946121983009239,0.001014490348996145,0.0,0.0,"{""2"": 1}",0.03946121983009239,0.03945493416196416,1.1029967337198938,1e-05,True,40,development_isotonic_frozen
s0-i10,held_out,0,oracle,entropy,2,0.01,0bec02266730374c,"[[0, 3, 4, 8, 9, 11], [1, 2, 5, 6, 7, 10]]",0.001014490348996145,-0.22207809756941554,0.6075069021027427,-1.4491892921290794e-14,,0.0,0.03946121983009249,0.03946121983009249,0.001014490348996145,0.0,0.0,"{""2"": 1}",0.03946121983009249,0.03945493416196422,1.1029967337198938,1e-05,True,40,development_isotonic_frozen
s0-i10,held_out,0,oracle,dependency_cmi,2,0.01,566d3f8fa6d46670,"[[0, 2, 3, 4, 5, 7], [1, 6, 8, 9, 10, 11]]",0.001014490348996145,-0.28283331872975126,0.5258809427237121,-1.6075237190641215e-14,,1.0,0.004159482758620698,0.004159482758620698,0.001014490348996145,0.0,0.0,"{""1"": 1}",0.004159482758620698,0.004159437664543741,0.7018699292815976,1e-05,True,40,development_isotonic_frozen
s0-i10,held_out,0,oracle,min_within_batch_tc,2,0.01,3a8618704bd069f6,"[[0, 2, 3, 5, 10, 11], [1, 4, 6, 7, 8, 9]]",0.001014490348996145,-0.27449705920666145,0.5252038659072309,-1.5871962359486824e-14,,1.0,0.004159482758620698,0.004159482758620698,0.001014490348996145,0.0,0.0,"{""1"": 1}",0.004159482758620698,0.00415943766454374,0.7018699292815985,1e-05,True,40,development_isotonic_frozen
s0-i10,held_out,0,oracle,dprm_myopic,2,0.01,2d814e4cbbea83ee,"[[0, 1, 2, 3, 5, 8], [4, 6, 7, 9, 10, 11]]",0.001014490348996145,-0.29216074952437565,0.4986153988296947,-1.7734567497726763e-14,,0.0,0.06027456150360655,0.06027456150360655,0.001014490348996145,0.0,0.0,"{""3"": 1}",0.06027456150360655,0.06027146819273502,0.9714201545798739,1e-05,True,40,development_isotonic_frozen
s0-i10,held_out,0,oracle,dprm_rollout,2,0.01,d9cb45eb98dccecc,"[[0, 2, 4, 5, 9, 10], [1, 3, 6, 7, 8, 11]]",0.001014490348996145,-0.25339775008371196,0.5382824741668214,-1.5632558136956943e-14,,1.0,0.004159482758620691,0.004159482758620691,0.001014490348996145,0.0,0.0,"{""1"": 1}",0.004159482758620691,0.0041594376645437345,0.7018699292815983,1e-05,True,40,development_isotonic_frozen
s0-i10,held_out,0,oracle,subset_exact,2,0.01,9d5d24fb6f0a417b,"[[0, 1, 2, 3, 4, 5], [6, 7, 8, 9, 10, 11]]",0.001014490348996145,-0.2776592785531691,0.5357900094371629,-2.2708239649785892e-14,,1.0,0.004159482758620697,0.004159482758620697,0.001014490348996145,0.0,0.0,"{""1"": 1}",0.004159482758620697,0.004159437664543739,0.701869929281598,1e-05,True,40,development_isotonic_frozen
s0-i10,held_out,0,oracle,subset_beam_8,2,0.01,9d5d24fb6f0a417b,"[[0, 1, 2, 3, 4, 5], [6, 7, 8, 9, 10, 11]]",0.001014490348996145,-0.2776592785531691,0.5357900094371629,-2.2708239649785892e-14,,1.0,0.004159482758620697,0.004159482758620697,0.001014490348996145,0.0,0.0,"{""1"": 1}",0.004159482758620697,0.004159437664543739,0.701869929281598,1e-05,True,40,development_isotonic_frozen
s0-i10,held_out,0,oracle,subset_beam_32,2,0.01,9d5d24fb6f0a417b,"[[0, 1, 2, 3, 4, 5], [6, 7, 8, 9, 10, 11]]",0.001014490348996145,-0.2776592785531691,0.5357900094371629,-2.2708239649785892e-14,,1.0,0.004159482758620697,0.004159482758620697,0.001014490348996145,0.0,0.0,"{""1"": 1}",0.004159482758620697,0.004159437664543739,0.701869929281598,1e-05,True,40,development_isotonic_frozen
s0-i10,held_out,0,oracle,saps_diagonal,2,0.01,fb074935a5b736ac,"[[0, 1, 6, 9, 10, 11], [2, 3, 4, 5, 7, 8]]",0.001014490348996145,-0.27475427312855355,0.524519291406014,-1.1868169574437286e-14,,0.0,0.06249496434639033,0.06249496434639033,0.001014490348996145,0.0,0.0,"{""3"": 1}",0.06249496434639033,0.062488170301622216,1.4414322910689066,1e-05,True,40,development_isotonic_frozen
s0-i10,held_out,0,oracle,p_saps_residualized,2,0.01,0a8e1fb85bd0ca68,"[[1, 2, 4, 5, 7, 10], [0, 3, 6, 8, 9, 11]]",0.001014490348996145,-0.3007227023626689,0.4916237123151123,-1.567955630162523e-14,,1.0,0.0041594827586206974,0.0041594827586206974,0.001014490348996145,0.0,0.0,"{""1"": 1}",0.0041594827586206974,0.004159437664543738,0.701869929281598,1e-05,True,80,development_isotonic_frozen
s0-i10,held_out,0,oracle,p_saps_projection,2,0.01,b8d7d745134829cd,"[[3, 4, 7, 8, 9, 10], [0, 1, 2, 5, 6, 11]]",0.001014490348996145,-0.26946070940629757,0.5268847756264169,-1.6718771211923412e-14,,0.0,0.0394612198300925,0.0394612198300925,0.001014490348996145,0.0,0.0,"{""2"": 1}",0.0394612198300925,0.039454934161964474,1.1029967337198932,1e-05,True,640,development_isotonic_frozen
s0-i10,held_out,0,oracle,b_saps_budgeted,2,0.01,fb074935a5b736ac,"[[0, 1, 6, 9, 10, 11], [2, 3, 4, 5, 7, 8]]",0.001014490348996145,-0.27475427312855355,0.524519291406014,-1.1868169574437286e-14,,0.0,0.06249496434639033,0.06249496434639033,0.001014490348996145,0.0,0.0,"{""3"": 1}",0.06249496434639033,0.062488170301622216,1.4414322910689066,1e-05,True,40,development_isotonic_frozen
s0-i10,held_out,0,oracle,random_balanced,2,0.05,fb074935a5b736ac,"[[0, 1, 6, 9, 10, 11], [2, 3, 4, 5, 7, 8]]",0.0045632850121599755,-0.27475427312855355,0.524519291406014,-1.1868169574437286e-14,,0.0,0.06249496434639033,0.06249496434639033,0.0045632850121599755,0.0,0.0,"{""3"": 1}",0.06249496434639033,0.062488170301622216,1.4414322910689066,1e-05,True,40,development_isotonic_frozen
s0-i10,held_out,0,oracle,confidence,2,0.05,8a1e5ca6c0aceb08,"[[0, 4, 8, 9, 10, 11], [1, 2, 3, 5, 6, 7]]",0.0045632850121599755,-0.21405909442045687,0.6017159528240584,-1.4634964327024925e-14,,0.0,0.03946121983009239,0.03946121983009239,0.0045632850121599755,0.0,0.0,"{""2"": 1}",0.03946121983009239,0.03945493416196416,1.1029967337198938,1e-05,True,40,development_isotonic_frozen
s0-i10,held_out,0,oracle,entropy,2,0.05,0bec02266730374c,"[[0, 3, 4, 8, 9, 11], [1, 2, 5, 6, 7, 10]]",0.0045632850121599755,-0.22207809756941554,0.6075069021027427,-1.4491892921290794e-14,,0.0,0.03946121983009249,0.03946121983009249,0.0045632850121599755,0.0,0.0,"{""2"": 1}",0.03946121983009249,0.03945493416196422,1.1029967337198938,1e-05,True,40,development_isotonic_frozen
s0-i10,held_out,0,oracle,dependency_cmi,2,0.05,566d3f8fa6d46670,"[[0, 2, 3, 4, 5, 7], [1, 6, 8, 9, 10, 11]]",0.0045632850121599755,-0.28283331872975126,0.5258809427237121,-1.6075237190641215e-14,,1.0,0.004159482758620698,0.004159482758620698,0.0045632850121599755,0.0,0.0,"{""1"": 1}",0.004159482758620698,0.004159437664543741,0.7018699292815976,1e-05,True,40,development_isotonic_frozen
s0-i10,held_out,0,oracle,min_within_batch_tc,2,0.05,3a8618704bd069f6,"[[0, 2, 3, 5, 10, 11], [1, 4, 6, 7, 8, 9]]",0.0045632850121599755,-0.27449705920666145,0.5252038659072309,-1.5871962359486824e-14,,1.0,0.004159482758620698,0.004159482758620698,0.0045632850121599755,0.0,0.0,"{""1"": 1}",0.004159482758620698,0.00415943766454374,0.7018699292815985,1e-05,True,40,development_isotonic_frozen
s0-i10,held_out,0,oracle,dprm_myopic,2,0.05,2d814e4cbbea83ee,"[[0, 1, 2, 3, 5, 8], [4, 6, 7, 9, 10, 11]]",0.0045632850121599755,-0.29216074952437565,0.4986153988296947,-1.7734567497726763e-14,,0.0,0.06027456150360655,0.06027456150360655,0.0045632850121599755,0.0,-1.0,"{""3"": 1}",0.06027456150360655,0.06027146819273502,0.9714201545798739,1e-05,True,40,development_isotonic_frozen
s0-i10,held_out,0,oracle,dprm_rollout,2,0.05,9e5d95b8e921d5d1,"[[0, 2, 4, 5, 6, 9], [1, 3, 7, 8, 10, 11]]",0.0045632850121599755,-0.2648571346578383,0.5374726167940046,-1.6081832664966038e-14,,1.0,0.004159482758620689,0.004159482758620689,0.0045632850121599755,0.0,0.0,"{""1"": 1}",0.004159482758620689,0.004159437664543732,0.7018699292815982,1e-05,True,40,development_isotonic_frozen
s0-i10,held_out,0,oracle,subset_exact,2,0.05,6e5c9e4e3c0a19dd,"[[0, 1, 3, 4, 6, 7], [2, 5, 8, 9, 10, 11]]",0.0045632850121599755,-0.2948649497739854,0.5253357602684746,-1.2960895960270614e-14,,0.0,0.062494964346390326,0.062494964346390326,0.0045632850121599755,0.0,0.0,"{""3"": 1}",0.062494964346390326,0.06248817030162204,1.4414322910689064,1e-05,True,40,development_isotonic_frozen
s0-i10,held_out,0,oracle,subset_beam_8,2,0.05,9d5d24fb6f0a417b,"[[0, 1, 2, 3, 4, 5], [6, 7, 8, 9, 10, 11]]",0.0045632850121599755,-0.2776592785531691,0.5357900094371629,-2.2708239649785892e-14,,1.0,0.004159482758620697,0.004159482758620697,0.0045632850121599755,-0.125,0.0,"{""1"": 1}",0.004159482758620697,0.004159437664543739,0.701869929281598,1e-05,True,40,development_isotonic_frozen
s0-i10,held_out,0,oracle,subset_beam_32,2,0.05,9d5d24fb6f0a417b,"[[0, 1, 2, 3, 4, 5], [6, 7, 8, 9, 10, 11]]",0.0045632850121599755,-0.2776592785531691,0.5357900094371629,-2.2708239649785892e-14,,1.0,0.004159482758620697,0.004159482758620697,0.0045632850121599755,-0.125,0.0,"{""1"": 1}",0.004159482758620697,0.004159437664543739,0.701869929281598,1e-05,True,40,development_isotonic_frozen
s0-i10,held_out,0,oracle,saps_diagonal,2,0.05,fb074935a5b736ac,"[[0, 1, 6, 9, 10, 11], [2, 3, 4, 5, 7, 8]]",0.0045632850121599755,-0.27475427312855355,0.524519291406014,-1.1868169574437286e-14,,0.0,0.06249496434639033,0.06249496434639033,0.0045632850121599755,0.0,0.0,"{""3"": 1}",0.06249496434639033,0.062488170301622216,1.4414322910689066,1e-05,True,40,development_isotonic_frozen
s0-i10,held_out,0,oracle,p_saps_residualized,2,0.05,0a8e1fb85bd0ca68,"[[1, 2, 4, 5, 7, 10], [0, 3, 6, 8, 9, 11]]",0.0045632850121599755,-0.3007227023626689,0.4916237123151123,-1.567955630162523e-14,,1.0,0.0041594827586206974,0.0041594827586206974,0.0045632850121599755,0.0,0.0,"{""1"": 1}",0.0041594827586206974,0.004159437664543738,0.701869929281598,1e-05,True,80,development_isotonic_frozen
s0-i10,held_out,0,oracle,p_saps_projection,2,0.05,b8d7d745134829cd,"[[3, 4, 7, 8, 9, 10], [0, 1, 2, 5, 6, 11]]",0.0045632850121599755,-0.26946070940629757,0.5268847756264169,-1.6718771211923412e-14,,0.0,0.0394612198300925,0.0394612198300925,0.0045632850121599755,0.0,0.0,"{""2"": 1}",0.0394612198300925,0.039454934161964474,1.1029967337198932,1e-05,True,640,development_isotonic_frozen
s0-i10,held_out,0,oracle,b_saps_budgeted,2,0.05,fb074935a5b736ac,"[[0, 1, 6, 9, 10, 11], [2, 3, 4, 5, 7, 8]]",0.0045632850121599755,-0.27475427312855355,0.524519291406014,-1.1868169574437286e-14,,0.0,0.06249496434639033,0.06249496434639033,0.0045632850121599755,0.0,0.0,"{""3"": 1}",0.06249496434639033,0.062488170301622216,1.4414322910689066,1e-05,True,40,development_isotonic_frozen
s0-i10,held_out,0,oracle,random_balanced,2,0.15,fb074935a5b736ac,"[[0, 1, 6, 9, 10, 11], [2, 3, 4, 5, 7, 8]]",0.055175731893757116,-0.27475427312855355,0.524519291406014,-1.1868169574437286e-14,,0.0,0.06249496434639033,0.06249496434639033,0.0,0.0,0.0,"{""3"": 1}",0.06249496434639033,0.062488170301622216,1.4414322910689066,1e-05,True,40,development_isotonic_frozen
s0-i10,held_out,0,oracle,confidence,2,0.15,8a1e5ca6c0aceb08,"[[0, 4, 8, 9, 10, 11], [1, 2, 3, 5, 6, 7]]",0.055175731893757116,-0.21405909442045687,0.6017159528240584,-1.4634964327024925e-14,,0.0,0.03946121983009239,0.03946121983009239,0.0316741333019828,0.0,1.0,"{""2"": 1}",0.03946121983009239,0.03945493416196416,1.1029967337198938,1e-05,True,40,development_isotonic_frozen
s0-i10,held_out,0,oracle,entropy,2,0.15,0bec02266730374c,"[[0, 3, 4, 8, 9, 11], [1, 2, 5, 6, 7, 10]]",0.055175731893757116,-0.22207809756941554,0.6075069021027427,-1.4491892921290794e-14,,0.0,0.03946121983009249,0.03946121983009249,0.0316741333019828,-0.125,0.0,"{""2"": 1}",0.03946121983009249,0.03945493416196422,1.1029967337198938,1e-05,True,40,development_isotonic_frozen
s0-i10,held_out,0,oracle,dependency_cmi,2,0.15,566d3f8fa6d46670,"[[0, 2, 3, 4, 5, 7], [1, 6, 8, 9, 10, 11]]",0.055175731893757116,-0.28283331872975126,0.5258809427237121,-1.6075237190641215e-14,,1.0,0.004159482758620698,0.004159482758620698,0.10319987799386791,0.0,0.0,"{""1"": 1}",0.004159482758620698,0.004159437664543741,0.7018699292815976,1e-05,True,40,development_isotonic_frozen
s0-i10,held_out,0,oracle,min_within_batch_tc,2,0.15,3a8618704bd069f6,"[[0, 2, 3, 5, 10, 11], [1, 4, 6, 7, 8, 9]]",0.055175731893757116,-0.27449705920666145,0.5252038659072309,-1.5871962359486824e-14,,1.0,0.004159482758620698,0.004159482758620698,0.10319987799386791,0.0,0.0,"{""1"": 1}",0.004159482758620698,0.00415943766454374,0.7018699292815985,1e-05,True,40,development_isotonic_frozen
s0-i10,held_out,0,oracle,dprm_myopic,2,0.15,2d814e4cbbea83ee,"[[0, 1, 2, 3, 5, 8], [4, 6, 7, 9, 10, 11]]",0.055175731893757116,-0.29216074952437565,0.4986153988296947,-1.7734567497726763e-14,,0.0,0.06027456150360655,0.06027456150360655,0.0,0.0,0.0,"{""3"": 1}",0.06027456150360655,0.06027146819273502,0.9714201545798739,1e-05,True,40,development_isotonic_frozen
s0-i10,held_out,0,oracle,dprm_rollout,2,0.15,24c69b606b2d9eb7,"[[0, 1, 2, 3, 9, 11], [4, 5, 6, 7, 8, 10]]",0.055175731893757116,-0.27812267042495015,0.5262857947439961,-1.6503149523273173e-14,,0.0,0.027151728559500772,0.027151728559500772,0.0316741333019828,0.0,0.0,"{""2"": 1}",0.027151728559500772,0.027147654224191443,0.963364265698353,1e-05,True,40,development_isotonic_frozen
s0-i10,held_out,0,oracle,subset_exact,2,0.15,9d5d24fb6f0a417b,"[[0, 1, 2, 3, 4, 5], [6, 7, 8, 9, 10, 11]]",0.055175731893757116,-0.2776592785531691,0.5357900094371629,-2.2708239649785892e-14,,1.0,0.004159482758620697,0.004159482758620697,0.10319987799386791,0.0,0.0,"{""1"": 1}",0.004159482758620697,0.004159437664543739,0.701869929281598,1e-05,True,40,development_isotonic_frozen
s0-i10,held_out,0,oracle,subset_beam_8,2,0.15,9d5d24fb6f0a417b,"[[0, 1, 2, 3, 4, 5], [6, 7, 8, 9, 10, 11]]",0.055175731893757116,-0.2776592785531691,0.5357900094371629,-2.2708239649785892e-14,,1.0,0.004159482758620697,0.004159482758620697,0.10319987799386791,0.0,0.0,"{""1"": 1}",0.004159482758620697,0.004159437664543739,0.701869929281598,1e-05,True,40,development_isotonic_frozen
s0-i10,held_out,0,oracle,subset_beam_32,2,0.15,9d5d24fb6f0a417b,"[[0, 1, 2, 3, 4, 5], [6, 7, 8, 9, 10, 11]]",0.055175731893757116,-0.2776592785531691,0.5357900094371629,-2.2708239649785892e-14,,1.0,0.004159482758620697,0.004159482758620697,0.10319987799386791,0.0,0.0,"{""1"": 1}",0.004159482758620697,0.004159437664543739,0.701869929281598,1e-05,True,40,development_isotonic_frozen
s0-i10,held_out,0,oracle,saps_diagonal,2,0.15,fb074935a5b736ac,"[[0, 1, 6, 9, 10, 11], [2, 3, 4, 5, 7, 8]]",0.055175731893757116,-0.27475427312855355,0.524519291406014,-1.1868169574437286e-14,,0.0,0.06249496434639033,0.06249496434639033,0.0,0.0,0.0,"{""3"": 1}",0.06249496434639033,0.062488170301622216,1.4414322910689066,1e-05,True,40,development_isotonic_frozen
s0-i10,held_out,0,oracle,p_saps_residualized,2,0.15,0a8e1fb85bd0ca68,"[[1, 2, 4, 5, 7, 10], [0, 3, 6, 8, 9, 11]]",0.055175731893757116,-0.3007227023626689,0.4916237123151123,-1.567955630162523e-14,,1.0,0.0041594827586206974,0.0041594827586206974,0.10319987799386791,-0.125,0.0,"{""1"": 1}",0.0041594827586206974,0.004159437664543738,0.701869929281598,1e-05,True,80,development_isotonic_frozen
s0-i10,held_out,0,oracle,p_saps_projection,2,0.15,b8d7d745134829cd,"[[3, 4, 7, 8, 9, 10], [0, 1, 2, 5, 6, 11]]",0.055175731893757116,-0.26946070940629757,0.5268847756264169,-1.6718771211923412e-14,,0.0,0.0394612198300925,0.0394612198300925,0.0316741333019828,0.0,0.0,"{""2"": 1}",0.0394612198300925,0.039454934161964474,1.1029967337198932,1e-05,True,640,development_isotonic_frozen
s0-i10,held_out,0,oracle,b_saps_budgeted,2,0.15,9f040ac7a7423338,"[[0, 1, 2, 5, 6, 9], [3, 4, 7, 8, 10, 11]]",0.055175731893757116,-0.30296932288398426,0.47937598107983787,-1.6203288990467437e-14,,1.0,0.004159482758620687,0.004159482758620687,0.10319987799386791,0.0,0.0,"{""1"": 1}",0.004159482758620687,0.004159437664543731,0.7018699292815982,1e-05,True,40,development_isotonic_frozen
s0-i10,held_out,0,oracle,random_balanced,3,0.01,8feba06df7919b06,"[[0, 9, 10, 11], [1, 3, 6, 7], [2, 4, 5, 8]]",0.001014490348996145,-0.5512422050085216,1.0457303227500783,-6.1727699838851e-15,,0.0,0.03602798460022154,0.03602798460022154,0.001014490348996145,0.0,0.0,"{""3"": 1}",0.03602798460022154,0.036021592672175695,0.9632369187519859,1e-05,True,40,development_isotonic_frozen
s0-i10,held_out,0,oracle,confidence,3,0.01,c9810220d02d099f,"[[0, 4, 8, 11], [2, 5, 9, 10], [1, 3, 6, 7]]",0.001014490348996145,-0.44378846769130426,1.1948838167221947,-7.54817462656502e-15,,0.0,0.03946121983009264,0.03946121983009264,0.001014490348996145,0.0,0.0,"{""2"": 1}",0.03946121983009264,0.03945493416196443,1.102996733719894,1e-05,True,40,development_isotonic_frozen
s0-i10,held_out,0,oracle,entropy,3,0.01,074383dd1114a733,"[[0, 4, 8, 11], [3, 5, 9, 10], [1, 2, 6, 7]]",0.001014490348996145,-0.44499869211869864,1.2055090693143982,-7.619270525314324e-15,,1.0,0.02083333333333335,0.02083333333333335,0.001014490348996145,0.0,0.0,"{""1"": 1}",0.02083333333333335,0.02083302501760265,0.8930021578589129,1e-05,True,40,development_isotonic_frozen
s0-i10,held_out,0,oracle,dependency_cmi,3,0.01,e39bc906a29a1cba,"[[0, 2, 3, 7], [1, 5, 6, 8], [4, 9, 10, 11]]",0.001014490348996145,-0.6246335950755384,0.9537430101326702,-7.0552018960759325e-15,,0.0,0.027151728559500727,0.027151728559500727,0.001014490348996145,0.0,0.0,"{""2"": 1}",0.027151728559500727,0.02714765422419147,0.9633642656983529,1e-05,True,40,development_isotonic_frozen
s0-i10,held_out,0,oracle,min_within_batch_tc,3,0.01,a161af625e7e8146,"[[0, 2, 10, 11], [3, 4, 5, 7], [1, 6, 8, 9]]",0.001014490348996145,-0.5279051037535875,1.0856028663649158,-7.659008537945605e-15,,1.0,0.025119047619047652,0.025119047619047652,0.001014490348996145,0.0,0.0,"{""1"": 1}",0.025119047619047652,0.025118685328089328,0.8323672920120809,1e-05,True,40,development_isotonic_frozen
s0-i10,held_out,0,oracle,dprm_myopic,3,0.01,152021786ca42dd8,"[[0, 2, 5, 8], [1, 3, 4, 6], [7, 9, 10, 11]]",0.001014490348996145,-0.5496496922477729,1.0487266267220547,-9.59434921210275e-15,,0.0,0.06027456150360655,0.06027456150360655,0.001014490348996145,0.0,0.0,"{""3"": 1}",0.06027456150360655,0.06027146819273502,0.9714201545798739,1e-05,True,40,development_isotonic_frozen
s0-i10,held_out,0,oracle,dprm_rollout,3,0.01,8a2d4d473357c644,"[[0, 4, 9, 10], [2, 3, 5, 6], [1, 7, 8, 11]]",0.001014490348996145,-0.5143590230135017,1.0844425719327273,-9.780751338212847e-15,,1.0,0.003154761904761915,0.003154761904761915,0.001014490348996145,0.0,0.0,"{""1"": 1}",0.003154761904761915,0.0031546150876282297,0.832367292012081,1e-05,True,40,development_isotonic_frozen
s0-i10,held_out,0,oracle,subset_exact,3,0.01,35816f90bc1c8415,"[[0, 1, 2, 3], [4, 5, 8, 11], [6, 7, 9, 10]]",0.001014490348996145,-0.5484137570436783,1.0747144152795147,-1.309176228888127e-14,,0.0,0.027151728559501,0.027151728559501,0.001014490348996145,0.0,0.0,"{""2"": 1}",0.027151728559501,0.0271476542241916,0.9633642656983532,1e-05,True,40,development_isotonic_frozen
s0-i10,held_out,0,oracle,subset_beam_8,3,0.01,35816f90bc1c8415,"[[0, 1, 2, 3], [4, 5, 8, 11], [6, 7, 9, 10]]",0.001014490348996145,-0.5484137570436783,1.0747144152795147,-1.309176228888127e-14,,0.0,0.027151728559501,0.027151728559501,0.001014490348996145,0.0,0.0,"{""2"": 1}",0.027151728559501,0.0271476542241916,0.9633642656983532,1e-05,True,40,development_isotonic_frozen
s0-i10,held_out,0,oracle,subset_beam_32,3,0.01,35816f90bc1c8415,"[[0, 1, 2, 3], [4, 5, 8, 11], [6, 7, 9, 10]]",0.001014490348996145,-0.5484137570436783,1.0747144152795147,-1.309176228888127e-14,,0.0,0.027151728559501,0.027151728559501,0.001014490348996145,0.0,0.0,"{""2"": 1}",0.027151728559501,0.0271476542241916,0.9633642656983532,1e-05,True,40,development_isotonic_frozen
s0-i10,held_out,0,oracle,saps_diagonal,3,0.01,8feba06df7919b06,"[[0, 9, 10, 11], [1, 3, 6, 7], [2, 4, 5, 8]]",0.001014490348996145,-0.5512422050085216,1.0457303227500783,-6.1727699838851e-15,,0.0,0.03602798460022154,0.03602798460022154,0.001014490348996145,0.0,0.0,"{""3"": 1}",0.03602798460022154,0.036021592672175695,0.9632369187519859,1e-05,True,40,development_isotonic_frozen
s0-i10,held_out,0,oracle,p_saps_residualized,3,0.01,e4345914f27682b0,"[[2, 5, 7, 10], [0, 1, 3, 4], [6, 8, 9, 11]]",0.001014490348996145,-0.609181097971451,0.9620398761002954,-1.0975553791761006e-14,,1.0,0.017529761904761944,0.017529761904761944,0.001014490348996145,0.0,0.0,"{""1"": 1}",0.017529761904761944,0.01752887554664732,0.8323672920120806,1e-05,True,80,development_isotonic_frozen
s0-i10,held_out,0,oracle,p_saps_projection,3,0.01,c9810220d02d099f,"[[0, 4, 8, 11], [2, 5, 9, 10], [1, 3, 6, 7]]",0.001014490348996145,-0.44378846769130426,1.1948838167221947,-7.54817462656502e-15,,0.0,0.03946121983009264,0.03946121983009264,0.001014490348996145,0.0,0.0,"{""2"": 1}",0.03946121983009264,0.03945493416196443,1.102996733719894,1e-05,True,640,development_isotonic_frozen
s0-i10,held_out,0,oracle,b_saps_budgeted,3,0.01,8feba06df7919b06,"[[0, 9, 10, 11], [1, 3, 6, 7], [2, 4, 5, 8]]",0.001014490348996145,-0.5512422050085216,1.0457303227500783,-6.1727699838851e-15,,0.0,0.03602798460022154,0.03602798460022154,0.001014490348996145,0.0,0.0,"{""3"": 1}",0.03602798460022154,0.036021592672175695,0.9632369187519859,1e-05,True,40,development_isotonic_frozen
s0-i10,held_out,0,oracle,random_balanced,3,0.05,8feba06df7919b06,"[[0, 9, 10, 11], [1, 3, 6, 7], [2, 4, 5, 8]]",0.0045632850121599755,-0.5512422050085216,1.0457303227500783,-6.1727699838851e-15,,0.0,0.03602798460022154,0.03602798460022154,0.0045632850121599755,0.0,0.0,"{""3"": 1}",0.03602798460022154,0.036021592672175695,0.9632369187519859,1e-05,True,40,development_isotonic_frozen
s0-i10,held_out,0,oracle,confidence,3,0.05,c9810220d02d099f,"[[0, 4, 8, 11], [2, 5, 9, 10], [1, 3, 6, 7]]",0.0045632850121599755,-0.44378846769130426,1.1948838167221947,-7.54817462656502e-15,,0.0,0.03946121983009264,0.03946121983009264,0.0045632850121599755,0.0,0.0,"{""2"": 1}",0.03946121983009264,0.03945493416196443,1.102996733719894,1e-05,True,40,development_isotonic_frozen
s0-i10,held_out,0,oracle,entropy,3,0.05,074383dd1114a733,"[[0, 4, 8, 11], [3, 5, 9, 10], [1, 2, 6, 7]]",0.0045632850121599755,-0.44499869211869864,1.2055090693143982,-7.619270525314324e-15,,1.0,0.02083333333333335,0.02083333333333335,0.0045632850121599755,0.0,0.0,"{""1"": 1}",0.02083333333333335,0.02083302501760265,0.8930021578589129,1e-05,True,40,development_isotonic_frozen
s0-i10,held_out,0,oracle,dependency_cmi,3,0.05,e39bc906a29a1cba,"[[0, 2, 3, 7], [1, 5, 6, 8], [4, 9, 10, 11]]",0.0045632850121599755,-0.6246335950755384,0.9537430101326702,-7.0552018960759325e-15,,0.0,0.027151728559500727,0.027151728559500727,0.0045632850121599755,0.125,0.0,"{""2"": 1}",0.027151728559500727,0.02714765422419147,0.9633642656983529,1e-05,True,40,development_isotonic_frozen
s0-i10,held_out,0,oracle,min_within_batch_tc,3,0.05,a161af625e7e8146,"[[0, 2, 10, 11], [3, 4, 5, 7], [1, 6, 8, 9]]",0.0045632850121599755,-0.5279051037535875,1.0856028663649158,-7.659008537945605e-15,,1.0,0.025119047619047652,0.025119047619047652,0.0045632850121599755,0.0,0.0,"{""1"": 1}",0.025119047619047652,0.025118685328089328,0.8323672920120809,1e-05,True,40,development_isotonic_frozen
s0-i10,held_out,0,oracle,dprm_myopic,3,0.05,152021786ca42dd8,"[[0, 2, 5, 8], [1, 3, 4, 6], [7, 9, 10, 11]]",0.0045632850121599755,-0.5496496922477729,1.0487266267220547,-9.59434921210275e-15,,0.0,0.06027456150360655,0.06027456150360655,0.0045632850121599755,0.0,-1.0,"{""3"": 1}",0.06027456150360655,0.06027146819273502,0.9714201545798739,1e-05,True,40,development_isotonic_frozen
s0-i10,held_out,0,oracle,dprm_rollout,3,0.05,0872459f4c0c45f5,"[[2, 4, 5, 9], [0, 3, 6, 8], [1, 7, 10, 11]]",0.0045632850121599755,-0.5285715574174459,1.0740017842162932,-8.314655924286251e-15,,1.0,0.004159482758620696,0.004159482758620696,0.0045632850121599755,0.0,0.0,"{""1"": 1}",0.004159482758620696,0.004159437664543737,0.7018699292815981,1e-05,True,40,development_isotonic_frozen
s0-i10,held_out,0,oracle,subset_exact,3,0.05,a7bcac6c292fcefe,"[[0, 1, 3, 6], [2, 4, 8, 11], [5, 7, 9, 10]]",0.0045632850121599755,-0.5594176613149237,1.075991232227098,-9.240704921673227e-15,,1.0,0.025555555555555512,0.025555555555555512,0.0045632850121599755,0.0,-1.0,"{""1"": 1}",0.025555555555555512,0.025555150061302993,0.9610267123036947,1e-05,True,40,development_isotonic_frozen
s0-i10,held_out,0,oracle,subset_beam_8,3,0.05,a7bcac6c292fcefe,"[[0, 1, 3, 6], [2, 4, 8, 11], [5, 7, 9, 10]]",0.0045632850121599755,-0.5594176613149237,1.075991232227098,-9.240704921673227e-15,,1.0,0.025555555555555512,0.025555555555555512,0.0045632850121599755,0.0,-1.0,"{""1"": 1}",0.025555555555555512,0.025555150061302993,0.9610267123036947,1e-05,True,40,development_isotonic_frozen
s0-i10,held_out,0,oracle,subset_beam_32,3,0.05,a7bcac6c292fcefe,"[[0, 1, 3, 6], [2, 4, 8, 11], [5, 7, 9, 10]]",0.0045632850121599755,-0.5594176613149237,1.075991232227098,-9.240704921673227e-15,,1.0,0.025555555555555512,0.025555555555555512,0.0045632850121599755,0.0,-1.0,"{""1"": 1}",0.025555555555555512,0.025555150061302993,0.9610267123036947,1e-05,True,40,development_isotonic_frozen
s0-i10,held_out,0,oracle,saps_diagonal,3,0.05,8feba06df7919b06,"[[0, 9, 10, 11], [1, 3, 6, 7], [2, 4, 5, 8]]",0.0045632850121599755,-0.5512422050085216,1.0457303227500783,-6.1727699838851e-15,,0.0,0.03602798460022154,0.03602798460022154,0.0045632850121599755,0.0,0.0,"{""3"": 1}",0.03602798460022154,0.036021592672175695,0.9632369187519859,1e-05,True,40,development_isotonic_frozen
s0-i10,held_out,0,oracle,p_saps_residualized,3,0.05,e4345914f27682b0,"[[2, 5, 7, 10], [0, 1, 3, 4], [6, 8, 9, 11]]",0.0045632850121599755,-0.609181097971451,0.9620398761002954,-1.0975553791761006e-14,,1.0,0.017529761904761944,0.017529761904761944,0.0045632850121599755,0.0,0.0,"{""1"": 1}",0.017529761904761944,0.01752887554664732,0.8323672920120806,1e-05,True,80,development_isotonic_frozen
s0-i10,held_out,0,oracle,p_saps_projection,3,0.05,c9810220d02d099f,"[[0, 4, 8, 11], [2, 5, 9, 10], [1, 3, 6, 7]]",0.0045632850121599755,-0.44378846769130426,1.1948838167221947,-7.54817462656502e-15,,0.0,0.03946121983009264,0.03946121983009264,0.0045632850121599755,0.0,0.0,"{""2"": 1}",0.03946121983009264,0.03945493416196443,1.102996733719894,1e-05,True,640,development_isotonic_frozen
s0-i10,held_out,0,oracle,b_saps_budgeted,3,0.05,8feba06df7919b06,"[[0, 9, 10, 11], [1, 3, 6, 7], [2, 4, 5, 8]]",0.0045632850121599755,-0.5512422050085216,1.0457303227500783,-6.1727699838851e-15,,0.0,0.03602798460022154,0.03602798460022154,0.0045632850121599755,0.0,0.0,"{""3"": 1}",0.03602798460022154,0.036021592672175695,0.9632369187519859,1e-05,True,40,development_isotonic_frozen
s0-i10,held_out,0,oracle,random_balanced,3,0.15,8feba06df7919b06,"[[0, 9, 10, 11], [1, 3, 6, 7], [2, 4, 5, 8]]",0.07416236820413089,-0.5512422050085216,1.0457303227500783,-6.1727699838851e-15,,0.0,0.03602798460022154,0.03602798460022154,0.0,0.0,1.0,"{""3"": 1}",0.03602798460022154,0.036021592672175695,0.9632369187519859,1e-05,True,40,development_isotonic_frozen
s0-i10,held_out,0,oracle,confidence,3,0.15,c9810220d02d099f,"[[0, 4, 8, 11], [2, 5, 9, 10], [1, 3, 6, 7]]",0.07416236820413089,-0.44378846769130426,1.1948838167221947,-7.54817462656502e-15,,0.0,0.03946121983009264,0.03946121983009264,0.0316741333019828,0.0,0.0,"{""2"": 1}",0.03946121983009264,0.03945493416196443,1.102996733719894,1e-05,True,40,development_isotonic_frozen
s0-i10,held_out,0,oracle,entropy,3,0.15,074383dd1114a733,"[[0, 4, 8, 11], [3, 5, 9, 10], [1, 2, 6, 7]]",0.07416236820413089,-0.44499869211869864,1.2055090693143982,-7.619270525314324e-15,,1.0,0.02083333333333335,0.02083333333333335,0.10319987799386791,0.0,0.0,"{""1"": 1}",0.02083333333333335,0.02083302501760265,0.8930021578589129,1e-05,True,40,development_isotonic_frozen
s0-i10,held_out,0,oracle,dependency_cmi,3,0.15,e39bc906a29a1cba,"[[0, 2, 3, 7], [1, 5, 6, 8], [4, 9, 10, 11]]",0.07416236820413089,-0.6246335950755384,0.9537430101326702,-7.0552018960759325e-15,,0.0,0.027151728559500727,0.027151728559500727,0.0316741333019828,0.0,0.0,"{""2"": 1}",0.027151728559500727,0.02714765422419147,0.9633642656983529,1e-05,True,40,development_isotonic_frozen
s0-i10,held_out,0,oracle,min_within_batch_tc,3,0.15,a161af625e7e8146,"[[0, 2, 10, 11], [3, 4, 5, 7], [1, 6, 8, 9]]",0.07416236820413089,-0.5279051037535875,1.0856028663649158,-7.659008537945605e-15,,1.0,0.025119047619047652,0.025119047619047652,0.10319987799386791,0.0,0.0,"{""1"": 1}",0.025119047619047652,0.025118685328089328,0.8323672920120809,1e-05,True,40,development_isotonic_frozen
s0-i10,held_out,0,oracle,dprm_myopic,3,0.15,152021786ca42dd8,"[[0, 2, 5, 8], [1, 3, 4, 6], [7, 9, 10, 11]]",0.07416236820413089,-0.5496496922477729,1.0487266267220547,-9.59434921210275e-15,,0.0,0.06027456150360655,0.06027456150360655,0.0,0.0,0.0,"{""3"": 1}",0.06027456150360655,0.06027146819273502,0.9714201545798739,1e-05,True,40,development_isotonic_frozen
s0-i10,held_out,0,oracle,dprm_rollout,3,0.15,47bfb622a1b01fd7,"[[0, 1, 2, 9], [3, 5, 7, 11], [4, 6, 8, 10]]",0.07416236820413089,-0.5872937602585053,0.9939307097075623,-1.0161593442861353e-14,,1.0,0.025119047619047635,0.025119047619047635,0.10319987799386791,0.0,0.0,"{""1"": 1}",0.025119047619047635,0.025118685328089314,0.8323672920120808,1e-05,True,40,development_isotonic_frozen
s0-i10,held_out,0,oracle,subset_exact,3,0.15,35816f90bc1c8415,"[[0, 1, 2, 3], [4, 5, 8, 11], [6, 7, 9, 10]]",0.07416236820413089,-0.5484137570436783,1.0747144152795147,-1.309176228888127e-14,,0.0,0.027151728559501,0.027151728559501,0.0316741333019828,0.125,0.0,"{""2"": 1}",0.027151728559501,0.0271476542241916,0.9633642656983532,1e-05,True,40,development_isotonic_frozen
s0-i10,held_out,0,oracle,subset_beam_8,3,0.15,35816f90bc1c8415,"[[0, 1, 2, 3], [4, 5, 8, 11], [6, 7, 9, 10]]",0.07416236820413089,-0.5484137570436783,1.0747144152795147,-1.309176228888127e-14,,0.0,0.027151728559501,0.027151728559501,0.0316741333019828,0.125,0.0,"{""2"": 1}",0.027151728559501,0.0271476542241916,0.9633642656983532,1e-05,True,40,development_isotonic_frozen
s0-i10,held_out,0,oracle,subset_beam_32,3,0.15,35816f90bc1c8415,"[[0, 1, 2, 3], [4, 5, 8, 11], [6, 7, 9, 10]]",0.07416236820413089,-0.5484137570436783,1.0747144152795147,-1.309176228888127e-14,,0.0,0.027151728559501,0.027151728559501,0.0316741333019828,0.125,0.0,"{""2"": 1}",0.027151728559501,0.0271476542241916,0.9633642656983532,1e-05,True,40,development_isotonic_frozen
s0-i10,held_out,0,oracle,saps_diagonal,3,0.15,8feba06df7919b06,"[[0, 9, 10, 11], [1, 3, 6, 7], [2, 4, 5, 8]]",0.07416236820413089,-0.5512422050085216,1.0457303227500783,-6.1727699838851e-15,,0.0,0.03602798460022154,0.03602798460022154,0.0,0.0,1.0,"{""3"": 1}",0.03602798460022154,0.036021592672175695,0.9632369187519859,1e-05,True,40,development_isotonic_frozen
s0-i10,held_out,0,oracle,p_saps_residualized,3,0.15,e4345914f27682b0,"[[2, 5, 7, 10], [0, 1, 3, 4], [6, 8, 9, 11]]",0.07416236820413089,-0.609181097971451,0.9620398761002954,-1.0975553791761006e-14,,1.0,0.017529761904761944,0.017529761904761944,0.10319987799386791,0.0,0.0,"{""1"": 1}",0.017529761904761944,0.01752887554664732,0.8323672920120806,1e-05,True,80,development_isotonic_frozen
s0-i10,held_out,0,oracle,p_saps_projection,3,0.15,c9810220d02d099f,"[[0, 4, 8, 11], [2, 5, 9, 10], [1, 3, 6, 7]]",0.07416236820413089,-0.44378846769130426,1.1948838167221947,-7.54817462656502e-15,,0.0,0.03946121983009264,0.03946121983009264,0.0316741333019828,0.0,0.0,"{""2"": 1}",0.03946121983009264,0.03945493416196443,1.102996733719894,1e-05,True,640,development_isotonic_frozen
s0-i10,held_out,0,oracle,b_saps_budgeted,3,0.15,985f04c7edc9d854,"[[0, 2, 5, 9], [1, 3, 6, 7], [4, 8, 10, 11]]",0.07416236820413089,-0.607672304519383,0.955443702097726,-9.17035563251255e-15,,1.0,0.01752976190476195,0.01752976190476195,0.10319987799386791,0.0,0.0,"{""1"": 1}",0.01752976190476195,0.01752887554664735,0.8323672920120808,1e-05,True,40,development_isotonic_frozen
s0-i10,held_out,0,oracle,random_balanced,4,0.01,8a0c20210576ece6,"[[9, 10, 11], [0, 1, 6], [3, 5, 7], [2, 4, 8]]",0.001014490348996145,-0.8445238397272794,1.5463529614221168,-3.0021446673935514e-15,,0.0,0.06189669454883414,0.06189669454883414,0.001014490348996145,0.0,0.0,"{""2"": 1}",0.06189669454883414,0.061895308297572824,0.9425083746997402,1e-05,True,40,development_isotonic_frozen
s0-i10,held_out,0,oracle,confidence,4,0.01,d253e901f2d0f55d,"[[0, 4, 11], [8, 9, 10], [2, 3, 5], [1, 6, 7]]",0.001014490348996145,-0.6769901711685442,1.7841005504938767,-7.292234901595938e-15,,0.0,0.04061361091595675,0.04061361091595675,0.001014490348996145,0.0,0.0,"{""2"": 1}",0.04061361091595675,0.04061123400153611,0.9629134366794867,1e-05,True,40,development_isotonic_frozen
s0-i10,held_out,0,oracle,entropy,4,0.01,955b41163c5bae8b,"[[0, 4, 11], [3, 8, 9], [5, 6, 10], [1, 2, 7]]",0.001014490348996145,-0.6896597801700649,1.7939159457132632,-5.362275567570521e-15,,1.0,0.012499999999999983,0.012499999999999983,0.001014490348996145,0.0,0.0,"{""1"": 1}",0.012499999999999983,0.012499425036272596,0.8529929149103369,1e-05,True,40,development_isotonic_frozen
s0-i10,held_out,0,oracle,dependency_cmi,4,0.01,41a353ba8891aa6b,"[[0, 2, 7], [3, 5, 8], [1, 4, 6], [9, 10, 11]]",0.001014490348996145,-0.8883243047485067,1.4921231719087586,-3.896275095034251e-15,,0.0,0.027151728559500512,0.027151728559500512,0.001014490348996145,0.0,0.0,"{""2"": 1}",0.027151728559500512,0.027147654224191443,0.9633642656983527,1e-05,True,40,development_isotonic_frozen
s0-i10,held_out,0,oracle,min_within_batch_tc,4,0.01,eb687118be8ff896,"[[0, 2, 3], [5, 10, 11], [1, 4, 7], [6, 8, 9]]",0.001014490348996145,-0.8392084623347461,1.5717190461422341,-6.547681129827383e-15,,1.0,0.02236559139784951,0.02236559139784951,0.001014490348996145,0.0,0.0,"{""1"": 1}",0.02236559139784951,0.022365205250453123,0.6358643246529563,1e-05,True,40,development_isotonic_frozen
s0-i10,held_out,0,oracle,dprm_myopic,4,0.01,fa16e6cfe267134f,"[[2, 5, 8], [0, 1, 3], [4, 6, 7], [9, 10, 11]]",0.001014490348996145,-0.8728928687306071,1.508966677708383,-4.7189597071392785e-15,,0.0,0.06027456150360655,0.06027456150360655,0.001014490348996145,0.0,0.0,"{""3"": 1}",0.06027456150360655,0.06027146819273502,0.9714201545798739,1e-05,True,40,development_isotonic_frozen
s0-i10,held_out,0,oracle,dprm_rollout,4,0.01,56090d48d2f792bb,"[[2, 5, 10], [0, 1, 8], [3, 4, 6], [7, 9, 11]]",0.001014490348996145,-0.8583363199657755,1.4974264835877265,-5.9106209854802676e-15,,1.0,0.004159482758620696,0.004159482758620696,0.001014490348996145,0.0,0.0,"{""1"": 1}",0.004159482758620696,0.00415943766454374,0.7018699292815987,1e-05,True,40,development_isotonic_frozen
s0-i10,held_out,0,oracle,subset_exact,4,0.01,5037d58d751bb536,"[[0, 1, 2], [4, 8, 11], [3, 9, 10], [5, 6, 7]]",0.001014490348996145,-0.7686436522284126,1.66123548711543,-6.205776493748542e-15,,1.0,0.001002415458937198,0.001002415458937198,0.001014490348996145,0.0,0.0,"{""1"": 1}",0.001002415458937198,0.001002407567674129,1.0,1e-05,True,40,development_isotonic_frozen
s0-i10,held_out,0,oracle,subset_beam_8,4,0.01,5037d58d751bb536,"[[0, 1, 2], [4, 8, 11], [3, 9, 10], [5, 6, 7]]",0.001014490348996145,-0.7686436522284126,1.66123548711543,-6.205776493748542e-15,,1.0,0.001002415458937198,0.001002415458937198,0.001014490348996145,0.0,0.0,"{""1"": 1}",0.001002415458937198,0.001002407567674129,1.0,1e-05,True,40,development_isotonic_frozen
s0-i10,held_out,0,oracle,subset_beam_32,4,0.01,5037d58d751bb536,"[[0, 1, 2], [4, 8, 11], [3, 9, 10], [5, 6, 7]]",0.001014490348996145,-0.7686436522284126,1.66123548711543,-6.205776493748542e-15,,1.0,0.001002415458937198,0.001002415458937198,0.001014490348996145,0.0,0.0,"{""1"": 1}",0.001002415458937198,0.001002407567674129,1.0,1e-05,True,40,development_isotonic_frozen
s0-i10,held_out,0,oracle,saps_diagonal,4,0.01,d3b3a69040762cf1,"[[2, 9, 10], [0, 1, 6], [3, 5, 7], [4, 8, 11]]",0.001014490348996145,-0.9138507305272426,1.4051097155826817,-4.8168694362940835e-15,,1.0,0.023407258064516125,0.023407258064516125,0.001014490348996145,0.0,0.0,"{""1"": 1}",0.023407258064516125,0.023406984995915567,0.6358643246529564,1e-05,True,40,development_isotonic_frozen
s0-i10,held_out,0,oracle,p_saps_residualized,4,0.01,d17a845f2c952ca7,"[[2, 5, 10], [1, 4, 7], [0, 3, 6], [8, 9, 11]]",0.001014490348996145,-0.903702033384549,1.4653946545316794,-6.6141326732218945e-15,,1.0,0.049536290322580716,0.049536290322580716,0.001014490348996145,0.0,0.0,"{""1"": 1}",0.049536290322580716,0.04953497899469359,0.6358643246529564,1e-05,True,80,development_isotonic_frozen
s0-i10,held_out,0,oracle,p_saps_projection,4,0.01,cf83dba558e715dc,"[[3, 5, 11], [0, 1, 10], [4, 6, 9], [2, 7, 8]]",0.001014490348996145,-0.8235392333059949,1.6193228485551139,-5.602668460821089e-15,,0.0,0.06222453731765469,0.06222453731765469,0.001014490348996145,0.0,0.0,"{""2"": 1}",0.06222453731765469,0.062223804308418514,0.9425083746997398,1e-05,True,640,development_isotonic_frozen
s0-i10,held_out,0,oracle,b_saps_budgeted,4,0.01,8a0c20210576ece6,"[[9, 10, 11], [0, 1, 6], [3, 5, 7], [2, 4, 8]]",0.001014490348996145,-0.8445238397272794,1.5463529614221168,-3.0021446673935514e-15,,0.0,0.06189669454883414,0.06189669454883414,0.001014490348996145,0.0,0.0,"{""2"": 1}",0.06189669454883414,0.061895308297572824,0.9425083746997402,1e-05,True,40,development_isotonic_frozen
s0-i10,held_out,0,oracle,random_balanced,4,0.05,8a0c20210576ece6,"[[9, 10, 11], [0, 1, 6], [3, 5, 7], [2, 4, 8]]",0.0045632850121599755,-0.8445238397272794,1.5463529614221168,-3.0021446673935514e-15,,0.0,0.06189669454883414,0.06189669454883414,0.0045632850121599755,0.0,-1.0,"{""2"": 1}",0.06189669454883414,0.061895308297572824,0.9425083746997402,1e-05,True,40,development_isotonic_frozen
s0-i10,held_out,0,oracle,confidence,4,0.05,d253e901f2d0f55d,"[[0, 4, 11], [8, 9, 10], [2, 3, 5], [1, 6, 7]]",0.0045632850121599755,-0.6769901711685442,1.7841005504938767,-7.292234901595938e-15,,0.0,0.04061361091595675,0.04061361091595675,0.0045632850121599755,0.0,0.0,"{""2"": 1}",0.04061361091595675,0.04061123400153611,0.9629134366794867,1e-05,True,40,development_isotonic_frozen
s0-i10,held_out,0,oracle,entropy,4,0.05,955b41163c5bae8b,"[[0, 4, 11], [3, 8, 9], [5, 6, 10], [1, 2, 7]]",0.0045632850121599755,-0.6896597801700649,1.7939159457132632,-5.362275567570521e-15,,1.0,0.012499999999999983,0.012499999999999983,0.0045632850121599755,0.0,0.0,"{""1"": 1}",0.012499999999999983,0.012499425036272596,0.8529929149103369,1e-05,True,40,development_isotonic_frozen
s0-i10,held_out,0,oracle,dependency_cmi,4,0.05,41a353ba8891aa6b,"[[0, 2, 7], [3, 5, 8], [1, 4, 6], [9, 10, 11]]",0.0045632850121599755,-0.8883243047485067,1.4921231719087586,-3.896275095034251e-15,,0.0,0.027151728559500512,0.027151728559500512,0.0045632850121599755,0.0,0.0,"{""2"": 1}",0.027151728559500512,0.027147654224191443,0.9633642656983527,1e-05,True,40,development_isotonic_frozen
s0-i10,held_out,0,oracle,min_within_batch_tc,4,0.05,eb687118be8ff896,"[[0, 2, 3], [5, 10, 11], [1, 4, 7], [6, 8, 9]]",0.0045632850121599755,-0.8392084623347461,1.5717190461422341,-6.547681129827383e-15,,1.0,0.02236559139784951,0.02236559139784951,0.0045632850121599755,0.0,0.0,"{""1"": 1}",0.02236559139784951,0.022365205250453123,0.6358643246529563,1e-05,True,40,development_isotonic_frozen
s0-i10,held_out,0,oracle,dprm_myopic,4,0.05,fa16e6cfe267134f,"[[2, 5, 8], [0, 1, 3], [4, 6, 7], [9, 10, 11]]",0.0045632850121599755,-0.8728928687306071,1.508966677708383,-4.7189597071392785e-15,,0.0,0.06027456150360655,0.06027456150360655,0.0045632850121599755,-0.125,-1.0,"{""3"": 1}",0.06027456150360655,0.06027146819273502,0.9714201545798739,1e-05,True,40,development_isotonic_frozen
s0-i10,held_out,0,oracle,dprm_rollout,4,0.05,ebea84d6b5b59e55,"[[7, 10, 11], [0, 5, 9], [2, 6, 8], [1, 3, 4]]",0.0045632850121599755,-0.839940205299925,1.5312958154944865,-6.12477264061466e-15,,0.0,0.02378879263449926,0.02378879263449926,0.0045632850121599755,0.0,0.0,"{""2"": 1}",0.02378879263449926,0.023787900830340818,0.9119331259747203,1e-05,True,40,development_isotonic_frozen
s0-i10,held_out,0,oracle,subset_exact,4,0.05,2295bda83ef5c2df,"[[0, 6, 10], [4, 8, 11], [2, 3, 9], [1, 5, 7]]",0.0045632850121599755,-0.7519429144663179,1.6763700919509308,-5.895532622175224e-15,,1.0,0.0015187198067632833,0.0015187198067632833,0.0045632850121599755,-0.125,0.0,"{""1"": 1}",0.0015187198067632833,0.0015187090270407176,1.0000000000000002,1e-05,True,40,development_isotonic_frozen
s0-i10,held_out,0,oracle,subset_beam_8,4,0.05,2295bda83ef5c2df,"[[0, 6, 10], [4, 8, 11], [2, 3, 9], [1, 5, 7]]",0.0045632850121599755,-0.7519429144663179,1.6763700919509308,-5.895532622175224e-15,,1.0,0.0015187198067632833,0.0015187198067632833,0.0045632850121599755,-0.125,0.0,"{""1"": 1}",0.0015187198067632833,0.0015187090270407176,1.0000000000000002,1e-05,True,40,development_isotonic_frozen
s0-i10,held_out,0,oracle,subset_beam_32,4,0.05,2295bda83ef5c2df,"[[0, 6, 10], [4, 8, 11], [2, 3, 9], [1, 5, 7]]",0.0045632850121599755,-0.7519429144663179,1.6763700919509308,-5.895532622175224e-15,,1.0,0.0015187198067632833,0.0015187198067632833,0.0045632850121599755,-0.125,0.0,"{""1"": 1}",0.0015187198067632833,0.0015187090270407176,1.0000000000000002,1e-05,True,40,development_isotonic_frozen
s0-i10,held_out,0,oracle,saps_diagonal,4,0.05,d3b3a69040762cf1,"[[2, 9, 10], [0, 1, 6], [3, 5, 7], [4, 8, 11]]",0.0045632850121599755,-0.9138507305272426,1.4051097155826817,-4.8168694362940835e-15,,1.0,0.023407258064516125,0.023407258064516125,0.0045632850121599755,0.0,0.0,"{""1"": 1}",0.023407258064516125,0.023406984995915567,0.6358643246529564,1e-05,True,40,development_isotonic_frozen
s0-i10,held_out,0,oracle,p_saps_residualized,4,0.05,d17a845f2c952ca7,"[[2, 5, 10], [1, 4, 7], [0, 3, 6], [8, 9, 11]]",0.0045632850121599755,-0.903702033384549,1.4653946545316794,-6.6141326732218945e-15,,1.0,0.049536290322580716,0.049536290322580716,0.0045632850121599755,0.0,0.0,"{""1"": 1}",0.049536290322580716,0.04953497899469359,0.6358643246529564,1e-05,True,80,development_isotonic_frozen
s0-i10,held_out,0,oracle,p_saps_projection,4,0.05,cf83dba558e715dc,"[[3, 5, 11], [0, 1, 10], [4, 6, 9], [2, 7, 8]]",0.0045632850121599755,-0.8235392333059949,1.6193228485551139,-5.602668460821089e-15,,0.0,0.06222453731765469,0.06222453731765469,0.0045632850121599755,-0.125,0.0,"{""2"": 1}",0.06222453731765469,0.062223804308418514,0.9425083746997398,1e-05,True,640,development_isotonic_frozen
s0-i10,held_out,0,oracle,b_saps_budgeted,4,0.05,8a0c20210576ece6,"[[9, 10, 11], [0, 1, 6], [3, 5, 7], [2, 4, 8]]",0.0045632850121599755,-0.8445238397272794,1.5463529614221168,-3.0021446673935514e-15,,0.0,0.06189669454883414,0.06189669454883414,0.0045632850121599755,0.0,-1.0,"{""2"": 1}",0.06189669454883414,0.061895308297572824,0.9425083746997402,1e-05,True,40,development_isotonic_frozen
s0-i10,held_out,0,oracle,random_balanced,4,0.15,8a0c20210576ece6,"[[9, 10, 11], [0, 1, 6], [3, 5, 7], [2, 4, 8]]",0.08376719742415305,-0.8445238397272794,1.5463529614221168,-3.0021446673935514e-15,,0.0,0.06189669454883414,0.06189669454883414,0.0316741333019828,-0.125,1.0,"{""2"": 1}",0.06189669454883414,0.061895308297572824,0.9425083746997402,1e-05,True,40,development_isotonic_frozen
s0-i10,held_out,0,oracle,confidence,4,0.15,d253e901f2d0f55d,"[[0, 4, 11], [8, 9, 10], [2, 3, 5], [1, 6, 7]]",0.08376719742415305,-0.6769901711685442,1.7841005504938767,-7.292234901595938e-15,,0.0,0.04061361091595675,0.04061361091595675,0.0316741333019828,0.0,0.0,"{""2"": 1}",0.04061361091595675,0.04061123400153611,0.9629134366794867,1e-05,True,40,development_isotonic_frozen
s0-i10,held_out,0,oracle,entropy,4,0.15,955b41163c5bae8b,"[[0, 4, 11], [3, 8, 9], [5, 6, 10], [1, 2, 7]]",0.08376719742415305,-0.6896597801700649,1.7939159457132632,-5.362275567570521e-15,,1.0,0.012499999999999983,0.012499999999999983,0.10319987799386791,0.0,0.0,"{""1"": 1}",0.012499999999999983,0.012499425036272596,0.8529929149103369,1e-05,True,40,development_isotonic_frozen
s0-i10,held_out,0,oracle,dependency_cmi,4,0.15,41a353ba8891aa6b,"[[0, 2, 7], [3, 5, 8], [1, 4, 6], [9, 10, 11]]",0.08376719742415305,-0.8883243047485067,1.4921231719087586,-3.896275095034251e-15,,0.0,0.027151728559500512,0.027151728559500512,0.0316741333019828,0.0,0.0,"{""2"": 1}",0.027151728559500512,0.027147654224191443,0.9633642656983527,1e-05,True,40,development_isotonic_frozen
s0-i10,held_out,0,oracle,min_within_batch_tc,4,0.15,eb687118be8ff896,"[[0, 2, 3], [5, 10, 11], [1, 4, 7], [6, 8, 9]]",0.08376719742415305,-0.8392084623347461,1.5717190461422341,-6.547681129827383e-15,,1.0,0.02236559139784951,0.02236559139784951,0.10319987799386791,-0.125,0.0,"{""1"": 1}",0.02236559139784951,0.022365205250453123,0.6358643246529563,1e-05,True,40,development_isotonic_frozen
s0-i10,held_out,0,oracle,dprm_myopic,4,0.15,fa16e6cfe267134f,"[[2, 5, 8], [0, 1, 3], [4, 6, 7], [9, 10, 11]]",0.08376719742415305,-0.8728928687306071,1.508966677708383,-4.7189597071392785e-15,,0.0,0.06027456150360655,0.06027456150360655,0.0,0.0,0.0,"{""3"": 1}",0.06027456150360655,0.06027146819273502,0.9714201545798739,1e-05,True,40,development_isotonic_frozen
s0-i10,held_out,0,oracle,dprm_rollout,4,0.15,32bdec39b5afb7cb,"[[0, 4, 11], [1, 2, 3], [7, 9, 10], [5, 6, 8]]",0.08376719742415305,-0.7553498668905836,1.7230828939035492,-7.629338853525431e-15,,0.0,0.07959289868380788,0.07959289868380788,0.0316741333019828,0.0,0.0,"{""2"": 1}",0.07959289868380788,0.07959177451476968,1.0,1e-05,True,40,development_isotonic_frozen
s0-i10,held_out,0,oracle,subset_exact,4,0.15,5037d58d751bb536,"[[0, 1, 2], [4, 8, 11], [3, 9, 10], [5, 6, 7]]",0.08376719742415305,-0.7686436522284126,1.66123548711543,-6.205776493748542e-15,,1.0,0.001002415458937198,0.001002415458937198,0.10319987799386791,-0.125,1.0,"{""1"": 1}",0.001002415458937198,0.001002407567674129,1.0,1e-05,True,40,development_isotonic_frozen
s0-i10,held_out,0,oracle,subset_beam_8,4,0.15,5037d58d751bb536,"[[0, 1, 2], [4, 8, 11], [3, 9, 10], [5, 6, 7]]",0.08376719742415305,-0.7686436522284126,1.66123548711543,-6.205776493748542e-15,,1.0,0.001002415458937198,0.001002415458937198,0.10319987799386791,-0.125,1.0,"{""1"": 1}",0.001002415458937198,0.001002407567674129,1.0,1e-05,True,40,development_isotonic_frozen
s0-i10,held_out,0,oracle,subset_beam_32,4,0.15,5037d58d751bb536,"[[0, 1, 2], [4, 8, 11], [3, 9, 10], [5, 6, 7]]",0.08376719742415305,-0.7686436522284126,1.66123548711543,-6.205776493748542e-15,,1.0,0.001002415458937198,0.001002415458937198,0.10319987799386791,-0.125,1.0,"{""1"": 1}",0.001002415458937198,0.001002407567674129,1.0,1e-05,True,40,development_isotonic_frozen
s0-i10,held_out,0,oracle,saps_diagonal,4,0.15,d3b3a69040762cf1,"[[2, 9, 10], [0, 1, 6], [3, 5, 7], [4, 8, 11]]",0.08376719742415305,-0.9138507305272426,1.4051097155826817,-4.8168694362940835e-15,,1.0,0.023407258064516125,0.023407258064516125,0.10319987799386791,0.0,0.0,"{""1"": 1}",0.023407258064516125,0.023406984995915567,0.6358643246529564,1e-05,True,40,development_isotonic_frozen
s0-i10,held_out,0,oracle,p_saps_residualized,4,0.15,d17a845f2c952ca7,"[[2, 5, 10], [1, 4, 7], [0, 3, 6], [8, 9, 11]]",0.08376719742415305,-0.903702033384549,1.4653946545316794,-6.6141326732218945e-15,,1.0,0.049536290322580716,0.049536290322580716,0.10319987799386791,0.0,0.0,"{""1"": 1}",0.049536290322580716,0.04953497899469359,0.6358643246529564,1e-05,True,80,development_isotonic_frozen
s0-i10,held_out,0,oracle,p_saps_projection,4,0.15,cf83dba558e715dc,"[[3, 5, 11], [0, 1, 10], [4, 6, 9], [2, 7, 8]]",0.08376719742415305,-0.8235392333059949,1.6193228485551139,-5.602668460821089e-15,,0.0,0.06222453731765469,0.06222453731765469,0.0316741333019828,0.0,0.0,"{""2"": 1}",0.06222453731765469,0.062223804308418514,0.9425083746997398,1e-05,True,640,development_isotonic_frozen
s0-i10,held_out,0,oracle,b_saps_budgeted,4,0.15,d3b3a69040762cf1,"[[2, 9, 10], [0, 1, 6], [3, 5, 7], [4, 8, 11]]",0.08376719742415305,-0.9138507305272426,1.4051097155826817,-4.8168694362940835e-15,,1.0,0.023407258064516125,0.023407258064516125,0.10319987799386791,0.0,0.0,"{""1"": 1}",0.023407258064516125,0.023406984995915567,0.6358643246529564,1e-05,True,40,development_isotonic_frozen
s0-i10,held_out,0,random_matched,random_balanced,1,0.01,8a4f20d215a3b9a1,"[[0, 1, 2, 3, 4, 5, 6, 7, 8, 9, 10, 11]]",0.04463757535583038,-0.0,0.0,-3.2963217744184715e-14,,0.0,0.16548913698542558,0.16548913698542558,0.04463757535583038,0.0,0.0,"{""2"": 21, ""4"": 22, ""3"": 23}",0.16548913698542558,0.16548792542488855,66.38236929729163,1e-05,True,40,development_isotonic_frozen
s0-i10,held_out,0,random_matched,confidence,1,0.01,8a4f20d215a3b9a1,"[[0, 1, 2, 3, 4, 5, 6, 7, 8, 9, 10, 11]]",0.04463757535583038,-0.0,0.0,-3.2963217744184715e-14,,0.0,0.16548913698542558,0.16548913698542558,0.04463757535583038,0.0,0.0,"{""2"": 21, ""4"": 22, ""3"": 23}",0.16548913698542558,0.16548792542488855,66.38236929729163,1e-05,True,40,development_isotonic_frozen
s0-i10,held_out,0,random_matched,entropy,1,0.01,8a4f20d215a3b9a1,"[[0, 1, 2, 3, 4, 5, 6, 7, 8, 9, 10, 11]]",0.04463757535583038,-0.0,0.0,-3.2963217744184715e-14,,0.0,0.16548913698542558,0.16548913698542558,0.04463757535583038,0.0,0.0,"{""2"": 21, ""4"": 22, ""3"": 23}",0.16548913698542558,0.16548792542488855,66.38236929729163,1e-05,True,40,development_isotonic_frozen
s0-i10,held_out,0,random_matched,dependency_cmi,1,0.01,8a4f20d215a3b9a1,"[[0, 1, 2, 3, 4, 5, 6, 7, 8, 9, 10, 11]]",0.04463757535583038,-0.0,0.0,-3.2963217744184715e-14,,0.0,0.16548913698542558,0.16548913698542558,0.04463757535583038,0.0,0.0,"{""2"": 21, ""4"": 22, ""3"": 23}",0.16548913698542558,0.16548792542488855,66.38236929729163,1e-05,True,40,development_isotonic_frozen
s0-i10,held_out,0,random_matched,min_within_batch_tc,1,0.01,8a4f20d215a3b9a1,"[[0, 1, 2, 3, 4, 5, 6, 7, 8, 9, 10, 11]]",0.04463757535583038,-0.0,0.0,-3.2963217744184715e-14,,0.0,0.16548913698542558,0.16548913698542558,0.04463757535583038,0.0,0.0,"{""2"": 21, ""4"": 22, ""3"": 23}",0.16548913698542558,0.16548792542488855,66.38236929729163,1e-05,True,40,development_isotonic_frozen
s0-i10,held_out,0,random_matched,dprm_myopic,1,0.01,8a4f20d215a3b9a1,"[[0, 1, 2, 3, 4, 5, 6, 7, 8, 9, 10, 11]]",0.04463757535583038,-0.0,0.0,-3.2963217744184715e-14,,0.0,0.16548913698542558,0.16548913698542558,0.04463757535583038,0.0,0.0,"{""2"": 21, ""4"": 22, ""3"": 23}",0.16548913698542558,0.16548792542488855,66.38236929729163,1e-05,True,40,development_isotonic_frozen
s0-i10,held_out,0,random_matched,dprm_rollout,1,0.01,8a4f20d215a3b9a1,"[[0, 1, 2, 3, 4, 5, 6, 7, 8, 9, 10, 11]]",0.04463757535583038,-0.0,0.0,-3.2963217744184715e-14,,0.0,0.16548913698542558,0.16548913698542558,0.04463757535583038,0.0,0.0,"{""2"": 21, ""4"": 22, ""3"": 23}",0.16548913698542558,0.16548792542488855,66.38236929729163,1e-05,True,40,development_isotonic_frozen
s0-i10,held_out,0,random_matched,subset_exact,1,0.01,8a4f20d215a3b9a1,"[[0, 1, 2, 3, 4, 5, 6, 7, 8, 9, 10, 11]]",0.04463757535583038,-0.0,0.0,-3.2963217744184715e-14,,0.0,0.16548913698542558,0.16548913698542558,0.04463757535583038,0.0,0.0,"{""2"": 21, ""4"": 22, ""3"": 23}",0.16548913698542558,0.16548792542488855,66.38236929729163,1e-05,True,40,development_isotonic_frozen
s0-i10,held_out,0,random_matched,subset_beam_8,1,0.01,8a4f20d215a3b9a1,"[[0, 1, 2, 3, 4, 5, 6, 7, 8, 9, 10, 11]]",0.04463757535583038,-0.0,0.0,-3.2963217744184715e-14,,0.0,0.16548913698542558,0.16548913698542558,0.04463757535583038,0.0,0.0,"{""2"": 21, ""4"": 22, ""3"": 23}",0.16548913698542558,0.16548792542488855,66.38236929729163,1e-05,True,40,development_isotonic_frozen
s0-i10,held_out,0,random_matched,subset_beam_32,1,0.01,8a4f20d215a3b9a1,"[[0, 1, 2, 3, 4, 5, 6, 7, 8, 9, 10, 11]]",0.04463757535583038,-0.0,0.0,-3.2963217744184715e-14,,0.0,0.16548913698542558,0.16548913698542558,0.04463757535583038,0.0,0.0,"{""2"": 21, ""4"": 22, ""3"": 23}",0.16548913698542558,0.16548792542488855,66.38236929729163,1e-05,True,40,development_isotonic_frozen
s0-i10,held_out,0,random_matched,saps_diagonal,1,0.01,8a4f20d215a3b9a1,"[[0, 1, 2, 3, 4, 5, 6, 7, 8, 9, 10, 11]]",0.04463757535583038,-0.0,0.0,-3.2963217744184715e-14,,0.0,0.16548913698542558,0.16548913698542558,0.04463757535583038,0.0,0.0,"{""2"": 21, ""4"": 22, ""3"": 23}",0.16548913698542558,0.16548792542488855,66.38236929729163,1e-05,True,40,development_isotonic_frozen
s0-i10,held_out,0,random_matched,p_saps_residualized,1,0.01,8a4f20d215a3b9a1,"[[0, 1, 2, 3, 4, 5, 6, 7, 8, 9, 10, 11]]",0.04463757535583038,-0.0,0.0,-3.2963217744184715e-14,,0.0,0.16548913698542558,0.16548913698542558,0.04463757535583038,0.0,0.0,"{""2"": 21, ""4"": 22, ""3"": 23}",0.16548913698542558,0.16548792542488855,66.38236929729163,1e-05,True,40,development_isotonic_frozen
s0-i10,held_out,0,random_matched,p_saps_projection,1,0.01,8a4f20d215a3b9a1,"[[0, 1, 2, 3, 4, 5, 6, 7, 8, 9, 10, 11]]",0.04463757535583038,-0.0,0.0,-3.2963217744184715e-14,,0.0,0.16548913698542558,0.16548913698542558,0.04463757535583038,0.0,0.0,"{""2"": 21, ""4"": 22, ""3"": 23}",0.16548913698542558,0.16548792542488855,66.38236929729163,1e-05,True,40,development_isotonic_frozen
s0-i10,held_out,0,random_matched,b_saps_budgeted,1,0.01,8a4f20d215a3b9a1,"[[0, 1, 2, 3, 4, 5, 6, 7, 8, 9, 10, 11]]",0.04463757535583038,-0.0,0.0,-3.2963217744184715e-14,,0.0,0.16548913698542558,0.16548913698542558,0.04463757535583038,0.0,0.0,"{""2"": 21, ""4"": 22, ""3"": 23}",0.16548913698542558,0.16548792542488855,66.38236929729163,1e-05,True,40,development_isotonic_frozen
s0-i10,held_out,0,random_matched,random_balanced,1,0.05,8a4f20d215a3b9a1,"[[0, 1, 2, 3, 4, 5, 6, 7, 8, 9, 10, 11]]",0.25737070657229355,-0.0,0.0,-3.2963217744184715e-14,,0.0,0.16548913698542558,0.16548913698542558,0.25737070657229355,0.0,-1.0,"{""2"": 21, ""4"": 22, ""3"": 23}",0.16548913698542558,0.16548792542488855,66.38236929729163,1e-05,True,40,development_isotonic_frozen
s0-i10,held_out,0,random_matched,confidence,1,0.05,8a4f20d215a3b9a1,"[[0, 1, 2, 3, 4, 5, 6, 7, 8, 9, 10, 11]]",0.25737070657229355,-0.0,0.0,-3.2963217744184715e-14,,0.0,0.16548913698542558,0.16548913698542558,0.25737070657229355,0.0,-1.0,"{""2"": 21, ""4"": 22, ""3"": 23}",0.16548913698542558,0.16548792542488855,66.38236929729163,1e-05,True,40,development_isotonic_frozen
s0-i10,held_out,0,random_matched,entropy,1,0.05,8a4f20d215a3b9a1,"[[0, 1, 2, 3, 4, 5, 6, 7, 8, 9, 10, 11]]",0.25737070657229355,-0.0,0.0,-3.2963217744184715e-14,,0.0,0.16548913698542558,0.16548913698542558,0.25737070657229355,0.0,-1.0,"{""2"": 21, ""4"": 22, ""3"": 23}",0.16548913698542558,0.16548792542488855,66.38236929729163,1e-05,True,40,development_isotonic_frozen
s0-i10,held_out,0,random_matched,dependency_cmi,1,0.05,8a4f20d215a3b9a1,"[[0, 1, 2, 3, 4, 5, 6, 7, 8, 9, 10, 11]]",0.25737070657229355,-0.0,0.0,-3.2963217744184715e-14,,0.0,0.16548913698542558,0.16548913698542558,0.25737070657229355,0.0,-1.0,"{""2"": 21, ""4"": 22, ""3"": 23}",0.16548913698542558,0.16548792542488855,66.38236929729163,1e-05,True,40,development_isotonic_frozen
s0-i10,held_out,0,random_matched,min_within_batch_tc,1,0.05,8a4f20d215a3b9a1,"[[0, 1, 2, 3, 4, 5, 6, 7, 8, 9, 10, 11]]",0.25737070657229355,-0.0,0.0,-3.2963217744184715e-14,,0.0,0.16548913698542558,0.16548913698542558,0.25737070657229355,0.0,-1.0,"{""2"": 21, ""4"": 22, ""3"": 23}",0.16548913698542558,0.16548792542488855,66.38236929729163,1e-05,True,40,development_isotonic_frozen
s0-i10,held_out,0,random_matched,dprm_myopic,1,0.05,8a4f20d215a3b9a1,"[[0, 1, 2, 3, 4, 5, 6, 7, 8, 9, 10, 11]]",0.25737070657229355,-0.0,0.0,-3.2963217744184715e-14,,0.0,0.16548913698542558,0.16548913698542558,0.25737070657229355,0.0,-1.0,"{""2"": 21, ""4"": 22, ""3"": 23}",0.16548913698542558,0.16548792542488855,66.38236929729163,1e-05,True,40,development_isotonic_frozen
s0-i10,held_out,0,random_matched,dprm_rollout,1,0.05,8a4f20d215a3b9a1,"[[0, 1, 2, 3, 4, 5, 6, 7, 8, 9, 10, 11]]",0.25737070657229355,-0.0,0.0,-3.2963217744184715e-14,,0.0,0.16548913698542558,0.16548913698542558,0.25737070657229355,0.0,-1.0,"{""2"": 21, ""4"": 22, ""3"": 23}",0.16548913698542558,0.16548792542488855,66.38236929729163,1e-05,True,40,development_isotonic_frozen
s0-i10,held_out,0,random_matched,subset_exact,1,0.05,8a4f20d215a3b9a1,"[[0, 1, 2, 3, 4, 5, 6, 7, 8, 9, 10, 11]]",0.25737070657229355,-0.0,0.0,-3.2963217744184715e-14,,0.0,0.16548913698542558,0.16548913698542558,0.25737070657229355,0.0,-1.0,"{""2"": 21, ""4"": 22, ""3"": 23}",0.16548913698542558,0.16548792542488855,66.38236929729163,1e-05,True,40,development_isotonic_frozen
s0-i10,held_out,0,random_matched,subset_beam_8,1,0.05,8a4f20d215a3b9a1,"[[0, 1, 2, 3, 4, 5, 6, 7, 8, 9, 10, 11]]",0.25737070657229355,-0.0,0.0,-3.2963217744184715e-14,,0.0,0.16548913698542558,0.16548913698542558,0.25737070657229355,0.0,-1.0,"{""2"": 21, ""4"": 22, ""3"": 23}",0.16548913698542558,0.16548792542488855,66.38236929729163,1e-05,True,40,development_isotonic_frozen
s0-i10,held_out,0,random_matched,subset_beam_32,1,0.05,8a4f20d215a3b9a1,"[[0, 1, 2, 3, 4, 5, 6, 7, 8, 9, 10, 11]]",0.25737070657229355,-0.0,0.0,-3.2963217744184715e-14,,0.0,0.16548913698542558,0.16548913698542558,0.25737070657229355,0.0,-1.0,"{""2"": 21, ""4"": 22, ""3"": 23}",0.16548913698542558,0.16548792542488855,66.38236929729163,1e-05,True,40,development_isotonic_frozen
s0-i10,held_out,0,random_matched,saps_diagonal,1,0.05,8a4f20d215a3b9a1,"[[0, 1, 2, 3, 4, 5, 6, 7, 8, 9, 10, 11]]",0.25737070657229355,-0.0,0.0,-3.2963217744184715e-14,,0.0,0.16548913698542558,0.16548913698542558,0.25737070657229355,0.0,-1.0,"{""2"": 21, ""4"": 22, ""3"": 23}",0.16548913698542558,0.16548792542488855,66.38236929729163,1e-05,True,40,development_isotonic_frozen
s0-i10,held_out,0,random_matched,p_saps_residualized,1,0.05,8a4f20d215a3b9a1,"[[0, 1, 2, 3, 4, 5, 6, 7, 8, 9, 10, 11]]",0.25737070657229355,-0.0,0.0,-3.2963217744184715e-14,,0.0,0.16548913698542558,0.16548913698542558,0.25737070657229355,0.0,-1.0,"{""2"": 21, ""4"": 22, ""3"": 23}",0.16548913698542558,0.16548792542488855,66.38236929729163,1e-05,True,40,development_isotonic_frozen
s0-i10,held_out,0,random_matched,p_saps_projection,1,0.05,8a4f20d215a3b9a1,"[[0, 1, 2, 3, 4, 5, 6, 7, 8, 9, 10, 11]]",0.25737070657229355,-0.0,0.0,-3.2963217744184715e-14,,0.0,0.16548913698542558,0.16548913698542558,0.25737070657229355,0.0,-1.0,"{""2"": 21, ""4"": 22, ""3"": 23}",0.16548913698542558,0.16548792542488855,66.38236929729163,1e-05,True,40,development_isotonic_frozen
s0-i10,held_out,0,random_matched,b_saps_budgeted,1,0.05,8a4f20d215a3b9a1,"[[0, 1, 2, 3, 4, 5, 6, 7, 8, 9, 10, 11]]",0.25737070657229355,-0.0,0.0,-3.2963217744184715e-14,,0.0,0.16548913698542558,0.16548913698542558,0.25737070657229355,0.0,-1.0,"{""2"": 21, ""4"": 22, ""3"": 23}",0.16548913698542558,0.16548792542488855,66.38236929729163,1e-05,True,40,development_isotonic_frozen
s0-i10,held_out,0,random_matched,random_balanced,1,0.15,8a4f20d215a3b9a1,"[[0, 1, 2, 3, 4, 5, 6, 7, 8, 9, 10, 11]]",0.6651567993416388,-0.0,0.0,-3.2963217744184715e-14,,0.0,0.16548913698542558,0.16548913698542558,0.6651567993416388,0.0,0.0,"{""2"": 21, ""4"": 22, ""3"": 23}",0.16548913698542558,0.16548792542488855,66.38236929729163,1e-05,True,40,development_isotonic_frozen
s0-i10,held_out,0,random_matched,confidence,1,0.15,8a4f20d215a3b9a1,"[[0, 1, 2, 3, 4, 5, 6, 7, 8, 9, 10, 11]]",0.6651567993416388,-0.0,0.0,-3.2963217744184715e-14,,0.0,0.16548913698542558,0.16548913698542558,0.6651567993416388,0.0,0.0,"{""2"": 21, ""4"": 22, ""3"": 23}",0.16548913698542558,0.16548792542488855,66.38236929729163,1e-05,True,40,development_isotonic_frozen
s0-i10,held_out,0,random_matched,entropy,1,0.15,8a4f20d215a3b9a1,"[[0, 1, 2, 3, 4, 5, 6, 7, 8, 9, 10, 11]]",0.6651567993416388,-0.0,0.0,-3.2963217744184715e-14,,0.0,0.16548913698542558,0.16548913698542558,0.6651567993416388,0.0,0.0,"{""2"": 21, ""4"": 22, ""3"": 23}",0.16548913698542558,0.16548792542488855,66.38236929729163,1e-05,True,40,development_isotonic_frozen
s0-i10,held_out,0,random_matched,dependency_cmi,1,0.15,8a4f20d215a3b9a1,"[[0, 1, 2, 3, 4, 5, 6, 7, 8, 9, 10, 11]]",0.6651567993416388,-0.0,0.0,-3.2963217744184715e-14,,0.0,0.16548913698542558,0.16548913698542558,0.6651567993416388,0.0,0.0,"{""2"": 21, ""4"": 22, ""3"": 23}",0.16548913698542558,0.16548792542488855,66.38236929729163,1e-05,True,40,development_isotonic_frozen
s0-i10,held_out,0,random_matched,min_within_batch_tc,1,0.15,8a4f20d215a3b9a1,"[[0, 1, 2, 3, 4, 5, 6, 7, 8, 9, 10, 11]]",0.6651567993416388,-0.0,0.0,-3.2963217744184715e-14,,0.0,0.16548913698542558,0.16548913698542558,0.6651567993416388,0.0,0.0,"{""2"": 21, ""4"": 22, ""3"": 23}",0.16548913698542558,0.16548792542488855,66.38236929729163,1e-05,True,40,development_isotonic_frozen
s0-i10,held_out,0,random_matched,dprm_myopic,1,0.15,8a4f20d215a3b9a1,"[[0, 1, 2, 3, 4, 5, 6, 7, 8, 9, 10, 11]]",0.6651567993416388,-0.0,0.0,-3.2963217744184715e-14,,0.0,0.16548913698542558,0.16548913698542558,0.6651567993416388,0.0,0.0,"{""2"": 21, ""4"": 22, ""3"": 23}",0.16548913698542558,0.16548792542488855,66.38236929729163,1e-05,True,40,development_isotonic_frozen
s0-i10,held_out,0,random_matched,dprm_rollout,1,0.15,8a4f20d215a3b9a1,"[[0, 1, 2, 3, 4, 5, 6, 7, 8, 9, 10, 11]]",0.6651567993416388,-0.0,0.0,-3.2963217744184715e-14,,0.0,0.16548913698542558,0.16548913698542558,0.6651567993416388,0.0,0.0,"{""2"": 21, ""4"": 22, ""3"": 23}",0.16548913698542558,0.16548792542488855,66.38236929729163,1e-05,True,40,development_isotonic_frozen
s0-i10,held_out,0,random_matched,subset_exact,1,0.15,8a4f20d215a3b9a1,"[[0, 1, 2, 3, 4, 5, 6, 7, 8, 9, 10, 11]]",0.6651567993416388,-0.0,0.0,-3.2963217744184715e-14,,0.0,0.16548913698542558,0.16548913698542558,0.6651567993416388,0.0,0.0,"{""2"": 21, ""4"": 22, ""3"": 23}",0.16548913698542558,0.16548792542488855,66.38236929729163,1e-05,True,40,development_isotonic_frozen
s0-i10,held_out,0,random_matched,subset_beam_8,1,0.15,8a4f20d215a3b9a1,"[[0, 1, 2, 3, 4, 5, 6, 7, 8, 9, 10, 11]]",0.6651567993416388,-0.0,0.0,-3.2963217744184715e-14,,0.0,0.16548913698542558,0.16548913698542558,0.6651567993416388,0.0,0.0,"{""2"": 21, ""4"": 22, ""3"": 23}",0.16548913698542558,0.16548792542488855,66.38236929729163,1e-05,True,40,development_isotonic_frozen
s0-i10,held_out,0,random_matched,subset_beam_32,1,0.15,8a4f20d215a3b9a1,"[[0, 1, 2, 3, 4, 5, 6, 7, 8, 9, 10, 11]]",0.6651567993416388,-0.0,0.0,-3.2963217744184715e-14,,0.0,0.16548913698542558,0.16548913698542558,0.6651567993416388,0.0,0.0,"{""2"": 21, ""4"": 22, ""3"": 23}",0.16548913698542558,0.16548792542488855,66.38236929729163,1e-05,True,40,development_isotonic_frozen
s0-i10,held_out,0,random_matched,saps_diagonal,1,0.15,8a4f20d215a3b9a1,"[[0, 1, 2, 3, 4, 5, 6, 7, 8, 9, 10, 11]]",0.6651567993416388,-0.0,0.0,-3.2963217744184715e-14,,0.0,0.16548913698542558,0.16548913698542558,0.6651567993416388,0.0,0.0,"{""2"": 21, ""4"": 22, ""3"": 23}",0.16548913698542558,0.16548792542488855,66.38236929729163,1e-05,True,40,development_isotonic_frozen
s0-i10,held_out,0,random_matched,p_saps_residualized,1,0.15,8a4f20d215a3b9a1,"[[0, 1, 2, 3, 4, 5, 6, 7, 8, 9, 10, 11]]",0.6651567993416388,-0.0,0.0,-3.2963217744184715e-14,,0.0,0.16548913698542558,0.16548913698542558,0.6651567993416388,0.0,0.0,"{""2"": 21, ""4"": 22, ""3"": 23}",0.16548913698542558,0.16548792542488855,66.38236929729163,1e-05,True,40,development_isotonic_frozen
s0-i10,held_out,0,random_matched,p_saps_projection,1,0.15,8a4f20d215a3b9a1,"[[0, 1, 2, 3, 4, 5, 6, 7, 8, 9, 10, 11]]",0.6651567993416388,-0.0,0.0,-3.2963217744184715e-14,,0.0,0.16548913698542558,0.16548913698542558,0.6651567993416388,0.0,0.0,"{""2"": 21, ""4"": 22, ""3"": 23}",0.16548913698542558,0.16548792542488855,66.38236929729163,1e-05,True,40,development_isotonic_frozen
s0-i10,held_out,0,random_matched,b_saps_budgeted,1,0.15,8a4f20d215a3b9a1,"[[0, 1, 2, 3, 4, 5, 6, 7, 8, 9, 10, 11]]",0.6651567993416388,-0.0,0.0,-3.2963217744184715e-14,,0.0,0.16548913698542558,0.16548913698542558,0.6651567993416388,0.0,0.0,"{""2"": 21, ""4"": 22, ""3"": 23}",0.16548913698542558,0.16548792542488855,66.38236929729163,1e-05,True,40,development_isotonic_frozen
s0-i10,held_out,0,random_matched,random_balanced,2,0.01,e38f2b42af0f61d2,"[[0, 1, 6, 9, 10, 11], [2, 3, 4, 5, 7, 8]]",0.06560370923508405,-0.27475427312855355,0.524519291406014,-1.1868169574437286e-14,,22.0,0.12901797884270672,0.12901797884270672,0.06594187268474942,0.0,0.0,"{""2"": 34, ""1"": 22, ""3"": 9, ""4"": 1}",0.12901797884270672,0.1290154789620347,64.33539101230646,1e-05,True,40,development_isotonic_frozen
s0-i10,held_out,0,random_matched,confidence,2,0.01,3691b335f5d8eeb6,"[[0, 4, 8, 9, 10, 11], [1, 2, 3, 5, 6, 7]]",0.06560370923508405,-0.21405909442045687,0.6017159528240584,-1.4634964327024925e-14,,22.0,0.09120978721665868,0.09120978721665868,0.06492738233575328,0.0,0.0,"{""1"": 22, ""2"": 25, ""3"": 17, ""4"": 2}",0.09120978721665868,0.09120808022021817,60.96612058400762,1e-05,True,40,development_isotonic_frozen
s0-i10,held_out,0,random_matched,entropy,2,0.01,53ccafc34c4df6cb,"[[0, 3, 4, 8, 9, 11], [1, 2, 5, 6, 7, 10]]",0.06560370923508405,-0.22207809756941554,0.6075069021027427,-1.4491892921290794e-14,,27.0,0.10062905256053811,0.10062905256053811,0.06492738233575328,0.0,0.0,"{""1"": 27, ""2"": 27, ""3"": 10, ""4"": 2}",0.10062905256053811,0.10062771169474702,55.88522834801486,1e-05,True,40,development_isotonic_frozen
s0-i10,held_out,0,random_matched,dependency_cmi,2,0.01,ce5d5b68a707a9e4,"[[0, 2, 3, 4, 5, 7], [1, 6, 8, 9, 10, 11]]",0.06560370923508405,-0.28283331872975126,0.5258809427237121,-1.6075237190641215e-14,,34.0,0.1424513443866791,0.1424513443866791,0.06594187268474942,0.0,0.0,"{""1"": 34, ""2"": 25, ""3"": 6, ""4"": 1}",0.1424513443866791,0.1424491465090419,46.11084911528108,1e-05,True,40,development_isotonic_frozen
s0-i10,held_out,0,random_matched,min_within_batch_tc,2,0.01,80d31662b4f9b339,"[[0, 2, 3, 5, 10, 11], [1, 4, 6, 7, 8, 9]]",0.06560370923508405,-0.27449705920666145,0.5252038659072309,-1.5871962359486824e-14,,33.0,0.13347542190444364,0.13347542190444364,0.06594187268474942,0.0,0.0,"{""1"": 33, ""2"": 18, ""3"": 14, ""4"": 1}",0.13347542190444364,0.13347358413818722,58.35983849972543,1e-05,True,40,development_isotonic_frozen
s0-i10,held_out,0,random_matched,dprm_myopic,2,0.01,9d72fb6228f883d8,"[[0, 1, 2, 3, 5, 8], [4, 6, 7, 9, 10, 11]]",0.06560370923508405,-0.29216074952437565,0.4986153988296947,-1.7734567497726763e-14,,28.0,0.15703737864279235,0.15703737864279235,0.06695636303374557,0.0,0.0,"{""2"": 31, ""1"": 28, ""3"": 7}",0.15703737864279235,0.15703529599098032,58.38084924907134,1e-05,True,40,development_isotonic_frozen
s0-i10,held_out,0,random_matched,dprm_rollout,2,0.01,bb4b9a00d8b1ea5b,"[[0, 2, 4, 5, 9, 10], [1, 3, 6, 7, 8, 11]]",0.06560370923508405,-0.25339775008371196,0.5382824741668214,-1.5632558136956943e-14,,28.0,0.14588315342414163,0.14588315342414163,0.06492738233575328,0.0,0.0,"{""1"": 28, ""2"": 30, ""4"": 2, ""3"": 6}",0.14588315342414163,0.1458822199873267,50.188897779749695,1e-05,True,40,development_isotonic_frozen
s0-i10,held_out,0,random_matched,subset_exact,2,0.01,0de5696474dda1c3,"[[0, 1, 2, 3, 4, 5], [6, 7, 8, 9, 10, 11]]",0.06560370923508405,-0.2776592785531691,0.5357900094371629,-2.2708239649785892e-14,,31.0,0.13718282613868882,0.13718282613868882,0.06594187268474942,0.0,0.0,"{""2"": 31, ""1"": 31, ""3"": 3, ""4"": 1}",0.13718282613868882,0.13718034773501234,34.7227624056853,1e-05,True,40,development_isotonic_frozen
s0-i10,held_out,0,random_matched,subset_beam_8,2,0.01,0de5696474dda1c3,"[[0, 1, 2, 3, 4, 5], [6, 7, 8, 9, 10, 11]]",0.06560370923508405,-0.2776592785531691,0.5357900094371629,-2.2708239649785892e-14,,31.0,0.13718282613868882,0.13718282613868882,0.06594187268474942,0.0,0.0,"{""2"": 31, ""1"": 31, ""3"": 3, ""4"": 1}",0.13718282613868882,0.13718034773501234,34.7227624056853,1e-05,True,40,development_isotonic_frozen
s0-i10,held_out,0,random_matched,subset_beam_32,2,0.01,0de5696474dda1c3,"[[0, 1, 2, 3, 4, 5], [6, 7, 8, 9, 10, 11]]",0.06560370923508405,-0.2776592785531691,0.5357900094371629,-2.2708239649785892e-14,,31.0,0.13718282613868882,0.13718282613868882,0.06594187268474942,0.0,0.0,"{""2"": 31, ""1"": 31, ""3"": 3, ""4"": 1}",0.13718282613868882,0.13718034773501234,34.7227624056853,1e-05,True,40,development_isotonic_frozen
s0-i10,held_out,0,random_matched,saps_diagonal,2,0.01,38b832390a4e7322,"[[1, 3, 4, 6, 7, 9], [0, 2, 5, 8, 10, 11]]",0.06560370923508405,-0.30453081123536335,0.5051528931469017,-1.4314086005668187e-14,,40.0,0.12380814158169566,0.12380814158169566,0.06594187268474942,0.0,0.0,"{""1"": 40, ""2"": 22, ""3"": 3, ""4"": 1}",0.12380814158169566,0.12380718060033294,45.43086655857104,1e-05,True,40,development_isotonic_frozen
s0-i10,held_out,0,random_matched,p_saps_residualized,2,0.01,4d5f08455efc1e08,"[[0, 1, 6, 8, 9, 10], [2, 3, 4, 5, 7, 11]]",0.06560370923508405,-0.27993085209915264,0.5005626811041155,-1.4644931053679056e-14,,29.0,0.065574559949362,0.065574559949362,0.06391289198675713,0.0,0.0,"{""2"": 28, ""1"": 29, ""4"": 3, ""3"": 6}",0.065574559949362,0.06557411483453475,63.37165019947745,1e-05,True,80,development_isotonic_frozen
s0-i10,held_out,0,random_matched,p_saps_projection,2,0.01,b596564c5705c825,"[[0, 1, 3, 5, 10, 11], [2, 4, 6, 7, 8, 9]]",0.06560370923508405,-0.28017539183221224,0.5274063124451124,-1.5064308721081924e-14,,29.0,0.1693663777642485,0.1693663777642485,0.06695636303374557,0.0,0.0,"{""2"": 25, ""1"": 29, ""3"": 12}",0.1693663777642485,0.16934647962744181,55.81562815563646,1e-05,True,640,development_isotonic_frozen
s0-i10,held_out,0,random_matched,b_saps_budgeted,2,0.01,99e58263a2fffc08,"[[0, 1, 2, 6, 10, 11], [3, 4, 5, 7, 8, 9]]",0.06560370923508405,-0.2853184658235012,0.5140334308597899,-1.3963942131602074e-14,,23.0,0.15630889439341694,0.15630889439341694,0.06695636303374557,0.0,0.0,"{""2"": 38, ""1"": 23, ""3"": 5}",0.15630889439341694,0.15630676892338502,65.56419010193837,1e-05,True,40,development_isotonic_frozen
s0-i10,held_out,0,random_matched,random_balanced,2,0.05,e38f2b42af0f61d2,"[[0, 1, 6, 9, 10, 11], [2, 3, 4, 5, 7, 8]]",0.2985218953946635,-0.27475427312855355,0.524519291406014,-1.1868169574437286e-14,,22.0,0.12901797884270672,0.12901797884270672,0.29918562424663725,0.0,0.0,"{""2"": 34, ""1"": 22, ""3"": 9, ""4"": 1}",0.12901797884270672,0.1290154789620347,64.33539101230646,1e-05,True,40,development_isotonic_frozen
s0-i10,held_out,0,random_matched,confidence,2,0.05,3691b335f5d8eeb6,"[[0, 4, 8, 9, 10, 11], [1, 2, 3, 5, 6, 7]]",0.2985218953946635,-0.21405909442045687,0.6017159528240584,-1.4634964327024925e-14,,22.0,0.09120978721665868,0.09120978721665868,0.29719443769071613,0.0,0.0,"{""1"": 22, ""2"": 25, ""3"": 17, ""4"": 2}",0.09120978721665868,0.09120808022021817,60.96612058400762,1e-05,True,40,development_isotonic_frozen
s0-i10,held_out,0,random_matched,entropy,2,0.05,53ccafc34c4df6cb,"[[0, 3, 4, 8, 9, 11], [1, 2, 5, 6, 7, 10]]",0.2985218953946635,-0.22207809756941554,0.6075069021027427,-1.4491892921290794e-14,,27.0,0.10062905256053811,0.10062905256053811,0.29719443769071613,0.125,0.0,"{""1"": 27, ""2"": 27, ""3"": 10, ""4"": 2}",0.10062905256053811,0.10062771169474702,55.88522834801486,1e-05,True,40,development_isotonic_frozen
s0-i10,held_out,0,random_matched,dependency_cmi,2,0.05,ce5d5b68a707a9e4,"[[0, 2, 3, 4, 5, 7], [1, 6, 8, 9, 10, 11]]",0.2985218953946635,-0.28283331872975126,0.5258809427237121,-1.6075237190641215e-14,,34.0,0.1424513443866791,0.1424513443866791,0.29918562424663725,0.0,0.0,"{""1"": 34, ""2"": 25, ""3"": 6, ""4"": 1}",0.1424513443866791,0.1424491465090419,46.11084911528108,1e-05,True,40,development_isotonic_frozen
s0-i10,held_out,0,random_matched,min_within_batch_tc,2,0.05,80d31662b4f9b339,"[[0, 2, 3, 5, 10, 11], [1, 4, 6, 7, 8, 9]]",0.2985218953946635,-0.27449705920666145,0.5252038659072309,-1.5871962359486824e-14,,33.0,0.13347542190444364,0.13347542190444364,0.29918562424663725,0.0,0.0,"{""1"": 33, ""2"": 18, ""3"": 14, ""4"": 1}",0.13347542190444364,0.13347358413818722,58.35983849972543,1e-05,True,40,development_isotonic_frozen
s0-i10,held_out,0,random_matched,dprm_myopic,2,0.05,9d72fb6228f883d8,"[[0, 1, 2, 3, 5, 8], [4, 6, 7, 9, 10, 11]]",0.2985218953946635,-0.29216074952437565,0.4986153988296947,-1.7734567497726763e-14,,28.0,0.15703737864279235,0.15703737864279235,0.30117681080255837,0.0,-1.0,"{""2"": 31, ""1"": 28, ""3"": 7}",0.15703737864279235,0.15703529599098032,58.38084924907134,1e-05,True,40,development_isotonic_frozen
s0-i10,held_out,0,random_matched,dprm_rollout,2,0.05,dd6b32c2c34869c0,"[[0, 2, 4, 5, 6, 9], [1, 3, 7, 8, 10, 11]]",0.2985218953946635,-0.2648571346578383,0.5374726167940046,-1.6081832664966038e-14,,26.0,0.14665606017577004,0.14665606017577004,0.29918562424663725,0.0,0.0,"{""1"": 26, ""2"": 35, ""4"": 1, ""3"": 4}",0.14665606017577004,0.14665381236351457,50.74320572955916,1e-05,True,40,development_isotonic_frozen
s0-i10,held_out,0,random_matched,subset_exact,2,0.05,ecfbdbb4ddb84fca,"[[0, 1, 3, 4, 6, 7], [2, 5, 8, 9, 10, 11]]",0.2985218953946635,-0.2948649497739854,0.5253357602684746,-1.2960895960270614e-14,,31.0,0.14807512635024755,0.14807512635024755,0.295203251134795,0.0,0.0,"{""2"": 27, ""4"": 3, ""3"": 5, ""1"": 31}",0.14807512635024755,0.1480731607332155,45.26346196581755,1e-05,True,40,development_isotonic_frozen
s0-i10,held_out,0,random_matched,subset_beam_8,2,0.05,0de5696474dda1c3,"[[0, 1, 2, 3, 4, 5], [6, 7, 8, 9, 10, 11]]",0.2985218953946635,-0.2776592785531691,0.5357900094371629,-2.2708239649785892e-14,,31.0,0.13718282613868882,0.13718282613868882,0.29918562424663725,0.0,0.0,"{""2"": 31, ""1"": 31, ""3"": 3, ""4"": 1}",0.13718282613868882,0.13718034773501234,34.7227624056853,1e-05,True,40,development_isotonic_frozen
s0-i10,held_out,0,random_matched,subset_beam_32,2,0.05,0de5696474dda1c3,"[[0, 1, 2, 3, 4, 5], [6, 7, 8, 9, 10, 11]]",0.2985218953946635,-0.2776592785531691,0.5357900094371629,-2.2708239649785892e-14,,31.0,0.13718282613868882,0.13718282613868882,0.29918562424663725,0.0,0.0,"{""2"": 31, ""1"": 31, ""3"": 3, ""4"": 1}",0.13718282613868882,0.13718034773501234,34.7227624056853,1e-05,True,40,development_isotonic_frozen
s0-i10,held_out,0,random_matched,saps_diagonal,2,0.05,38b832390a4e7322,"[[1, 3, 4, 6, 7, 9], [0, 2, 5, 8, 10, 11]]",0.2985218953946635,-0.30453081123536335,0.5051528931469017,-1.4314086005668187e-14,,40.0,0.12380814158169566,0.12380814158169566,0.29918562424663725,0.0,-1.0,"{""1"": 40, ""2"": 22, ""3"": 3, ""4"": 1}",0.12380814158169566,0.12380718060033294,45.43086655857104,1e-05,True,40,development_isotonic_frozen
s0-i10,held_out,0,random_matched,p_saps_residualized,2,0.05,4d5f08455efc1e08,"[[0, 1, 6, 8, 9, 10], [2, 3, 4, 5, 7, 11]]",0.2985218953946635,-0.27993085209915264,0.5005626811041155,-1.4644931053679056e-14,,29.0,0.065574559949362,0.065574559949362,0.295203251134795,0.0,0.0,"{""2"": 28, ""1"": 29, ""4"": 3, ""3"": 6}",0.065574559949362,0.06557411483453475,63.37165019947745,1e-05,True,80,development_isotonic_frozen
s0-i10,held_out,0,random_matched,p_saps_projection,2,0.05,b596564c5705c825,"[[0, 1, 3, 5, 10, 11], [2, 4, 6, 7, 8, 9]]",0.2985218953946635,-0.28017539183221224,0.5274063124451124,-1.5064308721081924e-14,,29.0,0.1693663777642485,0.1693663777642485,0.30117681080255837,0.0,0.0,"{""2"": 25, ""1"": 29, ""3"": 12}",0.1693663777642485,0.16934647962744181,55.81562815563646,1e-05,True,640,development_isotonic_frozen
s0-i10,held_out,0,random_matched,b_saps_budgeted,2,0.05,99e58263a2fffc08,"[[0, 1, 2, 6, 10, 11], [3, 4, 5, 7, 8, 9]]",0.2985218953946635,-0.2853184658235012,0.5140334308597899,-1.3963942131602074e-14,,23.0,0.15630889439341694,0.15630889439341694,0.30117681080255837,0.0,0.0,"{""2"": 38, ""1"": 23, ""3"": 5}",0.15630889439341694,0.15630676892338502,65.56419010193837,1e-05,True,40,development_isotonic_frozen
s0-i10,held_out,0,random_matched,random_balanced,2,0.15,e38f2b42af0f61d2,"[[0, 1, 6, 9, 10, 11], [2, 3, 4, 5, 7, 8]]",3.6206342089619206,-0.27475427312855355,0.524519291406014,-1.1868169574437286e-14,,22.0,0.12901797884270672,0.12901797884270672,3.3473178481325094,0.125,0.0,"{""2"": 34, ""1"": 22, ""3"": 9, ""4"": 1}",0.12901797884270672,0.1290154789620347,64.33539101230646,1e-05,True,40,development_isotonic_frozen
s0-i10,held_out,0,random_matched,confidence,2,0.15,3691b335f5d8eeb6,"[[0, 4, 8, 9, 10, 11], [1, 2, 3, 5, 6, 7]]",3.6206342089619206,-0.21405909442045687,0.6017159528240584,-1.4634964327024925e-14,,22.0,0.09120978721665868,0.09120978721665868,3.0622506484146643,-0.125,1.0,"{""1"": 22, ""2"": 25, ""3"": 17, ""4"": 2}",0.09120978721665868,0.09120808022021817,60.96612058400762,1e-05,True,40,development_isotonic_frozen
s0-i10,held_out,0,random_matched,entropy,2,0.15,53ccafc34c4df6cb,"[[0, 3, 4, 8, 9, 11], [1, 2, 5, 6, 7, 10]]",3.6206342089619206,-0.22207809756941554,0.6075069021027427,-1.4491892921290794e-14,,27.0,0.10062905256053811,0.10062905256053811,3.641598304987969,-0.125,0.0,"{""1"": 27, ""2"": 27, ""3"": 10, ""4"": 2}",0.10062905256053811,0.10062771169474702,55.88522834801486,1e-05,True,40,development_isotonic_frozen
s0-i10,held_out,0,random_matched,dependency_cmi,2,0.15,ce5d5b68a707a9e4,"[[0, 2, 3, 4, 5, 7], [1, 6, 8, 9, 10, 11]]",3.6206342089619206,-0.28283331872975126,0.5258809427237121,-1.6075237190641215e-14,,34.0,0.1424513443866791,0.1424513443866791,4.300649184341079,0.0,0.0,"{""1"": 34, ""2"": 25, ""3"": 6, ""4"": 1}",0.1424513443866791,0.1424491465090419,46.11084911528108,1e-05,True,40,development_isotonic_frozen
s0-i10,held_out,0,random_matched,min_within_batch_tc,2,0.15,80d31662b4f9b339,"[[0, 2, 3, 5, 10, 11], [1, 4, 6, 7, 8, 9]]",3.6206342089619206,-0.27449705920666145,0.5252038659072309,-1.5871962359486824e-14,,33.0,0.13347542190444364,0.13347542190444364,3.975730373233332,0.0,0.0,"{""1"": 33, ""2"": 18, ""3"": 14, ""4"": 1}",0.13347542190444364,0.13347358413818722,58.35983849972543,1e-05,True,40,development_isotonic_frozen
s0-i10,held_out,0,random_matched,dprm_myopic,2,0.15,9d72fb6228f883d8,"[[0, 1, 2, 3, 5, 8], [4, 6, 7, 9, 10, 11]]",3.6206342089619206,-0.29216074952437565,0.4986153988296947,-1.7734567497726763e-14,,28.0,0.15703737864279235,0.15703737864279235,3.8714947161897686,0.0,0.0,"{""2"": 31, ""1"": 28, ""3"": 7}",0.15703737864279235,0.15703529599098032,58.38084924907134,1e-05,True,40,development_isotonic_frozen
s0-i10,held_out,0,random_matched,dprm_rollout,2,0.15,582797849cab1409,"[[0, 1, 2, 3, 9, 11], [4, 5, 6, 7, 8, 10]]",3.6206342089619206,-0.27812267042495015,0.5262857947439961,-1.6503149523273173e-14,,27.0,0.14619928164516993,0.14619928164516993,3.7049465715919347,0.0,0.0,"{""2"": 29, ""4"": 1, ""1"": 27, ""3"": 9}",0.14619928164516993,0.14619782825061986,57.24503347916339,1e-05,True,40,development_isotonic_frozen
s0-i10,held_out,0,random_matched,subset_exact,2,0.15,0de5696474dda1c3,"[[0, 1, 2, 3, 4, 5], [6, 7, 8, 9, 10, 11]]",3.6206342089619206,-0.2776592785531691,0.5357900094371629,-2.2708239649785892e-14,,31.0,0.13718282613868882,0.13718282613868882,4.181094350171372,0.0,0.0,"{""2"": 31, ""1"": 31, ""3"": 3, ""4"": 1}",0.13718282613868882,0.13718034773501234,34.7227624056853,1e-05,True,40,development_isotonic_frozen
s0-i10,held_out,0,random_matched,subset_beam_8,2,0.15,0de5696474dda1c3,"[[0, 1, 2, 3, 4, 5], [6, 7, 8, 9, 10, 11]]",3.6206342089619206,-0.2776592785531691,0.5357900094371629,-2.2708239649785892e-14,,31.0,0.13718282613868882,0.13718282613868882,4.181094350171372,0.0,0.0,"{""2"": 31, ""1"": 31, ""3"": 3, ""4"": 1}",0.13718282613868882,0.13718034773501234,34.7227624056853,1e-05,True,40,development_isotonic_frozen
s0-i10,held_out,0,random_matched,subset_beam_32,2,0.15,0de5696474dda1c3,"[[0, 1, 2, 3, 4, 5], [6, 7, 8, 9, 10, 11]]",3.6206342089619206,-0.2776592785531691,0.5357900094371629,-2.2708239649785892e-14,,31.0,0.13718282613868882,0.13718282613868882,4.181094350171372,0.0,0.0,"{""2"": 31, ""1"": 31, ""3"": 3, ""4"": 1}",0.13718282613868882,0.13718034773501234,34.7227624056853,1e-05,True,40,development_isotonic_frozen
s0-i10,held_out,0,random_matched,saps_diagonal,2,0.15,38b832390a4e7322,"[[1, 3, 4, 6, 7, 9], [0, 2, 5, 8, 10, 11]]",3.6206342089619206,-0.30453081123536335,0.5051528931469017,-1.4314086005668187e-14,,40.0,0.12380814158169566,0.12380814158169566,4.824826052398338,0.0,0.0,"{""1"": 40, ""2"": 22, ""3"": 3, ""4"": 1}",0.12380814158169566,0.12380718060033294,45.43086655857104,1e-05,True,40,development_isotonic_frozen
s0-i10,held_out,0,random_matched,p_saps_residualized,2,0.15,4d5f08455efc1e08,"[[0, 1, 6, 8, 9, 10], [2, 3, 4, 5, 7, 11]]",3.6206342089619206,-0.27993085209915264,0.5005626811041155,-1.4644931053679056e-14,,29.0,0.065574559949362,0.065574559949362,3.879672194277688,0.0,0.0,"{""2"": 28, ""1"": 29, ""4"": 3, ""3"": 6}",0.065574559949362,0.06557411483453475,63.37165019947745,1e-05,True,80,development_isotonic_frozen
s0-i10,held_out,0,random_matched,p_saps_projection,2,0.15,b596564c5705c825,"[[0, 1, 3, 5, 10, 11], [2, 4, 6, 7, 8, 9]]",3.6206342089619206,-0.28017539183221224,0.5274063124451124,-1.5064308721081924e-14,,29.0,0.1693663777642485,0.1693663777642485,3.7846497943717394,0.0,1.0,"{""2"": 25, ""1"": 29, ""3"": 12}",0.1693663777642485,0.16934647962744181,55.81562815563646,1e-05,True,640,development_isotonic_frozen
s0-i10,held_out,0,random_matched,b_saps_budgeted,2,0.15,2b15cf42609af97b,"[[0, 1, 2, 3, 8, 10], [4, 5, 6, 7, 9, 11]]",3.6206342089619206,-0.28705466336893265,0.4966776272093925,-1.6630795025038445e-14,,34.0,0.11601007629774636,0.11601007629774636,4.395671584247028,0.0,0.0,"{""2"": 28, ""1"": 34, ""3"": 4}",0.11601007629774636,0.11600763036353783,58.31740877015097,1e-05,True,40,development_isotonic_frozen
s0-i10,held_out,0,random_matched,random_balanced,3,0.01,a9877c476a4e42ba,"[[0, 9, 10, 11], [1, 3, 6, 7], [2, 4, 5, 8]]",0.06682109765387942,-0.5512422050085216,1.0457303227500783,-6.1727699838851e-15,,35.0,0.11638946734058758,0.11638946734058758,0.06594187268474942,0.0,0.0,"{""1"": 35, ""2"": 25, ""3"": 5, ""4"": 1}",0.11638946734058758,0.116388599326158,48.74028436871677,1e-05,True,40,development_isotonic_frozen
s0-i10,held_out,0,random_matched,confidence,3,0.01,aba8f26bbfa6ac30,"[[0, 4, 8, 11], [2, 5, 9, 10], [1, 3, 6, 7]]",0.06682109765387942,-0.44378846769130426,1.1948838167221947,-7.54817462656502e-15,,38.0,0.09547447346478113,0.09547447346478113,0.06594187268474942,0.0,0.0,"{""1"": 38, ""2"": 23, ""3"": 4, ""4"": 1}",0.09547447346478113,0.09546922696339333,43.962655102350325,1e-05,True,40,development_isotonic_frozen
s0-i10,held_out,0,random_matched,entropy,3,0.01,ef33a37e47b2f5a5,"[[0, 4, 8, 11], [3, 5, 9, 10], [1, 2, 6, 7]]",0.06682109765387942,-0.44499869211869864,1.2055090693143982,-7.619270525314324e-15,,37.0,0.09815309244703106,0.09815309244703106,0.06695636303374557,0.0,0.0,"{""1"": 37, ""2"": 20, ""3"": 9}",0.09815309244703106,0.0981507294780471,47.97054608815497,1e-05,True,40,development_isotonic_frozen
s0-i10,held_out,0,random_matched,dependency_cmi,3,0.01,10512c148c3a445f,"[[0, 2, 3, 7], [1, 5, 6, 8], [4, 9, 10, 11]]",0.06682109765387942,-0.6246335950755384,0.9537430101326702,-7.0552018960759325e-15,,43.0,0.13160628150399387,0.13160628150399387,0.06695636303374557,0.0,0.0,"{""1"": 43, ""2"": 18, ""3"": 5}",0.13160628150399387,0.13160530255403788,53.46968415817869,1e-05,True,40,development_isotonic_frozen
s0-i10,held_out,0,random_matched,min_within_batch_tc,3,0.01,90f78469bc53a60b,"[[0, 2, 10, 11], [3, 4, 5, 7], [1, 6, 8, 9]]",0.06682109765387942,-0.5279051037535875,1.0856028663649158,-7.659008537945605e-15,,38.0,0.08113656457508357,0.08113656457508357,0.06695636303374557,0.0,0.0,"{""1"": 38, ""2"": 23, ""3"": 5}",0.08113656457508357,0.08113435133090555,49.74595841833743,1e-05,True,40,development_isotonic_frozen
s0-i10,held_out,0,random_matched,dprm_myopic,3,0.01,2d762e29c548ce5c,"[[0, 2, 5, 8], [1, 3, 4, 6], [7, 9, 10, 11]]",0.06682109765387942,-0.5496496922477729,1.0487266267220547,-9.59434921210275e-15,,45.0,0.15644842528267996,0.15644842528267996,0.06695636303374557,0.0,0.0,"{""1"": 45, ""2"": 18, ""3"": 3}",0.15644842528267996,0.15644358430995103,42.46575965654269,1e-05,True,40,development_isotonic_frozen
s0-i10,held_out,0,random_matched,dprm_rollout,3,0.01,2f8b0357783c2daf,"[[0, 4, 9, 10], [2, 3, 5, 6], [1, 7, 8, 11]]",0.06682109765387942,-0.5143590230135017,1.0844425719327273,-9.780751338212847e-15,,39.0,0.12754816489999066,0.12754816489999066,0.06695636303374557,0.0,0.0,"{""1"": 39, ""2"": 25, ""3"": 2}",0.12754816489999066,0.1275472570561293,44.64464915767204,1e-05,True,40,development_isotonic_frozen
s0-i10,held_out,0,random_matched,subset_exact,3,0.01,506210ef86a3f495,"[[0, 1, 2, 3], [4, 5, 8, 11], [6, 7, 9, 10]]",0.06682109765387942,-0.5484137570436783,1.0747144152795147,-1.309176228888127e-14,,41.0,0.13768660511675632,0.13768660511675632,0.06695636303374557,0.0,0.0,"{""2"": 24, ""1"": 41, ""3"": 1}",0.13768660511675632,0.1376849898382087,37.823206676631465,1e-05,True,40,development_isotonic_frozen
s0-i10,held_out,0,random_matched,subset_beam_8,3,0.01,506210ef86a3f495,"[[0, 1, 2, 3], [4, 5, 8, 11], [6, 7, 9, 10]]",0.06682109765387942,-0.5484137570436783,1.0747144152795147,-1.309176228888127e-14,,41.0,0.13768660511675632,0.13768660511675632,0.06695636303374557,0.0,0.0,"{""2"": 24, ""1"": 41, ""3"": 1}",0.13768660511675632,0.1376849898382087,37.823206676631465,1e-05,True,40,development_isotonic_frozen
s0-i10,held_out,0,random_matched,subset_beam_32,3,0.01,506210ef86a3f495,"[[0, 1, 2, 3], [4, 5, 8, 11], [6, 7, 9, 10]]",0.06682109765387942,-0.5484137570436783,1.0747144152795147,-1.309176228888127e-14,,41.0,0.13768660511675632,0.13768660511675632,0.06695636303374557,0.0,0.0,"{""2"": 24, ""1"": 41, ""3"": 1}",0.13768660511675632,0.1376849898382087,37.823206676631465,1e-05,True,40,development_isotonic_frozen
s0-i10,held_out,0,random_matched,saps_diagonal,3,0.01,b21f9207eefc748e,"[[4, 6, 8, 11], [1, 3, 7, 9], [0, 2, 5, 10]]",0.06682109765387942,-0.5198021888518433,1.1351099539751803,-1.0324460747299715e-14,,52.0,0.11574007030034505,0.11574007030034505,0.06695636303374557,0.0,0.0,"{""1"": 52, ""2"": 12, ""3"": 2}",0.11574007030034505,0.11573959306763791,37.43065017614245,1e-05,True,40,development_isotonic_frozen
s0-i10,held_out,0,random_matched,p_saps_residualized,3,0.01,05507c26fa8d9287,"[[1, 5, 6, 7], [0, 3, 4, 9], [2, 8, 10, 11]]",0.06682109765387942,-0.627214007050307,0.9731084684387672,-7.984673225357428e-15,,48.0,0.10365296472842637,0.10365296472842637,0.06594187268474942,0.0,0.0,"{""1"": 48, ""2"": 16, ""3"": 1, ""4"": 1}",0.10365296472842637,0.10365102526579492,38.685215961293544,1e-05,True,80,development_isotonic_frozen
s0-i10,held_out,0,random_matched,p_saps_projection,3,0.01,919fbb8a23457c2a,"[[0, 4, 8, 10], [1, 3, 7, 9], [2, 5, 6, 11]]",0.06682109765387942,-0.502641238590915,1.1039049601634512,-8.738474201447285e-15,,45.0,0.18303980453176233,0.18303980453176233,0.06695636303374557,0.0,0.0,"{""1"": 45, ""2"": 19, ""3"": 2}",0.18303980453176233,0.18303630302804394,38.28204101706452,1e-05,True,640,development_isotonic_frozen
s0-i10,held_out,0,random_matched,b_saps_budgeted,3,0.01,04b9ee721697b3b2,"[[0, 1, 9, 10], [3, 6, 7, 11], [2, 4, 5, 8]]",0.06682109765387942,-0.58002950123406,1.0008516873414814,-8.127188109516672e-15,,36.0,0.11756113737542083,0.11756113737542083,0.06695636303374557,0.0,0.0,"{""2"": 25, ""1"": 36, ""3"": 5}",0.11756113737542083,0.11755967257238285,49.050347345941816,1e-05,True,40,development_isotonic_frozen
s0-i10,held_out,0,random_matched,random_balanced,3,0.05,a9877c476a4e42ba,"[[0, 9, 10, 11], [1, 3, 6, 7], [2, 4, 5, 8]]",0.3009113192617689,-0.5512422050085216,1.0457303227500783,-6.1727699838851e-15,,35.0,0.11638946734058758,0.11638946734058758,0.29918562424663725,0.0,0.0,"{""1"": 35, ""2"": 25, ""3"": 5, ""4"": 1}",0.11638946734058758,0.116388599326158,48.74028436871677,1e-05,True,40,development_isotonic_frozen
s0-i10,held_out,0,random_matched,confidence,3,0.05,aba8f26bbfa6ac30,"[[0, 4, 8, 11], [2, 5, 9, 10], [1, 3, 6, 7]]",0.3009113192617689,-0.44378846769130426,1.1948838167221947,-7.54817462656502e-15,,38.0,0.09547447346478113,0.09547447346478113,0.29918562424663725,0.0,0.0,"{""1"": 38, ""2"": 23, ""3"": 4, ""4"": 1}",0.09547447346478113,0.09546922696339333,43.962655102350325,1e-05,True,40,development_isotonic_frozen
s0-i10,held_out,0,random_matched,entropy,3,0.05,ef33a37e47b2f5a5,"[[0, 4, 8, 11], [3, 5, 9, 10], [1, 2, 6, 7]]",0.3009113192617689,-0.44499869211869864,1.2055090693143982,-7.619270525314324e-15,,37.0,0.09815309244703106,0.09815309244703106,0.30117681080255837,0.0,0.0,"{""1"": 37, ""2"": 20, ""3"": 9}",0.09815309244703106,0.0981507294780471,47.97054608815497,1e-05,True,40,development_isotonic_frozen
s0-i10,held_out,0,random_matched,dependency_cmi,3,0.05,10512c148c3a445f,"[[0, 2, 3, 7], [1, 5, 6, 8], [4, 9, 10, 11]]",0.3009113192617689,-0.6246335950755384,0.9537430101326702,-7.0552018960759325e-15,,43.0,0.13160628150399387,0.13160628150399387,0.30117681080255837,0.0,0.0,"{""1"": 43, ""2"": 18, ""3"": 5}",0.13160628150399387,0.13160530255403788,53.46968415817869,1e-05,True,40,development_isotonic_frozen
s0-i10,held_out,0,random_matched,min_within_batch_tc,3,0.05,90f78469bc53a60b,"[[0, 2, 10, 11], [3, 4, 5, 7], [1, 6, 8, 9]]",0.3009113192617689,-0.5279051037535875,1.0856028663649158,-7.659008537945605e-15,,38.0,0.08113656457508357,0.08113656457508357,0.30117681080255837,0.0,0.0,"{""1"": 38, ""2"": 23, ""3"": 5}",0.08113656457508357,0.08113435133090555,49.74595841833743,1e-05,True,40,development_isotonic_frozen
s0-i10,held_out,0,random_matched,dprm_myopic,3,0.05,2d762e29c548ce5c,"[[0, 2, 5, 8], [1, 3, 4, 6], [7, 9, 10, 11]]",0.3009113192617689,-0.5496496922477729,1.0487266267220547,-9.59434921210275e-15,,45.0,0.15644842528267996,0.15644842528267996,0.30117681080255837,0.0,-1.0,"{""1"": 45, ""2"": 18, ""3"": 3}",0.15644842528267996,0.15644358430995103,42.46575965654269,1e-05,True,40,development_isotonic_frozen
s0-i10,held_out,0,random_matched,dprm_rollout,3,0.05,8c31ea2704497178,"[[2, 4, 5, 9], [0, 3, 6, 8], [1, 7, 10, 11]]",0.3009113192617689,-0.5285715574174459,1.0740017842162932,-8.314655924286251e-15,,42.0,0.16555911815960828,0.16555911815960828,0.30117681080255837,0.0,0.0,"{""1"": 42, ""2"": 21, ""3"": 3}",0.16555911815960828,0.1655229208586062,44.82708853549898,1e-05,True,40,development_isotonic_frozen
s0-i10,held_out,0,random_matched,subset_exact,3,0.05,0a5cca213578f569,"[[0, 1, 3, 6], [2, 4, 8, 11], [5, 7, 9, 10]]",0.3009113192617689,-0.5594176613149237,1.075991232227098,-9.240704921673227e-15,,44.0,0.1440872861352307,0.1440872861352307,0.30117681080255837,0.0,-1.0,"{""2"": 18, ""1"": 44, ""3"": 4}",0.1440872861352307,0.1440855069055368,42.96154304746943,1e-05,True,40,development_isotonic_frozen
s0-i10,held_out,0,random_matched,subset_beam_8,3,0.05,0a5cca213578f569,"[[0, 1, 3, 6], [2, 4, 8, 11], [5, 7, 9, 10]]",0.3009113192617689,-0.5594176613149237,1.075991232227098,-9.240704921673227e-15,,44.0,0.1440872861352307,0.1440872861352307,0.30117681080255837,0.0,-1.0,"{""2"": 18, ""1"": 44, ""3"": 4}",0.1440872861352307,0.1440855069055368,42.96154304746943,1e-05,True,40,development_isotonic_frozen
s0-i10,held_out,0,random_matched,subset_beam_32,3,0.05,0a5cca213578f569,"[[0, 1, 3, 6], [2, 4, 8, 11], [5, 7, 9, 10]]",0.3009113192617689,-0.5594176613149237,1.075991232227098,-9.240704921673227e-15,,44.0,0.1440872861352307,0.1440872861352307,0.30117681080255837,0.0,-1.0,"{""2"": 18, ""1"": 44, ""3"": 4}",0.1440872861352307,0.1440855069055368,42.96154304746943,1e-05,True,40,development_isotonic_frozen
s0-i10,held_out,0,random_matched,saps_diagonal,3,0.05,b21f9207eefc748e,"[[4, 6, 8, 11], [1, 3, 7, 9], [0, 2, 5, 10]]",0.3009113192617689,-0.5198021888518433,1.1351099539751803,-1.0324460747299715e-14,,52.0,0.11574007030034505,0.11574007030034505,0.30117681080255837,0.0,0.0,"{""1"": 52, ""2"": 12, ""3"": 2}",0.11574007030034505,0.11573959306763791,37.43065017614245,1e-05,True,40,development_isotonic_frozen
s0-i10,held_out,0,random_matched,p_saps_residualized,3,0.05,05507c26fa8d9287,"[[1, 5, 6, 7], [0, 3, 4, 9], [2, 8, 10, 11]]",0.3009113192617689,-0.627214007050307,0.9731084684387672,-7.984673225357428e-15,,48.0,0.10365296472842637,0.10365296472842637,0.29918562424663725,0.0,0.0,"{""1"": 48, ""2"": 16, ""3"": 1, ""4"": 1}",0.10365296472842637,0.10365102526579492,38.685215961293544,1e-05,True,80,development_isotonic_frozen
s0-i10,held_out,0,random_matched,p_saps_projection,3,0.05,919fbb8a23457c2a,"[[0, 4, 8, 10], [1, 3, 7, 9], [2, 5, 6, 11]]",0.3009113192617689,-0.502641238590915,1.1039049601634512,-8.738474201447285e-15,,45.0,0.18303980453176233,0.18303980453176233,0.30117681080255837,0.0,0.0,"{""1"": 45, ""2"": 19, ""3"": 2}",0.18303980453176233,0.18303630302804394,38.28204101706452,1e-05,True,640,development_isotonic_frozen
s0-i10,held_out,0,random_matched,b_saps_budgeted,3,0.05,04b9ee721697b3b2,"[[0, 1, 9, 10], [3, 6, 7, 11], [2, 4, 5, 8]]",0.3009113192617689,-0.58002950123406,1.0008516873414814,-8.127188109516672e-15,,36.0,0.11756113737542083,0.11756113737542083,0.30117681080255837,0.0,0.0,"{""2"": 25, ""1"": 36, ""3"": 5}",0.11756113737542083,0.11755967257238285,49.050347345941816,1e-05,True,40,development_isotonic_frozen
s0-i10,held_out,0,random_matched,random_balanced,3,0.15,a9877c476a4e42ba,"[[0, 9, 10, 11], [1, 3, 6, 7], [2, 4, 5, 8]]",4.8512619669004335,-0.5512422050085216,1.0457303227500783,-6.1727699838851e-15,,35.0,0.11638946734058758,0.11638946734058758,4.403849062334947,0.0,1.0,"{""1"": 35, ""2"": 25, ""3"": 5, ""4"": 1}",0.11638946734058758,0.116388599326158,48.74028436871677,1e-05,True,40,development_isotonic_frozen
s0-i10,held_out,0,random_matched,confidence,3,0.15,aba8f26bbfa6ac30,"[[0, 4, 8, 11], [2, 5, 9, 10], [1, 3, 6, 7]]",4.8512619669004335,-0.44378846769130426,1.1948838167221947,-7.54817462656502e-15,,38.0,0.09547447346478113,0.09547447346478113,4.650100429712585,0.0,0.0,"{""1"": 38, ""2"": 23, ""3"": 4, ""4"": 1}",0.09547447346478113,0.09546922696339333,43.962655102350325,1e-05,True,40,development_isotonic_frozen
s0-i10,held_out,0,random_matched,entropy,3,0.15,ef33a37e47b2f5a5,"[[0, 4, 8, 11], [3, 5, 9, 10], [1, 2, 6, 7]]",4.8512619669004335,-0.44499869211869864,1.2055090693143982,-7.619270525314324e-15,,37.0,0.09815309244703106,0.09815309244703106,4.451878151812769,0.0,0.0,"{""1"": 37, ""2"": 20, ""3"": 9}",0.09815309244703106,0.0981507294780471,47.97054608815497,1e-05,True,40,development_isotonic_frozen
s0-i10,held_out,0,random_matched,dependency_cmi,3,0.15,10512c148c3a445f,"[[0, 2, 3, 7], [1, 5, 6, 8], [4, 9, 10, 11]]",4.8512619669004335,-0.6246335950755384,0.9537430101326702,-7.0552018960759325e-15,,43.0,0.13160628150399387,0.13160628150399387,5.0077291531720105,0.0,0.0,"{""1"": 43, ""2"": 18, ""3"": 5}",0.13160628150399387,0.13160530255403788,53.46968415817869,1e-05,True,40,development_isotonic_frozen
s0-i10,held_out,0,random_matched,min_within_batch_tc,3,0.15,90f78469bc53a60b,"[[0, 2, 10, 11], [3, 4, 5, 7], [1, 6, 8, 9]]",4.8512619669004335,-0.5279051037535875,1.0856028663649158,-7.659008537945605e-15,,38.0,0.08113656457508357,0.08113656457508357,4.650100429712585,0.0,0.0,"{""1"": 38, ""2"": 23, ""3"": 5}",0.08113656457508357,0.08113435133090555,49.74595841833743,1e-05,True,40,development_isotonic_frozen
s0-i10,held_out,0,random_matched,dprm_myopic,3,0.15,2d762e29c548ce5c,"[[0, 2, 5, 8], [1, 3, 4, 6], [7, 9, 10, 11]]",4.8512619669004335,-0.5496496922477729,1.0487266267220547,-9.59434921210275e-15,,45.0,0.15644842528267996,0.15644842528267996,5.214128909159746,0.0,0.0,"{""1"": 45, ""2"": 18, ""3"": 3}",0.15644842528267996,0.15644358430995103,42.46575965654269,1e-05,True,40,development_isotonic_frozen
s0-i10,held_out,0,random_matched,dprm_rollout,3,0.15,24859bb3801db9ca,"[[0, 1, 2, 9], [3, 5, 7, 11], [4, 6, 8, 10]]",4.8512619669004335,-0.5872937602585053,0.9939307097075623,-1.0161593442861353e-14,,39.0,0.1195799020560875,0.1195799020560875,4.72162617440447,0.0,0.0,"{""2"": 22, ""4"": 1, ""1"": 39, ""3"": 4}",0.1195799020560875,0.11957746196070619,56.6447853077939,1e-05,True,40,development_isotonic_frozen
s0-i10,held_out,0,random_matched,subset_exact,3,0.15,506210ef86a3f495,"[[0, 1, 2, 3], [4, 5, 8, 11], [6, 7, 9, 10]]",4.8512619669004335,-0.5484137570436783,1.0747144152795147,-1.309176228888127e-14,,41.0,0.13768660511675632,0.13768660511675632,4.991374196996172,0.0,0.0,"{""2"": 24, ""1"": 41, ""3"": 1}",0.13768660511675632,0.1376849898382087,37.823206676631465,1e-05,True,40,development_isotonic_frozen
s0-i10,held_out,0,random_matched,subset_beam_8,3,0.15,506210ef86a3f495,"[[0, 1, 2, 3], [4, 5, 8, 11], [6, 7, 9, 10]]",4.8512619669004335,-0.5484137570436783,1.0747144152795147,-1.309176228888127e-14,,41.0,0.13768660511675632,0.13768660511675632,4.991374196996172,0.0,0.0,"{""2"": 24, ""1"": 41, ""3"": 1}",0.13768660511675632,0.1376849898382087,37.823206676631465,1e-05,True,40,development_isotonic_frozen
s0-i10,held_out,0,random_matched,subset_beam_32,3,0.15,506210ef86a3f495,"[[0, 1, 2, 3], [4, 5, 8, 11], [6, 7, 9, 10]]",4.8512619669004335,-0.5484137570436783,1.0747144152795147,-1.309176228888127e-14,,41.0,0.13768660511675632,0.13768660511675632,4.991374196996172,0.0,0.0,"{""2"": 24, ""1"": 41, ""3"": 1}",0.13768660511675632,0.1376849898382087,37.823206676631465,1e-05,True,40,development_isotonic_frozen
s0-i10,held_out,0,random_matched,saps_diagonal,3,0.15,b21f9207eefc748e,"[[4, 6, 8, 11], [1, 3, 7, 9], [0, 2, 5, 10]]",4.8512619669004335,-0.5198021888518433,1.1351099539751803,-1.0324460747299715e-14,,52.0,0.11574007030034505,0.11574007030034505,5.746483255304925,0.0,0.0,"{""1"": 52, ""2"": 12, ""3"": 2}",0.11574007030034505,0.11573959306763791,37.43065017614245,1e-05,True,40,development_isotonic_frozen
s0-i10,held_out,0,random_matched,p_saps_residualized,3,0.15,05507c26fa8d9287,"[[1, 5, 6, 7], [0, 3, 4, 9], [2, 8, 10, 11]]",4.8512619669004335,-0.627214007050307,0.9731084684387672,-7.984673225357428e-15,,48.0,0.10365296472842637,0.10365296472842637,5.460380276537385,0.0,0.0,"{""1"": 48, ""2"": 16, ""3"": 1, ""4"": 1}",0.10365296472842637,0.10365102526579492,38.685215961293544,1e-05,True,80,development_isotonic_frozen
s0-i10,held_out,0,random_matched,p_saps_projection,3,0.15,919fbb8a23457c2a,"[[0, 4, 8, 10], [1, 3, 7, 9], [2, 5, 6, 11]]",4.8512619669004335,-0.502641238590915,1.1039049601634512,-8.738474201447285e-15,,45.0,0.18303980453176233,0.18303980453176233,5.24580304246173,-0.125,0.0,"{""1"": 45, ""2"": 19, ""3"": 2}",0.18303980453176233,0.18303630302804394,38.28204101706452,1e-05,True,640,development_isotonic_frozen
s0-i10,held_out,0,random_matched,b_saps_budgeted,3,0.15,b21f9207eefc748e,"[[4, 6, 8, 11], [1, 3, 7, 9], [0, 2, 5, 10]]",4.8512619669004335,-0.5198021888518433,1.1351099539751803,-1.0324460747299715e-14,,52.0,0.11574007030034505,0.11574007030034505,5.746483255304925,0.0,0.0,"{""1"": 52, ""2"": 12, ""3"": 2}",0.11574007030034505,0.11573959306763791,37.43065017614245,1e-05,True,40,development_isotonic_frozen
s0-i10,held_out,0,random_matched,random_balanced,4,0.01,dbc619d00d171d0c,"[[9, 10, 11], [0, 1, 6], [3, 5, 7], [2, 4, 8]]",0.06695636303374557,-0.8445238397272794,1.5463529614221168,-3.0021446673935514e-15,,41.0,0.12255064160749837,0.12255064160749837,0.06695636303374557,0.0,0.0,"{""2"": 23, ""1"": 41, ""3"": 2}",0.12255064160749837,0.12255005051795534,54.37329007888719,1e-05,True,40,development_isotonic_frozen
s0-i10,held_out,0,random_matched,confidence,4,0.01,944fc8e6eb79bce1,"[[0, 4, 11], [8, 9, 10], [2, 3, 5], [1, 6, 7]]",0.06695636303374557,-0.6769901711685442,1.7841005504938767,-7.292234901595938e-15,,45.0,0.1751477919478226,0.1751477919478226,0.06695636303374557,0.0,0.0,"{""1"": 45, ""2"": 18, ""3"": 3}",0.1751477919478226,0.17514228177827915,45.07786177794666,1e-05,True,40,development_isotonic_frozen
s0-i10,held_out,0,random_matched,entropy,4,0.01,312ef2efd02f104c,"[[0, 4, 11], [3, 8, 9], [5, 6, 10], [1, 2, 7]]",0.06695636303374557,-0.6896597801700649,1.7939159457132632,-5.362275567570521e-15,,42.0,0.1554359554077537,0.1554359554077537,0.06695636303374557,0.0,0.0,"{""1"": 42, ""2"": 23, ""3"": 1}",0.1554359554077537,0.15543058839133683,50.042506547931154,1e-05,True,40,development_isotonic_frozen
s0-i10,held_out,0,random_matched,dependency_cmi,4,0.01,be43b5d8b510d108,"[[0, 2, 7], [3, 5, 8], [1, 4, 6], [9, 10, 11]]",0.06695636303374557,-0.8883243047485067,1.4921231719087586,-3.896275095034251e-15,,47.0,0.15448418283658627,0.15448418283658627,0.06695636303374557,0.0,0.0,"{""1"": 47, ""2"": 17, ""3"": 2}",0.15448418283658627,0.15447805655484886,39.75236223240767,1e-05,True,40,development_isotonic_frozen
s0-i10,held_out,0,random_matched,min_within_batch_tc,4,0.01,9f872aaf8977d5b0,"[[0, 2, 3], [5, 10, 11], [1, 4, 7], [6, 8, 9]]",0.06695636303374557,-0.8392084623347461,1.5717190461422341,-6.547681129827383e-15,,49.0,0.1453684962462422,0.1453684962462422,0.06695636303374557,0.0,0.0,"{""1"": 49, ""3"": 2, ""2"": 15}",0.1453684962462422,0.14536024557132451,38.607861146751645,1e-05,True,40,development_isotonic_frozen
s0-i10,held_out,0,random_matched,dprm_myopic,4,0.01,a4f308b4160e7e1d,"[[2, 5, 8], [0, 1, 3], [4, 6, 7], [9, 10, 11]]",0.06695636303374557,-0.8728928687306071,1.508966677708383,-4.7189597071392785e-15,,49.0,0.1749524821643082,0.1749524821643082,0.06695636303374557,0.0,0.0,"{""2"": 17, ""1"": 49}",0.1749524821643082,0.17494956442224385,42.05632377595219,1e-05,True,40,development_isotonic_frozen
s0-i10,held_out,0,random_matched,dprm_rollout,4,0.01,555655c04ddcbdf7,"[[2, 5, 10], [0, 1, 8], [3, 4, 6], [7, 9, 11]]",0.06695636303374557,-0.8583363199657755,1.4974264835877265,-5.9106209854802676e-15,,52.0,0.13090135458207922,0.13090135458207922,0.06695636303374557,0.0,0.0,"{""2"": 14, ""1"": 52}",0.13090135458207922,0.13090085060303183,39.28234743626738,1e-05,True,40,development_isotonic_frozen
s0-i10,held_out,0,random_matched,subset_exact,4,0.01,2c960b4286122f68,"[[0, 1, 2], [4, 8, 11], [3, 9, 10], [5, 6, 7]]",0.06695636303374557,-0.7686436522284126,1.66123548711543,-6.205776493748542e-15,,51.0,0.10583011750963922,0.10583011750963922,0.06695636303374557,0.0,0.0,"{""2"": 13, ""1"": 51, ""3"": 2}",0.10583011750963922,0.10582912059516325,32.55487146146146,1e-05,True,40,development_isotonic_frozen
s0-i10,held_out,0,random_matched,subset_beam_8,4,0.01,2c960b4286122f68,"[[0, 1, 2], [4, 8, 11], [3, 9, 10], [5, 6, 7]]",0.06695636303374557,-0.7686436522284126,1.66123548711543,-6.205776493748542e-15,,51.0,0.10583011750963922,0.10583011750963922,0.06695636303374557,0.0,0.0,"{""2"": 13, ""1"": 51, ""3"": 2}",0.10583011750963922,0.10582912059516325,32.55487146146146,1e-05,True,40,development_isotonic_frozen
s0-i10,held_out,0,random_matched,subset_beam_32,4,0.01,2c960b4286122f68,"[[0, 1, 2], [4, 8, 11], [3, 9, 10], [5, 6, 7]]",0.06695636303374557,-0.7686436522284126,1.66123548711543,-6.205776493748542e-15,,51.0,0.10583011750963922,0.10583011750963922,0.06695636303374557,0.0,0.0,"{""2"": 13, ""1"": 51, ""3"": 2}",0.10583011750963922,0.10582912059516325,32.55487146146146,1e-05,True,40,development_isotonic_frozen
s0-i10,held_out,0,random_matched,saps_diagonal,4,0.01,4359ab178e91972a,"[[3, 4, 9], [1, 6, 8], [5, 7, 11], [0, 2, 10]]",0.06695636303374557,-0.8208823241988249,1.6247471274827194,-5.321532762319074e-15,,59.0,0.11600650515813266,0.11600650515813266,0.06695636303374557,0.0,0.0,"{""1"": 59, ""2"": 6, ""3"": 1}",0.11600650515813266,0.11600521357890808,38.63322090046446,1e-05,True,40,development_isotonic_frozen
s0-i10,held_out,0,random_matched,p_saps_residualized,4,0.01,72e4ad08cb80ce3e,"[[2, 5, 10], [1, 7, 8], [0, 3, 6], [4, 9, 11]]",0.06695636303374557,-0.9327049753269622,1.3910454333167426,-5.471227211341019e-15,,56.0,0.12027580410824898,0.12027580410824898,0.06695636303374557,0.0,0.0,"{""1"": 56, ""2"": 7, ""3"": 3}",0.12027580410824898,0.12027524821521626,48.76135374100833,1e-05,True,80,development_isotonic_frozen
s0-i10,held_out,0,random_matched,p_saps_projection,4,0.01,2665e8000964f60b,"[[1, 4, 5], [0, 3, 10], [6, 7, 11], [2, 8, 9]]",0.06695636303374557,-0.8307741230000172,1.6191435623901376,-8.002786418708984e-15,,47.0,0.1841385061478189,0.1841385061478189,0.06695636303374557,0.0,0.0,"{""1"": 47, ""2"": 18, ""3"": 1}",0.1841385061478189,0.1841291779831224,39.71965509187688,1e-05,True,640,development_isotonic_frozen
s0-i10,held_out,0,random_matched,b_saps_budgeted,4,0.01,dbc619d00d171d0c,"[[9, 10, 11], [0, 1, 6], [3, 5, 7], [2, 4, 8]]",0.06695636303374557,-0.8445238397272794,1.5463529614221168,-3.0021446673935514e-15,,41.0,0.12255064160749837,0.12255064160749837,0.06695636303374557,0.0,0.0,"{""2"": 23, ""1"": 41, ""3"": 2}",0.12255064160749837,0.12255005051795534,54.37329007888719,1e-05,True,40,development_isotonic_frozen
s0-i10,held_out,0,random_matched,random_balanced,4,0.05,dbc619d00d171d0c,"[[9, 10, 11], [0, 1, 6], [3, 5, 7], [2, 4, 8]]",0.30117681080255837,-0.8445238397272794,1.5463529614221168,-3.0021446673935514e-15,,41.0,0.12255064160749837,0.12255064160749837,0.30117681080255837,0.0,-1.0,"{""2"": 23, ""1"": 41, ""3"": 2}",0.12255064160749837,0.12255005051795534,54.37329007888719,1e-05,True,40,development_isotonic_frozen
s0-i10,held_out,0,random_matched,confidence,4,0.05,944fc8e6eb79bce1,"[[0, 4, 11], [8, 9, 10], [2, 3, 5], [1, 6, 7]]",0.30117681080255837,-0.6769901711685442,1.7841005504938767,-7.292234901595938e-15,,45.0,0.1751477919478226,0.1751477919478226,0.30117681080255837,0.0,0.0,"{""1"": 45, ""2"": 18, ""3"": 3}",0.1751477919478226,0.17514228177827915,45.07786177794666,1e-05,True,40,development_isotonic_frozen
s0-i10,held_out,0,random_matched,entropy,4,0.05,312ef2efd02f104c,"[[0, 4, 11], [3, 8, 9], [5, 6, 10], [1, 2, 7]]",0.30117681080255837,-0.6896597801700649,1.7939159457132632,-5.362275567570521e-15,,42.0,0.1554359554077537,0.1554359554077537,0.30117681080255837,0.0,0.0,"{""1"": 42, ""2"": 23, ""3"": 1}",0.1554359554077537,0.15543058839133683,50.042506547931154,1e-05,True,40,development_isotonic_frozen
s0-i10,held_out,0,random_matched,dependency_cmi,4,0.05,be43b5d8b510d108,"[[0, 2, 7], [3, 5, 8], [1, 4, 6], [9, 10, 11]]",0.30117681080255837,-0.8883243047485067,1.4921231719087586,-3.896275095034251e-15,,47.0,0.15448418283658627,0.15448418283658627,0.30117681080255837,0.0,0.0,"{""1"": 47, ""2"": 17, ""3"": 2}",0.15448418283658627,0.15447805655484886,39.75236223240767,1e-05,True,40,development_isotonic_frozen
s0-i10,held_out,0,random_matched,min_within_batch_tc,4,0.05,9f872aaf8977d5b0,"[[0, 2, 3], [5, 10, 11], [1, 4, 7], [6, 8, 9]]",0.30117681080255837,-0.8392084623347461,1.5717190461422341,-6.547681129827383e-15,,49.0,0.1453684962462422,0.1453684962462422,0.30117681080255837,0.0,0.0,"{""1"": 49, ""3"": 2, ""2"": 15}",0.1453684962462422,0.14536024557132451,38.607861146751645,1e-05,True,40,development_isotonic_frozen
s0-i10,held_out,0,random_matched,dprm_myopic,4,0.05,a4f308b4160e7e1d,"[[2, 5, 8], [0, 1, 3], [4, 6, 7], [9, 10, 11]]",0.30117681080255837,-0.8728928687306071,1.508966677708383,-4.7189597071392785e-15,,49.0,0.1749524821643082,0.1749524821643082,0.30117681080255837,0.0,-1.0,"{""2"": 17, ""1"": 49}",0.1749524821643082,0.17494956442224385,42.05632377595219,1e-05,True,40,development_isotonic_frozen
s0-i10,held_out,0,random_matched,dprm_rollout,4,0.05,c29fcf44b7efed15,"[[7, 10, 11], [0, 5, 9], [2, 6, 8], [1, 3, 4]]",0.30117681080255837,-0.839940205299925,1.5312958154944865,-6.12477264061466e-15,,43.0,0.09282237173758628,0.09282237173758628,0.30117681080255837,0.125,0.0,"{""1"": 43, ""2"": 23}",0.09282237173758628,0.09281944178726544,54.41198350365334,1e-05,True,40,development_isotonic_frozen
s0-i10,held_out,0,random_matched,subset_exact,4,0.05,ddc88174a1f72e31,"[[0, 6, 10], [4, 8, 11], [2, 3, 9], [1, 5, 7]]",0.30117681080255837,-0.7519429144663179,1.6763700919509308,-5.895532622175224e-15,,46.0,0.08660036602735163,0.08660036602735163,0.30117681080255837,0.0,0.0,"{""1"": 46, ""2"": 18, ""3"": 2}",0.08660036602735163,0.08659988973236499,44.97090908483743,1e-05,True,40,development_isotonic_frozen
s0-i10,held_out,0,random_matched,subset_beam_8,4,0.05,ddc88174a1f72e31,"[[0, 6, 10], [4, 8, 11], [2, 3, 9], [1, 5, 7]]",0.30117681080255837,-0.7519429144663179,1.6763700919509308,-5.895532622175224e-15,,46.0,0.08660036602735163,0.08660036602735163,0.30117681080255837,0.0,0.0,"{""1"": 46, ""2"": 18, ""3"": 2}",0.08660036602735163,0.08659988973236499,44.97090908483743,1e-05,True,40,development_isotonic_frozen
s0-i10,held_out,0,random_matched,subset_beam_32,4,0.05,ddc88174a1f72e31,"[[0, 6, 10], [4, 8, 11], [2, 3, 9], [1, 5, 7]]",0.30117681080255837,-0.7519429144663179,1.6763700919509308,-5.895532622175224e-15,,46.0,0.08660036602735163,0.08660036602735163,0.30117681080255837,0.0,0.0,"{""1"": 46, ""2"": 18, ""3"": 2}",0.08660036602735163,0.08659988973236499,44.97090908483743,1e-05,True,40,development_isotonic_frozen
s0-i10,held_out,0,random_matched,saps_diagonal,4,0.05,4359ab178e91972a,"[[3, 4, 9], [1, 6, 8], [5, 7, 11], [0, 2, 10]]",0.30117681080255837,-0.8208823241988249,1.6247471274827194,-5.321532762319074e-15,,59.0,0.11600650515813266,0.11600650515813266,0.30117681080255837,0.0,0.0,"{""1"": 59, ""2"": 6, ""3"": 1}",0.11600650515813266,0.11600521357890808,38.63322090046446,1e-05,True,40,development_isotonic_frozen
s0-i10,held_out,0,random_matched,p_saps_residualized,4,0.05,72e4ad08cb80ce3e,"[[2, 5, 10], [1, 7, 8], [0, 3, 6], [4, 9, 11]]",0.30117681080255837,-0.9327049753269622,1.3910454333167426,-5.471227211341019e-15,,56.0,0.12027580410824898,0.12027580410824898,0.30117681080255837,0.0,0.0,"{""1"": 56, ""2"": 7, ""3"": 3}",0.12027580410824898,0.12027524821521626,48.76135374100833,1e-05,True,80,development_isotonic_frozen
s0-i10,held_out,0,random_matched,p_saps_projection,4,0.05,2665e8000964f60b,"[[1, 4, 5], [0, 3, 10], [6, 7, 11], [2, 8, 9]]",0.30117681080255837,-0.8307741230000172,1.6191435623901376,-8.002786418708984e-15,,47.0,0.1841385061478189,0.1841385061478189,0.30117681080255837,0.0,-1.0,"{""1"": 47, ""2"": 18, ""3"": 1}",0.1841385061478189,0.1841291779831224,39.71965509187688,1e-05,True,640,development_isotonic_frozen
s0-i10,held_out,0,random_matched,b_saps_budgeted,4,0.05,dbc619d00d171d0c,"[[9, 10, 11], [0, 1, 6], [3, 5, 7], [2, 4, 8]]",0.30117681080255837,-0.8445238397272794,1.5463529614221168,-3.0021446673935514e-15,,41.0,0.12255064160749837,0.12255064160749837,0.30117681080255837,0.0,-1.0,"{""2"": 23, ""1"": 41, ""3"": 2}",0.12255064160749837,0.12255005051795534,54.37329007888719,1e-05,True,40,development_isotonic_frozen
s0-i10,held_out,0,random_matched,random_balanced,4,0.15,dbc619d00d171d0c,"[[9, 10, 11], [0, 1, 6], [3, 5, 7], [2, 4, 8]]",5.493596732400703,-0.8445238397272794,1.5463529614221168,-3.0021446673935514e-15,,41.0,0.12255064160749837,0.12255064160749837,4.959700063694189,0.0,1.0,"{""2"": 23, ""1"": 41, ""3"": 2}",0.12255064160749837,0.12255005051795534,54.37329007888719,1e-05,True,40,development_isotonic_frozen
s0-i10,held_out,0,random_matched,confidence,4,0.15,944fc8e6eb79bce1,"[[0, 4, 11], [8, 9, 10], [2, 3, 5], [1, 6, 7]]",5.493596732400703,-0.6769901711685442,1.7841005504938767,-7.292234901595938e-15,,45.0,0.1751477919478226,0.1751477919478226,5.214128909159746,0.0,0.0,"{""1"": 45, ""2"": 18, ""3"": 3}",0.1751477919478226,0.17514228177827915,45.07786177794666,1e-05,True,40,development_isotonic_frozen
s0-i10,held_out,0,random_matched,entropy,4,0.15,312ef2efd02f104c,"[[0, 4, 11], [3, 8, 9], [5, 6, 10], [1, 2, 7]]",5.493596732400703,-0.6896597801700649,1.7939159457132632,-5.362275567570521e-15,,42.0,0.1554359554077537,0.1554359554077537,5.062899941688057,0.0,0.0,"{""1"": 42, ""2"": 23, ""3"": 1}",0.1554359554077537,0.15543058839133683,50.042506547931154,1e-05,True,40,development_isotonic_frozen
s0-i10,held_out,0,random_matched,dependency_cmi,4,0.15,be43b5d8b510d108,"[[0, 2, 7], [3, 5, 8], [1, 4, 6], [9, 10, 11]]",5.493596732400703,-0.8883243047485067,1.4921231719087586,-3.896275095034251e-15,,47.0,0.15448418283658627,0.15448418283658627,5.3888545318454995,0.125,0.0,"{""1"": 47, ""2"": 17, ""3"": 2}",0.15448418283658627,0.15447805655484886,39.75236223240767,1e-05,True,40,development_isotonic_frozen
s0-i10,held_out,0,random_matched,min_within_batch_tc,4,0.15,9f872aaf8977d5b0,"[[0, 2, 3], [5, 10, 11], [1, 4, 7], [6, 8, 9]]",5.493596732400703,-0.8392084623347461,1.5717190461422341,-6.547681129827383e-15,,49.0,0.1453684962462422,0.1453684962462422,5.53190602122927,0.0,0.0,"{""1"": 49, ""3"": 2, ""2"": 15}",0.1453684962462422,0.14536024557132451,38.607861146751645,1e-05,True,40,development_isotonic_frozen
s0-i10,held_out,0,random_matched,dprm_myopic,4,0.15,a4f308b4160e7e1d,"[[2, 5, 8], [0, 1, 3], [4, 6, 7], [9, 10, 11]]",5.493596732400703,-0.8728928687306071,1.508966677708383,-4.7189597071392785e-15,,49.0,0.1749524821643082,0.1749524821643082,5.595254287833235,0.0,0.0,"{""2"": 17, ""1"": 49}",0.1749524821643082,0.17494956442224385,42.05632377595219,1e-05,True,40,development_isotonic_frozen
s0-i10,held_out,0,random_matched,dprm_rollout,4,0.15,43b2879afbd402f2,"[[0, 4, 11], [1, 2, 3], [7, 9, 10], [5, 6, 8]]",5.493596732400703,-0.7553498668905836,1.7230828939035492,-7.629338853525431e-15,,51.0,0.13480563006878266,0.13480563006878266,5.706631643915022,0.0,0.0,"{""1"": 51, ""2"": 14, ""3"": 1}",0.13480563006878266,0.13480396354786345,32.18444081082198,1e-05,True,40,development_isotonic_frozen
s0-i10,held_out,0,random_matched,subset_exact,4,0.15,2c960b4286122f68,"[[0, 1, 2], [4, 8, 11], [3, 9, 10], [5, 6, 7]]",5.493596732400703,-0.7686436522284126,1.66123548711543,-6.205776493748542e-15,,51.0,0.10583011750963922,0.10583011750963922,5.67495751061304,0.0,1.0,"{""2"": 13, ""1"": 51, ""3"": 2}",0.10583011750963922,0.10582912059516325,32.55487146146146,1e-05,True,40,development_isotonic_frozen
s0-i10,held_out,0,random_matched,subset_beam_8,4,0.15,2c960b4286122f68,"[[0, 1, 2], [4, 8, 11], [3, 9, 10], [5, 6, 7]]",5.493596732400703,-0.7686436522284126,1.66123548711543,-6.205776493748542e-15,,51.0,0.10583011750963922,0.10583011750963922,5.67495751061304,0.0,1.0,"{""2"": 13, ""1"": 51, ""3"": 2}",0.10583011750963922,0.10582912059516325,32.55487146146146,1e-05,True,40,development_isotonic_frozen
s0-i10,held_out,0,random_matched,subset_beam_32,4,0.15,2c960b4286122f68,"[[0, 1, 2], [4, 8, 11], [3, 9, 10], [5, 6, 7]]",5.493596732400703,-0.7686436522284126,1.66123548711543,-6.205776493748542e-15,,51.0,0.10583011750963922,0.10583011750963922,5.67495751061304,0.0,1.0,"{""2"": 13, ""1"": 51, ""3"": 2}",0.10583011750963922,0.10582912059516325,32.55487146146146,1e-05,True,40,development_isotonic_frozen
s0-i10,held_out,0,random_matched,saps_diagonal,4,0.15,4359ab178e91972a,"[[3, 4, 9], [1, 6, 8], [5, 7, 11], [0, 2, 10]]",5.493596732400703,-0.8208823241988249,1.6247471274827194,-5.321532762319074e-15,,59.0,0.11600650515813266,0.11600650515813266,6.278837601450103,0.0,0.0,"{""1"": 59, ""2"": 6, ""3"": 1}",0.11600650515813266,0.11600521357890808,38.63322090046446,1e-05,True,40,development_isotonic_frozen
s0-i10,held_out,0,random_matched,p_saps_residualized,4,0.15,72e4ad08cb80ce3e,"[[2, 5, 10], [1, 7, 8], [0, 3, 6], [4, 9, 11]]",5.493596732400703,-0.9327049753269622,1.3910454333167426,-5.471227211341019e-15,,56.0,0.12027580410824898,0.12027580410824898,6.000912100770483,0.0,0.0,"{""1"": 56, ""2"": 7, ""3"": 3}",0.12027580410824898,0.12027524821521626,48.76135374100833,1e-05,True,80,development_isotonic_frozen
s0-i10,held_out,0,random_matched,p_saps_projection,4,0.15,944fc8e6eb79bce1,"[[0, 4, 11], [8, 9, 10], [2, 3, 5], [1, 6, 7]]",5.493596732400703,-0.6769901711685442,1.7841005504938767,-7.292234901595938e-15,,45.0,0.1751477919478226,0.1751477919478226,5.214128909159746,0.0,0.0,"{""1"": 45, ""2"": 18, ""3"": 3}",0.1751477919478226,0.17514228177827915,45.07786177794666,1e-05,True,640,development_isotonic_frozen
s0-i10,held_out,0,random_matched,b_saps_budgeted,4,0.15,cad26e22873b996b,"[[0, 2, 5], [1, 6, 10], [4, 7, 9], [3, 8, 11]]",5.493596732400703,-0.8845083753221443,1.4731903983719985,-7.731241736469847e-15,,60.0,0.1162755250824082,0.1162755250824082,6.382037479443972,0.0,0.0,"{""1"": 60, ""2"": 6}",0.1162755250824082,0.11627533061835113,36.65146610653874,1e-05,True,40,development_isotonic_frozen
s0-i10,held_out,0,structural,random_balanced,1,0.01,76993f31911749ca,"[[0, 1, 2, 3, 4, 5, 6, 7, 8, 9, 10, 11]]",0.04463757535583038,-0.0,0.0,-3.2963217744184715e-14,,0.0,0.1654891369854254,0.1654891369854254,0.04463757535583038,0.0,0.0,"{""2"": 21, ""3"": 23, ""4"": 22}",0.1654891369854254,0.1654879254248886,66.38236929729163,1e-05,True,40,development_isotonic_frozen
s0-i10,held_out,0,structural,confidence,1,0.01,76993f31911749ca,"[[0, 1, 2, 3, 4, 5, 6, 7, 8, 9, 10, 11]]",0.04463757535583038,-0.0,0.0,-3.2963217744184715e-14,,0.0,0.1654891369854254,0.1654891369854254,0.04463757535583038,0.0,0.0,"{""2"": 21, ""3"": 23, ""4"": 22}",0.1654891369854254,0.1654879254248886,66.38236929729163,1e-05,True,40,development_isotonic_frozen
s0-i10,held_out,0,structural,entropy,1,0.01,76993f31911749ca,"[[0, 1, 2, 3, 4, 5, 6, 7, 8, 9, 10, 11]]",0.04463757535583038,-0.0,0.0,-3.2963217744184715e-14,,0.0,0.1654891369854254,0.1654891369854254,0.04463757535583038,0.0,0.0,"{""2"": 21, ""3"": 23, ""4"": 22}",0.1654891369854254,0.1654879254248886,66.38236929729163,1e-05,True,40,development_isotonic_frozen
s0-i10,held_out,0,structural,dependency_cmi,1,0.01,76993f31911749ca,"[[0, 1, 2, 3, 4, 5, 6, 7, 8, 9, 10, 11]]",0.04463757535583038,-0.0,0.0,-3.2963217744184715e-14,,0.0,0.1654891369854254,0.1654891369854254,0.04463757535583038,0.0,0.0,"{""2"": 21, ""3"": 23, ""4"": 22}",0.1654891369854254,0.1654879254248886,66.38236929729163,1e-05,True,40,development_isotonic_frozen
s0-i10,held_out,0,structural,min_within_batch_tc,1,0.01,76993f31911749ca,"[[0, 1, 2, 3, 4, 5, 6, 7, 8, 9, 10, 11]]",0.04463757535583038,-0.0,0.0,-3.2963217744184715e-14,,0.0,0.1654891369854254,0.1654891369854254,0.04463757535583038,0.0,0.0,"{""2"": 21, ""3"": 23, ""4"": 22}",0.1654891369854254,0.1654879254248886,66.38236929729163,1e-05,True,40,development_isotonic_frozen
s0-i10,held_out,0,structural,dprm_myopic,1,0.01,76993f31911749ca,"[[0, 1, 2, 3, 4, 5, 6, 7, 8, 9, 10, 11]]",0.04463757535583038,-0.0,0.0,-3.2963217744184715e-14,,0.0,0.1654891369854254,0.1654891369854254,0.04463757535583038,0.0,0.0,"{""2"": 21, ""3"": 23, ""4"": 22}",0.1654891369854254,0.1654879254248886,66.38236929729163,1e-05,True,40,development_isotonic_frozen
s0-i10,held_out,0,structural,dprm_rollout,1,0.01,76993f31911749ca,"[[0, 1, 2, 3, 4, 5, 6, 7, 8, 9, 10, 11]]",0.04463757535583038,-0.0,0.0,-3.2963217744184715e-14,,0.0,0.1654891369854254,0.1654891369854254,0.04463757535583038,0.0,0.0,"{""2"": 21, ""3"": 23, ""4"": 22}",0.1654891369854254,0.1654879254248886,66.38236929729163,1e-05,True,40,development_isotonic_frozen
s0-i10,held_out,0,structural,subset_exact,1,0.01,76993f31911749ca,"[[0, 1, 2, 3, 4, 5, 6, 7, 8, 9, 10, 11]]",0.04463757535583038,-0.0,0.0,-3.2963217744184715e-14,,0.0,0.1654891369854254,0.1654891369854254,0.04463757535583038,0.0,0.0,"{""2"": 21, ""3"": 23, ""4"": 22}",0.1654891369854254,0.1654879254248886,66.38236929729163,1e-05,True,40,development_isotonic_frozen
s0-i10,held_out,0,structural,subset_beam_8,1,0.01,76993f31911749ca,"[[0, 1, 2, 3, 4, 5, 6, 7, 8, 9, 10, 11]]",0.04463757535583038,-0.0,0.0,-3.2963217744184715e-14,,0.0,0.1654891369854254,0.1654891369854254,0.04463757535583038,0.0,0.0,"{""2"": 21, ""3"": 23, ""4"": 22}",0.1654891369854254,0.1654879254248886,66.38236929729163,1e-05,True,40,development_isotonic_frozen
s0-i10,held_out,0,structural,subset_beam_32,1,0.01,76993f31911749ca,"[[0, 1, 2, 3, 4, 5, 6, 7, 8, 9, 10, 11]]",0.04463757535583038,-0.0,0.0,-3.2963217744184715e-14,,0.0,0.1654891369854254,0.1654891369854254,0.04463757535583038,0.0,0.0,"{""2"": 21, ""3"": 23, ""4"": 22}",0.1654891369854254,0.1654879254248886,66.38236929729163,1e-05,True,40,development_isotonic_frozen
s0-i10,held_out,0,structural,saps_diagonal,1,0.01,76993f31911749ca,"[[0, 1, 2, 3, 4, 5, 6, 7, 8, 9, 10, 11]]",0.04463757535583038,-0.0,0.0,-3.2963217744184715e-14,,0.0,0.1654891369854254,0.1654891369854254,0.04463757535583038,0.0,0.0,"{""2"": 21, ""3"": 23, ""4"": 22}",0.1654891369854254,0.1654879254248886,66.38236929729163,1e-05,True,40,development_isotonic_frozen
s0-i10,held_out,0,structural,p_saps_residualized,1,0.01,76993f31911749ca,"[[0, 1, 2, 3, 4, 5, 6, 7, 8, 9, 10, 11]]",0.04463757535583038,-0.0,0.0,-3.2963217744184715e-14,,0.0,0.1654891369854254,0.1654891369854254,0.04463757535583038,0.0,0.0,"{""2"": 21, ""3"": 23, ""4"": 22}",0.1654891369854254,0.1654879254248886,66.38236929729163,1e-05,True,40,development_isotonic_frozen
s0-i10,held_out,0,structural,p_saps_projection,1,0.01,76993f31911749ca,"[[0, 1, 2, 3, 4, 5, 6, 7, 8, 9, 10, 11]]",0.04463757535583038,-0.0,0.0,-3.2963217744184715e-14,,0.0,0.1654891369854254,0.1654891369854254,0.04463757535583038,0.0,0.0,"{""2"": 21, ""3"": 23, ""4"": 22}",0.1654891369854254,0.1654879254248886,66.38236929729163,1e-05,True,40,development_isotonic_frozen
s0-i10,held_out,0,structural,b_saps_budgeted,1,0.01,76993f31911749ca,"[[0, 1, 2, 3, 4, 5, 6, 7, 8, 9, 10, 11]]",0.04463757535583038,-0.0,0.0,-3.2963217744184715e-14,,0.0,0.1654891369854254,0.1654891369854254,0.04463757535583038,0.0,0.0,"{""2"": 21, ""3"": 23, ""4"": 22}",0.1654891369854254,0.1654879254248886,66.38236929729163,1e-05,True,40,development_isotonic_frozen
s0-i10,held_out,0,structural,random_balanced,1,0.05,76993f31911749ca,"[[0, 1, 2, 3, 4, 5, 6, 7, 8, 9, 10, 11]]",0.25737070657229355,-0.0,0.0,-3.2963217744184715e-14,,0.0,0.1654891369854254,0.1654891369854254,0.25737070657229355,0.0,-1.0,"{""2"": 21, ""3"": 23, ""4"": 22}",0.1654891369854254,0.1654879254248886,66.38236929729163,1e-05,True,40,development_isotonic_frozen
s0-i10,held_out,0,structural,confidence,1,0.05,76993f31911749ca,"[[0, 1, 2, 3, 4, 5, 6, 7, 8, 9, 10, 11]]",0.25737070657229355,-0.0,0.0,-3.2963217744184715e-14,,0.0,0.1654891369854254,0.1654891369854254,0.25737070657229355,0.0,-1.0,"{""2"": 21, ""3"": 23, ""4"": 22}",0.1654891369854254,0.1654879254248886,66.38236929729163,1e-05,True,40,development_isotonic_frozen
s0-i10,held_out,0,structural,entropy,1,0.05,76993f31911749ca,"[[0, 1, 2, 3, 4, 5, 6, 7, 8, 9, 10, 11]]",0.25737070657229355,-0.0,0.0,-3.2963217744184715e-14,,0.0,0.1654891369854254,0.1654891369854254,0.25737070657229355,0.0,-1.0,"{""2"": 21, ""3"": 23, ""4"": 22}",0.1654891369854254,0.1654879254248886,66.38236929729163,1e-05,True,40,development_isotonic_frozen
s0-i10,held_out,0,structural,dependency_cmi,1,0.05,76993f31911749ca,"[[0, 1, 2, 3, 4, 5, 6, 7, 8, 9, 10, 11]]",0.25737070657229355,-0.0,0.0,-3.2963217744184715e-14,,0.0,0.1654891369854254,0.1654891369854254,0.25737070657229355,0.0,-1.0,"{""2"": 21, ""3"": 23, ""4"": 22}",0.1654891369854254,0.1654879254248886,66.38236929729163,1e-05,True,40,development_isotonic_frozen
s0-i10,held_out,0,structural,min_within_batch_tc,1,0.05,76993f31911749ca,"[[0, 1, 2, 3, 4, 5, 6, 7, 8, 9, 10, 11]]",0.25737070657229355,-0.0,0.0,-3.2963217744184715e-14,,0.0,0.1654891369854254,0.1654891369854254,0.25737070657229355,0.0,-1.0,"{""2"": 21, ""3"": 23, ""4"": 22}",0.1654891369854254,0.1654879254248886,66.38236929729163,1e-05,True,40,development_isotonic_frozen
s0-i10,held_out,0,structural,dprm_myopic,1,0.05,76993f31911749ca,"[[0, 1, 2, 3, 4, 5, 6, 7, 8, 9, 10, 11]]",0.25737070657229355,-0.0,0.0,-3.2963217744184715e-14,,0.0,0.1654891369854254,0.1654891369854254,0.25737070657229355,0.0,-1.0,"{""2"": 21, ""3"": 23, ""4"": 22}",0.1654891369854254,0.1654879254248886,66.38236929729163,1e-05,True,40,development_isotonic_frozen
s0-i10,held_out,0,structural,dprm_rollout,1,0.05,76993f31911749ca,"[[0, 1, 2, 3, 4, 5, 6, 7, 8, 9, 10, 11]]",0.25737070657229355,-0.0,0.0,-3.2963217744184715e-14,,0.0,0.1654891369854254,0.1654891369854254,0.25737070657229355,0.0,-1.0,"{""2"": 21, ""3"": 23, ""4"": 22}",0.1654891369854254,0.1654879254248886,66.38236929729163,1e-05,True,40,development_isotonic_frozen
s0-i10,held_out,0,structural,subset_exact,1,0.05,76993f31911749ca,"[[0, 1, 2, 3, 4, 5, 6, 7, 8, 9, 10, 11]]",0.25737070657229355,-0.0,0.0,-3.2963217744184715e-14,,0.0,0.1654891369854254,0.1654891369854254,0.25737070657229355,0.0,-1.0,"{""2"": 21, ""3"": 23, ""4"": 22}",0.1654891369854254,0.1654879254248886,66.38236929729163,1e-05,True,40,development_isotonic_frozen
s0-i10,held_out,0,structural,subset_beam_8,1,0.05,76993f31911749ca,"[[0, 1, 2, 3, 4, 5, 6, 7, 8, 9, 10, 11]]",0.25737070657229355,-0.0,0.0,-3.2963217744184715e-14,,0.0,0.1654891369854254,0.1654891369854254,0.25737070657229355,0.0,-1.0,"{""2"": 21, ""3"": 23, ""4"": 22}",0.1654891369854254,0.1654879254248886,66.38236929729163,1e-05,True,40,development_isotonic_frozen
s0-i10,held_out,0,structural,subset_beam_32,1,0.05,76993f31911749ca,"[[0, 1, 2, 3, 4, 5, 6, 7, 8, 9, 10, 11]]",0.25737070657229355,-0.0,0.0,-3.2963217744184715e-14,,0.0,0.1654891369854254,0.1654891369854254,0.25737070657229355,0.0,-1.0,"{""2"": 21, ""3"": 23, ""4"": 22}",0.1654891369854254,0.1654879254248886,66.38236929729163,1e-05,True,40,development_isotonic_frozen
s0-i10,held_out,0,structural,saps_diagonal,1,0.05,76993f31911749ca,"[[0, 1, 2, 3, 4, 5, 6, 7, 8, 9, 10, 11]]",0.25737070657229355,-0.0,0.0,-3.2963217744184715e-14,,0.0,0.1654891369854254,0.1654891369854254,0.25737070657229355,0.0,-1.0,"{""2"": 21, ""3"": 23, ""4"": 22}",0.1654891369854254,0.1654879254248886,66.38236929729163,1e-05,True,40,development_isotonic_frozen
s0-i10,held_out,0,structural,p_saps_residualized,1,0.05,76993f31911749ca,"[[0, 1, 2, 3, 4, 5, 6, 7, 8, 9, 10, 11]]",0.25737070657229355,-0.0,0.0,-3.2963217744184715e-14,,0.0,0.1654891369854254,0.1654891369854254,0.25737070657229355,0.0,-1.0,"{""2"": 21, ""3"": 23, ""4"": 22}",0.1654891369854254,0.1654879254248886,66.38236929729163,1e-05,True,40,development_isotonic_frozen
s0-i10,held_out,0,structural,p_saps_projection,1,0.05,76993f31911749ca,"[[0, 1, 2, 3, 4, 5, 6, 7, 8, 9, 10, 11]]",0.25737070657229355,-0.0,0.0,-3.2963217744184715e-14,,0.0,0.1654891369854254,0.1654891369854254,0.25737070657229355,0.0,-1.0,"{""2"": 21, ""3"": 23, ""4"": 22}",0.1654891369854254,0.1654879254248886,66.38236929729163,1e-05,True,40,development_isotonic_frozen
s0-i10,held_out,0,structural,b_saps_budgeted,1,0.05,76993f31911749ca,"[[0, 1, 2, 3, 4, 5, 6, 7, 8, 9, 10, 11]]",0.25737070657229355,-0.0,0.0,-3.2963217744184715e-14,,0.0,0.1654891369854254,0.1654891369854254,0.25737070657229355,0.0,-1.0,"{""2"": 21, ""3"": 23, ""4"": 22}",0.1654891369854254,0.1654879254248886,66.38236929729163,1e-05,True,40,development_isotonic_frozen
s0-i10,held_out,0,structural,random_balanced,1,0.15,76993f31911749ca,"[[0, 1, 2, 3, 4, 5, 6, 7, 8, 9, 10, 11]]",0.6651567993416388,-0.0,0.0,-3.2963217744184715e-14,,0.0,0.1654891369854254,0.1654891369854254,0.6651567993416388,0.0,0.0,"{""2"": 21, ""3"": 23, ""4"": 22}",0.1654891369854254,0.1654879254248886,66.38236929729163,1e-05,True,40,development_isotonic_frozen
s0-i10,held_out,0,structural,confidence,1,0.15,76993f31911749ca,"[[0, 1, 2, 3, 4, 5, 6, 7, 8, 9, 10, 11]]",0.6651567993416388,-0.0,0.0,-3.2963217744184715e-14,,0.0,0.1654891369854254,0.1654891369854254,0.6651567993416388,0.0,0.0,"{""2"": 21, ""3"": 23, ""4"": 22}",0.1654891369854254,0.1654879254248886,66.38236929729163,1e-05,True,40,development_isotonic_frozen
s0-i10,held_out,0,structural,entropy,1,0.15,76993f31911749ca,"[[0, 1, 2, 3, 4, 5, 6, 7, 8, 9, 10, 11]]",0.6651567993416388,-0.0,0.0,-3.2963217744184715e-14,,0.0,0.1654891369854254,0.1654891369854254,0.6651567993416388,0.0,0.0,"{""2"": 21, ""3"": 23, ""4"": 22}",0.1654891369854254,0.1654879254248886,66.38236929729163,1e-05,True,40,development_isotonic_frozen
s0-i10,held_out,0,structural,dependency_cmi,1,0.15,76993f31911749ca,"[[0, 1, 2, 3, 4, 5, 6, 7, 8, 9, 10, 11]]",0.6651567993416388,-0.0,0.0,-3.2963217744184715e-14,,0.0,0.1654891369854254,0.1654891369854254,0.6651567993416388,0.0,0.0,"{""2"": 21, ""3"": 23, ""4"": 22}",0.1654891369854254,0.1654879254248886,66.38236929729163,1e-05,True,40,development_isotonic_frozen
s0-i10,held_out,0,structural,min_within_batch_tc,1,0.15,76993f31911749ca,"[[0, 1, 2, 3, 4, 5, 6, 7, 8, 9, 10, 11]]",0.6651567993416388,-0.0,0.0,-3.2963217744184715e-14,,0.0,0.1654891369854254,0.1654891369854254,0.6651567993416388,0.0,0.0,"{""2"": 21, ""3"": 23, ""4"": 22}",0.1654891369854254,0.1654879254248886,66.38236929729163,1e-05,True,40,development_isotonic_frozen
s0-i10,held_out,0,structural,dprm_myopic,1,0.15,76993f31911749ca,"[[0, 1, 2, 3, 4, 5, 6, 7, 8, 9, 10, 11]]",0.6651567993416388,-0.0,0.0,-3.2963217744184715e-14,,0.0,0.1654891369854254,0.1654891369854254,0.6651567993416388,0.0,0.0,"{""2"": 21, ""3"": 23, ""4"": 22}",0.1654891369854254,0.1654879254248886,66.38236929729163,1e-05,True,40,development_isotonic_frozen
s0-i10,held_out,0,structural,dprm_rollout,1,0.15,76993f31911749ca,"[[0, 1, 2, 3, 4, 5, 6, 7, 8, 9, 10, 11]]",0.6651567993416388,-0.0,0.0,-3.2963217744184715e-14,,0.0,0.1654891369854254,0.1654891369854254,0.6651567993416388,0.0,0.0,"{""2"": 21, ""3"": 23, ""4"": 22}",0.1654891369854254,0.1654879254248886,66.38236929729163,1e-05,True,40,development_isotonic_frozen
s0-i10,held_out,0,structural,subset_exact,1,0.15,76993f31911749ca,"[[0, 1, 2, 3, 4, 5, 6, 7, 8, 9, 10, 11]]",0.6651567993416388,-0.0,0.0,-3.2963217744184715e-14,,0.0,0.1654891369854254,0.1654891369854254,0.6651567993416388,0.0,0.0,"{""2"": 21, ""3"": 23, ""4"": 22}",0.1654891369854254,0.1654879254248886,66.38236929729163,1e-05,True,40,development_isotonic_frozen
s0-i10,held_out,0,structural,subset_beam_8,1,0.15,76993f31911749ca,"[[0, 1, 2, 3, 4, 5, 6, 7, 8, 9, 10, 11]]",0.6651567993416388,-0.0,0.0,-3.2963217744184715e-14,,0.0,0.1654891369854254,0.1654891369854254,0.6651567993416388,0.0,0.0,"{""2"": 21, ""3"": 23, ""4"": 22}",0.1654891369854254,0.1654879254248886,66.38236929729163,1e-05,True,40,development_isotonic_frozen
s0-i10,held_out,0,structural,subset_beam_32,1,0.15,76993f31911749ca,"[[0, 1, 2, 3, 4, 5, 6, 7, 8, 9, 10, 11]]",0.6651567993416388,-0.0,0.0,-3.2963217744184715e-14,,0.0,0.1654891369854254,0.1654891369854254,0.6651567993416388,0.0,0.0,"{""2"": 21, ""3"": 23, ""4"": 22}",0.1654891369854254,0.1654879254248886,66.38236929729163,1e-05,True,40,development_isotonic_frozen
s0-i10,held_out,0,structural,saps_diagonal,1,0.15,76993f31911749ca,"[[0, 1, 2, 3, 4, 5, 6, 7, 8, 9, 10, 11]]",0.6651567993416388,-0.0,0.0,-3.2963217744184715e-14,,0.0,0.1654891369854254,0.1654891369854254,0.6651567993416388,0.0,0.0,"{""2"": 21, ""3"": 23, ""4"": 22}",0.1654891369854254,0.1654879254248886,66.38236929729163,1e-05,True,40,development_isotonic_frozen
s0-i10,held_out,0,structural,p_saps_residualized,1,0.15,76993f31911749ca,"[[0, 1, 2, 3, 4, 5, 6, 7, 8, 9, 10, 11]]",0.6651567993416388,-0.0,0.0,-3.2963217744184715e-14,,0.0,0.1654891369854254,0.1654891369854254,0.6651567993416388,0.0,0.0,"{""2"": 21, ""3"": 23, ""4"": 22}",0.1654891369854254,0.1654879254248886,66.38236929729163,1e-05,True,40,development_isotonic_frozen
s0-i10,held_out,0,structural,p_saps_projection,1,0.15,76993f31911749ca,"[[0, 1, 2, 3, 4, 5, 6, 7, 8, 9, 10, 11]]",0.6651567993416388,-0.0,0.0,-3.2963217744184715e-14,,0.0,0.1654891369854254,0.1654891369854254,0.6651567993416388,0.0,0.0,"{""2"": 21, ""3"": 23, ""4"": 22}",0.1654891369854254,0.1654879254248886,66.38236929729163,1e-05,True,40,development_isotonic_frozen
s0-i10,held_out,0,structural,b_saps_budgeted,1,0.15,76993f31911749ca,"[[0, 1, 2, 3, 4, 5, 6, 7, 8, 9, 10, 11]]",0.6651567993416388,-0.0,0.0,-3.2963217744184715e-14,,0.0,0.1654891369854254,0.1654891369854254,0.6651567993416388,0.0,0.0,"{""2"": 21, ""3"": 23, ""4"": 22}",0.1654891369854254,0.1654879254248886,66.38236929729163,1e-05,True,40,development_isotonic_frozen
s0-i10,held_out,0,structural,random_balanced,2,0.01,f5a32e27252ec975,"[[0, 1, 6, 9, 10, 11], [2, 3, 4, 5, 7, 8]]",0.06560370923508405,-0.27475427312855355,0.524519291406014,-1.1868169574437286e-14,,23.0,0.12972093566634096,0.12972093566634096,0.06594187268474942,0.0,0.0,"{""2"": 32, ""1"": 23, ""3"": 10, ""4"": 1}",0.12972093566634096,0.12971919449164337,64.23286370815505,1e-05,True,40,development_isotonic_frozen
s0-i10,held_out,0,structural,confidence,2,0.01,29060f616ca94f78,"[[0, 4, 8, 9, 10, 11], [1, 2, 3, 5, 6, 7]]",0.06560370923508405,-0.21405909442045687,0.6017159528240584,-1.4634964327024925e-14,,15.0,0.08631593634544878,0.08631593634544878,0.06594187268474942,0.0,0.0,"{""1"": 15, ""2"": 32, ""3"": 18, ""4"": 1}",0.08631593634544878,0.08631478750659433,61.362684531757274,1e-05,True,40,development_isotonic_frozen
s0-i10,held_out,0,structural,entropy,2,0.01,607426094286b011,"[[0, 3, 4, 8, 9, 11], [1, 2, 5, 6, 7, 10]]",0.06560370923508405,-0.22207809756941554,0.6075069021027427,-1.4491892921290794e-14,,29.0,0.08312592151466079,0.08312592151466079,0.06695636303374557,0.0,0.0,"{""1"": 29, ""2"": 30, ""3"": 7}",0.08312592151466079,0.08312505339556313,55.27465241019009,1e-05,True,40,development_isotonic_frozen
s0-i10,held_out,0,structural,dependency_cmi,2,0.01,c0665ae8ef0a48c0,"[[0, 2, 3, 4, 5, 7], [1, 6, 8, 9, 10, 11]]",0.06560370923508405,-0.28283331872975126,0.5258809427237121,-1.6075237190641215e-14,,33.0,0.1424513443866789,0.1424513443866789,0.06492738233575328,0.0,0.0,"{""1"": 33, ""2"": 24, ""3"": 7, ""4"": 2}",0.1424513443866789,0.14244879430100485,46.47835155636701,1e-05,True,40,development_isotonic_frozen
s0-i10,held_out,0,structural,min_within_batch_tc,2,0.01,076e8d8ed4cb3705,"[[0, 2, 3, 5, 10, 11], [1, 4, 6, 7, 8, 9]]",0.06560370923508405,-0.27449705920666145,0.5252038659072309,-1.5871962359486824e-14,,23.0,0.13565846525421832,0.13565846525421832,0.06492738233575328,0.0,0.0,"{""1"": 23, ""2"": 29, ""3"": 12, ""4"": 2}",0.13565846525421832,0.13565663278622098,59.07949264645413,1e-05,True,40,development_isotonic_frozen
s0-i10,held_out,0,structural,dprm_myopic,2,0.01,97e9a7e7ded61663,"[[0, 1, 2, 3, 5, 8], [4, 6, 7, 9, 10, 11]]",0.06560370923508405,-0.29216074952437565,0.4986153988296947,-1.7734567497726763e-14,,25.0,0.15703737864279255,0.15703737864279255,0.06391289198675713,0.0,0.0,"{""2"": 27, ""3"": 11, ""4"": 3, ""1"": 25}",0.15703737864279255,0.1570354827484275,60.13869112737037,1e-05,True,40,development_isotonic_frozen
s0-i10,held_out,0,structural,dprm_rollout,2,0.01,196d76d6e5c028b2,"[[0, 2, 4, 5, 9, 10], [1, 3, 6, 7, 8, 11]]",0.06560370923508405,-0.25339775008371196,0.5382824741668214,-1.5632558136956943e-14,,28.0,0.1458831534241412,0.1458831534241412,0.06695636303374557,0.0,0.0,"{""1"": 28, ""2"": 26, ""3"": 12}",0.1458831534241412,0.14588239857603164,50.234239034124414,1e-05,True,40,development_isotonic_frozen
s0-i10,held_out,0,structural,subset_exact,2,0.01,543028271928dcfa,"[[0, 1, 2, 3, 4, 5], [6, 7, 8, 9, 10, 11]]",0.06560370923508405,-0.2776592785531691,0.5357900094371629,-2.2708239649785892e-14,,26.0,0.13718282613868935,0.13718282613868935,0.058840440241776405,0.0,0.0,"{""2"": 19, ""3"": 13, ""4"": 8, ""1"": 26}",0.13718282613868935,0.13718091272544433,39.41781128944001,1e-05,True,40,development_isotonic_frozen
s0-i10,held_out,0,structural,subset_beam_8,2,0.01,543028271928dcfa,"[[0, 1, 2, 3, 4, 5], [6, 7, 8, 9, 10, 11]]",0.06560370923508405,-0.2776592785531691,0.5357900094371629,-2.2708239649785892e-14,,26.0,0.13718282613868935,0.13718282613868935,0.058840440241776405,0.0,0.0,"{""2"": 19, ""3"": 13, ""4"": 8, ""1"": 26}",0.13718282613868935,0.13718091272544433,39.41781128944001,1e-05,True,40,development_isotonic_frozen
s0-i10,held_out,0,structural,subset_beam_32,2,0.01,543028271928dcfa,"[[0, 1, 2, 3, 4, 5], [6, 7, 8, 9, 10, 11]]",0.06560370923508405,-0.2776592785531691,0.5357900094371629,-2.2708239649785892e-14,,26.0,0.13718282613868935,0.13718282613868935,0.058840440241776405,0.0,0.0,"{""2"": 19, ""3"": 13, ""4"": 8, ""1"": 26}",0.13718282613868935,0.13718091272544433,39.41781128944001,1e-05,True,40,development_isotonic_frozen
s0-i10,held_out,0,structural,saps_diagonal,2,0.01,f6658aa58f66bd92,"[[0, 1, 3, 4, 5, 6], [2, 7, 8, 9, 10, 11]]",0.06560370923508405,-0.2823098844057312,0.5398144553778652,-1.8000764604531568e-14,,37.0,0.13053042246847543,0.13053042246847543,0.06391289198675713,0.0,0.0,"{""2"": 17, ""1"": 37, ""3"": 9, ""4"": 3}",0.13053042246847543,0.13052662242587762,42.82392002954391,1e-05,True,40,development_isotonic_frozen
s0-i10,held_out,0,structural,p_saps_residualized,2,0.01,86d2d54198bda245,"[[1, 3, 5, 7, 9, 11], [0, 2, 4, 6, 8, 10]]",0.06560370923508405,-0.3075024048172874,0.494682521834451,-1.4815612620975355e-14,,29.0,0.1596664063059783,0.1596664063059783,0.06695636303374557,0.0,0.0,"{""1"": 29, ""2"": 32, ""3"": 5}",0.1596664063059783,0.1596652098838009,58.55552210344875,1e-05,True,80,development_isotonic_frozen
s0-i10,held_out,0,structural,p_saps_projection,2,0.01,16751afc4b6f5df1,"[[0, 1, 3, 5, 10, 11], [2, 4, 6, 7, 8, 9]]",0.06560370923508405,-0.28017539183221224,0.5274063124451124,-1.5064308721081924e-14,,30.0,0.16936637776424873,0.16936637776424873,0.06594187268474942,0.0,0.0,"{""2"": 29, ""1"": 30, ""3"": 6, ""4"": 1}",0.16936637776424873,0.16934407960301434,55.318194779802305,1e-05,True,640,development_isotonic_frozen
s0-i10,held_out,0,structural,b_saps_budgeted,2,0.01,fde50ebd03203d79,"[[0, 1, 3, 6, 9, 10], [2, 4, 5, 7, 8, 11]]",0.06560370923508405,-0.2990734611559357,0.48806346205173906,-1.4304689770396238e-14,,34.0,0.11349953299213314,0.11349953299213314,0.06695636303374557,0.0,0.0,"{""2"": 25, ""1"": 34, ""3"": 7}",0.11349953299213314,0.11349863309567165,52.63608561613674,1e-05,True,40,development_isotonic_frozen
s0-i10,held_out,0,structural,random_balanced,2,0.05,f5a32e27252ec975,"[[0, 1, 6, 9, 10, 11], [2, 3, 4, 5, 7, 8]]",0.2985218953946635,-0.27475427312855355,0.524519291406014,-1.1868169574437286e-14,,23.0,0.12972093566634096,0.12972093566634096,0.29918562424663725,0.0,0.0,"{""2"": 32, ""1"": 23, ""3"": 10, ""4"": 1}",0.12972093566634096,0.12971919449164337,64.23286370815505,1e-05,True,40,development_isotonic_frozen
s0-i10,held_out,0,structural,confidence,2,0.05,29060f616ca94f78,"[[0, 4, 8, 9, 10, 11], [1, 2, 3, 5, 6, 7]]",0.2985218953946635,-0.21405909442045687,0.6017159528240584,-1.4634964327024925e-14,,15.0,0.08631593634544878,0.08631593634544878,0.29918562424663725,0.0,0.0,"{""1"": 15, ""2"": 32, ""3"": 18, ""4"": 1}",0.08631593634544878,0.08631478750659433,61.362684531757274,1e-05,True,40,development_isotonic_frozen
s0-i10,held_out,0,structural,entropy,2,0.05,607426094286b011,"[[0, 3, 4, 8, 9, 11], [1, 2, 5, 6, 7, 10]]",0.2985218953946635,-0.22207809756941554,0.6075069021027427,-1.4491892921290794e-14,,29.0,0.08312592151466079,0.08312592151466079,0.30117681080255837,0.0,0.0,"{""1"": 29, ""2"": 30, ""3"": 7}",0.08312592151466079,0.08312505339556313,55.27465241019009,1e-05,True,40,development_isotonic_frozen
s0-i10,held_out,0,structural,dependency_cmi,2,0.05,c0665ae8ef0a48c0,"[[0, 2, 3, 4, 5, 7], [1, 6, 8, 9, 10, 11]]",0.2985218953946635,-0.28283331872975126,0.5258809427237121,-1.6075237190641215e-14,,33.0,0.1424513443866789,0.1424513443866789,0.29719443769071613,0.0,0.0,"{""1"": 33, ""2"": 24, ""3"": 7, ""4"": 2}",0.1424513443866789,0.14244879430100485,46.47835155636701,1e-05,True,40,development_isotonic_frozen
s0-i10,held_out,0,structural,min_within_batch_tc,2,0.05,076e8d8ed4cb3705,"[[0, 2, 3, 5, 10, 11], [1, 4, 6, 7, 8, 9]]",0.2985218953946635,-0.27449705920666145,0.5252038659072309,-1.5871962359486824e-14,,23.0,0.13565846525421832,0.13565846525421832,0.29719443769071613,0.0,0.0,"{""1"": 23, ""2"": 29, ""3"": 12, ""4"": 2}",0.13565846525421832,0.13565663278622098,59.07949264645413,1e-05,True,40,development_isotonic_frozen
s0-i10,held_out,0,structural,dprm_myopic,2,0.05,97e9a7e7ded61663,"[[0, 1, 2, 3, 5, 8], [4, 6, 7, 9, 10, 11]]",0.2985218953946635,-0.29216074952437565,0.4986153988296947,-1.7734567497726763e-14,,25.0,0.15703737864279255,0.15703737864279255,0.295203251134795,0.0,-1.0,"{""2"": 27, ""3"": 11, ""4"": 3, ""1"": 25}",0.15703737864279255,0.1570354827484275,60.13869112737037,1e-05,True,40,development_isotonic_frozen
s0-i10,held_out,0,structural,dprm_rollout,2,0.05,018c145f778c0156,"[[0, 2, 4, 5, 6, 9], [1, 3, 7, 8, 10, 11]]",0.2985218953946635,-0.2648571346578383,0.5374726167940046,-1.6081832664966038e-14,,27.0,0.14665606017577046,0.14665606017577046,0.30117681080255837,0.0,0.0,"{""1"": 27, ""2"": 25, ""3"": 14}",0.14665606017577046,0.14665238997423008,51.794843433819146,1e-05,True,40,development_isotonic_frozen
s0-i10,held_out,0,structural,subset_exact,2,0.05,8716d917e2bf9cd4,"[[0, 1, 3, 4, 6, 7], [2, 5, 8, 9, 10, 11]]",0.2985218953946635,-0.2948649497739854,0.5253357602684746,-1.2960895960270614e-14,,34.0,0.1480751263502474,0.1480751263502474,0.295203251134795,0.0,0.0,"{""2"": 19, ""1"": 34, ""3"": 10, ""4"": 3}",0.1480751263502474,0.14807314541255157,45.33321509181377,1e-05,True,40,development_isotonic_frozen
s0-i10,held_out,0,structural,subset_beam_8,2,0.05,543028271928dcfa,"[[0, 1, 2, 3, 4, 5], [6, 7, 8, 9, 10, 11]]",0.2985218953946635,-0.2776592785531691,0.5357900094371629,-2.2708239649785892e-14,,26.0,0.13718282613868935,0.13718282613868935,0.28524731835518935,0.0,0.0,"{""2"": 19, ""3"": 13, ""4"": 8, ""1"": 26}",0.13718282613868935,0.13718091272544433,39.41781128944001,1e-05,True,40,development_isotonic_frozen
s0-i10,held_out,0,structural,subset_beam_32,2,0.05,543028271928dcfa,"[[0, 1, 2, 3, 4, 5], [6, 7, 8, 9, 10, 11]]",0.2985218953946635,-0.2776592785531691,0.5357900094371629,-2.2708239649785892e-14,,26.0,0.13718282613868935,0.13718282613868935,0.28524731835518935,0.0,0.0,"{""2"": 19, ""3"": 13, ""4"": 8, ""1"": 26}",0.13718282613868935,0.13718091272544433,39.41781128944001,1e-05,True,40,development_isotonic_frozen
s0-i10,held_out,0,structural,saps_diagonal,2,0.05,f6658aa58f66bd92,"[[0, 1, 3, 4, 5, 6], [2, 7, 8, 9, 10, 11]]",0.2985218953946635,-0.2823098844057312,0.5398144553778652,-1.8000764604531568e-14,,37.0,0.13053042246847543,0.13053042246847543,0.295203251134795,0.0,0.0,"{""2"": 17, ""1"": 37, ""3"": 9, ""4"": 3}",0.13053042246847543,0.13052662242587762,42.82392002954391,1e-05,True,40,development_isotonic_frozen
s0-i10,held_out,0,structural,p_saps_residualized,2,0.05,86d2d54198bda245,"[[1, 3, 5, 7, 9, 11], [0, 2, 4, 6, 8, 10]]",0.2985218953946635,-0.3075024048172874,0.494682521834451,-1.4815612620975355e-14,,29.0,0.1596664063059783,0.1596664063059783,0.30117681080255837,0.0,0.0,"{""1"": 29, ""2"": 32, ""3"": 5}",0.1596664063059783,0.1596652098838009,58.55552210344875,1e-05,True,80,development_isotonic_frozen
s0-i10,held_out,0,structural,p_saps_projection,2,0.05,16751afc4b6f5df1,"[[0, 1, 3, 5, 10, 11], [2, 4, 6, 7, 8, 9]]",0.2985218953946635,-0.28017539183221224,0.5274063124451124,-1.5064308721081924e-14,,30.0,0.16936637776424873,0.16936637776424873,0.29918562424663725,0.0,0.0,"{""2"": 29, ""1"": 30, ""3"": 6, ""4"": 1}",0.16936637776424873,0.16934407960301434,55.318194779802305,1e-05,True,640,development_isotonic_frozen
s0-i10,held_out,0,structural,b_saps_budgeted,2,0.05,fde50ebd03203d79,"[[0, 1, 3, 6, 9, 10], [2, 4, 5, 7, 8, 11]]",0.2985218953946635,-0.2990734611559357,0.48806346205173906,-1.4304689770396238e-14,,34.0,0.11349953299213314,0.11349953299213314,0.30117681080255837,0.0,-1.0,"{""2"": 25, ""1"": 34, ""3"": 7}",0.11349953299213314,0.11349863309567165,52.63608561613674,1e-05,True,40,development_isotonic_frozen
s0-i10,held_out,0,structural,random_balanced,2,0.15,f5a32e27252ec975,"[[0, 1, 6, 9, 10, 11], [2, 3, 4, 5, 7, 8]]",3.6206342089619206,-0.27475427312855355,0.524519291406014,-1.1868169574437286e-14,,23.0,0.12972093566634096,0.12972093566634096,3.3871694595224118,0.0,0.0,"{""2"": 32, ""1"": 23, ""3"": 10, ""4"": 1}",0.12972093566634096,0.12971919449164337,64.23286370815505,1e-05,True,40,development_isotonic_frozen
s0-i10,held_out,0,structural,confidence,2,0.15,29060f616ca94f78,"[[0, 4, 8, 9, 10, 11], [1, 2, 3, 5, 6, 7]]",3.6206342089619206,-0.21405909442045687,0.6017159528240584,-1.4634964327024925e-14,,15.0,0.08631593634544878,0.08631593634544878,2.5615704355714684,0.0,1.0,"{""1"": 15, ""2"": 32, ""3"": 18, ""4"": 1}",0.08631593634544878,0.08631478750659433,61.362684531757274,1e-05,True,40,development_isotonic_frozen
s0-i10,held_out,0,structural,entropy,2,0.15,607426094286b011,"[[0, 3, 4, 8, 9, 11], [1, 2, 5, 6, 7, 10]]",3.6206342089619206,-0.22207809756941554,0.6075069021027427,-1.4491892921290794e-14,,29.0,0.08312592151466079,0.08312592151466079,3.9430204608816535,0.0,0.0,"{""1"": 29, ""2"": 30, ""3"": 7}",0.08312592151466079,0.08312505339556313,55.27465241019009,1e-05,True,40,development_isotonic_frozen
s0-i10,held_out,0,structural,dependency_cmi,2,0.15,c0665ae8ef0a48c0,"[[0, 2, 3, 4, 5, 7], [1, 6, 8, 9, 10, 11]]",3.6206342089619206,-0.28283331872975126,0.5258809427237121,-1.6075237190641215e-14,,33.0,0.1424513443866789,0.1424513443866789,4.165775173045228,0.0,0.0,"{""1"": 33, ""2"": 24, ""3"": 7, ""4"": 2}",0.1424513443866789,0.14244879430100485,46.47835155636701,1e-05,True,40,development_isotonic_frozen
s0-i10,held_out,0,structural,min_within_batch_tc,2,0.15,076e8d8ed4cb3705,"[[0, 2, 3, 5, 10, 11], [1, 4, 6, 7, 8, 9]]",3.6206342089619206,-0.27449705920666145,0.5252038659072309,-1.5871962359486824e-14,,23.0,0.13565846525421832,0.13565846525421832,3.2921470596164633,0.0,0.0,"{""1"": 23, ""2"": 29, ""3"": 12, ""4"": 2}",0.13565846525421832,0.13565663278622098,59.07949264645413,1e-05,True,40,development_isotonic_frozen
s0-i10,held_out,0,structural,dprm_myopic,2,0.15,97e9a7e7ded61663,"[[0, 1, 2, 3, 5, 8], [4, 6, 7, 9, 10, 11]]",3.6206342089619206,-0.29216074952437565,0.4986153988296947,-1.7734567497726763e-14,,25.0,0.15703737864279255,0.15703737864279255,3.4351985490002335,0.0,0.0,"{""2"": 27, ""3"": 11, ""4"": 3, ""1"": 25}",0.15703737864279255,0.1570354827484275,60.13869112737037,1e-05,True,40,development_isotonic_frozen
s0-i10,held_out,0,structural,dprm_rollout,2,0.15,fa8a8505aa3795d6,"[[0, 1, 2, 3, 9, 11], [4, 5, 6, 7, 8, 10]]",3.6206342089619206,-0.27812267042495015,0.5262857947439961,-1.6503149523273173e-14,,30.0,0.1300762339690693,0.1300762339690693,3.8561755390636248,0.0,0.0,"{""2"": 24, ""3"": 9, ""4"": 3, ""1"": 30}",0.1300762339690693,0.13007566380686492,57.69493132204614,1e-05,True,40,development_isotonic_frozen
s0-i10,held_out,0,structural,subset_exact,2,0.15,543028271928dcfa,"[[0, 1, 2, 3, 4, 5], [6, 7, 8, 9, 10, 11]]",3.6206342089619206,-0.2776592785531691,0.5357900094371629,-2.2708239649785892e-14,,26.0,0.13718282613868935,0.13718282613868935,3.2850053605782388,0.0,0.0,"{""2"": 19, ""3"": 13, ""4"": 8, ""1"": 26}",0.13718282613868935,0.13718091272544433,39.41781128944001,1e-05,True,40,development_isotonic_frozen
s0-i10,held_out,0,structural,subset_beam_8,2,0.15,543028271928dcfa,"[[0, 1, 2, 3, 4, 5], [6, 7, 8, 9, 10, 11]]",3.6206342089619206,-0.2776592785531691,0.5357900094371629,-2.2708239649785892e-14,,26.0,0.13718282613868935,0.13718282613868935,3.2850053605782388,0.0,0.0,"{""2"": 19, ""3"": 13, ""4"": 8, ""1"": 26}",0.13718282613868935,0.13718091272544433,39.41781128944001,1e-05,True,40,development_isotonic_frozen
s0-i10,held_out,0,structural,subset_beam_32,2,0.15,543028271928dcfa,"[[0, 1, 2, 3, 4, 5], [6, 7, 8, 9, 10, 11]]",3.6206342089619206,-0.2776592785531691,0.5357900094371629,-2.2708239649785892e-14,,26.0,0.13718282613868935,0.13718282613868935,3.2850053605782388,0.0,0.0,"{""2"": 19, ""3"": 13, ""4"": 8, ""1"": 26}",0.13718282613868935,0.13718091272544433,39.41781128944001,1e-05,True,40,development_isotonic_frozen
s0-i10,held_out,0,structural,saps_diagonal,2,0.15,f6658aa58f66bd92,"[[0, 1, 3, 4, 5, 6], [2, 7, 8, 9, 10, 11]]",3.6206342089619206,-0.2823098844057312,0.5398144553778652,-1.8000764604531568e-14,,37.0,0.13053042246847543,0.13053042246847543,4.356855751906821,0.0,0.0,"{""2"": 17, ""1"": 37, ""3"": 9, ""4"": 3}",0.13053042246847543,0.13052662242587762,42.82392002954391,1e-05,True,40,development_isotonic_frozen
s0-i10,held_out,0,structural,p_saps_residualized,2,0.15,86d2d54198bda245,"[[1, 3, 5, 7, 9, 11], [0, 2, 4, 6, 8, 10]]",3.6206342089619206,-0.3075024048172874,0.494682521834451,-1.4815612620975355e-14,,29.0,0.1596664063059783,0.1596664063059783,4.0063687274856195,0.0,1.0,"{""1"": 29, ""2"": 32, ""3"": 5}",0.1596664063059783,0.1596652098838009,58.55552210344875,1e-05,True,80,development_isotonic_frozen
s0-i10,held_out,0,structural,p_saps_projection,2,0.15,16751afc4b6f5df1,"[[0, 1, 3, 5, 10, 11], [2, 4, 6, 7, 8, 9]]",3.6206342089619206,-0.28017539183221224,0.5274063124451124,-1.5064308721081924e-14,,30.0,0.16936637776424873,0.16936637776424873,4.014546205573539,0.0,1.0,"{""2"": 29, ""1"": 30, ""3"": 6, ""4"": 1}",0.16936637776424873,0.16934407960301434,55.318194779802305,1e-05,True,640,development_isotonic_frozen
s0-i10,held_out,0,structural,b_saps_budgeted,2,0.15,fb4af8006fa8bba5,"[[0, 1, 3, 5, 6, 9], [2, 4, 7, 8, 10, 11]]",3.6206342089619206,-0.3041795473113787,0.49000123367204124,-1.5920163203241094e-14,,36.0,0.09831450924938448,0.09831450924938448,4.57039720693278,0.0,0.0,"{""2"": 27, ""1"": 36, ""3"": 3}",0.09831450924938448,0.09831054569711044,52.6432240152411,1e-05,True,40,development_isotonic_frozen
s0-i10,held_out,0,structural,random_balanced,3,0.01,a9f8e361f71c55d9,"[[0, 9, 10, 11], [1, 3, 6, 7], [2, 4, 5, 8]]",0.06682109765387942,-0.5512422050085216,1.0457303227500783,-6.1727699838851e-15,,39.0,0.11864763644566065,0.11864763644566065,0.06695636303374557,0.0,0.0,"{""1"": 39, ""2"": 23, ""3"": 4}",0.11864763644566065,0.11864540972407163,47.941585499483885,1e-05,True,40,development_isotonic_frozen
s0-i10,held_out,0,structural,confidence,3,0.01,0b3441235e5b93ae,"[[0, 4, 8, 11], [2, 5, 9, 10], [1, 3, 6, 7]]",0.06682109765387942,-0.44378846769130426,1.1948838167221947,-7.54817462656502e-15,,33.0,0.08529676013055533,0.08529676013055533,0.06695636303374557,0.0,0.0,"{""1"": 33, ""2"": 30, ""3"": 3}",0.08529676013055533,0.08529462316505598,44.11030642864816,1e-05,True,40,development_isotonic_frozen
s0-i10,held_out,0,structural,entropy,3,0.01,ea8761832669410a,"[[0, 4, 8, 11], [3, 5, 9, 10], [1, 2, 6, 7]]",0.06682109765387942,-0.44499869211869864,1.2055090693143982,-7.619270525314324e-15,,39.0,0.07008130276169665,0.07008130276169665,0.06695636303374557,0.0,0.0,"{""1"": 39, ""2"": 26, ""3"": 1}",0.07008130276169665,0.07008062872358979,47.066820086928665,1e-05,True,40,development_isotonic_frozen
s0-i10,held_out,0,structural,dependency_cmi,3,0.01,416e390edd048b40,"[[0, 2, 3, 7], [1, 5, 6, 8], [4, 9, 10, 11]]",0.06682109765387942,-0.6246335950755384,0.9537430101326702,-7.0552018960759325e-15,,39.0,0.1490879012811129,0.1490879012811129,0.06695636303374557,0.0,0.0,"{""1"": 39, ""2"": 23, ""3"": 4}",0.1490879012811129,0.14908464305153657,54.005442406839194,1e-05,True,40,development_isotonic_frozen
s0-i10,held_out,0,structural,min_within_batch_tc,3,0.01,921cb3ba225edb42,"[[0, 2, 10, 11], [3, 4, 5, 7], [1, 6, 8, 9]]",0.06682109765387942,-0.5279051037535875,1.0856028663649158,-7.659008537945605e-15,,43.0,0.1125271344253142,0.1125271344253142,0.06695636303374557,0.0,0.0,"{""1"": 43, ""2"": 20, ""3"": 3}",0.1125271344253142,0.11251663002790713,47.25069924875205,1e-05,True,40,development_isotonic_frozen
s0-i10,held_out,0,structural,dprm_myopic,3,0.01,214ec2dabff0cff2,"[[0, 2, 5, 8], [1, 3, 4, 6], [7, 9, 10, 11]]",0.06682109765387942,-0.5496496922477729,1.0487266267220547,-9.59434921210275e-15,,35.0,0.1682218720217234,0.1682218720217234,0.06695636303374557,0.0,0.0,"{""1"": 35, ""2"": 23, ""3"": 8}",0.1682218720217234,0.16820369629031767,49.27034794227586,1e-05,True,40,development_isotonic_frozen
s0-i10,held_out,0,structural,dprm_rollout,3,0.01,cdfbd76e1d343a7e,"[[0, 4, 9, 10], [2, 3, 5, 6], [1, 7, 8, 11]]",0.06682109765387942,-0.5143590230135017,1.0844425719327273,-9.780751338212847e-15,,36.0,0.12500768309653765,0.12500768309653765,0.06695636303374557,0.0,0.0,"{""1"": 36, ""2"": 26, ""3"": 4}",0.12500768309653765,0.12500720957481834,44.931726037732645,1e-05,True,40,development_isotonic_frozen
s0-i10,held_out,0,structural,subset_exact,3,0.01,5d675c22c279f0e9,"[[0, 1, 2, 3], [4, 5, 8, 11], [6, 7, 9, 10]]",0.06682109765387942,-0.5484137570436783,1.0747144152795147,-1.309176228888127e-14,,37.0,0.13768660511675612,0.13768660511675612,0.06594187268474942,0.0,0.0,"{""2"": 23, ""3"": 5, ""4"": 1, ""1"": 37}",0.13768660511675612,0.13768567950961666,40.711174235276275,1e-05,True,40,development_isotonic_frozen
s0-i10,held_out,0,structural,subset_beam_8,3,0.01,5d675c22c279f0e9,"[[0, 1, 2, 3], [4, 5, 8, 11], [6, 7, 9, 10]]",0.06682109765387942,-0.5484137570436783,1.0747144152795147,-1.309176228888127e-14,,37.0,0.13768660511675612,0.13768660511675612,0.06594187268474942,0.0,0.0,"{""2"": 23, ""3"": 5, ""4"": 1, ""1"": 37}",0.13768660511675612,0.13768567950961666,40.711174235276275,1e-05,True,40,development_isotonic_frozen
s0-i10,held_out,0,structural,subset_beam_32,3,0.01,5d675c22c279f0e9,"[[0, 1, 2, 3], [4, 5, 8, 11], [6, 7, 9, 10]]",0.06682109765387942,-0.5484137570436783,1.0747144152795147,-1.309176228888127e-14,,37.0,0.13768660511675612,0.13768660511675612,0.06594187268474942,0.0,0.0,"{""2"": 23, ""3"": 5, ""4"": 1, ""1"": 37}",0.13768660511675612,0.13768567950961666,40.711174235276275,1e-05,True,40,development_isotonic_frozen
s0-i10,held_out,0,structural,saps_diagonal,3,0.01,b85545b2d90277b7,"[[0, 3, 5, 7], [1, 6, 9, 10], [2, 4, 8, 11]]",0.06682109765387942,-0.6234903157222939,0.9527107772816549,-8.446997226789094e-15,,55.0,0.0813041761408324,0.0813041761408324,0.06695636303374557,0.0,0.0,"{""1"": 55, ""2"": 11}",0.0813041761408324,0.08130286047160293,46.79295075280195,1e-05,True,40,development_isotonic_frozen
s0-i10,held_out,0,structural,p_saps_residualized,3,0.01,791368acb33e8ed4,"[[2, 6, 7, 10], [0, 3, 4, 5], [1, 8, 9, 11]]",0.06682109765387942,-0.6145066696171457,0.9611142465099971,-1.076971940714165e-14,,42.0,0.09824699919990587,0.09824699919990587,0.06695636303374557,0.0,0.0,"{""1"": 42, ""2"": 20, ""3"": 4}",0.09824699919990587,0.09824627735382901,46.369084774770286,1e-05,True,80,development_isotonic_frozen
s0-i10,held_out,0,structural,p_saps_projection,3,0.01,416e390edd048b40,"[[0, 2, 3, 7], [1, 5, 6, 8], [4, 9, 10, 11]]",0.06682109765387942,-0.6246335950755384,0.9537430101326702,-7.0552018960759325e-15,,39.0,0.1490879012811129,0.1490879012811129,0.06695636303374557,0.0,0.0,"{""1"": 39, ""2"": 23, ""3"": 4}",0.1490879012811129,0.14908464305153657,54.005442406839194,1e-05,True,640,development_isotonic_frozen
s0-i10,held_out,0,structural,b_saps_budgeted,3,0.01,a9f8e361f71c55d9,"[[0, 9, 10, 11], [1, 3, 6, 7], [2, 4, 5, 8]]",0.06682109765387942,-0.5512422050085216,1.0457303227500783,-6.1727699838851e-15,,39.0,0.11864763644566065,0.11864763644566065,0.06695636303374557,0.0,0.0,"{""1"": 39, ""2"": 23, ""3"": 4}",0.11864763644566065,0.11864540972407163,47.941585499483885,1e-05,True,40,development_isotonic_frozen
s0-i10,held_out,0,structural,random_balanced,3,0.05,a9f8e361f71c55d9,"[[0, 9, 10, 11], [1, 3, 6, 7], [2, 4, 5, 8]]",0.3009113192617689,-0.5512422050085216,1.0457303227500783,-6.1727699838851e-15,,39.0,0.11864763644566065,0.11864763644566065,0.30117681080255837,0.0,0.0,"{""1"": 39, ""2"": 23, ""3"": 4}",0.11864763644566065,0.11864540972407163,47.941585499483885,1e-05,True,40,development_isotonic_frozen
s0-i10,held_out,0,structural,confidence,3,0.05,0b3441235e5b93ae,"[[0, 4, 8, 11], [2, 5, 9, 10], [1, 3, 6, 7]]",0.3009113192617689,-0.44378846769130426,1.1948838167221947,-7.54817462656502e-15,,33.0,0.08529676013055533,0.08529676013055533,0.30117681080255837,0.0,0.0,"{""1"": 33, ""2"": 30, ""3"": 3}",0.08529676013055533,0.08529462316505598,44.11030642864816,1e-05,True,40,development_isotonic_frozen
s0-i10,held_out,0,structural,entropy,3,0.05,ea8761832669410a,"[[0, 4, 8, 11], [3, 5, 9, 10], [1, 2, 6, 7]]",0.3009113192617689,-0.44499869211869864,1.2055090693143982,-7.619270525314324e-15,,39.0,0.07008130276169665,0.07008130276169665,0.30117681080255837,0.0,0.0,"{""1"": 39, ""2"": 26, ""3"": 1}",0.07008130276169665,0.07008062872358979,47.066820086928665,1e-05,True,40,development_isotonic_frozen
s0-i10,held_out,0,structural,dependency_cmi,3,0.05,416e390edd048b40,"[[0, 2, 3, 7], [1, 5, 6, 8], [4, 9, 10, 11]]",0.3009113192617689,-0.6246335950755384,0.9537430101326702,-7.0552018960759325e-15,,39.0,0.1490879012811129,0.1490879012811129,0.30117681080255837,-0.125,0.0,"{""1"": 39, ""2"": 23, ""3"": 4}",0.1490879012811129,0.14908464305153657,54.005442406839194,1e-05,True,40,development_isotonic_frozen
s0-i10,held_out,0,structural,min_within_batch_tc,3,0.05,921cb3ba225edb42,"[[0, 2, 10, 11], [3, 4, 5, 7], [1, 6, 8, 9]]",0.3009113192617689,-0.5279051037535875,1.0856028663649158,-7.659008537945605e-15,,43.0,0.1125271344253142,0.1125271344253142,0.30117681080255837,0.0,0.0,"{""1"": 43, ""2"": 20, ""3"": 3}",0.1125271344253142,0.11251663002790713,47.25069924875205,1e-05,True,40,development_isotonic_frozen
s0-i10,held_out,0,structural,dprm_myopic,3,0.05,214ec2dabff0cff2,"[[0, 2, 5, 8], [1, 3, 4, 6], [7, 9, 10, 11]]",0.3009113192617689,-0.5496496922477729,1.0487266267220547,-9.59434921210275e-15,,35.0,0.1682218720217234,0.1682218720217234,0.30117681080255837,0.0,-1.0,"{""1"": 35, ""2"": 23, ""3"": 8}",0.1682218720217234,0.16820369629031767,49.27034794227586,1e-05,True,40,development_isotonic_frozen
s0-i10,held_out,0,structural,dprm_rollout,3,0.05,4a6a879d5b488fbd,"[[2, 4, 5, 9], [0, 3, 6, 8], [1, 7, 10, 11]]",0.3009113192617689,-0.5285715574174459,1.0740017842162932,-8.314655924286251e-15,,50.0,0.16555911815960617,0.16555911815960617,0.30117681080255837,0.0,0.0,"{""1"": 50, ""2"": 16}",0.16555911815960617,0.16551958433269973,44.66286854008485,1e-05,True,40,development_isotonic_frozen
s0-i10,held_out,0,structural,subset_exact,3,0.05,89c9d4d44eb3fbf5,"[[0, 1, 3, 6], [2, 4, 8, 11], [5, 7, 9, 10]]",0.3009113192617689,-0.5594176613149237,1.075991232227098,-9.240704921673227e-15,,48.0,0.13694351566983382,0.13694351566983382,0.30117681080255837,0.0,-1.0,"{""2"": 16, ""1"": 48, ""3"": 2}",0.13694351566983382,0.13694253510521034,41.08553157679406,1e-05,True,40,development_isotonic_frozen
s0-i10,held_out,0,structural,subset_beam_8,3,0.05,89c9d4d44eb3fbf5,"[[0, 1, 3, 6], [2, 4, 8, 11], [5, 7, 9, 10]]",0.3009113192617689,-0.5594176613149237,1.075991232227098,-9.240704921673227e-15,,48.0,0.13694351566983382,0.13694351566983382,0.30117681080255837,0.0,-1.0,"{""2"": 16, ""1"": 48, ""3"": 2}",0.13694351566983382,0.13694253510521034,41.08553157679406,1e-05,True,40,development_isotonic_frozen
s0-i10,held_out,0,structural,subset_beam_32,3,0.05,89c9d4d44eb3fbf5,"[[0, 1, 3, 6], [2, 4, 8, 11], [5, 7, 9, 10]]",0.3009113192617689,-0.5594176613149237,1.075991232227098,-9.240704921673227e-15,,48.0,0.13694351566983382,0.13694351566983382,0.30117681080255837,0.0,-1.0,"{""2"": 16, ""1"": 48, ""3"": 2}",0.13694351566983382,0.13694253510521034,41.08553157679406,1e-05,True,40,development_isotonic_frozen
s0-i10,held_out,0,structural,saps_diagonal,3,0.05,b85545b2d90277b7,"[[0, 3, 5, 7], [1, 6, 9, 10], [2, 4, 8, 11]]",0.3009113192617689,-0.6234903157222939,0.9527107772816549,-8.446997226789094e-15,,55.0,0.0813041761408324,0.0813041761408324,0.30117681080255837,0.0,-1.0,"{""1"": 55, ""2"": 11}",0.0813041761408324,0.08130286047160293,46.79295075280195,1e-05,True,40,development_isotonic_frozen
s0-i10,held_out,0,structural,p_saps_residualized,3,0.05,791368acb33e8ed4,"[[2, 6, 7, 10], [0, 3, 4, 5], [1, 8, 9, 11]]",0.3009113192617689,-0.6145066696171457,0.9611142465099971,-1.076971940714165e-14,,42.0,0.09824699919990587,0.09824699919990587,0.30117681080255837,0.0,0.0,"{""1"": 42, ""2"": 20, ""3"": 4}",0.09824699919990587,0.09824627735382901,46.369084774770286,1e-05,True,80,development_isotonic_frozen
s0-i10,held_out,0,structural,p_saps_projection,3,0.05,416e390edd048b40,"[[0, 2, 3, 7], [1, 5, 6, 8], [4, 9, 10, 11]]",0.3009113192617689,-0.6246335950755384,0.9537430101326702,-7.0552018960759325e-15,,39.0,0.1490879012811129,0.1490879012811129,0.30117681080255837,-0.125,0.0,"{""1"": 39, ""2"": 23, ""3"": 4}",0.1490879012811129,0.14908464305153657,54.005442406839194,1e-05,True,640,development_isotonic_frozen
s0-i10,held_out,0,structural,b_saps_budgeted,3,0.05,a9f8e361f71c55d9,"[[0, 9, 10, 11], [1, 3, 6, 7], [2, 4, 5, 8]]",0.3009113192617689,-0.5512422050085216,1.0457303227500783,-6.1727699838851e-15,,39.0,0.11864763644566065,0.11864763644566065,0.30117681080255837,0.0,0.0,"{""1"": 39, ""2"": 23, ""3"": 4}",0.11864763644566065,0.11864540972407163,47.941585499483885,1e-05,True,40,development_isotonic_frozen
s0-i10,held_out,0,structural,random_balanced,3,0.15,a9f8e361f71c55d9,"[[0, 9, 10, 11], [1, 3, 6, 7], [2, 4, 5, 8]]",4.8512619669004335,-0.5512422050085216,1.0457303227500783,-6.1727699838851e-15,,39.0,0.11864763644566065,0.11864763644566065,4.753300307706453,0.0,1.0,"{""1"": 39, ""2"": 23, ""3"": 4}",0.11864763644566065,0.11864540972407163,47.941585499483885,1e-05,True,40,development_isotonic_frozen
s0-i10,held_out,0,structural,confidence,3,0.15,0b3441235e5b93ae,"[[0, 4, 8, 11], [2, 5, 9, 10], [1, 3, 6, 7]]",4.8512619669004335,-0.44378846769130426,1.1948838167221947,-7.54817462656502e-15,,33.0,0.08529676013055533,0.08529676013055533,4.355819972857125,0.0,0.0,"{""1"": 33, ""2"": 30, ""3"": 3}",0.08529676013055533,0.08529462316505598,44.11030642864816,1e-05,True,40,development_isotonic_frozen
s0-i10,held_out,0,structural,entropy,3,0.15,ea8761832669410a,"[[0, 4, 8, 11], [3, 5, 9, 10], [1, 2, 6, 7]]",4.8512619669004335,-0.44499869211869864,1.2055090693143982,-7.619270525314324e-15,,39.0,0.07008130276169665,0.07008130276169665,4.848322707612401,0.0,0.0,"{""1"": 39, ""2"": 26, ""3"": 1}",0.07008130276169665,0.07008062872358979,47.066820086928665,1e-05,True,40,development_isotonic_frozen
s0-i10,held_out,0,structural,dependency_cmi,3,0.15,416e390edd048b40,"[[0, 2, 3, 7], [1, 5, 6, 8], [4, 9, 10, 11]]",4.8512619669004335,-0.6246335950755384,0.9537430101326702,-7.0552018960759325e-15,,39.0,0.1490879012811129,0.1490879012811129,4.753300307706453,0.0,0.0,"{""1"": 39, ""2"": 23, ""3"": 4}",0.1490879012811129,0.14908464305153657,54.005442406839194,1e-05,True,40,development_isotonic_frozen
s0-i10,held_out,0,structural,min_within_batch_tc,3,0.15,921cb3ba225edb42,"[[0, 2, 10, 11], [3, 4, 5, 7], [1, 6, 8, 9]]",4.8512619669004335,-0.5279051037535875,1.0856028663649158,-7.659008537945605e-15,,43.0,0.1125271344253142,0.1125271344253142,5.0710774197759765,0.0,0.0,"{""1"": 43, ""2"": 20, ""3"": 3}",0.1125271344253142,0.11251663002790713,47.25069924875205,1e-05,True,40,development_isotonic_frozen
s0-i10,held_out,0,structural,dprm_myopic,3,0.15,214ec2dabff0cff2,"[[0, 2, 5, 8], [1, 3, 4, 6], [7, 9, 10, 11]]",4.8512619669004335,-0.5496496922477729,1.0487266267220547,-9.59434921210275e-15,,35.0,0.1682218720217234,0.1682218720217234,4.340500795730981,0.0,0.0,"{""1"": 35, ""2"": 23, ""3"": 8}",0.1682218720217234,0.16820369629031767,49.27034794227586,1e-05,True,40,development_isotonic_frozen
s0-i10,held_out,0,structural,dprm_rollout,3,0.15,dbb34d5143aff706,"[[0, 1, 2, 9], [3, 5, 7, 11], [4, 6, 8, 10]]",4.8512619669004335,-0.5872937602585053,0.9939307097075623,-1.0161593442861353e-14,,41.0,0.11394190462452225,0.11394190462452225,4.991374196996172,0.0,0.0,"{""2"": 24, ""3"": 1, ""1"": 41}",0.11394190462452225,0.1139398263265835,56.20252483509934,1e-05,True,40,development_isotonic_frozen
s0-i10,held_out,0,structural,subset_exact,3,0.15,5d675c22c279f0e9,"[[0, 1, 2, 3], [4, 5, 8, 11], [6, 7, 9, 10]]",4.8512619669004335,-0.5484137570436783,1.0747144152795147,-1.309176228888127e-14,,37.0,0.13768660511675612,0.13768660511675612,4.546900551718717,0.0,0.0,"{""2"": 23, ""3"": 5, ""4"": 1, ""1"": 37}",0.13768660511675612,0.13768567950961666,40.711174235276275,1e-05,True,40,development_isotonic_frozen
s0-i10,held_out,0,structural,subset_beam_8,3,0.15,5d675c22c279f0e9,"[[0, 1, 2, 3], [4, 5, 8, 11], [6, 7, 9, 10]]",4.8512619669004335,-0.5484137570436783,1.0747144152795147,-1.309176228888127e-14,,37.0,0.13768660511675612,0.13768660511675612,4.546900551718717,0.0,0.0,"{""2"": 23, ""3"": 5, ""4"": 1, ""1"": 37}",0.13768660511675612,0.13768567950961666,40.711174235276275,1e-05,True,40,development_isotonic_frozen
s0-i10,held_out,0,structural,subset_beam_32,3,0.15,5d675c22c279f0e9,"[[0, 1, 2, 3], [4, 5, 8, 11], [6, 7, 9, 10]]",4.8512619669004335,-0.5484137570436783,1.0747144152795147,-1.309176228888127e-14,,37.0,0.13768660511675612,0.13768660511675612,4.546900551718717,0.0,0.0,"{""2"": 23, ""3"": 5, ""4"": 1, ""1"": 37}",0.13768660511675612,0.13768567950961666,40.711174235276275,1e-05,True,40,development_isotonic_frozen
s0-i10,held_out,0,structural,saps_diagonal,3,0.15,b85545b2d90277b7,"[[0, 3, 5, 7], [1, 6, 9, 10], [2, 4, 8, 11]]",4.8512619669004335,-0.6234903157222939,0.9527107772816549,-8.446997226789094e-15,,55.0,0.0813041761408324,0.0813041761408324,6.024408755984546,0.0,0.0,"{""1"": 55, ""2"": 11}",0.0813041761408324,0.08130286047160293,46.79295075280195,1e-05,True,40,development_isotonic_frozen
s0-i10,held_out,0,structural,p_saps_residualized,3,0.15,791368acb33e8ed4,"[[2, 6, 7, 10], [0, 3, 4, 5], [1, 8, 9, 11]]",4.8512619669004335,-0.6145066696171457,0.9611142465099971,-1.076971940714165e-14,,42.0,0.09824699919990587,0.09824699919990587,4.967877541782109,0.0,0.0,"{""1"": 42, ""2"": 20, ""3"": 4}",0.09824699919990587,0.09824627735382901,46.369084774770286,1e-05,True,80,development_isotonic_frozen
s0-i10,held_out,0,structural,p_saps_projection,3,0.15,416e390edd048b40,"[[0, 2, 3, 7], [1, 5, 6, 8], [4, 9, 10, 11]]",4.8512619669004335,-0.6246335950755384,0.9537430101326702,-7.0552018960759325e-15,,39.0,0.1490879012811129,0.1490879012811129,4.753300307706453,0.0,0.0,"{""1"": 39, ""2"": 23, ""3"": 4}",0.1490879012811129,0.14908464305153657,54.005442406839194,1e-05,True,640,development_isotonic_frozen
s0-i10,held_out,0,structural,b_saps_budgeted,3,0.15,b85545b2d90277b7,"[[0, 3, 5, 7], [1, 6, 9, 10], [2, 4, 8, 11]]",4.8512619669004335,-0.6234903157222939,0.9527107772816549,-8.446997226789094e-15,,55.0,0.0813041761408324,0.0813041761408324,6.024408755984546,0.0,0.0,"{""1"": 55, ""2"": 11}",0.0813041761408324,0.08130286047160293,46.79295075280195,1e-05,True,40,development_isotonic_frozen
s0-i10,held_out,0,structural,random_balanced,4,0.01,cd24ff0edb5bd170,"[[9, 10, 11], [0, 1, 6], [3, 5, 7], [2, 4, 8]]",0.06695636303374557,-0.8445238397272794,1.5463529614221168,-3.0021446673935514e-15,,53.0,0.13231860260580272,0.13231860260580272,0.06695636303374557,0.0,0.0,"{""2"": 12, ""1"": 53, ""3"": 1}",0.13231860260580272,0.13231572571414296,52.989046623793634,1e-05,True,40,development_isotonic_frozen
s0-i10,held_out,0,structural,confidence,4,0.01,0f7457eeff94c0f8,"[[0, 4, 11], [8, 9, 10], [2, 3, 5], [1, 6, 7]]",0.06695636303374557,-0.6769901711685442,1.7841005504938767,-7.292234901595938e-15,,42.0,0.16322483578013414,0.16322483578013414,0.06695636303374557,0.0,0.0,"{""1"": 42, ""2"": 21, ""3"": 3}",0.16322483578013414,0.163221332377889,44.91815186166967,1e-05,True,40,development_isotonic_frozen
s0-i10,held_out,0,structural,entropy,4,0.01,32bfeaf77919d83a,"[[0, 4, 11], [3, 8, 9], [5, 6, 10], [1, 2, 7]]",0.06695636303374557,-0.6896597801700649,1.7939159457132632,-5.362275567570521e-15,,50.0,0.12971588363037112,0.12971588363037112,0.06695636303374557,0.0,0.0,"{""1"": 50, ""2"": 16}",0.12971588363037112,0.12971405111887968,48.93019658557969,1e-05,True,40,development_isotonic_frozen
s0-i10,held_out,0,structural,dependency_cmi,4,0.01,1679df2f36c2b7bb,"[[0, 2, 7], [3, 5, 8], [1, 4, 6], [9, 10, 11]]",0.06695636303374557,-0.8883243047485067,1.4921231719087586,-3.896275095034251e-15,,45.0,0.14631123941084107,0.14631123941084107,0.06695636303374557,0.0,0.0,"{""1"": 45, ""2"": 19, ""3"": 2}",0.14631123941084107,0.14630924190620892,40.30843405821115,1e-05,True,40,development_isotonic_frozen
s0-i10,held_out,0,structural,min_within_batch_tc,4,0.01,b9376aa469e24eda,"[[0, 2, 3], [5, 10, 11], [1, 4, 7], [6, 8, 9]]",0.06695636303374557,-0.8392084623347461,1.5717190461422341,-6.547681129827383e-15,,41.0,0.14867732335190081,0.14867732335190081,0.06695636303374557,0.0,0.0,"{""1"": 41, ""2"": 23, ""3"": 2}",0.14867732335190081,0.14867264895836063,41.926382848255074,1e-05,True,40,development_isotonic_frozen
s0-i10,held_out,0,structural,dprm_myopic,4,0.01,24069999a8144e44,"[[2, 5, 8], [0, 1, 3], [4, 6, 7], [9, 10, 11]]",0.06695636303374557,-0.8728928687306071,1.508966677708383,-4.7189597071392785e-15,,41.0,0.1451997835077304,0.1451997835077304,0.06695636303374557,0.0,0.0,"{""2"": 19, ""3"": 6, ""1"": 41}",0.1451997835077304,0.1451989381566236,44.823121349621296,1e-05,True,40,development_isotonic_frozen
s0-i10,held_out,0,structural,dprm_rollout,4,0.01,20ad5a8a105e9b3a,"[[2, 5, 10], [0, 1, 8], [3, 4, 6], [7, 9, 11]]",0.06695636303374557,-0.8583363199657755,1.4974264835877265,-5.9106209854802676e-15,,47.0,0.14528335526264488,0.14528335526264488,0.06695636303374557,0.0,0.0,"{""2"": 18, ""1"": 47, ""3"": 1}",0.14528335526264488,0.14528243389820344,39.71594153803491,1e-05,True,40,development_isotonic_frozen
s0-i10,held_out,0,structural,subset_exact,4,0.01,622fa43b771c1f1d,"[[0, 1, 2], [4, 8, 11], [3, 9, 10], [5, 6, 7]]",0.06695636303374557,-0.7686436522284126,1.66123548711543,-6.205776493748542e-15,,44.0,0.09350405236110555,0.09350405236110555,0.06695636303374557,0.0,0.0,"{""2"": 18, ""3"": 4, ""1"": 44}",0.09350405236110555,0.09350373313382523,32.928993549698305,1e-05,True,40,development_isotonic_frozen
s0-i10,held_out,0,structural,subset_beam_8,4,0.01,622fa43b771c1f1d,"[[0, 1, 2], [4, 8, 11], [3, 9, 10], [5, 6, 7]]",0.06695636303374557,-0.7686436522284126,1.66123548711543,-6.205776493748542e-15,,44.0,0.09350405236110555,0.09350405236110555,0.06695636303374557,0.0,0.0,"{""2"": 18, ""3"": 4, ""1"": 44}",0.09350405236110555,0.09350373313382523,32.928993549698305,1e-05,True,40,development_isotonic_frozen
s0-i10,held_out,0,structural,subset_beam_32,4,0.01,622fa43b771c1f1d,"[[0, 1, 2], [4, 8, 11], [3, 9, 10], [5, 6, 7]]",0.06695636303374557,-0.7686436522284126,1.66123548711543,-6.205776493748542e-15,,44.0,0.09350405236110555,0.09350405236110555,0.06695636303374557,0.0,0.0,"{""2"": 18, ""3"": 4, ""1"": 44}",0.09350405236110555,0.09350373313382523,32.928993549698305,1e-05,True,40,development_isotonic_frozen
s0-i10,held_out,0,structural,saps_diagonal,4,0.01,1a9248f650354736,"[[0, 7, 9], [1, 6, 11], [3, 5, 10], [2, 4, 8]]",0.06695636303374557,-0.882725052218336,1.5048587601652583,-5.385491429744329e-15,,61.0,0.1045112495403121,0.1045112495403121,0.06695636303374557,0.0,0.0,"{""1"": 61, ""2"": 5}",0.1045112495403121,0.1045097790387304,52.36495809027911,1e-05,True,40,development_isotonic_frozen
s0-i10,held_out,0,structural,p_saps_residualized,4,0.01,1fc03e5debee167d,"[[2, 5, 10], [1, 4, 7], [3, 6, 8], [0, 9, 11]]",0.06695636303374557,-0.905999702911486,1.457850398508462,-4.391052503990944e-15,,52.0,0.13729490458713534,0.13729490458713534,0.06695636303374557,0.0,0.0,"{""1"": 52, ""2"": 14}",0.13729490458713534,0.13729302978206281,32.21300596431599,1e-05,True,80,development_isotonic_frozen
s0-i10,held_out,0,structural,p_saps_projection,4,0.01,50b3cc882af2860b,"[[1, 4, 5], [0, 3, 10], [6, 7, 11], [2, 8, 9]]",0.06695636303374557,-0.8307741230000172,1.6191435623901376,-8.002786418708984e-15,,52.0,0.18413850614782168,0.18413850614782168,0.06695636303374557,0.0,0.0,"{""1"": 52, ""2"": 14}",0.18413850614782168,0.1841262295644436,38.14170920987598,1e-05,True,640,development_isotonic_frozen
s0-i10,held_out,0,structural,b_saps_budgeted,4,0.01,cd24ff0edb5bd170,"[[9, 10, 11], [0, 1, 6], [3, 5, 7], [2, 4, 8]]",0.06695636303374557,-0.8445238397272794,1.5463529614221168,-3.0021446673935514e-15,,53.0,0.13231860260580272,0.13231860260580272,0.06695636303374557,0.0,0.0,"{""2"": 12, ""1"": 53, ""3"": 1}",0.13231860260580272,0.13231572571414296,52.989046623793634,1e-05,True,40,development_isotonic_frozen
s0-i10,held_out,0,structural,random_balanced,4,0.05,cd24ff0edb5bd170,"[[9, 10, 11], [0, 1, 6], [3, 5, 7], [2, 4, 8]]",0.30117681080255837,-0.8445238397272794,1.5463529614221168,-3.0021446673935514e-15,,53.0,0.13231860260580272,0.13231860260580272,0.30117681080255837,0.0,-1.0,"{""2"": 12, ""1"": 53, ""3"": 1}",0.13231860260580272,0.13231572571414296,52.989046623793634,1e-05,True,40,development_isotonic_frozen
s0-i10,held_out,0,structural,confidence,4,0.05,0f7457eeff94c0f8,"[[0, 4, 11], [8, 9, 10], [2, 3, 5], [1, 6, 7]]",0.30117681080255837,-0.6769901711685442,1.7841005504938767,-7.292234901595938e-15,,42.0,0.16322483578013414,0.16322483578013414,0.30117681080255837,0.0,0.0,"{""1"": 42, ""2"": 21, ""3"": 3}",0.16322483578013414,0.163221332377889,44.91815186166967,1e-05,True,40,development_isotonic_frozen
s0-i10,held_out,0,structural,entropy,4,0.05,32bfeaf77919d83a,"[[0, 4, 11], [3, 8, 9], [5, 6, 10], [1, 2, 7]]",0.30117681080255837,-0.6896597801700649,1.7939159457132632,-5.362275567570521e-15,,50.0,0.12971588363037112,0.12971588363037112,0.30117681080255837,0.0,0.0,"{""1"": 50, ""2"": 16}",0.12971588363037112,0.12971405111887968,48.93019658557969,1e-05,True,40,development_isotonic_frozen
s0-i10,held_out,0,structural,dependency_cmi,4,0.05,1679df2f36c2b7bb,"[[0, 2, 7], [3, 5, 8], [1, 4, 6], [9, 10, 11]]",0.30117681080255837,-0.8883243047485067,1.4921231719087586,-3.896275095034251e-15,,45.0,0.14631123941084107,0.14631123941084107,0.30117681080255837,-0.125,0.0,"{""1"": 45, ""2"": 19, ""3"": 2}",0.14631123941084107,0.14630924190620892,40.30843405821115,1e-05,True,40,development_isotonic_frozen
s0-i10,held_out,0,structural,min_within_batch_tc,4,0.05,b9376aa469e24eda,"[[0, 2, 3], [5, 10, 11], [1, 4, 7], [6, 8, 9]]",0.30117681080255837,-0.8392084623347461,1.5717190461422341,-6.547681129827383e-15,,41.0,0.14867732335190081,0.14867732335190081,0.30117681080255837,0.0,0.0,"{""1"": 41, ""2"": 23, ""3"": 2}",0.14867732335190081,0.14867264895836063,41.926382848255074,1e-05,True,40,development_isotonic_frozen
s0-i10,held_out,0,structural,dprm_myopic,4,0.05,24069999a8144e44,"[[2, 5, 8], [0, 1, 3], [4, 6, 7], [9, 10, 11]]",0.30117681080255837,-0.8728928687306071,1.508966677708383,-4.7189597071392785e-15,,41.0,0.1451997835077304,0.1451997835077304,0.30117681080255837,0.0,-1.0,"{""2"": 19, ""3"": 6, ""1"": 41}",0.1451997835077304,0.1451989381566236,44.823121349621296,1e-05,True,40,development_isotonic_frozen
s0-i10,held_out,0,structural,dprm_rollout,4,0.05,cc2c7aba87dfbca4,"[[7, 10, 11], [0, 5, 9], [2, 6, 8], [1, 3, 4]]",0.30117681080255837,-0.839940205299925,1.5312958154944865,-6.12477264061466e-15,,32.0,0.09508954585025631,0.09508954585025631,0.30117681080255837,0.0,0.0,"{""1"": 32, ""2"": 28, ""3"": 6}",0.09508954585025631,0.09508538141066901,55.60400528192381,1e-05,True,40,development_isotonic_frozen
s0-i10,held_out,0,structural,subset_exact,4,0.05,b4af56922365cd42,"[[0, 6, 10], [4, 8, 11], [2, 3, 9], [1, 5, 7]]",0.30117681080255837,-0.7519429144663179,1.6763700919509308,-5.895532622175224e-15,,57.0,0.07327631934928773,0.07327631934928773,0.30117681080255837,0.0,0.0,"{""1"": 57, ""2"": 9}",0.07327631934928773,0.07327600750357519,43.83582583195156,1e-05,True,40,development_isotonic_frozen
s0-i10,held_out,0,structural,subset_beam_8,4,0.05,b4af56922365cd42,"[[0, 6, 10], [4, 8, 11], [2, 3, 9], [1, 5, 7]]",0.30117681080255837,-0.7519429144663179,1.6763700919509308,-5.895532622175224e-15,,57.0,0.07327631934928773,0.07327631934928773,0.30117681080255837,0.0,0.0,"{""1"": 57, ""2"": 9}",0.07327631934928773,0.07327600750357519,43.83582583195156,1e-05,True,40,development_isotonic_frozen
s0-i10,held_out,0,structural,subset_beam_32,4,0.05,b4af56922365cd42,"[[0, 6, 10], [4, 8, 11], [2, 3, 9], [1, 5, 7]]",0.30117681080255837,-0.7519429144663179,1.6763700919509308,-5.895532622175224e-15,,57.0,0.07327631934928773,0.07327631934928773,0.30117681080255837,0.0,0.0,"{""1"": 57, ""2"": 9}",0.07327631934928773,0.07327600750357519,43.83582583195156,1e-05,True,40,development_isotonic_frozen
s0-i10,held_out,0,structural,saps_diagonal,4,0.05,1a9248f650354736,"[[0, 7, 9], [1, 6, 11], [3, 5, 10], [2, 4, 8]]",0.30117681080255837,-0.882725052218336,1.5048587601652583,-5.385491429744329e-15,,61.0,0.1045112495403121,0.1045112495403121,0.30117681080255837,0.0,0.0,"{""1"": 61, ""2"": 5}",0.1045112495403121,0.1045097790387304,52.36495809027911,1e-05,True,40,development_isotonic_frozen
s0-i10,held_out,0,structural,p_saps_residualized,4,0.05,1fc03e5debee167d,"[[2, 5, 10], [1, 4, 7], [3, 6, 8], [0, 9, 11]]",0.30117681080255837,-0.905999702911486,1.457850398508462,-4.391052503990944e-15,,52.0,0.13729490458713534,0.13729490458713534,0.30117681080255837,0.0,0.0,"{""1"": 52, ""2"": 14}",0.13729490458713534,0.13729302978206281,32.21300596431599,1e-05,True,80,development_isotonic_frozen
s0-i10,held_out,0,structural,p_saps_projection,4,0.05,50b3cc882af2860b,"[[1, 4, 5], [0, 3, 10], [6, 7, 11], [2, 8, 9]]",0.30117681080255837,-0.8307741230000172,1.6191435623901376,-8.002786418708984e-15,,52.0,0.18413850614782168,0.18413850614782168,0.30117681080255837,0.0,-1.0,"{""1"": 52, ""2"": 14}",0.18413850614782168,0.1841262295644436,38.14170920987598,1e-05,True,640,development_isotonic_frozen
s0-i10,held_out,0,structural,b_saps_budgeted,4,0.05,cd24ff0edb5bd170,"[[9, 10, 11], [0, 1, 6], [3, 5, 7], [2, 4, 8]]",0.30117681080255837,-0.8445238397272794,1.5463529614221168,-3.0021446673935514e-15,,53.0,0.13231860260580272,0.13231860260580272,0.30117681080255837,0.0,-1.0,"{""2"": 12, ""1"": 53, ""3"": 1}",0.13231860260580272,0.13231572571414296,52.989046623793634,1e-05,True,40,development_isotonic_frozen
s0-i10,held_out,0,structural,random_balanced,4,0.15,cd24ff0edb5bd170,"[[9, 10, 11], [0, 1, 6], [3, 5, 7], [2, 4, 8]]",5.493596732400703,-0.8445238397272794,1.5463529614221168,-3.0021446673935514e-15,,53.0,0.13231860260580272,0.13231860260580272,5.849683133298793,0.0,1.0,"{""2"": 12, ""1"": 53, ""3"": 1}",0.13231860260580272,0.13231572571414296,52.989046623793634,1e-05,True,40,development_isotonic_frozen
s0-i10,held_out,0,structural,confidence,4,0.15,0f7457eeff94c0f8,"[[0, 4, 11], [8, 9, 10], [2, 3, 5], [1, 6, 7]]",5.493596732400703,-0.6769901711685442,1.7841005504938767,-7.292234901595938e-15,,42.0,0.16322483578013414,0.16322483578013414,4.999551675084091,0.0,0.0,"{""1"": 42, ""2"": 21, ""3"": 3}",0.16322483578013414,0.163221332377889,44.91815186166967,1e-05,True,40,development_isotonic_frozen
s0-i10,held_out,0,structural,entropy,4,0.15,32bfeaf77919d83a,"[[0, 4, 11], [3, 8, 9], [5, 6, 10], [1, 2, 7]]",5.493596732400703,-0.6896597801700649,1.7939159457132632,-5.362275567570521e-15,,50.0,0.12971588363037112,0.12971588363037112,5.6667800325251205,0.0,0.0,"{""1"": 50, ""2"": 16}",0.12971588363037112,0.12971405111887968,48.93019658557969,1e-05,True,40,development_isotonic_frozen
s0-i10,held_out,0,structural,dependency_cmi,4,0.15,1679df2f36c2b7bb,"[[0, 2, 7], [3, 5, 8], [1, 4, 6], [9, 10, 11]]",5.493596732400703,-0.8883243047485067,1.4921231719087586,-3.896275095034251e-15,,45.0,0.14631123941084107,0.14631123941084107,5.24580304246173,0.0,0.0,"{""1"": 45, ""2"": 19, ""3"": 2}",0.14631123941084107,0.14630924190620892,40.30843405821115,1e-05,True,40,development_isotonic_frozen
s0-i10,held_out,0,structural,min_within_batch_tc,4,0.15,b9376aa469e24eda,"[[0, 2, 3], [5, 10, 11], [1, 4, 7], [6, 8, 9]]",5.493596732400703,-0.8392084623347461,1.5717190461422341,-6.547681129827383e-15,,41.0,0.14867732335190081,0.14867732335190081,4.959700063694189,0.0,0.0,"{""1"": 41, ""2"": 23, ""3"": 2}",0.14867732335190081,0.14867264895836063,41.926382848255074,1e-05,True,40,development_isotonic_frozen
s0-i10,held_out,0,structural,dprm_myopic,4,0.15,24069999a8144e44,"[[2, 5, 8], [0, 1, 3], [4, 6, 7], [9, 10, 11]]",5.493596732400703,-0.8728928687306071,1.508966677708383,-4.7189597071392785e-15,,41.0,0.1451997835077304,0.1451997835077304,4.833003530486257,0.0,0.0,"{""2"": 19, ""3"": 6, ""1"": 41}",0.1451997835077304,0.1451989381566236,44.823121349621296,1e-05,True,40,development_isotonic_frozen
s0-i10,held_out,0,structural,dprm_rollout,4,0.15,e8d6fc49b0ac9f4d,"[[0, 4, 11], [1, 2, 3], [7, 9, 10], [5, 6, 8]]",5.493596732400703,-0.7553498668905836,1.7230828939035492,-7.629338853525431e-15,,42.0,0.13287775103704283,0.13287775103704283,4.967877541782109,0.0,0.0,"{""1"": 42, ""2"": 20, ""3"": 4}",0.13287775103704283,0.13287691666750556,34.70650312081117,1e-05,True,40,development_isotonic_frozen
s0-i10,held_out,0,structural,subset_exact,4,0.15,622fa43b771c1f1d,"[[0, 1, 2], [4, 8, 11], [3, 9, 10], [5, 6, 7]]",5.493596732400703,-0.7686436522284126,1.66123548711543,-6.205776493748542e-15,,44.0,0.09350405236110555,0.09350405236110555,5.110929031165878,0.0,1.0,"{""2"": 18, ""3"": 4, ""1"": 44}",0.09350405236110555,0.09350373313382523,32.928993549698305,1e-05,True,40,development_isotonic_frozen
s0-i10,held_out,0,structural,subset_beam_8,4,0.15,622fa43b771c1f1d,"[[0, 1, 2], [4, 8, 11], [3, 9, 10], [5, 6, 7]]",5.493596732400703,-0.7686436522284126,1.66123548711543,-6.205776493748542e-15,,44.0,0.09350405236110555,0.09350405236110555,5.110929031165878,0.0,1.0,"{""2"": 18, ""3"": 4, ""1"": 44}",0.09350405236110555,0.09350373313382523,32.928993549698305,1e-05,True,40,development_isotonic_frozen
s0-i10,held_out,0,structural,subset_beam_32,4,0.15,622fa43b771c1f1d,"[[0, 1, 2], [4, 8, 11], [3, 9, 10], [5, 6, 7]]",5.493596732400703,-0.7686436522284126,1.66123548711543,-6.205776493748542e-15,,44.0,0.09350405236110555,0.09350405236110555,5.110929031165878,0.0,1.0,"{""2"": 18, ""3"": 4, ""1"": 44}",0.09350405236110555,0.09350373313382523,32.928993549698305,1e-05,True,40,development_isotonic_frozen
s0-i10,held_out,0,structural,saps_diagonal,4,0.15,1a9248f650354736,"[[0, 7, 9], [1, 6, 11], [3, 5, 10], [2, 4, 8]]",5.493596732400703,-0.882725052218336,1.5048587601652583,-5.385491429744329e-15,,61.0,0.1045112495403121,0.1045112495403121,6.4535632241358565,0.0,0.0,"{""1"": 61, ""2"": 5}",0.1045112495403121,0.1045097790387304,52.36495809027911,1e-05,True,40,development_isotonic_frozen
s0-i10,held_out,0,structural,p_saps_residualized,4,0.15,1fc03e5debee167d,"[[2, 5, 10], [1, 4, 7], [3, 6, 8], [0, 9, 11]]",5.493596732400703,-0.905999702911486,1.457850398508462,-4.391052503990944e-15,,52.0,0.13729490458713534,0.13729490458713534,5.80983152190889,0.0,0.0,"{""1"": 52, ""2"": 14}",0.13729490458713534,0.13729302978206281,32.21300596431599,1e-05,True,80,development_isotonic_frozen
s0-i10,held_out,0,structural,p_saps_projection,4,0.15,0f7457eeff94c0f8,"[[0, 4, 11], [8, 9, 10], [2, 3, 5], [1, 6, 7]]",5.493596732400703,-0.6769901711685442,1.7841005504938767,-7.292234901595938e-15,,42.0,0.16322483578013414,0.16322483578013414,4.999551675084091,0.0,0.0,"{""1"": 42, ""2"": 21, ""3"": 3}",0.16322483578013414,0.163221332377889,44.91815186166967,1e-05,True,640,development_isotonic_frozen
s0-i10,held_out,0,structural,b_saps_budgeted,4,0.15,1a9248f650354736,"[[0, 7, 9], [1, 6, 11], [3, 5, 10], [2, 4, 8]]",5.493596732400703,-0.882725052218336,1.5048587601652583,-5.385491429744329e-15,,61.0,0.1045112495403121,0.1045112495403121,6.4535632241358565,0.0,0.0,"{""1"": 61, ""2"": 5}",0.1045112495403121,0.1045097790387304,52.36495809027911,1e-05,True,40,development_isotonic_frozen
s1-i10,held_out,1,oracle,random_balanced,1,0.01,54a0dc573c0908b1,"[[0, 1, 2, 3, 4, 5, 6, 7, 8, 9, 10, 11]]",0.0,-0.0,0.0,-3.8309019220161975e-14,,0.0,0.034402771154905504,0.034402771154905504,0.0,0.0,0.0,"{""4"": 1}",0.034402771154905504,0.034402363677519504,1.0473466173791288,1e-05,True,40,development_isotonic_frozen
s1-i10,held_out,1,oracle,confidence,1,0.01,54a0dc573c0908b1,"[[0, 1, 2, 3, 4, 5, 6, 7, 8, 9, 10, 11]]",0.0,-0.0,0.0,-3.8309019220161975e-14,,0.0,0.034402771154905504,0.034402771154905504,0.0,0.0,0.0,"{""4"": 1}",0.034402771154905504,0.034402363677519504,1.0473466173791288,1e-05,True,40,development_isotonic_frozen
s1-i10,held_out,1,oracle,entropy,1,0.01,54a0dc573c0908b1,"[[0, 1, 2, 3, 4, 5, 6, 7, 8, 9, 10, 11]]",0.0,-0.0,0.0,-3.8309019220161975e-14,,0.0,0.034402771154905504,0.034402771154905504,0.0,0.0,0.0,"{""4"": 1}",0.034402771154905504,0.034402363677519504,1.0473466173791288,1e-05,True,40,development_isotonic_frozen
s1-i10,held_out,1,oracle,dependency_cmi,1,0.01,54a0dc573c0908b1,"[[0, 1, 2, 3, 4, 5, 6, 7, 8, 9, 10, 11]]",0.0,-0.0,0.0,-3.8309019220161975e-14,,0.0,0.034402771154905504,0.034402771154905504,0.0,0.0,0.0,"{""4"": 1}",0.034402771154905504,0.034402363677519504,1.0473466173791288,1e-05,True,40,development_isotonic_frozen
s1-i10,held_out,1,oracle,min_within_batch_tc,1,0.01,54a0dc573c0908b1,"[[0, 1, 2, 3, 4, 5, 6, 7, 8, 9, 10, 11]]",0.0,-0.0,0.0,-3.8309019220161975e-14,,0.0,0.034402771154905504,0.034402771154905504,0.0,0.0,0.0,"{""4"": 1}",0.034402771154905504,0.034402363677519504,1.0473466173791288,1e-05,True,40,development_isotonic_frozen
s1-i10,held_out,1,oracle,dprm_myopic,1,0.01,54a0dc573c0908b1,"[[0, 1, 2, 3, 4, 5, 6, 7, 8, 9, 10, 11]]",0.0,-0.0,0.0,-3.8309019220161975e-14,,0.0,0.034402771154905504,0.034402771154905504,0.0,0.0,0.0,"{""4"": 1}",0.034402771154905504,0.034402363677519504,1.0473466173791288,1e-05,True,40,development_isotonic_frozen
s1-i10,held_out,1,oracle,dprm_rollout,1,0.01,54a0dc573c0908b1,"[[0, 1, 2, 3, 4, 5, 6, 7, 8, 9, 10, 11]]",0.0,-0.0,0.0,-3.8309019220161975e-14,,0.0,0.034402771154905504,0.034402771154905504,0.0,0.0,0.0,"{""4"": 1}",0.034402771154905504,0.034402363677519504,1.0473466173791288,1e-05,True,40,development_isotonic_frozen
s1-i10,held_out,1,oracle,subset_exact,1,0.01,54a0dc573c0908b1,"[[0, 1, 2, 3, 4, 5, 6, 7, 8, 9, 10, 11]]",0.0,-0.0,0.0,-3.8309019220161975e-14,,0.0,0.034402771154905504,0.034402771154905504,0.0,0.0,0.0,"{""4"": 1}",0.034402771154905504,0.034402363677519504,1.0473466173791288,1e-05,True,40,development_isotonic_frozen
s1-i10,held_out,1,oracle,subset_beam_8,1,0.01,54a0dc573c0908b1,"[[0, 1, 2, 3, 4, 5, 6, 7, 8, 9, 10, 11]]",0.0,-0.0,0.0,-3.8309019220161975e-14,,0.0,0.034402771154905504,0.034402771154905504,0.0,0.0,0.0,"{""4"": 1}",0.034402771154905504,0.034402363677519504,1.0473466173791288,1e-05,True,40,development_isotonic_frozen
s1-i10,held_out,1,oracle,subset_beam_32,1,0.01,54a0dc573c0908b1,"[[0, 1, 2, 3, 4, 5, 6, 7, 8, 9, 10, 11]]",0.0,-0.0,0.0,-3.8309019220161975e-14,,0.0,0.034402771154905504,0.034402771154905504,0.0,0.0,0.0,"{""4"": 1}",0.034402771154905504,0.034402363677519504,1.0473466173791288,1e-05,True,40,development_isotonic_frozen
s1-i10,held_out,1,oracle,saps_diagonal,1,0.01,54a0dc573c0908b1,"[[0, 1, 2, 3, 4, 5, 6, 7, 8, 9, 10, 11]]",0.0,-0.0,0.0,-3.8309019220161975e-14,,0.0,0.034402771154905504,0.034402771154905504,0.0,0.0,0.0,"{""4"": 1}",0.034402771154905504,0.034402363677519504,1.0473466173791288,1e-05,True,40,development_isotonic_frozen
s1-i10,held_out,1,oracle,p_saps_residualized,1,0.01,54a0dc573c0908b1,"[[0, 1, 2, 3, 4, 5, 6, 7, 8, 9, 10, 11]]",0.0,-0.0,0.0,-3.8309019220161975e-14,,0.0,0.034402771154905504,0.034402771154905504,0.0,0.0,0.0,"{""4"": 1}",0.034402771154905504,0.034402363677519504,1.0473466173791288,1e-05,True,40,development_isotonic_frozen
s1-i10,held_out,1,oracle,p_saps_projection,1,0.01,54a0dc573c0908b1,"[[0, 1, 2, 3, 4, 5, 6, 7, 8, 9, 10, 11]]",0.0,-0.0,0.0,-3.8309019220161975e-14,,0.0,0.034402771154905504,0.034402771154905504,0.0,0.0,0.0,"{""4"": 1}",0.034402771154905504,0.034402363677519504,1.0473466173791288,1e-05,True,40,development_isotonic_frozen
s1-i10,held_out,1,oracle,b_saps_budgeted,1,0.01,54a0dc573c0908b1,"[[0, 1, 2, 3, 4, 5, 6, 7, 8, 9, 10, 11]]",0.0,-0.0,0.0,-3.8309019220161975e-14,,0.0,0.034402771154905504,0.034402771154905504,0.0,0.0,0.0,"{""4"": 1}",0.034402771154905504,0.034402363677519504,1.0473466173791288,1e-05,True,40,development_isotonic_frozen
s1-i10,held_out,1,oracle,random_balanced,1,0.05,54a0dc573c0908b1,"[[0, 1, 2, 3, 4, 5, 6, 7, 8, 9, 10, 11]]",0.002572098456238847,-0.0,0.0,-3.8309019220161975e-14,,0.0,0.034402771154905504,0.034402771154905504,0.002572098456238847,0.0,0.0,"{""4"": 1}",0.034402771154905504,0.034402363677519504,1.0473466173791288,1e-05,True,40,development_isotonic_frozen
s1-i10,held_out,1,oracle,confidence,1,0.05,54a0dc573c0908b1,"[[0, 1, 2, 3, 4, 5, 6, 7, 8, 9, 10, 11]]",0.002572098456238847,-0.0,0.0,-3.8309019220161975e-14,,0.0,0.034402771154905504,0.034402771154905504,0.002572098456238847,0.0,0.0,"{""4"": 1}",0.034402771154905504,0.034402363677519504,1.0473466173791288,1e-05,True,40,development_isotonic_frozen
s1-i10,held_out,1,oracle,entropy,1,0.05,54a0dc573c0908b1,"[[0, 1, 2, 3, 4, 5, 6, 7, 8, 9, 10, 11]]",0.002572098456238847,-0.0,0.0,-3.8309019220161975e-14,,0.0,0.034402771154905504,0.034402771154905504,0.002572098456238847,0.0,0.0,"{""4"": 1}",0.034402771154905504,0.034402363677519504,1.0473466173791288,1e-05,True,40,development_isotonic_frozen
s1-i10,held_out,1,oracle,dependency_cmi,1,0.05,54a0dc573c0908b1,"[[0, 1, 2, 3, 4, 5, 6, 7, 8, 9, 10, 11]]",0.002572098456238847,-0.0,0.0,-3.8309019220161975e-14,,0.0,0.034402771154905504,0.034402771154905504,0.002572098456238847,0.0,0.0,"{""4"": 1}",0.034402771154905504,0.034402363677519504,1.0473466173791288,1e-05,True,40,development_isotonic_frozen
s1-i10,held_out,1,oracle,min_within_batch_tc,1,0.05,54a0dc573c0908b1,"[[0, 1, 2, 3, 4, 5, 6, 7, 8, 9, 10, 11]]",0.002572098456238847,-0.0,0.0,-3.8309019220161975e-14,,0.0,0.034402771154905504,0.034402771154905504,0.002572098456238847,0.0,0.0,"{""4"": 1}",0.034402771154905504,0.034402363677519504,1.0473466173791288,1e-05,True,40,development_isotonic_frozen
s1-i10,held_out,1,oracle,dprm_myopic,1,0.05,54a0dc573c0908b1,"[[0, 1, 2, 3, 4, 5, 6, 7, 8, 9, 10, 11]]",0.002572098456238847,-0.0,0.0,-3.8309019220161975e-14,,0.0,0.034402771154905504,0.034402771154905504,0.002572098456238847,0.0,0.0,"{""4"": 1}",0.034402771154905504,0.034402363677519504,1.0473466173791288,1e-05,True,40,development_isotonic_frozen
s1-i10,held_out,1,oracle,dprm_rollout,1,0.05,54a0dc573c0908b1,"[[0, 1, 2, 3, 4, 5, 6, 7, 8, 9, 10, 11]]",0.002572098456238847,-0.0,0.0,-3.8309019220161975e-14,,0.0,0.034402771154905504,0.034402771154905504,0.002572098456238847,0.0,0.0,"{""4"": 1}",0.034402771154905504,0.034402363677519504,1.0473466173791288,1e-05,True,40,development_isotonic_frozen
s1-i10,held_out,1,oracle,subset_exact,1,0.05,54a0dc573c0908b1,"[[0, 1, 2, 3, 4, 5, 6, 7, 8, 9, 10, 11]]",0.002572098456238847,-0.0,0.0,-3.8309019220161975e-14,,0.0,0.034402771154905504,0.034402771154905504,0.002572098456238847,0.0,0.0,"{""4"": 1}",0.034402771154905504,0.034402363677519504,1.0473466173791288,1e-05,True,40,development_isotonic_frozen
s1-i10,held_out,1,oracle,subset_beam_8,1,0.05,54a0dc573c0908b1,"[[0, 1, 2, 3, 4, 5, 6, 7, 8, 9, 10, 11]]",0.002572098456238847,-0.0,0.0,-3.8309019220161975e-14,,0.0,0.034402771154905504,0.034402771154905504,0.002572098456238847,0.0,0.0,"{""4"": 1}",0.034402771154905504,0.034402363677519504,1.0473466173791288,1e-05,True,40,development_isotonic_frozen
s1-i10,held_out,1,oracle,subset_beam_32,1,0.05,54a0dc573c0908b1,"[[0, 1, 2, 3, 4, 5, 6, 7, 8, 9, 10, 11]]",0.002572098456238847,-0.0,0.0,-3.8309019220161975e-14,,0.0,0.034402771154905504,0.034402771154905504,0.002572098456238847,0.0,0.0,"{""4"": 1}",0.034402771154905504,0.034402363677519504,1.0473466173791288,1e-05,True,40,development_isotonic_frozen
s1-i10,held_out,1,oracle,saps_diagonal,1,0.05,54a0dc573c0908b1,"[[0, 1, 2, 3, 4, 5, 6, 7, 8, 9, 10, 11]]",0.002572098456238847,-0.0,0.0,-3.8309019220161975e-14,,0.0,0.034402771154905504,0.034402771154905504,0.002572098456238847,0.0,0.0,"{""4"": 1}",0.034402771154905504,0.034402363677519504,1.0473466173791288,1e-05,True,40,development_isotonic_frozen
s1-i10,held_out,1,oracle,p_saps_residualized,1,0.05,54a0dc573c0908b1,"[[0, 1, 2, 3, 4, 5, 6, 7, 8, 9, 10, 11]]",0.002572098456238847,-0.0,0.0,-3.8309019220161975e-14,,0.0,0.034402771154905504,0.034402771154905504,0.002572098456238847,0.0,0.0,"{""4"": 1}",0.034402771154905504,0.034402363677519504,1.0473466173791288,1e-05,True,40,development_isotonic_frozen
s1-i10,held_out,1,oracle,p_saps_projection,1,0.05,54a0dc573c0908b1,"[[0, 1, 2, 3, 4, 5, 6, 7, 8, 9, 10, 11]]",0.002572098456238847,-0.0,0.0,-3.8309019220161975e-14,,0.0,0.034402771154905504,0.034402771154905504,0.002572098456238847,0.0,0.0,"{""4"": 1}",0.034402771154905504,0.034402363677519504,1.0473466173791288,1e-05,True,40,development_isotonic_frozen
s1-i10,held_out,1,oracle,b_saps_budgeted,1,0.05,54a0dc573c0908b1,"[[0, 1, 2, 3, 4, 5, 6, 7, 8, 9, 10, 11]]",0.002572098456238847,-0.0,0.0,-3.8309019220161975e-14,,0.0,0.034402771154905504,0.034402771154905504,0.002572098456238847,0.0,0.0,"{""4"": 1}",0.034402771154905504,0.034402363677519504,1.0473466173791288,1e-05,True,40,development_isotonic_frozen
s1-i10,held_out,1,oracle,random_balanced,1,0.15,54a0dc573c0908b1,"[[0, 1, 2, 3, 4, 5, 6, 7, 8, 9, 10, 11]]",0.0,-0.0,0.0,-3.8309019220161975e-14,,0.0,0.034402771154905504,0.034402771154905504,0.0,0.0,1.0,"{""4"": 1}",0.034402771154905504,0.034402363677519504,1.0473466173791288,1e-05,True,40,development_isotonic_frozen
s1-i10,held_out,1,oracle,confidence,1,0.15,54a0dc573c0908b1,"[[0, 1, 2, 3, 4, 5, 6, 7, 8, 9, 10, 11]]",0.0,-0.0,0.0,-3.8309019220161975e-14,,0.0,0.034402771154905504,0.034402771154905504,0.0,0.0,1.0,"{""4"": 1}",0.034402771154905504,0.034402363677519504,1.0473466173791288,1e-05,True,40,development_isotonic_frozen
s1-i10,held_out,1,oracle,entropy,1,0.15,54a0dc573c0908b1,"[[0, 1, 2, 3, 4, 5, 6, 7, 8, 9, 10, 11]]",0.0,-0.0,0.0,-3.8309019220161975e-14,,0.0,0.034402771154905504,0.034402771154905504,0.0,0.0,1.0,"{""4"": 1}",0.034402771154905504,0.034402363677519504,1.0473466173791288,1e-05,True,40,development_isotonic_frozen
s1-i10,held_out,1,oracle,dependency_cmi,1,0.15,54a0dc573c0908b1,"[[0, 1, 2, 3, 4, 5, 6, 7, 8, 9, 10, 11]]",0.0,-0.0,0.0,-3.8309019220161975e-14,,0.0,0.034402771154905504,0.034402771154905504,0.0,0.0,1.0,"{""4"": 1}",0.034402771154905504,0.034402363677519504,1.0473466173791288,1e-05,True,40,development_isotonic_frozen
s1-i10,held_out,1,oracle,min_within_batch_tc,1,0.15,54a0dc573c0908b1,"[[0, 1, 2, 3, 4, 5, 6, 7, 8, 9, 10, 11]]",0.0,-0.0,0.0,-3.8309019220161975e-14,,0.0,0.034402771154905504,0.034402771154905504,0.0,0.0,1.0,"{""4"": 1}",0.034402771154905504,0.034402363677519504,1.0473466173791288,1e-05,True,40,development_isotonic_frozen
s1-i10,held_out,1,oracle,dprm_myopic,1,0.15,54a0dc573c0908b1,"[[0, 1, 2, 3, 4, 5, 6, 7, 8, 9, 10, 11]]",0.0,-0.0,0.0,-3.8309019220161975e-14,,0.0,0.034402771154905504,0.034402771154905504,0.0,0.0,1.0,"{""4"": 1}",0.034402771154905504,0.034402363677519504,1.0473466173791288,1e-05,True,40,development_isotonic_frozen
s1-i10,held_out,1,oracle,dprm_rollout,1,0.15,54a0dc573c0908b1,"[[0, 1, 2, 3, 4, 5, 6, 7, 8, 9, 10, 11]]",0.0,-0.0,0.0,-3.8309019220161975e-14,,0.0,0.034402771154905504,0.034402771154905504,0.0,0.0,1.0,"{""4"": 1}",0.034402771154905504,0.034402363677519504,1.0473466173791288,1e-05,True,40,development_isotonic_frozen
s1-i10,held_out,1,oracle,subset_exact,1,0.15,54a0dc573c0908b1,"[[0, 1, 2, 3, 4, 5, 6, 7, 8, 9, 10, 11]]",0.0,-0.0,0.0,-3.8309019220161975e-14,,0.0,0.034402771154905504,0.034402771154905504,0.0,0.0,1.0,"{""4"": 1}",0.034402771154905504,0.034402363677519504,1.0473466173791288,1e-05,True,40,development_isotonic_frozen
s1-i10,held_out,1,oracle,subset_beam_8,1,0.15,54a0dc573c0908b1,"[[0, 1, 2, 3, 4, 5, 6, 7, 8, 9, 10, 11]]",0.0,-0.0,0.0,-3.8309019220161975e-14,,0.0,0.034402771154905504,0.034402771154905504,0.0,0.0,1.0,"{""4"": 1}",0.034402771154905504,0.034402363677519504,1.0473466173791288,1e-05,True,40,development_isotonic_frozen
s1-i10,held_out,1,oracle,subset_beam_32,1,0.15,54a0dc573c0908b1,"[[0, 1, 2, 3, 4, 5, 6, 7, 8, 9, 10, 11]]",0.0,-0.0,0.0,-3.8309019220161975e-14,,0.0,0.034402771154905504,0.034402771154905504,0.0,0.0,1.0,"{""4"": 1}",0.034402771154905504,0.034402363677519504,1.0473466173791288,1e-05,True,40,development_isotonic_frozen
s1-i10,held_out,1,oracle,saps_diagonal,1,0.15,54a0dc573c0908b1,"[[0, 1, 2, 3, 4, 5, 6, 7, 8, 9, 10, 11]]",0.0,-0.0,0.0,-3.8309019220161975e-14,,0.0,0.034402771154905504,0.034402771154905504,0.0,0.0,1.0,"{""4"": 1}",0.034402771154905504,0.034402363677519504,1.0473466173791288,1e-05,True,40,development_isotonic_frozen
s1-i10,held_out,1,oracle,p_saps_residualized,1,0.15,54a0dc573c0908b1,"[[0, 1, 2, 3, 4, 5, 6, 7, 8, 9, 10, 11]]",0.0,-0.0,0.0,-3.8309019220161975e-14,,0.0,0.034402771154905504,0.034402771154905504,0.0,0.0,1.0,"{""4"": 1}",0.034402771154905504,0.034402363677519504,1.0473466173791288,1e-05,True,40,development_isotonic_frozen
s1-i10,held_out,1,oracle,p_saps_projection,1,0.15,54a0dc573c0908b1,"[[0, 1, 2, 3, 4, 5, 6, 7, 8, 9, 10, 11]]",0.0,-0.0,0.0,-3.8309019220161975e-14,,0.0,0.034402771154905504,0.034402771154905504,0.0,0.0,1.0,"{""4"": 1}",0.034402771154905504,0.034402363677519504,1.0473466173791288,1e-05,True,40,development_isotonic_frozen
s1-i10,held_out,1,oracle,b_saps_budgeted,1,0.15,54a0dc573c0908b1,"[[0, 1, 2, 3, 4, 5, 6, 7, 8, 9, 10, 11]]",0.0,-0.0,0.0,-3.8309019220161975e-14,,0.0,0.034402771154905504,0.034402771154905504,0.0,0.0,1.0,"{""4"": 1}",0.034402771154905504,0.034402363677519504,1.0473466173791288,1e-05,True,40,development_isotonic_frozen
s1-i10,held_out,1,oracle,random_balanced,2,0.01,0d188b20fb940b6d,"[[0, 2, 4, 5, 8, 11], [1, 3, 6, 7, 9, 10]]",0.000953006085420621,-0.24610321767366442,0.5755709197123015,-1.8163946018912175e-14,,0.0,0.03016213389121341,0.03016213389121341,0.001014490348996145,0.0,0.0,"{""2"": 1}",0.03016213389121341,0.03016041297615152,0.8901698355378348,1e-05,True,40,development_isotonic_frozen
s1-i10,held_out,1,oracle,confidence,2,0.01,3d1aaf185a86e0ec,"[[2, 3, 4, 6, 8, 10], [0, 1, 5, 7, 9, 11]]",0.000953006085420621,-0.19121901266932742,0.6322750698397784,-1.7416386960736036e-14,,1.0,0.008732492997198875,0.008732492997198875,0.001014490348996145,0.0,0.0,"{""1"": 1}",0.008732492997198875,0.008732386824368539,0.22773369495347603,1e-05,True,40,development_isotonic_frozen
s1-i10,held_out,1,oracle,entropy,2,0.01,53a2781017f9999b,"[[2, 3, 4, 8, 10, 11], [0, 1, 5, 6, 7, 9]]",0.000953006085420621,-0.19141277021405,0.6502305200543864,-1.7410973556638566e-14,,0.0,0.034402771154905504,0.034402771154905504,0.0,0.0,0.0,"{""4"": 1}",0.034402771154905504,0.034402363677519504,1.0473466173791288,1e-05,True,40,development_isotonic_frozen
s1-i10,held_out,1,oracle,dependency_cmi,2,0.01,e99260dbde6c6cfc,"[[0, 1, 4, 9, 10, 11], [2, 3, 5, 6, 7, 8]]",0.000953006085420621,-0.2518015264099313,0.5679103836639354,-1.7095610925921344e-14,,0.0,0.03174966047985512,0.03174966047985512,0.001014490348996145,0.0,0.0,"{""2"": 1}",0.03174966047985512,0.03174930209057037,0.43238334286480484,1e-05,True,40,development_isotonic_frozen
s1-i10,held_out,1,oracle,min_within_batch_tc,2,0.01,49c3de419f491b8e,"[[3, 4, 5, 7, 8, 9], [0, 1, 2, 6, 10, 11]]",0.000953006085420621,-0.26456532548689976,0.5389958161576685,-1.5155561706425148e-14,,0.0,0.03396017699115038,0.03396017699115038,0.001014490348996145,0.0,0.0,"{""2"": 1}",0.03396017699115038,0.033959160408588755,0.8926954800830457,1e-05,True,40,development_isotonic_frozen
s1-i10,held_out,1,oracle,dprm_myopic,2,0.01,93211e8b46ebbd57,"[[0, 1, 3, 8, 10, 11], [2, 4, 5, 6, 7, 9]]",0.000953006085420621,-0.2355284166271212,0.607681063382806,-1.7128377512946842e-14,,0.0,0.034402771154905504,0.034402771154905504,0.0,0.0,0.0,"{""4"": 1}",0.034402771154905504,0.034402363677519504,1.0473466173791288,1e-05,True,40,development_isotonic_frozen
s1-i10,held_out,1,oracle,dprm_rollout,2,0.01,dc1b7da9f336335f,"[[1, 3, 4, 8, 10, 11], [0, 2, 5, 6, 7, 9]]",0.000953006085420621,-0.22017630413989367,0.6179287791164615,-1.8201120203846496e-14,,0.0,0.034402771154905504,0.034402771154905504,0.0,0.0,0.0,"{""4"": 1}",0.034402771154905504,0.034402363677519504,1.0473466173791288,1e-05,True,40,development_isotonic_frozen
s1-i10,held_out,1,oracle,subset_exact,2,0.01,18110fc352a82f0b,"[[0, 1, 2, 3, 6, 9], [4, 5, 7, 8, 10, 11]]",0.000953006085420621,-0.26318955099211444,0.5378281959436512,-1.506907765768336e-14,,0.0,0.035195910874794234,0.035195910874794234,0.001014490348996145,0.0,0.0,"{""3"": 1}",0.035195910874794234,0.03519407967746514,1.181529672575787,1e-05,True,40,development_isotonic_frozen
s1-i10,held_out,1,oracle,subset_beam_8,2,0.01,18110fc352a82f0b,"[[0, 1, 2, 3, 6, 9], [4, 5, 7, 8, 10, 11]]",0.000953006085420621,-0.26318955099211444,0.5378281959436512,-1.506907765768336e-14,,0.0,0.035195910874794234,0.035195910874794234,0.001014490348996145,0.0,0.0,"{""3"": 1}",0.035195910874794234,0.03519407967746514,1.181529672575787,1e-05,True,40,development_isotonic_frozen
s1-i10,held_out,1,oracle,subset_beam_32,2,0.01,18110fc352a82f0b,"[[0, 1, 2, 3, 6, 9], [4, 5, 7, 8, 10, 11]]",0.000953006085420621,-0.26318955099211444,0.5378281959436512,-1.506907765768336e-14,,0.0,0.035195910874794234,0.035195910874794234,0.001014490348996145,0.0,0.0,"{""3"": 1}",0.035195910874794234,0.03519407967746514,1.181529672575787,1e-05,True,40,development_isotonic_frozen
s1-i10,held_out,1,oracle,saps_diagonal,2,0.01,afec22dbe35e79c8,"[[0, 2, 3, 4, 8, 11], [1, 5, 6, 7, 9, 10]]",0.000953006085420621,-0.22617433662051042,0.6077042198564425,-1.800827883362178e-14,,1.0,0.020714285714285827,0.020714285714285827,0.001014490348996145,0.0,0.0,"{""1"": 1}",0.020714285714285827,0.020713041174750504,0.8879862973830898,1e-05,True,40,development_isotonic_frozen
s1-i10,held_out,1,oracle,p_saps_residualized,2,0.01,ffdcc04053bca564,"[[0, 1, 3, 4, 8, 10], [2, 5, 6, 7, 9, 11]]",0.000953006085420621,-0.2318614985509357,0.5973774238697191,-1.747163373916921e-14,,1.0,0.008732492997198874,0.008732492997198874,0.001014490348996145,0.0,0.0,"{""1"": 1}",0.008732492997198874,0.008732386824368535,0.2277336949534762,1e-05,True,80,development_isotonic_frozen
s1-i10,held_out,1,oracle,p_saps_projection,2,0.01,a53215c269fbe1a2,"[[0, 4, 5, 6, 8, 9], [1, 2, 3, 7, 10, 11]]",0.000953006085420621,-0.27088088692263906,0.5277835493570099,-1.8246226441642423e-14,,0.0,0.06404580303509327,0.06404580303509327,0.001014490348996145,0.0,0.0,"{""3"": 1}",0.06404580303509327,0.064043349565377,0.9092218038036567,1e-05,True,640,development_isotonic_frozen
s1-i10,held_out,1,oracle,b_saps_budgeted,2,0.01,0d188b20fb940b6d,"[[0, 2, 4, 5, 8, 11], [1, 3, 6, 7, 9, 10]]",0.000953006085420621,-0.24610321767366442,0.5755709197123015,-1.8163946018912175e-14,,0.0,0.03016213389121341,0.03016213389121341,0.001014490348996145,0.0,0.0,"{""2"": 1}",0.03016213389121341,0.03016041297615152,0.8901698355378348,1e-05,True,40,development_isotonic_frozen
s1-i10,held_out,1,oracle,random_balanced,2,0.05,0d188b20fb940b6d,"[[0, 2, 4, 5, 8, 11], [1, 3, 6, 7, 9, 10]]",0.004442607039073846,-0.24610321767366442,0.5755709197123015,-1.8163946018912175e-14,,0.0,0.03016213389121341,0.03016213389121341,0.0045632850121599755,0.0,0.0,"{""2"": 1}",0.03016213389121341,0.03016041297615152,0.8901698355378348,1e-05,True,40,development_isotonic_frozen
s1-i10,held_out,1,oracle,confidence,2,0.05,3d1aaf185a86e0ec,"[[2, 3, 4, 6, 8, 10], [0, 1, 5, 7, 9, 11]]",0.004442607039073846,-0.19121901266932742,0.6322750698397784,-1.7416386960736036e-14,,1.0,0.008732492997198875,0.008732492997198875,0.0045632850121599755,0.0,0.0,"{""1"": 1}",0.008732492997198875,0.008732386824368539,0.22773369495347603,1e-05,True,40,development_isotonic_frozen
s1-i10,held_out,1,oracle,entropy,2,0.05,53a2781017f9999b,"[[2, 3, 4, 8, 10, 11], [0, 1, 5, 6, 7, 9]]",0.004442607039073846,-0.19141277021405,0.6502305200543864,-1.7410973556638566e-14,,0.0,0.034402771154905504,0.034402771154905504,0.002572098456238847,0.0,0.0,"{""4"": 1}",0.034402771154905504,0.034402363677519504,1.0473466173791288,1e-05,True,40,development_isotonic_frozen
s1-i10,held_out,1,oracle,dependency_cmi,2,0.05,e99260dbde6c6cfc,"[[0, 1, 4, 9, 10, 11], [2, 3, 5, 6, 7, 8]]",0.004442607039073846,-0.2518015264099313,0.5679103836639354,-1.7095610925921344e-14,,0.0,0.03174966047985512,0.03174966047985512,0.0045632850121599755,-0.125,0.0,"{""2"": 1}",0.03174966047985512,0.03174930209057037,0.43238334286480484,1e-05,True,40,development_isotonic_frozen
s1-i10,held_out,1,oracle,min_within_batch_tc,2,0.05,49c3de419f491b8e,"[[3, 4, 5, 7, 8, 9], [0, 1, 2, 6, 10, 11]]",0.004442607039073846,-0.26456532548689976,0.5389958161576685,-1.5155561706425148e-14,,0.0,0.03396017699115038,0.03396017699115038,0.0045632850121599755,0.0,0.0,"{""2"": 1}",0.03396017699115038,0.033959160408588755,0.8926954800830457,1e-05,True,40,development_isotonic_frozen
s1-i10,held_out,1,oracle,dprm_myopic,2,0.05,93211e8b46ebbd57,"[[0, 1, 3, 8, 10, 11], [2, 4, 5, 6, 7, 9]]",0.004442607039073846,-0.2355284166271212,0.607681063382806,-1.7128377512946842e-14,,0.0,0.034402771154905504,0.034402771154905504,0.002572098456238847,0.0,0.0,"{""4"": 1}",0.034402771154905504,0.034402363677519504,1.0473466173791288,1e-05,True,40,development_isotonic_frozen
s1-i10,held_out,1,oracle,dprm_rollout,2,0.05,2728fa15011fd3f3,"[[1, 3, 8, 9, 10, 11], [0, 2, 4, 5, 6, 7]]",0.004442607039073846,-0.23858287567245617,0.5969973935243571,-1.771689604699026e-14,,0.0,0.034402771154905504,0.034402771154905504,0.002572098456238847,0.0,0.0,"{""4"": 1}",0.034402771154905504,0.034402363677519504,1.0473466173791288,1e-05,True,40,development_isotonic_frozen
s1-i10,held_out,1,oracle,subset_exact,2,0.05,db79edc91fbcfbe4,"[[0, 1, 2, 3, 4, 7], [5, 6, 8, 9, 10, 11]]",0.004442607039073846,-0.25508234704223254,0.5484728201927257,-1.5719005254765353e-14,,0.0,0.0351959108747944,0.0351959108747944,0.0045632850121599755,0.0,0.0,"{""3"": 1}",0.0351959108747944,0.03519407967746513,1.1815296725757867,1e-05,True,40,development_isotonic_frozen
s1-i10,held_out,1,oracle,subset_beam_8,2,0.05,db79edc91fbcfbe4,"[[0, 1, 2, 3, 4, 7], [5, 6, 8, 9, 10, 11]]",0.004442607039073846,-0.25508234704223254,0.5484728201927257,-1.5719005254765353e-14,,0.0,0.0351959108747944,0.0351959108747944,0.0045632850121599755,0.0,0.0,"{""3"": 1}",0.0351959108747944,0.03519407967746513,1.1815296725757867,1e-05,True,40,development_isotonic_frozen
s1-i10,held_out,1,oracle,subset_beam_32,2,0.05,db79edc91fbcfbe4,"[[0, 1, 2, 3, 4, 7], [5, 6, 8, 9, 10, 11]]",0.004442607039073846,-0.25508234704223254,0.5484728201927257,-1.5719005254765353e-14,,0.0,0.0351959108747944,0.0351959108747944,0.0045632850121599755,0.0,0.0,"{""3"": 1}",0.0351959108747944,0.03519407967746513,1.1815296725757867,1e-05,True,40,development_isotonic_frozen
s1-i10,held_out,1,oracle,saps_diagonal,2,0.05,afec22dbe35e79c8,"[[0, 2, 3, 4, 8, 11], [1, 5, 6, 7, 9, 10]]",0.004442607039073846,-0.22617433662051042,0.6077042198564425,-1.800827883362178e-14,,1.0,0.020714285714285827,0.020714285714285827,0.0045632850121599755,0.0,0.0,"{""1"": 1}",0.020714285714285827,0.020713041174750504,0.8879862973830898,1e-05,True,40,development_isotonic_frozen
s1-i10,held_out,1,oracle,p_saps_residualized,2,0.05,ffdcc04053bca564,"[[0, 1, 3, 4, 8, 10], [2, 5, 6, 7, 9, 11]]",0.004442607039073846,-0.2318614985509357,0.5973774238697191,-1.747163373916921e-14,,1.0,0.008732492997198874,0.008732492997198874,0.0045632850121599755,0.0,0.0,"{""1"": 1}",0.008732492997198874,0.008732386824368535,0.2277336949534762,1e-05,True,80,development_isotonic_frozen
s1-i10,held_out,1,oracle,p_saps_projection,2,0.05,a53215c269fbe1a2,"[[0, 4, 5, 6, 8, 9], [1, 2, 3, 7, 10, 11]]",0.004442607039073846,-0.27088088692263906,0.5277835493570099,-1.8246226441642423e-14,,0.0,0.06404580303509327,0.06404580303509327,0.0045632850121599755,0.0,0.0,"{""3"": 1}",0.06404580303509327,0.064043349565377,0.9092218038036567,1e-05,True,640,development_isotonic_frozen
s1-i10,held_out,1,oracle,b_saps_budgeted,2,0.05,0d188b20fb940b6d,"[[0, 2, 4, 5, 8, 11], [1, 3, 6, 7, 9, 10]]",0.004442607039073846,-0.24610321767366442,0.5755709197123015,-1.8163946018912175e-14,,0.0,0.03016213389121341,0.03016213389121341,0.0045632850121599755,0.0,0.0,"{""2"": 1}",0.03016213389121341,0.03016041297615152,0.8901698355378348,1e-05,True,40,development_isotonic_frozen
s1-i10,held_out,1,oracle,random_balanced,2,0.15,0d188b20fb940b6d,"[[0, 2, 4, 5, 8, 11], [1, 3, 6, 7, 9, 10]]",0.039415485560020766,-0.24610321767366442,0.5755709197123015,-1.8163946018912175e-14,,0.0,0.03016213389121341,0.03016213389121341,0.0316741333019828,0.0,1.0,"{""2"": 1}",0.03016213389121341,0.03016041297615152,0.8901698355378348,1e-05,True,40,development_isotonic_frozen
s1-i10,held_out,1,oracle,confidence,2,0.15,3d1aaf185a86e0ec,"[[2, 3, 4, 6, 8, 10], [0, 1, 5, 7, 9, 11]]",0.039415485560020766,-0.19121901266932742,0.6322750698397784,-1.7416386960736036e-14,,1.0,0.008732492997198875,0.008732492997198875,0.10319987799386791,0.0,1.0,"{""1"": 1}",0.008732492997198875,0.008732386824368539,0.22773369495347603,1e-05,True,40,development_isotonic_frozen
s1-i10,held_out,1,oracle,entropy,2,0.15,53a2781017f9999b,"[[2, 3, 4, 8, 10, 11], [0, 1, 5, 6, 7, 9]]",0.039415485560020766,-0.19141277021405,0.6502305200543864,-1.7410973556638566e-14,,0.0,0.034402771154905504,0.034402771154905504,0.0,0.125,1.0,"{""4"": 1}",0.034402771154905504,0.034402363677519504,1.0473466173791288,1e-05,True,40,development_isotonic_frozen
s1-i10,held_out,1,oracle,dependency_cmi,2,0.15,e99260dbde6c6cfc,"[[0, 1, 4, 9, 10, 11], [2, 3, 5, 6, 7, 8]]",0.039415485560020766,-0.2518015264099313,0.5679103836639354,-1.7095610925921344e-14,,0.0,0.03174966047985512,0.03174966047985512,0.0316741333019828,0.0,0.0,"{""2"": 1}",0.03174966047985512,0.03174930209057037,0.43238334286480484,1e-05,True,40,development_isotonic_frozen
s1-i10,held_out,1,oracle,min_within_batch_tc,2,0.15,49c3de419f491b8e,"[[3, 4, 5, 7, 8, 9], [0, 1, 2, 6, 10, 11]]",0.039415485560020766,-0.26456532548689976,0.5389958161576685,-1.5155561706425148e-14,,0.0,0.03396017699115038,0.03396017699115038,0.0316741333019828,0.0,1.0,"{""2"": 1}",0.03396017699115038,0.033959160408588755,0.8926954800830457,1e-05,True,40,development_isotonic_frozen
s1-i10,held_out,1,oracle,dprm_myopic,2,0.15,93211e8b46ebbd57,"[[0, 1, 3, 8, 10, 11], [2, 4, 5, 6, 7, 9]]",0.039415485560020766,-0.2355284166271212,0.607681063382806,-1.7128377512946842e-14,,0.0,0.034402771154905504,0.034402771154905504,0.0,-0.125,1.0,"{""4"": 1}",0.034402771154905504,0.034402363677519504,1.0473466173791288,1e-05,True,40,development_isotonic_frozen
s1-i10,held_out,1,oracle,dprm_rollout,2,0.15,148cf7774197c506,"[[1, 2, 5, 8, 9, 10], [0, 3, 4, 6, 7, 11]]",0.039415485560020766,-0.24827998338828994,0.5634609884157085,-1.7763674616766424e-14,,0.0,0.05919905106190693,0.05919905106190693,0.0316741333019828,0.0,1.0,"{""2"": 1}",0.05919905106190693,0.05919831418877922,0.49810745991891975,1e-05,True,40,development_isotonic_frozen
s1-i10,held_out,1,oracle,subset_exact,2,0.15,9d5d24fb6f0a417b,"[[0, 1, 2, 3, 4, 5], [6, 7, 8, 9, 10, 11]]",0.039415485560020766,-0.25997588345005074,0.5455294045031683,-1.593006627741137e-14,,0.0,0.03519591087479423,0.03519591087479423,0.0,-0.125,1.0,"{""3"": 1}",0.03519591087479423,0.03519407967746513,1.1815296725757864,1e-05,True,40,development_isotonic_frozen
s1-i10,held_out,1,oracle,subset_beam_8,2,0.15,9d5d24fb6f0a417b,"[[0, 1, 2, 3, 4, 5], [6, 7, 8, 9, 10, 11]]",0.039415485560020766,-0.25997588345005074,0.5455294045031683,-1.593006627741137e-14,,0.0,0.03519591087479423,0.03519591087479423,0.0,-0.125,1.0,"{""3"": 1}",0.03519591087479423,0.03519407967746513,1.1815296725757864,1e-05,True,40,development_isotonic_frozen
s1-i10,held_out,1,oracle,subset_beam_32,2,0.15,9d5d24fb6f0a417b,"[[0, 1, 2, 3, 4, 5], [6, 7, 8, 9, 10, 11]]",0.039415485560020766,-0.25997588345005074,0.5455294045031683,-1.593006627741137e-14,,0.0,0.03519591087479423,0.03519591087479423,0.0,-0.125,1.0,"{""3"": 1}",0.03519591087479423,0.03519407967746513,1.1815296725757864,1e-05,True,40,development_isotonic_frozen
s1-i10,held_out,1,oracle,saps_diagonal,2,0.15,afec22dbe35e79c8,"[[0, 2, 3, 4, 8, 11], [1, 5, 6, 7, 9, 10]]",0.039415485560020766,-0.22617433662051042,0.6077042198564425,-1.800827883362178e-14,,1.0,0.020714285714285827,0.020714285714285827,0.10319987799386791,0.0,1.0,"{""1"": 1}",0.020714285714285827,0.020713041174750504,0.8879862973830898,1e-05,True,40,development_isotonic_frozen
s1-i10,held_out,1,oracle,p_saps_residualized,2,0.15,ffdcc04053bca564,"[[0, 1, 3, 4, 8, 10], [2, 5, 6, 7, 9, 11]]",0.039415485560020766,-0.2318614985509357,0.5973774238697191,-1.747163373916921e-14,,1.0,0.008732492997198874,0.008732492997198874,0.10319987799386791,0.0,1.0,"{""1"": 1}",0.008732492997198874,0.008732386824368535,0.2277336949534762,1e-05,True,80,development_isotonic_frozen
s1-i10,held_out,1,oracle,p_saps_projection,2,0.15,a53215c269fbe1a2,"[[0, 4, 5, 6, 8, 9], [1, 2, 3, 7, 10, 11]]",0.039415485560020766,-0.27088088692263906,0.5277835493570099,-1.8246226441642423e-14,,0.0,0.06404580303509327,0.06404580303509327,0.0,-0.125,1.0,"{""3"": 1}",0.06404580303509327,0.064043349565377,0.9092218038036567,1e-05,True,640,development_isotonic_frozen
s1-i10,held_out,1,oracle,b_saps_budgeted,2,0.15,afec22dbe35e79c8,"[[0, 2, 3, 4, 8, 11], [1, 5, 6, 7, 9, 10]]",0.039415485560020766,-0.22617433662051042,0.6077042198564425,-1.800827883362178e-14,,1.0,0.020714285714285827,0.020714285714285827,0.10319987799386791,0.0,1.0,"{""1"": 1}",0.020714285714285827,0.020713041174750504,0.8879862973830898,1e-05,True,40,development_isotonic_frozen
s1-i10,held_out,1,oracle,random_balanced,3,0.01,0fdaad2a1cfa6e70,"[[2, 4, 8, 11], [0, 5, 7, 10], [1, 3, 6, 9]]",0.0010083419226385925,-0.45255133253305035,1.1966115553121044,-1.1386805821979285e-14,,1.0,0.009540631469979292,0.009540631469979292,0.001014490348996145,0.0,0.0,"{""1"": 1}",0.009540631469979292,0.009540539609011517,0.22872377960949625,1e-05,True,40,development_isotonic_frozen
s1-i10,held_out,1,oracle,confidence,3,0.01,d6a5e9070bc66cb2,"[[2, 3, 4, 10], [6, 7, 8, 11], [0, 1, 5, 9]]",0.0010083419226385925,-0.39300803271657614,1.256979036132881,-1.0079186243333442e-14,,0.0,0.035710042695377725,0.035710042695377725,0.001014490348996145,0.0,0.0,"{""2"": 1}",0.035710042695377725,0.03570966086170326,1.068489145397028,1e-05,True,40,development_isotonic_frozen
s1-i10,held_out,1,oracle,entropy,3,0.01,ac057d2a70b5c4ad,"[[2, 3, 10, 11], [0, 4, 6, 8], [1, 5, 7, 9]]",0.0010083419226385925,-0.39825453516584575,1.2749735319568634,-1.1464323509878394e-14,,1.0,0.009142080745341619,0.009142080745341619,0.001014490348996145,0.0,0.0,"{""1"": 1}",0.009142080745341619,0.00914198473377843,0.3597580042377988,1e-05,True,40,development_isotonic_frozen
s1-i10,held_out,1,oracle,dependency_cmi,3,0.01,2c1b0da0c79c6b3b,"[[0, 1, 10, 11], [2, 4, 7, 8], [3, 5, 6, 9]]",0.0010083419226385925,-0.4773938608886911,1.1762334827328413,-9.290893948036463e-15,,1.0,0.0003946687370600424,0.0003946687370600424,0.001014490348996145,0.0,0.0,"{""1"": 1}",0.0003946687370600424,0.00039466375073814023,0.2287237796094964,1e-05,True,40,development_isotonic_frozen
s1-i10,held_out,1,oracle,min_within_batch_tc,3,0.01,cec9d8d1c530e002,"[[3, 4, 5, 6], [7, 8, 9, 10], [0, 1, 2, 11]]",0.0010083419226385925,-0.4810921401898418,1.1262485712965054,-7.0448262947660566e-15,,1.0,0.014375000000000002,0.014375000000000002,0.001014490348996145,0.0,0.0,"{""1"": 1}",0.014375000000000002,0.014374862251323332,0.2376065057322321,1e-05,True,40,development_isotonic_frozen
s1-i10,held_out,1,oracle,dprm_myopic,3,0.01,2be4d9bc6a93d892,"[[3, 8, 10, 11], [0, 1, 2, 4], [5, 6, 7, 9]]",0.0010083419226385925,-0.4269411868411712,1.2579115834371926,-7.618580818121531e-15,,0.0,0.034402771154905504,0.034402771154905504,0.0,0.125,0.0,"{""4"": 1}",0.034402771154905504,0.034402363677519504,1.0473466173791288,1e-05,True,40,development_isotonic_frozen
s1-i10,held_out,1,oracle,dprm_rollout,3,0.01,a985b81718871fce,"[[3, 8, 10, 11], [0, 1, 4, 6], [2, 5, 7, 9]]",0.0010083419226385925,-0.4369792026337689,1.2413592381870922,-9.477260903904226e-15,,0.0,0.034402771154905504,0.034402771154905504,0.0,0.0,0.0,"{""4"": 1}",0.034402771154905504,0.034402363677519504,1.0473466173791288,1e-05,True,40,development_isotonic_frozen
s1-i10,held_out,1,oracle,subset_exact,3,0.01,1edb9fa2c5ff07ff,"[[0, 1, 2, 5], [3, 4, 6, 10], [7, 8, 9, 11]]",0.0010083419226385925,-0.5052782900435239,1.1044342703590713,-7.566971562397595e-15,,0.0,0.01749910586552219,0.01749910586552219,0.001014490348996145,0.0,0.0,"{""2"": 1}",0.01749910586552219,0.017498937759790875,0.42677673112499914,1e-05,True,40,development_isotonic_frozen
s1-i10,held_out,1,oracle,subset_beam_8,3,0.01,1edb9fa2c5ff07ff,"[[0, 1, 2, 5], [3, 4, 6, 10], [7, 8, 9, 11]]",0.0010083419226385925,-0.5052782900435239,1.1044342703590713,-7.566971562397595e-15,,0.0,0.01749910586552219,0.01749910586552219,0.001014490348996145,0.0,0.0,"{""2"": 1}",0.01749910586552219,0.017498937759790875,0.42677673112499914,1e-05,True,40,development_isotonic_frozen
s1-i10,held_out,1,oracle,subset_beam_32,3,0.01,1edb9fa2c5ff07ff,"[[0, 1, 2, 5], [3, 4, 6, 10], [7, 8, 9, 11]]",0.0010083419226385925,-0.5052782900435239,1.1044342703590713,-7.566971562397595e-15,,0.0,0.01749910586552219,0.01749910586552219,0.001014490348996145,0.0,0.0,"{""2"": 1}",0.01749910586552219,0.017498937759790875,0.42677673112499914,1e-05,True,40,development_isotonic_frozen
s1-i10,held_out,1,oracle,saps_diagonal,3,0.01,0fdaad2a1cfa6e70,"[[2, 4, 8, 11], [0, 5, 7, 10], [1, 3, 6, 9]]",0.0010083419226385925,-0.45255133253305035,1.1966115553121044,-1.1386805821979285e-14,,1.0,0.009540631469979292,0.009540631469979292,0.001014490348996145,0.0,0.0,"{""1"": 1}",0.009540631469979292,0.009540539609011517,0.22872377960949625,1e-05,True,40,development_isotonic_frozen
s1-i10,held_out,1,oracle,p_saps_residualized,3,0.01,6de10d195ed7c698,"[[1, 4, 8, 10], [0, 5, 9, 11], [2, 3, 6, 7]]",0.0010083419226385925,-0.49163607180773816,1.1509902048399023,-1.142468504353706e-14,,1.0,0.024673913043478247,0.024673913043478247,0.001014490348996145,0.0,0.0,"{""1"": 1}",0.024673913043478247,0.024673698560506597,0.22872377960949586,1e-05,True,80,development_isotonic_frozen
s1-i10,held_out,1,oracle,p_saps_projection,3,0.01,c7acb3c5fcc3eb50,"[[0, 4, 5, 8], [1, 6, 9, 11], [2, 3, 7, 10]]",0.0010083419226385925,-0.545747638522147,1.0710527281313864,-1.170425097161769e-14,,0.0,0.04614649681528666,0.04614649681528666,0.001014490348996145,0.0,0.0,"{""2"": 1}",0.04614649681528666,0.04614567751291095,0.8687372768140744,1e-05,True,640,development_isotonic_frozen
s1-i10,held_out,1,oracle,b_saps_budgeted,3,0.01,0fdaad2a1cfa6e70,"[[2, 4, 8, 11], [0, 5, 7, 10], [1, 3, 6, 9]]",0.0010083419226385925,-0.45255133253305035,1.1966115553121044,-1.1386805821979285e-14,,1.0,0.009540631469979292,0.009540631469979292,0.001014490348996145,0.0,0.0,"{""1"": 1}",0.009540631469979292,0.009540539609011517,0.22872377960949625,1e-05,True,40,development_isotonic_frozen
s1-i10,held_out,1,oracle,random_balanced,3,0.05,0fdaad2a1cfa6e70,"[[2, 4, 8, 11], [0, 5, 7, 10], [1, 3, 6, 9]]",0.004551217214851362,-0.45255133253305035,1.1966115553121044,-1.1386805821979285e-14,,1.0,0.009540631469979292,0.009540631469979292,0.0045632850121599755,0.0,0.0,"{""1"": 1}",0.009540631469979292,0.009540539609011517,0.22872377960949625,1e-05,True,40,development_isotonic_frozen
s1-i10,held_out,1,oracle,confidence,3,0.05,d6a5e9070bc66cb2,"[[2, 3, 4, 10], [6, 7, 8, 11], [0, 1, 5, 9]]",0.004551217214851362,-0.39300803271657614,1.256979036132881,-1.0079186243333442e-14,,0.0,0.035710042695377725,0.035710042695377725,0.0045632850121599755,0.0,0.0,"{""2"": 1}",0.035710042695377725,0.03570966086170326,1.068489145397028,1e-05,True,40,development_isotonic_frozen
s1-i10,held_out,1,oracle,entropy,3,0.05,ac057d2a70b5c4ad,"[[2, 3, 10, 11], [0, 4, 6, 8], [1, 5, 7, 9]]",0.004551217214851362,-0.39825453516584575,1.2749735319568634,-1.1464323509878394e-14,,1.0,0.009142080745341619,0.009142080745341619,0.0045632850121599755,0.0,0.0,"{""1"": 1}",0.009142080745341619,0.00914198473377843,0.3597580042377988,1e-05,True,40,development_isotonic_frozen
s1-i10,held_out,1,oracle,dependency_cmi,3,0.05,2c1b0da0c79c6b3b,"[[0, 1, 10, 11], [2, 4, 7, 8], [3, 5, 6, 9]]",0.004551217214851362,-0.4773938608886911,1.1762334827328413,-9.290893948036463e-15,,1.0,0.0003946687370600424,0.0003946687370600424,0.0045632850121599755,0.0,0.0,"{""1"": 1}",0.0003946687370600424,0.00039466375073814023,0.2287237796094964,1e-05,True,40,development_isotonic_frozen
s1-i10,held_out,1,oracle,min_within_batch_tc,3,0.05,cec9d8d1c530e002,"[[3, 4, 5, 6], [7, 8, 9, 10], [0, 1, 2, 11]]",0.004551217214851362,-0.4810921401898418,1.1262485712965054,-7.0448262947660566e-15,,1.0,0.014375000000000002,0.014375000000000002,0.0045632850121599755,0.0,0.0,"{""1"": 1}",0.014375000000000002,0.014374862251323332,0.2376065057322321,1e-05,True,40,development_isotonic_frozen
s1-i10,held_out,1,oracle,dprm_myopic,3,0.05,2be4d9bc6a93d892,"[[3, 8, 10, 11], [0, 1, 2, 4], [5, 6, 7, 9]]",0.004551217214851362,-0.4269411868411712,1.2579115834371926,-7.618580818121531e-15,,0.0,0.034402771154905504,0.034402771154905504,0.002572098456238847,0.0,0.0,"{""4"": 1}",0.034402771154905504,0.034402363677519504,1.0473466173791288,1e-05,True,40,development_isotonic_frozen
s1-i10,held_out,1,oracle,dprm_rollout,3,0.05,a994831a5c23ebca,"[[0, 1, 3, 11], [4, 5, 8, 10], [2, 6, 7, 9]]",0.004551217214851362,-0.5057360734144922,1.154613572850482,-9.75599277768769e-15,,0.0,0.028281249999999855,0.028281249999999855,0.0045632850121599755,0.0,0.0,"{""2"": 1}",0.028281249999999855,0.028279676596516572,0.8949658328927778,1e-05,True,40,development_isotonic_frozen
s1-i10,held_out,1,oracle,subset_exact,3,0.05,a8e89550ff7c916e,"[[0, 1, 2, 3], [4, 6, 7, 10], [5, 8, 9, 11]]",0.004551217214851362,-0.4804558725825516,1.1395109861927697,-7.77583459689746e-15,,0.0,0.019068311874105882,0.019068311874105882,0.0045632850121599755,0.0,0.0,"{""2"": 1}",0.019068311874105882,0.019068125291177865,0.42677673112499875,1e-05,True,40,development_isotonic_frozen
s1-i10,held_out,1,oracle,subset_beam_8,3,0.05,a8e89550ff7c916e,"[[0, 1, 2, 3], [4, 6, 7, 10], [5, 8, 9, 11]]",0.004551217214851362,-0.4804558725825516,1.1395109861927697,-7.77583459689746e-15,,0.0,0.019068311874105882,0.019068311874105882,0.0045632850121599755,0.0,0.0,"{""2"": 1}",0.019068311874105882,0.019068125291177865,0.42677673112499875,1e-05,True,40,development_isotonic_frozen
s1-i10,held_out,1,oracle,subset_beam_32,3,0.05,a8e89550ff7c916e,"[[0, 1, 2, 3], [4, 6, 7, 10], [5, 8, 9, 11]]",0.004551217214851362,-0.4804558725825516,1.1395109861927697,-7.77583459689746e-15,,0.0,0.019068311874105882,0.019068311874105882,0.0045632850121599755,0.0,0.0,"{""2"": 1}",0.019068311874105882,0.019068125291177865,0.42677673112499875,1e-05,True,40,development_isotonic_frozen
s1-i10,held_out,1,oracle,saps_diagonal,3,0.05,0fdaad2a1cfa6e70,"[[2, 4, 8, 11], [0, 5, 7, 10], [1, 3, 6, 9]]",0.004551217214851362,-0.45255133253305035,1.1966115553121044,-1.1386805821979285e-14,,1.0,0.009540631469979292,0.009540631469979292,0.0045632850121599755,0.0,0.0,"{""1"": 1}",0.009540631469979292,0.009540539609011517,0.22872377960949625,1e-05,True,40,development_isotonic_frozen
s1-i10,held_out,1,oracle,p_saps_residualized,3,0.05,6de10d195ed7c698,"[[1, 4, 8, 10], [0, 5, 9, 11], [2, 3, 6, 7]]",0.004551217214851362,-0.49163607180773816,1.1509902048399023,-1.142468504353706e-14,,1.0,0.024673913043478247,0.024673913043478247,0.0045632850121599755,0.0,0.0,"{""1"": 1}",0.024673913043478247,0.024673698560506597,0.22872377960949586,1e-05,True,80,development_isotonic_frozen
s1-i10,held_out,1,oracle,p_saps_projection,3,0.05,c7acb3c5fcc3eb50,"[[0, 4, 5, 8], [1, 6, 9, 11], [2, 3, 7, 10]]",0.004551217214851362,-0.545747638522147,1.0710527281313864,-1.170425097161769e-14,,0.0,0.04614649681528666,0.04614649681528666,0.0045632850121599755,0.0,0.0,"{""2"": 1}",0.04614649681528666,0.04614567751291095,0.8687372768140744,1e-05,True,640,development_isotonic_frozen
s1-i10,held_out,1,oracle,b_saps_budgeted,3,0.05,0fdaad2a1cfa6e70,"[[2, 4, 8, 11], [0, 5, 7, 10], [1, 3, 6, 9]]",0.004551217214851362,-0.45255133253305035,1.1966115553121044,-1.1386805821979285e-14,,1.0,0.009540631469979292,0.009540631469979292,0.0045632850121599755,0.0,0.0,"{""1"": 1}",0.009540631469979292,0.009540539609011517,0.22872377960949625,1e-05,True,40,development_isotonic_frozen
s1-i10,held_out,1,oracle,random_balanced,3,0.15,0fdaad2a1cfa6e70,"[[2, 4, 8, 11], [0, 5, 7, 10], [1, 3, 6, 9]]",0.06308988669117736,-0.45255133253305035,1.1966115553121044,-1.1386805821979285e-14,,1.0,0.009540631469979292,0.009540631469979292,0.10319987799386791,0.0,1.0,"{""1"": 1}",0.009540631469979292,0.009540539609011517,0.22872377960949625,1e-05,True,40,development_isotonic_frozen
s1-i10,held_out,1,oracle,confidence,3,0.15,d6a5e9070bc66cb2,"[[2, 3, 4, 10], [6, 7, 8, 11], [0, 1, 5, 9]]",0.06308988669117736,-0.39300803271657614,1.256979036132881,-1.0079186243333442e-14,,0.0,0.035710042695377725,0.035710042695377725,0.0316741333019828,0.0,1.0,"{""2"": 1}",0.035710042695377725,0.03570966086170326,1.068489145397028,1e-05,True,40,development_isotonic_frozen
s1-i10,held_out,1,oracle,entropy,3,0.15,ac057d2a70b5c4ad,"[[2, 3, 10, 11], [0, 4, 6, 8], [1, 5, 7, 9]]",0.06308988669117736,-0.39825453516584575,1.2749735319568634,-1.1464323509878394e-14,,1.0,0.009142080745341619,0.009142080745341619,0.10319987799386791,0.0,1.0,"{""1"": 1}",0.009142080745341619,0.00914198473377843,0.3597580042377988,1e-05,True,40,development_isotonic_frozen
s1-i10,held_out,1,oracle,dependency_cmi,3,0.15,2c1b0da0c79c6b3b,"[[0, 1, 10, 11], [2, 4, 7, 8], [3, 5, 6, 9]]",0.06308988669117736,-0.4773938608886911,1.1762334827328413,-9.290893948036463e-15,,1.0,0.0003946687370600424,0.0003946687370600424,0.10319987799386791,0.0,1.0,"{""1"": 1}",0.0003946687370600424,0.00039466375073814023,0.2287237796094964,1e-05,True,40,development_isotonic_frozen
s1-i10,held_out,1,oracle,min_within_batch_tc,3,0.15,cec9d8d1c530e002,"[[3, 4, 5, 6], [7, 8, 9, 10], [0, 1, 2, 11]]",0.06308988669117736,-0.4810921401898418,1.1262485712965054,-7.0448262947660566e-15,,1.0,0.014375000000000002,0.014375000000000002,0.10319987799386791,0.0,1.0,"{""1"": 1}",0.014375000000000002,0.014374862251323332,0.2376065057322321,1e-05,True,40,development_isotonic_frozen
s1-i10,held_out,1,oracle,dprm_myopic,3,0.15,2be4d9bc6a93d892,"[[3, 8, 10, 11], [0, 1, 2, 4], [5, 6, 7, 9]]",0.06308988669117736,-0.4269411868411712,1.2579115834371926,-7.618580818121531e-15,,0.0,0.034402771154905504,0.034402771154905504,0.0,0.0,1.0,"{""4"": 1}",0.034402771154905504,0.034402363677519504,1.0473466173791288,1e-05,True,40,development_isotonic_frozen
s1-i10,held_out,1,oracle,dprm_rollout,3,0.15,97281760a95eeaed,"[[0, 1, 3, 4], [5, 8, 9, 10], [2, 6, 7, 11]]",0.06308988669117736,-0.5168088087946837,1.113074908232204,-9.831619667645098e-15,,1.0,0.014374999999999995,0.014374999999999995,0.10319987799386791,0.0,1.0,"{""1"": 1}",0.014374999999999995,0.014374862251323324,0.2376065057322319,1e-05,True,40,development_isotonic_frozen
s1-i10,held_out,1,oracle,subset_exact,3,0.15,a6fd0e25ba4dab87,"[[0, 1, 2, 4], [3, 6, 7, 10], [5, 8, 9, 11]]",0.06308988669117736,-0.481718689113744,1.1282596737827368,-7.711782788239924e-15,,0.0,0.017499105865522186,0.017499105865522186,0.0316741333019828,0.0,1.0,"{""2"": 1}",0.017499105865522186,0.017498937759790875,0.42677673112499875,1e-05,True,40,development_isotonic_frozen
s1-i10,held_out,1,oracle,subset_beam_8,3,0.15,a6fd0e25ba4dab87,"[[0, 1, 2, 4], [3, 6, 7, 10], [5, 8, 9, 11]]",0.06308988669117736,-0.481718689113744,1.1282596737827368,-7.711782788239924e-15,,0.0,0.017499105865522186,0.017499105865522186,0.0316741333019828,0.0,1.0,"{""2"": 1}",0.017499105865522186,0.017498937759790875,0.42677673112499875,1e-05,True,40,development_isotonic_frozen
s1-i10,held_out,1,oracle,subset_beam_32,3,0.15,a6fd0e25ba4dab87,"[[0, 1, 2, 4], [3, 6, 7, 10], [5, 8, 9, 11]]",0.06308988669117736,-0.481718689113744,1.1282596737827368,-7.711782788239924e-15,,0.0,0.017499105865522186,0.017499105865522186,0.0316741333019828,0.0,1.0,"{""2"": 1}",0.017499105865522186,0.017498937759790875,0.42677673112499875,1e-05,True,40,development_isotonic_frozen
s1-i10,held_out,1,oracle,saps_diagonal,3,0.15,0fdaad2a1cfa6e70,"[[2, 4, 8, 11], [0, 5, 7, 10], [1, 3, 6, 9]]",0.06308988669117736,-0.45255133253305035,1.1966115553121044,-1.1386805821979285e-14,,1.0,0.009540631469979292,0.009540631469979292,0.10319987799386791,0.0,1.0,"{""1"": 1}",0.009540631469979292,0.009540539609011517,0.22872377960949625,1e-05,True,40,development_isotonic_frozen
s1-i10,held_out,1,oracle,p_saps_residualized,3,0.15,6de10d195ed7c698,"[[1, 4, 8, 10], [0, 5, 9, 11], [2, 3, 6, 7]]",0.06308988669117736,-0.49163607180773816,1.1509902048399023,-1.142468504353706e-14,,1.0,0.024673913043478247,0.024673913043478247,0.10319987799386791,0.0,1.0,"{""1"": 1}",0.024673913043478247,0.024673698560506597,0.22872377960949586,1e-05,True,80,development_isotonic_frozen
s1-i10,held_out,1,oracle,p_saps_projection,3,0.15,c7acb3c5fcc3eb50,"[[0, 4, 5, 8], [1, 6, 9, 11], [2, 3, 7, 10]]",0.06308988669117736,-0.545747638522147,1.0710527281313864,-1.170425097161769e-14,,0.0,0.04614649681528666,0.04614649681528666,0.0316741333019828,-0.125,1.0,"{""2"": 1}",0.04614649681528666,0.04614567751291095,0.8687372768140744,1e-05,True,640,development_isotonic_frozen
s1-i10,held_out,1,oracle,b_saps_budgeted,3,0.15,0fdaad2a1cfa6e70,"[[2, 4, 8, 11], [0, 5, 7, 10], [1, 3, 6, 9]]",0.06308988669117736,-0.45255133253305035,1.1966115553121044,-1.1386805821979285e-14,,1.0,0.009540631469979292,0.009540631469979292,0.10319987799386791,0.0,1.0,"{""1"": 1}",0.009540631469979292,0.009540539609011517,0.22872377960949625,1e-05,True,40,development_isotonic_frozen
s1-i10,held_out,1,oracle,random_balanced,4,0.01,079f54ba9d12a18f,"[[2, 4, 8], [0, 5, 11], [1, 7, 10], [3, 6, 9]]",0.001014490348996145,-0.717186310795238,1.738477629121973,-7.555935503635403e-15,,1.0,0.04187500000000001,0.04187500000000001,0.001014490348996145,0.0,0.0,"{""1"": 1}",0.04187500000000001,0.04187462262869056,0.34315734800433334,1e-05,True,40,development_isotonic_frozen
s1-i10,held_out,1,oracle,confidence,4,0.01,db720075721c9162,"[[2, 3, 10], [4, 6, 8], [0, 7, 11], [1, 5, 9]]",0.001014490348996145,-0.5995791578731311,1.879006390239004,-7.566652061500735e-15,,1.0,0.02597222222222223,0.02597222222222223,0.001014490348996145,0.0,0.0,"{""1"": 1}",0.02597222222222223,0.025971970721238247,0.23760650573223188,1e-05,True,40,development_isotonic_frozen
s1-i10,held_out,1,oracle,entropy,4,0.01,1d2954ba7b2b76d9,"[[3, 10, 11], [2, 4, 8], [0, 6, 7], [1, 5, 9]]",0.001014490348996145,-0.6100046887551739,1.8983649454181195,-7.562834417125698e-15,,1.0,0.009142080745341613,0.009142080745341613,0.001014490348996145,0.0,0.0,"{""1"": 1}",0.009142080745341613,0.009141984733778431,0.35975800423779897,1e-05,True,40,development_isotonic_frozen
s1-i10,held_out,1,oracle,dependency_cmi,4,0.01,bebb8656938826cf,"[[0, 1, 11], [2, 4, 7], [3, 5, 6], [8, 9, 10]]",0.001014490348996145,-0.7937049806180546,1.634330993357714,-5.45890518619658e-15,,0.0,0.047934670781892987,0.047934670781892987,0.001014490348996145,0.0,0.0,"{""2"": 1}",0.047934670781892987,0.04793383600554839,0.9788558022382444,1e-05,True,40,development_isotonic_frozen
s1-i10,held_out,1,oracle,min_within_batch_tc,4,0.01,6c39d59273deb20f,"[[3, 4, 5], [7, 8, 9], [6, 10, 11], [0, 1, 2]]",0.001014490348996145,-0.7458512232214641,1.6831998376687818,-4.0053794419731026e-15,,0.0,0.027142857142857205,0.027142857142857205,0.001014490348996145,0.0,0.0,"{""2"": 1}",0.027142857142857205,0.027142332416754338,1.0006413537997112,1e-05,True,40,development_isotonic_frozen
s1-i10,held_out,1,oracle,dprm_myopic,4,0.01,e7dd12df07fc30e0,"[[3, 8, 10], [1, 5, 11], [0, 2, 9], [4, 6, 7]]",0.001014490348996145,-0.6991892734813653,1.8028413619802466,-6.6198999388192584e-15,,1.0,0.008732492997198882,0.008732492997198882,0.001014490348996145,0.0,0.0,"{""1"": 1}",0.008732492997198882,0.00873238682436854,0.2277336949534759,1e-05,True,40,development_isotonic_frozen
s1-i10,held_out,1,oracle,dprm_rollout,4,0.01,e7dd12df07fc30e0,"[[3, 8, 10], [1, 5, 11], [0, 2, 9], [4, 6, 7]]",0.001014490348996145,-0.6991892734813653,1.8028413619802466,-6.6198999388192584e-15,,1.0,0.008732492997198882,0.008732492997198882,0.001014490348996145,0.0,0.0,"{""1"": 1}",0.008732492997198882,0.00873238682436854,0.2277336949534759,1e-05,True,40,development_isotonic_frozen
s1-i10,held_out,1,oracle,subset_exact,4,0.01,83c472c6324355a6,"[[0, 5, 6], [2, 3, 10], [4, 7, 8], [1, 9, 11]]",0.001014490348996145,-0.7099286662993638,1.7178911322151267,-7.5349343817326e-15,,1.0,0.02270833333333333,0.02270833333333333,0.001014490348996145,0.0,0.0,"{""1"": 1}",0.02270833333333333,0.02270810625230651,0.29238708229039573,1e-05,True,40,development_isotonic_frozen
s1-i10,held_out,1,oracle,subset_beam_8,4,0.01,83c472c6324355a6,"[[0, 5, 6], [2, 3, 10], [4, 7, 8], [1, 9, 11]]",0.001014490348996145,-0.7099286662993638,1.7178911322151267,-7.5349343817326e-15,,1.0,0.02270833333333333,0.02270833333333333,0.001014490348996145,0.0,0.0,"{""1"": 1}",0.02270833333333333,0.02270810625230651,0.29238708229039573,1e-05,True,40,development_isotonic_frozen
s1-i10,held_out,1,oracle,subset_beam_32,4,0.01,83c472c6324355a6,"[[0, 5, 6], [2, 3, 10], [4, 7, 8], [1, 9, 11]]",0.001014490348996145,-0.7099286662993638,1.7178911322151267,-7.5349343817326e-15,,1.0,0.02270833333333333,0.02270833333333333,0.001014490348996145,0.0,0.0,"{""1"": 1}",0.02270833333333333,0.02270810625230651,0.29238708229039573,1e-05,True,40,development_isotonic_frozen
s1-i10,held_out,1,oracle,saps_diagonal,4,0.01,079f54ba9d12a18f,"[[2, 4, 8], [0, 5, 11], [1, 7, 10], [3, 6, 9]]",0.001014490348996145,-0.717186310795238,1.738477629121973,-7.555935503635403e-15,,1.0,0.04187500000000001,0.04187500000000001,0.001014490348996145,0.0,0.0,"{""1"": 1}",0.04187500000000001,0.04187462262869056,0.34315734800433334,1e-05,True,40,development_isotonic_frozen
s1-i10,held_out,1,oracle,p_saps_residualized,4,0.01,be16971d5d678912,"[[4, 8, 10], [0, 1, 9], [2, 5, 11], [3, 6, 7]]",0.001014490348996145,-0.714403424496585,1.748486671645409,-5.779337171062297e-15,,1.0,0.006785714285714287,0.006785714285714287,0.001014490348996145,0.0,0.0,"{""1"": 1}",0.006785714285714287,0.006785643804341613,0.34315734800433284,1e-05,True,80,development_isotonic_frozen
s1-i10,held_out,1,oracle,p_saps_projection,4,0.01,1326314bd75b1102,"[[4, 5, 8], [0, 6, 9], [1, 7, 11], [2, 3, 10]]",0.001014490348996145,-0.815048941071702,1.591145421177501,-7.905225814976557e-15,,0.0,0.055676269531250065,0.055676269531250065,0.001014490348996145,0.0,0.0,"{""2"": 1}",0.055676269531250065,0.05567531081655727,0.8421152271622868,1e-05,True,640,development_isotonic_frozen
s1-i10,held_out,1,oracle,b_saps_budgeted,4,0.01,079f54ba9d12a18f,"[[2, 4, 8], [0, 5, 11], [1, 7, 10], [3, 6, 9]]",0.001014490348996145,-0.717186310795238,1.738477629121973,-7.555935503635403e-15,,1.0,0.04187500000000001,0.04187500000000001,0.001014490348996145,0.0,0.0,"{""1"": 1}",0.04187500000000001,0.04187462262869056,0.34315734800433334,1e-05,True,40,development_isotonic_frozen
s1-i10,held_out,1,oracle,random_balanced,4,0.05,079f54ba9d12a18f,"[[2, 4, 8], [0, 5, 11], [1, 7, 10], [3, 6, 9]]",0.0045632850121599755,-0.717186310795238,1.738477629121973,-7.555935503635403e-15,,1.0,0.04187500000000001,0.04187500000000001,0.0045632850121599755,0.0,0.0,"{""1"": 1}",0.04187500000000001,0.04187462262869056,0.34315734800433334,1e-05,True,40,development_isotonic_frozen
s1-i10,held_out,1,oracle,confidence,4,0.05,db720075721c9162,"[[2, 3, 10], [4, 6, 8], [0, 7, 11], [1, 5, 9]]",0.0045632850121599755,-0.5995791578731311,1.879006390239004,-7.566652061500735e-15,,1.0,0.02597222222222223,0.02597222222222223,0.0045632850121599755,0.0,0.0,"{""1"": 1}",0.02597222222222223,0.025971970721238247,0.23760650573223188,1e-05,True,40,development_isotonic_frozen
s1-i10,held_out,1,oracle,entropy,4,0.05,1d2954ba7b2b76d9,"[[3, 10, 11], [2, 4, 8], [0, 6, 7], [1, 5, 9]]",0.0045632850121599755,-0.6100046887551739,1.8983649454181195,-7.562834417125698e-15,,1.0,0.009142080745341613,0.009142080745341613,0.0045632850121599755,0.0,0.0,"{""1"": 1}",0.009142080745341613,0.009141984733778431,0.35975800423779897,1e-05,True,40,development_isotonic_frozen
s1-i10,held_out,1,oracle,dependency_cmi,4,0.05,bebb8656938826cf,"[[0, 1, 11], [2, 4, 7], [3, 5, 6], [8, 9, 10]]",0.0045632850121599755,-0.7937049806180546,1.634330993357714,-5.45890518619658e-15,,0.0,0.047934670781892987,0.047934670781892987,0.0045632850121599755,0.0,0.0,"{""2"": 1}",0.047934670781892987,0.04793383600554839,0.9788558022382444,1e-05,True,40,development_isotonic_frozen
s1-i10,held_out,1,oracle,min_within_batch_tc,4,0.05,6c39d59273deb20f,"[[3, 4, 5], [7, 8, 9], [6, 10, 11], [0, 1, 2]]",0.0045632850121599755,-0.7458512232214641,1.6831998376687818,-4.0053794419731026e-15,,0.0,0.027142857142857205,0.027142857142857205,0.0045632850121599755,0.0,0.0,"{""2"": 1}",0.027142857142857205,0.027142332416754338,1.0006413537997112,1e-05,True,40,development_isotonic_frozen
s1-i10,held_out,1,oracle,dprm_myopic,4,0.05,e7dd12df07fc30e0,"[[3, 8, 10], [1, 5, 11], [0, 2, 9], [4, 6, 7]]",0.0045632850121599755,-0.6991892734813653,1.8028413619802466,-6.6198999388192584e-15,,1.0,0.008732492997198882,0.008732492997198882,0.0045632850121599755,0.0,0.0,"{""1"": 1}",0.008732492997198882,0.00873238682436854,0.2277336949534759,1e-05,True,40,development_isotonic_frozen
s1-i10,held_out,1,oracle,dprm_rollout,4,0.05,6c493a94b9656d71,"[[3, 4, 10], [1, 7, 11], [0, 5, 8], [2, 6, 9]]",0.0045632850121599755,-0.6894339923543732,1.7847010932353113,-7.918788645265507e-15,,1.0,0.02267045454545456,0.02267045454545456,0.0045632850121599755,0.0,0.0,"{""1"": 1}",0.02267045454545456,0.02267024717885074,0.28191682293437453,1e-05,True,40,development_isotonic_frozen
s1-i10,held_out,1,oracle,subset_exact,4,0.05,c34a119c2eec521b,"[[0, 1, 2], [3, 4, 10], [6, 7, 8], [5, 9, 11]]",0.0045632850121599755,-0.7070153324035449,1.734537632201035,-3.914119677732238e-15,,1.0,0.02270833333333333,0.02270833333333333,0.0045632850121599755,0.0,0.0,"{""1"": 1}",0.02270833333333333,0.022708106252306518,0.29238708229039573,1e-05,True,40,development_isotonic_frozen
s1-i10,held_out,1,oracle,subset_beam_8,4,0.05,c34a119c2eec521b,"[[0, 1, 2], [3, 4, 10], [6, 7, 8], [5, 9, 11]]",0.0045632850121599755,-0.7070153324035449,1.734537632201035,-3.914119677732238e-15,,1.0,0.02270833333333333,0.02270833333333333,0.0045632850121599755,0.0,0.0,"{""1"": 1}",0.02270833333333333,0.022708106252306518,0.29238708229039573,1e-05,True,40,development_isotonic_frozen
s1-i10,held_out,1,oracle,subset_beam_32,4,0.05,c34a119c2eec521b,"[[0, 1, 2], [3, 4, 10], [6, 7, 8], [5, 9, 11]]",0.0045632850121599755,-0.7070153324035449,1.734537632201035,-3.914119677732238e-15,,1.0,0.02270833333333333,0.02270833333333333,0.0045632850121599755,0.0,0.0,"{""1"": 1}",0.02270833333333333,0.022708106252306518,0.29238708229039573,1e-05,True,40,development_isotonic_frozen
s1-i10,held_out,1,oracle,saps_diagonal,4,0.05,079f54ba9d12a18f,"[[2, 4, 8], [0, 5, 11], [1, 7, 10], [3, 6, 9]]",0.0045632850121599755,-0.717186310795238,1.738477629121973,-7.555935503635403e-15,,1.0,0.04187500000000001,0.04187500000000001,0.0045632850121599755,0.0,0.0,"{""1"": 1}",0.04187500000000001,0.04187462262869056,0.34315734800433334,1e-05,True,40,development_isotonic_frozen
s1-i10,held_out,1,oracle,p_saps_residualized,4,0.05,be16971d5d678912,"[[4, 8, 10], [0, 1, 9], [2, 5, 11], [3, 6, 7]]",0.0045632850121599755,-0.714403424496585,1.748486671645409,-5.779337171062297e-15,,1.0,0.006785714285714287,0.006785714285714287,0.0045632850121599755,0.0,0.0,"{""1"": 1}",0.006785714285714287,0.006785643804341613,0.34315734800433284,1e-05,True,80,development_isotonic_frozen
s1-i10,held_out,1,oracle,p_saps_projection,4,0.05,1326314bd75b1102,"[[4, 5, 8], [0, 6, 9], [1, 7, 11], [2, 3, 10]]",0.0045632850121599755,-0.815048941071702,1.591145421177501,-7.905225814976557e-15,,0.0,0.055676269531250065,0.055676269531250065,0.0045632850121599755,0.0,0.0,"{""2"": 1}",0.055676269531250065,0.05567531081655727,0.8421152271622868,1e-05,True,640,development_isotonic_frozen
s1-i10,held_out,1,oracle,b_saps_budgeted,4,0.05,079f54ba9d12a18f,"[[2, 4, 8], [0, 5, 11], [1, 7, 10], [3, 6, 9]]",0.0045632850121599755,-0.717186310795238,1.738477629121973,-7.555935503635403e-15,,1.0,0.04187500000000001,0.04187500000000001,0.0045632850121599755,0.0,0.0,"{""1"": 1}",0.04187500000000001,0.04187462262869056,0.34315734800433334,1e-05,True,40,development_isotonic_frozen
s1-i10,held_out,1,oracle,random_balanced,4,0.15,079f54ba9d12a18f,"[[2, 4, 8], [0, 5, 11], [1, 7, 10], [3, 6, 9]]",0.07603872962220123,-0.717186310795238,1.738477629121973,-7.555935503635403e-15,,1.0,0.04187500000000001,0.04187500000000001,0.10319987799386791,0.0,1.0,"{""1"": 1}",0.04187500000000001,0.04187462262869056,0.34315734800433334,1e-05,True,40,development_isotonic_frozen
s1-i10,held_out,1,oracle,confidence,4,0.15,db720075721c9162,"[[2, 3, 10], [4, 6, 8], [0, 7, 11], [1, 5, 9]]",0.07603872962220123,-0.5995791578731311,1.879006390239004,-7.566652061500735e-15,,1.0,0.02597222222222223,0.02597222222222223,0.10319987799386791,0.0,1.0,"{""1"": 1}",0.02597222222222223,0.025971970721238247,0.23760650573223188,1e-05,True,40,development_isotonic_frozen
s1-i10,held_out,1,oracle,entropy,4,0.15,1d2954ba7b2b76d9,"[[3, 10, 11], [2, 4, 8], [0, 6, 7], [1, 5, 9]]",0.07603872962220123,-0.6100046887551739,1.8983649454181195,-7.562834417125698e-15,,1.0,0.009142080745341613,0.009142080745341613,0.10319987799386791,0.0,1.0,"{""1"": 1}",0.009142080745341613,0.009141984733778431,0.35975800423779897,1e-05,True,40,development_isotonic_frozen
s1-i10,held_out,1,oracle,dependency_cmi,4,0.15,bebb8656938826cf,"[[0, 1, 11], [2, 4, 7], [3, 5, 6], [8, 9, 10]]",0.07603872962220123,-0.7937049806180546,1.634330993357714,-5.45890518619658e-15,,0.0,0.047934670781892987,0.047934670781892987,0.0316741333019828,0.0,1.0,"{""2"": 1}",0.047934670781892987,0.04793383600554839,0.9788558022382444,1e-05,True,40,development_isotonic_frozen
s1-i10,held_out,1,oracle,min_within_batch_tc,4,0.15,6c39d59273deb20f,"[[3, 4, 5], [7, 8, 9], [6, 10, 11], [0, 1, 2]]",0.07603872962220123,-0.7458512232214641,1.6831998376687818,-4.0053794419731026e-15,,0.0,0.027142857142857205,0.027142857142857205,0.0316741333019828,0.0,1.0,"{""2"": 1}",0.027142857142857205,0.027142332416754338,1.0006413537997112,1e-05,True,40,development_isotonic_frozen
s1-i10,held_out,1,oracle,dprm_myopic,4,0.15,e7dd12df07fc30e0,"[[3, 8, 10], [1, 5, 11], [0, 2, 9], [4, 6, 7]]",0.07603872962220123,-0.6991892734813653,1.8028413619802466,-6.6198999388192584e-15,,1.0,0.008732492997198882,0.008732492997198882,0.10319987799386791,0.0,1.0,"{""1"": 1}",0.008732492997198882,0.00873238682436854,0.2277336949534759,1e-05,True,40,development_isotonic_frozen
s1-i10,held_out,1,oracle,dprm_rollout,4,0.15,fc0fba13ddf5eb18,"[[0, 3, 4], [1, 2, 7], [5, 6, 8], [9, 10, 11]]",0.07603872962220123,-0.7613761929433492,1.6569118877445985,-6.603974951710263e-15,,0.0,0.020242463026166134,0.020242463026166134,0.0316741333019828,0.0,1.0,"{""2"": 1}",0.020242463026166134,0.020242193017208532,0.9454413482963645,1e-05,True,40,development_isotonic_frozen
s1-i10,held_out,1,oracle,subset_exact,4,0.15,42f8aa17712aa8e5,"[[0, 1, 3], [2, 4, 10], [6, 7, 8], [5, 9, 11]]",0.07603872962220123,-0.7123173711334873,1.7368884100624886,-6.108539064234959e-15,,1.0,0.015595238095238093,0.015595238095238093,0.10319987799386791,0.0,1.0,"{""1"": 1}",0.015595238095238093,0.015595044645349193,0.29238708229039595,1e-05,True,40,development_isotonic_frozen
s1-i10,held_out,1,oracle,subset_beam_8,4,0.15,42f8aa17712aa8e5,"[[0, 1, 3], [2, 4, 10], [6, 7, 8], [5, 9, 11]]",0.07603872962220123,-0.7123173711334873,1.7368884100624886,-6.108539064234959e-15,,1.0,0.015595238095238093,0.015595238095238093,0.10319987799386791,0.0,1.0,"{""1"": 1}",0.015595238095238093,0.015595044645349193,0.29238708229039595,1e-05,True,40,development_isotonic_frozen
s1-i10,held_out,1,oracle,subset_beam_32,4,0.15,42f8aa17712aa8e5,"[[0, 1, 3], [2, 4, 10], [6, 7, 8], [5, 9, 11]]",0.07603872962220123,-0.7123173711334873,1.7368884100624886,-6.108539064234959e-15,,1.0,0.015595238095238093,0.015595238095238093,0.10319987799386791,0.0,1.0,"{""1"": 1}",0.015595238095238093,0.015595044645349193,0.29238708229039595,1e-05,True,40,development_isotonic_frozen
s1-i10,held_out,1,oracle,saps_diagonal,4,0.15,079f54ba9d12a18f,"[[2, 4, 8], [0, 5, 11], [1, 7, 10], [3, 6, 9]]",0.07603872962220123,-0.717186310795238,1.738477629121973,-7.555935503635403e-15,,1.0,0.04187500000000001,0.04187500000000001,0.10319987799386791,0.0,1.0,"{""1"": 1}",0.04187500000000001,0.04187462262869056,0.34315734800433334,1e-05,True,40,development_isotonic_frozen
s1-i10,held_out,1,oracle,p_saps_residualized,4,0.15,be16971d5d678912,"[[4, 8, 10], [0, 1, 9], [2, 5, 11], [3, 6, 7]]",0.07603872962220123,-0.714403424496585,1.748486671645409,-5.779337171062297e-15,,1.0,0.006785714285714287,0.006785714285714287,0.10319987799386791,0.0,1.0,"{""1"": 1}",0.006785714285714287,0.006785643804341613,0.34315734800433284,1e-05,True,80,development_isotonic_frozen
s1-i10,held_out,1,oracle,p_saps_projection,4,0.15,1326314bd75b1102,"[[4, 5, 8], [0, 6, 9], [1, 7, 11], [2, 3, 10]]",0.07603872962220123,-0.815048941071702,1.591145421177501,-7.905225814976557e-15,,0.0,0.055676269531250065,0.055676269531250065,0.0316741333019828,0.0,1.0,"{""2"": 1}",0.055676269531250065,0.05567531081655727,0.8421152271622868,1e-05,True,640,development_isotonic_frozen
s1-i10,held_out,1,oracle,b_saps_budgeted,4,0.15,079f54ba9d12a18f,"[[2, 4, 8], [0, 5, 11], [1, 7, 10], [3, 6, 9]]",0.07603872962220123,-0.717186310795238,1.738477629121973,-7.555935503635403e-15,,1.0,0.04187500000000001,0.04187500000000001,0.10319987799386791,0.0,1.0,"{""1"": 1}",0.04187500000000001,0.04187462262869056,0.34315734800433334,1e-05,True,40,development_isotonic_frozen
s1-i10,held_out,1,random_matched,random_balanced,1,0.01,8a4f20d215a3b9a1,"[[0, 1, 2, 3, 4, 5, 6, 7, 8, 9, 10, 11]]",0.04463757535583038,-0.0,0.0,-3.8309019220161975e-14,,0.0,0.14018977847662772,0.14018977847662772,0.04463757535583038,0.0,0.0,"{""4"": 22, ""3"": 23, ""2"": 21}",0.14018977847662772,0.14018828254359672,60.162029519142216,1e-05,True,40,development_isotonic_frozen
s1-i10,held_out,1,random_matched,confidence,1,0.01,8a4f20d215a3b9a1,"[[0, 1, 2, 3, 4, 5, 6, 7, 8, 9, 10, 11]]",0.04463757535583038,-0.0,0.0,-3.8309019220161975e-14,,0.0,0.14018977847662772,0.14018977847662772,0.04463757535583038,0.0,0.0,"{""4"": 22, ""3"": 23, ""2"": 21}",0.14018977847662772,0.14018828254359672,60.162029519142216,1e-05,True,40,development_isotonic_frozen
s1-i10,held_out,1,random_matched,entropy,1,0.01,8a4f20d215a3b9a1,"[[0, 1, 2, 3, 4, 5, 6, 7, 8, 9, 10, 11]]",0.04463757535583038,-0.0,0.0,-3.8309019220161975e-14,,0.0,0.14018977847662772,0.14018977847662772,0.04463757535583038,0.0,0.0,"{""4"": 22, ""3"": 23, ""2"": 21}",0.14018977847662772,0.14018828254359672,60.162029519142216,1e-05,True,40,development_isotonic_frozen
s1-i10,held_out,1,random_matched,dependency_cmi,1,0.01,8a4f20d215a3b9a1,"[[0, 1, 2, 3, 4, 5, 6, 7, 8, 9, 10, 11]]",0.04463757535583038,-0.0,0.0,-3.8309019220161975e-14,,0.0,0.14018977847662772,0.14018977847662772,0.04463757535583038,0.0,0.0,"{""4"": 22, ""3"": 23, ""2"": 21}",0.14018977847662772,0.14018828254359672,60.162029519142216,1e-05,True,40,development_isotonic_frozen
s1-i10,held_out,1,random_matched,min_within_batch_tc,1,0.01,8a4f20d215a3b9a1,"[[0, 1, 2, 3, 4, 5, 6, 7, 8, 9, 10, 11]]",0.04463757535583038,-0.0,0.0,-3.8309019220161975e-14,,0.0,0.14018977847662772,0.14018977847662772,0.04463757535583038,0.0,0.0,"{""4"": 22, ""3"": 23, ""2"": 21}",0.14018977847662772,0.14018828254359672,60.162029519142216,1e-05,True,40,development_isotonic_frozen
s1-i10,held_out,1,random_matched,dprm_myopic,1,0.01,8a4f20d215a3b9a1,"[[0, 1, 2, 3, 4, 5, 6, 7, 8, 9, 10, 11]]",0.04463757535583038,-0.0,0.0,-3.8309019220161975e-14,,0.0,0.14018977847662772,0.14018977847662772,0.04463757535583038,0.0,0.0,"{""4"": 22, ""3"": 23, ""2"": 21}",0.14018977847662772,0.14018828254359672,60.162029519142216,1e-05,True,40,development_isotonic_frozen
s1-i10,held_out,1,random_matched,dprm_rollout,1,0.01,8a4f20d215a3b9a1,"[[0, 1, 2, 3, 4, 5, 6, 7, 8, 9, 10, 11]]",0.04463757535583038,-0.0,0.0,-3.8309019220161975e-14,,0.0,0.14018977847662772,0.14018977847662772,0.04463757535583038,0.0,0.0,"{""4"": 22, ""3"": 23, ""2"": 21}",0.14018977847662772,0.14018828254359672,60.162029519142216,1e-05,True,40,development_isotonic_frozen
s1-i10,held_out,1,random_matched,subset_exact,1,0.01,8a4f20d215a3b9a1,"[[0, 1, 2, 3, 4, 5, 6, 7, 8, 9, 10, 11]]",0.04463757535583038,-0.0,0.0,-3.8309019220161975e-14,,0.0,0.14018977847662772,0.14018977847662772,0.04463757535583038,0.0,0.0,"{""4"": 22, ""3"": 23, ""2"": 21}",0.14018977847662772,0.14018828254359672,60.162029519142216,1e-05,True,40,development_isotonic_frozen
s1-i10,held_out,1,random_matched,subset_beam_8,1,0.01,8a4f20d215a3b9a1,"[[0, 1, 2, 3, 4, 5, 6, 7, 8, 9, 10, 11]]",0.04463757535583038,-0.0,0.0,-3.8309019220161975e-14,,0.0,0.14018977847662772,0.14018977847662772,0.04463757535583038,0.0,0.0,"{""4"": 22, ""3"": 23, ""2"": 21}",0.14018977847662772,0.14018828254359672,60.162029519142216,1e-05,True,40,development_isotonic_frozen
s1-i10,held_out,1,random_matched,subset_beam_32,1,0.01,8a4f20d215a3b9a1,"[[0, 1, 2, 3, 4, 5, 6, 7, 8, 9, 10, 11]]",0.04463757535583038,-0.0,0.0,-3.8309019220161975e-14,,0.0,0.14018977847662772,0.14018977847662772,0.04463757535583038,0.0,0.0,"{""4"": 22, ""3"": 23, ""2"": 21}",0.14018977847662772,0.14018828254359672,60.162029519142216,1e-05,True,40,development_isotonic_frozen
s1-i10,held_out,1,random_matched,saps_diagonal,1,0.01,8a4f20d215a3b9a1,"[[0, 1, 2, 3, 4, 5, 6, 7, 8, 9, 10, 11]]",0.04463757535583038,-0.0,0.0,-3.8309019220161975e-14,,0.0,0.14018977847662772,0.14018977847662772,0.04463757535583038,0.0,0.0,"{""4"": 22, ""3"": 23, ""2"": 21}",0.14018977847662772,0.14018828254359672,60.162029519142216,1e-05,True,40,development_isotonic_frozen
s1-i10,held_out,1,random_matched,p_saps_residualized,1,0.01,8a4f20d215a3b9a1,"[[0, 1, 2, 3, 4, 5, 6, 7, 8, 9, 10, 11]]",0.04463757535583038,-0.0,0.0,-3.8309019220161975e-14,,0.0,0.14018977847662772,0.14018977847662772,0.04463757535583038,0.0,0.0,"{""4"": 22, ""3"": 23, ""2"": 21}",0.14018977847662772,0.14018828254359672,60.162029519142216,1e-05,True,40,development_isotonic_frozen
s1-i10,held_out,1,random_matched,p_saps_projection,1,0.01,8a4f20d215a3b9a1,"[[0, 1, 2, 3, 4, 5, 6, 7, 8, 9, 10, 11]]",0.04463757535583038,-0.0,0.0,-3.8309019220161975e-14,,0.0,0.14018977847662772,0.14018977847662772,0.04463757535583038,0.0,0.0,"{""4"": 22, ""3"": 23, ""2"": 21}",0.14018977847662772,0.14018828254359672,60.162029519142216,1e-05,True,40,development_isotonic_frozen
s1-i10,held_out,1,random_matched,b_saps_budgeted,1,0.01,8a4f20d215a3b9a1,"[[0, 1, 2, 3, 4, 5, 6, 7, 8, 9, 10, 11]]",0.04463757535583038,-0.0,0.0,-3.8309019220161975e-14,,0.0,0.14018977847662772,0.14018977847662772,0.04463757535583038,0.0,0.0,"{""4"": 22, ""3"": 23, ""2"": 21}",0.14018977847662772,0.14018828254359672,60.162029519142216,1e-05,True,40,development_isotonic_frozen
s1-i10,held_out,1,random_matched,random_balanced,1,0.05,8a4f20d215a3b9a1,"[[0, 1, 2, 3, 4, 5, 6, 7, 8, 9, 10, 11]]",0.25737070657229355,-0.0,0.0,-3.8309019220161975e-14,,0.0,0.14018977847662772,0.14018977847662772,0.25737070657229355,0.0,0.0,"{""4"": 22, ""3"": 23, ""2"": 21}",0.14018977847662772,0.14018828254359672,60.162029519142216,1e-05,True,40,development_isotonic_frozen
s1-i10,held_out,1,random_matched,confidence,1,0.05,8a4f20d215a3b9a1,"[[0, 1, 2, 3, 4, 5, 6, 7, 8, 9, 10, 11]]",0.25737070657229355,-0.0,0.0,-3.8309019220161975e-14,,0.0,0.14018977847662772,0.14018977847662772,0.25737070657229355,0.0,0.0,"{""4"": 22, ""3"": 23, ""2"": 21}",0.14018977847662772,0.14018828254359672,60.162029519142216,1e-05,True,40,development_isotonic_frozen
s1-i10,held_out,1,random_matched,entropy,1,0.05,8a4f20d215a3b9a1,"[[0, 1, 2, 3, 4, 5, 6, 7, 8, 9, 10, 11]]",0.25737070657229355,-0.0,0.0,-3.8309019220161975e-14,,0.0,0.14018977847662772,0.14018977847662772,0.25737070657229355,0.0,0.0,"{""4"": 22, ""3"": 23, ""2"": 21}",0.14018977847662772,0.14018828254359672,60.162029519142216,1e-05,True,40,development_isotonic_frozen
s1-i10,held_out,1,random_matched,dependency_cmi,1,0.05,8a4f20d215a3b9a1,"[[0, 1, 2, 3, 4, 5, 6, 7, 8, 9, 10, 11]]",0.25737070657229355,-0.0,0.0,-3.8309019220161975e-14,,0.0,0.14018977847662772,0.14018977847662772,0.25737070657229355,0.0,0.0,"{""4"": 22, ""3"": 23, ""2"": 21}",0.14018977847662772,0.14018828254359672,60.162029519142216,1e-05,True,40,development_isotonic_frozen
s1-i10,held_out,1,random_matched,min_within_batch_tc,1,0.05,8a4f20d215a3b9a1,"[[0, 1, 2, 3, 4, 5, 6, 7, 8, 9, 10, 11]]",0.25737070657229355,-0.0,0.0,-3.8309019220161975e-14,,0.0,0.14018977847662772,0.14018977847662772,0.25737070657229355,0.0,0.0,"{""4"": 22, ""3"": 23, ""2"": 21}",0.14018977847662772,0.14018828254359672,60.162029519142216,1e-05,True,40,development_isotonic_frozen
s1-i10,held_out,1,random_matched,dprm_myopic,1,0.05,8a4f20d215a3b9a1,"[[0, 1, 2, 3, 4, 5, 6, 7, 8, 9, 10, 11]]",0.25737070657229355,-0.0,0.0,-3.8309019220161975e-14,,0.0,0.14018977847662772,0.14018977847662772,0.25737070657229355,0.0,0.0,"{""4"": 22, ""3"": 23, ""2"": 21}",0.14018977847662772,0.14018828254359672,60.162029519142216,1e-05,True,40,development_isotonic_frozen
s1-i10,held_out,1,random_matched,dprm_rollout,1,0.05,8a4f20d215a3b9a1,"[[0, 1, 2, 3, 4, 5, 6, 7, 8, 9, 10, 11]]",0.25737070657229355,-0.0,0.0,-3.8309019220161975e-14,,0.0,0.14018977847662772,0.14018977847662772,0.25737070657229355,0.0,0.0,"{""4"": 22, ""3"": 23, ""2"": 21}",0.14018977847662772,0.14018828254359672,60.162029519142216,1e-05,True,40,development_isotonic_frozen
s1-i10,held_out,1,random_matched,subset_exact,1,0.05,8a4f20d215a3b9a1,"[[0, 1, 2, 3, 4, 5, 6, 7, 8, 9, 10, 11]]",0.25737070657229355,-0.0,0.0,-3.8309019220161975e-14,,0.0,0.14018977847662772,0.14018977847662772,0.25737070657229355,0.0,0.0,"{""4"": 22, ""3"": 23, ""2"": 21}",0.14018977847662772,0.14018828254359672,60.162029519142216,1e-05,True,40,development_isotonic_frozen
s1-i10,held_out,1,random_matched,subset_beam_8,1,0.05,8a4f20d215a3b9a1,"[[0, 1, 2, 3, 4, 5, 6, 7, 8, 9, 10, 11]]",0.25737070657229355,-0.0,0.0,-3.8309019220161975e-14,,0.0,0.14018977847662772,0.14018977847662772,0.25737070657229355,0.0,0.0,"{""4"": 22, ""3"": 23, ""2"": 21}",0.14018977847662772,0.14018828254359672,60.162029519142216,1e-05,True,40,development_isotonic_frozen
s1-i10,held_out,1,random_matched,subset_beam_32,1,0.05,8a4f20d215a3b9a1,"[[0, 1, 2, 3, 4, 5, 6, 7, 8, 9, 10, 11]]",0.25737070657229355,-0.0,0.0,-3.8309019220161975e-14,,0.0,0.14018977847662772,0.14018977847662772,0.25737070657229355,0.0,0.0,"{""4"": 22, ""3"": 23, ""2"": 21}",0.14018977847662772,0.14018828254359672,60.162029519142216,1e-05,True,40,development_isotonic_frozen
s1-i10,held_out,1,random_matched,saps_diagonal,1,0.05,8a4f20d215a3b9a1,"[[0, 1, 2, 3, 4, 5, 6, 7, 8, 9, 10, 11]]",0.25737070657229355,-0.0,0.0,-3.8309019220161975e-14,,0.0,0.14018977847662772,0.14018977847662772,0.25737070657229355,0.0,0.0,"{""4"": 22, ""3"": 23, ""2"": 21}",0.14018977847662772,0.14018828254359672,60.162029519142216,1e-05,True,40,development_isotonic_frozen
s1-i10,held_out,1,random_matched,p_saps_residualized,1,0.05,8a4f20d215a3b9a1,"[[0, 1, 2, 3, 4, 5, 6, 7, 8, 9, 10, 11]]",0.25737070657229355,-0.0,0.0,-3.8309019220161975e-14,,0.0,0.14018977847662772,0.14018977847662772,0.25737070657229355,0.0,0.0,"{""4"": 22, ""3"": 23, ""2"": 21}",0.14018977847662772,0.14018828254359672,60.162029519142216,1e-05,True,40,development_isotonic_frozen
s1-i10,held_out,1,random_matched,p_saps_projection,1,0.05,8a4f20d215a3b9a1,"[[0, 1, 2, 3, 4, 5, 6, 7, 8, 9, 10, 11]]",0.25737070657229355,-0.0,0.0,-3.8309019220161975e-14,,0.0,0.14018977847662772,0.14018977847662772,0.25737070657229355,0.0,0.0,"{""4"": 22, ""3"": 23, ""2"": 21}",0.14018977847662772,0.14018828254359672,60.162029519142216,1e-05,True,40,development_isotonic_frozen
s1-i10,held_out,1,random_matched,b_saps_budgeted,1,0.05,8a4f20d215a3b9a1,"[[0, 1, 2, 3, 4, 5, 6, 7, 8, 9, 10, 11]]",0.25737070657229355,-0.0,0.0,-3.8309019220161975e-14,,0.0,0.14018977847662772,0.14018977847662772,0.25737070657229355,0.0,0.0,"{""4"": 22, ""3"": 23, ""2"": 21}",0.14018977847662772,0.14018828254359672,60.162029519142216,1e-05,True,40,development_isotonic_frozen
s1-i10,held_out,1,random_matched,random_balanced,1,0.15,8a4f20d215a3b9a1,"[[0, 1, 2, 3, 4, 5, 6, 7, 8, 9, 10, 11]]",0.6651567993416388,-0.0,0.0,-3.8309019220161975e-14,,0.0,0.14018977847662772,0.14018977847662772,0.6651567993416388,0.0,1.0,"{""4"": 22, ""3"": 23, ""2"": 21}",0.14018977847662772,0.14018828254359672,60.162029519142216,1e-05,True,40,development_isotonic_frozen
s1-i10,held_out,1,random_matched,confidence,1,0.15,8a4f20d215a3b9a1,"[[0, 1, 2, 3, 4, 5, 6, 7, 8, 9, 10, 11]]",0.6651567993416388,-0.0,0.0,-3.8309019220161975e-14,,0.0,0.14018977847662772,0.14018977847662772,0.6651567993416388,0.0,1.0,"{""4"": 22, ""3"": 23, ""2"": 21}",0.14018977847662772,0.14018828254359672,60.162029519142216,1e-05,True,40,development_isotonic_frozen
s1-i10,held_out,1,random_matched,entropy,1,0.15,8a4f20d215a3b9a1,"[[0, 1, 2, 3, 4, 5, 6, 7, 8, 9, 10, 11]]",0.6651567993416388,-0.0,0.0,-3.8309019220161975e-14,,0.0,0.14018977847662772,0.14018977847662772,0.6651567993416388,0.0,1.0,"{""4"": 22, ""3"": 23, ""2"": 21}",0.14018977847662772,0.14018828254359672,60.162029519142216,1e-05,True,40,development_isotonic_frozen
s1-i10,held_out,1,random_matched,dependency_cmi,1,0.15,8a4f20d215a3b9a1,"[[0, 1, 2, 3, 4, 5, 6, 7, 8, 9, 10, 11]]",0.6651567993416388,-0.0,0.0,-3.8309019220161975e-14,,0.0,0.14018977847662772,0.14018977847662772,0.6651567993416388,0.0,1.0,"{""4"": 22, ""3"": 23, ""2"": 21}",0.14018977847662772,0.14018828254359672,60.162029519142216,1e-05,True,40,development_isotonic_frozen
s1-i10,held_out,1,random_matched,min_within_batch_tc,1,0.15,8a4f20d215a3b9a1,"[[0, 1, 2, 3, 4, 5, 6, 7, 8, 9, 10, 11]]",0.6651567993416388,-0.0,0.0,-3.8309019220161975e-14,,0.0,0.14018977847662772,0.14018977847662772,0.6651567993416388,0.0,1.0,"{""4"": 22, ""3"": 23, ""2"": 21}",0.14018977847662772,0.14018828254359672,60.162029519142216,1e-05,True,40,development_isotonic_frozen
s1-i10,held_out,1,random_matched,dprm_myopic,1,0.15,8a4f20d215a3b9a1,"[[0, 1, 2, 3, 4, 5, 6, 7, 8, 9, 10, 11]]",0.6651567993416388,-0.0,0.0,-3.8309019220161975e-14,,0.0,0.14018977847662772,0.14018977847662772,0.6651567993416388,0.0,1.0,"{""4"": 22, ""3"": 23, ""2"": 21}",0.14018977847662772,0.14018828254359672,60.162029519142216,1e-05,True,40,development_isotonic_frozen
s1-i10,held_out,1,random_matched,dprm_rollout,1,0.15,8a4f20d215a3b9a1,"[[0, 1, 2, 3, 4, 5, 6, 7, 8, 9, 10, 11]]",0.6651567993416388,-0.0,0.0,-3.8309019220161975e-14,,0.0,0.14018977847662772,0.14018977847662772,0.6651567993416388,0.0,1.0,"{""4"": 22, ""3"": 23, ""2"": 21}",0.14018977847662772,0.14018828254359672,60.162029519142216,1e-05,True,40,development_isotonic_frozen
s1-i10,held_out,1,random_matched,subset_exact,1,0.15,8a4f20d215a3b9a1,"[[0, 1, 2, 3, 4, 5, 6, 7, 8, 9, 10, 11]]",0.6651567993416388,-0.0,0.0,-3.8309019220161975e-14,,0.0,0.14018977847662772,0.14018977847662772,0.6651567993416388,0.0,1.0,"{""4"": 22, ""3"": 23, ""2"": 21}",0.14018977847662772,0.14018828254359672,60.162029519142216,1e-05,True,40,development_isotonic_frozen
s1-i10,held_out,1,random_matched,subset_beam_8,1,0.15,8a4f20d215a3b9a1,"[[0, 1, 2, 3, 4, 5, 6, 7, 8, 9, 10, 11]]",0.6651567993416388,-0.0,0.0,-3.8309019220161975e-14,,0.0,0.14018977847662772,0.14018977847662772,0.6651567993416388,0.0,1.0,"{""4"": 22, ""3"": 23, ""2"": 21}",0.14018977847662772,0.14018828254359672,60.162029519142216,1e-05,True,40,development_isotonic_frozen
s1-i10,held_out,1,random_matched,subset_beam_32,1,0.15,8a4f20d215a3b9a1,"[[0, 1, 2, 3, 4, 5, 6, 7, 8, 9, 10, 11]]",0.6651567993416388,-0.0,0.0,-3.8309019220161975e-14,,0.0,0.14018977847662772,0.14018977847662772,0.6651567993416388,0.0,1.0,"{""4"": 22, ""3"": 23, ""2"": 21}",0.14018977847662772,0.14018828254359672,60.162029519142216,1e-05,True,40,development_isotonic_frozen
s1-i10,held_out,1,random_matched,saps_diagonal,1,0.15,8a4f20d215a3b9a1,"[[0, 1, 2, 3, 4, 5, 6, 7, 8, 9, 10, 11]]",0.6651567993416388,-0.0,0.0,-3.8309019220161975e-14,,0.0,0.14018977847662772,0.14018977847662772,0.6651567993416388,0.0,1.0,"{""4"": 22, ""3"": 23, ""2"": 21}",0.14018977847662772,0.14018828254359672,60.162029519142216,1e-05,True,40,development_isotonic_frozen
s1-i10,held_out,1,random_matched,p_saps_residualized,1,0.15,8a4f20d215a3b9a1,"[[0, 1, 2, 3, 4, 5, 6, 7, 8, 9, 10, 11]]",0.6651567993416388,-0.0,0.0,-3.8309019220161975e-14,,0.0,0.14018977847662772,0.14018977847662772,0.6651567993416388,0.0,1.0,"{""4"": 22, ""3"": 23, ""2"": 21}",0.14018977847662772,0.14018828254359672,60.162029519142216,1e-05,True,40,development_isotonic_frozen
s1-i10,held_out,1,random_matched,p_saps_projection,1,0.15,8a4f20d215a3b9a1,"[[0, 1, 2, 3, 4, 5, 6, 7, 8, 9, 10, 11]]",0.6651567993416388,-0.0,0.0,-3.8309019220161975e-14,,0.0,0.14018977847662772,0.14018977847662772,0.6651567993416388,0.0,1.0,"{""4"": 22, ""3"": 23, ""2"": 21}",0.14018977847662772,0.14018828254359672,60.162029519142216,1e-05,True,40,development_isotonic_frozen
s1-i10,held_out,1,random_matched,b_saps_budgeted,1,0.15,8a4f20d215a3b9a1,"[[0, 1, 2, 3, 4, 5, 6, 7, 8, 9, 10, 11]]",0.6651567993416388,-0.0,0.0,-3.8309019220161975e-14,,0.0,0.14018977847662772,0.14018977847662772,0.6651567993416388,0.0,1.0,"{""4"": 22, ""3"": 23, ""2"": 21}",0.14018977847662772,0.14018828254359672,60.162029519142216,1e-05,True,40,development_isotonic_frozen
s1-i10,held_out,1,random_matched,random_balanced,2,0.01,acbc23266521ffd7,"[[0, 2, 4, 5, 8, 11], [1, 3, 6, 7, 9, 10]]",0.06560370923508405,-0.24610321767366442,0.5755709197123015,-1.8163946018912175e-14,,22.0,0.2037921649650396,0.2037921649650396,0.06492738233575328,0.0,0.0,"{""2"": 38, ""1"": 22, ""3"": 4, ""4"": 2}",0.2037921649650396,0.20378757064948647,50.61312249493348,1e-05,True,40,development_isotonic_frozen
s1-i10,held_out,1,random_matched,confidence,2,0.01,d9092d6247fd2f06,"[[2, 3, 4, 6, 8, 10], [0, 1, 5, 7, 9, 11]]",0.06560370923508405,-0.19121901266932742,0.6322750698397784,-1.7416386960736036e-14,,30.0,0.11906011209236056,0.11906011209236056,0.06594187268474942,0.0,0.0,"{""2"": 26, ""3"": 9, ""1"": 30, ""4"": 1}",0.11906011209236056,0.11905892977874365,45.323844578560504,1e-05,True,40,development_isotonic_frozen
s1-i10,held_out,1,random_matched,entropy,2,0.01,bdd78bc9310f4f41,"[[2, 3, 4, 8, 10, 11], [0, 1, 5, 6, 7, 9]]",0.06560370923508405,-0.19141277021405,0.6502305200543864,-1.7410973556638566e-14,,28.0,0.12430396806520647,0.12430396806520647,0.06594187268474942,0.0,0.0,"{""2"": 26, ""3"": 11, ""1"": 28, ""4"": 1}",0.12430396806520647,0.12429901953389916,48.818936736306775,1e-05,True,40,development_isotonic_frozen
s1-i10,held_out,1,random_matched,dependency_cmi,2,0.01,16703e283f989aba,"[[0, 1, 4, 9, 10, 11], [2, 3, 5, 6, 7, 8]]",0.06560370923508405,-0.2518015264099313,0.5679103836639354,-1.7095610925921344e-14,,25.0,0.2186966762127374,0.2186966762127374,0.06492738233575328,0.0,0.0,"{""1"": 25, ""2"": 26, ""3"": 13, ""4"": 2}",0.2186966762127374,0.2186941193584218,47.28498788290161,1e-05,True,40,development_isotonic_frozen
s1-i10,held_out,1,random_matched,min_within_batch_tc,2,0.01,ca406881e108ee96,"[[3, 4, 5, 7, 8, 9], [0, 1, 2, 6, 10, 11]]",0.06560370923508405,-0.26456532548689976,0.5389958161576685,-1.5155561706425148e-14,,26.0,0.16750807866976403,0.16750807866976403,0.06492738233575328,0.0,0.0,"{""4"": 2, ""2"": 30, ""3"": 8, ""1"": 26}",0.16750807866976403,0.1675053756223098,46.16190983248893,1e-05,True,40,development_isotonic_frozen
s1-i10,held_out,1,random_matched,dprm_myopic,2,0.01,d20f8049ff35e66b,"[[0, 1, 3, 8, 10, 11], [2, 4, 5, 6, 7, 9]]",0.06560370923508405,-0.2355284166271212,0.607681063382806,-1.7128377512946842e-14,,23.0,0.1303230125585288,0.1303230125585288,0.06594187268474942,0.0,0.0,"{""1"": 23, ""3"": 17, ""2"": 25, ""4"": 1}",0.1303230125585288,0.13031653491513756,43.906235756049824,1e-05,True,40,development_isotonic_frozen
s1-i10,held_out,1,random_matched,dprm_rollout,2,0.01,cb97ccfd513a596d,"[[1, 3, 4, 8, 10, 11], [0, 2, 5, 6, 7, 9]]",0.06560370923508405,-0.22017630413989367,0.6179287791164615,-1.8201120203846496e-14,,24.0,0.14816830131509273,0.14816830131509273,0.06594187268474942,0.0,0.0,"{""2"": 32, ""1"": 24, ""4"": 1, ""3"": 9}",0.14816830131509273,0.14815612219587565,43.82392275389557,1e-05,True,40,development_isotonic_frozen
s1-i10,held_out,1,random_matched,subset_exact,2,0.01,83f3630d8861fe4c,"[[0, 1, 2, 3, 6, 9], [4, 5, 7, 8, 10, 11]]",0.06560370923508405,-0.26318955099211444,0.5378281959436512,-1.506907765768336e-14,,32.0,0.16510176343341065,0.16510176343341065,0.06695636303374557,0.0,0.0,"{""1"": 32, ""3"": 8, ""2"": 26}",0.16510176343341065,0.16508714041503628,36.56099707586597,1e-05,True,40,development_isotonic_frozen
s1-i10,held_out,1,random_matched,subset_beam_8,2,0.01,83f3630d8861fe4c,"[[0, 1, 2, 3, 6, 9], [4, 5, 7, 8, 10, 11]]",0.06560370923508405,-0.26318955099211444,0.5378281959436512,-1.506907765768336e-14,,32.0,0.16510176343341065,0.16510176343341065,0.06695636303374557,0.0,0.0,"{""1"": 32, ""3"": 8, ""2"": 26}",0.16510176343341065,0.16508714041503628,36.56099707586597,1e-05,True,40,development_isotonic_frozen
s1-i10,held_out,1,random_matched,subset_beam_32,2,0.01,83f3630d8861fe4c,"[[0, 1, 2, 3, 6, 9], [4, 5, 7, 8, 10, 11]]",0.06560370923508405,-0.26318955099211444,0.5378281959436512,-1.506907765768336e-14,,32.0,0.16510176343341065,0.16510176343341065,0.06695636303374557,0.0,0.0,"{""1"": 32, ""3"": 8, ""2"": 26}",0.16510176343341065,0.16508714041503628,36.56099707586597,1e-05,True,40,development_isotonic_frozen
s1-i10,held_out,1,random_matched,saps_diagonal,2,0.01,350ca062fce985d2,"[[0, 1, 2, 3, 4, 11], [5, 6, 7, 8, 9, 10]]",0.06560370923508405,-0.24497673700427455,0.5767150317503634,-1.5492263085952093e-14,,37.0,0.21928954701173456,0.21928954701173456,0.06695636303374557,0.0,0.0,"{""1"": 37, ""3"": 10, ""2"": 19}",0.21928954701173456,0.21928386474967976,35.643170207960004,1e-05,True,40,development_isotonic_frozen
s1-i10,held_out,1,random_matched,p_saps_residualized,2,0.01,b188ec43c433c0b1,"[[0, 1, 4, 5, 8, 10], [2, 3, 6, 7, 9, 11]]",0.06560370923508405,-0.25179037960408973,0.5652441237255781,-1.7515293073436213e-14,,31.0,0.2101030163294702,0.2101030163294702,0.06594187268474942,0.0,0.0,"{""1"": 31, ""3"": 8, ""2"": 26, ""4"": 1}",0.2101030163294702,0.2100938401558139,44.29804264689151,1e-05,True,80,development_isotonic_frozen
s1-i10,held_out,1,random_matched,p_saps_projection,2,0.01,16703e283f989aba,"[[0, 1, 4, 9, 10, 11], [2, 3, 5, 6, 7, 8]]",0.06560370923508405,-0.2518015264099313,0.5679103836639354,-1.7095610925921344e-14,,25.0,0.2186966762127374,0.2186966762127374,0.06492738233575328,0.0,0.0,"{""1"": 25, ""2"": 26, ""3"": 13, ""4"": 2}",0.2186966762127374,0.2186941193584218,47.28498788290161,1e-05,True,640,development_isotonic_frozen
s1-i10,held_out,1,random_matched,b_saps_budgeted,2,0.01,e7b9a12588145401,"[[0, 2, 4, 5, 6, 8], [1, 3, 7, 9, 10, 11]]",0.06560370923508405,-0.24590946012894185,0.5576154694976935,-1.7842813584527782e-14,,26.0,0.18052521302478647,0.18052521302478647,0.06695636303374557,0.0,0.0,"{""2"": 34, ""1"": 26, ""3"": 6}",0.18052521302478647,0.18051879236332932,47.9660067853695,1e-05,True,40,development_isotonic_frozen
s1-i10,held_out,1,random_matched,random_balanced,2,0.05,acbc23266521ffd7,"[[0, 2, 4, 5, 8, 11], [1, 3, 6, 7, 9, 10]]",0.2985218953946635,-0.24610321767366442,0.5755709197123015,-1.8163946018912175e-14,,22.0,0.2037921649650396,0.2037921649650396,0.29719443769071613,0.0,0.0,"{""2"": 38, ""1"": 22, ""3"": 4, ""4"": 2}",0.2037921649650396,0.20378757064948647,50.61312249493348,1e-05,True,40,development_isotonic_frozen
s1-i10,held_out,1,random_matched,confidence,2,0.05,d9092d6247fd2f06,"[[2, 3, 4, 6, 8, 10], [0, 1, 5, 7, 9, 11]]",0.2985218953946635,-0.19121901266932742,0.6322750698397784,-1.7416386960736036e-14,,30.0,0.11906011209236056,0.11906011209236056,0.29918562424663725,0.0,0.0,"{""2"": 26, ""3"": 9, ""1"": 30, ""4"": 1}",0.11906011209236056,0.11905892977874365,45.323844578560504,1e-05,True,40,development_isotonic_frozen
s1-i10,held_out,1,random_matched,entropy,2,0.05,bdd78bc9310f4f41,"[[2, 3, 4, 8, 10, 11], [0, 1, 5, 6, 7, 9]]",0.2985218953946635,-0.19141277021405,0.6502305200543864,-1.7410973556638566e-14,,28.0,0.12430396806520647,0.12430396806520647,0.29918562424663725,0.0,0.0,"{""2"": 26, ""3"": 11, ""1"": 28, ""4"": 1}",0.12430396806520647,0.12429901953389916,48.818936736306775,1e-05,True,40,development_isotonic_frozen
s1-i10,held_out,1,random_matched,dependency_cmi,2,0.05,16703e283f989aba,"[[0, 1, 4, 9, 10, 11], [2, 3, 5, 6, 7, 8]]",0.2985218953946635,-0.2518015264099313,0.5679103836639354,-1.7095610925921344e-14,,25.0,0.2186966762127374,0.2186966762127374,0.29719443769071613,0.0,0.0,"{""1"": 25, ""2"": 26, ""3"": 13, ""4"": 2}",0.2186966762127374,0.2186941193584218,47.28498788290161,1e-05,True,40,development_isotonic_frozen
s1-i10,held_out,1,random_matched,min_within_batch_tc,2,0.05,ca406881e108ee96,"[[3, 4, 5, 7, 8, 9], [0, 1, 2, 6, 10, 11]]",0.2985218953946635,-0.26456532548689976,0.5389958161576685,-1.5155561706425148e-14,,26.0,0.16750807866976403,0.16750807866976403,0.29719443769071613,0.0,0.0,"{""4"": 2, ""2"": 30, ""3"": 8, ""1"": 26}",0.16750807866976403,0.1675053756223098,46.16190983248893,1e-05,True,40,development_isotonic_frozen
s1-i10,held_out,1,random_matched,dprm_myopic,2,0.05,d20f8049ff35e66b,"[[0, 1, 3, 8, 10, 11], [2, 4, 5, 6, 7, 9]]",0.2985218953946635,-0.2355284166271212,0.607681063382806,-1.7128377512946842e-14,,23.0,0.1303230125585288,0.1303230125585288,0.29918562424663725,0.0,0.0,"{""1"": 23, ""3"": 17, ""2"": 25, ""4"": 1}",0.1303230125585288,0.13031653491513756,43.906235756049824,1e-05,True,40,development_isotonic_frozen
s1-i10,held_out,1,random_matched,dprm_rollout,2,0.05,020e61ffd4349c8e,"[[1, 3, 8, 9, 10, 11], [0, 2, 4, 5, 6, 7]]",0.2985218953946635,-0.23858287567245617,0.5969973935243571,-1.771689604699026e-14,,26.0,0.14191945298997016,0.14191945298997016,0.30117681080255837,0.0,0.0,"{""2"": 26, ""1"": 26, ""3"": 14}",0.14191945298997016,0.14190622210951706,43.49540728564163,1e-05,True,40,development_isotonic_frozen
s1-i10,held_out,1,random_matched,subset_exact,2,0.05,21ce4c776c3a90f8,"[[0, 1, 2, 3, 4, 7], [5, 6, 8, 9, 10, 11]]",0.2985218953946635,-0.25508234704223254,0.5484728201927257,-1.5719005254765353e-14,,37.0,0.15785164693622045,0.15785164693622045,0.29719443769071613,0.0,0.0,"{""1"": 37, ""3"": 4, ""4"": 2, ""2"": 23}",0.15785164693622045,0.1578500488752625,36.1712021255468,1e-05,True,40,development_isotonic_frozen
s1-i10,held_out,1,random_matched,subset_beam_8,2,0.05,21ce4c776c3a90f8,"[[0, 1, 2, 3, 4, 7], [5, 6, 8, 9, 10, 11]]",0.2985218953946635,-0.25508234704223254,0.5484728201927257,-1.5719005254765353e-14,,37.0,0.15785164693622045,0.15785164693622045,0.29719443769071613,0.0,0.0,"{""1"": 37, ""3"": 4, ""4"": 2, ""2"": 23}",0.15785164693622045,0.1578500488752625,36.1712021255468,1e-05,True,40,development_isotonic_frozen
s1-i10,held_out,1,random_matched,subset_beam_32,2,0.05,21ce4c776c3a90f8,"[[0, 1, 2, 3, 4, 7], [5, 6, 8, 9, 10, 11]]",0.2985218953946635,-0.25508234704223254,0.5484728201927257,-1.5719005254765353e-14,,37.0,0.15785164693622045,0.15785164693622045,0.29719443769071613,0.0,0.0,"{""1"": 37, ""3"": 4, ""4"": 2, ""2"": 23}",0.15785164693622045,0.1578500488752625,36.1712021255468,1e-05,True,40,development_isotonic_frozen
s1-i10,held_out,1,random_matched,saps_diagonal,2,0.05,350ca062fce985d2,"[[0, 1, 2, 3, 4, 11], [5, 6, 7, 8, 9, 10]]",0.2985218953946635,-0.24497673700427455,0.5767150317503634,-1.5492263085952093e-14,,37.0,0.21928954701173456,0.21928954701173456,0.30117681080255837,0.0,0.0,"{""1"": 37, ""3"": 10, ""2"": 19}",0.21928954701173456,0.21928386474967976,35.643170207960004,1e-05,True,40,development_isotonic_frozen
s1-i10,held_out,1,random_matched,p_saps_residualized,2,0.05,b188ec43c433c0b1,"[[0, 1, 4, 5, 8, 10], [2, 3, 6, 7, 9, 11]]",0.2985218953946635,-0.25179037960408973,0.5652441237255781,-1.7515293073436213e-14,,31.0,0.2101030163294702,0.2101030163294702,0.29918562424663725,0.0,0.0,"{""1"": 31, ""3"": 8, ""2"": 26, ""4"": 1}",0.2101030163294702,0.2100938401558139,44.29804264689151,1e-05,True,80,development_isotonic_frozen
s1-i10,held_out,1,random_matched,p_saps_projection,2,0.05,16703e283f989aba,"[[0, 1, 4, 9, 10, 11], [2, 3, 5, 6, 7, 8]]",0.2985218953946635,-0.2518015264099313,0.5679103836639354,-1.7095610925921344e-14,,25.0,0.2186966762127374,0.2186966762127374,0.29719443769071613,0.0,0.0,"{""1"": 25, ""2"": 26, ""3"": 13, ""4"": 2}",0.2186966762127374,0.2186941193584218,47.28498788290161,1e-05,True,640,development_isotonic_frozen
s1-i10,held_out,1,random_matched,b_saps_budgeted,2,0.05,e7b9a12588145401,"[[0, 2, 4, 5, 6, 8], [1, 3, 7, 9, 10, 11]]",0.2985218953946635,-0.24590946012894185,0.5576154694976935,-1.7842813584527782e-14,,26.0,0.18052521302478647,0.18052521302478647,0.30117681080255837,0.0,0.0,"{""2"": 34, ""1"": 26, ""3"": 6}",0.18052521302478647,0.18051879236332932,47.9660067853695,1e-05,True,40,development_isotonic_frozen
s1-i10,held_out,1,random_matched,random_balanced,2,0.15,acbc23266521ffd7,"[[0, 2, 4, 5, 8, 11], [1, 3, 6, 7, 9, 10]]",3.6206342089619206,-0.24610321767366442,0.5755709197123015,-1.8163946018912175e-14,,22.0,0.2037921649650396,0.2037921649650396,3.4740143813404405,0.0,1.0,"{""2"": 38, ""1"": 22, ""3"": 4, ""4"": 2}",0.2037921649650396,0.20378757064948647,50.61312249493348,1e-05,True,40,development_isotonic_frozen
s1-i10,held_out,1,random_matched,confidence,2,0.15,d9092d6247fd2f06,"[[2, 3, 4, 6, 8, 10], [0, 1, 5, 7, 9, 11]]",3.6206342089619206,-0.19121901266932742,0.6322750698397784,-1.7416386960736036e-14,,30.0,0.11906011209236056,0.11906011209236056,3.9195238056675903,0.0,1.0,"{""2"": 26, ""3"": 9, ""1"": 30, ""4"": 1}",0.11906011209236056,0.11905892977874365,45.323844578560504,1e-05,True,40,development_isotonic_frozen
s1-i10,held_out,1,random_matched,entropy,2,0.15,bdd78bc9310f4f41,"[[2, 3, 4, 8, 10, 11], [0, 1, 5, 6, 7, 9]]",3.6206342089619206,-0.19141277021405,0.6502305200543864,-1.7410973556638566e-14,,28.0,0.12430396806520647,0.12430396806520647,3.7131240496798545,0.0,1.0,"{""2"": 26, ""3"": 11, ""1"": 28, ""4"": 1}",0.12430396806520647,0.12429901953389916,48.818936736306775,1e-05,True,40,development_isotonic_frozen
s1-i10,held_out,1,random_matched,dependency_cmi,2,0.15,16703e283f989aba,"[[0, 1, 4, 9, 10, 11], [2, 3, 5, 6, 7, 8]]",3.6206342089619206,-0.2518015264099313,0.5679103836639354,-1.7095610925921344e-14,,25.0,0.2186966762127374,0.2186966762127374,3.4035244156982505,0.0,0.0,"{""1"": 25, ""2"": 26, ""3"": 13, ""4"": 2}",0.2186966762127374,0.2186941193584218,47.28498788290161,1e-05,True,40,development_isotonic_frozen
s1-i10,held_out,1,random_matched,min_within_batch_tc,2,0.15,ca406881e108ee96,"[[3, 4, 5, 7, 8, 9], [0, 1, 2, 6, 10, 11]]",3.6206342089619206,-0.26456532548689976,0.5389958161576685,-1.5155561706425148e-14,,26.0,0.16750807866976403,0.16750807866976403,3.63342082690005,0.0,1.0,"{""4"": 2, ""2"": 30, ""3"": 8, ""1"": 26}",0.16750807866976403,0.1675053756223098,46.16190983248893,1e-05,True,40,development_isotonic_frozen
s1-i10,held_out,1,random_matched,dprm_myopic,2,0.15,d20f8049ff35e66b,"[[0, 1, 3, 8, 10, 11], [2, 4, 5, 6, 7, 9]]",3.6206342089619206,-0.2355284166271212,0.607681063382806,-1.7128377512946842e-14,,23.0,0.1303230125585288,0.1303230125585288,3.165450526408532,0.0,1.0,"{""1"": 23, ""3"": 17, ""2"": 25, ""4"": 1}",0.1303230125585288,0.13031653491513756,43.906235756049824,1e-05,True,40,development_isotonic_frozen
s1-i10,held_out,1,random_matched,dprm_rollout,2,0.15,ebac06a33345a44d,"[[1, 2, 5, 8, 9, 10], [0, 3, 4, 6, 7, 11]]",3.6206342089619206,-0.24827998338828994,0.5634609884157085,-1.7763674616766424e-14,,29.0,0.20340632043524595,0.20340632043524595,3.879672194277688,0.0,1.0,"{""1"": 29, ""2"": 28, ""3"": 9}",0.20340632043524595,0.20339333939029464,38.58415588800386,1e-05,True,40,development_isotonic_frozen
s1-i10,held_out,1,random_matched,subset_exact,2,0.15,0de5696474dda1c3,"[[0, 1, 2, 3, 4, 5], [6, 7, 8, 9, 10, 11]]",3.6206342089619206,-0.25997588345005074,0.5455294045031683,-1.593006627741137e-14,,33.0,0.16512234948082583,0.16512234948082583,4.165775173045228,0.0,1.0,"{""1"": 33, ""3"": 6, ""4"": 3, ""2"": 24}",0.16512234948082583,0.16511979748573108,37.07977023872231,1e-05,True,40,development_isotonic_frozen
s1-i10,held_out,1,random_matched,subset_beam_8,2,0.15,0de5696474dda1c3,"[[0, 1, 2, 3, 4, 5], [6, 7, 8, 9, 10, 11]]",3.6206342089619206,-0.25997588345005074,0.5455294045031683,-1.593006627741137e-14,,33.0,0.16512234948082583,0.16512234948082583,4.165775173045228,0.0,1.0,"{""1"": 33, ""3"": 6, ""4"": 3, ""2"": 24}",0.16512234948082583,0.16511979748573108,37.07977023872231,1e-05,True,40,development_isotonic_frozen
s1-i10,held_out,1,random_matched,subset_beam_32,2,0.15,0de5696474dda1c3,"[[0, 1, 2, 3, 4, 5], [6, 7, 8, 9, 10, 11]]",3.6206342089619206,-0.25997588345005074,0.5455294045031683,-1.593006627741137e-14,,33.0,0.16512234948082583,0.16512234948082583,4.165775173045228,0.0,1.0,"{""1"": 33, ""3"": 6, ""4"": 3, ""2"": 24}",0.16512234948082583,0.16511979748573108,37.07977023872231,1e-05,True,40,development_isotonic_frozen
s1-i10,held_out,1,random_matched,saps_diagonal,2,0.15,350ca062fce985d2,"[[0, 1, 2, 3, 4, 11], [5, 6, 7, 8, 9, 10]]",3.6206342089619206,-0.24497673700427455,0.5767150317503634,-1.5492263085952093e-14,,37.0,0.21928954701173456,0.21928954701173456,4.420204018510786,0.0,1.0,"{""1"": 37, ""3"": 10, ""2"": 19}",0.21928954701173456,0.21928386474967976,35.643170207960004,1e-05,True,40,development_isotonic_frozen
s1-i10,held_out,1,random_matched,p_saps_residualized,2,0.15,b188ec43c433c0b1,"[[0, 1, 4, 5, 8, 10], [2, 3, 6, 7, 9, 11]]",3.6206342089619206,-0.25179037960408973,0.5652441237255781,-1.7515293073436213e-14,,31.0,0.2101030163294702,0.2101030163294702,4.022723683661458,0.0,1.0,"{""1"": 31, ""3"": 8, ""2"": 26, ""4"": 1}",0.2101030163294702,0.2100938401558139,44.29804264689151,1e-05,True,80,development_isotonic_frozen
s1-i10,held_out,1,random_matched,p_saps_projection,2,0.15,16703e283f989aba,"[[0, 1, 4, 9, 10, 11], [2, 3, 5, 6, 7, 8]]",3.6206342089619206,-0.2518015264099313,0.5679103836639354,-1.7095610925921344e-14,,25.0,0.2186966762127374,0.2186966762127374,3.4035244156982505,0.0,0.0,"{""1"": 25, ""2"": 26, ""3"": 13, ""4"": 2}",0.2186966762127374,0.2186941193584218,47.28498788290161,1e-05,True,640,development_isotonic_frozen
s1-i10,held_out,1,random_matched,b_saps_budgeted,2,0.15,7446d1f4c7369e31,"[[1, 3, 4, 6, 7, 8], [0, 2, 5, 9, 10, 11]]",3.6206342089619206,-0.2531645286285474,0.5497561723930141,-1.822538765903973e-14,,38.0,0.17401591672993028,0.17401591672993028,4.58675216310862,0.0,1.0,"{""3"": 6, ""1"": 38, ""2"": 21, ""4"": 1}",0.17401591672993028,0.17401167986166544,41.546765794406866,1e-05,True,40,development_isotonic_frozen
s1-i10,held_out,1,random_matched,random_balanced,3,0.01,11ad91134453e194,"[[2, 4, 8, 11], [0, 5, 7, 10], [1, 3, 6, 9]]",0.06682109765387942,-0.45255133253305035,1.1966115553121044,-1.1386805821979285e-14,,40.0,0.1992074101465771,0.1992074101465771,0.06695636303374557,0.0,0.0,"{""1"": 40, ""2"": 24, ""3"": 2}",0.1992074101465771,0.1992050199930307,42.40703653468793,1e-05,True,40,development_isotonic_frozen
s1-i10,held_out,1,random_matched,confidence,3,0.01,4f984c87edb6257d,"[[2, 3, 4, 10], [6, 7, 8, 11], [0, 1, 5, 9]]",0.06682109765387942,-0.39300803271657614,1.256979036132881,-1.0079186243333442e-14,,43.0,0.1898571698279929,0.1898571698279929,0.06594187268474942,0.0,0.0,"{""2"": 18, ""3"": 4, ""1"": 43, ""4"": 1}",0.1898571698279929,0.18985469625973095,42.4375000694629,1e-05,True,40,development_isotonic_frozen
s1-i10,held_out,1,random_matched,entropy,3,0.01,bcfd9388131a37ff,"[[2, 3, 10, 11], [0, 4, 6, 8], [1, 5, 7, 9]]",0.06682109765387942,-0.39825453516584575,1.2749735319568634,-1.1464323509878394e-14,,39.0,0.16412247259318402,0.16412247259318402,0.06695636303374557,0.0,0.0,"{""1"": 39, ""2"": 25, ""3"": 2}",0.16412247259318402,0.16411916089752276,40.23836473138975,1e-05,True,40,development_isotonic_frozen
s1-i10,held_out,1,random_matched,dependency_cmi,3,0.01,684111ab00d52583,"[[0, 1, 10, 11], [2, 4, 7, 8], [3, 5, 6, 9]]",0.06682109765387942,-0.4773938608886911,1.1762334827328413,-9.290893948036463e-15,,40.0,0.20791914973314757,0.20791914973314757,0.06695636303374557,0.0,0.0,"{""1"": 40, ""2"": 22, ""3"": 4}",0.20791914973314757,0.20791687704154255,40.752213413646,1e-05,True,40,development_isotonic_frozen
s1-i10,held_out,1,random_matched,min_within_batch_tc,3,0.01,15a3da6a222e2419,"[[3, 4, 5, 6], [7, 8, 9, 10], [0, 1, 2, 11]]",0.06682109765387942,-0.4810921401898418,1.1262485712965054,-7.0448262947660566e-15,,37.0,0.18456374174772944,0.18456374174772944,0.06695636303374557,0.0,0.0,"{""3"": 2, ""2"": 27, ""1"": 37}",0.18456374174772944,0.184559679244006,45.21708140825933,1e-05,True,40,development_isotonic_frozen
s1-i10,held_out,1,random_matched,dprm_myopic,3,0.01,3ed8af3877524c9e,"[[3, 8, 10, 11], [0, 1, 2, 4], [5, 6, 7, 9]]",0.06682109765387942,-0.4269411868411712,1.2579115834371926,-7.618580818121531e-15,,39.0,0.12047346554034238,0.12047346554034238,0.06695636303374557,0.0,0.0,"{""3"": 7, ""2"": 20, ""1"": 39}",0.12047346554034238,0.12047256774204913,40.54355590195558,1e-05,True,40,development_isotonic_frozen
s1-i10,held_out,1,random_matched,dprm_rollout,3,0.01,d1bbc78c71d5ab80,"[[3, 8, 10, 11], [0, 1, 4, 6], [2, 5, 7, 9]]",0.06682109765387942,-0.4369792026337689,1.2413592381870922,-9.477260903904226e-15,,38.0,0.1477763713921687,0.1477763713921687,0.06695636303374557,0.0,0.0,"{""1"": 38, ""2"": 24, ""3"": 4}",0.1477763713921687,0.14777316360533552,40.42123846682587,1e-05,True,40,development_isotonic_frozen
s1-i10,held_out,1,random_matched,subset_exact,3,0.01,60db495eb28e8b45,"[[0, 1, 2, 5], [3, 4, 6, 10], [7, 8, 9, 11]]",0.06682109765387942,-0.5052782900435239,1.1044342703590713,-7.566971562397595e-15,,38.0,0.1853657588163091,0.1853657588163091,0.06695636303374557,0.0,0.0,"{""1"": 38, ""3"": 4, ""2"": 24}",0.1853657588163091,0.18536155879070165,33.0749732249884,1e-05,True,40,development_isotonic_frozen
s1-i10,held_out,1,random_matched,subset_beam_8,3,0.01,60db495eb28e8b45,"[[0, 1, 2, 5], [3, 4, 6, 10], [7, 8, 9, 11]]",0.06682109765387942,-0.5052782900435239,1.1044342703590713,-7.566971562397595e-15,,38.0,0.1853657588163091,0.1853657588163091,0.06695636303374557,0.0,0.0,"{""1"": 38, ""3"": 4, ""2"": 24}",0.1853657588163091,0.18536155879070165,33.0749732249884,1e-05,True,40,development_isotonic_frozen
s1-i10,held_out,1,random_matched,subset_beam_32,3,0.01,60db495eb28e8b45,"[[0, 1, 2, 5], [3, 4, 6, 10], [7, 8, 9, 11]]",0.06682109765387942,-0.5052782900435239,1.1044342703590713,-7.566971562397595e-15,,38.0,0.1853657588163091,0.1853657588163091,0.06695636303374557,0.0,0.0,"{""1"": 38, ""3"": 4, ""2"": 24}",0.1853657588163091,0.18536155879070165,33.0749732249884,1e-05,True,40,development_isotonic_frozen
s1-i10,held_out,1,random_matched,saps_diagonal,3,0.01,9c7cede7b6d979ed,"[[2, 3, 4, 7], [1, 5, 8, 10], [0, 6, 9, 11]]",0.06682109765387942,-0.45991467932897473,1.1598268566890217,-1.1466208321930553e-14,,53.0,0.2192165137190039,0.2192165137190039,0.06594187268474942,0.0,0.0,"{""1"": 53, ""2"": 11, ""3"": 1, ""4"": 1}",0.2192165137190039,0.2192019568694205,30.319159811185884,1e-05,True,40,development_isotonic_frozen
s1-i10,held_out,1,random_matched,p_saps_residualized,3,0.01,ba53ccd5de9c7538,"[[1, 2, 4, 8], [0, 5, 7, 11], [3, 6, 9, 10]]",0.06682109765387942,-0.5126912257055153,1.107226918556037,-1.0587581026165633e-14,,41.0,0.20913214877044523,0.20913214877044523,0.06594187268474942,0.0,0.0,"{""1"": 41, ""2"": 21, ""3"": 3, ""4"": 1}",0.20913214877044523,0.20913009945508523,38.040764053299284,1e-05,True,80,development_isotonic_frozen
s1-i10,held_out,1,random_matched,p_saps_projection,3,0.01,63c72138f1295d10,"[[1, 3, 4, 5], [0, 6, 7, 8], [2, 9, 10, 11]]",0.06682109765387942,-0.5383713318616946,1.065503054613495,-1.1837744065912228e-14,,47.0,0.21679670399589018,0.21679670399589018,0.06594187268474942,0.0,0.0,"{""2"": 14, ""1"": 47, ""3"": 4, ""4"": 1}",0.21679670399589018,0.21678921156370504,35.88065381631987,1e-05,True,640,development_isotonic_frozen
s1-i10,held_out,1,random_matched,b_saps_budgeted,3,0.01,11ad91134453e194,"[[2, 4, 8, 11], [0, 5, 7, 10], [1, 3, 6, 9]]",0.06682109765387942,-0.45255133253305035,1.1966115553121044,-1.1386805821979285e-14,,40.0,0.1992074101465771,0.1992074101465771,0.06695636303374557,0.0,0.0,"{""1"": 40, ""2"": 24, ""3"": 2}",0.1992074101465771,0.1992050199930307,42.40703653468793,1e-05,True,40,development_isotonic_frozen
s1-i10,held_out,1,random_matched,random_balanced,3,0.05,11ad91134453e194,"[[2, 4, 8, 11], [0, 5, 7, 10], [1, 3, 6, 9]]",0.3009113192617689,-0.45255133253305035,1.1966115553121044,-1.1386805821979285e-14,,40.0,0.1992074101465771,0.1992074101465771,0.30117681080255837,0.0,0.0,"{""1"": 40, ""2"": 24, ""3"": 2}",0.1992074101465771,0.1992050199930307,42.40703653468793,1e-05,True,40,development_isotonic_frozen
s1-i10,held_out,1,random_matched,confidence,3,0.05,4f984c87edb6257d,"[[2, 3, 4, 10], [6, 7, 8, 11], [0, 1, 5, 9]]",0.3009113192617689,-0.39300803271657614,1.256979036132881,-1.0079186243333442e-14,,43.0,0.1898571698279929,0.1898571698279929,0.29918562424663725,0.0,0.0,"{""2"": 18, ""3"": 4, ""1"": 43, ""4"": 1}",0.1898571698279929,0.18985469625973095,42.4375000694629,1e-05,True,40,development_isotonic_frozen
s1-i10,held_out,1,random_matched,entropy,3,0.05,bcfd9388131a37ff,"[[2, 3, 10, 11], [0, 4, 6, 8], [1, 5, 7, 9]]",0.3009113192617689,-0.39825453516584575,1.2749735319568634,-1.1464323509878394e-14,,39.0,0.16412247259318402,0.16412247259318402,0.30117681080255837,0.0,0.0,"{""1"": 39, ""2"": 25, ""3"": 2}",0.16412247259318402,0.16411916089752276,40.23836473138975,1e-05,True,40,development_isotonic_frozen
s1-i10,held_out,1,random_matched,dependency_cmi,3,0.05,684111ab00d52583,"[[0, 1, 10, 11], [2, 4, 7, 8], [3, 5, 6, 9]]",0.3009113192617689,-0.4773938608886911,1.1762334827328413,-9.290893948036463e-15,,40.0,0.20791914973314757,0.20791914973314757,0.30117681080255837,0.0,0.0,"{""1"": 40, ""2"": 22, ""3"": 4}",0.20791914973314757,0.20791687704154255,40.752213413646,1e-05,True,40,development_isotonic_frozen
s1-i10,held_out,1,random_matched,min_within_batch_tc,3,0.05,15a3da6a222e2419,"[[3, 4, 5, 6], [7, 8, 9, 10], [0, 1, 2, 11]]",0.3009113192617689,-0.4810921401898418,1.1262485712965054,-7.0448262947660566e-15,,37.0,0.18456374174772944,0.18456374174772944,0.30117681080255837,0.0,0.0,"{""3"": 2, ""2"": 27, ""1"": 37}",0.18456374174772944,0.184559679244006,45.21708140825933,1e-05,True,40,development_isotonic_frozen
s1-i10,held_out,1,random_matched,dprm_myopic,3,0.05,3ed8af3877524c9e,"[[3, 8, 10, 11], [0, 1, 2, 4], [5, 6, 7, 9]]",0.3009113192617689,-0.4269411868411712,1.2579115834371926,-7.618580818121531e-15,,39.0,0.12047346554034238,0.12047346554034238,0.30117681080255837,0.0,0.0,"{""3"": 7, ""2"": 20, ""1"": 39}",0.12047346554034238,0.12047256774204913,40.54355590195558,1e-05,True,40,development_isotonic_frozen
s1-i10,held_out,1,random_matched,dprm_rollout,3,0.05,fcd1118c960aee33,"[[0, 1, 3, 11], [4, 5, 8, 10], [2, 6, 7, 9]]",0.3009113192617689,-0.5057360734144922,1.154613572850482,-9.75599277768769e-15,,43.0,0.1859730813636089,0.1859730813636089,0.30117681080255837,0.0,0.0,"{""1"": 43, ""3"": 3, ""2"": 20}",0.1859730813636089,0.18596979185379447,40.07614564429992,1e-05,True,40,development_isotonic_frozen
s1-i10,held_out,1,random_matched,subset_exact,3,0.05,ee774906a2b051da,"[[0, 1, 2, 3], [4, 6, 7, 10], [5, 8, 9, 11]]",0.3009113192617689,-0.4804558725825516,1.1395109861927697,-7.77583459689746e-15,,40.0,0.2215110310275581,0.2215110310275581,0.30117681080255837,0.0,0.0,"{""1"": 40, ""3"": 1, ""2"": 25}",0.2215110310275581,0.22146106991119202,31.987759244670475,1e-05,True,40,development_isotonic_frozen
s1-i10,held_out,1,random_matched,subset_beam_8,3,0.05,ee774906a2b051da,"[[0, 1, 2, 3], [4, 6, 7, 10], [5, 8, 9, 11]]",0.3009113192617689,-0.4804558725825516,1.1395109861927697,-7.77583459689746e-15,,40.0,0.2215110310275581,0.2215110310275581,0.30117681080255837,0.0,0.0,"{""1"": 40, ""3"": 1, ""2"": 25}",0.2215110310275581,0.22146106991119202,31.987759244670475,1e-05,True,40,development_isotonic_frozen
s1-i10,held_out,1,random_matched,subset_beam_32,3,0.05,ee774906a2b051da,"[[0, 1, 2, 3], [4, 6, 7, 10], [5, 8, 9, 11]]",0.3009113192617689,-0.4804558725825516,1.1395109861927697,-7.77583459689746e-15,,40.0,0.2215110310275581,0.2215110310275581,0.30117681080255837,0.0,0.0,"{""1"": 40, ""3"": 1, ""2"": 25}",0.2215110310275581,0.22146106991119202,31.987759244670475,1e-05,True,40,development_isotonic_frozen
s1-i10,held_out,1,random_matched,saps_diagonal,3,0.05,9c7cede7b6d979ed,"[[2, 3, 4, 7], [1, 5, 8, 10], [0, 6, 9, 11]]",0.3009113192617689,-0.45991467932897473,1.1598268566890217,-1.1466208321930553e-14,,53.0,0.2192165137190039,0.2192165137190039,0.29918562424663725,0.0,0.0,"{""1"": 53, ""2"": 11, ""3"": 1, ""4"": 1}",0.2192165137190039,0.2192019568694205,30.319159811185884,1e-05,True,40,development_isotonic_frozen
s1-i10,held_out,1,random_matched,p_saps_residualized,3,0.05,ba53ccd5de9c7538,"[[1, 2, 4, 8], [0, 5, 7, 11], [3, 6, 9, 10]]",0.3009113192617689,-0.5126912257055153,1.107226918556037,-1.0587581026165633e-14,,41.0,0.20913214877044523,0.20913214877044523,0.29918562424663725,0.0,0.0,"{""1"": 41, ""2"": 21, ""3"": 3, ""4"": 1}",0.20913214877044523,0.20913009945508523,38.040764053299284,1e-05,True,80,development_isotonic_frozen
s1-i10,held_out,1,random_matched,p_saps_projection,3,0.05,63c72138f1295d10,"[[1, 3, 4, 5], [0, 6, 7, 8], [2, 9, 10, 11]]",0.3009113192617689,-0.5383713318616946,1.065503054613495,-1.1837744065912228e-14,,47.0,0.21679670399589018,0.21679670399589018,0.29918562424663725,0.0,0.0,"{""2"": 14, ""1"": 47, ""3"": 4, ""4"": 1}",0.21679670399589018,0.21678921156370504,35.88065381631987,1e-05,True,640,development_isotonic_frozen
s1-i10,held_out,1,random_matched,b_saps_budgeted,3,0.05,11ad91134453e194,"[[2, 4, 8, 11], [0, 5, 7, 10], [1, 3, 6, 9]]",0.3009113192617689,-0.45255133253305035,1.1966115553121044,-1.1386805821979285e-14,,40.0,0.1992074101465771,0.1992074101465771,0.30117681080255837,0.0,0.0,"{""1"": 40, ""2"": 24, ""3"": 2}",0.1992074101465771,0.1992050199930307,42.40703653468793,1e-05,True,40,development_isotonic_frozen
s1-i10,held_out,1,random_matched,random_balanced,3,0.15,11ad91134453e194,"[[2, 4, 8, 11], [0, 5, 7, 10], [1, 3, 6, 9]]",4.8512619669004335,-0.45255133253305035,1.1966115553121044,-1.1386805821979285e-14,,40.0,0.1992074101465771,0.1992074101465771,4.888174319002304,-0.125,1.0,"{""1"": 40, ""2"": 24, ""3"": 2}",0.1992074101465771,0.1992050199930307,42.40703653468793,1e-05,True,40,development_isotonic_frozen
s1-i10,held_out,1,random_matched,confidence,3,0.15,4f984c87edb6257d,"[[2, 3, 4, 10], [6, 7, 8, 11], [0, 1, 5, 9]]",4.8512619669004335,-0.39300803271657614,1.256979036132881,-1.0079186243333442e-14,,43.0,0.1898571698279929,0.1898571698279929,5.0077291531720105,-0.125,1.0,"{""2"": 18, ""3"": 4, ""1"": 43, ""4"": 1}",0.1898571698279929,0.18985469625973095,42.4375000694629,1e-05,True,40,development_isotonic_frozen
s1-i10,held_out,1,random_matched,entropy,3,0.15,bcfd9388131a37ff,"[[2, 3, 10, 11], [0, 4, 6, 8], [1, 5, 7, 9]]",4.8512619669004335,-0.39825453516584575,1.2749735319568634,-1.1464323509878394e-14,,39.0,0.16412247259318402,0.16412247259318402,4.816648574310419,0.0,1.0,"{""1"": 39, ""2"": 25, ""3"": 2}",0.16412247259318402,0.16411916089752276,40.23836473138975,1e-05,True,40,development_isotonic_frozen
s1-i10,held_out,1,random_matched,dependency_cmi,3,0.15,684111ab00d52583,"[[0, 1, 10, 11], [2, 4, 7, 8], [3, 5, 6, 9]]",4.8512619669004335,-0.4773938608886911,1.1762334827328413,-9.290893948036463e-15,,40.0,0.20791914973314757,0.20791914973314757,4.824826052398338,0.0,1.0,"{""1"": 40, ""2"": 22, ""3"": 4}",0.20791914973314757,0.20791687704154255,40.752213413646,1e-05,True,40,development_isotonic_frozen
s1-i10,held_out,1,random_matched,min_within_batch_tc,3,0.15,15a3da6a222e2419,"[[3, 4, 5, 6], [7, 8, 9, 10], [0, 1, 2, 11]]",4.8512619669004335,-0.4810921401898418,1.1262485712965054,-7.0448262947660566e-15,,37.0,0.18456374174772944,0.18456374174772944,4.673597084926649,0.0,1.0,"{""3"": 2, ""2"": 27, ""1"": 37}",0.18456374174772944,0.184559679244006,45.21708140825933,1e-05,True,40,development_isotonic_frozen
s1-i10,held_out,1,random_matched,dprm_myopic,3,0.15,3ed8af3877524c9e,"[[3, 8, 10, 11], [0, 1, 2, 4], [5, 6, 7, 9]]",4.8512619669004335,-0.4269411868411712,1.2579115834371926,-7.618580818121531e-15,,39.0,0.12047346554034238,0.12047346554034238,4.658277907800505,0.0,1.0,"{""3"": 7, ""2"": 20, ""1"": 39}",0.12047346554034238,0.12047256774204913,40.54355590195558,1e-05,True,40,development_isotonic_frozen
s1-i10,held_out,1,random_matched,dprm_rollout,3,0.15,1658ea82734edfcd,"[[0, 1, 3, 4], [5, 8, 9, 10], [2, 6, 7, 11]]",4.8512619669004335,-0.5168088087946837,1.113074908232204,-9.831619667645098e-15,,49.0,0.19137650090002223,0.19137650090002223,5.53190602122927,0.0,1.0,"{""1"": 49, ""3"": 2, ""2"": 15}",0.19137650090002223,0.1913706016255144,38.94058269628297,1e-05,True,40,development_isotonic_frozen
s1-i10,held_out,1,random_matched,subset_exact,3,0.15,015571ed97e1955b,"[[0, 1, 2, 4], [3, 6, 7, 10], [5, 8, 9, 11]]",4.8512619669004335,-0.481718689113744,1.1282596737827368,-7.711782788239924e-15,,43.0,0.18319184285558335,0.18319184285558335,5.0710774197759765,0.0,1.0,"{""1"": 43, ""3"": 3, ""2"": 20}",0.18319184285558335,0.18318851258105212,32.682018213259795,1e-05,True,40,development_isotonic_frozen
s1-i10,held_out,1,random_matched,subset_beam_8,3,0.15,015571ed97e1955b,"[[0, 1, 2, 4], [3, 6, 7, 10], [5, 8, 9, 11]]",4.8512619669004335,-0.481718689113744,1.1282596737827368,-7.711782788239924e-15,,43.0,0.18319184285558335,0.18319184285558335,5.0710774197759765,0.0,1.0,"{""1"": 43, ""3"": 3, ""2"": 20}",0.18319184285558335,0.18318851258105212,32.682018213259795,1e-05,True,40,development_isotonic_frozen
s1-i10,held_out,1,random_matched,subset_beam_32,3,0.15,015571ed97e1955b,"[[0, 1, 2, 4], [3, 6, 7, 10], [5, 8, 9, 11]]",4.8512619669004335,-0.481718689113744,1.1282596737827368,-7.711782788239924e-15,,43.0,0.18319184285558335,0.18319184285558335,5.0710774197759765,0.0,1.0,"{""1"": 43, ""3"": 3, ""2"": 20}",0.18319184285558335,0.18318851258105212,32.682018213259795,1e-05,True,40,development_isotonic_frozen
s1-i10,held_out,1,random_matched,saps_diagonal,3,0.15,9c7cede7b6d979ed,"[[2, 3, 4, 7], [1, 5, 8, 10], [0, 6, 9, 11]]",4.8512619669004335,-0.45991467932897473,1.1598268566890217,-1.1466208321930553e-14,,53.0,0.2192165137190039,0.2192165137190039,5.8180089999968105,0.0,1.0,"{""1"": 53, ""2"": 11, ""3"": 1, ""4"": 1}",0.2192165137190039,0.2192019568694205,30.319159811185884,1e-05,True,40,development_isotonic_frozen
s1-i10,held_out,1,random_matched,p_saps_residualized,3,0.15,ba53ccd5de9c7538,"[[1, 2, 4, 8], [0, 5, 7, 11], [3, 6, 9, 10]]",4.8512619669004335,-0.5126912257055153,1.107226918556037,-1.0587581026165633e-14,,41.0,0.20913214877044523,0.20913214877044523,4.896351797090223,0.0,1.0,"{""1"": 41, ""2"": 21, ""3"": 3, ""4"": 1}",0.20913214877044523,0.20913009945508523,38.040764053299284,1e-05,True,80,development_isotonic_frozen
s1-i10,held_out,1,random_matched,p_saps_projection,3,0.15,63c72138f1295d10,"[[1, 3, 4, 5], [0, 6, 7, 8], [2, 9, 10, 11]]",4.8512619669004335,-0.5383713318616946,1.065503054613495,-1.1837744065912228e-14,,47.0,0.21679670399589018,0.21679670399589018,5.293832131939551,0.0,1.0,"{""2"": 14, ""1"": 47, ""3"": 4, ""4"": 1}",0.21679670399589018,0.21678921156370504,35.88065381631987,1e-05,True,640,development_isotonic_frozen
s1-i10,held_out,1,random_matched,b_saps_budgeted,3,0.15,9c7cede7b6d979ed,"[[2, 3, 4, 7], [1, 5, 8, 10], [0, 6, 9, 11]]",4.8512619669004335,-0.45991467932897473,1.1598268566890217,-1.1466208321930553e-14,,53.0,0.2192165137190039,0.2192165137190039,5.8180089999968105,0.0,1.0,"{""1"": 53, ""2"": 11, ""3"": 1, ""4"": 1}",0.2192165137190039,0.2192019568694205,30.319159811185884,1e-05,True,40,development_isotonic_frozen
s1-i10,held_out,1,random_matched,random_balanced,4,0.01,8bd3062a1ac829fd,"[[2, 4, 8], [0, 5, 11], [1, 7, 10], [3, 6, 9]]",0.06695636303374557,-0.717186310795238,1.738477629121973,-7.555935503635403e-15,,48.0,0.14771911865021764,0.14771911865021764,0.06695636303374557,0.0,0.0,"{""2"": 17, ""1"": 48, ""3"": 1}",0.14771911865021764,0.1477153182334553,38.100146072959205,1e-05,True,40,development_isotonic_frozen
s1-i10,held_out,1,random_matched,confidence,4,0.01,0fd79fa4808035ff,"[[2, 3, 10], [4, 6, 8], [0, 7, 11], [1, 5, 9]]",0.06695636303374557,-0.5995791578731311,1.879006390239004,-7.566652061500735e-15,,51.0,0.1434628370720752,0.1434628370720752,0.06695636303374557,0.0,0.0,"{""1"": 51, ""2"": 15}",0.1434628370720752,0.14346211184439642,41.19326711820216,1e-05,True,40,development_isotonic_frozen
s1-i10,held_out,1,random_matched,entropy,4,0.01,df15d581e3350290,"[[3, 10, 11], [2, 4, 8], [0, 6, 7], [1, 5, 9]]",0.06695636303374557,-0.6100046887551739,1.8983649454181195,-7.562834417125698e-15,,49.0,0.1709521795850159,0.1709521795850159,0.06695636303374557,0.0,0.0,"{""1"": 49, ""2"": 17}",0.1709521795850159,0.17094956118711424,42.162980598172055,1e-05,True,40,development_isotonic_frozen
s1-i10,held_out,1,random_matched,dependency_cmi,4,0.01,80b1492d034d2735,"[[0, 1, 11], [2, 4, 7], [3, 5, 6], [8, 9, 10]]",0.06695636303374557,-0.7937049806180546,1.634330993357714,-5.45890518619658e-15,,53.0,0.12541314813047605,0.12541314813047605,0.06695636303374557,0.0,0.0,"{""1"": 53, ""2"": 12, ""3"": 1}",0.12541314813047605,0.12541271359641348,31.48801868515069,1e-05,True,40,development_isotonic_frozen
s1-i10,held_out,1,random_matched,min_within_batch_tc,4,0.01,d8b620be2c8e15bc,"[[3, 4, 5], [7, 8, 9], [6, 10, 11], [0, 1, 2]]",0.06695636303374557,-0.7458512232214641,1.6831998376687818,-4.0053794419731026e-15,,44.0,0.22323651154656607,0.22323651154656607,0.06695636303374557,0.0,0.0,"{""3"": 1, ""2"": 21, ""1"": 44}",0.22323651154656607,0.2232325888810116,48.099004069506634,1e-05,True,40,development_isotonic_frozen
s1-i10,held_out,1,random_matched,dprm_myopic,4,0.01,97f8997d76b0489a,"[[3, 8, 10], [1, 5, 11], [0, 2, 9], [4, 6, 7]]",0.06695636303374557,-0.6991892734813653,1.8028413619802466,-6.6198999388192584e-15,,45.0,0.09442553520566545,0.09442553520566545,0.06695636303374557,0.0,0.0,"{""2"": 21, ""1"": 45}",0.09442553520566545,0.09442428302523796,32.62098956530885,1e-05,True,40,development_isotonic_frozen
s1-i10,held_out,1,random_matched,dprm_rollout,4,0.01,97f8997d76b0489a,"[[3, 8, 10], [1, 5, 11], [0, 2, 9], [4, 6, 7]]",0.06695636303374557,-0.6991892734813653,1.8028413619802466,-6.6198999388192584e-15,,45.0,0.09442553520566545,0.09442553520566545,0.06695636303374557,0.0,0.0,"{""2"": 21, ""1"": 45}",0.09442553520566545,0.09442428302523796,32.62098956530885,1e-05,True,40,development_isotonic_frozen
s1-i10,held_out,1,random_matched,subset_exact,4,0.01,a5b426ef0c50e8fb,"[[0, 5, 6], [2, 3, 10], [4, 7, 8], [1, 9, 11]]",0.06695636303374557,-0.7099286662993638,1.7178911322151267,-7.5349343817326e-15,,53.0,0.11792599794609071,0.11792599794609071,0.06695636303374557,0.0,0.0,"{""1"": 53, ""2"": 13}",0.11792599794609071,0.11792478287627361,42.986779631544664,1e-05,True,40,development_isotonic_frozen
s1-i10,held_out,1,random_matched,subset_beam_8,4,0.01,a5b426ef0c50e8fb,"[[0, 5, 6], [2, 3, 10], [4, 7, 8], [1, 9, 11]]",0.06695636303374557,-0.7099286662993638,1.7178911322151267,-7.5349343817326e-15,,53.0,0.11792599794609071,0.11792599794609071,0.06695636303374557,0.0,0.0,"{""1"": 53, ""2"": 13}",0.11792599794609071,0.11792478287627361,42.986779631544664,1e-05,True,40,development_isotonic_frozen
s1-i10,held_out,1,random_matched,subset_beam_32,4,0.01,a5b426ef0c50e8fb,"[[0, 5, 6], [2, 3, 10], [4, 7, 8], [1, 9, 11]]",0.06695636303374557,-0.7099286662993638,1.7178911322151267,-7.5349343817326e-15,,53.0,0.11792599794609071,0.11792599794609071,0.06695636303374557,0.0,0.0,"{""1"": 53, ""2"": 13}",0.11792599794609071,0.11792478287627361,42.986779631544664,1e-05,True,40,development_isotonic_frozen
s1-i10,held_out,1,random_matched,saps_diagonal,4,0.01,d61675cca50dcd04,"[[2, 3, 4], [0, 5, 6], [1, 7, 11], [8, 9, 10]]",0.06695636303374557,-0.7258978832647999,1.6915817758214537,-7.609495488522446e-15,,61.0,0.12038048292685899,0.12038048292685899,0.06695636303374557,0.0,0.0,"{""1"": 61, ""2"": 5}",0.12038048292685899,0.12037988281652515,26.43194407923842,1e-05,True,40,development_isotonic_frozen
s1-i10,held_out,1,random_matched,p_saps_residualized,4,0.01,91842bba199b831d,"[[3, 4, 10], [0, 1, 9], [2, 5, 11], [6, 7, 8]]",0.06695636303374557,-0.7004261400601738,1.7594766637253079,-6.001381775987328e-15,,48.0,0.19340801511838174,0.19340801511838174,0.06695636303374557,0.0,0.0,"{""1"": 48, ""2"": 16, ""3"": 2}",0.19340801511838174,0.19340514962087235,30.686520497371042,1e-05,True,80,development_isotonic_frozen
s1-i10,held_out,1,random_matched,p_saps_projection,4,0.01,d8b620be2c8e15bc,"[[3, 4, 5], [7, 8, 9], [6, 10, 11], [0, 1, 2]]",0.06695636303374557,-0.7458512232214641,1.6831998376687818,-4.0053794419731026e-15,,44.0,0.22323651154656607,0.22323651154656607,0.06695636303374557,0.0,0.0,"{""3"": 1, ""2"": 21, ""1"": 44}",0.22323651154656607,0.2232325888810116,48.099004069506634,1e-05,True,640,development_isotonic_frozen
s1-i10,held_out,1,random_matched,b_saps_budgeted,4,0.01,8bd3062a1ac829fd,"[[2, 4, 8], [0, 5, 11], [1, 7, 10], [3, 6, 9]]",0.06695636303374557,-0.717186310795238,1.738477629121973,-7.555935503635403e-15,,48.0,0.14771911865021764,0.14771911865021764,0.06695636303374557,0.0,0.0,"{""2"": 17, ""1"": 48, ""3"": 1}",0.14771911865021764,0.1477153182334553,38.100146072959205,1e-05,True,40,development_isotonic_frozen
s1-i10,held_out,1,random_matched,random_balanced,4,0.05,8bd3062a1ac829fd,"[[2, 4, 8], [0, 5, 11], [1, 7, 10], [3, 6, 9]]",0.30117681080255837,-0.717186310795238,1.738477629121973,-7.555935503635403e-15,,48.0,0.14771911865021764,0.14771911865021764,0.30117681080255837,0.0,0.0,"{""2"": 17, ""1"": 48, ""3"": 1}",0.14771911865021764,0.1477153182334553,38.100146072959205,1e-05,True,40,development_isotonic_frozen
s1-i10,held_out,1,random_matched,confidence,4,0.05,0fd79fa4808035ff,"[[2, 3, 10], [4, 6, 8], [0, 7, 11], [1, 5, 9]]",0.30117681080255837,-0.5995791578731311,1.879006390239004,-7.566652061500735e-15,,51.0,0.1434628370720752,0.1434628370720752,0.30117681080255837,0.0,0.0,"{""1"": 51, ""2"": 15}",0.1434628370720752,0.14346211184439642,41.19326711820216,1e-05,True,40,development_isotonic_frozen
s1-i10,held_out,1,random_matched,entropy,4,0.05,df15d581e3350290,"[[3, 10, 11], [2, 4, 8], [0, 6, 7], [1, 5, 9]]",0.30117681080255837,-0.6100046887551739,1.8983649454181195,-7.562834417125698e-15,,49.0,0.1709521795850159,0.1709521795850159,0.30117681080255837,0.0,0.0,"{""1"": 49, ""2"": 17}",0.1709521795850159,0.17094956118711424,42.162980598172055,1e-05,True,40,development_isotonic_frozen
s1-i10,held_out,1,random_matched,dependency_cmi,4,0.05,80b1492d034d2735,"[[0, 1, 11], [2, 4, 7], [3, 5, 6], [8, 9, 10]]",0.30117681080255837,-0.7937049806180546,1.634330993357714,-5.45890518619658e-15,,53.0,0.12541314813047605,0.12541314813047605,0.30117681080255837,0.0,0.0,"{""1"": 53, ""2"": 12, ""3"": 1}",0.12541314813047605,0.12541271359641348,31.48801868515069,1e-05,True,40,development_isotonic_frozen
s1-i10,held_out,1,random_matched,min_within_batch_tc,4,0.05,d8b620be2c8e15bc,"[[3, 4, 5], [7, 8, 9], [6, 10, 11], [0, 1, 2]]",0.30117681080255837,-0.7458512232214641,1.6831998376687818,-4.0053794419731026e-15,,44.0,0.22323651154656607,0.22323651154656607,0.30117681080255837,0.0,0.0,"{""3"": 1, ""2"": 21, ""1"": 44}",0.22323651154656607,0.2232325888810116,48.099004069506634,1e-05,True,40,development_isotonic_frozen
s1-i10,held_out,1,random_matched,dprm_myopic,4,0.05,97f8997d76b0489a,"[[3, 8, 10], [1, 5, 11], [0, 2, 9], [4, 6, 7]]",0.30117681080255837,-0.6991892734813653,1.8028413619802466,-6.6198999388192584e-15,,45.0,0.09442553520566545,0.09442553520566545,0.30117681080255837,0.0,0.0,"{""2"": 21, ""1"": 45}",0.09442553520566545,0.09442428302523796,32.62098956530885,1e-05,True,40,development_isotonic_frozen
s1-i10,held_out,1,random_matched,dprm_rollout,4,0.05,af44080e46f430cf,"[[3, 4, 10], [1, 7, 11], [0, 5, 8], [2, 6, 9]]",0.30117681080255837,-0.6894339923543732,1.7847010932353113,-7.918788645265507e-15,,48.0,0.1565174064520159,0.1565174064520159,0.30117681080255837,0.0,0.0,"{""1"": 48, ""2"": 18}",0.1565174064520159,0.1565132625836751,42.842051745526206,1e-05,True,40,development_isotonic_frozen
s1-i10,held_out,1,random_matched,subset_exact,4,0.05,0bf927ed9c65b873,"[[0, 1, 2], [3, 4, 10], [6, 7, 8], [5, 9, 11]]",0.30117681080255837,-0.7070153324035449,1.734537632201035,-3.914119677732238e-15,,53.0,0.18448810171431496,0.18448810171431496,0.30117681080255837,0.0,0.0,"{""1"": 53, ""2"": 10, ""3"": 3}",0.18448810171431496,0.18446912053373687,30.4719785506598,1e-05,True,40,development_isotonic_frozen
s1-i10,held_out,1,random_matched,subset_beam_8,4,0.05,0bf927ed9c65b873,"[[0, 1, 2], [3, 4, 10], [6, 7, 8], [5, 9, 11]]",0.30117681080255837,-0.7070153324035449,1.734537632201035,-3.914119677732238e-15,,53.0,0.18448810171431496,0.18448810171431496,0.30117681080255837,0.0,0.0,"{""1"": 53, ""2"": 10, ""3"": 3}",0.18448810171431496,0.18446912053373687,30.4719785506598,1e-05,True,40,development_isotonic_frozen
s1-i10,held_out,1,random_matched,subset_beam_32,4,0.05,0bf927ed9c65b873,"[[0, 1, 2], [3, 4, 10], [6, 7, 8], [5, 9, 11]]",0.30117681080255837,-0.7070153324035449,1.734537632201035,-3.914119677732238e-15,,53.0,0.18448810171431496,0.18448810171431496,0.30117681080255837,0.0,0.0,"{""1"": 53, ""2"": 10, ""3"": 3}",0.18448810171431496,0.18446912053373687,30.4719785506598,1e-05,True,40,development_isotonic_frozen
s1-i10,held_out,1,random_matched,saps_diagonal,4,0.05,d61675cca50dcd04,"[[2, 3, 4], [0, 5, 6], [1, 7, 11], [8, 9, 10]]",0.30117681080255837,-0.7258978832647999,1.6915817758214537,-7.609495488522446e-15,,61.0,0.12038048292685899,0.12038048292685899,0.30117681080255837,0.0,0.0,"{""1"": 61, ""2"": 5}",0.12038048292685899,0.12037988281652515,26.43194407923842,1e-05,True,40,development_isotonic_frozen
s1-i10,held_out,1,random_matched,p_saps_residualized,4,0.05,91842bba199b831d,"[[3, 4, 10], [0, 1, 9], [2, 5, 11], [6, 7, 8]]",0.30117681080255837,-0.7004261400601738,1.7594766637253079,-6.001381775987328e-15,,48.0,0.19340801511838174,0.19340801511838174,0.30117681080255837,-0.125,0.0,"{""1"": 48, ""2"": 16, ""3"": 2}",0.19340801511838174,0.19340514962087235,30.686520497371042,1e-05,True,80,development_isotonic_frozen
s1-i10,held_out,1,random_matched,p_saps_projection,4,0.05,d8b620be2c8e15bc,"[[3, 4, 5], [7, 8, 9], [6, 10, 11], [0, 1, 2]]",0.30117681080255837,-0.7458512232214641,1.6831998376687818,-4.0053794419731026e-15,,44.0,0.22323651154656607,0.22323651154656607,0.30117681080255837,0.0,0.0,"{""3"": 1, ""2"": 21, ""1"": 44}",0.22323651154656607,0.2232325888810116,48.099004069506634,1e-05,True,640,development_isotonic_frozen
s1-i10,held_out,1,random_matched,b_saps_budgeted,4,0.05,8bd3062a1ac829fd,"[[2, 4, 8], [0, 5, 11], [1, 7, 10], [3, 6, 9]]",0.30117681080255837,-0.717186310795238,1.738477629121973,-7.555935503635403e-15,,48.0,0.14771911865021764,0.14771911865021764,0.30117681080255837,0.0,0.0,"{""2"": 17, ""1"": 48, ""3"": 1}",0.14771911865021764,0.1477153182334553,38.100146072959205,1e-05,True,40,development_isotonic_frozen
s1-i10,held_out,1,random_matched,random_balanced,4,0.15,8bd3062a1ac829fd,"[[2, 4, 8], [0, 5, 11], [1, 7, 10], [3, 6, 9]]",5.493596732400703,-0.717186310795238,1.738477629121973,-7.555935503635403e-15,,48.0,0.14771911865021764,0.14771911865021764,5.492054409839367,0.0,1.0,"{""2"": 17, ""1"": 48, ""3"": 1}",0.14771911865021764,0.1477153182334553,38.100146072959205,1e-05,True,40,development_isotonic_frozen
s1-i10,held_out,1,random_matched,confidence,4,0.15,0fd79fa4808035ff,"[[2, 3, 10], [4, 6, 8], [0, 7, 11], [1, 5, 9]]",5.493596732400703,-0.5995791578731311,1.879006390239004,-7.566652061500735e-15,,51.0,0.1434628370720752,0.1434628370720752,5.738305777217006,0.0,1.0,"{""1"": 51, ""2"": 15}",0.1434628370720752,0.14346211184439642,41.19326711820216,1e-05,True,40,development_isotonic_frozen
s1-i10,held_out,1,random_matched,entropy,4,0.15,df15d581e3350290,"[[3, 10, 11], [2, 4, 8], [0, 6, 7], [1, 5, 9]]",5.493596732400703,-0.6100046887551739,1.8983649454181195,-7.562834417125698e-15,,49.0,0.1709521795850159,0.1709521795850159,5.595254287833235,0.0,1.0,"{""1"": 49, ""2"": 17}",0.1709521795850159,0.17094956118711424,42.162980598172055,1e-05,True,40,development_isotonic_frozen
s1-i10,held_out,1,random_matched,dependency_cmi,4,0.15,80b1492d034d2735,"[[0, 1, 11], [2, 4, 7], [3, 5, 6], [8, 9, 10]]",5.493596732400703,-0.7937049806180546,1.634330993357714,-5.45890518619658e-15,,53.0,0.12541314813047605,0.12541314813047605,5.849683133298793,0.0,1.0,"{""1"": 53, ""2"": 12, ""3"": 1}",0.12541314813047605,0.12541271359641348,31.48801868515069,1e-05,True,40,development_isotonic_frozen
s1-i10,held_out,1,random_matched,min_within_batch_tc,4,0.15,d8b620be2c8e15bc,"[[3, 4, 5], [7, 8, 9], [6, 10, 11], [0, 1, 2]]",5.493596732400703,-0.7458512232214641,1.6831998376687818,-4.0053794419731026e-15,,44.0,0.22323651154656607,0.22323651154656607,5.205951431071827,0.0,1.0,"{""3"": 1, ""2"": 21, ""1"": 44}",0.22323651154656607,0.2232325888810116,48.099004069506634,1e-05,True,40,development_isotonic_frozen
s1-i10,held_out,1,random_matched,dprm_myopic,4,0.15,97f8997d76b0489a,"[[3, 8, 10], [1, 5, 11], [0, 2, 9], [4, 6, 7]]",5.493596732400703,-0.6991892734813653,1.8028413619802466,-6.6198999388192584e-15,,45.0,0.09442553520566545,0.09442553520566545,5.309151309065695,0.0,1.0,"{""2"": 21, ""1"": 45}",0.09442553520566545,0.09442428302523796,32.62098956530885,1e-05,True,40,development_isotonic_frozen
s1-i10,held_out,1,random_matched,dprm_rollout,4,0.15,a5a7cd650f99f620,"[[0, 3, 4], [1, 2, 7], [5, 6, 8], [9, 10, 11]]",5.493596732400703,-0.7613761929433492,1.6569118877445985,-6.603974951710263e-15,,52.0,0.20633053533219423,0.20633053533219423,5.80983152190889,-0.125,1.0,"{""1"": 52, ""2"": 14}",0.20633053533219423,0.20631517394414162,28.4536299712982,1e-05,True,40,development_isotonic_frozen
s1-i10,held_out,1,random_matched,subset_exact,4,0.15,08c348ad13e33b84,"[[0, 1, 3], [2, 4, 10], [6, 7, 8], [5, 9, 11]]",5.493596732400703,-0.7123173711334873,1.7368884100624886,-6.108539064234959e-15,,49.0,0.21358774256286273,0.21358774256286273,5.500231887927287,0.0,1.0,"{""2"": 14, ""3"": 3, ""1"": 49}",0.21358774256286273,0.21357376597762756,30.639424362951253,1e-05,True,40,development_isotonic_frozen
s1-i10,held_out,1,random_matched,subset_beam_8,4,0.15,08c348ad13e33b84,"[[0, 1, 3], [2, 4, 10], [6, 7, 8], [5, 9, 11]]",5.493596732400703,-0.7123173711334873,1.7368884100624886,-6.108539064234959e-15,,49.0,0.21358774256286273,0.21358774256286273,5.500231887927287,0.0,1.0,"{""2"": 14, ""3"": 3, ""1"": 49}",0.21358774256286273,0.21357376597762756,30.639424362951253,1e-05,True,40,development_isotonic_frozen
s1-i10,held_out,1,random_matched,subset_beam_32,4,0.15,08c348ad13e33b84,"[[0, 1, 3], [2, 4, 10], [6, 7, 8], [5, 9, 11]]",5.493596732400703,-0.7123173711334873,1.7368884100624886,-6.108539064234959e-15,,49.0,0.21358774256286273,0.21358774256286273,5.500231887927287,0.0,1.0,"{""2"": 14, ""3"": 3, ""1"": 49}",0.21358774256286273,0.21357376597762756,30.639424362951253,1e-05,True,40,development_isotonic_frozen
s1-i10,held_out,1,random_matched,saps_diagonal,4,0.15,d61675cca50dcd04,"[[2, 3, 4], [0, 5, 6], [1, 7, 11], [8, 9, 10]]",5.493596732400703,-0.7258978832647999,1.6915817758214537,-7.609495488522446e-15,,61.0,0.12038048292685899,0.12038048292685899,6.4535632241358565,0.0,1.0,"{""1"": 61, ""2"": 5}",0.12038048292685899,0.12037988281652515,26.43194407923842,1e-05,True,40,development_isotonic_frozen
s1-i10,held_out,1,random_matched,p_saps_residualized,4,0.15,91842bba199b831d,"[[3, 4, 10], [0, 1, 9], [2, 5, 11], [6, 7, 8]]",5.493596732400703,-0.7004261400601738,1.7594766637253079,-6.001381775987328e-15,,48.0,0.19340801511838174,0.19340801511838174,5.460380276537385,0.0,1.0,"{""1"": 48, ""2"": 16, ""3"": 2}",0.19340801511838174,0.19340514962087235,30.686520497371042,1e-05,True,80,development_isotonic_frozen
s1-i10,held_out,1,random_matched,p_saps_projection,4,0.15,d8b620be2c8e15bc,"[[3, 4, 5], [7, 8, 9], [6, 10, 11], [0, 1, 2]]",5.493596732400703,-0.7458512232214641,1.6831998376687818,-4.0053794419731026e-15,,44.0,0.22323651154656607,0.22323651154656607,5.205951431071827,0.0,1.0,"{""3"": 1, ""2"": 21, ""1"": 44}",0.22323651154656607,0.2232325888810116,48.099004069506634,1e-05,True,640,development_isotonic_frozen
s1-i10,held_out,1,random_matched,b_saps_budgeted,4,0.15,d61675cca50dcd04,"[[2, 3, 4], [0, 5, 6], [1, 7, 11], [8, 9, 10]]",5.493596732400703,-0.7258978832647999,1.6915817758214537,-7.609495488522446e-15,,61.0,0.12038048292685899,0.12038048292685899,6.4535632241358565,0.0,1.0,"{""1"": 61, ""2"": 5}",0.12038048292685899,0.12037988281652515,26.43194407923842,1e-05,True,40,development_isotonic_frozen
s1-i10,held_out,1,structural,random_balanced,1,0.01,76993f31911749ca,"[[0, 1, 2, 3, 4, 5, 6, 7, 8, 9, 10, 11]]",0.04463757535583038,-0.0,0.0,-3.8309019220161975e-14,,0.0,0.1401897784766274,0.1401897784766274,0.04463757535583038,0.0,0.0,"{""2"": 21, ""3"": 23, ""4"": 22}",0.1401897784766274,0.14018828254359647,60.16202951914223,1e-05,True,40,development_isotonic_frozen
s1-i10,held_out,1,structural,confidence,1,0.01,76993f31911749ca,"[[0, 1, 2, 3, 4, 5, 6, 7, 8, 9, 10, 11]]",0.04463757535583038,-0.0,0.0,-3.8309019220161975e-14,,0.0,0.1401897784766274,0.1401897784766274,0.04463757535583038,0.0,0.0,"{""2"": 21, ""3"": 23, ""4"": 22}",0.1401897784766274,0.14018828254359647,60.16202951914223,1e-05,True,40,development_isotonic_frozen
s1-i10,held_out,1,structural,entropy,1,0.01,76993f31911749ca,"[[0, 1, 2, 3, 4, 5, 6, 7, 8, 9, 10, 11]]",0.04463757535583038,-0.0,0.0,-3.8309019220161975e-14,,0.0,0.1401897784766274,0.1401897784766274,0.04463757535583038,0.0,0.0,"{""2"": 21, ""3"": 23, ""4"": 22}",0.1401897784766274,0.14018828254359647,60.16202951914223,1e-05,True,40,development_isotonic_frozen
s1-i10,held_out,1,structural,dependency_cmi,1,0.01,76993f31911749ca,"[[0, 1, 2, 3, 4, 5, 6, 7, 8, 9, 10, 11]]",0.04463757535583038,-0.0,0.0,-3.8309019220161975e-14,,0.0,0.1401897784766274,0.1401897784766274,0.04463757535583038,0.0,0.0,"{""2"": 21, ""3"": 23, ""4"": 22}",0.1401897784766274,0.14018828254359647,60.16202951914223,1e-05,True,40,development_isotonic_frozen
s1-i10,held_out,1,structural,min_within_batch_tc,1,0.01,76993f31911749ca,"[[0, 1, 2, 3, 4, 5, 6, 7, 8, 9, 10, 11]]",0.04463757535583038,-0.0,0.0,-3.8309019220161975e-14,,0.0,0.1401897784766274,0.1401897784766274,0.04463757535583038,0.0,0.0,"{""2"": 21, ""3"": 23, ""4"": 22}",0.1401897784766274,0.14018828254359647,60.16202951914223,1e-05,True,40,development_isotonic_frozen
s1-i10,held_out,1,structural,dprm_myopic,1,0.01,76993f31911749ca,"[[0, 1, 2, 3, 4, 5, 6, 7, 8, 9, 10, 11]]",0.04463757535583038,-0.0,0.0,-3.8309019220161975e-14,,0.0,0.1401897784766274,0.1401897784766274,0.04463757535583038,0.0,0.0,"{""2"": 21, ""3"": 23, ""4"": 22}",0.1401897784766274,0.14018828254359647,60.16202951914223,1e-05,True,40,development_isotonic_frozen
s1-i10,held_out,1,structural,dprm_rollout,1,0.01,76993f31911749ca,"[[0, 1, 2, 3, 4, 5, 6, 7, 8, 9, 10, 11]]",0.04463757535583038,-0.0,0.0,-3.8309019220161975e-14,,0.0,0.1401897784766274,0.1401897784766274,0.04463757535583038,0.0,0.0,"{""2"": 21, ""3"": 23, ""4"": 22}",0.1401897784766274,0.14018828254359647,60.16202951914223,1e-05,True,40,development_isotonic_frozen
s1-i10,held_out,1,structural,subset_exact,1,0.01,76993f31911749ca,"[[0, 1, 2, 3, 4, 5, 6, 7, 8, 9, 10, 11]]",0.04463757535583038,-0.0,0.0,-3.8309019220161975e-14,,0.0,0.1401897784766274,0.1401897784766274,0.04463757535583038,0.0,0.0,"{""2"": 21, ""3"": 23, ""4"": 22}",0.1401897784766274,0.14018828254359647,60.16202951914223,1e-05,True,40,development_isotonic_frozen
s1-i10,held_out,1,structural,subset_beam_8,1,0.01,76993f31911749ca,"[[0, 1, 2, 3, 4, 5, 6, 7, 8, 9, 10, 11]]",0.04463757535583038,-0.0,0.0,-3.8309019220161975e-14,,0.0,0.1401897784766274,0.1401897784766274,0.04463757535583038,0.0,0.0,"{""2"": 21, ""3"": 23, ""4"": 22}",0.1401897784766274,0.14018828254359647,60.16202951914223,1e-05,True,40,development_isotonic_frozen
s1-i10,held_out,1,structural,subset_beam_32,1,0.01,76993f31911749ca,"[[0, 1, 2, 3, 4, 5, 6, 7, 8, 9, 10, 11]]",0.04463757535583038,-0.0,0.0,-3.8309019220161975e-14,,0.0,0.1401897784766274,0.1401897784766274,0.04463757535583038,0.0,0.0,"{""2"": 21, ""3"": 23, ""4"": 22}",0.1401897784766274,0.14018828254359647,60.16202951914223,1e-05,True,40,development_isotonic_frozen
s1-i10,held_out,1,structural,saps_diagonal,1,0.01,76993f31911749ca,"[[0, 1, 2, 3, 4, 5, 6, 7, 8, 9, 10, 11]]",0.04463757535583038,-0.0,0.0,-3.8309019220161975e-14,,0.0,0.1401897784766274,0.1401897784766274,0.04463757535583038,0.0,0.0,"{""2"": 21, ""3"": 23, ""4"": 22}",0.1401897784766274,0.14018828254359647,60.16202951914223,1e-05,True,40,development_isotonic_frozen
s1-i10,held_out,1,structural,p_saps_residualized,1,0.01,76993f31911749ca,"[[0, 1, 2, 3, 4, 5, 6, 7, 8, 9, 10, 11]]",0.04463757535583038,-0.0,0.0,-3.8309019220161975e-14,,0.0,0.1401897784766274,0.1401897784766274,0.04463757535583038,0.0,0.0,"{""2"": 21, ""3"": 23, ""4"": 22}",0.1401897784766274,0.14018828254359647,60.16202951914223,1e-05,True,40,development_isotonic_frozen
s1-i10,held_out,1,structural,p_saps_projection,1,0.01,76993f31911749ca,"[[0, 1, 2, 3, 4, 5, 6, 7, 8, 9, 10, 11]]",0.04463757535583038,-0.0,0.0,-3.8309019220161975e-14,,0.0,0.1401897784766274,0.1401897784766274,0.04463757535583038,0.0,0.0,"{""2"": 21, ""3"": 23, ""4"": 22}",0.1401897784766274,0.14018828254359647,60.16202951914223,1e-05,True,40,development_isotonic_frozen
s1-i10,held_out,1,structural,b_saps_budgeted,1,0.01,76993f31911749ca,"[[0, 1, 2, 3, 4, 5, 6, 7, 8, 9, 10, 11]]",0.04463757535583038,-0.0,0.0,-3.8309019220161975e-14,,0.0,0.1401897784766274,0.1401897784766274,0.04463757535583038,0.0,0.0,"{""2"": 21, ""3"": 23, ""4"": 22}",0.1401897784766274,0.14018828254359647,60.16202951914223,1e-05,True,40,development_isotonic_frozen
s1-i10,held_out,1,structural,random_balanced,1,0.05,76993f31911749ca,"[[0, 1, 2, 3, 4, 5, 6, 7, 8, 9, 10, 11]]",0.25737070657229355,-0.0,0.0,-3.8309019220161975e-14,,0.0,0.1401897784766274,0.1401897784766274,0.25737070657229355,0.0,0.0,"{""2"": 21, ""3"": 23, ""4"": 22}",0.1401897784766274,0.14018828254359647,60.16202951914223,1e-05,True,40,development_isotonic_frozen
s1-i10,held_out,1,structural,confidence,1,0.05,76993f31911749ca,"[[0, 1, 2, 3, 4, 5, 6, 7, 8, 9, 10, 11]]",0.25737070657229355,-0.0,0.0,-3.8309019220161975e-14,,0.0,0.1401897784766274,0.1401897784766274,0.25737070657229355,0.0,0.0,"{""2"": 21, ""3"": 23, ""4"": 22}",0.1401897784766274,0.14018828254359647,60.16202951914223,1e-05,True,40,development_isotonic_frozen
s1-i10,held_out,1,structural,entropy,1,0.05,76993f31911749ca,"[[0, 1, 2, 3, 4, 5, 6, 7, 8, 9, 10, 11]]",0.25737070657229355,-0.0,0.0,-3.8309019220161975e-14,,0.0,0.1401897784766274,0.1401897784766274,0.25737070657229355,0.0,0.0,"{""2"": 21, ""3"": 23, ""4"": 22}",0.1401897784766274,0.14018828254359647,60.16202951914223,1e-05,True,40,development_isotonic_frozen
s1-i10,held_out,1,structural,dependency_cmi,1,0.05,76993f31911749ca,"[[0, 1, 2, 3, 4, 5, 6, 7, 8, 9, 10, 11]]",0.25737070657229355,-0.0,0.0,-3.8309019220161975e-14,,0.0,0.1401897784766274,0.1401897784766274,0.25737070657229355,0.0,0.0,"{""2"": 21, ""3"": 23, ""4"": 22}",0.1401897784766274,0.14018828254359647,60.16202951914223,1e-05,True,40,development_isotonic_frozen
s1-i10,held_out,1,structural,min_within_batch_tc,1,0.05,76993f31911749ca,"[[0, 1, 2, 3, 4, 5, 6, 7, 8, 9, 10, 11]]",0.25737070657229355,-0.0,0.0,-3.8309019220161975e-14,,0.0,0.1401897784766274,0.1401897784766274,0.25737070657229355,0.0,0.0,"{""2"": 21, ""3"": 23, ""4"": 22}",0.1401897784766274,0.14018828254359647,60.16202951914223,1e-05,True,40,development_isotonic_frozen
s1-i10,held_out,1,structural,dprm_myopic,1,0.05,76993f31911749ca,"[[0, 1, 2, 3, 4, 5, 6, 7, 8, 9, 10, 11]]",0.25737070657229355,-0.0,0.0,-3.8309019220161975e-14,,0.0,0.1401897784766274,0.1401897784766274,0.25737070657229355,0.0,0.0,"{""2"": 21, ""3"": 23, ""4"": 22}",0.1401897784766274,0.14018828254359647,60.16202951914223,1e-05,True,40,development_isotonic_frozen
s1-i10,held_out,1,structural,dprm_rollout,1,0.05,76993f31911749ca,"[[0, 1, 2, 3, 4, 5, 6, 7, 8, 9, 10, 11]]",0.25737070657229355,-0.0,0.0,-3.8309019220161975e-14,,0.0,0.1401897784766274,0.1401897784766274,0.25737070657229355,0.0,0.0,"{""2"": 21, ""3"": 23, ""4"": 22}",0.1401897784766274,0.14018828254359647,60.16202951914223,1e-05,True,40,development_isotonic_frozen
s1-i10,held_out,1,structural,subset_exact,1,0.05,76993f31911749ca,"[[0, 1, 2, 3, 4, 5, 6, 7, 8, 9, 10, 11]]",0.25737070657229355,-0.0,0.0,-3.8309019220161975e-14,,0.0,0.1401897784766274,0.1401897784766274,0.25737070657229355,0.0,0.0,"{""2"": 21, ""3"": 23, ""4"": 22}",0.1401897784766274,0.14018828254359647,60.16202951914223,1e-05,True,40,development_isotonic_frozen
s1-i10,held_out,1,structural,subset_beam_8,1,0.05,76993f31911749ca,"[[0, 1, 2, 3, 4, 5, 6, 7, 8, 9, 10, 11]]",0.25737070657229355,-0.0,0.0,-3.8309019220161975e-14,,0.0,0.1401897784766274,0.1401897784766274,0.25737070657229355,0.0,0.0,"{""2"": 21, ""3"": 23, ""4"": 22}",0.1401897784766274,0.14018828254359647,60.16202951914223,1e-05,True,40,development_isotonic_frozen
s1-i10,held_out,1,structural,subset_beam_32,1,0.05,76993f31911749ca,"[[0, 1, 2, 3, 4, 5, 6, 7, 8, 9, 10, 11]]",0.25737070657229355,-0.0,0.0,-3.8309019220161975e-14,,0.0,0.1401897784766274,0.1401897784766274,0.25737070657229355,0.0,0.0,"{""2"": 21, ""3"": 23, ""4"": 22}",0.1401897784766274,0.14018828254359647,60.16202951914223,1e-05,True,40,development_isotonic_frozen
s1-i10,held_out,1,structural,saps_diagonal,1,0.05,76993f31911749ca,"[[0, 1, 2, 3, 4, 5, 6, 7, 8, 9, 10, 11]]",0.25737070657229355,-0.0,0.0,-3.8309019220161975e-14,,0.0,0.1401897784766274,0.1401897784766274,0.25737070657229355,0.0,0.0,"{""2"": 21, ""3"": 23, ""4"": 22}",0.1401897784766274,0.14018828254359647,60.16202951914223,1e-05,True,40,development_isotonic_frozen
s1-i10,held_out,1,structural,p_saps_residualized,1,0.05,76993f31911749ca,"[[0, 1, 2, 3, 4, 5, 6, 7, 8, 9, 10, 11]]",0.25737070657229355,-0.0,0.0,-3.8309019220161975e-14,,0.0,0.1401897784766274,0.1401897784766274,0.25737070657229355,0.0,0.0,"{""2"": 21, ""3"": 23, ""4"": 22}",0.1401897784766274,0.14018828254359647,60.16202951914223,1e-05,True,40,development_isotonic_frozen
s1-i10,held_out,1,structural,p_saps_projection,1,0.05,76993f31911749ca,"[[0, 1, 2, 3, 4, 5, 6, 7, 8, 9, 10, 11]]",0.25737070657229355,-0.0,0.0,-3.8309019220161975e-14,,0.0,0.1401897784766274,0.1401897784766274,0.25737070657229355,0.0,0.0,"{""2"": 21, ""3"": 23, ""4"": 22}",0.1401897784766274,0.14018828254359647,60.16202951914223,1e-05,True,40,development_isotonic_frozen
s1-i10,held_out,1,structural,b_saps_budgeted,1,0.05,76993f31911749ca,"[[0, 1, 2, 3, 4, 5, 6, 7, 8, 9, 10, 11]]",0.25737070657229355,-0.0,0.0,-3.8309019220161975e-14,,0.0,0.1401897784766274,0.1401897784766274,0.25737070657229355,0.0,0.0,"{""2"": 21, ""3"": 23, ""4"": 22}",0.1401897784766274,0.14018828254359647,60.16202951914223,1e-05,True,40,development_isotonic_frozen
s1-i10,held_out,1,structural,random_balanced,1,0.15,76993f31911749ca,"[[0, 1, 2, 3, 4, 5, 6, 7, 8, 9, 10, 11]]",0.6651567993416388,-0.0,0.0,-3.8309019220161975e-14,,0.0,0.1401897784766274,0.1401897784766274,0.6651567993416388,0.0,1.0,"{""2"": 21, ""3"": 23, ""4"": 22}",0.1401897784766274,0.14018828254359647,60.16202951914223,1e-05,True,40,development_isotonic_frozen
s1-i10,held_out,1,structural,confidence,1,0.15,76993f31911749ca,"[[0, 1, 2, 3, 4, 5, 6, 7, 8, 9, 10, 11]]",0.6651567993416388,-0.0,0.0,-3.8309019220161975e-14,,0.0,0.1401897784766274,0.1401897784766274,0.6651567993416388,0.0,1.0,"{""2"": 21, ""3"": 23, ""4"": 22}",0.1401897784766274,0.14018828254359647,60.16202951914223,1e-05,True,40,development_isotonic_frozen
s1-i10,held_out,1,structural,entropy,1,0.15,76993f31911749ca,"[[0, 1, 2, 3, 4, 5, 6, 7, 8, 9, 10, 11]]",0.6651567993416388,-0.0,0.0,-3.8309019220161975e-14,,0.0,0.1401897784766274,0.1401897784766274,0.6651567993416388,0.0,1.0,"{""2"": 21, ""3"": 23, ""4"": 22}",0.1401897784766274,0.14018828254359647,60.16202951914223,1e-05,True,40,development_isotonic_frozen
s1-i10,held_out,1,structural,dependency_cmi,1,0.15,76993f31911749ca,"[[0, 1, 2, 3, 4, 5, 6, 7, 8, 9, 10, 11]]",0.6651567993416388,-0.0,0.0,-3.8309019220161975e-14,,0.0,0.1401897784766274,0.1401897784766274,0.6651567993416388,0.0,1.0,"{""2"": 21, ""3"": 23, ""4"": 22}",0.1401897784766274,0.14018828254359647,60.16202951914223,1e-05,True,40,development_isotonic_frozen
s1-i10,held_out,1,structural,min_within_batch_tc,1,0.15,76993f31911749ca,"[[0, 1, 2, 3, 4, 5, 6, 7, 8, 9, 10, 11]]",0.6651567993416388,-0.0,0.0,-3.8309019220161975e-14,,0.0,0.1401897784766274,0.1401897784766274,0.6651567993416388,0.0,1.0,"{""2"": 21, ""3"": 23, ""4"": 22}",0.1401897784766274,0.14018828254359647,60.16202951914223,1e-05,True,40,development_isotonic_frozen
s1-i10,held_out,1,structural,dprm_myopic,1,0.15,76993f31911749ca,"[[0, 1, 2, 3, 4, 5, 6, 7, 8, 9, 10, 11]]",0.6651567993416388,-0.0,0.0,-3.8309019220161975e-14,,0.0,0.1401897784766274,0.1401897784766274,0.6651567993416388,0.0,1.0,"{""2"": 21, ""3"": 23, ""4"": 22}",0.1401897784766274,0.14018828254359647,60.16202951914223,1e-05,True,40,development_isotonic_frozen
s1-i10,held_out,1,structural,dprm_rollout,1,0.15,76993f31911749ca,"[[0, 1, 2, 3, 4, 5, 6, 7, 8, 9, 10, 11]]",0.6651567993416388,-0.0,0.0,-3.8309019220161975e-14,,0.0,0.1401897784766274,0.1401897784766274,0.6651567993416388,0.0,1.0,"{""2"": 21, ""3"": 23, ""4"": 22}",0.1401897784766274,0.14018828254359647,60.16202951914223,1e-05,True,40,development_isotonic_frozen
s1-i10,held_out,1,structural,subset_exact,1,0.15,76993f31911749ca,"[[0, 1, 2, 3, 4, 5, 6, 7, 8, 9, 10, 11]]",0.6651567993416388,-0.0,0.0,-3.8309019220161975e-14,,0.0,0.1401897784766274,0.1401897784766274,0.6651567993416388,0.0,1.0,"{""2"": 21, ""3"": 23, ""4"": 22}",0.1401897784766274,0.14018828254359647,60.16202951914223,1e-05,True,40,development_isotonic_frozen
s1-i10,held_out,1,structural,subset_beam_8,1,0.15,76993f31911749ca,"[[0, 1, 2, 3, 4, 5, 6, 7, 8, 9, 10, 11]]",0.6651567993416388,-0.0,0.0,-3.8309019220161975e-14,,0.0,0.1401897784766274,0.1401897784766274,0.6651567993416388,0.0,1.0,"{""2"": 21, ""3"": 23, ""4"": 22}",0.1401897784766274,0.14018828254359647,60.16202951914223,1e-05,True,40,development_isotonic_frozen
s1-i10,held_out,1,structural,subset_beam_32,1,0.15,76993f31911749ca,"[[0, 1, 2, 3, 4, 5, 6, 7, 8, 9, 10, 11]]",0.6651567993416388,-0.0,0.0,-3.8309019220161975e-14,,0.0,0.1401897784766274,0.1401897784766274,0.6651567993416388,0.0,1.0,"{""2"": 21, ""3"": 23, ""4"": 22}",0.1401897784766274,0.14018828254359647,60.16202951914223,1e-05,True,40,development_isotonic_frozen
s1-i10,held_out,1,structural,saps_diagonal,1,0.15,76993f31911749ca,"[[0, 1, 2, 3, 4, 5, 6, 7, 8, 9, 10, 11]]",0.6651567993416388,-0.0,0.0,-3.8309019220161975e-14,,0.0,0.1401897784766274,0.1401897784766274,0.6651567993416388,0.0,1.0,"{""2"": 21, ""3"": 23, ""4"": 22}",0.1401897784766274,0.14018828254359647,60.16202951914223,1e-05,True,40,development_isotonic_frozen
s1-i10,held_out,1,structural,p_saps_residualized,1,0.15,76993f31911749ca,"[[0, 1, 2, 3, 4, 5, 6, 7, 8, 9, 10, 11]]",0.6651567993416388,-0.0,0.0,-3.8309019220161975e-14,,0.0,0.1401897784766274,0.1401897784766274,0.6651567993416388,0.0,1.0,"{""2"": 21, ""3"": 23, ""4"": 22}",0.1401897784766274,0.14018828254359647,60.16202951914223,1e-05,True,40,development_isotonic_frozen
s1-i10,held_out,1,structural,p_saps_projection,1,0.15,76993f31911749ca,"[[0, 1, 2, 3, 4, 5, 6, 7, 8, 9, 10, 11]]",0.6651567993416388,-0.0,0.0,-3.8309019220161975e-14,,0.0,0.1401897784766274,0.1401897784766274,0.6651567993416388,0.0,1.0,"{""2"": 21, ""3"": 23, ""4"": 22}",0.1401897784766274,0.14018828254359647,60.16202951914223,1e-05,True,40,development_isotonic_frozen
s1-i10,held_out,1,structural,b_saps_budgeted,1,0.15,76993f31911749ca,"[[0, 1, 2, 3, 4, 5, 6, 7, 8, 9, 10, 11]]",0.6651567993416388,-0.0,0.0,-3.8309019220161975e-14,,0.0,0.1401897784766274,0.1401897784766274,0.6651567993416388,0.0,1.0,"{""2"": 21, ""3"": 23, ""4"": 22}",0.1401897784766274,0.14018828254359647,60.16202951914223,1e-05,True,40,development_isotonic_frozen
s1-i10,held_out,1,structural,random_balanced,2,0.01,7aef5b8b11805ea0,"[[0, 2, 4, 5, 8, 11], [1, 3, 6, 7, 9, 10]]",0.06560370923508405,-0.24610321767366442,0.5755709197123015,-1.8163946018912175e-14,,24.0,0.19643410362663677,0.19643410362663677,0.06594187268474942,0.0,0.0,"{""1"": 24, ""2"": 32, ""3"": 9, ""4"": 1}",0.19643410362663677,0.19642497667449973,50.957017634154425,1e-05,True,40,development_isotonic_frozen
s1-i10,held_out,1,structural,confidence,2,0.01,48add170ba374cd6,"[[2, 3, 4, 6, 8, 10], [0, 1, 5, 7, 9, 11]]",0.06560370923508405,-0.19121901266932742,0.6322750698397784,-1.7416386960736036e-14,,31.0,0.11906011209236005,0.11906011209236005,0.06695636303374557,0.0,0.0,"{""2"": 30, ""3"": 5, ""1"": 31}",0.11906011209236005,0.11905711686134247,44.624799871997936,1e-05,True,40,development_isotonic_frozen
s1-i10,held_out,1,structural,entropy,2,0.01,0d7fdbc3561f94a0,"[[2, 3, 4, 8, 10, 11], [0, 1, 5, 6, 7, 9]]",0.06560370923508405,-0.19141277021405,0.6502305200543864,-1.7410973556638566e-14,,28.0,0.12430396806520683,0.12430396806520683,0.06695636303374557,0.0,0.0,"{""2"": 29, ""3"": 9, ""1"": 28}",0.12430396806520683,0.12429802590887104,48.005943373114555,1e-05,True,40,development_isotonic_frozen
s1-i10,held_out,1,structural,dependency_cmi,2,0.01,6c67d31330517d63,"[[0, 1, 4, 9, 10, 11], [2, 3, 5, 6, 7, 8]]",0.06560370923508405,-0.2518015264099313,0.5679103836639354,-1.7095610925921344e-14,,15.0,0.22266549864618002,0.22266549864618002,0.06391289198675713,0.0,0.0,"{""2"": 34, ""1"": 15, ""3"": 14, ""4"": 3}",0.22266549864618002,0.22266322078471043,49.171841300443766,1e-05,True,40,development_isotonic_frozen
s1-i10,held_out,1,structural,min_within_batch_tc,2,0.01,4b73890c17e6a780,"[[3, 4, 5, 7, 8, 9], [0, 1, 2, 6, 10, 11]]",0.06560370923508405,-0.26456532548689976,0.5389958161576685,-1.5155561706425148e-14,,28.0,0.16750807866976308,0.16750807866976308,0.06594187268474942,0.0,0.0,"{""2"": 26, ""3"": 11, ""4"": 1, ""1"": 28}",0.16750807866976308,0.16750546316683473,45.61235278505304,1e-05,True,40,development_isotonic_frozen
s1-i10,held_out,1,structural,dprm_myopic,2,0.01,4320f3fcb5c81803,"[[0, 1, 3, 8, 10, 11], [2, 4, 5, 6, 7, 9]]",0.06560370923508405,-0.2355284166271212,0.607681063382806,-1.7128377512946842e-14,,26.0,0.13032301255852957,0.13032301255852957,0.06492738233575328,0.0,0.0,"{""2"": 28, ""1"": 26, ""3"": 10, ""4"": 2}",0.13032301255852957,0.13031498840950084,43.356266318592915,1e-05,True,40,development_isotonic_frozen
s1-i10,held_out,1,structural,dprm_rollout,2,0.01,b5e1908336398cd6,"[[1, 3, 4, 8, 10, 11], [0, 2, 5, 6, 7, 9]]",0.06560370923508405,-0.22017630413989367,0.6179287791164615,-1.8201120203846496e-14,,27.0,0.14816830131509207,0.14816830131509207,0.06492738233575328,0.0,0.0,"{""1"": 27, ""2"": 23, ""3"": 14, ""4"": 2}",0.14816830131509207,0.1481571572184373,44.034413822902486,1e-05,True,40,development_isotonic_frozen
s1-i10,held_out,1,structural,subset_exact,2,0.01,16c96626770fe7d8,"[[0, 1, 2, 3, 6, 9], [4, 5, 7, 8, 10, 11]]",0.06560370923508405,-0.26318955099211444,0.5378281959436512,-1.506907765768336e-14,,25.0,0.15506511419907643,0.15506511419907643,0.06492738233575328,0.0,0.0,"{""2"": 31, ""3"": 8, ""4"": 2, ""1"": 25}",0.15506511419907643,0.15506022232136402,37.833017604064146,1e-05,True,40,development_isotonic_frozen
s1-i10,held_out,1,structural,subset_beam_8,2,0.01,16c96626770fe7d8,"[[0, 1, 2, 3, 6, 9], [4, 5, 7, 8, 10, 11]]",0.06560370923508405,-0.26318955099211444,0.5378281959436512,-1.506907765768336e-14,,25.0,0.15506511419907643,0.15506511419907643,0.06492738233575328,0.0,0.0,"{""2"": 31, ""3"": 8, ""4"": 2, ""1"": 25}",0.15506511419907643,0.15506022232136402,37.833017604064146,1e-05,True,40,development_isotonic_frozen
s1-i10,held_out,1,structural,subset_beam_32,2,0.01,16c96626770fe7d8,"[[0, 1, 2, 3, 6, 9], [4, 5, 7, 8, 10, 11]]",0.06560370923508405,-0.26318955099211444,0.5378281959436512,-1.506907765768336e-14,,25.0,0.15506511419907643,0.15506511419907643,0.06492738233575328,0.0,0.0,"{""2"": 31, ""3"": 8, ""4"": 2, ""1"": 25}",0.15506511419907643,0.15506022232136402,37.833017604064146,1e-05,True,40,development_isotonic_frozen
s1-i10,held_out,1,structural,saps_diagonal,2,0.01,4af9e89f91dc49aa,"[[1, 2, 4, 5, 7, 8], [0, 3, 6, 9, 10, 11]]",0.06560370923508405,-0.26305539388910376,0.5341752174989732,-1.828152414231673e-14,,40.0,0.2033218703454102,0.2033218703454102,0.06695636303374557,0.0,0.0,"{""1"": 40, ""2"": 24, ""3"": 2}",0.2033218703454102,0.2033154728234958,36.49932471147295,1e-05,True,40,development_isotonic_frozen
s1-i10,held_out,1,structural,p_saps_residualized,2,0.01,8ffcf12d369ee979,"[[0, 1, 3, 5, 9, 10], [2, 4, 6, 7, 8, 11]]",0.06560370923508405,-0.26553785632451515,0.5479760688267733,-1.7359615308798413e-14,,36.0,0.19577474556749197,0.19577474556749197,0.06695636303374557,0.0,0.0,"{""2"": 24, ""1"": 36, ""3"": 6}",0.19577474556749197,0.19576844115328723,39.627766642046296,1e-05,True,80,development_isotonic_frozen
s1-i10,held_out,1,structural,p_saps_projection,2,0.01,6c67d31330517d63,"[[0, 1, 4, 9, 10, 11], [2, 3, 5, 6, 7, 8]]",0.06560370923508405,-0.2518015264099313,0.5679103836639354,-1.7095610925921344e-14,,15.0,0.22266549864618002,0.22266549864618002,0.06391289198675713,0.0,0.0,"{""2"": 34, ""1"": 15, ""3"": 14, ""4"": 3}",0.22266549864618002,0.22266322078471043,49.171841300443766,1e-05,True,640,development_isotonic_frozen
s1-i10,held_out,1,structural,b_saps_budgeted,2,0.01,dae715e6fb35f212,"[[0, 1, 4, 5, 8, 11], [2, 3, 6, 7, 9, 10]]",0.06560370923508405,-0.2748667515995081,0.5432691787743764,-1.7666411985917726e-14,,29.0,0.18574313405221815,0.18574313405221815,0.06695636303374557,0.0,0.0,"{""2"": 34, ""1"": 29, ""3"": 3}",0.18574313405221815,0.18573404477389227,44.34708818033946,1e-05,True,40,development_isotonic_frozen
s1-i10,held_out,1,structural,random_balanced,2,0.05,7aef5b8b11805ea0,"[[0, 2, 4, 5, 8, 11], [1, 3, 6, 7, 9, 10]]",0.2985218953946635,-0.24610321767366442,0.5755709197123015,-1.8163946018912175e-14,,24.0,0.19643410362663677,0.19643410362663677,0.29918562424663725,0.125,0.0,"{""1"": 24, ""2"": 32, ""3"": 9, ""4"": 1}",0.19643410362663677,0.19642497667449973,50.957017634154425,1e-05,True,40,development_isotonic_frozen
s1-i10,held_out,1,structural,confidence,2,0.05,48add170ba374cd6,"[[2, 3, 4, 6, 8, 10], [0, 1, 5, 7, 9, 11]]",0.2985218953946635,-0.19121901266932742,0.6322750698397784,-1.7416386960736036e-14,,31.0,0.11906011209236005,0.11906011209236005,0.30117681080255837,0.0,0.0,"{""2"": 30, ""3"": 5, ""1"": 31}",0.11906011209236005,0.11905711686134247,44.624799871997936,1e-05,True,40,development_isotonic_frozen
s1-i10,held_out,1,structural,entropy,2,0.05,0d7fdbc3561f94a0,"[[2, 3, 4, 8, 10, 11], [0, 1, 5, 6, 7, 9]]",0.2985218953946635,-0.19141277021405,0.6502305200543864,-1.7410973556638566e-14,,28.0,0.12430396806520683,0.12430396806520683,0.30117681080255837,0.0,0.0,"{""2"": 29, ""3"": 9, ""1"": 28}",0.12430396806520683,0.12429802590887104,48.005943373114555,1e-05,True,40,development_isotonic_frozen
s1-i10,held_out,1,structural,dependency_cmi,2,0.05,6c67d31330517d63,"[[0, 1, 4, 9, 10, 11], [2, 3, 5, 6, 7, 8]]",0.2985218953946635,-0.2518015264099313,0.5679103836639354,-1.7095610925921344e-14,,15.0,0.22266549864618002,0.22266549864618002,0.295203251134795,0.0,0.0,"{""2"": 34, ""1"": 15, ""3"": 14, ""4"": 3}",0.22266549864618002,0.22266322078471043,49.171841300443766,1e-05,True,40,development_isotonic_frozen
s1-i10,held_out,1,structural,min_within_batch_tc,2,0.05,4b73890c17e6a780,"[[3, 4, 5, 7, 8, 9], [0, 1, 2, 6, 10, 11]]",0.2985218953946635,-0.26456532548689976,0.5389958161576685,-1.5155561706425148e-14,,28.0,0.16750807866976308,0.16750807866976308,0.29918562424663725,0.0,0.0,"{""2"": 26, ""3"": 11, ""4"": 1, ""1"": 28}",0.16750807866976308,0.16750546316683473,45.61235278505304,1e-05,True,40,development_isotonic_frozen
s1-i10,held_out,1,structural,dprm_myopic,2,0.05,4320f3fcb5c81803,"[[0, 1, 3, 8, 10, 11], [2, 4, 5, 6, 7, 9]]",0.2985218953946635,-0.2355284166271212,0.607681063382806,-1.7128377512946842e-14,,26.0,0.13032301255852957,0.13032301255852957,0.29719443769071613,0.0,0.0,"{""2"": 28, ""1"": 26, ""3"": 10, ""4"": 2}",0.13032301255852957,0.13031498840950084,43.356266318592915,1e-05,True,40,development_isotonic_frozen
s1-i10,held_out,1,structural,dprm_rollout,2,0.05,452be4a1c619e30d,"[[1, 3, 8, 9, 10, 11], [0, 2, 4, 5, 6, 7]]",0.2985218953946635,-0.23858287567245617,0.5969973935243571,-1.771689604699026e-14,,24.0,0.14191945298996975,0.14191945298996975,0.29719443769071613,0.0,0.0,"{""1"": 24, ""2"": 24, ""3"": 16, ""4"": 2}",0.14191945298996975,0.1419099397515348,44.470926917560874,1e-05,True,40,development_isotonic_frozen
s1-i10,held_out,1,structural,subset_exact,2,0.05,a534724ec49a3fe7,"[[0, 1, 2, 3, 4, 7], [5, 6, 8, 9, 10, 11]]",0.2985218953946635,-0.25508234704223254,0.5484728201927257,-1.5719005254765353e-14,,24.0,0.15785164693621992,0.15785164693621992,0.2892296914670316,0.0,0.0,"{""2"": 23, ""3"": 13, ""4"": 6, ""1"": 24}",0.15785164693621992,0.15785036572447794,40.67045861408551,1e-05,True,40,development_isotonic_frozen
s1-i10,held_out,1,structural,subset_beam_8,2,0.05,a534724ec49a3fe7,"[[0, 1, 2, 3, 4, 7], [5, 6, 8, 9, 10, 11]]",0.2985218953946635,-0.25508234704223254,0.5484728201927257,-1.5719005254765353e-14,,24.0,0.15785164693621992,0.15785164693621992,0.2892296914670316,0.0,0.0,"{""2"": 23, ""3"": 13, ""4"": 6, ""1"": 24}",0.15785164693621992,0.15785036572447794,40.67045861408551,1e-05,True,40,development_isotonic_frozen
s1-i10,held_out,1,structural,subset_beam_32,2,0.05,a534724ec49a3fe7,"[[0, 1, 2, 3, 4, 7], [5, 6, 8, 9, 10, 11]]",0.2985218953946635,-0.25508234704223254,0.5484728201927257,-1.5719005254765353e-14,,24.0,0.15785164693621992,0.15785164693621992,0.2892296914670316,0.0,0.0,"{""2"": 23, ""3"": 13, ""4"": 6, ""1"": 24}",0.15785164693621992,0.15785036572447794,40.67045861408551,1e-05,True,40,development_isotonic_frozen
s1-i10,held_out,1,structural,saps_diagonal,2,0.05,4af9e89f91dc49aa,"[[1, 2, 4, 5, 7, 8], [0, 3, 6, 9, 10, 11]]",0.2985218953946635,-0.26305539388910376,0.5341752174989732,-1.828152414231673e-14,,40.0,0.2033218703454102,0.2033218703454102,0.30117681080255837,0.0,0.0,"{""1"": 40, ""2"": 24, ""3"": 2}",0.2033218703454102,0.2033154728234958,36.49932471147295,1e-05,True,40,development_isotonic_frozen
s1-i10,held_out,1,structural,p_saps_residualized,2,0.05,8ffcf12d369ee979,"[[0, 1, 3, 5, 9, 10], [2, 4, 6, 7, 8, 11]]",0.2985218953946635,-0.26553785632451515,0.5479760688267733,-1.7359615308798413e-14,,36.0,0.19577474556749197,0.19577474556749197,0.30117681080255837,0.0,0.0,"{""2"": 24, ""1"": 36, ""3"": 6}",0.19577474556749197,0.19576844115328723,39.627766642046296,1e-05,True,80,development_isotonic_frozen
s1-i10,held_out,1,structural,p_saps_projection,2,0.05,6c67d31330517d63,"[[0, 1, 4, 9, 10, 11], [2, 3, 5, 6, 7, 8]]",0.2985218953946635,-0.2518015264099313,0.5679103836639354,-1.7095610925921344e-14,,15.0,0.22266549864618002,0.22266549864618002,0.295203251134795,0.0,0.0,"{""2"": 34, ""1"": 15, ""3"": 14, ""4"": 3}",0.22266549864618002,0.22266322078471043,49.171841300443766,1e-05,True,640,development_isotonic_frozen
s1-i10,held_out,1,structural,b_saps_budgeted,2,0.05,dae715e6fb35f212,"[[0, 1, 4, 5, 8, 11], [2, 3, 6, 7, 9, 10]]",0.2985218953946635,-0.2748667515995081,0.5432691787743764,-1.7666411985917726e-14,,29.0,0.18574313405221815,0.18574313405221815,0.30117681080255837,0.0,0.0,"{""2"": 34, ""1"": 29, ""3"": 3}",0.18574313405221815,0.18573404477389227,44.34708818033946,1e-05,True,40,development_isotonic_frozen
s1-i10,held_out,1,structural,random_balanced,2,0.15,7aef5b8b11805ea0,"[[0, 2, 4, 5, 8, 11], [1, 3, 6, 7, 9, 10]]",3.6206342089619206,-0.24610321767366442,0.5755709197123015,-1.8163946018912175e-14,,24.0,0.19643410362663677,0.19643410362663677,3.4903693375162796,0.0,1.0,"{""1"": 24, ""2"": 32, ""3"": 9, ""4"": 1}",0.19643410362663677,0.19642497667449973,50.957017634154425,1e-05,True,40,development_isotonic_frozen
s1-i10,held_out,1,structural,confidence,2,0.15,48add170ba374cd6,"[[2, 3, 4, 6, 8, 10], [0, 1, 5, 7, 9, 11]]",3.6206342089619206,-0.19121901266932742,0.6322750698397784,-1.7416386960736036e-14,,31.0,0.11906011209236005,0.11906011209236005,4.149420216869389,0.0,1.0,"{""2"": 30, ""3"": 5, ""1"": 31}",0.11906011209236005,0.11905711686134247,44.624799871997936,1e-05,True,40,development_isotonic_frozen
s1-i10,held_out,1,structural,entropy,2,0.15,0d7fdbc3561f94a0,"[[2, 3, 4, 8, 10, 11], [0, 1, 5, 6, 7, 9]]",3.6206342089619206,-0.19141277021405,0.6502305200543864,-1.7410973556638566e-14,,28.0,0.12430396806520683,0.12430396806520683,3.8081464495858026,0.0,1.0,"{""2"": 29, ""3"": 9, ""1"": 28}",0.12430396806520683,0.12429802590887104,48.005943373114555,1e-05,True,40,development_isotonic_frozen
s1-i10,held_out,1,structural,dependency_cmi,2,0.15,6c67d31330517d63,"[[0, 1, 4, 9, 10, 11], [2, 3, 5, 6, 7, 8]]",3.6206342089619206,-0.2518015264099313,0.5679103836639354,-1.7095610925921344e-14,,15.0,0.22266549864618002,0.22266549864618002,2.624918702175434,0.125,0.0,"{""2"": 34, ""1"": 15, ""3"": 14, ""4"": 3}",0.22266549864618002,0.22266322078471043,49.171841300443766,1e-05,True,40,development_isotonic_frozen
s1-i10,held_out,1,structural,min_within_batch_tc,2,0.15,4b73890c17e6a780,"[[3, 4, 5, 7, 8, 9], [0, 1, 2, 6, 10, 11]]",3.6206342089619206,-0.26456532548689976,0.5389958161576685,-1.5155561706425148e-14,,28.0,0.16750807866976308,0.16750807866976308,3.7131240496798545,0.0,1.0,"{""2"": 26, ""3"": 11, ""4"": 1, ""1"": 28}",0.16750807866976308,0.16750546316683473,45.61235278505304,1e-05,True,40,development_isotonic_frozen
s1-i10,held_out,1,structural,dprm_myopic,2,0.15,4320f3fcb5c81803,"[[0, 1, 3, 8, 10, 11], [2, 4, 5, 6, 7, 9]]",3.6206342089619206,-0.2355284166271212,0.607681063382806,-1.7128377512946842e-14,,26.0,0.13032301255852957,0.13032301255852957,3.5700725602960843,0.0,1.0,"{""2"": 28, ""1"": 26, ""3"": 10, ""4"": 2}",0.13032301255852957,0.13031498840950084,43.356266318592915,1e-05,True,40,development_isotonic_frozen
s1-i10,held_out,1,structural,dprm_rollout,2,0.15,5e9065e67c5ffa44,"[[1, 2, 5, 8, 9, 10], [0, 3, 4, 6, 7, 11]]",3.6206342089619206,-0.24827998338828994,0.5634609884157085,-1.7763674616766424e-14,,28.0,0.20340632043525103,0.20340632043525103,3.934842982793734,0.0,1.0,"{""1"": 28, ""2"": 33, ""3"": 5}",0.20340632043525103,0.20339016058936837,38.56219371184192,1e-05,True,40,development_isotonic_frozen
s1-i10,held_out,1,structural,subset_exact,2,0.15,543028271928dcfa,"[[0, 1, 2, 3, 4, 5], [6, 7, 8, 9, 10, 11]]",3.6206342089619206,-0.25997588345005074,0.5455294045031683,-1.593006627741137e-14,,26.0,0.16512234948082574,0.16512234948082574,3.2850053605782388,0.0,1.0,"{""2"": 19, ""3"": 13, ""4"": 8, ""1"": 26}",0.16512234948082574,0.16512018405851558,42.19699744404366,1e-05,True,40,development_isotonic_frozen
s1-i10,held_out,1,structural,subset_beam_8,2,0.15,543028271928dcfa,"[[0, 1, 2, 3, 4, 5], [6, 7, 8, 9, 10, 11]]",3.6206342089619206,-0.25997588345005074,0.5455294045031683,-1.593006627741137e-14,,26.0,0.16512234948082574,0.16512234948082574,3.2850053605782388,0.0,1.0,"{""2"": 19, ""3"": 13, ""4"": 8, ""1"": 26}",0.16512234948082574,0.16512018405851558,42.19699744404366,1e-05,True,40,development_isotonic_frozen
s1-i10,held_out,1,structural,subset_beam_32,2,0.15,543028271928dcfa,"[[0, 1, 2, 3, 4, 5], [6, 7, 8, 9, 10, 11]]",3.6206342089619206,-0.25997588345005074,0.5455294045031683,-1.593006627741137e-14,,26.0,0.16512234948082574,0.16512234948082574,3.2850053605782388,0.0,1.0,"{""2"": 19, ""3"": 13, ""4"": 8, ""1"": 26}",0.16512234948082574,0.16512018405851558,42.19699744404366,1e-05,True,40,development_isotonic_frozen
s1-i10,held_out,1,structural,saps_diagonal,2,0.15,4af9e89f91dc49aa,"[[1, 2, 4, 5, 7, 8], [0, 3, 6, 9, 10, 11]]",3.6206342089619206,-0.26305539388910376,0.5341752174989732,-1.828152414231673e-14,,40.0,0.2033218703454102,0.2033218703454102,4.888174319002304,0.0,1.0,"{""1"": 40, ""2"": 24, ""3"": 2}",0.2033218703454102,0.2033154728234958,36.49932471147295,1e-05,True,40,development_isotonic_frozen
s1-i10,held_out,1,structural,p_saps_residualized,2,0.15,8ffcf12d369ee979,"[[0, 1, 3, 5, 9, 10], [2, 4, 6, 7, 8, 11]]",3.6206342089619206,-0.26553785632451515,0.5479760688267733,-1.7359615308798413e-14,,36.0,0.19577474556749197,0.19577474556749197,4.475374807026832,0.0,1.0,"{""2"": 24, ""1"": 36, ""3"": 6}",0.19577474556749197,0.19576844115328723,39.627766642046296,1e-05,True,80,development_isotonic_frozen
s1-i10,held_out,1,structural,p_saps_projection,2,0.15,6c67d31330517d63,"[[0, 1, 4, 9, 10, 11], [2, 3, 5, 6, 7, 8]]",3.6206342089619206,-0.2518015264099313,0.5679103836639354,-1.7095610925921344e-14,,15.0,0.22266549864618002,0.22266549864618002,2.624918702175434,0.125,0.0,"{""2"": 34, ""1"": 15, ""3"": 14, ""4"": 3}",0.22266549864618002,0.22266322078471043,49.171841300443766,1e-05,True,640,development_isotonic_frozen
s1-i10,held_out,1,structural,b_saps_budgeted,2,0.15,4af9e89f91dc49aa,"[[1, 2, 4, 5, 7, 8], [0, 3, 6, 9, 10, 11]]",3.6206342089619206,-0.26305539388910376,0.5341752174989732,-1.828152414231673e-14,,40.0,0.2033218703454102,0.2033218703454102,4.888174319002304,0.0,1.0,"{""1"": 40, ""2"": 24, ""3"": 2}",0.2033218703454102,0.2033154728234958,36.49932471147295,1e-05,True,40,development_isotonic_frozen
s1-i10,held_out,1,structural,random_balanced,3,0.01,21369378cccde428,"[[2, 4, 8, 11], [0, 5, 7, 10], [1, 3, 6, 9]]",0.06682109765387942,-0.45255133253305035,1.1966115553121044,-1.1386805821979285e-14,,45.0,0.16166864896671565,0.16166864896671565,0.06695636303374557,0.0,0.0,"{""1"": 45, ""2"": 20, ""3"": 1}",0.16166864896671565,0.16166733841018377,42.38309249847037,1e-05,True,40,development_isotonic_frozen
s1-i10,held_out,1,structural,confidence,3,0.01,a2668168faa31592,"[[2, 3, 4, 10], [6, 7, 8, 11], [0, 1, 5, 9]]",0.06682109765387942,-0.39300803271657614,1.256979036132881,-1.0079186243333442e-14,,42.0,0.1898571698279924,0.1898571698279924,0.06695636303374557,0.0,0.0,"{""2"": 20, ""3"": 4, ""1"": 42}",0.1898571698279924,0.18985454840631688,41.81788012235141,1e-05,True,40,development_isotonic_frozen
s1-i10,held_out,1,structural,entropy,3,0.01,ad484e34611bff03,"[[2, 3, 10, 11], [0, 4, 6, 8], [1, 5, 7, 9]]",0.06682109765387942,-0.39825453516584575,1.2749735319568634,-1.1464323509878394e-14,,50.0,0.21374085851994265,0.21374085851994265,0.06695636303374557,0.0,0.0,"{""1"": 50, ""2"": 16}",0.21374085851994265,0.21372204955245985,38.74119894277302,1e-05,True,40,development_isotonic_frozen
s1-i10,held_out,1,structural,dependency_cmi,3,0.01,14a435ae1e486da5,"[[0, 1, 10, 11], [2, 4, 7, 8], [3, 5, 6, 9]]",0.06682109765387942,-0.4773938608886911,1.1762334827328413,-9.290893948036463e-15,,50.0,0.21365068381825425,0.21365068381825425,0.06695636303374557,0.0,0.0,"{""2"": 15, ""1"": 50, ""3"": 1}",0.21365068381825425,0.2136458207546002,39.392021183553425,1e-05,True,40,development_isotonic_frozen
s1-i10,held_out,1,structural,min_within_batch_tc,3,0.01,7a13088c590fdece,"[[3, 4, 5, 6], [7, 8, 9, 10], [0, 1, 2, 11]]",0.06682109765387942,-0.4810921401898418,1.1262485712965054,-7.0448262947660566e-15,,28.0,0.18456374174773077,0.18456374174773077,0.06492738233575328,0.0,0.0,"{""2"": 25, ""3"": 11, ""1"": 28, ""4"": 2}",0.18456374174773077,0.18456147164557102,46.91860825745972,1e-05,True,40,development_isotonic_frozen
s1-i10,held_out,1,structural,dprm_myopic,3,0.01,343245ca1ea187d8,"[[3, 8, 10, 11], [0, 1, 2, 4], [5, 6, 7, 9]]",0.06682109765387942,-0.4269411868411712,1.2579115834371926,-7.618580818121531e-15,,33.0,0.12745607542268603,0.12745607542268603,0.06594187268474942,0.0,0.0,"{""2"": 23, ""3"": 9, ""4"": 1, ""1"": 33}",0.12745607542268603,0.1274508859023636,44.045456856591215,1e-05,True,40,development_isotonic_frozen
s1-i10,held_out,1,structural,dprm_rollout,3,0.01,805b2582d2c9742e,"[[3, 8, 10, 11], [0, 1, 4, 6], [2, 5, 7, 9]]",0.06682109765387942,-0.4369792026337689,1.2413592381870922,-9.477260903904226e-15,,40.0,0.12924821847753823,0.12924821847753823,0.06695636303374557,0.0,0.0,"{""2"": 24, ""1"": 40, ""3"": 2}",0.12924821847753823,0.12924682545939498,40.19862164713174,1e-05,True,40,development_isotonic_frozen
s1-i10,held_out,1,structural,subset_exact,3,0.01,f36f708fbc69cfe0,"[[0, 1, 2, 5], [3, 4, 6, 10], [7, 8, 9, 11]]",0.06682109765387942,-0.5052782900435239,1.1044342703590713,-7.566971562397595e-15,,36.0,0.18536575881630812,0.18536575881630812,0.06594187268474942,0.0,0.0,"{""2"": 21, ""3"": 8, ""1"": 36, ""4"": 1}",0.18536575881630812,0.18536370017313367,33.95043727844882,1e-05,True,40,development_isotonic_frozen
s1-i10,held_out,1,structural,subset_beam_8,3,0.01,f36f708fbc69cfe0,"[[0, 1, 2, 5], [3, 4, 6, 10], [7, 8, 9, 11]]",0.06682109765387942,-0.5052782900435239,1.1044342703590713,-7.566971562397595e-15,,36.0,0.18536575881630812,0.18536575881630812,0.06594187268474942,0.0,0.0,"{""2"": 21, ""3"": 8, ""1"": 36, ""4"": 1}",0.18536575881630812,0.18536370017313367,33.95043727844882,1e-05,True,40,development_isotonic_frozen
s1-i10,held_out,1,structural,subset_beam_32,3,0.01,f36f708fbc69cfe0,"[[0, 1, 2, 5], [3, 4, 6, 10], [7, 8, 9, 11]]",0.06682109765387942,-0.5052782900435239,1.1044342703590713,-7.566971562397595e-15,,36.0,0.18536575881630812,0.18536575881630812,0.06594187268474942,0.0,0.0,"{""2"": 21, ""3"": 8, ""1"": 36, ""4"": 1}",0.18536575881630812,0.18536370017313367,33.95043727844882,1e-05,True,40,development_isotonic_frozen
s1-i10,held_out,1,structural,saps_diagonal,3,0.01,24aa2701ca617012,"[[0, 2, 4, 8], [1, 5, 7, 10], [3, 6, 9, 11]]",0.06682109765387942,-0.48276828753261575,1.1423553541629292,-1.0450713540935324e-14,,56.0,0.18787454851046148,0.18787454851046148,0.06695636303374557,0.0,0.0,"{""1"": 56, ""2"": 10}",0.18787454851046148,0.18787179244211943,34.79421886314029,1e-05,True,40,development_isotonic_frozen
s1-i10,held_out,1,structural,p_saps_residualized,3,0.01,5c215f4e8fdc60d6,"[[1, 4, 8, 10], [0, 3, 5, 9], [2, 6, 7, 11]]",0.06682109765387942,-0.4867063372003604,1.1519378777368483,-1.1635536801480205e-14,,45.0,0.1796723351549109,0.1796723351549109,0.06695636303374557,0.0,0.0,"{""1"": 45, ""2"": 19, ""3"": 2}",0.1796723351549109,0.1796696817197574,40.646858176760915,1e-05,True,80,development_isotonic_frozen
s1-i10,held_out,1,structural,p_saps_projection,3,0.01,6dfb93bbf481c0b4,"[[0, 2, 3, 4], [1, 5, 8, 10], [6, 7, 9, 11]]",0.06682109765387942,-0.46307384807514285,1.1752085693108125,-1.0545862679723607e-14,,44.0,0.23116020671029366,0.23116020671029366,0.06695636303374557,0.0,0.0,"{""1"": 44, ""2"": 20, ""3"": 2}",0.23116020671029366,0.23115293242988294,38.474398871595824,1e-05,True,640,development_isotonic_frozen
s1-i10,held_out,1,structural,b_saps_budgeted,3,0.01,21369378cccde428,"[[2, 4, 8, 11], [0, 5, 7, 10], [1, 3, 6, 9]]",0.06682109765387942,-0.45255133253305035,1.1966115553121044,-1.1386805821979285e-14,,45.0,0.16166864896671565,0.16166864896671565,0.06695636303374557,0.0,0.0,"{""1"": 45, ""2"": 20, ""3"": 1}",0.16166864896671565,0.16166733841018377,42.38309249847037,1e-05,True,40,development_isotonic_frozen
s1-i10,held_out,1,structural,random_balanced,3,0.05,21369378cccde428,"[[2, 4, 8, 11], [0, 5, 7, 10], [1, 3, 6, 9]]",0.3009113192617689,-0.45255133253305035,1.1966115553121044,-1.1386805821979285e-14,,45.0,0.16166864896671565,0.16166864896671565,0.30117681080255837,0.0,0.0,"{""1"": 45, ""2"": 20, ""3"": 1}",0.16166864896671565,0.16166733841018377,42.38309249847037,1e-05,True,40,development_isotonic_frozen
s1-i10,held_out,1,structural,confidence,3,0.05,a2668168faa31592,"[[2, 3, 4, 10], [6, 7, 8, 11], [0, 1, 5, 9]]",0.3009113192617689,-0.39300803271657614,1.256979036132881,-1.0079186243333442e-14,,42.0,0.1898571698279924,0.1898571698279924,0.30117681080255837,0.0,0.0,"{""2"": 20, ""3"": 4, ""1"": 42}",0.1898571698279924,0.18985454840631688,41.81788012235141,1e-05,True,40,development_isotonic_frozen
s1-i10,held_out,1,structural,entropy,3,0.05,ad484e34611bff03,"[[2, 3, 10, 11], [0, 4, 6, 8], [1, 5, 7, 9]]",0.3009113192617689,-0.39825453516584575,1.2749735319568634,-1.1464323509878394e-14,,50.0,0.21374085851994265,0.21374085851994265,0.30117681080255837,0.0,0.0,"{""1"": 50, ""2"": 16}",0.21374085851994265,0.21372204955245985,38.74119894277302,1e-05,True,40,development_isotonic_frozen
s1-i10,held_out,1,structural,dependency_cmi,3,0.05,14a435ae1e486da5,"[[0, 1, 10, 11], [2, 4, 7, 8], [3, 5, 6, 9]]",0.3009113192617689,-0.4773938608886911,1.1762334827328413,-9.290893948036463e-15,,50.0,0.21365068381825425,0.21365068381825425,0.30117681080255837,0.0,0.0,"{""2"": 15, ""1"": 50, ""3"": 1}",0.21365068381825425,0.2136458207546002,39.392021183553425,1e-05,True,40,development_isotonic_frozen
s1-i10,held_out,1,structural,min_within_batch_tc,3,0.05,7a13088c590fdece,"[[3, 4, 5, 6], [7, 8, 9, 10], [0, 1, 2, 11]]",0.3009113192617689,-0.4810921401898418,1.1262485712965054,-7.0448262947660566e-15,,28.0,0.18456374174773077,0.18456374174773077,0.29719443769071613,0.0,0.0,"{""2"": 25, ""3"": 11, ""1"": 28, ""4"": 2}",0.18456374174773077,0.18456147164557102,46.91860825745972,1e-05,True,40,development_isotonic_frozen
s1-i10,held_out,1,structural,dprm_myopic,3,0.05,343245ca1ea187d8,"[[3, 8, 10, 11], [0, 1, 2, 4], [5, 6, 7, 9]]",0.3009113192617689,-0.4269411868411712,1.2579115834371926,-7.618580818121531e-15,,33.0,0.12745607542268603,0.12745607542268603,0.29918562424663725,0.0,0.0,"{""2"": 23, ""3"": 9, ""4"": 1, ""1"": 33}",0.12745607542268603,0.1274508859023636,44.045456856591215,1e-05,True,40,development_isotonic_frozen
s1-i10,held_out,1,structural,dprm_rollout,3,0.05,bc72426a974e713c,"[[0, 1, 3, 11], [4, 5, 8, 10], [2, 6, 7, 9]]",0.3009113192617689,-0.5057360734144922,1.154613572850482,-9.75599277768769e-15,,43.0,0.1593595581939075,0.1593595581939075,0.30117681080255837,0.0,0.0,"{""2"": 21, ""1"": 43, ""3"": 2}",0.1593595581939075,0.1593571871831097,40.12492811656258,1e-05,True,40,development_isotonic_frozen
s1-i10,held_out,1,structural,subset_exact,3,0.05,b85f9b0485c1472e,"[[0, 1, 2, 3], [4, 6, 7, 10], [5, 8, 9, 11]]",0.3009113192617689,-0.4804558725825516,1.1395109861927697,-7.77583459689746e-15,,39.0,0.22151103102755776,0.22151103102755776,0.29918562424663725,0.0,0.0,"{""2"": 22, ""3"": 4, ""4"": 1, ""1"": 39}",0.22151103102755776,0.22149366791838893,31.44978000530439,1e-05,True,40,development_isotonic_frozen
s1-i10,held_out,1,structural,subset_beam_8,3,0.05,b85f9b0485c1472e,"[[0, 1, 2, 3], [4, 6, 7, 10], [5, 8, 9, 11]]",0.3009113192617689,-0.4804558725825516,1.1395109861927697,-7.77583459689746e-15,,39.0,0.22151103102755776,0.22151103102755776,0.29918562424663725,0.0,0.0,"{""2"": 22, ""3"": 4, ""4"": 1, ""1"": 39}",0.22151103102755776,0.22149366791838893,31.44978000530439,1e-05,True,40,development_isotonic_frozen
s1-i10,held_out,1,structural,subset_beam_32,3,0.05,b85f9b0485c1472e,"[[0, 1, 2, 3], [4, 6, 7, 10], [5, 8, 9, 11]]",0.3009113192617689,-0.4804558725825516,1.1395109861927697,-7.77583459689746e-15,,39.0,0.22151103102755776,0.22151103102755776,0.29918562424663725,0.0,0.0,"{""2"": 22, ""3"": 4, ""4"": 1, ""1"": 39}",0.22151103102755776,0.22149366791838893,31.44978000530439,1e-05,True,40,development_isotonic_frozen
s1-i10,held_out,1,structural,saps_diagonal,3,0.05,24aa2701ca617012,"[[0, 2, 4, 8], [1, 5, 7, 10], [3, 6, 9, 11]]",0.3009113192617689,-0.48276828753261575,1.1423553541629292,-1.0450713540935324e-14,,56.0,0.18787454851046148,0.18787454851046148,0.30117681080255837,0.0,0.0,"{""1"": 56, ""2"": 10}",0.18787454851046148,0.18787179244211943,34.79421886314029,1e-05,True,40,development_isotonic_frozen
s1-i10,held_out,1,structural,p_saps_residualized,3,0.05,5c215f4e8fdc60d6,"[[1, 4, 8, 10], [0, 3, 5, 9], [2, 6, 7, 11]]",0.3009113192617689,-0.4867063372003604,1.1519378777368483,-1.1635536801480205e-14,,45.0,0.1796723351549109,0.1796723351549109,0.30117681080255837,0.0,0.0,"{""1"": 45, ""2"": 19, ""3"": 2}",0.1796723351549109,0.1796696817197574,40.646858176760915,1e-05,True,80,development_isotonic_frozen
s1-i10,held_out,1,structural,p_saps_projection,3,0.05,6dfb93bbf481c0b4,"[[0, 2, 3, 4], [1, 5, 8, 10], [6, 7, 9, 11]]",0.3009113192617689,-0.46307384807514285,1.1752085693108125,-1.0545862679723607e-14,,44.0,0.23116020671029366,0.23116020671029366,0.30117681080255837,0.0,0.0,"{""1"": 44, ""2"": 20, ""3"": 2}",0.23116020671029366,0.23115293242988294,38.474398871595824,1e-05,True,640,development_isotonic_frozen
s1-i10,held_out,1,structural,b_saps_budgeted,3,0.05,21369378cccde428,"[[2, 4, 8, 11], [0, 5, 7, 10], [1, 3, 6, 9]]",0.3009113192617689,-0.45255133253305035,1.1966115553121044,-1.1386805821979285e-14,,45.0,0.16166864896671565,0.16166864896671565,0.30117681080255837,0.0,0.0,"{""1"": 45, ""2"": 20, ""3"": 1}",0.16166864896671565,0.16166733841018377,42.38309249847037,1e-05,True,40,development_isotonic_frozen
s1-i10,held_out,1,structural,random_balanced,3,0.15,21369378cccde428,"[[2, 4, 8, 11], [0, 5, 7, 10], [1, 3, 6, 9]]",4.8512619669004335,-0.45255133253305035,1.1966115553121044,-1.1386805821979285e-14,,45.0,0.16166864896671565,0.16166864896671565,5.277477175763712,0.0,1.0,"{""1"": 45, ""2"": 20, ""3"": 1}",0.16166864896671565,0.16166733841018377,42.38309249847037,1e-05,True,40,development_isotonic_frozen
s1-i10,held_out,1,structural,confidence,3,0.15,a2668168faa31592,"[[2, 3, 4, 10], [6, 7, 8, 11], [0, 1, 5, 9]]",4.8512619669004335,-0.39300803271657614,1.256979036132881,-1.0079186243333442e-14,,42.0,0.1898571698279924,0.1898571698279924,4.967877541782109,0.125,1.0,"{""2"": 20, ""3"": 4, ""1"": 42}",0.1898571698279924,0.18985454840631688,41.81788012235141,1e-05,True,40,development_isotonic_frozen
s1-i10,held_out,1,structural,entropy,3,0.15,ad484e34611bff03,"[[2, 3, 10, 11], [0, 4, 6, 8], [1, 5, 7, 9]]",4.8512619669004335,-0.39825453516584575,1.2749735319568634,-1.1464323509878394e-14,,50.0,0.21374085851994265,0.21374085851994265,5.6667800325251205,0.125,1.0,"{""1"": 50, ""2"": 16}",0.21374085851994265,0.21372204955245985,38.74119894277302,1e-05,True,40,development_isotonic_frozen
s1-i10,held_out,1,structural,dependency_cmi,3,0.15,14a435ae1e486da5,"[[0, 1, 10, 11], [2, 4, 7, 8], [3, 5, 6, 9]]",4.8512619669004335,-0.4773938608886911,1.1762334827328413,-9.290893948036463e-15,,50.0,0.21365068381825425,0.21365068381825425,5.635105899223138,0.0,1.0,"{""2"": 15, ""1"": 50, ""3"": 1}",0.21365068381825425,0.2136458207546002,39.392021183553425,1e-05,True,40,development_isotonic_frozen
s1-i10,held_out,1,structural,min_within_batch_tc,3,0.15,7a13088c590fdece,"[[3, 4, 5, 6], [7, 8, 9, 10], [0, 1, 2, 11]]",4.8512619669004335,-0.4810921401898418,1.1262485712965054,-7.0448262947660566e-15,,28.0,0.18456374174773077,0.18456374174773077,3.6814499163778716,0.125,1.0,"{""2"": 25, ""3"": 11, ""1"": 28, ""4"": 2}",0.18456374174773077,0.18456147164557102,46.91860825745972,1e-05,True,40,development_isotonic_frozen
s1-i10,held_out,1,structural,dprm_myopic,3,0.15,343245ca1ea187d8,"[[3, 8, 10, 11], [0, 1, 2, 4], [5, 6, 7, 9]]",4.8512619669004335,-0.4269411868411712,1.2579115834371926,-7.618580818121531e-15,,33.0,0.12745607542268603,0.12745607542268603,4.134101039743245,0.0,1.0,"{""2"": 23, ""3"": 9, ""4"": 1, ""1"": 33}",0.12745607542268603,0.1274508859023636,44.045456856591215,1e-05,True,40,development_isotonic_frozen
s1-i10,held_out,1,structural,dprm_rollout,3,0.15,f7fef243d939bc26,"[[0, 1, 3, 4], [5, 8, 9, 10], [2, 6, 7, 11]]",4.8512619669004335,-0.5168088087946837,1.113074908232204,-9.831619667645098e-15,,42.0,0.19137650090002256,0.19137650090002256,4.936203408480125,0.0,1.0,"{""2"": 19, ""1"": 42, ""3"": 5}",0.19137650090002256,0.19137275486441807,39.509604306798046,1e-05,True,40,development_isotonic_frozen
s1-i10,held_out,1,structural,subset_exact,3,0.15,6403104473bacff0,"[[0, 1, 2, 4], [3, 6, 7, 10], [5, 8, 9, 11]]",4.8512619669004335,-0.481718689113744,1.1282596737827368,-7.711782788239924e-15,,41.0,0.18319184285558404,0.18319184285558404,4.896351797090223,0.0,1.0,"{""2"": 21, ""3"": 3, ""1"": 41, ""4"": 1}",0.18319184285558404,0.18318916711413114,35.52253481829818,1e-05,True,40,development_isotonic_frozen
s1-i10,held_out,1,structural,subset_beam_8,3,0.15,6403104473bacff0,"[[0, 1, 2, 4], [3, 6, 7, 10], [5, 8, 9, 11]]",4.8512619669004335,-0.481718689113744,1.1282596737827368,-7.711782788239924e-15,,41.0,0.18319184285558404,0.18319184285558404,4.896351797090223,0.0,1.0,"{""2"": 21, ""3"": 3, ""1"": 41, ""4"": 1}",0.18319184285558404,0.18318916711413114,35.52253481829818,1e-05,True,40,development_isotonic_frozen
s1-i10,held_out,1,structural,subset_beam_32,3,0.15,6403104473bacff0,"[[0, 1, 2, 4], [3, 6, 7, 10], [5, 8, 9, 11]]",4.8512619669004335,-0.481718689113744,1.1282596737827368,-7.711782788239924e-15,,41.0,0.18319184285558404,0.18319184285558404,4.896351797090223,0.0,1.0,"{""2"": 21, ""3"": 3, ""1"": 41, ""4"": 1}",0.18319184285558404,0.18318916711413114,35.52253481829818,1e-05,True,40,development_isotonic_frozen
s1-i10,held_out,1,structural,saps_diagonal,3,0.15,24aa2701ca617012,"[[0, 2, 4, 8], [1, 5, 7, 10], [3, 6, 9, 11]]",4.8512619669004335,-0.48276828753261575,1.1423553541629292,-1.0450713540935324e-14,,56.0,0.18787454851046148,0.18787454851046148,6.095934500676432,0.0,1.0,"{""1"": 56, ""2"": 10}",0.18787454851046148,0.18787179244211943,34.79421886314029,1e-05,True,40,development_isotonic_frozen
s1-i10,held_out,1,structural,p_saps_residualized,3,0.15,5c215f4e8fdc60d6,"[[1, 4, 8, 10], [0, 3, 5, 9], [2, 6, 7, 11]]",4.8512619669004335,-0.4867063372003604,1.1519378777368483,-1.1635536801480205e-14,,45.0,0.1796723351549109,0.1796723351549109,5.24580304246173,0.0,1.0,"{""1"": 45, ""2"": 19, ""3"": 2}",0.1796723351549109,0.1796696817197574,40.646858176760915,1e-05,True,80,development_isotonic_frozen
s1-i10,held_out,1,structural,p_saps_projection,3,0.15,6dfb93bbf481c0b4,"[[0, 2, 3, 4], [1, 5, 8, 10], [6, 7, 9, 11]]",4.8512619669004335,-0.46307384807514285,1.1752085693108125,-1.0545862679723607e-14,,44.0,0.23116020671029366,0.23116020671029366,5.174277297769844,0.0,1.0,"{""1"": 44, ""2"": 20, ""3"": 2}",0.23116020671029366,0.23115293242988294,38.474398871595824,1e-05,True,640,development_isotonic_frozen
s1-i10,held_out,1,structural,b_saps_budgeted,3,0.15,24aa2701ca617012,"[[0, 2, 4, 8], [1, 5, 7, 10], [3, 6, 9, 11]]",4.8512619669004335,-0.48276828753261575,1.1423553541629292,-1.0450713540935324e-14,,56.0,0.18787454851046148,0.18787454851046148,6.095934500676432,0.0,1.0,"{""1"": 56, ""2"": 10}",0.18787454851046148,0.18787179244211943,34.79421886314029,1e-05,True,40,development_isotonic_frozen
s1-i10,held_out,1,structural,random_balanced,4,0.01,1e3ffe3ae92e21d1,"[[2, 4, 8], [0, 5, 11], [1, 7, 10], [3, 6, 9]]",0.06695636303374557,-0.717186310795238,1.738477629121973,-7.555935503635403e-15,,57.0,0.12619929839723806,0.12619929839723806,0.06695636303374557,0.0,0.0,"{""1"": 57, ""2"": 8, ""3"": 1}",0.12619929839723806,0.12619852788247998,37.897065210295615,1e-05,True,40,development_isotonic_frozen
s1-i10,held_out,1,structural,confidence,4,0.01,3a2ec4badb4e1f17,"[[2, 3, 10], [4, 6, 8], [0, 7, 11], [1, 5, 9]]",0.06695636303374557,-0.5995791578731311,1.879006390239004,-7.566652061500735e-15,,61.0,0.18979043255737899,0.18979043255737899,0.06695636303374557,0.0,0.0,"{""1"": 61, ""2"": 5}",0.18979043255737899,0.18978390495292422,40.70402673324488,1e-05,True,40,development_isotonic_frozen
s1-i10,held_out,1,structural,entropy,4,0.01,d42df42e20c74563,"[[3, 10, 11], [2, 4, 8], [0, 6, 7], [1, 5, 9]]",0.06695636303374557,-0.6100046887551739,1.8983649454181195,-7.562834417125698e-15,,57.0,0.17491546614876324,0.17491546614876324,0.06695636303374557,0.0,0.0,"{""1"": 57, ""2"": 9}",0.17491546614876324,0.17491069046437788,41.56671679854352,1e-05,True,40,development_isotonic_frozen
s1-i10,held_out,1,structural,dependency_cmi,4,0.01,c4c8fd04005e1dd6,"[[0, 1, 11], [2, 4, 7], [3, 5, 6], [8, 9, 10]]",0.06695636303374557,-0.7937049806180546,1.634330993357714,-5.45890518619658e-15,,46.0,0.15864991722929972,0.15864991722929972,0.06695636303374557,0.0,0.0,"{""2"": 16, ""1"": 46, ""3"": 4}",0.15864991722929972,0.15864563947089713,37.269871127625045,1e-05,True,40,development_isotonic_frozen
s1-i10,held_out,1,structural,min_within_batch_tc,4,0.01,54f38c99801c750f,"[[3, 4, 5], [7, 8, 9], [6, 10, 11], [0, 1, 2]]",0.06695636303374557,-0.7458512232214641,1.6831998376687818,-4.0053794419731026e-15,,37.0,0.2232365115465663,0.2232365115465663,0.06695636303374557,0.0,0.0,"{""2"": 22, ""3"": 7, ""1"": 37}",0.2232365115465663,0.22323355185160992,49.135525093976554,1e-05,True,40,development_isotonic_frozen
s1-i10,held_out,1,structural,dprm_myopic,4,0.01,6d9260d73c8ac59d,"[[3, 8, 10], [1, 5, 11], [0, 2, 9], [4, 6, 7]]",0.06695636303374557,-0.6991892734813653,1.8028413619802466,-6.6198999388192584e-15,,49.0,0.09743993695205116,0.09743993695205116,0.06695636303374557,0.0,0.0,"{""1"": 49, ""2"": 16, ""3"": 1}",0.09743993695205116,0.09743784168317082,31.99553049184251,1e-05,True,40,development_isotonic_frozen
s1-i10,held_out,1,structural,dprm_rollout,4,0.01,6d9260d73c8ac59d,"[[3, 8, 10], [1, 5, 11], [0, 2, 9], [4, 6, 7]]",0.06695636303374557,-0.6991892734813653,1.8028413619802466,-6.6198999388192584e-15,,49.0,0.09743993695205116,0.09743993695205116,0.06695636303374557,0.0,0.0,"{""1"": 49, ""2"": 16, ""3"": 1}",0.09743993695205116,0.09743784168317082,31.99553049184251,1e-05,True,40,development_isotonic_frozen
s1-i10,held_out,1,structural,subset_exact,4,0.01,199b92c9a582fed1,"[[0, 5, 6], [2, 3, 10], [4, 7, 8], [1, 9, 11]]",0.06695636303374557,-0.7099286662993638,1.7178911322151267,-7.5349343817326e-15,,54.0,0.1415308314670202,0.1415308314670202,0.06695636303374557,0.0,0.0,"{""1"": 54, ""2"": 12}",0.1415308314670202,0.14152731405074398,42.35282954186428,1e-05,True,40,development_isotonic_frozen
s1-i10,held_out,1,structural,subset_beam_8,4,0.01,199b92c9a582fed1,"[[0, 5, 6], [2, 3, 10], [4, 7, 8], [1, 9, 11]]",0.06695636303374557,-0.7099286662993638,1.7178911322151267,-7.5349343817326e-15,,54.0,0.1415308314670202,0.1415308314670202,0.06695636303374557,0.0,0.0,"{""1"": 54, ""2"": 12}",0.1415308314670202,0.14152731405074398,42.35282954186428,1e-05,True,40,development_isotonic_frozen
s1-i10,held_out,1,structural,subset_beam_32,4,0.01,199b92c9a582fed1,"[[0, 5, 6], [2, 3, 10], [4, 7, 8], [1, 9, 11]]",0.06695636303374557,-0.7099286662993638,1.7178911322151267,-7.5349343817326e-15,,54.0,0.1415308314670202,0.1415308314670202,0.06695636303374557,0.0,0.0,"{""1"": 54, ""2"": 12}",0.1415308314670202,0.14152731405074398,42.35282954186428,1e-05,True,40,development_isotonic_frozen
s1-i10,held_out,1,structural,saps_diagonal,4,0.01,196e2d13a6173612,"[[2, 4, 8], [0, 5, 9], [1, 7, 11], [3, 6, 10]]",0.06695636303374557,-0.7697419897034102,1.654032633960389,-7.87864005371586e-15,,63.0,0.18664662807929527,0.18664662807929527,0.06695636303374557,0.0,0.0,"{""1"": 63, ""2"": 3}",0.18664662807929527,0.18664414858872702,33.73748925458241,1e-05,True,40,development_isotonic_frozen
s1-i10,held_out,1,structural,p_saps_residualized,4,0.01,24f67fa595ab324a,"[[4, 6, 7], [1, 3, 9], [2, 5, 11], [0, 8, 10]]",0.06695636303374557,-0.7809501593114287,1.5951138811515044,-7.64588415488723e-15,,48.0,0.20607635875847197,0.20607635875847197,0.06695636303374557,0.0,0.0,"{""1"": 48, ""2"": 15, ""3"": 3}",0.20607635875847197,0.2060669728730679,33.85728313264546,1e-05,True,80,development_isotonic_frozen
s1-i10,held_out,1,structural,p_saps_projection,4,0.01,54f38c99801c750f,"[[3, 4, 5], [7, 8, 9], [6, 10, 11], [0, 1, 2]]",0.06695636303374557,-0.7458512232214641,1.6831998376687818,-4.0053794419731026e-15,,37.0,0.2232365115465663,0.2232365115465663,0.06695636303374557,0.0,0.0,"{""2"": 22, ""3"": 7, ""1"": 37}",0.2232365115465663,0.22323355185160992,49.135525093976554,1e-05,True,640,development_isotonic_frozen
s1-i10,held_out,1,structural,b_saps_budgeted,4,0.01,1e3ffe3ae92e21d1,"[[2, 4, 8], [0, 5, 11], [1, 7, 10], [3, 6, 9]]",0.06695636303374557,-0.717186310795238,1.738477629121973,-7.555935503635403e-15,,57.0,0.12619929839723806,0.12619929839723806,0.06695636303374557,0.0,0.0,"{""1"": 57, ""2"": 8, ""3"": 1}",0.12619929839723806,0.12619852788247998,37.897065210295615,1e-05,True,40,development_isotonic_frozen
s1-i10,held_out,1,structural,random_balanced,4,0.05,1e3ffe3ae92e21d1,"[[2, 4, 8], [0, 5, 11], [1, 7, 10], [3, 6, 9]]",0.30117681080255837,-0.717186310795238,1.738477629121973,-7.555935503635403e-15,,57.0,0.12619929839723806,0.12619929839723806,0.30117681080255837,0.0,0.0,"{""1"": 57, ""2"": 8, ""3"": 1}",0.12619929839723806,0.12619852788247998,37.897065210295615,1e-05,True,40,development_isotonic_frozen
s1-i10,held_out,1,structural,confidence,4,0.05,3a2ec4badb4e1f17,"[[2, 3, 10], [4, 6, 8], [0, 7, 11], [1, 5, 9]]",0.30117681080255837,-0.5995791578731311,1.879006390239004,-7.566652061500735e-15,,61.0,0.18979043255737899,0.18979043255737899,0.30117681080255837,0.0,0.0,"{""1"": 61, ""2"": 5}",0.18979043255737899,0.18978390495292422,40.70402673324488,1e-05,True,40,development_isotonic_frozen
s1-i10,held_out,1,structural,entropy,4,0.05,d42df42e20c74563,"[[3, 10, 11], [2, 4, 8], [0, 6, 7], [1, 5, 9]]",0.30117681080255837,-0.6100046887551739,1.8983649454181195,-7.562834417125698e-15,,57.0,0.17491546614876324,0.17491546614876324,0.30117681080255837,0.0,0.0,"{""1"": 57, ""2"": 9}",0.17491546614876324,0.17491069046437788,41.56671679854352,1e-05,True,40,development_isotonic_frozen
s1-i10,held_out,1,structural,dependency_cmi,4,0.05,c4c8fd04005e1dd6,"[[0, 1, 11], [2, 4, 7], [3, 5, 6], [8, 9, 10]]",0.30117681080255837,-0.7937049806180546,1.634330993357714,-5.45890518619658e-15,,46.0,0.15864991722929972,0.15864991722929972,0.30117681080255837,0.0,0.0,"{""2"": 16, ""1"": 46, ""3"": 4}",0.15864991722929972,0.15864563947089713,37.269871127625045,1e-05,True,40,development_isotonic_frozen
s1-i10,held_out,1,structural,min_within_batch_tc,4,0.05,54f38c99801c750f,"[[3, 4, 5], [7, 8, 9], [6, 10, 11], [0, 1, 2]]",0.30117681080255837,-0.7458512232214641,1.6831998376687818,-4.0053794419731026e-15,,37.0,0.2232365115465663,0.2232365115465663,0.30117681080255837,0.0,0.0,"{""2"": 22, ""3"": 7, ""1"": 37}",0.2232365115465663,0.22323355185160992,49.135525093976554,1e-05,True,40,development_isotonic_frozen
s1-i10,held_out,1,structural,dprm_myopic,4,0.05,6d9260d73c8ac59d,"[[3, 8, 10], [1, 5, 11], [0, 2, 9], [4, 6, 7]]",0.30117681080255837,-0.6991892734813653,1.8028413619802466,-6.6198999388192584e-15,,49.0,0.09743993695205116,0.09743993695205116,0.30117681080255837,0.0,0.0,"{""1"": 49, ""2"": 16, ""3"": 1}",0.09743993695205116,0.09743784168317082,31.99553049184251,1e-05,True,40,development_isotonic_frozen
s1-i10,held_out,1,structural,dprm_rollout,4,0.05,96a3d57b1049f628,"[[3, 4, 10], [1, 7, 11], [0, 5, 8], [2, 6, 9]]",0.30117681080255837,-0.6894339923543732,1.7847010932353113,-7.918788645265507e-15,,55.0,0.1622339776629441,0.1622339776629441,0.30117681080255837,0.0,0.0,"{""1"": 55, ""2"": 11}",0.1622339776629441,0.16223009345169964,42.04868032538926,1e-05,True,40,development_isotonic_frozen
s1-i10,held_out,1,structural,subset_exact,4,0.05,8d43420193a8a34e,"[[0, 1, 2], [3, 4, 10], [6, 7, 8], [5, 9, 11]]",0.30117681080255837,-0.7070153324035449,1.734537632201035,-3.914119677732238e-15,,44.0,0.18888244556027456,0.18888244556027456,0.30117681080255837,0.0,0.0,"{""2"": 19, ""3"": 3, ""1"": 44}",0.18888244556027456,0.18887207739130718,32.50557833616009,1e-05,True,40,development_isotonic_frozen
s1-i10,held_out,1,structural,subset_beam_8,4,0.05,8d43420193a8a34e,"[[0, 1, 2], [3, 4, 10], [6, 7, 8], [5, 9, 11]]",0.30117681080255837,-0.7070153324035449,1.734537632201035,-3.914119677732238e-15,,44.0,0.18888244556027456,0.18888244556027456,0.30117681080255837,0.0,0.0,"{""2"": 19, ""3"": 3, ""1"": 44}",0.18888244556027456,0.18887207739130718,32.50557833616009,1e-05,True,40,development_isotonic_frozen
s1-i10,held_out,1,structural,subset_beam_32,4,0.05,8d43420193a8a34e,"[[0, 1, 2], [3, 4, 10], [6, 7, 8], [5, 9, 11]]",0.30117681080255837,-0.7070153324035449,1.734537632201035,-3.914119677732238e-15,,44.0,0.18888244556027456,0.18888244556027456,0.30117681080255837,0.0,0.0,"{""2"": 19, ""3"": 3, ""1"": 44}",0.18888244556027456,0.18887207739130718,32.50557833616009,1e-05,True,40,development_isotonic_frozen
s1-i10,held_out,1,structural,saps_diagonal,4,0.05,196e2d13a6173612,"[[2, 4, 8], [0, 5, 9], [1, 7, 11], [3, 6, 10]]",0.30117681080255837,-0.7697419897034102,1.654032633960389,-7.87864005371586e-15,,63.0,0.18664662807929527,0.18664662807929527,0.30117681080255837,0.0,0.0,"{""1"": 63, ""2"": 3}",0.18664662807929527,0.18664414858872702,33.73748925458241,1e-05,True,40,development_isotonic_frozen
s1-i10,held_out,1,structural,p_saps_residualized,4,0.05,24f67fa595ab324a,"[[4, 6, 7], [1, 3, 9], [2, 5, 11], [0, 8, 10]]",0.30117681080255837,-0.7809501593114287,1.5951138811515044,-7.64588415488723e-15,,48.0,0.20607635875847197,0.20607635875847197,0.30117681080255837,0.0,0.0,"{""1"": 48, ""2"": 15, ""3"": 3}",0.20607635875847197,0.2060669728730679,33.85728313264546,1e-05,True,80,development_isotonic_frozen
s1-i10,held_out,1,structural,p_saps_projection,4,0.05,54f38c99801c750f,"[[3, 4, 5], [7, 8, 9], [6, 10, 11], [0, 1, 2]]",0.30117681080255837,-0.7458512232214641,1.6831998376687818,-4.0053794419731026e-15,,37.0,0.2232365115465663,0.2232365115465663,0.30117681080255837,0.0,0.0,"{""2"": 22, ""3"": 7, ""1"": 37}",0.2232365115465663,0.22323355185160992,49.135525093976554,1e-05,True,640,development_isotonic_frozen
s1-i10,held_out,1,structural,b_saps_budgeted,4,0.05,1e3ffe3ae92e21d1,"[[2, 4, 8], [0, 5, 11], [1, 7, 10], [3, 6, 9]]",0.30117681080255837,-0.717186310795238,1.738477629121973,-7.555935503635403e-15,,57.0,0.12619929839723806,0.12619929839723806,0.30117681080255837,0.0,0.0,"{""1"": 57, ""2"": 8, ""3"": 1}",0.12619929839723806,0.12619852788247998,37.897065210295615,1e-05,True,40,development_isotonic_frozen
s1-i10,held_out,1,structural,random_balanced,4,0.15,1e3ffe3ae92e21d1,"[[2, 4, 8], [0, 5, 11], [1, 7, 10], [3, 6, 9]]",5.493596732400703,-0.717186310795238,1.738477629121973,-7.555935503635403e-15,,57.0,0.12619929839723806,0.12619929839723806,6.1357861120663335,0.125,1.0,"{""1"": 57, ""2"": 8, ""3"": 1}",0.12619929839723806,0.12619852788247998,37.897065210295615,1e-05,True,40,development_isotonic_frozen
s1-i10,held_out,1,structural,confidence,4,0.15,3a2ec4badb4e1f17,"[[2, 3, 10], [4, 6, 8], [0, 7, 11], [1, 5, 9]]",5.493596732400703,-0.5995791578731311,1.879006390239004,-7.566652061500735e-15,,61.0,0.18979043255737899,0.18979043255737899,6.4535632241358565,0.0,1.0,"{""1"": 61, ""2"": 5}",0.18979043255737899,0.18978390495292422,40.70402673324488,1e-05,True,40,development_isotonic_frozen
s1-i10,held_out,1,structural,entropy,4,0.15,d42df42e20c74563,"[[3, 10, 11], [2, 4, 8], [0, 6, 7], [1, 5, 9]]",5.493596732400703,-0.6100046887551739,1.8983649454181195,-7.562834417125698e-15,,57.0,0.17491546614876324,0.17491546614876324,6.167460245368316,0.0,1.0,"{""1"": 57, ""2"": 9}",0.17491546614876324,0.17491069046437788,41.56671679854352,1e-05,True,40,development_isotonic_frozen
s1-i10,held_out,1,structural,dependency_cmi,4,0.15,c4c8fd04005e1dd6,"[[0, 1, 11], [2, 4, 7], [3, 5, 6], [8, 9, 10]]",5.493596732400703,-0.7937049806180546,1.634330993357714,-5.45890518619658e-15,,46.0,0.15864991722929972,0.15864991722929972,5.253980520549649,0.0,1.0,"{""2"": 16, ""1"": 46, ""3"": 4}",0.15864991722929972,0.15864563947089713,37.269871127625045,1e-05,True,40,development_isotonic_frozen
s1-i10,held_out,1,structural,min_within_batch_tc,4,0.15,54f38c99801c750f,"[[3, 4, 5], [7, 8, 9], [6, 10, 11], [0, 1, 2]]",5.493596732400703,-0.7458512232214641,1.6831998376687818,-4.0053794419731026e-15,,37.0,0.2232365115465663,0.2232365115465663,4.515226418416734,0.0,1.0,"{""2"": 22, ""3"": 7, ""1"": 37}",0.2232365115465663,0.22323355185160992,49.135525093976554,1e-05,True,40,development_isotonic_frozen
s1-i10,held_out,1,structural,dprm_myopic,4,0.15,6d9260d73c8ac59d,"[[3, 8, 10], [1, 5, 11], [0, 2, 9], [4, 6, 7]]",5.493596732400703,-0.6991892734813653,1.8028413619802466,-6.6198999388192584e-15,,49.0,0.09743993695205116,0.09743993695205116,5.563580154531253,0.0,1.0,"{""1"": 49, ""2"": 16, ""3"": 1}",0.09743993695205116,0.09743784168317082,31.99553049184251,1e-05,True,40,development_isotonic_frozen
s1-i10,held_out,1,structural,dprm_rollout,4,0.15,b8f70e0d6a359041,"[[0, 3, 4], [1, 2, 7], [5, 6, 8], [9, 10, 11]]",5.493596732400703,-0.7613761929433492,1.6569118877445985,-6.603974951710263e-15,,41.0,0.1750128344381035,0.1750128344381035,4.928025930392206,0.0,1.0,"{""1"": 41, ""2"": 22, ""3"": 3}",0.1750128344381035,0.17500739188119016,36.012011029748905,1e-05,True,40,development_isotonic_frozen
s1-i10,held_out,1,structural,subset_exact,4,0.15,630eb68c6cebc538,"[[0, 1, 3], [2, 4, 10], [6, 7, 8], [5, 9, 11]]",5.493596732400703,-0.7123173711334873,1.7368884100624886,-6.108539064234959e-15,,46.0,0.21358774256286306,0.21358774256286306,5.317328787153614,0.0,1.0,"{""2"": 18, ""1"": 46, ""3"": 2}",0.21358774256286306,0.2135778639579138,31.343774286460185,1e-05,True,40,development_isotonic_frozen
s1-i10,held_out,1,structural,subset_beam_8,4,0.15,630eb68c6cebc538,"[[0, 1, 3], [2, 4, 10], [6, 7, 8], [5, 9, 11]]",5.493596732400703,-0.7123173711334873,1.7368884100624886,-6.108539064234959e-15,,46.0,0.21358774256286306,0.21358774256286306,5.317328787153614,0.0,1.0,"{""2"": 18, ""1"": 46, ""3"": 2}",0.21358774256286306,0.2135778639579138,31.343774286460185,1e-05,True,40,development_isotonic_frozen
s1-i10,held_out,1,structural,subset_beam_32,4,0.15,630eb68c6cebc538,"[[0, 1, 3], [2, 4, 10], [6, 7, 8], [5, 9, 11]]",5.493596732400703,-0.7123173711334873,1.7368884100624886,-6.108539064234959e-15,,46.0,0.21358774256286306,0.21358774256286306,5.317328787153614,0.0,1.0,"{""2"": 18, ""1"": 46, ""3"": 2}",0.21358774256286306,0.2135778639579138,31.343774286460185,1e-05,True,40,development_isotonic_frozen
s1-i10,held_out,1,structural,saps_diagonal,4,0.15,196e2d13a6173612,"[[2, 4, 8], [0, 5, 9], [1, 7, 11], [3, 6, 10]]",5.493596732400703,-0.7697419897034102,1.654032633960389,-7.87864005371586e-15,,63.0,0.18664662807929527,0.18664662807929527,6.596614713519627,0.0,1.0,"{""1"": 63, ""2"": 3}",0.18664662807929527,0.18664414858872702,33.73748925458241,1e-05,True,40,development_isotonic_frozen
s1-i10,held_out,1,structural,p_saps_residualized,4,0.15,24f67fa595ab324a,"[[4, 6, 7], [1, 3, 9], [2, 5, 11], [0, 8, 10]]",5.493596732400703,-0.7809501593114287,1.5951138811515044,-7.64588415488723e-15,,48.0,0.20607635875847197,0.20607635875847197,5.428706143235402,0.0,0.0,"{""1"": 48, ""2"": 15, ""3"": 3}",0.20607635875847197,0.2060669728730679,33.85728313264546,1e-05,True,80,development_isotonic_frozen
s1-i10,held_out,1,structural,p_saps_projection,4,0.15,54f38c99801c750f,"[[3, 4, 5], [7, 8, 9], [6, 10, 11], [0, 1, 2]]",5.493596732400703,-0.7458512232214641,1.6831998376687818,-4.0053794419731026e-15,,37.0,0.2232365115465663,0.2232365115465663,4.515226418416734,0.0,1.0,"{""2"": 22, ""3"": 7, ""1"": 37}",0.2232365115465663,0.22323355185160992,49.135525093976554,1e-05,True,640,development_isotonic_frozen
s1-i10,held_out,1,structural,b_saps_budgeted,4,0.15,196e2d13a6173612,"[[2, 4, 8], [0, 5, 9], [1, 7, 11], [3, 6, 10]]",5.493596732400703,-0.7697419897034102,1.654032633960389,-7.87864005371586e-15,,63.0,0.18664662807929527,0.18664662807929527,6.596614713519627,0.0,1.0,"{""1"": 63, ""2"": 3}",0.18664662807929527,0.18664414858872702,33.73748925458241,1e-05,True,40,development_isotonic_frozen
