example_id,data_split,seed,candidate_library,scheduler,schedule_id,schedule,score_random,score_confidence,score_entropy,score_dependency,score_dprm_itemwise,score_diag_um,score_projection,score_residualized,score_budgeted,actual_response_power,actual_terminal_gain,frontier_width_histogram,gamma_pinv,gamma_ridge,gram_delta,ridge_multiplier,used_pinv,adaptation_terminal_labels,width_weight_source
s0-i4,development,0,oracle,random_balanced,54a0dc573c0908b1,"[[0, 1, 2, 3, 4, 5, 6, 7, 8, 9, 10, 11]]",0.15169790814761877,-0.0,0.0,-3.833673291048133e-14,,1.0,8.242540378003287,8.242540378003287,0.15169790814761877,0.1103202074323792,-1.1996559692390873,"{""1"": 12}",8.242540378003287,8.242399781892907,2.8323806905460835,1e-05,True,40,development_isotonic_frozen
s0-i4,development,0,oracle,confidence,54a0dc573c0908b1,"[[0, 1, 2, 3, 4, 5, 6, 7, 8, 9, 10, 11]]",0.15169790814761877,-0.0,0.0,-3.833673291048133e-14,,1.0,8.242540378003287,8.242540378003287,0.15169790814761877,0.1103202074323792,-1.1996559692390873,"{""1"": 12}",8.242540378003287,8.242399781892907,2.8323806905460835,1e-05,True,40,development_isotonic_frozen
s0-i4,development,0,oracle,entropy,54a0dc573c0908b1,"[[0, 1, 2, 3, 4, 5, 6, 7, 8, 9, 10, 11]]",0.15169790814761877,-0.0,0.0,-3.833673291048133e-14,,1.0,8.242540378003287,8.242540378003287,0.15169790814761877,0.1103202074323792,-1.1996559692390873,"{""1"": 12}",8.242540378003287,8.242399781892907,2.8323806905460835,1e-05,True,40,development_isotonic_frozen
s0-i4,development,0,oracle,dependency_cmi,54a0dc573c0908b1,"[[0, 1, 2, 3, 4, 5, 6, 7, 8, 9, 10, 11]]",0.15169790814761877,-0.0,0.0,-3.833673291048133e-14,,1.0,8.242540378003287,8.242540378003287,0.15169790814761877,0.1103202074323792,-1.1996559692390873,"{""1"": 12}",8.242540378003287,8.242399781892907,2.8323806905460835,1e-05,True,40,development_isotonic_frozen
s0-i4,development,0,oracle,min_within_batch_tc,54a0dc573c0908b1,"[[0, 1, 2, 3, 4, 5, 6, 7, 8, 9, 10, 11]]",0.15169790814761877,-0.0,0.0,-3.833673291048133e-14,,1.0,8.242540378003287,8.242540378003287,0.15169790814761877,0.1103202074323792,-1.1996559692390873,"{""1"": 12}",8.242540378003287,8.242399781892907,2.8323806905460835,1e-05,True,40,development_isotonic_frozen
s0-i4,development,0,oracle,dprm_myopic,54a0dc573c0908b1,"[[0, 1, 2, 3, 4, 5, 6, 7, 8, 9, 10, 11]]",0.15169790814761877,-0.0,0.0,-3.833673291048133e-14,,1.0,8.242540378003287,8.242540378003287,0.15169790814761877,0.1103202074323792,-1.1996559692390873,"{""1"": 12}",8.242540378003287,8.242399781892907,2.8323806905460835,1e-05,True,40,development_isotonic_frozen
s0-i4,development,0,oracle,dprm_rollout,54a0dc573c0908b1,"[[0, 1, 2, 3, 4, 5, 6, 7, 8, 9, 10, 11]]",0.15169790814761877,-0.0,0.0,-3.833673291048133e-14,,1.0,8.242540378003287,8.242540378003287,0.15169790814761877,0.1103202074323792,-1.1996559692390873,"{""1"": 12}",8.242540378003287,8.242399781892907,2.8323806905460835,1e-05,True,40,development_isotonic_frozen
s0-i4,development,0,oracle,subset_exact,54a0dc573c0908b1,"[[0, 1, 2, 3, 4, 5, 6, 7, 8, 9, 10, 11]]",0.15169790814761877,-0.0,0.0,-3.833673291048133e-14,,1.0,8.242540378003287,8.242540378003287,0.15169790814761877,0.1103202074323792,-1.1996559692390873,"{""1"": 12}",8.242540378003287,8.242399781892907,2.8323806905460835,1e-05,True,40,development_isotonic_frozen
s0-i4,development,0,oracle,subset_beam_8,54a0dc573c0908b1,"[[0, 1, 2, 3, 4, 5, 6, 7, 8, 9, 10, 11]]",0.15169790814761877,-0.0,0.0,-3.833673291048133e-14,,1.0,8.242540378003287,8.242540378003287,0.15169790814761877,0.1103202074323792,-1.1996559692390873,"{""1"": 12}",8.242540378003287,8.242399781892907,2.8323806905460835,1e-05,True,40,development_isotonic_frozen
s0-i4,development,0,oracle,subset_beam_32,54a0dc573c0908b1,"[[0, 1, 2, 3, 4, 5, 6, 7, 8, 9, 10, 11]]",0.15169790814761877,-0.0,0.0,-3.833673291048133e-14,,1.0,8.242540378003287,8.242540378003287,0.15169790814761877,0.1103202074323792,-1.1996559692390873,"{""1"": 12}",8.242540378003287,8.242399781892907,2.8323806905460835,1e-05,True,40,development_isotonic_frozen
s0-i4,development,0,oracle,saps_diagonal,54a0dc573c0908b1,"[[0, 1, 2, 3, 4, 5, 6, 7, 8, 9, 10, 11]]",0.15169790814761877,-0.0,0.0,-3.833673291048133e-14,,1.0,8.242540378003287,8.242540378003287,0.15169790814761877,0.1103202074323792,-1.1996559692390873,"{""1"": 12}",8.242540378003287,8.242399781892907,2.8323806905460835,1e-05,True,40,development_isotonic_frozen
s0-i4,development,0,oracle,p_saps_residualized,54a0dc573c0908b1,"[[0, 1, 2, 3, 4, 5, 6, 7, 8, 9, 10, 11]]",0.15169790814761877,-0.0,0.0,-3.833673291048133e-14,,1.0,8.242540378003287,8.242540378003287,0.15169790814761877,0.1103202074323792,-1.1996559692390873,"{""1"": 12}",8.242540378003287,8.242399781892907,2.8323806905460835,1e-05,True,40,development_isotonic_frozen
s0-i4,development,0,oracle,p_saps_projection,54a0dc573c0908b1,"[[0, 1, 2, 3, 4, 5, 6, 7, 8, 9, 10, 11]]",0.15169790814761877,-0.0,0.0,-3.833673291048133e-14,,1.0,8.242540378003287,8.242540378003287,0.15169790814761877,0.1103202074323792,-1.1996559692390873,"{""1"": 12}",8.242540378003287,8.242399781892907,2.8323806905460835,1e-05,True,40,development_isotonic_frozen
s0-i4,development,0,oracle,b_saps_budgeted,54a0dc573c0908b1,"[[0, 1, 2, 3, 4, 5, 6, 7, 8, 9, 10, 11]]",0.15169790814761877,-0.0,0.0,-3.833673291048133e-14,,1.0,8.242540378003287,8.242540378003287,0.15169790814761877,0.1103202074323792,-1.1996559692390873,"{""1"": 12}",8.242540378003287,8.242399781892907,2.8323806905460835,1e-05,True,40,development_isotonic_frozen
s0-i4,development,0,oracle,random_balanced,54a0dc573c0908b1,"[[0, 1, 2, 3, 4, 5, 6, 7, 8, 9, 10, 11]]",0.30663109799643873,-0.0,0.0,-3.833673291048133e-14,,1.0,8.242540378003287,8.242540378003287,0.30663109799643873,0.7517255108767988,0.7193164946562673,"{""1"": 12}",8.242540378003287,8.242399781892907,2.8323806905460835,1e-05,True,40,development_isotonic_frozen
s0-i4,development,0,oracle,confidence,54a0dc573c0908b1,"[[0, 1, 2, 3, 4, 5, 6, 7, 8, 9, 10, 11]]",0.30663109799643873,-0.0,0.0,-3.833673291048133e-14,,1.0,8.242540378003287,8.242540378003287,0.30663109799643873,0.7517255108767988,0.7193164946562673,"{""1"": 12}",8.242540378003287,8.242399781892907,2.8323806905460835,1e-05,True,40,development_isotonic_frozen
s0-i4,development,0,oracle,entropy,54a0dc573c0908b1,"[[0, 1, 2, 3, 4, 5, 6, 7, 8, 9, 10, 11]]",0.30663109799643873,-0.0,0.0,-3.833673291048133e-14,,1.0,8.242540378003287,8.242540378003287,0.30663109799643873,0.7517255108767988,0.7193164946562673,"{""1"": 12}",8.242540378003287,8.242399781892907,2.8323806905460835,1e-05,True,40,development_isotonic_frozen
s0-i4,development,0,oracle,dependency_cmi,54a0dc573c0908b1,"[[0, 1, 2, 3, 4, 5, 6, 7, 8, 9, 10, 11]]",0.30663109799643873,-0.0,0.0,-3.833673291048133e-14,,1.0,8.242540378003287,8.242540378003287,0.30663109799643873,0.7517255108767988,0.7193164946562673,"{""1"": 12}",8.242540378003287,8.242399781892907,2.8323806905460835,1e-05,True,40,development_isotonic_frozen
s0-i4,development,0,oracle,min_within_batch_tc,54a0dc573c0908b1,"[[0, 1, 2, 3, 4, 5, 6, 7, 8, 9, 10, 11]]",0.30663109799643873,-0.0,0.0,-3.833673291048133e-14,,1.0,8.242540378003287,8.242540378003287,0.30663109799643873,0.7517255108767988,0.7193164946562673,"{""1"": 12}",8.242540378003287,8.242399781892907,2.8323806905460835,1e-05,True,40,development_isotonic_frozen
s0-i4,development,0,oracle,dprm_myopic,54a0dc573c0908b1,"[[0, 1, 2, 3, 4, 5, 6, 7, 8, 9, 10, 11]]",0.30663109799643873,-0.0,0.0,-3.833673291048133e-14,,1.0,8.242540378003287,8.242540378003287,0.30663109799643873,0.7517255108767988,0.7193164946562673,"{""1"": 12}",8.242540378003287,8.242399781892907,2.8323806905460835,1e-05,True,40,development_isotonic_frozen
s0-i4,development,0,oracle,dprm_rollout,54a0dc573c0908b1,"[[0, 1, 2, 3, 4, 5, 6, 7, 8, 9, 10, 11]]",0.30663109799643873,-0.0,0.0,-3.833673291048133e-14,,1.0,8.242540378003287,8.242540378003287,0.30663109799643873,0.7517255108767988,0.7193164946562673,"{""1"": 12}",8.242540378003287,8.242399781892907,2.8323806905460835,1e-05,True,40,development_isotonic_frozen
s0-i4,development,0,oracle,subset_exact,54a0dc573c0908b1,"[[0, 1, 2, 3, 4, 5, 6, 7, 8, 9, 10, 11]]",0.30663109799643873,-0.0,0.0,-3.833673291048133e-14,,1.0,8.242540378003287,8.242540378003287,0.30663109799643873,0.7517255108767988,0.7193164946562673,"{""1"": 12}",8.242540378003287,8.242399781892907,2.8323806905460835,1e-05,True,40,development_isotonic_frozen
s0-i4,development,0,oracle,subset_beam_8,54a0dc573c0908b1,"[[0, 1, 2, 3, 4, 5, 6, 7, 8, 9, 10, 11]]",0.30663109799643873,-0.0,0.0,-3.833673291048133e-14,,1.0,8.242540378003287,8.242540378003287,0.30663109799643873,0.7517255108767988,0.7193164946562673,"{""1"": 12}",8.242540378003287,8.242399781892907,2.8323806905460835,1e-05,True,40,development_isotonic_frozen
s0-i4,development,0,oracle,subset_beam_32,54a0dc573c0908b1,"[[0, 1, 2, 3, 4, 5, 6, 7, 8, 9, 10, 11]]",0.30663109799643873,-0.0,0.0,-3.833673291048133e-14,,1.0,8.242540378003287,8.242540378003287,0.30663109799643873,0.7517255108767988,0.7193164946562673,"{""1"": 12}",8.242540378003287,8.242399781892907,2.8323806905460835,1e-05,True,40,development_isotonic_frozen
s0-i4,development,0,oracle,saps_diagonal,54a0dc573c0908b1,"[[0, 1, 2, 3, 4, 5, 6, 7, 8, 9, 10, 11]]",0.30663109799643873,-0.0,0.0,-3.833673291048133e-14,,1.0,8.242540378003287,8.242540378003287,0.30663109799643873,0.7517255108767988,0.7193164946562673,"{""1"": 12}",8.242540378003287,8.242399781892907,2.8323806905460835,1e-05,True,40,development_isotonic_frozen
s0-i4,development,0,oracle,p_saps_residualized,54a0dc573c0908b1,"[[0, 1, 2, 3, 4, 5, 6, 7, 8, 9, 10, 11]]",0.30663109799643873,-0.0,0.0,-3.833673291048133e-14,,1.0,8.242540378003287,8.242540378003287,0.30663109799643873,0.7517255108767988,0.7193164946562673,"{""1"": 12}",8.242540378003287,8.242399781892907,2.8323806905460835,1e-05,True,40,development_isotonic_frozen
s0-i4,development,0,oracle,p_saps_projection,54a0dc573c0908b1,"[[0, 1, 2, 3, 4, 5, 6, 7, 8, 9, 10, 11]]",0.30663109799643873,-0.0,0.0,-3.833673291048133e-14,,1.0,8.242540378003287,8.242540378003287,0.30663109799643873,0.7517255108767988,0.7193164946562673,"{""1"": 12}",8.242540378003287,8.242399781892907,2.8323806905460835,1e-05,True,40,development_isotonic_frozen
s0-i4,development,0,oracle,b_saps_budgeted,54a0dc573c0908b1,"[[0, 1, 2, 3, 4, 5, 6, 7, 8, 9, 10, 11]]",0.30663109799643873,-0.0,0.0,-3.833673291048133e-14,,1.0,8.242540378003287,8.242540378003287,0.30663109799643873,0.7517255108767988,0.7193164946562673,"{""1"": 12}",8.242540378003287,8.242399781892907,2.8323806905460835,1e-05,True,40,development_isotonic_frozen
s0-i4,development,0,oracle,random_balanced,54a0dc573c0908b1,"[[0, 1, 2, 3, 4, 5, 6, 7, 8, 9, 10, 11]]",0.435985824316389,-0.0,0.0,-3.833673291048133e-14,,1.0,8.242540378003287,8.242540378003287,0.435985824316389,0.9420385308765173,5.407061749164777,"{""1"": 12}",8.242540378003287,8.242399781892907,2.8323806905460835,1e-05,True,40,development_isotonic_frozen
s0-i4,development,0,oracle,confidence,54a0dc573c0908b1,"[[0, 1, 2, 3, 4, 5, 6, 7, 8, 9, 10, 11]]",0.435985824316389,-0.0,0.0,-3.833673291048133e-14,,1.0,8.242540378003287,8.242540378003287,0.435985824316389,0.9420385308765173,5.407061749164777,"{""1"": 12}",8.242540378003287,8.242399781892907,2.8323806905460835,1e-05,True,40,development_isotonic_frozen
s0-i4,development,0,oracle,entropy,54a0dc573c0908b1,"[[0, 1, 2, 3, 4, 5, 6, 7, 8, 9, 10, 11]]",0.435985824316389,-0.0,0.0,-3.833673291048133e-14,,1.0,8.242540378003287,8.242540378003287,0.435985824316389,0.9420385308765173,5.407061749164777,"{""1"": 12}",8.242540378003287,8.242399781892907,2.8323806905460835,1e-05,True,40,development_isotonic_frozen
s0-i4,development,0,oracle,dependency_cmi,54a0dc573c0908b1,"[[0, 1, 2, 3, 4, 5, 6, 7, 8, 9, 10, 11]]",0.435985824316389,-0.0,0.0,-3.833673291048133e-14,,1.0,8.242540378003287,8.242540378003287,0.435985824316389,0.9420385308765173,5.407061749164777,"{""1"": 12}",8.242540378003287,8.242399781892907,2.8323806905460835,1e-05,True,40,development_isotonic_frozen
s0-i4,development,0,oracle,min_within_batch_tc,54a0dc573c0908b1,"[[0, 1, 2, 3, 4, 5, 6, 7, 8, 9, 10, 11]]",0.435985824316389,-0.0,0.0,-3.833673291048133e-14,,1.0,8.242540378003287,8.242540378003287,0.435985824316389,0.9420385308765173,5.407061749164777,"{""1"": 12}",8.242540378003287,8.242399781892907,2.8323806905460835,1e-05,True,40,development_isotonic_frozen
s0-i4,development,0,oracle,dprm_myopic,54a0dc573c0908b1,"[[0, 1, 2, 3, 4, 5, 6, 7, 8, 9, 10, 11]]",0.435985824316389,-0.0,0.0,-3.833673291048133e-14,,1.0,8.242540378003287,8.242540378003287,0.435985824316389,0.9420385308765173,5.407061749164777,"{""1"": 12}",8.242540378003287,8.242399781892907,2.8323806905460835,1e-05,True,40,development_isotonic_frozen
s0-i4,development,0,oracle,dprm_rollout,54a0dc573c0908b1,"[[0, 1, 2, 3, 4, 5, 6, 7, 8, 9, 10, 11]]",0.435985824316389,-0.0,0.0,-3.833673291048133e-14,,1.0,8.242540378003287,8.242540378003287,0.435985824316389,0.9420385308765173,5.407061749164777,"{""1"": 12}",8.242540378003287,8.242399781892907,2.8323806905460835,1e-05,True,40,development_isotonic_frozen
s0-i4,development,0,oracle,subset_exact,54a0dc573c0908b1,"[[0, 1, 2, 3, 4, 5, 6, 7, 8, 9, 10, 11]]",0.435985824316389,-0.0,0.0,-3.833673291048133e-14,,1.0,8.242540378003287,8.242540378003287,0.435985824316389,0.9420385308765173,5.407061749164777,"{""1"": 12}",8.242540378003287,8.242399781892907,2.8323806905460835,1e-05,True,40,development_isotonic_frozen
s0-i4,development,0,oracle,subset_beam_8,54a0dc573c0908b1,"[[0, 1, 2, 3, 4, 5, 6, 7, 8, 9, 10, 11]]",0.435985824316389,-0.0,0.0,-3.833673291048133e-14,,1.0,8.242540378003287,8.242540378003287,0.435985824316389,0.9420385308765173,5.407061749164777,"{""1"": 12}",8.242540378003287,8.242399781892907,2.8323806905460835,1e-05,True,40,development_isotonic_frozen
s0-i4,development,0,oracle,subset_beam_32,54a0dc573c0908b1,"[[0, 1, 2, 3, 4, 5, 6, 7, 8, 9, 10, 11]]",0.435985824316389,-0.0,0.0,-3.833673291048133e-14,,1.0,8.242540378003287,8.242540378003287,0.435985824316389,0.9420385308765173,5.407061749164777,"{""1"": 12}",8.242540378003287,8.242399781892907,2.8323806905460835,1e-05,True,40,development_isotonic_frozen
s0-i4,development,0,oracle,saps_diagonal,54a0dc573c0908b1,"[[0, 1, 2, 3, 4, 5, 6, 7, 8, 9, 10, 11]]",0.435985824316389,-0.0,0.0,-3.833673291048133e-14,,1.0,8.242540378003287,8.242540378003287,0.435985824316389,0.9420385308765173,5.407061749164777,"{""1"": 12}",8.242540378003287,8.242399781892907,2.8323806905460835,1e-05,True,40,development_isotonic_frozen
s0-i4,development,0,oracle,p_saps_residualized,54a0dc573c0908b1,"[[0, 1, 2, 3, 4, 5, 6, 7, 8, 9, 10, 11]]",0.435985824316389,-0.0,0.0,-3.833673291048133e-14,,1.0,8.242540378003287,8.242540378003287,0.435985824316389,0.9420385308765173,5.407061749164777,"{""1"": 12}",8.242540378003287,8.242399781892907,2.8323806905460835,1e-05,True,40,development_isotonic_frozen
s0-i4,development,0,oracle,p_saps_projection,54a0dc573c0908b1,"[[0, 1, 2, 3, 4, 5, 6, 7, 8, 9, 10, 11]]",0.435985824316389,-0.0,0.0,-3.833673291048133e-14,,1.0,8.242540378003287,8.242540378003287,0.435985824316389,0.9420385308765173,5.407061749164777,"{""1"": 12}",8.242540378003287,8.242399781892907,2.8323806905460835,1e-05,True,40,development_isotonic_frozen
s0-i4,development,0,oracle,b_saps_budgeted,54a0dc573c0908b1,"[[0, 1, 2, 3, 4, 5, 6, 7, 8, 9, 10, 11]]",0.435985824316389,-0.0,0.0,-3.833673291048133e-14,,1.0,8.242540378003287,8.242540378003287,0.435985824316389,0.9420385308765173,5.407061749164777,"{""1"": 12}",8.242540378003287,8.242399781892907,2.8323806905460835,1e-05,True,40,development_isotonic_frozen
s0-i4,development,0,oracle,random_balanced,49c3de419f491b8e,"[[3, 4, 5, 7, 8, 9], [0, 1, 2, 6, 10, 11]]",0.15169790814761877,-0.22020946156279053,0.6154509816539598,-1.5803813070381625e-14,,1.0,5.3964293557552345,5.3964293557552345,0.15169790814761877,0.18912994642736275,0.0,"{""1"": 12}",5.3964293557552345,5.3962909291817605,2.410597579623577,1e-05,True,40,development_isotonic_frozen
s0-i4,development,0,oracle,confidence,56bc39235a10f6f4,"[[4, 5, 6, 7, 8, 9], [0, 1, 2, 3, 10, 11]]",0.15169790814761877,-0.19984727087739784,0.6333544936995409,-1.8218263520098192e-14,,1.0,6.536251982667733,6.536251982667733,0.15169790814761877,0.5793247204771697,0.0,"{""1"": 12}",6.536251982667733,6.536109553381698,2.2916382165847224,1e-05,True,40,development_isotonic_frozen
s0-i4,development,0,oracle,entropy,8f8f2736db940d17,"[[4, 5, 6, 7, 8, 10], [0, 1, 2, 3, 9, 11]]",0.15169790814761877,-0.20005359433954614,0.635508901962195,-1.8966100640736776e-14,,1.0,7.313869131307726,7.313869131307726,0.15169790814761877,0.4033922537010184,0.8311041371226302,"{""1"": 12}",7.313869131307726,7.313723337630682,2.4425618642107634,1e-05,True,40,development_isotonic_frozen
s0-i4,development,0,oracle,dependency_cmi,ba5b1d2cfca1a533,"[[0, 1, 2, 5, 10, 11], [3, 4, 6, 7, 8, 9]]",0.15169790814761877,-0.2972689264414529,0.5083881513269546,-1.692819818952475e-14,,1.0,5.554674967845724,5.554674967845724,0.15169790814761877,0.10629397530846565,-1.1996559692390873,"{""1"": 12}",5.554674967845724,5.554537107309896,2.5332949015601187,1e-05,True,40,development_isotonic_frozen
s0-i4,development,0,oracle,min_within_batch_tc,c5428faecfade376,"[[1, 3, 5, 8, 10, 11], [0, 2, 4, 6, 7, 9]]",0.15169790814761877,-0.28594121938911105,0.516777959924016,-1.5059314728028674e-14,,1.0,7.163381998960594,7.163381998960594,0.15169790814761877,0.052543324528717114,-0.3685518321164572,"{""1"": 12}",7.163381998960594,7.163244705002555,2.0543500898035827,1e-05,True,40,development_isotonic_frozen
s0-i4,development,0,oracle,dprm_myopic,98b880480250c202,"[[2, 3, 4, 5, 8, 10], [0, 1, 6, 7, 9, 11]]",0.15169790814761877,-0.25892726629878954,0.5608059212606324,-1.9837373259620504e-14,,1.0,6.640431907215073,6.640431907215073,0.15169790814761877,0.40488999465962394,0.0,"{""1"": 12}",6.640431907215073,6.640292611687465,2.3683843071893746,1e-05,True,40,development_isotonic_frozen
s0-i4,development,0,oracle,dprm_rollout,3c61e283b7275d8a,"[[1, 4, 5, 8, 9, 10], [0, 2, 3, 6, 7, 11]]",0.15169790814761877,-0.24353479671399078,0.5732155811339367,-1.6515159988073315e-14,,1.0,8.16231720275387,8.16231720275387,0.15169790814761877,0.002814332951837132,0.8311041371226302,"{""1"": 12}",8.16231720275387,8.162175984044616,2.4996059414513123,1e-05,True,40,development_isotonic_frozen
s0-i4,development,0,oracle,subset_exact,ab3d055ce5e36df1,"[[2, 3, 5, 6, 9, 10], [0, 1, 4, 7, 8, 11]]",0.15169790814761877,-0.27403122778930344,0.5282923509629387,-1.9078872113430625e-14,,1.0,6.462004821632121,6.462004821632121,0.15169790814761877,0.02930428442871925,2.059893673051205,"{""1"": 12}",6.462004821632121,6.461867971415299,2.2684907371670118,1e-05,True,40,development_isotonic_frozen
s0-i4,development,0,oracle,subset_beam_8,9d5d24fb6f0a417b,"[[0, 1, 2, 3, 4, 5], [6, 7, 8, 9, 10, 11]]",0.15169790814761877,-0.27536045189801855,0.5553684399105445,-1.9624458794008028e-14,,1.0,6.199543939524398,6.199543939524398,0.15169790814761877,0.14108161027994134,0.0,"{""1"": 12}",6.199543939524398,6.1994048118943335,2.6321121168429373,1e-05,True,40,development_isotonic_frozen
s0-i4,development,0,oracle,subset_beam_32,9d5d24fb6f0a417b,"[[0, 1, 2, 3, 4, 5], [6, 7, 8, 9, 10, 11]]",0.15169790814761877,-0.27536045189801855,0.5553684399105445,-1.9624458794008028e-14,,1.0,6.199543939524398,6.199543939524398,0.15169790814761877,0.14108161027994134,0.0,"{""1"": 12}",6.199543939524398,6.1994048118943335,2.6321121168429373,1e-05,True,40,development_isotonic_frozen
s0-i4,development,0,oracle,saps_diagonal,49c3de419f491b8e,"[[3, 4, 5, 7, 8, 9], [0, 1, 2, 6, 10, 11]]",0.15169790814761877,-0.22020946156279053,0.6154509816539598,-1.5803813070381625e-14,,1.0,5.3964293557552345,5.3964293557552345,0.15169790814761877,0.18912994642736275,0.0,"{""1"": 12}",5.3964293557552345,5.3962909291817605,2.410597579623577,1e-05,True,40,development_isotonic_frozen
s0-i4,development,0,oracle,p_saps_residualized,666560c39116636c,"[[2, 5, 7, 8, 10, 11], [0, 1, 3, 4, 6, 9]]",0.15169790814761877,-0.25221500733053975,0.5607628030123621,-1.759411459453567e-14,,1.0,6.541833831538122,6.541833831538122,0.15169790814761877,0.37339287666981463,0.02913356668948791,"{""1"": 12}",6.541833831538122,6.541696866286658,2.6555465886783933,1e-05,True,80,development_isotonic_frozen
s0-i4,development,0,oracle,p_saps_projection,8bc3ba8af4842087,"[[1, 4, 5, 6, 8, 10], [0, 2, 3, 7, 9, 11]]",0.15169790814761877,-0.2335247418255152,0.5874676309976795,-1.8352077460211885e-14,,1.0,8.503763679114112,8.503763679114112,0.15169790814761877,0.1075236408169052,0.0,"{""1"": 12}",8.503763679114112,8.50361812165509,2.428150201410675,1e-05,True,640,development_isotonic_frozen
s0-i4,development,0,oracle,b_saps_budgeted,49c3de419f491b8e,"[[3, 4, 5, 7, 8, 9], [0, 1, 2, 6, 10, 11]]",0.15169790814761877,-0.22020946156279053,0.6154509816539598,-1.5803813070381625e-14,,1.0,5.3964293557552345,5.3964293557552345,0.15169790814761877,0.18912994642736275,0.0,"{""1"": 12}",5.3964293557552345,5.3962909291817605,2.410597579623577,1e-05,True,40,development_isotonic_frozen
s0-i4,development,0,oracle,random_balanced,49c3de419f491b8e,"[[3, 4, 5, 7, 8, 9], [0, 1, 2, 6, 10, 11]]",0.30663109799643873,-0.22020946156279053,0.6154509816539598,-1.5803813070381625e-14,,1.0,5.3964293557552345,5.3964293557552345,0.30663109799643873,0.9579908754070431,0.7193164946562673,"{""1"": 12}",5.3964293557552345,5.3962909291817605,2.410597579623577,1e-05,True,40,development_isotonic_frozen
s0-i4,development,0,oracle,confidence,56bc39235a10f6f4,"[[4, 5, 6, 7, 8, 9], [0, 1, 2, 3, 10, 11]]",0.30663109799643873,-0.19984727087739784,0.6333544936995409,-1.8218263520098192e-14,,1.0,6.536251982667733,6.536251982667733,0.30663109799643873,0.5778882424415087,0.7193164946562673,"{""1"": 12}",6.536251982667733,6.536109553381698,2.2916382165847224,1e-05,True,40,development_isotonic_frozen
s0-i4,development,0,oracle,entropy,8f8f2736db940d17,"[[4, 5, 6, 7, 8, 10], [0, 1, 2, 3, 9, 11]]",0.30663109799643873,-0.20005359433954614,0.635508901962195,-1.8966100640736776e-14,,1.0,7.313869131307726,7.313869131307726,0.30663109799643873,0.36434012958228856,0.7193164946562673,"{""1"": 12}",7.313869131307726,7.313723337630682,2.4425618642107634,1e-05,True,40,development_isotonic_frozen
s0-i4,development,0,oracle,dependency_cmi,ba5b1d2cfca1a533,"[[0, 1, 2, 5, 10, 11], [3, 4, 6, 7, 8, 9]]",0.30663109799643873,-0.2972689264414529,0.5083881513269546,-1.692819818952475e-14,,1.0,5.554674967845724,5.554674967845724,0.30663109799643873,0.45970593540912547,0.7193164946562673,"{""1"": 12}",5.554674967845724,5.554537107309896,2.5332949015601187,1e-05,True,40,development_isotonic_frozen
s0-i4,development,0,oracle,min_within_batch_tc,c5428faecfade376,"[[1, 3, 5, 8, 10, 11], [0, 2, 4, 6, 7, 9]]",0.30663109799643873,-0.28594121938911105,0.516777959924016,-1.5059314728028674e-14,,1.0,7.163381998960594,7.163381998960594,0.30663109799643873,0.2617687498895651,0.7193164946562673,"{""1"": 12}",7.163381998960594,7.163244705002555,2.0543500898035827,1e-05,True,40,development_isotonic_frozen
s0-i4,development,0,oracle,dprm_myopic,98b880480250c202,"[[2, 3, 4, 5, 8, 10], [0, 1, 6, 7, 9, 11]]",0.30663109799643873,-0.25892726629878954,0.5608059212606324,-1.9837373259620504e-14,,1.0,6.640431907215073,6.640431907215073,0.30663109799643873,0.8716035178107676,-0.6616950207231767,"{""1"": 12}",6.640431907215073,6.640292611687465,2.3683843071893746,1e-05,True,40,development_isotonic_frozen
s0-i4,development,0,oracle,dprm_rollout,27116af25a916edb,"[[0, 3, 5, 6, 9, 10], [1, 2, 4, 7, 8, 11]]",0.30663109799643873,-0.2719304959330084,0.5346315387191578,-1.6982026480152252e-14,,1.0,6.290494481268695,6.290494481268695,0.30663109799643873,1.0706282245469652,0.4237204169000175,"{""1"": 12}",6.290494481268695,6.290355087983382,2.3290383716530165,1e-05,True,40,development_isotonic_frozen
s0-i4,development,0,oracle,subset_exact,62ba6a5ad6d1736c,"[[1, 2, 3, 4, 6, 10], [0, 5, 7, 8, 9, 11]]",0.30663109799643873,-0.28026596553295197,0.5383178317416374,-1.6499547556493878e-14,,1.0,5.237339263053899,5.237339263053899,0.30663109799643873,0.9005642214312349,1.5504206317788976,"{""1"": 12}",5.237339263053899,5.237185653545141,2.278048745682766,1e-05,True,40,development_isotonic_frozen
s0-i4,development,0,oracle,subset_beam_8,6fba27343288f6cc,"[[0, 1, 2, 3, 4, 6], [5, 7, 8, 9, 10, 11]]",0.30663109799643873,-0.2880559814388235,0.5347947211771947,-1.4507811276157246e-14,,1.0,5.670607870629908,5.670607870629908,0.30663109799643873,0.04218629185410992,0.7193164946562673,"{""1"": 12}",5.670607870629908,5.670455347214898,2.482353455897148,1e-05,True,40,development_isotonic_frozen
s0-i4,development,0,oracle,subset_beam_32,6fba27343288f6cc,"[[0, 1, 2, 3, 4, 6], [5, 7, 8, 9, 10, 11]]",0.30663109799643873,-0.2880559814388235,0.5347947211771947,-1.4507811276157246e-14,,1.0,5.670607870629908,5.670607870629908,0.30663109799643873,0.04218629185410992,0.7193164946562673,"{""1"": 12}",5.670607870629908,5.670455347214898,2.482353455897148,1e-05,True,40,development_isotonic_frozen
s0-i4,development,0,oracle,saps_diagonal,49c3de419f491b8e,"[[3, 4, 5, 7, 8, 9], [0, 1, 2, 6, 10, 11]]",0.30663109799643873,-0.22020946156279053,0.6154509816539598,-1.5803813070381625e-14,,1.0,5.3964293557552345,5.3964293557552345,0.30663109799643873,0.9579908754070431,0.7193164946562673,"{""1"": 12}",5.3964293557552345,5.3962909291817605,2.410597579623577,1e-05,True,40,development_isotonic_frozen
s0-i4,development,0,oracle,p_saps_residualized,666560c39116636c,"[[2, 5, 7, 8, 10, 11], [0, 1, 3, 4, 6, 9]]",0.30663109799643873,-0.25221500733053975,0.5607628030123621,-1.759411459453567e-14,,1.0,6.541833831538122,6.541833831538122,0.30663109799643873,1.4580597145061902,0.0,"{""1"": 12}",6.541833831538122,6.541696866286658,2.6555465886783933,1e-05,True,80,development_isotonic_frozen
s0-i4,development,0,oracle,p_saps_projection,8bc3ba8af4842087,"[[1, 4, 5, 6, 8, 10], [0, 2, 3, 7, 9, 11]]",0.30663109799643873,-0.2335247418255152,0.5874676309976795,-1.8352077460211885e-14,,1.0,8.503763679114112,8.503763679114112,0.30663109799643873,0.1305222113717289,0.7193164946562673,"{""1"": 12}",8.503763679114112,8.50361812165509,2.428150201410675,1e-05,True,640,development_isotonic_frozen
s0-i4,development,0,oracle,b_saps_budgeted,49c3de419f491b8e,"[[3, 4, 5, 7, 8, 9], [0, 1, 2, 6, 10, 11]]",0.30663109799643873,-0.22020946156279053,0.6154509816539598,-1.5803813070381625e-14,,1.0,5.3964293557552345,5.3964293557552345,0.30663109799643873,0.9579908754070431,0.7193164946562673,"{""1"": 12}",5.3964293557552345,5.3962909291817605,2.410597579623577,1e-05,True,40,development_isotonic_frozen
s0-i4,development,0,oracle,random_balanced,49c3de419f491b8e,"[[3, 4, 5, 7, 8, 9], [0, 1, 2, 6, 10, 11]]",0.435985824316389,-0.22020946156279053,0.6154509816539598,-1.5803813070381625e-14,,1.0,5.3964293557552345,5.3964293557552345,0.435985824316389,1.1054382964324816,4.39460206590179,"{""1"": 12}",5.3964293557552345,5.3962909291817605,2.410597579623577,1e-05,True,40,development_isotonic_frozen
s0-i4,development,0,oracle,confidence,56bc39235a10f6f4,"[[4, 5, 6, 7, 8, 9], [0, 1, 2, 3, 10, 11]]",0.435985824316389,-0.19984727087739784,0.6333544936995409,-1.8218263520098192e-14,,1.0,6.536251982667733,6.536251982667733,0.435985824316389,1.3726240636426388,4.493827652405555,"{""1"": 12}",6.536251982667733,6.536109553381698,2.2916382165847224,1e-05,True,40,development_isotonic_frozen
s0-i4,development,0,oracle,entropy,8f8f2736db940d17,"[[4, 5, 6, 7, 8, 10], [0, 1, 2, 3, 9, 11]]",0.435985824316389,-0.20005359433954614,0.635508901962195,-1.8966100640736776e-14,,1.0,7.313869131307726,7.313869131307726,0.435985824316389,2.279562371187248,2.6249137231019835,"{""1"": 12}",7.313869131307726,7.313723337630682,2.4425618642107634,1e-05,True,40,development_isotonic_frozen
s0-i4,development,0,oracle,dependency_cmi,ba5b1d2cfca1a533,"[[0, 1, 2, 5, 10, 11], [3, 4, 6, 7, 8, 9]]",0.435985824316389,-0.2972689264414529,0.5083881513269546,-1.692819818952475e-14,,1.0,5.554674967845724,5.554674967845724,0.435985824316389,1.5534450923008747,4.797517828155142,"{""1"": 12}",5.554674967845724,5.554537107309896,2.5332949015601187,1e-05,True,40,development_isotonic_frozen
s0-i4,development,0,oracle,min_within_batch_tc,c5428faecfade376,"[[1, 3, 5, 8, 10, 11], [0, 2, 4, 6, 7, 9]]",0.435985824316389,-0.28594121938911105,0.516777959924016,-1.5059314728028674e-14,,1.0,7.163381998960594,7.163381998960594,0.435985824316389,1.0454577523800688,5.407061749164777,"{""1"": 12}",7.163381998960594,7.163244705002555,2.0543500898035827,1e-05,True,40,development_isotonic_frozen
s0-i4,development,0,oracle,dprm_myopic,98b880480250c202,"[[2, 3, 4, 5, 8, 10], [0, 1, 6, 7, 9, 11]]",0.435985824316389,-0.25892726629878954,0.5608059212606324,-1.9837373259620504e-14,,1.0,6.640431907215073,6.640431907215073,0.435985824316389,2.046970621716452,5.407057968490642,"{""1"": 12}",6.640431907215073,6.640292611687465,2.3683843071893746,1e-05,True,40,development_isotonic_frozen
s0-i4,development,0,oracle,dprm_rollout,541038c487a28826,"[[3, 5, 6, 7, 10, 11], [0, 1, 2, 4, 8, 9]]",0.435985824316389,-0.24604644927159072,0.5761066023331708,-1.4334935380644574e-14,,1.0,5.4813826208638545,5.4813826208638545,0.435985824316389,0.4943592735960902,6.320292065249864,"{""1"": 12}",5.4813826208638545,5.4812417392086745,2.3869181886942235,1e-05,True,40,development_isotonic_frozen
s0-i4,development,0,oracle,subset_exact,2d814e4cbbea83ee,"[[0, 1, 2, 3, 5, 8], [4, 6, 7, 9, 10, 11]]",0.435985824316389,-0.29330160376315945,0.5145321765873151,-2.2221652047854866e-14,,1.0,5.765630671091239,5.765630671091239,0.435985824316389,1.2551799999969828,6.9046680014723165,"{""1"": 12}",5.765630671091239,5.765496269651704,2.559018962915572,1e-05,True,40,development_isotonic_frozen
s0-i4,development,0,oracle,subset_beam_8,2d814e4cbbea83ee,"[[0, 1, 2, 3, 5, 8], [4, 6, 7, 9, 10, 11]]",0.435985824316389,-0.29330160376315945,0.5145321765873151,-2.2221652047854866e-14,,1.0,5.765630671091239,5.765630671091239,0.435985824316389,1.2551799999969828,6.9046680014723165,"{""1"": 12}",5.765630671091239,5.765496269651704,2.559018962915572,1e-05,True,40,development_isotonic_frozen
s0-i4,development,0,oracle,subset_beam_32,2d814e4cbbea83ee,"[[0, 1, 2, 3, 5, 8], [4, 6, 7, 9, 10, 11]]",0.435985824316389,-0.29330160376315945,0.5145321765873151,-2.2221652047854866e-14,,1.0,5.765630671091239,5.765630671091239,0.435985824316389,1.2551799999969828,6.9046680014723165,"{""1"": 12}",5.765630671091239,5.765496269651704,2.559018962915572,1e-05,True,40,development_isotonic_frozen
s0-i4,development,0,oracle,saps_diagonal,49c3de419f491b8e,"[[3, 4, 5, 7, 8, 9], [0, 1, 2, 6, 10, 11]]",0.435985824316389,-0.22020946156279053,0.6154509816539598,-1.5803813070381625e-14,,1.0,5.3964293557552345,5.3964293557552345,0.435985824316389,1.1054382964324816,4.39460206590179,"{""1"": 12}",5.3964293557552345,5.3962909291817605,2.410597579623577,1e-05,True,40,development_isotonic_frozen
s0-i4,development,0,oracle,p_saps_residualized,666560c39116636c,"[[2, 5, 7, 8, 10, 11], [0, 1, 3, 4, 6, 9]]",0.435985824316389,-0.25221500733053975,0.5607628030123621,-1.759411459453567e-14,,1.0,6.541833831538122,6.541833831538122,0.435985824316389,0.8905798304436797,5.890135439732951,"{""1"": 12}",6.541833831538122,6.541696866286658,2.6555465886783933,1e-05,True,80,development_isotonic_frozen
s0-i4,development,0,oracle,p_saps_projection,8bc3ba8af4842087,"[[1, 4, 5, 6, 8, 10], [0, 2, 3, 7, 9, 11]]",0.435985824316389,-0.2335247418255152,0.5874676309976795,-1.8352077460211885e-14,,1.0,8.503763679114112,8.503763679114112,0.435985824316389,1.1827113540824659,4.200684463798835,"{""1"": 12}",8.503763679114112,8.50361812165509,2.428150201410675,1e-05,True,640,development_isotonic_frozen
s0-i4,development,0,oracle,b_saps_budgeted,49c3de419f491b8e,"[[3, 4, 5, 7, 8, 9], [0, 1, 2, 6, 10, 11]]",0.435985824316389,-0.22020946156279053,0.6154509816539598,-1.5803813070381625e-14,,1.0,5.3964293557552345,5.3964293557552345,0.435985824316389,1.1054382964324816,4.39460206590179,"{""1"": 12}",5.3964293557552345,5.3962909291817605,2.410597579623577,1e-05,True,40,development_isotonic_frozen
s0-i4,development,0,oracle,random_balanced,f7f65cb109b112dd,"[[3, 4, 7, 9], [0, 1, 5, 8], [2, 6, 10, 11]]",0.15169790814761877,-0.47976401661623885,1.1927931216233933,-1.177201763328933e-14,,1.0,8.478844040169426,8.478844040169426,0.15169790814761877,0.20955618201291423,0.0,"{""1"": 12}",8.478844040169426,8.478700967570743,2.344396275183623,1e-05,True,40,development_isotonic_frozen
s0-i4,development,0,oracle,confidence,1e2ed71c99296b7d,"[[4, 5, 6, 7], [1, 8, 9, 10], [0, 2, 3, 11]]",0.15169790814761877,-0.4085440349103015,1.2669490248760906,-9.19046545293123e-15,,1.0,7.120137918982055,7.120137918982055,0.15169790814761877,0.2672830411445958,0.6161631355822252,"{""1"": 12}",7.120137918982055,7.119997682461444,2.4481130360058536,1e-05,True,40,development_isotonic_frozen
s0-i4,development,0,oracle,entropy,1e2ed71c99296b7d,"[[4, 5, 6, 7], [1, 8, 9, 10], [0, 2, 3, 11]]",0.15169790814761877,-0.4085440349103015,1.2669490248760906,-9.19046545293123e-15,,1.0,7.120137918982055,7.120137918982055,0.15169790814761877,0.2672830411445958,0.6161631355822252,"{""1"": 12}",7.120137918982055,7.119997682461444,2.4481130360058536,1e-05,True,40,development_isotonic_frozen
s0-i4,development,0,oracle,dependency_cmi,13e62b7f007943f5,"[[0, 1, 2, 5], [3, 6, 7, 11], [4, 8, 9, 10]]",0.15169790814761877,-0.5555261740613769,1.0811448696942287,-9.678506312385473e-15,,1.0,9.6424484802473,9.6424484802473,0.15169790814761877,0.21807689393568577,0.0,"{""1"": 12}",9.6424484802473,9.642309767167074,2.665442097703853,1e-05,True,40,development_isotonic_frozen
s0-i4,development,0,oracle,min_within_batch_tc,1950e422c9798c28,"[[1, 3, 5, 6], [0, 8, 10, 11], [2, 4, 7, 9]]",0.15169790814761877,-0.5527120744079289,1.0645574478777207,-9.49535852347996e-15,,1.0,8.484726264077665,8.484726264077665,0.15169790814761877,0.6993892817944761,0.0,"{""1"": 12}",8.484726264077665,8.484589211133002,2.699184192729707,1e-05,True,40,development_isotonic_frozen
s0-i4,development,0,oracle,dprm_myopic,61ccd167c26b51e9,"[[2, 5, 8, 10], [1, 3, 4, 6], [0, 7, 9, 11]]",0.15169790814761877,-0.5240766634706847,1.0967647204579711,-1.0683083084575979e-14,,1.0,8.263765760229006,8.263765760229006,0.15169790814761877,0.0,0.0,"{""1"": 12}",8.263765760229006,8.263629870459763,2.639079108170972,1e-05,True,40,development_isotonic_frozen
s0-i4,development,0,oracle,dprm_rollout,7cb4c368fcfeb380,"[[2, 5, 9, 10], [3, 6, 7, 8], [0, 1, 4, 11]]",0.15169790814761877,-0.5157195323637052,1.0980403712610503,-1.1141348683496944e-14,,1.0,7.419899991035297,7.419899991035297,0.15169790814761877,0.17351113532958984,2.059893673051205,"{""1"": 12}",7.419899991035297,7.419760919356801,2.621130731937186,1e-05,True,40,development_isotonic_frozen
s0-i4,development,0,oracle,subset_exact,c8c49e3242011401,"[[2, 3, 8, 10], [4, 5, 6, 7], [0, 1, 9, 11]]",0.15169790814761877,-0.5236632362109133,1.106328760643556,-1.0998174137385134e-14,,1.0,8.084205868247686,8.084205868247686,0.15169790814761877,0.41982133112478515,2.059893673051205,"{""1"": 12}",8.084205868247686,8.084061288352789,2.752544995466168,1e-05,True,40,development_isotonic_frozen
s0-i4,development,0,oracle,subset_beam_8,598abcd3c2931ef6,"[[0, 1, 2, 3], [4, 5, 6, 7], [8, 9, 10, 11]]",0.15169790814761877,-0.5565296074093713,1.0954537979433805,-8.029960076386816e-15,,1.0,6.990642531301752,6.990642531301752,0.15169790814761877,0.0,0.0,"{""1"": 12}",6.990642531301752,6.990497686318653,2.926860586276849,1e-05,True,40,development_isotonic_frozen
s0-i4,development,0,oracle,subset_beam_32,c8c49e3242011401,"[[2, 3, 8, 10], [4, 5, 6, 7], [0, 1, 9, 11]]",0.15169790814761877,-0.5236632362109133,1.106328760643556,-1.0998174137385134e-14,,1.0,8.084205868247686,8.084205868247686,0.15169790814761877,0.41982133112478515,2.059893673051205,"{""1"": 12}",8.084205868247686,8.084061288352789,2.752544995466168,1e-05,True,40,development_isotonic_frozen
s0-i4,development,0,oracle,saps_diagonal,f7f65cb109b112dd,"[[3, 4, 7, 9], [0, 1, 5, 8], [2, 6, 10, 11]]",0.15169790814761877,-0.47976401661623885,1.1927931216233933,-1.177201763328933e-14,,1.0,8.478844040169426,8.478844040169426,0.15169790814761877,0.20955618201291423,0.0,"{""1"": 12}",8.478844040169426,8.478700967570743,2.344396275183623,1e-05,True,40,development_isotonic_frozen
s0-i4,development,0,oracle,p_saps_residualized,30993213c98d2aed,"[[2, 5, 8, 11], [3, 7, 9, 10], [0, 1, 4, 6]]",0.15169790814761877,-0.5429902370453842,1.0666281569822578,-1.0607947675251892e-14,,1.0,7.537531776364318,7.537531776364318,0.15169790814761877,0.13795051524588015,0.02913356668948791,"{""1"": 12}",7.537531776364318,7.537397885101131,2.4944754736771015,1e-05,True,80,development_isotonic_frozen
s0-i4,development,0,oracle,p_saps_projection,acb1f18182a8d842,"[[4, 9, 10, 11], [2, 6, 7, 8], [0, 1, 3, 5]]",0.15169790814761877,-0.5186797314691799,1.109379635219878,-1.4021580319880091e-14,,1.0,10.193158268123774,10.193158268123774,0.15169790814761877,0.23221778486911987,-0.5834928336568621,"{""1"": 12}",10.193158268123774,10.193001370011448,2.327190123252906,1e-05,True,640,development_isotonic_frozen
s0-i4,development,0,oracle,b_saps_budgeted,f7f65cb109b112dd,"[[3, 4, 7, 9], [0, 1, 5, 8], [2, 6, 10, 11]]",0.15169790814761877,-0.47976401661623885,1.1927931216233933,-1.177201763328933e-14,,1.0,8.478844040169426,8.478844040169426,0.15169790814761877,0.20955618201291423,0.0,"{""1"": 12}",8.478844040169426,8.478700967570743,2.344396275183623,1e-05,True,40,development_isotonic_frozen
s0-i4,development,0,oracle,random_balanced,f7f65cb109b112dd,"[[3, 4, 7, 9], [0, 1, 5, 8], [2, 6, 10, 11]]",0.30663109799643873,-0.47976401661623885,1.1927931216233933,-1.177201763328933e-14,,1.0,8.478844040169426,8.478844040169426,0.30663109799643873,1.5396855499053996,0.7193164946562673,"{""1"": 12}",8.478844040169426,8.478700967570743,2.344396275183623,1e-05,True,40,development_isotonic_frozen
s0-i4,development,0,oracle,confidence,1e2ed71c99296b7d,"[[4, 5, 6, 7], [1, 8, 9, 10], [0, 2, 3, 11]]",0.30663109799643873,-0.4085440349103015,1.2669490248760906,-9.19046545293123e-15,,1.0,7.120137918982055,7.120137918982055,0.30663109799643873,1.9041963506280628,0.0,"{""1"": 12}",7.120137918982055,7.119997682461444,2.4481130360058536,1e-05,True,40,development_isotonic_frozen
s0-i4,development,0,oracle,entropy,1e2ed71c99296b7d,"[[4, 5, 6, 7], [1, 8, 9, 10], [0, 2, 3, 11]]",0.30663109799643873,-0.4085440349103015,1.2669490248760906,-9.19046545293123e-15,,1.0,7.120137918982055,7.120137918982055,0.30663109799643873,1.9041963506280628,0.0,"{""1"": 12}",7.120137918982055,7.119997682461444,2.4481130360058536,1e-05,True,40,development_isotonic_frozen
s0-i4,development,0,oracle,dependency_cmi,13e62b7f007943f5,"[[0, 1, 2, 5], [3, 6, 7, 11], [4, 8, 9, 10]]",0.30663109799643873,-0.5555261740613769,1.0811448696942287,-9.678506312385473e-15,,1.0,9.6424484802473,9.6424484802473,0.30663109799643873,1.1144811571463857,0.7193164946562673,"{""1"": 12}",9.6424484802473,9.642309767167074,2.665442097703853,1e-05,True,40,development_isotonic_frozen
s0-i4,development,0,oracle,min_within_batch_tc,1950e422c9798c28,"[[1, 3, 5, 6], [0, 8, 10, 11], [2, 4, 7, 9]]",0.30663109799643873,-0.5527120744079289,1.0645574478777207,-9.49535852347996e-15,,1.0,8.484726264077665,8.484726264077665,0.30663109799643873,0.2244463837507885,-0.7734826631895393,"{""1"": 12}",8.484726264077665,8.484589211133002,2.699184192729707,1e-05,True,40,development_isotonic_frozen
s0-i4,development,0,oracle,dprm_myopic,61ccd167c26b51e9,"[[2, 5, 8, 10], [1, 3, 4, 6], [0, 7, 9, 11]]",0.30663109799643873,-0.5240766634706847,1.0967647204579711,-1.0683083084575979e-14,,1.0,8.263765760229006,8.263765760229006,0.30663109799643873,0.4038009969530793,0.0,"{""1"": 12}",8.263765760229006,8.263629870459763,2.639079108170972,1e-05,True,40,development_isotonic_frozen
s0-i4,development,0,oracle,dprm_rollout,cb3512dc28973e6c,"[[4, 6, 7, 10], [3, 5, 9, 11], [0, 1, 2, 8]]",0.30663109799643873,-0.4508644761752765,1.2176259990215026,-1.0172963647282269e-14,,1.0,9.989526496257497,9.989526496257497,0.30663109799643873,0.12886300126822975,0.7193164946562673,"{""1"": 12}",9.989526496257497,9.989374864723189,2.5185450962493197,1e-05,True,40,development_isotonic_frozen
s0-i4,development,0,oracle,subset_exact,5bff574c9eb0384d,"[[1, 2, 3, 9], [4, 5, 6, 7], [0, 8, 10, 11]]",0.30663109799643873,-0.5405369286733316,1.0981912025469576,-8.5638905988155e-15,,1.0,7.430569981075585,7.430569981075585,0.30663109799643873,0.22785622655668727,1.5504206317788976,"{""1"": 12}",7.430569981075585,7.43042546323243,2.410106373411364,1e-05,True,40,development_isotonic_frozen
s0-i4,development,0,oracle,subset_beam_8,1ee52ec35431516a,"[[0, 1, 2, 4], [5, 6, 7, 8], [3, 9, 10, 11]]",0.30663109799643873,-0.5107113194365477,1.149522342468493,-6.8624055392594705e-15,,1.0,7.846895611031666,7.846895611031666,0.30663109799643873,0.3158651159532817,0.7193164946562673,"{""1"": 12}",7.846895611031666,7.846744259748641,2.4281522306357015,1e-05,True,40,development_isotonic_frozen
s0-i4,development,0,oracle,subset_beam_32,1ee52ec35431516a,"[[0, 1, 2, 4], [5, 6, 7, 8], [3, 9, 10, 11]]",0.30663109799643873,-0.5107113194365477,1.149522342468493,-6.8624055392594705e-15,,1.0,7.846895611031666,7.846895611031666,0.30663109799643873,0.3158651159532817,0.7193164946562673,"{""1"": 12}",7.846895611031666,7.846744259748641,2.4281522306357015,1e-05,True,40,development_isotonic_frozen
s0-i4,development,0,oracle,saps_diagonal,f7f65cb109b112dd,"[[3, 4, 7, 9], [0, 1, 5, 8], [2, 6, 10, 11]]",0.30663109799643873,-0.47976401661623885,1.1927931216233933,-1.177201763328933e-14,,1.0,8.478844040169426,8.478844040169426,0.30663109799643873,1.5396855499053996,0.7193164946562673,"{""1"": 12}",8.478844040169426,8.478700967570743,2.344396275183623,1e-05,True,40,development_isotonic_frozen
s0-i4,development,0,oracle,p_saps_residualized,30993213c98d2aed,"[[2, 5, 8, 11], [3, 7, 9, 10], [0, 1, 4, 6]]",0.30663109799643873,-0.5429902370453842,1.0666281569822578,-1.0607947675251892e-14,,1.0,7.537531776364318,7.537531776364318,0.30663109799643873,0.5637710503426294,0.7193164946562673,"{""1"": 12}",7.537531776364318,7.537397885101131,2.4944754736771015,1e-05,True,80,development_isotonic_frozen
s0-i4,development,0,oracle,p_saps_projection,acb1f18182a8d842,"[[4, 9, 10, 11], [2, 6, 7, 8], [0, 1, 3, 5]]",0.30663109799643873,-0.5186797314691799,1.109379635219878,-1.4021580319880091e-14,,1.0,10.193158268123774,10.193158268123774,0.30663109799643873,0.19072890970714867,0.7193164946562673,"{""1"": 12}",10.193158268123774,10.193001370011448,2.327190123252906,1e-05,True,640,development_isotonic_frozen
s0-i4,development,0,oracle,b_saps_budgeted,f7f65cb109b112dd,"[[3, 4, 7, 9], [0, 1, 5, 8], [2, 6, 10, 11]]",0.30663109799643873,-0.47976401661623885,1.1927931216233933,-1.177201763328933e-14,,1.0,8.478844040169426,8.478844040169426,0.30663109799643873,1.5396855499053996,0.7193164946562673,"{""1"": 12}",8.478844040169426,8.478700967570743,2.344396275183623,1e-05,True,40,development_isotonic_frozen
s0-i4,development,0,oracle,random_balanced,f7f65cb109b112dd,"[[3, 4, 7, 9], [0, 1, 5, 8], [2, 6, 10, 11]]",0.435985824316389,-0.47976401661623885,1.1927931216233933,-1.177201763328933e-14,,1.0,8.478844040169426,8.478844040169426,0.435985824316389,2.2330208261396187,5.078203588628007,"{""1"": 12}",8.478844040169426,8.478700967570743,2.344396275183623,1e-05,True,40,development_isotonic_frozen
s0-i4,development,0,oracle,confidence,1e2ed71c99296b7d,"[[4, 5, 6, 7], [1, 8, 9, 10], [0, 2, 3, 11]]",0.435985824316389,-0.4085440349103015,1.2669490248760906,-9.19046545293123e-15,,1.0,7.120137918982055,7.120137918982055,0.435985824316389,1.62383727275533,2.391488354224247,"{""1"": 12}",7.120137918982055,7.119997682461444,2.4481130360058536,1e-05,True,40,development_isotonic_frozen
s0-i4,development,0,oracle,entropy,1e2ed71c99296b7d,"[[4, 5, 6, 7], [1, 8, 9, 10], [0, 2, 3, 11]]",0.435985824316389,-0.4085440349103015,1.2669490248760906,-9.19046545293123e-15,,1.0,7.120137918982055,7.120137918982055,0.435985824316389,1.62383727275533,2.391488354224247,"{""1"": 12}",7.120137918982055,7.119997682461444,2.4481130360058536,1e-05,True,40,development_isotonic_frozen
s0-i4,development,0,oracle,dependency_cmi,13e62b7f007943f5,"[[0, 1, 2, 5], [3, 6, 7, 11], [4, 8, 9, 10]]",0.435985824316389,-0.5555261740613769,1.0811448696942287,-9.678506312385473e-15,,1.0,9.6424484802473,9.6424484802473,0.435985824316389,0.6349217191323787,2.545780907500578,"{""1"": 12}",9.6424484802473,9.642309767167074,2.665442097703853,1e-05,True,40,development_isotonic_frozen
s0-i4,development,0,oracle,min_within_batch_tc,1950e422c9798c28,"[[1, 3, 5, 6], [0, 8, 10, 11], [2, 4, 7, 9]]",0.435985824316389,-0.5527120744079289,1.0645574478777207,-9.49535852347996e-15,,1.0,8.484726264077665,8.484726264077665,0.435985824316389,1.8794884093806754,-0.3246828672214539,"{""1"": 12}",8.484726264077665,8.484589211133002,2.699184192729707,1e-05,True,40,development_isotonic_frozen
s0-i4,development,0,oracle,dprm_myopic,61ccd167c26b51e9,"[[2, 5, 8, 10], [1, 3, 4, 6], [0, 7, 9, 11]]",0.435985824316389,-0.5240766634706847,1.0967647204579711,-1.0683083084575979e-14,,1.0,8.263765760229006,8.263765760229006,0.435985824316389,0.760325934507322,2.2817119999034805,"{""1"": 12}",8.263765760229006,8.263629870459763,2.639079108170972,1e-05,True,40,development_isotonic_frozen
s0-i4,development,0,oracle,dprm_rollout,9714baf4d0d48701,"[[6, 8, 10, 11], [0, 1, 3, 4], [2, 5, 7, 9]]",0.435985824316389,-0.5683333798724364,1.0374418763702564,-1.0417919091590549e-14,,1.0,10.221690119514648,10.221690119514648,0.435985824316389,0.5608824675426254,3.7745111577492874,"{""1"": 12}",10.221690119514648,10.221538958241272,2.6512192218864414,1e-05,True,40,development_isotonic_frozen
s0-i4,development,0,oracle,subset_exact,968291e22dae4586,"[[1, 6, 7, 8], [4, 5, 9, 10], [0, 2, 3, 11]]",0.435985824316389,-0.454247508641156,1.1923373005892268,-1.1565051747136163e-14,,1.0,6.113136570702543,6.113136570702543,0.435985824316389,2.3298130940596886,7.442004628560868,"{""1"": 12}",6.113136570702543,6.112990069944621,2.4364226799863937,1e-05,True,40,development_isotonic_frozen
s0-i4,development,0,oracle,subset_beam_8,b37933f122d8df74,"[[0, 3, 6, 8], [1, 4, 5, 7], [2, 9, 10, 11]]",0.435985824316389,-0.5140958081219843,1.1300006771278872,-1.0316246977662142e-14,,1.0,7.903927255660875,7.903927255660875,0.435985824316389,0.678677167113871,6.68306686575211,"{""1"": 12}",7.903927255660875,7.9037818847905585,2.8186209978071517,1e-05,True,40,development_isotonic_frozen
s0-i4,development,0,oracle,subset_beam_32,ab662cac4ce60241,"[[2, 7, 8, 11], [1, 4, 5, 6], [0, 3, 9, 10]]",0.435985824316389,-0.5002420505919558,1.1414943201418575,-1.1591718764343347e-14,,1.0,6.347768111873954,6.347768111873954,0.435985824316389,0.8335010058632479,7.113150248698233,"{""1"": 12}",6.347768111873954,6.347621657443405,2.246600938956279,1e-05,True,40,development_isotonic_frozen
s0-i4,development,0,oracle,saps_diagonal,f7f65cb109b112dd,"[[3, 4, 7, 9], [0, 1, 5, 8], [2, 6, 10, 11]]",0.435985824316389,-0.47976401661623885,1.1927931216233933,-1.177201763328933e-14,,1.0,8.478844040169426,8.478844040169426,0.435985824316389,2.2330208261396187,5.078203588628007,"{""1"": 12}",8.478844040169426,8.478700967570743,2.344396275183623,1e-05,True,40,development_isotonic_frozen
s0-i4,development,0,oracle,p_saps_residualized,30993213c98d2aed,"[[2, 5, 8, 11], [3, 7, 9, 10], [0, 1, 4, 6]]",0.435985824316389,-0.5429902370453842,1.0666281569822578,-1.0607947675251892e-14,,1.0,7.537531776364318,7.537531776364318,0.435985824316389,0.5470915008243835,1.755734119526576,"{""1"": 12}",7.537531776364318,7.537397885101131,2.4944754736771015,1e-05,True,80,development_isotonic_frozen
s0-i4,development,0,oracle,p_saps_projection,acb1f18182a8d842,"[[4, 9, 10, 11], [2, 6, 7, 8], [0, 1, 3, 5]]",0.435985824316389,-0.5186797314691799,1.109379635219878,-1.4021580319880091e-14,,1.0,10.193158268123774,10.193158268123774,0.435985824316389,1.5199689467953212,2.990409190827482,"{""1"": 12}",10.193158268123774,10.193001370011448,2.327190123252906,1e-05,True,640,development_isotonic_frozen
s0-i4,development,0,oracle,b_saps_budgeted,f7f65cb109b112dd,"[[3, 4, 7, 9], [0, 1, 5, 8], [2, 6, 10, 11]]",0.435985824316389,-0.47976401661623885,1.1927931216233933,-1.177201763328933e-14,,1.0,8.478844040169426,8.478844040169426,0.435985824316389,2.2330208261396187,5.078203588628007,"{""1"": 12}",8.478844040169426,8.478700967570743,2.344396275183623,1e-05,True,40,development_isotonic_frozen
s0-i4,development,0,oracle,random_balanced,387d7012f434d585,"[[4, 7, 9], [3, 5, 8], [0, 1, 6], [2, 10, 11]]",0.15169790814761877,-0.6796112874936368,1.8261476153229346,-7.731962108070488e-15,,1.0,9.945196230027015,9.945196230027015,0.15169790814761877,0.38239424229121577,0.0,"{""1"": 12}",9.945196230027015,9.94505035371565,2.987604140837085,1e-05,True,40,development_isotonic_frozen
s0-i4,development,0,oracle,confidence,ae5ac88a436df27b,"[[4, 5, 7], [6, 8, 9], [0, 1, 10], [2, 3, 11]]",0.15169790814761877,-0.6263977000441948,1.8846827664101002,-8.329742583219198e-15,,1.0,7.158214861782775,7.158214861782775,0.15169790814761877,0.11437679220694283,0.0,"{""1"": 12}",7.158214861782775,7.158074980026784,2.7115341084332467,1e-05,True,40,development_isotonic_frozen
s0-i4,development,0,oracle,entropy,0def23de39d733f2,"[[4, 5, 7], [6, 8, 10], [0, 1, 9], [2, 3, 11]]",0.15169790814761877,-0.626604023506343,1.8868371746727544,-8.370482985430575e-15,,1.0,7.129001919569416,7.129001919569416,0.15169790814761877,0.2583332007972739,0.8311041371226302,"{""1"": 12}",7.129001919569416,7.128865709725492,2.2853985812200994,1e-05,True,40,development_isotonic_frozen
s0-i4,development,0,oracle,dependency_cmi,1b3d85e33d977467,"[[0, 1, 2], [3, 4, 5], [6, 7, 11], [8, 9, 10]]",0.15169790814761877,-0.8320646262666108,1.6454884827500136,-5.485439818065566e-15,,1.0,7.868059051952826,7.868059051952826,0.15169790814761877,0.24591537100756425,0.0,"{""1"": 12}",7.868059051952826,7.867924279195233,2.904481062319813,1e-05,True,40,development_isotonic_frozen
s0-i4,development,0,oracle,min_within_batch_tc,775eeff78d50e600,"[[1, 3, 4], [8, 10, 11], [0, 5, 6], [2, 7, 9]]",0.15169790814761877,-0.8294917651778809,1.6288346459708078,-5.135288818071188e-15,,1.0,8.131665795056346,8.131665795056346,0.15169790814761877,0.021630321932948046,0.0,"{""1"": 12}",8.131665795056346,8.13151586679664,2.861314672935372,1e-05,True,40,development_isotonic_frozen
s0-i4,development,0,oracle,dprm_myopic,ce9eb49be02bf6fe,"[[5, 8, 10], [2, 3, 4], [1, 6, 9], [0, 7, 11]]",0.15169790814761877,-0.7729068585451594,1.6652785317766117,-6.51983633912057e-15,,1.0,8.251477205492266,8.251477205492266,0.15169790814761877,0.07461933699317776,0.0,"{""1"": 12}",8.251477205492266,8.251343805984249,2.696118838376164,1e-05,True,40,development_isotonic_frozen
s0-i4,development,0,oracle,dprm_rollout,d186a021e743b2cc,"[[2, 5, 8], [7, 9, 10], [1, 4, 6], [0, 3, 11]]",0.15169790814761877,-0.7267920987364852,1.717101373273241,-8.861104931218176e-15,,1.0,7.497009174178458,7.497009174178458,0.15169790814761877,0.5778121529687922,1.2287895359285752,"{""1"": 12}",7.497009174178458,7.49687750350636,2.403420156019818,1e-05,True,40,development_isotonic_frozen
s0-i4,development,0,oracle,subset_exact,8652eb23a0809802,"[[2, 3, 10], [4, 5, 7], [6, 8, 9], [0, 1, 11]]",0.15169790814761877,-0.7613489569740155,1.710296903663955,-8.474229491284535e-15,,1.0,6.1878809210967844,6.1878809210967844,0.15169790814761877,0.1858857626897564,2.059893673051205,"{""1"": 12}",6.1878809210967844,6.18774130122773,2.334382650980605,1e-05,True,40,development_isotonic_frozen
s0-i4,development,0,oracle,subset_beam_8,8652eb23a0809802,"[[2, 3, 10], [4, 5, 7], [6, 8, 9], [0, 1, 11]]",0.15169790814761877,-0.7613489569740155,1.710296903663955,-8.474229491284535e-15,,1.0,6.1878809210967844,6.1878809210967844,0.15169790814761877,0.1858857626897564,2.059893673051205,"{""1"": 12}",6.1878809210967844,6.18774130122773,2.334382650980605,1e-05,True,40,development_isotonic_frozen
s0-i4,development,0,oracle,subset_beam_32,8652eb23a0809802,"[[2, 3, 10], [4, 5, 7], [6, 8, 9], [0, 1, 11]]",0.15169790814761877,-0.7613489569740155,1.710296903663955,-8.474229491284535e-15,,1.0,6.1878809210967844,6.1878809210967844,0.15169790814761877,0.1858857626897564,2.059893673051205,"{""1"": 12}",6.1878809210967844,6.18774130122773,2.334382650980605,1e-05,True,40,development_isotonic_frozen
s0-i4,development,0,oracle,saps_diagonal,387d7012f434d585,"[[4, 7, 9], [3, 5, 8], [0, 1, 6], [2, 10, 11]]",0.15169790814761877,-0.6796112874936368,1.8261476153229346,-7.731962108070488e-15,,1.0,9.945196230027015,9.945196230027015,0.15169790814761877,0.38239424229121577,0.0,"{""1"": 12}",9.945196230027015,9.94505035371565,2.987604140837085,1e-05,True,40,development_isotonic_frozen
s0-i4,development,0,oracle,p_saps_residualized,831c0902dc28ec90,"[[2, 5, 11], [7, 8, 10], [0, 3, 9], [1, 4, 6]]",0.15169790814761877,-0.8067880160008678,1.6230575792737278,-8.252320672566302e-15,,1.0,9.390286648009749,9.390286648009749,0.15169790814761877,0.18111389515878837,-1.1996559692390873,"{""1"": 12}",9.390286648009749,9.390147989834865,2.489594781653563,1e-05,True,80,development_isotonic_frozen
s0-i4,development,0,oracle,p_saps_projection,831c0902dc28ec90,"[[2, 5, 11], [7, 8, 10], [0, 3, 9], [1, 4, 6]]",0.15169790814761877,-0.8067880160008678,1.6230575792737278,-8.252320672566302e-15,,1.0,9.390286648009749,9.390286648009749,0.15169790814761877,0.18111389515878837,-1.1996559692390873,"{""1"": 12}",9.390286648009749,9.390147989834865,2.489594781653563,1e-05,True,640,development_isotonic_frozen
s0-i4,development,0,oracle,b_saps_budgeted,387d7012f434d585,"[[4, 7, 9], [3, 5, 8], [0, 1, 6], [2, 10, 11]]",0.15169790814761877,-0.6796112874936368,1.8261476153229346,-7.731962108070488e-15,,1.0,9.945196230027015,9.945196230027015,0.15169790814761877,0.38239424229121577,0.0,"{""1"": 12}",9.945196230027015,9.94505035371565,2.987604140837085,1e-05,True,40,development_isotonic_frozen
s0-i4,development,0,oracle,random_balanced,387d7012f434d585,"[[4, 7, 9], [3, 5, 8], [0, 1, 6], [2, 10, 11]]",0.30663109799643873,-0.6796112874936368,1.8261476153229346,-7.731962108070488e-15,,1.0,9.945196230027015,9.945196230027015,0.30663109799643873,0.42405091426944713,0.7193164946562673,"{""1"": 12}",9.945196230027015,9.94505035371565,2.987604140837085,1e-05,True,40,development_isotonic_frozen
s0-i4,development,0,oracle,confidence,ae5ac88a436df27b,"[[4, 5, 7], [6, 8, 9], [0, 1, 10], [2, 3, 11]]",0.30663109799643873,-0.6263977000441948,1.8846827664101002,-8.329742583219198e-15,,1.0,7.158214861782775,7.158214861782775,0.30663109799643873,0.11692531884734005,0.7193164946562673,"{""1"": 12}",7.158214861782775,7.158074980026784,2.7115341084332467,1e-05,True,40,development_isotonic_frozen
s0-i4,development,0,oracle,entropy,0def23de39d733f2,"[[4, 5, 7], [6, 8, 10], [0, 1, 9], [2, 3, 11]]",0.30663109799643873,-0.626604023506343,1.8868371746727544,-8.370482985430575e-15,,1.0,7.129001919569416,7.129001919569416,0.30663109799643873,0.949037068710977,0.7193164946562673,"{""1"": 12}",7.129001919569416,7.128865709725492,2.2853985812200994,1e-05,True,40,development_isotonic_frozen
s0-i4,development,0,oracle,dependency_cmi,1b3d85e33d977467,"[[0, 1, 2], [3, 4, 5], [6, 7, 11], [8, 9, 10]]",0.30663109799643873,-0.8320646262666108,1.6454884827500136,-5.485439818065566e-15,,1.0,7.868059051952826,7.868059051952826,0.30663109799643873,0.37929836977036196,-0.7734826631895393,"{""1"": 12}",7.868059051952826,7.867924279195233,2.904481062319813,1e-05,True,40,development_isotonic_frozen
s0-i4,development,0,oracle,min_within_batch_tc,775eeff78d50e600,"[[1, 3, 4], [8, 10, 11], [0, 5, 6], [2, 7, 9]]",0.30663109799643873,-0.8294917651778809,1.6288346459708078,-5.135288818071188e-15,,1.0,8.131665795056346,8.131665795056346,0.30663109799643873,0.5212483125183833,0.7193164946562673,"{""1"": 12}",8.131665795056346,8.13151586679664,2.861314672935372,1e-05,True,40,development_isotonic_frozen
s0-i4,development,0,oracle,dprm_myopic,ce9eb49be02bf6fe,"[[5, 8, 10], [2, 3, 4], [1, 6, 9], [0, 7, 11]]",0.30663109799643873,-0.7729068585451594,1.6652785317766117,-6.51983633912057e-15,,1.0,8.251477205492266,8.251477205492266,0.30663109799643873,1.1179178661610272,0.8311041371226301,"{""1"": 12}",8.251477205492266,8.251343805984249,2.696118838376164,1e-05,True,40,development_isotonic_frozen
s0-i4,development,0,oracle,dprm_rollout,55a3d1d954f8ff63,"[[3, 6, 7], [5, 10, 11], [4, 8, 9], [0, 1, 2]]",0.30663109799643873,-0.7249978896467768,1.7470904675869516,-3.4959624475993985e-15,,1.0,7.412623871656572,7.412623871656572,0.30663109799643873,0.6345340162671064,-0.7734826631895393,"{""1"": 12}",7.412623871656572,7.412475064952881,2.5642353951878922,1e-05,True,40,development_isotonic_frozen
s0-i4,development,0,oracle,subset_exact,9f24a05cffce3b3a,"[[1, 2, 4], [5, 6, 7], [0, 8, 9], [3, 10, 11]]",0.30663109799643873,-0.7213024918635981,1.77462327762617,-2.9317514548974044e-15,,1.0,6.12180024503669,6.12180024503669,0.30663109799643873,0.19732707392705753,1.5504206317788976,"{""1"": 12}",6.12180024503669,6.121654166582989,2.6249650362261545,1e-05,True,40,development_isotonic_frozen
s0-i4,development,0,oracle,subset_beam_8,dd978f58416ec9d9,"[[0, 1, 2], [4, 5, 7], [6, 8, 9], [3, 10, 11]]",0.30663109799643873,-0.7688328096101783,1.7138328814165174,-4.847060175635359e-15,,1.0,6.318861267669972,6.318861267669972,0.30663109799643873,0.5330074197355374,0.7193164946562673,"{""1"": 12}",6.318861267669972,6.318723292414391,2.5291017446076984,1e-05,True,40,development_isotonic_frozen
s0-i4,development,0,oracle,subset_beam_32,9f24a05cffce3b3a,"[[1, 2, 4], [5, 6, 7], [0, 8, 9], [3, 10, 11]]",0.30663109799643873,-0.7213024918635981,1.77462327762617,-2.9317514548974044e-15,,1.0,6.12180024503669,6.12180024503669,0.30663109799643873,0.19732707392705753,1.5504206317788976,"{""1"": 12}",6.12180024503669,6.121654166582989,2.6249650362261545,1e-05,True,40,development_isotonic_frozen
s0-i4,development,0,oracle,saps_diagonal,387d7012f434d585,"[[4, 7, 9], [3, 5, 8], [0, 1, 6], [2, 10, 11]]",0.30663109799643873,-0.6796112874936368,1.8261476153229346,-7.731962108070488e-15,,1.0,9.945196230027015,9.945196230027015,0.30663109799643873,0.42405091426944713,0.7193164946562673,"{""1"": 12}",9.945196230027015,9.94505035371565,2.987604140837085,1e-05,True,40,development_isotonic_frozen
s0-i4,development,0,oracle,p_saps_residualized,831c0902dc28ec90,"[[2, 5, 11], [7, 8, 10], [0, 3, 9], [1, 4, 6]]",0.30663109799643873,-0.8067880160008678,1.6230575792737278,-8.252320672566302e-15,,1.0,9.390286648009749,9.390286648009749,0.30663109799643873,1.2579636148914133,0.7193164946562673,"{""1"": 12}",9.390286648009749,9.390147989834865,2.489594781653563,1e-05,True,80,development_isotonic_frozen
s0-i4,development,0,oracle,p_saps_projection,831c0902dc28ec90,"[[2, 5, 11], [7, 8, 10], [0, 3, 9], [1, 4, 6]]",0.30663109799643873,-0.8067880160008678,1.6230575792737278,-8.252320672566302e-15,,1.0,9.390286648009749,9.390286648009749,0.30663109799643873,1.2579636148914133,0.7193164946562673,"{""1"": 12}",9.390286648009749,9.390147989834865,2.489594781653563,1e-05,True,640,development_isotonic_frozen
s0-i4,development,0,oracle,b_saps_budgeted,387d7012f434d585,"[[4, 7, 9], [3, 5, 8], [0, 1, 6], [2, 10, 11]]",0.30663109799643873,-0.6796112874936368,1.8261476153229346,-7.731962108070488e-15,,1.0,9.945196230027015,9.945196230027015,0.30663109799643873,0.42405091426944713,0.7193164946562673,"{""1"": 12}",9.945196230027015,9.94505035371565,2.987604140837085,1e-05,True,40,development_isotonic_frozen
s0-i4,development,0,oracle,random_balanced,387d7012f434d585,"[[4, 7, 9], [3, 5, 8], [0, 1, 6], [2, 10, 11]]",0.435985824316389,-0.6796112874936368,1.8261476153229346,-7.731962108070488e-15,,1.0,9.945196230027015,9.945196230027015,0.435985824316389,1.7861944849551379,3.8512444887705173,"{""1"": 12}",9.945196230027015,9.94505035371565,2.987604140837085,1e-05,True,40,development_isotonic_frozen
s0-i4,development,0,oracle,confidence,ae5ac88a436df27b,"[[4, 5, 7], [6, 8, 9], [0, 1, 10], [2, 3, 11]]",0.435985824316389,-0.6263977000441948,1.8846827664101002,-8.329742583219198e-15,,1.0,7.158214861782775,7.158214861782775,0.435985824316389,0.3703951982296958,6.320292065249864,"{""1"": 12}",7.158214861782775,7.158074980026784,2.7115341084332467,1e-05,True,40,development_isotonic_frozen
s0-i4,development,0,oracle,entropy,0def23de39d733f2,"[[4, 5, 7], [6, 8, 10], [0, 1, 9], [2, 3, 11]]",0.435985824316389,-0.626604023506343,1.8868371746727544,-8.370482985430575e-15,,1.0,7.129001919569416,7.129001919569416,0.435985824316389,1.6591699911658273,4.493827652405555,"{""1"": 12}",7.129001919569416,7.128865709725492,2.2853985812200994,1e-05,True,40,development_isotonic_frozen
s0-i4,development,0,oracle,dependency_cmi,1b3d85e33d977467,"[[0, 1, 2], [3, 4, 5], [6, 7, 11], [8, 9, 10]]",0.435985824316389,-0.8320646262666108,1.6454884827500136,-5.485439818065566e-15,,1.0,7.868059051952826,7.868059051952826,0.435985824316389,2.4428076765339526,3.6383985190783874,"{""1"": 12}",7.868059051952826,7.867924279195233,2.904481062319813,1e-05,True,40,development_isotonic_frozen
s0-i4,development,0,oracle,min_within_batch_tc,775eeff78d50e600,"[[1, 3, 4], [8, 10, 11], [0, 5, 6], [2, 7, 9]]",0.435985824316389,-0.8294917651778809,1.6288346459708078,-5.135288818071188e-15,,1.0,8.131665795056346,8.131665795056346,0.435985824316389,1.834004714084248,2.391488354224247,"{""1"": 12}",8.131665795056346,8.13151586679664,2.861314672935372,1e-05,True,40,development_isotonic_frozen
s0-i4,development,0,oracle,dprm_myopic,ce9eb49be02bf6fe,"[[5, 8, 10], [2, 3, 4], [1, 6, 9], [0, 7, 11]]",0.435985824316389,-0.7729068585451594,1.6652785317766117,-6.51983633912057e-15,,1.0,8.251477205492266,8.251477205492266,0.435985824316389,0.4185709872237208,6.320292065249864,"{""1"": 12}",8.251477205492266,8.251343805984249,2.696118838376164,1e-05,True,40,development_isotonic_frozen
s0-i4,development,0,oracle,dprm_rollout,3c2dbd16c7c4e4b1,"[[3, 6, 7], [5, 8, 11], [0, 2, 4], [1, 9, 10]]",0.435985824316389,-0.7390922210578906,1.7366697371209507,-3.524667534376521e-15,,1.0,7.709407684393007,7.709407684393007,0.435985824316389,1.1057002641029772,2.391488354224247,"{""1"": 12}",7.709407684393007,7.7092670227940845,2.700526153460925,1e-05,True,40,development_isotonic_frozen
s0-i4,development,0,oracle,subset_exact,671589f1582c0325,"[[0, 3, 10], [4, 5, 7], [6, 8, 9], [1, 2, 11]]",0.435985824316389,-0.7550467614051305,1.7293144669326128,-6.5514497246075035e-15,,1.0,6.350781202431657,6.350781202431657,0.435985824316389,1.0916314319010074,7.442004628560868,"{""1"": 12}",6.350781202431657,6.350641667153553,2.4320342461271194,1e-05,True,40,development_isotonic_frozen
s0-i4,development,0,oracle,subset_beam_8,671589f1582c0325,"[[0, 3, 10], [4, 5, 7], [6, 8, 9], [1, 2, 11]]",0.435985824316389,-0.7550467614051305,1.7293144669326128,-6.5514497246075035e-15,,1.0,6.350781202431657,6.350781202431657,0.435985824316389,1.0916314319010074,7.442004628560868,"{""1"": 12}",6.350781202431657,6.350641667153553,2.4320342461271194,1e-05,True,40,development_isotonic_frozen
s0-i4,development,0,oracle,subset_beam_32,671589f1582c0325,"[[0, 3, 10], [4, 5, 7], [6, 8, 9], [1, 2, 11]]",0.435985824316389,-0.7550467614051305,1.7293144669326128,-6.5514497246075035e-15,,1.0,6.350781202431657,6.350781202431657,0.435985824316389,1.0916314319010074,7.442004628560868,"{""1"": 12}",6.350781202431657,6.350641667153553,2.4320342461271194,1e-05,True,40,development_isotonic_frozen
s0-i4,development,0,oracle,saps_diagonal,387d7012f434d585,"[[4, 7, 9], [3, 5, 8], [0, 1, 6], [2, 10, 11]]",0.435985824316389,-0.6796112874936368,1.8261476153229346,-7.731962108070488e-15,,1.0,9.945196230027015,9.945196230027015,0.435985824316389,1.7861944849551379,3.8512444887705173,"{""1"": 12}",9.945196230027015,9.94505035371565,2.987604140837085,1e-05,True,40,development_isotonic_frozen
s0-i4,development,0,oracle,p_saps_residualized,831c0902dc28ec90,"[[2, 5, 11], [7, 8, 10], [0, 3, 9], [1, 4, 6]]",0.435985824316389,-0.8067880160008678,1.6230575792737278,-8.252320672566302e-15,,1.0,9.390286648009749,9.390286648009749,0.435985824316389,1.40470390562569,1.3224126245748185,"{""1"": 12}",9.390286648009749,9.390147989834865,2.489594781653563,1e-05,True,80,development_isotonic_frozen
s0-i4,development,0,oracle,p_saps_projection,831c0902dc28ec90,"[[2, 5, 11], [7, 8, 10], [0, 3, 9], [1, 4, 6]]",0.435985824316389,-0.8067880160008678,1.6230575792737278,-8.252320672566302e-15,,1.0,9.390286648009749,9.390286648009749,0.435985824316389,1.40470390562569,1.3224126245748185,"{""1"": 12}",9.390286648009749,9.390147989834865,2.489594781653563,1e-05,True,640,development_isotonic_frozen
s0-i4,development,0,oracle,b_saps_budgeted,387d7012f434d585,"[[4, 7, 9], [3, 5, 8], [0, 1, 6], [2, 10, 11]]",0.435985824316389,-0.6796112874936368,1.8261476153229346,-7.731962108070488e-15,,1.0,9.945196230027015,9.945196230027015,0.435985824316389,1.7861944849551379,3.8512444887705173,"{""1"": 12}",9.945196230027015,9.94505035371565,2.987604140837085,1e-05,True,40,development_isotonic_frozen
s0-i4,development,0,random_matched,random_balanced,8a4f20d215a3b9a1,"[[0, 1, 2, 3, 4, 5, 6, 7, 8, 9, 10, 11]]",2.2821376720595645,-0.0,0.0,-3.833673291048133e-14,,0.0,8.242540378003245,8.242540378003245,2.2821376720595645,0.06698347915984967,-1.1996559692390873,"{""4"": 9, ""3"": 10, ""2"": 11}",8.242540378003245,8.242522590376014,26.02312353489515,1e-05,True,40,development_isotonic_frozen
s0-i4,development,0,random_matched,confidence,8a4f20d215a3b9a1,"[[0, 1, 2, 3, 4, 5, 6, 7, 8, 9, 10, 11]]",2.2821376720595645,-0.0,0.0,-3.833673291048133e-14,,0.0,8.242540378003245,8.242540378003245,2.2821376720595645,0.06698347915984967,-1.1996559692390873,"{""4"": 9, ""3"": 10, ""2"": 11}",8.242540378003245,8.242522590376014,26.02312353489515,1e-05,True,40,development_isotonic_frozen
s0-i4,development,0,random_matched,entropy,8a4f20d215a3b9a1,"[[0, 1, 2, 3, 4, 5, 6, 7, 8, 9, 10, 11]]",2.2821376720595645,-0.0,0.0,-3.833673291048133e-14,,0.0,8.242540378003245,8.242540378003245,2.2821376720595645,0.06698347915984967,-1.1996559692390873,"{""4"": 9, ""3"": 10, ""2"": 11}",8.242540378003245,8.242522590376014,26.02312353489515,1e-05,True,40,development_isotonic_frozen
s0-i4,development,0,random_matched,dependency_cmi,8a4f20d215a3b9a1,"[[0, 1, 2, 3, 4, 5, 6, 7, 8, 9, 10, 11]]",2.2821376720595645,-0.0,0.0,-3.833673291048133e-14,,0.0,8.242540378003245,8.242540378003245,2.2821376720595645,0.06698347915984967,-1.1996559692390873,"{""4"": 9, ""3"": 10, ""2"": 11}",8.242540378003245,8.242522590376014,26.02312353489515,1e-05,True,40,development_isotonic_frozen
s0-i4,development,0,random_matched,min_within_batch_tc,8a4f20d215a3b9a1,"[[0, 1, 2, 3, 4, 5, 6, 7, 8, 9, 10, 11]]",2.2821376720595645,-0.0,0.0,-3.833673291048133e-14,,0.0,8.242540378003245,8.242540378003245,2.2821376720595645,0.06698347915984967,-1.1996559692390873,"{""4"": 9, ""3"": 10, ""2"": 11}",8.242540378003245,8.242522590376014,26.02312353489515,1e-05,True,40,development_isotonic_frozen
s0-i4,development,0,random_matched,dprm_myopic,8a4f20d215a3b9a1,"[[0, 1, 2, 3, 4, 5, 6, 7, 8, 9, 10, 11]]",2.2821376720595645,-0.0,0.0,-3.833673291048133e-14,,0.0,8.242540378003245,8.242540378003245,2.2821376720595645,0.06698347915984967,-1.1996559692390873,"{""4"": 9, ""3"": 10, ""2"": 11}",8.242540378003245,8.242522590376014,26.02312353489515,1e-05,True,40,development_isotonic_frozen
s0-i4,development,0,random_matched,dprm_rollout,8a4f20d215a3b9a1,"[[0, 1, 2, 3, 4, 5, 6, 7, 8, 9, 10, 11]]",2.2821376720595645,-0.0,0.0,-3.833673291048133e-14,,0.0,8.242540378003245,8.242540378003245,2.2821376720595645,0.06698347915984967,-1.1996559692390873,"{""4"": 9, ""3"": 10, ""2"": 11}",8.242540378003245,8.242522590376014,26.02312353489515,1e-05,True,40,development_isotonic_frozen
s0-i4,development,0,random_matched,subset_exact,8a4f20d215a3b9a1,"[[0, 1, 2, 3, 4, 5, 6, 7, 8, 9, 10, 11]]",2.2821376720595645,-0.0,0.0,-3.833673291048133e-14,,0.0,8.242540378003245,8.242540378003245,2.2821376720595645,0.06698347915984967,-1.1996559692390873,"{""4"": 9, ""3"": 10, ""2"": 11}",8.242540378003245,8.242522590376014,26.02312353489515,1e-05,True,40,development_isotonic_frozen
s0-i4,development,0,random_matched,subset_beam_8,8a4f20d215a3b9a1,"[[0, 1, 2, 3, 4, 5, 6, 7, 8, 9, 10, 11]]",2.2821376720595645,-0.0,0.0,-3.833673291048133e-14,,0.0,8.242540378003245,8.242540378003245,2.2821376720595645,0.06698347915984967,-1.1996559692390873,"{""4"": 9, ""3"": 10, ""2"": 11}",8.242540378003245,8.242522590376014,26.02312353489515,1e-05,True,40,development_isotonic_frozen
s0-i4,development,0,random_matched,subset_beam_32,8a4f20d215a3b9a1,"[[0, 1, 2, 3, 4, 5, 6, 7, 8, 9, 10, 11]]",2.2821376720595645,-0.0,0.0,-3.833673291048133e-14,,0.0,8.242540378003245,8.242540378003245,2.2821376720595645,0.06698347915984967,-1.1996559692390873,"{""4"": 9, ""3"": 10, ""2"": 11}",8.242540378003245,8.242522590376014,26.02312353489515,1e-05,True,40,development_isotonic_frozen
s0-i4,development,0,random_matched,saps_diagonal,8a4f20d215a3b9a1,"[[0, 1, 2, 3, 4, 5, 6, 7, 8, 9, 10, 11]]",2.2821376720595645,-0.0,0.0,-3.833673291048133e-14,,0.0,8.242540378003245,8.242540378003245,2.2821376720595645,0.06698347915984967,-1.1996559692390873,"{""4"": 9, ""3"": 10, ""2"": 11}",8.242540378003245,8.242522590376014,26.02312353489515,1e-05,True,40,development_isotonic_frozen
s0-i4,development,0,random_matched,p_saps_residualized,8a4f20d215a3b9a1,"[[0, 1, 2, 3, 4, 5, 6, 7, 8, 9, 10, 11]]",2.2821376720595645,-0.0,0.0,-3.833673291048133e-14,,0.0,8.242540378003245,8.242540378003245,2.2821376720595645,0.06698347915984967,-1.1996559692390873,"{""4"": 9, ""3"": 10, ""2"": 11}",8.242540378003245,8.242522590376014,26.02312353489515,1e-05,True,40,development_isotonic_frozen
s0-i4,development,0,random_matched,p_saps_projection,8a4f20d215a3b9a1,"[[0, 1, 2, 3, 4, 5, 6, 7, 8, 9, 10, 11]]",2.2821376720595645,-0.0,0.0,-3.833673291048133e-14,,0.0,8.242540378003245,8.242540378003245,2.2821376720595645,0.06698347915984967,-1.1996559692390873,"{""4"": 9, ""3"": 10, ""2"": 11}",8.242540378003245,8.242522590376014,26.02312353489515,1e-05,True,40,development_isotonic_frozen
s0-i4,development,0,random_matched,b_saps_budgeted,8a4f20d215a3b9a1,"[[0, 1, 2, 3, 4, 5, 6, 7, 8, 9, 10, 11]]",2.2821376720595645,-0.0,0.0,-3.833673291048133e-14,,0.0,8.242540378003245,8.242540378003245,2.2821376720595645,0.06698347915984967,-1.1996559692390873,"{""4"": 9, ""3"": 10, ""2"": 11}",8.242540378003245,8.242522590376014,26.02312353489515,1e-05,True,40,development_isotonic_frozen
s0-i4,development,0,random_matched,random_balanced,8a4f20d215a3b9a1,"[[0, 1, 2, 3, 4, 5, 6, 7, 8, 9, 10, 11]]",4.814453986849428,-0.0,0.0,-3.833673291048133e-14,,0.0,8.242540378003245,8.242540378003245,4.814453986849428,0.7675493917844405,0.7193164946562673,"{""4"": 9, ""3"": 10, ""2"": 11}",8.242540378003245,8.242522590376014,26.02312353489515,1e-05,True,40,development_isotonic_frozen
s0-i4,development,0,random_matched,confidence,8a4f20d215a3b9a1,"[[0, 1, 2, 3, 4, 5, 6, 7, 8, 9, 10, 11]]",4.814453986849428,-0.0,0.0,-3.833673291048133e-14,,0.0,8.242540378003245,8.242540378003245,4.814453986849428,0.7675493917844405,0.7193164946562673,"{""4"": 9, ""3"": 10, ""2"": 11}",8.242540378003245,8.242522590376014,26.02312353489515,1e-05,True,40,development_isotonic_frozen
s0-i4,development,0,random_matched,entropy,8a4f20d215a3b9a1,"[[0, 1, 2, 3, 4, 5, 6, 7, 8, 9, 10, 11]]",4.814453986849428,-0.0,0.0,-3.833673291048133e-14,,0.0,8.242540378003245,8.242540378003245,4.814453986849428,0.7675493917844405,0.7193164946562673,"{""4"": 9, ""3"": 10, ""2"": 11}",8.242540378003245,8.242522590376014,26.02312353489515,1e-05,True,40,development_isotonic_frozen
s0-i4,development,0,random_matched,dependency_cmi,8a4f20d215a3b9a1,"[[0, 1, 2, 3, 4, 5, 6, 7, 8, 9, 10, 11]]",4.814453986849428,-0.0,0.0,-3.833673291048133e-14,,0.0,8.242540378003245,8.242540378003245,4.814453986849428,0.7675493917844405,0.7193164946562673,"{""4"": 9, ""3"": 10, ""2"": 11}",8.242540378003245,8.242522590376014,26.02312353489515,1e-05,True,40,development_isotonic_frozen
s0-i4,development,0,random_matched,min_within_batch_tc,8a4f20d215a3b9a1,"[[0, 1, 2, 3, 4, 5, 6, 7, 8, 9, 10, 11]]",4.814453986849428,-0.0,0.0,-3.833673291048133e-14,,0.0,8.242540378003245,8.242540378003245,4.814453986849428,0.7675493917844405,0.7193164946562673,"{""4"": 9, ""3"": 10, ""2"": 11}",8.242540378003245,8.242522590376014,26.02312353489515,1e-05,True,40,development_isotonic_frozen
s0-i4,development,0,random_matched,dprm_myopic,8a4f20d215a3b9a1,"[[0, 1, 2, 3, 4, 5, 6, 7, 8, 9, 10, 11]]",4.814453986849428,-0.0,0.0,-3.833673291048133e-14,,0.0,8.242540378003245,8.242540378003245,4.814453986849428,0.7675493917844405,0.7193164946562673,"{""4"": 9, ""3"": 10, ""2"": 11}",8.242540378003245,8.242522590376014,26.02312353489515,1e-05,True,40,development_isotonic_frozen
s0-i4,development,0,random_matched,dprm_rollout,8a4f20d215a3b9a1,"[[0, 1, 2, 3, 4, 5, 6, 7, 8, 9, 10, 11]]",4.814453986849428,-0.0,0.0,-3.833673291048133e-14,,0.0,8.242540378003245,8.242540378003245,4.814453986849428,0.7675493917844405,0.7193164946562673,"{""4"": 9, ""3"": 10, ""2"": 11}",8.242540378003245,8.242522590376014,26.02312353489515,1e-05,True,40,development_isotonic_frozen
s0-i4,development,0,random_matched,subset_exact,8a4f20d215a3b9a1,"[[0, 1, 2, 3, 4, 5, 6, 7, 8, 9, 10, 11]]",4.814453986849428,-0.0,0.0,-3.833673291048133e-14,,0.0,8.242540378003245,8.242540378003245,4.814453986849428,0.7675493917844405,0.7193164946562673,"{""4"": 9, ""3"": 10, ""2"": 11}",8.242540378003245,8.242522590376014,26.02312353489515,1e-05,True,40,development_isotonic_frozen
s0-i4,development,0,random_matched,subset_beam_8,8a4f20d215a3b9a1,"[[0, 1, 2, 3, 4, 5, 6, 7, 8, 9, 10, 11]]",4.814453986849428,-0.0,0.0,-3.833673291048133e-14,,0.0,8.242540378003245,8.242540378003245,4.814453986849428,0.7675493917844405,0.7193164946562673,"{""4"": 9, ""3"": 10, ""2"": 11}",8.242540378003245,8.242522590376014,26.02312353489515,1e-05,True,40,development_isotonic_frozen
s0-i4,development,0,random_matched,subset_beam_32,8a4f20d215a3b9a1,"[[0, 1, 2, 3, 4, 5, 6, 7, 8, 9, 10, 11]]",4.814453986849428,-0.0,0.0,-3.833673291048133e-14,,0.0,8.242540378003245,8.242540378003245,4.814453986849428,0.7675493917844405,0.7193164946562673,"{""4"": 9, ""3"": 10, ""2"": 11}",8.242540378003245,8.242522590376014,26.02312353489515,1e-05,True,40,development_isotonic_frozen
s0-i4,development,0,random_matched,saps_diagonal,8a4f20d215a3b9a1,"[[0, 1, 2, 3, 4, 5, 6, 7, 8, 9, 10, 11]]",4.814453986849428,-0.0,0.0,-3.833673291048133e-14,,0.0,8.242540378003245,8.242540378003245,4.814453986849428,0.7675493917844405,0.7193164946562673,"{""4"": 9, ""3"": 10, ""2"": 11}",8.242540378003245,8.242522590376014,26.02312353489515,1e-05,True,40,development_isotonic_frozen
s0-i4,development,0,random_matched,p_saps_residualized,8a4f20d215a3b9a1,"[[0, 1, 2, 3, 4, 5, 6, 7, 8, 9, 10, 11]]",4.814453986849428,-0.0,0.0,-3.833673291048133e-14,,0.0,8.242540378003245,8.242540378003245,4.814453986849428,0.7675493917844405,0.7193164946562673,"{""4"": 9, ""3"": 10, ""2"": 11}",8.242540378003245,8.242522590376014,26.02312353489515,1e-05,True,40,development_isotonic_frozen
s0-i4,development,0,random_matched,p_saps_projection,8a4f20d215a3b9a1,"[[0, 1, 2, 3, 4, 5, 6, 7, 8, 9, 10, 11]]",4.814453986849428,-0.0,0.0,-3.833673291048133e-14,,0.0,8.242540378003245,8.242540378003245,4.814453986849428,0.7675493917844405,0.7193164946562673,"{""4"": 9, ""3"": 10, ""2"": 11}",8.242540378003245,8.242522590376014,26.02312353489515,1e-05,True,40,development_isotonic_frozen
s0-i4,development,0,random_matched,b_saps_budgeted,8a4f20d215a3b9a1,"[[0, 1, 2, 3, 4, 5, 6, 7, 8, 9, 10, 11]]",4.814453986849428,-0.0,0.0,-3.833673291048133e-14,,0.0,8.242540378003245,8.242540378003245,4.814453986849428,0.7675493917844405,0.7193164946562673,"{""4"": 9, ""3"": 10, ""2"": 11}",8.242540378003245,8.242522590376014,26.02312353489515,1e-05,True,40,development_isotonic_frozen
s0-i4,development,0,random_matched,random_balanced,8a4f20d215a3b9a1,"[[0, 1, 2, 3, 4, 5, 6, 7, 8, 9, 10, 11]]",6.7797492149574206,-0.0,0.0,-3.833673291048133e-14,,0.0,8.242540378003245,8.242540378003245,6.7797492149574206,1.0031878975920157,5.407061749164777,"{""4"": 9, ""3"": 10, ""2"": 11}",8.242540378003245,8.242522590376014,26.02312353489515,1e-05,True,40,development_isotonic_frozen
s0-i4,development,0,random_matched,confidence,8a4f20d215a3b9a1,"[[0, 1, 2, 3, 4, 5, 6, 7, 8, 9, 10, 11]]",6.7797492149574206,-0.0,0.0,-3.833673291048133e-14,,0.0,8.242540378003245,8.242540378003245,6.7797492149574206,1.0031878975920157,5.407061749164777,"{""4"": 9, ""3"": 10, ""2"": 11}",8.242540378003245,8.242522590376014,26.02312353489515,1e-05,True,40,development_isotonic_frozen
s0-i4,development,0,random_matched,entropy,8a4f20d215a3b9a1,"[[0, 1, 2, 3, 4, 5, 6, 7, 8, 9, 10, 11]]",6.7797492149574206,-0.0,0.0,-3.833673291048133e-14,,0.0,8.242540378003245,8.242540378003245,6.7797492149574206,1.0031878975920157,5.407061749164777,"{""4"": 9, ""3"": 10, ""2"": 11}",8.242540378003245,8.242522590376014,26.02312353489515,1e-05,True,40,development_isotonic_frozen
s0-i4,development,0,random_matched,dependency_cmi,8a4f20d215a3b9a1,"[[0, 1, 2, 3, 4, 5, 6, 7, 8, 9, 10, 11]]",6.7797492149574206,-0.0,0.0,-3.833673291048133e-14,,0.0,8.242540378003245,8.242540378003245,6.7797492149574206,1.0031878975920157,5.407061749164777,"{""4"": 9, ""3"": 10, ""2"": 11}",8.242540378003245,8.242522590376014,26.02312353489515,1e-05,True,40,development_isotonic_frozen
s0-i4,development,0,random_matched,min_within_batch_tc,8a4f20d215a3b9a1,"[[0, 1, 2, 3, 4, 5, 6, 7, 8, 9, 10, 11]]",6.7797492149574206,-0.0,0.0,-3.833673291048133e-14,,0.0,8.242540378003245,8.242540378003245,6.7797492149574206,1.0031878975920157,5.407061749164777,"{""4"": 9, ""3"": 10, ""2"": 11}",8.242540378003245,8.242522590376014,26.02312353489515,1e-05,True,40,development_isotonic_frozen
s0-i4,development,0,random_matched,dprm_myopic,8a4f20d215a3b9a1,"[[0, 1, 2, 3, 4, 5, 6, 7, 8, 9, 10, 11]]",6.7797492149574206,-0.0,0.0,-3.833673291048133e-14,,0.0,8.242540378003245,8.242540378003245,6.7797492149574206,1.0031878975920157,5.407061749164777,"{""4"": 9, ""3"": 10, ""2"": 11}",8.242540378003245,8.242522590376014,26.02312353489515,1e-05,True,40,development_isotonic_frozen
s0-i4,development,0,random_matched,dprm_rollout,8a4f20d215a3b9a1,"[[0, 1, 2, 3, 4, 5, 6, 7, 8, 9, 10, 11]]",6.7797492149574206,-0.0,0.0,-3.833673291048133e-14,,0.0,8.242540378003245,8.242540378003245,6.7797492149574206,1.0031878975920157,5.407061749164777,"{""4"": 9, ""3"": 10, ""2"": 11}",8.242540378003245,8.242522590376014,26.02312353489515,1e-05,True,40,development_isotonic_frozen
s0-i4,development,0,random_matched,subset_exact,8a4f20d215a3b9a1,"[[0, 1, 2, 3, 4, 5, 6, 7, 8, 9, 10, 11]]",6.7797492149574206,-0.0,0.0,-3.833673291048133e-14,,0.0,8.242540378003245,8.242540378003245,6.7797492149574206,1.0031878975920157,5.407061749164777,"{""4"": 9, ""3"": 10, ""2"": 11}",8.242540378003245,8.242522590376014,26.02312353489515,1e-05,True,40,development_isotonic_frozen
s0-i4,development,0,random_matched,subset_beam_8,8a4f20d215a3b9a1,"[[0, 1, 2, 3, 4, 5, 6, 7, 8, 9, 10, 11]]",6.7797492149574206,-0.0,0.0,-3.833673291048133e-14,,0.0,8.242540378003245,8.242540378003245,6.7797492149574206,1.0031878975920157,5.407061749164777,"{""4"": 9, ""3"": 10, ""2"": 11}",8.242540378003245,8.242522590376014,26.02312353489515,1e-05,True,40,development_isotonic_frozen
s0-i4,development,0,random_matched,subset_beam_32,8a4f20d215a3b9a1,"[[0, 1, 2, 3, 4, 5, 6, 7, 8, 9, 10, 11]]",6.7797492149574206,-0.0,0.0,-3.833673291048133e-14,,0.0,8.242540378003245,8.242540378003245,6.7797492149574206,1.0031878975920157,5.407061749164777,"{""4"": 9, ""3"": 10, ""2"": 11}",8.242540378003245,8.242522590376014,26.02312353489515,1e-05,True,40,development_isotonic_frozen
s0-i4,development,0,random_matched,saps_diagonal,8a4f20d215a3b9a1,"[[0, 1, 2, 3, 4, 5, 6, 7, 8, 9, 10, 11]]",6.7797492149574206,-0.0,0.0,-3.833673291048133e-14,,0.0,8.242540378003245,8.242540378003245,6.7797492149574206,1.0031878975920157,5.407061749164777,"{""4"": 9, ""3"": 10, ""2"": 11}",8.242540378003245,8.242522590376014,26.02312353489515,1e-05,True,40,development_isotonic_frozen
s0-i4,development,0,random_matched,p_saps_residualized,8a4f20d215a3b9a1,"[[0, 1, 2, 3, 4, 5, 6, 7, 8, 9, 10, 11]]",6.7797492149574206,-0.0,0.0,-3.833673291048133e-14,,0.0,8.242540378003245,8.242540378003245,6.7797492149574206,1.0031878975920157,5.407061749164777,"{""4"": 9, ""3"": 10, ""2"": 11}",8.242540378003245,8.242522590376014,26.02312353489515,1e-05,True,40,development_isotonic_frozen
s0-i4,development,0,random_matched,p_saps_projection,8a4f20d215a3b9a1,"[[0, 1, 2, 3, 4, 5, 6, 7, 8, 9, 10, 11]]",6.7797492149574206,-0.0,0.0,-3.833673291048133e-14,,0.0,8.242540378003245,8.242540378003245,6.7797492149574206,1.0031878975920157,5.407061749164777,"{""4"": 9, ""3"": 10, ""2"": 11}",8.242540378003245,8.242522590376014,26.02312353489515,1e-05,True,40,development_isotonic_frozen
s0-i4,development,0,random_matched,b_saps_budgeted,8a4f20d215a3b9a1,"[[0, 1, 2, 3, 4, 5, 6, 7, 8, 9, 10, 11]]",6.7797492149574206,-0.0,0.0,-3.833673291048133e-14,,0.0,8.242540378003245,8.242540378003245,6.7797492149574206,1.0031878975920157,5.407061749164777,"{""4"": 9, ""3"": 10, ""2"": 11}",8.242540378003245,8.242522590376014,26.02312353489515,1e-05,True,40,development_isotonic_frozen
s0-i4,development,0,random_matched,random_balanced,ca406881e108ee96,"[[3, 4, 5, 7, 8, 9], [0, 1, 2, 6, 10, 11]]",4.018049847894572,-0.22020946156279053,0.6154509816539598,-1.5803813070381625e-14,,12.0,5.3964293557552026,5.3964293557552026,4.317942870484211,0.1258891654516455,0.0,"{""2"": 16, ""3"": 2, ""1"": 12}",5.3964293557552026,5.39639153382643,17.923321732348676,1e-05,True,40,development_isotonic_frozen
s0-i4,development,0,random_matched,confidence,904b487a150c6e02,"[[4, 5, 6, 7, 8, 9], [0, 1, 2, 3, 10, 11]]",4.018049847894572,-0.19984727087739784,0.6333544936995409,-1.8218263520098192e-14,,16.0,6.536251982667565,6.536251982667565,4.201445683512035,0.6821614043241799,0.0,"{""2"": 11, ""1"": 16, ""3"": 3}",6.536251982667565,6.536186190144035,15.59892964647832,1e-05,True,40,development_isotonic_frozen
s0-i4,development,0,random_matched,entropy,276c6052af80f29a,"[[4, 5, 6, 7, 8, 10], [0, 1, 2, 3, 9, 11]]",4.018049847894572,-0.20005359433954614,0.635508901962195,-1.8966100640736776e-14,,12.0,7.313869131307746,7.313869131307746,3.735456935623332,0.21152723253861233,0.8311041371226302,"{""2"": 11, ""1"": 12, ""3"": 7}",7.313869131307746,7.313832608207257,18.435210832507966,1e-05,True,40,development_isotonic_frozen
s0-i4,development,0,random_matched,dependency_cmi,4414f6709b633355,"[[0, 1, 2, 5, 10, 11], [3, 4, 6, 7, 8, 9]]",4.018049847894572,-0.2972689264414529,0.5083881513269546,-1.692819818952475e-14,,9.0,3.9837821570752876,3.9837821570752876,4.195295347967852,0.7662728184688492,-1.1996559692390873,"{""2"": 18, ""1"": 9, ""4"": 1, ""3"": 2}",3.9837821570752876,3.9837397497494225,24.861473968048408,1e-05,True,40,development_isotonic_frozen
s0-i4,development,0,random_matched,min_within_batch_tc,9be19a96404a7a55,"[[1, 3, 5, 8, 10, 11], [0, 2, 4, 6, 7, 9]]",4.018049847894572,-0.28594121938911105,0.516777959924016,-1.5059314728028674e-14,,12.0,6.718308133610389,6.718308133610389,4.195295347967852,0.47584922218668774,-0.3685518321164572,"{""4"": 1, ""3"": 2, ""2"": 15, ""1"": 12}",6.718308133610389,6.718188217958578,19.619366904917477,1e-05,True,40,development_isotonic_frozen
s0-i4,development,0,random_matched,dprm_myopic,8f7eb3b7e23d50f1,"[[2, 3, 4, 5, 8, 10], [0, 1, 6, 7, 9, 11]]",4.018049847894572,-0.25892726629878954,0.5608059212606324,-1.9837373259620504e-14,,11.0,6.269799649702713,6.269799649702713,3.8519541225955076,0.06279629251676153,0.0,"{""2"": 13, ""3"": 6, ""1"": 11}",6.269799649702713,6.269757771759334,18.11636244822787,1e-05,True,40,development_isotonic_frozen
s0-i4,development,0,random_matched,dprm_rollout,61001a01705ed0e7,"[[1, 4, 5, 8, 9, 10], [0, 2, 3, 6, 7, 11]]",4.018049847894572,-0.24353479671399078,0.5732155811339367,-1.6515159988073315e-14,,14.0,7.825100110348874,7.825100110348874,3.735456935623332,0.6377801711901961,0.8311041371226302,"{""3"": 7, ""2"": 9, ""1"": 14}",7.825100110348874,7.825011211150697,22.720861359959454,1e-05,True,40,development_isotonic_frozen
s0-i4,development,0,random_matched,subset_exact,2ee6c4434e637046,"[[2, 3, 5, 6, 9, 10], [0, 1, 4, 7, 8, 11]]",4.018049847894572,-0.27403122778930344,0.5282923509629387,-1.9078872113430625e-14,,9.0,6.462004821632105,6.462004821632105,4.072647825451491,0.484106153055946,2.059893673051205,"{""3"": 2, ""2"": 17, ""1"": 9, ""4"": 2}",6.462004821632105,6.461965951589361,16.417743616973585,1e-05,True,40,development_isotonic_frozen
s0-i4,development,0,random_matched,subset_beam_8,0de5696474dda1c3,"[[0, 1, 2, 3, 4, 5], [6, 7, 8, 9, 10, 11]]",4.018049847894572,-0.27536045189801855,0.5553684399105445,-1.9624458794008028e-14,,12.0,6.0487740383512385,6.0487740383512385,3.9684513095676834,0.007430370677559197,0.0,"{""1"": 12, ""2"": 13, ""3"": 5}",6.0487740383512385,6.048724274165646,19.416086250242955,1e-05,True,40,development_isotonic_frozen
s0-i4,development,0,random_matched,subset_beam_32,0de5696474dda1c3,"[[0, 1, 2, 3, 4, 5], [6, 7, 8, 9, 10, 11]]",4.018049847894572,-0.27536045189801855,0.5553684399105445,-1.9624458794008028e-14,,12.0,6.0487740383512385,6.0487740383512385,3.9684513095676834,0.007430370677559197,0.0,"{""1"": 12, ""2"": 13, ""3"": 5}",6.0487740383512385,6.048724274165646,19.416086250242955,1e-05,True,40,development_isotonic_frozen
s0-i4,development,0,random_matched,saps_diagonal,39c6871563976502,"[[1, 3, 4, 5, 7, 10], [0, 2, 6, 8, 9, 11]]",4.018049847894572,-0.22905895471829626,0.6156910191309689,-1.6669943803679765e-14,,18.0,6.299837309830658,6.299837309830658,4.317942870484211,0.31308119782409805,-0.3685518321164572,"{""2"": 10, ""3"": 2, ""1"": 18}",6.299837309830658,6.299789544177662,18.44765569816054,1e-05,True,40,development_isotonic_frozen
s0-i4,development,0,random_matched,p_saps_residualized,e27e5b4f8a286f9e,"[[1, 2, 3, 7, 8, 10], [0, 4, 5, 6, 9, 11]]",4.018049847894572,-0.2798027622370325,0.5323210971526392,-1.8397082062667045e-14,,13.0,6.286678553376635,6.286678553376635,3.8458037870513238,0.10574718043388984,-0.3685518321164572,"{""2"": 11, ""4"": 1, ""1"": 13, ""3"": 5}",6.286678553376635,6.286624061616389,21.037795612012392,1e-05,True,80,development_isotonic_frozen
s0-i4,development,0,random_matched,p_saps_projection,61e251265db8d1fc,"[[1, 4, 5, 6, 8, 10], [0, 2, 3, 7, 9, 11]]",4.018049847894572,-0.2335247418255152,0.5874676309976795,-1.8352077460211885e-14,,9.0,8.503763679114183,8.503763679114183,4.08494849653986,0.6328007108856575,0.0,"{""3"": 4, ""2"": 17, ""1"": 9}",8.503763679114183,8.503717529088014,17.766955864981167,1e-05,True,640,development_isotonic_frozen
s0-i4,development,0,random_matched,b_saps_budgeted,1f05b821d2ae9f3b,"[[0, 3, 6, 7, 8, 9], [1, 2, 4, 5, 10, 11]]",4.018049847894572,-0.26242891459368045,0.5497076188764886,-1.760072217033328e-14,,15.0,5.110113452760029,5.110113452760029,4.550937244428563,0.20893106569771966,0.0,"{""2"": 15, ""1"": 15}",5.110113452760029,5.1100260675010425,18.503881791383925,1e-05,True,40,development_isotonic_frozen
s0-i4,development,0,random_matched,random_balanced,ca406881e108ee96,"[[3, 4, 5, 7, 8, 9], [0, 1, 2, 6, 10, 11]]",8.150014530074086,-0.22020946156279053,0.6154509816539598,-1.5803813070381625e-14,,12.0,5.3964293557552026,5.3964293557552026,8.737408839572769,0.7743527033714079,0.7193164946562673,"{""2"": 16, ""3"": 2, ""1"": 12}",5.3964293557552026,5.39639153382643,17.923321732348676,1e-05,True,40,development_isotonic_frozen
s0-i4,development,0,random_matched,confidence,904b487a150c6e02,"[[4, 5, 6, 7, 8, 9], [0, 1, 2, 3, 10, 11]]",8.150014530074086,-0.19984727087739784,0.6333544936995409,-1.8218263520098192e-14,,16.0,6.536251982667565,6.536251982667565,8.506646789412573,0.4963889847078638,0.7193164946562673,"{""2"": 11, ""1"": 16, ""3"": 3}",6.536251982667565,6.536186190144035,15.59892964647832,1e-05,True,40,development_isotonic_frozen
s0-i4,development,0,random_matched,entropy,276c6052af80f29a,"[[4, 5, 6, 7, 8, 10], [0, 1, 2, 3, 9, 11]]",8.150014530074086,-0.20005359433954614,0.635508901962195,-1.8966100640736776e-14,,12.0,7.313869131307746,7.313869131307746,7.583598588771786,0.5779267808511033,0.7193164946562673,"{""2"": 11, ""1"": 12, ""3"": 7}",7.313869131307746,7.313832608207257,18.435210832507966,1e-05,True,40,development_isotonic_frozen
s0-i4,development,0,random_matched,dependency_cmi,4414f6709b633355,"[[0, 1, 2, 5, 10, 11], [3, 4, 6, 7, 8, 9]]",8.150014530074086,-0.2972689264414529,0.5083881513269546,-1.692819818952475e-14,,9.0,3.9837821570752876,3.9837821570752876,8.506646789412573,1.2971373005932996,0.7193164946562673,"{""2"": 18, ""1"": 9, ""4"": 1, ""3"": 2}",3.9837821570752876,3.9837397497494225,24.861473968048408,1e-05,True,40,development_isotonic_frozen
s0-i4,development,0,random_matched,min_within_batch_tc,9be19a96404a7a55,"[[1, 3, 5, 8, 10, 11], [0, 2, 4, 6, 7, 9]]",8.150014530074086,-0.28594121938911105,0.516777959924016,-1.5059314728028674e-14,,12.0,6.718308133610389,6.718308133610389,8.506646789412573,0.4454138248376707,0.7193164946562673,"{""4"": 1, ""3"": 2, ""2"": 15, ""1"": 12}",6.718308133610389,6.718188217958578,19.619366904917477,1e-05,True,40,development_isotonic_frozen
s0-i4,development,0,random_matched,dprm_myopic,8f7eb3b7e23d50f1,"[[2, 3, 4, 5, 8, 10], [0, 1, 6, 7, 9, 11]]",8.150014530074086,-0.25892726629878954,0.5608059212606324,-1.9837373259620504e-14,,11.0,6.269799649702713,6.269799649702713,7.814360638931983,0.5158920012235039,-0.6616950207231767,"{""2"": 13, ""3"": 6, ""1"": 11}",6.269799649702713,6.269757771759334,18.11636244822787,1e-05,True,40,development_isotonic_frozen
s0-i4,development,0,random_matched,dprm_rollout,9258260ce58c6b15,"[[0, 3, 5, 6, 9, 10], [1, 2, 4, 7, 8, 11]]",8.150014530074086,-0.2719304959330084,0.5346315387191578,-1.6982026480152252e-14,,11.0,6.2607855644785,6.2607855644785,8.04512268909218,0.7341422590349174,0.4237204169000175,"{""3"": 3, ""2"": 14, ""1"": 11, ""4"": 2}",6.2607855644785,6.260730173289096,16.042083572719033,1e-05,True,40,development_isotonic_frozen
s0-i4,development,0,random_matched,subset_exact,d48e73d4e6839b13,"[[1, 2, 3, 4, 6, 10], [0, 5, 7, 8, 9, 11]]",8.150014530074086,-0.28026596553295197,0.5383178317416374,-1.6499547556493878e-14,,11.0,5.1115075155205085,5.1115075155205085,8.275884739252376,0.8998815068043888,1.5504206317788976,"{""2"": 15, ""3"": 4, ""1"": 11}",5.1115075155205085,5.111468487034414,17.942359271202513,1e-05,True,40,development_isotonic_frozen
s0-i4,development,0,random_matched,subset_beam_8,a3078c2caff90167,"[[0, 1, 2, 3, 4, 6], [5, 7, 8, 9, 10, 11]]",8.150014530074086,-0.2880559814388235,0.5347947211771947,-1.4507811276157246e-14,,13.0,5.550337158672325,5.550337158672325,8.275884739252376,1.5276075497272212,0.7193164946562673,"{""1"": 13, ""2"": 13, ""3"": 4}",5.550337158672325,5.550297448054108,18.825402178013345,1e-05,True,40,development_isotonic_frozen
s0-i4,development,0,random_matched,subset_beam_32,a3078c2caff90167,"[[0, 1, 2, 3, 4, 6], [5, 7, 8, 9, 10, 11]]",8.150014530074086,-0.2880559814388235,0.5347947211771947,-1.4507811276157246e-14,,13.0,5.550337158672325,5.550337158672325,8.275884739252376,1.5276075497272212,0.7193164946562673,"{""1"": 13, ""2"": 13, ""3"": 4}",5.550337158672325,5.550297448054108,18.825402178013345,1e-05,True,40,development_isotonic_frozen
s0-i4,development,0,random_matched,saps_diagonal,39c6871563976502,"[[1, 3, 4, 5, 7, 10], [0, 2, 6, 8, 9, 11]]",8.150014530074086,-0.22905895471829626,0.6156910191309689,-1.6669943803679765e-14,,18.0,6.299837309830658,6.299837309830658,8.737408839572769,0.5352788176120751,0.7193164946562673,"{""2"": 10, ""3"": 2, ""1"": 18}",6.299837309830658,6.299789544177662,18.44765569816054,1e-05,True,40,development_isotonic_frozen
s0-i4,development,0,random_matched,p_saps_residualized,e27e5b4f8a286f9e,"[[1, 2, 3, 7, 8, 10], [0, 4, 5, 6, 9, 11]]",8.150014530074086,-0.2798027622370325,0.5323210971526392,-1.8397082062667045e-14,,13.0,6.286678553376635,6.286678553376635,7.814360638931983,1.054274774520255,0.7193164946562673,"{""2"": 11, ""4"": 1, ""1"": 13, ""3"": 5}",6.286678553376635,6.286624061616389,21.037795612012392,1e-05,True,80,development_isotonic_frozen
s0-i4,development,0,random_matched,p_saps_projection,61e251265db8d1fc,"[[1, 4, 5, 6, 8, 10], [0, 2, 3, 7, 9, 11]]",8.150014530074086,-0.2335247418255152,0.5874676309976795,-1.8352077460211885e-14,,9.0,8.503763679114183,8.503763679114183,8.275884739252376,1.718760430809677,0.7193164946562673,"{""3"": 4, ""2"": 17, ""1"": 9}",8.503763679114183,8.503717529088014,17.766955864981167,1e-05,True,640,development_isotonic_frozen
s0-i4,development,0,random_matched,b_saps_budgeted,1f05b821d2ae9f3b,"[[0, 3, 6, 7, 8, 9], [1, 2, 4, 5, 10, 11]]",8.150014530074086,-0.26242891459368045,0.5497076188764886,-1.760072217033328e-14,,15.0,5.110113452760029,5.110113452760029,9.198932939893162,0.33842462085564456,0.0,"{""2"": 15, ""1"": 15}",5.110113452760029,5.1100260675010425,18.503881791383925,1e-05,True,40,development_isotonic_frozen
s0-i4,development,0,random_matched,random_balanced,ca406881e108ee96,"[[3, 4, 5, 7, 8, 9], [0, 1, 2, 6, 10, 11]]",11.572439438933237,-0.22020946156279053,0.6154509816539598,-1.5803813070381625e-14,,12.0,5.3964293557552026,5.3964293557552026,12.416435201645958,0.4568211478902253,4.39460206590179,"{""2"": 16, ""3"": 2, ""1"": 12}",5.3964293557552026,5.39639153382643,17.923321732348676,1e-05,True,40,development_isotonic_frozen
s0-i4,development,0,random_matched,confidence,904b487a150c6e02,"[[4, 5, 6, 7, 8, 9], [0, 1, 2, 3, 10, 11]]",11.572439438933237,-0.19984727087739784,0.6333544936995409,-1.8218263520098192e-14,,16.0,6.536251982667565,6.536251982667565,12.084865437723105,1.774129748787217,4.493827652405555,"{""2"": 11, ""1"": 16, ""3"": 3}",6.536251982667565,6.536186190144035,15.59892964647832,1e-05,True,40,development_isotonic_frozen
s0-i4,development,0,random_matched,entropy,276c6052af80f29a,"[[4, 5, 6, 7, 8, 10], [0, 1, 2, 3, 9, 11]]",11.572439438933237,-0.20005359433954614,0.635508901962195,-1.8966100640736776e-14,,12.0,7.313869131307746,7.313869131307746,10.758586382031684,1.0742046649103627,2.6249137231019835,"{""2"": 11, ""1"": 12, ""3"": 7}",7.313869131307746,7.313832608207257,18.435210832507966,1e-05,True,40,development_isotonic_frozen
s0-i4,development,0,random_matched,dependency_cmi,4414f6709b633355,"[[0, 1, 2, 5, 10, 11], [3, 4, 6, 7, 8, 9]]",11.572439438933237,-0.2972689264414529,0.5083881513269546,-1.692819818952475e-14,,9.0,3.9837821570752876,3.9837821570752876,12.084865437723105,0.7936963661761915,4.797517828155142,"{""2"": 18, ""1"": 9, ""4"": 1, ""3"": 2}",3.9837821570752876,3.9837397497494225,24.861473968048408,1e-05,True,40,development_isotonic_frozen
s0-i4,development,0,random_matched,min_within_batch_tc,9be19a96404a7a55,"[[1, 3, 5, 8, 10, 11], [0, 2, 4, 6, 7, 9]]",11.572439438933237,-0.28594121938911105,0.516777959924016,-1.5059314728028674e-14,,12.0,6.718308133610389,6.718308133610389,12.084865437723105,0.8907761303171946,5.407061749164777,"{""4"": 1, ""3"": 2, ""2"": 15, ""1"": 12}",6.718308133610389,6.718188217958578,19.619366904917477,1e-05,True,40,development_isotonic_frozen
s0-i4,development,0,random_matched,dprm_myopic,8f7eb3b7e23d50f1,"[[2, 3, 4, 5, 8, 10], [0, 1, 6, 7, 9, 11]]",11.572439438933237,-0.25892726629878954,0.5608059212606324,-1.9837373259620504e-14,,11.0,6.269799649702713,6.269799649702713,11.090156145954538,1.3082199212517844,5.407057968490642,"{""2"": 13, ""3"": 6, ""1"": 11}",6.269799649702713,6.269757771759334,18.11636244822787,1e-05,True,40,development_isotonic_frozen
s0-i4,development,0,random_matched,dprm_rollout,7afcfcb6902a9a17,"[[3, 5, 6, 7, 10, 11], [0, 1, 2, 4, 8, 9]]",11.572439438933237,-0.24604644927159072,0.5761066023331708,-1.4334935380644574e-14,,13.0,5.432579885617457,5.432579885617457,11.421725909877393,1.5190134858080444,6.320292065249864,"{""3"": 2, ""2"": 12, ""1"": 13, ""4"": 3}",5.432579885617457,5.432537324878872,18.63238907888632,1e-05,True,40,development_isotonic_frozen
s0-i4,development,0,random_matched,subset_exact,9d72fb6228f883d8,"[[0, 1, 2, 3, 5, 8], [4, 6, 7, 9, 10, 11]]",11.572439438933237,-0.29330160376315945,0.5145321765873151,-2.2221652047854866e-14,,11.0,5.712687685187525,5.712687685187525,11.090156145954538,2.241179737596024,6.9046680014723165,"{""2"": 13, ""3"": 6, ""1"": 11}",5.712687685187525,5.712642536543404,19.465497798138696,1e-05,True,40,development_isotonic_frozen
s0-i4,development,0,random_matched,subset_beam_8,9d72fb6228f883d8,"[[0, 1, 2, 3, 5, 8], [4, 6, 7, 9, 10, 11]]",11.572439438933237,-0.29330160376315945,0.5145321765873151,-2.2221652047854866e-14,,11.0,5.712687685187525,5.712687685187525,11.090156145954538,2.241179737596024,6.9046680014723165,"{""2"": 13, ""3"": 6, ""1"": 11}",5.712687685187525,5.712642536543404,19.465497798138696,1e-05,True,40,development_isotonic_frozen
s0-i4,development,0,random_matched,subset_beam_32,9d72fb6228f883d8,"[[0, 1, 2, 3, 5, 8], [4, 6, 7, 9, 10, 11]]",11.572439438933237,-0.29330160376315945,0.5145321765873151,-2.2221652047854866e-14,,11.0,5.712687685187525,5.712687685187525,11.090156145954538,2.241179737596024,6.9046680014723165,"{""2"": 13, ""3"": 6, ""1"": 11}",5.712687685187525,5.712642536543404,19.465497798138696,1e-05,True,40,development_isotonic_frozen
s0-i4,development,0,random_matched,saps_diagonal,39c6871563976502,"[[1, 3, 4, 5, 7, 10], [0, 2, 6, 8, 9, 11]]",11.572439438933237,-0.22905895471829626,0.6156910191309689,-1.6669943803679765e-14,,18.0,6.299837309830658,6.299837309830658,12.416435201645958,1.8235795684586997,2.6779102267041117,"{""2"": 10, ""3"": 2, ""1"": 18}",6.299837309830658,6.299789544177662,18.44765569816054,1e-05,True,40,development_isotonic_frozen
s0-i4,development,0,random_matched,p_saps_residualized,e27e5b4f8a286f9e,"[[1, 2, 3, 7, 8, 10], [0, 4, 5, 6, 9, 11]]",11.572439438933237,-0.2798027622370325,0.5323210971526392,-1.8397082062667045e-14,,13.0,6.286678553376635,6.286678553376635,11.090156145954538,1.822294500452257,5.991437685387229,"{""2"": 11, ""4"": 1, ""1"": 13, ""3"": 5}",6.286678553376635,6.286624061616389,21.037795612012392,1e-05,True,80,development_isotonic_frozen
s0-i4,development,0,random_matched,p_saps_projection,61e251265db8d1fc,"[[1, 4, 5, 6, 8, 10], [0, 2, 3, 7, 9, 11]]",11.572439438933237,-0.2335247418255152,0.5874676309976795,-1.8352077460211885e-14,,9.0,8.503763679114183,8.503763679114183,11.753295673800249,1.1455237774195026,4.200684463798835,"{""3"": 4, ""2"": 17, ""1"": 9}",8.503763679114183,8.503717529088014,17.766955864981167,1e-05,True,640,development_isotonic_frozen
s0-i4,development,0,random_matched,b_saps_budgeted,1f05b821d2ae9f3b,"[[0, 3, 6, 7, 8, 9], [1, 2, 4, 5, 10, 11]]",11.572439438933237,-0.26242891459368045,0.5497076188764886,-1.760072217033328e-14,,15.0,5.110113452760029,5.110113452760029,13.07957472949167,2.7580446482934877,2.6908943083932106,"{""2"": 15, ""1"": 15}",5.110113452760029,5.1100260675010425,18.503881791383925,1e-05,True,40,development_isotonic_frozen
s0-i4,development,0,random_matched,random_balanced,539ddd8198b4a475,"[[3, 4, 7, 9], [0, 1, 5, 8], [2, 6, 10, 11]]",4.379033187130767,-0.47976401661623885,1.1927931216233933,-1.177201763328933e-14,,18.0,8.47216647647452,8.47216647647452,4.550937244428563,0.8424728991576955,0.0,"{""1"": 18, ""2"": 12}",8.47216647647452,8.472114556151872,16.383080302589853,1e-05,True,40,development_isotonic_frozen
s0-i4,development,0,random_matched,confidence,df61d225b012e075,"[[4, 5, 6, 7], [1, 8, 9, 10], [0, 2, 3, 11]]",4.379033187130767,-0.4085440349103015,1.2669490248760906,-9.19046545293123e-15,,21.0,7.115262001911508,7.115262001911508,4.434440057456388,0.1579062800616815,0.6161631355822252,"{""2"": 8, ""1"": 21, ""3"": 1}",7.115262001911508,7.115209671664189,17.222619597407935,1e-05,True,40,development_isotonic_frozen
s0-i4,development,0,random_matched,entropy,df61d225b012e075,"[[4, 5, 6, 7], [1, 8, 9, 10], [0, 2, 3, 11]]",4.379033187130767,-0.4085440349103015,1.2669490248760906,-9.19046545293123e-15,,21.0,7.115262001911508,7.115262001911508,4.434440057456388,0.1579062800616815,0.6161631355822252,"{""2"": 8, ""1"": 21, ""3"": 1}",7.115262001911508,7.115209671664189,17.222619597407935,1e-05,True,40,development_isotonic_frozen
s0-i4,development,0,random_matched,dependency_cmi,d738b61db8ffabb4,"[[0, 1, 2, 5], [3, 6, 7, 11], [4, 8, 9, 10]]",4.379033187130767,-0.5555261740613769,1.0811448696942287,-9.678506312385473e-15,,21.0,9.126482848904569,9.126482848904569,4.434440057456388,0.11305167840045238,0.0,"{""1"": 21, ""2"": 8, ""3"": 1}",9.126482848904569,9.126431484690267,20.803887471835587,1e-05,True,40,development_isotonic_frozen
s0-i4,development,0,random_matched,min_within_batch_tc,e839c4ea583a401b,"[[1, 3, 5, 6], [0, 8, 10, 11], [2, 4, 7, 9]]",4.379033187130767,-0.5527120744079289,1.0645574478777207,-9.49535852347996e-15,,22.0,7.7815344817917325,7.7815344817917325,4.434440057456388,0.0,0.0,"{""3"": 1, ""1"": 22, ""2"": 7}",7.7815344817917325,7.78146628204236,18.226356974009615,1e-05,True,40,development_isotonic_frozen
s0-i4,development,0,random_matched,dprm_myopic,995b09d36c1f06a1,"[[2, 5, 8, 10], [1, 3, 4, 6], [0, 7, 9, 11]]",4.379033187130767,-0.5240766634706847,1.0967647204579711,-1.0683083084575979e-14,,19.0,8.054485488066959,8.054485488066959,4.550937244428563,0.1131195930888746,0.0,"{""2"": 11, ""1"": 19}",8.054485488066959,8.054422340564331,17.265533340062277,1e-05,True,40,development_isotonic_frozen
s0-i4,development,0,random_matched,dprm_rollout,2c3f5d416e831892,"[[2, 5, 9, 10], [3, 6, 7, 8], [0, 1, 4, 11]]",4.379033187130767,-0.5157195323637052,1.0980403712610503,-1.1141348683496944e-14,,16.0,6.988801789442129,6.988801789442129,4.201445683512035,0.1329132266970654,2.059893673051205,"{""2"": 11, ""3"": 3, ""1"": 16}",6.988801789442129,6.988752203727474,15.95097124260927,1e-05,True,40,development_isotonic_frozen
s0-i4,development,0,random_matched,subset_exact,ad0505669b09cb1c,"[[2, 3, 8, 10], [4, 5, 6, 7], [0, 1, 9, 11]]",4.379033187130767,-0.5236632362109133,1.106328760643556,-1.0998174137385134e-14,,17.0,7.908482110494686,7.908482110494686,3.9684513095676834,0.541412136430346,2.059893673051205,"{""1"": 17, ""2"": 8, ""3"": 5}",7.908482110494686,7.908378443143736,18.55126934574457,1e-05,True,40,development_isotonic_frozen
s0-i4,development,0,random_matched,subset_beam_8,c2760c004cef79b0,"[[0, 1, 2, 3], [4, 5, 6, 7], [8, 9, 10, 11]]",4.379033187130767,-0.5565296074093713,1.0954537979433805,-8.029960076386816e-15,,19.0,5.996696150955602,5.996696150955602,4.201445683512035,0.3696024709425768,0.0,"{""2"": 8, ""1"": 19, ""3"": 3}",5.996696150955602,5.996665790884098,20.321308108043407,1e-05,True,40,development_isotonic_frozen
s0-i4,development,0,random_matched,subset_beam_32,ad0505669b09cb1c,"[[2, 3, 8, 10], [4, 5, 6, 7], [0, 1, 9, 11]]",4.379033187130767,-0.5236632362109133,1.106328760643556,-1.0998174137385134e-14,,17.0,7.908482110494686,7.908482110494686,3.9684513095676834,0.541412136430346,2.059893673051205,"{""1"": 17, ""2"": 8, ""3"": 5}",7.908482110494686,7.908378443143736,18.55126934574457,1e-05,True,40,development_isotonic_frozen
s0-i4,development,0,random_matched,saps_diagonal,dafb6389b69cfa36,"[[1, 3, 4, 7], [0, 6, 8, 9], [2, 5, 10, 11]]",4.379033187130767,-0.49751628359347694,1.173269710523502,-9.116444837758863e-15,,27.0,7.738814375080398,7.738814375080398,4.550937244428563,0.20784031033034156,0.0,"{""1"": 27, ""2"": 3}",7.738814375080398,7.7387272781547605,16.5559222753644,1e-05,True,40,development_isotonic_frozen
s0-i4,development,0,random_matched,p_saps_residualized,e4c5bf1b8a9799e6,"[[0, 2, 8, 11], [3, 7, 9, 10], [1, 4, 5, 6]]",4.379033187130767,-0.6043940846399848,0.9942392151844954,-9.951401482429371e-15,,20.0,5.29133717894126,5.29133717894126,4.434440057456388,0.4206192312609003,-1.1996559692390873,"{""1"": 20, ""2"": 9, ""3"": 1}",5.29133717894126,5.291292280707828,19.075522245456256,1e-05,True,80,development_isotonic_frozen
s0-i4,development,0,random_matched,p_saps_projection,d738b61db8ffabb4,"[[0, 1, 2, 5], [3, 6, 7, 11], [4, 8, 9, 10]]",4.379033187130767,-0.5555261740613769,1.0811448696942287,-9.678506312385473e-15,,21.0,9.126482848904569,9.126482848904569,4.434440057456388,0.11305167840045238,0.0,"{""1"": 21, ""2"": 8, ""3"": 1}",9.126482848904569,9.126431484690267,20.803887471835587,1e-05,True,640,development_isotonic_frozen
s0-i4,development,0,random_matched,b_saps_budgeted,539ddd8198b4a475,"[[3, 4, 7, 9], [0, 1, 5, 8], [2, 6, 10, 11]]",4.379033187130767,-0.47976401661623885,1.1927931216233933,-1.177201763328933e-14,,18.0,8.47216647647452,8.47216647647452,4.550937244428563,0.8424728991576955,0.0,"{""1"": 18, ""2"": 12}",8.47216647647452,8.472114556151872,16.383080302589853,1e-05,True,40,development_isotonic_frozen
s0-i4,development,0,random_matched,random_balanced,539ddd8198b4a475,"[[3, 4, 7, 9], [0, 1, 5, 8], [2, 6, 10, 11]]",8.859083375111782,-0.47976401661623885,1.1927931216233933,-1.177201763328933e-14,,18.0,8.47216647647452,8.47216647647452,9.198932939893162,0.20451911982312496,0.7193164946562673,"{""1"": 18, ""2"": 12}",8.47216647647452,8.472114556151872,16.383080302589853,1e-05,True,40,development_isotonic_frozen
s0-i4,development,0,random_matched,confidence,df61d225b012e075,"[[4, 5, 6, 7], [1, 8, 9, 10], [0, 2, 3, 11]]",8.859083375111782,-0.4085440349103015,1.2669490248760906,-9.19046545293123e-15,,21.0,7.115262001911508,7.115262001911508,8.968170889732965,0.3254227278112707,0.0,"{""2"": 8, ""1"": 21, ""3"": 1}",7.115262001911508,7.115209671664189,17.222619597407935,1e-05,True,40,development_isotonic_frozen
s0-i4,development,0,random_matched,entropy,df61d225b012e075,"[[4, 5, 6, 7], [1, 8, 9, 10], [0, 2, 3, 11]]",8.859083375111782,-0.4085440349103015,1.2669490248760906,-9.19046545293123e-15,,21.0,7.115262001911508,7.115262001911508,8.968170889732965,0.3254227278112707,0.0,"{""2"": 8, ""1"": 21, ""3"": 1}",7.115262001911508,7.115209671664189,17.222619597407935,1e-05,True,40,development_isotonic_frozen
s0-i4,development,0,random_matched,dependency_cmi,d738b61db8ffabb4,"[[0, 1, 2, 5], [3, 6, 7, 11], [4, 8, 9, 10]]",8.859083375111782,-0.5555261740613769,1.0811448696942287,-9.678506312385473e-15,,21.0,9.126482848904569,9.126482848904569,8.968170889732965,0.35897752349437906,0.7193164946562673,"{""1"": 21, ""2"": 8, ""3"": 1}",9.126482848904569,9.126431484690267,20.803887471835587,1e-05,True,40,development_isotonic_frozen
s0-i4,development,0,random_matched,min_within_batch_tc,e839c4ea583a401b,"[[1, 3, 5, 6], [0, 8, 10, 11], [2, 4, 7, 9]]",8.859083375111782,-0.5527120744079289,1.0645574478777207,-9.49535852347996e-15,,22.0,7.7815344817917325,7.7815344817917325,8.968170889732965,0.2776221855445785,-0.7734826631895393,"{""3"": 1, ""1"": 22, ""2"": 7}",7.7815344817917325,7.78146628204236,18.226356974009615,1e-05,True,40,development_isotonic_frozen
s0-i4,development,0,random_matched,dprm_myopic,995b09d36c1f06a1,"[[2, 5, 8, 10], [1, 3, 4, 6], [0, 7, 9, 11]]",8.859083375111782,-0.5240766634706847,1.0967647204579711,-1.0683083084575979e-14,,19.0,8.054485488066959,8.054485488066959,9.198932939893162,0.48587621517104235,0.0,"{""2"": 11, ""1"": 19}",8.054485488066959,8.054422340564331,17.265533340062277,1e-05,True,40,development_isotonic_frozen
s0-i4,development,0,random_matched,dprm_rollout,3de3ecb903042a3d,"[[4, 6, 7, 10], [3, 5, 9, 11], [0, 1, 2, 8]]",8.859083375111782,-0.4508644761752765,1.2176259990215026,-1.0172963647282269e-14,,17.0,9.842990817365617,9.842990817365617,8.737408839572769,0.997142962592577,0.7193164946562673,"{""2"": 11, ""1"": 17, ""3"": 2}",9.842990817365617,9.842957685047718,17.46000884285864,1e-05,True,40,development_isotonic_frozen
s0-i4,development,0,random_matched,subset_exact,a8f1cbba93a0f7e6,"[[1, 2, 3, 9], [4, 5, 6, 7], [0, 8, 10, 11]]",8.859083375111782,-0.5405369286733316,1.0981912025469576,-8.5638905988155e-15,,22.0,7.252535908500116,7.252535908500116,8.506646789412573,0.8451625332447361,1.5504206317788976,"{""1"": 22, ""2"": 5, ""3"": 3}",7.252535908500116,7.252483460713853,17.511644762595346,1e-05,True,40,development_isotonic_frozen
s0-i4,development,0,random_matched,subset_beam_8,0464e30ca3e50a4f,"[[0, 1, 2, 4], [5, 6, 7, 8], [3, 9, 10, 11]]",8.859083375111782,-0.5107113194365477,1.149522342468493,-6.8624055392594705e-15,,19.0,6.753571420285143,6.753571420285143,8.968170889732965,0.9817460075195068,0.7193164946562673,"{""1"": 19, ""2"": 10, ""3"": 1}",6.753571420285143,6.753545826395939,18.65405400653485,1e-05,True,40,development_isotonic_frozen
s0-i4,development,0,random_matched,subset_beam_32,0464e30ca3e50a4f,"[[0, 1, 2, 4], [5, 6, 7, 8], [3, 9, 10, 11]]",8.859083375111782,-0.5107113194365477,1.149522342468493,-6.8624055392594705e-15,,19.0,6.753571420285143,6.753571420285143,8.968170889732965,0.9817460075195068,0.7193164946562673,"{""1"": 19, ""2"": 10, ""3"": 1}",6.753571420285143,6.753545826395939,18.65405400653485,1e-05,True,40,development_isotonic_frozen
s0-i4,development,0,random_matched,saps_diagonal,dafb6389b69cfa36,"[[1, 3, 4, 7], [0, 6, 8, 9], [2, 5, 10, 11]]",8.859083375111782,-0.49751628359347694,1.173269710523502,-9.116444837758863e-15,,27.0,7.738814375080398,7.738814375080398,9.198932939893162,0.2659646472232067,0.7193164946562673,"{""1"": 27, ""2"": 3}",7.738814375080398,7.7387272781547605,16.5559222753644,1e-05,True,40,development_isotonic_frozen
s0-i4,development,0,random_matched,p_saps_residualized,e4c5bf1b8a9799e6,"[[0, 2, 8, 11], [3, 7, 9, 10], [1, 4, 5, 6]]",8.859083375111782,-0.6043940846399848,0.9942392151844954,-9.951401482429371e-15,,20.0,5.29133717894126,5.29133717894126,8.968170889732965,0.7657528773923741,0.0,"{""1"": 20, ""2"": 9, ""3"": 1}",5.29133717894126,5.291292280707828,19.075522245456256,1e-05,True,80,development_isotonic_frozen
s0-i4,development,0,random_matched,p_saps_projection,d738b61db8ffabb4,"[[0, 1, 2, 5], [3, 6, 7, 11], [4, 8, 9, 10]]",8.859083375111782,-0.5555261740613769,1.0811448696942287,-9.678506312385473e-15,,21.0,9.126482848904569,9.126482848904569,8.968170889732965,0.35897752349437906,0.7193164946562673,"{""1"": 21, ""2"": 8, ""3"": 1}",9.126482848904569,9.126431484690267,20.803887471835587,1e-05,True,640,development_isotonic_frozen
s0-i4,development,0,random_matched,b_saps_budgeted,539ddd8198b4a475,"[[3, 4, 7, 9], [0, 1, 5, 8], [2, 6, 10, 11]]",8.859083375111782,-0.47976401661623885,1.1927931216233933,-1.177201763328933e-14,,18.0,8.47216647647452,8.47216647647452,9.198932939893162,0.20451911982312496,0.7193164946562673,"{""1"": 18, ""2"": 12}",8.47216647647452,8.472114556151872,16.383080302589853,1e-05,True,40,development_isotonic_frozen
s0-i4,development,0,random_matched,random_balanced,539ddd8198b4a475,"[[3, 4, 7, 9], [0, 1, 5, 8], [2, 6, 10, 11]]",12.591262895350738,-0.47976401661623885,1.1927931216233933,-1.177201763328933e-14,,18.0,8.47216647647452,8.47216647647452,13.07957472949167,0.3247538768766669,5.078203588628007,"{""1"": 18, ""2"": 12}",8.47216647647452,8.472114556151872,16.383080302589853,1e-05,True,40,development_isotonic_frozen
s0-i4,development,0,random_matched,confidence,df61d225b012e075,"[[4, 5, 6, 7], [1, 8, 9, 10], [0, 2, 3, 11]]",12.591262895350738,-0.4085440349103015,1.2669490248760906,-9.19046545293123e-15,,21.0,7.115262001911508,7.115262001911508,12.748004965568814,1.5321875249732315,2.391488354224247,"{""2"": 8, ""1"": 21, ""3"": 1}",7.115262001911508,7.115209671664189,17.222619597407935,1e-05,True,40,development_isotonic_frozen
s0-i4,development,0,random_matched,entropy,df61d225b012e075,"[[4, 5, 6, 7], [1, 8, 9, 10], [0, 2, 3, 11]]",12.591262895350738,-0.4085440349103015,1.2669490248760906,-9.19046545293123e-15,,21.0,7.115262001911508,7.115262001911508,12.748004965568814,1.5321875249732315,2.391488354224247,"{""2"": 8, ""1"": 21, ""3"": 1}",7.115262001911508,7.115209671664189,17.222619597407935,1e-05,True,40,development_isotonic_frozen
s0-i4,development,0,random_matched,dependency_cmi,d738b61db8ffabb4,"[[0, 1, 2, 5], [3, 6, 7, 11], [4, 8, 9, 10]]",12.591262895350738,-0.5555261740613769,1.0811448696942287,-9.678506312385473e-15,,21.0,9.126482848904569,9.126482848904569,12.748004965568814,0.6169070142247233,2.545780907500578,"{""1"": 21, ""2"": 8, ""3"": 1}",9.126482848904569,9.126431484690267,20.803887471835587,1e-05,True,40,development_isotonic_frozen
s0-i4,development,0,random_matched,min_within_batch_tc,e839c4ea583a401b,"[[1, 3, 5, 6], [0, 8, 10, 11], [2, 4, 7, 9]]",12.591262895350738,-0.5527120744079289,1.0645574478777207,-9.49535852347996e-15,,22.0,7.7815344817917325,7.7815344817917325,12.748004965568814,2.7985057318647586,-0.3246828672214539,"{""3"": 1, ""1"": 22, ""2"": 7}",7.7815344817917325,7.78146628204236,18.226356974009615,1e-05,True,40,development_isotonic_frozen
s0-i4,development,0,random_matched,dprm_myopic,995b09d36c1f06a1,"[[2, 5, 8, 10], [1, 3, 4, 6], [0, 7, 9, 11]]",12.591262895350738,-0.5240766634706847,1.0967647204579711,-1.0683083084575979e-14,,19.0,8.054485488066959,8.054485488066959,13.07957472949167,1.11850930181412,2.2817119999034805,"{""2"": 11, ""1"": 19}",8.054485488066959,8.054422340564331,17.265533340062277,1e-05,True,40,development_isotonic_frozen
s0-i4,development,0,random_matched,dprm_rollout,ba5cda2bbdc51926,"[[6, 8, 10, 11], [0, 1, 3, 4], [2, 5, 7, 9]]",12.591262895350738,-0.5683333798724364,1.0374418763702564,-1.0417919091590549e-14,,18.0,9.74380095821328,9.74380095821328,13.07957472949167,0.7595316464569442,3.7745111577492874,"{""2"": 12, ""1"": 18}",9.74380095821328,9.743704562372809,17.917073437389313,1e-05,True,40,development_isotonic_frozen
s0-i4,development,0,random_matched,subset_exact,4cae8c5601d91cb6,"[[1, 6, 7, 8], [4, 5, 9, 10], [0, 2, 3, 11]]",12.591262895350738,-0.454247508641156,1.1923373005892268,-1.1565051747136163e-14,,18.0,6.073491620185052,6.073491620185052,12.748004965568814,0.6788593473361877,7.442004628560868,"{""2"": 11, ""1"": 18, ""3"": 1}",6.073491620185052,6.073453770619914,18.865501235982393,1e-05,True,40,development_isotonic_frozen
s0-i4,development,0,random_matched,subset_beam_8,edd016ec674be02e,"[[0, 3, 6, 8], [1, 4, 5, 7], [2, 9, 10, 11]]",12.591262895350738,-0.5140958081219843,1.1300006771278872,-1.0316246977662142e-14,,20.0,6.955803794986911,6.955803794986911,13.07957472949167,0.8113127801842892,6.68306686575211,"{""1"": 20, ""2"": 10}",6.955803794986911,6.955782488766659,17.17497299025459,1e-05,True,40,development_isotonic_frozen
s0-i4,development,0,random_matched,subset_beam_32,2b1954c105be2bea,"[[2, 7, 8, 11], [1, 4, 5, 6], [0, 3, 9, 10]]",12.591262895350738,-0.5002420505919558,1.1414943201418575,-1.1591718764343347e-14,,22.0,6.238152043952872,6.238152043952872,12.084865437723105,1.056975895848204,7.113150248698233,"{""1"": 22, ""3"": 3, ""2"": 5}",6.238152043952872,6.238093814519477,18.35745036220517,1e-05,True,40,development_isotonic_frozen
s0-i4,development,0,random_matched,saps_diagonal,dafb6389b69cfa36,"[[1, 3, 4, 7], [0, 6, 8, 9], [2, 5, 10, 11]]",12.591262895350738,-0.49751628359347694,1.173269710523502,-9.116444837758863e-15,,27.0,7.738814375080398,7.738814375080398,13.07957472949167,0.27958281786908923,4.0742180140315085,"{""1"": 27, ""2"": 3}",7.738814375080398,7.7387272781547605,16.5559222753644,1e-05,True,40,development_isotonic_frozen
s0-i4,development,0,random_matched,p_saps_residualized,e4c5bf1b8a9799e6,"[[0, 2, 8, 11], [3, 7, 9, 10], [1, 4, 5, 6]]",12.591262895350738,-0.6043940846399848,0.9942392151844954,-9.951401482429371e-15,,20.0,5.29133717894126,5.29133717894126,12.748004965568814,1.5087016068213484,5.305759503510499,"{""1"": 20, ""2"": 9, ""3"": 1}",5.29133717894126,5.291292280707828,19.075522245456256,1e-05,True,80,development_isotonic_frozen
s0-i4,development,0,random_matched,p_saps_projection,d738b61db8ffabb4,"[[0, 1, 2, 5], [3, 6, 7, 11], [4, 8, 9, 10]]",12.591262895350738,-0.5555261740613769,1.0811448696942287,-9.678506312385473e-15,,21.0,9.126482848904569,9.126482848904569,12.748004965568814,0.6169070142247233,2.545780907500578,"{""1"": 21, ""2"": 8, ""3"": 1}",9.126482848904569,9.126431484690267,20.803887471835587,1e-05,True,640,development_isotonic_frozen
s0-i4,development,0,random_matched,b_saps_budgeted,539ddd8198b4a475,"[[3, 4, 7, 9], [0, 1, 5, 8], [2, 6, 10, 11]]",12.591262895350738,-0.47976401661623885,1.1927931216233933,-1.177201763328933e-14,,18.0,8.47216647647452,8.47216647647452,13.07957472949167,0.3247538768766669,5.078203588628007,"{""1"": 18, ""2"": 12}",8.47216647647452,8.472114556151872,16.383080302589853,1e-05,True,40,development_isotonic_frozen
s0-i4,development,0,random_matched,random_balanced,c067232fd51ce1c0,"[[4, 7, 9], [3, 5, 8], [0, 1, 6], [2, 10, 11]]",4.491629585606365,-0.6796112874936368,1.8261476153229346,-7.731962108070488e-15,,27.0,9.712302899243955,9.712302899243955,4.550937244428563,0.35515652100831613,0.0,"{""1"": 27, ""2"": 3}",9.712302899243955,9.712266609552291,13.8056652847077,1e-05,True,40,development_isotonic_frozen
s0-i4,development,0,random_matched,confidence,8775e2c974ce3dee,"[[4, 5, 7], [6, 8, 9], [0, 1, 10], [2, 3, 11]]",4.491629585606365,-0.6263977000441948,1.8846827664101002,-8.329742583219198e-15,,28.0,6.6392034908863184,6.6392034908863184,4.550937244428563,0.5974347699865135,0.0,"{""1"": 28, ""2"": 2}",6.6392034908863184,6.63910839741812,15.648814461119196,1e-05,True,40,development_isotonic_frozen
s0-i4,development,0,random_matched,entropy,111a4e2672ade694,"[[4, 5, 7], [6, 8, 10], [0, 1, 9], [2, 3, 11]]",4.491629585606365,-0.626604023506343,1.8868371746727544,-8.370482985430575e-15,,24.0,6.689765927162534,6.689765927162534,4.550937244428563,0.2413545354714075,0.8311041371226302,"{""1"": 24, ""2"": 6}",6.689765927162534,6.689711959946356,16.61127238539617,1e-05,True,40,development_isotonic_frozen
s0-i4,development,0,random_matched,dependency_cmi,e5c3d3c111191c4d,"[[0, 1, 2], [3, 4, 5], [6, 7, 11], [8, 9, 10]]",4.491629585606365,-0.8320646262666108,1.6454884827500136,-5.485439818065566e-15,,20.0,7.625611168911211,7.625611168911211,4.550937244428563,0.3733208458684252,0.0,"{""1"": 20, ""2"": 10}",7.625611168911211,7.625539527359899,18.879121105612388,1e-05,True,40,development_isotonic_frozen
s0-i4,development,0,random_matched,min_within_batch_tc,2c8871fd346ef3ec,"[[1, 3, 4], [8, 10, 11], [0, 5, 6], [2, 7, 9]]",4.491629585606365,-0.8294917651778809,1.6288346459708078,-5.135288818071188e-15,,23.0,7.000608654918062,7.000608654918062,4.550937244428563,0.6523636249342987,0.0,"{""2"": 7, ""1"": 23}",7.000608654918062,7.000518629990745,17.80259295906047,1e-05,True,40,development_isotonic_frozen
s0-i4,development,0,random_matched,dprm_myopic,4bbb758cad6e9555,"[[5, 8, 10], [2, 3, 4], [1, 6, 9], [0, 7, 11]]",4.491629585606365,-0.7729068585451594,1.6652785317766117,-6.51983633912057e-15,,18.0,8.07587665273676,8.07587665273676,4.434440057456388,0.1200295868207716,0.0,"{""2"": 11, ""1"": 18, ""3"": 1}",8.07587665273676,8.075814858936447,17.91931494207275,1e-05,True,40,development_isotonic_frozen
s0-i4,development,0,random_matched,dprm_rollout,adce9b3cbdf45090,"[[2, 5, 8], [7, 9, 10], [1, 4, 6], [0, 3, 11]]",4.491629585606365,-0.7267920987364852,1.717101373273241,-8.861104931218176e-15,,23.0,7.497009174178488,7.497009174178488,4.550937244428563,0.16059542769938626,1.2287895359285752,"{""1"": 23, ""2"": 7}",7.497009174178488,7.496930501814635,13.650154447796092,1e-05,True,40,development_isotonic_frozen
s0-i4,development,0,random_matched,subset_exact,1d09e4e5482c859f,"[[2, 3, 10], [4, 5, 7], [6, 8, 9], [0, 1, 11]]",4.491629585606365,-0.7613489569740155,1.710296903663955,-8.474229491284535e-15,,26.0,5.566523585962647,5.566523585962647,4.550937244428563,0.4664209823168831,2.059893673051205,"{""1"": 26, ""2"": 4}",5.566523585962647,5.566454636016683,14.759481653925496,1e-05,True,40,development_isotonic_frozen
s0-i4,development,0,random_matched,subset_beam_8,1d09e4e5482c859f,"[[2, 3, 10], [4, 5, 7], [6, 8, 9], [0, 1, 11]]",4.491629585606365,-0.7613489569740155,1.710296903663955,-8.474229491284535e-15,,26.0,5.566523585962647,5.566523585962647,4.550937244428563,0.4664209823168831,2.059893673051205,"{""1"": 26, ""2"": 4}",5.566523585962647,5.566454636016683,14.759481653925496,1e-05,True,40,development_isotonic_frozen
s0-i4,development,0,random_matched,subset_beam_32,1d09e4e5482c859f,"[[2, 3, 10], [4, 5, 7], [6, 8, 9], [0, 1, 11]]",4.491629585606365,-0.7613489569740155,1.710296903663955,-8.474229491284535e-15,,26.0,5.566523585962647,5.566523585962647,4.550937244428563,0.4664209823168831,2.059893673051205,"{""1"": 26, ""2"": 4}",5.566523585962647,5.566454636016683,14.759481653925496,1e-05,True,40,development_isotonic_frozen
s0-i4,development,0,random_matched,saps_diagonal,c767559780547e64,"[[4, 5, 7], [6, 8, 9], [0, 1, 3], [2, 10, 11]]",4.491629585606365,-0.6365435123789637,1.8788768959656081,-8.432896787658038e-15,,30.0,7.008931373212261,7.008931373212261,4.550937244428563,0.33848667308036573,0.0,"{""1"": 30}",7.008931373212261,7.008828320697416,12.45568447949013,1e-05,True,40,development_isotonic_frozen
s0-i4,development,0,random_matched,p_saps_residualized,9c7cff51817e65da,"[[2, 7, 11], [5, 8, 10], [0, 3, 9], [1, 4, 6]]",4.491629585606365,-0.8010791903806126,1.637323389274609,-6.592141188079294e-15,,22.0,7.7502620283478105,7.7502620283478105,4.550937244428563,0.3524346777333992,-1.1996559692390873,"{""1"": 22, ""2"": 8}",7.7502620283478105,7.750126477526777,16.12420444140397,1e-05,True,80,development_isotonic_frozen
s0-i4,development,0,random_matched,p_saps_projection,fdf3db3c158ee88a,"[[1, 6, 7], [0, 5, 8], [3, 4, 10], [2, 9, 11]]",4.491629585606365,-0.7106103478669334,1.7735876149753746,-6.451243182625222e-15,,21.0,9.098572602314285,9.098572602314285,4.550937244428563,0.11822400029338734,0.0,"{""1"": 21, ""2"": 9}",9.098572602314285,9.098525560079173,16.994150257846446,1e-05,True,640,development_isotonic_frozen
s0-i4,development,0,random_matched,b_saps_budgeted,c067232fd51ce1c0,"[[4, 7, 9], [3, 5, 8], [0, 1, 6], [2, 10, 11]]",4.491629585606365,-0.6796112874936368,1.8261476153229346,-7.731962108070488e-15,,27.0,9.712302899243955,9.712302899243955,4.550937244428563,0.35515652100831613,0.0,"{""1"": 27, ""2"": 3}",9.712302899243955,9.712266609552291,13.8056652847077,1e-05,True,40,development_isotonic_frozen
s0-i4,development,0,random_matched,random_balanced,c067232fd51ce1c0,"[[4, 7, 9], [3, 5, 8], [0, 1, 6], [2, 10, 11]]",9.081454077993426,-0.6796112874936368,1.8261476153229346,-7.731962108070488e-15,,27.0,9.712302899243955,9.712302899243955,9.198932939893162,1.4188298344764914,0.7193164946562673,"{""1"": 27, ""2"": 3}",9.712302899243955,9.712266609552291,13.8056652847077,1e-05,True,40,development_isotonic_frozen
s0-i4,development,0,random_matched,confidence,8775e2c974ce3dee,"[[4, 5, 7], [6, 8, 9], [0, 1, 10], [2, 3, 11]]",9.081454077993426,-0.6263977000441948,1.8846827664101002,-8.329742583219198e-15,,28.0,6.6392034908863184,6.6392034908863184,9.198932939893162,0.1945008147158817,0.7193164946562673,"{""1"": 28, ""2"": 2}",6.6392034908863184,6.63910839741812,15.648814461119196,1e-05,True,40,development_isotonic_frozen
s0-i4,development,0,random_matched,entropy,111a4e2672ade694,"[[4, 5, 7], [6, 8, 10], [0, 1, 9], [2, 3, 11]]",9.081454077993426,-0.626604023506343,1.8868371746727544,-8.370482985430575e-15,,24.0,6.689765927162534,6.689765927162534,9.198932939893162,0.6462198044061103,0.7193164946562673,"{""1"": 24, ""2"": 6}",6.689765927162534,6.689711959946356,16.61127238539617,1e-05,True,40,development_isotonic_frozen
s0-i4,development,0,random_matched,dependency_cmi,e5c3d3c111191c4d,"[[0, 1, 2], [3, 4, 5], [6, 7, 11], [8, 9, 10]]",9.081454077993426,-0.8320646262666108,1.6454884827500136,-5.485439818065566e-15,,20.0,7.625611168911211,7.625611168911211,9.198932939893162,0.663122761098242,-0.7734826631895393,"{""1"": 20, ""2"": 10}",7.625611168911211,7.625539527359899,18.879121105612388,1e-05,True,40,development_isotonic_frozen
s0-i4,development,0,random_matched,min_within_batch_tc,2c8871fd346ef3ec,"[[1, 3, 4], [8, 10, 11], [0, 5, 6], [2, 7, 9]]",9.081454077993426,-0.8294917651778809,1.6288346459708078,-5.135288818071188e-15,,23.0,7.000608654918062,7.000608654918062,9.198932939893162,0.6543036291171662,0.7193164946562673,"{""2"": 7, ""1"": 23}",7.000608654918062,7.000518629990745,17.80259295906047,1e-05,True,40,development_isotonic_frozen
s0-i4,development,0,random_matched,dprm_myopic,4bbb758cad6e9555,"[[5, 8, 10], [2, 3, 4], [1, 6, 9], [0, 7, 11]]",9.081454077993426,-0.7729068585451594,1.6652785317766117,-6.51983633912057e-15,,18.0,8.07587665273676,8.07587665273676,8.968170889732965,0.8707311576044368,0.8311041371226301,"{""2"": 11, ""1"": 18, ""3"": 1}",8.07587665273676,8.075814858936447,17.91931494207275,1e-05,True,40,development_isotonic_frozen
s0-i4,development,0,random_matched,dprm_rollout,7c31edfcf09b2e62,"[[3, 6, 7], [5, 10, 11], [4, 8, 9], [0, 1, 2]]",9.081454077993426,-0.7249978896467768,1.7470904675869516,-3.4959624475993985e-15,,27.0,6.883538531714568,6.883538531714568,9.198932939893162,0.5167264367857515,-0.7734826631895393,"{""2"": 3, ""1"": 27}",6.883538531714568,6.883505088016098,13.25129490821645,1e-05,True,40,development_isotonic_frozen
s0-i4,development,0,random_matched,subset_exact,1dc4693cc38579cc,"[[1, 2, 4], [5, 6, 7], [0, 8, 9], [3, 10, 11]]",9.081454077993426,-0.7213024918635981,1.77462327762617,-2.9317514548974044e-15,,26.0,5.319424781074101,5.319424781074101,9.198932939893162,0.442937046323101,1.5504206317788976,"{""1"": 26, ""2"": 4}",5.319424781074101,5.319387500561228,15.18230061889468,1e-05,True,40,development_isotonic_frozen
s0-i4,development,0,random_matched,subset_beam_8,bcf815164a058823,"[[0, 1, 2], [4, 5, 7], [6, 8, 9], [3, 10, 11]]",9.081454077993426,-0.7688328096101783,1.7138328814165174,-4.847060175635359e-15,,25.0,5.8712236985518205,5.8712236985518205,9.198932939893162,0.3048335557151486,0.7193164946562673,"{""2"": 5, ""1"": 25}",5.8712236985518205,5.87117794752602,15.043544422627606,1e-05,True,40,development_isotonic_frozen
s0-i4,development,0,random_matched,subset_beam_32,1dc4693cc38579cc,"[[1, 2, 4], [5, 6, 7], [0, 8, 9], [3, 10, 11]]",9.081454077993426,-0.7213024918635981,1.77462327762617,-2.9317514548974044e-15,,26.0,5.319424781074101,5.319424781074101,9.198932939893162,0.442937046323101,1.5504206317788976,"{""1"": 26, ""2"": 4}",5.319424781074101,5.319387500561228,15.18230061889468,1e-05,True,40,development_isotonic_frozen
s0-i4,development,0,random_matched,saps_diagonal,c767559780547e64,"[[4, 5, 7], [6, 8, 9], [0, 1, 3], [2, 10, 11]]",9.081454077993426,-0.6365435123789637,1.8788768959656081,-8.432896787658038e-15,,30.0,7.008931373212261,7.008931373212261,9.198932939893162,0.8005866326187046,0.7193164946562673,"{""1"": 30}",7.008931373212261,7.008828320697416,12.45568447949013,1e-05,True,40,development_isotonic_frozen
s0-i4,development,0,random_matched,p_saps_residualized,9c7cff51817e65da,"[[2, 7, 11], [5, 8, 10], [0, 3, 9], [1, 4, 6]]",9.081454077993426,-0.8010791903806126,1.637323389274609,-6.592141188079294e-15,,22.0,7.7502620283478105,7.7502620283478105,9.198932939893162,0.5428501255736917,0.7193164946562673,"{""1"": 22, ""2"": 8}",7.7502620283478105,7.750126477526777,16.12420444140397,1e-05,True,80,development_isotonic_frozen
s0-i4,development,0,random_matched,p_saps_projection,fdf3db3c158ee88a,"[[1, 6, 7], [0, 5, 8], [3, 4, 10], [2, 9, 11]]",9.081454077993426,-0.7106103478669334,1.7735876149753746,-6.451243182625222e-15,,21.0,9.098572602314285,9.098572602314285,9.198932939893162,0.6623219034059861,0.4237204169000175,"{""1"": 21, ""2"": 9}",9.098572602314285,9.098525560079173,16.994150257846446,1e-05,True,640,development_isotonic_frozen
s0-i4,development,0,random_matched,b_saps_budgeted,c067232fd51ce1c0,"[[4, 7, 9], [3, 5, 8], [0, 1, 6], [2, 10, 11]]",9.081454077993426,-0.6796112874936368,1.8261476153229346,-7.731962108070488e-15,,27.0,9.712302899243955,9.712302899243955,9.198932939893162,1.4188298344764914,0.7193164946562673,"{""1"": 27, ""2"": 3}",9.712302899243955,9.712266609552291,13.8056652847077,1e-05,True,40,development_isotonic_frozen
s0-i4,development,0,random_matched,random_balanced,c067232fd51ce1c0,"[[4, 7, 9], [3, 5, 8], [0, 1, 6], [2, 10, 11]]",12.910775576949124,-0.6796112874936368,1.8261476153229346,-7.731962108070488e-15,,27.0,9.712302899243955,9.712302899243955,13.07957472949167,2.4997864838920405,3.8512444887705173,"{""1"": 27, ""2"": 3}",9.712302899243955,9.712266609552291,13.8056652847077,1e-05,True,40,development_isotonic_frozen
s0-i4,development,0,random_matched,confidence,8775e2c974ce3dee,"[[4, 5, 7], [6, 8, 9], [0, 1, 10], [2, 3, 11]]",12.910775576949124,-0.6263977000441948,1.8846827664101002,-8.329742583219198e-15,,28.0,6.6392034908863184,6.6392034908863184,13.07957472949167,1.0034590037282705,6.320292065249864,"{""1"": 28, ""2"": 2}",6.6392034908863184,6.63910839741812,15.648814461119196,1e-05,True,40,development_isotonic_frozen
s0-i4,development,0,random_matched,entropy,111a4e2672ade694,"[[4, 5, 7], [6, 8, 10], [0, 1, 9], [2, 3, 11]]",12.910775576949124,-0.626604023506343,1.8868371746727544,-8.370482985430575e-15,,24.0,6.689765927162534,6.689765927162534,13.07957472949167,1.1637608798687797,4.493827652405555,"{""1"": 24, ""2"": 6}",6.689765927162534,6.689711959946356,16.61127238539617,1e-05,True,40,development_isotonic_frozen
s0-i4,development,0,random_matched,dependency_cmi,e5c3d3c111191c4d,"[[0, 1, 2], [3, 4, 5], [6, 7, 11], [8, 9, 10]]",12.910775576949124,-0.8320646262666108,1.6454884827500136,-5.485439818065566e-15,,20.0,7.625611168911211,7.625611168911211,13.07957472949167,0.18688683990065846,3.6383985190783874,"{""1"": 20, ""2"": 10}",7.625611168911211,7.625539527359899,18.879121105612388,1e-05,True,40,development_isotonic_frozen
s0-i4,development,0,random_matched,min_within_batch_tc,2c8871fd346ef3ec,"[[1, 3, 4], [8, 10, 11], [0, 5, 6], [2, 7, 9]]",12.910775576949124,-0.8294917651778809,1.6288346459708078,-5.135288818071188e-15,,23.0,7.000608654918062,7.000608654918062,13.07957472949167,0.4534378930371309,2.391488354224247,"{""2"": 7, ""1"": 23}",7.000608654918062,7.000518629990745,17.80259295906047,1e-05,True,40,development_isotonic_frozen
s0-i4,development,0,random_matched,dprm_myopic,4bbb758cad6e9555,"[[5, 8, 10], [2, 3, 4], [1, 6, 9], [0, 7, 11]]",12.910775576949124,-0.7729068585451594,1.6652785317766117,-6.51983633912057e-15,,18.0,8.07587665273676,8.07587665273676,12.748004965568814,2.6412424958982763,6.320292065249864,"{""2"": 11, ""1"": 18, ""3"": 1}",8.07587665273676,8.075814858936447,17.91931494207275,1e-05,True,40,development_isotonic_frozen
s0-i4,development,0,random_matched,dprm_rollout,1474c4ec3bfa489b,"[[3, 6, 7], [5, 8, 11], [0, 2, 4], [1, 9, 10]]",12.910775576949124,-0.7390922210578906,1.7366697371209507,-3.524667534376521e-15,,21.0,7.0225998746110845,7.0225998746110845,12.416435201645958,0.9401120737855965,2.391488354224247,"{""3"": 2, ""2"": 7, ""1"": 21}",7.0225998746110845,7.0225798121871765,18.90835647740371,1e-05,True,40,development_isotonic_frozen
s0-i4,development,0,random_matched,subset_exact,c43b6c4c9d637546,"[[0, 3, 10], [4, 5, 7], [6, 8, 9], [1, 2, 11]]",12.910775576949124,-0.7550467614051305,1.7293144669326128,-6.5514497246075035e-15,,25.0,5.832063200775159,5.832063200775159,13.07957472949167,1.199086486701623,7.442004628560868,"{""1"": 25, ""2"": 5}",5.832063200775159,5.831996523056734,13.740758387796832,1e-05,True,40,development_isotonic_frozen
s0-i4,development,0,random_matched,subset_beam_8,c43b6c4c9d637546,"[[0, 3, 10], [4, 5, 7], [6, 8, 9], [1, 2, 11]]",12.910775576949124,-0.7550467614051305,1.7293144669326128,-6.5514497246075035e-15,,25.0,5.832063200775159,5.832063200775159,13.07957472949167,1.199086486701623,7.442004628560868,"{""1"": 25, ""2"": 5}",5.832063200775159,5.831996523056734,13.740758387796832,1e-05,True,40,development_isotonic_frozen
s0-i4,development,0,random_matched,subset_beam_32,c43b6c4c9d637546,"[[0, 3, 10], [4, 5, 7], [6, 8, 9], [1, 2, 11]]",12.910775576949124,-0.7550467614051305,1.7293144669326128,-6.5514497246075035e-15,,25.0,5.832063200775159,5.832063200775159,13.07957472949167,1.199086486701623,7.442004628560868,"{""1"": 25, ""2"": 5}",5.832063200775159,5.831996523056734,13.740758387796832,1e-05,True,40,development_isotonic_frozen
s0-i4,development,0,random_matched,saps_diagonal,c767559780547e64,"[[4, 5, 7], [6, 8, 9], [0, 1, 3], [2, 10, 11]]",12.910775576949124,-0.6365435123789637,1.8788768959656081,-8.432896787658038e-15,,30.0,7.008931373212261,7.008931373212261,13.07957472949167,0.5556802156438145,4.827492907404059,"{""1"": 30}",7.008931373212261,7.008828320697416,12.45568447949013,1e-05,True,40,development_isotonic_frozen
s0-i4,development,0,random_matched,p_saps_residualized,9c7cff51817e65da,"[[2, 7, 11], [5, 8, 10], [0, 3, 9], [1, 4, 6]]",12.910775576949124,-0.8010791903806126,1.637323389274609,-6.592141188079294e-15,,22.0,7.7502620283478105,7.7502620283478105,13.07957472949167,1.5898230222568968,2.0922274475877005,"{""1"": 22, ""2"": 8}",7.7502620283478105,7.750126477526777,16.12420444140397,1e-05,True,80,development_isotonic_frozen
s0-i4,development,0,random_matched,p_saps_projection,fdf3db3c158ee88a,"[[1, 6, 7], [0, 5, 8], [3, 4, 10], [2, 9, 11]]",12.910775576949124,-0.7106103478669334,1.7735876149753746,-6.451243182625222e-15,,21.0,9.098572602314285,9.098572602314285,13.07957472949167,0.20623884181122937,3.884287512070054,"{""1"": 21, ""2"": 9}",9.098572602314285,9.098525560079173,16.994150257846446,1e-05,True,640,development_isotonic_frozen
s0-i4,development,0,random_matched,b_saps_budgeted,c067232fd51ce1c0,"[[4, 7, 9], [3, 5, 8], [0, 1, 6], [2, 10, 11]]",12.910775576949124,-0.6796112874936368,1.8261476153229346,-7.731962108070488e-15,,27.0,9.712302899243955,9.712302899243955,13.07957472949167,2.4997864838920405,3.8512444887705173,"{""1"": 27, ""2"": 3}",9.712302899243955,9.712266609552291,13.8056652847077,1e-05,True,40,development_isotonic_frozen
s0-i4,development,0,structural,random_balanced,76993f31911749ca,"[[0, 1, 2, 3, 4, 5, 6, 7, 8, 9, 10, 11]]",2.2821376720595645,-0.0,0.0,-3.833673291048133e-14,,0.0,8.24254037800327,8.24254037800327,2.2821376720595645,0.013662674573934094,-1.1996559692390873,"{""2"": 11, ""3"": 10, ""4"": 9}",8.24254037800327,8.242522590376012,26.023123534895156,1e-05,True,40,development_isotonic_frozen
s0-i4,development,0,structural,confidence,76993f31911749ca,"[[0, 1, 2, 3, 4, 5, 6, 7, 8, 9, 10, 11]]",2.2821376720595645,-0.0,0.0,-3.833673291048133e-14,,0.0,8.24254037800327,8.24254037800327,2.2821376720595645,0.013662674573934094,-1.1996559692390873,"{""2"": 11, ""3"": 10, ""4"": 9}",8.24254037800327,8.242522590376012,26.023123534895156,1e-05,True,40,development_isotonic_frozen
s0-i4,development,0,structural,entropy,76993f31911749ca,"[[0, 1, 2, 3, 4, 5, 6, 7, 8, 9, 10, 11]]",2.2821376720595645,-0.0,0.0,-3.833673291048133e-14,,0.0,8.24254037800327,8.24254037800327,2.2821376720595645,0.013662674573934094,-1.1996559692390873,"{""2"": 11, ""3"": 10, ""4"": 9}",8.24254037800327,8.242522590376012,26.023123534895156,1e-05,True,40,development_isotonic_frozen
s0-i4,development,0,structural,dependency_cmi,76993f31911749ca,"[[0, 1, 2, 3, 4, 5, 6, 7, 8, 9, 10, 11]]",2.2821376720595645,-0.0,0.0,-3.833673291048133e-14,,0.0,8.24254037800327,8.24254037800327,2.2821376720595645,0.013662674573934094,-1.1996559692390873,"{""2"": 11, ""3"": 10, ""4"": 9}",8.24254037800327,8.242522590376012,26.023123534895156,1e-05,True,40,development_isotonic_frozen
s0-i4,development,0,structural,min_within_batch_tc,76993f31911749ca,"[[0, 1, 2, 3, 4, 5, 6, 7, 8, 9, 10, 11]]",2.2821376720595645,-0.0,0.0,-3.833673291048133e-14,,0.0,8.24254037800327,8.24254037800327,2.2821376720595645,0.013662674573934094,-1.1996559692390873,"{""2"": 11, ""3"": 10, ""4"": 9}",8.24254037800327,8.242522590376012,26.023123534895156,1e-05,True,40,development_isotonic_frozen
s0-i4,development,0,structural,dprm_myopic,76993f31911749ca,"[[0, 1, 2, 3, 4, 5, 6, 7, 8, 9, 10, 11]]",2.2821376720595645,-0.0,0.0,-3.833673291048133e-14,,0.0,8.24254037800327,8.24254037800327,2.2821376720595645,0.013662674573934094,-1.1996559692390873,"{""2"": 11, ""3"": 10, ""4"": 9}",8.24254037800327,8.242522590376012,26.023123534895156,1e-05,True,40,development_isotonic_frozen
s0-i4,development,0,structural,dprm_rollout,76993f31911749ca,"[[0, 1, 2, 3, 4, 5, 6, 7, 8, 9, 10, 11]]",2.2821376720595645,-0.0,0.0,-3.833673291048133e-14,,0.0,8.24254037800327,8.24254037800327,2.2821376720595645,0.013662674573934094,-1.1996559692390873,"{""2"": 11, ""3"": 10, ""4"": 9}",8.24254037800327,8.242522590376012,26.023123534895156,1e-05,True,40,development_isotonic_frozen
s0-i4,development,0,structural,subset_exact,76993f31911749ca,"[[0, 1, 2, 3, 4, 5, 6, 7, 8, 9, 10, 11]]",2.2821376720595645,-0.0,0.0,-3.833673291048133e-14,,0.0,8.24254037800327,8.24254037800327,2.2821376720595645,0.013662674573934094,-1.1996559692390873,"{""2"": 11, ""3"": 10, ""4"": 9}",8.24254037800327,8.242522590376012,26.023123534895156,1e-05,True,40,development_isotonic_frozen
s0-i4,development,0,structural,subset_beam_8,76993f31911749ca,"[[0, 1, 2, 3, 4, 5, 6, 7, 8, 9, 10, 11]]",2.2821376720595645,-0.0,0.0,-3.833673291048133e-14,,0.0,8.24254037800327,8.24254037800327,2.2821376720595645,0.013662674573934094,-1.1996559692390873,"{""2"": 11, ""3"": 10, ""4"": 9}",8.24254037800327,8.242522590376012,26.023123534895156,1e-05,True,40,development_isotonic_frozen
s0-i4,development,0,structural,subset_beam_32,76993f31911749ca,"[[0, 1, 2, 3, 4, 5, 6, 7, 8, 9, 10, 11]]",2.2821376720595645,-0.0,0.0,-3.833673291048133e-14,,0.0,8.24254037800327,8.24254037800327,2.2821376720595645,0.013662674573934094,-1.1996559692390873,"{""2"": 11, ""3"": 10, ""4"": 9}",8.24254037800327,8.242522590376012,26.023123534895156,1e-05,True,40,development_isotonic_frozen
s0-i4,development,0,structural,saps_diagonal,76993f31911749ca,"[[0, 1, 2, 3, 4, 5, 6, 7, 8, 9, 10, 11]]",2.2821376720595645,-0.0,0.0,-3.833673291048133e-14,,0.0,8.24254037800327,8.24254037800327,2.2821376720595645,0.013662674573934094,-1.1996559692390873,"{""2"": 11, ""3"": 10, ""4"": 9}",8.24254037800327,8.242522590376012,26.023123534895156,1e-05,True,40,development_isotonic_frozen
s0-i4,development,0,structural,p_saps_residualized,76993f31911749ca,"[[0, 1, 2, 3, 4, 5, 6, 7, 8, 9, 10, 11]]",2.2821376720595645,-0.0,0.0,-3.833673291048133e-14,,0.0,8.24254037800327,8.24254037800327,2.2821376720595645,0.013662674573934094,-1.1996559692390873,"{""2"": 11, ""3"": 10, ""4"": 9}",8.24254037800327,8.242522590376012,26.023123534895156,1e-05,True,40,development_isotonic_frozen
s0-i4,development,0,structural,p_saps_projection,76993f31911749ca,"[[0, 1, 2, 3, 4, 5, 6, 7, 8, 9, 10, 11]]",2.2821376720595645,-0.0,0.0,-3.833673291048133e-14,,0.0,8.24254037800327,8.24254037800327,2.2821376720595645,0.013662674573934094,-1.1996559692390873,"{""2"": 11, ""3"": 10, ""4"": 9}",8.24254037800327,8.242522590376012,26.023123534895156,1e-05,True,40,development_isotonic_frozen
s0-i4,development,0,structural,b_saps_budgeted,76993f31911749ca,"[[0, 1, 2, 3, 4, 5, 6, 7, 8, 9, 10, 11]]",2.2821376720595645,-0.0,0.0,-3.833673291048133e-14,,0.0,8.24254037800327,8.24254037800327,2.2821376720595645,0.013662674573934094,-1.1996559692390873,"{""2"": 11, ""3"": 10, ""4"": 9}",8.24254037800327,8.242522590376012,26.023123534895156,1e-05,True,40,development_isotonic_frozen
s0-i4,development,0,structural,random_balanced,76993f31911749ca,"[[0, 1, 2, 3, 4, 5, 6, 7, 8, 9, 10, 11]]",4.814453986849428,-0.0,0.0,-3.833673291048133e-14,,0.0,8.24254037800327,8.24254037800327,4.814453986849428,0.21738457612474893,0.7193164946562673,"{""2"": 11, ""3"": 10, ""4"": 9}",8.24254037800327,8.242522590376012,26.023123534895156,1e-05,True,40,development_isotonic_frozen
s0-i4,development,0,structural,confidence,76993f31911749ca,"[[0, 1, 2, 3, 4, 5, 6, 7, 8, 9, 10, 11]]",4.814453986849428,-0.0,0.0,-3.833673291048133e-14,,0.0,8.24254037800327,8.24254037800327,4.814453986849428,0.21738457612474893,0.7193164946562673,"{""2"": 11, ""3"": 10, ""4"": 9}",8.24254037800327,8.242522590376012,26.023123534895156,1e-05,True,40,development_isotonic_frozen
s0-i4,development,0,structural,entropy,76993f31911749ca,"[[0, 1, 2, 3, 4, 5, 6, 7, 8, 9, 10, 11]]",4.814453986849428,-0.0,0.0,-3.833673291048133e-14,,0.0,8.24254037800327,8.24254037800327,4.814453986849428,0.21738457612474893,0.7193164946562673,"{""2"": 11, ""3"": 10, ""4"": 9}",8.24254037800327,8.242522590376012,26.023123534895156,1e-05,True,40,development_isotonic_frozen
s0-i4,development,0,structural,dependency_cmi,76993f31911749ca,"[[0, 1, 2, 3, 4, 5, 6, 7, 8, 9, 10, 11]]",4.814453986849428,-0.0,0.0,-3.833673291048133e-14,,0.0,8.24254037800327,8.24254037800327,4.814453986849428,0.21738457612474893,0.7193164946562673,"{""2"": 11, ""3"": 10, ""4"": 9}",8.24254037800327,8.242522590376012,26.023123534895156,1e-05,True,40,development_isotonic_frozen
s0-i4,development,0,structural,min_within_batch_tc,76993f31911749ca,"[[0, 1, 2, 3, 4, 5, 6, 7, 8, 9, 10, 11]]",4.814453986849428,-0.0,0.0,-3.833673291048133e-14,,0.0,8.24254037800327,8.24254037800327,4.814453986849428,0.21738457612474893,0.7193164946562673,"{""2"": 11, ""3"": 10, ""4"": 9}",8.24254037800327,8.242522590376012,26.023123534895156,1e-05,True,40,development_isotonic_frozen
s0-i4,development,0,structural,dprm_myopic,76993f31911749ca,"[[0, 1, 2, 3, 4, 5, 6, 7, 8, 9, 10, 11]]",4.814453986849428,-0.0,0.0,-3.833673291048133e-14,,0.0,8.24254037800327,8.24254037800327,4.814453986849428,0.21738457612474893,0.7193164946562673,"{""2"": 11, ""3"": 10, ""4"": 9}",8.24254037800327,8.242522590376012,26.023123534895156,1e-05,True,40,development_isotonic_frozen
s0-i4,development,0,structural,dprm_rollout,76993f31911749ca,"[[0, 1, 2, 3, 4, 5, 6, 7, 8, 9, 10, 11]]",4.814453986849428,-0.0,0.0,-3.833673291048133e-14,,0.0,8.24254037800327,8.24254037800327,4.814453986849428,0.21738457612474893,0.7193164946562673,"{""2"": 11, ""3"": 10, ""4"": 9}",8.24254037800327,8.242522590376012,26.023123534895156,1e-05,True,40,development_isotonic_frozen
s0-i4,development,0,structural,subset_exact,76993f31911749ca,"[[0, 1, 2, 3, 4, 5, 6, 7, 8, 9, 10, 11]]",4.814453986849428,-0.0,0.0,-3.833673291048133e-14,,0.0,8.24254037800327,8.24254037800327,4.814453986849428,0.21738457612474893,0.7193164946562673,"{""2"": 11, ""3"": 10, ""4"": 9}",8.24254037800327,8.242522590376012,26.023123534895156,1e-05,True,40,development_isotonic_frozen
s0-i4,development,0,structural,subset_beam_8,76993f31911749ca,"[[0, 1, 2, 3, 4, 5, 6, 7, 8, 9, 10, 11]]",4.814453986849428,-0.0,0.0,-3.833673291048133e-14,,0.0,8.24254037800327,8.24254037800327,4.814453986849428,0.21738457612474893,0.7193164946562673,"{""2"": 11, ""3"": 10, ""4"": 9}",8.24254037800327,8.242522590376012,26.023123534895156,1e-05,True,40,development_isotonic_frozen
s0-i4,development,0,structural,subset_beam_32,76993f31911749ca,"[[0, 1, 2, 3, 4, 5, 6, 7, 8, 9, 10, 11]]",4.814453986849428,-0.0,0.0,-3.833673291048133e-14,,0.0,8.24254037800327,8.24254037800327,4.814453986849428,0.21738457612474893,0.7193164946562673,"{""2"": 11, ""3"": 10, ""4"": 9}",8.24254037800327,8.242522590376012,26.023123534895156,1e-05,True,40,development_isotonic_frozen
s0-i4,development,0,structural,saps_diagonal,76993f31911749ca,"[[0, 1, 2, 3, 4, 5, 6, 7, 8, 9, 10, 11]]",4.814453986849428,-0.0,0.0,-3.833673291048133e-14,,0.0,8.24254037800327,8.24254037800327,4.814453986849428,0.21738457612474893,0.7193164946562673,"{""2"": 11, ""3"": 10, ""4"": 9}",8.24254037800327,8.242522590376012,26.023123534895156,1e-05,True,40,development_isotonic_frozen
s0-i4,development,0,structural,p_saps_residualized,76993f31911749ca,"[[0, 1, 2, 3, 4, 5, 6, 7, 8, 9, 10, 11]]",4.814453986849428,-0.0,0.0,-3.833673291048133e-14,,0.0,8.24254037800327,8.24254037800327,4.814453986849428,0.21738457612474893,0.7193164946562673,"{""2"": 11, ""3"": 10, ""4"": 9}",8.24254037800327,8.242522590376012,26.023123534895156,1e-05,True,40,development_isotonic_frozen
s0-i4,development,0,structural,p_saps_projection,76993f31911749ca,"[[0, 1, 2, 3, 4, 5, 6, 7, 8, 9, 10, 11]]",4.814453986849428,-0.0,0.0,-3.833673291048133e-14,,0.0,8.24254037800327,8.24254037800327,4.814453986849428,0.21738457612474893,0.7193164946562673,"{""2"": 11, ""3"": 10, ""4"": 9}",8.24254037800327,8.242522590376012,26.023123534895156,1e-05,True,40,development_isotonic_frozen
s0-i4,development,0,structural,b_saps_budgeted,76993f31911749ca,"[[0, 1, 2, 3, 4, 5, 6, 7, 8, 9, 10, 11]]",4.814453986849428,-0.0,0.0,-3.833673291048133e-14,,0.0,8.24254037800327,8.24254037800327,4.814453986849428,0.21738457612474893,0.7193164946562673,"{""2"": 11, ""3"": 10, ""4"": 9}",8.24254037800327,8.242522590376012,26.023123534895156,1e-05,True,40,development_isotonic_frozen
s0-i4,development,0,structural,random_balanced,76993f31911749ca,"[[0, 1, 2, 3, 4, 5, 6, 7, 8, 9, 10, 11]]",6.7797492149574206,-0.0,0.0,-3.833673291048133e-14,,0.0,8.24254037800327,8.24254037800327,6.7797492149574206,0.9856111015201949,5.407061749164777,"{""2"": 11, ""3"": 10, ""4"": 9}",8.24254037800327,8.242522590376012,26.023123534895156,1e-05,True,40,development_isotonic_frozen
s0-i4,development,0,structural,confidence,76993f31911749ca,"[[0, 1, 2, 3, 4, 5, 6, 7, 8, 9, 10, 11]]",6.7797492149574206,-0.0,0.0,-3.833673291048133e-14,,0.0,8.24254037800327,8.24254037800327,6.7797492149574206,0.9856111015201949,5.407061749164777,"{""2"": 11, ""3"": 10, ""4"": 9}",8.24254037800327,8.242522590376012,26.023123534895156,1e-05,True,40,development_isotonic_frozen
s0-i4,development,0,structural,entropy,76993f31911749ca,"[[0, 1, 2, 3, 4, 5, 6, 7, 8, 9, 10, 11]]",6.7797492149574206,-0.0,0.0,-3.833673291048133e-14,,0.0,8.24254037800327,8.24254037800327,6.7797492149574206,0.9856111015201949,5.407061749164777,"{""2"": 11, ""3"": 10, ""4"": 9}",8.24254037800327,8.242522590376012,26.023123534895156,1e-05,True,40,development_isotonic_frozen
s0-i4,development,0,structural,dependency_cmi,76993f31911749ca,"[[0, 1, 2, 3, 4, 5, 6, 7, 8, 9, 10, 11]]",6.7797492149574206,-0.0,0.0,-3.833673291048133e-14,,0.0,8.24254037800327,8.24254037800327,6.7797492149574206,0.9856111015201949,5.407061749164777,"{""2"": 11, ""3"": 10, ""4"": 9}",8.24254037800327,8.242522590376012,26.023123534895156,1e-05,True,40,development_isotonic_frozen
s0-i4,development,0,structural,min_within_batch_tc,76993f31911749ca,"[[0, 1, 2, 3, 4, 5, 6, 7, 8, 9, 10, 11]]",6.7797492149574206,-0.0,0.0,-3.833673291048133e-14,,0.0,8.24254037800327,8.24254037800327,6.7797492149574206,0.9856111015201949,5.407061749164777,"{""2"": 11, ""3"": 10, ""4"": 9}",8.24254037800327,8.242522590376012,26.023123534895156,1e-05,True,40,development_isotonic_frozen
s0-i4,development,0,structural,dprm_myopic,76993f31911749ca,"[[0, 1, 2, 3, 4, 5, 6, 7, 8, 9, 10, 11]]",6.7797492149574206,-0.0,0.0,-3.833673291048133e-14,,0.0,8.24254037800327,8.24254037800327,6.7797492149574206,0.9856111015201949,5.407061749164777,"{""2"": 11, ""3"": 10, ""4"": 9}",8.24254037800327,8.242522590376012,26.023123534895156,1e-05,True,40,development_isotonic_frozen
s0-i4,development,0,structural,dprm_rollout,76993f31911749ca,"[[0, 1, 2, 3, 4, 5, 6, 7, 8, 9, 10, 11]]",6.7797492149574206,-0.0,0.0,-3.833673291048133e-14,,0.0,8.24254037800327,8.24254037800327,6.7797492149574206,0.9856111015201949,5.407061749164777,"{""2"": 11, ""3"": 10, ""4"": 9}",8.24254037800327,8.242522590376012,26.023123534895156,1e-05,True,40,development_isotonic_frozen
s0-i4,development,0,structural,subset_exact,76993f31911749ca,"[[0, 1, 2, 3, 4, 5, 6, 7, 8, 9, 10, 11]]",6.7797492149574206,-0.0,0.0,-3.833673291048133e-14,,0.0,8.24254037800327,8.24254037800327,6.7797492149574206,0.9856111015201949,5.407061749164777,"{""2"": 11, ""3"": 10, ""4"": 9}",8.24254037800327,8.242522590376012,26.023123534895156,1e-05,True,40,development_isotonic_frozen
s0-i4,development,0,structural,subset_beam_8,76993f31911749ca,"[[0, 1, 2, 3, 4, 5, 6, 7, 8, 9, 10, 11]]",6.7797492149574206,-0.0,0.0,-3.833673291048133e-14,,0.0,8.24254037800327,8.24254037800327,6.7797492149574206,0.9856111015201949,5.407061749164777,"{""2"": 11, ""3"": 10, ""4"": 9}",8.24254037800327,8.242522590376012,26.023123534895156,1e-05,True,40,development_isotonic_frozen
s0-i4,development,0,structural,subset_beam_32,76993f31911749ca,"[[0, 1, 2, 3, 4, 5, 6, 7, 8, 9, 10, 11]]",6.7797492149574206,-0.0,0.0,-3.833673291048133e-14,,0.0,8.24254037800327,8.24254037800327,6.7797492149574206,0.9856111015201949,5.407061749164777,"{""2"": 11, ""3"": 10, ""4"": 9}",8.24254037800327,8.242522590376012,26.023123534895156,1e-05,True,40,development_isotonic_frozen
s0-i4,development,0,structural,saps_diagonal,76993f31911749ca,"[[0, 1, 2, 3, 4, 5, 6, 7, 8, 9, 10, 11]]",6.7797492149574206,-0.0,0.0,-3.833673291048133e-14,,0.0,8.24254037800327,8.24254037800327,6.7797492149574206,0.9856111015201949,5.407061749164777,"{""2"": 11, ""3"": 10, ""4"": 9}",8.24254037800327,8.242522590376012,26.023123534895156,1e-05,True,40,development_isotonic_frozen
s0-i4,development,0,structural,p_saps_residualized,76993f31911749ca,"[[0, 1, 2, 3, 4, 5, 6, 7, 8, 9, 10, 11]]",6.7797492149574206,-0.0,0.0,-3.833673291048133e-14,,0.0,8.24254037800327,8.24254037800327,6.7797492149574206,0.9856111015201949,5.407061749164777,"{""2"": 11, ""3"": 10, ""4"": 9}",8.24254037800327,8.242522590376012,26.023123534895156,1e-05,True,40,development_isotonic_frozen
s0-i4,development,0,structural,p_saps_projection,76993f31911749ca,"[[0, 1, 2, 3, 4, 5, 6, 7, 8, 9, 10, 11]]",6.7797492149574206,-0.0,0.0,-3.833673291048133e-14,,0.0,8.24254037800327,8.24254037800327,6.7797492149574206,0.9856111015201949,5.407061749164777,"{""2"": 11, ""3"": 10, ""4"": 9}",8.24254037800327,8.242522590376012,26.023123534895156,1e-05,True,40,development_isotonic_frozen
s0-i4,development,0,structural,b_saps_budgeted,76993f31911749ca,"[[0, 1, 2, 3, 4, 5, 6, 7, 8, 9, 10, 11]]",6.7797492149574206,-0.0,0.0,-3.833673291048133e-14,,0.0,8.24254037800327,8.24254037800327,6.7797492149574206,0.9856111015201949,5.407061749164777,"{""2"": 11, ""3"": 10, ""4"": 9}",8.24254037800327,8.242522590376012,26.023123534895156,1e-05,True,40,development_isotonic_frozen
s0-i4,development,0,structural,random_balanced,4b73890c17e6a780,"[[3, 4, 5, 7, 8, 9], [0, 1, 2, 6, 10, 11]]",4.018049847894572,-0.22020946156279053,0.6154509816539598,-1.5803813070381625e-14,,15.0,5.396429355755209,5.396429355755209,4.08494849653986,0.10943574645336572,0.0,"{""2"": 11, ""3"": 4, ""1"": 15}",5.396429355755209,5.396388198499345,17.963208277312507,1e-05,True,40,development_isotonic_frozen
s0-i4,development,0,structural,confidence,e263a971c769a2c7,"[[4, 5, 6, 7, 8, 9], [0, 1, 2, 3, 10, 11]]",4.018049847894572,-0.19984727087739784,0.6333544936995409,-1.8218263520098192e-14,,6.0,6.536251982667684,6.536251982667684,3.2448668455578917,0.14943997093822206,0.0,"{""2"": 13, ""3"": 7, ""4"": 4, ""1"": 6}",6.536251982667684,6.536226847321204,19.779177778578855,1e-05,True,40,development_isotonic_frozen
s0-i4,development,0,structural,entropy,aea0f41a1e1f3b3d,"[[4, 5, 6, 7, 8, 10], [0, 1, 2, 3, 9, 11]]",4.018049847894572,-0.20005359433954614,0.635508901962195,-1.8966100640736776e-14,,10.0,6.993725373523675,6.993725373523675,3.4840115550464277,0.0928964540348081,0.8311041371226302,"{""2"": 11, ""3"": 6, ""4"": 3, ""1"": 10}",6.993725373523675,6.9936621752273345,20.49739740664906,1e-05,True,40,development_isotonic_frozen
s0-i4,development,0,structural,dependency_cmi,4181091a3caa42d5,"[[0, 1, 2, 5, 10, 11], [3, 4, 6, 7, 8, 9]]",4.018049847894572,-0.2972689264414529,0.5083881513269546,-1.692819818952475e-14,,7.0,5.413347928975298,5.413347928975298,3.6128094131069717,0.4384234032893333,-1.1996559692390873,"{""2"": 15, ""3"": 7, ""1"": 7, ""4"": 1}",5.413347928975298,5.413310752500077,25.260331605860664,1e-05,True,40,development_isotonic_frozen
s0-i4,development,0,structural,min_within_batch_tc,0fd8bd77daba470b,"[[1, 3, 5, 8, 10, 11], [0, 2, 4, 6, 7, 9]]",4.018049847894572,-0.28594121938911105,0.516777959924016,-1.5059314728028674e-14,,14.0,6.324137279405445,6.324137279405445,4.317942870484211,0.23054892394711082,-0.3685518321164572,"{""1"": 14, ""2"": 14, ""3"": 2}",6.324137279405445,6.324062734393605,19.497339643045343,1e-05,True,40,development_isotonic_frozen
s0-i4,development,0,structural,dprm_myopic,baa91c83b5237e66,"[[2, 3, 4, 5, 8, 10], [0, 1, 6, 7, 9, 11]]",4.018049847894572,-0.25892726629878954,0.5608059212606324,-1.9837373259620504e-14,,11.0,5.180450570825236,5.180450570825236,4.078798160995675,0.0,0.0,"{""2"": 15, ""1"": 11, ""3"": 3, ""4"": 1}",5.180450570825236,5.180398997417498,17.98639247300213,1e-05,True,40,development_isotonic_frozen
s0-i4,development,0,structural,dprm_rollout,6296246d3368d57c,"[[1, 4, 5, 8, 9, 10], [0, 2, 3, 6, 7, 11]]",4.018049847894572,-0.24353479671399078,0.5732155811339367,-1.6515159988073315e-14,,12.0,7.950357476190461,7.950357476190461,4.317942870484211,0.17495839709934924,0.8311041371226302,"{""1"": 12, ""2"": 16, ""3"": 2}",7.950357476190461,7.95027328588645,22.715181272484916,1e-05,True,40,development_isotonic_frozen
s0-i4,development,0,structural,subset_exact,35f7e5d3f71c223c,"[[2, 3, 5, 6, 9, 10], [0, 1, 4, 7, 8, 11]]",4.018049847894572,-0.27403122778930344,0.5282923509629387,-1.9078872113430625e-14,,15.0,6.462004821632092,6.462004821632092,4.550937244428563,0.007710828103169232,2.059893673051205,"{""2"": 15, ""1"": 15}",6.462004821632092,6.461910616362861,14.924574394554957,1e-05,True,40,development_isotonic_frozen
s0-i4,development,0,structural,subset_beam_8,543028271928dcfa,"[[0, 1, 2, 3, 4, 5], [6, 7, 8, 9, 10, 11]]",4.018049847894572,-0.27536045189801855,0.5553684399105445,-1.9624458794008028e-14,,3.0,6.199543939524361,6.199543939524361,2.7665774265808203,0.004980295566141772,0.0,"{""2"": 12, ""3"": 9, ""4"": 6, ""1"": 3}",6.199543939524361,6.19952324391881,23.999370002264932,1e-05,True,40,development_isotonic_frozen
s0-i4,development,0,structural,subset_beam_32,543028271928dcfa,"[[0, 1, 2, 3, 4, 5], [6, 7, 8, 9, 10, 11]]",4.018049847894572,-0.27536045189801855,0.5553684399105445,-1.9624458794008028e-14,,3.0,6.199543939524361,6.199543939524361,2.7665774265808203,0.004980295566141772,0.0,"{""2"": 12, ""3"": 9, ""4"": 6, ""1"": 3}",6.199543939524361,6.19952324391881,23.999370002264932,1e-05,True,40,development_isotonic_frozen
s0-i4,development,0,structural,saps_diagonal,17796a6af94c7f97,"[[2, 4, 5, 7, 8, 10], [0, 1, 3, 6, 9, 11]]",4.018049847894572,-0.22016072045233656,0.6135489620404445,-2.021615033677505e-14,,19.0,5.9888309982652785,5.9888309982652785,4.434440057456388,0.12823593400855587,0.0,"{""2"": 10, ""3"": 1, ""1"": 19}",5.9888309982652785,5.9886947232094565,22.691071917177826,1e-05,True,40,development_isotonic_frozen
s0-i4,development,0,structural,p_saps_residualized,77ee706e457279b6,"[[0, 2, 4, 5, 8, 10], [1, 3, 6, 7, 9, 11]]",4.018049847894572,-0.25657146986989227,0.5630886811406821,-1.7739654274767124e-14,,15.0,4.559698507090888,4.559698507090888,4.434440057456388,0.1598167440510338,0.0,"{""1"": 15, ""2"": 14, ""3"": 1}",4.559698507090888,4.55965097642944,22.055746741860382,1e-05,True,80,development_isotonic_frozen
s0-i4,development,0,structural,p_saps_projection,674d91dc4fcf15c6,"[[0, 4, 6, 7, 8, 10], [1, 2, 3, 5, 9, 11]]",4.018049847894572,-0.23075551813684647,0.599314431063314,-1.9495089007221314e-14,,15.0,7.467226467102015,7.467226467102015,3.9684513095676834,0.1057870563837814,0.0,"{""1"": 15, ""2"": 10, ""3"": 5}",7.467226467102015,7.467117712683052,19.86402345177638,1e-05,True,640,development_isotonic_frozen
s0-i4,development,0,structural,b_saps_budgeted,35c9dee01023a7da,"[[0, 1, 4, 5, 8, 9], [2, 3, 6, 7, 10, 11]]",4.018049847894572,-0.25132481261986234,0.569692470569494,-1.9016859774337595e-14,,10.0,7.235669497853929,7.235669497853929,4.550937244428563,0.04497420139159292,-1.1996559692390873,"{""2"": 20, ""1"": 10}",7.235669497853929,7.235588774581711,22.063550061666025,1e-05,True,40,development_isotonic_frozen
s0-i4,development,0,structural,random_balanced,4b73890c17e6a780,"[[3, 4, 5, 7, 8, 9], [0, 1, 2, 6, 10, 11]]",8.150014530074086,-0.22020946156279053,0.6154509816539598,-1.5803813070381625e-14,,15.0,5.396429355755209,5.396429355755209,8.275884739252376,0.19237934212241403,0.7193164946562673,"{""2"": 11, ""3"": 4, ""1"": 15}",5.396429355755209,5.396388198499345,17.963208277312507,1e-05,True,40,development_isotonic_frozen
s0-i4,development,0,structural,confidence,e263a971c769a2c7,"[[4, 5, 6, 7, 8, 9], [0, 1, 2, 3, 10, 11]]",8.150014530074086,-0.19984727087739784,0.6333544936995409,-1.8218263520098192e-14,,6.0,6.536251982667684,6.536251982667684,6.660550388131,0.6564582728833377,0.7193164946562673,"{""2"": 13, ""3"": 7, ""4"": 4, ""1"": 6}",6.536251982667684,6.536226847321204,19.779177778578855,1e-05,True,40,development_isotonic_frozen
s0-i4,development,0,structural,entropy,aea0f41a1e1f3b3d,"[[4, 5, 6, 7, 8, 10], [0, 1, 2, 3, 9, 11]]",8.150014530074086,-0.20005359433954614,0.635508901962195,-1.8966100640736776e-14,,10.0,6.993725373523675,6.993725373523675,7.122074488451394,0.07680628791277962,0.7193164946562673,"{""2"": 11, ""3"": 6, ""4"": 3, ""1"": 10}",6.993725373523675,6.9936621752273345,20.49739740664906,1e-05,True,40,development_isotonic_frozen
s0-i4,development,0,structural,dependency_cmi,4181091a3caa42d5,"[[0, 1, 2, 5, 10, 11], [3, 4, 6, 7, 8, 9]]",8.150014530074086,-0.2972689264414529,0.5083881513269546,-1.692819818952475e-14,,7.0,5.413347928975298,5.413347928975298,7.35283653861159,0.3981573626062438,0.7193164946562673,"{""2"": 15, ""3"": 7, ""1"": 7, ""4"": 1}",5.413347928975298,5.413310752500077,25.260331605860664,1e-05,True,40,development_isotonic_frozen
s0-i4,development,0,structural,min_within_batch_tc,0fd8bd77daba470b,"[[1, 3, 5, 8, 10, 11], [0, 2, 4, 6, 7, 9]]",8.150014530074086,-0.28594121938911105,0.516777959924016,-1.5059314728028674e-14,,14.0,6.324137279405445,6.324137279405445,8.737408839572769,0.2639096072099402,0.7193164946562673,"{""1"": 14, ""2"": 14, ""3"": 2}",6.324137279405445,6.324062734393605,19.497339643045343,1e-05,True,40,development_isotonic_frozen
s0-i4,development,0,structural,dprm_myopic,baa91c83b5237e66,"[[2, 3, 4, 5, 8, 10], [0, 1, 6, 7, 9, 11]]",8.150014530074086,-0.25892726629878954,0.5608059212606324,-1.9837373259620504e-14,,11.0,5.180450570825236,5.180450570825236,8.275884739252376,0.42894378283541224,-0.6616950207231767,"{""2"": 15, ""1"": 11, ""3"": 3, ""4"": 1}",5.180450570825236,5.180398997417498,17.98639247300213,1e-05,True,40,development_isotonic_frozen
s0-i4,development,0,structural,dprm_rollout,444ee14164537ac1,"[[0, 3, 5, 6, 9, 10], [1, 2, 4, 7, 8, 11]]",8.150014530074086,-0.2719304959330084,0.5346315387191578,-1.6982026480152252e-14,,13.0,6.1726265951075225,6.1726265951075225,8.968170889732965,1.1265879982856246,0.4237204169000175,"{""1"": 13, ""2"": 16, ""3"": 1}",6.1726265951075225,6.172448618066276,15.650444965931516,1e-05,True,40,development_isotonic_frozen
s0-i4,development,0,structural,subset_exact,283704bc0be78a3b,"[[1, 2, 3, 4, 6, 10], [0, 5, 7, 8, 9, 11]]",8.150014530074086,-0.28026596553295197,0.5383178317416374,-1.6499547556493878e-14,,12.0,4.818486750907809,4.818486750907809,7.35283653861159,0.2296774602868812,1.5504206317788976,"{""1"": 12, ""2"": 10, ""3"": 7, ""4"": 1}",4.818486750907809,4.818461743647413,18.53763937068518,1e-05,True,40,development_isotonic_frozen
s0-i4,development,0,structural,subset_beam_8,c15fe8894296de95,"[[0, 1, 2, 3, 4, 6], [5, 7, 8, 9, 10, 11]]",8.150014530074086,-0.2880559814388235,0.5347947211771947,-1.4507811276157246e-14,,7.0,5.647208729467948,5.647208729467948,6.429788337970804,1.458071273908999,0.7193164946562673,"{""2"": 11, ""3"": 8, ""4"": 4, ""1"": 7}",5.647208729467948,5.647188686386315,21.6328399140564,1e-05,True,40,development_isotonic_frozen
s0-i4,development,0,structural,subset_beam_32,c15fe8894296de95,"[[0, 1, 2, 3, 4, 6], [5, 7, 8, 9, 10, 11]]",8.150014530074086,-0.2880559814388235,0.5347947211771947,-1.4507811276157246e-14,,7.0,5.647208729467948,5.647208729467948,6.429788337970804,1.458071273908999,0.7193164946562673,"{""2"": 11, ""3"": 8, ""4"": 4, ""1"": 7}",5.647208729467948,5.647188686386315,21.6328399140564,1e-05,True,40,development_isotonic_frozen
s0-i4,development,0,structural,saps_diagonal,17796a6af94c7f97,"[[2, 4, 5, 7, 8, 10], [0, 1, 3, 6, 9, 11]]",8.150014530074086,-0.22016072045233656,0.6135489620404445,-2.021615033677505e-14,,19.0,5.9888309982652785,5.9888309982652785,8.968170889732965,0.19248019799324836,0.0,"{""2"": 10, ""3"": 1, ""1"": 19}",5.9888309982652785,5.9886947232094565,22.691071917177826,1e-05,True,40,development_isotonic_frozen
s0-i4,development,0,structural,p_saps_residualized,77ee706e457279b6,"[[0, 2, 4, 5, 8, 10], [1, 3, 6, 7, 9, 11]]",8.150014530074086,-0.25657146986989227,0.5630886811406821,-1.7739654274767124e-14,,15.0,4.559698507090888,4.559698507090888,8.968170889732965,0.2766733172477065,0.7193164946562673,"{""1"": 15, ""2"": 14, ""3"": 1}",4.559698507090888,4.55965097642944,22.055746741860382,1e-05,True,80,development_isotonic_frozen
s0-i4,development,0,structural,p_saps_projection,674d91dc4fcf15c6,"[[0, 4, 6, 7, 8, 10], [1, 2, 3, 5, 9, 11]]",8.150014530074086,-0.23075551813684647,0.599314431063314,-1.9495089007221314e-14,,15.0,7.467226467102015,7.467226467102015,8.04512268909218,0.4252654971310926,-0.7734826631895393,"{""1"": 15, ""2"": 10, ""3"": 5}",7.467226467102015,7.467117712683052,19.86402345177638,1e-05,True,640,development_isotonic_frozen
s0-i4,development,0,structural,b_saps_budgeted,35c9dee01023a7da,"[[0, 1, 4, 5, 8, 9], [2, 3, 6, 7, 10, 11]]",8.150014530074086,-0.25132481261986234,0.569692470569494,-1.9016859774337595e-14,,10.0,7.235669497853929,7.235669497853929,9.198932939893162,0.32272268059091236,0.7193164946562673,"{""2"": 20, ""1"": 10}",7.235669497853929,7.235588774581711,22.063550061666025,1e-05,True,40,development_isotonic_frozen
s0-i4,development,0,structural,random_balanced,4b73890c17e6a780,"[[3, 4, 5, 7, 8, 9], [0, 1, 2, 6, 10, 11]]",11.572439438933237,-0.22020946156279053,0.6154509816539598,-1.5803813070381625e-14,,15.0,5.396429355755209,5.396429355755209,11.753295673800249,0.40993055820437485,4.39460206590179,"{""2"": 11, ""3"": 4, ""1"": 15}",5.396429355755209,5.396388198499345,17.963208277312507,1e-05,True,40,development_isotonic_frozen
s0-i4,development,0,structural,confidence,e263a971c769a2c7,"[[4, 5, 6, 7, 8, 9], [0, 1, 2, 3, 10, 11]]",11.572439438933237,-0.19984727087739784,0.6333544936995409,-1.8218263520098192e-14,,6.0,6.536251982667684,6.536251982667684,9.432307326340261,2.114722396793635,4.493827652405555,"{""2"": 13, ""3"": 7, ""4"": 4, ""1"": 6}",6.536251982667684,6.536226847321204,19.779177778578855,1e-05,True,40,development_isotonic_frozen
s0-i4,development,0,structural,entropy,aea0f41a1e1f3b3d,"[[4, 5, 6, 7, 8, 10], [0, 1, 2, 3, 9, 11]]",11.572439438933237,-0.20005359433954614,0.635508901962195,-1.8966100640736776e-14,,10.0,6.993725373523675,6.993725373523675,10.095446854185973,0.62649286579218,2.6249137231019835,"{""2"": 11, ""3"": 6, ""4"": 3, ""1"": 10}",6.993725373523675,6.9936621752273345,20.49739740664906,1e-05,True,40,development_isotonic_frozen
s0-i4,development,0,structural,dependency_cmi,4181091a3caa42d5,"[[0, 1, 2, 5, 10, 11], [3, 4, 6, 7, 8, 9]]",11.572439438933237,-0.2972689264414529,0.5083881513269546,-1.692819818952475e-14,,7.0,5.413347928975298,5.413347928975298,10.427016618108828,1.3814506862140372,4.797517828155142,"{""2"": 15, ""3"": 7, ""1"": 7, ""4"": 1}",5.413347928975298,5.413310752500077,25.260331605860664,1e-05,True,40,development_isotonic_frozen
s0-i4,development,0,structural,min_within_batch_tc,0fd8bd77daba470b,"[[1, 3, 5, 8, 10, 11], [0, 2, 4, 6, 7, 9]]",11.572439438933237,-0.28594121938911105,0.516777959924016,-1.5059314728028674e-14,,14.0,6.324137279405445,6.324137279405445,12.416435201645958,1.240685992330782,5.407061749164777,"{""1"": 14, ""2"": 14, ""3"": 2}",6.324137279405445,6.324062734393605,19.497339643045343,1e-05,True,40,development_isotonic_frozen
s0-i4,development,0,structural,dprm_myopic,baa91c83b5237e66,"[[2, 3, 4, 5, 8, 10], [0, 1, 6, 7, 9, 11]]",11.572439438933237,-0.25892726629878954,0.5608059212606324,-1.9837373259620504e-14,,11.0,5.180450570825236,5.180450570825236,11.753295673800249,1.7839950078091114,5.407057968490642,"{""2"": 15, ""1"": 11, ""3"": 3, ""4"": 1}",5.180450570825236,5.180398997417498,17.98639247300213,1e-05,True,40,development_isotonic_frozen
s0-i4,development,0,structural,dprm_rollout,85e4f70f7bb6fadd,"[[3, 5, 6, 7, 10, 11], [0, 1, 2, 4, 8, 9]]",11.572439438933237,-0.24604644927159072,0.5761066023331708,-1.4334935380644574e-14,,12.0,5.289478116344549,5.289478116344549,11.753295673800249,0.9397139886136654,6.320292065249864,"{""2"": 14, ""3"": 4, ""1"": 12}",5.289478116344549,5.2894124570319505,18.47651073991995,1e-05,True,40,development_isotonic_frozen
s0-i4,development,0,structural,subset_exact,97e9a7e7ded61663,"[[0, 1, 2, 3, 5, 8], [4, 6, 7, 9, 10, 11]]",11.572439438933237,-0.29330160376315945,0.5145321765873151,-2.2221652047854866e-14,,9.0,5.313199981761136,5.313199981761136,10.427016618108828,1.4933507895087175,6.9046680014723165,"{""2"": 13, ""3"": 7, ""4"": 1, ""1"": 9}",5.313199981761136,5.313151093729394,19.969384247821516,1e-05,True,40,development_isotonic_frozen
s0-i4,development,0,structural,subset_beam_8,97e9a7e7ded61663,"[[0, 1, 2, 3, 5, 8], [4, 6, 7, 9, 10, 11]]",11.572439438933237,-0.29330160376315945,0.5145321765873151,-2.2221652047854866e-14,,9.0,5.313199981761136,5.313199981761136,10.427016618108828,1.4933507895087175,6.9046680014723165,"{""2"": 13, ""3"": 7, ""4"": 1, ""1"": 9}",5.313199981761136,5.313151093729394,19.969384247821516,1e-05,True,40,development_isotonic_frozen
s0-i4,development,0,structural,subset_beam_32,97e9a7e7ded61663,"[[0, 1, 2, 3, 5, 8], [4, 6, 7, 9, 10, 11]]",11.572439438933237,-0.29330160376315945,0.5145321765873151,-2.2221652047854866e-14,,9.0,5.313199981761136,5.313199981761136,10.427016618108828,1.4933507895087175,6.9046680014723165,"{""2"": 13, ""3"": 7, ""4"": 1, ""1"": 9}",5.313199981761136,5.313151093729394,19.969384247821516,1e-05,True,40,development_isotonic_frozen
s0-i4,development,0,structural,saps_diagonal,17796a6af94c7f97,"[[2, 4, 5, 7, 8, 10], [0, 1, 3, 6, 9, 11]]",11.572439438933237,-0.22016072045233656,0.6135489620404445,-2.021615033677505e-14,,19.0,5.9888309982652785,5.9888309982652785,12.748004965568814,0.35100746489768125,5.407061749164777,"{""2"": 10, ""3"": 1, ""1"": 19}",5.9888309982652785,5.9886947232094565,22.691071917177826,1e-05,True,40,development_isotonic_frozen
s0-i4,development,0,structural,p_saps_residualized,77ee706e457279b6,"[[0, 2, 4, 5, 8, 10], [1, 3, 6, 7, 9, 11]]",11.572439438933237,-0.25657146986989227,0.5630886811406821,-1.7739654274767124e-14,,15.0,4.559698507090888,4.559698507090888,12.748004965568814,0.5044798813787229,3.9336145861614864,"{""1"": 15, ""2"": 14, ""3"": 1}",4.559698507090888,4.55965097642944,22.055746741860382,1e-05,True,80,development_isotonic_frozen
s0-i4,development,0,structural,p_saps_projection,674d91dc4fcf15c6,"[[0, 4, 6, 7, 8, 10], [1, 2, 3, 5, 9, 11]]",11.572439438933237,-0.23075551813684647,0.599314431063314,-1.9495089007221314e-14,,15.0,7.467226467102015,7.467226467102015,11.421725909877393,0.6898496438861116,5.305759503510499,"{""1"": 15, ""2"": 10, ""3"": 5}",7.467226467102015,7.467117712683052,19.86402345177638,1e-05,True,640,development_isotonic_frozen
s0-i4,development,0,structural,b_saps_budgeted,35c9dee01023a7da,"[[0, 1, 4, 5, 8, 9], [2, 3, 6, 7, 10, 11]]",11.572439438933237,-0.25132481261986234,0.569692470569494,-1.9016859774337595e-14,,10.0,7.235669497853929,7.235669497853929,13.07957472949167,0.576289407338942,2.770270461940077,"{""2"": 20, ""1"": 10}",7.235669497853929,7.235588774581711,22.063550061666025,1e-05,True,40,development_isotonic_frozen
s0-i4,development,0,structural,random_balanced,aca96f88fd1192be,"[[3, 4, 7, 9], [0, 1, 5, 8], [2, 6, 10, 11]]",4.379033187130767,-0.47976401661623885,1.1927931216233933,-1.177201763328933e-14,,25.0,8.412079307922887,8.412079307922887,4.550937244428563,0.3408981155450588,0.0,"{""2"": 5, ""1"": 25}",8.412079307922887,8.412006382179683,15.685249623731101,1e-05,True,40,development_isotonic_frozen
s0-i4,development,0,structural,confidence,06f90de7b9ae80e7,"[[4, 5, 6, 7], [1, 8, 9, 10], [0, 2, 3, 11]]",4.379033187130767,-0.4085440349103015,1.2669490248760906,-9.19046545293123e-15,,11.0,6.930934056597862,6.930934056597862,3.8458037870513238,0.4467214459795029,0.6161631355822252,"{""1"": 11, ""2"": 13, ""3"": 5, ""4"": 1}",6.930934056597862,6.930900138668007,19.16691992113662,1e-05,True,40,development_isotonic_frozen
s0-i4,development,0,structural,entropy,06f90de7b9ae80e7,"[[4, 5, 6, 7], [1, 8, 9, 10], [0, 2, 3, 11]]",4.379033187130767,-0.4085440349103015,1.2669490248760906,-9.19046545293123e-15,,11.0,6.930934056597862,6.930934056597862,3.8458037870513238,0.4467214459795029,0.6161631355822252,"{""1"": 11, ""2"": 13, ""3"": 5, ""4"": 1}",6.930934056597862,6.930900138668007,19.16691992113662,1e-05,True,40,development_isotonic_frozen
s0-i4,development,0,structural,dependency_cmi,908c4ab6cd4e7151,"[[0, 1, 2, 5], [3, 6, 7, 11], [4, 8, 9, 10]]",4.379033187130767,-0.5555261740613769,1.0811448696942287,-9.678506312385473e-15,,17.0,9.109984630723124,9.109984630723124,4.08494849653986,0.34287022358548747,0.0,"{""2"": 9, ""3"": 4, ""1"": 17}",9.109984630723124,9.109922499604483,21.600527878198882,1e-05,True,40,development_isotonic_frozen
s0-i4,development,0,structural,min_within_batch_tc,040f335eaa361606,"[[1, 3, 5, 6], [0, 8, 10, 11], [2, 4, 7, 9]]",4.379033187130767,-0.5527120744079289,1.0645574478777207,-9.49535852347996e-15,,21.0,7.662808714113588,7.662808714113588,4.550937244428563,0.2858935911124878,0.0,"{""1"": 21, ""2"": 9}",7.662808714113588,7.662717338823054,18.135965649753295,1e-05,True,40,development_isotonic_frozen
s0-i4,development,0,structural,dprm_myopic,027106b8a26a80c1,"[[2, 5, 8, 10], [1, 3, 4, 6], [0, 7, 9, 11]]",4.379033187130767,-0.5240766634706847,1.0967647204579711,-1.0683083084575979e-14,,17.0,6.399659136545935,6.399659136545935,4.317942870484211,0.3570116294604819,0.0,"{""1"": 17, ""2"": 11, ""3"": 2}",6.399659136545935,6.399594846903987,19.559227051068483,1e-05,True,40,development_isotonic_frozen
s0-i4,development,0,structural,dprm_rollout,33312d0595850c0f,"[[2, 5, 9, 10], [3, 6, 7, 8], [0, 1, 4, 11]]",4.379033187130767,-0.5157195323637052,1.0980403712610503,-1.1141348683496944e-14,,17.0,7.00986698276151,7.00986698276151,4.201445683512035,0.08341097640759702,2.059893673051205,"{""2"": 10, ""1"": 17, ""3"": 3}",7.00986698276151,7.009733986144264,16.474365636445434,1e-05,True,40,development_isotonic_frozen
s0-i4,development,0,structural,subset_exact,cd204d9bb4a4f740,"[[2, 3, 8, 10], [4, 5, 6, 7], [0, 1, 9, 11]]",4.379033187130767,-0.5236632362109133,1.106328760643556,-1.0998174137385134e-14,,13.0,7.095024113104278,7.095024113104278,3.9623009740234996,0.17961132751677988,2.059893673051205,"{""2"": 12, ""1"": 13, ""3"": 4, ""4"": 1}",7.095024113104278,7.094952595399128,20.694234879817234,1e-05,True,40,development_isotonic_frozen
s0-i4,development,0,structural,subset_beam_8,5a408622411157a5,"[[0, 1, 2, 3], [4, 5, 6, 7], [8, 9, 10, 11]]",4.379033187130767,-0.5565296074093713,1.0954537979433805,-8.029960076386816e-15,,6.0,6.990642531301759,6.990642531301759,3.251017181102076,0.1772166547749096,0.0,"{""2"": 13, ""3"": 8, ""4"": 3, ""1"": 6}",6.990642531301759,6.99061842394123,22.851072055358497,1e-05,True,40,development_isotonic_frozen
s0-i4,development,0,structural,subset_beam_32,cd204d9bb4a4f740,"[[2, 3, 8, 10], [4, 5, 6, 7], [0, 1, 9, 11]]",4.379033187130767,-0.5236632362109133,1.106328760643556,-1.0998174137385134e-14,,13.0,7.095024113104278,7.095024113104278,3.9623009740234996,0.17961132751677988,2.059893673051205,"{""2"": 12, ""1"": 13, ""3"": 4, ""4"": 1}",7.095024113104278,7.094952595399128,20.694234879817234,1e-05,True,40,development_isotonic_frozen
s0-i4,development,0,structural,saps_diagonal,e04491e0d26a79d6,"[[2, 4, 7, 9], [1, 5, 8, 11], [0, 3, 6, 10]]",4.379033187130767,-0.48178425085915255,1.1770637508870934,-1.067335033945889e-14,,28.0,7.387475733980857,7.387475733980857,4.550937244428563,0.42264001847840615,0.0,"{""1"": 28, ""2"": 2}",7.387475733980857,7.387418997103281,15.649888526110438,1e-05,True,40,development_isotonic_frozen
s0-i4,development,0,structural,p_saps_residualized,f7d3701a60fdf70f,"[[2, 5, 8, 11], [1, 3, 7, 9], [0, 4, 6, 10]]",4.379033187130767,-0.5478406510196691,1.065524056353062,-1.0658239857203105e-14,,25.0,4.52446662767829,4.52446662767829,4.550937244428563,0.22964567906111316,-0.3685518321164572,"{""1"": 25, ""2"": 5}",4.52446662767829,4.524425495405868,15.409511169984446,1e-05,True,80,development_isotonic_frozen
s0-i4,development,0,structural,p_saps_projection,de63312b574d2804,"[[4, 9, 10, 11], [2, 6, 7, 8], [0, 1, 3, 5]]",4.379033187130767,-0.5186797314691799,1.109379635219878,-1.4021580319880091e-14,,13.0,9.853241333463728,9.853241333463728,4.08494849653986,0.581045841419742,-0.5834928336568621,"{""2"": 13, ""3"": 4, ""1"": 13}",9.853241333463728,9.853167294220288,18.559890817859966,1e-05,True,640,development_isotonic_frozen
s0-i4,development,0,structural,b_saps_budgeted,aca96f88fd1192be,"[[3, 4, 7, 9], [0, 1, 5, 8], [2, 6, 10, 11]]",4.379033187130767,-0.47976401661623885,1.1927931216233933,-1.177201763328933e-14,,25.0,8.412079307922887,8.412079307922887,4.550937244428563,0.3408981155450588,0.0,"{""2"": 5, ""1"": 25}",8.412079307922887,8.412006382179683,15.685249623731101,1e-05,True,40,development_isotonic_frozen
s0-i4,development,0,structural,random_balanced,aca96f88fd1192be,"[[3, 4, 7, 9], [0, 1, 5, 8], [2, 6, 10, 11]]",8.859083375111782,-0.47976401661623885,1.1927931216233933,-1.177201763328933e-14,,25.0,8.412079307922887,8.412079307922887,9.198932939893162,0.41489013942153186,0.7193164946562673,"{""2"": 5, ""1"": 25}",8.412079307922887,8.412006382179683,15.685249623731101,1e-05,True,40,development_isotonic_frozen
s0-i4,development,0,structural,confidence,06f90de7b9ae80e7,"[[4, 5, 6, 7], [1, 8, 9, 10], [0, 2, 3, 11]]",8.859083375111782,-0.4085440349103015,1.2669490248760906,-9.19046545293123e-15,,11.0,6.930934056597862,6.930934056597862,7.814360638931983,0.3992679475305457,0.0,"{""1"": 11, ""2"": 13, ""3"": 5, ""4"": 1}",6.930934056597862,6.930900138668007,19.16691992113662,1e-05,True,40,development_isotonic_frozen
s0-i4,development,0,structural,entropy,06f90de7b9ae80e7,"[[4, 5, 6, 7], [1, 8, 9, 10], [0, 2, 3, 11]]",8.859083375111782,-0.4085440349103015,1.2669490248760906,-9.19046545293123e-15,,11.0,6.930934056597862,6.930934056597862,7.814360638931983,0.3992679475305457,0.0,"{""1"": 11, ""2"": 13, ""3"": 5, ""4"": 1}",6.930934056597862,6.930900138668007,19.16691992113662,1e-05,True,40,development_isotonic_frozen
s0-i4,development,0,structural,dependency_cmi,908c4ab6cd4e7151,"[[0, 1, 2, 5], [3, 6, 7, 11], [4, 8, 9, 10]]",8.859083375111782,-0.5555261740613769,1.0811448696942287,-9.678506312385473e-15,,17.0,9.109984630723124,9.109984630723124,8.275884739252376,0.8873961267325612,0.7193164946562673,"{""2"": 9, ""3"": 4, ""1"": 17}",9.109984630723124,9.109922499604483,21.600527878198882,1e-05,True,40,development_isotonic_frozen
s0-i4,development,0,structural,min_within_batch_tc,040f335eaa361606,"[[1, 3, 5, 6], [0, 8, 10, 11], [2, 4, 7, 9]]",8.859083375111782,-0.5527120744079289,1.0645574478777207,-9.49535852347996e-15,,21.0,7.662808714113588,7.662808714113588,9.198932939893162,0.7908496611294238,-0.7734826631895393,"{""1"": 21, ""2"": 9}",7.662808714113588,7.662717338823054,18.135965649753295,1e-05,True,40,development_isotonic_frozen
s0-i4,development,0,structural,dprm_myopic,027106b8a26a80c1,"[[2, 5, 8, 10], [1, 3, 4, 6], [0, 7, 9, 11]]",8.859083375111782,-0.5240766634706847,1.0967647204579711,-1.0683083084575979e-14,,17.0,6.399659136545935,6.399659136545935,8.737408839572769,0.19784475084253944,0.0,"{""1"": 17, ""2"": 11, ""3"": 2}",6.399659136545935,6.399594846903987,19.559227051068483,1e-05,True,40,development_isotonic_frozen
s0-i4,development,0,structural,dprm_rollout,c2d0bf097910a574,"[[4, 6, 7, 10], [3, 5, 9, 11], [0, 1, 2, 8]]",8.859083375111782,-0.4508644761752765,1.2176259990215026,-1.0172963647282269e-14,,20.0,9.229077636584071,9.229077636584071,8.737408839572769,0.004980295566141784,0.7193164946562673,"{""2"": 8, ""3"": 2, ""1"": 20}",9.229077636584071,9.228939033558163,17.146385840097587,1e-05,True,40,development_isotonic_frozen
s0-i4,development,0,structural,subset_exact,34b55e7930320e3d,"[[1, 2, 3, 9], [4, 5, 6, 7], [0, 8, 10, 11]]",8.859083375111782,-0.5405369286733316,1.0981912025469576,-8.5638905988155e-15,,13.0,7.329588254070286,7.329588254070286,7.814360638931983,0.39896441263333937,1.5504206317788976,"{""1"": 13, ""2"": 11, ""3"": 5, ""4"": 1}",7.329588254070286,7.329552232283916,18.762313977413477,1e-05,True,40,development_isotonic_frozen
s0-i4,development,0,structural,subset_beam_8,69e94e996f0b2a29,"[[0, 1, 2, 4], [5, 6, 7, 8], [3, 9, 10, 11]]",8.859083375111782,-0.5107113194365477,1.149522342468493,-6.8624055392594705e-15,,13.0,7.723213592660738,7.723213592660738,7.583598588771786,0.602637320939493,0.7193164946562673,"{""2"": 10, ""3"": 6, ""1"": 13, ""4"": 1}",7.723213592660738,7.723134084151004,19.907843117373336,1e-05,True,40,development_isotonic_frozen
s0-i4,development,0,structural,subset_beam_32,69e94e996f0b2a29,"[[0, 1, 2, 4], [5, 6, 7, 8], [3, 9, 10, 11]]",8.859083375111782,-0.5107113194365477,1.149522342468493,-6.8624055392594705e-15,,13.0,7.723213592660738,7.723213592660738,7.583598588771786,0.602637320939493,0.7193164946562673,"{""2"": 10, ""3"": 6, ""1"": 13, ""4"": 1}",7.723213592660738,7.723134084151004,19.907843117373336,1e-05,True,40,development_isotonic_frozen
s0-i4,development,0,structural,saps_diagonal,e04491e0d26a79d6,"[[2, 4, 7, 9], [1, 5, 8, 11], [0, 3, 6, 10]]",8.859083375111782,-0.48178425085915255,1.1770637508870934,-1.067335033945889e-14,,28.0,7.387475733980857,7.387475733980857,9.198932939893162,0.0,0.0,"{""1"": 28, ""2"": 2}",7.387475733980857,7.387418997103281,15.649888526110438,1e-05,True,40,development_isotonic_frozen
s0-i4,development,0,structural,p_saps_residualized,f7d3701a60fdf70f,"[[2, 5, 8, 11], [1, 3, 7, 9], [0, 4, 6, 10]]",8.859083375111782,-0.5478406510196691,1.065524056353062,-1.0658239857203105e-14,,25.0,4.52446662767829,4.52446662767829,9.198932939893162,0.3068481035393203,0.0,"{""1"": 25, ""2"": 5}",4.52446662767829,4.524425495405868,15.409511169984446,1e-05,True,80,development_isotonic_frozen
s0-i4,development,0,structural,p_saps_projection,de63312b574d2804,"[[4, 9, 10, 11], [2, 6, 7, 8], [0, 1, 3, 5]]",8.859083375111782,-0.5186797314691799,1.109379635219878,-1.4021580319880091e-14,,13.0,9.853241333463728,9.853241333463728,8.275884739252376,0.5503527042479598,0.7193164946562673,"{""2"": 13, ""3"": 4, ""1"": 13}",9.853241333463728,9.853167294220288,18.559890817859966,1e-05,True,640,development_isotonic_frozen
s0-i4,development,0,structural,b_saps_budgeted,aca96f88fd1192be,"[[3, 4, 7, 9], [0, 1, 5, 8], [2, 6, 10, 11]]",8.859083375111782,-0.47976401661623885,1.1927931216233933,-1.177201763328933e-14,,25.0,8.412079307922887,8.412079307922887,9.198932939893162,0.41489013942153186,0.7193164946562673,"{""2"": 5, ""1"": 25}",8.412079307922887,8.412006382179683,15.685249623731101,1e-05,True,40,development_isotonic_frozen
s0-i4,development,0,structural,random_balanced,aca96f88fd1192be,"[[3, 4, 7, 9], [0, 1, 5, 8], [2, 6, 10, 11]]",12.591262895350738,-0.47976401661623885,1.1927931216233933,-1.177201763328933e-14,,25.0,8.412079307922887,8.412079307922887,13.07957472949167,0.615464361000609,5.078203588628007,"{""2"": 5, ""1"": 25}",8.412079307922887,8.412006382179683,15.685249623731101,1e-05,True,40,development_isotonic_frozen
s0-i4,development,0,structural,confidence,06f90de7b9ae80e7,"[[4, 5, 6, 7], [1, 8, 9, 10], [0, 2, 3, 11]]",12.591262895350738,-0.4085440349103015,1.2669490248760906,-9.19046545293123e-15,,11.0,6.930934056597862,6.930934056597862,11.090156145954538,0.8461458354439162,2.391488354224247,"{""1"": 11, ""2"": 13, ""3"": 5, ""4"": 1}",6.930934056597862,6.930900138668007,19.16691992113662,1e-05,True,40,development_isotonic_frozen
s0-i4,development,0,structural,entropy,06f90de7b9ae80e7,"[[4, 5, 6, 7], [1, 8, 9, 10], [0, 2, 3, 11]]",12.591262895350738,-0.4085440349103015,1.2669490248760906,-9.19046545293123e-15,,11.0,6.930934056597862,6.930934056597862,11.090156145954538,0.8461458354439162,2.391488354224247,"{""1"": 11, ""2"": 13, ""3"": 5, ""4"": 1}",6.930934056597862,6.930900138668007,19.16691992113662,1e-05,True,40,development_isotonic_frozen
s0-i4,development,0,structural,dependency_cmi,908c4ab6cd4e7151,"[[0, 1, 2, 5], [3, 6, 7, 11], [4, 8, 9, 10]]",12.591262895350738,-0.5555261740613769,1.0811448696942287,-9.678506312385473e-15,,17.0,9.109984630723124,9.109984630723124,11.753295673800249,1.2164747290816438,2.545780907500578,"{""2"": 9, ""3"": 4, ""1"": 17}",9.109984630723124,9.109922499604483,21.600527878198882,1e-05,True,40,development_isotonic_frozen
s0-i4,development,0,structural,min_within_batch_tc,040f335eaa361606,"[[1, 3, 5, 6], [0, 8, 10, 11], [2, 4, 7, 9]]",12.591262895350738,-0.5527120744079289,1.0645574478777207,-9.49535852347996e-15,,21.0,7.662808714113588,7.662808714113588,13.07957472949167,0.6843439509068174,-0.3246828672214539,"{""1"": 21, ""2"": 9}",7.662808714113588,7.662717338823054,18.135965649753295,1e-05,True,40,development_isotonic_frozen
s0-i4,development,0,structural,dprm_myopic,027106b8a26a80c1,"[[2, 5, 8, 10], [1, 3, 4, 6], [0, 7, 9, 11]]",12.591262895350738,-0.5240766634706847,1.0967647204579711,-1.0683083084575979e-14,,17.0,6.399659136545935,6.399659136545935,12.416435201645958,0.34789816111596766,2.2817119999034805,"{""1"": 17, ""2"": 11, ""3"": 2}",6.399659136545935,6.399594846903987,19.559227051068483,1e-05,True,40,development_isotonic_frozen
s0-i4,development,0,structural,dprm_rollout,9db89280440293fc,"[[6, 8, 10, 11], [0, 1, 3, 4], [2, 5, 7, 9]]",12.591262895350738,-0.5683333798724364,1.0374418763702564,-1.0417919091590549e-14,,20.0,9.556960344939952,9.556960344939952,13.07957472949167,0.733810160483179,3.7745111577492874,"{""2"": 10, ""1"": 20}",9.556960344939952,9.556869065110835,17.88832875094642,1e-05,True,40,development_isotonic_frozen
s0-i4,development,0,structural,subset_exact,69df6e455710b9c0,"[[1, 6, 7, 8], [4, 5, 9, 10], [0, 2, 3, 11]]",12.591262895350738,-0.454247508641156,1.1923373005892268,-1.1565051747136163e-14,,14.0,5.969704800687895,5.969704800687895,12.416435201645958,1.4967985184176413,7.442004628560868,"{""1"": 14, ""2"": 14, ""3"": 2}",5.969704800687895,5.969657288622022,19.459146799078436,1e-05,True,40,development_isotonic_frozen
s0-i4,development,0,structural,subset_beam_8,76144b7eb3099561,"[[0, 3, 6, 8], [1, 4, 5, 7], [2, 9, 10, 11]]",12.591262895350738,-0.5140958081219843,1.1300006771278872,-1.0316246977662142e-14,,17.0,6.9558037949869105,6.9558037949869105,12.084865437723105,1.6812200161014377,6.68306686575211,"{""1"": 17, ""2"": 10, ""3"": 3}",6.9558037949869105,6.955783710718232,18.885810452173764,1e-05,True,40,development_isotonic_frozen
s0-i4,development,0,structural,subset_beam_32,68c3f9053b43a714,"[[2, 7, 8, 11], [1, 4, 5, 6], [0, 3, 9, 10]]",12.591262895350738,-0.5002420505919558,1.1414943201418575,-1.1591718764343347e-14,,17.0,5.900320793865043,5.900320793865043,12.416435201645958,1.289165828942624,7.113150248698233,"{""1"": 17, ""2"": 11, ""3"": 2}",5.900320793865043,5.900255194828319,19.205595915761123,1e-05,True,40,development_isotonic_frozen
s0-i4,development,0,structural,saps_diagonal,e04491e0d26a79d6,"[[2, 4, 7, 9], [1, 5, 8, 11], [0, 3, 6, 10]]",12.591262895350738,-0.48178425085915255,1.1770637508870934,-1.067335033945889e-14,,28.0,7.387475733980857,7.387475733980857,13.07957472949167,1.2651415584295433,1.6721718595679795,"{""1"": 28, ""2"": 2}",7.387475733980857,7.387418997103281,15.649888526110438,1e-05,True,40,development_isotonic_frozen
s0-i4,development,0,structural,p_saps_residualized,f7d3701a60fdf70f,"[[2, 5, 8, 11], [1, 3, 7, 9], [0, 4, 6, 10]]",12.591262895350738,-0.5478406510196691,1.065524056353062,-1.0658239857203105e-14,,25.0,4.52446662767829,4.52446662767829,13.07957472949167,1.1933462032510533,-0.3760573850225377,"{""1"": 25, ""2"": 5}",4.52446662767829,4.524425495405868,15.409511169984446,1e-05,True,80,development_isotonic_frozen
s0-i4,development,0,structural,p_saps_projection,de63312b574d2804,"[[4, 9, 10, 11], [2, 6, 7, 8], [0, 1, 3, 5]]",12.591262895350738,-0.5186797314691799,1.109379635219878,-1.4021580319880091e-14,,13.0,9.853241333463728,9.853241333463728,11.753295673800249,1.2848830300399978,2.990409190827482,"{""2"": 13, ""3"": 4, ""1"": 13}",9.853241333463728,9.853167294220288,18.559890817859966,1e-05,True,640,development_isotonic_frozen
s0-i4,development,0,structural,b_saps_budgeted,aca96f88fd1192be,"[[3, 4, 7, 9], [0, 1, 5, 8], [2, 6, 10, 11]]",12.591262895350738,-0.47976401661623885,1.1927931216233933,-1.177201763328933e-14,,25.0,8.412079307922887,8.412079307922887,13.07957472949167,0.615464361000609,5.078203588628007,"{""2"": 5, ""1"": 25}",8.412079307922887,8.412006382179683,15.685249623731101,1e-05,True,40,development_isotonic_frozen
s0-i4,development,0,structural,random_balanced,57f73667ece5cb26,"[[4, 7, 9], [3, 5, 8], [0, 1, 6], [2, 10, 11]]",4.491629585606365,-0.6796112874936368,1.8261476153229346,-7.731962108070488e-15,,25.0,9.712302899243936,9.712302899243936,4.550937244428563,0.6637557285944159,0.0,"{""2"": 5, ""1"": 25}",9.712302899243936,9.712256946739032,17.143120417359693,1e-05,True,40,development_isotonic_frozen
s0-i4,development,0,structural,confidence,df0f57527d43df0a,"[[4, 5, 7], [6, 8, 9], [0, 1, 10], [2, 3, 11]]",4.491629585606365,-0.6263977000441948,1.8846827664101002,-8.329742583219198e-15,,17.0,7.147932542858037,7.147932542858037,4.434440057456388,0.6416334434363724,0.0,"{""2"": 12, ""1"": 17, ""3"": 1}",7.147932542858037,7.147882840771899,17.99979224405005,1e-05,True,40,development_isotonic_frozen
s0-i4,development,0,structural,entropy,b0df50ba6c4d1fb6,"[[4, 5, 7], [6, 8, 10], [0, 1, 9], [2, 3, 11]]",4.491629585606365,-0.626604023506343,1.8868371746727544,-8.370482985430575e-15,,20.0,6.702150435838206,6.702150435838206,4.550937244428563,0.16853137997728249,0.8311041371226302,"{""2"": 10, ""1"": 20}",6.702150435838206,6.70209119187285,17.039655529117184,1e-05,True,40,development_isotonic_frozen
s0-i4,development,0,structural,dependency_cmi,4f68dbabd4aafccc,"[[0, 1, 2], [3, 4, 5], [6, 7, 11], [8, 9, 10]]",4.491629585606365,-0.8320646262666108,1.6454884827500136,-5.485439818065566e-15,,10.0,7.731328396357457,7.731328396357457,3.8519541225955076,0.24766147470865296,0.0,"{""2"": 14, ""3"": 6, ""1"": 10}",7.731328396357457,7.7312931640866225,22.924909503903514,1e-05,True,40,development_isotonic_frozen
s0-i4,development,0,structural,min_within_batch_tc,2b4309394e7aa0f6,"[[1, 3, 4], [8, 10, 11], [0, 5, 6], [2, 7, 9]]",4.491629585606365,-0.8294917651778809,1.6288346459708078,-5.135288818071188e-15,,22.0,7.434623983566008,7.434623983566008,4.550937244428563,0.31248444495832145,0.0,"{""1"": 22, ""2"": 8}",7.434623983566008,7.434411378743052,17.80397161150642,1e-05,True,40,development_isotonic_frozen
s0-i4,development,0,structural,dprm_myopic,8f6a272dffb331e2,"[[5, 8, 10], [2, 3, 4], [1, 6, 9], [0, 7, 11]]",4.491629585606365,-0.7729068585451594,1.6652785317766117,-6.51983633912057e-15,,25.0,7.303016069385075,7.303016069385075,4.317942870484211,0.329164980301239,0.0,"{""1"": 25, ""2"": 3, ""3"": 2}",7.303016069385075,7.302956062094869,16.65711521113267,1e-05,True,40,development_isotonic_frozen
s0-i4,development,0,structural,dprm_rollout,b64e3dc6b689f17d,"[[2, 5, 8], [7, 9, 10], [1, 4, 6], [0, 3, 11]]",4.491629585606365,-0.7267920987364852,1.717101373273241,-8.861104931218176e-15,,23.0,6.4462145247517,6.4462145247517,4.434440057456388,0.30443326155093714,1.2287895359285752,"{""1"": 23, ""2"": 6, ""3"": 1}",6.4462145247517,6.446117132729348,16.563861657728825,1e-05,True,40,development_isotonic_frozen
s0-i4,development,0,structural,subset_exact,c904402bf3e0a290,"[[2, 3, 10], [4, 5, 7], [6, 8, 9], [0, 1, 11]]",4.491629585606365,-0.7613489569740155,1.710296903663955,-8.474229491284535e-15,,16.0,6.0783722309984665,6.0783722309984665,4.434440057456388,0.4528994537747783,2.059893673051205,"{""2"": 13, ""1"": 16, ""3"": 1}",6.0783722309984665,6.078306657814767,18.419987624730716,1e-05,True,40,development_isotonic_frozen
s0-i4,development,0,structural,subset_beam_8,c904402bf3e0a290,"[[2, 3, 10], [4, 5, 7], [6, 8, 9], [0, 1, 11]]",4.491629585606365,-0.7613489569740155,1.710296903663955,-8.474229491284535e-15,,16.0,6.0783722309984665,6.0783722309984665,4.434440057456388,0.4528994537747783,2.059893673051205,"{""2"": 13, ""1"": 16, ""3"": 1}",6.0783722309984665,6.078306657814767,18.419987624730716,1e-05,True,40,development_isotonic_frozen
s0-i4,development,0,structural,subset_beam_32,c904402bf3e0a290,"[[2, 3, 10], [4, 5, 7], [6, 8, 9], [0, 1, 11]]",4.491629585606365,-0.7613489569740155,1.710296903663955,-8.474229491284535e-15,,16.0,6.0783722309984665,6.0783722309984665,4.434440057456388,0.4528994537747783,2.059893673051205,"{""2"": 13, ""1"": 16, ""3"": 1}",6.0783722309984665,6.078306657814767,18.419987624730716,1e-05,True,40,development_isotonic_frozen
s0-i4,development,0,structural,saps_diagonal,a51ab88f9139404f,"[[0, 7, 9], [3, 5, 8], [1, 4, 10], [2, 6, 11]]",4.491629585606365,-0.7488755128244305,1.7237106856336029,-7.666929861541839e-15,,30.0,6.207478437463083,6.207478437463083,4.550937244428563,0.5263450845967281,1.2287895359285752,"{""1"": 30}",6.207478437463083,6.207436637529744,15.515997362693525,1e-05,True,40,development_isotonic_frozen
s0-i4,development,0,structural,p_saps_residualized,165e4084a5781ae8,"[[2, 4, 5], [7, 8, 10], [0, 3, 9], [1, 6, 11]]",4.491629585606365,-0.7106251553662585,1.781416056357975,-9.183215602923342e-15,,28.0,6.189310925197487,6.189310925197487,4.550937244428563,0.01066552487464144,0.6161631355822252,"{""1"": 28, ""2"": 2}",6.189310925197487,6.189211797799878,14.536188347208233,1e-05,True,80,development_isotonic_frozen
s0-i4,development,0,structural,p_saps_projection,0804dd018526a4f2,"[[1, 6, 7], [0, 5, 9], [3, 4, 10], [2, 8, 11]]",4.491629585606365,-0.717783212380782,1.7676582581371676,-5.77357215592605e-15,,25.0,11.044605685816562,11.044605685816562,4.550937244428563,0.3110516656491822,0.0,"{""1"": 25, ""2"": 5}",11.044605685816562,11.04453873249966,17.20632719726966,1e-05,True,640,development_isotonic_frozen
s0-i4,development,0,structural,b_saps_budgeted,57f73667ece5cb26,"[[4, 7, 9], [3, 5, 8], [0, 1, 6], [2, 10, 11]]",4.491629585606365,-0.6796112874936368,1.8261476153229346,-7.731962108070488e-15,,25.0,9.712302899243936,9.712302899243936,4.550937244428563,0.6637557285944159,0.0,"{""2"": 5, ""1"": 25}",9.712302899243936,9.712256946739032,17.143120417359693,1e-05,True,40,development_isotonic_frozen
s0-i4,development,0,structural,random_balanced,57f73667ece5cb26,"[[4, 7, 9], [3, 5, 8], [0, 1, 6], [2, 10, 11]]",9.081454077993426,-0.6796112874936368,1.8261476153229346,-7.731962108070488e-15,,25.0,9.712302899243936,9.712302899243936,9.198932939893162,0.06876883289963115,0.7193164946562673,"{""2"": 5, ""1"": 25}",9.712302899243936,9.712256946739032,17.143120417359693,1e-05,True,40,development_isotonic_frozen
s0-i4,development,0,structural,confidence,df0f57527d43df0a,"[[4, 5, 7], [6, 8, 9], [0, 1, 10], [2, 3, 11]]",9.081454077993426,-0.6263977000441948,1.8846827664101002,-8.329742583219198e-15,,17.0,7.147932542858037,7.147932542858037,8.968170889732965,1.7915595779022246,0.7193164946562673,"{""2"": 12, ""1"": 17, ""3"": 1}",7.147932542858037,7.147882840771899,17.99979224405005,1e-05,True,40,development_isotonic_frozen
s0-i4,development,0,structural,entropy,b0df50ba6c4d1fb6,"[[4, 5, 7], [6, 8, 10], [0, 1, 9], [2, 3, 11]]",9.081454077993426,-0.626604023506343,1.8868371746727544,-8.370482985430575e-15,,20.0,6.702150435838206,6.702150435838206,9.198932939893162,0.9017320192241995,0.7193164946562673,"{""2"": 10, ""1"": 20}",6.702150435838206,6.70209119187285,17.039655529117184,1e-05,True,40,development_isotonic_frozen
s0-i4,development,0,structural,dependency_cmi,4f68dbabd4aafccc,"[[0, 1, 2], [3, 4, 5], [6, 7, 11], [8, 9, 10]]",9.081454077993426,-0.8320646262666108,1.6454884827500136,-5.485439818065566e-15,,10.0,7.731328396357457,7.731328396357457,7.814360638931983,0.33787458723602093,-0.7734826631895393,"{""2"": 14, ""3"": 6, ""1"": 10}",7.731328396357457,7.7312931640866225,22.924909503903514,1e-05,True,40,development_isotonic_frozen
s0-i4,development,0,structural,min_within_batch_tc,2b4309394e7aa0f6,"[[1, 3, 4], [8, 10, 11], [0, 5, 6], [2, 7, 9]]",9.081454077993426,-0.8294917651778809,1.6288346459708078,-5.135288818071188e-15,,22.0,7.434623983566008,7.434623983566008,9.198932939893162,0.04294162938526001,0.7193164946562673,"{""1"": 22, ""2"": 8}",7.434623983566008,7.434411378743052,17.80397161150642,1e-05,True,40,development_isotonic_frozen
s0-i4,development,0,structural,dprm_myopic,8f6a272dffb331e2,"[[5, 8, 10], [2, 3, 4], [1, 6, 9], [0, 7, 11]]",9.081454077993426,-0.7729068585451594,1.6652785317766117,-6.51983633912057e-15,,25.0,7.303016069385075,7.303016069385075,8.737408839572769,0.21038444517470098,0.8311041371226301,"{""1"": 25, ""2"": 3, ""3"": 2}",7.303016069385075,7.302956062094869,16.65711521113267,1e-05,True,40,development_isotonic_frozen
s0-i4,development,0,structural,dprm_rollout,a54f9600a62fe9e2,"[[3, 6, 7], [5, 10, 11], [4, 8, 9], [0, 1, 2]]",9.081454077993426,-0.7249978896467768,1.7470904675869516,-3.4959624475993985e-15,,16.0,7.269174655959143,7.269174655959143,8.737408839572769,0.3539838979168333,-0.7734826631895393,"{""2"": 12, ""3"": 2, ""1"": 16}",7.269174655959143,7.26884035797076,19.354436745035144,1e-05,True,40,development_isotonic_frozen
s0-i4,development,0,structural,subset_exact,a08836fc47ad0124,"[[1, 2, 4], [5, 6, 7], [0, 8, 9], [3, 10, 11]]",9.081454077993426,-0.7213024918635981,1.77462327762617,-2.9317514548974044e-15,,18.0,5.848885035768964,5.848885035768964,8.737408839572769,1.4584955037042922,1.5504206317788976,"{""1"": 18, ""2"": 10, ""3"": 2}",5.848885035768964,5.84884510979531,15.884521047397971,1e-05,True,40,development_isotonic_frozen
s0-i4,development,0,structural,subset_beam_8,82f047c5bd968f0d,"[[0, 1, 2], [4, 5, 7], [6, 8, 9], [3, 10, 11]]",9.081454077993426,-0.7688328096101783,1.7138328814165174,-4.847060175635359e-15,,18.0,6.31886126767,6.31886126767,8.737408839572769,1.283039042594233,0.7193164946562673,"{""2"": 10, ""3"": 2, ""1"": 18}",6.31886126767,6.31881131189094,17.87901871626647,1e-05,True,40,development_isotonic_frozen
s0-i4,development,0,structural,subset_beam_32,a08836fc47ad0124,"[[1, 2, 4], [5, 6, 7], [0, 8, 9], [3, 10, 11]]",9.081454077993426,-0.7213024918635981,1.77462327762617,-2.9317514548974044e-15,,18.0,5.848885035768964,5.848885035768964,8.737408839572769,1.4584955037042922,1.5504206317788976,"{""1"": 18, ""2"": 10, ""3"": 2}",5.848885035768964,5.84884510979531,15.884521047397971,1e-05,True,40,development_isotonic_frozen
s0-i4,development,0,structural,saps_diagonal,a51ab88f9139404f,"[[0, 7, 9], [3, 5, 8], [1, 4, 10], [2, 6, 11]]",9.081454077993426,-0.7488755128244305,1.7237106856336029,-7.666929861541839e-15,,30.0,6.207478437463083,6.207478437463083,9.198932939893162,0.13999152534205417,0.7193164946562673,"{""1"": 30}",6.207478437463083,6.207436637529744,15.515997362693525,1e-05,True,40,development_isotonic_frozen
s0-i4,development,0,structural,p_saps_residualized,165e4084a5781ae8,"[[2, 4, 5], [7, 8, 10], [0, 3, 9], [1, 6, 11]]",9.081454077993426,-0.7106251553662585,1.781416056357975,-9.183215602923342e-15,,28.0,6.189310925197487,6.189310925197487,9.198932939893162,0.38631367608333256,0.0,"{""1"": 28, ""2"": 2}",6.189310925197487,6.189211797799878,14.536188347208233,1e-05,True,80,development_isotonic_frozen
s0-i4,development,0,structural,p_saps_projection,0804dd018526a4f2,"[[1, 6, 7], [0, 5, 9], [3, 4, 10], [2, 8, 11]]",9.081454077993426,-0.717783212380782,1.7676582581371676,-5.77357215592605e-15,,25.0,11.044605685816562,11.044605685816562,9.198932939893162,0.05381581642436035,0.7193164946562673,"{""1"": 25, ""2"": 5}",11.044605685816562,11.04453873249966,17.20632719726966,1e-05,True,640,development_isotonic_frozen
s0-i4,development,0,structural,b_saps_budgeted,57f73667ece5cb26,"[[4, 7, 9], [3, 5, 8], [0, 1, 6], [2, 10, 11]]",9.081454077993426,-0.6796112874936368,1.8261476153229346,-7.731962108070488e-15,,25.0,9.712302899243936,9.712302899243936,9.198932939893162,0.06876883289963115,0.7193164946562673,"{""2"": 5, ""1"": 25}",9.712302899243936,9.712256946739032,17.143120417359693,1e-05,True,40,development_isotonic_frozen
s0-i4,development,0,structural,random_balanced,57f73667ece5cb26,"[[4, 7, 9], [3, 5, 8], [0, 1, 6], [2, 10, 11]]",12.910775576949124,-0.6796112874936368,1.8261476153229346,-7.731962108070488e-15,,25.0,9.712302899243936,9.712302899243936,13.07957472949167,0.7134618284359304,3.8512444887705173,"{""2"": 5, ""1"": 25}",9.712302899243936,9.712256946739032,17.143120417359693,1e-05,True,40,development_isotonic_frozen
s0-i4,development,0,structural,confidence,df0f57527d43df0a,"[[4, 5, 7], [6, 8, 9], [0, 1, 10], [2, 3, 11]]",12.910775576949124,-0.6263977000441948,1.8846827664101002,-8.329742583219198e-15,,17.0,7.147932542858037,7.147932542858037,12.748004965568814,0.9598529976592983,6.320292065249864,"{""2"": 12, ""1"": 17, ""3"": 1}",7.147932542858037,7.147882840771899,17.99979224405005,1e-05,True,40,development_isotonic_frozen
s0-i4,development,0,structural,entropy,b0df50ba6c4d1fb6,"[[4, 5, 7], [6, 8, 10], [0, 1, 9], [2, 3, 11]]",12.910775576949124,-0.626604023506343,1.8868371746727544,-8.370482985430575e-15,,20.0,6.702150435838206,6.702150435838206,13.07957472949167,0.7604073338140838,4.493827652405555,"{""2"": 10, ""1"": 20}",6.702150435838206,6.70209119187285,17.039655529117184,1e-05,True,40,development_isotonic_frozen
s0-i4,development,0,structural,dependency_cmi,4f68dbabd4aafccc,"[[0, 1, 2], [3, 4, 5], [6, 7, 11], [8, 9, 10]]",12.910775576949124,-0.8320646262666108,1.6454884827500136,-5.485439818065566e-15,,10.0,7.731328396357457,7.731328396357457,11.090156145954538,0.5881928504846586,3.6383985190783874,"{""2"": 14, ""3"": 6, ""1"": 10}",7.731328396357457,7.7312931640866225,22.924909503903514,1e-05,True,40,development_isotonic_frozen
s0-i4,development,0,structural,min_within_batch_tc,2b4309394e7aa0f6,"[[1, 3, 4], [8, 10, 11], [0, 5, 6], [2, 7, 9]]",12.910775576949124,-0.8294917651778809,1.6288346459708078,-5.135288818071188e-15,,22.0,7.434623983566008,7.434623983566008,13.07957472949167,0.9799801637390734,2.391488354224247,"{""1"": 22, ""2"": 8}",7.434623983566008,7.434411378743052,17.80397161150642,1e-05,True,40,development_isotonic_frozen
s0-i4,development,0,structural,dprm_myopic,8f6a272dffb331e2,"[[5, 8, 10], [2, 3, 4], [1, 6, 9], [0, 7, 11]]",12.910775576949124,-0.7729068585451594,1.6652785317766117,-6.51983633912057e-15,,25.0,7.303016069385075,7.303016069385075,12.416435201645958,0.5555266511011778,6.320292065249864,"{""1"": 25, ""2"": 3, ""3"": 2}",7.303016069385075,7.302956062094869,16.65711521113267,1e-05,True,40,development_isotonic_frozen
s0-i4,development,0,structural,dprm_rollout,d48fa14ac0801f68,"[[3, 6, 7], [5, 8, 11], [0, 2, 4], [1, 9, 10]]",12.910775576949124,-0.7390922210578906,1.7366697371209507,-3.524667534376521e-15,,21.0,7.167454658342585,7.167454658342585,13.07957472949167,1.9077425221538584,2.391488354224247,"{""1"": 21, ""2"": 9}",7.167454658342585,7.167277915808178,18.947773989856262,1e-05,True,40,development_isotonic_frozen
s0-i4,development,0,structural,subset_exact,00140a32e181b369,"[[0, 3, 10], [4, 5, 7], [6, 8, 9], [1, 2, 11]]",12.910775576949124,-0.7550467614051305,1.7293144669326128,-6.5514497246075035e-15,,16.0,5.832063200775147,5.832063200775147,12.748004965568814,0.3847577451370531,7.442004628560868,"{""1"": 16, ""2"": 13, ""3"": 1}",5.832063200775147,5.832021415346591,17.826718679066925,1e-05,True,40,development_isotonic_frozen
s0-i4,development,0,structural,subset_beam_8,00140a32e181b369,"[[0, 3, 10], [4, 5, 7], [6, 8, 9], [1, 2, 11]]",12.910775576949124,-0.7550467614051305,1.7293144669326128,-6.5514497246075035e-15,,16.0,5.832063200775147,5.832063200775147,12.748004965568814,0.3847577451370531,7.442004628560868,"{""1"": 16, ""2"": 13, ""3"": 1}",5.832063200775147,5.832021415346591,17.826718679066925,1e-05,True,40,development_isotonic_frozen
s0-i4,development,0,structural,subset_beam_32,00140a32e181b369,"[[0, 3, 10], [4, 5, 7], [6, 8, 9], [1, 2, 11]]",12.910775576949124,-0.7550467614051305,1.7293144669326128,-6.5514497246075035e-15,,16.0,5.832063200775147,5.832063200775147,12.748004965568814,0.3847577451370531,7.442004628560868,"{""1"": 16, ""2"": 13, ""3"": 1}",5.832063200775147,5.832021415346591,17.826718679066925,1e-05,True,40,development_isotonic_frozen
s0-i4,development,0,structural,saps_diagonal,a51ab88f9139404f,"[[0, 7, 9], [3, 5, 8], [1, 4, 10], [2, 6, 11]]",12.910775576949124,-0.7488755128244305,1.7237106856336029,-7.666929861541839e-15,,30.0,6.207478437463083,6.207478437463083,13.07957472949167,1.338273366140112,5.407061749164777,"{""1"": 30}",6.207478437463083,6.207436637529744,15.515997362693525,1e-05,True,40,development_isotonic_frozen
s0-i4,development,0,structural,p_saps_residualized,165e4084a5781ae8,"[[2, 4, 5], [7, 8, 10], [0, 3, 9], [1, 6, 11]]",12.910775576949124,-0.7106251553662585,1.781416056357975,-9.183215602923342e-15,,28.0,6.189310925197487,6.189310925197487,13.07957472949167,1.6499741306303428,3.155324828510213,"{""1"": 28, ""2"": 2}",6.189310925197487,6.189211797799878,14.536188347208233,1e-05,True,80,development_isotonic_frozen
s0-i4,development,0,structural,p_saps_projection,0804dd018526a4f2,"[[1, 6, 7], [0, 5, 9], [3, 4, 10], [2, 8, 11]]",12.910775576949124,-0.717783212380782,1.7676582581371676,-5.77357215592605e-15,,25.0,11.044605685816562,11.044605685816562,13.07957472949167,0.9252099325372287,-2.018133870069698,"{""1"": 25, ""2"": 5}",11.044605685816562,11.04453873249966,17.20632719726966,1e-05,True,640,development_isotonic_frozen
s0-i4,development,0,structural,b_saps_budgeted,57f73667ece5cb26,"[[4, 7, 9], [3, 5, 8], [0, 1, 6], [2, 10, 11]]",12.910775576949124,-0.6796112874936368,1.8261476153229346,-7.731962108070488e-15,,25.0,9.712302899243936,9.712302899243936,13.07957472949167,0.7134618284359304,3.8512444887705173,"{""2"": 5, ""1"": 25}",9.712302899243936,9.712256946739032,17.143120417359693,1e-05,True,40,development_isotonic_frozen
s1-i4,development,1,oracle,random_balanced,54a0dc573c0908b1,"[[0, 1, 2, 3, 4, 5, 6, 7, 8, 9, 10, 11]]",0.15169790814761874,-0.0,0.0,-1.5123841382535464e-14,,0.9999999999999999,11.202592583871404,11.202592583871404,0.15169790814761874,0.3023620972527777,0.32474434199993363,"{""1"": 12}",11.202592583871404,11.202409061295224,3.0616670901228016,1e-05,True,40,development_isotonic_frozen
s1-i4,development,1,oracle,confidence,54a0dc573c0908b1,"[[0, 1, 2, 3, 4, 5, 6, 7, 8, 9, 10, 11]]",0.15169790814761874,-0.0,0.0,-1.5123841382535464e-14,,0.9999999999999999,11.202592583871404,11.202592583871404,0.15169790814761874,0.3023620972527777,0.32474434199993363,"{""1"": 12}",11.202592583871404,11.202409061295224,3.0616670901228016,1e-05,True,40,development_isotonic_frozen
s1-i4,development,1,oracle,entropy,54a0dc573c0908b1,"[[0, 1, 2, 3, 4, 5, 6, 7, 8, 9, 10, 11]]",0.15169790814761874,-0.0,0.0,-1.5123841382535464e-14,,0.9999999999999999,11.202592583871404,11.202592583871404,0.15169790814761874,0.3023620972527777,0.32474434199993363,"{""1"": 12}",11.202592583871404,11.202409061295224,3.0616670901228016,1e-05,True,40,development_isotonic_frozen
s1-i4,development,1,oracle,dependency_cmi,54a0dc573c0908b1,"[[0, 1, 2, 3, 4, 5, 6, 7, 8, 9, 10, 11]]",0.15169790814761874,-0.0,0.0,-1.5123841382535464e-14,,0.9999999999999999,11.202592583871404,11.202592583871404,0.15169790814761874,0.3023620972527777,0.32474434199993363,"{""1"": 12}",11.202592583871404,11.202409061295224,3.0616670901228016,1e-05,True,40,development_isotonic_frozen
s1-i4,development,1,oracle,min_within_batch_tc,54a0dc573c0908b1,"[[0, 1, 2, 3, 4, 5, 6, 7, 8, 9, 10, 11]]",0.15169790814761874,-0.0,0.0,-1.5123841382535464e-14,,0.9999999999999999,11.202592583871404,11.202592583871404,0.15169790814761874,0.3023620972527777,0.32474434199993363,"{""1"": 12}",11.202592583871404,11.202409061295224,3.0616670901228016,1e-05,True,40,development_isotonic_frozen
s1-i4,development,1,oracle,dprm_myopic,54a0dc573c0908b1,"[[0, 1, 2, 3, 4, 5, 6, 7, 8, 9, 10, 11]]",0.15169790814761874,-0.0,0.0,-1.5123841382535464e-14,,0.9999999999999999,11.202592583871404,11.202592583871404,0.15169790814761874,0.3023620972527777,0.32474434199993363,"{""1"": 12}",11.202592583871404,11.202409061295224,3.0616670901228016,1e-05,True,40,development_isotonic_frozen
s1-i4,development,1,oracle,dprm_rollout,54a0dc573c0908b1,"[[0, 1, 2, 3, 4, 5, 6, 7, 8, 9, 10, 11]]",0.15169790814761874,-0.0,0.0,-1.5123841382535464e-14,,0.9999999999999999,11.202592583871404,11.202592583871404,0.15169790814761874,0.3023620972527777,0.32474434199993363,"{""1"": 12}",11.202592583871404,11.202409061295224,3.0616670901228016,1e-05,True,40,development_isotonic_frozen
s1-i4,development,1,oracle,subset_exact,54a0dc573c0908b1,"[[0, 1, 2, 3, 4, 5, 6, 7, 8, 9, 10, 11]]",0.15169790814761874,-0.0,0.0,-1.5123841382535464e-14,,0.9999999999999999,11.202592583871404,11.202592583871404,0.15169790814761874,0.3023620972527777,0.32474434199993363,"{""1"": 12}",11.202592583871404,11.202409061295224,3.0616670901228016,1e-05,True,40,development_isotonic_frozen
s1-i4,development,1,oracle,subset_beam_8,54a0dc573c0908b1,"[[0, 1, 2, 3, 4, 5, 6, 7, 8, 9, 10, 11]]",0.15169790814761874,-0.0,0.0,-1.5123841382535464e-14,,0.9999999999999999,11.202592583871404,11.202592583871404,0.15169790814761874,0.3023620972527777,0.32474434199993363,"{""1"": 12}",11.202592583871404,11.202409061295224,3.0616670901228016,1e-05,True,40,development_isotonic_frozen
s1-i4,development,1,oracle,subset_beam_32,54a0dc573c0908b1,"[[0, 1, 2, 3, 4, 5, 6, 7, 8, 9, 10, 11]]",0.15169790814761874,-0.0,0.0,-1.5123841382535464e-14,,0.9999999999999999,11.202592583871404,11.202592583871404,0.15169790814761874,0.3023620972527777,0.32474434199993363,"{""1"": 12}",11.202592583871404,11.202409061295224,3.0616670901228016,1e-05,True,40,development_isotonic_frozen
s1-i4,development,1,oracle,saps_diagonal,54a0dc573c0908b1,"[[0, 1, 2, 3, 4, 5, 6, 7, 8, 9, 10, 11]]",0.15169790814761874,-0.0,0.0,-1.5123841382535464e-14,,0.9999999999999999,11.202592583871404,11.202592583871404,0.15169790814761874,0.3023620972527777,0.32474434199993363,"{""1"": 12}",11.202592583871404,11.202409061295224,3.0616670901228016,1e-05,True,40,development_isotonic_frozen
s1-i4,development,1,oracle,p_saps_residualized,54a0dc573c0908b1,"[[0, 1, 2, 3, 4, 5, 6, 7, 8, 9, 10, 11]]",0.15169790814761874,-0.0,0.0,-1.5123841382535464e-14,,0.9999999999999999,11.202592583871404,11.202592583871404,0.15169790814761874,0.3023620972527777,0.32474434199993363,"{""1"": 12}",11.202592583871404,11.202409061295224,3.0616670901228016,1e-05,True,40,development_isotonic_frozen
s1-i4,development,1,oracle,p_saps_projection,54a0dc573c0908b1,"[[0, 1, 2, 3, 4, 5, 6, 7, 8, 9, 10, 11]]",0.15169790814761874,-0.0,0.0,-1.5123841382535464e-14,,0.9999999999999999,11.202592583871404,11.202592583871404,0.15169790814761874,0.3023620972527777,0.32474434199993363,"{""1"": 12}",11.202592583871404,11.202409061295224,3.0616670901228016,1e-05,True,40,development_isotonic_frozen
s1-i4,development,1,oracle,b_saps_budgeted,54a0dc573c0908b1,"[[0, 1, 2, 3, 4, 5, 6, 7, 8, 9, 10, 11]]",0.15169790814761874,-0.0,0.0,-1.5123841382535464e-14,,0.9999999999999999,11.202592583871404,11.202592583871404,0.15169790814761874,0.3023620972527777,0.32474434199993363,"{""1"": 12}",11.202592583871404,11.202409061295224,3.0616670901228016,1e-05,True,40,development_isotonic_frozen
s1-i4,development,1,oracle,random_balanced,54a0dc573c0908b1,"[[0, 1, 2, 3, 4, 5, 6, 7, 8, 9, 10, 11]]",0.3066310979964387,-0.0,0.0,-1.5123841382535464e-14,,0.9999999999999999,11.202592583871404,11.202592583871404,0.3066310979964387,1.5244657095183032,0.0,"{""1"": 12}",11.202592583871404,11.202409061295224,3.0616670901228016,1e-05,True,40,development_isotonic_frozen
s1-i4,development,1,oracle,confidence,54a0dc573c0908b1,"[[0, 1, 2, 3, 4, 5, 6, 7, 8, 9, 10, 11]]",0.3066310979964387,-0.0,0.0,-1.5123841382535464e-14,,0.9999999999999999,11.202592583871404,11.202592583871404,0.3066310979964387,1.5244657095183032,0.0,"{""1"": 12}",11.202592583871404,11.202409061295224,3.0616670901228016,1e-05,True,40,development_isotonic_frozen
s1-i4,development,1,oracle,entropy,54a0dc573c0908b1,"[[0, 1, 2, 3, 4, 5, 6, 7, 8, 9, 10, 11]]",0.3066310979964387,-0.0,0.0,-1.5123841382535464e-14,,0.9999999999999999,11.202592583871404,11.202592583871404,0.3066310979964387,1.5244657095183032,0.0,"{""1"": 12}",11.202592583871404,11.202409061295224,3.0616670901228016,1e-05,True,40,development_isotonic_frozen
s1-i4,development,1,oracle,dependency_cmi,54a0dc573c0908b1,"[[0, 1, 2, 3, 4, 5, 6, 7, 8, 9, 10, 11]]",0.3066310979964387,-0.0,0.0,-1.5123841382535464e-14,,0.9999999999999999,11.202592583871404,11.202592583871404,0.3066310979964387,1.5244657095183032,0.0,"{""1"": 12}",11.202592583871404,11.202409061295224,3.0616670901228016,1e-05,True,40,development_isotonic_frozen
s1-i4,development,1,oracle,min_within_batch_tc,54a0dc573c0908b1,"[[0, 1, 2, 3, 4, 5, 6, 7, 8, 9, 10, 11]]",0.3066310979964387,-0.0,0.0,-1.5123841382535464e-14,,0.9999999999999999,11.202592583871404,11.202592583871404,0.3066310979964387,1.5244657095183032,0.0,"{""1"": 12}",11.202592583871404,11.202409061295224,3.0616670901228016,1e-05,True,40,development_isotonic_frozen
s1-i4,development,1,oracle,dprm_myopic,54a0dc573c0908b1,"[[0, 1, 2, 3, 4, 5, 6, 7, 8, 9, 10, 11]]",0.3066310979964387,-0.0,0.0,-1.5123841382535464e-14,,0.9999999999999999,11.202592583871404,11.202592583871404,0.3066310979964387,1.5244657095183032,0.0,"{""1"": 12}",11.202592583871404,11.202409061295224,3.0616670901228016,1e-05,True,40,development_isotonic_frozen
s1-i4,development,1,oracle,dprm_rollout,54a0dc573c0908b1,"[[0, 1, 2, 3, 4, 5, 6, 7, 8, 9, 10, 11]]",0.3066310979964387,-0.0,0.0,-1.5123841382535464e-14,,0.9999999999999999,11.202592583871404,11.202592583871404,0.3066310979964387,1.5244657095183032,0.0,"{""1"": 12}",11.202592583871404,11.202409061295224,3.0616670901228016,1e-05,True,40,development_isotonic_frozen
s1-i4,development,1,oracle,subset_exact,54a0dc573c0908b1,"[[0, 1, 2, 3, 4, 5, 6, 7, 8, 9, 10, 11]]",0.3066310979964387,-0.0,0.0,-1.5123841382535464e-14,,0.9999999999999999,11.202592583871404,11.202592583871404,0.3066310979964387,1.5244657095183032,0.0,"{""1"": 12}",11.202592583871404,11.202409061295224,3.0616670901228016,1e-05,True,40,development_isotonic_frozen
s1-i4,development,1,oracle,subset_beam_8,54a0dc573c0908b1,"[[0, 1, 2, 3, 4, 5, 6, 7, 8, 9, 10, 11]]",0.3066310979964387,-0.0,0.0,-1.5123841382535464e-14,,0.9999999999999999,11.202592583871404,11.202592583871404,0.3066310979964387,1.5244657095183032,0.0,"{""1"": 12}",11.202592583871404,11.202409061295224,3.0616670901228016,1e-05,True,40,development_isotonic_frozen
s1-i4,development,1,oracle,subset_beam_32,54a0dc573c0908b1,"[[0, 1, 2, 3, 4, 5, 6, 7, 8, 9, 10, 11]]",0.3066310979964387,-0.0,0.0,-1.5123841382535464e-14,,0.9999999999999999,11.202592583871404,11.202592583871404,0.3066310979964387,1.5244657095183032,0.0,"{""1"": 12}",11.202592583871404,11.202409061295224,3.0616670901228016,1e-05,True,40,development_isotonic_frozen
s1-i4,development,1,oracle,saps_diagonal,54a0dc573c0908b1,"[[0, 1, 2, 3, 4, 5, 6, 7, 8, 9, 10, 11]]",0.3066310979964387,-0.0,0.0,-1.5123841382535464e-14,,0.9999999999999999,11.202592583871404,11.202592583871404,0.3066310979964387,1.5244657095183032,0.0,"{""1"": 12}",11.202592583871404,11.202409061295224,3.0616670901228016,1e-05,True,40,development_isotonic_frozen
s1-i4,development,1,oracle,p_saps_residualized,54a0dc573c0908b1,"[[0, 1, 2, 3, 4, 5, 6, 7, 8, 9, 10, 11]]",0.3066310979964387,-0.0,0.0,-1.5123841382535464e-14,,0.9999999999999999,11.202592583871404,11.202592583871404,0.3066310979964387,1.5244657095183032,0.0,"{""1"": 12}",11.202592583871404,11.202409061295224,3.0616670901228016,1e-05,True,40,development_isotonic_frozen
s1-i4,development,1,oracle,p_saps_projection,54a0dc573c0908b1,"[[0, 1, 2, 3, 4, 5, 6, 7, 8, 9, 10, 11]]",0.3066310979964387,-0.0,0.0,-1.5123841382535464e-14,,0.9999999999999999,11.202592583871404,11.202592583871404,0.3066310979964387,1.5244657095183032,0.0,"{""1"": 12}",11.202592583871404,11.202409061295224,3.0616670901228016,1e-05,True,40,development_isotonic_frozen
s1-i4,development,1,oracle,b_saps_budgeted,54a0dc573c0908b1,"[[0, 1, 2, 3, 4, 5, 6, 7, 8, 9, 10, 11]]",0.3066310979964387,-0.0,0.0,-1.5123841382535464e-14,,0.9999999999999999,11.202592583871404,11.202592583871404,0.3066310979964387,1.5244657095183032,0.0,"{""1"": 12}",11.202592583871404,11.202409061295224,3.0616670901228016,1e-05,True,40,development_isotonic_frozen
s1-i4,development,1,oracle,random_balanced,54a0dc573c0908b1,"[[0, 1, 2, 3, 4, 5, 6, 7, 8, 9, 10, 11]]",0.43598582431638894,-0.0,0.0,-1.5123841382535464e-14,,0.9999999999999999,11.202592583871404,11.202592583871404,0.43598582431638894,1.1106164461495796,-0.519297061494806,"{""1"": 12}",11.202592583871404,11.202409061295224,3.0616670901228016,1e-05,True,40,development_isotonic_frozen
s1-i4,development,1,oracle,confidence,54a0dc573c0908b1,"[[0, 1, 2, 3, 4, 5, 6, 7, 8, 9, 10, 11]]",0.43598582431638894,-0.0,0.0,-1.5123841382535464e-14,,0.9999999999999999,11.202592583871404,11.202592583871404,0.43598582431638894,1.1106164461495796,-0.519297061494806,"{""1"": 12}",11.202592583871404,11.202409061295224,3.0616670901228016,1e-05,True,40,development_isotonic_frozen
s1-i4,development,1,oracle,entropy,54a0dc573c0908b1,"[[0, 1, 2, 3, 4, 5, 6, 7, 8, 9, 10, 11]]",0.43598582431638894,-0.0,0.0,-1.5123841382535464e-14,,0.9999999999999999,11.202592583871404,11.202592583871404,0.43598582431638894,1.1106164461495796,-0.519297061494806,"{""1"": 12}",11.202592583871404,11.202409061295224,3.0616670901228016,1e-05,True,40,development_isotonic_frozen
s1-i4,development,1,oracle,dependency_cmi,54a0dc573c0908b1,"[[0, 1, 2, 3, 4, 5, 6, 7, 8, 9, 10, 11]]",0.43598582431638894,-0.0,0.0,-1.5123841382535464e-14,,0.9999999999999999,11.202592583871404,11.202592583871404,0.43598582431638894,1.1106164461495796,-0.519297061494806,"{""1"": 12}",11.202592583871404,11.202409061295224,3.0616670901228016,1e-05,True,40,development_isotonic_frozen
s1-i4,development,1,oracle,min_within_batch_tc,54a0dc573c0908b1,"[[0, 1, 2, 3, 4, 5, 6, 7, 8, 9, 10, 11]]",0.43598582431638894,-0.0,0.0,-1.5123841382535464e-14,,0.9999999999999999,11.202592583871404,11.202592583871404,0.43598582431638894,1.1106164461495796,-0.519297061494806,"{""1"": 12}",11.202592583871404,11.202409061295224,3.0616670901228016,1e-05,True,40,development_isotonic_frozen
s1-i4,development,1,oracle,dprm_myopic,54a0dc573c0908b1,"[[0, 1, 2, 3, 4, 5, 6, 7, 8, 9, 10, 11]]",0.43598582431638894,-0.0,0.0,-1.5123841382535464e-14,,0.9999999999999999,11.202592583871404,11.202592583871404,0.43598582431638894,1.1106164461495796,-0.519297061494806,"{""1"": 12}",11.202592583871404,11.202409061295224,3.0616670901228016,1e-05,True,40,development_isotonic_frozen
s1-i4,development,1,oracle,dprm_rollout,54a0dc573c0908b1,"[[0, 1, 2, 3, 4, 5, 6, 7, 8, 9, 10, 11]]",0.43598582431638894,-0.0,0.0,-1.5123841382535464e-14,,0.9999999999999999,11.202592583871404,11.202592583871404,0.43598582431638894,1.1106164461495796,-0.519297061494806,"{""1"": 12}",11.202592583871404,11.202409061295224,3.0616670901228016,1e-05,True,40,development_isotonic_frozen
s1-i4,development,1,oracle,subset_exact,54a0dc573c0908b1,"[[0, 1, 2, 3, 4, 5, 6, 7, 8, 9, 10, 11]]",0.43598582431638894,-0.0,0.0,-1.5123841382535464e-14,,0.9999999999999999,11.202592583871404,11.202592583871404,0.43598582431638894,1.1106164461495796,-0.519297061494806,"{""1"": 12}",11.202592583871404,11.202409061295224,3.0616670901228016,1e-05,True,40,development_isotonic_frozen
s1-i4,development,1,oracle,subset_beam_8,54a0dc573c0908b1,"[[0, 1, 2, 3, 4, 5, 6, 7, 8, 9, 10, 11]]",0.43598582431638894,-0.0,0.0,-1.5123841382535464e-14,,0.9999999999999999,11.202592583871404,11.202592583871404,0.43598582431638894,1.1106164461495796,-0.519297061494806,"{""1"": 12}",11.202592583871404,11.202409061295224,3.0616670901228016,1e-05,True,40,development_isotonic_frozen
s1-i4,development,1,oracle,subset_beam_32,54a0dc573c0908b1,"[[0, 1, 2, 3, 4, 5, 6, 7, 8, 9, 10, 11]]",0.43598582431638894,-0.0,0.0,-1.5123841382535464e-14,,0.9999999999999999,11.202592583871404,11.202592583871404,0.43598582431638894,1.1106164461495796,-0.519297061494806,"{""1"": 12}",11.202592583871404,11.202409061295224,3.0616670901228016,1e-05,True,40,development_isotonic_frozen
s1-i4,development,1,oracle,saps_diagonal,54a0dc573c0908b1,"[[0, 1, 2, 3, 4, 5, 6, 7, 8, 9, 10, 11]]",0.43598582431638894,-0.0,0.0,-1.5123841382535464e-14,,0.9999999999999999,11.202592583871404,11.202592583871404,0.43598582431638894,1.1106164461495796,-0.519297061494806,"{""1"": 12}",11.202592583871404,11.202409061295224,3.0616670901228016,1e-05,True,40,development_isotonic_frozen
s1-i4,development,1,oracle,p_saps_residualized,54a0dc573c0908b1,"[[0, 1, 2, 3, 4, 5, 6, 7, 8, 9, 10, 11]]",0.43598582431638894,-0.0,0.0,-1.5123841382535464e-14,,0.9999999999999999,11.202592583871404,11.202592583871404,0.43598582431638894,1.1106164461495796,-0.519297061494806,"{""1"": 12}",11.202592583871404,11.202409061295224,3.0616670901228016,1e-05,True,40,development_isotonic_frozen
s1-i4,development,1,oracle,p_saps_projection,54a0dc573c0908b1,"[[0, 1, 2, 3, 4, 5, 6, 7, 8, 9, 10, 11]]",0.43598582431638894,-0.0,0.0,-1.5123841382535464e-14,,0.9999999999999999,11.202592583871404,11.202592583871404,0.43598582431638894,1.1106164461495796,-0.519297061494806,"{""1"": 12}",11.202592583871404,11.202409061295224,3.0616670901228016,1e-05,True,40,development_isotonic_frozen
s1-i4,development,1,oracle,b_saps_budgeted,54a0dc573c0908b1,"[[0, 1, 2, 3, 4, 5, 6, 7, 8, 9, 10, 11]]",0.43598582431638894,-0.0,0.0,-1.5123841382535464e-14,,0.9999999999999999,11.202592583871404,11.202592583871404,0.43598582431638894,1.1106164461495796,-0.519297061494806,"{""1"": 12}",11.202592583871404,11.202409061295224,3.0616670901228016,1e-05,True,40,development_isotonic_frozen
s1-i4,development,1,oracle,random_balanced,66b16368f521c5f0,"[[0, 1, 3, 4, 5, 9], [2, 6, 7, 8, 10, 11]]",0.15169790814761874,-0.25058112883975475,0.5711197435602822,-5.400972437421505e-15,,0.9999999999999999,10.96299632035971,10.96299632035971,0.15169790814761874,0.3625003300551814,0.32474434199993363,"{""1"": 12}",10.96299632035971,10.962819644938227,2.9566591491538383,1e-05,True,40,development_isotonic_frozen
s1-i4,development,1,oracle,confidence,3fbb6f19858c98f3,"[[0, 2, 4, 5, 7, 10], [1, 3, 6, 8, 9, 11]]",0.15169790814761874,-0.21585790035398325,0.6049953285294586,-6.383211247582394e-15,,0.9999999999999999,11.511219254099107,11.511219254099107,0.15169790814761874,0.7162678556590387,0.32474434199993363,"{""1"": 12}",11.511219254099107,11.511031941864768,2.928292739419088,1e-05,True,40,development_isotonic_frozen
s1-i4,development,1,oracle,entropy,b97e4101b6c0bbaf,"[[0, 3, 4, 5, 7, 10], [1, 2, 6, 8, 9, 11]]",0.15169790814761874,-0.21825540959082815,0.6109653002444086,-6.296111767520153e-15,,0.9999999999999999,11.37009878226495,11.37009878226495,0.15169790814761874,0.3968201127711716,-1.9352621227985691,"{""1"": 12}",11.37009878226495,11.369920772973646,3.026240083175932,1e-05,True,40,development_isotonic_frozen
s1-i4,development,1,oracle,dependency_cmi,82f9a06505ecd0a3,"[[0, 2, 4, 6, 8, 9], [1, 3, 5, 7, 10, 11]]",0.15169790814761874,-0.27754600904931176,0.5235945448999889,-6.2457138010028824e-15,,0.9999999999999999,12.68134539849828,12.68134539849828,0.15169790814761874,0.5534847120995194,0.32474434199993363,"{""1"": 12}",12.68134539849828,12.681144660504707,2.719888244079719,1e-05,True,40,development_isotonic_frozen
s1-i4,development,1,oracle,min_within_batch_tc,82f9a06505ecd0a3,"[[0, 2, 4, 6, 8, 9], [1, 3, 5, 7, 10, 11]]",0.15169790814761874,-0.27754600904931176,0.5235945448999889,-6.2457138010028824e-15,,0.9999999999999999,12.68134539849828,12.68134539849828,0.15169790814761874,0.5534847120995194,0.32474434199993363,"{""1"": 12}",12.68134539849828,12.681144660504707,2.719888244079719,1e-05,True,40,development_isotonic_frozen
s1-i4,development,1,oracle,dprm_myopic,c233eb080e439dda,"[[2, 3, 4, 5, 9, 10], [0, 1, 6, 7, 8, 11]]",0.15169790814761874,-0.25133317911338077,0.5715257784922055,-6.242844616264615e-15,,0.9999999999999999,12.094487976842178,12.094487976842178,0.15169790814761874,0.2585682532539647,0.32474434199993363,"{""1"": 12}",12.094487976842178,12.094306546915563,3.070967914982088,1e-05,True,40,development_isotonic_frozen
s1-i4,development,1,oracle,dprm_rollout,ba5b1d2cfca1a533,"[[0, 1, 2, 5, 10, 11], [3, 4, 6, 7, 8, 9]]",0.15169790814761874,-0.26140869626458557,0.5514898853197275,-5.580758407227989e-15,,0.9999999999999999,12.564247764574766,12.564247764574766,0.15169790814761874,0.18880608491698064,0.32474434199993363,"{""1"": 12}",12.564247764574766,12.564062253110892,2.8615336026299896,1e-05,True,40,development_isotonic_frozen
s1-i4,development,1,oracle,subset_exact,5da833bc00b981ee,"[[0, 1, 5, 6, 8, 11], [2, 3, 4, 7, 9, 10]]",0.15169790814761874,-0.2910397277251084,0.5090685727036233,-6.536544295617198e-15,,0.9999999999999999,11.589580321281836,11.589580321281836,0.15169790814761874,0.5345813668331961,4.747345090894979,"{""1"": 12}",11.589580321281836,11.589402888928582,2.8546099446462923,1e-05,True,40,development_isotonic_frozen
s1-i4,development,1,oracle,subset_beam_8,b3a3c2a36b78b2be,"[[0, 1, 2, 3, 5, 6], [4, 7, 8, 9, 10, 11]]",0.15169790814761874,-0.2575534215570305,0.5559542795619672,-9.500711957921158e-15,,0.9999999999999999,11.898252338380182,11.898252338380182,0.15169790814761874,0.02905801279852629,2.260006464798503,"{""1"": 12}",11.898252338380182,11.89807383229132,3.027138830819798,1e-05,True,40,development_isotonic_frozen
s1-i4,development,1,oracle,subset_beam_32,5da833bc00b981ee,"[[0, 1, 5, 6, 8, 11], [2, 3, 4, 7, 9, 10]]",0.15169790814761874,-0.2910397277251084,0.5090685727036233,-6.536544295617198e-15,,0.9999999999999999,11.589580321281836,11.589580321281836,0.15169790814761874,0.5345813668331961,4.747345090894979,"{""1"": 12}",11.589580321281836,11.589402888928582,2.8546099446462923,1e-05,True,40,development_isotonic_frozen
s1-i4,development,1,oracle,saps_diagonal,66b16368f521c5f0,"[[0, 1, 3, 4, 5, 9], [2, 6, 7, 8, 10, 11]]",0.15169790814761874,-0.25058112883975475,0.5711197435602822,-5.400972437421505e-15,,0.9999999999999999,10.96299632035971,10.96299632035971,0.15169790814761874,0.3625003300551814,0.32474434199993363,"{""1"": 12}",10.96299632035971,10.962819644938227,2.9566591491538383,1e-05,True,40,development_isotonic_frozen
s1-i4,development,1,oracle,p_saps_residualized,05d77b1719910c00,"[[0, 3, 4, 5, 9, 11], [1, 2, 6, 7, 8, 10]]",0.15169790814761874,-0.267223775411318,0.5486069850728378,-6.699164855504069e-15,,0.9999999999999999,10.243427304228938,10.243427304228938,0.15169790814761874,0.03224863837202414,-1.9352621227985691,"{""1"": 12}",10.243427304228938,10.24324871591205,2.8563880485626822,1e-05,True,80,development_isotonic_frozen
s1-i4,development,1,oracle,p_saps_projection,1112921c969ac0d6,"[[0, 2, 3, 5, 9, 10], [1, 4, 6, 7, 8, 11]]",0.15169790814761874,-0.2545497358587272,0.5663312049136359,-6.2981412636800606e-15,,0.9999999999999999,14.395978231674958,14.395978231674958,0.15169790814761874,0.003888647827279025,2.260006464798503,"{""1"": 12}",14.395978231674958,14.395803343016887,3.19210989867836,1e-05,True,640,development_isotonic_frozen
s1-i4,development,1,oracle,b_saps_budgeted,66b16368f521c5f0,"[[0, 1, 3, 4, 5, 9], [2, 6, 7, 8, 10, 11]]",0.15169790814761874,-0.25058112883975475,0.5711197435602822,-5.400972437421505e-15,,0.9999999999999999,10.96299632035971,10.96299632035971,0.15169790814761874,0.3625003300551814,0.32474434199993363,"{""1"": 12}",10.96299632035971,10.962819644938227,2.9566591491538383,1e-05,True,40,development_isotonic_frozen
s1-i4,development,1,oracle,random_balanced,66b16368f521c5f0,"[[0, 1, 3, 4, 5, 9], [2, 6, 7, 8, 10, 11]]",0.3066310979964387,-0.25058112883975475,0.5711197435602822,-5.400972437421505e-15,,0.9999999999999999,10.96299632035971,10.96299632035971,0.3066310979964387,0.14984555554171478,5.209506565724933,"{""1"": 12}",10.96299632035971,10.962819644938227,2.9566591491538383,1e-05,True,40,development_isotonic_frozen
s1-i4,development,1,oracle,confidence,3fbb6f19858c98f3,"[[0, 2, 4, 5, 7, 10], [1, 3, 6, 8, 9, 11]]",0.3066310979964387,-0.21585790035398325,0.6049953285294586,-6.383211247582394e-15,,0.9999999999999999,11.511219254099107,11.511219254099107,0.3066310979964387,2.2061800327591197,3.69820764630188,"{""1"": 12}",11.511219254099107,11.511031941864768,2.928292739419088,1e-05,True,40,development_isotonic_frozen
s1-i4,development,1,oracle,entropy,b97e4101b6c0bbaf,"[[0, 3, 4, 5, 7, 10], [1, 2, 6, 8, 9, 11]]",0.3066310979964387,-0.21825540959082815,0.6109653002444086,-6.296111767520153e-15,,0.9999999999999999,11.37009878226495,11.37009878226495,0.3066310979964387,0.7474234617273863,0.0,"{""1"": 12}",11.37009878226495,11.369920772973646,3.026240083175932,1e-05,True,40,development_isotonic_frozen
s1-i4,development,1,oracle,dependency_cmi,82f9a06505ecd0a3,"[[0, 2, 4, 6, 8, 9], [1, 3, 5, 7, 10, 11]]",0.3066310979964387,-0.27754600904931176,0.5235945448999889,-6.2457138010028824e-15,,0.9999999999999999,12.68134539849828,12.68134539849828,0.3066310979964387,0.44213972203527746,4.387701282429807,"{""1"": 12}",12.68134539849828,12.681144660504707,2.719888244079719,1e-05,True,40,development_isotonic_frozen
s1-i4,development,1,oracle,min_within_batch_tc,82f9a06505ecd0a3,"[[0, 2, 4, 6, 8, 9], [1, 3, 5, 7, 10, 11]]",0.3066310979964387,-0.27754600904931176,0.5235945448999889,-6.2457138010028824e-15,,0.9999999999999999,12.68134539849828,12.68134539849828,0.3066310979964387,0.44213972203527746,4.387701282429807,"{""1"": 12}",12.68134539849828,12.681144660504707,2.719888244079719,1e-05,True,40,development_isotonic_frozen
s1-i4,development,1,oracle,dprm_myopic,c233eb080e439dda,"[[2, 3, 4, 5, 9, 10], [0, 1, 6, 7, 8, 11]]",0.3066310979964387,-0.25133317911338077,0.5715257784922055,-6.242844616264615e-15,,0.9999999999999999,12.094487976842178,12.094487976842178,0.3066310979964387,2.0518686453770996,2.260006464798503,"{""1"": 12}",12.094487976842178,12.094306546915563,3.070967914982088,1e-05,True,40,development_isotonic_frozen
s1-i4,development,1,oracle,dprm_rollout,cd5f2d0e7ecc5b8c,"[[1, 2, 5, 7, 8, 9], [0, 3, 4, 6, 10, 11]]",0.3066310979964387,-0.2865020227692399,0.5109618215780438,-5.986330032361691e-15,,0.9999999999999999,15.288287571004275,15.288287571004275,0.3066310979964387,0.4445076478795766,7.83323628763325,"{""1"": 12}",15.288287571004275,15.288108263382561,2.485179760949738,1e-05,True,40,development_isotonic_frozen
s1-i4,development,1,oracle,subset_exact,9abe2896728ce595,"[[0, 1, 3, 5, 8, 11], [2, 4, 6, 7, 9, 10]]",0.3066310979964387,-0.2838674981600608,0.519909609248912,-5.7792534862281866e-15,,0.9999999999999999,12.639515204502887,12.639515204502887,0.3066310979964387,0.9688018244694152,9.982528706422785,"{""1"": 12}",12.639515204502887,12.639342229512764,2.9256962557253745,1e-05,True,40,development_isotonic_frozen
s1-i4,development,1,oracle,subset_beam_8,ecb46fb03acc23f6,"[[0, 1, 3, 5, 8, 9], [2, 4, 6, 7, 10, 11]]",0.3066310979964387,-0.27987327821516134,0.5287574139017549,-5.035642931697299e-15,,0.9999999999999999,14.05653295135538,14.05653295135538,0.3066310979964387,0.32666014027356727,9.271437469136627,"{""1"": 12}",14.05653295135538,14.056360091648678,2.9240473783948393,1e-05,True,40,development_isotonic_frozen
s1-i4,development,1,oracle,subset_beam_32,9abe2896728ce595,"[[0, 1, 3, 5, 8, 11], [2, 4, 6, 7, 9, 10]]",0.3066310979964387,-0.2838674981600608,0.519909609248912,-5.7792534862281866e-15,,0.9999999999999999,12.639515204502887,12.639515204502887,0.3066310979964387,0.9688018244694152,9.982528706422785,"{""1"": 12}",12.639515204502887,12.639342229512764,2.9256962557253745,1e-05,True,40,development_isotonic_frozen
s1-i4,development,1,oracle,saps_diagonal,66b16368f521c5f0,"[[0, 1, 3, 4, 5, 9], [2, 6, 7, 8, 10, 11]]",0.3066310979964387,-0.25058112883975475,0.5711197435602822,-5.400972437421505e-15,,0.9999999999999999,10.96299632035971,10.96299632035971,0.3066310979964387,0.14984555554171478,5.209506565724933,"{""1"": 12}",10.96299632035971,10.962819644938227,2.9566591491538383,1e-05,True,40,development_isotonic_frozen
s1-i4,development,1,oracle,p_saps_residualized,05d77b1719910c00,"[[0, 3, 4, 5, 9, 11], [1, 2, 6, 7, 8, 10]]",0.3066310979964387,-0.267223775411318,0.5486069850728378,-6.699164855504069e-15,,0.9999999999999999,10.243427304228938,10.243427304228938,0.3066310979964387,0.19322085839625783,2.9495001009264303,"{""1"": 12}",10.243427304228938,10.24324871591205,2.8563880485626822,1e-05,True,80,development_isotonic_frozen
s1-i4,development,1,oracle,p_saps_projection,1112921c969ac0d6,"[[0, 2, 3, 5, 9, 10], [1, 4, 6, 7, 8, 11]]",0.3066310979964387,-0.2545497358587272,0.5663312049136359,-6.2981412636800606e-15,,0.9999999999999999,14.395978231674958,14.395978231674958,0.3066310979964387,2.301079659744446,4.061930903411694,"{""1"": 12}",14.395978231674958,14.395803343016887,3.19210989867836,1e-05,True,640,development_isotonic_frozen
s1-i4,development,1,oracle,b_saps_budgeted,66b16368f521c5f0,"[[0, 1, 3, 4, 5, 9], [2, 6, 7, 8, 10, 11]]",0.3066310979964387,-0.25058112883975475,0.5711197435602822,-5.400972437421505e-15,,0.9999999999999999,10.96299632035971,10.96299632035971,0.3066310979964387,0.14984555554171478,5.209506565724933,"{""1"": 12}",10.96299632035971,10.962819644938227,2.9566591491538383,1e-05,True,40,development_isotonic_frozen
s1-i4,development,1,oracle,random_balanced,66b16368f521c5f0,"[[0, 1, 3, 4, 5, 9], [2, 6, 7, 8, 10, 11]]",0.43598582431638894,-0.25058112883975475,0.5711197435602822,-5.400972437421505e-15,,0.9999999999999999,10.96299632035971,10.96299632035971,0.43598582431638894,2.274901849071302,-1.445463791451564,"{""1"": 12}",10.96299632035971,10.962819644938227,2.9566591491538383,1e-05,True,40,development_isotonic_frozen
s1-i4,development,1,oracle,confidence,3fbb6f19858c98f3,"[[0, 2, 4, 5, 7, 10], [1, 3, 6, 8, 9, 11]]",0.43598582431638894,-0.21585790035398325,0.6049953285294586,-6.383211247582394e-15,,0.9999999999999999,11.511219254099107,11.511219254099107,0.43598582431638894,1.936572219303308,0.0,"{""1"": 12}",11.511219254099107,11.511031941864768,2.928292739419088,1e-05,True,40,development_isotonic_frozen
s1-i4,development,1,oracle,entropy,b97e4101b6c0bbaf,"[[0, 3, 4, 5, 7, 10], [1, 2, 6, 8, 9, 11]]",0.43598582431638894,-0.21825540959082815,0.6109653002444086,-6.296111767520153e-15,,0.9999999999999999,11.37009878226495,11.37009878226495,0.43598582431638894,1.4412027780145196,-0.7667608284657028,"{""1"": 12}",11.37009878226495,11.369920772973646,3.026240083175932,1e-05,True,40,development_isotonic_frozen
s1-i4,development,1,oracle,dependency_cmi,82f9a06505ecd0a3,"[[0, 2, 4, 6, 8, 9], [1, 3, 5, 7, 10, 11]]",0.43598582431638894,-0.27754600904931176,0.5235945448999889,-6.2457138010028824e-15,,0.9999999999999999,12.68134539849828,12.68134539849828,0.43598582431638894,1.3568284115147982,-1.195486143183244,"{""1"": 12}",12.68134539849828,12.681144660504707,2.719888244079719,1e-05,True,40,development_isotonic_frozen
s1-i4,development,1,oracle,min_within_batch_tc,82f9a06505ecd0a3,"[[0, 2, 4, 6, 8, 9], [1, 3, 5, 7, 10, 11]]",0.43598582431638894,-0.27754600904931176,0.5235945448999889,-6.2457138010028824e-15,,0.9999999999999999,12.68134539849828,12.68134539849828,0.43598582431638894,1.3568284115147982,-1.195486143183244,"{""1"": 12}",12.68134539849828,12.681144660504707,2.719888244079719,1e-05,True,40,development_isotonic_frozen
s1-i4,development,1,oracle,dprm_myopic,c233eb080e439dda,"[[2, 3, 4, 5, 9, 10], [0, 1, 6, 7, 8, 11]]",0.43598582431638894,-0.25133317911338077,0.5715257784922055,-6.242844616264615e-15,,0.9999999999999999,12.094487976842178,12.094487976842178,0.43598582431638894,1.844159109420638,-1.7866245225019721,"{""1"": 12}",12.094487976842178,12.094306546915563,3.070967914982088,1e-05,True,40,development_isotonic_frozen
s1-i4,development,1,oracle,dprm_rollout,0121f1e5c4c52dd9,"[[0, 1, 3, 5, 6, 10], [2, 4, 7, 8, 9, 11]]",0.43598582431638894,-0.251471048033956,0.5751250939178988,-6.744014102437527e-15,,0.9999999999999999,11.11118130533344,11.11118130533344,0.43598582431638894,0.6584232809731199,-1.2351446555496302,"{""1"": 12}",11.11118130533344,11.111005984828536,3.166009591119578,1e-05,True,40,development_isotonic_frozen
s1-i4,development,1,oracle,subset_exact,cc731a49a5359cc5,"[[4, 6, 7, 8, 9, 11], [0, 1, 2, 3, 5, 10]]",0.43598582431638894,-0.3084771591096022,0.489232622577668,-5.997963858033117e-15,,0.9999999999999999,9.468449409008777,9.468449409008777,0.43598582431638894,0.4492776014050148,2.5529647255702317,"{""1"": 12}",9.468449409008777,9.468255001912599,2.795640322717061,1e-05,True,40,development_isotonic_frozen
s1-i4,development,1,oracle,subset_beam_8,6f6a892aa2151490,"[[0, 2, 6, 7, 8, 10], [1, 3, 4, 5, 9, 11]]",0.43598582431638894,-0.26579576973803964,0.5394336621293069,-6.423738199123856e-15,,0.9999999999999999,10.931817057388535,10.931817057388535,0.43598582431638894,1.6227162545740466,1.65898080107101,"{""1"": 12}",10.931817057388535,10.93162449788614,2.8567684509938105,1e-05,True,40,development_isotonic_frozen
s1-i4,development,1,oracle,subset_beam_32,cc731a49a5359cc5,"[[4, 6, 7, 8, 9, 11], [0, 1, 2, 3, 5, 10]]",0.43598582431638894,-0.3084771591096022,0.489232622577668,-5.997963858033117e-15,,0.9999999999999999,9.468449409008777,9.468449409008777,0.43598582431638894,0.4492776014050148,2.5529647255702317,"{""1"": 12}",9.468449409008777,9.468255001912599,2.795640322717061,1e-05,True,40,development_isotonic_frozen
s1-i4,development,1,oracle,saps_diagonal,66b16368f521c5f0,"[[0, 1, 3, 4, 5, 9], [2, 6, 7, 8, 10, 11]]",0.43598582431638894,-0.25058112883975475,0.5711197435602822,-5.400972437421505e-15,,0.9999999999999999,10.96299632035971,10.96299632035971,0.43598582431638894,2.274901849071302,-1.445463791451564,"{""1"": 12}",10.96299632035971,10.962819644938227,2.9566591491538383,1e-05,True,40,development_isotonic_frozen
s1-i4,development,1,oracle,p_saps_residualized,05d77b1719910c00,"[[0, 3, 4, 5, 9, 11], [1, 2, 6, 7, 8, 10]]",0.43598582431638894,-0.267223775411318,0.5486069850728378,-6.699164855504069e-15,,0.9999999999999999,10.243427304228938,10.243427304228938,0.43598582431638894,0.5913528830939971,0.6336959247760428,"{""1"": 12}",10.243427304228938,10.24324871591205,2.8563880485626822,1e-05,True,80,development_isotonic_frozen
s1-i4,development,1,oracle,p_saps_projection,1112921c969ac0d6,"[[0, 2, 3, 5, 9, 10], [1, 4, 6, 7, 8, 11]]",0.43598582431638894,-0.2545497358587272,0.5663312049136359,-6.2981412636800606e-15,,0.9999999999999999,14.395978231674958,14.395978231674958,0.43598582431638894,3.8031091194930697,0.6336959247760428,"{""1"": 12}",14.395978231674958,14.395803343016887,3.19210989867836,1e-05,True,640,development_isotonic_frozen
s1-i4,development,1,oracle,b_saps_budgeted,66b16368f521c5f0,"[[0, 1, 3, 4, 5, 9], [2, 6, 7, 8, 10, 11]]",0.43598582431638894,-0.25058112883975475,0.5711197435602822,-5.400972437421505e-15,,0.9999999999999999,10.96299632035971,10.96299632035971,0.43598582431638894,2.274901849071302,-1.445463791451564,"{""1"": 12}",10.96299632035971,10.962819644938227,2.9566591491538383,1e-05,True,40,development_isotonic_frozen
s1-i4,development,1,oracle,random_balanced,8b3dc3962ba72a9e,"[[1, 4, 5, 9], [0, 3, 10, 11], [2, 6, 7, 8]]",0.15169790814761874,-0.5266839446834614,1.1141157053978625,-3.16096315352884e-15,,0.9999999999999999,10.00722058286197,10.00722058286197,0.15169790814761874,0.15317176795638818,0.32474434199993363,"{""1"": 12}",10.00722058286197,10.007052348861368,2.7024799769547014,1e-05,True,40,development_isotonic_frozen
s1-i4,development,1,oracle,confidence,ab2aaa6e4764ef32,"[[0, 4, 5, 10], [1, 2, 3, 7], [6, 8, 9, 11]]",0.15169790814761874,-0.44244597934619606,1.2089743835063895,-3.989459902475939e-15,,0.9999999999999999,10.903355290205578,10.903355290205578,0.15169790814761874,0.5061437906422785,0.32474434199993363,"{""1"": 12}",10.903355290205578,10.90317620772971,2.962084214541308,1e-05,True,40,development_isotonic_frozen
s1-i4,development,1,oracle,entropy,ab2aaa6e4764ef32,"[[0, 4, 5, 10], [1, 2, 3, 7], [6, 8, 9, 11]]",0.15169790814761874,-0.44244597934619606,1.2089743835063895,-3.989459902475939e-15,,0.9999999999999999,10.903355290205578,10.903355290205578,0.15169790814761874,0.5061437906422785,0.32474434199993363,"{""1"": 12}",10.903355290205578,10.90317620772971,2.962084214541308,1e-05,True,40,development_isotonic_frozen
s1-i4,development,1,oracle,dependency_cmi,66134bb00268003a,"[[0, 2, 4, 9], [3, 6, 8, 10], [1, 5, 7, 11]]",0.15169790814761874,-0.5278584958749456,1.0955803741310322,-3.2562018796418595e-15,,0.9999999999999999,11.513510245672807,11.513510245672807,0.15169790814761874,0.2616968140999925,0.32474434199993363,"{""1"": 12}",11.513510245672807,11.513323972197714,2.550487439726202,1e-05,True,40,development_isotonic_frozen
s1-i4,development,1,oracle,min_within_batch_tc,26c2b9d458a7fa9d,"[[0, 2, 4, 5], [3, 6, 8, 11], [1, 7, 9, 10]]",0.15169790814761874,-0.4978724506049373,1.1179067960055462,-4.6400032909201974e-15,,0.9999999999999999,9.995877305409056,9.995877305409056,0.15169790814761874,0.24009890346525384,0.32474434199993363,"{""1"": 12}",9.995877305409056,9.995701744492099,2.313037778878733,1e-05,True,40,development_isotonic_frozen
s1-i4,development,1,oracle,dprm_myopic,4dd11504a5abe6ce,"[[2, 5, 9, 10], [0, 1, 3, 4], [6, 7, 8, 11]]",0.15169790814761874,-0.5087476554330669,1.1318634684647761,-4.730533995330452e-15,,0.9999999999999999,12.958642104860377,12.958642104860377,0.15169790814761874,0.1433360714458437,0.32474434199993363,"{""1"": 12}",12.958642104860377,12.958465701331592,2.9471552300868042,1e-05,True,40,development_isotonic_frozen
s1-i4,development,1,oracle,dprm_rollout,f1beb3dd0856696f,"[[1, 2, 5, 11], [0, 3, 4, 10], [6, 7, 8, 9]]",0.15169790814761874,-0.528080718543744,1.0949735015770432,-2.9429217056067107e-15,,0.9999999999999999,13.453108971727046,13.453108971727046,0.15169790814761874,0.8153142383185721,0.32474434199993363,"{""1"": 12}",13.453108971727046,13.452931275757257,2.3205336647839934,1e-05,True,40,development_isotonic_frozen
s1-i4,development,1,oracle,subset_exact,fda4887265ac7f2c,"[[0, 1, 3, 8], [2, 4, 5, 10], [6, 7, 9, 11]]",0.15169790814761874,-0.5136055812252197,1.109717260598283,-4.187080482670898e-15,,0.9999999999999999,10.95770223538488,10.95770223538488,0.15169790814761874,0.7683906954993108,4.747345090894979,"{""1"": 12}",10.95770223538488,10.957517278647714,2.8269934455132297,1e-05,True,40,development_isotonic_frozen
s1-i4,development,1,oracle,subset_beam_8,fda4887265ac7f2c,"[[0, 1, 3, 8], [2, 4, 5, 10], [6, 7, 9, 11]]",0.15169790814761874,-0.5136055812252197,1.109717260598283,-4.187080482670898e-15,,0.9999999999999999,10.95770223538488,10.95770223538488,0.15169790814761874,0.7683906954993108,4.747345090894979,"{""1"": 12}",10.95770223538488,10.957517278647714,2.8269934455132297,1e-05,True,40,development_isotonic_frozen
s1-i4,development,1,oracle,subset_beam_32,fda4887265ac7f2c,"[[0, 1, 3, 8], [2, 4, 5, 10], [6, 7, 9, 11]]",0.15169790814761874,-0.5136055812252197,1.109717260598283,-4.187080482670898e-15,,0.9999999999999999,10.95770223538488,10.95770223538488,0.15169790814761874,0.7683906954993108,4.747345090894979,"{""1"": 12}",10.95770223538488,10.957517278647714,2.8269934455132297,1e-05,True,40,development_isotonic_frozen
s1-i4,development,1,oracle,saps_diagonal,8b3dc3962ba72a9e,"[[1, 4, 5, 9], [0, 3, 10, 11], [2, 6, 7, 8]]",0.15169790814761874,-0.5266839446834614,1.1141157053978625,-3.16096315352884e-15,,0.9999999999999999,10.00722058286197,10.00722058286197,0.15169790814761874,0.15317176795638818,0.32474434199993363,"{""1"": 12}",10.00722058286197,10.007052348861368,2.7024799769547014,1e-05,True,40,development_isotonic_frozen
s1-i4,development,1,oracle,p_saps_residualized,27827bb51100d0b8,"[[0, 4, 9, 11], [3, 5, 6, 10], [1, 2, 7, 8]]",0.15169790814761874,-0.5466133880713663,1.0872154760450325,-4.9047832820875265e-15,,0.9999999999999999,9.306546272166731,9.306546272166731,0.15169790814761874,0.4937880637653841,0.32474434199993363,"{""1"": 12}",9.306546272166731,9.306366595808594,2.524003741615563,1e-05,True,80,development_isotonic_frozen
s1-i4,development,1,oracle,p_saps_projection,36c4c5a4ab7c102b,"[[0, 2, 4, 10], [1, 3, 5, 7], [6, 8, 9, 11]]",0.15169790814761874,-0.4535219605529534,1.1906461115951037,-4.262807913414874e-15,,0.9999999999999999,14.38046075043748,14.38046075043748,0.15169790814761874,0.15136814553905392,0.32474434199993363,"{""1"": 12}",14.38046075043748,14.380260672498508,2.9886782579905002,1e-05,True,640,development_isotonic_frozen
s1-i4,development,1,oracle,b_saps_budgeted,8b3dc3962ba72a9e,"[[1, 4, 5, 9], [0, 3, 10, 11], [2, 6, 7, 8]]",0.15169790814761874,-0.5266839446834614,1.1141157053978625,-3.16096315352884e-15,,0.9999999999999999,10.00722058286197,10.00722058286197,0.15169790814761874,0.15317176795638818,0.32474434199993363,"{""1"": 12}",10.00722058286197,10.007052348861368,2.7024799769547014,1e-05,True,40,development_isotonic_frozen
s1-i4,development,1,oracle,random_balanced,8b3dc3962ba72a9e,"[[1, 4, 5, 9], [0, 3, 10, 11], [2, 6, 7, 8]]",0.3066310979964387,-0.5266839446834614,1.1141157053978625,-3.16096315352884e-15,,0.9999999999999999,10.00722058286197,10.00722058286197,0.3066310979964387,0.6021186250770109,6.362146959972234,"{""1"": 12}",10.00722058286197,10.007052348861368,2.7024799769547014,1e-05,True,40,development_isotonic_frozen
s1-i4,development,1,oracle,confidence,ab2aaa6e4764ef32,"[[0, 4, 5, 10], [1, 2, 3, 7], [6, 8, 9, 11]]",0.3066310979964387,-0.44244597934619606,1.2089743835063895,-3.989459902475939e-15,,0.9999999999999999,10.903355290205578,10.903355290205578,0.3066310979964387,2.8289821528609385,3.587493600292912,"{""1"": 12}",10.903355290205578,10.90317620772971,2.962084214541308,1e-05,True,40,development_isotonic_frozen
s1-i4,development,1,oracle,entropy,ab2aaa6e4764ef32,"[[0, 4, 5, 10], [1, 2, 3, 7], [6, 8, 9, 11]]",0.3066310979964387,-0.44244597934619606,1.2089743835063895,-3.989459902475939e-15,,0.9999999999999999,10.903355290205578,10.903355290205578,0.3066310979964387,2.8289821528609385,3.587493600292912,"{""1"": 12}",10.903355290205578,10.90317620772971,2.962084214541308,1e-05,True,40,development_isotonic_frozen
s1-i4,development,1,oracle,dependency_cmi,66134bb00268003a,"[[0, 2, 4, 9], [3, 6, 8, 10], [1, 5, 7, 11]]",0.3066310979964387,-0.5278584958749456,1.0955803741310322,-3.2562018796418595e-15,,0.9999999999999999,11.513510245672807,11.513510245672807,0.3066310979964387,0.21971238577319555,0.0,"{""1"": 12}",11.513510245672807,11.513323972197714,2.550487439726202,1e-05,True,40,development_isotonic_frozen
s1-i4,development,1,oracle,min_within_batch_tc,26c2b9d458a7fa9d,"[[0, 2, 4, 5], [3, 6, 8, 11], [1, 7, 9, 10]]",0.3066310979964387,-0.4978724506049373,1.1179067960055462,-4.6400032909201974e-15,,0.9999999999999999,9.995877305409056,9.995877305409056,0.3066310979964387,0.4113274806541769,2.9495001009264303,"{""1"": 12}",9.995877305409056,9.995701744492099,2.313037778878733,1e-05,True,40,development_isotonic_frozen
s1-i4,development,1,oracle,dprm_myopic,4dd11504a5abe6ce,"[[2, 5, 9, 10], [0, 1, 3, 4], [6, 7, 8, 11]]",0.3066310979964387,-0.5087476554330669,1.1318634684647761,-4.730533995330452e-15,,0.9999999999999999,12.958642104860377,12.958642104860377,0.3066310979964387,0.10241224146736698,4.598175399450744,"{""1"": 12}",12.958642104860377,12.958465701331592,2.9471552300868042,1e-05,True,40,development_isotonic_frozen
s1-i4,development,1,oracle,dprm_rollout,6160a5e073565daa,"[[0, 2, 3, 6], [4, 5, 8, 11], [1, 7, 9, 10]]",0.3066310979964387,-0.5362289100902827,1.0766945347501786,-5.063522721240414e-15,,0.9999999999999999,10.295463499033033,10.295463499033033,0.3066310979964387,0.6140423548175615,4.387701282429807,"{""1"": 12}",10.295463499033033,10.295278477241375,2.625606653592242,1e-05,True,40,development_isotonic_frozen
s1-i4,development,1,oracle,subset_exact,9d98b8b9055eb29d,"[[2, 5, 6, 7], [0, 1, 4, 10], [3, 8, 9, 11]]",0.3066310979964387,-0.48960980526698483,1.138282950937376,-4.581427000028258e-15,,0.9999999999999999,12.3077599566415,12.3077599566415,0.3066310979964387,1.7635401354598026,9.69696791916671,"{""1"": 12}",12.3077599566415,12.307587073285159,3.3145433173240564,1e-05,True,40,development_isotonic_frozen
s1-i4,development,1,oracle,subset_beam_8,b10e0113ce914f6c,"[[0, 1, 7, 9], [2, 4, 5, 10], [3, 6, 8, 11]]",0.3066310979964387,-0.5105332377221917,1.121084593989342,-2.4112483204353236e-15,,0.9999999999999999,12.178277706349217,12.178277706349217,0.3066310979964387,0.9115002258012079,9.271437469136627,"{""1"": 12}",12.178277706349217,12.178079390686417,2.938433669260337,1e-05,True,40,development_isotonic_frozen
s1-i4,development,1,oracle,subset_beam_32,094dab30e45f13da,"[[3, 5, 6, 11], [0, 1, 4, 10], [2, 7, 8, 9]]",0.3066310979964387,-0.5443554556865702,1.0912248868574312,-3.4388020854749426e-15,,0.9999999999999999,12.415782101084764,12.415782101084764,0.3066310979964387,1.545578415558473,9.69696791916671,"{""1"": 12}",12.415782101084764,12.415630986627948,2.8606693938337338,1e-05,True,40,development_isotonic_frozen
s1-i4,development,1,oracle,saps_diagonal,8b3dc3962ba72a9e,"[[1, 4, 5, 9], [0, 3, 10, 11], [2, 6, 7, 8]]",0.3066310979964387,-0.5266839446834614,1.1141157053978625,-3.16096315352884e-15,,0.9999999999999999,10.00722058286197,10.00722058286197,0.3066310979964387,0.6021186250770109,6.362146959972234,"{""1"": 12}",10.00722058286197,10.007052348861368,2.7024799769547014,1e-05,True,40,development_isotonic_frozen
s1-i4,development,1,oracle,p_saps_residualized,27827bb51100d0b8,"[[0, 4, 9, 11], [3, 5, 6, 10], [1, 2, 7, 8]]",0.3066310979964387,-0.5466133880713663,1.0872154760450325,-4.9047832820875265e-15,,0.9999999999999999,9.306546272166731,9.306546272166731,0.3066310979964387,0.26717969156437904,2.9495001009264303,"{""1"": 12}",9.306546272166731,9.306366595808594,2.524003741615563,1e-05,True,80,development_isotonic_frozen
s1-i4,development,1,oracle,p_saps_projection,36c4c5a4ab7c102b,"[[0, 2, 4, 10], [1, 3, 5, 7], [6, 8, 9, 11]]",0.3066310979964387,-0.4535219605529534,1.1906461115951037,-4.262807913414874e-15,,0.9999999999999999,14.38046075043748,14.38046075043748,0.3066310979964387,0.36072297963368183,3.587493600292912,"{""1"": 12}",14.38046075043748,14.380260672498508,2.9886782579905002,1e-05,True,640,development_isotonic_frozen
s1-i4,development,1,oracle,b_saps_budgeted,8b3dc3962ba72a9e,"[[1, 4, 5, 9], [0, 3, 10, 11], [2, 6, 7, 8]]",0.3066310979964387,-0.5266839446834614,1.1141157053978625,-3.16096315352884e-15,,0.9999999999999999,10.00722058286197,10.00722058286197,0.3066310979964387,0.6021186250770109,6.362146959972234,"{""1"": 12}",10.00722058286197,10.007052348861368,2.7024799769547014,1e-05,True,40,development_isotonic_frozen
s1-i4,development,1,oracle,random_balanced,8b3dc3962ba72a9e,"[[1, 4, 5, 9], [0, 3, 10, 11], [2, 6, 7, 8]]",0.43598582431638894,-0.5266839446834614,1.1141157053978625,-3.16096315352884e-15,,0.9999999999999999,10.00722058286197,10.00722058286197,0.43598582431638894,0.9794527009194101,-0.4307010815674239,"{""1"": 12}",10.00722058286197,10.007052348861368,2.7024799769547014,1e-05,True,40,development_isotonic_frozen
s1-i4,development,1,oracle,confidence,ab2aaa6e4764ef32,"[[0, 4, 5, 10], [1, 2, 3, 7], [6, 8, 9, 11]]",0.43598582431638894,-0.44244597934619606,1.2089743835063895,-3.989459902475939e-15,,0.9999999999999999,10.903355290205578,10.903355290205578,0.43598582431638894,0.8697509359948643,-0.893983924499222,"{""1"": 12}",10.903355290205578,10.90317620772971,2.962084214541308,1e-05,True,40,development_isotonic_frozen
s1-i4,development,1,oracle,entropy,ab2aaa6e4764ef32,"[[0, 4, 5, 10], [1, 2, 3, 7], [6, 8, 9, 11]]",0.43598582431638894,-0.44244597934619606,1.2089743835063895,-3.989459902475939e-15,,0.9999999999999999,10.903355290205578,10.903355290205578,0.43598582431638894,0.8697509359948643,-0.893983924499222,"{""1"": 12}",10.903355290205578,10.90317620772971,2.962084214541308,1e-05,True,40,development_isotonic_frozen
s1-i4,development,1,oracle,dependency_cmi,66134bb00268003a,"[[0, 2, 4, 9], [3, 6, 8, 10], [1, 5, 7, 11]]",0.43598582431638894,-0.5278584958749456,1.0955803741310322,-3.2562018796418595e-15,,0.9999999999999999,11.513510245672807,11.513510245672807,0.43598582431638894,0.9399852056224528,0.5769282940904348,"{""1"": 12}",11.513510245672807,11.513323972197714,2.550487439726202,1e-05,True,40,development_isotonic_frozen
s1-i4,development,1,oracle,min_within_batch_tc,26c2b9d458a7fa9d,"[[0, 2, 4, 5], [3, 6, 8, 11], [1, 7, 9, 10]]",0.43598582431638894,-0.4978724506049373,1.1179067960055462,-4.6400032909201974e-15,,0.9999999999999999,9.995877305409056,9.995877305409056,0.43598582431638894,1.621868318335863,-0.5463788828002127,"{""1"": 12}",9.995877305409056,9.995701744492099,2.313037778878733,1e-05,True,40,development_isotonic_frozen
s1-i4,development,1,oracle,dprm_myopic,4dd11504a5abe6ce,"[[2, 5, 9, 10], [0, 1, 3, 4], [6, 7, 8, 11]]",0.43598582431638894,-0.5087476554330669,1.1318634684647761,-4.730533995330452e-15,,0.9999999999999999,12.958642104860377,12.958642104860377,0.43598582431638894,1.1205214671090569,-1.7685772598500953,"{""1"": 12}",12.958642104860377,12.958465701331592,2.9471552300868042,1e-05,True,40,development_isotonic_frozen
s1-i4,development,1,oracle,dprm_rollout,dbfc1e6b843a798d,"[[0, 4, 5, 10], [1, 3, 6, 8], [2, 7, 9, 11]]",0.43598582431638894,-0.46906505698722517,1.1787611832048543,-4.77957317799547e-15,,0.9999999999999999,14.471038768670686,14.471038768670686,0.43598582431638894,1.734415868022926,-1.2215617213188366,"{""1"": 12}",14.471038768670686,14.470870321346542,2.9288592479991045,1e-05,True,40,development_isotonic_frozen
s1-i4,development,1,oracle,subset_exact,3939fdc33d9f2411,"[[2, 6, 8, 9], [0, 4, 5, 10], [1, 3, 7, 11]]",0.43598582431638894,-0.5653435671031466,1.0419169571883786,-2.7219071402276477e-15,,0.9999999999999999,12.75327920029054,12.75327920029054,0.43598582431638894,0.7598786803777756,2.5529647255702317,"{""1"": 12}",12.75327920029054,12.753088003185264,3.2177330038999634,1e-05,True,40,development_isotonic_frozen
s1-i4,development,1,oracle,subset_beam_8,3939fdc33d9f2411,"[[2, 6, 8, 9], [0, 4, 5, 10], [1, 3, 7, 11]]",0.43598582431638894,-0.5653435671031466,1.0419169571883786,-2.7219071402276477e-15,,0.9999999999999999,12.75327920029054,12.75327920029054,0.43598582431638894,0.7598786803777756,2.5529647255702317,"{""1"": 12}",12.75327920029054,12.753088003185264,3.2177330038999634,1e-05,True,40,development_isotonic_frozen
s1-i4,development,1,oracle,subset_beam_32,3939fdc33d9f2411,"[[2, 6, 8, 9], [0, 4, 5, 10], [1, 3, 7, 11]]",0.43598582431638894,-0.5653435671031466,1.0419169571883786,-2.7219071402276477e-15,,0.9999999999999999,12.75327920029054,12.75327920029054,0.43598582431638894,0.7598786803777756,2.5529647255702317,"{""1"": 12}",12.75327920029054,12.753088003185264,3.2177330038999634,1e-05,True,40,development_isotonic_frozen
s1-i4,development,1,oracle,saps_diagonal,8b3dc3962ba72a9e,"[[1, 4, 5, 9], [0, 3, 10, 11], [2, 6, 7, 8]]",0.43598582431638894,-0.5266839446834614,1.1141157053978625,-3.16096315352884e-15,,0.9999999999999999,10.00722058286197,10.00722058286197,0.43598582431638894,0.9794527009194101,-0.4307010815674239,"{""1"": 12}",10.00722058286197,10.007052348861368,2.7024799769547014,1e-05,True,40,development_isotonic_frozen
s1-i4,development,1,oracle,p_saps_residualized,27827bb51100d0b8,"[[0, 4, 9, 11], [3, 5, 6, 10], [1, 2, 7, 8]]",0.43598582431638894,-0.5466133880713663,1.0872154760450325,-4.9047832820875265e-15,,0.9999999999999999,9.306546272166731,9.306546272166731,0.43598582431638894,0.561778784505128,-0.20679901143469648,"{""1"": 12}",9.306546272166731,9.306366595808594,2.524003741615563,1e-05,True,80,development_isotonic_frozen
s1-i4,development,1,oracle,p_saps_projection,36c4c5a4ab7c102b,"[[0, 2, 4, 10], [1, 3, 5, 7], [6, 8, 9, 11]]",0.43598582431638894,-0.4535219605529534,1.1906461115951037,-4.262807913414874e-15,,0.9999999999999999,14.38046075043748,14.38046075043748,0.43598582431638894,2.3398675307570778,0.01052216641082726,"{""1"": 12}",14.38046075043748,14.380260672498508,2.9886782579905002,1e-05,True,640,development_isotonic_frozen
s1-i4,development,1,oracle,b_saps_budgeted,8b3dc3962ba72a9e,"[[1, 4, 5, 9], [0, 3, 10, 11], [2, 6, 7, 8]]",0.43598582431638894,-0.5266839446834614,1.1141157053978625,-3.16096315352884e-15,,0.9999999999999999,10.00722058286197,10.00722058286197,0.43598582431638894,0.9794527009194101,-0.4307010815674239,"{""1"": 12}",10.00722058286197,10.007052348861368,2.7024799769547014,1e-05,True,40,development_isotonic_frozen
s1-i4,development,1,oracle,random_balanced,76a0c239461fe6d1,"[[1, 4, 5], [0, 3, 9], [7, 10, 11], [2, 6, 8]]",0.15169790814761874,-0.7562839774951678,1.7058866480602237,-2.799130077630981e-15,,0.9999999999999999,10.74252587797173,10.74252587797173,0.15169790814761874,0.09020480959284648,-0.6043192882929806,"{""1"": 12}",10.74252587797173,10.742352080359005,2.939895214203419,1e-05,True,40,development_isotonic_frozen
s1-i4,development,1,oracle,confidence,6af187b4270271b1,"[[0, 4, 5], [2, 7, 10], [1, 3, 6], [8, 9, 11]]",0.15169790814761874,-0.6739559920251463,1.7899278328495773,-3.725168579471444e-15,,0.9999999999999999,11.689550127447166,11.689550127447166,0.15169790814761874,0.14495502354306192,0.32474434199993363,"{""1"": 12}",11.689550127447166,11.689373270215576,2.4564136616870003,1e-05,True,40,development_isotonic_frozen
s1-i4,development,1,oracle,entropy,4d8c503355948584,"[[0, 4, 10], [3, 5, 7], [1, 2, 6], [8, 9, 11]]",0.15169790814761874,-0.6813471089456741,1.7967403470091734,-3.90985044343658e-15,,0.9999999999999999,14.646945649606485,14.646945649606485,0.15169790814761874,0.010566431942881854,-1.9352621227985691,"{""1"": 12}",14.646945649606485,14.64676545000324,2.5445732187909025,1e-05,True,40,development_isotonic_frozen
s1-i4,development,1,oracle,dependency_cmi,cb08786f0acfb4f1,"[[0, 2, 9], [4, 6, 10], [3, 7, 11], [1, 5, 8]]",0.15169790814761874,-0.8055119999357082,1.63554810434573,-2.0184900624376506e-15,,0.9999999999999999,10.68086097886116,10.68086097886116,0.15169790814761874,0.02497522678946971,-0.36372325710981346,"{""1"": 12}",10.68086097886116,10.680673788289848,3.0975119210431985,1e-05,True,40,development_isotonic_frozen
s1-i4,development,1,oracle,min_within_batch_tc,1a853cf0453f65ff,"[[0, 2, 3], [4, 6, 7], [1, 8, 9], [5, 10, 11]]",0.15169790814761874,-0.7809162656670238,1.647619440284174,-2.7358184334088567e-15,,0.9999999999999999,8.001269854917137,8.001269854917137,0.15169790814761874,0.33184787646518155,0.32474434199993363,"{""1"": 12}",8.001269854917137,8.001083498207196,2.8553432600812734,1e-05,True,40,development_isotonic_frozen
s1-i4,development,1,oracle,dprm_myopic,1d58fc0f4cbe7b33,"[[2, 5, 9], [3, 4, 10], [0, 1, 8], [6, 7, 11]]",0.15169790814761874,-0.780142127205078,1.665838999171216,-1.6600514686531837e-15,,0.9999999999999999,12.676697571279362,12.676697571279362,0.15169790814761874,0.3622254631369164,2.260006464798503,"{""1"": 12}",12.676697571279362,12.676519787735153,2.5044885756226964,1e-05,True,40,development_isotonic_frozen
s1-i4,development,1,oracle,dprm_rollout,c911d25c51017953,"[[0, 2, 6], [7, 9, 10], [4, 5, 11], [1, 3, 8]]",0.15169790814761874,-0.7959403825058008,1.6397036425851133,-4.0925046253329325e-15,,0.9999999999999999,10.151196977473656,10.151196977473656,0.15169790814761874,0.01393591434545822,2.260006464798503,"{""1"": 12}",10.151196977473656,10.151018390946726,2.7613920579782345,1e-05,True,40,development_isotonic_frozen
s1-i4,development,1,oracle,subset_exact,bdca5f4134e6d426,"[[0, 7, 8], [2, 4, 5], [1, 3, 10], [6, 9, 11]]",0.15169790814761874,-0.735724175896023,1.6851413169358664,-3.39511937264896e-15,,0.9999999999999999,14.159635306595463,14.159635306595463,0.15169790814761874,0.2644314526874431,4.747345090894979,"{""1"": 12}",14.159635306595463,14.159441339262418,3.0914631514954425,1e-05,True,40,development_isotonic_frozen
s1-i4,development,1,oracle,subset_beam_8,bdca5f4134e6d426,"[[0, 7, 8], [2, 4, 5], [1, 3, 10], [6, 9, 11]]",0.15169790814761874,-0.735724175896023,1.6851413169358664,-3.39511937264896e-15,,0.9999999999999999,14.159635306595463,14.159635306595463,0.15169790814761874,0.2644314526874431,4.747345090894979,"{""1"": 12}",14.159635306595463,14.159441339262418,3.0914631514954425,1e-05,True,40,development_isotonic_frozen
s1-i4,development,1,oracle,subset_beam_32,bdca5f4134e6d426,"[[0, 7, 8], [2, 4, 5], [1, 3, 10], [6, 9, 11]]",0.15169790814761874,-0.735724175896023,1.6851413169358664,-3.39511937264896e-15,,0.9999999999999999,14.159635306595463,14.159635306595463,0.15169790814761874,0.2644314526874431,4.747345090894979,"{""1"": 12}",14.159635306595463,14.159441339262418,3.0914631514954425,1e-05,True,40,development_isotonic_frozen
s1-i4,development,1,oracle,saps_diagonal,76a0c239461fe6d1,"[[1, 4, 5], [0, 3, 9], [7, 10, 11], [2, 6, 8]]",0.15169790814761874,-0.7562839774951678,1.7058866480602237,-2.799130077630981e-15,,0.9999999999999999,10.74252587797173,10.74252587797173,0.15169790814761874,0.09020480959284648,-0.6043192882929806,"{""1"": 12}",10.74252587797173,10.742352080359005,2.939895214203419,1e-05,True,40,development_isotonic_frozen
s1-i4,development,1,oracle,p_saps_residualized,36767f51189623e6,"[[0, 4, 11], [3, 5, 9], [6, 7, 10], [1, 2, 8]]",0.15169790814761874,-0.792856067454636,1.6564736602199497,-2.0314331064382814e-15,,0.9999999999999999,12.807123973312688,12.807123973312688,0.15169790814761874,0.1432622592490575,-1.9352621227985691,"{""1"": 12}",12.807123973312688,12.80693255604995,3.103849632226801,1e-05,True,80,development_isotonic_frozen
s1-i4,development,1,oracle,p_saps_projection,1616fabbd3116ad2,"[[1, 2, 8], [5, 7, 10], [0, 4, 6], [3, 9, 11]]",0.15169790814761874,-0.7899155282660439,1.6249017647239754,-4.399428620189992e-15,,0.9999999999999999,16.456754695641127,16.456754695641127,0.15169790814761874,0.003637207637839028,2.260006464798503,"{""1"": 12}",16.456754695641127,16.456557893993526,2.7914462987203033,1e-05,True,640,development_isotonic_frozen
s1-i4,development,1,oracle,b_saps_budgeted,76a0c239461fe6d1,"[[1, 4, 5], [0, 3, 9], [7, 10, 11], [2, 6, 8]]",0.15169790814761874,-0.7562839774951678,1.7058866480602237,-2.799130077630981e-15,,0.9999999999999999,10.74252587797173,10.74252587797173,0.15169790814761874,0.09020480959284648,-0.6043192882929806,"{""1"": 12}",10.74252587797173,10.742352080359005,2.939895214203419,1e-05,True,40,development_isotonic_frozen
s1-i4,development,1,oracle,random_balanced,76a0c239461fe6d1,"[[1, 4, 5], [0, 3, 9], [7, 10, 11], [2, 6, 8]]",0.3066310979964387,-0.7562839774951678,1.7058866480602237,-2.799130077630981e-15,,0.9999999999999999,10.74252587797173,10.74252587797173,0.3066310979964387,0.36424448672746007,10.771445843560272,"{""1"": 12}",10.74252587797173,10.742352080359005,2.939895214203419,1e-05,True,40,development_isotonic_frozen
s1-i4,development,1,oracle,confidence,6af187b4270271b1,"[[0, 4, 5], [2, 7, 10], [1, 3, 6], [8, 9, 11]]",0.3066310979964387,-0.6739559920251463,1.7899278328495773,-3.725168579471444e-15,,0.9999999999999999,11.689550127447166,11.689550127447166,0.3066310979964387,1.088417054800297,4.387701282429807,"{""1"": 12}",11.689550127447166,11.689373270215576,2.4564136616870003,1e-05,True,40,development_isotonic_frozen
s1-i4,development,1,oracle,entropy,4d8c503355948584,"[[0, 4, 10], [3, 5, 7], [1, 2, 6], [8, 9, 11]]",0.3066310979964387,-0.6813471089456741,1.7967403470091734,-3.90985044343658e-15,,0.9999999999999999,14.646945649606485,14.646945649606485,0.3066310979964387,0.4194358546321462,3.587493600292912,"{""1"": 12}",14.646945649606485,14.64676545000324,2.5445732187909025,1e-05,True,40,development_isotonic_frozen
s1-i4,development,1,oracle,dependency_cmi,cb08786f0acfb4f1,"[[0, 2, 9], [4, 6, 10], [3, 7, 11], [1, 5, 8]]",0.3066310979964387,-0.8055119999357082,1.63554810434573,-2.0184900624376506e-15,,0.9999999999999999,10.68086097886116,10.68086097886116,0.3066310979964387,0.19372618783468082,1.438201181503377,"{""1"": 12}",10.68086097886116,10.680673788289848,3.0975119210431985,1e-05,True,40,development_isotonic_frozen
s1-i4,development,1,oracle,min_within_batch_tc,1a853cf0453f65ff,"[[0, 2, 3], [4, 6, 7], [1, 8, 9], [5, 10, 11]]",0.3066310979964387,-0.7809162656670238,1.647619440284174,-2.7358184334088567e-15,,0.9999999999999999,8.001269854917137,8.001269854917137,0.3066310979964387,0.2510539987411568,7.722522241624282,"{""1"": 12}",8.001269854917137,8.001083498207196,2.8553432600812734,1e-05,True,40,development_isotonic_frozen
s1-i4,development,1,oracle,dprm_myopic,1d58fc0f4cbe7b33,"[[2, 5, 9], [3, 4, 10], [0, 1, 8], [6, 7, 11]]",0.3066310979964387,-0.780142127205078,1.665838999171216,-1.6600514686531837e-15,,0.9999999999999999,12.676697571279362,12.676697571279362,0.3066310979964387,0.9265958022779006,6.64770774722831,"{""1"": 12}",12.676697571279362,12.676519787735153,2.5044885756226964,1e-05,True,40,development_isotonic_frozen
s1-i4,development,1,oracle,dprm_rollout,c74836adcc19cf04,"[[0, 2, 6], [3, 5, 7], [4, 10, 11], [1, 8, 9]]",0.3066310979964387,-0.7599204406468726,1.6781780376918016,-2.9140929568901027e-15,,0.9999999999999999,10.821483137538799,10.821483137538799,0.3066310979964387,1.8465600943728708,4.061930903411694,"{""1"": 12}",10.821483137538799,10.821290552051899,2.463576329739,1e-05,True,40,development_isotonic_frozen
s1-i4,development,1,oracle,subset_exact,45f2fd75984952eb,"[[1, 3, 8], [0, 4, 5], [2, 7, 10], [6, 9, 11]]",0.3066310979964387,-0.7692812066669864,1.6643204471806872,-3.2728142780445673e-15,,0.9999999999999999,14.020383399334651,14.020383399334651,0.3066310979964387,1.2742481192299695,11.956974383965214,"{""1"": 12}",14.020383399334651,14.020204850209494,2.5652000595991202,1e-05,True,40,development_isotonic_frozen
s1-i4,development,1,oracle,subset_beam_8,6d5b25e6fe2bc7d2,"[[0, 2, 7], [4, 5, 10], [1, 3, 6], [8, 9, 11]]",0.3066310979964387,-0.6972747837681735,1.7545793667509608,-3.678176756115234e-15,,0.9999999999999999,14.675715934676726,14.675715934676726,0.3066310979964387,1.1550213652461614,9.271437469136627,"{""1"": 12}",14.675715934676726,14.675520539122628,2.618747624555841,1e-05,True,40,development_isotonic_frozen
s1-i4,development,1,oracle,subset_beam_32,45f2fd75984952eb,"[[1, 3, 8], [0, 4, 5], [2, 7, 10], [6, 9, 11]]",0.3066310979964387,-0.7692812066669864,1.6643204471806872,-3.2728142780445673e-15,,0.9999999999999999,14.020383399334651,14.020383399334651,0.3066310979964387,1.2742481192299695,11.956974383965214,"{""1"": 12}",14.020383399334651,14.020204850209494,2.5652000595991202,1e-05,True,40,development_isotonic_frozen
s1-i4,development,1,oracle,saps_diagonal,76a0c239461fe6d1,"[[1, 4, 5], [0, 3, 9], [7, 10, 11], [2, 6, 8]]",0.3066310979964387,-0.7562839774951678,1.7058866480602237,-2.799130077630981e-15,,0.9999999999999999,10.74252587797173,10.74252587797173,0.3066310979964387,0.36424448672746007,10.771445843560272,"{""1"": 12}",10.74252587797173,10.742352080359005,2.939895214203419,1e-05,True,40,development_isotonic_frozen
s1-i4,development,1,oracle,p_saps_residualized,36767f51189623e6,"[[0, 4, 11], [3, 5, 9], [6, 7, 10], [1, 2, 8]]",0.3066310979964387,-0.792856067454636,1.6564736602199497,-2.0314331064382814e-15,,0.9999999999999999,12.807123973312688,12.807123973312688,0.3066310979964387,1.439590670803815,2.9495001009264303,"{""1"": 12}",12.807123973312688,12.80693255604995,3.103849632226801,1e-05,True,80,development_isotonic_frozen
s1-i4,development,1,oracle,p_saps_projection,1616fabbd3116ad2,"[[1, 2, 8], [5, 7, 10], [0, 4, 6], [3, 9, 11]]",0.3066310979964387,-0.7899155282660439,1.6249017647239754,-4.399428620189992e-15,,0.9999999999999999,16.456754695641127,16.456754695641127,0.3066310979964387,2.884958804288907,7.83323628763325,"{""1"": 12}",16.456754695641127,16.456557893993526,2.7914462987203033,1e-05,True,640,development_isotonic_frozen
s1-i4,development,1,oracle,b_saps_budgeted,76a0c239461fe6d1,"[[1, 4, 5], [0, 3, 9], [7, 10, 11], [2, 6, 8]]",0.3066310979964387,-0.7562839774951678,1.7058866480602237,-2.799130077630981e-15,,0.9999999999999999,10.74252587797173,10.74252587797173,0.3066310979964387,0.36424448672746007,10.771445843560272,"{""1"": 12}",10.74252587797173,10.742352080359005,2.939895214203419,1e-05,True,40,development_isotonic_frozen
s1-i4,development,1,oracle,random_balanced,76a0c239461fe6d1,"[[1, 4, 5], [0, 3, 9], [7, 10, 11], [2, 6, 8]]",0.43598582431638894,-0.7562839774951678,1.7058866480602237,-2.799130077630981e-15,,0.9999999999999999,10.74252587797173,10.74252587797173,0.43598582431638894,1.4540427020690896,-0.12077878538491804,"{""1"": 12}",10.74252587797173,10.742352080359005,2.939895214203419,1e-05,True,40,development_isotonic_frozen
s1-i4,development,1,oracle,confidence,6af187b4270271b1,"[[0, 4, 5], [2, 7, 10], [1, 3, 6], [8, 9, 11]]",0.43598582431638894,-0.6739559920251463,1.7899278328495773,-3.725168579471444e-15,,0.9999999999999999,11.689550127447166,11.689550127447166,0.43598582431638894,1.6939471976920675,-2.011396254165911,"{""1"": 12}",11.689550127447166,11.689373270215576,2.4564136616870003,1e-05,True,40,development_isotonic_frozen
s1-i4,development,1,oracle,entropy,4d8c503355948584,"[[0, 4, 10], [3, 5, 7], [1, 2, 6], [8, 9, 11]]",0.43598582431638894,-0.6813471089456741,1.7967403470091734,-3.90985044343658e-15,,0.9999999999999999,14.646945649606485,14.646945649606485,0.43598582431638894,1.0432682256146741,-1.01476270988414,"{""1"": 12}",14.646945649606485,14.64676545000324,2.5445732187909025,1e-05,True,40,development_isotonic_frozen
s1-i4,development,1,oracle,dependency_cmi,cb08786f0acfb4f1,"[[0, 2, 9], [4, 6, 10], [3, 7, 11], [1, 5, 8]]",0.43598582431638894,-0.8055119999357082,1.63554810434573,-2.0184900624376506e-15,,0.9999999999999999,10.68086097886116,10.68086097886116,0.43598582431638894,1.9999668281333887,-0.5173141607411162,"{""1"": 12}",10.68086097886116,10.680673788289848,3.0975119210431985,1e-05,True,40,development_isotonic_frozen
s1-i4,development,1,oracle,min_within_batch_tc,1a853cf0453f65ff,"[[0, 2, 3], [4, 6, 7], [1, 8, 9], [5, 10, 11]]",0.43598582431638894,-0.7809162656670238,1.647619440284174,-2.7358184334088567e-15,,0.9999999999999999,8.001269854917137,8.001269854917137,0.43598582431638894,3.487042759143946,-0.9121244390786933,"{""1"": 12}",8.001269854917137,8.001083498207196,2.8553432600812734,1e-05,True,40,development_isotonic_frozen
s1-i4,development,1,oracle,dprm_myopic,1d58fc0f4cbe7b33,"[[2, 5, 9], [3, 4, 10], [0, 1, 8], [6, 7, 11]]",0.43598582431638894,-0.780142127205078,1.665838999171216,-1.6600514686531837e-15,,0.9999999999999999,12.676697571279362,12.676697571279362,0.43598582431638894,2.257565600618048,-2.6955920233069324,"{""1"": 12}",12.676697571279362,12.676519787735153,2.5044885756226964,1e-05,True,40,development_isotonic_frozen
s1-i4,development,1,oracle,dprm_rollout,649c1602a6dad6e9,"[[0, 4, 6], [1, 2, 10], [3, 5, 8], [7, 9, 11]]",0.43598582431638894,-0.7406294402829672,1.711200778627654,-4.335315534927722e-15,,0.9999999999999999,10.066801065482164,10.066801065482164,0.43598582431638894,2.52456414160878,-1.785984948244754,"{""1"": 12}",10.066801065482164,10.066625911036224,2.5617120460962854,1e-05,True,40,development_isotonic_frozen
s1-i4,development,1,oracle,subset_exact,4223e8053081751e,"[[0, 4, 6], [2, 5, 7], [1, 3, 10], [8, 9, 11]]",0.43598582431638894,-0.7102538243587633,1.7426866169216826,-3.789456925748256e-15,,0.9999999999999999,12.237884809603852,12.237884809603852,0.43598582431638894,1.4314892033375268,2.5529647255702317,"{""1"": 12}",12.237884809603852,12.237691630688062,2.5148771449653986,1e-05,True,40,development_isotonic_frozen
s1-i4,development,1,oracle,subset_beam_8,4223e8053081751e,"[[0, 4, 6], [2, 5, 7], [1, 3, 10], [8, 9, 11]]",0.43598582431638894,-0.7102538243587633,1.7426866169216826,-3.789456925748256e-15,,0.9999999999999999,12.237884809603852,12.237884809603852,0.43598582431638894,1.4314892033375268,2.5529647255702317,"{""1"": 12}",12.237884809603852,12.237691630688062,2.5148771449653986,1e-05,True,40,development_isotonic_frozen
s1-i4,development,1,oracle,subset_beam_32,4223e8053081751e,"[[0, 4, 6], [2, 5, 7], [1, 3, 10], [8, 9, 11]]",0.43598582431638894,-0.7102538243587633,1.7426866169216826,-3.789456925748256e-15,,0.9999999999999999,12.237884809603852,12.237884809603852,0.43598582431638894,1.4314892033375268,2.5529647255702317,"{""1"": 12}",12.237884809603852,12.237691630688062,2.5148771449653986,1e-05,True,40,development_isotonic_frozen
s1-i4,development,1,oracle,saps_diagonal,76a0c239461fe6d1,"[[1, 4, 5], [0, 3, 9], [7, 10, 11], [2, 6, 8]]",0.43598582431638894,-0.7562839774951678,1.7058866480602237,-2.799130077630981e-15,,0.9999999999999999,10.74252587797173,10.74252587797173,0.43598582431638894,1.4540427020690896,-0.12077878538491804,"{""1"": 12}",10.74252587797173,10.742352080359005,2.939895214203419,1e-05,True,40,development_isotonic_frozen
s1-i4,development,1,oracle,p_saps_residualized,36767f51189623e6,"[[0, 4, 11], [3, 5, 9], [6, 7, 10], [1, 2, 8]]",0.43598582431638894,-0.792856067454636,1.6564736602199497,-2.0314331064382814e-15,,0.9999999999999999,12.807123973312688,12.807123973312688,0.43598582431638894,1.0118040116922595,0.6336959247760428,"{""1"": 12}",12.807123973312688,12.80693255604995,3.103849632226801,1e-05,True,80,development_isotonic_frozen
s1-i4,development,1,oracle,p_saps_projection,1616fabbd3116ad2,"[[1, 2, 8], [5, 7, 10], [0, 4, 6], [3, 9, 11]]",0.43598582431638894,-0.7899155282660439,1.6249017647239754,-4.399428620189992e-15,,0.9999999999999999,16.456754695641127,16.456754695641127,0.43598582431638894,3.973996959260009,-4.648871969997492,"{""1"": 12}",16.456754695641127,16.456557893993526,2.7914462987203033,1e-05,True,640,development_isotonic_frozen
s1-i4,development,1,oracle,b_saps_budgeted,76a0c239461fe6d1,"[[1, 4, 5], [0, 3, 9], [7, 10, 11], [2, 6, 8]]",0.43598582431638894,-0.7562839774951678,1.7058866480602237,-2.799130077630981e-15,,0.9999999999999999,10.74252587797173,10.74252587797173,0.43598582431638894,1.4540427020690896,-0.12077878538491804,"{""1"": 12}",10.74252587797173,10.742352080359005,2.939895214203419,1e-05,True,40,development_isotonic_frozen
s1-i4,development,1,random_matched,random_balanced,8a4f20d215a3b9a1,"[[0, 1, 2, 3, 4, 5, 6, 7, 8, 9, 10, 11]]",2.2821376720595645,-0.0,0.0,-1.5123841382535464e-14,,0.0,11.202592583871457,11.202592583871457,2.2821376720595645,0.2211212387696097,0.32474434199993363,"{""3"": 10, ""4"": 9, ""2"": 11}",11.202592583871457,11.2025667810516,30.468595744323512,1e-05,True,40,development_isotonic_frozen
s1-i4,development,1,random_matched,confidence,8a4f20d215a3b9a1,"[[0, 1, 2, 3, 4, 5, 6, 7, 8, 9, 10, 11]]",2.2821376720595645,-0.0,0.0,-1.5123841382535464e-14,,0.0,11.202592583871457,11.202592583871457,2.2821376720595645,0.2211212387696097,0.32474434199993363,"{""3"": 10, ""4"": 9, ""2"": 11}",11.202592583871457,11.2025667810516,30.468595744323512,1e-05,True,40,development_isotonic_frozen
s1-i4,development,1,random_matched,entropy,8a4f20d215a3b9a1,"[[0, 1, 2, 3, 4, 5, 6, 7, 8, 9, 10, 11]]",2.2821376720595645,-0.0,0.0,-1.5123841382535464e-14,,0.0,11.202592583871457,11.202592583871457,2.2821376720595645,0.2211212387696097,0.32474434199993363,"{""3"": 10, ""4"": 9, ""2"": 11}",11.202592583871457,11.2025667810516,30.468595744323512,1e-05,True,40,development_isotonic_frozen
s1-i4,development,1,random_matched,dependency_cmi,8a4f20d215a3b9a1,"[[0, 1, 2, 3, 4, 5, 6, 7, 8, 9, 10, 11]]",2.2821376720595645,-0.0,0.0,-1.5123841382535464e-14,,0.0,11.202592583871457,11.202592583871457,2.2821376720595645,0.2211212387696097,0.32474434199993363,"{""3"": 10, ""4"": 9, ""2"": 11}",11.202592583871457,11.2025667810516,30.468595744323512,1e-05,True,40,development_isotonic_frozen
s1-i4,development,1,random_matched,min_within_batch_tc,8a4f20d215a3b9a1,"[[0, 1, 2, 3, 4, 5, 6, 7, 8, 9, 10, 11]]",2.2821376720595645,-0.0,0.0,-1.5123841382535464e-14,,0.0,11.202592583871457,11.202592583871457,2.2821376720595645,0.2211212387696097,0.32474434199993363,"{""3"": 10, ""4"": 9, ""2"": 11}",11.202592583871457,11.2025667810516,30.468595744323512,1e-05,True,40,development_isotonic_frozen
s1-i4,development,1,random_matched,dprm_myopic,8a4f20d215a3b9a1,"[[0, 1, 2, 3, 4, 5, 6, 7, 8, 9, 10, 11]]",2.2821376720595645,-0.0,0.0,-1.5123841382535464e-14,,0.0,11.202592583871457,11.202592583871457,2.2821376720595645,0.2211212387696097,0.32474434199993363,"{""3"": 10, ""4"": 9, ""2"": 11}",11.202592583871457,11.2025667810516,30.468595744323512,1e-05,True,40,development_isotonic_frozen
s1-i4,development,1,random_matched,dprm_rollout,8a4f20d215a3b9a1,"[[0, 1, 2, 3, 4, 5, 6, 7, 8, 9, 10, 11]]",2.2821376720595645,-0.0,0.0,-1.5123841382535464e-14,,0.0,11.202592583871457,11.202592583871457,2.2821376720595645,0.2211212387696097,0.32474434199993363,"{""3"": 10, ""4"": 9, ""2"": 11}",11.202592583871457,11.2025667810516,30.468595744323512,1e-05,True,40,development_isotonic_frozen
s1-i4,development,1,random_matched,subset_exact,8a4f20d215a3b9a1,"[[0, 1, 2, 3, 4, 5, 6, 7, 8, 9, 10, 11]]",2.2821376720595645,-0.0,0.0,-1.5123841382535464e-14,,0.0,11.202592583871457,11.202592583871457,2.2821376720595645,0.2211212387696097,0.32474434199993363,"{""3"": 10, ""4"": 9, ""2"": 11}",11.202592583871457,11.2025667810516,30.468595744323512,1e-05,True,40,development_isotonic_frozen
s1-i4,development,1,random_matched,subset_beam_8,8a4f20d215a3b9a1,"[[0, 1, 2, 3, 4, 5, 6, 7, 8, 9, 10, 11]]",2.2821376720595645,-0.0,0.0,-1.5123841382535464e-14,,0.0,11.202592583871457,11.202592583871457,2.2821376720595645,0.2211212387696097,0.32474434199993363,"{""3"": 10, ""4"": 9, ""2"": 11}",11.202592583871457,11.2025667810516,30.468595744323512,1e-05,True,40,development_isotonic_frozen
s1-i4,development,1,random_matched,subset_beam_32,8a4f20d215a3b9a1,"[[0, 1, 2, 3, 4, 5, 6, 7, 8, 9, 10, 11]]",2.2821376720595645,-0.0,0.0,-1.5123841382535464e-14,,0.0,11.202592583871457,11.202592583871457,2.2821376720595645,0.2211212387696097,0.32474434199993363,"{""3"": 10, ""4"": 9, ""2"": 11}",11.202592583871457,11.2025667810516,30.468595744323512,1e-05,True,40,development_isotonic_frozen
s1-i4,development,1,random_matched,saps_diagonal,8a4f20d215a3b9a1,"[[0, 1, 2, 3, 4, 5, 6, 7, 8, 9, 10, 11]]",2.2821376720595645,-0.0,0.0,-1.5123841382535464e-14,,0.0,11.202592583871457,11.202592583871457,2.2821376720595645,0.2211212387696097,0.32474434199993363,"{""3"": 10, ""4"": 9, ""2"": 11}",11.202592583871457,11.2025667810516,30.468595744323512,1e-05,True,40,development_isotonic_frozen
s1-i4,development,1,random_matched,p_saps_residualized,8a4f20d215a3b9a1,"[[0, 1, 2, 3, 4, 5, 6, 7, 8, 9, 10, 11]]",2.2821376720595645,-0.0,0.0,-1.5123841382535464e-14,,0.0,11.202592583871457,11.202592583871457,2.2821376720595645,0.2211212387696097,0.32474434199993363,"{""3"": 10, ""4"": 9, ""2"": 11}",11.202592583871457,11.2025667810516,30.468595744323512,1e-05,True,40,development_isotonic_frozen
s1-i4,development,1,random_matched,p_saps_projection,8a4f20d215a3b9a1,"[[0, 1, 2, 3, 4, 5, 6, 7, 8, 9, 10, 11]]",2.2821376720595645,-0.0,0.0,-1.5123841382535464e-14,,0.0,11.202592583871457,11.202592583871457,2.2821376720595645,0.2211212387696097,0.32474434199993363,"{""3"": 10, ""4"": 9, ""2"": 11}",11.202592583871457,11.2025667810516,30.468595744323512,1e-05,True,40,development_isotonic_frozen
s1-i4,development,1,random_matched,b_saps_budgeted,8a4f20d215a3b9a1,"[[0, 1, 2, 3, 4, 5, 6, 7, 8, 9, 10, 11]]",2.2821376720595645,-0.0,0.0,-1.5123841382535464e-14,,0.0,11.202592583871457,11.202592583871457,2.2821376720595645,0.2211212387696097,0.32474434199993363,"{""3"": 10, ""4"": 9, ""2"": 11}",11.202592583871457,11.2025667810516,30.468595744323512,1e-05,True,40,development_isotonic_frozen
s1-i4,development,1,random_matched,random_balanced,8a4f20d215a3b9a1,"[[0, 1, 2, 3, 4, 5, 6, 7, 8, 9, 10, 11]]",4.814453986849428,-0.0,0.0,-1.5123841382535464e-14,,0.0,11.202592583871457,11.202592583871457,4.814453986849428,1.2535069341588314,0.0,"{""3"": 10, ""4"": 9, ""2"": 11}",11.202592583871457,11.2025667810516,30.468595744323512,1e-05,True,40,development_isotonic_frozen
s1-i4,development,1,random_matched,confidence,8a4f20d215a3b9a1,"[[0, 1, 2, 3, 4, 5, 6, 7, 8, 9, 10, 11]]",4.814453986849428,-0.0,0.0,-1.5123841382535464e-14,,0.0,11.202592583871457,11.202592583871457,4.814453986849428,1.2535069341588314,0.0,"{""3"": 10, ""4"": 9, ""2"": 11}",11.202592583871457,11.2025667810516,30.468595744323512,1e-05,True,40,development_isotonic_frozen
s1-i4,development,1,random_matched,entropy,8a4f20d215a3b9a1,"[[0, 1, 2, 3, 4, 5, 6, 7, 8, 9, 10, 11]]",4.814453986849428,-0.0,0.0,-1.5123841382535464e-14,,0.0,11.202592583871457,11.202592583871457,4.814453986849428,1.2535069341588314,0.0,"{""3"": 10, ""4"": 9, ""2"": 11}",11.202592583871457,11.2025667810516,30.468595744323512,1e-05,True,40,development_isotonic_frozen
s1-i4,development,1,random_matched,dependency_cmi,8a4f20d215a3b9a1,"[[0, 1, 2, 3, 4, 5, 6, 7, 8, 9, 10, 11]]",4.814453986849428,-0.0,0.0,-1.5123841382535464e-14,,0.0,11.202592583871457,11.202592583871457,4.814453986849428,1.2535069341588314,0.0,"{""3"": 10, ""4"": 9, ""2"": 11}",11.202592583871457,11.2025667810516,30.468595744323512,1e-05,True,40,development_isotonic_frozen
s1-i4,development,1,random_matched,min_within_batch_tc,8a4f20d215a3b9a1,"[[0, 1, 2, 3, 4, 5, 6, 7, 8, 9, 10, 11]]",4.814453986849428,-0.0,0.0,-1.5123841382535464e-14,,0.0,11.202592583871457,11.202592583871457,4.814453986849428,1.2535069341588314,0.0,"{""3"": 10, ""4"": 9, ""2"": 11}",11.202592583871457,11.2025667810516,30.468595744323512,1e-05,True,40,development_isotonic_frozen
s1-i4,development,1,random_matched,dprm_myopic,8a4f20d215a3b9a1,"[[0, 1, 2, 3, 4, 5, 6, 7, 8, 9, 10, 11]]",4.814453986849428,-0.0,0.0,-1.5123841382535464e-14,,0.0,11.202592583871457,11.202592583871457,4.814453986849428,1.2535069341588314,0.0,"{""3"": 10, ""4"": 9, ""2"": 11}",11.202592583871457,11.2025667810516,30.468595744323512,1e-05,True,40,development_isotonic_frozen
s1-i4,development,1,random_matched,dprm_rollout,8a4f20d215a3b9a1,"[[0, 1, 2, 3, 4, 5, 6, 7, 8, 9, 10, 11]]",4.814453986849428,-0.0,0.0,-1.5123841382535464e-14,,0.0,11.202592583871457,11.202592583871457,4.814453986849428,1.2535069341588314,0.0,"{""3"": 10, ""4"": 9, ""2"": 11}",11.202592583871457,11.2025667810516,30.468595744323512,1e-05,True,40,development_isotonic_frozen
s1-i4,development,1,random_matched,subset_exact,8a4f20d215a3b9a1,"[[0, 1, 2, 3, 4, 5, 6, 7, 8, 9, 10, 11]]",4.814453986849428,-0.0,0.0,-1.5123841382535464e-14,,0.0,11.202592583871457,11.202592583871457,4.814453986849428,1.2535069341588314,0.0,"{""3"": 10, ""4"": 9, ""2"": 11}",11.202592583871457,11.2025667810516,30.468595744323512,1e-05,True,40,development_isotonic_frozen
s1-i4,development,1,random_matched,subset_beam_8,8a4f20d215a3b9a1,"[[0, 1, 2, 3, 4, 5, 6, 7, 8, 9, 10, 11]]",4.814453986849428,-0.0,0.0,-1.5123841382535464e-14,,0.0,11.202592583871457,11.202592583871457,4.814453986849428,1.2535069341588314,0.0,"{""3"": 10, ""4"": 9, ""2"": 11}",11.202592583871457,11.2025667810516,30.468595744323512,1e-05,True,40,development_isotonic_frozen
s1-i4,development,1,random_matched,subset_beam_32,8a4f20d215a3b9a1,"[[0, 1, 2, 3, 4, 5, 6, 7, 8, 9, 10, 11]]",4.814453986849428,-0.0,0.0,-1.5123841382535464e-14,,0.0,11.202592583871457,11.202592583871457,4.814453986849428,1.2535069341588314,0.0,"{""3"": 10, ""4"": 9, ""2"": 11}",11.202592583871457,11.2025667810516,30.468595744323512,1e-05,True,40,development_isotonic_frozen
s1-i4,development,1,random_matched,saps_diagonal,8a4f20d215a3b9a1,"[[0, 1, 2, 3, 4, 5, 6, 7, 8, 9, 10, 11]]",4.814453986849428,-0.0,0.0,-1.5123841382535464e-14,,0.0,11.202592583871457,11.202592583871457,4.814453986849428,1.2535069341588314,0.0,"{""3"": 10, ""4"": 9, ""2"": 11}",11.202592583871457,11.2025667810516,30.468595744323512,1e-05,True,40,development_isotonic_frozen
s1-i4,development,1,random_matched,p_saps_residualized,8a4f20d215a3b9a1,"[[0, 1, 2, 3, 4, 5, 6, 7, 8, 9, 10, 11]]",4.814453986849428,-0.0,0.0,-1.5123841382535464e-14,,0.0,11.202592583871457,11.202592583871457,4.814453986849428,1.2535069341588314,0.0,"{""3"": 10, ""4"": 9, ""2"": 11}",11.202592583871457,11.2025667810516,30.468595744323512,1e-05,True,40,development_isotonic_frozen
s1-i4,development,1,random_matched,p_saps_projection,8a4f20d215a3b9a1,"[[0, 1, 2, 3, 4, 5, 6, 7, 8, 9, 10, 11]]",4.814453986849428,-0.0,0.0,-1.5123841382535464e-14,,0.0,11.202592583871457,11.202592583871457,4.814453986849428,1.2535069341588314,0.0,"{""3"": 10, ""4"": 9, ""2"": 11}",11.202592583871457,11.2025667810516,30.468595744323512,1e-05,True,40,development_isotonic_frozen
s1-i4,development,1,random_matched,b_saps_budgeted,8a4f20d215a3b9a1,"[[0, 1, 2, 3, 4, 5, 6, 7, 8, 9, 10, 11]]",4.814453986849428,-0.0,0.0,-1.5123841382535464e-14,,0.0,11.202592583871457,11.202592583871457,4.814453986849428,1.2535069341588314,0.0,"{""3"": 10, ""4"": 9, ""2"": 11}",11.202592583871457,11.2025667810516,30.468595744323512,1e-05,True,40,development_isotonic_frozen
s1-i4,development,1,random_matched,random_balanced,8a4f20d215a3b9a1,"[[0, 1, 2, 3, 4, 5, 6, 7, 8, 9, 10, 11]]",6.7797492149574206,-0.0,0.0,-1.5123841382535464e-14,,0.0,11.202592583871457,11.202592583871457,6.7797492149574206,0.6134873812134803,-0.519297061494806,"{""3"": 10, ""4"": 9, ""2"": 11}",11.202592583871457,11.2025667810516,30.468595744323512,1e-05,True,40,development_isotonic_frozen
s1-i4,development,1,random_matched,confidence,8a4f20d215a3b9a1,"[[0, 1, 2, 3, 4, 5, 6, 7, 8, 9, 10, 11]]",6.7797492149574206,-0.0,0.0,-1.5123841382535464e-14,,0.0,11.202592583871457,11.202592583871457,6.7797492149574206,0.6134873812134803,-0.519297061494806,"{""3"": 10, ""4"": 9, ""2"": 11}",11.202592583871457,11.2025667810516,30.468595744323512,1e-05,True,40,development_isotonic_frozen
s1-i4,development,1,random_matched,entropy,8a4f20d215a3b9a1,"[[0, 1, 2, 3, 4, 5, 6, 7, 8, 9, 10, 11]]",6.7797492149574206,-0.0,0.0,-1.5123841382535464e-14,,0.0,11.202592583871457,11.202592583871457,6.7797492149574206,0.6134873812134803,-0.519297061494806,"{""3"": 10, ""4"": 9, ""2"": 11}",11.202592583871457,11.2025667810516,30.468595744323512,1e-05,True,40,development_isotonic_frozen
s1-i4,development,1,random_matched,dependency_cmi,8a4f20d215a3b9a1,"[[0, 1, 2, 3, 4, 5, 6, 7, 8, 9, 10, 11]]",6.7797492149574206,-0.0,0.0,-1.5123841382535464e-14,,0.0,11.202592583871457,11.202592583871457,6.7797492149574206,0.6134873812134803,-0.519297061494806,"{""3"": 10, ""4"": 9, ""2"": 11}",11.202592583871457,11.2025667810516,30.468595744323512,1e-05,True,40,development_isotonic_frozen
s1-i4,development,1,random_matched,min_within_batch_tc,8a4f20d215a3b9a1,"[[0, 1, 2, 3, 4, 5, 6, 7, 8, 9, 10, 11]]",6.7797492149574206,-0.0,0.0,-1.5123841382535464e-14,,0.0,11.202592583871457,11.202592583871457,6.7797492149574206,0.6134873812134803,-0.519297061494806,"{""3"": 10, ""4"": 9, ""2"": 11}",11.202592583871457,11.2025667810516,30.468595744323512,1e-05,True,40,development_isotonic_frozen
s1-i4,development,1,random_matched,dprm_myopic,8a4f20d215a3b9a1,"[[0, 1, 2, 3, 4, 5, 6, 7, 8, 9, 10, 11]]",6.7797492149574206,-0.0,0.0,-1.5123841382535464e-14,,0.0,11.202592583871457,11.202592583871457,6.7797492149574206,0.6134873812134803,-0.519297061494806,"{""3"": 10, ""4"": 9, ""2"": 11}",11.202592583871457,11.2025667810516,30.468595744323512,1e-05,True,40,development_isotonic_frozen
s1-i4,development,1,random_matched,dprm_rollout,8a4f20d215a3b9a1,"[[0, 1, 2, 3, 4, 5, 6, 7, 8, 9, 10, 11]]",6.7797492149574206,-0.0,0.0,-1.5123841382535464e-14,,0.0,11.202592583871457,11.202592583871457,6.7797492149574206,0.6134873812134803,-0.519297061494806,"{""3"": 10, ""4"": 9, ""2"": 11}",11.202592583871457,11.2025667810516,30.468595744323512,1e-05,True,40,development_isotonic_frozen
s1-i4,development,1,random_matched,subset_exact,8a4f20d215a3b9a1,"[[0, 1, 2, 3, 4, 5, 6, 7, 8, 9, 10, 11]]",6.7797492149574206,-0.0,0.0,-1.5123841382535464e-14,,0.0,11.202592583871457,11.202592583871457,6.7797492149574206,0.6134873812134803,-0.519297061494806,"{""3"": 10, ""4"": 9, ""2"": 11}",11.202592583871457,11.2025667810516,30.468595744323512,1e-05,True,40,development_isotonic_frozen
s1-i4,development,1,random_matched,subset_beam_8,8a4f20d215a3b9a1,"[[0, 1, 2, 3, 4, 5, 6, 7, 8, 9, 10, 11]]",6.7797492149574206,-0.0,0.0,-1.5123841382535464e-14,,0.0,11.202592583871457,11.202592583871457,6.7797492149574206,0.6134873812134803,-0.519297061494806,"{""3"": 10, ""4"": 9, ""2"": 11}",11.202592583871457,11.2025667810516,30.468595744323512,1e-05,True,40,development_isotonic_frozen
s1-i4,development,1,random_matched,subset_beam_32,8a4f20d215a3b9a1,"[[0, 1, 2, 3, 4, 5, 6, 7, 8, 9, 10, 11]]",6.7797492149574206,-0.0,0.0,-1.5123841382535464e-14,,0.0,11.202592583871457,11.202592583871457,6.7797492149574206,0.6134873812134803,-0.519297061494806,"{""3"": 10, ""4"": 9, ""2"": 11}",11.202592583871457,11.2025667810516,30.468595744323512,1e-05,True,40,development_isotonic_frozen
s1-i4,development,1,random_matched,saps_diagonal,8a4f20d215a3b9a1,"[[0, 1, 2, 3, 4, 5, 6, 7, 8, 9, 10, 11]]",6.7797492149574206,-0.0,0.0,-1.5123841382535464e-14,,0.0,11.202592583871457,11.202592583871457,6.7797492149574206,0.6134873812134803,-0.519297061494806,"{""3"": 10, ""4"": 9, ""2"": 11}",11.202592583871457,11.2025667810516,30.468595744323512,1e-05,True,40,development_isotonic_frozen
s1-i4,development,1,random_matched,p_saps_residualized,8a4f20d215a3b9a1,"[[0, 1, 2, 3, 4, 5, 6, 7, 8, 9, 10, 11]]",6.7797492149574206,-0.0,0.0,-1.5123841382535464e-14,,0.0,11.202592583871457,11.202592583871457,6.7797492149574206,0.6134873812134803,-0.519297061494806,"{""3"": 10, ""4"": 9, ""2"": 11}",11.202592583871457,11.2025667810516,30.468595744323512,1e-05,True,40,development_isotonic_frozen
s1-i4,development,1,random_matched,p_saps_projection,8a4f20d215a3b9a1,"[[0, 1, 2, 3, 4, 5, 6, 7, 8, 9, 10, 11]]",6.7797492149574206,-0.0,0.0,-1.5123841382535464e-14,,0.0,11.202592583871457,11.202592583871457,6.7797492149574206,0.6134873812134803,-0.519297061494806,"{""3"": 10, ""4"": 9, ""2"": 11}",11.202592583871457,11.2025667810516,30.468595744323512,1e-05,True,40,development_isotonic_frozen
s1-i4,development,1,random_matched,b_saps_budgeted,8a4f20d215a3b9a1,"[[0, 1, 2, 3, 4, 5, 6, 7, 8, 9, 10, 11]]",6.7797492149574206,-0.0,0.0,-1.5123841382535464e-14,,0.0,11.202592583871457,11.202592583871457,6.7797492149574206,0.6134873812134803,-0.519297061494806,"{""3"": 10, ""4"": 9, ""2"": 11}",11.202592583871457,11.2025667810516,30.468595744323512,1e-05,True,40,development_isotonic_frozen
s1-i4,development,1,random_matched,random_balanced,254be392be5bb613,"[[0, 1, 3, 4, 5, 9], [2, 6, 7, 8, 10, 11]]",4.018049847894572,-0.25058112883975475,0.5711197435602822,-5.400972437421505e-15,,16.0,10.651089576451579,10.651089576451579,3.9623009740234996,0.5871280332072732,0.32474434199993363,"{""1"": 16, ""3"": 4, ""2"": 9, ""4"": 1}",10.651089576451579,10.650915512124858,26.149386905702055,1e-05,True,40,development_isotonic_frozen
s1-i4,development,1,random_matched,confidence,b2caa504bb6a6458,"[[0, 2, 4, 5, 7, 10], [1, 3, 6, 8, 9, 11]]",4.018049847894572,-0.21585790035398325,0.6049953285294586,-6.383211247582394e-15,,9.0,11.511219254098997,11.511219254098997,3.8458037870513238,0.42359664159158217,0.32474434199993363,"{""3"": 5, ""1"": 9, ""2"": 15, ""4"": 1}",11.511219254098997,11.511158129886187,23.458011528876604,1e-05,True,40,development_isotonic_frozen
s1-i4,development,1,random_matched,entropy,1e2fb8ad3bd5f166,"[[0, 3, 4, 5, 7, 10], [1, 2, 6, 8, 9, 11]]",4.018049847894572,-0.21825540959082815,0.6109653002444086,-6.296111767520153e-15,,11.0,11.370098782264899,11.370098782264899,4.182994676879483,0.177785872518598,-1.9352621227985691,"{""1"": 11, ""4"": 3, ""2"": 16}",11.370098782264899,11.370054310782953,21.909097873403702,1e-05,True,40,development_isotonic_frozen
s1-i4,development,1,random_matched,dependency_cmi,e3039c3bd20abe08,"[[0, 2, 4, 6, 8, 9], [1, 3, 5, 7, 10, 11]]",4.018049847894572,-0.27754600904931176,0.5235945448999889,-6.2457138010028824e-15,,11.0,12.570302188714857,12.570302188714857,4.201445683512035,0.24728525396514212,0.32474434199993363,"{""1"": 11, ""2"": 16, ""3"": 3}",12.570302188714857,12.570190272217861,21.60118186091125,1e-05,True,40,development_isotonic_frozen
s1-i4,development,1,random_matched,min_within_batch_tc,e3039c3bd20abe08,"[[0, 2, 4, 6, 8, 9], [1, 3, 5, 7, 10, 11]]",4.018049847894572,-0.27754600904931176,0.5235945448999889,-6.2457138010028824e-15,,11.0,12.570302188714857,12.570302188714857,4.201445683512035,0.24728525396514212,0.32474434199993363,"{""1"": 11, ""2"": 16, ""3"": 3}",12.570302188714857,12.570190272217861,21.60118186091125,1e-05,True,40,development_isotonic_frozen
s1-i4,development,1,random_matched,dprm_myopic,a68ae1c1d189a2b0,"[[2, 3, 4, 5, 9, 10], [0, 1, 6, 7, 8, 11]]",4.018049847894572,-0.25133317911338077,0.5715257784922055,-6.242844616264615e-15,,12.0,12.09448797684229,12.09448797684229,4.195295347967852,0.2971237756046995,0.32474434199993363,"{""1"": 12, ""2"": 15, ""3"": 2, ""4"": 1}",12.09448797684229,12.09440747214922,23.342301184559624,1e-05,True,40,development_isotonic_frozen
s1-i4,development,1,random_matched,dprm_rollout,4414f6709b633355,"[[0, 1, 2, 5, 10, 11], [3, 4, 6, 7, 8, 9]]",4.018049847894572,-0.26140869626458557,0.5514898853197275,-5.580758407227989e-15,,9.0,12.505264047902006,12.505264047902006,3.5024625616789797,0.6859411972505689,0.32474434199993363,"{""3"": 9, ""2"": 12, ""1"": 9}",12.505264047902006,12.505126746198016,26.49623282812221,1e-05,True,40,development_isotonic_frozen
s1-i4,development,1,random_matched,subset_exact,1108b926ad52f086,"[[0, 1, 5, 6, 8, 11], [2, 3, 4, 7, 9, 10]]",4.018049847894572,-0.2910397277251084,0.5090685727036233,-6.536544295617198e-15,,10.0,11.589580321281797,11.589580321281797,3.735456935623332,0.5231337460368242,4.747345090894979,"{""1"": 10, ""3"": 7, ""2"": 13}",11.589580321281797,11.589521033685827,24.020793107033896,1e-05,True,40,development_isotonic_frozen
s1-i4,development,1,random_matched,subset_beam_8,b62fd84fcb42c169,"[[0, 1, 2, 3, 5, 6], [4, 7, 8, 9, 10, 11]]",4.018049847894572,-0.2575534215570305,0.5559542795619672,-9.500711957921158e-15,,13.0,11.898252338380239,11.898252338380239,3.8458037870513238,0.49439332048012397,2.260006464798503,"{""3"": 5, ""2"": 11, ""1"": 13, ""4"": 1}",11.898252338380239,11.898189049732753,25.855001014731663,1e-05,True,40,development_isotonic_frozen
s1-i4,development,1,random_matched,subset_beam_32,1108b926ad52f086,"[[0, 1, 5, 6, 8, 11], [2, 3, 4, 7, 9, 10]]",4.018049847894572,-0.2910397277251084,0.5090685727036233,-6.536544295617198e-15,,10.0,11.589580321281797,11.589580321281797,3.735456935623332,0.5231337460368242,4.747345090894979,"{""1"": 10, ""3"": 7, ""2"": 13}",11.589580321281797,11.589521033685827,24.020793107033896,1e-05,True,40,development_isotonic_frozen
s1-i4,development,1,random_matched,saps_diagonal,c70396203a685d09,"[[0, 1, 3, 4, 5, 7], [2, 6, 8, 9, 10, 11]]",4.018049847894572,-0.2296000328117065,0.5917709426623615,-7.846426952582136e-15,,18.0,12.478982805936862,12.478982805936862,4.201445683512035,0.3270829068704761,-1.9352621227985691,"{""1"": 18, ""3"": 3, ""2"": 9}",12.478982805936862,12.478918750933616,19.573007624547323,1e-05,True,40,development_isotonic_frozen
s1-i4,development,1,random_matched,p_saps_residualized,7cbf12640334f270,"[[3, 4, 5, 6, 7, 9], [0, 1, 2, 8, 10, 11]]",4.018049847894572,-0.26391487173476696,0.5544466013472977,-5.9782691387376894e-15,,15.0,12.603662888364417,12.603662888364417,3.8458037870513238,0.6712085320944923,0.32474434199993363,"{""2"": 9, ""1"": 15, ""3"": 5, ""4"": 1}",12.603662888364417,12.603611666855988,18.240883260657913,1e-05,True,80,development_isotonic_frozen
s1-i4,development,1,random_matched,p_saps_projection,7cbf12640334f270,"[[3, 4, 5, 6, 7, 9], [0, 1, 2, 8, 10, 11]]",4.018049847894572,-0.26391487173476696,0.5544466013472977,-5.9782691387376894e-15,,15.0,12.603662888364417,12.603662888364417,3.8458037870513238,0.6712085320944923,0.32474434199993363,"{""2"": 9, ""1"": 15, ""3"": 5, ""4"": 1}",12.603662888364417,12.603611666855988,18.240883260657913,1e-05,True,640,development_isotonic_frozen
s1-i4,development,1,random_matched,b_saps_budgeted,1db85951ab9db34b,"[[1, 2, 3, 4, 9, 10], [0, 5, 6, 7, 8, 11]]",4.018049847894572,-0.267671410017942,0.5531739633548044,-7.173270492587781e-15,,12.0,9.979785458247473,9.979785458247473,4.550937244428563,0.25077543929566204,0.32474434199993363,"{""2"": 18, ""1"": 12}",9.979785458247473,9.979620101204016,22.422513353431384,1e-05,True,40,development_isotonic_frozen
s1-i4,development,1,random_matched,random_balanced,254be392be5bb613,"[[0, 1, 3, 4, 5, 9], [2, 6, 7, 8, 10, 11]]",8.150014530074086,-0.25058112883975475,0.5711197435602822,-5.400972437421505e-15,,16.0,10.651089576451579,10.651089576451579,8.04512268909218,1.06317975527173,5.209506565724933,"{""1"": 16, ""3"": 4, ""2"": 9, ""4"": 1}",10.651089576451579,10.650915512124858,26.149386905702055,1e-05,True,40,development_isotonic_frozen
s1-i4,development,1,random_matched,confidence,b2caa504bb6a6458,"[[0, 2, 4, 5, 7, 10], [1, 3, 6, 8, 9, 11]]",8.150014530074086,-0.21585790035398325,0.6049953285294586,-6.383211247582394e-15,,9.0,11.511219254098997,11.511219254098997,7.814360638931983,1.2462661907880188,3.69820764630188,"{""3"": 5, ""1"": 9, ""2"": 15, ""4"": 1}",11.511219254098997,11.511158129886187,23.458011528876604,1e-05,True,40,development_isotonic_frozen
s1-i4,development,1,random_matched,entropy,1e2fb8ad3bd5f166,"[[0, 3, 4, 5, 7, 10], [1, 2, 6, 8, 9, 11]]",8.150014530074086,-0.21825540959082815,0.6109653002444086,-6.296111767520153e-15,,11.0,11.370098782264899,11.370098782264899,8.506646789412573,0.41694791091314604,0.0,"{""1"": 11, ""4"": 3, ""2"": 16}",11.370098782264899,11.370054310782953,21.909097873403702,1e-05,True,40,development_isotonic_frozen
s1-i4,development,1,random_matched,dependency_cmi,e3039c3bd20abe08,"[[0, 2, 4, 6, 8, 9], [1, 3, 5, 7, 10, 11]]",8.150014530074086,-0.27754600904931176,0.5235945448999889,-6.2457138010028824e-15,,11.0,12.570302188714857,12.570302188714857,8.506646789412573,0.3980842038375895,4.387701282429807,"{""1"": 11, ""2"": 16, ""3"": 3}",12.570302188714857,12.570190272217861,21.60118186091125,1e-05,True,40,development_isotonic_frozen
s1-i4,development,1,random_matched,min_within_batch_tc,e3039c3bd20abe08,"[[0, 2, 4, 6, 8, 9], [1, 3, 5, 7, 10, 11]]",8.150014530074086,-0.27754600904931176,0.5235945448999889,-6.2457138010028824e-15,,11.0,12.570302188714857,12.570302188714857,8.506646789412573,0.3980842038375895,4.387701282429807,"{""1"": 11, ""2"": 16, ""3"": 3}",12.570302188714857,12.570190272217861,21.60118186091125,1e-05,True,40,development_isotonic_frozen
s1-i4,development,1,random_matched,dprm_myopic,a68ae1c1d189a2b0,"[[2, 3, 4, 5, 9, 10], [0, 1, 6, 7, 8, 11]]",8.150014530074086,-0.25133317911338077,0.5715257784922055,-6.242844616264615e-15,,12.0,12.09448797684229,12.09448797684229,8.506646789412573,1.1077227686962634,2.260006464798503,"{""1"": 12, ""2"": 15, ""3"": 2, ""4"": 1}",12.09448797684229,12.09440747214922,23.342301184559624,1e-05,True,40,development_isotonic_frozen
s1-i4,development,1,random_matched,dprm_rollout,8fa593819e06a8a1,"[[1, 2, 5, 7, 8, 9], [0, 3, 4, 6, 10, 11]]",8.150014530074086,-0.2865020227692399,0.5109618215780438,-5.986330032361691e-15,,11.0,15.288287571004368,15.288287571004368,8.04512268909218,0.9888000412745395,7.83323628763325,"{""1"": 11, ""4"": 2, ""2"": 14, ""3"": 3}",15.288287571004368,15.288238316385106,20.678885939694787,1e-05,True,40,development_isotonic_frozen
s1-i4,development,1,random_matched,subset_exact,c9f2cb1adf5005cf,"[[0, 1, 3, 5, 8, 11], [2, 4, 6, 7, 9, 10]]",8.150014530074086,-0.2838674981600608,0.519909609248912,-5.7792534862281866e-15,,13.0,12.426983708392704,12.426983708392704,8.04512268909218,0.5171623180876097,9.982528706422785,"{""1"": 13, ""2"": 12, ""3"": 4, ""4"": 1}",12.426983708392704,12.42684781302679,25.900830261984687,1e-05,True,40,development_isotonic_frozen
s1-i4,development,1,random_matched,subset_beam_8,abbba7608b672da9,"[[0, 1, 3, 5, 8, 9], [2, 4, 6, 7, 10, 11]]",8.150014530074086,-0.27987327821516134,0.5287574139017549,-5.035642931697299e-15,,16.0,13.673520686853264,13.673520686853264,7.814360638931983,0.4748442933427231,9.271437469136627,"{""1"": 16, ""2"": 8, ""3"": 5, ""4"": 1}",13.673520686853264,13.673274518383458,25.941151123876132,1e-05,True,40,development_isotonic_frozen
s1-i4,development,1,random_matched,subset_beam_32,c9f2cb1adf5005cf,"[[0, 1, 3, 5, 8, 11], [2, 4, 6, 7, 9, 10]]",8.150014530074086,-0.2838674981600608,0.519909609248912,-5.7792534862281866e-15,,13.0,12.426983708392704,12.426983708392704,8.04512268909218,0.5171623180876097,9.982528706422785,"{""1"": 13, ""2"": 12, ""3"": 4, ""4"": 1}",12.426983708392704,12.42684781302679,25.900830261984687,1e-05,True,40,development_isotonic_frozen
s1-i4,development,1,random_matched,saps_diagonal,c70396203a685d09,"[[0, 1, 3, 4, 5, 7], [2, 6, 8, 9, 10, 11]]",8.150014530074086,-0.2296000328117065,0.5917709426623615,-7.846426952582136e-15,,18.0,12.478982805936862,12.478982805936862,8.506646789412573,0.7601611713862537,4.387701282429807,"{""1"": 18, ""3"": 3, ""2"": 9}",12.478982805936862,12.478918750933616,19.573007624547323,1e-05,True,40,development_isotonic_frozen
s1-i4,development,1,random_matched,p_saps_residualized,7cbf12640334f270,"[[3, 4, 5, 6, 7, 9], [0, 1, 2, 8, 10, 11]]",8.150014530074086,-0.26391487173476696,0.5544466013472977,-5.9782691387376894e-15,,15.0,12.603662888364417,12.603662888364417,7.814360638931983,0.854138475828069,-0.5750018520654656,"{""2"": 9, ""1"": 15, ""3"": 5, ""4"": 1}",12.603662888364417,12.603611666855988,18.240883260657913,1e-05,True,80,development_isotonic_frozen
s1-i4,development,1,random_matched,p_saps_projection,7cbf12640334f270,"[[3, 4, 5, 6, 7, 9], [0, 1, 2, 8, 10, 11]]",8.150014530074086,-0.26391487173476696,0.5544466013472977,-5.9782691387376894e-15,,15.0,12.603662888364417,12.603662888364417,7.814360638931983,0.854138475828069,-0.5750018520654656,"{""2"": 9, ""1"": 15, ""3"": 5, ""4"": 1}",12.603662888364417,12.603611666855988,18.240883260657913,1e-05,True,640,development_isotonic_frozen
s1-i4,development,1,random_matched,b_saps_budgeted,1db85951ab9db34b,"[[1, 2, 3, 4, 9, 10], [0, 5, 6, 7, 8, 11]]",8.150014530074086,-0.267671410017942,0.5531739633548044,-7.173270492587781e-15,,12.0,9.979785458247473,9.979785458247473,9.198932939893162,1.6159891947332299,2.367264811796291,"{""2"": 18, ""1"": 12}",9.979785458247473,9.979620101204016,22.422513353431384,1e-05,True,40,development_isotonic_frozen
s1-i4,development,1,random_matched,random_balanced,254be392be5bb613,"[[0, 1, 3, 4, 5, 9], [2, 6, 7, 8, 10, 11]]",11.572439438933237,-0.25058112883975475,0.5711197435602822,-5.400972437421505e-15,,16.0,10.651089576451579,10.651089576451579,11.421725909877393,1.6444144502340274,-1.445463791451564,"{""1"": 16, ""3"": 4, ""2"": 9, ""4"": 1}",10.651089576451579,10.650915512124858,26.149386905702055,1e-05,True,40,development_isotonic_frozen
s1-i4,development,1,random_matched,confidence,b2caa504bb6a6458,"[[0, 2, 4, 5, 7, 10], [1, 3, 6, 8, 9, 11]]",11.572439438933237,-0.21585790035398325,0.6049953285294586,-6.383211247582394e-15,,9.0,11.511219254098997,11.511219254098997,11.090156145954538,1.8511460108341613,0.0,"{""3"": 5, ""1"": 9, ""2"": 15, ""4"": 1}",11.511219254098997,11.511158129886187,23.458011528876604,1e-05,True,40,development_isotonic_frozen
s1-i4,development,1,random_matched,entropy,1e2fb8ad3bd5f166,"[[0, 3, 4, 5, 7, 10], [1, 2, 6, 8, 9, 11]]",11.572439438933237,-0.21825540959082815,0.6109653002444086,-6.296111767520153e-15,,11.0,11.370098782264899,11.370098782264899,12.084865437723105,1.6210487983060555,-0.7667608284657028,"{""1"": 11, ""4"": 3, ""2"": 16}",11.370098782264899,11.370054310782953,21.909097873403702,1e-05,True,40,development_isotonic_frozen
s1-i4,development,1,random_matched,dependency_cmi,e3039c3bd20abe08,"[[0, 2, 4, 6, 8, 9], [1, 3, 5, 7, 10, 11]]",11.572439438933237,-0.27754600904931176,0.5235945448999889,-6.2457138010028824e-15,,11.0,12.570302188714857,12.570302188714857,12.084865437723105,1.4455341136886206,-1.195486143183244,"{""1"": 11, ""2"": 16, ""3"": 3}",12.570302188714857,12.570190272217861,21.60118186091125,1e-05,True,40,development_isotonic_frozen
s1-i4,development,1,random_matched,min_within_batch_tc,e3039c3bd20abe08,"[[0, 2, 4, 6, 8, 9], [1, 3, 5, 7, 10, 11]]",11.572439438933237,-0.27754600904931176,0.5235945448999889,-6.2457138010028824e-15,,11.0,12.570302188714857,12.570302188714857,12.084865437723105,1.4455341136886206,-1.195486143183244,"{""1"": 11, ""2"": 16, ""3"": 3}",12.570302188714857,12.570190272217861,21.60118186091125,1e-05,True,40,development_isotonic_frozen
s1-i4,development,1,random_matched,dprm_myopic,a68ae1c1d189a2b0,"[[2, 3, 4, 5, 9, 10], [0, 1, 6, 7, 8, 11]]",11.572439438933237,-0.25133317911338077,0.5715257784922055,-6.242844616264615e-15,,12.0,12.09448797684229,12.09448797684229,12.084865437723105,2.46224423573198,-1.7866245225019721,"{""1"": 12, ""2"": 15, ""3"": 2, ""4"": 1}",12.09448797684229,12.09440747214922,23.342301184559624,1e-05,True,40,development_isotonic_frozen
s1-i4,development,1,random_matched,dprm_rollout,01bc1d7851cb9f78,"[[0, 1, 3, 5, 6, 10], [2, 4, 7, 8, 9, 11]]",11.572439438933237,-0.251471048033956,0.5751250939178988,-6.744014102437527e-15,,9.0,10.96986985136762,10.96986985136762,12.416435201645958,3.76551978168317,-1.2351446555496302,"{""1"": 9, ""2"": 19, ""3"": 2}",10.96986985136762,10.969750015578452,25.810183694963328,1e-05,True,40,development_isotonic_frozen
s1-i4,development,1,random_matched,subset_exact,0841a209ed0d2afa,"[[4, 6, 7, 8, 9, 11], [0, 1, 2, 3, 5, 10]]",11.572439438933237,-0.3084771591096022,0.489232622577668,-5.997963858033117e-15,,13.0,9.40950395486054,9.40950395486054,12.084865437723105,0.2643180491790658,2.5529647255702317,"{""3"": 3, ""1"": 13, ""2"": 14}",9.40950395486054,9.40940162571837,21.902106362096934,1e-05,True,40,development_isotonic_frozen
s1-i4,development,1,random_matched,subset_beam_8,19ea63241c7a1287,"[[0, 2, 6, 7, 8, 10], [1, 3, 4, 5, 9, 11]]",11.572439438933237,-0.26579576973803964,0.5394336621293069,-6.423738199123856e-15,,15.0,10.493523929325638,10.493523929325638,11.753295673800249,0.7146103424005262,1.65898080107101,"{""1"": 15, ""2"": 11, ""3"": 3, ""4"": 1}",10.493523929325638,10.4934429925185,23.843887232214897,1e-05,True,40,development_isotonic_frozen
s1-i4,development,1,random_matched,subset_beam_32,0841a209ed0d2afa,"[[4, 6, 7, 8, 9, 11], [0, 1, 2, 3, 5, 10]]",11.572439438933237,-0.3084771591096022,0.489232622577668,-5.997963858033117e-15,,13.0,9.40950395486054,9.40950395486054,12.084865437723105,0.2643180491790658,2.5529647255702317,"{""3"": 3, ""1"": 13, ""2"": 14}",9.40950395486054,9.40940162571837,21.902106362096934,1e-05,True,40,development_isotonic_frozen
s1-i4,development,1,random_matched,saps_diagonal,c70396203a685d09,"[[0, 1, 3, 4, 5, 7], [2, 6, 8, 9, 10, 11]]",11.572439438933237,-0.2296000328117065,0.5917709426623615,-7.846426952582136e-15,,18.0,12.478982805936862,12.478982805936862,12.084865437723105,1.328596090700989,-0.893983924499222,"{""1"": 18, ""3"": 3, ""2"": 9}",12.478982805936862,12.478918750933616,19.573007624547323,1e-05,True,40,development_isotonic_frozen
s1-i4,development,1,random_matched,p_saps_residualized,7cbf12640334f270,"[[3, 4, 5, 6, 7, 9], [0, 1, 2, 8, 10, 11]]",11.572439438933237,-0.26391487173476696,0.5544466013472977,-5.9782691387376894e-15,,15.0,12.603662888364417,12.603662888364417,11.090156145954538,1.516180099568098,0.7544747101609608,"{""2"": 9, ""1"": 15, ""3"": 5, ""4"": 1}",12.603662888364417,12.603611666855988,18.240883260657913,1e-05,True,80,development_isotonic_frozen
s1-i4,development,1,random_matched,p_saps_projection,7cbf12640334f270,"[[3, 4, 5, 6, 7, 9], [0, 1, 2, 8, 10, 11]]",11.572439438933237,-0.26391487173476696,0.5544466013472977,-5.9782691387376894e-15,,15.0,12.603662888364417,12.603662888364417,11.090156145954538,1.516180099568098,0.7544747101609608,"{""2"": 9, ""1"": 15, ""3"": 5, ""4"": 1}",12.603662888364417,12.603611666855988,18.240883260657913,1e-05,True,640,development_isotonic_frozen
s1-i4,development,1,random_matched,b_saps_budgeted,1db85951ab9db34b,"[[1, 2, 3, 4, 9, 10], [0, 5, 6, 7, 8, 11]]",11.572439438933237,-0.267671410017942,0.5531739633548044,-7.173270492587781e-15,,12.0,9.979785458247473,9.979785458247473,13.07957472949167,3.1543729734583588,0.38520902941524326,"{""2"": 18, ""1"": 12}",9.979785458247473,9.979620101204016,22.422513353431384,1e-05,True,40,development_isotonic_frozen
s1-i4,development,1,random_matched,random_balanced,e4b54f2e19edb458,"[[1, 4, 5, 9], [0, 3, 10, 11], [2, 6, 7, 8]]",4.379033187130767,-0.5266839446834614,1.1141157053978625,-3.16096315352884e-15,,17.0,9.41502452588242,9.41502452588242,4.201445683512035,0.20053445083100147,0.32474434199993363,"{""1"": 17, ""3"": 3, ""2"": 10}",9.41502452588242,9.414951129558867,17.525578561543384,1e-05,True,40,development_isotonic_frozen
s1-i4,development,1,random_matched,confidence,a2b1cb64c9737370,"[[0, 4, 5, 10], [1, 2, 3, 7], [6, 8, 9, 11]]",4.379033187130767,-0.44244597934619606,1.2089743835063895,-3.989459902475939e-15,,20.0,10.24638027463517,10.24638027463517,4.550937244428563,0.16711624244975395,0.32474434199993363,"{""1"": 20, ""2"": 10}",10.24638027463517,10.246311387706978,20.248160460856713,1e-05,True,40,development_isotonic_frozen
s1-i4,development,1,random_matched,entropy,a2b1cb64c9737370,"[[0, 4, 5, 10], [1, 2, 3, 7], [6, 8, 9, 11]]",4.379033187130767,-0.44244597934619606,1.2089743835063895,-3.989459902475939e-15,,20.0,10.24638027463517,10.24638027463517,4.550937244428563,0.16711624244975395,0.32474434199993363,"{""1"": 20, ""2"": 10}",10.24638027463517,10.246311387706978,20.248160460856713,1e-05,True,40,development_isotonic_frozen
s1-i4,development,1,random_matched,dependency_cmi,b89c14573ab8dd29,"[[0, 2, 4, 9], [3, 6, 8, 10], [1, 5, 7, 11]]",4.379033187130767,-0.5278584958749456,1.0955803741310322,-3.2562018796418595e-15,,21.0,11.103192369665155,11.103192369665155,4.434440057456388,0.7730249585801829,0.32474434199993363,"{""1"": 21, ""2"": 8, ""3"": 1}",11.103192369665155,11.102951393836591,18.925462862511463,1e-05,True,40,development_isotonic_frozen
s1-i4,development,1,random_matched,min_within_batch_tc,8b3d14ea1992840b,"[[0, 2, 4, 5], [3, 6, 8, 11], [1, 7, 9, 10]]",4.379033187130767,-0.4978724506049373,1.1179067960055462,-4.6400032909201974e-15,,20.0,9.995877305408946,9.995877305408946,4.08494849653986,0.22431309603628924,0.32474434199993363,"{""3"": 4, ""1"": 20, ""2"": 6}",9.995877305408946,9.995811129154752,18.722913941747667,1e-05,True,40,development_isotonic_frozen
s1-i4,development,1,random_matched,dprm_myopic,10027c0318e00c68,"[[2, 5, 9, 10], [0, 1, 3, 4], [6, 7, 8, 11]]",4.379033187130767,-0.5087476554330669,1.1318634684647761,-4.730533995330452e-15,,19.0,11.66486757914268,11.66486757914268,4.434440057456388,0.1816769413255167,0.32474434199993363,"{""1"": 19, ""3"": 1, ""2"": 10}",11.66486757914268,11.664542582915448,17.207279412991824,1e-05,True,40,development_isotonic_frozen
s1-i4,development,1,random_matched,dprm_rollout,dd73ccaf5bb8e9e8,"[[1, 2, 5, 11], [0, 3, 4, 10], [6, 7, 8, 9]]",4.379033187130767,-0.528080718543744,1.0949735015770432,-2.9429217056067107e-15,,14.0,13.45310897172683,13.45310897172683,4.428289721912203,0.06706167710725071,0.32474434199993363,"{""1"": 14, ""4"": 1, ""2"": 15}",13.45310897172683,13.453013459314747,19.538286861492583,1e-05,True,40,development_isotonic_frozen
s1-i4,development,1,random_matched,subset_exact,91c5f1b38344d29a,"[[0, 1, 3, 8], [2, 4, 5, 10], [6, 7, 9, 11]]",4.379033187130767,-0.5136055812252197,1.109717260598283,-4.187080482670898e-15,,16.0,10.84215150791126,10.84215150791126,4.434440057456388,0.007724139686833462,4.747345090894979,"{""2"": 13, ""1"": 16, ""3"": 1}",10.84215150791126,10.842002940807774,18.94934026924363,1e-05,True,40,development_isotonic_frozen
s1-i4,development,1,random_matched,subset_beam_8,91c5f1b38344d29a,"[[0, 1, 3, 8], [2, 4, 5, 10], [6, 7, 9, 11]]",4.379033187130767,-0.5136055812252197,1.109717260598283,-4.187080482670898e-15,,16.0,10.84215150791126,10.84215150791126,4.434440057456388,0.007724139686833462,4.747345090894979,"{""2"": 13, ""1"": 16, ""3"": 1}",10.84215150791126,10.842002940807774,18.94934026924363,1e-05,True,40,development_isotonic_frozen
s1-i4,development,1,random_matched,subset_beam_32,91c5f1b38344d29a,"[[0, 1, 3, 8], [2, 4, 5, 10], [6, 7, 9, 11]]",4.379033187130767,-0.5136055812252197,1.109717260598283,-4.187080482670898e-15,,16.0,10.84215150791126,10.84215150791126,4.434440057456388,0.007724139686833462,4.747345090894979,"{""2"": 13, ""1"": 16, ""3"": 1}",10.84215150791126,10.842002940807774,18.94934026924363,1e-05,True,40,development_isotonic_frozen
s1-i4,development,1,random_matched,saps_diagonal,6d924c6400c871de,"[[1, 3, 5, 9], [0, 4, 7, 11], [2, 6, 8, 10]]",4.379033187130767,-0.5474066379796508,1.08389466856955,-2.6056058187767995e-15,,24.0,6.135193518917905,6.135193518917905,4.434440057456388,0.7372348086821966,0.32474434199993363,"{""1"": 24, ""3"": 1, ""2"": 5}",6.135193518917905,6.135150828982445,16.02495807246266,1e-05,True,40,development_isotonic_frozen
s1-i4,development,1,random_matched,p_saps_residualized,e8febffbf17f4e5a,"[[0, 4, 9, 11], [1, 5, 6, 10], [2, 3, 7, 8]]",4.379033187130767,-0.5494781285323252,1.0812219611039668,-4.754290040001156e-15,,22.0,7.068036725927724,7.068036725927724,4.317942870484211,0.31086423049320056,0.32474434199993363,"{""1"": 22, ""2"": 6, ""3"": 2}",7.068036725927724,7.067985083343677,19.303202169266083,1e-05,True,80,development_isotonic_frozen
s1-i4,development,1,random_matched,p_saps_projection,7de8d536d3575357,"[[0, 2, 4, 6], [1, 5, 7, 10], [3, 8, 9, 11]]",4.379033187130767,-0.476346302442968,1.1557631958635444,-5.418725149702915e-15,,20.0,14.807142790614828,14.807142790614828,4.317942870484211,0.36923710322703407,0.32474434199993363,"{""1"": 20, ""2"": 8, ""3"": 2}",14.807142790614828,14.806856006656806,20.010164264495092,1e-05,True,640,development_isotonic_frozen
s1-i4,development,1,random_matched,b_saps_budgeted,771299d7c70f2876,"[[1, 4, 5, 9], [0, 3, 6, 11], [2, 7, 8, 10]]",4.379033187130767,-0.5423360570084285,1.0900738262115919,-2.9562223530630397e-15,,19.0,8.781885306969556,8.781885306969556,4.550937244428563,0.38819106302011547,0.32474434199993363,"{""1"": 19, ""2"": 11}",8.781885306969556,8.78180855330439,15.799880940450032,1e-05,True,40,development_isotonic_frozen
s1-i4,development,1,random_matched,random_balanced,e4b54f2e19edb458,"[[1, 4, 5, 9], [0, 3, 10, 11], [2, 6, 7, 8]]",8.859083375111782,-0.5266839446834614,1.1141157053978625,-3.16096315352884e-15,,17.0,9.41502452588242,9.41502452588242,8.506646789412573,1.0241057503860596,6.362146959972234,"{""1"": 17, ""3"": 3, ""2"": 10}",9.41502452588242,9.414951129558867,17.525578561543384,1e-05,True,40,development_isotonic_frozen
s1-i4,development,1,random_matched,confidence,a2b1cb64c9737370,"[[0, 4, 5, 10], [1, 2, 3, 7], [6, 8, 9, 11]]",8.859083375111782,-0.44244597934619606,1.2089743835063895,-3.989459902475939e-15,,20.0,10.24638027463517,10.24638027463517,9.198932939893162,0.9598524182720342,3.587493600292912,"{""1"": 20, ""2"": 10}",10.24638027463517,10.246311387706978,20.248160460856713,1e-05,True,40,development_isotonic_frozen
s1-i4,development,1,random_matched,entropy,a2b1cb64c9737370,"[[0, 4, 5, 10], [1, 2, 3, 7], [6, 8, 9, 11]]",8.859083375111782,-0.44244597934619606,1.2089743835063895,-3.989459902475939e-15,,20.0,10.24638027463517,10.24638027463517,9.198932939893162,0.9598524182720342,3.587493600292912,"{""1"": 20, ""2"": 10}",10.24638027463517,10.246311387706978,20.248160460856713,1e-05,True,40,development_isotonic_frozen
s1-i4,development,1,random_matched,dependency_cmi,b89c14573ab8dd29,"[[0, 2, 4, 9], [3, 6, 8, 10], [1, 5, 7, 11]]",8.859083375111782,-0.5278584958749456,1.0955803741310322,-3.2562018796418595e-15,,21.0,11.103192369665155,11.103192369665155,8.968170889732965,0.36517998922315226,0.0,"{""1"": 21, ""2"": 8, ""3"": 1}",11.103192369665155,11.102951393836591,18.925462862511463,1e-05,True,40,development_isotonic_frozen
s1-i4,development,1,random_matched,min_within_batch_tc,8b3d14ea1992840b,"[[0, 2, 4, 5], [3, 6, 8, 11], [1, 7, 9, 10]]",8.859083375111782,-0.4978724506049373,1.1179067960055462,-4.6400032909201974e-15,,20.0,9.995877305408946,9.995877305408946,8.275884739252376,0.8573098250739035,2.9495001009264303,"{""3"": 4, ""1"": 20, ""2"": 6}",9.995877305408946,9.995811129154752,18.722913941747667,1e-05,True,40,development_isotonic_frozen
s1-i4,development,1,random_matched,dprm_myopic,10027c0318e00c68,"[[2, 5, 9, 10], [0, 1, 3, 4], [6, 7, 8, 11]]",8.859083375111782,-0.5087476554330669,1.1318634684647761,-4.730533995330452e-15,,19.0,11.66486757914268,11.66486757914268,8.968170889732965,0.3344255917514768,4.598175399450744,"{""1"": 19, ""3"": 1, ""2"": 10}",11.66486757914268,11.664542582915448,17.207279412991824,1e-05,True,40,development_isotonic_frozen
s1-i4,development,1,random_matched,dprm_rollout,aa3b0dd247ee7f3c,"[[0, 2, 3, 6], [4, 5, 8, 11], [1, 7, 9, 10]]",8.859083375111782,-0.5362289100902827,1.0766945347501786,-5.063522721240414e-15,,20.0,9.699186296964916,9.699186296964916,8.737408839572769,1.2157490570426597,4.387701282429807,"{""1"": 20, ""2"": 8, ""3"": 2}",9.699186296964916,9.699126493436825,18.797910130110104,1e-05,True,40,development_isotonic_frozen
s1-i4,development,1,random_matched,subset_exact,4927965da9b75537,"[[2, 5, 6, 7], [0, 1, 4, 10], [3, 8, 9, 11]]",8.859083375111782,-0.48960980526698483,1.138282950937376,-4.581427000028258e-15,,20.0,11.716573471185638,11.716573471185638,8.968170889732965,0.24209740258619183,9.69696791916671,"{""1"": 20, ""2"": 9, ""3"": 1}",11.716573471185638,11.71641342105984,20.22238830715651,1e-05,True,40,development_isotonic_frozen
s1-i4,development,1,random_matched,subset_beam_8,60d2217fe8460b33,"[[0, 1, 7, 9], [2, 4, 5, 10], [3, 6, 8, 11]]",8.859083375111782,-0.5105332377221917,1.121084593989342,-2.4112483204353236e-15,,18.0,9.859997705536152,9.859997705536152,8.737408839572769,1.032224139298548,9.271437469136627,"{""2"": 10, ""1"": 18, ""3"": 2}",9.859997705536152,9.859908059071966,17.490783621659105,1e-05,True,40,development_isotonic_frozen
s1-i4,development,1,random_matched,subset_beam_32,ac7ea82bfc7b9f99,"[[3, 5, 6, 11], [0, 1, 4, 10], [2, 7, 8, 9]]",8.859083375111782,-0.5443554556865702,1.0912248868574312,-3.4388020854749426e-15,,17.0,12.352456653698173,12.352456653698173,8.737408839572769,1.1806546888811247,9.69696791916671,"{""1"": 17, ""3"": 2, ""2"": 11}",12.352456653698173,12.352385543218563,17.708276943702593,1e-05,True,40,development_isotonic_frozen
s1-i4,development,1,random_matched,saps_diagonal,6d924c6400c871de,"[[1, 3, 5, 9], [0, 4, 7, 11], [2, 6, 8, 10]]",8.859083375111782,-0.5474066379796508,1.08389466856955,-2.6056058187767995e-15,,24.0,6.135193518917905,6.135193518917905,8.968170889732965,1.0190302960184003,9.271437469136627,"{""1"": 24, ""3"": 1, ""2"": 5}",6.135193518917905,6.135150828982445,16.02495807246266,1e-05,True,40,development_isotonic_frozen
s1-i4,development,1,random_matched,p_saps_residualized,e8febffbf17f4e5a,"[[0, 4, 9, 11], [1, 5, 6, 10], [2, 3, 7, 8]]",8.859083375111782,-0.5494781285323252,1.0812219611039668,-4.754290040001156e-15,,22.0,7.068036725927724,7.068036725927724,8.737408839572769,0.01437760601953405,2.9495001009264303,"{""1"": 22, ""2"": 6, ""3"": 2}",7.068036725927724,7.067985083343677,19.303202169266083,1e-05,True,80,development_isotonic_frozen
s1-i4,development,1,random_matched,p_saps_projection,7de8d536d3575357,"[[0, 2, 4, 6], [1, 5, 7, 10], [3, 8, 9, 11]]",8.859083375111782,-0.476346302442968,1.1557631958635444,-5.418725149702915e-15,,20.0,14.807142790614828,14.807142790614828,8.737408839572769,0.5681816428447735,5.098792519715966,"{""1"": 20, ""2"": 8, ""3"": 2}",14.807142790614828,14.806856006656806,20.010164264495092,1e-05,True,640,development_isotonic_frozen
s1-i4,development,1,random_matched,b_saps_budgeted,771299d7c70f2876,"[[1, 4, 5, 9], [0, 3, 6, 11], [2, 7, 8, 10]]",8.859083375111782,-0.5423360570084285,1.0900738262115919,-2.9562223530630397e-15,,19.0,8.781885306969556,8.781885306969556,9.198932939893162,0.4287884332426155,6.362146959972234,"{""1"": 19, ""2"": 11}",8.781885306969556,8.78180855330439,15.799880940450032,1e-05,True,40,development_isotonic_frozen
s1-i4,development,1,random_matched,random_balanced,e4b54f2e19edb458,"[[1, 4, 5, 9], [0, 3, 10, 11], [2, 6, 7, 8]]",12.591262895350738,-0.5266839446834614,1.1141157053978625,-3.16096315352884e-15,,17.0,9.41502452588242,9.41502452588242,12.084865437723105,1.3436196699105716,-0.4307010815674239,"{""1"": 17, ""3"": 3, ""2"": 10}",9.41502452588242,9.414951129558867,17.525578561543384,1e-05,True,40,development_isotonic_frozen
s1-i4,development,1,random_matched,confidence,a2b1cb64c9737370,"[[0, 4, 5, 10], [1, 2, 3, 7], [6, 8, 9, 11]]",12.591262895350738,-0.44244597934619606,1.2089743835063895,-3.989459902475939e-15,,20.0,10.24638027463517,10.24638027463517,13.07957472949167,0.9970295281935526,-0.893983924499222,"{""1"": 20, ""2"": 10}",10.24638027463517,10.246311387706978,20.248160460856713,1e-05,True,40,development_isotonic_frozen
s1-i4,development,1,random_matched,entropy,a2b1cb64c9737370,"[[0, 4, 5, 10], [1, 2, 3, 7], [6, 8, 9, 11]]",12.591262895350738,-0.44244597934619606,1.2089743835063895,-3.989459902475939e-15,,20.0,10.24638027463517,10.24638027463517,13.07957472949167,0.9970295281935526,-0.893983924499222,"{""1"": 20, ""2"": 10}",10.24638027463517,10.246311387706978,20.248160460856713,1e-05,True,40,development_isotonic_frozen
s1-i4,development,1,random_matched,dependency_cmi,b89c14573ab8dd29,"[[0, 2, 4, 9], [3, 6, 8, 10], [1, 5, 7, 11]]",12.591262895350738,-0.5278584958749456,1.0955803741310322,-3.2562018796418595e-15,,21.0,11.103192369665155,11.103192369665155,12.748004965568814,2.2612770024746407,0.5769282940904348,"{""1"": 21, ""2"": 8, ""3"": 1}",11.103192369665155,11.102951393836591,18.925462862511463,1e-05,True,40,development_isotonic_frozen
s1-i4,development,1,random_matched,min_within_batch_tc,8b3d14ea1992840b,"[[0, 2, 4, 5], [3, 6, 8, 11], [1, 7, 9, 10]]",12.591262895350738,-0.4978724506049373,1.1179067960055462,-4.6400032909201974e-15,,20.0,9.995877305408946,9.995877305408946,11.753295673800249,1.632956862423422,-0.5463788828002127,"{""3"": 4, ""1"": 20, ""2"": 6}",9.995877305408946,9.995811129154752,18.722913941747667,1e-05,True,40,development_isotonic_frozen
s1-i4,development,1,random_matched,dprm_myopic,10027c0318e00c68,"[[2, 5, 9, 10], [0, 1, 3, 4], [6, 7, 8, 11]]",12.591262895350738,-0.5087476554330669,1.1318634684647761,-4.730533995330452e-15,,19.0,11.66486757914268,11.66486757914268,12.748004965568814,0.5158925602367038,-1.7685772598500953,"{""1"": 19, ""3"": 1, ""2"": 10}",11.66486757914268,11.664542582915448,17.207279412991824,1e-05,True,40,development_isotonic_frozen
s1-i4,development,1,random_matched,dprm_rollout,d50ae62e48464064,"[[0, 4, 5, 10], [1, 3, 6, 8], [2, 7, 9, 11]]",12.591262895350738,-0.46906505698722517,1.1787611832048543,-4.77957317799547e-15,,19.0,13.76829209331273,13.76829209331273,13.07957472949167,0.8322179623567292,-1.2215617213188366,"{""1"": 19, ""2"": 11}",13.76829209331273,13.768222738445882,18.411135041331036,1e-05,True,40,development_isotonic_frozen
s1-i4,development,1,random_matched,subset_exact,a7277d400143e257,"[[2, 6, 8, 9], [0, 4, 5, 10], [1, 3, 7, 11]]",12.591262895350738,-0.5653435671031466,1.0419169571883786,-2.7219071402276477e-15,,18.0,12.445577205063847,12.445577205063847,12.748004965568814,1.21635094418665,2.5529647255702317,"{""2"": 11, ""1"": 18, ""3"": 1}",12.445577205063847,12.445419653643373,19.64022787513346,1e-05,True,40,development_isotonic_frozen
s1-i4,development,1,random_matched,subset_beam_8,a7277d400143e257,"[[2, 6, 8, 9], [0, 4, 5, 10], [1, 3, 7, 11]]",12.591262895350738,-0.5653435671031466,1.0419169571883786,-2.7219071402276477e-15,,18.0,12.445577205063847,12.445577205063847,12.748004965568814,1.21635094418665,2.5529647255702317,"{""2"": 11, ""1"": 18, ""3"": 1}",12.445577205063847,12.445419653643373,19.64022787513346,1e-05,True,40,development_isotonic_frozen
s1-i4,development,1,random_matched,subset_beam_32,a7277d400143e257,"[[2, 6, 8, 9], [0, 4, 5, 10], [1, 3, 7, 11]]",12.591262895350738,-0.5653435671031466,1.0419169571883786,-2.7219071402276477e-15,,18.0,12.445577205063847,12.445577205063847,12.748004965568814,1.21635094418665,2.5529647255702317,"{""2"": 11, ""1"": 18, ""3"": 1}",12.445577205063847,12.445419653643373,19.64022787513346,1e-05,True,40,development_isotonic_frozen
s1-i4,development,1,random_matched,saps_diagonal,6d924c6400c871de,"[[1, 3, 5, 9], [0, 4, 7, 11], [2, 6, 8, 10]]",12.591262895350738,-0.5474066379796508,1.08389466856955,-2.6056058187767995e-15,,24.0,6.135193518917905,6.135193518917905,12.748004965568814,0.5534708419655314,-1.5627224523692447,"{""1"": 24, ""3"": 1, ""2"": 5}",6.135193518917905,6.135150828982445,16.02495807246266,1e-05,True,40,development_isotonic_frozen
s1-i4,development,1,random_matched,p_saps_residualized,e8febffbf17f4e5a,"[[0, 4, 9, 11], [1, 5, 6, 10], [2, 3, 7, 8]]",12.591262895350738,-0.5494781285323252,1.0812219611039668,-4.754290040001156e-15,,22.0,7.068036725927724,7.068036725927724,12.416435201645958,4.774816599483897,-0.20679901143469648,"{""1"": 22, ""2"": 6, ""3"": 2}",7.068036725927724,7.067985083343677,19.303202169266083,1e-05,True,80,development_isotonic_frozen
s1-i4,development,1,random_matched,p_saps_projection,7de8d536d3575357,"[[0, 2, 4, 6], [1, 5, 7, 10], [3, 8, 9, 11]]",12.591262895350738,-0.476346302442968,1.1557631958635444,-5.418725149702915e-15,,20.0,14.807142790614828,14.807142790614828,12.416435201645958,6.7212612282793565,1.284293938066594,"{""1"": 20, ""2"": 8, ""3"": 2}",14.807142790614828,14.806856006656806,20.010164264495092,1e-05,True,640,development_isotonic_frozen
s1-i4,development,1,random_matched,b_saps_budgeted,771299d7c70f2876,"[[1, 4, 5, 9], [0, 3, 6, 11], [2, 7, 8, 10]]",12.591262895350738,-0.5423360570084285,1.0900738262115919,-2.9562223530630397e-15,,19.0,8.781885306969556,8.781885306969556,13.07957472949167,1.2567256457610516,0.03352613195400789,"{""1"": 19, ""2"": 11}",8.781885306969556,8.78180855330439,15.799880940450032,1e-05,True,40,development_isotonic_frozen
s1-i4,development,1,random_matched,random_balanced,83e225079068ad73,"[[1, 4, 5], [0, 3, 9], [7, 10, 11], [2, 6, 8]]",4.491629585606365,-0.7562839774951678,1.7058866480602237,-2.799130077630981e-15,,22.0,10.58118540377219,10.58118540377219,4.434440057456388,0.36031256841226816,-0.6043192882929806,"{""1"": 22, ""3"": 1, ""2"": 7}",10.58118540377219,10.581121185257173,16.912950411786014,1e-05,True,40,development_isotonic_frozen
s1-i4,development,1,random_matched,confidence,d6a87af42830e2a3,"[[0, 4, 5], [2, 7, 10], [1, 3, 6], [8, 9, 11]]",4.491629585606365,-0.6739559920251463,1.7899278328495773,-3.725168579471444e-15,,20.0,11.583557310547391,11.583557310547391,4.550937244428563,0.38421914943193647,0.32474434199993363,"{""1"": 20, ""2"": 10}",11.583557310547391,11.583445794591936,15.451330784659838,1e-05,True,40,development_isotonic_frozen
s1-i4,development,1,random_matched,entropy,1055b2b7cf357f24,"[[0, 4, 10], [3, 5, 7], [1, 2, 6], [8, 9, 11]]",4.491629585606365,-0.6813471089456741,1.7967403470091734,-3.90985044343658e-15,,23.0,13.480280392179575,13.480280392179575,4.550937244428563,0.5144353507422105,-1.9352621227985691,"{""1"": 23, ""2"": 7}",13.480280392179575,13.480188747793814,14.342648883053023,1e-05,True,40,development_isotonic_frozen
s1-i4,development,1,random_matched,dependency_cmi,0ae31b321448c427,"[[0, 2, 9], [4, 6, 10], [3, 7, 11], [1, 5, 8]]",4.491629585606365,-0.8055119999357082,1.63554810434573,-2.0184900624376506e-15,,22.0,9.408353159614299,9.408353159614299,4.550937244428563,0.16325062079193356,-0.36372325710981346,"{""1"": 22, ""2"": 8}",9.408353159614299,9.408134602701743,17.951353029992887,1e-05,True,40,development_isotonic_frozen
s1-i4,development,1,random_matched,min_within_batch_tc,51d293f62ea6b693,"[[0, 2, 3], [4, 6, 7], [1, 8, 9], [5, 10, 11]]",4.491629585606365,-0.7809162656670238,1.647619440284174,-2.7358184334088567e-15,,17.0,7.142739346818898,7.142739346818898,4.434440057456388,0.0,0.32474434199993363,"{""1"": 17, ""2"": 12, ""3"": 1}",7.142739346818898,7.142692590567595,19.841285430105877,1e-05,True,40,development_isotonic_frozen
s1-i4,development,1,random_matched,dprm_myopic,d4b249cd4db6f57f,"[[2, 5, 9], [3, 4, 10], [0, 1, 8], [6, 7, 11]]",4.491629585606365,-0.780142127205078,1.665838999171216,-1.6600514686531837e-15,,21.0,12.216668345220096,12.216668345220096,4.550937244428563,0.48550705561502233,2.260006464798503,"{""1"": 21, ""2"": 9}",12.216668345220096,12.216565570380798,17.547913031738503,1e-05,True,40,development_isotonic_frozen
s1-i4,development,1,random_matched,dprm_rollout,d23323fcff620db6,"[[0, 2, 6], [7, 9, 10], [4, 5, 11], [1, 3, 8]]",4.491629585606365,-0.7959403825058008,1.6397036425851133,-4.0925046253329325e-15,,18.0,9.376099592442705,9.376099592442705,4.550937244428563,0.3683913462072341,2.260006464798503,"{""1"": 18, ""2"": 12}",9.376099592442705,9.375964736132703,17.307777833078617,1e-05,True,40,development_isotonic_frozen
s1-i4,development,1,random_matched,subset_exact,c60bcdb2328bd56c,"[[0, 7, 8], [2, 4, 5], [1, 3, 10], [6, 9, 11]]",4.491629585606365,-0.735724175896023,1.6851413169358664,-3.39511937264896e-15,,22.0,13.796526441246227,13.796526441246227,4.434440057456388,0.11450047929355317,4.747345090894979,"{""2"": 7, ""1"": 22, ""3"": 1}",13.796526441246227,13.796399382340665,16.003850097916885,1e-05,True,40,development_isotonic_frozen
s1-i4,development,1,random_matched,subset_beam_8,c60bcdb2328bd56c,"[[0, 7, 8], [2, 4, 5], [1, 3, 10], [6, 9, 11]]",4.491629585606365,-0.735724175896023,1.6851413169358664,-3.39511937264896e-15,,22.0,13.796526441246227,13.796526441246227,4.434440057456388,0.11450047929355317,4.747345090894979,"{""2"": 7, ""1"": 22, ""3"": 1}",13.796526441246227,13.796399382340665,16.003850097916885,1e-05,True,40,development_isotonic_frozen
s1-i4,development,1,random_matched,subset_beam_32,c60bcdb2328bd56c,"[[0, 7, 8], [2, 4, 5], [1, 3, 10], [6, 9, 11]]",4.491629585606365,-0.735724175896023,1.6851413169358664,-3.39511937264896e-15,,22.0,13.796526441246227,13.796526441246227,4.434440057456388,0.11450047929355317,4.747345090894979,"{""2"": 7, ""1"": 22, ""3"": 1}",13.796526441246227,13.796399382340665,16.003850097916885,1e-05,True,40,development_isotonic_frozen
s1-i4,development,1,random_matched,saps_diagonal,38d9ea971aa7bb3d,"[[1, 5, 6], [0, 3, 9], [7, 8, 10], [2, 4, 11]]",4.491629585606365,-0.8230069074865863,1.623481633166854,-2.7021613275810447e-15,,27.0,10.541345313193812,10.541345313193812,4.550937244428563,0.2514599978101296,2.260006464798503,"{""1"": 27, ""2"": 3}",10.541345313193812,10.54123823273351,14.354230821528649,1e-05,True,40,development_isotonic_frozen
s1-i4,development,1,random_matched,p_saps_residualized,eecad5ee43359364,"[[0, 4, 11], [1, 3, 5], [6, 7, 10], [2, 8, 9]]",4.491629585606365,-0.7675592142013086,1.6838035678891528,-1.5928486999072673e-15,,21.0,12.135522763255292,12.135522763255292,4.434440057456388,1.6161702351248315,0.32474434199993363,"{""1"": 21, ""2"": 8, ""3"": 1}",12.135522763255292,12.135482565270236,16.682043098719912,1e-05,True,80,development_isotonic_frozen
s1-i4,development,1,random_matched,p_saps_projection,1d698e0272674918,"[[4, 6, 7], [2, 5, 10], [0, 1, 11], [3, 8, 9]]",4.491629585606365,-0.7448017651536386,1.7027372145902193,-1.4867018689312261e-15,,22.0,15.331224541933341,15.331224541933341,4.317942870484211,0.5178905126751132,0.32474434199993363,"{""1"": 22, ""2"": 6, ""3"": 2}",15.331224541933341,15.331138877152831,17.62384434937706,1e-05,True,640,development_isotonic_frozen
s1-i4,development,1,random_matched,b_saps_budgeted,7503b2a1962952e2,"[[1, 2, 4], [0, 3, 9], [7, 10, 11], [5, 6, 8]]",4.491629585606365,-0.78951192111544,1.6509018323263662,-3.692846797303142e-15,,24.0,9.587082727907646,9.587082727907646,4.550937244428563,0.4579524754827018,0.32474434199993363,"{""1"": 24, ""2"": 6}",9.587082727907646,9.586781529931468,16.90723771561175,1e-05,True,40,development_isotonic_frozen
s1-i4,development,1,random_matched,random_balanced,83e225079068ad73,"[[1, 4, 5], [0, 3, 9], [7, 10, 11], [2, 6, 8]]",9.081454077993426,-0.7562839774951678,1.7058866480602237,-2.799130077630981e-15,,22.0,10.58118540377219,10.58118540377219,8.968170889732965,0.9069151764508095,10.771445843560272,"{""1"": 22, ""3"": 1, ""2"": 7}",10.58118540377219,10.581121185257173,16.912950411786014,1e-05,True,40,development_isotonic_frozen
s1-i4,development,1,random_matched,confidence,d6a87af42830e2a3,"[[0, 4, 5], [2, 7, 10], [1, 3, 6], [8, 9, 11]]",9.081454077993426,-0.6739559920251463,1.7899278328495773,-3.725168579471444e-15,,20.0,11.583557310547391,11.583557310547391,9.198932939893162,0.3782269284748436,4.387701282429807,"{""1"": 20, ""2"": 10}",11.583557310547391,11.583445794591936,15.451330784659838,1e-05,True,40,development_isotonic_frozen
s1-i4,development,1,random_matched,entropy,1055b2b7cf357f24,"[[0, 4, 10], [3, 5, 7], [1, 2, 6], [8, 9, 11]]",9.081454077993426,-0.6813471089456741,1.7967403470091734,-3.90985044343658e-15,,23.0,13.480280392179575,13.480280392179575,9.198932939893162,2.0591124817289743,3.587493600292912,"{""1"": 23, ""2"": 7}",13.480280392179575,13.480188747793814,14.342648883053023,1e-05,True,40,development_isotonic_frozen
s1-i4,development,1,random_matched,dependency_cmi,0ae31b321448c427,"[[0, 2, 9], [4, 6, 10], [3, 7, 11], [1, 5, 8]]",9.081454077993426,-0.8055119999357082,1.63554810434573,-2.0184900624376506e-15,,22.0,9.408353159614299,9.408353159614299,9.198932939893162,0.8703061666720496,1.438201181503377,"{""1"": 22, ""2"": 8}",9.408353159614299,9.408134602701743,17.951353029992887,1e-05,True,40,development_isotonic_frozen
s1-i4,development,1,random_matched,min_within_batch_tc,51d293f62ea6b693,"[[0, 2, 3], [4, 6, 7], [1, 8, 9], [5, 10, 11]]",9.081454077993426,-0.7809162656670238,1.647619440284174,-2.7358184334088567e-15,,17.0,7.142739346818898,7.142739346818898,8.968170889732965,0.5687491870617902,7.722522241624282,"{""1"": 17, ""2"": 12, ""3"": 1}",7.142739346818898,7.142692590567595,19.841285430105877,1e-05,True,40,development_isotonic_frozen
s1-i4,development,1,random_matched,dprm_myopic,d4b249cd4db6f57f,"[[2, 5, 9], [3, 4, 10], [0, 1, 8], [6, 7, 11]]",9.081454077993426,-0.780142127205078,1.665838999171216,-1.6600514686531837e-15,,21.0,12.216668345220096,12.216668345220096,9.198932939893162,0.691615058046575,6.64770774722831,"{""1"": 21, ""2"": 9}",12.216668345220096,12.216565570380798,17.547913031738503,1e-05,True,40,development_isotonic_frozen
s1-i4,development,1,random_matched,dprm_rollout,9405a4ebe3c4a26b,"[[0, 2, 6], [3, 5, 7], [4, 10, 11], [1, 8, 9]]",9.081454077993426,-0.7599204406468726,1.6781780376918016,-2.9140929568901027e-15,,16.0,10.112044129342312,10.112044129342312,9.198932939893162,0.3373625148016789,4.061930903411694,"{""1"": 16, ""2"": 14}",10.112044129342312,10.111906042149982,15.190632858650325,1e-05,True,40,development_isotonic_frozen
s1-i4,development,1,random_matched,subset_exact,ca6c78b23ae1d340,"[[1, 3, 8], [0, 4, 5], [2, 7, 10], [6, 9, 11]]",9.081454077993426,-0.7692812066669864,1.6643204471806872,-3.2728142780445673e-15,,24.0,13.883731025861671,13.883731025861671,9.198932939893162,0.6017041653687771,11.956974383965214,"{""1"": 24, ""2"": 6}",13.883731025861671,13.883583310861534,16.973088832719075,1e-05,True,40,development_isotonic_frozen
s1-i4,development,1,random_matched,subset_beam_8,d92a02c2e604bb3a,"[[0, 2, 7], [4, 5, 10], [1, 3, 6], [8, 9, 11]]",9.081454077993426,-0.6972747837681735,1.7545793667509608,-3.678176756115234e-15,,19.0,14.621950180765985,14.621950180765985,8.968170889732965,1.7017164715535573,9.271437469136627,"{""1"": 19, ""2"": 10, ""3"": 1}",14.621950180765985,14.621864675290283,15.345726778969818,1e-05,True,40,development_isotonic_frozen
s1-i4,development,1,random_matched,subset_beam_32,ca6c78b23ae1d340,"[[1, 3, 8], [0, 4, 5], [2, 7, 10], [6, 9, 11]]",9.081454077993426,-0.7692812066669864,1.6643204471806872,-3.2728142780445673e-15,,24.0,13.883731025861671,13.883731025861671,9.198932939893162,0.6017041653687771,11.956974383965214,"{""1"": 24, ""2"": 6}",13.883731025861671,13.883583310861534,16.973088832719075,1e-05,True,40,development_isotonic_frozen
s1-i4,development,1,random_matched,saps_diagonal,38d9ea971aa7bb3d,"[[1, 5, 6], [0, 3, 9], [7, 8, 10], [2, 4, 11]]",9.081454077993426,-0.8230069074865863,1.623481633166854,-2.7021613275810447e-15,,27.0,10.541345313193812,10.541345313193812,9.198932939893162,0.45997836882680726,4.598175399450744,"{""1"": 27, ""2"": 3}",10.541345313193812,10.54123823273351,14.354230821528649,1e-05,True,40,development_isotonic_frozen
s1-i4,development,1,random_matched,p_saps_residualized,eecad5ee43359364,"[[0, 4, 11], [1, 3, 5], [6, 7, 10], [2, 8, 9]]",9.081454077993426,-0.7675592142013086,1.6838035678891528,-1.5928486999072673e-15,,21.0,12.135522763255292,12.135522763255292,8.968170889732965,1.74753011645773,5.098792519715966,"{""1"": 21, ""2"": 8, ""3"": 1}",12.135522763255292,12.135482565270236,16.682043098719912,1e-05,True,80,development_isotonic_frozen
s1-i4,development,1,random_matched,p_saps_projection,1d698e0272674918,"[[4, 6, 7], [2, 5, 10], [0, 1, 11], [3, 8, 9]]",9.081454077993426,-0.7448017651536386,1.7027372145902193,-1.4867018689312261e-15,,22.0,15.331224541933341,15.331224541933341,8.737408839572769,0.5896561409060441,4.387701282429807,"{""1"": 22, ""2"": 6, ""3"": 2}",15.331224541933341,15.331138877152831,17.62384434937706,1e-05,True,640,development_isotonic_frozen
s1-i4,development,1,random_matched,b_saps_budgeted,7503b2a1962952e2,"[[1, 2, 4], [0, 3, 9], [7, 10, 11], [5, 6, 8]]",9.081454077993426,-0.78951192111544,1.6509018323263662,-3.692846797303142e-15,,24.0,9.587082727907646,9.587082727907646,9.198932939893162,1.2015500800561307,8.287862614807382,"{""1"": 24, ""2"": 6}",9.587082727907646,9.586781529931468,16.90723771561175,1e-05,True,40,development_isotonic_frozen
s1-i4,development,1,random_matched,random_balanced,83e225079068ad73,"[[1, 4, 5], [0, 3, 9], [7, 10, 11], [2, 6, 8]]",12.910775576949124,-0.7562839774951678,1.7058866480602237,-2.799130077630981e-15,,22.0,10.58118540377219,10.58118540377219,12.748004965568814,1.1890644741285563,-0.12077878538491804,"{""1"": 22, ""3"": 1, ""2"": 7}",10.58118540377219,10.581121185257173,16.912950411786014,1e-05,True,40,development_isotonic_frozen
s1-i4,development,1,random_matched,confidence,d6a87af42830e2a3,"[[0, 4, 5], [2, 7, 10], [1, 3, 6], [8, 9, 11]]",12.910775576949124,-0.6739559920251463,1.7899278328495773,-3.725168579471444e-15,,20.0,11.583557310547391,11.583557310547391,13.07957472949167,1.34566004521524,-2.011396254165911,"{""1"": 20, ""2"": 10}",11.583557310547391,11.583445794591936,15.451330784659838,1e-05,True,40,development_isotonic_frozen
s1-i4,development,1,random_matched,entropy,1055b2b7cf357f24,"[[0, 4, 10], [3, 5, 7], [1, 2, 6], [8, 9, 11]]",12.910775576949124,-0.6813471089456741,1.7967403470091734,-3.90985044343658e-15,,23.0,13.480280392179575,13.480280392179575,13.07957472949167,0.7983420988236616,-1.01476270988414,"{""1"": 23, ""2"": 7}",13.480280392179575,13.480188747793814,14.342648883053023,1e-05,True,40,development_isotonic_frozen
s1-i4,development,1,random_matched,dependency_cmi,0ae31b321448c427,"[[0, 2, 9], [4, 6, 10], [3, 7, 11], [1, 5, 8]]",12.910775576949124,-0.8055119999357082,1.63554810434573,-2.0184900624376506e-15,,22.0,9.408353159614299,9.408353159614299,13.07957472949167,1.369152586185976,-0.5173141607411162,"{""1"": 22, ""2"": 8}",9.408353159614299,9.408134602701743,17.951353029992887,1e-05,True,40,development_isotonic_frozen
s1-i4,development,1,random_matched,min_within_batch_tc,51d293f62ea6b693,"[[0, 2, 3], [4, 6, 7], [1, 8, 9], [5, 10, 11]]",12.910775576949124,-0.7809162656670238,1.647619440284174,-2.7358184334088567e-15,,17.0,7.142739346818898,7.142739346818898,12.748004965568814,3.0661574632760553,-0.9121244390786933,"{""1"": 17, ""2"": 12, ""3"": 1}",7.142739346818898,7.142692590567595,19.841285430105877,1e-05,True,40,development_isotonic_frozen
s1-i4,development,1,random_matched,dprm_myopic,d4b249cd4db6f57f,"[[2, 5, 9], [3, 4, 10], [0, 1, 8], [6, 7, 11]]",12.910775576949124,-0.780142127205078,1.665838999171216,-1.6600514686531837e-15,,21.0,12.216668345220096,12.216668345220096,13.07957472949167,1.804938273967445,-2.6955920233069324,"{""1"": 21, ""2"": 9}",12.216668345220096,12.216565570380798,17.547913031738503,1e-05,True,40,development_isotonic_frozen
s1-i4,development,1,random_matched,dprm_rollout,2abc02262fc463b6,"[[0, 4, 6], [1, 2, 10], [3, 5, 8], [7, 9, 11]]",12.910775576949124,-0.7406294402829672,1.711200778627654,-4.335315534927722e-15,,23.0,9.82508117391452,9.82508117391452,13.07957472949167,2.6846325775117323,-1.785984948244754,"{""1"": 23, ""2"": 7}",9.82508117391452,9.824959079071649,17.68733663760915,1e-05,True,40,development_isotonic_frozen
s1-i4,development,1,random_matched,subset_exact,4d23558e3a6e5d8f,"[[0, 4, 6], [2, 5, 7], [1, 3, 10], [8, 9, 11]]",12.910775576949124,-0.7102538243587633,1.7426866169216826,-3.789456925748256e-15,,20.0,12.073273193234002,12.073273193234002,13.07957472949167,0.6846227282585158,2.5529647255702317,"{""2"": 10, ""1"": 20}",12.073273193234002,12.07320953821554,15.152411350430159,1e-05,True,40,development_isotonic_frozen
s1-i4,development,1,random_matched,subset_beam_8,4d23558e3a6e5d8f,"[[0, 4, 6], [2, 5, 7], [1, 3, 10], [8, 9, 11]]",12.910775576949124,-0.7102538243587633,1.7426866169216826,-3.789456925748256e-15,,20.0,12.073273193234002,12.073273193234002,13.07957472949167,0.6846227282585158,2.5529647255702317,"{""2"": 10, ""1"": 20}",12.073273193234002,12.07320953821554,15.152411350430159,1e-05,True,40,development_isotonic_frozen
s1-i4,development,1,random_matched,subset_beam_32,4d23558e3a6e5d8f,"[[0, 4, 6], [2, 5, 7], [1, 3, 10], [8, 9, 11]]",12.910775576949124,-0.7102538243587633,1.7426866169216826,-3.789456925748256e-15,,20.0,12.073273193234002,12.073273193234002,13.07957472949167,0.6846227282585158,2.5529647255702317,"{""2"": 10, ""1"": 20}",12.073273193234002,12.07320953821554,15.152411350430159,1e-05,True,40,development_isotonic_frozen
s1-i4,development,1,random_matched,saps_diagonal,38d9ea971aa7bb3d,"[[1, 5, 6], [0, 3, 9], [7, 8, 10], [2, 4, 11]]",12.910775576949124,-0.8230069074865863,1.623481633166854,-2.7021613275810447e-15,,27.0,10.541345313193812,10.541345313193812,13.07957472949167,0.6922854430785694,-1.7791303504205607,"{""1"": 27, ""2"": 3}",10.541345313193812,10.54123823273351,14.354230821528649,1e-05,True,40,development_isotonic_frozen
s1-i4,development,1,random_matched,p_saps_residualized,eecad5ee43359364,"[[0, 4, 11], [1, 3, 5], [6, 7, 10], [2, 8, 9]]",12.910775576949124,-0.7675592142013086,1.6838035678891528,-1.5928486999072673e-15,,21.0,12.135522763255292,12.135522763255292,12.748004965568814,1.0902133802250569,-0.20169802728256725,"{""1"": 21, ""2"": 8, ""3"": 1}",12.135522763255292,12.135482565270236,16.682043098719912,1e-05,True,80,development_isotonic_frozen
s1-i4,development,1,random_matched,p_saps_projection,1d698e0272674918,"[[4, 6, 7], [2, 5, 10], [0, 1, 11], [3, 8, 9]]",12.910775576949124,-0.7448017651536386,1.7027372145902193,-1.4867018689312261e-15,,22.0,15.331224541933341,15.331224541933341,12.416435201645958,1.2389391111386805,-0.893983924499222,"{""1"": 22, ""2"": 6, ""3"": 2}",15.331224541933341,15.331138877152831,17.62384434937706,1e-05,True,640,development_isotonic_frozen
s1-i4,development,1,random_matched,b_saps_budgeted,7503b2a1962952e2,"[[1, 2, 4], [0, 3, 9], [7, 10, 11], [5, 6, 8]]",12.910775576949124,-0.78951192111544,1.6509018323263662,-3.692846797303142e-15,,24.0,9.587082727907646,9.587082727907646,13.07957472949167,1.1960584865194317,-0.7613396462070048,"{""1"": 24, ""2"": 6}",9.587082727907646,9.586781529931468,16.90723771561175,1e-05,True,40,development_isotonic_frozen
s1-i4,development,1,structural,random_balanced,76993f31911749ca,"[[0, 1, 2, 3, 4, 5, 6, 7, 8, 9, 10, 11]]",2.2821376720595645,-0.0,0.0,-1.5123841382535464e-14,,0.0,11.202592583871446,11.202592583871446,2.2821376720595645,0.17770781746392164,0.32474434199993363,"{""2"": 11, ""3"": 10, ""4"": 9}",11.202592583871446,11.202566781051605,30.468595744323515,1e-05,True,40,development_isotonic_frozen
s1-i4,development,1,structural,confidence,76993f31911749ca,"[[0, 1, 2, 3, 4, 5, 6, 7, 8, 9, 10, 11]]",2.2821376720595645,-0.0,0.0,-1.5123841382535464e-14,,0.0,11.202592583871446,11.202592583871446,2.2821376720595645,0.17770781746392164,0.32474434199993363,"{""2"": 11, ""3"": 10, ""4"": 9}",11.202592583871446,11.202566781051605,30.468595744323515,1e-05,True,40,development_isotonic_frozen
s1-i4,development,1,structural,entropy,76993f31911749ca,"[[0, 1, 2, 3, 4, 5, 6, 7, 8, 9, 10, 11]]",2.2821376720595645,-0.0,0.0,-1.5123841382535464e-14,,0.0,11.202592583871446,11.202592583871446,2.2821376720595645,0.17770781746392164,0.32474434199993363,"{""2"": 11, ""3"": 10, ""4"": 9}",11.202592583871446,11.202566781051605,30.468595744323515,1e-05,True,40,development_isotonic_frozen
s1-i4,development,1,structural,dependency_cmi,76993f31911749ca,"[[0, 1, 2, 3, 4, 5, 6, 7, 8, 9, 10, 11]]",2.2821376720595645,-0.0,0.0,-1.5123841382535464e-14,,0.0,11.202592583871446,11.202592583871446,2.2821376720595645,0.17770781746392164,0.32474434199993363,"{""2"": 11, ""3"": 10, ""4"": 9}",11.202592583871446,11.202566781051605,30.468595744323515,1e-05,True,40,development_isotonic_frozen
s1-i4,development,1,structural,min_within_batch_tc,76993f31911749ca,"[[0, 1, 2, 3, 4, 5, 6, 7, 8, 9, 10, 11]]",2.2821376720595645,-0.0,0.0,-1.5123841382535464e-14,,0.0,11.202592583871446,11.202592583871446,2.2821376720595645,0.17770781746392164,0.32474434199993363,"{""2"": 11, ""3"": 10, ""4"": 9}",11.202592583871446,11.202566781051605,30.468595744323515,1e-05,True,40,development_isotonic_frozen
s1-i4,development,1,structural,dprm_myopic,76993f31911749ca,"[[0, 1, 2, 3, 4, 5, 6, 7, 8, 9, 10, 11]]",2.2821376720595645,-0.0,0.0,-1.5123841382535464e-14,,0.0,11.202592583871446,11.202592583871446,2.2821376720595645,0.17770781746392164,0.32474434199993363,"{""2"": 11, ""3"": 10, ""4"": 9}",11.202592583871446,11.202566781051605,30.468595744323515,1e-05,True,40,development_isotonic_frozen
s1-i4,development,1,structural,dprm_rollout,76993f31911749ca,"[[0, 1, 2, 3, 4, 5, 6, 7, 8, 9, 10, 11]]",2.2821376720595645,-0.0,0.0,-1.5123841382535464e-14,,0.0,11.202592583871446,11.202592583871446,2.2821376720595645,0.17770781746392164,0.32474434199993363,"{""2"": 11, ""3"": 10, ""4"": 9}",11.202592583871446,11.202566781051605,30.468595744323515,1e-05,True,40,development_isotonic_frozen
s1-i4,development,1,structural,subset_exact,76993f31911749ca,"[[0, 1, 2, 3, 4, 5, 6, 7, 8, 9, 10, 11]]",2.2821376720595645,-0.0,0.0,-1.5123841382535464e-14,,0.0,11.202592583871446,11.202592583871446,2.2821376720595645,0.17770781746392164,0.32474434199993363,"{""2"": 11, ""3"": 10, ""4"": 9}",11.202592583871446,11.202566781051605,30.468595744323515,1e-05,True,40,development_isotonic_frozen
s1-i4,development,1,structural,subset_beam_8,76993f31911749ca,"[[0, 1, 2, 3, 4, 5, 6, 7, 8, 9, 10, 11]]",2.2821376720595645,-0.0,0.0,-1.5123841382535464e-14,,0.0,11.202592583871446,11.202592583871446,2.2821376720595645,0.17770781746392164,0.32474434199993363,"{""2"": 11, ""3"": 10, ""4"": 9}",11.202592583871446,11.202566781051605,30.468595744323515,1e-05,True,40,development_isotonic_frozen
s1-i4,development,1,structural,subset_beam_32,76993f31911749ca,"[[0, 1, 2, 3, 4, 5, 6, 7, 8, 9, 10, 11]]",2.2821376720595645,-0.0,0.0,-1.5123841382535464e-14,,0.0,11.202592583871446,11.202592583871446,2.2821376720595645,0.17770781746392164,0.32474434199993363,"{""2"": 11, ""3"": 10, ""4"": 9}",11.202592583871446,11.202566781051605,30.468595744323515,1e-05,True,40,development_isotonic_frozen
s1-i4,development,1,structural,saps_diagonal,76993f31911749ca,"[[0, 1, 2, 3, 4, 5, 6, 7, 8, 9, 10, 11]]",2.2821376720595645,-0.0,0.0,-1.5123841382535464e-14,,0.0,11.202592583871446,11.202592583871446,2.2821376720595645,0.17770781746392164,0.32474434199993363,"{""2"": 11, ""3"": 10, ""4"": 9}",11.202592583871446,11.202566781051605,30.468595744323515,1e-05,True,40,development_isotonic_frozen
s1-i4,development,1,structural,p_saps_residualized,76993f31911749ca,"[[0, 1, 2, 3, 4, 5, 6, 7, 8, 9, 10, 11]]",2.2821376720595645,-0.0,0.0,-1.5123841382535464e-14,,0.0,11.202592583871446,11.202592583871446,2.2821376720595645,0.17770781746392164,0.32474434199993363,"{""2"": 11, ""3"": 10, ""4"": 9}",11.202592583871446,11.202566781051605,30.468595744323515,1e-05,True,40,development_isotonic_frozen
s1-i4,development,1,structural,p_saps_projection,76993f31911749ca,"[[0, 1, 2, 3, 4, 5, 6, 7, 8, 9, 10, 11]]",2.2821376720595645,-0.0,0.0,-1.5123841382535464e-14,,0.0,11.202592583871446,11.202592583871446,2.2821376720595645,0.17770781746392164,0.32474434199993363,"{""2"": 11, ""3"": 10, ""4"": 9}",11.202592583871446,11.202566781051605,30.468595744323515,1e-05,True,40,development_isotonic_frozen
s1-i4,development,1,structural,b_saps_budgeted,76993f31911749ca,"[[0, 1, 2, 3, 4, 5, 6, 7, 8, 9, 10, 11]]",2.2821376720595645,-0.0,0.0,-1.5123841382535464e-14,,0.0,11.202592583871446,11.202592583871446,2.2821376720595645,0.17770781746392164,0.32474434199993363,"{""2"": 11, ""3"": 10, ""4"": 9}",11.202592583871446,11.202566781051605,30.468595744323515,1e-05,True,40,development_isotonic_frozen
s1-i4,development,1,structural,random_balanced,76993f31911749ca,"[[0, 1, 2, 3, 4, 5, 6, 7, 8, 9, 10, 11]]",4.814453986849428,-0.0,0.0,-1.5123841382535464e-14,,0.0,11.202592583871446,11.202592583871446,4.814453986849428,1.2436321176710954,0.0,"{""2"": 11, ""3"": 10, ""4"": 9}",11.202592583871446,11.202566781051605,30.468595744323515,1e-05,True,40,development_isotonic_frozen
s1-i4,development,1,structural,confidence,76993f31911749ca,"[[0, 1, 2, 3, 4, 5, 6, 7, 8, 9, 10, 11]]",4.814453986849428,-0.0,0.0,-1.5123841382535464e-14,,0.0,11.202592583871446,11.202592583871446,4.814453986849428,1.2436321176710954,0.0,"{""2"": 11, ""3"": 10, ""4"": 9}",11.202592583871446,11.202566781051605,30.468595744323515,1e-05,True,40,development_isotonic_frozen
s1-i4,development,1,structural,entropy,76993f31911749ca,"[[0, 1, 2, 3, 4, 5, 6, 7, 8, 9, 10, 11]]",4.814453986849428,-0.0,0.0,-1.5123841382535464e-14,,0.0,11.202592583871446,11.202592583871446,4.814453986849428,1.2436321176710954,0.0,"{""2"": 11, ""3"": 10, ""4"": 9}",11.202592583871446,11.202566781051605,30.468595744323515,1e-05,True,40,development_isotonic_frozen
s1-i4,development,1,structural,dependency_cmi,76993f31911749ca,"[[0, 1, 2, 3, 4, 5, 6, 7, 8, 9, 10, 11]]",4.814453986849428,-0.0,0.0,-1.5123841382535464e-14,,0.0,11.202592583871446,11.202592583871446,4.814453986849428,1.2436321176710954,0.0,"{""2"": 11, ""3"": 10, ""4"": 9}",11.202592583871446,11.202566781051605,30.468595744323515,1e-05,True,40,development_isotonic_frozen
s1-i4,development,1,structural,min_within_batch_tc,76993f31911749ca,"[[0, 1, 2, 3, 4, 5, 6, 7, 8, 9, 10, 11]]",4.814453986849428,-0.0,0.0,-1.5123841382535464e-14,,0.0,11.202592583871446,11.202592583871446,4.814453986849428,1.2436321176710954,0.0,"{""2"": 11, ""3"": 10, ""4"": 9}",11.202592583871446,11.202566781051605,30.468595744323515,1e-05,True,40,development_isotonic_frozen
s1-i4,development,1,structural,dprm_myopic,76993f31911749ca,"[[0, 1, 2, 3, 4, 5, 6, 7, 8, 9, 10, 11]]",4.814453986849428,-0.0,0.0,-1.5123841382535464e-14,,0.0,11.202592583871446,11.202592583871446,4.814453986849428,1.2436321176710954,0.0,"{""2"": 11, ""3"": 10, ""4"": 9}",11.202592583871446,11.202566781051605,30.468595744323515,1e-05,True,40,development_isotonic_frozen
s1-i4,development,1,structural,dprm_rollout,76993f31911749ca,"[[0, 1, 2, 3, 4, 5, 6, 7, 8, 9, 10, 11]]",4.814453986849428,-0.0,0.0,-1.5123841382535464e-14,,0.0,11.202592583871446,11.202592583871446,4.814453986849428,1.2436321176710954,0.0,"{""2"": 11, ""3"": 10, ""4"": 9}",11.202592583871446,11.202566781051605,30.468595744323515,1e-05,True,40,development_isotonic_frozen
s1-i4,development,1,structural,subset_exact,76993f31911749ca,"[[0, 1, 2, 3, 4, 5, 6, 7, 8, 9, 10, 11]]",4.814453986849428,-0.0,0.0,-1.5123841382535464e-14,,0.0,11.202592583871446,11.202592583871446,4.814453986849428,1.2436321176710954,0.0,"{""2"": 11, ""3"": 10, ""4"": 9}",11.202592583871446,11.202566781051605,30.468595744323515,1e-05,True,40,development_isotonic_frozen
s1-i4,development,1,structural,subset_beam_8,76993f31911749ca,"[[0, 1, 2, 3, 4, 5, 6, 7, 8, 9, 10, 11]]",4.814453986849428,-0.0,0.0,-1.5123841382535464e-14,,0.0,11.202592583871446,11.202592583871446,4.814453986849428,1.2436321176710954,0.0,"{""2"": 11, ""3"": 10, ""4"": 9}",11.202592583871446,11.202566781051605,30.468595744323515,1e-05,True,40,development_isotonic_frozen
s1-i4,development,1,structural,subset_beam_32,76993f31911749ca,"[[0, 1, 2, 3, 4, 5, 6, 7, 8, 9, 10, 11]]",4.814453986849428,-0.0,0.0,-1.5123841382535464e-14,,0.0,11.202592583871446,11.202592583871446,4.814453986849428,1.2436321176710954,0.0,"{""2"": 11, ""3"": 10, ""4"": 9}",11.202592583871446,11.202566781051605,30.468595744323515,1e-05,True,40,development_isotonic_frozen
s1-i4,development,1,structural,saps_diagonal,76993f31911749ca,"[[0, 1, 2, 3, 4, 5, 6, 7, 8, 9, 10, 11]]",4.814453986849428,-0.0,0.0,-1.5123841382535464e-14,,0.0,11.202592583871446,11.202592583871446,4.814453986849428,1.2436321176710954,0.0,"{""2"": 11, ""3"": 10, ""4"": 9}",11.202592583871446,11.202566781051605,30.468595744323515,1e-05,True,40,development_isotonic_frozen
s1-i4,development,1,structural,p_saps_residualized,76993f31911749ca,"[[0, 1, 2, 3, 4, 5, 6, 7, 8, 9, 10, 11]]",4.814453986849428,-0.0,0.0,-1.5123841382535464e-14,,0.0,11.202592583871446,11.202592583871446,4.814453986849428,1.2436321176710954,0.0,"{""2"": 11, ""3"": 10, ""4"": 9}",11.202592583871446,11.202566781051605,30.468595744323515,1e-05,True,40,development_isotonic_frozen
s1-i4,development,1,structural,p_saps_projection,76993f31911749ca,"[[0, 1, 2, 3, 4, 5, 6, 7, 8, 9, 10, 11]]",4.814453986849428,-0.0,0.0,-1.5123841382535464e-14,,0.0,11.202592583871446,11.202592583871446,4.814453986849428,1.2436321176710954,0.0,"{""2"": 11, ""3"": 10, ""4"": 9}",11.202592583871446,11.202566781051605,30.468595744323515,1e-05,True,40,development_isotonic_frozen
s1-i4,development,1,structural,b_saps_budgeted,76993f31911749ca,"[[0, 1, 2, 3, 4, 5, 6, 7, 8, 9, 10, 11]]",4.814453986849428,-0.0,0.0,-1.5123841382535464e-14,,0.0,11.202592583871446,11.202592583871446,4.814453986849428,1.2436321176710954,0.0,"{""2"": 11, ""3"": 10, ""4"": 9}",11.202592583871446,11.202566781051605,30.468595744323515,1e-05,True,40,development_isotonic_frozen
s1-i4,development,1,structural,random_balanced,76993f31911749ca,"[[0, 1, 2, 3, 4, 5, 6, 7, 8, 9, 10, 11]]",6.7797492149574206,-0.0,0.0,-1.5123841382535464e-14,,0.0,11.202592583871446,11.202592583871446,6.7797492149574206,1.125511821674847,-0.519297061494806,"{""2"": 11, ""3"": 10, ""4"": 9}",11.202592583871446,11.202566781051605,30.468595744323515,1e-05,True,40,development_isotonic_frozen
s1-i4,development,1,structural,confidence,76993f31911749ca,"[[0, 1, 2, 3, 4, 5, 6, 7, 8, 9, 10, 11]]",6.7797492149574206,-0.0,0.0,-1.5123841382535464e-14,,0.0,11.202592583871446,11.202592583871446,6.7797492149574206,1.125511821674847,-0.519297061494806,"{""2"": 11, ""3"": 10, ""4"": 9}",11.202592583871446,11.202566781051605,30.468595744323515,1e-05,True,40,development_isotonic_frozen
s1-i4,development,1,structural,entropy,76993f31911749ca,"[[0, 1, 2, 3, 4, 5, 6, 7, 8, 9, 10, 11]]",6.7797492149574206,-0.0,0.0,-1.5123841382535464e-14,,0.0,11.202592583871446,11.202592583871446,6.7797492149574206,1.125511821674847,-0.519297061494806,"{""2"": 11, ""3"": 10, ""4"": 9}",11.202592583871446,11.202566781051605,30.468595744323515,1e-05,True,40,development_isotonic_frozen
s1-i4,development,1,structural,dependency_cmi,76993f31911749ca,"[[0, 1, 2, 3, 4, 5, 6, 7, 8, 9, 10, 11]]",6.7797492149574206,-0.0,0.0,-1.5123841382535464e-14,,0.0,11.202592583871446,11.202592583871446,6.7797492149574206,1.125511821674847,-0.519297061494806,"{""2"": 11, ""3"": 10, ""4"": 9}",11.202592583871446,11.202566781051605,30.468595744323515,1e-05,True,40,development_isotonic_frozen
s1-i4,development,1,structural,min_within_batch_tc,76993f31911749ca,"[[0, 1, 2, 3, 4, 5, 6, 7, 8, 9, 10, 11]]",6.7797492149574206,-0.0,0.0,-1.5123841382535464e-14,,0.0,11.202592583871446,11.202592583871446,6.7797492149574206,1.125511821674847,-0.519297061494806,"{""2"": 11, ""3"": 10, ""4"": 9}",11.202592583871446,11.202566781051605,30.468595744323515,1e-05,True,40,development_isotonic_frozen
s1-i4,development,1,structural,dprm_myopic,76993f31911749ca,"[[0, 1, 2, 3, 4, 5, 6, 7, 8, 9, 10, 11]]",6.7797492149574206,-0.0,0.0,-1.5123841382535464e-14,,0.0,11.202592583871446,11.202592583871446,6.7797492149574206,1.125511821674847,-0.519297061494806,"{""2"": 11, ""3"": 10, ""4"": 9}",11.202592583871446,11.202566781051605,30.468595744323515,1e-05,True,40,development_isotonic_frozen
s1-i4,development,1,structural,dprm_rollout,76993f31911749ca,"[[0, 1, 2, 3, 4, 5, 6, 7, 8, 9, 10, 11]]",6.7797492149574206,-0.0,0.0,-1.5123841382535464e-14,,0.0,11.202592583871446,11.202592583871446,6.7797492149574206,1.125511821674847,-0.519297061494806,"{""2"": 11, ""3"": 10, ""4"": 9}",11.202592583871446,11.202566781051605,30.468595744323515,1e-05,True,40,development_isotonic_frozen
s1-i4,development,1,structural,subset_exact,76993f31911749ca,"[[0, 1, 2, 3, 4, 5, 6, 7, 8, 9, 10, 11]]",6.7797492149574206,-0.0,0.0,-1.5123841382535464e-14,,0.0,11.202592583871446,11.202592583871446,6.7797492149574206,1.125511821674847,-0.519297061494806,"{""2"": 11, ""3"": 10, ""4"": 9}",11.202592583871446,11.202566781051605,30.468595744323515,1e-05,True,40,development_isotonic_frozen
s1-i4,development,1,structural,subset_beam_8,76993f31911749ca,"[[0, 1, 2, 3, 4, 5, 6, 7, 8, 9, 10, 11]]",6.7797492149574206,-0.0,0.0,-1.5123841382535464e-14,,0.0,11.202592583871446,11.202592583871446,6.7797492149574206,1.125511821674847,-0.519297061494806,"{""2"": 11, ""3"": 10, ""4"": 9}",11.202592583871446,11.202566781051605,30.468595744323515,1e-05,True,40,development_isotonic_frozen
s1-i4,development,1,structural,subset_beam_32,76993f31911749ca,"[[0, 1, 2, 3, 4, 5, 6, 7, 8, 9, 10, 11]]",6.7797492149574206,-0.0,0.0,-1.5123841382535464e-14,,0.0,11.202592583871446,11.202592583871446,6.7797492149574206,1.125511821674847,-0.519297061494806,"{""2"": 11, ""3"": 10, ""4"": 9}",11.202592583871446,11.202566781051605,30.468595744323515,1e-05,True,40,development_isotonic_frozen
s1-i4,development,1,structural,saps_diagonal,76993f31911749ca,"[[0, 1, 2, 3, 4, 5, 6, 7, 8, 9, 10, 11]]",6.7797492149574206,-0.0,0.0,-1.5123841382535464e-14,,0.0,11.202592583871446,11.202592583871446,6.7797492149574206,1.125511821674847,-0.519297061494806,"{""2"": 11, ""3"": 10, ""4"": 9}",11.202592583871446,11.202566781051605,30.468595744323515,1e-05,True,40,development_isotonic_frozen
s1-i4,development,1,structural,p_saps_residualized,76993f31911749ca,"[[0, 1, 2, 3, 4, 5, 6, 7, 8, 9, 10, 11]]",6.7797492149574206,-0.0,0.0,-1.5123841382535464e-14,,0.0,11.202592583871446,11.202592583871446,6.7797492149574206,1.125511821674847,-0.519297061494806,"{""2"": 11, ""3"": 10, ""4"": 9}",11.202592583871446,11.202566781051605,30.468595744323515,1e-05,True,40,development_isotonic_frozen
s1-i4,development,1,structural,p_saps_projection,76993f31911749ca,"[[0, 1, 2, 3, 4, 5, 6, 7, 8, 9, 10, 11]]",6.7797492149574206,-0.0,0.0,-1.5123841382535464e-14,,0.0,11.202592583871446,11.202592583871446,6.7797492149574206,1.125511821674847,-0.519297061494806,"{""2"": 11, ""3"": 10, ""4"": 9}",11.202592583871446,11.202566781051605,30.468595744323515,1e-05,True,40,development_isotonic_frozen
s1-i4,development,1,structural,b_saps_budgeted,76993f31911749ca,"[[0, 1, 2, 3, 4, 5, 6, 7, 8, 9, 10, 11]]",6.7797492149574206,-0.0,0.0,-1.5123841382535464e-14,,0.0,11.202592583871446,11.202592583871446,6.7797492149574206,1.125511821674847,-0.519297061494806,"{""2"": 11, ""3"": 10, ""4"": 9}",11.202592583871446,11.202566781051605,30.468595744323515,1e-05,True,40,development_isotonic_frozen
s1-i4,development,1,structural,random_balanced,78de9e3a41b54e93,"[[0, 1, 3, 4, 5, 9], [2, 6, 7, 8, 10, 11]]",4.018049847894572,-0.25058112883975475,0.5711197435602822,-5.400972437421505e-15,,13.0,10.323937289938858,10.323937289938858,3.8519541225955076,0.026289287133976706,0.32474434199993363,"{""2"": 11, ""1"": 13, ""3"": 6}",10.323937289938858,10.323885256441407,26.325680403902616,1e-05,True,40,development_isotonic_frozen
s1-i4,development,1,structural,confidence,536b5043fdef9568,"[[0, 2, 4, 5, 7, 10], [1, 3, 6, 8, 9, 11]]",4.018049847894572,-0.21585790035398325,0.6049953285294586,-6.383211247582394e-15,,16.0,10.384035802421142,10.384035802421142,4.317942870484211,0.12143617463463005,0.32474434199993363,"{""1"": 16, ""2"": 12, ""3"": 2}",10.384035802421142,10.38391293362012,22.583208092909512,1e-05,True,40,development_isotonic_frozen
s1-i4,development,1,structural,entropy,c75b91e9d22f20c6,"[[0, 3, 4, 5, 7, 10], [1, 2, 6, 8, 9, 11]]",4.018049847894572,-0.21825540959082815,0.6109653002444086,-6.296111767520153e-15,,13.0,10.332525009856909,10.332525009856909,4.201445683512035,0.2922549451455965,-1.9352621227985691,"{""1"": 13, ""2"": 14, ""3"": 3}",10.332525009856909,10.332486695648228,21.20048013657131,1e-05,True,40,development_isotonic_frozen
s1-i4,development,1,structural,dependency_cmi,03062de7a7534506,"[[0, 2, 4, 6, 8, 9], [1, 3, 5, 7, 10, 11]]",4.018049847894572,-0.27754600904931176,0.5235945448999889,-6.2457138010028824e-15,,16.0,10.956945088300307,10.956945088300307,4.550937244428563,0.3645156837086371,0.32474434199993363,"{""1"": 16, ""2"": 14}",10.956945088300307,10.95678103425173,21.20655003745441,1e-05,True,40,development_isotonic_frozen
s1-i4,development,1,structural,min_within_batch_tc,03062de7a7534506,"[[0, 2, 4, 6, 8, 9], [1, 3, 5, 7, 10, 11]]",4.018049847894572,-0.27754600904931176,0.5235945448999889,-6.2457138010028824e-15,,16.0,10.956945088300307,10.956945088300307,4.550937244428563,0.3645156837086371,0.32474434199993363,"{""1"": 16, ""2"": 14}",10.956945088300307,10.95678103425173,21.20655003745441,1e-05,True,40,development_isotonic_frozen
s1-i4,development,1,structural,dprm_myopic,b2e92abb49752dfb,"[[2, 3, 4, 5, 9, 10], [0, 1, 6, 7, 8, 11]]",4.018049847894572,-0.25133317911338077,0.5715257784922055,-6.242844616264615e-15,,10.0,12.094487976842085,12.094487976842085,3.8458037870513238,0.003637207637839028,0.32474434199993363,"{""2"": 14, ""1"": 10, ""3"": 5, ""4"": 1}",12.094487976842085,12.094393110449142,24.297186033856697,1e-05,True,40,development_isotonic_frozen
s1-i4,development,1,structural,dprm_rollout,4181091a3caa42d5,"[[0, 1, 2, 5, 10, 11], [3, 4, 6, 7, 8, 9]]",4.018049847894572,-0.26140869626458557,0.5514898853197275,-5.580758407227989e-15,,7.0,11.99833801054157,11.99833801054157,3.6128094131069717,0.05645560595458853,0.32474434199993363,"{""2"": 15, ""3"": 7, ""1"": 7, ""4"": 1}",11.99833801054157,11.998138652278072,26.770873138446234,1e-05,True,40,development_isotonic_frozen
s1-i4,development,1,structural,subset_exact,1ff5cd50bed89e7b,"[[0, 1, 5, 6, 8, 11], [2, 3, 4, 7, 9, 10]]",4.018049847894572,-0.2910397277251084,0.5090685727036233,-6.536544295617198e-15,,11.0,11.4466172956947,11.4466172956947,4.08494849653986,0.10140590789169207,4.747345090894979,"{""2"": 15, ""1"": 11, ""3"": 4}",11.4466172956947,11.446499027542275,23.604018150159792,1e-05,True,40,development_isotonic_frozen
s1-i4,development,1,structural,subset_beam_8,d49e3236e50fea71,"[[0, 1, 2, 3, 5, 6], [4, 7, 8, 9, 10, 11]]",4.018049847894572,-0.2575534215570305,0.5559542795619672,-9.500711957921158e-15,,10.0,11.89825233838017,11.89825233838017,3.4840115550464277,0.0,2.260006464798503,"{""2"": 11, ""3"": 6, ""4"": 3, ""1"": 10}",11.89825233838017,11.898199474760721,27.043145575936446,1e-05,True,40,development_isotonic_frozen
s1-i4,development,1,structural,subset_beam_32,1ff5cd50bed89e7b,"[[0, 1, 5, 6, 8, 11], [2, 3, 4, 7, 9, 10]]",4.018049847894572,-0.2910397277251084,0.5090685727036233,-6.536544295617198e-15,,11.0,11.4466172956947,11.4466172956947,4.08494849653986,0.10140590789169207,4.747345090894979,"{""2"": 15, ""1"": 11, ""3"": 4}",11.4466172956947,11.446499027542275,23.604018150159792,1e-05,True,40,development_isotonic_frozen
s1-i4,development,1,structural,saps_diagonal,8d048f2e96192b20,"[[1, 3, 4, 6, 7, 9], [0, 2, 5, 8, 10, 11]]",4.018049847894572,-0.2802531026393282,0.5360947862098965,-5.999432952828006e-15,,19.0,14.133218167255617,14.133218167255617,4.434440057456388,0.34865619370820355,-0.6043192882929806,"{""1"": 19, ""2"": 10, ""3"": 1}",14.133218167255617,14.133158512672669,18.63977654946792,1e-05,True,40,development_isotonic_frozen
s1-i4,development,1,structural,p_saps_residualized,4c02e9bfbc697ac8,"[[1, 3, 5, 6, 8, 9], [0, 2, 4, 7, 10, 11]]",4.018049847894572,-0.3015396905115581,0.5050980264212926,-6.056492318919015e-15,,18.0,12.197573118239717,12.197573118239717,4.550937244428563,0.2677991733310172,0.32474434199993363,"{""1"": 18, ""2"": 12}",12.197573118239717,12.197454098673893,23.02089433840995,1e-05,True,80,development_isotonic_frozen
s1-i4,development,1,structural,p_saps_projection,8d048f2e96192b20,"[[1, 3, 4, 6, 7, 9], [0, 2, 5, 8, 10, 11]]",4.018049847894572,-0.2802531026393282,0.5360947862098965,-5.999432952828006e-15,,19.0,14.133218167255617,14.133218167255617,4.434440057456388,0.34865619370820355,-0.6043192882929806,"{""1"": 19, ""2"": 10, ""3"": 1}",14.133218167255617,14.133158512672669,18.63977654946792,1e-05,True,640,development_isotonic_frozen
s1-i4,development,1,structural,b_saps_budgeted,35c9dee01023a7da,"[[0, 1, 4, 5, 8, 9], [2, 3, 6, 7, 10, 11]]",4.018049847894572,-0.2621625387384657,0.5467703384154982,-5.090539693693621e-15,,10.0,12.019356384943725,12.019356384943725,4.550937244428563,0.6681530502931442,0.32474434199993363,"{""2"": 20, ""1"": 10}",12.019356384943725,12.019252393655274,22.84544838796231,1e-05,True,40,development_isotonic_frozen
s1-i4,development,1,structural,random_balanced,78de9e3a41b54e93,"[[0, 1, 3, 4, 5, 9], [2, 6, 7, 8, 10, 11]]",8.150014530074086,-0.25058112883975475,0.5711197435602822,-5.400972437421505e-15,,13.0,10.323937289938858,10.323937289938858,7.814360638931983,0.895835902077476,5.209506565724933,"{""2"": 11, ""1"": 13, ""3"": 6}",10.323937289938858,10.323885256441407,26.325680403902616,1e-05,True,40,development_isotonic_frozen
s1-i4,development,1,structural,confidence,536b5043fdef9568,"[[0, 2, 4, 5, 7, 10], [1, 3, 6, 8, 9, 11]]",8.150014530074086,-0.21585790035398325,0.6049953285294586,-6.383211247582394e-15,,16.0,10.384035802421142,10.384035802421142,8.737408839572769,0.6594782271444494,3.69820764630188,"{""1"": 16, ""2"": 12, ""3"": 2}",10.384035802421142,10.38391293362012,22.583208092909512,1e-05,True,40,development_isotonic_frozen
s1-i4,development,1,structural,entropy,c75b91e9d22f20c6,"[[0, 3, 4, 5, 7, 10], [1, 2, 6, 8, 9, 11]]",8.150014530074086,-0.21825540959082815,0.6109653002444086,-6.296111767520153e-15,,13.0,10.332525009856909,10.332525009856909,8.506646789412573,0.71511025892325,0.0,"{""1"": 13, ""2"": 14, ""3"": 3}",10.332525009856909,10.332486695648228,21.20048013657131,1e-05,True,40,development_isotonic_frozen
s1-i4,development,1,structural,dependency_cmi,03062de7a7534506,"[[0, 2, 4, 6, 8, 9], [1, 3, 5, 7, 10, 11]]",8.150014530074086,-0.27754600904931176,0.5235945448999889,-6.2457138010028824e-15,,16.0,10.956945088300307,10.956945088300307,9.198932939893162,0.23144509797946794,4.387701282429807,"{""1"": 16, ""2"": 14}",10.956945088300307,10.95678103425173,21.20655003745441,1e-05,True,40,development_isotonic_frozen
s1-i4,development,1,structural,min_within_batch_tc,03062de7a7534506,"[[0, 2, 4, 6, 8, 9], [1, 3, 5, 7, 10, 11]]",8.150014530074086,-0.27754600904931176,0.5235945448999889,-6.2457138010028824e-15,,16.0,10.956945088300307,10.956945088300307,9.198932939893162,0.23144509797946794,4.387701282429807,"{""1"": 16, ""2"": 14}",10.956945088300307,10.95678103425173,21.20655003745441,1e-05,True,40,development_isotonic_frozen
s1-i4,development,1,structural,dprm_myopic,b2e92abb49752dfb,"[[2, 3, 4, 5, 9, 10], [0, 1, 6, 7, 8, 11]]",8.150014530074086,-0.25133317911338077,0.5715257784922055,-6.242844616264615e-15,,10.0,12.094487976842085,12.094487976842085,7.814360638931983,1.0003149362255277,2.260006464798503,"{""2"": 14, ""1"": 10, ""3"": 5, ""4"": 1}",12.094487976842085,12.094393110449142,24.297186033856697,1e-05,True,40,development_isotonic_frozen
s1-i4,development,1,structural,dprm_rollout,4d2f2c4b3f28e0ff,"[[1, 2, 5, 7, 8, 9], [0, 3, 4, 6, 10, 11]]",8.150014530074086,-0.2865020227692399,0.5109618215780438,-5.986330032361691e-15,,14.0,15.128860195282614,15.128860195282614,8.737408839572769,0.5752080873179766,7.83323628763325,"{""1"": 14, ""2"": 14, ""3"": 2}",15.128860195282614,15.128756496581094,20.429586432895302,1e-05,True,40,development_isotonic_frozen
s1-i4,development,1,structural,subset_exact,2338e1183927a4fb,"[[0, 1, 3, 5, 8, 11], [2, 4, 6, 7, 9, 10]]",8.150014530074086,-0.2838674981600608,0.519909609248912,-5.7792534862281866e-15,,12.0,11.249946412163736,11.249946412163736,8.506646789412573,0.7712211478926503,9.982528706422785,"{""2"": 15, ""1"": 12, ""3"": 3}",11.249946412163736,11.249789395085358,25.697123760515584,1e-05,True,40,development_isotonic_frozen
s1-i4,development,1,structural,subset_beam_8,969327ddbdc69166,"[[0, 1, 3, 5, 8, 9], [2, 4, 6, 7, 10, 11]]",8.150014530074086,-0.27987327821516134,0.5287574139017549,-5.035642931697299e-15,,13.0,13.657864402985687,13.657864402985687,8.968170889732965,1.9184434905325753,9.271437469136627,"{""2"": 16, ""1"": 13, ""3"": 1}",13.657864402985687,13.657637839669722,25.677416284728693,1e-05,True,40,development_isotonic_frozen
s1-i4,development,1,structural,subset_beam_32,2338e1183927a4fb,"[[0, 1, 3, 5, 8, 11], [2, 4, 6, 7, 9, 10]]",8.150014530074086,-0.2838674981600608,0.519909609248912,-5.7792534862281866e-15,,12.0,11.249946412163736,11.249946412163736,8.506646789412573,0.7712211478926503,9.982528706422785,"{""2"": 15, ""1"": 12, ""3"": 3}",11.249946412163736,11.249789395085358,25.697123760515584,1e-05,True,40,development_isotonic_frozen
s1-i4,development,1,structural,saps_diagonal,8d048f2e96192b20,"[[1, 3, 4, 6, 7, 9], [0, 2, 5, 8, 10, 11]]",8.150014530074086,-0.2802531026393282,0.5360947862098965,-5.999432952828006e-15,,19.0,14.133218167255617,14.133218167255617,8.968170889732965,0.722231670306552,2.9495001009264303,"{""1"": 19, ""2"": 10, ""3"": 1}",14.133218167255617,14.133158512672669,18.63977654946792,1e-05,True,40,development_isotonic_frozen
s1-i4,development,1,structural,p_saps_residualized,4c02e9bfbc697ac8,"[[1, 3, 5, 6, 8, 9], [0, 2, 4, 7, 10, 11]]",8.150014530074086,-0.3015396905115581,0.5050980264212926,-6.056492318919015e-15,,18.0,12.197573118239717,12.197573118239717,9.198932939893162,2.3850117818522394,5.573229822834747,"{""1"": 18, ""2"": 12}",12.197573118239717,12.197454098673893,23.02089433840995,1e-05,True,80,development_isotonic_frozen
s1-i4,development,1,structural,p_saps_projection,8d048f2e96192b20,"[[1, 3, 4, 6, 7, 9], [0, 2, 5, 8, 10, 11]]",8.150014530074086,-0.2802531026393282,0.5360947862098965,-5.999432952828006e-15,,19.0,14.133218167255617,14.133218167255617,8.968170889732965,0.722231670306552,2.9495001009264303,"{""1"": 19, ""2"": 10, ""3"": 1}",14.133218167255617,14.133158512672669,18.63977654946792,1e-05,True,640,development_isotonic_frozen
s1-i4,development,1,structural,b_saps_budgeted,35c9dee01023a7da,"[[0, 1, 4, 5, 8, 9], [2, 3, 6, 7, 10, 11]]",8.150014530074086,-0.2621625387384657,0.5467703384154982,-5.090539693693621e-15,,10.0,12.019356384943725,12.019356384943725,9.198932939893162,0.4185205225231097,1.4787697861474873,"{""2"": 20, ""1"": 10}",12.019356384943725,12.019252393655274,22.84544838796231,1e-05,True,40,development_isotonic_frozen
s1-i4,development,1,structural,random_balanced,78de9e3a41b54e93,"[[0, 1, 3, 4, 5, 9], [2, 6, 7, 8, 10, 11]]",11.572439438933237,-0.25058112883975475,0.5711197435602822,-5.400972437421505e-15,,13.0,10.323937289938858,10.323937289938858,11.090156145954538,0.6222471490380701,-1.445463791451564,"{""2"": 11, ""1"": 13, ""3"": 6}",10.323937289938858,10.323885256441407,26.325680403902616,1e-05,True,40,development_isotonic_frozen
s1-i4,development,1,structural,confidence,536b5043fdef9568,"[[0, 2, 4, 5, 7, 10], [1, 3, 6, 8, 9, 11]]",11.572439438933237,-0.21585790035398325,0.6049953285294586,-6.383211247582394e-15,,16.0,10.384035802421142,10.384035802421142,12.416435201645958,0.6707445927318589,0.0,"{""1"": 16, ""2"": 12, ""3"": 2}",10.384035802421142,10.38391293362012,22.583208092909512,1e-05,True,40,development_isotonic_frozen
s1-i4,development,1,structural,entropy,c75b91e9d22f20c6,"[[0, 3, 4, 5, 7, 10], [1, 2, 6, 8, 9, 11]]",11.572439438933237,-0.21825540959082815,0.6109653002444086,-6.296111767520153e-15,,13.0,10.332525009856909,10.332525009856909,12.084865437723105,4.167712126267538,-0.7667608284657028,"{""1"": 13, ""2"": 14, ""3"": 3}",10.332525009856909,10.332486695648228,21.20048013657131,1e-05,True,40,development_isotonic_frozen
s1-i4,development,1,structural,dependency_cmi,03062de7a7534506,"[[0, 2, 4, 6, 8, 9], [1, 3, 5, 7, 10, 11]]",11.572439438933237,-0.27754600904931176,0.5235945448999889,-6.2457138010028824e-15,,16.0,10.956945088300307,10.956945088300307,13.07957472949167,1.992632968840131,-1.195486143183244,"{""1"": 16, ""2"": 14}",10.956945088300307,10.95678103425173,21.20655003745441,1e-05,True,40,development_isotonic_frozen
s1-i4,development,1,structural,min_within_batch_tc,03062de7a7534506,"[[0, 2, 4, 6, 8, 9], [1, 3, 5, 7, 10, 11]]",11.572439438933237,-0.27754600904931176,0.5235945448999889,-6.2457138010028824e-15,,16.0,10.956945088300307,10.956945088300307,13.07957472949167,1.992632968840131,-1.195486143183244,"{""1"": 16, ""2"": 14}",10.956945088300307,10.95678103425173,21.20655003745441,1e-05,True,40,development_isotonic_frozen
s1-i4,development,1,structural,dprm_myopic,b2e92abb49752dfb,"[[2, 3, 4, 5, 9, 10], [0, 1, 6, 7, 8, 11]]",11.572439438933237,-0.25133317911338077,0.5715257784922055,-6.242844616264615e-15,,10.0,12.094487976842085,12.094487976842085,11.090156145954538,1.3811516137851125,-1.7866245225019721,"{""2"": 14, ""1"": 10, ""3"": 5, ""4"": 1}",12.094487976842085,12.094393110449142,24.297186033856697,1e-05,True,40,development_isotonic_frozen
s1-i4,development,1,structural,dprm_rollout,63248818aaad6c53,"[[0, 1, 3, 5, 6, 10], [2, 4, 7, 8, 9, 11]]",11.572439438933237,-0.251471048033956,0.5751250939178988,-6.744014102437527e-15,,14.0,10.575376802127993,10.575376802127993,11.753295673800249,2.352141079836273,-1.2351446555496302,"{""2"": 12, ""1"": 14, ""3"": 4}",10.575376802127993,10.575316340434536,25.51571620685932,1e-05,True,40,development_isotonic_frozen
s1-i4,development,1,structural,subset_exact,f118fb90e47387ce,"[[4, 6, 7, 8, 9, 11], [0, 1, 2, 3, 5, 10]]",11.572439438933237,-0.3084771591096022,0.489232622577668,-5.997963858033117e-15,,13.0,9.282810955002732,9.282810955002732,10.427016618108828,0.6456009601114118,2.5529647255702317,"{""2"": 9, ""3"": 6, ""4"": 2, ""1"": 13}",9.282810955002732,9.282754201904739,22.44796940050173,1e-05,True,40,development_isotonic_frozen
s1-i4,development,1,structural,subset_beam_8,502bd8eda13da5c3,"[[0, 2, 6, 7, 8, 10], [1, 3, 4, 5, 9, 11]]",11.572439438933237,-0.26579576973803964,0.5394336621293069,-6.423738199123856e-15,,14.0,9.782520052203662,9.782520052203662,11.421725909877393,1.4798054220026993,1.65898080107101,"{""1"": 14, ""2"": 11, ""3"": 5}",9.782520052203662,9.78246650264947,23.904954654101726,1e-05,True,40,development_isotonic_frozen
s1-i4,development,1,structural,subset_beam_32,f118fb90e47387ce,"[[4, 6, 7, 8, 9, 11], [0, 1, 2, 3, 5, 10]]",11.572439438933237,-0.3084771591096022,0.489232622577668,-5.997963858033117e-15,,13.0,9.282810955002732,9.282810955002732,10.427016618108828,0.6456009601114118,2.5529647255702317,"{""2"": 9, ""3"": 6, ""4"": 2, ""1"": 13}",9.282810955002732,9.282754201904739,22.44796940050173,1e-05,True,40,development_isotonic_frozen
s1-i4,development,1,structural,saps_diagonal,8d048f2e96192b20,"[[1, 3, 4, 6, 7, 9], [0, 2, 5, 8, 10, 11]]",11.572439438933237,-0.2802531026393282,0.5360947862098965,-5.999432952828006e-15,,19.0,14.133218167255617,14.133218167255617,12.748004965568814,1.8476480087162226,-0.8604577925452142,"{""1"": 19, ""2"": 10, ""3"": 1}",14.133218167255617,14.133158512672669,18.63977654946792,1e-05,True,40,development_isotonic_frozen
s1-i4,development,1,structural,p_saps_residualized,4c02e9bfbc697ac8,"[[1, 3, 5, 6, 8, 9], [0, 2, 4, 7, 10, 11]]",11.572439438933237,-0.3015396905115581,0.5050980264212926,-6.056492318919015e-15,,18.0,12.197573118239717,12.197573118239717,13.07957472949167,1.6182680301801071,-1.1870913854109828,"{""1"": 18, ""2"": 12}",12.197573118239717,12.197454098673893,23.02089433840995,1e-05,True,80,development_isotonic_frozen
s1-i4,development,1,structural,p_saps_projection,8d048f2e96192b20,"[[1, 3, 4, 6, 7, 9], [0, 2, 5, 8, 10, 11]]",11.572439438933237,-0.2802531026393282,0.5360947862098965,-5.999432952828006e-15,,19.0,14.133218167255617,14.133218167255617,12.748004965568814,1.8476480087162226,-0.8604577925452142,"{""1"": 19, ""2"": 10, ""3"": 1}",14.133218167255617,14.133158512672669,18.63977654946792,1e-05,True,640,development_isotonic_frozen
s1-i4,development,1,structural,b_saps_budgeted,35c9dee01023a7da,"[[0, 1, 4, 5, 8, 9], [2, 3, 6, 7, 10, 11]]",11.572439438933237,-0.2621625387384657,0.5467703384154982,-5.090539693693621e-15,,10.0,12.019356384943725,12.019356384943725,13.07957472949167,1.9962325100836722,-1.2215617213188366,"{""2"": 20, ""1"": 10}",12.019356384943725,12.019252393655274,22.84544838796231,1e-05,True,40,development_isotonic_frozen
s1-i4,development,1,structural,random_balanced,aaefa6cf1ead21a3,"[[1, 4, 5, 9], [0, 3, 10, 11], [2, 6, 7, 8]]",4.379033187130767,-0.5266839446834614,1.1141157053978625,-3.16096315352884e-15,,18.0,9.415024525882398,9.415024525882398,4.201445683512035,0.0018774127650916003,0.32474434199993363,"{""1"": 18, ""2"": 9, ""3"": 3}",9.415024525882398,9.414948081176806,17.425770222356206,1e-05,True,40,development_isotonic_frozen
s1-i4,development,1,structural,confidence,b295a29f08a70d47,"[[0, 4, 5, 10], [1, 2, 3, 7], [6, 8, 9, 11]]",4.379033187130767,-0.44244597934619606,1.2089743835063895,-3.989459902475939e-15,,12.0,9.797846635242113,9.797846635242113,3.9684513095676834,0.8359287665427698,0.32474434199993363,"{""1"": 12, ""2"": 13, ""3"": 5}",9.797846635242113,9.797805163805997,24.01257326830703,1e-05,True,40,development_isotonic_frozen
s1-i4,development,1,structural,entropy,b295a29f08a70d47,"[[0, 4, 5, 10], [1, 2, 3, 7], [6, 8, 9, 11]]",4.379033187130767,-0.44244597934619606,1.2089743835063895,-3.989459902475939e-15,,12.0,9.797846635242113,9.797846635242113,3.9684513095676834,0.8359287665427698,0.32474434199993363,"{""1"": 12, ""2"": 13, ""3"": 5}",9.797846635242113,9.797805163805997,24.01257326830703,1e-05,True,40,development_isotonic_frozen
s1-i4,development,1,structural,dependency_cmi,97b57d84f6333e25,"[[0, 2, 4, 9], [3, 6, 8, 10], [1, 5, 7, 11]]",4.379033187130767,-0.5278584958749456,1.0955803741310322,-3.2562018796418595e-15,,26.0,8.70754323648872,8.70754323648872,4.550937244428563,0.11565680797705076,0.32474434199993363,"{""1"": 26, ""2"": 4}",8.70754323648872,8.707492114131423,18.21897707754115,1e-05,True,40,development_isotonic_frozen
s1-i4,development,1,structural,min_within_batch_tc,c15f5d1837288eba,"[[0, 2, 4, 5], [3, 6, 8, 11], [1, 7, 9, 10]]",4.379033187130767,-0.4978724506049373,1.1179067960055462,-4.6400032909201974e-15,,21.0,8.740795516288664,8.740795516288664,4.434440057456388,0.1493837807194074,0.32474434199993363,"{""1"": 21, ""2"": 8, ""3"": 1}",8.740795516288664,8.740733295244524,18.410845209944664,1e-05,True,40,development_isotonic_frozen
s1-i4,development,1,structural,dprm_myopic,b168f08b8ba3c1c4,"[[2, 5, 9, 10], [0, 1, 3, 4], [6, 7, 8, 11]]",4.379033187130767,-0.5087476554330669,1.1318634684647761,-4.730533995330452e-15,,10.0,11.62572212035268,11.62572212035268,3.9684513095676834,0.5996696799728345,0.32474434199993363,"{""2"": 15, ""3"": 5, ""1"": 10}",11.62572212035268,11.625427602462754,21.837543509423195,1e-05,True,40,development_isotonic_frozen
s1-i4,development,1,structural,dprm_rollout,2982b54449308743,"[[1, 2, 5, 11], [0, 3, 4, 10], [6, 7, 8, 9]]",4.379033187130767,-0.528080718543744,1.0949735015770432,-2.9429217056067107e-15,,11.0,12.861010706159242,12.861010706159242,3.9623009740234996,0.5545805122712798,0.32474434199993363,"{""1"": 11, ""2"": 14, ""3"": 4, ""4"": 1}",12.861010706159242,12.860828550029458,21.770869912051044,1e-05,True,40,development_isotonic_frozen
s1-i4,development,1,structural,subset_exact,8688f84f5f58b394,"[[0, 1, 3, 8], [2, 4, 5, 10], [6, 7, 9, 11]]",4.379033187130767,-0.5136055812252197,1.109717260598283,-4.187080482670898e-15,,14.0,10.30198873125756,10.30198873125756,4.317942870484211,0.3040817327813111,4.747345090894979,"{""2"": 14, ""1"": 14, ""3"": 2}",10.30198873125756,10.301667669800231,19.23774719493569,1e-05,True,40,development_isotonic_frozen
s1-i4,development,1,structural,subset_beam_8,8688f84f5f58b394,"[[0, 1, 3, 8], [2, 4, 5, 10], [6, 7, 9, 11]]",4.379033187130767,-0.5136055812252197,1.109717260598283,-4.187080482670898e-15,,14.0,10.30198873125756,10.30198873125756,4.317942870484211,0.3040817327813111,4.747345090894979,"{""2"": 14, ""1"": 14, ""3"": 2}",10.30198873125756,10.301667669800231,19.23774719493569,1e-05,True,40,development_isotonic_frozen
s1-i4,development,1,structural,subset_beam_32,8688f84f5f58b394,"[[0, 1, 3, 8], [2, 4, 5, 10], [6, 7, 9, 11]]",4.379033187130767,-0.5136055812252197,1.109717260598283,-4.187080482670898e-15,,14.0,10.30198873125756,10.30198873125756,4.317942870484211,0.3040817327813111,4.747345090894979,"{""2"": 14, ""1"": 14, ""3"": 2}",10.30198873125756,10.301667669800231,19.23774719493569,1e-05,True,40,development_isotonic_frozen
s1-i4,development,1,structural,saps_diagonal,41af2baaa1f1cbae,"[[2, 4, 6, 9], [0, 3, 7, 10], [1, 5, 8, 11]]",4.379033187130767,-0.5324755693322057,1.0972631221217666,-2.9821998305060332e-15,,28.0,6.773333414045041,6.773333414045041,4.550937244428563,0.050702953945845966,0.32474434199993363,"{""1"": 28, ""2"": 2}",6.773333414045041,6.773306807463201,18.9301491902972,1e-05,True,40,development_isotonic_frozen
s1-i4,development,1,structural,p_saps_residualized,67e298808696ff94,"[[0, 2, 7, 9], [3, 5, 6, 10], [1, 4, 8, 11]]",4.379033187130767,-0.5272892166051723,1.0982476910974908,-3.2348335140058498e-15,,26.0,10.947162624037574,10.947162624037574,4.550937244428563,0.7594138733963001,0.32474434199993363,"{""1"": 26, ""2"": 4}",10.947162624037574,10.947091310862811,19.516268876983766,1e-05,True,80,development_isotonic_frozen
s1-i4,development,1,structural,p_saps_projection,89f732c1eb57c2c0,"[[0, 2, 4, 5], [1, 3, 7, 10], [6, 8, 9, 11]]",4.379033187130767,-0.4485283528692705,1.1898035691504578,-4.398496010961817e-15,,17.0,18.40668131405019,18.40668131405019,4.317942870484211,0.20657420138052732,0.32474434199993363,"{""1"": 17, ""2"": 11, ""3"": 2}",18.40668131405019,18.406563963123354,23.05445570052283,1e-05,True,640,development_isotonic_frozen
s1-i4,development,1,structural,b_saps_budgeted,d7c0764f0475b02e,"[[1, 4, 5, 9], [0, 3, 6, 10], [2, 7, 8, 11]]",4.379033187130767,-0.514348787215987,1.1317809422810834,-2.8557171022360376e-15,,21.0,10.535752286852144,10.535752286852144,4.550937244428563,0.0055383090789698705,0.32474434199993363,"{""1"": 21, ""2"": 9}",10.535752286852144,10.535678217998,16.345129680008313,1e-05,True,40,development_isotonic_frozen
s1-i4,development,1,structural,random_balanced,aaefa6cf1ead21a3,"[[1, 4, 5, 9], [0, 3, 10, 11], [2, 6, 7, 8]]",8.859083375111782,-0.5266839446834614,1.1141157053978625,-3.16096315352884e-15,,18.0,9.415024525882398,9.415024525882398,8.506646789412573,1.117389946951383,6.362146959972234,"{""1"": 18, ""2"": 9, ""3"": 3}",9.415024525882398,9.414948081176806,17.425770222356206,1e-05,True,40,development_isotonic_frozen
s1-i4,development,1,structural,confidence,b295a29f08a70d47,"[[0, 4, 5, 10], [1, 2, 3, 7], [6, 8, 9, 11]]",8.859083375111782,-0.44244597934619606,1.2089743835063895,-3.989459902475939e-15,,12.0,9.797846635242113,9.797846635242113,8.04512268909218,0.07612443316144846,3.587493600292912,"{""1"": 12, ""2"": 13, ""3"": 5}",9.797846635242113,9.797805163805997,24.01257326830703,1e-05,True,40,development_isotonic_frozen
s1-i4,development,1,structural,entropy,b295a29f08a70d47,"[[0, 4, 5, 10], [1, 2, 3, 7], [6, 8, 9, 11]]",8.859083375111782,-0.44244597934619606,1.2089743835063895,-3.989459902475939e-15,,12.0,9.797846635242113,9.797846635242113,8.04512268909218,0.07612443316144846,3.587493600292912,"{""1"": 12, ""2"": 13, ""3"": 5}",9.797846635242113,9.797805163805997,24.01257326830703,1e-05,True,40,development_isotonic_frozen
s1-i4,development,1,structural,dependency_cmi,97b57d84f6333e25,"[[0, 2, 4, 9], [3, 6, 8, 10], [1, 5, 7, 11]]",8.859083375111782,-0.5278584958749456,1.0955803741310322,-3.2562018796418595e-15,,26.0,8.70754323648872,8.70754323648872,9.198932939893162,0.6712006089856237,0.0,"{""1"": 26, ""2"": 4}",8.70754323648872,8.707492114131423,18.21897707754115,1e-05,True,40,development_isotonic_frozen
s1-i4,development,1,structural,min_within_batch_tc,c15f5d1837288eba,"[[0, 2, 4, 5], [3, 6, 8, 11], [1, 7, 9, 10]]",8.859083375111782,-0.4978724506049373,1.1179067960055462,-4.6400032909201974e-15,,21.0,8.740795516288664,8.740795516288664,8.968170889732965,0.20595416236875258,2.9495001009264303,"{""1"": 21, ""2"": 8, ""3"": 1}",8.740795516288664,8.740733295244524,18.410845209944664,1e-05,True,40,development_isotonic_frozen
s1-i4,development,1,structural,dprm_myopic,b168f08b8ba3c1c4,"[[2, 5, 9, 10], [0, 1, 3, 4], [6, 7, 8, 11]]",8.859083375111782,-0.5087476554330669,1.1318634684647761,-4.730533995330452e-15,,10.0,11.62572212035268,11.62572212035268,8.04512268909218,0.9425333981567608,4.598175399450744,"{""2"": 15, ""3"": 5, ""1"": 10}",11.62572212035268,11.625427602462754,21.837543509423195,1e-05,True,40,development_isotonic_frozen
s1-i4,development,1,structural,dprm_rollout,58c1b4f181320eb2,"[[0, 2, 3, 6], [4, 5, 8, 11], [1, 7, 9, 10]]",8.859083375111782,-0.5362289100902827,1.0766945347501786,-5.063522721240414e-15,,17.0,9.305241909218024,9.305241909218024,8.968170889732965,0.8682923467352035,4.387701282429807,"{""1"": 17, ""2"": 12, ""3"": 1}",9.305241909218024,9.305162210452519,19.0762732707605,1e-05,True,40,development_isotonic_frozen
s1-i4,development,1,structural,subset_exact,8b7dc7608027c55e,"[[2, 5, 6, 7], [0, 1, 4, 10], [3, 8, 9, 11]]",8.859083375111782,-0.48960980526698483,1.138282950937376,-4.581427000028258e-15,,18.0,10.825267897210015,10.825267897210015,8.737408839572769,0.29597486628339514,9.69696791916671,"{""2"": 10, ""1"": 18, ""3"": 2}",10.825267897210015,10.825164181126917,20.665395625256657,1e-05,True,40,development_isotonic_frozen
s1-i4,development,1,structural,subset_beam_8,41cc1dde6c709212,"[[0, 1, 7, 9], [2, 4, 5, 10], [3, 6, 8, 11]]",8.859083375111782,-0.5105332377221917,1.121084593989342,-2.4112483204353236e-15,,23.0,11.641794664297073,11.641794664297073,9.198932939893162,0.2921901801247444,9.271437469136627,"{""2"": 7, ""1"": 23}",11.641794664297073,11.641613599383685,16.326965668657405,1e-05,True,40,development_isotonic_frozen
s1-i4,development,1,structural,subset_beam_32,0102a95753f35440,"[[3, 5, 6, 11], [0, 1, 4, 10], [2, 7, 8, 9]]",8.859083375111782,-0.5443554556865702,1.0912248868574312,-3.4388020854749426e-15,,19.0,12.253693762046264,12.253693762046264,8.506646789412573,1.3477237036707541,9.69696791916671,"{""2"": 8, ""1"": 19, ""3"": 3}",12.253693762046264,12.25362080473753,17.742343359186712,1e-05,True,40,development_isotonic_frozen
s1-i4,development,1,structural,saps_diagonal,41af2baaa1f1cbae,"[[2, 4, 6, 9], [0, 3, 7, 10], [1, 5, 8, 11]]",8.859083375111782,-0.5324755693322057,1.0972631221217666,-2.9821998305060332e-15,,28.0,6.773333414045041,6.773333414045041,9.198932939893162,0.33114207763226217,4.387701282429807,"{""1"": 28, ""2"": 2}",6.773333414045041,6.773306807463201,18.9301491902972,1e-05,True,40,development_isotonic_frozen
s1-i4,development,1,structural,p_saps_residualized,67e298808696ff94,"[[0, 2, 7, 9], [3, 5, 6, 10], [1, 4, 8, 11]]",8.859083375111782,-0.5272892166051723,1.0982476910974908,-3.2348335140058498e-15,,26.0,10.947162624037574,10.947162624037574,9.198932939893162,0.3689441903790615,6.64770774722831,"{""1"": 26, ""2"": 4}",10.947162624037574,10.947091310862811,19.516268876983766,1e-05,True,80,development_isotonic_frozen
s1-i4,development,1,structural,p_saps_projection,89f732c1eb57c2c0,"[[0, 2, 4, 5], [1, 3, 7, 10], [6, 8, 9, 11]]",8.859083375111782,-0.4485283528692705,1.1898035691504578,-4.398496010961817e-15,,17.0,18.40668131405019,18.40668131405019,8.737408839572769,0.24476616725059885,3.587493600292912,"{""1"": 17, ""2"": 11, ""3"": 2}",18.40668131405019,18.406563963123354,23.05445570052283,1e-05,True,640,development_isotonic_frozen
s1-i4,development,1,structural,b_saps_budgeted,d7c0764f0475b02e,"[[1, 4, 5, 9], [0, 3, 6, 10], [2, 7, 8, 11]]",8.859083375111782,-0.514348787215987,1.1317809422810834,-2.8557171022360376e-15,,21.0,10.535752286852144,10.535752286852144,9.198932939893162,0.814037497367706,4.923945778468857,"{""1"": 21, ""2"": 9}",10.535752286852144,10.535678217998,16.345129680008313,1e-05,True,40,development_isotonic_frozen
s1-i4,development,1,structural,random_balanced,aaefa6cf1ead21a3,"[[1, 4, 5, 9], [0, 3, 10, 11], [2, 6, 7, 8]]",12.591262895350738,-0.5266839446834614,1.1141157053978625,-3.16096315352884e-15,,18.0,9.415024525882398,9.415024525882398,12.084865437723105,1.2921531706607556,-0.4307010815674239,"{""1"": 18, ""2"": 9, ""3"": 3}",9.415024525882398,9.414948081176806,17.425770222356206,1e-05,True,40,development_isotonic_frozen
s1-i4,development,1,structural,confidence,b295a29f08a70d47,"[[0, 4, 5, 10], [1, 2, 3, 7], [6, 8, 9, 11]]",12.591262895350738,-0.44244597934619606,1.2089743835063895,-3.989459902475939e-15,,12.0,9.797846635242113,9.797846635242113,11.421725909877393,1.801260845146535,-0.893983924499222,"{""1"": 12, ""2"": 13, ""3"": 5}",9.797846635242113,9.797805163805997,24.01257326830703,1e-05,True,40,development_isotonic_frozen
s1-i4,development,1,structural,entropy,b295a29f08a70d47,"[[0, 4, 5, 10], [1, 2, 3, 7], [6, 8, 9, 11]]",12.591262895350738,-0.44244597934619606,1.2089743835063895,-3.989459902475939e-15,,12.0,9.797846635242113,9.797846635242113,11.421725909877393,1.801260845146535,-0.893983924499222,"{""1"": 12, ""2"": 13, ""3"": 5}",9.797846635242113,9.797805163805997,24.01257326830703,1e-05,True,40,development_isotonic_frozen
s1-i4,development,1,structural,dependency_cmi,97b57d84f6333e25,"[[0, 2, 4, 9], [3, 6, 8, 10], [1, 5, 7, 11]]",12.591262895350738,-0.5278584958749456,1.0955803741310322,-3.2562018796418595e-15,,26.0,8.70754323648872,8.70754323648872,13.07957472949167,0.9263588638134068,0.5769282940904348,"{""1"": 26, ""2"": 4}",8.70754323648872,8.707492114131423,18.21897707754115,1e-05,True,40,development_isotonic_frozen
s1-i4,development,1,structural,min_within_batch_tc,c15f5d1837288eba,"[[0, 2, 4, 5], [3, 6, 8, 11], [1, 7, 9, 10]]",12.591262895350738,-0.4978724506049373,1.1179067960055462,-4.6400032909201974e-15,,21.0,8.740795516288664,8.740795516288664,12.748004965568814,2.520390063098882,-0.5463788828002127,"{""1"": 21, ""2"": 8, ""3"": 1}",8.740795516288664,8.740733295244524,18.410845209944664,1e-05,True,40,development_isotonic_frozen
s1-i4,development,1,structural,dprm_myopic,b168f08b8ba3c1c4,"[[2, 5, 9, 10], [0, 1, 3, 4], [6, 7, 8, 11]]",12.591262895350738,-0.5087476554330669,1.1318634684647761,-4.730533995330452e-15,,10.0,11.62572212035268,11.62572212035268,11.421725909877393,0.5111033647678322,-1.7685772598500953,"{""2"": 15, ""3"": 5, ""1"": 10}",11.62572212035268,11.625427602462754,21.837543509423195,1e-05,True,40,development_isotonic_frozen
s1-i4,development,1,structural,dprm_rollout,f46cacb664a16674,"[[0, 4, 5, 10], [1, 3, 6, 8], [2, 7, 9, 11]]",12.591262895350738,-0.46906505698722517,1.1787611832048543,-4.77957317799547e-15,,23.0,13.630124795873808,13.630124795873808,13.07957472949167,2.1540321310528294,-1.2215617213188366,"{""1"": 23, ""2"": 7}",13.630124795873808,13.630039476803516,18.283033184209998,1e-05,True,40,development_isotonic_frozen
s1-i4,development,1,structural,subset_exact,afc55e62be5cd52e,"[[2, 6, 8, 9], [0, 4, 5, 10], [1, 3, 7, 11]]",12.591262895350738,-0.5653435671031466,1.0419169571883786,-2.7219071402276477e-15,,24.0,11.703809760792478,11.703809760792478,13.07957472949167,1.6045319751689051,2.5529647255702317,"{""1"": 24, ""2"": 6}",11.703809760792478,11.703726360765682,19.167237359426444,1e-05,True,40,development_isotonic_frozen
s1-i4,development,1,structural,subset_beam_8,afc55e62be5cd52e,"[[2, 6, 8, 9], [0, 4, 5, 10], [1, 3, 7, 11]]",12.591262895350738,-0.5653435671031466,1.0419169571883786,-2.7219071402276477e-15,,24.0,11.703809760792478,11.703809760792478,13.07957472949167,1.6045319751689051,2.5529647255702317,"{""1"": 24, ""2"": 6}",11.703809760792478,11.703726360765682,19.167237359426444,1e-05,True,40,development_isotonic_frozen
s1-i4,development,1,structural,subset_beam_32,afc55e62be5cd52e,"[[2, 6, 8, 9], [0, 4, 5, 10], [1, 3, 7, 11]]",12.591262895350738,-0.5653435671031466,1.0419169571883786,-2.7219071402276477e-15,,24.0,11.703809760792478,11.703809760792478,13.07957472949167,1.6045319751689051,2.5529647255702317,"{""1"": 24, ""2"": 6}",11.703809760792478,11.703726360765682,19.167237359426444,1e-05,True,40,development_isotonic_frozen
s1-i4,development,1,structural,saps_diagonal,41af2baaa1f1cbae,"[[2, 4, 6, 9], [0, 3, 7, 10], [1, 5, 8, 11]]",12.591262895350738,-0.5324755693322057,1.0972631221217666,-2.9821998305060332e-15,,28.0,6.773333414045041,6.773333414045041,13.07957472949167,0.29418820520688205,1.1584141685295473,"{""1"": 28, ""2"": 2}",6.773333414045041,6.773306807463201,18.9301491902972,1e-05,True,40,development_isotonic_frozen
s1-i4,development,1,structural,p_saps_residualized,67e298808696ff94,"[[0, 2, 7, 9], [3, 5, 6, 10], [1, 4, 8, 11]]",12.591262895350738,-0.5272892166051723,1.0982476910974908,-3.2348335140058498e-15,,26.0,10.947162624037574,10.947162624037574,13.07957472949167,1.3924192176830787,0.38520902941524326,"{""1"": 26, ""2"": 4}",10.947162624037574,10.947091310862811,19.516268876983766,1e-05,True,80,development_isotonic_frozen
s1-i4,development,1,structural,p_saps_projection,89f732c1eb57c2c0,"[[0, 2, 4, 5], [1, 3, 7, 10], [6, 8, 9, 11]]",12.591262895350738,-0.4485283528692705,1.1898035691504578,-4.398496010961817e-15,,17.0,18.40668131405019,18.40668131405019,12.416435201645958,0.3442591279368461,-0.893983924499222,"{""1"": 17, ""2"": 11, ""3"": 2}",18.40668131405019,18.406563963123354,23.05445570052283,1e-05,True,640,development_isotonic_frozen
s1-i4,development,1,structural,b_saps_budgeted,d7c0764f0475b02e,"[[1, 4, 5, 9], [0, 3, 6, 10], [2, 7, 8, 11]]",12.591262895350738,-0.514348787215987,1.1317809422810834,-2.8557171022360376e-15,,21.0,10.535752286852144,10.535752286852144,13.07957472949167,1.1756212072356824,0.25390807761949796,"{""1"": 21, ""2"": 9}",10.535752286852144,10.535678217998,16.345129680008313,1e-05,True,40,development_isotonic_frozen
s1-i4,development,1,structural,random_balanced,7930d8a861a546fe,"[[1, 4, 5], [0, 3, 9], [7, 10, 11], [2, 6, 8]]",4.491629585606365,-0.7562839774951678,1.7058866480602237,-2.799130077630981e-15,,24.0,9.916857190432705,9.916857190432705,4.550937244428563,0.02861243442730874,-0.6043192882929806,"{""1"": 24, ""2"": 6}",9.916857190432705,9.916793186343913,16.314624184793278,1e-05,True,40,development_isotonic_frozen
s1-i4,development,1,structural,confidence,f1a50f63a5c2c9a3,"[[0, 4, 5], [2, 7, 10], [1, 3, 6], [8, 9, 11]]",4.491629585606365,-0.6739559920251463,1.7899278328495773,-3.725168579471444e-15,,18.0,9.727248476065212,9.727248476065212,4.434440057456388,0.06463820745242839,0.32474434199993363,"{""1"": 18, ""2"": 11, ""3"": 1}",9.727248476065212,9.727192657668208,18.757088221945644,1e-05,True,40,development_isotonic_frozen
s1-i4,development,1,structural,entropy,d7d187fc80c417a6,"[[0, 4, 10], [3, 5, 7], [1, 2, 6], [8, 9, 11]]",4.491629585606365,-0.6813471089456741,1.7967403470091734,-3.90985044343658e-15,,17.0,12.685932716539394,12.685932716539394,4.434440057456388,0.3481387082352796,-1.9352621227985691,"{""1"": 17, ""2"": 12, ""3"": 1}",12.685932716539394,12.685871225679671,16.862301004074478,1e-05,True,40,development_isotonic_frozen
s1-i4,development,1,structural,dependency_cmi,66e43805107be3f2,"[[0, 2, 9], [4, 6, 10], [3, 7, 11], [1, 5, 8]]",4.491629585606365,-0.8055119999357082,1.63554810434573,-2.0184900624376506e-15,,29.0,8.441014866141447,8.441014866141447,4.550937244428563,0.02968058137299172,-0.36372325710981346,"{""1"": 29, ""2"": 1}",8.441014866141447,8.440891528328422,17.623477280155196,1e-05,True,40,development_isotonic_frozen
s1-i4,development,1,structural,min_within_batch_tc,db312129ef0f35f7,"[[0, 2, 3], [4, 6, 7], [1, 8, 9], [5, 10, 11]]",4.491629585606365,-0.7809162656670238,1.647619440284174,-2.7358184334088567e-15,,22.0,7.90845633424278,7.90845633424278,4.550937244428563,0.6572896764852402,0.32474434199993363,"{""1"": 22, ""2"": 8}",7.90845633424278,7.908369092445765,19.880036189575705,1e-05,True,40,development_isotonic_frozen
s1-i4,development,1,structural,dprm_myopic,a370697830f066b0,"[[2, 5, 9], [3, 4, 10], [0, 1, 8], [6, 7, 11]]",4.491629585606365,-0.780142127205078,1.665838999171216,-1.6600514686531837e-15,,17.0,11.54960875868833,11.54960875868833,4.550937244428563,0.17430665291728073,2.260006464798503,"{""2"": 13, ""1"": 17}",11.54960875868833,11.549556146317885,19.598807227695907,1e-05,True,40,development_isotonic_frozen
s1-i4,development,1,structural,dprm_rollout,b2f597a6dbf9128b,"[[0, 2, 6], [7, 9, 10], [4, 5, 11], [1, 3, 8]]",4.491629585606365,-0.7959403825058008,1.6397036425851133,-4.0925046253329325e-15,,23.0,9.243300132874644,9.243300132874644,4.550937244428563,0.31100394706799184,2.260006464798503,"{""1"": 23, ""2"": 7}",9.243300132874644,9.243012368626914,16.920765411447807,1e-05,True,40,development_isotonic_frozen
s1-i4,development,1,structural,subset_exact,c35f820d745a65c0,"[[0, 7, 8], [2, 4, 5], [1, 3, 10], [6, 9, 11]]",4.491629585606365,-0.735724175896023,1.6851413169358664,-3.39511937264896e-15,,22.0,11.68170580931652,11.68170580931652,4.550937244428563,0.7976767962354432,4.747345090894979,"{""1"": 22, ""2"": 8}",11.68170580931652,11.681608390241978,19.325662905835983,1e-05,True,40,development_isotonic_frozen
s1-i4,development,1,structural,subset_beam_8,c35f820d745a65c0,"[[0, 7, 8], [2, 4, 5], [1, 3, 10], [6, 9, 11]]",4.491629585606365,-0.735724175896023,1.6851413169358664,-3.39511937264896e-15,,22.0,11.68170580931652,11.68170580931652,4.550937244428563,0.7976767962354432,4.747345090894979,"{""1"": 22, ""2"": 8}",11.68170580931652,11.681608390241978,19.325662905835983,1e-05,True,40,development_isotonic_frozen
s1-i4,development,1,structural,subset_beam_32,c35f820d745a65c0,"[[0, 7, 8], [2, 4, 5], [1, 3, 10], [6, 9, 11]]",4.491629585606365,-0.735724175896023,1.6851413169358664,-3.39511937264896e-15,,22.0,11.68170580931652,11.68170580931652,4.550937244428563,0.7976767962354432,4.747345090894979,"{""1"": 22, ""2"": 8}",11.68170580931652,11.681608390241978,19.325662905835983,1e-05,True,40,development_isotonic_frozen
s1-i4,development,1,structural,saps_diagonal,fea52013c743152b,"[[1, 4, 9], [0, 3, 8], [5, 7, 11], [2, 6, 10]]",4.491629585606365,-0.8303868280273363,1.5996119259613357,-2.1504477311126024e-15,,30.0,9.58711636603559,9.58711636603559,4.550937244428563,0.03050576297010025,0.32474434199993363,"{""1"": 30}",9.58711636603559,9.586977476029308,16.194031217354578,1e-05,True,40,development_isotonic_frozen
s1-i4,development,1,structural,p_saps_residualized,a36cea00645b159a,"[[0, 4, 11], [1, 3, 9], [6, 7, 10], [2, 5, 8]]",4.491629585606365,-0.8255325292637582,1.619770029945147,-1.9021206990243823e-15,,27.0,9.818483144130267,9.818483144130267,4.550937244428563,0.7293201192219416,-1.9352621227985691,"{""1"": 27, ""2"": 3}",9.818483144130267,9.818395165050122,18.201534695793757,1e-05,True,80,development_isotonic_frozen
s1-i4,development,1,structural,p_saps_projection,91410fd12cafd791,"[[0, 2, 4], [5, 7, 10], [1, 6, 8], [3, 9, 11]]",4.491629585606365,-0.6966133831306145,1.7472501557935074,-4.50728060685145e-15,,26.0,14.951252725889848,14.951252725889848,4.550937244428563,0.33215084358172253,0.32474434199993363,"{""1"": 26, ""2"": 4}",14.951252725889848,14.951136213142375,16.31207846128825,1e-05,True,640,development_isotonic_frozen
s1-i4,development,1,structural,b_saps_budgeted,7930d8a861a546fe,"[[1, 4, 5], [0, 3, 9], [7, 10, 11], [2, 6, 8]]",4.491629585606365,-0.7562839774951678,1.7058866480602237,-2.799130077630981e-15,,24.0,9.916857190432705,9.916857190432705,4.550937244428563,0.02861243442730874,-0.6043192882929806,"{""1"": 24, ""2"": 6}",9.916857190432705,9.916793186343913,16.314624184793278,1e-05,True,40,development_isotonic_frozen
s1-i4,development,1,structural,random_balanced,7930d8a861a546fe,"[[1, 4, 5], [0, 3, 9], [7, 10, 11], [2, 6, 8]]",9.081454077993426,-0.7562839774951678,1.7058866480602237,-2.799130077630981e-15,,24.0,9.916857190432705,9.916857190432705,9.198932939893162,0.7876673107664776,10.771445843560272,"{""1"": 24, ""2"": 6}",9.916857190432705,9.916793186343913,16.314624184793278,1e-05,True,40,development_isotonic_frozen
s1-i4,development,1,structural,confidence,f1a50f63a5c2c9a3,"[[0, 4, 5], [2, 7, 10], [1, 3, 6], [8, 9, 11]]",9.081454077993426,-0.6739559920251463,1.7899278328495773,-3.725168579471444e-15,,18.0,9.727248476065212,9.727248476065212,8.968170889732965,0.6966027770744843,4.387701282429807,"{""1"": 18, ""2"": 11, ""3"": 1}",9.727248476065212,9.727192657668208,18.757088221945644,1e-05,True,40,development_isotonic_frozen
s1-i4,development,1,structural,entropy,d7d187fc80c417a6,"[[0, 4, 10], [3, 5, 7], [1, 2, 6], [8, 9, 11]]",9.081454077993426,-0.6813471089456741,1.7967403470091734,-3.90985044343658e-15,,17.0,12.685932716539394,12.685932716539394,8.968170889732965,0.5762010099102427,3.587493600292912,"{""1"": 17, ""2"": 12, ""3"": 1}",12.685932716539394,12.685871225679671,16.862301004074478,1e-05,True,40,development_isotonic_frozen
s1-i4,development,1,structural,dependency_cmi,66e43805107be3f2,"[[0, 2, 9], [4, 6, 10], [3, 7, 11], [1, 5, 8]]",9.081454077993426,-0.8055119999357082,1.63554810434573,-2.0184900624376506e-15,,29.0,8.441014866141447,8.441014866141447,9.198932939893162,0.31988848696144756,1.438201181503377,"{""1"": 29, ""2"": 1}",8.441014866141447,8.440891528328422,17.623477280155196,1e-05,True,40,development_isotonic_frozen
s1-i4,development,1,structural,min_within_batch_tc,db312129ef0f35f7,"[[0, 2, 3], [4, 6, 7], [1, 8, 9], [5, 10, 11]]",9.081454077993426,-0.7809162656670238,1.647619440284174,-2.7358184334088567e-15,,22.0,7.90845633424278,7.90845633424278,9.198932939893162,1.0365500318997678,7.722522241624282,"{""1"": 22, ""2"": 8}",7.90845633424278,7.908369092445765,19.880036189575705,1e-05,True,40,development_isotonic_frozen
s1-i4,development,1,structural,dprm_myopic,a370697830f066b0,"[[2, 5, 9], [3, 4, 10], [0, 1, 8], [6, 7, 11]]",9.081454077993426,-0.780142127205078,1.665838999171216,-1.6600514686531837e-15,,17.0,11.54960875868833,11.54960875868833,9.198932939893162,0.8034768118352351,6.64770774722831,"{""2"": 13, ""1"": 17}",11.54960875868833,11.549556146317885,19.598807227695907,1e-05,True,40,development_isotonic_frozen
s1-i4,development,1,structural,dprm_rollout,84505fc5a47359c3,"[[0, 2, 6], [3, 5, 7], [4, 10, 11], [1, 8, 9]]",9.081454077993426,-0.7599204406468726,1.6781780376918016,-2.9140929568901027e-15,,22.0,9.524899393713333,9.524899393713333,9.198932939893162,0.22343518527856654,4.061930903411694,"{""1"": 22, ""2"": 8}",9.524899393713333,9.524738018824689,15.07729282367627,1e-05,True,40,development_isotonic_frozen
s1-i4,development,1,structural,subset_exact,2bc337da7cce9138,"[[1, 3, 8], [0, 4, 5], [2, 7, 10], [6, 9, 11]]",9.081454077993426,-0.7692812066669864,1.6643204471806872,-3.2728142780445673e-15,,25.0,13.305593286699452,13.305593286699452,9.198932939893162,0.2955175834210727,11.956974383965214,"{""1"": 25, ""2"": 5}",13.305593286699452,13.305551406109188,19.299730607777757,1e-05,True,40,development_isotonic_frozen
s1-i4,development,1,structural,subset_beam_8,c25b013a8d380bd2,"[[0, 2, 7], [4, 5, 10], [1, 3, 6], [8, 9, 11]]",9.081454077993426,-0.6972747837681735,1.7545793667509608,-3.678176756115234e-15,,18.0,11.513079996208777,11.513079996208777,8.968170889732965,0.22719508657693305,9.271437469136627,"{""1"": 18, ""2"": 11, ""3"": 1}",11.513079996208777,11.512974550838962,18.623969593497517,1e-05,True,40,development_isotonic_frozen
s1-i4,development,1,structural,subset_beam_32,2bc337da7cce9138,"[[1, 3, 8], [0, 4, 5], [2, 7, 10], [6, 9, 11]]",9.081454077993426,-0.7692812066669864,1.6643204471806872,-3.2728142780445673e-15,,25.0,13.305593286699452,13.305593286699452,9.198932939893162,0.2955175834210727,11.956974383965214,"{""1"": 25, ""2"": 5}",13.305593286699452,13.305551406109188,19.299730607777757,1e-05,True,40,development_isotonic_frozen
s1-i4,development,1,structural,saps_diagonal,fea52013c743152b,"[[1, 4, 9], [0, 3, 8], [5, 7, 11], [2, 6, 10]]",9.081454077993426,-0.8303868280273363,1.5996119259613357,-2.1504477311126024e-15,,30.0,9.58711636603559,9.58711636603559,9.198932939893162,0.5025179791083346,2.367264811796291,"{""1"": 30}",9.58711636603559,9.586977476029308,16.194031217354578,1e-05,True,40,development_isotonic_frozen
s1-i4,development,1,structural,p_saps_residualized,a36cea00645b159a,"[[0, 4, 11], [1, 3, 9], [6, 7, 10], [2, 5, 8]]",9.081454077993426,-0.8255325292637582,1.619770029945147,-1.9021206990243823e-15,,27.0,9.818483144130267,9.818483144130267,9.198932939893162,1.273435732235459,5.209506565724933,"{""1"": 27, ""2"": 3}",9.818483144130267,9.818395165050122,18.201534695793757,1e-05,True,80,development_isotonic_frozen
s1-i4,development,1,structural,p_saps_projection,91410fd12cafd791,"[[0, 2, 4], [5, 7, 10], [1, 6, 8], [3, 9, 11]]",9.081454077993426,-0.6966133831306145,1.7472501557935074,-4.50728060685145e-15,,26.0,14.951252725889848,14.951252725889848,9.198932939893162,1.3617990411635499,5.847500065091415,"{""1"": 26, ""2"": 4}",14.951252725889848,14.951136213142375,16.31207846128825,1e-05,True,640,development_isotonic_frozen
s1-i4,development,1,structural,b_saps_budgeted,7930d8a861a546fe,"[[1, 4, 5], [0, 3, 9], [7, 10, 11], [2, 6, 8]]",9.081454077993426,-0.7562839774951678,1.7058866480602237,-2.799130077630981e-15,,24.0,9.916857190432705,9.916857190432705,9.198932939893162,0.7876673107664776,10.771445843560272,"{""1"": 24, ""2"": 6}",9.916857190432705,9.916793186343913,16.314624184793278,1e-05,True,40,development_isotonic_frozen
s1-i4,development,1,structural,random_balanced,7930d8a861a546fe,"[[1, 4, 5], [0, 3, 9], [7, 10, 11], [2, 6, 8]]",12.910775576949124,-0.7562839774951678,1.7058866480602237,-2.799130077630981e-15,,24.0,9.916857190432705,9.916857190432705,13.07957472949167,0.6949739142625424,-0.12077878538491804,"{""1"": 24, ""2"": 6}",9.916857190432705,9.916793186343913,16.314624184793278,1e-05,True,40,development_isotonic_frozen
s1-i4,development,1,structural,confidence,f1a50f63a5c2c9a3,"[[0, 4, 5], [2, 7, 10], [1, 3, 6], [8, 9, 11]]",12.910775576949124,-0.6739559920251463,1.7899278328495773,-3.725168579471444e-15,,18.0,9.727248476065212,9.727248476065212,12.748004965568814,0.2510980760283705,-2.011396254165911,"{""1"": 18, ""2"": 11, ""3"": 1}",9.727248476065212,9.727192657668208,18.757088221945644,1e-05,True,40,development_isotonic_frozen
s1-i4,development,1,structural,entropy,d7d187fc80c417a6,"[[0, 4, 10], [3, 5, 7], [1, 2, 6], [8, 9, 11]]",12.910775576949124,-0.6813471089456741,1.7967403470091734,-3.90985044343658e-15,,17.0,12.685932716539394,12.685932716539394,12.748004965568814,1.7559385628601678,-1.01476270988414,"{""1"": 17, ""2"": 12, ""3"": 1}",12.685932716539394,12.685871225679671,16.862301004074478,1e-05,True,40,development_isotonic_frozen
s1-i4,development,1,structural,dependency_cmi,66e43805107be3f2,"[[0, 2, 9], [4, 6, 10], [3, 7, 11], [1, 5, 8]]",12.910775576949124,-0.8055119999357082,1.63554810434573,-2.0184900624376506e-15,,29.0,8.441014866141447,8.441014866141447,13.07957472949167,1.1203856751324415,-0.5173141607411162,"{""1"": 29, ""2"": 1}",8.441014866141447,8.440891528328422,17.623477280155196,1e-05,True,40,development_isotonic_frozen
s1-i4,development,1,structural,min_within_batch_tc,db312129ef0f35f7,"[[0, 2, 3], [4, 6, 7], [1, 8, 9], [5, 10, 11]]",12.910775576949124,-0.7809162656670238,1.647619440284174,-2.7358184334088567e-15,,22.0,7.90845633424278,7.90845633424278,13.07957472949167,1.1325629942802429,-0.9121244390786933,"{""1"": 22, ""2"": 8}",7.90845633424278,7.908369092445765,19.880036189575705,1e-05,True,40,development_isotonic_frozen
s1-i4,development,1,structural,dprm_myopic,a370697830f066b0,"[[2, 5, 9], [3, 4, 10], [0, 1, 8], [6, 7, 11]]",12.910775576949124,-0.780142127205078,1.665838999171216,-1.6600514686531837e-15,,17.0,11.54960875868833,11.54960875868833,13.07957472949167,1.5044906192350207,-2.6955920233069324,"{""2"": 13, ""1"": 17}",11.54960875868833,11.549556146317885,19.598807227695907,1e-05,True,40,development_isotonic_frozen
s1-i4,development,1,structural,dprm_rollout,0aac74e5cd0f809b,"[[0, 4, 6], [1, 2, 10], [3, 5, 8], [7, 9, 11]]",12.910775576949124,-0.7406294402829672,1.711200778627654,-4.335315534927722e-15,,20.0,7.794405011907082,7.794405011907082,13.07957472949167,0.9865882893227508,-1.785984948244754,"{""1"": 20, ""2"": 10}",7.794405011907082,7.794363842214894,20.711748441873592,1e-05,True,40,development_isotonic_frozen
s1-i4,development,1,structural,subset_exact,698c434274dd98c8,"[[0, 4, 6], [2, 5, 7], [1, 3, 10], [8, 9, 11]]",12.910775576949124,-0.7102538243587633,1.7426866169216826,-3.789456925748256e-15,,18.0,8.88046306426363,8.88046306426363,12.748004965568814,0.8257209334418677,2.5529647255702317,"{""1"": 18, ""2"": 11, ""3"": 1}",8.88046306426363,8.880417584553385,18.372810023453383,1e-05,True,40,development_isotonic_frozen
s1-i4,development,1,structural,subset_beam_8,698c434274dd98c8,"[[0, 4, 6], [2, 5, 7], [1, 3, 10], [8, 9, 11]]",12.910775576949124,-0.7102538243587633,1.7426866169216826,-3.789456925748256e-15,,18.0,8.88046306426363,8.88046306426363,12.748004965568814,0.8257209334418677,2.5529647255702317,"{""1"": 18, ""2"": 11, ""3"": 1}",8.88046306426363,8.880417584553385,18.372810023453383,1e-05,True,40,development_isotonic_frozen
s1-i4,development,1,structural,subset_beam_32,698c434274dd98c8,"[[0, 4, 6], [2, 5, 7], [1, 3, 10], [8, 9, 11]]",12.910775576949124,-0.7102538243587633,1.7426866169216826,-3.789456925748256e-15,,18.0,8.88046306426363,8.88046306426363,12.748004965568814,0.8257209334418677,2.5529647255702317,"{""1"": 18, ""2"": 11, ""3"": 1}",8.88046306426363,8.880417584553385,18.372810023453383,1e-05,True,40,development_isotonic_frozen
s1-i4,development,1,structural,saps_diagonal,fea52013c743152b,"[[1, 4, 9], [0, 3, 8], [5, 7, 11], [2, 6, 10]]",12.910775576949124,-0.8303868280273363,1.5996119259613357,-2.1504477311126024e-15,,30.0,9.58711636603559,9.58711636603559,13.07957472949167,2.191940953342757,0.2644302440303252,"{""1"": 30}",9.58711636603559,9.586977476029308,16.194031217354578,1e-05,True,40,development_isotonic_frozen
s1-i4,development,1,structural,p_saps_residualized,a36cea00645b159a,"[[0, 4, 11], [1, 3, 9], [6, 7, 10], [2, 5, 8]]",12.910775576949124,-0.8255325292637582,1.619770029945147,-1.9021206990243823e-15,,27.0,9.818483144130267,9.818483144130267,13.07957472949167,2.375245146680412,0.1729888357218483,"{""1"": 27, ""2"": 3}",9.818483144130267,9.818395165050122,18.201534695793757,1e-05,True,80,development_isotonic_frozen
s1-i4,development,1,structural,p_saps_projection,91410fd12cafd791,"[[0, 2, 4], [5, 7, 10], [1, 6, 8], [3, 9, 11]]",12.910775576949124,-0.6966133831306145,1.7472501557935074,-4.50728060685145e-15,,26.0,14.951252725889848,14.951252725889848,13.07957472949167,0.48835049113910217,-3.280067041669549,"{""1"": 26, ""2"": 4}",14.951252725889848,14.951136213142375,16.31207846128825,1e-05,True,640,development_isotonic_frozen
s1-i4,development,1,structural,b_saps_budgeted,7930d8a861a546fe,"[[1, 4, 5], [0, 3, 9], [7, 10, 11], [2, 6, 8]]",12.910775576949124,-0.7562839774951678,1.7058866480602237,-2.799130077630981e-15,,24.0,9.916857190432705,9.916857190432705,13.07957472949167,0.6949739142625424,-0.12077878538491804,"{""1"": 24, ""2"": 6}",9.916857190432705,9.916793186343913,16.314624184793278,1e-05,True,40,development_isotonic_frozen
