example_id,data_split,seed,candidate_library,scheduler,num_rounds,epsilon_target,schedule_id,schedule,score_random,score_confidence,score_entropy,score_dependency,score_dprm_itemwise,score_diag_um,score_projection,score_residualized,score_budgeted,actual_response_power,actual_terminal_gain,frontier_width_histogram,gamma_pinv,gamma_ridge,gram_delta,ridge_multiplier,used_pinv,adaptation_terminal_labels,width_weight_source
s0-i13,held_out,0,oracle,random_balanced,1,0.01,54a0dc573c0908b1,"[[0, 1, 2, 3, 4, 5, 6, 7, 8, 9, 10, 11]]",0.036139618265715094,-0.0,0.0,-0.8036686225398636,,0.0,8.149028662687293,8.149028662687293,0.036139618265715094,-0.0972669664713327,-3.5752661357905424,"{""2"": 11}",8.149028662687293,8.14830158969297,6.480398621058528,1e-05,True,40,development_isotonic_frozen
s0-i13,held_out,0,oracle,confidence,1,0.01,54a0dc573c0908b1,"[[0, 1, 2, 3, 4, 5, 6, 7, 8, 9, 10, 11]]",0.036139618265715094,-0.0,0.0,-0.8036686225398636,,0.0,8.149028662687293,8.149028662687293,0.036139618265715094,-0.0972669664713327,-3.5752661357905424,"{""2"": 11}",8.149028662687293,8.14830158969297,6.480398621058528,1e-05,True,40,development_isotonic_frozen
s0-i13,held_out,0,oracle,entropy,1,0.01,54a0dc573c0908b1,"[[0, 1, 2, 3, 4, 5, 6, 7, 8, 9, 10, 11]]",0.036139618265715094,-0.0,0.0,-0.8036686225398636,,0.0,8.149028662687293,8.149028662687293,0.036139618265715094,-0.0972669664713327,-3.5752661357905424,"{""2"": 11}",8.149028662687293,8.14830158969297,6.480398621058528,1e-05,True,40,development_isotonic_frozen
s0-i13,held_out,0,oracle,dependency_cmi,1,0.01,54a0dc573c0908b1,"[[0, 1, 2, 3, 4, 5, 6, 7, 8, 9, 10, 11]]",0.036139618265715094,-0.0,0.0,-0.8036686225398636,,0.0,8.149028662687293,8.149028662687293,0.036139618265715094,-0.0972669664713327,-3.5752661357905424,"{""2"": 11}",8.149028662687293,8.14830158969297,6.480398621058528,1e-05,True,40,development_isotonic_frozen
s0-i13,held_out,0,oracle,min_within_batch_tc,1,0.01,54a0dc573c0908b1,"[[0, 1, 2, 3, 4, 5, 6, 7, 8, 9, 10, 11]]",0.036139618265715094,-0.0,0.0,-0.8036686225398636,,0.0,8.149028662687293,8.149028662687293,0.036139618265715094,-0.0972669664713327,-3.5752661357905424,"{""2"": 11}",8.149028662687293,8.14830158969297,6.480398621058528,1e-05,True,40,development_isotonic_frozen
s0-i13,held_out,0,oracle,dprm_myopic,1,0.01,54a0dc573c0908b1,"[[0, 1, 2, 3, 4, 5, 6, 7, 8, 9, 10, 11]]",0.036139618265715094,-0.0,0.0,-0.8036686225398636,,0.0,8.149028662687293,8.149028662687293,0.036139618265715094,-0.0972669664713327,-3.5752661357905424,"{""2"": 11}",8.149028662687293,8.14830158969297,6.480398621058528,1e-05,True,40,development_isotonic_frozen
s0-i13,held_out,0,oracle,dprm_rollout,1,0.01,54a0dc573c0908b1,"[[0, 1, 2, 3, 4, 5, 6, 7, 8, 9, 10, 11]]",0.036139618265715094,-0.0,0.0,-0.8036686225398636,,0.0,8.149028662687293,8.149028662687293,0.036139618265715094,-0.0972669664713327,-3.5752661357905424,"{""2"": 11}",8.149028662687293,8.14830158969297,6.480398621058528,1e-05,True,40,development_isotonic_frozen
s0-i13,held_out,0,oracle,subset_exact,1,0.01,54a0dc573c0908b1,"[[0, 1, 2, 3, 4, 5, 6, 7, 8, 9, 10, 11]]",0.036139618265715094,-0.0,0.0,-0.8036686225398636,,0.0,8.149028662687293,8.149028662687293,0.036139618265715094,-0.0972669664713327,-3.5752661357905424,"{""2"": 11}",8.149028662687293,8.14830158969297,6.480398621058528,1e-05,True,40,development_isotonic_frozen
s0-i13,held_out,0,oracle,subset_beam_8,1,0.01,54a0dc573c0908b1,"[[0, 1, 2, 3, 4, 5, 6, 7, 8, 9, 10, 11]]",0.036139618265715094,-0.0,0.0,-0.8036686225398636,,0.0,8.149028662687293,8.149028662687293,0.036139618265715094,-0.0972669664713327,-3.5752661357905424,"{""2"": 11}",8.149028662687293,8.14830158969297,6.480398621058528,1e-05,True,40,development_isotonic_frozen
s0-i13,held_out,0,oracle,subset_beam_32,1,0.01,54a0dc573c0908b1,"[[0, 1, 2, 3, 4, 5, 6, 7, 8, 9, 10, 11]]",0.036139618265715094,-0.0,0.0,-0.8036686225398636,,0.0,8.149028662687293,8.149028662687293,0.036139618265715094,-0.0972669664713327,-3.5752661357905424,"{""2"": 11}",8.149028662687293,8.14830158969297,6.480398621058528,1e-05,True,40,development_isotonic_frozen
s0-i13,held_out,0,oracle,saps_diagonal,1,0.01,54a0dc573c0908b1,"[[0, 1, 2, 3, 4, 5, 6, 7, 8, 9, 10, 11]]",0.036139618265715094,-0.0,0.0,-0.8036686225398636,,0.0,8.149028662687293,8.149028662687293,0.036139618265715094,-0.0972669664713327,-3.5752661357905424,"{""2"": 11}",8.149028662687293,8.14830158969297,6.480398621058528,1e-05,True,40,development_isotonic_frozen
s0-i13,held_out,0,oracle,p_saps_residualized,1,0.01,54a0dc573c0908b1,"[[0, 1, 2, 3, 4, 5, 6, 7, 8, 9, 10, 11]]",0.036139618265715094,-0.0,0.0,-0.8036686225398636,,0.0,8.149028662687293,8.149028662687293,0.036139618265715094,-0.0972669664713327,-3.5752661357905424,"{""2"": 11}",8.149028662687293,8.14830158969297,6.480398621058528,1e-05,True,40,development_isotonic_frozen
s0-i13,held_out,0,oracle,p_saps_projection,1,0.01,54a0dc573c0908b1,"[[0, 1, 2, 3, 4, 5, 6, 7, 8, 9, 10, 11]]",0.036139618265715094,-0.0,0.0,-0.8036686225398636,,0.0,8.149028662687293,8.149028662687293,0.036139618265715094,-0.0972669664713327,-3.5752661357905424,"{""2"": 11}",8.149028662687293,8.14830158969297,6.480398621058528,1e-05,True,40,development_isotonic_frozen
s0-i13,held_out,0,oracle,b_saps_budgeted,1,0.01,54a0dc573c0908b1,"[[0, 1, 2, 3, 4, 5, 6, 7, 8, 9, 10, 11]]",0.036139618265715094,-0.0,0.0,-0.8036686225398636,,0.0,8.149028662687293,8.149028662687293,0.036139618265715094,-0.0972669664713327,-3.5752661357905424,"{""2"": 11}",8.149028662687293,8.14830158969297,6.480398621058528,1e-05,True,40,development_isotonic_frozen
s0-i13,held_out,0,oracle,random_balanced,1,0.05,54a0dc573c0908b1,"[[0, 1, 2, 3, 4, 5, 6, 7, 8, 9, 10, 11]]",0.0818832618318145,-0.0,0.0,-0.8036686225398636,,0.0,8.149028662687293,8.149028662687293,0.0818832618318145,0.11964766598598187,1.352844374405142,"{""2"": 11}",8.149028662687293,8.14830158969297,6.480398621058528,1e-05,True,40,development_isotonic_frozen
s0-i13,held_out,0,oracle,confidence,1,0.05,54a0dc573c0908b1,"[[0, 1, 2, 3, 4, 5, 6, 7, 8, 9, 10, 11]]",0.0818832618318145,-0.0,0.0,-0.8036686225398636,,0.0,8.149028662687293,8.149028662687293,0.0818832618318145,0.11964766598598187,1.352844374405142,"{""2"": 11}",8.149028662687293,8.14830158969297,6.480398621058528,1e-05,True,40,development_isotonic_frozen
s0-i13,held_out,0,oracle,entropy,1,0.05,54a0dc573c0908b1,"[[0, 1, 2, 3, 4, 5, 6, 7, 8, 9, 10, 11]]",0.0818832618318145,-0.0,0.0,-0.8036686225398636,,0.0,8.149028662687293,8.149028662687293,0.0818832618318145,0.11964766598598187,1.352844374405142,"{""2"": 11}",8.149028662687293,8.14830158969297,6.480398621058528,1e-05,True,40,development_isotonic_frozen
s0-i13,held_out,0,oracle,dependency_cmi,1,0.05,54a0dc573c0908b1,"[[0, 1, 2, 3, 4, 5, 6, 7, 8, 9, 10, 11]]",0.0818832618318145,-0.0,0.0,-0.8036686225398636,,0.0,8.149028662687293,8.149028662687293,0.0818832618318145,0.11964766598598187,1.352844374405142,"{""2"": 11}",8.149028662687293,8.14830158969297,6.480398621058528,1e-05,True,40,development_isotonic_frozen
s0-i13,held_out,0,oracle,min_within_batch_tc,1,0.05,54a0dc573c0908b1,"[[0, 1, 2, 3, 4, 5, 6, 7, 8, 9, 10, 11]]",0.0818832618318145,-0.0,0.0,-0.8036686225398636,,0.0,8.149028662687293,8.149028662687293,0.0818832618318145,0.11964766598598187,1.352844374405142,"{""2"": 11}",8.149028662687293,8.14830158969297,6.480398621058528,1e-05,True,40,development_isotonic_frozen
s0-i13,held_out,0,oracle,dprm_myopic,1,0.05,54a0dc573c0908b1,"[[0, 1, 2, 3, 4, 5, 6, 7, 8, 9, 10, 11]]",0.0818832618318145,-0.0,0.0,-0.8036686225398636,,0.0,8.149028662687293,8.149028662687293,0.0818832618318145,0.11964766598598187,1.352844374405142,"{""2"": 11}",8.149028662687293,8.14830158969297,6.480398621058528,1e-05,True,40,development_isotonic_frozen
s0-i13,held_out,0,oracle,dprm_rollout,1,0.05,54a0dc573c0908b1,"[[0, 1, 2, 3, 4, 5, 6, 7, 8, 9, 10, 11]]",0.0818832618318145,-0.0,0.0,-0.8036686225398636,,0.0,8.149028662687293,8.149028662687293,0.0818832618318145,0.11964766598598187,1.352844374405142,"{""2"": 11}",8.149028662687293,8.14830158969297,6.480398621058528,1e-05,True,40,development_isotonic_frozen
s0-i13,held_out,0,oracle,subset_exact,1,0.05,54a0dc573c0908b1,"[[0, 1, 2, 3, 4, 5, 6, 7, 8, 9, 10, 11]]",0.0818832618318145,-0.0,0.0,-0.8036686225398636,,0.0,8.149028662687293,8.149028662687293,0.0818832618318145,0.11964766598598187,1.352844374405142,"{""2"": 11}",8.149028662687293,8.14830158969297,6.480398621058528,1e-05,True,40,development_isotonic_frozen
s0-i13,held_out,0,oracle,subset_beam_8,1,0.05,54a0dc573c0908b1,"[[0, 1, 2, 3, 4, 5, 6, 7, 8, 9, 10, 11]]",0.0818832618318145,-0.0,0.0,-0.8036686225398636,,0.0,8.149028662687293,8.149028662687293,0.0818832618318145,0.11964766598598187,1.352844374405142,"{""2"": 11}",8.149028662687293,8.14830158969297,6.480398621058528,1e-05,True,40,development_isotonic_frozen
s0-i13,held_out,0,oracle,subset_beam_32,1,0.05,54a0dc573c0908b1,"[[0, 1, 2, 3, 4, 5, 6, 7, 8, 9, 10, 11]]",0.0818832618318145,-0.0,0.0,-0.8036686225398636,,0.0,8.149028662687293,8.149028662687293,0.0818832618318145,0.11964766598598187,1.352844374405142,"{""2"": 11}",8.149028662687293,8.14830158969297,6.480398621058528,1e-05,True,40,development_isotonic_frozen
s0-i13,held_out,0,oracle,saps_diagonal,1,0.05,54a0dc573c0908b1,"[[0, 1, 2, 3, 4, 5, 6, 7, 8, 9, 10, 11]]",0.0818832618318145,-0.0,0.0,-0.8036686225398636,,0.0,8.149028662687293,8.149028662687293,0.0818832618318145,0.11964766598598187,1.352844374405142,"{""2"": 11}",8.149028662687293,8.14830158969297,6.480398621058528,1e-05,True,40,development_isotonic_frozen
s0-i13,held_out,0,oracle,p_saps_residualized,1,0.05,54a0dc573c0908b1,"[[0, 1, 2, 3, 4, 5, 6, 7, 8, 9, 10, 11]]",0.0818832618318145,-0.0,0.0,-0.8036686225398636,,0.0,8.149028662687293,8.149028662687293,0.0818832618318145,0.11964766598598187,1.352844374405142,"{""2"": 11}",8.149028662687293,8.14830158969297,6.480398621058528,1e-05,True,40,development_isotonic_frozen
s0-i13,held_out,0,oracle,p_saps_projection,1,0.05,54a0dc573c0908b1,"[[0, 1, 2, 3, 4, 5, 6, 7, 8, 9, 10, 11]]",0.0818832618318145,-0.0,0.0,-0.8036686225398636,,0.0,8.149028662687293,8.149028662687293,0.0818832618318145,0.11964766598598187,1.352844374405142,"{""2"": 11}",8.149028662687293,8.14830158969297,6.480398621058528,1e-05,True,40,development_isotonic_frozen
s0-i13,held_out,0,oracle,b_saps_budgeted,1,0.05,54a0dc573c0908b1,"[[0, 1, 2, 3, 4, 5, 6, 7, 8, 9, 10, 11]]",0.0818832618318145,-0.0,0.0,-0.8036686225398636,,0.0,8.149028662687293,8.149028662687293,0.0818832618318145,0.11964766598598187,1.352844374405142,"{""2"": 11}",8.149028662687293,8.14830158969297,6.480398621058528,1e-05,True,40,development_isotonic_frozen
s0-i13,held_out,0,oracle,random_balanced,1,0.15,54a0dc573c0908b1,"[[0, 1, 2, 3, 4, 5, 6, 7, 8, 9, 10, 11]]",0.2055390052991472,-0.0,0.0,-0.8036686225398636,,0.0,8.149028662687293,8.149028662687293,0.2055390052991472,0.06968393048095238,-2.80355463829018,"{""2"": 11}",8.149028662687293,8.14830158969297,6.480398621058528,1e-05,True,40,development_isotonic_frozen
s0-i13,held_out,0,oracle,confidence,1,0.15,54a0dc573c0908b1,"[[0, 1, 2, 3, 4, 5, 6, 7, 8, 9, 10, 11]]",0.2055390052991472,-0.0,0.0,-0.8036686225398636,,0.0,8.149028662687293,8.149028662687293,0.2055390052991472,0.06968393048095238,-2.80355463829018,"{""2"": 11}",8.149028662687293,8.14830158969297,6.480398621058528,1e-05,True,40,development_isotonic_frozen
s0-i13,held_out,0,oracle,entropy,1,0.15,54a0dc573c0908b1,"[[0, 1, 2, 3, 4, 5, 6, 7, 8, 9, 10, 11]]",0.2055390052991472,-0.0,0.0,-0.8036686225398636,,0.0,8.149028662687293,8.149028662687293,0.2055390052991472,0.06968393048095238,-2.80355463829018,"{""2"": 11}",8.149028662687293,8.14830158969297,6.480398621058528,1e-05,True,40,development_isotonic_frozen
s0-i13,held_out,0,oracle,dependency_cmi,1,0.15,54a0dc573c0908b1,"[[0, 1, 2, 3, 4, 5, 6, 7, 8, 9, 10, 11]]",0.2055390052991472,-0.0,0.0,-0.8036686225398636,,0.0,8.149028662687293,8.149028662687293,0.2055390052991472,0.06968393048095238,-2.80355463829018,"{""2"": 11}",8.149028662687293,8.14830158969297,6.480398621058528,1e-05,True,40,development_isotonic_frozen
s0-i13,held_out,0,oracle,min_within_batch_tc,1,0.15,54a0dc573c0908b1,"[[0, 1, 2, 3, 4, 5, 6, 7, 8, 9, 10, 11]]",0.2055390052991472,-0.0,0.0,-0.8036686225398636,,0.0,8.149028662687293,8.149028662687293,0.2055390052991472,0.06968393048095238,-2.80355463829018,"{""2"": 11}",8.149028662687293,8.14830158969297,6.480398621058528,1e-05,True,40,development_isotonic_frozen
s0-i13,held_out,0,oracle,dprm_myopic,1,0.15,54a0dc573c0908b1,"[[0, 1, 2, 3, 4, 5, 6, 7, 8, 9, 10, 11]]",0.2055390052991472,-0.0,0.0,-0.8036686225398636,,0.0,8.149028662687293,8.149028662687293,0.2055390052991472,0.06968393048095238,-2.80355463829018,"{""2"": 11}",8.149028662687293,8.14830158969297,6.480398621058528,1e-05,True,40,development_isotonic_frozen
s0-i13,held_out,0,oracle,dprm_rollout,1,0.15,54a0dc573c0908b1,"[[0, 1, 2, 3, 4, 5, 6, 7, 8, 9, 10, 11]]",0.2055390052991472,-0.0,0.0,-0.8036686225398636,,0.0,8.149028662687293,8.149028662687293,0.2055390052991472,0.06968393048095238,-2.80355463829018,"{""2"": 11}",8.149028662687293,8.14830158969297,6.480398621058528,1e-05,True,40,development_isotonic_frozen
s0-i13,held_out,0,oracle,subset_exact,1,0.15,54a0dc573c0908b1,"[[0, 1, 2, 3, 4, 5, 6, 7, 8, 9, 10, 11]]",0.2055390052991472,-0.0,0.0,-0.8036686225398636,,0.0,8.149028662687293,8.149028662687293,0.2055390052991472,0.06968393048095238,-2.80355463829018,"{""2"": 11}",8.149028662687293,8.14830158969297,6.480398621058528,1e-05,True,40,development_isotonic_frozen
s0-i13,held_out,0,oracle,subset_beam_8,1,0.15,54a0dc573c0908b1,"[[0, 1, 2, 3, 4, 5, 6, 7, 8, 9, 10, 11]]",0.2055390052991472,-0.0,0.0,-0.8036686225398636,,0.0,8.149028662687293,8.149028662687293,0.2055390052991472,0.06968393048095238,-2.80355463829018,"{""2"": 11}",8.149028662687293,8.14830158969297,6.480398621058528,1e-05,True,40,development_isotonic_frozen
s0-i13,held_out,0,oracle,subset_beam_32,1,0.15,54a0dc573c0908b1,"[[0, 1, 2, 3, 4, 5, 6, 7, 8, 9, 10, 11]]",0.2055390052991472,-0.0,0.0,-0.8036686225398636,,0.0,8.149028662687293,8.149028662687293,0.2055390052991472,0.06968393048095238,-2.80355463829018,"{""2"": 11}",8.149028662687293,8.14830158969297,6.480398621058528,1e-05,True,40,development_isotonic_frozen
s0-i13,held_out,0,oracle,saps_diagonal,1,0.15,54a0dc573c0908b1,"[[0, 1, 2, 3, 4, 5, 6, 7, 8, 9, 10, 11]]",0.2055390052991472,-0.0,0.0,-0.8036686225398636,,0.0,8.149028662687293,8.149028662687293,0.2055390052991472,0.06968393048095238,-2.80355463829018,"{""2"": 11}",8.149028662687293,8.14830158969297,6.480398621058528,1e-05,True,40,development_isotonic_frozen
s0-i13,held_out,0,oracle,p_saps_residualized,1,0.15,54a0dc573c0908b1,"[[0, 1, 2, 3, 4, 5, 6, 7, 8, 9, 10, 11]]",0.2055390052991472,-0.0,0.0,-0.8036686225398636,,0.0,8.149028662687293,8.149028662687293,0.2055390052991472,0.06968393048095238,-2.80355463829018,"{""2"": 11}",8.149028662687293,8.14830158969297,6.480398621058528,1e-05,True,40,development_isotonic_frozen
s0-i13,held_out,0,oracle,p_saps_projection,1,0.15,54a0dc573c0908b1,"[[0, 1, 2, 3, 4, 5, 6, 7, 8, 9, 10, 11]]",0.2055390052991472,-0.0,0.0,-0.8036686225398636,,0.0,8.149028662687293,8.149028662687293,0.2055390052991472,0.06968393048095238,-2.80355463829018,"{""2"": 11}",8.149028662687293,8.14830158969297,6.480398621058528,1e-05,True,40,development_isotonic_frozen
s0-i13,held_out,0,oracle,b_saps_budgeted,1,0.15,54a0dc573c0908b1,"[[0, 1, 2, 3, 4, 5, 6, 7, 8, 9, 10, 11]]",0.2055390052991472,-0.0,0.0,-0.8036686225398636,,0.0,8.149028662687293,8.149028662687293,0.2055390052991472,0.06968393048095238,-2.80355463829018,"{""2"": 11}",8.149028662687293,8.14830158969297,6.480398621058528,1e-05,True,40,development_isotonic_frozen
s0-i13,held_out,0,oracle,random_balanced,2,0.01,0cc727ce3cb9eaea,"[[0, 2, 4, 5, 7, 11], [1, 3, 6, 8, 9, 10]]",0.03613961826571509,-0.2355620579115146,0.5837978731293116,-0.2552056425960108,,0.5027831852005746,8.135423967129121,8.135423967129121,0.036139618265715094,0.0,0.0,"{""1"": 6, ""2"": 5}",8.135423967129121,8.135156954731887,5.100664454425963,1e-05,True,40,development_isotonic_frozen
s0-i13,held_out,0,oracle,confidence,2,0.01,a80481989ebe6bc9,"[[3, 5, 6, 7, 9, 11], [0, 1, 2, 4, 8, 10]]",0.03613961826571509,-0.18526357159175402,0.6314974169020224,-0.49762434942794137,,0.37571698474324805,6.672822239318645,6.672822239318645,0.036139618265715094,0.0,3.5752661357905424,"{""2"": 6, ""1"": 5}",6.672822239318645,6.672617760714859,6.1493972507201855,1e-05,True,40,development_isotonic_frozen
s0-i13,held_out,0,oracle,entropy,2,0.01,d5970f68ae563f8d,"[[3, 4, 5, 7, 9, 11], [0, 1, 2, 6, 8, 10]]",0.03613961826571509,-0.1891880603213195,0.6431150843708976,-0.4118255975919023,,0.4001674522173124,8.101799221428225,8.101799221428225,0.036139618265715094,0.0,4.937196814994367,"{""2"": 6, ""1"": 5}",8.101799221428225,8.099734167498335,5.1196407043357,1e-05,True,40,development_isotonic_frozen
s0-i13,held_out,0,oracle,dependency_cmi,2,0.01,59602afb3ff3c4f2,"[[0, 4, 6, 7, 8, 11], [1, 2, 3, 5, 9, 10]]",0.03613961826571509,-0.2404492144726689,0.5640901132681305,-0.11912773759154827,,0.8815304408604843,3.8313241752749665,3.8313241752749665,0.036139618265715094,0.0,-2.0188785409328505,"{""1"": 9, ""2"": 2}",3.8313241752749665,3.831280913857994,5.040685529770969,1e-05,True,40,development_isotonic_frozen
s0-i13,held_out,0,oracle,min_within_batch_tc,2,0.01,884dafd621d52ab3,"[[0, 6, 7, 8, 9, 11], [1, 2, 3, 4, 5, 10]]",0.03613961826571509,-0.21628972520092912,0.5850625197907792,-0.3589814524132251,,0.705605145274008,4.495968328663106,4.495968328663106,0.036139618265715094,0.0,-3.5752661357905424,"{""1"": 7, ""2"": 4}",4.495968328663106,4.4959194801386335,5.618496558707816,1e-05,True,40,development_isotonic_frozen
s0-i13,held_out,0,oracle,dprm_myopic,2,0.01,f85bc7e475316088,"[[0, 1, 7, 8, 9, 11], [2, 3, 4, 5, 6, 10]]",0.03613961826571509,-0.22882445489266234,0.5775762180060617,-0.3688089963672214,,0.6649366006375549,3.089184732707532,3.089184732707532,0.036139618265715094,0.0,-5.1316537306482335,"{""2"": 4, ""1"": 7}",3.089184732707532,3.089152764369782,5.686624967191975,1e-05,True,40,development_isotonic_frozen
s0-i13,held_out,0,oracle,dprm_rollout,2,0.01,5108e12dc5bbd69e,"[[3, 4, 5, 7, 8, 10], [0, 1, 2, 6, 9, 11]]",0.03613961826571509,-0.2420037358493233,0.5661622442382584,-0.4662261961856654,,0.38791667142605984,8.523317032635589,8.523317032635589,0.036139618265715094,-1.908084522287017,-3.5752661357905424,"{""2"": 6, ""1"": 5}",8.523317032635589,8.522909468838817,5.278727705168806,1e-05,True,40,development_isotonic_frozen
s0-i13,held_out,0,oracle,subset_exact,2,0.01,c680663cb6a2c9c1,"[[2, 5, 6, 7, 9, 10], [0, 1, 3, 4, 8, 11]]",0.03613961826571509,-0.22866673086838687,0.5600590825642626,-0.42065607465673127,,0.5373528097476586,6.047179369140245,6.047179369140245,0.036139618265715094,0.3426702734185872,0.0,"{""2"": 6, ""1"": 5}",6.047179369140245,6.0469461369035304,5.450370979948779,1e-05,True,40,development_isotonic_frozen
s0-i13,held_out,0,oracle,subset_beam_8,2,0.01,c048156ba9cdac49,"[[0, 1, 2, 4, 5, 6], [3, 7, 8, 9, 10, 11]]",0.03613961826571509,-0.28087868692769713,0.5169900359535999,-0.47269970663043226,,0.3811875274090228,10.427379277454428,10.427379277454428,0.036139618265715094,0.0,1.3619306792038253,"{""2"": 7, ""1"": 4}",10.427379277454428,10.426744996421009,5.307897662512639,1e-05,True,40,development_isotonic_frozen
s0-i13,held_out,0,oracle,subset_beam_32,2,0.01,bcdd8f530c060add,"[[2, 4, 5, 6, 9, 11], [0, 1, 3, 7, 8, 10]]",0.03613961826571509,-0.22667064360534636,0.5858335090420603,-0.4749232766555557,,0.2878857182411207,8.025553321401885,8.025553321401885,0.036139618265715094,0.0,0.0,"{""2"": 8, ""1"": 3}",8.025553321401885,7.995825027785424,4.866183784791728,1e-05,True,40,development_isotonic_frozen
s0-i13,held_out,0,oracle,saps_diagonal,2,0.01,4bab84bcdd15c5c6,"[[1, 2, 7, 8, 10, 11], [0, 3, 4, 5, 6, 9]]",0.03613961826571509,-0.2627367810402373,0.5343423230560064,-0.09342039155191711,,0.9570474655896629,3.1785044547420496,3.1785044547420496,0.036139618265715094,0.0,-3.5752661357905415,"{""1"": 10, ""2"": 1}",3.1785044547420496,3.178451035620456,4.411783055731762,1e-05,True,40,development_isotonic_frozen
s0-i13,held_out,0,oracle,p_saps_residualized,2,0.01,683498d84c36c404,"[[0, 3, 4, 5, 6, 8], [1, 2, 7, 9, 10, 11]]",0.03613961826571509,-0.25752147294516053,0.5515519059349618,-0.09321476351925717,,0.8942274025086794,6.8488319612550885,6.8488319612550885,0.036139618265715094,0.22257128282542477,-3.5752661357905424,"{""1"": 10, ""2"": 1}",6.8488319612550885,6.84869377567288,5.041506290316943,1e-05,True,80,development_isotonic_frozen
s0-i13,held_out,0,oracle,p_saps_projection,2,0.01,37b20d7ceed41691,"[[1, 2, 4, 5, 7, 9], [0, 3, 6, 8, 10, 11]]",0.03613961826571509,-0.23679655972665467,0.5715238796346502,-0.23389772053727453,,0.7341007708570915,10.10593740628979,10.10593740628979,0.036139618265715094,0.0,4.937196814994367,"{""1"": 7, ""2"": 4}",10.10593740628979,10.105737702058935,4.363957689259742,1e-05,True,640,development_isotonic_frozen
s0-i13,held_out,0,oracle,b_saps_budgeted,2,0.01,0cc727ce3cb9eaea,"[[0, 2, 4, 5, 7, 11], [1, 3, 6, 8, 9, 10]]",0.03613961826571509,-0.2355620579115146,0.5837978731293116,-0.2552056425960108,,0.5027831852005746,8.135423967129121,8.135423967129121,0.036139618265715094,0.0,0.0,"{""1"": 6, ""2"": 5}",8.135423967129121,8.135156954731887,5.100664454425963,1e-05,True,40,development_isotonic_frozen
s0-i13,held_out,0,oracle,random_balanced,2,0.05,0cc727ce3cb9eaea,"[[0, 2, 4, 5, 7, 11], [1, 3, 6, 8, 9, 10]]",0.09613907866833721,-0.2355620579115146,0.5837978731293116,-0.2552056425960108,,0.5027831852005746,8.135423967129121,8.135423967129121,0.09502383432576975,0.0,2.089036491213258,"{""1"": 6, ""2"": 5}",8.135423967129121,8.135156954731887,5.100664454425963,1e-05,True,40,development_isotonic_frozen
s0-i13,held_out,0,oracle,confidence,2,0.05,a80481989ebe6bc9,"[[3, 5, 6, 7, 9, 11], [0, 1, 2, 4, 8, 10]]",0.09613907866833721,-0.18526357159175402,0.6314974169020224,-0.49762434942794137,,0.37571698474324805,6.672822239318645,6.672822239318645,0.09170287477941012,0.0,1.352844374405142,"{""2"": 6, ""1"": 5}",6.672822239318645,6.672617760714859,6.1493972507201855,1e-05,True,40,development_isotonic_frozen
s0-i13,held_out,0,oracle,entropy,2,0.05,d5970f68ae563f8d,"[[3, 4, 5, 7, 9, 11], [0, 1, 2, 6, 8, 10]]",0.09613907866833721,-0.1891880603213195,0.6431150843708976,-0.4118255975919023,,0.4001674522173124,8.101799221428225,8.101799221428225,0.09234190398685242,-0.050064710037200165,1.352844374405142,"{""2"": 6, ""1"": 5}",8.101799221428225,8.099734167498335,5.1196407043357,1e-05,True,40,development_isotonic_frozen
s0-i13,held_out,0,oracle,dependency_cmi,2,0.05,59602afb3ff3c4f2,"[[0, 4, 6, 7, 8, 11], [1, 2, 3, 5, 9, 10]]",0.09613907866833721,-0.2404492144726689,0.5640901132681305,-0.11912773759154827,,0.8815304408604843,3.8313241752749665,3.8313241752749665,0.10492264541647915,0.0,0.0,"{""1"": 9, ""2"": 2}",3.8313241752749665,3.831280913857994,5.040685529770969,1e-05,True,40,development_isotonic_frozen
s0-i13,held_out,0,oracle,min_within_batch_tc,2,0.05,884dafd621d52ab3,"[[0, 6, 7, 8, 9, 11], [1, 2, 3, 4, 5, 10]]",0.09613907866833721,-0.21628972520092912,0.5850625197907792,-0.3589814524132251,,0.705605145274008,4.495968328663106,4.495968328663106,0.10032472096669395,-0.13247470851506207,0.9460198584647483,"{""1"": 7, ""2"": 4}",4.495968328663106,4.4959194801386335,5.618496558707816,1e-05,True,40,development_isotonic_frozen
s0-i13,held_out,0,oracle,dprm_myopic,2,0.05,f85bc7e475316088,"[[0, 1, 7, 8, 9, 11], [2, 3, 4, 5, 6, 10]]",0.09613907866833721,-0.22882445489266234,0.5775762180060617,-0.3688089963672214,,0.6649366006375549,3.089184732707532,3.089184732707532,0.09926182154056105,0.058305148467455256,-1.3528443744051422,"{""2"": 4, ""1"": 7}",3.089184732707532,3.089152764369782,5.686624967191975,1e-05,True,40,development_isotonic_frozen
s0-i13,held_out,0,oracle,dprm_rollout,2,0.05,d9f789657593a2f3,"[[0, 1, 4, 7, 10, 11], [2, 3, 5, 6, 8, 9]]",0.09613907866833721,-0.2522485911816467,0.553227283345225,-0.5200209354705082,,0.4936836607839719,8.89229918346301,8.89229918346301,0.09478601221123507,-0.21371141538058197,0.278794089007286,"{""2"": 6, ""1"": 5}",8.89229918346301,8.89214892425936,5.98142302936348,1e-05,True,40,development_isotonic_frozen
s0-i13,held_out,0,oracle,subset_exact,2,0.05,68440f93194b9e45,"[[0, 3, 4, 6, 8, 9], [1, 2, 5, 7, 10, 11]]",0.09613907866833721,-0.24470859267215492,0.569386067935669,-0.21476533026760233,,0.6385668777054091,7.88799142018874,7.88799142018874,0.09857263131695176,0.0,0.0,"{""1"": 7, ""2"": 4}",7.88799142018874,7.887682477735501,5.883872396953151,1e-05,True,40,development_isotonic_frozen
s0-i13,held_out,0,oracle,subset_beam_8,2,0.05,0d27e7b2eec05d90,"[[2, 4, 5, 6, 8, 9], [0, 1, 3, 7, 10, 11]]",0.09613907866833721,-0.25092192902814486,0.548804174287175,-0.37127004035997424,,0.5546725512463859,7.169164882141629,7.169164882141629,0.0963799973723091,0.0,2.2988642328698905,"{""2"": 6, ""1"": 5}",7.169164882141629,7.1190393542059205,4.7798676986135895,1e-05,True,40,development_isotonic_frozen
s0-i13,held_out,0,oracle,subset_beam_32,2,0.05,0d27e7b2eec05d90,"[[2, 4, 5, 6, 8, 9], [0, 1, 3, 7, 10, 11]]",0.09613907866833721,-0.25092192902814486,0.548804174287175,-0.37127004035997424,,0.5546725512463859,7.169164882141629,7.169164882141629,0.0963799973723091,0.0,2.2988642328698905,"{""2"": 6, ""1"": 5}",7.169164882141629,7.1190393542059205,4.7798676986135895,1e-05,True,40,development_isotonic_frozen
s0-i13,held_out,0,oracle,saps_diagonal,2,0.05,4bab84bcdd15c5c6,"[[1, 2, 7, 8, 10, 11], [0, 3, 4, 5, 6, 9]]",0.09613907866833721,-0.2627367810402373,0.5343423230560064,-0.09342039155191711,,0.9570474655896629,3.1785044547420496,3.1785044547420496,0.10689633301620607,-0.06480663889874232,0.0,"{""1"": 10, ""2"": 1}",3.1785044547420496,3.178451035620456,4.411783055731762,1e-05,True,40,development_isotonic_frozen
s0-i13,held_out,0,oracle,p_saps_residualized,2,0.05,683498d84c36c404,"[[0, 3, 4, 5, 6, 8], [1, 2, 7, 9, 10, 11]]",0.09613907866833721,-0.25752147294516053,0.5515519059349618,-0.09321476351925717,,0.8942274025086794,6.8488319612550885,6.8488319612550885,0.10525448894248036,0.6323383163453209,1.3528443744051422,"{""1"": 10, ""2"": 1}",6.8488319612550885,6.84869377567288,5.041506290316943,1e-05,True,80,development_isotonic_frozen
s0-i13,held_out,0,oracle,p_saps_projection,2,0.05,37b20d7ceed41691,"[[1, 2, 4, 5, 7, 9], [0, 3, 6, 8, 10, 11]]",0.09613907866833721,-0.23679655972665467,0.5715238796346502,-0.23389772053727453,,0.7341007708570915,10.10593740628979,10.10593740628979,0.10106947306811066,0.21621944636463375,1.3528443744051422,"{""1"": 7, ""2"": 4}",10.10593740628979,10.105737702058935,4.363957689259742,1e-05,True,640,development_isotonic_frozen
s0-i13,held_out,0,oracle,b_saps_budgeted,2,0.05,4bab84bcdd15c5c6,"[[1, 2, 7, 8, 10, 11], [0, 3, 4, 5, 6, 9]]",0.09613907866833721,-0.2627367810402373,0.5343423230560064,-0.09342039155191711,,0.9570474655896629,3.1785044547420496,3.1785044547420496,0.10689633301620607,-0.06480663889874232,0.0,"{""1"": 10, ""2"": 1}",3.1785044547420496,3.178451035620456,4.411783055731762,1e-05,True,40,development_isotonic_frozen
s0-i13,held_out,0,oracle,random_balanced,2,0.15,0cc727ce3cb9eaea,"[[0, 2, 4, 5, 7, 11], [1, 3, 6, 8, 9, 10]]",0.2055390052991472,-0.2355620579115146,0.5837978731293116,-0.2552056425960108,,0.5027831852005746,8.135423967129121,8.135423967129121,0.2055390052991472,-1.6713714923884613,3.3966623057538436,"{""1"": 6, ""2"": 5}",8.135423967129121,8.135156954731887,5.100664454425963,1e-05,True,40,development_isotonic_frozen
s0-i13,held_out,0,oracle,confidence,2,0.15,a80481989ebe6bc9,"[[3, 5, 6, 7, 9, 11], [0, 1, 2, 4, 8, 10]]",0.2055390052991472,-0.18526357159175402,0.6314974169020224,-0.49762434942794137,,0.37571698474324805,6.672822239318645,6.672822239318645,0.2055390052991472,-0.29627962237955985,-5.901508821763584,"{""2"": 6, ""1"": 5}",6.672822239318645,6.672617760714859,6.1493972507201855,1e-05,True,40,development_isotonic_frozen
s0-i13,held_out,0,oracle,entropy,2,0.15,d5970f68ae563f8d,"[[3, 4, 5, 7, 9, 11], [0, 1, 2, 6, 8, 10]]",0.2055390052991472,-0.1891880603213195,0.6431150843708976,-0.4118255975919023,,0.4001674522173124,8.101799221428225,8.101799221428225,0.2055390052991472,-0.6981787945795548,-1.2437591397443735,"{""2"": 6, ""1"": 5}",8.101799221428225,8.099734167498335,5.1196407043357,1e-05,True,40,development_isotonic_frozen
s0-i13,held_out,0,oracle,dependency_cmi,2,0.15,59602afb3ff3c4f2,"[[0, 4, 6, 7, 8, 11], [1, 2, 3, 5, 9, 10]]",0.2055390052991472,-0.2404492144726689,0.5640901132681305,-0.11912773759154827,,0.8815304408604843,3.8313241752749665,3.8313241752749665,0.2055390052991472,0.0611979840719209,6.177744624737818,"{""1"": 9, ""2"": 2}",3.8313241752749665,3.831280913857994,5.040685529770969,1e-05,True,40,development_isotonic_frozen
s0-i13,held_out,0,oracle,min_within_batch_tc,2,0.15,884dafd621d52ab3,"[[0, 6, 7, 8, 9, 11], [1, 2, 3, 4, 5, 10]]",0.2055390052991472,-0.21628972520092912,0.5850625197907792,-0.3589814524132251,,0.705605145274008,4.495968328663106,4.495968328663106,0.2055390052991472,-0.5691057845933325,2.3840679127099005,"{""1"": 7, ""2"": 4}",4.495968328663106,4.4959194801386335,5.618496558707816,1e-05,True,40,development_isotonic_frozen
s0-i13,held_out,0,oracle,dprm_myopic,2,0.15,f85bc7e475316088,"[[0, 1, 7, 8, 9, 11], [2, 3, 4, 5, 6, 10]]",0.2055390052991472,-0.22882445489266234,0.5775762180060617,-0.3688089963672214,,0.6649366006375549,3.089184732707532,3.089184732707532,0.2055390052991472,0.4968904694402261,3.72511531057969,"{""2"": 4, ""1"": 7}",3.089184732707532,3.089152764369782,5.686624967191975,1e-05,True,40,development_isotonic_frozen
s0-i13,held_out,0,oracle,dprm_rollout,2,0.15,8f77dc4a7c6be1d2,"[[1, 4, 6, 7, 9, 11], [0, 2, 3, 5, 8, 10]]",0.2055390052991472,-0.21743243086501043,0.5888454545283545,-0.27018632301053724,,0.622140348202447,8.779643924624615,8.779643924624615,0.2055390052991472,-0.5519337578621647,0.8136213445196863,"{""1"": 6, ""2"": 5}",8.779643924624615,8.77950475766507,5.2976093015195,1e-05,True,40,development_isotonic_frozen
s0-i13,held_out,0,oracle,subset_exact,2,0.15,e5fe7e3b5bc0a906,"[[0, 2, 5, 7, 10, 11], [1, 3, 4, 6, 8, 9]]",0.2055390052991472,-0.23996695874498006,0.5648467742742066,-0.3844310959136556,,0.3943503084279752,7.344522885108771,7.344522885108771,0.2055390052991472,0.1482085984808766,5.409228841035648,"{""1"": 4, ""2"": 7}",7.344522885108771,7.344256857270456,6.416340876105464,1e-05,True,40,development_isotonic_frozen
s0-i13,held_out,0,oracle,subset_beam_8,2,0.15,b6a47117382ca213,"[[0, 1, 3, 5, 10, 11], [2, 4, 6, 7, 8, 9]]",0.2055390052991472,-0.25020981804756065,0.5621438400500247,-0.34707783940787723,,0.5563327345559483,8.916992962517481,8.916992962517481,0.2055390052991472,0.9664127883673397,-1.8384399120727597,"{""2"": 5, ""1"": 6}",8.916992962517481,8.916592552581635,5.682729221313509,1e-05,True,40,development_isotonic_frozen
s0-i13,held_out,0,oracle,subset_beam_32,2,0.15,b6a47117382ca213,"[[0, 1, 3, 5, 10, 11], [2, 4, 6, 7, 8, 9]]",0.2055390052991472,-0.25020981804756065,0.5621438400500247,-0.34707783940787723,,0.5563327345559483,8.916992962517481,8.916992962517481,0.2055390052991472,0.9664127883673397,-1.8384399120727597,"{""2"": 5, ""1"": 6}",8.916992962517481,8.916592552581635,5.682729221313509,1e-05,True,40,development_isotonic_frozen
s0-i13,held_out,0,oracle,saps_diagonal,2,0.15,4bab84bcdd15c5c6,"[[1, 2, 7, 8, 10, 11], [0, 3, 4, 5, 6, 9]]",0.2055390052991472,-0.2627367810402373,0.5343423230560064,-0.09342039155191711,,0.9570474655896629,3.1785044547420496,3.1785044547420496,0.2055390052991472,2.6885032615157867,5.108434014089852,"{""1"": 10, ""2"": 1}",3.1785044547420496,3.178451035620456,4.411783055731762,1e-05,True,40,development_isotonic_frozen
s0-i13,held_out,0,oracle,p_saps_residualized,2,0.15,683498d84c36c404,"[[0, 3, 4, 5, 6, 8], [1, 2, 7, 9, 10, 11]]",0.2055390052991472,-0.25752147294516053,0.5515519059349618,-0.09321476351925717,,0.8942274025086794,6.8488319612550885,6.8488319612550885,0.2055390052991472,0.7924491366785769,-0.7463221776974753,"{""1"": 10, ""2"": 1}",6.8488319612550885,6.84869377567288,5.041506290316943,1e-05,True,80,development_isotonic_frozen
s0-i13,held_out,0,oracle,p_saps_projection,2,0.15,37b20d7ceed41691,"[[1, 2, 4, 5, 7, 9], [0, 3, 6, 8, 10, 11]]",0.2055390052991472,-0.23679655972665467,0.5715238796346502,-0.23389772053727453,,0.7341007708570915,10.10593740628979,10.10593740628979,0.2055390052991472,0.7834431569711646,1.9639638540192534,"{""1"": 7, ""2"": 4}",10.10593740628979,10.105737702058935,4.363957689259742,1e-05,True,640,development_isotonic_frozen
s0-i13,held_out,0,oracle,b_saps_budgeted,2,0.15,0cc727ce3cb9eaea,"[[0, 2, 4, 5, 7, 11], [1, 3, 6, 8, 9, 10]]",0.2055390052991472,-0.2355620579115146,0.5837978731293116,-0.2552056425960108,,0.5027831852005746,8.135423967129121,8.135423967129121,0.2055390052991472,-1.6713714923884613,3.3966623057538436,"{""1"": 6, ""2"": 5}",8.135423967129121,8.135156954731887,5.100664454425963,1e-05,True,40,development_isotonic_frozen
s0-i13,held_out,0,oracle,random_balanced,3,0.01,a619416366ad3677,"[[0, 2, 5, 7], [3, 4, 9, 11], [1, 6, 8, 10]]",0.036139618265715094,-0.45386364884551256,1.1875231373414374,-0.14008636274469005,,0.7933932880560299,8.815328155836921,8.815328155836921,0.036139618265715094,0.0,4.937196814994367,"{""1"": 8, ""2"": 3}",8.815328155836921,8.814893484796832,3.8967584000139746,1e-05,True,40,development_isotonic_frozen
s0-i13,held_out,0,oracle,confidence,3,0.01,1c2b3ca8123810e7,"[[3, 7, 9, 11], [0, 4, 5, 6], [1, 2, 8, 10]]",0.036139618265715094,-0.3881255223936733,1.2641619234767276,-0.09204326068553238,,0.8890193360554813,6.499683515307527,6.499683515307527,0.036139618265715094,0.0,4.937196814994367,"{""1"": 10, ""2"": 1}",6.499683515307527,6.49956232267185,6.2477643579631295,1e-05,True,40,development_isotonic_frozen
s0-i13,held_out,0,oracle,entropy,3,0.01,c062c4141596d556,"[[3, 7, 9, 11], [0, 2, 4, 5], [1, 6, 8, 10]]",0.036139618265715094,-0.3997252286474741,1.2651568680990504,-0.15460097139393308,,0.7253651585218485,7.422608127049789,7.422608127049789,0.036139618265715094,0.0,4.937196814994367,"{""1"": 8, ""2"": 3}",7.422608127049789,7.422285870127741,5.495991265974462,1e-05,True,40,development_isotonic_frozen
s0-i13,held_out,0,oracle,dependency_cmi,3,0.01,958683cf49f9a950,"[[4, 6, 8, 11], [1, 5, 7, 9], [0, 2, 3, 10]]",0.036139618265715094,-0.47086785385030305,1.133180138460485,-0.0544247528024925,,0.8880395773453555,3.018631795304021,3.018631795304021,0.036139618265715094,0.0,-2.2133354565867167,"{""1"": 10, ""2"": 1}",3.018631795304021,3.018540129122919,5.014338001565234,1e-05,True,40,development_isotonic_frozen
s0-i13,held_out,0,oracle,min_within_batch_tc,3,0.01,dcbd320dddd8cbfd,"[[6, 8, 9, 11], [0, 5, 7, 10], [1, 2, 3, 4]]",0.036139618265715094,-0.4448303059317265,1.14699308210737,-0.16524792493963958,,0.8677438533772105,4.879193427132481,4.879193427132481,0.036139618265715094,0.0,-0.6722406492451831,"{""1"": 9, ""2"": 2}",4.879193427132481,4.879167232176645,5.362043995263333,1e-05,True,40,development_isotonic_frozen
s0-i13,held_out,0,oracle,dprm_myopic,3,0.01,d897ab806b8e3d7f,"[[1, 2, 7, 8], [0, 4, 5, 10], [3, 6, 9, 11]]",0.036139618265715094,-0.5502713969432959,1.0405521281388719,-0.15576715023716173,,0.8895550467757861,3.4783394120383777,3.4783394120383777,0.036139618265715094,0.0,-3.5752661357905424,"{""1"": 10, ""2"": 1}",3.4783394120383777,3.4696353540623877,3.7863887635128526,1e-05,True,40,development_isotonic_frozen
s0-i13,held_out,0,oracle,dprm_rollout,3,0.01,f51ad397d1042eda,"[[1, 2, 6, 11], [0, 3, 5, 10], [4, 7, 8, 9]]",0.036139618265715094,-0.5247475296802185,1.0825223384784748,-0.17732104026160844,,0.848525171887588,7.074528257160065,7.074528257160065,0.036139618265715094,0.0,3.5752661357905415,"{""1"": 9, ""2"": 2}",7.074528257160065,7.074354236674118,4.883794217445779,1e-05,True,40,development_isotonic_frozen
s0-i13,held_out,0,oracle,subset_exact,3,0.01,b29cb35dc6018d8a,"[[2, 4, 5, 6], [3, 7, 9, 11], [0, 1, 8, 10]]",0.036139618265715094,-0.4628799535996531,1.1642810325369133,-0.28452827412207427,,0.6644008899172501,7.555571347945925,7.555571347945925,0.036139618265715094,0.0,4.937196814994367,"{""2"": 4, ""1"": 7}",7.555571347945925,7.555117368159959,4.722899412601355,1e-05,True,40,development_isotonic_frozen
s0-i13,held_out,0,oracle,subset_beam_8,3,0.01,94156d7b282b5feb,"[[2, 4, 10, 11], [0, 3, 7, 9], [1, 5, 6, 8]]",0.036139618265715094,-0.4854482005984712,1.1574801114842879,-0.20790735207316557,,0.7785743828312675,8.861338946758009,8.861338946758009,0.036139618265715094,0.0,3.5752661357905424,"{""1"": 9, ""2"": 2}",8.861338946758009,8.861139417666962,4.474324208315593,1e-05,True,40,development_isotonic_frozen
s0-i13,held_out,0,oracle,subset_beam_32,3,0.01,b29cb35dc6018d8a,"[[2, 4, 5, 6], [3, 7, 9, 11], [0, 1, 8, 10]]",0.036139618265715094,-0.4628799535996531,1.1642810325369133,-0.28452827412207427,,0.6644008899172501,7.555571347945925,7.555571347945925,0.036139618265715094,0.0,4.937196814994367,"{""2"": 4, ""1"": 7}",7.555571347945925,7.555117368159959,4.722899412601355,1e-05,True,40,development_isotonic_frozen
s0-i13,held_out,0,oracle,saps_diagonal,3,0.01,d21ade7fabab3698,"[[0, 4, 5, 7], [2, 3, 9, 11], [1, 6, 8, 10]]",0.036139618265715094,-0.44618843132127733,1.19814586018799,-0.02918088339462103,,1.0,6.9784253524971795,6.9784253524971795,0.036139618265715094,0.0,4.937196814994367,"{""1"": 11}",6.9784253524971795,6.9782380578026455,4.2928885705265785,1e-05,True,40,development_isotonic_frozen
s0-i13,held_out,0,oracle,p_saps_residualized,3,0.01,78c591676e478b81,"[[0, 4, 6, 8], [2, 5, 7, 10], [1, 3, 9, 11]]",0.036139618265715094,-0.5413738466944623,1.0442036848653327,-0.08968817334958179,,0.8815304408604843,3.3026153828734377,3.3026153828734377,0.036139618265715094,0.0,-1.263513821070105,"{""1"": 9, ""2"": 2}",3.3026153828734377,3.3025535261460184,5.119698859196934,1e-05,True,80,development_isotonic_frozen
s0-i13,held_out,0,oracle,p_saps_projection,3,0.01,fb6b6aff5cc9ee61,"[[4, 6, 9, 11], [2, 3, 7, 10], [0, 1, 5, 8]]",0.036139618265715094,-0.4390323340280342,1.1921033380450947,-0.14805763394512794,,0.7816644040879764,9.609738766757674,9.609738766757674,0.036139618265715094,0.0,4.937196814994367,"{""2"": 3, ""1"": 8}",9.609738766757674,9.608047647497134,5.575398156044982,1e-05,True,640,development_isotonic_frozen
s0-i13,held_out,0,oracle,b_saps_budgeted,3,0.01,a619416366ad3677,"[[0, 2, 5, 7], [3, 4, 9, 11], [1, 6, 8, 10]]",0.036139618265715094,-0.45386364884551256,1.1875231373414374,-0.14008636274469005,,0.7933932880560299,8.815328155836921,8.815328155836921,0.036139618265715094,0.0,4.937196814994367,"{""1"": 8, ""2"": 3}",8.815328155836921,8.814893484796832,3.8967584000139746,1e-05,True,40,development_isotonic_frozen
s0-i13,held_out,0,oracle,random_balanced,3,0.05,a619416366ad3677,"[[0, 2, 5, 7], [3, 4, 9, 11], [1, 6, 8, 10]]",0.10089101761384478,-0.45386364884551256,1.1875231373414374,-0.14008636274469005,,0.7933932880560299,8.815328155836921,8.815328155836921,0.10261912238721214,-0.31660414488668054,2.089036491213258,"{""1"": 8, ""2"": 3}",8.815328155836921,8.814893484796832,3.8967584000139746,1e-05,True,40,development_isotonic_frozen
s0-i13,held_out,0,oracle,confidence,3,0.05,1c2b3ca8123810e7,"[[3, 7, 9, 11], [0, 4, 5, 6], [1, 2, 8, 10]]",0.10089101761384478,-0.3881255223936733,1.2641619234767276,-0.09204326068553238,,0.8890193360554813,6.499683515307527,6.499683515307527,0.10511837266652677,-0.27589420175745044,-0.956110139978327,"{""1"": 10, ""2"": 1}",6.499683515307527,6.49956232267185,6.2477643579631295,1e-05,True,40,development_isotonic_frozen
s0-i13,held_out,0,oracle,entropy,3,0.05,c062c4141596d556,"[[3, 7, 9, 11], [0, 2, 4, 5], [1, 6, 8, 10]]",0.10089101761384478,-0.3997252286474741,1.2651568680990504,-0.15460097139393308,,0.7253651585218485,7.422608127049789,7.422608127049789,0.10084116203753282,-0.1330133414524094,-1.234904228985613,"{""1"": 8, ""2"": 3}",7.422608127049789,7.422285870127741,5.495991265974462,1e-05,True,40,development_isotonic_frozen
s0-i13,held_out,0,oracle,dependency_cmi,3,0.05,958683cf49f9a950,"[[4, 6, 8, 11], [1, 5, 7, 9], [0, 2, 3, 10]]",0.10089101761384478,-0.47086785385030305,1.133180138460485,-0.0544247528024925,,0.8880395773453555,3.018631795304021,3.018631795304021,0.10509276602188161,0.022038089115485,0.4573980278008296,"{""1"": 10, ""2"": 1}",3.018631795304021,3.018540129122919,5.014338001565234,1e-05,True,40,development_isotonic_frozen
s0-i13,held_out,0,oracle,min_within_batch_tc,3,0.05,dcbd320dddd8cbfd,"[[6, 8, 9, 11], [0, 5, 7, 10], [1, 2, 3, 4]]",0.10089101761384478,-0.4448303059317265,1.14699308210737,-0.16524792493963958,,0.8677438533772105,4.879193427132481,4.879193427132481,0.10456232379554836,0.0,1.3477915836280703,"{""1"": 9, ""2"": 2}",4.879193427132481,4.879167232176645,5.362043995263333,1e-05,True,40,development_isotonic_frozen
s0-i13,held_out,0,oracle,dprm_myopic,3,0.05,d897ab806b8e3d7f,"[[1, 2, 7, 8], [0, 4, 5, 10], [3, 6, 9, 11]]",0.10089101761384478,-0.5502713969432959,1.0405521281388719,-0.15576715023716173,,0.8895550467757861,3.4783394120383777,3.4783394120383777,0.10513237382202115,1.1617051922458272,1.3528443744051417,"{""1"": 10, ""2"": 1}",3.4783394120383777,3.4696353540623877,3.7863887635128526,1e-05,True,40,development_isotonic_frozen
s0-i13,held_out,0,oracle,dprm_rollout,3,0.05,e2f4799b5470392b,"[[0, 2, 5, 7], [1, 3, 4, 6], [8, 9, 10, 11]]",0.10089101761384478,-0.5018199219564323,1.1143743300583528,-0.24240656250510426,,0.7040896758435775,6.9140943629715785,6.9140943629715785,0.10028511316655442,0.0022619865377335804,4.330515010503611,"{""1"": 7, ""2"": 4}",6.9140943629715785,6.9138718476797285,4.30935407393411,1e-05,True,40,development_isotonic_frozen
s0-i13,held_out,0,oracle,subset_exact,3,0.05,f3eadcf5df2d7418,"[[4, 6, 9, 11], [0, 3, 5, 7], [1, 2, 8, 10]]",0.10089101761384478,-0.4179328881534649,1.2175030709944428,-0.11989791350745917,,0.8460668016451443,9.641130035201911,9.641130035201911,0.10399577965062673,0.0,0.0,"{""1"": 9, ""2"": 2}",9.641130035201911,9.636143499812547,4.048352473505519,1e-05,True,40,development_isotonic_frozen
s0-i13,held_out,0,oracle,subset_beam_8,3,0.05,61a1abc190a9e9b3,"[[0, 1, 6, 9], [3, 4, 7, 11], [2, 5, 8, 10]]",0.10089101761384478,-0.4679382921649778,1.147389790653097,-0.15262072366552137,,0.772923183619325,7.946318426135487,7.946318426135487,0.10208412261150952,0.0,0.278794089007286,"{""2"": 3, ""1"": 8}",7.946318426135487,7.9461966626280045,4.588981212564657,1e-05,True,40,development_isotonic_frozen
s0-i13,held_out,0,oracle,subset_beam_32,3,0.05,b1dd0c868f621b37,"[[0, 4, 5, 6], [3, 7, 9, 11], [1, 2, 8, 10]]",0.10089101761384478,-0.4521840815149137,1.1709018116815166,-0.09204326068553238,,0.8890193360554813,7.772014700050464,7.772014700050464,0.10511837266652677,0.0,0.8954463466043125,"{""1"": 10, ""2"": 1}",7.772014700050464,7.7718642842626195,4.104781324463833,1e-05,True,40,development_isotonic_frozen
s0-i13,held_out,0,oracle,saps_diagonal,3,0.05,d21ade7fabab3698,"[[0, 4, 5, 7], [2, 3, 9, 11], [1, 6, 8, 10]]",0.10089101761384478,-0.44618843132127733,1.19814586018799,-0.02918088339462103,,1.0,6.9784253524971795,6.9784253524971795,0.10801892603210612,-0.023585047516876498,2.089036491213258,"{""1"": 11}",6.9784253524971795,6.9782380578026455,4.2928885705265785,1e-05,True,40,development_isotonic_frozen
s0-i13,held_out,0,oracle,p_saps_residualized,3,0.05,78c591676e478b81,"[[0, 4, 6, 8], [2, 5, 7, 10], [1, 3, 9, 11]]",0.10089101761384478,-0.5413738466944623,1.0442036848653327,-0.08968817334958179,,0.8815304408604843,3.3026153828734377,3.3026153828734377,0.10492264541647915,0.05250631422682729,1.5928422783591443,"{""1"": 9, ""2"": 2}",3.3026153828734377,3.3025535261460184,5.119698859196934,1e-05,True,80,development_isotonic_frozen
s0-i13,held_out,0,oracle,p_saps_projection,3,0.05,fb6b6aff5cc9ee61,"[[4, 6, 9, 11], [2, 3, 7, 10], [0, 1, 5, 8]]",0.10089101761384478,-0.4390323340280342,1.1921033380450947,-0.14805763394512794,,0.7816644040879764,9.609738766757674,9.609738766757674,0.1023125802143789,-0.29291982887237755,0.0,"{""2"": 3, ""1"": 8}",9.609738766757674,9.608047647497134,5.575398156044982,1e-05,True,640,development_isotonic_frozen
s0-i13,held_out,0,oracle,b_saps_budgeted,3,0.05,d21ade7fabab3698,"[[0, 4, 5, 7], [2, 3, 9, 11], [1, 6, 8, 10]]",0.10089101761384478,-0.44618843132127733,1.19814586018799,-0.02918088339462103,,1.0,6.9784253524971795,6.9784253524971795,0.10801892603210612,-0.023585047516876498,2.089036491213258,"{""1"": 11}",6.9784253524971795,6.9782380578026455,4.2928885705265785,1e-05,True,40,development_isotonic_frozen
s0-i13,held_out,0,oracle,random_balanced,3,0.15,a619416366ad3677,"[[0, 2, 5, 7], [3, 4, 9, 11], [1, 6, 8, 10]]",0.2055390052991472,-0.45386364884551256,1.1875231373414374,-0.14008636274469005,,0.7933932880560299,8.815328155836921,8.815328155836921,0.2055390052991472,-1.6289194515131395,3.9408454767024264,"{""1"": 8, ""2"": 3}",8.815328155836921,8.814893484796832,3.8967584000139746,1e-05,True,40,development_isotonic_frozen
s0-i13,held_out,0,oracle,confidence,3,0.15,1c2b3ca8123810e7,"[[3, 7, 9, 11], [0, 4, 5, 6], [1, 2, 8, 10]]",0.2055390052991472,-0.3881255223936733,1.2641619234767276,-0.09204326068553238,,0.8890193360554813,6.499683515307527,6.499683515307527,0.2055390052991472,-0.052473726000924044,0.47955453533811965,"{""1"": 10, ""2"": 1}",6.499683515307527,6.49956232267185,6.2477643579631295,1e-05,True,40,development_isotonic_frozen
s0-i13,held_out,0,oracle,entropy,3,0.15,c062c4141596d556,"[[3, 7, 9, 11], [0, 2, 4, 5], [1, 6, 8, 10]]",0.2055390052991472,-0.3997252286474741,1.2651568680990504,-0.15460097139393308,,0.7253651585218485,7.422608127049789,7.422608127049789,0.2055390052991472,-0.04511232832527212,1.721413951147186,"{""1"": 8, ""2"": 3}",7.422608127049789,7.422285870127741,5.495991265974462,1e-05,True,40,development_isotonic_frozen
s0-i13,held_out,0,oracle,dependency_cmi,3,0.15,958683cf49f9a950,"[[4, 6, 8, 11], [1, 5, 7, 9], [0, 2, 3, 10]]",0.2055390052991472,-0.47086785385030305,1.133180138460485,-0.0544247528024925,,0.8880395773453555,3.018631795304021,3.018631795304021,0.2055390052991472,1.9986877421106595,2.9700216309741916,"{""1"": 10, ""2"": 1}",3.018631795304021,3.018540129122919,5.014338001565234,1e-05,True,40,development_isotonic_frozen
s0-i13,held_out,0,oracle,min_within_batch_tc,3,0.15,dcbd320dddd8cbfd,"[[6, 8, 9, 11], [0, 5, 7, 10], [1, 2, 3, 4]]",0.2055390052991472,-0.4448303059317265,1.14699308210737,-0.16524792493963958,,0.8677438533772105,4.879193427132481,4.879193427132481,0.2055390052991472,0.28791423892298074,0.13306728006068247,"{""1"": 9, ""2"": 2}",4.879193427132481,4.879167232176645,5.362043995263333,1e-05,True,40,development_isotonic_frozen
s0-i13,held_out,0,oracle,dprm_myopic,3,0.15,d897ab806b8e3d7f,"[[1, 2, 7, 8], [0, 4, 5, 10], [3, 6, 9, 11]]",0.2055390052991472,-0.5502713969432959,1.0405521281388719,-0.15576715023716173,,0.8895550467757861,3.4783394120383777,3.4783394120383777,0.2055390052991472,0.3916902039786537,4.213308940357209,"{""1"": 10, ""2"": 1}",3.4783394120383777,3.4696353540623877,3.7863887635128526,1e-05,True,40,development_isotonic_frozen
s0-i13,held_out,0,oracle,dprm_rollout,3,0.15,d01b04ae750e9a72,"[[1, 4, 5, 7], [2, 3, 8, 11], [0, 6, 9, 10]]",0.2055390052991472,-0.48805409336984235,1.138015610989741,-0.1619779447186479,,0.828747060146417,6.762712321963737,6.762712321963737,0.2055390052991472,0.7506343554708919,0.8317295653691819,"{""1"": 9, ""2"": 2}",6.762712321963737,6.762503887496951,3.6652793135683135,1e-05,True,40,development_isotonic_frozen
s0-i13,held_out,0,oracle,subset_exact,3,0.15,d1bdb1225c359760,"[[0, 2, 5, 10], [3, 7, 9, 11], [1, 4, 6, 8]]",0.2055390052991472,-0.48419329568944613,1.1349895032159516,-0.24474066628046975,,0.659884816159586,7.668170482404747,7.668170482404747,0.2055390052991472,-0.007808253438529089,1.2510312195358422,"{""1"": 7, ""2"": 4}",7.668170482404747,7.667913416048339,5.270623515728,1e-05,True,40,development_isotonic_frozen
s0-i13,held_out,0,oracle,subset_beam_8,3,0.15,d1bdb1225c359760,"[[0, 2, 5, 10], [3, 7, 9, 11], [1, 4, 6, 8]]",0.2055390052991472,-0.48419329568944613,1.1349895032159516,-0.24474066628046975,,0.659884816159586,7.668170482404747,7.668170482404747,0.2055390052991472,-0.007808253438529089,1.2510312195358422,"{""1"": 7, ""2"": 4}",7.668170482404747,7.667913416048339,5.270623515728,1e-05,True,40,development_isotonic_frozen
s0-i13,held_out,0,oracle,subset_beam_32,3,0.15,d1bdb1225c359760,"[[0, 2, 5, 10], [3, 7, 9, 11], [1, 4, 6, 8]]",0.2055390052991472,-0.48419329568944613,1.1349895032159516,-0.24474066628046975,,0.659884816159586,7.668170482404747,7.668170482404747,0.2055390052991472,-0.007808253438529089,1.2510312195358422,"{""1"": 7, ""2"": 4}",7.668170482404747,7.667913416048339,5.270623515728,1e-05,True,40,development_isotonic_frozen
s0-i13,held_out,0,oracle,saps_diagonal,3,0.15,d21ade7fabab3698,"[[0, 4, 5, 7], [2, 3, 9, 11], [1, 6, 8, 10]]",0.2055390052991472,-0.44618843132127733,1.19814586018799,-0.02918088339462103,,1.0,6.9784253524971795,6.9784253524971795,0.2055390052991472,-0.3201182062144263,6.138692503782639,"{""1"": 11}",6.9784253524971795,6.9782380578026455,4.2928885705265785,1e-05,True,40,development_isotonic_frozen
s0-i13,held_out,0,oracle,p_saps_residualized,3,0.15,78c591676e478b81,"[[0, 4, 6, 8], [2, 5, 7, 10], [1, 3, 9, 11]]",0.2055390052991472,-0.5413738466944623,1.0442036848653327,-0.08968817334958179,,0.8815304408604843,3.3026153828734377,3.3026153828734377,0.2055390052991472,-0.0041922590627778145,3.4357144267090236,"{""1"": 9, ""2"": 2}",3.3026153828734377,3.3025535261460184,5.119698859196934,1e-05,True,80,development_isotonic_frozen
s0-i13,held_out,0,oracle,p_saps_projection,3,0.15,fb6b6aff5cc9ee61,"[[4, 6, 9, 11], [2, 3, 7, 10], [0, 1, 5, 8]]",0.2055390052991472,-0.4390323340280342,1.1921033380450947,-0.14805763394512794,,0.7816644040879764,9.609738766757674,9.609738766757674,0.2055390052991472,0.0,-1.1474942090374558,"{""2"": 3, ""1"": 8}",9.609738766757674,9.608047647497134,5.575398156044982,1e-05,True,640,development_isotonic_frozen
s0-i13,held_out,0,oracle,b_saps_budgeted,3,0.15,a619416366ad3677,"[[0, 2, 5, 7], [3, 4, 9, 11], [1, 6, 8, 10]]",0.2055390052991472,-0.45386364884551256,1.1875231373414374,-0.14008636274469005,,0.7933932880560299,8.815328155836921,8.815328155836921,0.2055390052991472,-1.6289194515131395,3.9408454767024264,"{""1"": 8, ""2"": 3}",8.815328155836921,8.814893484796832,3.8967584000139746,1e-05,True,40,development_isotonic_frozen
s0-i13,held_out,0,oracle,random_balanced,4,0.01,6279fef8e2ec1d9d,"[[2, 5, 7], [0, 4, 11], [3, 8, 9], [1, 6, 10]]",0.036139618265715094,-0.6922386790913825,1.7630587730280831,-0.0861913801829449,,0.8425336476296909,7.297218588934207,7.297218588934207,0.036139618265715094,0.0,1.3619306792038253,"{""1"": 9, ""2"": 2}",7.297218588934207,7.297083764499666,5.187287084803572,1e-05,True,40,development_isotonic_frozen
s0-i13,held_out,0,oracle,confidence,4,0.01,e4688a6b5283e70e,"[[7, 9, 11], [3, 5, 6], [0, 4, 10], [1, 2, 8]]",0.036139618265715094,-0.5900060041312473,1.856298492925511,-0.15503829129943697,,0.8895550467757861,4.930211252778232,4.930211252778232,0.036139618265715094,0.0,2.01887854093285,"{""1"": 10, ""2"": 1}",4.930211252778232,4.930149917376442,4.874257839941478,1e-05,True,40,development_isotonic_frozen
s0-i13,held_out,0,oracle,entropy,4,0.01,e617d81f6dcb4191,"[[3, 9, 11], [4, 5, 7], [0, 2, 6], [1, 8, 10]]",0.036139618265715094,-0.6065086454162306,1.882022848585797,-0.1903542390502613,,0.7795172836432808,5.952582716671511,5.952582716671511,0.036139618265715094,0.0,2.01887854093285,"{""1"": 9, ""2"": 2}",5.952582716671511,5.951882215082325,4.206163933762218,1e-05,True,40,development_isotonic_frozen
s0-i13,held_out,0,oracle,dependency_cmi,4,0.01,57a5cbcb46a32011,"[[4, 6, 11], [3, 5, 9], [0, 8, 10], [1, 2, 7]]",0.036139618265715094,-0.6799407940206502,1.7642395389712433,-0.005348256571662213,,1.0,5.525770229311361,5.525770229311361,0.036139618265715094,0.0,6.49358440985206,"{""1"": 11}",5.525770229311361,5.5257061557407825,4.563058306089555,1e-05,True,40,development_isotonic_frozen
s0-i13,held_out,0,oracle,min_within_batch_tc,4,0.01,c5032be41767065d,"[[8, 9, 11], [5, 7, 10], [0, 3, 6], [1, 2, 4]]",0.036139618265715094,-0.6474880096322978,1.7672001643751205,-0.12060429536867426,,0.9345196576377376,6.141251344997238,6.141251344997238,0.036139618265715094,-0.03921539858778633,-5.1316537306482335,"{""1"": 10, ""2"": 1}",6.141251344997238,6.141178692955371,6.175312519709849,1e-05,True,40,development_isotonic_frozen
s0-i13,held_out,0,oracle,dprm_myopic,4,0.01,dfa87e18a34328cd,"[[1, 2, 6], [4, 10, 11], [5, 7, 8], [0, 3, 9]]",0.036139618265715094,-0.8125555814279569,1.570694814703755,-0.27150014181017973,,0.7810327530737112,5.1586295063640515,5.1586295063640515,0.036139618265715094,-0.19774216864041283,0.0,"{""1"": 9, ""2"": 2}",5.1586295063640515,5.158401825980061,4.89223540824735,1e-05,True,40,development_isotonic_frozen
s0-i13,held_out,0,oracle,dprm_rollout,4,0.01,6028f9494260b639,"[[2, 5, 6], [1, 4, 11], [3, 8, 9], [0, 7, 10]]",0.036139618265715094,-0.7575906673942981,1.6607281894169474,-0.3059073199930123,,0.6685310115653537,6.108836795048812,6.108836795048812,0.036139618265715094,0.0,1.3619306792038253,"{""1"": 7, ""2"": 4}",6.108836795048812,6.10848005487595,4.237252056463596,1e-05,True,40,development_isotonic_frozen
s0-i13,held_out,0,oracle,subset_exact,4,0.01,6b53472752281897,"[[4, 5, 9], [3, 7, 11], [0, 6, 10], [1, 2, 8]]",0.036139618265715094,-0.6232147606456587,1.8349682044630837,-0.10480477811765064,,0.8460668016451443,5.293846849718172,5.293846849718172,0.036139618265715094,0.0,4.937196814994367,"{""1"": 9, ""2"": 2}",5.293846849718172,5.165081054971402,4.756915900965659,1e-05,True,40,development_isotonic_frozen
s0-i13,held_out,0,oracle,subset_beam_8,4,0.01,6b53472752281897,"[[4, 5, 9], [3, 7, 11], [0, 6, 10], [1, 2, 8]]",0.036139618265715094,-0.6232147606456587,1.8349682044630837,-0.10480477811765064,,0.8460668016451443,5.293846849718172,5.293846849718172,0.036139618265715094,0.0,4.937196814994367,"{""1"": 9, ""2"": 2}",5.293846849718172,5.165081054971402,4.756915900965659,1e-05,True,40,development_isotonic_frozen
s0-i13,held_out,0,oracle,subset_beam_32,4,0.01,6b53472752281897,"[[4, 5, 9], [3, 7, 11], [0, 6, 10], [1, 2, 8]]",0.036139618265715094,-0.6232147606456587,1.8349682044630837,-0.10480477811765064,,0.8460668016451443,5.293846849718172,5.293846849718172,0.036139618265715094,0.0,4.937196814994367,"{""1"": 9, ""2"": 2}",5.293846849718172,5.165081054971402,4.756915900965659,1e-05,True,40,development_isotonic_frozen
s0-i13,held_out,0,oracle,saps_diagonal,4,0.01,19f39ac57548cba5,"[[2, 7, 8], [0, 4, 11], [3, 5, 9], [1, 6, 10]]",0.036139618265715094,-0.7252124047212924,1.7256331425503662,-0.025934677637038436,,1.0,3.617640640501657,3.617640640501657,0.036139618265715094,0.0,-2.2133354565867167,"{""1"": 11}",3.617640640501657,3.6175854807612557,4.283780742192773,1e-05,True,40,development_isotonic_frozen
s0-i13,held_out,0,oracle,p_saps_residualized,4,0.01,9ca9c0c43e77ec04,"[[4, 5, 6], [8, 10, 11], [0, 3, 7], [1, 2, 9]]",0.036139618265715094,-0.7362615139570114,1.663674224655039,-0.06951548336078169,,0.8890193360554813,5.776431164696422,5.776431164696422,0.036139618265715094,0.1771899874511461,1.3619306792038253,"{""1"": 10, ""2"": 1}",5.776431164696422,5.77631862578764,4.651720030855927,1e-05,True,80,development_isotonic_frozen
s0-i13,held_out,0,oracle,p_saps_projection,4,0.01,72da6413819b6a56,"[[4, 10, 11], [0, 5, 9], [2, 3, 8], [1, 6, 7]]",0.036139618265715094,-0.7227385701947328,1.7228455389487214,-0.17425369269412422,,0.7837824492844655,9.119112614900573,9.119112614900573,0.036139618265715094,0.0,-5.131653730648234,"{""1"": 9, ""2"": 2}",9.119112614900573,8.907506713060357,4.380814741387147,1e-05,True,640,development_isotonic_frozen
s0-i13,held_out,0,oracle,b_saps_budgeted,4,0.01,6279fef8e2ec1d9d,"[[2, 5, 7], [0, 4, 11], [3, 8, 9], [1, 6, 10]]",0.036139618265715094,-0.6922386790913825,1.7630587730280831,-0.0861913801829449,,0.8425336476296909,7.297218588934207,7.297218588934207,0.036139618265715094,0.0,1.3619306792038253,"{""1"": 9, ""2"": 2}",7.297218588934207,7.297083764499666,5.187287084803572,1e-05,True,40,development_isotonic_frozen
s0-i13,held_out,0,oracle,random_balanced,4,0.05,6279fef8e2ec1d9d,"[[2, 5, 7], [0, 4, 11], [3, 8, 9], [1, 6, 10]]",0.10326698708659857,-0.6922386790913825,1.7630587730280831,-0.0861913801829449,,0.8425336476296909,7.297218588934207,7.297218588934207,0.10390343832371093,0.0,2.089036491213258,"{""1"": 9, ""2"": 2}",7.297218588934207,7.297083764499666,5.187287084803572,1e-05,True,40,development_isotonic_frozen
s0-i13,held_out,0,oracle,confidence,4,0.05,e4688a6b5283e70e,"[[7, 9, 11], [3, 5, 6], [0, 4, 10], [1, 2, 8]]",0.10326698708659857,-0.5900060041312473,1.856298492925511,-0.15503829129943697,,0.8895550467757861,4.930211252778232,4.930211252778232,0.10513237382202115,0.006947274522836028,0.2787940890072864,"{""1"": 10, ""2"": 1}",4.930211252778232,4.930149917376442,4.874257839941478,1e-05,True,40,development_isotonic_frozen
s0-i13,held_out,0,oracle,entropy,4,0.05,e617d81f6dcb4191,"[[3, 9, 11], [4, 5, 7], [0, 2, 6], [1, 8, 10]]",0.10326698708659857,-0.6065086454162306,1.882022848585797,-0.1903542390502613,,0.7795172836432808,5.952582716671511,5.952582716671511,0.10225646379543876,0.0,0.0,"{""1"": 9, ""2"": 2}",5.952582716671511,5.951882215082325,4.206163933762218,1e-05,True,40,development_isotonic_frozen
s0-i13,held_out,0,oracle,dependency_cmi,4,0.05,57a5cbcb46a32011,"[[4, 6, 11], [3, 5, 9], [0, 8, 10], [1, 2, 7]]",0.10326698708659857,-0.6799407940206502,1.7642395389712433,-0.005348256571662213,,1.0,5.525770229311361,5.525770229311361,0.10801892603210612,0.0,1.3477915836280703,"{""1"": 11}",5.525770229311361,5.5257061557407825,4.563058306089555,1e-05,True,40,development_isotonic_frozen
s0-i13,held_out,0,oracle,min_within_batch_tc,4,0.05,c5032be41767065d,"[[8, 9, 11], [5, 7, 10], [0, 3, 6], [1, 2, 4]]",0.10326698708659857,-0.6474880096322978,1.7672001643751205,-0.12060429536867426,,0.9345196576377376,6.141251344997238,6.141251344997238,0.1063075537924059,-0.007013235500244797,-1.352844374405142,"{""1"": 10, ""2"": 1}",6.141251344997238,6.141178692955371,6.175312519709849,1e-05,True,40,development_isotonic_frozen
s0-i13,held_out,0,oracle,dprm_myopic,4,0.05,dfa87e18a34328cd,"[[1, 2, 6], [4, 10, 11], [5, 7, 8], [0, 3, 9]]",0.10326698708659857,-0.8125555814279569,1.570694814703755,-0.27150014181017973,,0.7810327530737112,5.1586295063640515,5.1586295063640515,0.1022960715955783,0.0,0.2787940890072864,"{""1"": 9, ""2"": 2}",5.1586295063640515,5.158401825980061,4.89223540824735,1e-05,True,40,development_isotonic_frozen
s0-i13,held_out,0,oracle,dprm_rollout,4,0.05,114281b9e1e37a6e,"[[6, 10, 11], [4, 5, 8], [1, 2, 3], [0, 7, 9]]",0.10326698708659857,-0.7683800143641735,1.625993850074791,-0.04386155002484082,,0.9332241957394729,7.001755235819423,7.001755235819423,0.10627369603524858,0.0,-0.40506510499836423,"{""1"": 10, ""2"": 1}",7.001755235819423,6.98950647271825,3.7805389612989235,1e-05,True,40,development_isotonic_frozen
s0-i13,held_out,0,oracle,subset_exact,4,0.05,504bbc9561ca7ca1,"[[0, 8, 11], [3, 7, 9], [4, 5, 6], [1, 2, 10]]",0.10326698708659857,-0.6666268598872175,1.7867767930903729,-0.07895222948345593,,0.8890193360554813,3.8315184097691555,3.8315184097691555,0.10511837266652677,0.0,-0.4573980278008296,"{""1"": 10, ""2"": 1}",3.8315184097691555,3.8314469511447298,5.5013183663481104,1e-05,True,40,development_isotonic_frozen
s0-i13,held_out,0,oracle,subset_beam_8,4,0.05,504bbc9561ca7ca1,"[[0, 8, 11], [3, 7, 9], [4, 5, 6], [1, 2, 10]]",0.10326698708659857,-0.6666268598872175,1.7867767930903729,-0.07895222948345593,,0.8890193360554813,3.8315184097691555,3.8315184097691555,0.10511837266652677,0.0,-0.4573980278008296,"{""1"": 10, ""2"": 1}",3.8315184097691555,3.8314469511447298,5.5013183663481104,1e-05,True,40,development_isotonic_frozen
s0-i13,held_out,0,oracle,subset_beam_32,4,0.05,504bbc9561ca7ca1,"[[0, 8, 11], [3, 7, 9], [4, 5, 6], [1, 2, 10]]",0.10326698708659857,-0.6666268598872175,1.7867767930903729,-0.07895222948345593,,0.8890193360554813,3.8315184097691555,3.8315184097691555,0.10511837266652677,0.0,-0.4573980278008296,"{""1"": 10, ""2"": 1}",3.8315184097691555,3.8314469511447298,5.5013183663481104,1e-05,True,40,development_isotonic_frozen
s0-i13,held_out,0,oracle,saps_diagonal,4,0.05,19f39ac57548cba5,"[[2, 7, 8], [0, 4, 11], [3, 5, 9], [1, 6, 10]]",0.10326698708659857,-0.7252124047212924,1.7256331425503662,-0.025934677637038436,,1.0,3.617640640501657,3.617640640501657,0.10801892603210612,-0.5619553079839986,0.0,"{""1"": 11}",3.617640640501657,3.6175854807612557,4.283780742192773,1e-05,True,40,development_isotonic_frozen
s0-i13,held_out,0,oracle,p_saps_residualized,4,0.05,9ca9c0c43e77ec04,"[[4, 5, 6], [8, 10, 11], [0, 3, 7], [1, 2, 9]]",0.10326698708659857,-0.7362615139570114,1.663674224655039,-0.06951548336078169,,0.8890193360554813,5.776431164696422,5.776431164696422,0.10511837266652677,0.0,0.8954463466043125,"{""1"": 10, ""2"": 1}",5.776431164696422,5.77631862578764,4.651720030855927,1e-05,True,80,development_isotonic_frozen
s0-i13,held_out,0,oracle,p_saps_projection,4,0.05,72da6413819b6a56,"[[4, 10, 11], [0, 5, 9], [2, 3, 8], [1, 6, 7]]",0.10326698708659857,-0.7227385701947328,1.7228455389487214,-0.17425369269412422,,0.7837824492844655,9.119112614900573,9.119112614900573,0.10236793673239539,0.0,-0.4573980278008296,"{""1"": 9, ""2"": 2}",9.119112614900573,8.907506713060357,4.380814741387147,1e-05,True,640,development_isotonic_frozen
s0-i13,held_out,0,oracle,b_saps_budgeted,4,0.05,19f39ac57548cba5,"[[2, 7, 8], [0, 4, 11], [3, 5, 9], [1, 6, 10]]",0.10326698708659857,-0.7252124047212924,1.7256331425503662,-0.025934677637038436,,1.0,3.617640640501657,3.617640640501657,0.10801892603210612,-0.5619553079839986,0.0,"{""1"": 11}",3.617640640501657,3.6175854807612557,4.283780742192773,1e-05,True,40,development_isotonic_frozen
s0-i13,held_out,0,oracle,random_balanced,4,0.15,6279fef8e2ec1d9d,"[[2, 5, 7], [0, 4, 11], [3, 8, 9], [1, 6, 10]]",0.20553900529914726,-0.6922386790913825,1.7630587730280831,-0.0861913801829449,,0.8425336476296909,7.297218588934207,7.297218588934207,0.2055390052991472,-0.5504880803908889,6.138692503782639,"{""1"": 9, ""2"": 2}",7.297218588934207,7.297083764499666,5.187287084803572,1e-05,True,40,development_isotonic_frozen
s0-i13,held_out,0,oracle,confidence,4,0.15,e4688a6b5283e70e,"[[7, 9, 11], [3, 5, 6], [0, 4, 10], [1, 2, 8]]",0.20553900529914726,-0.5900060041312473,1.856298492925511,-0.15503829129943697,,0.8895550467757861,4.930211252778232,4.930211252778232,0.2055390052991472,0.36135148527468525,6.049452081141816,"{""1"": 10, ""2"": 1}",4.930211252778232,4.930149917376442,4.874257839941478,1e-05,True,40,development_isotonic_frozen
s0-i13,held_out,0,oracle,entropy,4,0.15,e617d81f6dcb4191,"[[3, 9, 11], [4, 5, 7], [0, 2, 6], [1, 8, 10]]",0.20553900529914726,-0.6065086454162306,1.882022848585797,-0.1903542390502613,,0.7795172836432808,5.952582716671511,5.952582716671511,0.2055390052991472,-0.44223854639700855,-1.2437591397443735,"{""1"": 9, ""2"": 2}",5.952582716671511,5.951882215082325,4.206163933762218,1e-05,True,40,development_isotonic_frozen
s0-i13,held_out,0,oracle,dependency_cmi,4,0.15,57a5cbcb46a32011,"[[4, 6, 11], [3, 5, 9], [0, 8, 10], [1, 2, 7]]",0.20553900529914726,-0.6799407940206502,1.7642395389712433,-0.005348256571662213,,1.0,5.525770229311361,5.525770229311361,0.2055390052991472,0.0678235209521913,4.0211963146119585,"{""1"": 11}",5.525770229311361,5.5257061557407825,4.563058306089555,1e-05,True,40,development_isotonic_frozen
s0-i13,held_out,0,oracle,min_within_batch_tc,4,0.15,c5032be41767065d,"[[8, 9, 11], [5, 7, 10], [0, 3, 6], [1, 2, 4]]",0.20553900529914726,-0.6474880096322978,1.7672001643751205,-0.12060429536867426,,0.9345196576377376,6.141251344997238,6.141251344997238,0.2055390052991472,2.511633638111059,6.1961230258830415,"{""1"": 10, ""2"": 1}",6.141251344997238,6.141178692955371,6.175312519709849,1e-05,True,40,development_isotonic_frozen
s0-i13,held_out,0,oracle,dprm_myopic,4,0.15,dfa87e18a34328cd,"[[1, 2, 6], [4, 10, 11], [5, 7, 8], [0, 3, 9]]",0.20553900529914726,-0.8125555814279569,1.570694814703755,-0.27150014181017973,,0.7810327530737112,5.1586295063640515,5.1586295063640515,0.2055390052991472,0.4660569471688164,4.22855761376843,"{""1"": 9, ""2"": 2}",5.1586295063640515,5.158401825980061,4.89223540824735,1e-05,True,40,development_isotonic_frozen
s0-i13,held_out,0,oracle,dprm_rollout,4,0.15,da174181c80f2c73,"[[6, 7, 11], [4, 5, 9], [0, 2, 3], [1, 8, 10]]",0.20553900529914726,-0.6257233306765458,1.811627046344406,-0.103357073113103,,0.8450870429350185,5.883838432184914,5.883838432184914,0.2055390052991472,-0.14413409823529427,-1.4164960067954961,"{""1"": 9, ""2"": 2}",5.883838432184914,5.883611408793996,5.273583985456287,1e-05,True,40,development_isotonic_frozen
s0-i13,held_out,0,oracle,subset_exact,4,0.15,73a70e689fbe9945,"[[2, 5, 6], [7, 9, 11], [0, 3, 4], [1, 8, 10]]",0.20553900529914726,-0.6703580335098626,1.7574336447199987,-0.19655384085283747,,0.8397839514189366,5.397825222443722,5.397825222443722,0.2055390052991472,0.0,7.0366596265901755,"{""1"": 9, ""2"": 2}",5.397825222443722,5.397591408886603,4.282535133965461,1e-05,True,40,development_isotonic_frozen
s0-i13,held_out,0,oracle,subset_beam_8,4,0.15,73a70e689fbe9945,"[[2, 5, 6], [7, 9, 11], [0, 3, 4], [1, 8, 10]]",0.20553900529914726,-0.6703580335098626,1.7574336447199987,-0.19655384085283747,,0.8397839514189366,5.397825222443722,5.397825222443722,0.2055390052991472,0.0,7.0366596265901755,"{""1"": 9, ""2"": 2}",5.397825222443722,5.397591408886603,4.282535133965461,1e-05,True,40,development_isotonic_frozen
s0-i13,held_out,0,oracle,subset_beam_32,4,0.15,73a70e689fbe9945,"[[2, 5, 6], [7, 9, 11], [0, 3, 4], [1, 8, 10]]",0.20553900529914726,-0.6703580335098626,1.7574336447199987,-0.19655384085283747,,0.8397839514189366,5.397825222443722,5.397825222443722,0.2055390052991472,0.0,7.0366596265901755,"{""1"": 9, ""2"": 2}",5.397825222443722,5.397591408886603,4.282535133965461,1e-05,True,40,development_isotonic_frozen
s0-i13,held_out,0,oracle,saps_diagonal,4,0.15,19f39ac57548cba5,"[[2, 7, 8], [0, 4, 11], [3, 5, 9], [1, 6, 10]]",0.20553900529914726,-0.7252124047212924,1.7256331425503662,-0.025934677637038436,,1.0,3.617640640501657,3.617640640501657,0.2055390052991472,1.4781365384768392,4.584902346378675,"{""1"": 11}",3.617640640501657,3.6175854807612557,4.283780742192773,1e-05,True,40,development_isotonic_frozen
s0-i13,held_out,0,oracle,p_saps_residualized,4,0.15,9ca9c0c43e77ec04,"[[4, 5, 6], [8, 10, 11], [0, 3, 7], [1, 2, 9]]",0.20553900529914726,-0.7362615139570114,1.663674224655039,-0.06951548336078169,,0.8890193360554813,5.776431164696422,5.776431164696422,0.2055390052991472,-0.21896173116895948,4.988349994283071,"{""1"": 10, ""2"": 1}",5.776431164696422,5.77631862578764,4.651720030855927,1e-05,True,80,development_isotonic_frozen
s0-i13,held_out,0,oracle,p_saps_projection,4,0.15,72da6413819b6a56,"[[4, 10, 11], [0, 5, 9], [2, 3, 8], [1, 6, 7]]",0.20553900529914726,-0.7227385701947328,1.7228455389487214,-0.17425369269412422,,0.7837824492844655,9.119112614900573,9.119112614900573,0.2055390052991472,-0.01013104186228525,-2.738477147878846,"{""1"": 9, ""2"": 2}",9.119112614900573,8.907506713060357,4.380814741387147,1e-05,True,640,development_isotonic_frozen
s0-i13,held_out,0,oracle,b_saps_budgeted,4,0.15,6279fef8e2ec1d9d,"[[2, 5, 7], [0, 4, 11], [3, 8, 9], [1, 6, 10]]",0.20553900529914726,-0.6922386790913825,1.7630587730280831,-0.0861913801829449,,0.8425336476296909,7.297218588934207,7.297218588934207,0.2055390052991472,-0.5504880803908889,6.138692503782639,"{""1"": 9, ""2"": 2}",7.297218588934207,7.297083764499666,5.187287084803572,1e-05,True,40,development_isotonic_frozen
s0-i13,held_out,0,random_matched,random_balanced,1,0.01,8a4f20d215a3b9a1,"[[0, 1, 2, 3, 4, 5, 6, 7, 8, 9, 10, 11]]",0.758931983580017,-0.0,0.0,-0.8036686225398636,,0.0,8.149028662687275,8.149028662687275,0.758931983580017,0.0,-3.5752661357905424,"{""2"": 21, ""4"": 22, ""3"": 23}",8.149028662687275,8.148937210239435,64.72271944465015,1e-05,True,40,development_isotonic_frozen
s0-i13,held_out,0,random_matched,confidence,1,0.01,8a4f20d215a3b9a1,"[[0, 1, 2, 3, 4, 5, 6, 7, 8, 9, 10, 11]]",0.758931983580017,-0.0,0.0,-0.8036686225398636,,0.0,8.149028662687275,8.149028662687275,0.758931983580017,0.0,-3.5752661357905424,"{""2"": 21, ""4"": 22, ""3"": 23}",8.149028662687275,8.148937210239435,64.72271944465015,1e-05,True,40,development_isotonic_frozen
s0-i13,held_out,0,random_matched,entropy,1,0.01,8a4f20d215a3b9a1,"[[0, 1, 2, 3, 4, 5, 6, 7, 8, 9, 10, 11]]",0.758931983580017,-0.0,0.0,-0.8036686225398636,,0.0,8.149028662687275,8.149028662687275,0.758931983580017,0.0,-3.5752661357905424,"{""2"": 21, ""4"": 22, ""3"": 23}",8.149028662687275,8.148937210239435,64.72271944465015,1e-05,True,40,development_isotonic_frozen
s0-i13,held_out,0,random_matched,dependency_cmi,1,0.01,8a4f20d215a3b9a1,"[[0, 1, 2, 3, 4, 5, 6, 7, 8, 9, 10, 11]]",0.758931983580017,-0.0,0.0,-0.8036686225398636,,0.0,8.149028662687275,8.149028662687275,0.758931983580017,0.0,-3.5752661357905424,"{""2"": 21, ""4"": 22, ""3"": 23}",8.149028662687275,8.148937210239435,64.72271944465015,1e-05,True,40,development_isotonic_frozen
s0-i13,held_out,0,random_matched,min_within_batch_tc,1,0.01,8a4f20d215a3b9a1,"[[0, 1, 2, 3, 4, 5, 6, 7, 8, 9, 10, 11]]",0.758931983580017,-0.0,0.0,-0.8036686225398636,,0.0,8.149028662687275,8.149028662687275,0.758931983580017,0.0,-3.5752661357905424,"{""2"": 21, ""4"": 22, ""3"": 23}",8.149028662687275,8.148937210239435,64.72271944465015,1e-05,True,40,development_isotonic_frozen
s0-i13,held_out,0,random_matched,dprm_myopic,1,0.01,8a4f20d215a3b9a1,"[[0, 1, 2, 3, 4, 5, 6, 7, 8, 9, 10, 11]]",0.758931983580017,-0.0,0.0,-0.8036686225398636,,0.0,8.149028662687275,8.149028662687275,0.758931983580017,0.0,-3.5752661357905424,"{""2"": 21, ""4"": 22, ""3"": 23}",8.149028662687275,8.148937210239435,64.72271944465015,1e-05,True,40,development_isotonic_frozen
s0-i13,held_out,0,random_matched,dprm_rollout,1,0.01,8a4f20d215a3b9a1,"[[0, 1, 2, 3, 4, 5, 6, 7, 8, 9, 10, 11]]",0.758931983580017,-0.0,0.0,-0.8036686225398636,,0.0,8.149028662687275,8.149028662687275,0.758931983580017,0.0,-3.5752661357905424,"{""2"": 21, ""4"": 22, ""3"": 23}",8.149028662687275,8.148937210239435,64.72271944465015,1e-05,True,40,development_isotonic_frozen
s0-i13,held_out,0,random_matched,subset_exact,1,0.01,8a4f20d215a3b9a1,"[[0, 1, 2, 3, 4, 5, 6, 7, 8, 9, 10, 11]]",0.758931983580017,-0.0,0.0,-0.8036686225398636,,0.0,8.149028662687275,8.149028662687275,0.758931983580017,0.0,-3.5752661357905424,"{""2"": 21, ""4"": 22, ""3"": 23}",8.149028662687275,8.148937210239435,64.72271944465015,1e-05,True,40,development_isotonic_frozen
s0-i13,held_out,0,random_matched,subset_beam_8,1,0.01,8a4f20d215a3b9a1,"[[0, 1, 2, 3, 4, 5, 6, 7, 8, 9, 10, 11]]",0.758931983580017,-0.0,0.0,-0.8036686225398636,,0.0,8.149028662687275,8.149028662687275,0.758931983580017,0.0,-3.5752661357905424,"{""2"": 21, ""4"": 22, ""3"": 23}",8.149028662687275,8.148937210239435,64.72271944465015,1e-05,True,40,development_isotonic_frozen
s0-i13,held_out,0,random_matched,subset_beam_32,1,0.01,8a4f20d215a3b9a1,"[[0, 1, 2, 3, 4, 5, 6, 7, 8, 9, 10, 11]]",0.758931983580017,-0.0,0.0,-0.8036686225398636,,0.0,8.149028662687275,8.149028662687275,0.758931983580017,0.0,-3.5752661357905424,"{""2"": 21, ""4"": 22, ""3"": 23}",8.149028662687275,8.148937210239435,64.72271944465015,1e-05,True,40,development_isotonic_frozen
s0-i13,held_out,0,random_matched,saps_diagonal,1,0.01,8a4f20d215a3b9a1,"[[0, 1, 2, 3, 4, 5, 6, 7, 8, 9, 10, 11]]",0.758931983580017,-0.0,0.0,-0.8036686225398636,,0.0,8.149028662687275,8.149028662687275,0.758931983580017,0.0,-3.5752661357905424,"{""2"": 21, ""4"": 22, ""3"": 23}",8.149028662687275,8.148937210239435,64.72271944465015,1e-05,True,40,development_isotonic_frozen
s0-i13,held_out,0,random_matched,p_saps_residualized,1,0.01,8a4f20d215a3b9a1,"[[0, 1, 2, 3, 4, 5, 6, 7, 8, 9, 10, 11]]",0.758931983580017,-0.0,0.0,-0.8036686225398636,,0.0,8.149028662687275,8.149028662687275,0.758931983580017,0.0,-3.5752661357905424,"{""2"": 21, ""4"": 22, ""3"": 23}",8.149028662687275,8.148937210239435,64.72271944465015,1e-05,True,40,development_isotonic_frozen
s0-i13,held_out,0,random_matched,p_saps_projection,1,0.01,8a4f20d215a3b9a1,"[[0, 1, 2, 3, 4, 5, 6, 7, 8, 9, 10, 11]]",0.758931983580017,-0.0,0.0,-0.8036686225398636,,0.0,8.149028662687275,8.149028662687275,0.758931983580017,0.0,-3.5752661357905424,"{""2"": 21, ""4"": 22, ""3"": 23}",8.149028662687275,8.148937210239435,64.72271944465015,1e-05,True,40,development_isotonic_frozen
s0-i13,held_out,0,random_matched,b_saps_budgeted,1,0.01,8a4f20d215a3b9a1,"[[0, 1, 2, 3, 4, 5, 6, 7, 8, 9, 10, 11]]",0.758931983580017,-0.0,0.0,-0.8036686225398636,,0.0,8.149028662687275,8.149028662687275,0.758931983580017,0.0,-3.5752661357905424,"{""2"": 21, ""4"": 22, ""3"": 23}",8.149028662687275,8.148937210239435,64.72271944465015,1e-05,True,40,development_isotonic_frozen
s0-i13,held_out,0,random_matched,random_balanced,1,0.05,8a4f20d215a3b9a1,"[[0, 1, 2, 3, 4, 5, 6, 7, 8, 9, 10, 11]]",1.7195484984681046,-0.0,0.0,-0.8036686225398636,,0.0,8.149028662687275,8.149028662687275,1.7195484984681046,0.20557516179426738,1.352844374405142,"{""2"": 21, ""4"": 22, ""3"": 23}",8.149028662687275,8.148937210239435,64.72271944465015,1e-05,True,40,development_isotonic_frozen
s0-i13,held_out,0,random_matched,confidence,1,0.05,8a4f20d215a3b9a1,"[[0, 1, 2, 3, 4, 5, 6, 7, 8, 9, 10, 11]]",1.7195484984681046,-0.0,0.0,-0.8036686225398636,,0.0,8.149028662687275,8.149028662687275,1.7195484984681046,0.20557516179426738,1.352844374405142,"{""2"": 21, ""4"": 22, ""3"": 23}",8.149028662687275,8.148937210239435,64.72271944465015,1e-05,True,40,development_isotonic_frozen
s0-i13,held_out,0,random_matched,entropy,1,0.05,8a4f20d215a3b9a1,"[[0, 1, 2, 3, 4, 5, 6, 7, 8, 9, 10, 11]]",1.7195484984681046,-0.0,0.0,-0.8036686225398636,,0.0,8.149028662687275,8.149028662687275,1.7195484984681046,0.20557516179426738,1.352844374405142,"{""2"": 21, ""4"": 22, ""3"": 23}",8.149028662687275,8.148937210239435,64.72271944465015,1e-05,True,40,development_isotonic_frozen
s0-i13,held_out,0,random_matched,dependency_cmi,1,0.05,8a4f20d215a3b9a1,"[[0, 1, 2, 3, 4, 5, 6, 7, 8, 9, 10, 11]]",1.7195484984681046,-0.0,0.0,-0.8036686225398636,,0.0,8.149028662687275,8.149028662687275,1.7195484984681046,0.20557516179426738,1.352844374405142,"{""2"": 21, ""4"": 22, ""3"": 23}",8.149028662687275,8.148937210239435,64.72271944465015,1e-05,True,40,development_isotonic_frozen
s0-i13,held_out,0,random_matched,min_within_batch_tc,1,0.05,8a4f20d215a3b9a1,"[[0, 1, 2, 3, 4, 5, 6, 7, 8, 9, 10, 11]]",1.7195484984681046,-0.0,0.0,-0.8036686225398636,,0.0,8.149028662687275,8.149028662687275,1.7195484984681046,0.20557516179426738,1.352844374405142,"{""2"": 21, ""4"": 22, ""3"": 23}",8.149028662687275,8.148937210239435,64.72271944465015,1e-05,True,40,development_isotonic_frozen
s0-i13,held_out,0,random_matched,dprm_myopic,1,0.05,8a4f20d215a3b9a1,"[[0, 1, 2, 3, 4, 5, 6, 7, 8, 9, 10, 11]]",1.7195484984681046,-0.0,0.0,-0.8036686225398636,,0.0,8.149028662687275,8.149028662687275,1.7195484984681046,0.20557516179426738,1.352844374405142,"{""2"": 21, ""4"": 22, ""3"": 23}",8.149028662687275,8.148937210239435,64.72271944465015,1e-05,True,40,development_isotonic_frozen
s0-i13,held_out,0,random_matched,dprm_rollout,1,0.05,8a4f20d215a3b9a1,"[[0, 1, 2, 3, 4, 5, 6, 7, 8, 9, 10, 11]]",1.7195484984681046,-0.0,0.0,-0.8036686225398636,,0.0,8.149028662687275,8.149028662687275,1.7195484984681046,0.20557516179426738,1.352844374405142,"{""2"": 21, ""4"": 22, ""3"": 23}",8.149028662687275,8.148937210239435,64.72271944465015,1e-05,True,40,development_isotonic_frozen
s0-i13,held_out,0,random_matched,subset_exact,1,0.05,8a4f20d215a3b9a1,"[[0, 1, 2, 3, 4, 5, 6, 7, 8, 9, 10, 11]]",1.7195484984681046,-0.0,0.0,-0.8036686225398636,,0.0,8.149028662687275,8.149028662687275,1.7195484984681046,0.20557516179426738,1.352844374405142,"{""2"": 21, ""4"": 22, ""3"": 23}",8.149028662687275,8.148937210239435,64.72271944465015,1e-05,True,40,development_isotonic_frozen
s0-i13,held_out,0,random_matched,subset_beam_8,1,0.05,8a4f20d215a3b9a1,"[[0, 1, 2, 3, 4, 5, 6, 7, 8, 9, 10, 11]]",1.7195484984681046,-0.0,0.0,-0.8036686225398636,,0.0,8.149028662687275,8.149028662687275,1.7195484984681046,0.20557516179426738,1.352844374405142,"{""2"": 21, ""4"": 22, ""3"": 23}",8.149028662687275,8.148937210239435,64.72271944465015,1e-05,True,40,development_isotonic_frozen
s0-i13,held_out,0,random_matched,subset_beam_32,1,0.05,8a4f20d215a3b9a1,"[[0, 1, 2, 3, 4, 5, 6, 7, 8, 9, 10, 11]]",1.7195484984681046,-0.0,0.0,-0.8036686225398636,,0.0,8.149028662687275,8.149028662687275,1.7195484984681046,0.20557516179426738,1.352844374405142,"{""2"": 21, ""4"": 22, ""3"": 23}",8.149028662687275,8.148937210239435,64.72271944465015,1e-05,True,40,development_isotonic_frozen
s0-i13,held_out,0,random_matched,saps_diagonal,1,0.05,8a4f20d215a3b9a1,"[[0, 1, 2, 3, 4, 5, 6, 7, 8, 9, 10, 11]]",1.7195484984681046,-0.0,0.0,-0.8036686225398636,,0.0,8.149028662687275,8.149028662687275,1.7195484984681046,0.20557516179426738,1.352844374405142,"{""2"": 21, ""4"": 22, ""3"": 23}",8.149028662687275,8.148937210239435,64.72271944465015,1e-05,True,40,development_isotonic_frozen
s0-i13,held_out,0,random_matched,p_saps_residualized,1,0.05,8a4f20d215a3b9a1,"[[0, 1, 2, 3, 4, 5, 6, 7, 8, 9, 10, 11]]",1.7195484984681046,-0.0,0.0,-0.8036686225398636,,0.0,8.149028662687275,8.149028662687275,1.7195484984681046,0.20557516179426738,1.352844374405142,"{""2"": 21, ""4"": 22, ""3"": 23}",8.149028662687275,8.148937210239435,64.72271944465015,1e-05,True,40,development_isotonic_frozen
s0-i13,held_out,0,random_matched,p_saps_projection,1,0.05,8a4f20d215a3b9a1,"[[0, 1, 2, 3, 4, 5, 6, 7, 8, 9, 10, 11]]",1.7195484984681046,-0.0,0.0,-0.8036686225398636,,0.0,8.149028662687275,8.149028662687275,1.7195484984681046,0.20557516179426738,1.352844374405142,"{""2"": 21, ""4"": 22, ""3"": 23}",8.149028662687275,8.148937210239435,64.72271944465015,1e-05,True,40,development_isotonic_frozen
s0-i13,held_out,0,random_matched,b_saps_budgeted,1,0.05,8a4f20d215a3b9a1,"[[0, 1, 2, 3, 4, 5, 6, 7, 8, 9, 10, 11]]",1.7195484984681046,-0.0,0.0,-0.8036686225398636,,0.0,8.149028662687275,8.149028662687275,1.7195484984681046,0.20557516179426738,1.352844374405142,"{""2"": 21, ""4"": 22, ""3"": 23}",8.149028662687275,8.148937210239435,64.72271944465015,1e-05,True,40,development_isotonic_frozen
s0-i13,held_out,0,random_matched,random_balanced,1,0.15,8a4f20d215a3b9a1,"[[0, 1, 2, 3, 4, 5, 6, 7, 8, 9, 10, 11]]",4.8945686971641535,-0.0,0.0,-0.8036686225398636,,0.0,8.149028662687275,8.149028662687275,4.8945686971641535,-0.6699781255531427,-2.80355463829018,"{""2"": 21, ""4"": 22, ""3"": 23}",8.149028662687275,8.148937210239435,64.72271944465015,1e-05,True,40,development_isotonic_frozen
s0-i13,held_out,0,random_matched,confidence,1,0.15,8a4f20d215a3b9a1,"[[0, 1, 2, 3, 4, 5, 6, 7, 8, 9, 10, 11]]",4.8945686971641535,-0.0,0.0,-0.8036686225398636,,0.0,8.149028662687275,8.149028662687275,4.8945686971641535,-0.6699781255531427,-2.80355463829018,"{""2"": 21, ""4"": 22, ""3"": 23}",8.149028662687275,8.148937210239435,64.72271944465015,1e-05,True,40,development_isotonic_frozen
s0-i13,held_out,0,random_matched,entropy,1,0.15,8a4f20d215a3b9a1,"[[0, 1, 2, 3, 4, 5, 6, 7, 8, 9, 10, 11]]",4.8945686971641535,-0.0,0.0,-0.8036686225398636,,0.0,8.149028662687275,8.149028662687275,4.8945686971641535,-0.6699781255531427,-2.80355463829018,"{""2"": 21, ""4"": 22, ""3"": 23}",8.149028662687275,8.148937210239435,64.72271944465015,1e-05,True,40,development_isotonic_frozen
s0-i13,held_out,0,random_matched,dependency_cmi,1,0.15,8a4f20d215a3b9a1,"[[0, 1, 2, 3, 4, 5, 6, 7, 8, 9, 10, 11]]",4.8945686971641535,-0.0,0.0,-0.8036686225398636,,0.0,8.149028662687275,8.149028662687275,4.8945686971641535,-0.6699781255531427,-2.80355463829018,"{""2"": 21, ""4"": 22, ""3"": 23}",8.149028662687275,8.148937210239435,64.72271944465015,1e-05,True,40,development_isotonic_frozen
s0-i13,held_out,0,random_matched,min_within_batch_tc,1,0.15,8a4f20d215a3b9a1,"[[0, 1, 2, 3, 4, 5, 6, 7, 8, 9, 10, 11]]",4.8945686971641535,-0.0,0.0,-0.8036686225398636,,0.0,8.149028662687275,8.149028662687275,4.8945686971641535,-0.6699781255531427,-2.80355463829018,"{""2"": 21, ""4"": 22, ""3"": 23}",8.149028662687275,8.148937210239435,64.72271944465015,1e-05,True,40,development_isotonic_frozen
s0-i13,held_out,0,random_matched,dprm_myopic,1,0.15,8a4f20d215a3b9a1,"[[0, 1, 2, 3, 4, 5, 6, 7, 8, 9, 10, 11]]",4.8945686971641535,-0.0,0.0,-0.8036686225398636,,0.0,8.149028662687275,8.149028662687275,4.8945686971641535,-0.6699781255531427,-2.80355463829018,"{""2"": 21, ""4"": 22, ""3"": 23}",8.149028662687275,8.148937210239435,64.72271944465015,1e-05,True,40,development_isotonic_frozen
s0-i13,held_out,0,random_matched,dprm_rollout,1,0.15,8a4f20d215a3b9a1,"[[0, 1, 2, 3, 4, 5, 6, 7, 8, 9, 10, 11]]",4.8945686971641535,-0.0,0.0,-0.8036686225398636,,0.0,8.149028662687275,8.149028662687275,4.8945686971641535,-0.6699781255531427,-2.80355463829018,"{""2"": 21, ""4"": 22, ""3"": 23}",8.149028662687275,8.148937210239435,64.72271944465015,1e-05,True,40,development_isotonic_frozen
s0-i13,held_out,0,random_matched,subset_exact,1,0.15,8a4f20d215a3b9a1,"[[0, 1, 2, 3, 4, 5, 6, 7, 8, 9, 10, 11]]",4.8945686971641535,-0.0,0.0,-0.8036686225398636,,0.0,8.149028662687275,8.149028662687275,4.8945686971641535,-0.6699781255531427,-2.80355463829018,"{""2"": 21, ""4"": 22, ""3"": 23}",8.149028662687275,8.148937210239435,64.72271944465015,1e-05,True,40,development_isotonic_frozen
s0-i13,held_out,0,random_matched,subset_beam_8,1,0.15,8a4f20d215a3b9a1,"[[0, 1, 2, 3, 4, 5, 6, 7, 8, 9, 10, 11]]",4.8945686971641535,-0.0,0.0,-0.8036686225398636,,0.0,8.149028662687275,8.149028662687275,4.8945686971641535,-0.6699781255531427,-2.80355463829018,"{""2"": 21, ""4"": 22, ""3"": 23}",8.149028662687275,8.148937210239435,64.72271944465015,1e-05,True,40,development_isotonic_frozen
s0-i13,held_out,0,random_matched,subset_beam_32,1,0.15,8a4f20d215a3b9a1,"[[0, 1, 2, 3, 4, 5, 6, 7, 8, 9, 10, 11]]",4.8945686971641535,-0.0,0.0,-0.8036686225398636,,0.0,8.149028662687275,8.149028662687275,4.8945686971641535,-0.6699781255531427,-2.80355463829018,"{""2"": 21, ""4"": 22, ""3"": 23}",8.149028662687275,8.148937210239435,64.72271944465015,1e-05,True,40,development_isotonic_frozen
s0-i13,held_out,0,random_matched,saps_diagonal,1,0.15,8a4f20d215a3b9a1,"[[0, 1, 2, 3, 4, 5, 6, 7, 8, 9, 10, 11]]",4.8945686971641535,-0.0,0.0,-0.8036686225398636,,0.0,8.149028662687275,8.149028662687275,4.8945686971641535,-0.6699781255531427,-2.80355463829018,"{""2"": 21, ""4"": 22, ""3"": 23}",8.149028662687275,8.148937210239435,64.72271944465015,1e-05,True,40,development_isotonic_frozen
s0-i13,held_out,0,random_matched,p_saps_residualized,1,0.15,8a4f20d215a3b9a1,"[[0, 1, 2, 3, 4, 5, 6, 7, 8, 9, 10, 11]]",4.8945686971641535,-0.0,0.0,-0.8036686225398636,,0.0,8.149028662687275,8.149028662687275,4.8945686971641535,-0.6699781255531427,-2.80355463829018,"{""2"": 21, ""4"": 22, ""3"": 23}",8.149028662687275,8.148937210239435,64.72271944465015,1e-05,True,40,development_isotonic_frozen
s0-i13,held_out,0,random_matched,p_saps_projection,1,0.15,8a4f20d215a3b9a1,"[[0, 1, 2, 3, 4, 5, 6, 7, 8, 9, 10, 11]]",4.8945686971641535,-0.0,0.0,-0.8036686225398636,,0.0,8.149028662687275,8.149028662687275,4.8945686971641535,-0.6699781255531427,-2.80355463829018,"{""2"": 21, ""4"": 22, ""3"": 23}",8.149028662687275,8.148937210239435,64.72271944465015,1e-05,True,40,development_isotonic_frozen
s0-i13,held_out,0,random_matched,b_saps_budgeted,1,0.15,8a4f20d215a3b9a1,"[[0, 1, 2, 3, 4, 5, 6, 7, 8, 9, 10, 11]]",4.8945686971641535,-0.0,0.0,-0.8036686225398636,,0.0,8.149028662687275,8.149028662687275,4.8945686971641535,-0.6699781255531427,-2.80355463829018,"{""2"": 21, ""4"": 22, ""3"": 23}",8.149028662687275,8.148937210239435,64.72271944465015,1e-05,True,40,development_isotonic_frozen
s0-i13,held_out,0,random_matched,random_balanced,2,0.01,9f1a9a7f63d6202e,"[[0, 2, 4, 5, 7, 11], [1, 3, 6, 8, 9, 10]]",1.9931547043515596,-0.2355620579115146,0.5837978731293116,-0.2552056425960108,,28.0,8.197919948698392,8.197919948698392,1.9876790046143302,0.15633135755297417,0.0,"{""1"": 28, ""2"": 27, ""3"": 11}",8.197919948698392,8.197864832951163,53.426661948245815,1e-05,True,40,development_isotonic_frozen
s0-i13,held_out,0,random_matched,confidence,2,0.01,217b05fb2b94e801,"[[3, 5, 6, 7, 9, 11], [0, 1, 2, 4, 8, 10]]",1.9931547043515596,-0.18526357159175402,0.6314974169020224,-0.49762434942794137,,20.0,8.02983734729455,8.02983734729455,1.6985620584886094,-0.06199037354982437,3.5752661357905424,"{""2"": 27, ""3"": 19, ""1"": 20}",8.02983734729455,8.029623941693357,53.41988132190442,1e-05,True,40,development_isotonic_frozen
s0-i13,held_out,0,random_matched,entropy,2,0.01,8c4ba4f05e624fbb,"[[3, 4, 5, 7, 9, 11], [0, 1, 2, 6, 8, 10]]",1.9931547043515596,-0.1891880603213195,0.6431150843708976,-0.4118255975919023,,25.0,8.101799221428207,8.101799221428207,1.951539386348615,-0.09552558469052208,4.937196814994367,"{""2"": 29, ""3"": 11, ""1"": 25, ""4"": 1}",8.101799221428207,8.101473938280076,44.92095128347172,1e-05,True,40,development_isotonic_frozen
s0-i13,held_out,0,random_matched,dependency_cmi,2,0.01,7fe83fe2fc82691f,"[[0, 4, 6, 7, 8, 11], [1, 2, 3, 5, 9, 10]]",1.9931547043515596,-0.2404492144726689,0.5640901132681305,-0.11912773759154827,,22.0,7.264276180863288,7.264276180863288,1.9153997680829,0.0,-2.0188785409328505,"{""1"": 22, ""2"": 31, ""3"": 11, ""4"": 2}",7.264276180863288,7.2637444779151155,50.895355866266215,1e-05,True,40,development_isotonic_frozen
s0-i13,held_out,0,random_matched,min_within_batch_tc,2,0.01,7aef40af4591fc3b,"[[0, 6, 7, 8, 9, 11], [1, 2, 3, 4, 5, 10]]",1.9931547043515596,-0.21628972520092912,0.5850625197907792,-0.3589814524132251,,26.0,6.614603143835366,6.614603143835366,1.8069809132857546,0.0,-3.5752661357905424,"{""1"": 26, ""2"": 24, ""3"": 12, ""4"": 4}",6.614603143835366,6.613172934622979,51.58524272396034,1e-05,True,40,development_isotonic_frozen
s0-i13,held_out,0,random_matched,dprm_myopic,2,0.01,6f93832896b67097,"[[0, 1, 7, 8, 9, 11], [2, 3, 4, 5, 6, 10]]",1.9931547043515596,-0.22882445489266234,0.5775762180060617,-0.3688089963672214,,26.0,3.8845250942645437,3.8845250942645437,1.9876790046143302,0.0,-5.1316537306482335,"{""2"": 29, ""1"": 26, ""3"": 10, ""4"": 1}",3.8845250942645437,3.8844958758552997,50.0916673519113,1e-05,True,40,development_isotonic_frozen
s0-i13,held_out,0,random_matched,dprm_rollout,2,0.01,03bb93bb3fc66fad,"[[3, 4, 5, 7, 8, 10], [0, 1, 2, 6, 9, 11]]",1.9931547043515596,-0.2420037358493233,0.5661622442382584,-0.4662261961856654,,23.0,9.144834243527658,9.144834243527658,2.023818622880045,0.0,-3.5752661357905424,"{""2"": 33, ""3"": 9, ""1"": 23, ""4"": 1}",9.144834243527658,9.144697754905126,46.432104691770704,1e-05,True,40,development_isotonic_frozen
s0-i13,held_out,0,random_matched,subset_exact,2,0.01,bdd711b7d694c766,"[[2, 5, 6, 7, 9, 10], [0, 1, 3, 4, 8, 11]]",1.9931547043515596,-0.22866673086838687,0.5600590825642626,-0.42065607465673127,,23.0,6.57007844476322,6.57007844476322,2.023818622880045,0.0,0.0,"{""2"": 33, ""3"": 8, ""1"": 23, ""4"": 2}",6.57007844476322,6.570018238390807,51.5393406611088,1e-05,True,40,development_isotonic_frozen
s0-i13,held_out,0,random_matched,subset_beam_8,2,0.01,0fa0744cd86b5ab2,"[[0, 1, 2, 4, 5, 6], [3, 7, 8, 9, 10, 11]]",1.9931547043515596,-0.28087868692769713,0.5169900359535999,-0.47269970663043226,,25.0,10.427379277454435,10.427379277454435,2.023818622880045,0.0,1.3619306792038253,"{""2"": 31, ""1"": 25, ""3"": 9, ""4"": 1}",10.427379277454435,10.427316096172376,41.39787712163558,1e-05,True,40,development_isotonic_frozen
s0-i13,held_out,0,random_matched,subset_beam_32,2,0.01,0a5d9aa08b500560,"[[2, 4, 5, 6, 9, 11], [0, 1, 3, 7, 8, 10]]",1.9931547043515596,-0.22667064360534636,0.5858335090420603,-0.4749232766555557,,24.0,8.025553321368967,8.025553321368967,1.8069809132857546,0.0,0.0,"{""2"": 26, ""3"": 15, ""1"": 24, ""4"": 1}",8.025553321368967,8.01724893645289,48.51064936194843,1e-05,True,40,development_isotonic_frozen
s0-i13,held_out,0,random_matched,saps_diagonal,2,0.01,d7d60a376826ec9b,"[[1, 2, 4, 5, 6, 7], [0, 3, 8, 9, 10, 11]]",1.9931547043515596,-0.25703156026882895,0.5389338056431264,-0.32182163154080473,,36.0,10.626988918072513,10.626988918072513,2.0960978594114756,0.0,3.5752661357905424,"{""1"": 36, ""2"": 22, ""3"": 6, ""4"": 2}",10.626988918072513,10.62686566320617,38.184901083759726,1e-05,True,40,development_isotonic_frozen
s0-i13,held_out,0,random_matched,p_saps_residualized,2,0.01,4a9b6dadcc344aa8,"[[1, 5, 6, 9, 10, 11], [0, 2, 3, 4, 7, 8]]",1.9931547043515596,-0.23201056787674432,0.5584011637799152,-0.250096432078933,,28.0,7.730877601856749,7.730877601856749,1.8431205315514698,0.0,0.0,"{""1"": 28, ""3"": 13, ""4"": 2, ""2"": 23}",7.730877601856749,7.730413456395693,48.81638939949065,1e-05,True,80,development_isotonic_frozen
s0-i13,held_out,0,random_matched,p_saps_projection,2,0.01,cd4b790090667ef0,"[[1, 2, 4, 5, 7, 9], [0, 3, 6, 8, 10, 11]]",1.9931547043515596,-0.23679655972665467,0.5715238796346502,-0.23389772053727453,,30.0,10.444463036891587,10.444463036891587,2.05995824114576,0.0,4.937196814994367,"{""1"": 30, ""2"": 27, ""3"": 7, ""4"": 2}",10.444463036891587,10.44442483635415,41.23326282853517,1e-05,True,640,development_isotonic_frozen
s0-i13,held_out,0,random_matched,b_saps_budgeted,2,0.01,8e57f4ca30de1be0,"[[0, 1, 4, 5, 7, 8], [2, 3, 6, 9, 10, 11]]",1.9931547043515596,-0.2607483667722456,0.5382872919673862,-0.31128393446005226,,30.0,9.479464087117446,9.479464087117446,2.312935569005766,0.0,-2.2133354565867167,"{""2"": 34, ""1"": 30, ""3"": 2}",9.479464087117446,9.4794131854092,42.464171951437145,1e-05,True,40,development_isotonic_frozen
s0-i13,held_out,0,random_matched,random_balanced,2,0.05,9f1a9a7f63d6202e,"[[0, 2, 4, 5, 7, 11], [1, 3, 6, 8, 9, 10]]",5.200661158638015,-0.2355620579115146,0.5837978731293116,-0.2552056425960108,,28.0,8.197919948698392,8.197919948698392,5.235377998357963,0.0,2.089036491213258,"{""1"": 28, ""2"": 27, ""3"": 11}",8.197919948698392,8.197864832951163,53.426661948245815,1e-05,True,40,development_isotonic_frozen
s0-i13,held_out,0,random_matched,confidence,2,0.05,217b05fb2b94e801,"[[3, 5, 6, 7, 9, 11], [0, 1, 2, 4, 8, 10]]",5.200661158638015,-0.18526357159175402,0.6314974169020224,-0.49762434942794137,,20.0,8.02983734729455,8.02983734729455,4.371226590101114,-0.005792118543382928,1.352844374405142,"{""2"": 27, ""3"": 19, ""1"": 20}",8.02983734729455,8.029623941693357,53.41988132190442,1e-05,True,40,development_isotonic_frozen
s0-i13,held_out,0,random_matched,entropy,2,0.05,8c4ba4f05e624fbb,"[[3, 4, 5, 7, 9, 11], [0, 1, 2, 6, 8, 10]]",5.200661158638015,-0.1891880603213195,0.6431150843708976,-0.4118255975919023,,25.0,8.101799221428207,8.101799221428207,5.075087743925274,0.1775499497085348,1.352844374405142,"{""2"": 29, ""3"": 11, ""1"": 25, ""4"": 1}",8.101799221428207,8.101473938280076,44.92095128347172,1e-05,True,40,development_isotonic_frozen
s0-i13,held_out,0,random_matched,dependency_cmi,2,0.05,7fe83fe2fc82691f,"[[0, 4, 6, 7, 8, 11], [1, 2, 3, 5, 9, 10]]",5.200661158638015,-0.2404492144726689,0.5640901132681305,-0.11912773759154827,,22.0,7.264276180863288,7.264276180863288,4.914797489492584,-0.19413544373891145,0.0,"{""1"": 22, ""2"": 31, ""3"": 11, ""4"": 2}",7.264276180863288,7.2637444779151155,50.895355866266215,1e-05,True,40,development_isotonic_frozen
s0-i13,held_out,0,random_matched,min_within_batch_tc,2,0.05,7aef40af4591fc3b,"[[0, 6, 7, 8, 9, 11], [1, 2, 3, 4, 5, 10]]",5.200661158638015,-0.21628972520092912,0.5850625197907792,-0.3589814524132251,,26.0,6.614603143835366,6.614603143835366,4.773690360798307,0.40232727163341514,0.9460198584647483,"{""1"": 26, ""2"": 24, ""3"": 12, ""4"": 4}",6.614603143835366,6.613172934622979,51.58524272396034,1e-05,True,40,development_isotonic_frozen
s0-i13,held_out,0,random_matched,dprm_myopic,2,0.05,6f93832896b67097,"[[0, 1, 7, 8, 9, 11], [2, 3, 4, 5, 6, 10]]",5.200661158638015,-0.22882445489266234,0.5775762180060617,-0.3688089963672214,,26.0,3.8845250942645437,3.8845250942645437,5.18310666995738,0.8726112276259659,-1.3528443744051422,"{""2"": 29, ""1"": 26, ""3"": 10, ""4"": 1}",3.8845250942645437,3.8844958758552997,50.0916673519113,1e-05,True,40,development_isotonic_frozen
s0-i13,held_out,0,random_matched,dprm_rollout,2,0.05,ec682e3635a17b5c,"[[0, 1, 4, 7, 10, 11], [2, 3, 5, 6, 8, 9]]",5.200661158638015,-0.2522485911816467,0.553227283345225,-0.5200209354705082,,25.0,9.211932385618884,9.211932385618884,5.075087743925274,-0.2682005833912452,0.278794089007286,"{""2"": 29, ""1"": 25, ""3"": 12}",9.211932385618884,9.211894346887494,46.8215051909868,1e-05,True,40,development_isotonic_frozen
s0-i13,held_out,0,random_matched,subset_exact,2,0.05,17c679c7f4d5b1bd,"[[0, 3, 4, 6, 8, 9], [1, 2, 5, 7, 10, 11]]",5.200661158638015,-0.24470859267215492,0.569386067935669,-0.21476533026760233,,28.0,8.057845352701474,8.057845352701474,5.3172612601897775,0.0,0.0,"{""1"": 28, ""3"": 8, ""2"": 28, ""4"": 2}",8.057845352701474,8.05777340313297,53.66211078452732,1e-05,True,40,development_isotonic_frozen
s0-i13,held_out,0,random_matched,subset_beam_8,2,0.05,c2523c85c26adabf,"[[2, 4, 5, 6, 8, 9], [0, 1, 3, 7, 10, 11]]",5.200661158638015,-0.25092192902814486,0.548804174287175,-0.37127004035997424,,26.0,7.443777432083426,7.443777432083426,4.937456884461937,0.0,2.2988642328698905,"{""2"": 26, ""3"": 13, ""1"": 26, ""4"": 1}",7.443777432083426,7.427881241332413,49.2791825932825,1e-05,True,40,development_isotonic_frozen
s0-i13,held_out,0,random_matched,subset_beam_32,2,0.05,c2523c85c26adabf,"[[2, 4, 5, 6, 8, 9], [0, 1, 3, 7, 10, 11]]",5.200661158638015,-0.25092192902814486,0.548804174287175,-0.37127004035997424,,26.0,7.443777432083426,7.443777432083426,4.937456884461937,0.0,2.2988642328698905,"{""2"": 26, ""3"": 13, ""1"": 26, ""4"": 1}",7.443777432083426,7.427881241332413,49.2791825932825,1e-05,True,40,development_isotonic_frozen
s0-i13,held_out,0,random_matched,saps_diagonal,2,0.05,d7d60a376826ec9b,"[[1, 2, 4, 5, 6, 7], [0, 3, 8, 9, 10, 11]]",5.200661158638015,-0.25703156026882895,0.5389338056431264,-0.32182163154080473,,36.0,10.626988918072513,10.626988918072513,5.69011309745574,0.05830065563336234,1.3528443744051422,"{""1"": 36, ""2"": 22, ""3"": 6, ""4"": 2}",10.626988918072513,10.62686566320617,38.184901083759726,1e-05,True,40,development_isotonic_frozen
s0-i13,held_out,0,random_matched,p_saps_residualized,2,0.05,4a9b6dadcc344aa8,"[[1, 5, 6, 9, 10, 11], [0, 2, 3, 4, 7, 8]]",5.200661158638015,-0.23201056787674432,0.5584011637799152,-0.250096432078933,,28.0,7.730877601856749,7.730877601856749,4.907844951030705,0.0,1.6417287449260067,"{""1"": 28, ""3"": 13, ""4"": 2, ""2"": 23}",7.730877601856749,7.730413456395693,48.81638939949065,1e-05,True,80,development_isotonic_frozen
s0-i13,held_out,0,random_matched,p_saps_projection,2,0.05,cd4b790090667ef0,"[[1, 2, 4, 5, 7, 9], [0, 3, 6, 8, 10, 11]]",5.200661158638015,-0.23679655972665467,0.5715238796346502,-0.23389772053727453,,30.0,10.444463036891587,10.444463036891587,5.451415850422175,-0.03601054929484937,1.3528443744051422,"{""1"": 30, ""2"": 27, ""3"": 7, ""4"": 2}",10.444463036891587,10.44442483635415,41.23326282853517,1e-05,True,640,development_isotonic_frozen
s0-i13,held_out,0,random_matched,b_saps_budgeted,2,0.05,8e57f4ca30de1be0,"[[0, 1, 4, 5, 7, 8], [2, 3, 6, 9, 10, 11]]",5.200661158638015,-0.2607483667722456,0.5382872919673862,-0.31128393446005226,,30.0,9.479464087117446,9.479464087117446,6.024598683244877,0.4673981381925598,1.352844374405142,"{""2"": 34, ""1"": 30, ""3"": 2}",9.479464087117446,9.4794131854092,42.464171951437145,1e-05,True,40,development_isotonic_frozen
s0-i13,held_out,0,random_matched,random_balanced,2,0.15,9f1a9a7f63d6202e,"[[0, 2, 4, 5, 7, 11], [1, 3, 6, 8, 9, 10]]",11.475190495451809,-0.2355620579115146,0.5837978731293116,-0.2552056425960108,,28.0,8.197919948698392,8.197919948698392,11.445995190224268,1.4462966424885288,3.3966623057538436,"{""1"": 28, ""2"": 27, ""3"": 11}",8.197919948698392,8.197864832951163,53.426661948245815,1e-05,True,40,development_isotonic_frozen
s0-i13,held_out,0,random_matched,confidence,2,0.15,217b05fb2b94e801,"[[3, 5, 6, 7, 9, 11], [0, 1, 2, 4, 8, 10]]",11.475190495451809,-0.18526357159175402,0.6314974169020224,-0.49762434942794137,,20.0,8.02983734729455,8.02983734729455,9.904483074210123,-2.340722220095355,-5.901508821763584,"{""2"": 27, ""3"": 19, ""1"": 20}",8.02983734729455,8.029623941693357,53.41988132190442,1e-05,True,40,development_isotonic_frozen
s0-i13,held_out,0,random_matched,entropy,2,0.15,8c4ba4f05e624fbb,"[[3, 4, 5, 7, 9, 11], [0, 1, 2, 6, 8, 10]]",11.475190495451809,-0.1891880603213195,0.6431150843708976,-0.4118255975919023,,25.0,8.101799221428207,8.101799221428207,11.2533061757225,0.1219511915307595,-1.2437591397443735,"{""2"": 29, ""3"": 11, ""1"": 25, ""4"": 1}",8.101799221428207,8.101473938280076,44.92095128347172,1e-05,True,40,development_isotonic_frozen
s0-i13,held_out,0,random_matched,dependency_cmi,2,0.15,7fe83fe2fc82691f,"[[0, 4, 6, 7, 8, 11], [1, 2, 3, 5, 9, 10]]",11.475190495451809,-0.2404492144726689,0.5640901132681305,-0.11912773759154827,,22.0,7.264276180863288,7.264276180863288,11.060617161220732,0.16955562561189322,6.177744624737818,"{""1"": 22, ""2"": 31, ""3"": 11, ""4"": 2}",7.264276180863288,7.2637444779151155,50.895355866266215,1e-05,True,40,development_isotonic_frozen
s0-i13,held_out,0,random_matched,min_within_batch_tc,2,0.15,7aef40af4591fc3b,"[[0, 6, 7, 8, 9, 11], [1, 2, 3, 4, 5, 10]]",11.475190495451809,-0.21628972520092912,0.5850625197907792,-0.3589814524132251,,26.0,6.614603143835366,6.614603143835366,10.482550117715428,0.6202225785215718,2.3840679127099005,"{""1"": 26, ""2"": 24, ""3"": 12, ""4"": 4}",6.614603143835366,6.613172934622979,51.58524272396034,1e-05,True,40,development_isotonic_frozen
s0-i13,held_out,0,random_matched,dprm_myopic,2,0.15,6f93832896b67097,"[[0, 1, 7, 8, 9, 11], [2, 3, 4, 5, 6, 10]]",11.475190495451809,-0.22882445489266234,0.5775762180060617,-0.3688089963672214,,26.0,3.8845250942645437,3.8845250942645437,11.445995190224268,0.9480317614104099,3.72511531057969,"{""2"": 29, ""1"": 26, ""3"": 10, ""4"": 1}",3.8845250942645437,3.8844958758552997,50.0916673519113,1e-05,True,40,development_isotonic_frozen
s0-i13,held_out,0,random_matched,dprm_rollout,2,0.15,38d86599632822f5,"[[1, 4, 6, 7, 9, 11], [0, 2, 3, 5, 8, 10]]",11.475190495451809,-0.21743243086501043,0.5888454545283545,-0.27018632301053724,,24.0,9.87731866430979,9.87731866430979,10.675239132217197,0.05976021263950873,0.8136213445196863,"{""1"": 24, ""2"": 27, ""3"": 14, ""4"": 1}",9.87731866430979,9.877244929918675,43.8676563985732,1e-05,True,40,development_isotonic_frozen
s0-i13,held_out,0,random_matched,subset_exact,2,0.15,20faf8aec5b72a33,"[[0, 2, 5, 7, 10, 11], [1, 3, 4, 6, 8, 9]]",11.475190495451809,-0.23996695874498006,0.5648467742742066,-0.3844310959136556,,25.0,7.255752315676574,7.255752315676574,10.675239132217197,-0.015376540281807183,5.409228841035648,"{""1"": 25, ""2"": 26, ""3"": 15}",7.255752315676574,7.25498654196032,51.766324818350476,1e-05,True,40,development_isotonic_frozen
s0-i13,held_out,0,random_matched,subset_beam_8,2,0.15,b596564c5705c825,"[[0, 1, 3, 5, 10, 11], [2, 4, 6, 7, 8, 9]]",11.475190495451809,-0.25020981804756065,0.5621438400500247,-0.34707783940787723,,23.0,9.338224714586172,9.338224714586172,11.638684204726037,0.3421054377735697,-1.8384399120727597,"{""2"": 33, ""3"": 9, ""1"": 23, ""4"": 1}",9.338224714586172,9.337505687727115,52.76399839155867,1e-05,True,40,development_isotonic_frozen
s0-i13,held_out,0,random_matched,subset_beam_32,2,0.15,b596564c5705c825,"[[0, 1, 3, 5, 10, 11], [2, 4, 6, 7, 8, 9]]",11.475190495451809,-0.25020981804756065,0.5621438400500247,-0.34707783940787723,,23.0,9.338224714586172,9.338224714586172,11.638684204726037,0.3421054377735697,-1.8384399120727597,"{""2"": 33, ""3"": 9, ""1"": 23, ""4"": 1}",9.338224714586172,9.337505687727115,52.76399839155867,1e-05,True,40,development_isotonic_frozen
s0-i13,held_out,0,random_matched,saps_diagonal,2,0.15,d7d60a376826ec9b,"[[1, 2, 4, 5, 6, 7], [0, 3, 8, 9, 10, 11]]",11.475190495451809,-0.25703156026882895,0.5389338056431264,-0.32182163154080473,,36.0,10.626988918072513,10.626988918072513,12.024062233729573,1.9267818164108563,4.0211963146119585,"{""1"": 36, ""2"": 22, ""3"": 6, ""4"": 2}",10.626988918072513,10.62686566320617,38.184901083759726,1e-05,True,40,development_isotonic_frozen
s0-i13,held_out,0,random_matched,p_saps_residualized,2,0.15,4a9b6dadcc344aa8,"[[1, 5, 6, 9, 10, 11], [0, 2, 3, 4, 7, 8]]",11.475190495451809,-0.23201056787674432,0.5584011637799152,-0.250096432078933,,28.0,7.730877601856749,7.730877601856749,10.675239132217197,0.017244744402946655,1.7048374437016265,"{""1"": 28, ""3"": 13, ""4"": 2, ""2"": 23}",7.730877601856749,7.730413456395693,48.81638939949065,1e-05,True,80,development_isotonic_frozen
s0-i13,held_out,0,random_matched,p_saps_projection,2,0.15,cd4b790090667ef0,"[[1, 2, 4, 5, 7, 9], [0, 3, 6, 8, 10, 11]]",11.475190495451809,-0.23679655972665467,0.5715238796346502,-0.23389772053727453,,30.0,10.444463036891587,10.444463036891587,11.831373219227805,0.46016957910596507,1.9639638540192534,"{""1"": 30, ""2"": 27, ""3"": 7, ""4"": 2}",10.444463036891587,10.44442483635415,41.23326282853517,1e-05,True,640,development_isotonic_frozen
s0-i13,held_out,0,random_matched,b_saps_budgeted,2,0.15,8e57f4ca30de1be0,"[[0, 1, 4, 5, 7, 8], [2, 3, 6, 9, 10, 11]]",11.475190495451809,-0.2607483667722456,0.5382872919673862,-0.31128393446005226,,30.0,9.479464087117446,9.479464087117446,13.180196320740182,-0.8161506575054738,5.782347771172395,"{""2"": 34, ""1"": 30, ""3"": 2}",9.479464087117446,9.4794131854092,42.464171951437145,1e-05,True,40,development_isotonic_frozen
s0-i13,held_out,0,random_matched,random_balanced,3,0.01,ac0f268370c0abf6,"[[0, 2, 5, 7], [3, 4, 9, 11], [1, 6, 8, 10]]",2.2579595436439814,-0.45386364884551256,1.1875231373414374,-0.14008636274469005,,45.0,8.806057132294363,8.806057132294363,2.276795950740051,0.1851261626384832,4.937196814994367,"{""1"": 45, ""2"": 18, ""3"": 3}",8.806057132294363,8.8058751000986,38.58236577098611,1e-05,True,40,development_isotonic_frozen
s0-i13,held_out,0,random_matched,confidence,3,0.01,183110abb62e6c4d,"[[3, 7, 9, 11], [0, 4, 5, 6], [1, 2, 8, 10]]",2.2579595436439814,-0.3881255223936733,1.2641619234767276,-0.09204326068553238,,36.0,7.827085817018391,7.827085817018391,2.1683770959429056,0.0,4.937196814994367,"{""1"": 36, ""2"": 24, ""3"": 6}",7.827085817018391,7.826928059527393,52.810825646542355,1e-05,True,40,development_isotonic_frozen
s0-i13,held_out,0,random_matched,entropy,3,0.01,321e50b7eec96b55,"[[3, 7, 9, 11], [0, 2, 4, 5], [1, 6, 8, 10]]",2.2579595436439814,-0.3997252286474741,1.2651568680990504,-0.15460097139393308,,40.0,7.875095454894562,7.875095454894562,2.1322374776771906,-1.6538108348292337,4.937196814994367,"{""1"": 40, ""2"": 19, ""3"": 7}",7.875095454894562,7.874623495396937,44.17447626985037,1e-05,True,40,development_isotonic_frozen
s0-i13,held_out,0,random_matched,dependency_cmi,3,0.01,dd30f8443ee5911e,"[[4, 6, 8, 11], [1, 5, 7, 9], [0, 2, 3, 10]]",2.2579595436439814,-0.47086785385030305,1.133180138460485,-0.0544247528024925,,42.0,5.324151913399436,5.324151913399436,2.1683770959429056,0.0,-2.2133354565867167,"{""1"": 42, ""2"": 18, ""3"": 6}",5.324151913399436,5.323056574341816,45.945370722550656,1e-05,True,40,development_isotonic_frozen
s0-i13,held_out,0,random_matched,min_within_batch_tc,3,0.01,2a3ef28c1362b90e,"[[6, 8, 9, 11], [0, 5, 7, 10], [1, 2, 3, 4]]",2.2579595436439814,-0.4448303059317265,1.14699308210737,-0.16524792493963958,,30.0,7.654808215439962,7.654808215439962,2.05995824114576,0.0,-0.6722406492451831,"{""1"": 30, ""2"": 27, ""3"": 8, ""4"": 1}",7.654808215439962,7.646108211490229,51.23645439806781,1e-05,True,40,development_isotonic_frozen
s0-i13,held_out,0,random_matched,dprm_myopic,3,0.01,14a0219912d9fa7d,"[[1, 2, 7, 8], [0, 4, 5, 10], [3, 6, 9, 11]]",2.2579595436439814,-0.5502713969432959,1.0405521281388719,-0.15576715023716173,,41.0,4.591840382025347,4.591840382025347,2.385214805537196,0.3450453635580354,-3.5752661357905424,"{""1"": 41, ""2"": 25}",4.591840382025347,4.591667243113158,33.3235417549604,1e-05,True,40,development_isotonic_frozen
s0-i13,held_out,0,random_matched,dprm_rollout,3,0.01,4c9ff4292f3f0eca,"[[1, 2, 6, 11], [0, 3, 5, 10], [4, 7, 8, 9]]",2.2579595436439814,-0.5247475296802185,1.0825223384784748,-0.17732104026160844,,38.0,7.870604386243875,7.870604386243875,2.349075187271481,0.0,3.5752661357905415,"{""1"": 38, ""2"": 27, ""3"": 1}",7.870604386243875,7.870546399744116,43.97643721569113,1e-05,True,40,development_isotonic_frozen
s0-i13,held_out,0,random_matched,subset_exact,3,0.01,8e4e263fdfdd98a0,"[[2, 4, 5, 6], [3, 7, 9, 11], [0, 1, 8, 10]]",2.2579595436439814,-0.4628799535996531,1.1642810325369133,-0.28452827412207427,,40.0,7.875295315927184,7.875295315927184,2.240656332474336,0.0,4.937196814994367,"{""2"": 22, ""3"": 4, ""1"": 40}",7.875295315927184,7.813408421392829,44.503839889120755,1e-05,True,40,development_isotonic_frozen
s0-i13,held_out,0,random_matched,subset_beam_8,3,0.01,77bf1e383908c3e2,"[[2, 4, 10, 11], [0, 3, 7, 9], [1, 5, 6, 8]]",2.2579595436439814,-0.4854482005984712,1.1574801114842879,-0.20790735207316557,,40.0,9.497015070884622,9.497015070884622,2.276795950740051,0.0,3.5752661357905424,"{""1"": 40, ""2"": 23, ""3"": 3}",9.497015070884622,9.447600503933685,44.42942987159283,1e-05,True,40,development_isotonic_frozen
s0-i13,held_out,0,random_matched,subset_beam_32,3,0.01,8e4e263fdfdd98a0,"[[2, 4, 5, 6], [3, 7, 9, 11], [0, 1, 8, 10]]",2.2579595436439814,-0.4628799535996531,1.1642810325369133,-0.28452827412207427,,40.0,7.875295315927184,7.875295315927184,2.240656332474336,0.0,4.937196814994367,"{""2"": 22, ""3"": 4, ""1"": 40}",7.875295315927184,7.813408421392829,44.503839889120755,1e-05,True,40,development_isotonic_frozen
s0-i13,held_out,0,random_matched,saps_diagonal,3,0.01,809fe1422013341f,"[[1, 5, 6, 9], [0, 3, 4, 11], [2, 7, 8, 10]]",2.2579595436439814,-0.46443763786264647,1.146347176555955,-0.028744048148724114,,54.0,7.042494712866469,7.042494712866469,2.385214805537196,0.0,3.5752661357905415,"{""1"": 54, ""2"": 12}",7.042494712866469,7.042442059538749,34.21525013961945,1e-05,True,40,development_isotonic_frozen
s0-i13,held_out,0,random_matched,p_saps_residualized,3,0.01,9ceec91be7228f46,"[[0, 6, 8, 11], [2, 3, 7, 10], [1, 4, 5, 9]]",2.2579595436439814,-0.5022863831676867,1.1043847170174617,-0.22052424068489815,,37.0,9.105380643248086,9.105380643248086,2.276795950740051,0.0,-3.5752661357905424,"{""1"": 37, ""2"": 26, ""3"": 3}",9.105380643248086,9.105250670851653,56.35842347478003,1e-05,True,80,development_isotonic_frozen
s0-i13,held_out,0,random_matched,p_saps_projection,3,0.01,b63a267ef7aed3b0,"[[4, 6, 9, 11], [2, 3, 7, 10], [0, 1, 5, 8]]",2.2579595436439814,-0.4390323340280342,1.1921033380450947,-0.14805763394512794,,38.0,10.060392069742164,10.060392069742164,2.276795950740051,0.0,4.937196814994367,"{""2"": 25, ""1"": 38, ""3"": 3}",10.060392069742164,9.767058477162465,52.531784821667394,1e-05,True,640,development_isotonic_frozen
s0-i13,held_out,0,random_matched,b_saps_budgeted,3,0.01,0dd972e692484d00,"[[0, 1, 2, 5], [3, 4, 6, 11], [7, 8, 9, 10]]",2.2579595436439814,-0.5343588216660277,1.087462252012177,-0.1384464245446182,,44.0,8.197371888888974,8.197371888888974,2.385214805537196,-0.02257882359176324,3.5752661357905424,"{""2"": 22, ""1"": 44}",8.197371888888974,8.197224033441861,35.89070948468061,1e-05,True,40,development_isotonic_frozen
s0-i13,held_out,0,random_matched,random_balanced,3,0.05,ac0f268370c0abf6,"[[0, 2, 5, 7], [3, 4, 9, 11], [1, 6, 8, 10]]",6.165511861910957,-0.45386364884551256,1.1875231373414374,-0.14008636274469005,,45.0,8.806057132294363,8.806057132294363,6.334750384417437,-0.06548778962648728,2.089036491213258,"{""1"": 45, ""2"": 18, ""3"": 3}",8.806057132294363,8.8058751000986,38.58236577098611,1e-05,True,40,development_isotonic_frozen
s0-i13,held_out,0,random_matched,confidence,3,0.05,183110abb62e6c4d,"[[3, 7, 9, 11], [0, 4, 5, 6], [1, 2, 8, 10]]",6.165511861910957,-0.3881255223936733,1.2641619234767276,-0.09204326068553238,,36.0,7.827085817018391,7.827085817018391,5.853879621119368,0.25213757917423474,-0.956110139978327,"{""1"": 36, ""2"": 24, ""3"": 6}",7.827085817018391,7.826928059527393,52.810825646542355,1e-05,True,40,development_isotonic_frozen
s0-i13,held_out,0,random_matched,entropy,3,0.05,321e50b7eec96b55,"[[3, 7, 9, 11], [0, 2, 4, 5], [1, 6, 8, 10]]",6.165511861910957,-0.3997252286474741,1.2651568680990504,-0.15460097139393308,,40.0,7.875095454894562,7.875095454894562,5.876539016088721,0.02623594165437873,-1.234904228985613,"{""1"": 40, ""2"": 19, ""3"": 7}",7.875095454894562,7.874623495396937,44.17447626985037,1e-05,True,40,development_isotonic_frozen
s0-i13,held_out,0,random_matched,dependency_cmi,3,0.05,dd30f8443ee5911e,"[[4, 6, 8, 11], [1, 5, 7, 9], [0, 2, 3, 10]]",6.165511861910957,-0.47086785385030305,1.133180138460485,-0.0544247528024925,,42.0,5.324151913399436,5.324151913399436,6.0106936063211185,0.0,0.4573980278008296,"{""1"": 42, ""2"": 18, ""3"": 6}",5.324151913399436,5.323056574341816,45.945370722550656,1e-05,True,40,development_isotonic_frozen
s0-i13,held_out,0,random_matched,min_within_batch_tc,3,0.05,2a3ef28c1362b90e,"[[6, 8, 9, 11], [0, 5, 7, 10], [1, 2, 3, 4]]",6.165511861910957,-0.4448303059317265,1.14699308210737,-0.16524792493963958,,30.0,7.654808215439962,7.654808215439962,5.451415850422175,-0.561303721679065,1.3477915836280703,"{""1"": 30, ""2"": 27, ""3"": 8, ""4"": 1}",7.654808215439962,7.646108211490229,51.23645439806781,1e-05,True,40,development_isotonic_frozen
s0-i13,held_out,0,random_matched,dprm_myopic,3,0.05,14a0219912d9fa7d,"[[1, 2, 7, 8], [0, 4, 5, 10], [3, 6, 9, 11]]",6.165511861910957,-0.5502713969432959,1.0405521281388719,-0.15576715023716173,,41.0,4.591840382025347,4.591840382025347,6.4758575131117135,-0.5363762271466771,1.3528443744051417,"{""1"": 41, ""2"": 25}",4.591840382025347,4.591667243113158,33.3235417549604,1e-05,True,40,development_isotonic_frozen
s0-i13,held_out,0,random_matched,dprm_rollout,3,0.05,a7e2b160b2047d3a,"[[0, 2, 5, 7], [1, 3, 4, 6], [8, 9, 10, 11]]",6.165511861910957,-0.5018199219564323,1.1143743300583528,-0.24240656250510426,,46.0,6.728669273381677,6.728669273381677,6.1971195249541,-0.11894458253108055,4.330515010503611,"{""1"": 46, ""2"": 15, ""3"": 5}",6.728669273381677,6.72862310713214,33.06253522274159,1e-05,True,40,development_isotonic_frozen
s0-i13,held_out,0,random_matched,subset_exact,3,0.05,fac423f248a6c5e4,"[[4, 6, 9, 11], [0, 3, 5, 7], [1, 2, 8, 10]]",6.165511861910957,-0.4179328881534649,1.2175030709944428,-0.11989791350745917,,36.0,11.750558199656147,11.750558199656147,5.935762882951183,0.7634265983052876,0.0,"{""1"": 36, ""2"": 25, ""3"": 5}",11.750558199656147,11.734563907493625,41.70494943818238,1e-05,True,40,development_isotonic_frozen
s0-i13,held_out,0,random_matched,subset_beam_8,3,0.05,7fb8e44fbd5bf281,"[[0, 1, 6, 9], [3, 4, 7, 11], [2, 5, 8, 10]]",6.165511861910957,-0.4679382921649778,1.147389790653097,-0.15262072366552137,,44.0,8.322094759266834,8.322094759266834,6.308614720217145,0.0,0.278794089007286,"{""2"": 19, ""1"": 44, ""3"": 3}",8.322094759266834,8.322029446873913,36.268544018061284,1e-05,True,40,development_isotonic_frozen
s0-i13,held_out,0,random_matched,subset_beam_32,3,0.05,b323ff5ea4390f88,"[[0, 4, 5, 6], [3, 7, 9, 11], [1, 2, 8, 10]]",6.165511861910957,-0.4521840815149137,1.1709018116815166,-0.09204326068553238,,37.0,11.39220272251945,11.39220272251945,5.880015285319661,0.46795983659331364,0.8954463466043125,"{""1"": 37, ""2"": 23, ""3"": 6}",11.39220272251945,11.391387901293031,42.669629817218414,1e-05,True,40,development_isotonic_frozen
s0-i13,held_out,0,random_matched,saps_diagonal,3,0.05,809fe1422013341f,"[[1, 5, 6, 9], [0, 3, 4, 11], [2, 7, 8, 10]]",6.165511861910957,-0.46443763786264647,1.146347176555955,-0.028744048148724114,,54.0,7.042494712866469,7.042494712866469,6.815621147715505,0.5709524629749415,1.6316384634124281,"{""1"": 54, ""2"": 12}",7.042494712866469,7.042442059538749,34.21525013961945,1e-05,True,40,development_isotonic_frozen
s0-i13,held_out,0,random_matched,p_saps_residualized,3,0.05,9ceec91be7228f46,"[[0, 6, 8, 11], [2, 3, 7, 10], [1, 4, 5, 9]]",6.165511861910957,-0.5022863831676867,1.1043847170174617,-0.22052424068489815,,37.0,9.105380643248086,9.105380643248086,6.125665070815104,1.4453003357416194,0.0,"{""1"": 37, ""2"": 26, ""3"": 3}",9.105380643248086,9.105250670851653,56.35842347478003,1e-05,True,80,development_isotonic_frozen
s0-i13,held_out,0,random_matched,p_saps_projection,3,0.05,b63a267ef7aed3b0,"[[4, 6, 9, 11], [2, 3, 7, 10], [0, 1, 5, 8]]",6.165511861910957,-0.4390323340280342,1.1921033380450947,-0.14805763394512794,,38.0,10.060392069742164,10.060392069742164,6.151800735015395,0.0,0.0,"{""2"": 25, ""1"": 38, ""3"": 3}",10.060392069742164,9.767058477162465,52.531784821667394,1e-05,True,640,development_isotonic_frozen
s0-i13,held_out,0,random_matched,b_saps_budgeted,3,0.05,809fe1422013341f,"[[1, 5, 6, 9], [0, 3, 4, 11], [2, 7, 8, 10]]",6.165511861910957,-0.46443763786264647,1.146347176555955,-0.028744048148724114,,54.0,7.042494712866469,7.042494712866469,6.815621147715505,0.5709524629749415,1.6316384634124281,"{""1"": 54, ""2"": 12}",7.042494712866469,7.042442059538749,34.21525013961945,1e-05,True,40,development_isotonic_frozen
s0-i13,held_out,0,random_matched,random_balanced,3,0.15,ac0f268370c0abf6,"[[0, 2, 5, 7], [3, 4, 9, 11], [1, 6, 8, 10]]",12.887075456255673,-0.45386364884551256,1.1875231373414374,-0.14008636274469005,,45.0,8.806057132294363,8.806057132294363,12.987507306238413,-1.950491719683511,3.9408454767024264,"{""1"": 45, ""2"": 18, ""3"": 3}",8.806057132294363,8.8058751000986,38.58236577098611,1e-05,True,40,development_isotonic_frozen
s0-i13,held_out,0,random_matched,confidence,3,0.15,183110abb62e6c4d,"[[3, 7, 9, 11], [0, 4, 5, 6], [1, 2, 8, 10]]",12.887075456255673,-0.3881255223936733,1.2641619234767276,-0.09204326068553238,,36.0,7.827085817018391,7.827085817018391,12.409440262733108,0.6186818732278982,0.47955453533811965,"{""1"": 36, ""2"": 24, ""3"": 6}",7.827085817018391,7.826928059527393,52.810825646542355,1e-05,True,40,development_isotonic_frozen
s0-i13,held_out,0,random_matched,entropy,3,0.15,321e50b7eec96b55,"[[3, 7, 9, 11], [0, 2, 4, 5], [1, 6, 8, 10]]",12.887075456255673,-0.3997252286474741,1.2651568680990504,-0.15460097139393308,,40.0,7.875095454894562,7.875095454894562,12.21675124823134,2.5913753562292494,1.721413951147186,"{""1"": 40, ""2"": 19, ""3"": 7}",7.875095454894562,7.874623495396937,44.17447626985037,1e-05,True,40,development_isotonic_frozen
s0-i13,held_out,0,random_matched,dependency_cmi,3,0.15,dd30f8443ee5911e,"[[4, 6, 8, 11], [1, 5, 7, 9], [0, 2, 3, 10]]",12.887075456255673,-0.47086785385030305,1.133180138460485,-0.0544247528024925,,42.0,5.324151913399436,5.324151913399436,12.409440262733108,0.6896394814373044,2.9700216309741916,"{""1"": 42, ""2"": 18, ""3"": 6}",5.324151913399436,5.323056574341816,45.945370722550656,1e-05,True,40,development_isotonic_frozen
s0-i13,held_out,0,random_matched,min_within_batch_tc,3,0.15,2a3ef28c1362b90e,"[[6, 8, 9, 11], [0, 5, 7, 10], [1, 2, 3, 4]]",12.887075456255673,-0.4448303059317265,1.14699308210737,-0.16524792493963958,,30.0,7.654808215439962,7.654808215439962,11.831373219227805,-0.012839699242591991,0.13306728006068247,"{""1"": 30, ""2"": 27, ""3"": 8, ""4"": 1}",7.654808215439962,7.646108211490229,51.23645439806781,1e-05,True,40,development_isotonic_frozen
s0-i13,held_out,0,random_matched,dprm_myopic,3,0.15,14a0219912d9fa7d,"[[1, 2, 7, 8], [0, 4, 5, 10], [3, 6, 9, 11]]",12.887075456255673,-0.5502713969432959,1.0405521281388719,-0.15576715023716173,,41.0,4.591840382025347,4.591840382025347,13.565574349743716,1.521685923144167,4.213308940357209,"{""1"": 41, ""2"": 25}",4.591840382025347,4.591667243113158,33.3235417549604,1e-05,True,40,development_isotonic_frozen
s0-i13,held_out,0,random_matched,dprm_rollout,3,0.15,ce0c003e13b4b8ae,"[[1, 4, 5, 7], [2, 3, 8, 11], [0, 6, 9, 10]]",12.887075456255673,-0.48805409336984235,1.138015610989741,-0.1619779447186479,,44.0,7.011862111968588,7.011862111968588,13.37288533524195,2.384553006260665,0.8317295653691819,"{""1"": 44, ""2"": 21, ""3"": 1}",7.011862111968588,7.011804910858518,32.29247133125652,1e-05,True,40,development_isotonic_frozen
s0-i13,held_out,0,random_matched,subset_exact,3,0.15,6ff55fbeaa70427e,"[[0, 2, 5, 10], [3, 7, 9, 11], [1, 4, 6, 8]]",12.887075456255673,-0.48419329568944613,1.1349895032159516,-0.24474066628046975,,35.0,8.034493850707456,8.034493850707456,12.794818291736645,-0.3112335723234986,1.2510312195358422,"{""1"": 35, ""2"": 27, ""3"": 4}",8.034493850707456,8.031344499561383,49.05713451957215,1e-05,True,40,development_isotonic_frozen
s0-i13,held_out,0,random_matched,subset_beam_8,3,0.15,6ff55fbeaa70427e,"[[0, 2, 5, 10], [3, 7, 9, 11], [1, 4, 6, 8]]",12.887075456255673,-0.48419329568944613,1.1349895032159516,-0.24474066628046975,,35.0,8.034493850707456,8.034493850707456,12.794818291736645,-0.3112335723234986,1.2510312195358422,"{""1"": 35, ""2"": 27, ""3"": 4}",8.034493850707456,8.031344499561383,49.05713451957215,1e-05,True,40,development_isotonic_frozen
s0-i13,held_out,0,random_matched,subset_beam_32,3,0.15,6ff55fbeaa70427e,"[[0, 2, 5, 10], [3, 7, 9, 11], [1, 4, 6, 8]]",12.887075456255673,-0.48419329568944613,1.1349895032159516,-0.24474066628046975,,35.0,8.034493850707456,8.034493850707456,12.794818291736645,-0.3112335723234986,1.2510312195358422,"{""1"": 35, ""2"": 27, ""3"": 4}",8.034493850707456,8.031344499561383,49.05713451957215,1e-05,True,40,development_isotonic_frozen
s0-i13,held_out,0,random_matched,saps_diagonal,3,0.15,809fe1422013341f,"[[1, 5, 6, 9], [0, 3, 4, 11], [2, 7, 8, 10]]",12.887075456255673,-0.46443763786264647,1.146347176555955,-0.028744048148724114,,54.0,7.042494712866469,7.042494712866469,13.565574349743716,-0.7789771125552382,1.6765381080526718,"{""1"": 54, ""2"": 12}",7.042494712866469,7.042442059538749,34.21525013961945,1e-05,True,40,development_isotonic_frozen
s0-i13,held_out,0,random_matched,p_saps_residualized,3,0.15,9ceec91be7228f46,"[[0, 6, 8, 11], [2, 3, 7, 10], [1, 4, 5, 9]]",12.887075456255673,-0.5022863831676867,1.1043847170174617,-0.22052424068489815,,37.0,9.105380643248086,9.105380643248086,12.987507306238413,-0.49133156917542303,4.733679936297437,"{""1"": 37, ""2"": 26, ""3"": 3}",9.105380643248086,9.105250670851653,56.35842347478003,1e-05,True,80,development_isotonic_frozen
s0-i13,held_out,0,random_matched,p_saps_projection,3,0.15,b63a267ef7aed3b0,"[[4, 6, 9, 11], [2, 3, 7, 10], [0, 1, 5, 8]]",12.887075456255673,-0.4390323340280342,1.1921033380450947,-0.14805763394512794,,38.0,10.060392069742164,10.060392069742164,12.987507306238413,-0.17722088660835555,-1.1474942090374558,"{""2"": 25, ""1"": 38, ""3"": 3}",10.060392069742164,9.767058477162465,52.531784821667394,1e-05,True,640,development_isotonic_frozen
s0-i13,held_out,0,random_matched,b_saps_budgeted,3,0.15,0dd972e692484d00,"[[0, 1, 2, 5], [3, 4, 6, 11], [7, 8, 9, 10]]",12.887075456255673,-0.5343588216660277,1.087462252012177,-0.1384464245446182,,44.0,8.197371888888974,8.197371888888974,13.565574349743716,0.8314195511565922,-1.033781167218368,"{""2"": 22, ""1"": 44}",8.197371888888974,8.197224033441861,35.89070948468061,1e-05,True,40,development_isotonic_frozen
s0-i13,held_out,0,random_matched,random_balanced,4,0.01,5c59d6ea66e10381,"[[2, 5, 7], [0, 4, 11], [3, 8, 9], [1, 6, 10]]",2.3411901796498706,-0.6922386790913825,1.7630587730280831,-0.0861913801829449,,48.0,7.076096911131319,7.076096911131319,2.385214805537196,1.0842021724855044e-19,1.3619306792038253,"{""1"": 48, ""2"": 18}",7.076096911131319,7.076037664829277,46.58684797160484,1e-05,True,40,development_isotonic_frozen
s0-i13,held_out,0,random_matched,confidence,4,0.01,b252149bb2b42c4a,"[[7, 9, 11], [3, 5, 6], [0, 4, 10], [1, 2, 8]]",2.3411901796498706,-0.5900060041312473,1.856298492925511,-0.15503829129943697,,45.0,5.846598001356486,5.846598001356486,2.276795950740051,0.0,2.01887854093285,"{""1"": 45, ""2"": 18, ""3"": 3}",5.846598001356486,5.846581823133862,47.283588442824694,1e-05,True,40,development_isotonic_frozen
s0-i13,held_out,0,random_matched,entropy,4,0.01,7f9735e86ef43b24,"[[3, 9, 11], [4, 5, 7], [0, 2, 6], [1, 8, 10]]",2.3411901796498706,-0.6065086454162306,1.882022848585797,-0.1903542390502613,,47.0,6.4318274071301405,6.4318274071301405,2.312935569005766,-0.6637389665483386,2.01887854093285,"{""1"": 47, ""2"": 17, ""3"": 2}",6.4318274071301405,6.431609136109538,39.010331159439716,1e-05,True,40,development_isotonic_frozen
s0-i13,held_out,0,random_matched,dependency_cmi,4,0.01,7522625827a8aa31,"[[4, 6, 11], [3, 5, 9], [0, 8, 10], [1, 2, 7]]",2.3411901796498706,-0.6799407940206502,1.7642395389712433,-0.005348256571662213,,46.0,6.87335861507294,6.87335861507294,2.349075187271481,0.0,6.49358440985206,"{""1"": 46, ""3"": 1, ""2"": 19}",6.87335861507294,6.872921870595226,41.83835115453216,1e-05,True,40,development_isotonic_frozen
s0-i13,held_out,0,random_matched,min_within_batch_tc,4,0.01,4ca2b1f04f26910e,"[[8, 9, 11], [5, 7, 10], [0, 3, 6], [1, 2, 4]]",2.3411901796498706,-0.6474880096322978,1.7672001643751205,-0.12060429536867426,,39.0,7.3063231379258315,7.3063231379258315,2.312935569005766,0.0,-5.1316537306482335,"{""1"": 39, ""2"": 25, ""3"": 2}",7.3063231379258315,7.306292349028167,54.17388718441112,1e-05,True,40,development_isotonic_frozen
s0-i13,held_out,0,random_matched,dprm_myopic,4,0.01,f618a2168983b995,"[[1, 2, 6], [4, 10, 11], [5, 7, 8], [0, 3, 9]]",2.3411901796498706,-0.8125555814279569,1.570694814703755,-0.27150014181017973,,52.0,6.622431527346489,6.622431527346489,2.385214805537196,0.0,0.0,"{""1"": 52, ""2"": 14}",6.622431527346489,6.622176981926573,44.412401475876194,1e-05,True,40,development_isotonic_frozen
s0-i13,held_out,0,random_matched,dprm_rollout,4,0.01,c8d3c0b3f828adf0,"[[2, 5, 6], [1, 4, 11], [3, 8, 9], [0, 7, 10]]",2.3411901796498706,-0.7575906673942981,1.6607281894169474,-0.3059073199930123,,49.0,5.489378637721012,5.489378637721012,2.385214805537196,0.5818754219049811,1.3619306792038253,"{""1"": 49, ""2"": 17}",5.489378637721012,5.489348776155861,37.579244325811324,1e-05,True,40,development_isotonic_frozen
s0-i13,held_out,0,random_matched,subset_exact,4,0.01,69561ef9bbc1ce49,"[[4, 5, 9], [3, 7, 11], [0, 6, 10], [1, 2, 8]]",2.3411901796498706,-0.6232147606456587,1.8349682044630837,-0.10480477811765064,,43.0,6.557404135769259,6.557404135769259,2.312935569005766,0.0,4.937196814994367,"{""1"": 43, ""2"": 21, ""3"": 2}",6.557404135769259,6.546391036886476,45.19687084514855,1e-05,True,40,development_isotonic_frozen
s0-i13,held_out,0,random_matched,subset_beam_8,4,0.01,69561ef9bbc1ce49,"[[4, 5, 9], [3, 7, 11], [0, 6, 10], [1, 2, 8]]",2.3411901796498706,-0.6232147606456587,1.8349682044630837,-0.10480477811765064,,43.0,6.557404135769259,6.557404135769259,2.312935569005766,0.0,4.937196814994367,"{""1"": 43, ""2"": 21, ""3"": 2}",6.557404135769259,6.546391036886476,45.19687084514855,1e-05,True,40,development_isotonic_frozen
s0-i13,held_out,0,random_matched,subset_beam_32,4,0.01,69561ef9bbc1ce49,"[[4, 5, 9], [3, 7, 11], [0, 6, 10], [1, 2, 8]]",2.3411901796498706,-0.6232147606456587,1.8349682044630837,-0.10480477811765064,,43.0,6.557404135769259,6.557404135769259,2.312935569005766,0.0,4.937196814994367,"{""1"": 43, ""2"": 21, ""3"": 2}",6.557404135769259,6.546391036886476,45.19687084514855,1e-05,True,40,development_isotonic_frozen
s0-i13,held_out,0,random_matched,saps_diagonal,4,0.01,d7fcddc14cbef9a9,"[[1, 5, 9], [0, 2, 11], [4, 7, 8], [3, 6, 10]]",2.3411901796498706,-0.7173269055765306,1.7086417797304698,-0.052225918552317445,,59.0,7.509016199480281,7.509016199480281,2.385214805537196,0.0,0.0,"{""1"": 59, ""2"": 7}",7.509016199480281,7.5089577260245015,42.63868727031181,1e-05,True,40,development_isotonic_frozen
s0-i13,held_out,0,random_matched,p_saps_residualized,4,0.01,ef632490c8a841f6,"[[3, 4, 8], [5, 9, 10], [0, 2, 7], [1, 6, 11]]",2.3411901796498706,-0.7376761265298651,1.7090464711418811,-0.08865840528569625,,51.0,7.233686506705254,7.233686506705254,2.385214805537196,0.3118241039581753,-3.5752661357905424,"{""1"": 51, ""2"": 15}",7.233686506705254,7.233496736395644,39.98376967817008,1e-05,True,80,development_isotonic_frozen
s0-i13,held_out,0,random_matched,p_saps_projection,4,0.01,4682d8cd15c7c4c5,"[[4, 10, 11], [0, 5, 9], [2, 3, 8], [1, 6, 7]]",2.3411901796498706,-0.7227385701947328,1.7228455389487214,-0.17425369269412422,,47.0,8.575522969640769,8.575522969640769,2.312935569005766,0.0,-5.131653730648234,"{""1"": 47, ""2"": 17, ""3"": 2}",8.575522969640769,8.574358201939155,45.90493001595893,1e-05,True,640,development_isotonic_frozen
s0-i13,held_out,0,random_matched,b_saps_budgeted,4,0.01,5c59d6ea66e10381,"[[2, 5, 7], [0, 4, 11], [3, 8, 9], [1, 6, 10]]",2.3411901796498706,-0.6922386790913825,1.7630587730280831,-0.0861913801829449,,48.0,7.076096911131319,7.076096911131319,2.385214805537196,1.0842021724855044e-19,1.3619306792038253,"{""1"": 48, ""2"": 18}",7.076096911131319,7.076037664829277,46.58684797160484,1e-05,True,40,development_isotonic_frozen
s0-i13,held_out,0,random_matched,random_balanced,4,0.05,5c59d6ea66e10381,"[[2, 5, 7], [0, 4, 11], [3, 8, 9], [1, 6, 10]]",6.562147222051397,-0.6922386790913825,1.7630587730280831,-0.0861913801829449,,48.0,7.076096911131319,7.076096911131319,6.658807162513755,-0.08980035982542753,2.089036491213258,"{""1"": 48, ""2"": 18}",7.076096911131319,7.076037664829277,46.58684797160484,1e-05,True,40,development_isotonic_frozen
s0-i13,held_out,0,random_matched,confidence,4,0.05,b252149bb2b42c4a,"[[7, 9, 11], [3, 5, 6], [0, 4, 10], [1, 2, 8]]",6.562147222051397,-0.5900060041312473,1.856298492925511,-0.15503829129943697,,45.0,5.846598001356486,5.846598001356486,6.334750384417437,0.1359371856166408,0.2787940890072864,"{""1"": 45, ""2"": 18, ""3"": 3}",5.846598001356486,5.846581823133862,47.283588442824694,1e-05,True,40,development_isotonic_frozen
s0-i13,held_out,0,random_matched,entropy,4,0.05,7f9735e86ef43b24,"[[3, 9, 11], [4, 5, 7], [0, 2, 6], [1, 8, 10]]",6.562147222051397,-0.6065086454162306,1.882022848585797,-0.1903542390502613,,47.0,6.4318274071301405,6.4318274071301405,6.468904974649835,0.0,0.0,"{""1"": 47, ""2"": 17, ""3"": 2}",6.4318274071301405,6.431609136109538,39.010331159439716,1e-05,True,40,development_isotonic_frozen
s0-i13,held_out,0,random_matched,dependency_cmi,4,0.05,7522625827a8aa31,"[[4, 6, 11], [3, 5, 9], [0, 8, 10], [1, 2, 7]]",6.562147222051397,-0.6799407940206502,1.7642395389712433,-0.005348256571662213,,46.0,6.87335861507294,6.87335861507294,6.524652572281357,0.0,1.3477915836280703,"{""1"": 46, ""3"": 1, ""2"": 19}",6.87335861507294,6.872921870595226,41.83835115453216,1e-05,True,40,development_isotonic_frozen
s0-i13,held_out,0,random_matched,min_within_batch_tc,4,0.05,4ca2b1f04f26910e,"[[8, 9, 11], [5, 7, 10], [0, 3, 6], [1, 2, 4]]",6.562147222051397,-0.6474880096322978,1.7672001643751205,-0.12060429536867426,,39.0,7.3063231379258315,7.3063231379258315,6.259819661047501,1.0508781579236204,-1.352844374405142,"{""1"": 39, ""2"": 25, ""3"": 2}",7.3063231379258315,7.306292349028167,54.17388718441112,1e-05,True,40,development_isotonic_frozen
s0-i13,held_out,0,random_matched,dprm_myopic,4,0.05,f618a2168983b995,"[[1, 2, 6], [4, 10, 11], [5, 7, 8], [0, 3, 9]]",6.562147222051397,-0.8125555814279569,1.570694814703755,-0.27150014181017973,,52.0,6.622431527346489,6.622431527346489,6.7633498193149215,-1.7797943613809042,0.2787940890072864,"{""1"": 52, ""2"": 14}",6.622431527346489,6.622176981926573,44.412401475876194,1e-05,True,40,development_isotonic_frozen
s0-i13,held_out,0,random_matched,dprm_rollout,4,0.05,c67e789d8b5cbfb8,"[[6, 10, 11], [4, 5, 8], [1, 2, 3], [0, 7, 9]]",6.562147222051397,-0.7683800143641735,1.625993850074791,-0.04386155002484082,,48.0,8.347201161436203,8.347201161436203,6.331274115186497,0.0,-0.40506510499836423,"{""1"": 48, ""2"": 14, ""3"": 4}",8.347201161436203,8.135175991810183,38.637369117094075,1e-05,True,40,development_isotonic_frozen
s0-i13,held_out,0,random_matched,subset_exact,4,0.05,0158b1ee5e80f0c4,"[[0, 8, 11], [3, 7, 9], [4, 5, 6], [1, 2, 10]]",6.562147222051397,-0.6666268598872175,1.7867767930903729,-0.07895222948345593,,43.0,4.5164972257536276,4.5164972257536276,6.4462455796804825,0.7758285849748234,-0.4573980278008296,"{""1"": 43, ""2"": 22, ""3"": 1}",4.5164972257536276,4.51644023456066,49.06390872187724,1e-05,True,40,development_isotonic_frozen
s0-i13,held_out,0,random_matched,subset_beam_8,4,0.05,0158b1ee5e80f0c4,"[[0, 8, 11], [3, 7, 9], [4, 5, 6], [1, 2, 10]]",6.562147222051397,-0.6666268598872175,1.7867767930903729,-0.07895222948345593,,43.0,4.5164972257536276,4.5164972257536276,6.4462455796804825,0.7758285849748234,-0.4573980278008296,"{""1"": 43, ""2"": 22, ""3"": 1}",4.5164972257536276,4.51644023456066,49.06390872187724,1e-05,True,40,development_isotonic_frozen
s0-i13,held_out,0,random_matched,subset_beam_32,4,0.05,0158b1ee5e80f0c4,"[[0, 8, 11], [3, 7, 9], [4, 5, 6], [1, 2, 10]]",6.562147222051397,-0.6666268598872175,1.7867767930903729,-0.07895222948345593,,43.0,4.5164972257536276,4.5164972257536276,6.4462455796804825,0.7758285849748234,-0.4573980278008296,"{""1"": 43, ""2"": 22, ""3"": 1}",4.5164972257536276,4.51644023456066,49.06390872187724,1e-05,True,40,development_isotonic_frozen
s0-i13,held_out,0,random_matched,saps_diagonal,4,0.05,d7fcddc14cbef9a9,"[[1, 5, 9], [0, 2, 11], [4, 7, 8], [3, 6, 10]]",6.562147222051397,-0.7173269055765306,1.7086417797304698,-0.052225918552317445,,59.0,7.509016199480281,7.509016199480281,6.946299468716963,0.0,1.3528443744051417,"{""1"": 59, ""2"": 7}",7.509016199480281,7.5089577260245015,42.63868727031181,1e-05,True,40,development_isotonic_frozen
s0-i13,held_out,0,random_matched,p_saps_residualized,4,0.05,ef632490c8a841f6,"[[3, 4, 8], [5, 9, 10], [0, 2, 7], [1, 6, 11]]",6.562147222051397,-0.7376761265298651,1.7090464711418811,-0.08865840528569625,,51.0,7.233686506705254,7.233686506705254,6.73721415511463,1.8800128021401252,1.3477915836280703,"{""1"": 51, ""2"": 15}",7.233686506705254,7.233496736395644,39.98376967817008,1e-05,True,80,development_isotonic_frozen
s0-i13,held_out,0,random_matched,p_saps_projection,4,0.05,4682d8cd15c7c4c5,"[[4, 10, 11], [0, 5, 9], [2, 3, 8], [1, 6, 7]]",6.562147222051397,-0.7227385701947328,1.7228455389487214,-0.17425369269412422,,47.0,8.575522969640769,8.575522969640769,6.468904974649835,0.8206287794457534,-0.4573980278008296,"{""1"": 47, ""2"": 17, ""3"": 2}",8.575522969640769,8.574358201939155,45.90493001595893,1e-05,True,640,development_isotonic_frozen
s0-i13,held_out,0,random_matched,b_saps_budgeted,4,0.05,d7fcddc14cbef9a9,"[[1, 5, 9], [0, 2, 11], [4, 7, 8], [3, 6, 10]]",6.562147222051397,-0.7173269055765306,1.7086417797304698,-0.052225918552317445,,59.0,7.509016199480281,7.509016199480281,6.946299468716963,0.0,1.3528443744051417,"{""1"": 59, ""2"": 7}",7.509016199480281,7.5089577260245015,42.63868727031181,1e-05,True,40,development_isotonic_frozen
s0-i13,held_out,0,random_matched,random_balanced,4,0.15,5c59d6ea66e10381,"[[2, 5, 7], [0, 4, 11], [3, 8, 9], [1, 6, 10]]",13.33084409571429,-0.6922386790913825,1.7630587730280831,-0.0861913801829449,,48.0,7.076096911131319,7.076096911131319,13.565574349743716,0.6717612628847204,6.138692503782639,"{""1"": 48, ""2"": 18}",7.076096911131319,7.076037664829277,46.58684797160484,1e-05,True,40,development_isotonic_frozen
s0-i13,held_out,0,random_matched,confidence,4,0.15,b252149bb2b42c4a,"[[7, 9, 11], [3, 5, 6], [0, 4, 10], [1, 2, 8]]",13.33084409571429,-0.5900060041312473,1.856298492925511,-0.15503829129943697,,45.0,5.846598001356486,5.846598001356486,12.987507306238413,-0.13570184771158766,6.049452081141816,"{""1"": 45, ""2"": 18, ""3"": 3}",5.846598001356486,5.846581823133862,47.283588442824694,1e-05,True,40,development_isotonic_frozen
s0-i13,held_out,0,random_matched,entropy,4,0.15,7f9735e86ef43b24,"[[3, 9, 11], [4, 5, 7], [0, 2, 6], [1, 8, 10]]",13.33084409571429,-0.6065086454162306,1.882022848585797,-0.1903542390502613,,47.0,6.4318274071301405,6.4318274071301405,13.180196320740182,-0.33925883580844945,-1.2437591397443735,"{""1"": 47, ""2"": 17, ""3"": 2}",6.4318274071301405,6.431609136109538,39.010331159439716,1e-05,True,40,development_isotonic_frozen
s0-i13,held_out,0,random_matched,dependency_cmi,4,0.15,7522625827a8aa31,"[[4, 6, 11], [3, 5, 9], [0, 8, 10], [1, 2, 7]]",13.33084409571429,-0.6799407940206502,1.7642395389712433,-0.005348256571662213,,46.0,6.87335861507294,6.87335861507294,13.37288533524195,0.02772064340418247,4.0211963146119585,"{""1"": 46, ""3"": 1, ""2"": 19}",6.87335861507294,6.872921870595226,41.83835115453216,1e-05,True,40,development_isotonic_frozen
s0-i13,held_out,0,random_matched,min_within_batch_tc,4,0.15,4ca2b1f04f26910e,"[[8, 9, 11], [5, 7, 10], [0, 3, 6], [1, 2, 4]]",13.33084409571429,-0.6474880096322978,1.7672001643751205,-0.12060429536867426,,39.0,7.3063231379258315,7.3063231379258315,13.180196320740182,2.702762968456993,6.1961230258830415,"{""1"": 39, ""2"": 25, ""3"": 2}",7.3063231379258315,7.306292349028167,54.17388718441112,1e-05,True,40,development_isotonic_frozen
s0-i13,held_out,0,random_matched,dprm_myopic,4,0.15,f618a2168983b995,"[[1, 2, 6], [4, 10, 11], [5, 7, 8], [0, 3, 9]]",13.33084409571429,-0.8125555814279569,1.570694814703755,-0.27150014181017973,,52.0,6.622431527346489,6.622431527346489,13.565574349743716,-0.895341357244634,4.22855761376843,"{""1"": 52, ""2"": 14}",6.622431527346489,6.622176981926573,44.412401475876194,1e-05,True,40,development_isotonic_frozen
s0-i13,held_out,0,random_matched,dprm_rollout,4,0.15,948a0266bb10f4cd,"[[6, 7, 11], [4, 5, 9], [0, 2, 3], [1, 8, 10]]",13.33084409571429,-0.6257233306765458,1.811627046344406,-0.103357073113103,,49.0,6.501695939672787,6.501695939672787,13.180196320740182,1.5669694653667785,-1.4164960067954961,"{""1"": 49, ""2"": 15, ""3"": 2}",6.501695939672787,6.501576330687858,46.59154795256719,1e-05,True,40,development_isotonic_frozen
s0-i13,held_out,0,random_matched,subset_exact,4,0.15,7fdc942c53f8656c,"[[2, 5, 6], [7, 9, 11], [0, 3, 4], [1, 8, 10]]",13.33084409571429,-0.6703580335098626,1.7574336447199987,-0.19655384085283747,,50.0,5.795562532620529,5.795562532620529,13.180196320740182,0.0,7.0366596265901755,"{""1"": 50, ""2"": 14, ""3"": 2}",5.795562532620529,5.764987080716757,43.202403033957005,1e-05,True,40,development_isotonic_frozen
s0-i13,held_out,0,random_matched,subset_beam_8,4,0.15,7fdc942c53f8656c,"[[2, 5, 6], [7, 9, 11], [0, 3, 4], [1, 8, 10]]",13.33084409571429,-0.6703580335098626,1.7574336447199987,-0.19655384085283747,,50.0,5.795562532620529,5.795562532620529,13.180196320740182,0.0,7.0366596265901755,"{""1"": 50, ""2"": 14, ""3"": 2}",5.795562532620529,5.764987080716757,43.202403033957005,1e-05,True,40,development_isotonic_frozen
s0-i13,held_out,0,random_matched,subset_beam_32,4,0.15,7fdc942c53f8656c,"[[2, 5, 6], [7, 9, 11], [0, 3, 4], [1, 8, 10]]",13.33084409571429,-0.6703580335098626,1.7574336447199987,-0.19655384085283747,,50.0,5.795562532620529,5.795562532620529,13.180196320740182,0.0,7.0366596265901755,"{""1"": 50, ""2"": 14, ""3"": 2}",5.795562532620529,5.764987080716757,43.202403033957005,1e-05,True,40,development_isotonic_frozen
s0-i13,held_out,0,random_matched,saps_diagonal,4,0.15,d7fcddc14cbef9a9,"[[1, 5, 9], [0, 2, 11], [4, 7, 8], [3, 6, 10]]",13.33084409571429,-0.7173269055765306,1.7086417797304698,-0.052225918552317445,,59.0,7.509016199480281,7.509016199480281,13.565574349743716,0.0004883181226976181,5.087045989783515,"{""1"": 59, ""2"": 7}",7.509016199480281,7.5089577260245015,42.63868727031181,1e-05,True,40,development_isotonic_frozen
s0-i13,held_out,0,random_matched,p_saps_residualized,4,0.15,ef632490c8a841f6,"[[3, 4, 8], [5, 9, 10], [0, 2, 7], [1, 6, 11]]",13.33084409571429,-0.7376761265298651,1.7090464711418811,-0.08865840528569625,,51.0,7.233686506705254,7.233686506705254,13.565574349743716,-0.10916897140523173,-1.05353051989928,"{""1"": 51, ""2"": 15}",7.233686506705254,7.233496736395644,39.98376967817008,1e-05,True,80,development_isotonic_frozen
s0-i13,held_out,0,random_matched,p_saps_projection,4,0.15,4682d8cd15c7c4c5,"[[4, 10, 11], [0, 5, 9], [2, 3, 8], [1, 6, 7]]",13.33084409571429,-0.7227385701947328,1.7228455389487214,-0.17425369269412422,,47.0,8.575522969640769,8.575522969640769,13.180196320740182,0.0,-2.738477147878846,"{""1"": 47, ""2"": 17, ""3"": 2}",8.575522969640769,8.574358201939155,45.90493001595893,1e-05,True,640,development_isotonic_frozen
s0-i13,held_out,0,random_matched,b_saps_budgeted,4,0.15,5c59d6ea66e10381,"[[2, 5, 7], [0, 4, 11], [3, 8, 9], [1, 6, 10]]",13.33084409571429,-0.6922386790913825,1.7630587730280831,-0.0861913801829449,,48.0,7.076096911131319,7.076096911131319,13.565574349743716,0.6717612628847204,6.138692503782639,"{""1"": 48, ""2"": 18}",7.076096911131319,7.076037664829277,46.58684797160484,1e-05,True,40,development_isotonic_frozen
s0-i13,held_out,0,structural,random_balanced,1,0.01,76993f31911749ca,"[[0, 1, 2, 3, 4, 5, 6, 7, 8, 9, 10, 11]]",0.758931983580017,-0.0,0.0,-0.8036686225398636,,0.0,8.149028662687313,8.149028662687313,0.758931983580017,0.0,-3.5752661357905424,"{""2"": 21, ""3"": 23, ""4"": 22}",8.149028662687313,8.14893721023942,64.72271944465017,1e-05,True,40,development_isotonic_frozen
s0-i13,held_out,0,structural,confidence,1,0.01,76993f31911749ca,"[[0, 1, 2, 3, 4, 5, 6, 7, 8, 9, 10, 11]]",0.758931983580017,-0.0,0.0,-0.8036686225398636,,0.0,8.149028662687313,8.149028662687313,0.758931983580017,0.0,-3.5752661357905424,"{""2"": 21, ""3"": 23, ""4"": 22}",8.149028662687313,8.14893721023942,64.72271944465017,1e-05,True,40,development_isotonic_frozen
s0-i13,held_out,0,structural,entropy,1,0.01,76993f31911749ca,"[[0, 1, 2, 3, 4, 5, 6, 7, 8, 9, 10, 11]]",0.758931983580017,-0.0,0.0,-0.8036686225398636,,0.0,8.149028662687313,8.149028662687313,0.758931983580017,0.0,-3.5752661357905424,"{""2"": 21, ""3"": 23, ""4"": 22}",8.149028662687313,8.14893721023942,64.72271944465017,1e-05,True,40,development_isotonic_frozen
s0-i13,held_out,0,structural,dependency_cmi,1,0.01,76993f31911749ca,"[[0, 1, 2, 3, 4, 5, 6, 7, 8, 9, 10, 11]]",0.758931983580017,-0.0,0.0,-0.8036686225398636,,0.0,8.149028662687313,8.149028662687313,0.758931983580017,0.0,-3.5752661357905424,"{""2"": 21, ""3"": 23, ""4"": 22}",8.149028662687313,8.14893721023942,64.72271944465017,1e-05,True,40,development_isotonic_frozen
s0-i13,held_out,0,structural,min_within_batch_tc,1,0.01,76993f31911749ca,"[[0, 1, 2, 3, 4, 5, 6, 7, 8, 9, 10, 11]]",0.758931983580017,-0.0,0.0,-0.8036686225398636,,0.0,8.149028662687313,8.149028662687313,0.758931983580017,0.0,-3.5752661357905424,"{""2"": 21, ""3"": 23, ""4"": 22}",8.149028662687313,8.14893721023942,64.72271944465017,1e-05,True,40,development_isotonic_frozen
s0-i13,held_out,0,structural,dprm_myopic,1,0.01,76993f31911749ca,"[[0, 1, 2, 3, 4, 5, 6, 7, 8, 9, 10, 11]]",0.758931983580017,-0.0,0.0,-0.8036686225398636,,0.0,8.149028662687313,8.149028662687313,0.758931983580017,0.0,-3.5752661357905424,"{""2"": 21, ""3"": 23, ""4"": 22}",8.149028662687313,8.14893721023942,64.72271944465017,1e-05,True,40,development_isotonic_frozen
s0-i13,held_out,0,structural,dprm_rollout,1,0.01,76993f31911749ca,"[[0, 1, 2, 3, 4, 5, 6, 7, 8, 9, 10, 11]]",0.758931983580017,-0.0,0.0,-0.8036686225398636,,0.0,8.149028662687313,8.149028662687313,0.758931983580017,0.0,-3.5752661357905424,"{""2"": 21, ""3"": 23, ""4"": 22}",8.149028662687313,8.14893721023942,64.72271944465017,1e-05,True,40,development_isotonic_frozen
s0-i13,held_out,0,structural,subset_exact,1,0.01,76993f31911749ca,"[[0, 1, 2, 3, 4, 5, 6, 7, 8, 9, 10, 11]]",0.758931983580017,-0.0,0.0,-0.8036686225398636,,0.0,8.149028662687313,8.149028662687313,0.758931983580017,0.0,-3.5752661357905424,"{""2"": 21, ""3"": 23, ""4"": 22}",8.149028662687313,8.14893721023942,64.72271944465017,1e-05,True,40,development_isotonic_frozen
s0-i13,held_out,0,structural,subset_beam_8,1,0.01,76993f31911749ca,"[[0, 1, 2, 3, 4, 5, 6, 7, 8, 9, 10, 11]]",0.758931983580017,-0.0,0.0,-0.8036686225398636,,0.0,8.149028662687313,8.149028662687313,0.758931983580017,0.0,-3.5752661357905424,"{""2"": 21, ""3"": 23, ""4"": 22}",8.149028662687313,8.14893721023942,64.72271944465017,1e-05,True,40,development_isotonic_frozen
s0-i13,held_out,0,structural,subset_beam_32,1,0.01,76993f31911749ca,"[[0, 1, 2, 3, 4, 5, 6, 7, 8, 9, 10, 11]]",0.758931983580017,-0.0,0.0,-0.8036686225398636,,0.0,8.149028662687313,8.149028662687313,0.758931983580017,0.0,-3.5752661357905424,"{""2"": 21, ""3"": 23, ""4"": 22}",8.149028662687313,8.14893721023942,64.72271944465017,1e-05,True,40,development_isotonic_frozen
s0-i13,held_out,0,structural,saps_diagonal,1,0.01,76993f31911749ca,"[[0, 1, 2, 3, 4, 5, 6, 7, 8, 9, 10, 11]]",0.758931983580017,-0.0,0.0,-0.8036686225398636,,0.0,8.149028662687313,8.149028662687313,0.758931983580017,0.0,-3.5752661357905424,"{""2"": 21, ""3"": 23, ""4"": 22}",8.149028662687313,8.14893721023942,64.72271944465017,1e-05,True,40,development_isotonic_frozen
s0-i13,held_out,0,structural,p_saps_residualized,1,0.01,76993f31911749ca,"[[0, 1, 2, 3, 4, 5, 6, 7, 8, 9, 10, 11]]",0.758931983580017,-0.0,0.0,-0.8036686225398636,,0.0,8.149028662687313,8.149028662687313,0.758931983580017,0.0,-3.5752661357905424,"{""2"": 21, ""3"": 23, ""4"": 22}",8.149028662687313,8.14893721023942,64.72271944465017,1e-05,True,40,development_isotonic_frozen
s0-i13,held_out,0,structural,p_saps_projection,1,0.01,76993f31911749ca,"[[0, 1, 2, 3, 4, 5, 6, 7, 8, 9, 10, 11]]",0.758931983580017,-0.0,0.0,-0.8036686225398636,,0.0,8.149028662687313,8.149028662687313,0.758931983580017,0.0,-3.5752661357905424,"{""2"": 21, ""3"": 23, ""4"": 22}",8.149028662687313,8.14893721023942,64.72271944465017,1e-05,True,40,development_isotonic_frozen
s0-i13,held_out,0,structural,b_saps_budgeted,1,0.01,76993f31911749ca,"[[0, 1, 2, 3, 4, 5, 6, 7, 8, 9, 10, 11]]",0.758931983580017,-0.0,0.0,-0.8036686225398636,,0.0,8.149028662687313,8.149028662687313,0.758931983580017,0.0,-3.5752661357905424,"{""2"": 21, ""3"": 23, ""4"": 22}",8.149028662687313,8.14893721023942,64.72271944465017,1e-05,True,40,development_isotonic_frozen
s0-i13,held_out,0,structural,random_balanced,1,0.05,76993f31911749ca,"[[0, 1, 2, 3, 4, 5, 6, 7, 8, 9, 10, 11]]",1.7195484984681046,-0.0,0.0,-0.8036686225398636,,0.0,8.149028662687313,8.149028662687313,1.7195484984681046,-0.06614463496862094,1.352844374405142,"{""2"": 21, ""3"": 23, ""4"": 22}",8.149028662687313,8.14893721023942,64.72271944465017,1e-05,True,40,development_isotonic_frozen
s0-i13,held_out,0,structural,confidence,1,0.05,76993f31911749ca,"[[0, 1, 2, 3, 4, 5, 6, 7, 8, 9, 10, 11]]",1.7195484984681046,-0.0,0.0,-0.8036686225398636,,0.0,8.149028662687313,8.149028662687313,1.7195484984681046,-0.06614463496862094,1.352844374405142,"{""2"": 21, ""3"": 23, ""4"": 22}",8.149028662687313,8.14893721023942,64.72271944465017,1e-05,True,40,development_isotonic_frozen
s0-i13,held_out,0,structural,entropy,1,0.05,76993f31911749ca,"[[0, 1, 2, 3, 4, 5, 6, 7, 8, 9, 10, 11]]",1.7195484984681046,-0.0,0.0,-0.8036686225398636,,0.0,8.149028662687313,8.149028662687313,1.7195484984681046,-0.06614463496862094,1.352844374405142,"{""2"": 21, ""3"": 23, ""4"": 22}",8.149028662687313,8.14893721023942,64.72271944465017,1e-05,True,40,development_isotonic_frozen
s0-i13,held_out,0,structural,dependency_cmi,1,0.05,76993f31911749ca,"[[0, 1, 2, 3, 4, 5, 6, 7, 8, 9, 10, 11]]",1.7195484984681046,-0.0,0.0,-0.8036686225398636,,0.0,8.149028662687313,8.149028662687313,1.7195484984681046,-0.06614463496862094,1.352844374405142,"{""2"": 21, ""3"": 23, ""4"": 22}",8.149028662687313,8.14893721023942,64.72271944465017,1e-05,True,40,development_isotonic_frozen
s0-i13,held_out,0,structural,min_within_batch_tc,1,0.05,76993f31911749ca,"[[0, 1, 2, 3, 4, 5, 6, 7, 8, 9, 10, 11]]",1.7195484984681046,-0.0,0.0,-0.8036686225398636,,0.0,8.149028662687313,8.149028662687313,1.7195484984681046,-0.06614463496862094,1.352844374405142,"{""2"": 21, ""3"": 23, ""4"": 22}",8.149028662687313,8.14893721023942,64.72271944465017,1e-05,True,40,development_isotonic_frozen
s0-i13,held_out,0,structural,dprm_myopic,1,0.05,76993f31911749ca,"[[0, 1, 2, 3, 4, 5, 6, 7, 8, 9, 10, 11]]",1.7195484984681046,-0.0,0.0,-0.8036686225398636,,0.0,8.149028662687313,8.149028662687313,1.7195484984681046,-0.06614463496862094,1.352844374405142,"{""2"": 21, ""3"": 23, ""4"": 22}",8.149028662687313,8.14893721023942,64.72271944465017,1e-05,True,40,development_isotonic_frozen
s0-i13,held_out,0,structural,dprm_rollout,1,0.05,76993f31911749ca,"[[0, 1, 2, 3, 4, 5, 6, 7, 8, 9, 10, 11]]",1.7195484984681046,-0.0,0.0,-0.8036686225398636,,0.0,8.149028662687313,8.149028662687313,1.7195484984681046,-0.06614463496862094,1.352844374405142,"{""2"": 21, ""3"": 23, ""4"": 22}",8.149028662687313,8.14893721023942,64.72271944465017,1e-05,True,40,development_isotonic_frozen
s0-i13,held_out,0,structural,subset_exact,1,0.05,76993f31911749ca,"[[0, 1, 2, 3, 4, 5, 6, 7, 8, 9, 10, 11]]",1.7195484984681046,-0.0,0.0,-0.8036686225398636,,0.0,8.149028662687313,8.149028662687313,1.7195484984681046,-0.06614463496862094,1.352844374405142,"{""2"": 21, ""3"": 23, ""4"": 22}",8.149028662687313,8.14893721023942,64.72271944465017,1e-05,True,40,development_isotonic_frozen
s0-i13,held_out,0,structural,subset_beam_8,1,0.05,76993f31911749ca,"[[0, 1, 2, 3, 4, 5, 6, 7, 8, 9, 10, 11]]",1.7195484984681046,-0.0,0.0,-0.8036686225398636,,0.0,8.149028662687313,8.149028662687313,1.7195484984681046,-0.06614463496862094,1.352844374405142,"{""2"": 21, ""3"": 23, ""4"": 22}",8.149028662687313,8.14893721023942,64.72271944465017,1e-05,True,40,development_isotonic_frozen
s0-i13,held_out,0,structural,subset_beam_32,1,0.05,76993f31911749ca,"[[0, 1, 2, 3, 4, 5, 6, 7, 8, 9, 10, 11]]",1.7195484984681046,-0.0,0.0,-0.8036686225398636,,0.0,8.149028662687313,8.149028662687313,1.7195484984681046,-0.06614463496862094,1.352844374405142,"{""2"": 21, ""3"": 23, ""4"": 22}",8.149028662687313,8.14893721023942,64.72271944465017,1e-05,True,40,development_isotonic_frozen
s0-i13,held_out,0,structural,saps_diagonal,1,0.05,76993f31911749ca,"[[0, 1, 2, 3, 4, 5, 6, 7, 8, 9, 10, 11]]",1.7195484984681046,-0.0,0.0,-0.8036686225398636,,0.0,8.149028662687313,8.149028662687313,1.7195484984681046,-0.06614463496862094,1.352844374405142,"{""2"": 21, ""3"": 23, ""4"": 22}",8.149028662687313,8.14893721023942,64.72271944465017,1e-05,True,40,development_isotonic_frozen
s0-i13,held_out,0,structural,p_saps_residualized,1,0.05,76993f31911749ca,"[[0, 1, 2, 3, 4, 5, 6, 7, 8, 9, 10, 11]]",1.7195484984681046,-0.0,0.0,-0.8036686225398636,,0.0,8.149028662687313,8.149028662687313,1.7195484984681046,-0.06614463496862094,1.352844374405142,"{""2"": 21, ""3"": 23, ""4"": 22}",8.149028662687313,8.14893721023942,64.72271944465017,1e-05,True,40,development_isotonic_frozen
s0-i13,held_out,0,structural,p_saps_projection,1,0.05,76993f31911749ca,"[[0, 1, 2, 3, 4, 5, 6, 7, 8, 9, 10, 11]]",1.7195484984681046,-0.0,0.0,-0.8036686225398636,,0.0,8.149028662687313,8.149028662687313,1.7195484984681046,-0.06614463496862094,1.352844374405142,"{""2"": 21, ""3"": 23, ""4"": 22}",8.149028662687313,8.14893721023942,64.72271944465017,1e-05,True,40,development_isotonic_frozen
s0-i13,held_out,0,structural,b_saps_budgeted,1,0.05,76993f31911749ca,"[[0, 1, 2, 3, 4, 5, 6, 7, 8, 9, 10, 11]]",1.7195484984681046,-0.0,0.0,-0.8036686225398636,,0.0,8.149028662687313,8.149028662687313,1.7195484984681046,-0.06614463496862094,1.352844374405142,"{""2"": 21, ""3"": 23, ""4"": 22}",8.149028662687313,8.14893721023942,64.72271944465017,1e-05,True,40,development_isotonic_frozen
s0-i13,held_out,0,structural,random_balanced,1,0.15,76993f31911749ca,"[[0, 1, 2, 3, 4, 5, 6, 7, 8, 9, 10, 11]]",4.8945686971641535,-0.0,0.0,-0.8036686225398636,,0.0,8.149028662687313,8.149028662687313,4.8945686971641535,-0.1428686363931848,-2.80355463829018,"{""2"": 21, ""3"": 23, ""4"": 22}",8.149028662687313,8.14893721023942,64.72271944465017,1e-05,True,40,development_isotonic_frozen
s0-i13,held_out,0,structural,confidence,1,0.15,76993f31911749ca,"[[0, 1, 2, 3, 4, 5, 6, 7, 8, 9, 10, 11]]",4.8945686971641535,-0.0,0.0,-0.8036686225398636,,0.0,8.149028662687313,8.149028662687313,4.8945686971641535,-0.1428686363931848,-2.80355463829018,"{""2"": 21, ""3"": 23, ""4"": 22}",8.149028662687313,8.14893721023942,64.72271944465017,1e-05,True,40,development_isotonic_frozen
s0-i13,held_out,0,structural,entropy,1,0.15,76993f31911749ca,"[[0, 1, 2, 3, 4, 5, 6, 7, 8, 9, 10, 11]]",4.8945686971641535,-0.0,0.0,-0.8036686225398636,,0.0,8.149028662687313,8.149028662687313,4.8945686971641535,-0.1428686363931848,-2.80355463829018,"{""2"": 21, ""3"": 23, ""4"": 22}",8.149028662687313,8.14893721023942,64.72271944465017,1e-05,True,40,development_isotonic_frozen
s0-i13,held_out,0,structural,dependency_cmi,1,0.15,76993f31911749ca,"[[0, 1, 2, 3, 4, 5, 6, 7, 8, 9, 10, 11]]",4.8945686971641535,-0.0,0.0,-0.8036686225398636,,0.0,8.149028662687313,8.149028662687313,4.8945686971641535,-0.1428686363931848,-2.80355463829018,"{""2"": 21, ""3"": 23, ""4"": 22}",8.149028662687313,8.14893721023942,64.72271944465017,1e-05,True,40,development_isotonic_frozen
s0-i13,held_out,0,structural,min_within_batch_tc,1,0.15,76993f31911749ca,"[[0, 1, 2, 3, 4, 5, 6, 7, 8, 9, 10, 11]]",4.8945686971641535,-0.0,0.0,-0.8036686225398636,,0.0,8.149028662687313,8.149028662687313,4.8945686971641535,-0.1428686363931848,-2.80355463829018,"{""2"": 21, ""3"": 23, ""4"": 22}",8.149028662687313,8.14893721023942,64.72271944465017,1e-05,True,40,development_isotonic_frozen
s0-i13,held_out,0,structural,dprm_myopic,1,0.15,76993f31911749ca,"[[0, 1, 2, 3, 4, 5, 6, 7, 8, 9, 10, 11]]",4.8945686971641535,-0.0,0.0,-0.8036686225398636,,0.0,8.149028662687313,8.149028662687313,4.8945686971641535,-0.1428686363931848,-2.80355463829018,"{""2"": 21, ""3"": 23, ""4"": 22}",8.149028662687313,8.14893721023942,64.72271944465017,1e-05,True,40,development_isotonic_frozen
s0-i13,held_out,0,structural,dprm_rollout,1,0.15,76993f31911749ca,"[[0, 1, 2, 3, 4, 5, 6, 7, 8, 9, 10, 11]]",4.8945686971641535,-0.0,0.0,-0.8036686225398636,,0.0,8.149028662687313,8.149028662687313,4.8945686971641535,-0.1428686363931848,-2.80355463829018,"{""2"": 21, ""3"": 23, ""4"": 22}",8.149028662687313,8.14893721023942,64.72271944465017,1e-05,True,40,development_isotonic_frozen
s0-i13,held_out,0,structural,subset_exact,1,0.15,76993f31911749ca,"[[0, 1, 2, 3, 4, 5, 6, 7, 8, 9, 10, 11]]",4.8945686971641535,-0.0,0.0,-0.8036686225398636,,0.0,8.149028662687313,8.149028662687313,4.8945686971641535,-0.1428686363931848,-2.80355463829018,"{""2"": 21, ""3"": 23, ""4"": 22}",8.149028662687313,8.14893721023942,64.72271944465017,1e-05,True,40,development_isotonic_frozen
s0-i13,held_out,0,structural,subset_beam_8,1,0.15,76993f31911749ca,"[[0, 1, 2, 3, 4, 5, 6, 7, 8, 9, 10, 11]]",4.8945686971641535,-0.0,0.0,-0.8036686225398636,,0.0,8.149028662687313,8.149028662687313,4.8945686971641535,-0.1428686363931848,-2.80355463829018,"{""2"": 21, ""3"": 23, ""4"": 22}",8.149028662687313,8.14893721023942,64.72271944465017,1e-05,True,40,development_isotonic_frozen
s0-i13,held_out,0,structural,subset_beam_32,1,0.15,76993f31911749ca,"[[0, 1, 2, 3, 4, 5, 6, 7, 8, 9, 10, 11]]",4.8945686971641535,-0.0,0.0,-0.8036686225398636,,0.0,8.149028662687313,8.149028662687313,4.8945686971641535,-0.1428686363931848,-2.80355463829018,"{""2"": 21, ""3"": 23, ""4"": 22}",8.149028662687313,8.14893721023942,64.72271944465017,1e-05,True,40,development_isotonic_frozen
s0-i13,held_out,0,structural,saps_diagonal,1,0.15,76993f31911749ca,"[[0, 1, 2, 3, 4, 5, 6, 7, 8, 9, 10, 11]]",4.8945686971641535,-0.0,0.0,-0.8036686225398636,,0.0,8.149028662687313,8.149028662687313,4.8945686971641535,-0.1428686363931848,-2.80355463829018,"{""2"": 21, ""3"": 23, ""4"": 22}",8.149028662687313,8.14893721023942,64.72271944465017,1e-05,True,40,development_isotonic_frozen
s0-i13,held_out,0,structural,p_saps_residualized,1,0.15,76993f31911749ca,"[[0, 1, 2, 3, 4, 5, 6, 7, 8, 9, 10, 11]]",4.8945686971641535,-0.0,0.0,-0.8036686225398636,,0.0,8.149028662687313,8.149028662687313,4.8945686971641535,-0.1428686363931848,-2.80355463829018,"{""2"": 21, ""3"": 23, ""4"": 22}",8.149028662687313,8.14893721023942,64.72271944465017,1e-05,True,40,development_isotonic_frozen
s0-i13,held_out,0,structural,p_saps_projection,1,0.15,76993f31911749ca,"[[0, 1, 2, 3, 4, 5, 6, 7, 8, 9, 10, 11]]",4.8945686971641535,-0.0,0.0,-0.8036686225398636,,0.0,8.149028662687313,8.149028662687313,4.8945686971641535,-0.1428686363931848,-2.80355463829018,"{""2"": 21, ""3"": 23, ""4"": 22}",8.149028662687313,8.14893721023942,64.72271944465017,1e-05,True,40,development_isotonic_frozen
s0-i13,held_out,0,structural,b_saps_budgeted,1,0.15,76993f31911749ca,"[[0, 1, 2, 3, 4, 5, 6, 7, 8, 9, 10, 11]]",4.8945686971641535,-0.0,0.0,-0.8036686225398636,,0.0,8.149028662687313,8.149028662687313,4.8945686971641535,-0.1428686363931848,-2.80355463829018,"{""2"": 21, ""3"": 23, ""4"": 22}",8.149028662687313,8.14893721023942,64.72271944465017,1e-05,True,40,development_isotonic_frozen
s0-i13,held_out,0,structural,random_balanced,2,0.01,5fbae8df4ce16e25,"[[0, 2, 4, 5, 7, 11], [1, 3, 6, 8, 9, 10]]",1.9931547043515596,-0.2355620579115146,0.5837978731293116,-0.2552056425960108,,26.0,8.403477679009384,8.403477679009384,1.951539386348615,-0.15571993520085906,0.0,"{""1"": 26, ""2"": 28, ""3"": 11, ""4"": 1}",8.403477679009384,8.403426839769976,53.70106874645129,1e-05,True,40,development_isotonic_frozen
s0-i13,held_out,0,structural,confidence,2,0.01,8306fab64adb227b,"[[3, 5, 6, 7, 9, 11], [0, 1, 2, 4, 8, 10]]",1.9931547043515596,-0.18526357159175402,0.6314974169020224,-0.49762434942794137,,26.0,7.916936396788385,7.916936396788385,1.8792601498171848,-0.10144934723735416,3.5752661357905424,"{""2"": 26, ""3"": 12, ""4"": 2, ""1"": 26}",7.916936396788385,7.916776425916339,52.33358332994475,1e-05,True,40,development_isotonic_frozen
s0-i13,held_out,0,structural,entropy,2,0.01,0bfd1b37e5110a97,"[[3, 4, 5, 7, 9, 11], [0, 1, 2, 6, 8, 10]]",1.9931547043515596,-0.1891880603213195,0.6431150843708976,-0.4118255975919023,,28.0,8.101799221428157,8.101799221428157,2.05995824114576,0.0,4.937196814994367,"{""2"": 29, ""3"": 8, ""4"": 1, ""1"": 28}",8.101799221428157,8.101378802742072,43.4955597357201,1e-05,True,40,development_isotonic_frozen
s0-i13,held_out,0,structural,dependency_cmi,2,0.01,7cf33f9edaf3686f,"[[0, 4, 6, 7, 8, 11], [1, 2, 3, 5, 9, 10]]",1.9931547043515596,-0.2404492144726689,0.5640901132681305,-0.11912773759154827,,23.0,5.349788127825503,5.349788127825503,2.0960978594114756,0.0,-2.0188785409328505,"{""1"": 23, ""2"": 35, ""3"": 8}",5.349788127825503,5.349695730471929,50.23224692817888,1e-05,True,40,development_isotonic_frozen
s0-i13,held_out,0,structural,min_within_batch_tc,2,0.01,5572351b93e32bd2,"[[0, 6, 7, 8, 9, 11], [1, 2, 3, 4, 5, 10]]",1.9931547043515596,-0.21628972520092912,0.5850625197907792,-0.3589814524132251,,18.0,5.565874897787067,5.565874897787067,1.6985620584886094,0.0,-3.5752661357905424,"{""1"": 18, ""2"": 29, ""3"": 15, ""4"": 4}",5.565874897787067,5.565848228383279,52.296261396824015,1e-05,True,40,development_isotonic_frozen
s0-i13,held_out,0,structural,dprm_myopic,2,0.01,269b88ae473964d9,"[[0, 1, 7, 8, 9, 11], [2, 3, 4, 5, 6, 10]]",1.9931547043515596,-0.22882445489266234,0.5775762180060617,-0.3688089963672214,,27.0,3.884525094264541,3.884525094264541,1.9876790046143302,0.0,-5.1316537306482335,"{""2"": 28, ""1"": 27, ""3"": 9, ""4"": 2}",3.884525094264541,3.884497671272805,49.824957344420724,1e-05,True,40,development_isotonic_frozen
s0-i13,held_out,0,structural,dprm_rollout,2,0.01,b83de83e736b3415,"[[3, 4, 5, 7, 8, 10], [0, 1, 2, 6, 9, 11]]",1.9931547043515596,-0.2420037358493233,0.5661622442382584,-0.4662261961856654,,30.0,9.1448342435278,9.1448342435278,1.9876790046143302,-0.43320852020982037,-3.5752661357905424,"{""2"": 25, ""3"": 10, ""4"": 1, ""1"": 30}",9.1448342435278,9.144657046887847,45.72954881566293,1e-05,True,40,development_isotonic_frozen
s0-i13,held_out,0,structural,subset_exact,2,0.01,8861baaa01b52168,"[[2, 5, 6, 7, 9, 10], [0, 1, 3, 4, 8, 11]]",1.9931547043515596,-0.22866673086838687,0.5600590825642626,-0.42065607465673127,,25.0,6.570078444763309,6.570078444763309,1.7708412950200396,0.0,0.0,"{""2"": 24, ""3"": 15, ""4"": 2, ""1"": 25}",6.570078444763309,6.570020235180008,51.83016150474867,1e-05,True,40,development_isotonic_frozen
s0-i13,held_out,0,structural,subset_beam_8,2,0.01,371d35af448623d5,"[[0, 1, 2, 4, 5, 6], [3, 7, 8, 9, 10, 11]]",1.9931547043515596,-0.28087868692769713,0.5169900359535999,-0.47269970663043226,,25.0,10.427379277454438,10.427379277454438,1.8069809132857546,0.0,1.3619306792038253,"{""2"": 25, ""3"": 11, ""1"": 25, ""4"": 5}",10.427379277454438,10.427321079174638,42.72779049028797,1e-05,True,40,development_isotonic_frozen
s0-i13,held_out,0,structural,subset_beam_32,2,0.01,a9af0d9a7f3c03a0,"[[2, 4, 5, 6, 9, 11], [0, 1, 3, 7, 8, 10]]",1.9931547043515596,-0.22667064360534636,0.5858335090420603,-0.4749232766555557,,22.0,8.02555332141279,8.02555332141279,1.8069809132857546,0.0,0.0,"{""2"": 28, ""3"": 13, ""4"": 3, ""1"": 22}",8.02555332141279,8.013524206887679,49.2913128027682,1e-05,True,40,development_isotonic_frozen
s0-i13,held_out,0,structural,saps_diagonal,2,0.01,4af9e89f91dc49aa,"[[1, 2, 4, 5, 7, 8], [0, 3, 6, 9, 10, 11]]",1.9931547043515596,-0.2660963028146153,0.5349769023950847,-0.16894927128558423,,40.0,10.920915564951805,10.920915564951805,2.312935569005766,0.0,-3.5752661357905424,"{""1"": 40, ""2"": 24, ""3"": 2}",10.920915564951805,10.91965949898098,33.36528930163182,1e-05,True,40,development_isotonic_frozen
s0-i13,held_out,0,structural,p_saps_residualized,2,0.01,d29231169636b3ff,"[[1, 3, 4, 5, 8, 11], [0, 2, 6, 7, 9, 10]]",1.9931547043515596,-0.24861788954845052,0.5728327014624637,-0.4425486312412024,,28.0,5.160746688459194,5.160746688459194,2.0960978594114756,-1.2726895526595998,-2.2133354565867167,"{""1"": 28, ""2"": 30, ""3"": 7, ""4"": 1}",5.160746688459194,5.160344542048243,39.071034261752345,1e-05,True,80,development_isotonic_frozen
s0-i13,held_out,0,structural,p_saps_projection,2,0.01,4af9e89f91dc49aa,"[[1, 2, 4, 5, 7, 8], [0, 3, 6, 9, 10, 11]]",1.9931547043515596,-0.2660963028146153,0.5349769023950847,-0.16894927128558423,,40.0,10.920915564951805,10.920915564951805,2.312935569005766,0.0,-3.5752661357905424,"{""1"": 40, ""2"": 24, ""3"": 2}",10.920915564951805,10.91965949898098,33.36528930163182,1e-05,True,640,development_isotonic_frozen
s0-i13,held_out,0,structural,b_saps_budgeted,2,0.01,8455c7a8a5cae77a,"[[1, 2, 4, 7, 8, 11], [0, 3, 5, 6, 9, 10]]",1.9931547043515596,-0.25833188020677184,0.5532934219111115,-0.14459972755616998,,33.0,8.23533408597234,8.23533408597234,2.349075187271481,0.0,-2.2133354565867167,"{""1"": 33, ""2"": 32, ""3"": 1}",8.23533408597234,8.235229077680359,36.285882139029184,1e-05,True,40,development_isotonic_frozen
s0-i13,held_out,0,structural,random_balanced,2,0.05,5fbae8df4ce16e25,"[[0, 2, 4, 5, 7, 11], [1, 3, 6, 8, 9, 10]]",5.200661158638015,-0.2355620579115146,0.5837978731293116,-0.2552056425960108,,26.0,8.403477679009384,8.403477679009384,5.101223408125565,-0.012861102926658383,2.089036491213258,"{""1"": 26, ""2"": 28, ""3"": 11, ""4"": 1}",8.403477679009384,8.403426839769976,53.70106874645129,1e-05,True,40,development_isotonic_frozen
s0-i13,held_out,0,structural,confidence,2,0.05,8306fab64adb227b,"[[3, 5, 6, 7, 9, 11], [0, 1, 2, 4, 8, 10]]",5.200661158638015,-0.18526357159175402,0.6314974169020224,-0.49762434942794137,,26.0,7.916936396788385,7.916936396788385,4.937456884461937,0.0,1.352844374405142,"{""2"": 26, ""3"": 12, ""4"": 2, ""1"": 26}",7.916936396788385,7.916776425916339,52.33358332994475,1e-05,True,40,development_isotonic_frozen
s0-i13,held_out,0,structural,entropy,2,0.05,0bfd1b37e5110a97,"[[3, 4, 5, 7, 9, 11], [0, 1, 2, 6, 8, 10]]",5.200661158638015,-0.1891880603213195,0.6431150843708976,-0.4118255975919023,,28.0,8.101799221428157,8.101799221428157,5.399144522021592,0.5277493460522544,1.352844374405142,"{""2"": 29, ""3"": 8, ""4"": 1, ""1"": 28}",8.101799221428157,8.101378802742072,43.4955597357201,1e-05,True,40,development_isotonic_frozen
s0-i13,held_out,0,structural,dependency_cmi,2,0.05,7cf33f9edaf3686f,"[[0, 4, 6, 7, 8, 11], [1, 2, 3, 5, 9, 10]]",5.200661158638015,-0.2404492144726689,0.5640901132681305,-0.11912773759154827,,23.0,5.349788127825503,5.349788127825503,5.350349462851948,0.0,0.0,"{""1"": 23, ""2"": 35, ""3"": 8}",5.349788127825503,5.349695730471929,50.23224692817888,1e-05,True,40,development_isotonic_frozen
s0-i13,held_out,0,structural,min_within_batch_tc,2,0.05,5572351b93e32bd2,"[[0, 6, 7, 8, 9, 11], [1, 2, 3, 4, 5, 10]]",5.200661158638015,-0.21628972520092912,0.5850625197907792,-0.3589814524132251,,18.0,5.565874897787067,5.565874897787067,4.3189552617005305,0.148662642927327,0.9460198584647483,"{""1"": 18, ""2"": 29, ""3"": 15, ""4"": 4}",5.565874897787067,5.565848228383279,52.296261396824015,1e-05,True,40,development_isotonic_frozen
s0-i13,held_out,0,structural,dprm_myopic,2,0.05,269b88ae473964d9,"[[0, 1, 7, 8, 9, 11], [2, 3, 4, 5, 6, 10]]",5.200661158638015,-0.22882445489266234,0.5775762180060617,-0.3688089963672214,,27.0,3.884525094264541,3.884525094264541,5.209242334157672,0.7973985302508642,-1.3528443744051422,"{""2"": 28, ""1"": 27, ""3"": 9, ""4"": 2}",3.884525094264541,3.884497671272805,49.824957344420724,1e-05,True,40,development_isotonic_frozen
s0-i13,held_out,0,structural,dprm_rollout,2,0.05,3326906722d10d2e,"[[0, 1, 4, 7, 10, 11], [2, 3, 5, 6, 8, 9]]",5.200661158638015,-0.2522485911816467,0.553227283345225,-0.5200209354705082,,23.0,9.044782938772748,9.044782938772748,5.268466201020134,-1.4148741484127405,0.278794089007286,"{""2"": 34, ""1"": 23, ""3"": 8, ""4"": 1}",9.044782938772748,9.044697037425946,46.62114272240108,1e-05,True,40,development_isotonic_frozen
s0-i13,held_out,0,structural,subset_exact,2,0.05,027b4dd8078d9faf,"[[0, 3, 4, 6, 8, 9], [1, 2, 5, 7, 10, 11]]",5.200661158638015,-0.24470859267215492,0.569386067935669,-0.21476533026760233,,33.0,7.887991420188747,7.887991420188747,5.939239152182123,0.0,0.0,"{""1"": 33, ""2"": 29, ""3"": 4}",7.887991420188747,7.887923424496247,51.67672811344237,1e-05,True,40,development_isotonic_frozen
s0-i13,held_out,0,structural,subset_beam_8,2,0.05,e30b34148f4a429e,"[[2, 4, 5, 6, 8, 9], [0, 1, 3, 7, 10, 11]]",5.200661158638015,-0.25092192902814486,0.548804174287175,-0.37127004035997424,,28.0,7.443777432111631,7.443777432111631,5.3172612601897775,0.0,2.2988642328698905,"{""2"": 28, ""3"": 9, ""4"": 1, ""1"": 28}",7.443777432111631,7.427816800762413,48.61589573628614,1e-05,True,40,development_isotonic_frozen
s0-i13,held_out,0,structural,subset_beam_32,2,0.05,e30b34148f4a429e,"[[2, 4, 5, 6, 8, 9], [0, 1, 3, 7, 10, 11]]",5.200661158638015,-0.25092192902814486,0.548804174287175,-0.37127004035997424,,28.0,7.443777432111631,7.443777432111631,5.3172612601897775,0.0,2.2988642328698905,"{""2"": 28, ""3"": 9, ""4"": 1, ""1"": 28}",7.443777432111631,7.427816800762413,48.61589573628614,1e-05,True,40,development_isotonic_frozen
s0-i13,held_out,0,structural,saps_diagonal,2,0.05,4af9e89f91dc49aa,"[[1, 2, 4, 5, 7, 8], [0, 3, 6, 9, 10, 11]]",5.200661158638015,-0.2660963028146153,0.5349769023950847,-0.16894927128558423,,40.0,10.920915564951805,10.920915564951805,6.285955325247793,0.48333731006504455,1.3528443744051422,"{""1"": 40, ""2"": 24, ""3"": 2}",10.920915564951805,10.91965949898098,33.36528930163182,1e-05,True,40,development_isotonic_frozen
s0-i13,held_out,0,structural,p_saps_residualized,2,0.05,d29231169636b3ff,"[[1, 3, 4, 5, 8, 11], [0, 2, 6, 7, 9, 10]]",5.200661158638015,-0.24861788954845052,0.5728327014624637,-0.4425486312412024,,28.0,5.160746688459194,5.160746688459194,5.481027783853406,-1.1721185262447005,1.3528443744051422,"{""1"": 28, ""2"": 30, ""3"": 7, ""4"": 1}",5.160746688459194,5.160344542048243,39.071034261752345,1e-05,True,80,development_isotonic_frozen
s0-i13,held_out,0,structural,p_saps_projection,2,0.05,4af9e89f91dc49aa,"[[1, 2, 4, 5, 7, 8], [0, 3, 6, 9, 10, 11]]",5.200661158638015,-0.2660963028146153,0.5349769023950847,-0.16894927128558423,,40.0,10.920915564951805,10.920915564951805,6.285955325247793,0.48333731006504455,1.3528443744051422,"{""1"": 40, ""2"": 24, ""3"": 2}",10.920915564951805,10.91965949898098,33.36528930163182,1e-05,True,640,development_isotonic_frozen
s0-i13,held_out,0,structural,b_saps_budgeted,2,0.05,4af9e89f91dc49aa,"[[1, 2, 4, 5, 7, 8], [0, 3, 6, 9, 10, 11]]",5.200661158638015,-0.2660963028146153,0.5349769023950847,-0.16894927128558423,,40.0,10.920915564951805,10.920915564951805,6.285955325247793,0.48333731006504455,1.3528443744051422,"{""1"": 40, ""2"": 24, ""3"": 2}",10.920915564951805,10.91965949898098,33.36528930163182,1e-05,True,40,development_isotonic_frozen
s0-i13,held_out,0,structural,random_balanced,2,0.15,5fbae8df4ce16e25,"[[0, 2, 4, 5, 7, 11], [1, 3, 6, 8, 9, 10]]",11.475190495451809,-0.2355620579115146,0.5837978731293116,-0.2552056425960108,,26.0,8.403477679009384,8.403477679009384,11.2533061757225,-0.2445921604854703,3.3966623057538436,"{""1"": 26, ""2"": 28, ""3"": 11, ""4"": 1}",8.403477679009384,8.403426839769976,53.70106874645129,1e-05,True,40,development_isotonic_frozen
s0-i13,held_out,0,structural,confidence,2,0.15,8306fab64adb227b,"[[3, 5, 6, 7, 9, 11], [0, 1, 2, 4, 8, 10]]",11.475190495451809,-0.18526357159175402,0.6314974169020224,-0.49762434942794137,,26.0,7.916936396788385,7.916936396788385,10.867928146718965,-1.0891867147844678,-5.901508821763584,"{""2"": 26, ""3"": 12, ""4"": 2, ""1"": 26}",7.916936396788385,7.916776425916339,52.33358332994475,1e-05,True,40,development_isotonic_frozen
s0-i13,held_out,0,structural,entropy,2,0.15,0bfd1b37e5110a97,"[[3, 4, 5, 7, 9, 11], [0, 1, 2, 6, 8, 10]]",11.475190495451809,-0.1891880603213195,0.6431150843708976,-0.4118255975919023,,28.0,8.101799221428157,8.101799221428157,11.831373219227805,-0.6769655147267422,-1.2437591397443735,"{""2"": 29, ""3"": 8, ""4"": 1, ""1"": 28}",8.101799221428157,8.101378802742072,43.4955597357201,1e-05,True,40,development_isotonic_frozen
s0-i13,held_out,0,structural,dependency_cmi,2,0.15,7cf33f9edaf3686f,"[[0, 4, 6, 7, 8, 11], [1, 2, 3, 5, 9, 10]]",11.475190495451809,-0.2404492144726689,0.5640901132681305,-0.11912773759154827,,23.0,5.349788127825503,5.349788127825503,12.024062233729573,-0.5228182904069643,6.177744624737818,"{""1"": 23, ""2"": 35, ""3"": 8}",5.349788127825503,5.349695730471929,50.23224692817888,1e-05,True,40,development_isotonic_frozen
s0-i13,held_out,0,structural,min_within_batch_tc,2,0.15,5572351b93e32bd2,"[[0, 6, 7, 8, 9, 11], [1, 2, 3, 4, 5, 10]]",11.475190495451809,-0.21628972520092912,0.5850625197907792,-0.3589814524132251,,18.0,5.565874897787067,5.565874897787067,9.904483074210123,1.0985807542883443,2.3840679127099005,"{""1"": 18, ""2"": 29, ""3"": 15, ""4"": 4}",5.565874897787067,5.565848228383279,52.296261396824015,1e-05,True,40,development_isotonic_frozen
s0-i13,held_out,0,structural,dprm_myopic,2,0.15,269b88ae473964d9,"[[0, 1, 7, 8, 9, 11], [2, 3, 4, 5, 6, 10]]",11.475190495451809,-0.22882445489266234,0.5775762180060617,-0.3688089963672214,,27.0,3.884525094264541,3.884525094264541,11.445995190224268,-2.445413895572601,3.72511531057969,"{""2"": 28, ""1"": 27, ""3"": 9, ""4"": 2}",3.884525094264541,3.884497671272805,49.824957344420724,1e-05,True,40,development_isotonic_frozen
s0-i13,held_out,0,structural,dprm_rollout,2,0.15,5ee71abbdde03558,"[[1, 4, 6, 7, 9, 11], [0, 2, 3, 5, 8, 10]]",11.475190495451809,-0.21743243086501043,0.5888454545283545,-0.27018632301053724,,29.0,9.098366003232744,9.098366003232744,12.21675124823134,-0.1505532403514109,0.8136213445196863,"{""1"": 29, ""2"": 30, ""3"": 7}",9.098366003232744,9.09829046141428,41.85191806458238,1e-05,True,40,development_isotonic_frozen
s0-i13,held_out,0,structural,subset_exact,2,0.15,6239a3b83de82ec0,"[[0, 2, 5, 7, 10, 11], [1, 3, 4, 6, 8, 9]]",11.475190495451809,-0.23996695874498006,0.5648467742742066,-0.3844310959136556,,18.0,7.58955007113494,7.58955007113494,10.675239132217197,0.0,5.409228841035648,"{""1"": 18, ""2"": 33, ""3"": 12, ""4"": 3}",7.58955007113494,7.589458749530489,53.14771768579916,1e-05,True,40,development_isotonic_frozen
s0-i13,held_out,0,structural,subset_beam_8,2,0.15,16751afc4b6f5df1,"[[0, 1, 3, 5, 10, 11], [2, 4, 6, 7, 8, 9]]",11.475190495451809,-0.25020981804756065,0.5621438400500247,-0.34707783940787723,,30.0,9.33822471458635,9.33822471458635,12.21675124823134,0.5151622175225485,-1.8384399120727597,"{""2"": 29, ""1"": 30, ""3"": 6, ""4"": 1}",9.33822471458635,9.337403380648258,51.28033907918799,1e-05,True,40,development_isotonic_frozen
s0-i13,held_out,0,structural,subset_beam_32,2,0.15,16751afc4b6f5df1,"[[0, 1, 3, 5, 10, 11], [2, 4, 6, 7, 8, 9]]",11.475190495451809,-0.25020981804756065,0.5621438400500247,-0.34707783940787723,,30.0,9.33822471458635,9.33822471458635,12.21675124823134,0.5151622175225485,-1.8384399120727597,"{""2"": 29, ""1"": 30, ""3"": 6, ""4"": 1}",9.33822471458635,9.337403380648258,51.28033907918799,1e-05,True,40,development_isotonic_frozen
s0-i13,held_out,0,structural,saps_diagonal,2,0.15,4af9e89f91dc49aa,"[[1, 2, 4, 5, 7, 8], [0, 3, 6, 9, 10, 11]]",11.475190495451809,-0.2660963028146153,0.5349769023950847,-0.16894927128558423,,40.0,10.920915564951805,10.920915564951805,13.180196320740182,-0.5956024139293958,7.144278450376221,"{""1"": 40, ""2"": 24, ""3"": 2}",10.920915564951805,10.91965949898098,33.36528930163182,1e-05,True,40,development_isotonic_frozen
s0-i13,held_out,0,structural,p_saps_residualized,2,0.15,d29231169636b3ff,"[[1, 3, 4, 5, 8, 11], [0, 2, 6, 7, 9, 10]]",11.475190495451809,-0.24861788954845052,0.5728327014624637,-0.4425486312412024,,28.0,5.160746688459194,5.160746688459194,12.024062233729573,0.8759348465188626,-3.202947064283987,"{""1"": 28, ""2"": 30, ""3"": 7, ""4"": 1}",5.160746688459194,5.160344542048243,39.071034261752345,1e-05,True,80,development_isotonic_frozen
s0-i13,held_out,0,structural,p_saps_projection,2,0.15,4af9e89f91dc49aa,"[[1, 2, 4, 5, 7, 8], [0, 3, 6, 9, 10, 11]]",11.475190495451809,-0.2660963028146153,0.5349769023950847,-0.16894927128558423,,40.0,10.920915564951805,10.920915564951805,13.180196320740182,-0.5956024139293958,7.144278450376221,"{""1"": 40, ""2"": 24, ""3"": 2}",10.920915564951805,10.91965949898098,33.36528930163182,1e-05,True,640,development_isotonic_frozen
s0-i13,held_out,0,structural,b_saps_budgeted,2,0.15,8455c7a8a5cae77a,"[[1, 2, 4, 7, 8, 11], [0, 3, 5, 6, 9, 10]]",11.475190495451809,-0.25833188020677184,0.5532934219111115,-0.14459972755616998,,33.0,8.23533408597234,8.23533408597234,13.37288533524195,1.1055715410444744,7.1833305713314,"{""1"": 33, ""2"": 32, ""3"": 1}",8.23533408597234,8.235229077680359,36.285882139029184,1e-05,True,40,development_isotonic_frozen
s0-i13,held_out,0,structural,random_balanced,3,0.01,b7dc5bd7266aebbc,"[[0, 2, 5, 7], [3, 4, 9, 11], [1, 6, 8, 10]]",2.2579595436439814,-0.45386364884551256,1.1875231373414374,-0.14008636274469005,,45.0,8.815328155836944,8.815328155836944,2.349075187271481,0.06311934263214308,4.937196814994367,"{""1"": 45, ""2"": 20, ""3"": 1}",8.815328155836944,8.815195542574884,38.09701676333731,1e-05,True,40,development_isotonic_frozen
s0-i13,held_out,0,structural,confidence,3,0.01,1747b55b72e3ee17,"[[3, 7, 9, 11], [0, 4, 5, 6], [1, 2, 8, 10]]",2.2579595436439814,-0.3881255223936733,1.2641619234767276,-0.09204326068553238,,41.0,6.766794418456083,6.766794418456083,2.276795950740051,0.0,4.937196814994367,"{""1"": 41, ""2"": 22, ""3"": 3}",6.766794418456083,6.766770612697118,52.233954198179866,1e-05,True,40,development_isotonic_frozen
s0-i13,held_out,0,structural,entropy,3,0.01,571db5bd7a290c61,"[[3, 7, 9, 11], [0, 2, 4, 5], [1, 6, 8, 10]]",2.2579595436439814,-0.3997252286474741,1.2651568680990504,-0.15460097139393308,,43.0,7.422608127049783,7.422608127049783,2.276795950740051,0.0,4.937196814994367,"{""1"": 43, ""2"": 20, ""3"": 3}",7.422608127049783,7.422526636674473,43.2927005339842,1e-05,True,40,development_isotonic_frozen
s0-i13,held_out,0,structural,dependency_cmi,3,0.01,7effe2644a957500,"[[4, 6, 8, 11], [1, 5, 7, 9], [0, 2, 3, 10]]",2.2579595436439814,-0.47086785385030305,1.133180138460485,-0.0544247528024925,,41.0,3.7366954504283925,3.7366954504283925,2.349075187271481,0.0,-2.2133354565867167,"{""1"": 41, ""2"": 24, ""3"": 1}",3.7366954504283925,3.7366808649438776,47.09558755464708,1e-05,True,40,development_isotonic_frozen
s0-i13,held_out,0,structural,min_within_batch_tc,3,0.01,fe7614a4e11c882a,"[[6, 8, 9, 11], [0, 5, 7, 10], [1, 2, 3, 4]]",2.2579595436439814,-0.4448303059317265,1.14699308210737,-0.16524792493963958,,31.0,6.470081605556219,6.470081605556219,1.9876790046143302,0.18397234166996895,-0.6722406492451831,"{""1"": 31, ""2"": 24, ""3"": 10, ""4"": 1}",6.470081605556219,6.469966651254767,51.98584601918482,1e-05,True,40,development_isotonic_frozen
s0-i13,held_out,0,structural,dprm_myopic,3,0.01,7335c4121e53ad44,"[[1, 2, 7, 8], [0, 4, 5, 10], [3, 6, 9, 11]]",2.2579595436439814,-0.5502713969432959,1.0405521281388719,-0.15576715023716173,,50.0,4.591840382025404,4.591840382025404,2.349075187271481,0.0,-3.5752661357905424,"{""1"": 50, ""2"": 15, ""3"": 1}",4.591840382025404,4.5916416361311825,31.501306074249737,1e-05,True,40,development_isotonic_frozen
s0-i13,held_out,0,structural,dprm_rollout,3,0.01,0ed0d5b882b3ef70,"[[1, 2, 6, 11], [0, 3, 5, 10], [4, 7, 8, 9]]",2.2579595436439814,-0.5247475296802185,1.0825223384784748,-0.17732104026160844,,41.0,7.723520318032623,7.723520318032623,2.276795950740051,-0.06390354915604943,3.5752661357905415,"{""1"": 41, ""2"": 22, ""3"": 3}",7.723520318032623,7.723457747198929,44.14718397349496,1e-05,True,40,development_isotonic_frozen
s0-i13,held_out,0,structural,subset_exact,3,0.01,4ea1211480b29a15,"[[2, 4, 5, 6], [3, 7, 9, 11], [0, 1, 8, 10]]",2.2579595436439814,-0.4628799535996531,1.1642810325369133,-0.28452827412207427,,40.0,7.875295315919931,7.875295315919931,2.240656332474336,0.0,4.937196814994367,"{""2"": 22, ""3"": 4, ""1"": 40}",7.875295315919931,7.815201774217819,43.965902113489754,1e-05,True,40,development_isotonic_frozen
s0-i13,held_out,0,structural,subset_beam_8,3,0.01,58396a33e74a5a62,"[[2, 4, 10, 11], [0, 3, 7, 9], [1, 5, 6, 8]]",2.2579595436439814,-0.4854482005984712,1.1574801114842879,-0.20790735207316557,,48.0,9.378783637603423,9.378783637603423,2.349075187271481,0.0,3.5752661357905424,"{""1"": 48, ""2"": 17, ""3"": 1}",9.378783637603423,9.285286026877035,44.23496094539806,1e-05,True,40,development_isotonic_frozen
s0-i13,held_out,0,structural,subset_beam_32,3,0.01,4ea1211480b29a15,"[[2, 4, 5, 6], [3, 7, 9, 11], [0, 1, 8, 10]]",2.2579595436439814,-0.4628799535996531,1.1642810325369133,-0.28452827412207427,,40.0,7.875295315919931,7.875295315919931,2.240656332474336,0.0,4.937196814994367,"{""2"": 22, ""3"": 4, ""1"": 40}",7.875295315919931,7.815201774217819,43.965902113489754,1e-05,True,40,development_isotonic_frozen
s0-i13,held_out,0,structural,saps_diagonal,3,0.01,82c900766c2fcdc9,"[[2, 4, 5, 7], [0, 3, 8, 10], [1, 6, 9, 11]]",2.2579595436439814,-0.5043520428916508,1.1178826304830494,-0.07316727605171745,,54.0,8.182669815021093,8.182669815021093,2.385214805537196,-0.736411632622954,1.3619306792038253,"{""1"": 54, ""2"": 12}",8.182669815021093,8.182509818279748,42.527293226392004,1e-05,True,40,development_isotonic_frozen
s0-i13,held_out,0,structural,p_saps_residualized,3,0.01,327839a3c8cfe2d5,"[[1, 2, 4, 6], [5, 7, 10, 11], [0, 3, 8, 9]]",2.2579595436439814,-0.5322234439402825,1.062601595531899,-0.34092164260728414,,41.0,5.469663712586016,5.469663712586016,2.349075187271481,0.0,4.937196814994367,"{""1"": 41, ""2"": 24, ""3"": 1}",5.469663712586016,5.469538893991933,40.89038690262933,1e-05,True,80,development_isotonic_frozen
s0-i13,held_out,0,structural,p_saps_projection,3,0.01,c9f22c9415d7117d,"[[4, 6, 9, 11], [2, 3, 7, 10], [0, 1, 5, 8]]",2.2579595436439814,-0.4390323340280342,1.1921033380450947,-0.14805763394512794,,45.0,9.609738766757662,9.609738766757662,2.312935569005766,0.0,4.937196814994367,"{""2"": 19, ""3"": 2, ""1"": 45}",9.609738766757662,9.608646422756626,51.67281252899972,1e-05,True,640,development_isotonic_frozen
s0-i13,held_out,0,structural,b_saps_budgeted,3,0.01,0b9d9ae589bf4f5a,"[[0, 2, 3, 7], [4, 5, 9, 11], [1, 6, 8, 10]]",2.2579595436439814,-0.4529982485318924,1.2047946414176298,-0.2265133790255127,,43.0,8.264063139661198,8.264063139661198,2.385214805537196,0.0,4.937196814994367,"{""1"": 43, ""2"": 23}",8.264063139661198,8.263967021710968,40.09071381825998,1e-05,True,40,development_isotonic_frozen
s0-i13,held_out,0,structural,random_balanced,3,0.05,b7dc5bd7266aebbc,"[[0, 2, 5, 7], [3, 4, 9, 11], [1, 6, 8, 10]]",6.165511861910957,-0.45386364884551256,1.1875231373414374,-0.14008636274469005,,45.0,8.815328155836944,8.815328155836944,6.498516908081066,0.0,2.089036491213258,"{""1"": 45, ""2"": 20, ""3"": 1}",8.815328155836944,8.815195542574884,38.09701676333731,1e-05,True,40,development_isotonic_frozen
s0-i13,held_out,0,structural,confidence,3,0.05,1747b55b72e3ee17,"[[3, 7, 9, 11], [0, 4, 5, 6], [1, 2, 8, 10]]",6.165511861910957,-0.3881255223936733,1.2641619234767276,-0.09204326068553238,,41.0,6.766794418456083,6.766794418456083,6.23020772761627,0.0,-0.956110139978327,"{""1"": 41, ""2"": 22, ""3"": 3}",6.766794418456083,6.766770612697118,52.233954198179866,1e-05,True,40,development_isotonic_frozen
s0-i13,held_out,0,structural,entropy,3,0.05,571db5bd7a290c61,"[[3, 7, 9, 11], [0, 2, 4, 5], [1, 6, 8, 10]]",6.165511861910957,-0.3997252286474741,1.2651568680990504,-0.15460097139393308,,43.0,7.422608127049783,7.422608127049783,6.282479056016854,0.0,-1.234904228985613,"{""1"": 43, ""2"": 20, ""3"": 3}",7.422608127049783,7.422526636674473,43.2927005339842,1e-05,True,40,development_isotonic_frozen
s0-i13,held_out,0,structural,dependency_cmi,3,0.05,7effe2644a957500,"[[4, 6, 8, 11], [1, 5, 7, 9], [0, 2, 3, 10]]",6.165511861910957,-0.47086785385030305,1.133180138460485,-0.0544247528024925,,41.0,3.7366954504283925,3.7366954504283925,6.393974251279899,0.0,0.4573980278008296,"{""1"": 41, ""2"": 24, ""3"": 1}",3.7366954504283925,3.7366808649438776,47.09558755464708,1e-05,True,40,development_isotonic_frozen
s0-i13,held_out,0,structural,min_within_batch_tc,3,0.05,fe7614a4e11c882a,"[[6, 8, 9, 11], [0, 5, 7, 10], [1, 2, 3, 4]]",6.165511861910957,-0.4448303059317265,1.14699308210737,-0.16524792493963958,,31.0,6.470081605556219,6.470081605556219,5.313784990958838,0.0,1.3477915836280703,"{""1"": 31, ""2"": 24, ""3"": 10, ""4"": 1}",6.470081605556219,6.469966651254767,51.98584601918482,1e-05,True,40,development_isotonic_frozen
s0-i13,held_out,0,structural,dprm_myopic,3,0.05,7335c4121e53ad44,"[[1, 2, 7, 8], [0, 4, 5, 10], [3, 6, 9, 11]]",6.165511861910957,-0.5502713969432959,1.0405521281388719,-0.15576715023716173,,50.0,4.591840382025404,4.591840382025404,6.629195229082524,0.0,1.3528443744051417,"{""1"": 50, ""2"": 15, ""3"": 1}",4.591840382025404,4.5916416361311825,31.501306074249737,1e-05,True,40,development_isotonic_frozen
s0-i13,held_out,0,structural,dprm_rollout,3,0.05,28e6846bfc354093,"[[0, 2, 5, 7], [1, 3, 4, 6], [8, 9, 10, 11]]",6.165511861910957,-0.5018199219564323,1.1143743300583528,-0.24240656250510426,,33.0,6.9140943629715865,6.9140943629715865,5.52982284302305,-0.004863838581878688,4.330515010503611,"{""1"": 33, ""2"": 24, ""3"": 8, ""4"": 1}",6.9140943629715865,6.914043383476308,37.083262925564114,1e-05,True,40,development_isotonic_frozen
s0-i13,held_out,0,structural,subset_exact,3,0.05,a063fa4a77f613f0,"[[4, 6, 9, 11], [0, 3, 5, 7], [1, 2, 8, 10]]",6.165511861910957,-0.4179328881534649,1.2175030709944428,-0.11989791350745917,,43.0,9.641130035202131,9.641130035202131,6.528128841512297,0.0,0.0,"{""1"": 43, ""2"": 23}",9.641130035202131,9.637940608989146,41.25289251528763,1e-05,True,40,development_isotonic_frozen
s0-i13,held_out,0,structural,subset_beam_8,3,0.05,1cb869e4cd5c89f5,"[[0, 1, 6, 9], [3, 4, 7, 11], [2, 5, 8, 10]]",6.165511861910957,-0.4679382921649778,1.147389790653097,-0.15262072366552137,,46.0,7.946318426135446,7.946318426135446,6.524652572281357,0.0,0.278794089007286,"{""2"": 19, ""1"": 46, ""3"": 1}",7.946318426135446,7.946279178465522,36.382828884594964,1e-05,True,40,development_isotonic_frozen
s0-i13,held_out,0,structural,subset_beam_32,3,0.05,e40903923cd8d7b6,"[[0, 4, 5, 6], [3, 7, 9, 11], [1, 2, 8, 10]]",6.165511861910957,-0.4521840815149137,1.1709018116815166,-0.09204326068553238,,45.0,10.55583586611148,10.55583586611148,6.498516908081066,0.0,0.8954463466043125,"{""1"": 45, ""2"": 20, ""3"": 1}",10.55583586611148,10.555550550669395,41.763677708072,1e-05,True,40,development_isotonic_frozen
s0-i13,held_out,0,structural,saps_diagonal,3,0.05,82c900766c2fcdc9,"[[2, 4, 5, 7], [0, 3, 8, 10], [1, 6, 9, 11]]",6.165511861910957,-0.5043520428916508,1.1178826304830494,-0.07316727605171745,,54.0,8.182669815021093,8.182669815021093,6.815621147715505,0.0,3.435709331785666,"{""1"": 54, ""2"": 12}",8.182669815021093,8.182509818279748,42.527293226392004,1e-05,True,40,development_isotonic_frozen
s0-i13,held_out,0,structural,p_saps_residualized,3,0.05,327839a3c8cfe2d5,"[[1, 2, 4, 6], [5, 7, 10, 11], [0, 3, 8, 9]]",6.165511861910957,-0.5322234439402825,1.062601595531899,-0.34092164260728414,,41.0,5.469663712586016,5.469663712586016,6.393974251279899,0.37883650634847704,0.0,"{""1"": 41, ""2"": 24, ""3"": 1}",5.469663712586016,5.469538893991933,40.89038690262933,1e-05,True,80,development_isotonic_frozen
s0-i13,held_out,0,structural,p_saps_projection,3,0.05,c9f22c9415d7117d,"[[4, 6, 9, 11], [2, 3, 7, 10], [0, 1, 5, 8]]",6.165511861910957,-0.4390323340280342,1.1921033380450947,-0.14805763394512794,,45.0,9.609738766757662,9.609738766757662,6.4166336462492515,0.0,0.0,"{""2"": 19, ""3"": 2, ""1"": 45}",9.609738766757662,9.608646422756626,51.67281252899972,1e-05,True,640,development_isotonic_frozen
s0-i13,held_out,0,structural,b_saps_budgeted,3,0.05,82c900766c2fcdc9,"[[2, 4, 5, 7], [0, 3, 8, 10], [1, 6, 9, 11]]",6.165511861910957,-0.5043520428916508,1.1178826304830494,-0.07316727605171745,,54.0,8.182669815021093,8.182669815021093,6.815621147715505,0.0,3.435709331785666,"{""1"": 54, ""2"": 12}",8.182669815021093,8.182509818279748,42.527293226392004,1e-05,True,40,development_isotonic_frozen
s0-i13,held_out,0,structural,random_balanced,3,0.15,b7dc5bd7266aebbc,"[[0, 2, 5, 7], [3, 4, 9, 11], [1, 6, 8, 10]]",12.887075456255673,-0.45386364884551256,1.1875231373414374,-0.14008636274469005,,45.0,8.815328155836944,8.815328155836944,13.37288533524195,0.6907449754727889,3.9408454767024264,"{""1"": 45, ""2"": 20, ""3"": 1}",8.815328155836944,8.815195542574884,38.09701676333731,1e-05,True,40,development_isotonic_frozen
s0-i13,held_out,0,structural,confidence,3,0.15,1747b55b72e3ee17,"[[3, 7, 9, 11], [0, 4, 5, 6], [1, 2, 8, 10]]",12.887075456255673,-0.3881255223936733,1.2641619234767276,-0.09204326068553238,,41.0,6.766794418456083,6.766794418456083,12.987507306238413,-0.030915586337297518,0.47955453533811965,"{""1"": 41, ""2"": 22, ""3"": 3}",6.766794418456083,6.766770612697118,52.233954198179866,1e-05,True,40,development_isotonic_frozen
s0-i13,held_out,0,structural,entropy,3,0.15,571db5bd7a290c61,"[[3, 7, 9, 11], [0, 2, 4, 5], [1, 6, 8, 10]]",12.887075456255673,-0.3997252286474741,1.2651568680990504,-0.15460097139393308,,43.0,7.422608127049783,7.422608127049783,12.987507306238413,1.928350943150774,1.721413951147186,"{""1"": 43, ""2"": 20, ""3"": 3}",7.422608127049783,7.422526636674473,43.2927005339842,1e-05,True,40,development_isotonic_frozen
s0-i13,held_out,0,structural,dependency_cmi,3,0.15,7effe2644a957500,"[[4, 6, 8, 11], [1, 5, 7, 9], [0, 2, 3, 10]]",12.887075456255673,-0.47086785385030305,1.133180138460485,-0.0544247528024925,,41.0,3.7366954504283925,3.7366954504283925,13.37288533524195,0.0,2.9700216309741916,"{""1"": 41, ""2"": 24, ""3"": 1}",3.7366954504283925,3.7366808649438776,47.09558755464708,1e-05,True,40,development_isotonic_frozen
s0-i13,held_out,0,structural,min_within_batch_tc,3,0.15,fe7614a4e11c882a,"[[6, 8, 9, 11], [0, 5, 7, 10], [1, 2, 3, 4]]",12.887075456255673,-0.4448303059317265,1.14699308210737,-0.16524792493963958,,31.0,6.470081605556219,6.470081605556219,11.445995190224268,1.469976104145235,0.13306728006068247,"{""1"": 31, ""2"": 24, ""3"": 10, ""4"": 1}",6.470081605556219,6.469966651254767,51.98584601918482,1e-05,True,40,development_isotonic_frozen
s0-i13,held_out,0,structural,dprm_myopic,3,0.15,7335c4121e53ad44,"[[1, 2, 7, 8], [0, 4, 5, 10], [3, 6, 9, 11]]",12.887075456255673,-0.5502713969432959,1.0405521281388719,-0.15576715023716173,,50.0,4.591840382025404,4.591840382025404,13.37288533524195,-0.6285798411754627,4.213308940357209,"{""1"": 50, ""2"": 15, ""3"": 1}",4.591840382025404,4.5916416361311825,31.501306074249737,1e-05,True,40,development_isotonic_frozen
s0-i13,held_out,0,structural,dprm_rollout,3,0.15,030210517c282bae,"[[1, 4, 5, 7], [2, 3, 8, 11], [0, 6, 9, 10]]",12.887075456255673,-0.48805409336984235,1.138015610989741,-0.1619779447186479,,43.0,6.828094726655942,6.828094726655942,13.565574349743716,-0.3269657704071794,0.8317295653691819,"{""1"": 43, ""2"": 23}",6.828094726655942,6.828037708399532,32.51747017382119,1e-05,True,40,development_isotonic_frozen
s0-i13,held_out,0,structural,subset_exact,3,0.15,daeca90639ea4aa1,"[[0, 2, 5, 10], [3, 7, 9, 11], [1, 4, 6, 8]]",12.887075456255673,-0.48419329568944613,1.1349895032159516,-0.24474066628046975,,39.0,7.857149214965075,7.857149214965075,13.180196320740182,1.5181186916484144,1.2510312195358422,"{""1"": 39, ""2"": 25, ""3"": 2}",7.857149214965075,7.857037183236903,47.28672970543934,1e-05,True,40,development_isotonic_frozen
s0-i13,held_out,0,structural,subset_beam_8,3,0.15,daeca90639ea4aa1,"[[0, 2, 5, 10], [3, 7, 9, 11], [1, 4, 6, 8]]",12.887075456255673,-0.48419329568944613,1.1349895032159516,-0.24474066628046975,,39.0,7.857149214965075,7.857149214965075,13.180196320740182,1.5181186916484144,1.2510312195358422,"{""1"": 39, ""2"": 25, ""3"": 2}",7.857149214965075,7.857037183236903,47.28672970543934,1e-05,True,40,development_isotonic_frozen
s0-i13,held_out,0,structural,subset_beam_32,3,0.15,daeca90639ea4aa1,"[[0, 2, 5, 10], [3, 7, 9, 11], [1, 4, 6, 8]]",12.887075456255673,-0.48419329568944613,1.1349895032159516,-0.24474066628046975,,39.0,7.857149214965075,7.857149214965075,13.180196320740182,1.5181186916484144,1.2510312195358422,"{""1"": 39, ""2"": 25, ""3"": 2}",7.857149214965075,7.857037183236903,47.28672970543934,1e-05,True,40,development_isotonic_frozen
s0-i13,held_out,0,structural,saps_diagonal,3,0.15,82c900766c2fcdc9,"[[2, 4, 5, 7], [0, 3, 8, 10], [1, 6, 9, 11]]",12.887075456255673,-0.5043520428916508,1.1178826304830494,-0.07316727605171745,,54.0,8.182669815021093,8.182669815021093,13.565574349743716,-1.7664200090314763,6.138692503782639,"{""1"": 54, ""2"": 12}",8.182669815021093,8.182509818279748,42.527293226392004,1e-05,True,40,development_isotonic_frozen
s0-i13,held_out,0,structural,p_saps_residualized,3,0.15,327839a3c8cfe2d5,"[[1, 2, 4, 6], [5, 7, 10, 11], [0, 3, 8, 9]]",12.887075456255673,-0.5322234439402825,1.062601595531899,-0.34092164260728414,,41.0,5.469663712586016,5.469663712586016,13.37288533524195,2.426723341320133,4.044999762155916,"{""1"": 41, ""2"": 24, ""3"": 1}",5.469663712586016,5.469538893991933,40.89038690262933,1e-05,True,80,development_isotonic_frozen
s0-i13,held_out,0,structural,p_saps_projection,3,0.15,c9f22c9415d7117d,"[[4, 6, 9, 11], [2, 3, 7, 10], [0, 1, 5, 8]]",12.887075456255673,-0.4390323340280342,1.1921033380450947,-0.14805763394512794,,45.0,9.609738766757662,9.609738766757662,13.180196320740182,2.3467670396528755,-1.1474942090374558,"{""2"": 19, ""3"": 2, ""1"": 45}",9.609738766757662,9.608646422756626,51.67281252899972,1e-05,True,640,development_isotonic_frozen
s0-i13,held_out,0,structural,b_saps_budgeted,3,0.15,0b9d9ae589bf4f5a,"[[0, 2, 3, 7], [4, 5, 9, 11], [1, 6, 8, 10]]",12.887075456255673,-0.4529982485318924,1.2047946414176298,-0.2265133790255127,,43.0,8.264063139661198,8.264063139661198,13.565574349743716,0.05119355362112271,-0.2073612991564726,"{""1"": 43, ""2"": 23}",8.264063139661198,8.263967021710968,40.09071381825998,1e-05,True,40,development_isotonic_frozen
s0-i13,held_out,0,structural,random_balanced,4,0.01,3e8efa243a82b7fc,"[[2, 5, 7], [0, 4, 11], [3, 8, 9], [1, 6, 10]]",2.3411901796498706,-0.6922386790913825,1.7630587730280831,-0.0861913801829449,,56.0,8.286431823074707,8.286431823074707,2.385214805537196,0.0,1.3619306792038253,"{""1"": 56, ""2"": 10}",8.286431823074707,8.286046634319385,44.18581196991021,1e-05,True,40,development_isotonic_frozen
s0-i13,held_out,0,structural,confidence,4,0.01,f345889c068bfde5,"[[7, 9, 11], [3, 5, 6], [0, 4, 10], [1, 2, 8]]",2.3411901796498706,-0.5900060041312473,1.856298492925511,-0.15503829129943697,,51.0,5.044612161612423,5.044612161612423,2.385214805537196,0.0,2.01887854093285,"{""1"": 51, ""2"": 15}",5.044612161612423,5.044594998127172,46.16124856330599,1e-05,True,40,development_isotonic_frozen
s0-i13,held_out,0,structural,entropy,4,0.01,64f3da5fb031d8e7,"[[3, 9, 11], [4, 5, 7], [0, 2, 6], [1, 8, 10]]",2.3411901796498706,-0.6065086454162306,1.882022848585797,-0.1903542390502613,,48.0,5.952582716671432,5.952582716671432,2.349075187271481,0.0,2.01887854093285,"{""1"": 48, ""2"": 17, ""3"": 1}",5.952582716671432,5.952028794465252,38.18588964294475,1e-05,True,40,development_isotonic_frozen
s0-i13,held_out,0,structural,dependency_cmi,4,0.01,9dfad8adfecaa3ff,"[[4, 6, 11], [3, 5, 9], [0, 8, 10], [1, 2, 7]]",2.3411901796498706,-0.6799407940206502,1.7642395389712433,-0.005348256571662213,,51.0,5.99614434058575,5.99614434058575,2.385214805537196,0.0,6.49358440985206,"{""1"": 51, ""2"": 15}",5.99614434058575,5.971580633398929,43.72896595645581,1e-05,True,40,development_isotonic_frozen
s0-i13,held_out,0,structural,min_within_batch_tc,4,0.01,5f3eef04688afc09,"[[8, 9, 11], [5, 7, 10], [0, 3, 6], [1, 2, 4]]",2.3411901796498706,-0.6474880096322978,1.7672001643751205,-0.12060429536867426,,43.0,7.537628083167478,7.537628083167478,2.312935569005766,0.0,-5.1316537306482335,"{""1"": 43, ""2"": 21, ""3"": 2}",7.537628083167478,7.537552491351045,52.86235446013408,1e-05,True,40,development_isotonic_frozen
s0-i13,held_out,0,structural,dprm_myopic,4,0.01,8dc489e0695f10d6,"[[1, 2, 6], [4, 10, 11], [5, 7, 8], [0, 3, 9]]",2.3411901796498706,-0.8125555814279569,1.570694814703755,-0.27150014181017973,,50.0,6.6224315273464835,6.6224315273464835,2.349075187271481,0.0,0.0,"{""1"": 50, ""2"": 15, ""3"": 1}",6.6224315273464835,6.622164364824566,44.76563416592706,1e-05,True,40,development_isotonic_frozen
s0-i13,held_out,0,structural,dprm_rollout,4,0.01,3b16c2d7ee225f46,"[[2, 5, 6], [1, 4, 11], [3, 8, 9], [0, 7, 10]]",2.3411901796498706,-0.7575906673942981,1.6607281894169474,-0.3059073199930123,,53.0,6.108836795048819,6.108836795048819,2.349075187271481,0.0,1.3619306792038253,"{""1"": 53, ""2"": 12, ""3"": 1}",6.108836795048819,6.108726379314492,37.652488206507336,1e-05,True,40,development_isotonic_frozen
s0-i13,held_out,0,structural,subset_exact,4,0.01,c2068b0a4b4c6535,"[[4, 5, 9], [3, 7, 11], [0, 6, 10], [1, 2, 8]]",2.3411901796498706,-0.6232147606456587,1.8349682044630837,-0.10480477811765064,,52.0,6.466435152662633,6.466435152662633,2.385214805537196,0.0,4.937196814994367,"{""1"": 52, ""2"": 14}",6.466435152662633,6.4436675957331,44.681205216091726,1e-05,True,40,development_isotonic_frozen
s0-i13,held_out,0,structural,subset_beam_8,4,0.01,c2068b0a4b4c6535,"[[4, 5, 9], [3, 7, 11], [0, 6, 10], [1, 2, 8]]",2.3411901796498706,-0.6232147606456587,1.8349682044630837,-0.10480477811765064,,52.0,6.466435152662633,6.466435152662633,2.385214805537196,0.0,4.937196814994367,"{""1"": 52, ""2"": 14}",6.466435152662633,6.4436675957331,44.681205216091726,1e-05,True,40,development_isotonic_frozen
s0-i13,held_out,0,structural,subset_beam_32,4,0.01,c2068b0a4b4c6535,"[[4, 5, 9], [3, 7, 11], [0, 6, 10], [1, 2, 8]]",2.3411901796498706,-0.6232147606456587,1.8349682044630837,-0.10480477811765064,,52.0,6.466435152662633,6.466435152662633,2.385214805537196,0.0,4.937196814994367,"{""1"": 52, ""2"": 14}",6.466435152662633,6.4436675957331,44.681205216091726,1e-05,True,40,development_isotonic_frozen
s0-i13,held_out,0,structural,saps_diagonal,4,0.01,b1270cc24c94bad5,"[[0, 5, 7], [2, 4, 8], [3, 9, 11], [1, 6, 10]]",2.3411901796498706,-0.7111420284718113,1.7293398278454992,-0.018365540590226243,,62.0,4.875339240445312,4.875339240445312,2.385214805537196,0.0,1.3619306792038253,"{""1"": 62, ""2"": 4}",4.875339240445312,4.875302572557482,45.82473461217443,1e-05,True,40,development_isotonic_frozen
s0-i13,held_out,0,structural,p_saps_residualized,4,0.01,7c1b257705167ae4,"[[4, 6, 8], [3, 5, 10], [0, 2, 7], [1, 9, 11]]",2.3411901796498706,-0.7864336481970026,1.611838907091825,-0.04816289998882744,,56.0,4.555947238252367,4.555947238252367,2.385214805537196,0.0,-3.5752661357905424,"{""1"": 56, ""2"": 10}",4.555947238252367,4.453952251852833,39.29108372431448,1e-05,True,80,development_isotonic_frozen
s0-i13,held_out,0,structural,p_saps_projection,4,0.01,ecc13192118375a6,"[[4, 10, 11], [0, 5, 9], [2, 3, 8], [1, 6, 7]]",2.3411901796498706,-0.7227385701947328,1.7228455389487214,-0.17425369269412422,,50.0,9.635538650757805,9.635538650757805,2.385214805537196,0.0,-5.131653730648234,"{""1"": 50, ""2"": 16}",9.635538650757805,9.385764344702586,44.8561182521273,1e-05,True,640,development_isotonic_frozen
s0-i13,held_out,0,structural,b_saps_budgeted,4,0.01,3e8efa243a82b7fc,"[[2, 5, 7], [0, 4, 11], [3, 8, 9], [1, 6, 10]]",2.3411901796498706,-0.6922386790913825,1.7630587730280831,-0.0861913801829449,,56.0,8.286431823074707,8.286431823074707,2.385214805537196,0.0,1.3619306792038253,"{""1"": 56, ""2"": 10}",8.286431823074707,8.286046634319385,44.18581196991021,1e-05,True,40,development_isotonic_frozen
s0-i13,held_out,0,structural,random_balanced,4,0.05,3e8efa243a82b7fc,"[[2, 5, 7], [0, 4, 11], [3, 8, 9], [1, 6, 10]]",6.562147222051397,-0.6922386790913825,1.7630587730280831,-0.0861913801829449,,56.0,8.286431823074707,8.286431823074707,6.867892476116088,0.0,2.089036491213258,"{""1"": 56, ""2"": 10}",8.286431823074707,8.286046634319385,44.18581196991021,1e-05,True,40,development_isotonic_frozen
s0-i13,held_out,0,structural,confidence,4,0.05,f345889c068bfde5,"[[7, 9, 11], [3, 5, 6], [0, 4, 10], [1, 2, 8]]",6.562147222051397,-0.5900060041312473,1.856298492925511,-0.15503829129943697,,51.0,5.044612161612423,5.044612161612423,6.73721415511463,0.11925918853499784,0.2787940890072864,"{""1"": 51, ""2"": 15}",5.044612161612423,5.044594998127172,46.16124856330599,1e-05,True,40,development_isotonic_frozen
s0-i13,held_out,0,structural,entropy,4,0.05,64f3da5fb031d8e7,"[[3, 9, 11], [4, 5, 7], [0, 2, 6], [1, 8, 10]]",6.562147222051397,-0.6065086454162306,1.882022848585797,-0.1903542390502613,,48.0,5.952582716671432,5.952582716671432,6.57692390068194,0.0,0.0,"{""1"": 48, ""2"": 17, ""3"": 1}",5.952582716671432,5.952028794465252,38.18588964294475,1e-05,True,40,development_isotonic_frozen
s0-i13,held_out,0,structural,dependency_cmi,4,0.05,9dfad8adfecaa3ff,"[[4, 6, 11], [3, 5, 9], [0, 8, 10], [1, 2, 7]]",6.562147222051397,-0.6799407940206502,1.7642395389712433,-0.005348256571662213,,51.0,5.99614434058575,5.99614434058575,6.73721415511463,0.0,1.3477915836280703,"{""1"": 51, ""2"": 15}",5.99614434058575,5.971580633398929,43.72896595645581,1e-05,True,40,development_isotonic_frozen
s0-i13,held_out,0,structural,min_within_batch_tc,4,0.05,5f3eef04688afc09,"[[8, 9, 11], [5, 7, 10], [0, 3, 6], [1, 2, 4]]",6.562147222051397,-0.6474880096322978,1.7672001643751205,-0.12060429536867426,,43.0,7.537628083167478,7.537628083167478,6.364362317848668,0.6333454371097433,-1.352844374405142,"{""1"": 43, ""2"": 21, ""3"": 2}",7.537628083167478,7.537552491351045,52.86235446013408,1e-05,True,40,development_isotonic_frozen
s0-i13,held_out,0,structural,dprm_myopic,4,0.05,8dc489e0695f10d6,"[[1, 2, 6], [4, 10, 11], [5, 7, 8], [0, 3, 9]]",6.562147222051397,-0.8125555814279569,1.570694814703755,-0.27150014181017973,,50.0,6.6224315273464835,6.6224315273464835,6.629195229082524,0.0,0.2787940890072864,"{""1"": 50, ""2"": 15, ""3"": 1}",6.6224315273464835,6.622164364824566,44.76563416592706,1e-05,True,40,development_isotonic_frozen
s0-i13,held_out,0,structural,dprm_rollout,4,0.05,a5bc99fdb573e670,"[[6, 10, 11], [4, 5, 8], [1, 2, 3], [0, 7, 9]]",6.562147222051397,-0.7683800143641735,1.625993850074791,-0.04386155002484082,,47.0,7.553632428033632,7.553632428033632,6.468904974649835,0.0,-0.40506510499836423,"{""1"": 47, ""2"": 17, ""3"": 2}",7.553632428033632,7.53740189990644,37.1815021843762,1e-05,True,40,development_isotonic_frozen
s0-i13,held_out,0,structural,subset_exact,4,0.05,686f1d0ec5cd8b2f,"[[0, 8, 11], [3, 7, 9], [4, 5, 6], [1, 2, 10]]",6.562147222051397,-0.6666268598872175,1.7867767930903729,-0.07895222948345593,,44.0,4.516497225753632,4.516497225753632,6.308614720217145,0.03584932964251382,-0.4573980278008296,"{""1"": 44, ""2"": 19, ""3"": 3}",4.516497225753632,4.5164654517113,49.098377773709764,1e-05,True,40,development_isotonic_frozen
s0-i13,held_out,0,structural,subset_beam_8,4,0.05,686f1d0ec5cd8b2f,"[[0, 8, 11], [3, 7, 9], [4, 5, 6], [1, 2, 10]]",6.562147222051397,-0.6666268598872175,1.7867767930903729,-0.07895222948345593,,44.0,4.516497225753632,4.516497225753632,6.308614720217145,0.03584932964251382,-0.4573980278008296,"{""1"": 44, ""2"": 19, ""3"": 3}",4.516497225753632,4.5164654517113,49.098377773709764,1e-05,True,40,development_isotonic_frozen
s0-i13,held_out,0,structural,subset_beam_32,4,0.05,686f1d0ec5cd8b2f,"[[0, 8, 11], [3, 7, 9], [4, 5, 6], [1, 2, 10]]",6.562147222051397,-0.6666268598872175,1.7867767930903729,-0.07895222948345593,,44.0,4.516497225753632,4.516497225753632,6.308614720217145,0.03584932964251382,-0.4573980278008296,"{""1"": 44, ""2"": 19, ""3"": 3}",4.516497225753632,4.5164654517113,49.098377773709764,1e-05,True,40,development_isotonic_frozen
s0-i13,held_out,0,structural,saps_diagonal,4,0.05,b1270cc24c94bad5,"[[0, 5, 7], [2, 4, 8], [3, 9, 11], [1, 6, 10]]",6.562147222051397,-0.7111420284718113,1.7293398278454992,-0.018365540590226243,,62.0,4.875339240445312,4.875339240445312,7.024706461317837,0.0,1.3528443744051422,"{""1"": 62, ""2"": 4}",4.875339240445312,4.875302572557482,45.82473461217443,1e-05,True,40,development_isotonic_frozen
s0-i13,held_out,0,structural,p_saps_residualized,4,0.05,7c1b257705167ae4,"[[4, 6, 8], [3, 5, 10], [0, 2, 7], [1, 9, 11]]",6.562147222051397,-0.7864336481970026,1.611838907091825,-0.04816289998882744,,56.0,4.555947238252367,4.555947238252367,6.867892476116088,0.0,1.5928422783591443,"{""1"": 56, ""2"": 10}",4.555947238252367,4.453952251852833,39.29108372431448,1e-05,True,80,development_isotonic_frozen
s0-i13,held_out,0,structural,p_saps_projection,4,0.05,ecc13192118375a6,"[[4, 10, 11], [0, 5, 9], [2, 3, 8], [1, 6, 7]]",6.562147222051397,-0.7227385701947328,1.7228455389487214,-0.17425369269412422,,50.0,9.635538650757805,9.635538650757805,6.711078490914338,0.0,-0.4573980278008296,"{""1"": 50, ""2"": 16}",9.635538650757805,9.385764344702586,44.8561182521273,1e-05,True,640,development_isotonic_frozen
s0-i13,held_out,0,structural,b_saps_budgeted,4,0.05,b1270cc24c94bad5,"[[0, 5, 7], [2, 4, 8], [3, 9, 11], [1, 6, 10]]",6.562147222051397,-0.7111420284718113,1.7293398278454992,-0.018365540590226243,,62.0,4.875339240445312,4.875339240445312,7.024706461317837,0.0,1.3528443744051422,"{""1"": 62, ""2"": 4}",4.875339240445312,4.875302572557482,45.82473461217443,1e-05,True,40,development_isotonic_frozen
s0-i13,held_out,0,structural,random_balanced,4,0.15,3e8efa243a82b7fc,"[[2, 5, 7], [0, 4, 11], [3, 8, 9], [1, 6, 10]]",13.33084409571429,-0.6922386790913825,1.7630587730280831,-0.0861913801829449,,56.0,8.286431823074707,8.286431823074707,13.565574349743716,-0.6622906715540964,6.138692503782639,"{""1"": 56, ""2"": 10}",8.286431823074707,8.286046634319385,44.18581196991021,1e-05,True,40,development_isotonic_frozen
s0-i13,held_out,0,structural,confidence,4,0.15,f345889c068bfde5,"[[7, 9, 11], [3, 5, 6], [0, 4, 10], [1, 2, 8]]",13.33084409571429,-0.5900060041312473,1.856298492925511,-0.15503829129943697,,51.0,5.044612161612423,5.044612161612423,13.565574349743716,0.15029937480419475,6.049452081141816,"{""1"": 51, ""2"": 15}",5.044612161612423,5.044594998127172,46.16124856330599,1e-05,True,40,development_isotonic_frozen
s0-i13,held_out,0,structural,entropy,4,0.15,64f3da5fb031d8e7,"[[3, 9, 11], [4, 5, 7], [0, 2, 6], [1, 8, 10]]",13.33084409571429,-0.6065086454162306,1.882022848585797,-0.1903542390502613,,48.0,5.952582716671432,5.952582716671432,13.37288533524195,0.5360986451293828,-1.2437591397443735,"{""1"": 48, ""2"": 17, ""3"": 1}",5.952582716671432,5.952028794465252,38.18588964294475,1e-05,True,40,development_isotonic_frozen
s0-i13,held_out,0,structural,dependency_cmi,4,0.15,9dfad8adfecaa3ff,"[[4, 6, 11], [3, 5, 9], [0, 8, 10], [1, 2, 7]]",13.33084409571429,-0.6799407940206502,1.7642395389712433,-0.005348256571662213,,51.0,5.99614434058575,5.99614434058575,13.565574349743716,-1.5097633739714216,4.0211963146119585,"{""1"": 51, ""2"": 15}",5.99614434058575,5.971580633398929,43.72896595645581,1e-05,True,40,development_isotonic_frozen
s0-i13,held_out,0,structural,min_within_batch_tc,4,0.15,5f3eef04688afc09,"[[8, 9, 11], [5, 7, 10], [0, 3, 6], [1, 2, 4]]",13.33084409571429,-0.6474880096322978,1.7672001643751205,-0.12060429536867426,,43.0,7.537628083167478,7.537628083167478,13.180196320740182,-1.4579906221154837,6.1961230258830415,"{""1"": 43, ""2"": 21, ""3"": 2}",7.537628083167478,7.537552491351045,52.86235446013408,1e-05,True,40,development_isotonic_frozen
s0-i13,held_out,0,structural,dprm_myopic,4,0.15,8dc489e0695f10d6,"[[1, 2, 6], [4, 10, 11], [5, 7, 8], [0, 3, 9]]",13.33084409571429,-0.8125555814279569,1.570694814703755,-0.27150014181017973,,50.0,6.6224315273464835,6.6224315273464835,13.37288533524195,0.0,4.22855761376843,"{""1"": 50, ""2"": 15, ""3"": 1}",6.6224315273464835,6.622164364824566,44.76563416592706,1e-05,True,40,development_isotonic_frozen
s0-i13,held_out,0,structural,dprm_rollout,4,0.15,9d8f2552a298f90b,"[[6, 7, 11], [4, 5, 9], [0, 2, 3], [1, 8, 10]]",13.33084409571429,-0.6257233306765458,1.811627046344406,-0.103357073113103,,45.0,6.407749776777292,6.407749776777292,13.565574349743716,-0.11355384674884063,-1.4164960067954961,"{""1"": 45, ""2"": 21}",6.407749776777292,6.396964292585945,45.90309075145929,1e-05,True,40,development_isotonic_frozen
s0-i13,held_out,0,structural,subset_exact,4,0.15,794a9571100670d3,"[[2, 5, 6], [7, 9, 11], [0, 3, 4], [1, 8, 10]]",13.33084409571429,-0.6703580335098626,1.7574336447199987,-0.19655384085283747,,48.0,5.632680704772815,5.632680704772815,13.37288533524195,0.22965150798383427,7.0366596265901755,"{""1"": 48, ""2"": 17, ""3"": 1}",5.632680704772815,5.623696751037528,42.95819900877016,1e-05,True,40,development_isotonic_frozen
s0-i13,held_out,0,structural,subset_beam_8,4,0.15,794a9571100670d3,"[[2, 5, 6], [7, 9, 11], [0, 3, 4], [1, 8, 10]]",13.33084409571429,-0.6703580335098626,1.7574336447199987,-0.19655384085283747,,48.0,5.632680704772815,5.632680704772815,13.37288533524195,0.22965150798383427,7.0366596265901755,"{""1"": 48, ""2"": 17, ""3"": 1}",5.632680704772815,5.623696751037528,42.95819900877016,1e-05,True,40,development_isotonic_frozen
s0-i13,held_out,0,structural,subset_beam_32,4,0.15,794a9571100670d3,"[[2, 5, 6], [7, 9, 11], [0, 3, 4], [1, 8, 10]]",13.33084409571429,-0.6703580335098626,1.7574336447199987,-0.19655384085283747,,48.0,5.632680704772815,5.632680704772815,13.37288533524195,0.22965150798383427,7.0366596265901755,"{""1"": 48, ""2"": 17, ""3"": 1}",5.632680704772815,5.623696751037528,42.95819900877016,1e-05,True,40,development_isotonic_frozen
s0-i13,held_out,0,structural,saps_diagonal,4,0.15,b1270cc24c94bad5,"[[0, 5, 7], [2, 4, 8], [3, 9, 11], [1, 6, 10]]",13.33084409571429,-0.7111420284718113,1.7293398278454992,-0.018365540590226243,,62.0,4.875339240445312,4.875339240445312,13.565574349743716,-0.11500854952311806,6.138692503782639,"{""1"": 62, ""2"": 4}",4.875339240445312,4.875302572557482,45.82473461217443,1e-05,True,40,development_isotonic_frozen
s0-i13,held_out,0,structural,p_saps_residualized,4,0.15,7c1b257705167ae4,"[[4, 6, 8], [3, 5, 10], [0, 2, 7], [1, 9, 11]]",13.33084409571429,-0.7864336481970026,1.611838907091825,-0.04816289998882744,,56.0,4.555947238252367,4.555947238252367,13.565574349743716,0.7075431444749438,2.9700216309741916,"{""1"": 56, ""2"": 10}",4.555947238252367,4.453952251852833,39.29108372431448,1e-05,True,80,development_isotonic_frozen
s0-i13,held_out,0,structural,p_saps_projection,4,0.15,ecc13192118375a6,"[[4, 10, 11], [0, 5, 9], [2, 3, 8], [1, 6, 7]]",13.33084409571429,-0.7227385701947328,1.7228455389487214,-0.17425369269412422,,50.0,9.635538650757805,9.635538650757805,13.565574349743716,0.0,-2.738477147878846,"{""1"": 50, ""2"": 16}",9.635538650757805,9.385764344702586,44.8561182521273,1e-05,True,640,development_isotonic_frozen
s0-i13,held_out,0,structural,b_saps_budgeted,4,0.15,3e8efa243a82b7fc,"[[2, 5, 7], [0, 4, 11], [3, 8, 9], [1, 6, 10]]",13.33084409571429,-0.6922386790913825,1.7630587730280831,-0.0861913801829449,,56.0,8.286431823074707,8.286431823074707,13.565574349743716,-0.6622906715540964,6.138692503782639,"{""1"": 56, ""2"": 10}",8.286431823074707,8.286046634319385,44.18581196991021,1e-05,True,40,development_isotonic_frozen
s1-i13,held_out,1,oracle,random_balanced,1,0.01,54a0dc573c0908b1,"[[0, 1, 2, 3, 4, 5, 6, 7, 8, 9, 10, 11]]",0.036139618265715094,-0.0,0.0,-0.8904307066889849,,0.0,7.846658330652134,7.846658330652134,0.036139618265715094,0.0,1.7383940926471855,"{""2"": 11}",7.846658330652134,7.8463428156461905,6.693577431865994,1e-05,True,40,development_isotonic_frozen
s1-i13,held_out,1,oracle,confidence,1,0.01,54a0dc573c0908b1,"[[0, 1, 2, 3, 4, 5, 6, 7, 8, 9, 10, 11]]",0.036139618265715094,-0.0,0.0,-0.8904307066889849,,0.0,7.846658330652134,7.846658330652134,0.036139618265715094,0.0,1.7383940926471855,"{""2"": 11}",7.846658330652134,7.8463428156461905,6.693577431865994,1e-05,True,40,development_isotonic_frozen
s1-i13,held_out,1,oracle,entropy,1,0.01,54a0dc573c0908b1,"[[0, 1, 2, 3, 4, 5, 6, 7, 8, 9, 10, 11]]",0.036139618265715094,-0.0,0.0,-0.8904307066889849,,0.0,7.846658330652134,7.846658330652134,0.036139618265715094,0.0,1.7383940926471855,"{""2"": 11}",7.846658330652134,7.8463428156461905,6.693577431865994,1e-05,True,40,development_isotonic_frozen
s1-i13,held_out,1,oracle,dependency_cmi,1,0.01,54a0dc573c0908b1,"[[0, 1, 2, 3, 4, 5, 6, 7, 8, 9, 10, 11]]",0.036139618265715094,-0.0,0.0,-0.8904307066889849,,0.0,7.846658330652134,7.846658330652134,0.036139618265715094,0.0,1.7383940926471855,"{""2"": 11}",7.846658330652134,7.8463428156461905,6.693577431865994,1e-05,True,40,development_isotonic_frozen
s1-i13,held_out,1,oracle,min_within_batch_tc,1,0.01,54a0dc573c0908b1,"[[0, 1, 2, 3, 4, 5, 6, 7, 8, 9, 10, 11]]",0.036139618265715094,-0.0,0.0,-0.8904307066889849,,0.0,7.846658330652134,7.846658330652134,0.036139618265715094,0.0,1.7383940926471855,"{""2"": 11}",7.846658330652134,7.8463428156461905,6.693577431865994,1e-05,True,40,development_isotonic_frozen
s1-i13,held_out,1,oracle,dprm_myopic,1,0.01,54a0dc573c0908b1,"[[0, 1, 2, 3, 4, 5, 6, 7, 8, 9, 10, 11]]",0.036139618265715094,-0.0,0.0,-0.8904307066889849,,0.0,7.846658330652134,7.846658330652134,0.036139618265715094,0.0,1.7383940926471855,"{""2"": 11}",7.846658330652134,7.8463428156461905,6.693577431865994,1e-05,True,40,development_isotonic_frozen
s1-i13,held_out,1,oracle,dprm_rollout,1,0.01,54a0dc573c0908b1,"[[0, 1, 2, 3, 4, 5, 6, 7, 8, 9, 10, 11]]",0.036139618265715094,-0.0,0.0,-0.8904307066889849,,0.0,7.846658330652134,7.846658330652134,0.036139618265715094,0.0,1.7383940926471855,"{""2"": 11}",7.846658330652134,7.8463428156461905,6.693577431865994,1e-05,True,40,development_isotonic_frozen
s1-i13,held_out,1,oracle,subset_exact,1,0.01,54a0dc573c0908b1,"[[0, 1, 2, 3, 4, 5, 6, 7, 8, 9, 10, 11]]",0.036139618265715094,-0.0,0.0,-0.8904307066889849,,0.0,7.846658330652134,7.846658330652134,0.036139618265715094,0.0,1.7383940926471855,"{""2"": 11}",7.846658330652134,7.8463428156461905,6.693577431865994,1e-05,True,40,development_isotonic_frozen
s1-i13,held_out,1,oracle,subset_beam_8,1,0.01,54a0dc573c0908b1,"[[0, 1, 2, 3, 4, 5, 6, 7, 8, 9, 10, 11]]",0.036139618265715094,-0.0,0.0,-0.8904307066889849,,0.0,7.846658330652134,7.846658330652134,0.036139618265715094,0.0,1.7383940926471855,"{""2"": 11}",7.846658330652134,7.8463428156461905,6.693577431865994,1e-05,True,40,development_isotonic_frozen
s1-i13,held_out,1,oracle,subset_beam_32,1,0.01,54a0dc573c0908b1,"[[0, 1, 2, 3, 4, 5, 6, 7, 8, 9, 10, 11]]",0.036139618265715094,-0.0,0.0,-0.8904307066889849,,0.0,7.846658330652134,7.846658330652134,0.036139618265715094,0.0,1.7383940926471855,"{""2"": 11}",7.846658330652134,7.8463428156461905,6.693577431865994,1e-05,True,40,development_isotonic_frozen
s1-i13,held_out,1,oracle,saps_diagonal,1,0.01,54a0dc573c0908b1,"[[0, 1, 2, 3, 4, 5, 6, 7, 8, 9, 10, 11]]",0.036139618265715094,-0.0,0.0,-0.8904307066889849,,0.0,7.846658330652134,7.846658330652134,0.036139618265715094,0.0,1.7383940926471855,"{""2"": 11}",7.846658330652134,7.8463428156461905,6.693577431865994,1e-05,True,40,development_isotonic_frozen
s1-i13,held_out,1,oracle,p_saps_residualized,1,0.01,54a0dc573c0908b1,"[[0, 1, 2, 3, 4, 5, 6, 7, 8, 9, 10, 11]]",0.036139618265715094,-0.0,0.0,-0.8904307066889849,,0.0,7.846658330652134,7.846658330652134,0.036139618265715094,0.0,1.7383940926471855,"{""2"": 11}",7.846658330652134,7.8463428156461905,6.693577431865994,1e-05,True,40,development_isotonic_frozen
s1-i13,held_out,1,oracle,p_saps_projection,1,0.01,54a0dc573c0908b1,"[[0, 1, 2, 3, 4, 5, 6, 7, 8, 9, 10, 11]]",0.036139618265715094,-0.0,0.0,-0.8904307066889849,,0.0,7.846658330652134,7.846658330652134,0.036139618265715094,0.0,1.7383940926471855,"{""2"": 11}",7.846658330652134,7.8463428156461905,6.693577431865994,1e-05,True,40,development_isotonic_frozen
s1-i13,held_out,1,oracle,b_saps_budgeted,1,0.01,54a0dc573c0908b1,"[[0, 1, 2, 3, 4, 5, 6, 7, 8, 9, 10, 11]]",0.036139618265715094,-0.0,0.0,-0.8904307066889849,,0.0,7.846658330652134,7.846658330652134,0.036139618265715094,0.0,1.7383940926471855,"{""2"": 11}",7.846658330652134,7.8463428156461905,6.693577431865994,1e-05,True,40,development_isotonic_frozen
s1-i13,held_out,1,oracle,random_balanced,1,0.05,54a0dc573c0908b1,"[[0, 1, 2, 3, 4, 5, 6, 7, 8, 9, 10, 11]]",0.0818832618318145,-0.0,0.0,-0.8904307066889849,,0.0,7.846658330652134,7.846658330652134,0.0818832618318145,0.03751452361615537,0.0,"{""2"": 11}",7.846658330652134,7.8463428156461905,6.693577431865994,1e-05,True,40,development_isotonic_frozen
s1-i13,held_out,1,oracle,confidence,1,0.05,54a0dc573c0908b1,"[[0, 1, 2, 3, 4, 5, 6, 7, 8, 9, 10, 11]]",0.0818832618318145,-0.0,0.0,-0.8904307066889849,,0.0,7.846658330652134,7.846658330652134,0.0818832618318145,0.03751452361615537,0.0,"{""2"": 11}",7.846658330652134,7.8463428156461905,6.693577431865994,1e-05,True,40,development_isotonic_frozen
s1-i13,held_out,1,oracle,entropy,1,0.05,54a0dc573c0908b1,"[[0, 1, 2, 3, 4, 5, 6, 7, 8, 9, 10, 11]]",0.0818832618318145,-0.0,0.0,-0.8904307066889849,,0.0,7.846658330652134,7.846658330652134,0.0818832618318145,0.03751452361615537,0.0,"{""2"": 11}",7.846658330652134,7.8463428156461905,6.693577431865994,1e-05,True,40,development_isotonic_frozen
s1-i13,held_out,1,oracle,dependency_cmi,1,0.05,54a0dc573c0908b1,"[[0, 1, 2, 3, 4, 5, 6, 7, 8, 9, 10, 11]]",0.0818832618318145,-0.0,0.0,-0.8904307066889849,,0.0,7.846658330652134,7.846658330652134,0.0818832618318145,0.03751452361615537,0.0,"{""2"": 11}",7.846658330652134,7.8463428156461905,6.693577431865994,1e-05,True,40,development_isotonic_frozen
s1-i13,held_out,1,oracle,min_within_batch_tc,1,0.05,54a0dc573c0908b1,"[[0, 1, 2, 3, 4, 5, 6, 7, 8, 9, 10, 11]]",0.0818832618318145,-0.0,0.0,-0.8904307066889849,,0.0,7.846658330652134,7.846658330652134,0.0818832618318145,0.03751452361615537,0.0,"{""2"": 11}",7.846658330652134,7.8463428156461905,6.693577431865994,1e-05,True,40,development_isotonic_frozen
s1-i13,held_out,1,oracle,dprm_myopic,1,0.05,54a0dc573c0908b1,"[[0, 1, 2, 3, 4, 5, 6, 7, 8, 9, 10, 11]]",0.0818832618318145,-0.0,0.0,-0.8904307066889849,,0.0,7.846658330652134,7.846658330652134,0.0818832618318145,0.03751452361615537,0.0,"{""2"": 11}",7.846658330652134,7.8463428156461905,6.693577431865994,1e-05,True,40,development_isotonic_frozen
s1-i13,held_out,1,oracle,dprm_rollout,1,0.05,54a0dc573c0908b1,"[[0, 1, 2, 3, 4, 5, 6, 7, 8, 9, 10, 11]]",0.0818832618318145,-0.0,0.0,-0.8904307066889849,,0.0,7.846658330652134,7.846658330652134,0.0818832618318145,0.03751452361615537,0.0,"{""2"": 11}",7.846658330652134,7.8463428156461905,6.693577431865994,1e-05,True,40,development_isotonic_frozen
s1-i13,held_out,1,oracle,subset_exact,1,0.05,54a0dc573c0908b1,"[[0, 1, 2, 3, 4, 5, 6, 7, 8, 9, 10, 11]]",0.0818832618318145,-0.0,0.0,-0.8904307066889849,,0.0,7.846658330652134,7.846658330652134,0.0818832618318145,0.03751452361615537,0.0,"{""2"": 11}",7.846658330652134,7.8463428156461905,6.693577431865994,1e-05,True,40,development_isotonic_frozen
s1-i13,held_out,1,oracle,subset_beam_8,1,0.05,54a0dc573c0908b1,"[[0, 1, 2, 3, 4, 5, 6, 7, 8, 9, 10, 11]]",0.0818832618318145,-0.0,0.0,-0.8904307066889849,,0.0,7.846658330652134,7.846658330652134,0.0818832618318145,0.03751452361615537,0.0,"{""2"": 11}",7.846658330652134,7.8463428156461905,6.693577431865994,1e-05,True,40,development_isotonic_frozen
s1-i13,held_out,1,oracle,subset_beam_32,1,0.05,54a0dc573c0908b1,"[[0, 1, 2, 3, 4, 5, 6, 7, 8, 9, 10, 11]]",0.0818832618318145,-0.0,0.0,-0.8904307066889849,,0.0,7.846658330652134,7.846658330652134,0.0818832618318145,0.03751452361615537,0.0,"{""2"": 11}",7.846658330652134,7.8463428156461905,6.693577431865994,1e-05,True,40,development_isotonic_frozen
s1-i13,held_out,1,oracle,saps_diagonal,1,0.05,54a0dc573c0908b1,"[[0, 1, 2, 3, 4, 5, 6, 7, 8, 9, 10, 11]]",0.0818832618318145,-0.0,0.0,-0.8904307066889849,,0.0,7.846658330652134,7.846658330652134,0.0818832618318145,0.03751452361615537,0.0,"{""2"": 11}",7.846658330652134,7.8463428156461905,6.693577431865994,1e-05,True,40,development_isotonic_frozen
s1-i13,held_out,1,oracle,p_saps_residualized,1,0.05,54a0dc573c0908b1,"[[0, 1, 2, 3, 4, 5, 6, 7, 8, 9, 10, 11]]",0.0818832618318145,-0.0,0.0,-0.8904307066889849,,0.0,7.846658330652134,7.846658330652134,0.0818832618318145,0.03751452361615537,0.0,"{""2"": 11}",7.846658330652134,7.8463428156461905,6.693577431865994,1e-05,True,40,development_isotonic_frozen
s1-i13,held_out,1,oracle,p_saps_projection,1,0.05,54a0dc573c0908b1,"[[0, 1, 2, 3, 4, 5, 6, 7, 8, 9, 10, 11]]",0.0818832618318145,-0.0,0.0,-0.8904307066889849,,0.0,7.846658330652134,7.846658330652134,0.0818832618318145,0.03751452361615537,0.0,"{""2"": 11}",7.846658330652134,7.8463428156461905,6.693577431865994,1e-05,True,40,development_isotonic_frozen
s1-i13,held_out,1,oracle,b_saps_budgeted,1,0.05,54a0dc573c0908b1,"[[0, 1, 2, 3, 4, 5, 6, 7, 8, 9, 10, 11]]",0.0818832618318145,-0.0,0.0,-0.8904307066889849,,0.0,7.846658330652134,7.846658330652134,0.0818832618318145,0.03751452361615537,0.0,"{""2"": 11}",7.846658330652134,7.8463428156461905,6.693577431865994,1e-05,True,40,development_isotonic_frozen
s1-i13,held_out,1,oracle,random_balanced,1,0.15,54a0dc573c0908b1,"[[0, 1, 2, 3, 4, 5, 6, 7, 8, 9, 10, 11]]",0.20553900529914723,-0.0,0.0,-0.8904307066889849,,0.0,7.846658330652134,7.846658330652134,0.20553900529914723,-0.09491177814055113,5.196172101092058,"{""2"": 11}",7.846658330652134,7.8463428156461905,6.693577431865994,1e-05,True,40,development_isotonic_frozen
s1-i13,held_out,1,oracle,confidence,1,0.15,54a0dc573c0908b1,"[[0, 1, 2, 3, 4, 5, 6, 7, 8, 9, 10, 11]]",0.20553900529914723,-0.0,0.0,-0.8904307066889849,,0.0,7.846658330652134,7.846658330652134,0.20553900529914723,-0.09491177814055113,5.196172101092058,"{""2"": 11}",7.846658330652134,7.8463428156461905,6.693577431865994,1e-05,True,40,development_isotonic_frozen
s1-i13,held_out,1,oracle,entropy,1,0.15,54a0dc573c0908b1,"[[0, 1, 2, 3, 4, 5, 6, 7, 8, 9, 10, 11]]",0.20553900529914723,-0.0,0.0,-0.8904307066889849,,0.0,7.846658330652134,7.846658330652134,0.20553900529914723,-0.09491177814055113,5.196172101092058,"{""2"": 11}",7.846658330652134,7.8463428156461905,6.693577431865994,1e-05,True,40,development_isotonic_frozen
s1-i13,held_out,1,oracle,dependency_cmi,1,0.15,54a0dc573c0908b1,"[[0, 1, 2, 3, 4, 5, 6, 7, 8, 9, 10, 11]]",0.20553900529914723,-0.0,0.0,-0.8904307066889849,,0.0,7.846658330652134,7.846658330652134,0.20553900529914723,-0.09491177814055113,5.196172101092058,"{""2"": 11}",7.846658330652134,7.8463428156461905,6.693577431865994,1e-05,True,40,development_isotonic_frozen
s1-i13,held_out,1,oracle,min_within_batch_tc,1,0.15,54a0dc573c0908b1,"[[0, 1, 2, 3, 4, 5, 6, 7, 8, 9, 10, 11]]",0.20553900529914723,-0.0,0.0,-0.8904307066889849,,0.0,7.846658330652134,7.846658330652134,0.20553900529914723,-0.09491177814055113,5.196172101092058,"{""2"": 11}",7.846658330652134,7.8463428156461905,6.693577431865994,1e-05,True,40,development_isotonic_frozen
s1-i13,held_out,1,oracle,dprm_myopic,1,0.15,54a0dc573c0908b1,"[[0, 1, 2, 3, 4, 5, 6, 7, 8, 9, 10, 11]]",0.20553900529914723,-0.0,0.0,-0.8904307066889849,,0.0,7.846658330652134,7.846658330652134,0.20553900529914723,-0.09491177814055113,5.196172101092058,"{""2"": 11}",7.846658330652134,7.8463428156461905,6.693577431865994,1e-05,True,40,development_isotonic_frozen
s1-i13,held_out,1,oracle,dprm_rollout,1,0.15,54a0dc573c0908b1,"[[0, 1, 2, 3, 4, 5, 6, 7, 8, 9, 10, 11]]",0.20553900529914723,-0.0,0.0,-0.8904307066889849,,0.0,7.846658330652134,7.846658330652134,0.20553900529914723,-0.09491177814055113,5.196172101092058,"{""2"": 11}",7.846658330652134,7.8463428156461905,6.693577431865994,1e-05,True,40,development_isotonic_frozen
s1-i13,held_out,1,oracle,subset_exact,1,0.15,54a0dc573c0908b1,"[[0, 1, 2, 3, 4, 5, 6, 7, 8, 9, 10, 11]]",0.20553900529914723,-0.0,0.0,-0.8904307066889849,,0.0,7.846658330652134,7.846658330652134,0.20553900529914723,-0.09491177814055113,5.196172101092058,"{""2"": 11}",7.846658330652134,7.8463428156461905,6.693577431865994,1e-05,True,40,development_isotonic_frozen
s1-i13,held_out,1,oracle,subset_beam_8,1,0.15,54a0dc573c0908b1,"[[0, 1, 2, 3, 4, 5, 6, 7, 8, 9, 10, 11]]",0.20553900529914723,-0.0,0.0,-0.8904307066889849,,0.0,7.846658330652134,7.846658330652134,0.20553900529914723,-0.09491177814055113,5.196172101092058,"{""2"": 11}",7.846658330652134,7.8463428156461905,6.693577431865994,1e-05,True,40,development_isotonic_frozen
s1-i13,held_out,1,oracle,subset_beam_32,1,0.15,54a0dc573c0908b1,"[[0, 1, 2, 3, 4, 5, 6, 7, 8, 9, 10, 11]]",0.20553900529914723,-0.0,0.0,-0.8904307066889849,,0.0,7.846658330652134,7.846658330652134,0.20553900529914723,-0.09491177814055113,5.196172101092058,"{""2"": 11}",7.846658330652134,7.8463428156461905,6.693577431865994,1e-05,True,40,development_isotonic_frozen
s1-i13,held_out,1,oracle,saps_diagonal,1,0.15,54a0dc573c0908b1,"[[0, 1, 2, 3, 4, 5, 6, 7, 8, 9, 10, 11]]",0.20553900529914723,-0.0,0.0,-0.8904307066889849,,0.0,7.846658330652134,7.846658330652134,0.20553900529914723,-0.09491177814055113,5.196172101092058,"{""2"": 11}",7.846658330652134,7.8463428156461905,6.693577431865994,1e-05,True,40,development_isotonic_frozen
s1-i13,held_out,1,oracle,p_saps_residualized,1,0.15,54a0dc573c0908b1,"[[0, 1, 2, 3, 4, 5, 6, 7, 8, 9, 10, 11]]",0.20553900529914723,-0.0,0.0,-0.8904307066889849,,0.0,7.846658330652134,7.846658330652134,0.20553900529914723,-0.09491177814055113,5.196172101092058,"{""2"": 11}",7.846658330652134,7.8463428156461905,6.693577431865994,1e-05,True,40,development_isotonic_frozen
s1-i13,held_out,1,oracle,p_saps_projection,1,0.15,54a0dc573c0908b1,"[[0, 1, 2, 3, 4, 5, 6, 7, 8, 9, 10, 11]]",0.20553900529914723,-0.0,0.0,-0.8904307066889849,,0.0,7.846658330652134,7.846658330652134,0.20553900529914723,-0.09491177814055113,5.196172101092058,"{""2"": 11}",7.846658330652134,7.8463428156461905,6.693577431865994,1e-05,True,40,development_isotonic_frozen
s1-i13,held_out,1,oracle,b_saps_budgeted,1,0.15,54a0dc573c0908b1,"[[0, 1, 2, 3, 4, 5, 6, 7, 8, 9, 10, 11]]",0.20553900529914723,-0.0,0.0,-0.8904307066889849,,0.0,7.846658330652134,7.846658330652134,0.20553900529914723,-0.09491177814055113,5.196172101092058,"{""2"": 11}",7.846658330652134,7.8463428156461905,6.693577431865994,1e-05,True,40,development_isotonic_frozen
s1-i13,held_out,1,oracle,random_balanced,2,0.01,76a3cf4995ac4ac5,"[[0, 3, 8, 9, 10, 11], [1, 2, 4, 5, 6, 7]]",0.03613961826571509,-0.22453300436649606,0.5965344760923913,-0.3839240107976365,,0.5874140583664178,7.770219914793682,7.770219914793682,0.036139618265715094,0.0,0.27980208830205755,"{""1"": 7, ""2"": 4}",7.770219914793682,7.770101120449398,5.763220568466181,1e-05,True,40,development_isotonic_frozen
s1-i13,held_out,1,oracle,confidence,2,0.01,ca617e3939a5d84f,"[[1, 3, 4, 8, 9, 10], [0, 2, 5, 6, 7, 11]]",0.03613961826571509,-0.19359886624912578,0.6499711190652508,-0.704750946090418,,0.14673249665849222,10.25752200680197,10.25752200680197,0.036139618265715094,0.023224131887516694,0.0,"{""1"": 2, ""2"": 9}",10.25752200680197,10.257041743223853,7.040187087614044,1e-05,True,40,development_isotonic_frozen
s1-i13,held_out,1,oracle,entropy,2,0.01,8e3d449aa893ee35,"[[1, 2, 3, 4, 8, 10], [0, 5, 6, 7, 9, 11]]",0.03613961826571509,-0.1982541981187811,0.6520275807623159,-0.34310510946213824,,0.4462466402014156,6.346049311956123,6.346049311956123,0.036139618265715094,-0.23951699566836224,0.0,"{""1"": 6, ""2"": 5}",6.346049311956123,6.345948839210093,4.605317880073264,1e-05,True,40,development_isotonic_frozen
s1-i13,held_out,1,oracle,dependency_cmi,2,0.01,6b801c3c7711437b,"[[2, 7, 8, 9, 10, 11], [0, 1, 3, 4, 5, 6]]",0.03613961826571509,-0.24221047978965102,0.5704684873185765,-0.28186878143996125,,0.7080895000434589,6.352232572476055,6.352232572476055,0.036139618265715094,0.0,0.3826210300343178,"{""2"": 3, ""1"": 8}",6.352232572476055,6.352182603198771,5.442887879149174,1e-05,True,40,development_isotonic_frozen
s1-i13,held_out,1,oracle,min_within_batch_tc,2,0.01,f19ecc3ee78b0b04,"[[6, 7, 8, 9, 10, 11], [0, 1, 2, 3, 4, 5]]",0.03613961826571509,-0.24178565244475583,0.5689547644621215,-0.5023740389578772,,0.5811624086954821,5.575312909917056,5.575312909917056,0.036139618265715094,0.0,2.1343844701692465,"{""2"": 5, ""1"": 6}",5.575312909917056,5.575276684639006,5.7493994153303385,1e-05,True,40,development_isotonic_frozen
s1-i13,held_out,1,oracle,dprm_myopic,2,0.01,6ae2a0fa465ff20b,"[[0, 1, 3, 4, 6, 8], [2, 5, 7, 9, 10, 11]]",0.03613961826571509,-0.22244166585448713,0.6175923047783932,-0.5134207599620585,,0.451289926270808,7.142899639858691,7.142899639858691,0.036139618265715094,0.0,1.7383940926471855,"{""2"": 6, ""1"": 5}",7.142899639858691,7.142811079393325,5.5176217447089355,1e-05,True,40,development_isotonic_frozen
s1-i13,held_out,1,oracle,dprm_rollout,2,0.01,437540d2716eace1,"[[1, 2, 3, 4, 9, 11], [0, 5, 6, 7, 8, 10]]",0.03613961826571509,-0.24382183227668977,0.5871825940148657,-0.23655696141815682,,0.744458438322706,5.298949337229569,5.298949337229569,0.036139618265715094,0.4121419467424561,0.0,"{""1"": 8, ""2"": 3}",5.298949337229569,5.298725282802444,4.301167366596512,1e-05,True,40,development_isotonic_frozen
s1-i13,held_out,1,oracle,subset_exact,2,0.01,aa96feadbd3e8fcf,"[[0, 3, 5, 8, 10, 11], [1, 2, 4, 6, 7, 9]]",0.03613961826571509,-0.23862805819782154,0.5879507114701442,-0.33414986620367826,,0.512686553722007,6.816102273529754,6.816102273529754,0.036139618265715094,0.0,-3.9087654590623595,"{""1"": 6, ""2"": 5}",6.816102273529754,6.815516207970198,5.917413428728255,1e-05,True,40,development_isotonic_frozen
s1-i13,held_out,1,oracle,subset_beam_8,2,0.01,3a8618704bd069f6,"[[0, 2, 3, 5, 10, 11], [1, 4, 6, 7, 8, 9]]",0.03613961826571509,-0.26250954504396534,0.5632554174131658,-0.47025082608080016,,0.6136690268197549,6.306161467092691,6.306161467092691,0.036139618265715094,0.0,0.2798020883020569,"{""1"": 6, ""2"": 5}",6.306161467092691,6.305818540484597,6.438126327331931,1e-05,True,40,development_isotonic_frozen
s1-i13,held_out,1,oracle,subset_beam_32,2,0.01,aa96feadbd3e8fcf,"[[0, 3, 5, 8, 10, 11], [1, 2, 4, 6, 7, 9]]",0.03613961826571509,-0.23862805819782154,0.5879507114701442,-0.33414986620367826,,0.512686553722007,6.816102273529754,6.816102273529754,0.036139618265715094,0.0,-3.9087654590623595,"{""1"": 6, ""2"": 5}",6.816102273529754,6.815516207970198,5.917413428728255,1e-05,True,40,development_isotonic_frozen
s1-i13,held_out,1,oracle,saps_diagonal,2,0.01,8749511d19e5f9ff,"[[0, 3, 4, 5, 6, 9], [1, 2, 7, 8, 10, 11]]",0.03613961826571509,-0.26864850479091834,0.5578541311120035,-0.09677343612421462,,0.9487031012283165,4.549028502535494,4.549028502535494,0.036139618265715094,0.0,-2.637498773338783,"{""1"": 10, ""2"": 1}",4.549028502535494,4.5434965387732715,5.539161410562895,1e-05,True,40,development_isotonic_frozen
s1-i13,held_out,1,oracle,p_saps_residualized,2,0.01,0353c2747977ea67,"[[1, 2, 8, 9, 10, 11], [0, 3, 4, 5, 6, 7]]",0.03613961826571509,-0.2265579811721753,0.5976689866820638,-0.13987176662527592,,0.9409333403924383,3.886860258727114,3.886860258727114,0.036139618265715094,0.0,0.0,"{""1"": 10, ""2"": 1}",3.886860258727114,3.886776615132332,4.507965113101032,1e-05,True,80,development_isotonic_frozen
s1-i13,held_out,1,oracle,p_saps_projection,2,0.01,ed3cd69666e661fe,"[[1, 3, 4, 7, 9, 10], [0, 2, 5, 6, 8, 11]]",0.03613961826571509,-0.21559188971447285,0.6204215172378189,-0.7542376936583964,,0.19428524807339242,10.5208978009892,10.5208978009892,0.036139618265715094,0.0,2.5209903655762007,"{""1"": 2, ""2"": 9}",10.5208978009892,10.520356628192724,6.791971822437155,1e-05,True,640,development_isotonic_frozen
s1-i13,held_out,1,oracle,b_saps_budgeted,2,0.01,76a3cf4995ac4ac5,"[[0, 3, 8, 9, 10, 11], [1, 2, 4, 5, 6, 7]]",0.03613961826571509,-0.22453300436649606,0.5965344760923913,-0.3839240107976365,,0.5874140583664178,7.770219914793682,7.770219914793682,0.036139618265715094,0.0,0.27980208830205755,"{""1"": 7, ""2"": 4}",7.770219914793682,7.770101120449398,5.763220568466181,1e-05,True,40,development_isotonic_frozen
s1-i13,held_out,1,oracle,random_balanced,2,0.05,76a3cf4995ac4ac5,"[[0, 3, 8, 9, 10, 11], [1, 2, 4, 5, 6, 7]]",0.09613907866833721,-0.22453300436649606,0.5965344760923913,-0.3839240107976365,,0.5874140583664178,7.770219914793682,7.770219914793682,0.0972357184078097,-1.4902436260254008,0.0,"{""1"": 7, ""2"": 4}",7.770219914793682,7.770101120449398,5.763220568466181,1e-05,True,40,development_isotonic_frozen
s1-i13,held_out,1,oracle,confidence,2,0.05,ca617e3939a5d84f,"[[1, 3, 4, 8, 9, 10], [0, 2, 5, 6, 7, 11]]",0.09613907866833721,-0.19359886624912578,0.6499711190652508,-0.704750946090418,,0.14673249665849222,10.25752200680197,10.25752200680197,0.08571821309175127,-0.02072257788504317,0.0,"{""1"": 2, ""2"": 9}",10.25752200680197,10.257041743223853,7.040187087614044,1e-05,True,40,development_isotonic_frozen
s1-i13,held_out,1,oracle,entropy,2,0.05,8e3d449aa893ee35,"[[1, 2, 3, 4, 8, 10], [0, 5, 6, 7, 9, 11]]",0.09613907866833721,-0.1982541981187811,0.6520275807623159,-0.34310510946213824,,0.4462466402014156,6.346049311956123,6.346049311956123,0.09354621417062706,0.0,-0.6145517148733859,"{""1"": 6, ""2"": 5}",6.346049311956123,6.345948839210093,4.605317880073264,1e-05,True,40,development_isotonic_frozen
s1-i13,held_out,1,oracle,dependency_cmi,2,0.05,6b801c3c7711437b,"[[2, 7, 8, 9, 10, 11], [0, 1, 3, 4, 5, 6]]",0.09613907866833721,-0.24221047978965102,0.5704684873185765,-0.28186878143996125,,0.7080895000434589,6.352232572476055,6.352232572476055,0.10038965122870272,-0.15330600338239253,-1.3618915627617838,"{""2"": 3, ""1"": 8}",6.352232572476055,6.352182603198771,5.442887879149174,1e-05,True,40,development_isotonic_frozen
s1-i13,held_out,1,oracle,min_within_batch_tc,2,0.05,f19ecc3ee78b0b04,"[[6, 7, 8, 9, 10, 11], [0, 1, 2, 3, 4, 5]]",0.09613907866833721,-0.24178565244475583,0.5689547644621215,-0.5023740389578772,,0.5811624086954821,5.575312909917056,5.575312909917056,0.09707232739131226,-0.01753691634779229,0.0,"{""2"": 5, ""1"": 6}",5.575312909917056,5.575276684639006,5.7493994153303385,1e-05,True,40,development_isotonic_frozen
s1-i13,held_out,1,oracle,dprm_myopic,2,0.05,6ae2a0fa465ff20b,"[[0, 1, 3, 4, 6, 8], [2, 5, 7, 9, 10, 11]]",0.09613907866833721,-0.22244166585448713,0.6175923047783932,-0.5134207599620585,,0.451289926270808,7.142899639858691,7.142899639858691,0.0936780238018027,0.0,0.0,"{""2"": 6, ""1"": 5}",7.142899639858691,7.142811079393325,5.5176217447089355,1e-05,True,40,development_isotonic_frozen
s1-i13,held_out,1,oracle,dprm_rollout,2,0.05,0c2c05df1a998382,"[[1, 2, 3, 4, 5, 7], [0, 6, 8, 9, 10, 11]]",0.09613907866833721,-0.2540509494581799,0.580429030772727,-0.4083901469826113,,0.6733138990480969,7.372724728918869,7.372724728918869,0.09948076779872461,0.0,0.0,"{""1"": 7, ""2"": 4}",7.372724728918869,7.372488353112285,4.184349162603187,1e-05,True,40,development_isotonic_frozen
s1-i13,held_out,1,oracle,subset_exact,2,0.05,9ecb0e68f90746e4,"[[0, 2, 3, 5, 7, 9], [1, 4, 6, 8, 10, 11]]",0.09613907866833721,-0.2783522824368563,0.531620435253364,-0.5071781882659334,,0.5366207487362811,8.542920856886054,8.542920856886054,0.09590820152369502,0.0,-1.361891562761783,"{""1"": 6, ""2"": 5}",8.542920856886054,8.542396294721586,5.637445047602417,1e-05,True,40,development_isotonic_frozen
s1-i13,held_out,1,oracle,subset_beam_8,2,0.05,df58c19a2daad0cc,"[[4, 5, 7, 8, 9, 10], [0, 1, 2, 3, 6, 11]]",0.09613907866833721,-0.2385053148004431,0.5894058810944672,-0.4116513288741852,,0.4371678321293392,7.7424528811608155,7.7424528811608155,0.09330893349151638,0.0,0.0,"{""2"": 6, ""1"": 5}",7.7424528811608155,7.705405557943618,6.098216798088235,1e-05,True,40,development_isotonic_frozen
s1-i13,held_out,1,oracle,subset_beam_32,2,0.05,df58c19a2daad0cc,"[[4, 5, 7, 8, 9, 10], [0, 1, 2, 3, 6, 11]]",0.09613907866833721,-0.2385053148004431,0.5894058810944672,-0.4116513288741852,,0.4371678321293392,7.7424528811608155,7.7424528811608155,0.09330893349151638,0.0,0.0,"{""2"": 6, ""1"": 5}",7.7424528811608155,7.705405557943618,6.098216798088235,1e-05,True,40,development_isotonic_frozen
s1-i13,held_out,1,oracle,saps_diagonal,2,0.05,8749511d19e5f9ff,"[[0, 3, 4, 5, 6, 9], [1, 2, 7, 8, 10, 11]]",0.09613907866833721,-0.26864850479091834,0.5578541311120035,-0.09677343612421462,,0.9487031012283165,4.549028502535494,4.549028502535494,0.10667824751129305,0.0,0.0,"{""1"": 10, ""2"": 1}",4.549028502535494,4.5434965387732715,5.539161410562895,1e-05,True,40,development_isotonic_frozen
s1-i13,held_out,1,oracle,p_saps_residualized,2,0.05,0353c2747977ea67,"[[1, 2, 8, 9, 10, 11], [0, 3, 4, 5, 6, 7]]",0.09613907866833721,-0.2265579811721753,0.5976689866820638,-0.13987176662527592,,0.9409333403924383,3.886860258727114,3.886860258727114,0.10647517965116997,0.0,-1.2282457339948003,"{""1"": 10, ""2"": 1}",3.886860258727114,3.886776615132332,4.507965113101032,1e-05,True,80,development_isotonic_frozen
s1-i13,held_out,1,oracle,p_saps_projection,2,0.05,ed3cd69666e661fe,"[[1, 3, 4, 7, 9, 10], [0, 2, 5, 6, 8, 11]]",0.09613907866833721,-0.21559188971447285,0.6204215172378189,-0.7542376936583964,,0.19428524807339242,10.5208978009892,10.5208978009892,0.08696103583453105,-0.4473591527947509,0.0,"{""1"": 2, ""2"": 9}",10.5208978009892,10.520356628192724,6.791971822437155,1e-05,True,640,development_isotonic_frozen
s1-i13,held_out,1,oracle,b_saps_budgeted,2,0.05,8749511d19e5f9ff,"[[0, 3, 4, 5, 6, 9], [1, 2, 7, 8, 10, 11]]",0.09613907866833721,-0.26864850479091834,0.5578541311120035,-0.09677343612421462,,0.9487031012283165,4.549028502535494,4.549028502535494,0.10667824751129305,0.0,0.0,"{""1"": 10, ""2"": 1}",4.549028502535494,4.5434965387732715,5.539161410562895,1e-05,True,40,development_isotonic_frozen
s1-i13,held_out,1,oracle,random_balanced,2,0.15,76a3cf4995ac4ac5,"[[0, 3, 8, 9, 10, 11], [1, 2, 4, 5, 6, 7]]",0.20553900529914723,-0.22453300436649606,0.5965344760923913,-0.3839240107976365,,0.5874140583664178,7.770219914793682,7.770219914793682,0.20553900529914723,0.5139204010290748,2.356446608444865,"{""1"": 7, ""2"": 4}",7.770219914793682,7.770101120449398,5.763220568466181,1e-05,True,40,development_isotonic_frozen
s1-i13,held_out,1,oracle,confidence,2,0.15,ca617e3939a5d84f,"[[1, 3, 4, 8, 9, 10], [0, 2, 5, 6, 7, 11]]",0.20553900529914723,-0.19359886624912578,0.6499711190652508,-0.704750946090418,,0.14673249665849222,10.25752200680197,10.25752200680197,0.20553900529914723,-0.4938418341146349,3.2993679753943854,"{""1"": 2, ""2"": 9}",10.25752200680197,10.257041743223853,7.040187087614044,1e-05,True,40,development_isotonic_frozen
s1-i13,held_out,1,oracle,entropy,2,0.15,8e3d449aa893ee35,"[[1, 2, 3, 4, 8, 10], [0, 5, 6, 7, 9, 11]]",0.20553900529914723,-0.1982541981187811,0.6520275807623159,-0.34310510946213824,,0.4462466402014156,6.346049311956123,6.346049311956123,0.20553900529914723,-1.1675491211055782,7.707673027287406,"{""1"": 6, ""2"": 5}",6.346049311956123,6.345948839210093,4.605317880073264,1e-05,True,40,development_isotonic_frozen
s1-i13,held_out,1,oracle,dependency_cmi,2,0.15,6b801c3c7711437b,"[[2, 7, 8, 9, 10, 11], [0, 1, 3, 4, 5, 6]]",0.20553900529914723,-0.24221047978965102,0.5704684873185765,-0.28186878143996125,,0.7080895000434589,6.352232572476055,6.352232572476055,0.20553900529914723,0.06656329891604319,1.5847868743824458,"{""2"": 3, ""1"": 8}",6.352232572476055,6.352182603198771,5.442887879149174,1e-05,True,40,development_isotonic_frozen
s1-i13,held_out,1,oracle,min_within_batch_tc,2,0.15,f19ecc3ee78b0b04,"[[6, 7, 8, 9, 10, 11], [0, 1, 2, 3, 4, 5]]",0.20553900529914723,-0.24178565244475583,0.5689547644621215,-0.5023740389578772,,0.5811624086954821,5.575312909917056,5.575312909917056,0.20553900529914723,0.22727327877598724,4.344045131304705,"{""2"": 5, ""1"": 6}",5.575312909917056,5.575276684639006,5.7493994153303385,1e-05,True,40,development_isotonic_frozen
s1-i13,held_out,1,oracle,dprm_myopic,2,0.15,6ae2a0fa465ff20b,"[[0, 1, 3, 4, 6, 8], [2, 5, 7, 9, 10, 11]]",0.20553900529914723,-0.22244166585448713,0.6175923047783932,-0.5134207599620585,,0.451289926270808,7.142899639858691,7.142899639858691,0.20553900529914723,0.9323024327259039,2.5299937752746042,"{""2"": 6, ""1"": 5}",7.142899639858691,7.142811079393325,5.5176217447089355,1e-05,True,40,development_isotonic_frozen
s1-i13,held_out,1,oracle,dprm_rollout,2,0.15,b4acf85710dc0efb,"[[0, 1, 5, 7, 10, 11], [2, 3, 4, 6, 8, 9]]",0.20553900529914723,-0.2628943476370675,0.5580227889477621,-0.3243927583970986,,0.5463223154202029,7.472339149399045,7.472339149399045,0.20553900529914723,-0.581302513843245,6.8209467959157655,"{""2"": 5, ""1"": 6}",7.472339149399045,7.472050888145679,6.294140185428541,1e-05,True,40,development_isotonic_frozen
s1-i13,held_out,1,oracle,subset_exact,2,0.15,b0bfc8883bf45686,"[[1, 2, 4, 5, 7, 8], [0, 3, 6, 9, 10, 11]]",0.20553900529914723,-0.24998369058420744,0.5823998125417214,-0.2811969468478405,,0.8153236228121425,6.626597103505061,6.626597103505061,0.20553900529914723,0.7591888385676333,8.095479803566171,"{""1"": 9, ""2"": 2}",6.626597103505061,6.626487933981611,5.053390449296429,1e-05,True,40,development_isotonic_frozen
s1-i13,held_out,1,oracle,subset_beam_8,2,0.15,127c173cf275923f,"[[2, 4, 7, 8, 9, 11], [0, 1, 3, 5, 6, 10]]",0.20553900529914723,-0.2554070720201931,0.5619528764203726,-0.2134625583563616,,0.7780942000209019,5.694495167297838,5.694495167297838,0.20553900529914723,0.12392999174354274,9.245685518156742,"{""2"": 3, ""1"": 8}",5.694495167297838,5.690933337632039,6.338555597403283,1e-05,True,40,development_isotonic_frozen
s1-i13,held_out,1,oracle,subset_beam_32,2,0.15,b0bfc8883bf45686,"[[1, 2, 4, 5, 7, 8], [0, 3, 6, 9, 10, 11]]",0.20553900529914723,-0.24998369058420744,0.5823998125417214,-0.2811969468478405,,0.8153236228121425,6.626597103505061,6.626597103505061,0.20553900529914723,0.7591888385676333,8.095479803566171,"{""1"": 9, ""2"": 2}",6.626597103505061,6.626487933981611,5.053390449296429,1e-05,True,40,development_isotonic_frozen
s1-i13,held_out,1,oracle,saps_diagonal,2,0.15,8749511d19e5f9ff,"[[0, 3, 4, 5, 6, 9], [1, 2, 7, 8, 10, 11]]",0.20553900529914723,-0.26864850479091834,0.5578541311120035,-0.09677343612421462,,0.9487031012283165,4.549028502535494,4.549028502535494,0.20553900529914723,0.35111426572402926,7.569886944243044,"{""1"": 10, ""2"": 1}",4.549028502535494,4.5434965387732715,5.539161410562895,1e-05,True,40,development_isotonic_frozen
s1-i13,held_out,1,oracle,p_saps_residualized,2,0.15,0353c2747977ea67,"[[1, 2, 8, 9, 10, 11], [0, 3, 4, 5, 6, 7]]",0.20553900529914723,-0.2265579811721753,0.5976689866820638,-0.13987176662527592,,0.9409333403924383,3.886860258727114,3.886860258727114,0.20553900529914723,0.0,3.336254097039202,"{""1"": 10, ""2"": 1}",3.886860258727114,3.886776615132332,4.507965113101032,1e-05,True,80,development_isotonic_frozen
s1-i13,held_out,1,oracle,p_saps_projection,2,0.15,ed3cd69666e661fe,"[[1, 3, 4, 7, 9, 10], [0, 2, 5, 6, 8, 11]]",0.20553900529914723,-0.21559188971447285,0.6204215172378189,-0.7542376936583964,,0.19428524807339242,10.5208978009892,10.5208978009892,0.20553900529914723,0.16237435936116051,4.249043859263895,"{""1"": 2, ""2"": 9}",10.5208978009892,10.520356628192724,6.791971822437155,1e-05,True,640,development_isotonic_frozen
s1-i13,held_out,1,oracle,b_saps_budgeted,2,0.15,76a3cf4995ac4ac5,"[[0, 3, 8, 9, 10, 11], [1, 2, 4, 5, 6, 7]]",0.20553900529914723,-0.22453300436649606,0.5965344760923913,-0.3839240107976365,,0.5874140583664178,7.770219914793682,7.770219914793682,0.20553900529914723,0.5139204010290748,2.356446608444865,"{""1"": 7, ""2"": 4}",7.770219914793682,7.770101120449398,5.763220568466181,1e-05,True,40,development_isotonic_frozen
s1-i13,held_out,1,oracle,random_balanced,3,0.01,5ec8a8b0629a60c4,"[[3, 9, 10, 11], [0, 5, 7, 8], [1, 2, 4, 6]]",0.036139618265715094,-0.48025046499178975,1.1543919553226614,-0.1980189494049006,,0.7574082478276105,8.145115801441456,8.145115801441456,0.036139618265715094,0.0,0.0,"{""1"": 9, ""2"": 2}",8.145115801441456,8.14502857848958,5.972768425385515,1e-05,True,40,development_isotonic_frozen
s1-i13,held_out,1,oracle,confidence,3,0.01,0adaddc7797bd60a,"[[1, 3, 8, 10], [4, 6, 7, 9], [0, 2, 5, 11]]",0.036139618265715094,-0.40070718732405447,1.2727375582560174,-0.4367093697711411,,0.5454081503899355,7.912002801088034,7.912002801088034,0.036139618265715094,0.0,5.136624860985647,"{""1"": 5, ""2"": 6}",7.912002801088034,7.911904213776103,5.53832367650159,1e-05,True,40,development_isotonic_frozen
s1-i13,held_out,1,oracle,entropy,3,0.01,dd72eb1e3d3214f4,"[[3, 4, 8, 10], [0, 1, 2, 6], [5, 7, 9, 11]]",0.036139618265715094,-0.4138728200591591,1.2786824157905203,-0.41675353234632373,,0.3779829997235867,7.1684612612440155,7.1684612612440155,0.036139618265715094,0.9948623183016138,2.5209903655762003,"{""2"": 6, ""1"": 5}",7.1684612612440155,7.149395130502647,5.422563286858321,1e-05,True,40,development_isotonic_frozen
s1-i13,held_out,1,oracle,dependency_cmi,3,0.01,f3acd320d25e6e3b,"[[2, 7, 9, 10], [1, 6, 8, 11], [0, 3, 4, 5]]",0.036139618265715094,-0.48835918381323956,1.1437586584673152,-0.020850418549151616,,1.0,5.875122073144087,5.875122073144087,0.036139618265715094,0.0,0.27980208830205755,"{""1"": 11}",5.875122073144087,5.875085229054791,4.788773044788791,1e-05,True,40,development_isotonic_frozen
s1-i13,held_out,1,oracle,min_within_batch_tc,3,0.01,f539cffe5648f39d,"[[6, 7, 9, 11], [0, 5, 8, 10], [1, 2, 3, 4]]",0.036139618265715094,-0.541504808777927,1.0696524554204847,-0.1675421737439925,,0.7957553370943895,4.476526138865444,4.476526138865444,0.036139618265715094,0.0,0.0,"{""1"": 9, ""2"": 2}",4.476526138865444,4.476464056211513,6.664773141971312,1e-05,True,40,development_isotonic_frozen
s1-i13,held_out,1,oracle,dprm_myopic,3,0.01,6594706ca0da6451,"[[0, 1, 3, 4], [5, 6, 7, 11], [2, 8, 9, 10]]",0.036139618265715094,-0.5025998645960691,1.1651287010589573,-0.31791469418569457,,0.6212841157320007,7.496678575866997,7.496678575866997,0.036139618265715094,0.0,-1.178906768993654,"{""2"": 4, ""1"": 7}",7.496678575866997,7.496481078836528,6.070728721975321,1e-05,True,40,development_isotonic_frozen
s1-i13,held_out,1,oracle,dprm_rollout,3,0.01,61cc8227886bcfd5,"[[0, 1, 2, 7], [3, 4, 5, 6], [8, 9, 10, 11]]",0.036139618265715094,-0.5297155696002446,1.1213412792064401,-0.1922465312414763,,0.8487818500398234,6.276963277060116,6.276963277060116,0.036139618265715094,0.0,4.259384458223386,"{""2"": 2, ""1"": 9}",6.276963277060116,6.276817177484763,4.863108539600219,1e-05,True,40,development_isotonic_frozen
s1-i13,held_out,1,oracle,subset_exact,3,0.01,c6e40ef6fb15685a,"[[0, 2, 10, 11], [1, 3, 4, 8], [5, 6, 7, 9]]",0.036139618265715094,-0.47336401161050584,1.195001371771625,-0.2885747522005782,,0.6255836131626816,5.685752048434082,5.685752048434082,0.036139618265715094,0.0,0.27980208830205755,"{""1"": 7, ""2"": 4}",5.685752048434082,5.68568006091839,5.291034645532904,1e-05,True,40,development_isotonic_frozen
s1-i13,held_out,1,oracle,subset_beam_8,3,0.01,bb14967d657b6067,"[[0, 3, 10, 11], [1, 4, 6, 8], [2, 5, 7, 9]]",0.036139618265715094,-0.45312495629343924,1.2162121612031542,-0.26531381382503566,,0.8153236228121425,4.559938187631584,4.559938187631584,0.036139618265715094,0.0,0.27980208830205755,"{""1"": 9, ""2"": 2}",4.559938187631584,4.559867259877393,5.7193709768560606,1e-05,True,40,development_isotonic_frozen
s1-i13,held_out,1,oracle,subset_beam_32,3,0.01,c6e40ef6fb15685a,"[[0, 2, 10, 11], [1, 3, 4, 8], [5, 6, 7, 9]]",0.036139618265715094,-0.47336401161050584,1.195001371771625,-0.2885747522005782,,0.6255836131626816,5.685752048434082,5.685752048434082,0.036139618265715094,0.0,0.27980208830205755,"{""1"": 7, ""2"": 4}",5.685752048434082,5.68568006091839,5.291034645532904,1e-05,True,40,development_isotonic_frozen
s1-i13,held_out,1,oracle,saps_diagonal,3,0.01,6cb783ddfd721ed7,"[[1, 2, 9, 10], [0, 5, 7, 8], [3, 4, 6, 11]]",0.036139618265715094,-0.48084205040151035,1.1670043322338843,-0.034524985498657644,,1.0,5.834300157212922,5.834300157212922,0.036139618265715094,0.0,0.0,"{""1"": 11}",5.834300157212922,5.83424584683854,4.944572085313804,1e-05,True,40,development_isotonic_frozen
s1-i13,held_out,1,oracle,p_saps_residualized,3,0.01,13eaa2f507a3eeb4,"[[0, 5, 9, 10], [2, 7, 8, 11], [1, 3, 4, 6]]",0.036139618265715094,-0.5275894587969837,1.1034743822933197,-0.1753398661635432,,0.7957553370943895,7.0029916095580145,7.0029916095580145,0.036139618265715094,0.0,-3.9087654590623595,"{""1"": 9, ""2"": 2}",7.0029916095580145,7.002939158621388,5.496968685401522,1e-05,True,80,development_isotonic_frozen
s1-i13,held_out,1,oracle,p_saps_projection,3,0.01,bdb42068f43a84ea,"[[1, 3, 4, 9], [5, 6, 8, 11], [0, 2, 7, 10]]",0.036139618265715094,-0.4707995990549722,1.1935910420615046,-0.35278990577638625,,0.5941007411020017,9.085650922779218,9.085650922779218,0.036139618265715094,0.0,1.3917590614355113,"{""1"": 6, ""2"": 5}",9.085650922779218,9.085422590722484,5.564637470293826,1e-05,True,640,development_isotonic_frozen
s1-i13,held_out,1,oracle,b_saps_budgeted,3,0.01,5ec8a8b0629a60c4,"[[3, 9, 10, 11], [0, 5, 7, 8], [1, 2, 4, 6]]",0.036139618265715094,-0.48025046499178975,1.1543919553226614,-0.1980189494049006,,0.7574082478276105,8.145115801441456,8.145115801441456,0.036139618265715094,0.0,0.0,"{""1"": 9, ""2"": 2}",8.145115801441456,8.14502857848958,5.972768425385515,1e-05,True,40,development_isotonic_frozen
s1-i13,held_out,1,oracle,random_balanced,3,0.05,5ec8a8b0629a60c4,"[[3, 9, 10, 11], [0, 5, 7, 8], [1, 2, 4, 6]]",0.10089101761384478,-0.48025046499178975,1.1543919553226614,-0.1980189494049006,,0.7574082478276105,8.145115801441456,8.145115801441456,0.1016786294595682,0.11944818955408404,2.081628804290119,"{""1"": 9, ""2"": 2}",8.145115801441456,8.14502857848958,5.972768425385515,1e-05,True,40,development_isotonic_frozen
s1-i13,held_out,1,oracle,confidence,3,0.05,0adaddc7797bd60a,"[[1, 3, 8, 10], [4, 6, 7, 9], [0, 2, 5, 11]]",0.10089101761384478,-0.40070718732405447,1.2727375582560174,-0.4367093697711411,,0.5454081503899355,7.912002801088034,7.912002801088034,0.09613786610250802,0.0,0.8182500972658975,"{""1"": 5, ""2"": 6}",7.912002801088034,7.911904213776103,5.53832367650159,1e-05,True,40,development_isotonic_frozen
s1-i13,held_out,1,oracle,entropy,3,0.05,dd72eb1e3d3214f4,"[[3, 4, 8, 10], [0, 1, 2, 6], [5, 7, 9, 11]]",0.10089101761384478,-0.4138728200591591,1.2786824157905203,-0.41675353234632373,,0.3779829997235867,7.1684612612440155,7.1684612612440155,0.09176209858600909,0.0,0.8182500972658975,"{""2"": 6, ""1"": 5}",7.1684612612440155,7.149395130502647,5.422563286858321,1e-05,True,40,development_isotonic_frozen
s1-i13,held_out,1,oracle,dependency_cmi,3,0.05,f3acd320d25e6e3b,"[[2, 7, 9, 10], [1, 6, 8, 11], [0, 3, 4, 5]]",0.10089101761384478,-0.48835918381323956,1.1437586584673152,-0.020850418549151616,,1.0,5.875122073144087,5.875122073144087,0.10801892603210612,0.3824634747516107,1.3472019391004872,"{""1"": 11}",5.875122073144087,5.875085229054791,4.788773044788791,1e-05,True,40,development_isotonic_frozen
s1-i13,held_out,1,oracle,min_within_batch_tc,3,0.05,f539cffe5648f39d,"[[6, 7, 9, 11], [0, 5, 8, 10], [1, 2, 3, 4]]",0.10089101761384478,-0.541504808777927,1.0696524554204847,-0.1675421737439925,,0.7957553370943895,4.476526138865444,4.476526138865444,0.10268085610770333,0.0,-3.341765635582269,"{""1"": 9, ""2"": 2}",4.476526138865444,4.476464056211513,6.664773141971312,1e-05,True,40,development_isotonic_frozen
s1-i13,held_out,1,oracle,dprm_myopic,3,0.05,6594706ca0da6451,"[[0, 1, 3, 4], [5, 6, 7, 11], [2, 8, 9, 10]]",0.10089101761384478,-0.5025998645960691,1.1651287010589573,-0.31791469418569457,,0.6212841157320007,7.496678575866997,7.496678575866997,0.09812093485356119,0.0154421534490813,0.8182500972658975,"{""2"": 4, ""1"": 7}",7.496678575866997,7.496481078836528,6.070728721975321,1e-05,True,40,development_isotonic_frozen
s1-i13,held_out,1,oracle,dprm_rollout,3,0.05,343eb8dbf1086ae7,"[[0, 1, 2, 10], [3, 4, 5, 9], [6, 7, 8, 11]]",0.10089101761384478,-0.4805339800123149,1.1933245995924269,-0.23969635986371454,,0.7974849512681399,7.278153944665614,7.278153944665614,0.10272606072294453,0.0,0.1382792810999538,"{""2"": 3, ""1"": 8}",7.278153944665614,7.2777255108217105,5.208843905029204,1e-05,True,40,development_isotonic_frozen
s1-i13,held_out,1,oracle,subset_exact,3,0.05,f41c51f239090b31,"[[3, 5, 9, 11], [1, 4, 8, 10], [0, 2, 6, 7]]",0.10089101761384478,-0.48698599139830656,1.1639494487532553,-0.40049681191456826,,0.45096664904785255,9.821919914630005,9.821919914630005,0.09366957473685994,-1.2356107356588844,0.0,"{""1"": 6, ""2"": 5}",9.821919914630005,9.821781013672847,4.978655948908625,1e-05,True,40,development_isotonic_frozen
s1-i13,held_out,1,oracle,subset_beam_8,3,0.05,5fd38146911ba9f2,"[[1, 3, 5, 9], [4, 6, 8, 10], [0, 2, 7, 11]]",0.10089101761384478,-0.4650652555170618,1.198150935790958,-0.19360988457723102,,0.6974207213752162,9.490693305893608,9.490693305893608,0.1001108156120023,-0.5387801091798083,-1.3618915627617838,"{""1"": 8, ""2"": 3}",9.490693305893608,9.48994004741667,4.449983939647689,1e-05,True,40,development_isotonic_frozen
s1-i13,held_out,1,oracle,subset_beam_32,3,0.05,f41c51f239090b31,"[[3, 5, 9, 11], [1, 4, 8, 10], [0, 2, 6, 7]]",0.10089101761384478,-0.48698599139830656,1.1639494487532553,-0.40049681191456826,,0.45096664904785255,9.821919914630005,9.821919914630005,0.09366957473685994,-1.2356107356588844,0.0,"{""1"": 6, ""2"": 5}",9.821919914630005,9.821781013672847,4.978655948908625,1e-05,True,40,development_isotonic_frozen
s1-i13,held_out,1,oracle,saps_diagonal,3,0.05,6cb783ddfd721ed7,"[[1, 2, 9, 10], [0, 5, 7, 8], [3, 4, 6, 11]]",0.10089101761384478,-0.48084205040151035,1.1670043322338843,-0.034524985498657644,,1.0,5.834300157212922,5.834300157212922,0.10801892603210612,0.0,-1.2089226580005326,"{""1"": 11}",5.834300157212922,5.83424584683854,4.944572085313804,1e-05,True,40,development_isotonic_frozen
s1-i13,held_out,1,oracle,p_saps_residualized,3,0.05,13eaa2f507a3eeb4,"[[0, 5, 9, 10], [2, 7, 8, 11], [1, 3, 4, 6]]",0.10089101761384478,-0.5275894587969837,1.1034743822933197,-0.1753398661635432,,0.7957553370943895,7.0029916095580145,7.0029916095580145,0.10268085610770333,-0.05375507706201041,-1.1254267922625392,"{""1"": 9, ""2"": 2}",7.0029916095580145,7.002939158621388,5.496968685401522,1e-05,True,80,development_isotonic_frozen
s1-i13,held_out,1,oracle,p_saps_projection,3,0.05,92016b5e4fb5cf94,"[[3, 4, 7, 10], [1, 5, 6, 9], [0, 2, 8, 11]]",0.10089101761384478,-0.46239496791364837,1.2083993554039019,-0.25166610499097497,,0.7212971259241385,8.701381227816542,8.701381227816542,0.10073484130360325,-0.33298829914439865,-2.4180506991072157,"{""1"": 8, ""2"": 3}",8.701381227816542,8.699469294063901,4.668362214041367,1e-05,True,640,development_isotonic_frozen
s1-i13,held_out,1,oracle,b_saps_budgeted,3,0.05,6cb783ddfd721ed7,"[[1, 2, 9, 10], [0, 5, 7, 8], [3, 4, 6, 11]]",0.10089101761384478,-0.48084205040151035,1.1670043322338843,-0.034524985498657644,,1.0,5.834300157212922,5.834300157212922,0.10801892603210612,0.0,-1.2089226580005326,"{""1"": 11}",5.834300157212922,5.83424584683854,4.944572085313804,1e-05,True,40,development_isotonic_frozen
s1-i13,held_out,1,oracle,random_balanced,3,0.15,5ec8a8b0629a60c4,"[[3, 9, 10, 11], [0, 5, 7, 8], [1, 2, 4, 6]]",0.20553900529914723,-0.48025046499178975,1.1543919553226614,-0.1980189494049006,,0.7574082478276105,8.145115801441456,8.145115801441456,0.20553900529914723,0.5376515166509197,-1.2677652085952071,"{""1"": 9, ""2"": 2}",8.145115801441456,8.14502857848958,5.972768425385515,1e-05,True,40,development_isotonic_frozen
s1-i13,held_out,1,oracle,confidence,3,0.15,0adaddc7797bd60a,"[[1, 3, 8, 10], [4, 6, 7, 9], [0, 2, 5, 11]]",0.20553900529914723,-0.40070718732405447,1.2727375582560174,-0.4367093697711411,,0.5454081503899355,7.912002801088034,7.912002801088034,0.20553900529914723,-0.20453432991147807,5.734622994683102,"{""1"": 5, ""2"": 6}",7.912002801088034,7.911904213776103,5.53832367650159,1e-05,True,40,development_isotonic_frozen
s1-i13,held_out,1,oracle,entropy,3,0.15,dd72eb1e3d3214f4,"[[3, 4, 8, 10], [0, 1, 2, 6], [5, 7, 9, 11]]",0.20553900529914723,-0.4138728200591591,1.2786824157905203,-0.41675353234632373,,0.3779829997235867,7.1684612612440155,7.1684612612440155,0.20553900529914723,-1.5925275556879868,5.432201851989925,"{""2"": 6, ""1"": 5}",7.1684612612440155,7.149395130502647,5.422563286858321,1e-05,True,40,development_isotonic_frozen
s1-i13,held_out,1,oracle,dependency_cmi,3,0.15,f3acd320d25e6e3b,"[[2, 7, 9, 10], [1, 6, 8, 11], [0, 3, 4, 5]]",0.20553900529914723,-0.48835918381323956,1.1437586584673152,-0.020850418549151616,,1.0,5.875122073144087,5.875122073144087,0.20553900529914723,1.1604599370833923,5.143170949811111,"{""1"": 11}",5.875122073144087,5.875085229054791,4.788773044788791,1e-05,True,40,development_isotonic_frozen
s1-i13,held_out,1,oracle,min_within_batch_tc,3,0.15,f539cffe5648f39d,"[[6, 7, 9, 11], [0, 5, 8, 10], [1, 2, 3, 4]]",0.20553900529914723,-0.541504808777927,1.0696524554204847,-0.1675421737439925,,0.7957553370943895,4.476526138865444,4.476526138865444,0.20553900529914723,-0.22505853944112847,0.4970399358437607,"{""1"": 9, ""2"": 2}",4.476526138865444,4.476464056211513,6.664773141971312,1e-05,True,40,development_isotonic_frozen
s1-i13,held_out,1,oracle,dprm_myopic,3,0.15,6594706ca0da6451,"[[0, 1, 3, 4], [5, 6, 7, 11], [2, 8, 9, 10]]",0.20553900529914723,-0.5025998645960691,1.1651287010589573,-0.31791469418569457,,0.6212841157320007,7.496678575866997,7.496678575866997,0.20553900529914723,0.38743640505335175,4.852883252529471,"{""2"": 4, ""1"": 7}",7.496678575866997,7.496481078836528,6.070728721975321,1e-05,True,40,development_isotonic_frozen
s1-i13,held_out,1,oracle,dprm_rollout,3,0.15,574cc8ba182c7526,"[[4, 9, 10, 11], [0, 1, 3, 6], [2, 5, 7, 8]]",0.20553900529914723,-0.4760943045223847,1.1890853736933253,-0.3983891708804215,,0.5586355200231172,7.85259347099236,7.85259347099236,0.20553900529914723,0.58279253946285,2.513388449870978,"{""2"": 5, ""1"": 6}",7.85259347099236,7.8201911662984935,6.70926796481723,1e-05,True,40,development_isotonic_frozen
s1-i13,held_out,1,oracle,subset_exact,3,0.15,cee116471806ed1c,"[[2, 3, 4, 8], [1, 6, 7, 10], [0, 5, 9, 11]]",0.20553900529914723,-0.4361000734225242,1.2439322174618443,-0.11671755705848672,,0.8065752046660799,4.812401659647131,4.812401659647131,0.20553900529914723,0.0,7.51171483146684,"{""1"": 9, ""2"": 2}",4.812401659647131,4.811270301240165,4.312264525665164,1e-05,True,40,development_isotonic_frozen
s1-i13,held_out,1,oracle,subset_beam_8,3,0.15,8e697137aa0fc2ff,"[[1, 2, 5, 7], [3, 4, 8, 10], [0, 6, 9, 11]]",0.20553900529914723,-0.49083804781184526,1.171344454212652,-0.26591654663841463,,0.6739219089797535,6.797610456487248,6.797610456487248,0.20553900529914723,1.0294609050125016,0.6415408626878998,"{""1"": 8, ""2"": 3}",6.797610456487248,6.7973330068198505,4.658753578317147,1e-05,True,40,development_isotonic_frozen
s1-i13,held_out,1,oracle,subset_beam_32,3,0.15,cee116471806ed1c,"[[2, 3, 4, 8], [1, 6, 7, 10], [0, 5, 9, 11]]",0.20553900529914723,-0.4361000734225242,1.2439322174618443,-0.11671755705848672,,0.8065752046660799,4.812401659647131,4.812401659647131,0.20553900529914723,0.0,7.51171483146684,"{""1"": 9, ""2"": 2}",4.812401659647131,4.811270301240165,4.312264525665164,1e-05,True,40,development_isotonic_frozen
s1-i13,held_out,1,oracle,saps_diagonal,3,0.15,6cb783ddfd721ed7,"[[1, 2, 9, 10], [0, 5, 7, 8], [3, 4, 6, 11]]",0.20553900529914723,-0.48084205040151035,1.1670043322338843,-0.034524985498657644,,1.0,5.834300157212922,5.834300157212922,0.20553900529914723,0.044194921595496844,5.033807055366204,"{""1"": 11}",5.834300157212922,5.83424584683854,4.944572085313804,1e-05,True,40,development_isotonic_frozen
s1-i13,held_out,1,oracle,p_saps_residualized,3,0.15,13eaa2f507a3eeb4,"[[0, 5, 9, 10], [2, 7, 8, 11], [1, 3, 4, 6]]",0.20553900529914723,-0.5275894587969837,1.1034743822933197,-0.1753398661635432,,0.7957553370943895,7.0029916095580145,7.0029916095580145,0.20553900529914723,-1.1769562570710497,8.718971588742592,"{""1"": 9, ""2"": 2}",7.0029916095580145,7.002939158621388,5.496968685401522,1e-05,True,80,development_isotonic_frozen
s1-i13,held_out,1,oracle,p_saps_projection,3,0.15,bdb42068f43a84ea,"[[1, 3, 4, 9], [5, 6, 8, 11], [0, 2, 7, 10]]",0.20553900529914723,-0.4707995990549722,1.1935910420615046,-0.35278990577638625,,0.5941007411020017,9.085650922779218,9.085650922779218,0.20553900529914723,-0.191021852455169,3.116659121615143,"{""1"": 6, ""2"": 5}",9.085650922779218,9.085422590722484,5.564637470293826,1e-05,True,640,development_isotonic_frozen
s1-i13,held_out,1,oracle,b_saps_budgeted,3,0.15,5ec8a8b0629a60c4,"[[3, 9, 10, 11], [0, 5, 7, 8], [1, 2, 4, 6]]",0.20553900529914723,-0.48025046499178975,1.1543919553226614,-0.1980189494049006,,0.7574082478276105,8.145115801441456,8.145115801441456,0.20553900529914723,0.5376515166509197,-1.2677652085952071,"{""1"": 9, ""2"": 2}",8.145115801441456,8.14502857848958,5.972768425385515,1e-05,True,40,development_isotonic_frozen
s1-i13,held_out,1,oracle,random_balanced,4,0.01,48c9ef76a5371e1c,"[[9, 10, 11], [0, 3, 8], [1, 5, 7], [2, 4, 6]]",0.036139618265715094,-0.7070567353321846,1.7505481107201026,-0.11057079211761453,,0.7720904355542753,4.024799608392626,4.024799608392626,0.036139618265715094,0.4505685146152043,0.27980208830205755,"{""1"": 9, ""2"": 2}",4.024799608392626,4.024693452047208,5.263862421699607,1e-05,True,40,development_isotonic_frozen
s1-i13,held_out,1,oracle,confidence,4,0.01,8af2efeba90f3ba2,"[[3, 8, 10], [1, 4, 9], [2, 6, 7], [0, 5, 11]]",0.036139618265715094,-0.6118470155714527,1.9003624857282342,-0.32975845630498224,,0.512686553722007,9.557719916878565,9.557719916878565,0.036139618265715094,0.0,0.0,"{""1"": 6, ""2"": 5}",9.557719916878565,9.557369621148323,5.374139279542519,1e-05,True,40,development_isotonic_frozen
s1-i13,held_out,1,oracle,entropy,4,0.01,ee0c876742c6a6f8,"[[4, 8, 10], [1, 2, 3], [0, 6, 9], [5, 7, 11]]",0.036139618265715094,-0.6272859142804562,1.9059290225677872,-0.16851246517650523,,0.674167649973004,9.511584105386191,9.511584105386191,0.036139618265715094,0.0,0.0,"{""1"": 8, ""2"": 3}",9.511584105386191,9.474363424278113,4.249359751623589,1e-05,True,40,development_isotonic_frozen
s1-i13,held_out,1,oracle,dependency_cmi,4,0.01,8bd01bdc99543433,"[[2, 7, 9], [1, 6, 11], [4, 5, 8], [0, 3, 10]]",0.036139618265715094,-0.8078496871228422,1.6283910395622863,-0.0017337293016647859,,1.0,5.146633680690865,5.146633680690865,0.036139618265715094,0.0,2.8292440147004605,"{""1"": 11}",5.146633680690865,5.146550613361124,3.880401603740596,1e-05,True,40,development_isotonic_frozen
s1-i13,held_out,1,oracle,min_within_batch_tc,4,0.01,5069259c60dc476d,"[[7, 9, 11], [6, 8, 10], [0, 3, 5], [1, 2, 4]]",0.036139618265715094,-0.7639010605954066,1.6628454550270455,-0.11954970316470193,,0.8786984012508735,2.890884733774918,2.890884733774918,0.036139618265715094,-0.5131725659104857,0.0,"{""1"": 10, ""2"": 1}",2.890884733774918,2.890873536393779,5.555505403072828,1e-05,True,40,development_isotonic_frozen
s1-i13,held_out,1,oracle,dprm_myopic,4,0.01,e77cae886abcc6da,"[[1, 4, 6], [0, 3, 5], [2, 7, 9], [8, 10, 11]]",0.036139618265715094,-0.7708710455787329,1.7292881290547404,-0.11638306461029393,,0.8786984012508735,7.826264157536735,7.826264157536735,0.036139618265715094,0.0,1.2712666857235773,"{""1"": 10, ""2"": 1}",7.826264157536735,7.825559117839203,5.164650419929356,1e-05,True,40,development_isotonic_frozen
s1-i13,held_out,1,oracle,dprm_rollout,4,0.01,ef66747bb43261c1,"[[1, 4, 11], [0, 3, 7], [2, 5, 8], [6, 9, 10]]",0.036139618265715094,-0.7475236071015786,1.746313444475322,-0.3494574730777681,,0.7562569632045809,10.797318848784187,10.797318848784187,0.036139618265715094,0.0,1.7383940926471855,"{""1"": 8, ""2"": 3}",10.797318848784187,10.797156776312683,3.686963944916913,1e-05,True,40,development_isotonic_frozen
s1-i13,held_out,1,oracle,subset_exact,4,0.01,d18eae70c40a9c4a,"[[0, 5, 6], [3, 8, 10], [1, 4, 9], [2, 7, 11]]",0.036139618265715094,-0.7433732859325928,1.7437188059455553,-0.21675574029126424,,0.7207820914567281,3.53277351848451,3.53277351848451,0.036139618265715094,0.0,-2.637498773338783,"{""1"": 8, ""2"": 3}",3.53277351848451,3.532681838889248,6.171640268725129,1e-05,True,40,development_isotonic_frozen
s1-i13,held_out,1,oracle,subset_beam_8,4,0.01,d18eae70c40a9c4a,"[[0, 5, 6], [3, 8, 10], [1, 4, 9], [2, 7, 11]]",0.036139618265715094,-0.7433732859325928,1.7437188059455553,-0.21675574029126424,,0.7207820914567281,3.53277351848451,3.53277351848451,0.036139618265715094,0.0,-2.637498773338783,"{""1"": 8, ""2"": 3}",3.53277351848451,3.532681838889248,6.171640268725129,1e-05,True,40,development_isotonic_frozen
s1-i13,held_out,1,oracle,subset_beam_32,4,0.01,d18eae70c40a9c4a,"[[0, 5, 6], [3, 8, 10], [1, 4, 9], [2, 7, 11]]",0.036139618265715094,-0.7433732859325928,1.7437188059455553,-0.21675574029126424,,0.7207820914567281,3.53277351848451,3.53277351848451,0.036139618265715094,0.0,-2.637498773338783,"{""1"": 8, ""2"": 3}",3.53277351848451,3.532681838889248,6.171640268725129,1e-05,True,40,development_isotonic_frozen
s1-i13,held_out,1,oracle,saps_diagonal,4,0.01,9ba1e54ce4df479b,"[[9, 10, 11], [0, 3, 6], [1, 5, 7], [2, 4, 8]]",0.036139618265715094,-0.7539700543346819,1.6981300768932355,-0.009887929469419925,,1.0,4.211476469182813,4.211476469182813,0.036139618265715094,0.0,0.27980208830205755,"{""1"": 11}",4.211476469182813,4.211382337150104,4.257313183002398,1e-05,True,40,development_isotonic_frozen
s1-i13,held_out,1,oracle,p_saps_residualized,4,0.01,35eecc08255b97c0,"[[4, 5, 9], [8, 10, 11], [1, 2, 7], [0, 3, 6]]",0.036139618265715094,-0.7539523484612528,1.7307994162163958,-0.053995964376557466,,0.9487031012283165,5.3952671274829775,5.3952671274829775,0.036139618265715094,0.0,0.06683294290961683,"{""1"": 10, ""2"": 1}",5.3952671274829775,5.395159524419573,3.4424765051369572,1e-05,True,80,development_isotonic_frozen
s1-i13,held_out,1,oracle,p_saps_projection,4,0.01,8af2efeba90f3ba2,"[[3, 8, 10], [1, 4, 9], [2, 6, 7], [0, 5, 11]]",0.036139618265715094,-0.6118470155714527,1.9003624857282342,-0.32975845630498224,,0.512686553722007,9.557719916878565,9.557719916878565,0.036139618265715094,0.0,0.0,"{""1"": 6, ""2"": 5}",9.557719916878565,9.557369621148323,5.374139279542519,1e-05,True,640,development_isotonic_frozen
s1-i13,held_out,1,oracle,b_saps_budgeted,4,0.01,48c9ef76a5371e1c,"[[9, 10, 11], [0, 3, 8], [1, 5, 7], [2, 4, 6]]",0.036139618265715094,-0.7070567353321846,1.7505481107201026,-0.11057079211761453,,0.7720904355542753,4.024799608392626,4.024799608392626,0.036139618265715094,0.4505685146152043,0.27980208830205755,"{""1"": 9, ""2"": 2}",4.024799608392626,4.024693452047208,5.263862421699607,1e-05,True,40,development_isotonic_frozen
s1-i13,held_out,1,oracle,random_balanced,4,0.05,48c9ef76a5371e1c,"[[9, 10, 11], [0, 3, 8], [1, 5, 7], [2, 4, 6]]",0.10326698708659857,-0.7070567353321846,1.7505481107201026,-0.11057079211761453,,0.7720904355542753,4.024799608392626,4.024799608392626,0.10206235818771794,0.0,2.081628804290119,"{""1"": 9, ""2"": 2}",4.024799608392626,4.024693452047208,5.263862421699607,1e-05,True,40,development_isotonic_frozen
s1-i13,held_out,1,oracle,confidence,4,0.05,8af2efeba90f3ba2,"[[3, 8, 10], [1, 4, 9], [2, 6, 7], [0, 5, 11]]",0.10326698708659857,-0.6118470155714527,1.9003624857282342,-0.32975845630498224,,0.512686553722007,9.557719916878565,9.557719916878565,0.09528266543989765,0.0,-1.4328018121392843,"{""1"": 6, ""2"": 5}",9.557719916878565,9.557369621148323,5.374139279542519,1e-05,True,40,development_isotonic_frozen
s1-i13,held_out,1,oracle,entropy,4,0.05,ee0c876742c6a6f8,"[[4, 8, 10], [1, 2, 3], [0, 6, 9], [5, 7, 11]]",0.10326698708659857,-0.6272859142804562,1.9059290225677872,-0.16851246517650523,,0.674167649973004,9.511584105386191,9.511584105386191,0.09950308114620868,0.3549611115099648,-1.4328018121392843,"{""1"": 8, ""2"": 3}",9.511584105386191,9.474363424278113,4.249359751623589,1e-05,True,40,development_isotonic_frozen
s1-i13,held_out,1,oracle,dependency_cmi,4,0.05,8bd01bdc99543433,"[[2, 7, 9], [1, 6, 11], [4, 5, 8], [0, 3, 10]]",0.10326698708659857,-0.8078496871228422,1.6283910395622863,-0.0017337293016647859,,1.0,5.146633680690865,5.146633680690865,0.10801892603210612,0.0,1.9813783739593829,"{""1"": 11}",5.146633680690865,5.146550613361124,3.880401603740596,1e-05,True,40,development_isotonic_frozen
s1-i13,held_out,1,oracle,min_within_batch_tc,4,0.05,5069259c60dc476d,"[[7, 9, 11], [6, 8, 10], [0, 3, 5], [1, 2, 4]]",0.10326698708659857,-0.7639010605954066,1.6628454550270455,-0.11954970316470193,,0.8786984012508735,2.890884733774918,2.890884733774918,0.10484862818024043,0.0,-0.8332031241463245,"{""1"": 10, ""2"": 1}",2.890884733774918,2.890873536393779,5.555505403072828,1e-05,True,40,development_isotonic_frozen
s1-i13,held_out,1,oracle,dprm_myopic,4,0.05,e77cae886abcc6da,"[[1, 4, 6], [0, 3, 5], [2, 7, 9], [8, 10, 11]]",0.10326698708659857,-0.7708710455787329,1.7292881290547404,-0.11638306461029393,,0.8786984012508735,7.826264157536735,7.826264157536735,0.10484862818024043,0.0,2.5965883325543113,"{""1"": 10, ""2"": 1}",7.826264157536735,7.825559117839203,5.164650419929356,1e-05,True,40,development_isotonic_frozen
s1-i13,held_out,1,oracle,dprm_rollout,4,0.05,90c90c7bdd46fa81,"[[2, 3, 10], [0, 1, 11], [4, 6, 8], [5, 7, 9]]",0.10326698708659857,-0.6864280549402038,1.8206513369638504,-0.0911695493319442,,0.9123341629490694,9.00759542754091,9.00759542754091,0.10572772115310552,0.0,0.0,"{""2"": 1, ""1"": 10}",9.00759542754091,9.007461947607876,4.526122862028797,1e-05,True,40,development_isotonic_frozen
s1-i13,held_out,1,oracle,subset_exact,4,0.05,4a777357db383cb7,"[[2, 3, 5], [1, 8, 10], [4, 6, 9], [0, 7, 11]]",0.10326698708659857,-0.7061228831472803,1.796355449393352,-0.20682463835953066,,0.8853283227895855,5.371553072716445,5.371553072716445,0.1050219055832505,0.7611796396101747,0.0,"{""1"": 9, ""2"": 2}",5.371553072716445,5.37134590885856,4.5915216917144726,1e-05,True,40,development_isotonic_frozen
s1-i13,held_out,1,oracle,subset_beam_8,4,0.05,4a777357db383cb7,"[[2, 3, 5], [1, 8, 10], [4, 6, 9], [0, 7, 11]]",0.10326698708659857,-0.7061228831472803,1.796355449393352,-0.20682463835953066,,0.8853283227895855,5.371553072716445,5.371553072716445,0.1050219055832505,0.7611796396101747,0.0,"{""1"": 9, ""2"": 2}",5.371553072716445,5.37134590885856,4.5915216917144726,1e-05,True,40,development_isotonic_frozen
s1-i13,held_out,1,oracle,subset_beam_32,4,0.05,4a777357db383cb7,"[[2, 3, 5], [1, 8, 10], [4, 6, 9], [0, 7, 11]]",0.10326698708659857,-0.7061228831472803,1.796355449393352,-0.20682463835953066,,0.8853283227895855,5.371553072716445,5.371553072716445,0.1050219055832505,0.7611796396101747,0.0,"{""1"": 9, ""2"": 2}",5.371553072716445,5.37134590885856,4.5915216917144726,1e-05,True,40,development_isotonic_frozen
s1-i13,held_out,1,oracle,saps_diagonal,4,0.05,9ba1e54ce4df479b,"[[9, 10, 11], [0, 3, 6], [1, 5, 7], [2, 4, 8]]",0.10326698708659857,-0.7539700543346819,1.6981300768932355,-0.009887929469419925,,1.0,4.211476469182813,4.211476469182813,0.10801892603210612,0.0,-2.181964320158209,"{""1"": 11}",4.211476469182813,4.211382337150104,4.257313183002398,1e-05,True,40,development_isotonic_frozen
s1-i13,held_out,1,oracle,p_saps_residualized,4,0.05,35eecc08255b97c0,"[[4, 5, 9], [8, 10, 11], [1, 2, 7], [0, 3, 6]]",0.10326698708659857,-0.7539523484612528,1.7307994162163958,-0.053995964376557466,,0.9487031012283165,5.3952671274829775,5.3952671274829775,0.10667824751129305,0.10934876870235247,-0.1486133230393083,"{""1"": 10, ""2"": 1}",5.3952671274829775,5.395159524419573,3.4424765051369572,1e-05,True,80,development_isotonic_frozen
s1-i13,held_out,1,oracle,p_saps_projection,4,0.05,8af2efeba90f3ba2,"[[3, 8, 10], [1, 4, 9], [2, 6, 7], [0, 5, 11]]",0.10326698708659857,-0.6118470155714527,1.9003624857282342,-0.32975845630498224,,0.512686553722007,9.557719916878565,9.557719916878565,0.09528266543989765,0.0,-1.4328018121392843,"{""1"": 6, ""2"": 5}",9.557719916878565,9.557369621148323,5.374139279542519,1e-05,True,640,development_isotonic_frozen
s1-i13,held_out,1,oracle,b_saps_budgeted,4,0.05,9ba1e54ce4df479b,"[[9, 10, 11], [0, 3, 6], [1, 5, 7], [2, 4, 8]]",0.10326698708659857,-0.7539700543346819,1.6981300768932355,-0.009887929469419925,,1.0,4.211476469182813,4.211476469182813,0.10801892603210612,0.0,-2.181964320158209,"{""1"": 11}",4.211476469182813,4.211382337150104,4.257313183002398,1e-05,True,40,development_isotonic_frozen
s1-i13,held_out,1,oracle,random_balanced,4,0.15,48c9ef76a5371e1c,"[[9, 10, 11], [0, 3, 8], [1, 5, 7], [2, 4, 6]]",0.20553900529914726,-0.7070567353321846,1.7505481107201026,-0.11057079211761453,,0.7720904355542753,4.024799608392626,4.024799608392626,0.20553900529914723,0.9401123677129715,2.4778313774179366,"{""1"": 9, ""2"": 2}",4.024799608392626,4.024693452047208,5.263862421699607,1e-05,True,40,development_isotonic_frozen
s1-i13,held_out,1,oracle,confidence,4,0.15,8af2efeba90f3ba2,"[[3, 8, 10], [1, 4, 9], [2, 6, 7], [0, 5, 11]]",0.20553900529914726,-0.6118470155714527,1.9003624857282342,-0.32975845630498224,,0.512686553722007,9.557719916878565,9.557719916878565,0.20553900529914723,-1.5383672904259653,1.4557135911588017,"{""1"": 6, ""2"": 5}",9.557719916878565,9.557369621148323,5.374139279542519,1e-05,True,40,development_isotonic_frozen
s1-i13,held_out,1,oracle,entropy,4,0.15,ee0c876742c6a6f8,"[[4, 8, 10], [1, 2, 3], [0, 6, 9], [5, 7, 11]]",0.20553900529914726,-0.6272859142804562,1.9059290225677872,-0.16851246517650523,,0.674167649973004,9.511584105386191,9.511584105386191,0.20553900529914723,-2.7737032772276904,7.51171483146684,"{""1"": 8, ""2"": 3}",9.511584105386191,9.474363424278113,4.249359751623589,1e-05,True,40,development_isotonic_frozen
s1-i13,held_out,1,oracle,dependency_cmi,4,0.15,8bd01bdc99543433,"[[2, 7, 9], [1, 6, 11], [4, 5, 8], [0, 3, 10]]",0.20553900529914726,-0.8078496871228422,1.6283910395622863,-0.0017337293016647859,,1.0,5.146633680690865,5.146633680690865,0.20553900529914723,-0.42800126271074546,4.174708907503919,"{""1"": 11}",5.146633680690865,5.146550613361124,3.880401603740596,1e-05,True,40,development_isotonic_frozen
s1-i13,held_out,1,oracle,min_within_batch_tc,4,0.15,5069259c60dc476d,"[[7, 9, 11], [6, 8, 10], [0, 3, 5], [1, 2, 4]]",0.20553900529914726,-0.7639010605954066,1.6628454550270455,-0.11954970316470193,,0.8786984012508735,2.890884733774918,2.890884733774918,0.20553900529914723,1.653919876697651,-4.315770810889668,"{""1"": 10, ""2"": 1}",2.890884733774918,2.890873536393779,5.555505403072828,1e-05,True,40,development_isotonic_frozen
s1-i13,held_out,1,oracle,dprm_myopic,4,0.15,e77cae886abcc6da,"[[1, 4, 6], [0, 3, 5], [2, 7, 9], [8, 10, 11]]",0.20553900529914726,-0.7708710455787329,1.7292881290547404,-0.11638306461029393,,0.8786984012508735,7.826264157536735,7.826264157536735,0.20553900529914723,0.16985028062767454,6.44184216590698,"{""1"": 10, ""2"": 1}",7.826264157536735,7.825559117839203,5.164650419929356,1e-05,True,40,development_isotonic_frozen
s1-i13,held_out,1,oracle,dprm_rollout,4,0.15,7c1695df4d67ec19,"[[0, 4, 8], [3, 7, 9], [2, 5, 10], [1, 6, 11]]",0.20553900529914726,-0.7130247191135203,1.7745019524259542,-0.24164655684317188,,0.8775585619537074,4.397644796708178,4.397644796708178,0.20553900529914723,1.6786950268708813,9.526155172538616,"{""1"": 9, ""2"": 2}",4.397644796708178,4.397514545575162,5.473458676877918,1e-05,True,40,development_isotonic_frozen
s1-i13,held_out,1,oracle,subset_exact,4,0.15,b174795ec3365d26,"[[1, 5, 9], [3, 8, 10], [2, 4, 6], [0, 7, 11]]",0.20553900529914726,-0.6990854853818687,1.7918642053042715,-0.11222600220011773,,0.7720904355542753,7.661717167623145,7.661717167623145,0.20553900529914723,0.15693517734226464,5.829032761577827,"{""1"": 9, ""2"": 2}",7.661717167623145,7.661539059497761,4.9434646133030515,1e-05,True,40,development_isotonic_frozen
s1-i13,held_out,1,oracle,subset_beam_8,4,0.15,4a777357db383cb7,"[[2, 3, 5], [1, 8, 10], [4, 6, 9], [0, 7, 11]]",0.20553900529914726,-0.7061228831472803,1.796355449393352,-0.20682463835953066,,0.8853283227895855,5.371553072716445,5.371553072716445,0.20553900529914723,0.1770534795294401,5.53778435673985,"{""1"": 9, ""2"": 2}",5.371553072716445,5.37134590885856,4.5915216917144726,1e-05,True,40,development_isotonic_frozen
s1-i13,held_out,1,oracle,subset_beam_32,4,0.15,b174795ec3365d26,"[[1, 5, 9], [3, 8, 10], [2, 4, 6], [0, 7, 11]]",0.20553900529914726,-0.6990854853818687,1.7918642053042715,-0.11222600220011773,,0.7720904355542753,7.661717167623145,7.661717167623145,0.20553900529914723,0.15693517734226464,5.829032761577827,"{""1"": 9, ""2"": 2}",7.661717167623145,7.661539059497761,4.9434646133030515,1e-05,True,40,development_isotonic_frozen
s1-i13,held_out,1,oracle,saps_diagonal,4,0.15,9ba1e54ce4df479b,"[[9, 10, 11], [0, 3, 6], [1, 5, 7], [2, 4, 8]]",0.20553900529914726,-0.7539700543346819,1.6981300768932355,-0.009887929469419925,,1.0,4.211476469182813,4.211476469182813,0.20553900529914723,0.0,-0.38288505288524965,"{""1"": 11}",4.211476469182813,4.211382337150104,4.257313183002398,1e-05,True,40,development_isotonic_frozen
s1-i13,held_out,1,oracle,p_saps_residualized,4,0.15,35eecc08255b97c0,"[[4, 5, 9], [8, 10, 11], [1, 2, 7], [0, 3, 6]]",0.20553900529914726,-0.7539523484612528,1.7307994162163958,-0.053995964376557466,,0.9487031012283165,5.3952671274829775,5.3952671274829775,0.20553900529914723,0.01544215344908129,6.626119647654744,"{""1"": 10, ""2"": 1}",5.3952671274829775,5.395159524419573,3.4424765051369572,1e-05,True,80,development_isotonic_frozen
s1-i13,held_out,1,oracle,p_saps_projection,4,0.15,8af2efeba90f3ba2,"[[3, 8, 10], [1, 4, 9], [2, 6, 7], [0, 5, 11]]",0.20553900529914726,-0.6118470155714527,1.9003624857282342,-0.32975845630498224,,0.512686553722007,9.557719916878565,9.557719916878565,0.20553900529914723,-1.5383672904259653,1.4557135911588017,"{""1"": 6, ""2"": 5}",9.557719916878565,9.557369621148323,5.374139279542519,1e-05,True,640,development_isotonic_frozen
s1-i13,held_out,1,oracle,b_saps_budgeted,4,0.15,48c9ef76a5371e1c,"[[9, 10, 11], [0, 3, 8], [1, 5, 7], [2, 4, 6]]",0.20553900529914726,-0.7070567353321846,1.7505481107201026,-0.11057079211761453,,0.7720904355542753,4.024799608392626,4.024799608392626,0.20553900529914723,0.9401123677129715,2.4778313774179366,"{""1"": 9, ""2"": 2}",4.024799608392626,4.024693452047208,5.263862421699607,1e-05,True,40,development_isotonic_frozen
s1-i13,held_out,1,random_matched,random_balanced,1,0.01,8a4f20d215a3b9a1,"[[0, 1, 2, 3, 4, 5, 6, 7, 8, 9, 10, 11]]",0.758931983580017,-0.0,0.0,-0.8904307066889849,,0.0,7.846658330652133,7.846658330652133,0.758931983580017,0.3785507754566355,1.7383940926471855,"{""3"": 23, ""4"": 22, ""2"": 21}",7.846658330652133,7.846628274038813,64.07212862863287,1e-05,True,40,development_isotonic_frozen
s1-i13,held_out,1,random_matched,confidence,1,0.01,8a4f20d215a3b9a1,"[[0, 1, 2, 3, 4, 5, 6, 7, 8, 9, 10, 11]]",0.758931983580017,-0.0,0.0,-0.8904307066889849,,0.0,7.846658330652133,7.846658330652133,0.758931983580017,0.3785507754566355,1.7383940926471855,"{""3"": 23, ""4"": 22, ""2"": 21}",7.846658330652133,7.846628274038813,64.07212862863287,1e-05,True,40,development_isotonic_frozen
s1-i13,held_out,1,random_matched,entropy,1,0.01,8a4f20d215a3b9a1,"[[0, 1, 2, 3, 4, 5, 6, 7, 8, 9, 10, 11]]",0.758931983580017,-0.0,0.0,-0.8904307066889849,,0.0,7.846658330652133,7.846658330652133,0.758931983580017,0.3785507754566355,1.7383940926471855,"{""3"": 23, ""4"": 22, ""2"": 21}",7.846658330652133,7.846628274038813,64.07212862863287,1e-05,True,40,development_isotonic_frozen
s1-i13,held_out,1,random_matched,dependency_cmi,1,0.01,8a4f20d215a3b9a1,"[[0, 1, 2, 3, 4, 5, 6, 7, 8, 9, 10, 11]]",0.758931983580017,-0.0,0.0,-0.8904307066889849,,0.0,7.846658330652133,7.846658330652133,0.758931983580017,0.3785507754566355,1.7383940926471855,"{""3"": 23, ""4"": 22, ""2"": 21}",7.846658330652133,7.846628274038813,64.07212862863287,1e-05,True,40,development_isotonic_frozen
s1-i13,held_out,1,random_matched,min_within_batch_tc,1,0.01,8a4f20d215a3b9a1,"[[0, 1, 2, 3, 4, 5, 6, 7, 8, 9, 10, 11]]",0.758931983580017,-0.0,0.0,-0.8904307066889849,,0.0,7.846658330652133,7.846658330652133,0.758931983580017,0.3785507754566355,1.7383940926471855,"{""3"": 23, ""4"": 22, ""2"": 21}",7.846658330652133,7.846628274038813,64.07212862863287,1e-05,True,40,development_isotonic_frozen
s1-i13,held_out,1,random_matched,dprm_myopic,1,0.01,8a4f20d215a3b9a1,"[[0, 1, 2, 3, 4, 5, 6, 7, 8, 9, 10, 11]]",0.758931983580017,-0.0,0.0,-0.8904307066889849,,0.0,7.846658330652133,7.846658330652133,0.758931983580017,0.3785507754566355,1.7383940926471855,"{""3"": 23, ""4"": 22, ""2"": 21}",7.846658330652133,7.846628274038813,64.07212862863287,1e-05,True,40,development_isotonic_frozen
s1-i13,held_out,1,random_matched,dprm_rollout,1,0.01,8a4f20d215a3b9a1,"[[0, 1, 2, 3, 4, 5, 6, 7, 8, 9, 10, 11]]",0.758931983580017,-0.0,0.0,-0.8904307066889849,,0.0,7.846658330652133,7.846658330652133,0.758931983580017,0.3785507754566355,1.7383940926471855,"{""3"": 23, ""4"": 22, ""2"": 21}",7.846658330652133,7.846628274038813,64.07212862863287,1e-05,True,40,development_isotonic_frozen
s1-i13,held_out,1,random_matched,subset_exact,1,0.01,8a4f20d215a3b9a1,"[[0, 1, 2, 3, 4, 5, 6, 7, 8, 9, 10, 11]]",0.758931983580017,-0.0,0.0,-0.8904307066889849,,0.0,7.846658330652133,7.846658330652133,0.758931983580017,0.3785507754566355,1.7383940926471855,"{""3"": 23, ""4"": 22, ""2"": 21}",7.846658330652133,7.846628274038813,64.07212862863287,1e-05,True,40,development_isotonic_frozen
s1-i13,held_out,1,random_matched,subset_beam_8,1,0.01,8a4f20d215a3b9a1,"[[0, 1, 2, 3, 4, 5, 6, 7, 8, 9, 10, 11]]",0.758931983580017,-0.0,0.0,-0.8904307066889849,,0.0,7.846658330652133,7.846658330652133,0.758931983580017,0.3785507754566355,1.7383940926471855,"{""3"": 23, ""4"": 22, ""2"": 21}",7.846658330652133,7.846628274038813,64.07212862863287,1e-05,True,40,development_isotonic_frozen
s1-i13,held_out,1,random_matched,subset_beam_32,1,0.01,8a4f20d215a3b9a1,"[[0, 1, 2, 3, 4, 5, 6, 7, 8, 9, 10, 11]]",0.758931983580017,-0.0,0.0,-0.8904307066889849,,0.0,7.846658330652133,7.846658330652133,0.758931983580017,0.3785507754566355,1.7383940926471855,"{""3"": 23, ""4"": 22, ""2"": 21}",7.846658330652133,7.846628274038813,64.07212862863287,1e-05,True,40,development_isotonic_frozen
s1-i13,held_out,1,random_matched,saps_diagonal,1,0.01,8a4f20d215a3b9a1,"[[0, 1, 2, 3, 4, 5, 6, 7, 8, 9, 10, 11]]",0.758931983580017,-0.0,0.0,-0.8904307066889849,,0.0,7.846658330652133,7.846658330652133,0.758931983580017,0.3785507754566355,1.7383940926471855,"{""3"": 23, ""4"": 22, ""2"": 21}",7.846658330652133,7.846628274038813,64.07212862863287,1e-05,True,40,development_isotonic_frozen
s1-i13,held_out,1,random_matched,p_saps_residualized,1,0.01,8a4f20d215a3b9a1,"[[0, 1, 2, 3, 4, 5, 6, 7, 8, 9, 10, 11]]",0.758931983580017,-0.0,0.0,-0.8904307066889849,,0.0,7.846658330652133,7.846658330652133,0.758931983580017,0.3785507754566355,1.7383940926471855,"{""3"": 23, ""4"": 22, ""2"": 21}",7.846658330652133,7.846628274038813,64.07212862863287,1e-05,True,40,development_isotonic_frozen
s1-i13,held_out,1,random_matched,p_saps_projection,1,0.01,8a4f20d215a3b9a1,"[[0, 1, 2, 3, 4, 5, 6, 7, 8, 9, 10, 11]]",0.758931983580017,-0.0,0.0,-0.8904307066889849,,0.0,7.846658330652133,7.846658330652133,0.758931983580017,0.3785507754566355,1.7383940926471855,"{""3"": 23, ""4"": 22, ""2"": 21}",7.846658330652133,7.846628274038813,64.07212862863287,1e-05,True,40,development_isotonic_frozen
s1-i13,held_out,1,random_matched,b_saps_budgeted,1,0.01,8a4f20d215a3b9a1,"[[0, 1, 2, 3, 4, 5, 6, 7, 8, 9, 10, 11]]",0.758931983580017,-0.0,0.0,-0.8904307066889849,,0.0,7.846658330652133,7.846658330652133,0.758931983580017,0.3785507754566355,1.7383940926471855,"{""3"": 23, ""4"": 22, ""2"": 21}",7.846658330652133,7.846628274038813,64.07212862863287,1e-05,True,40,development_isotonic_frozen
s1-i13,held_out,1,random_matched,random_balanced,1,0.05,8a4f20d215a3b9a1,"[[0, 1, 2, 3, 4, 5, 6, 7, 8, 9, 10, 11]]",1.7195484984681046,-0.0,0.0,-0.8904307066889849,,0.0,7.846658330652133,7.846658330652133,1.7195484984681046,0.39342437652608897,0.0,"{""3"": 23, ""4"": 22, ""2"": 21}",7.846658330652133,7.846628274038813,64.07212862863287,1e-05,True,40,development_isotonic_frozen
s1-i13,held_out,1,random_matched,confidence,1,0.05,8a4f20d215a3b9a1,"[[0, 1, 2, 3, 4, 5, 6, 7, 8, 9, 10, 11]]",1.7195484984681046,-0.0,0.0,-0.8904307066889849,,0.0,7.846658330652133,7.846658330652133,1.7195484984681046,0.39342437652608897,0.0,"{""3"": 23, ""4"": 22, ""2"": 21}",7.846658330652133,7.846628274038813,64.07212862863287,1e-05,True,40,development_isotonic_frozen
s1-i13,held_out,1,random_matched,entropy,1,0.05,8a4f20d215a3b9a1,"[[0, 1, 2, 3, 4, 5, 6, 7, 8, 9, 10, 11]]",1.7195484984681046,-0.0,0.0,-0.8904307066889849,,0.0,7.846658330652133,7.846658330652133,1.7195484984681046,0.39342437652608897,0.0,"{""3"": 23, ""4"": 22, ""2"": 21}",7.846658330652133,7.846628274038813,64.07212862863287,1e-05,True,40,development_isotonic_frozen
s1-i13,held_out,1,random_matched,dependency_cmi,1,0.05,8a4f20d215a3b9a1,"[[0, 1, 2, 3, 4, 5, 6, 7, 8, 9, 10, 11]]",1.7195484984681046,-0.0,0.0,-0.8904307066889849,,0.0,7.846658330652133,7.846658330652133,1.7195484984681046,0.39342437652608897,0.0,"{""3"": 23, ""4"": 22, ""2"": 21}",7.846658330652133,7.846628274038813,64.07212862863287,1e-05,True,40,development_isotonic_frozen
s1-i13,held_out,1,random_matched,min_within_batch_tc,1,0.05,8a4f20d215a3b9a1,"[[0, 1, 2, 3, 4, 5, 6, 7, 8, 9, 10, 11]]",1.7195484984681046,-0.0,0.0,-0.8904307066889849,,0.0,7.846658330652133,7.846658330652133,1.7195484984681046,0.39342437652608897,0.0,"{""3"": 23, ""4"": 22, ""2"": 21}",7.846658330652133,7.846628274038813,64.07212862863287,1e-05,True,40,development_isotonic_frozen
s1-i13,held_out,1,random_matched,dprm_myopic,1,0.05,8a4f20d215a3b9a1,"[[0, 1, 2, 3, 4, 5, 6, 7, 8, 9, 10, 11]]",1.7195484984681046,-0.0,0.0,-0.8904307066889849,,0.0,7.846658330652133,7.846658330652133,1.7195484984681046,0.39342437652608897,0.0,"{""3"": 23, ""4"": 22, ""2"": 21}",7.846658330652133,7.846628274038813,64.07212862863287,1e-05,True,40,development_isotonic_frozen
s1-i13,held_out,1,random_matched,dprm_rollout,1,0.05,8a4f20d215a3b9a1,"[[0, 1, 2, 3, 4, 5, 6, 7, 8, 9, 10, 11]]",1.7195484984681046,-0.0,0.0,-0.8904307066889849,,0.0,7.846658330652133,7.846658330652133,1.7195484984681046,0.39342437652608897,0.0,"{""3"": 23, ""4"": 22, ""2"": 21}",7.846658330652133,7.846628274038813,64.07212862863287,1e-05,True,40,development_isotonic_frozen
s1-i13,held_out,1,random_matched,subset_exact,1,0.05,8a4f20d215a3b9a1,"[[0, 1, 2, 3, 4, 5, 6, 7, 8, 9, 10, 11]]",1.7195484984681046,-0.0,0.0,-0.8904307066889849,,0.0,7.846658330652133,7.846658330652133,1.7195484984681046,0.39342437652608897,0.0,"{""3"": 23, ""4"": 22, ""2"": 21}",7.846658330652133,7.846628274038813,64.07212862863287,1e-05,True,40,development_isotonic_frozen
s1-i13,held_out,1,random_matched,subset_beam_8,1,0.05,8a4f20d215a3b9a1,"[[0, 1, 2, 3, 4, 5, 6, 7, 8, 9, 10, 11]]",1.7195484984681046,-0.0,0.0,-0.8904307066889849,,0.0,7.846658330652133,7.846658330652133,1.7195484984681046,0.39342437652608897,0.0,"{""3"": 23, ""4"": 22, ""2"": 21}",7.846658330652133,7.846628274038813,64.07212862863287,1e-05,True,40,development_isotonic_frozen
s1-i13,held_out,1,random_matched,subset_beam_32,1,0.05,8a4f20d215a3b9a1,"[[0, 1, 2, 3, 4, 5, 6, 7, 8, 9, 10, 11]]",1.7195484984681046,-0.0,0.0,-0.8904307066889849,,0.0,7.846658330652133,7.846658330652133,1.7195484984681046,0.39342437652608897,0.0,"{""3"": 23, ""4"": 22, ""2"": 21}",7.846658330652133,7.846628274038813,64.07212862863287,1e-05,True,40,development_isotonic_frozen
s1-i13,held_out,1,random_matched,saps_diagonal,1,0.05,8a4f20d215a3b9a1,"[[0, 1, 2, 3, 4, 5, 6, 7, 8, 9, 10, 11]]",1.7195484984681046,-0.0,0.0,-0.8904307066889849,,0.0,7.846658330652133,7.846658330652133,1.7195484984681046,0.39342437652608897,0.0,"{""3"": 23, ""4"": 22, ""2"": 21}",7.846658330652133,7.846628274038813,64.07212862863287,1e-05,True,40,development_isotonic_frozen
s1-i13,held_out,1,random_matched,p_saps_residualized,1,0.05,8a4f20d215a3b9a1,"[[0, 1, 2, 3, 4, 5, 6, 7, 8, 9, 10, 11]]",1.7195484984681046,-0.0,0.0,-0.8904307066889849,,0.0,7.846658330652133,7.846658330652133,1.7195484984681046,0.39342437652608897,0.0,"{""3"": 23, ""4"": 22, ""2"": 21}",7.846658330652133,7.846628274038813,64.07212862863287,1e-05,True,40,development_isotonic_frozen
s1-i13,held_out,1,random_matched,p_saps_projection,1,0.05,8a4f20d215a3b9a1,"[[0, 1, 2, 3, 4, 5, 6, 7, 8, 9, 10, 11]]",1.7195484984681046,-0.0,0.0,-0.8904307066889849,,0.0,7.846658330652133,7.846658330652133,1.7195484984681046,0.39342437652608897,0.0,"{""3"": 23, ""4"": 22, ""2"": 21}",7.846658330652133,7.846628274038813,64.07212862863287,1e-05,True,40,development_isotonic_frozen
s1-i13,held_out,1,random_matched,b_saps_budgeted,1,0.05,8a4f20d215a3b9a1,"[[0, 1, 2, 3, 4, 5, 6, 7, 8, 9, 10, 11]]",1.7195484984681046,-0.0,0.0,-0.8904307066889849,,0.0,7.846658330652133,7.846658330652133,1.7195484984681046,0.39342437652608897,0.0,"{""3"": 23, ""4"": 22, ""2"": 21}",7.846658330652133,7.846628274038813,64.07212862863287,1e-05,True,40,development_isotonic_frozen
s1-i13,held_out,1,random_matched,random_balanced,1,0.15,8a4f20d215a3b9a1,"[[0, 1, 2, 3, 4, 5, 6, 7, 8, 9, 10, 11]]",4.8945686971641535,-0.0,0.0,-0.8904307066889849,,0.0,7.846658330652133,7.846658330652133,4.8945686971641535,0.13786182927706614,5.196172101092058,"{""3"": 23, ""4"": 22, ""2"": 21}",7.846658330652133,7.846628274038813,64.07212862863287,1e-05,True,40,development_isotonic_frozen
s1-i13,held_out,1,random_matched,confidence,1,0.15,8a4f20d215a3b9a1,"[[0, 1, 2, 3, 4, 5, 6, 7, 8, 9, 10, 11]]",4.8945686971641535,-0.0,0.0,-0.8904307066889849,,0.0,7.846658330652133,7.846658330652133,4.8945686971641535,0.13786182927706614,5.196172101092058,"{""3"": 23, ""4"": 22, ""2"": 21}",7.846658330652133,7.846628274038813,64.07212862863287,1e-05,True,40,development_isotonic_frozen
s1-i13,held_out,1,random_matched,entropy,1,0.15,8a4f20d215a3b9a1,"[[0, 1, 2, 3, 4, 5, 6, 7, 8, 9, 10, 11]]",4.8945686971641535,-0.0,0.0,-0.8904307066889849,,0.0,7.846658330652133,7.846658330652133,4.8945686971641535,0.13786182927706614,5.196172101092058,"{""3"": 23, ""4"": 22, ""2"": 21}",7.846658330652133,7.846628274038813,64.07212862863287,1e-05,True,40,development_isotonic_frozen
s1-i13,held_out,1,random_matched,dependency_cmi,1,0.15,8a4f20d215a3b9a1,"[[0, 1, 2, 3, 4, 5, 6, 7, 8, 9, 10, 11]]",4.8945686971641535,-0.0,0.0,-0.8904307066889849,,0.0,7.846658330652133,7.846658330652133,4.8945686971641535,0.13786182927706614,5.196172101092058,"{""3"": 23, ""4"": 22, ""2"": 21}",7.846658330652133,7.846628274038813,64.07212862863287,1e-05,True,40,development_isotonic_frozen
s1-i13,held_out,1,random_matched,min_within_batch_tc,1,0.15,8a4f20d215a3b9a1,"[[0, 1, 2, 3, 4, 5, 6, 7, 8, 9, 10, 11]]",4.8945686971641535,-0.0,0.0,-0.8904307066889849,,0.0,7.846658330652133,7.846658330652133,4.8945686971641535,0.13786182927706614,5.196172101092058,"{""3"": 23, ""4"": 22, ""2"": 21}",7.846658330652133,7.846628274038813,64.07212862863287,1e-05,True,40,development_isotonic_frozen
s1-i13,held_out,1,random_matched,dprm_myopic,1,0.15,8a4f20d215a3b9a1,"[[0, 1, 2, 3, 4, 5, 6, 7, 8, 9, 10, 11]]",4.8945686971641535,-0.0,0.0,-0.8904307066889849,,0.0,7.846658330652133,7.846658330652133,4.8945686971641535,0.13786182927706614,5.196172101092058,"{""3"": 23, ""4"": 22, ""2"": 21}",7.846658330652133,7.846628274038813,64.07212862863287,1e-05,True,40,development_isotonic_frozen
s1-i13,held_out,1,random_matched,dprm_rollout,1,0.15,8a4f20d215a3b9a1,"[[0, 1, 2, 3, 4, 5, 6, 7, 8, 9, 10, 11]]",4.8945686971641535,-0.0,0.0,-0.8904307066889849,,0.0,7.846658330652133,7.846658330652133,4.8945686971641535,0.13786182927706614,5.196172101092058,"{""3"": 23, ""4"": 22, ""2"": 21}",7.846658330652133,7.846628274038813,64.07212862863287,1e-05,True,40,development_isotonic_frozen
s1-i13,held_out,1,random_matched,subset_exact,1,0.15,8a4f20d215a3b9a1,"[[0, 1, 2, 3, 4, 5, 6, 7, 8, 9, 10, 11]]",4.8945686971641535,-0.0,0.0,-0.8904307066889849,,0.0,7.846658330652133,7.846658330652133,4.8945686971641535,0.13786182927706614,5.196172101092058,"{""3"": 23, ""4"": 22, ""2"": 21}",7.846658330652133,7.846628274038813,64.07212862863287,1e-05,True,40,development_isotonic_frozen
s1-i13,held_out,1,random_matched,subset_beam_8,1,0.15,8a4f20d215a3b9a1,"[[0, 1, 2, 3, 4, 5, 6, 7, 8, 9, 10, 11]]",4.8945686971641535,-0.0,0.0,-0.8904307066889849,,0.0,7.846658330652133,7.846658330652133,4.8945686971641535,0.13786182927706614,5.196172101092058,"{""3"": 23, ""4"": 22, ""2"": 21}",7.846658330652133,7.846628274038813,64.07212862863287,1e-05,True,40,development_isotonic_frozen
s1-i13,held_out,1,random_matched,subset_beam_32,1,0.15,8a4f20d215a3b9a1,"[[0, 1, 2, 3, 4, 5, 6, 7, 8, 9, 10, 11]]",4.8945686971641535,-0.0,0.0,-0.8904307066889849,,0.0,7.846658330652133,7.846658330652133,4.8945686971641535,0.13786182927706614,5.196172101092058,"{""3"": 23, ""4"": 22, ""2"": 21}",7.846658330652133,7.846628274038813,64.07212862863287,1e-05,True,40,development_isotonic_frozen
s1-i13,held_out,1,random_matched,saps_diagonal,1,0.15,8a4f20d215a3b9a1,"[[0, 1, 2, 3, 4, 5, 6, 7, 8, 9, 10, 11]]",4.8945686971641535,-0.0,0.0,-0.8904307066889849,,0.0,7.846658330652133,7.846658330652133,4.8945686971641535,0.13786182927706614,5.196172101092058,"{""3"": 23, ""4"": 22, ""2"": 21}",7.846658330652133,7.846628274038813,64.07212862863287,1e-05,True,40,development_isotonic_frozen
s1-i13,held_out,1,random_matched,p_saps_residualized,1,0.15,8a4f20d215a3b9a1,"[[0, 1, 2, 3, 4, 5, 6, 7, 8, 9, 10, 11]]",4.8945686971641535,-0.0,0.0,-0.8904307066889849,,0.0,7.846658330652133,7.846658330652133,4.8945686971641535,0.13786182927706614,5.196172101092058,"{""3"": 23, ""4"": 22, ""2"": 21}",7.846658330652133,7.846628274038813,64.07212862863287,1e-05,True,40,development_isotonic_frozen
s1-i13,held_out,1,random_matched,p_saps_projection,1,0.15,8a4f20d215a3b9a1,"[[0, 1, 2, 3, 4, 5, 6, 7, 8, 9, 10, 11]]",4.8945686971641535,-0.0,0.0,-0.8904307066889849,,0.0,7.846658330652133,7.846658330652133,4.8945686971641535,0.13786182927706614,5.196172101092058,"{""3"": 23, ""4"": 22, ""2"": 21}",7.846658330652133,7.846628274038813,64.07212862863287,1e-05,True,40,development_isotonic_frozen
s1-i13,held_out,1,random_matched,b_saps_budgeted,1,0.15,8a4f20d215a3b9a1,"[[0, 1, 2, 3, 4, 5, 6, 7, 8, 9, 10, 11]]",4.8945686971641535,-0.0,0.0,-0.8904307066889849,,0.0,7.846658330652133,7.846658330652133,4.8945686971641535,0.13786182927706614,5.196172101092058,"{""3"": 23, ""4"": 22, ""2"": 21}",7.846658330652133,7.846628274038813,64.07212862863287,1e-05,True,40,development_isotonic_frozen
s1-i13,held_out,1,random_matched,random_balanced,2,0.01,2be60f567c5b31c9,"[[0, 3, 8, 9, 10, 11], [1, 2, 4, 5, 6, 7]]",1.9931547043515596,-0.22453300436649606,0.5965344760923913,-0.3839240107976365,,24.0,8.870719107381282,8.870719107381282,1.8792601498171848,0.0,0.27980208830205755,"{""2"": 28, ""3"": 14, ""1"": 24}",8.870719107381282,8.870551526544244,55.94439179369263,1e-05,True,40,development_isotonic_frozen
s1-i13,held_out,1,random_matched,confidence,2,0.01,41eaa04616e2a1f5,"[[1, 3, 4, 8, 9, 10], [0, 2, 5, 6, 7, 11]]",1.9931547043515596,-0.19359886624912578,0.6499711190652508,-0.704750946090418,,31.0,10.25752200680201,10.25752200680201,2.0960978594114756,-0.5284029000692346,0.0,"{""2"": 27, ""1"": 31, ""4"": 3, ""3"": 5}",10.25752200680201,10.257404712728343,47.03576291562144,1e-05,True,40,development_isotonic_frozen
s1-i13,held_out,1,random_matched,entropy,2,0.01,945ea91a17da0d10,"[[1, 2, 3, 4, 8, 10], [0, 5, 6, 7, 9, 11]]",1.9931547043515596,-0.1982541981187811,0.6520275807623159,-0.34310510946213824,,29.0,6.397298280664,6.397298280664,1.9876790046143302,-0.4092588661818589,0.0,"{""1"": 29, ""2"": 26, ""3"": 9, ""4"": 2}",6.397298280664,6.397280864778132,42.39187637431197,1e-05,True,40,development_isotonic_frozen
s1-i13,held_out,1,random_matched,dependency_cmi,2,0.01,4ecc5063c2fcf500,"[[2, 7, 8, 9, 10, 11], [0, 1, 3, 4, 5, 6]]",1.9931547043515596,-0.24221047978965102,0.5704684873185765,-0.28186878143996125,,22.0,7.128662040618931,7.128662040618931,1.8431205315514698,0.0,0.3826210300343178,"{""2"": 29, ""4"": 3, ""3"": 12, ""1"": 22}",7.128662040618931,7.1286257799668675,55.1961218254791,1e-05,True,40,development_isotonic_frozen
s1-i13,held_out,1,random_matched,min_within_batch_tc,2,0.01,8a63b1f4fe531562,"[[6, 7, 8, 9, 10, 11], [0, 1, 2, 3, 4, 5]]",1.9931547043515596,-0.24178565244475583,0.5689547644621215,-0.5023740389578772,,20.0,8.251316979519851,8.251316979519851,1.8069809132857546,-0.5986750119801219,2.1343844701692465,"{""3"": 13, ""4"": 3, ""2"": 30, ""1"": 20}",8.251316979519851,8.251189648270195,52.477663167591096,1e-05,True,40,development_isotonic_frozen
s1-i13,held_out,1,random_matched,dprm_myopic,2,0.01,f18677097640b441,"[[0, 1, 3, 4, 6, 8], [2, 5, 7, 9, 10, 11]]",1.9931547043515596,-0.22244166585448713,0.6175923047783932,-0.5134207599620585,,34.0,7.248089267675687,7.248089267675687,2.023818622880045,0.0,1.7383940926471855,"{""1"": 34, ""4"": 5, ""2"": 22, ""3"": 5}",7.248089267675687,7.248074171948636,39.426348376206775,1e-05,True,40,development_isotonic_frozen
s1-i13,held_out,1,random_matched,dprm_rollout,2,0.01,0aa362a45f1627f6,"[[1, 2, 3, 4, 9, 11], [0, 5, 6, 7, 8, 10]]",1.9931547043515596,-0.24382183227668977,0.5871825940148657,-0.23655696141815682,,31.0,5.520043797439053,5.520043797439053,1.9876790046143302,0.0,0.0,"{""1"": 31, ""2"": 24, ""3"": 10, ""4"": 1}",5.520043797439053,5.520002028196487,38.06618078403911,1e-05,True,40,development_isotonic_frozen
s1-i13,held_out,1,random_matched,subset_exact,2,0.01,acc9e5657bade1b1,"[[0, 3, 5, 8, 10, 11], [1, 2, 4, 6, 7, 9]]",1.9931547043515596,-0.23862805819782154,0.5879507114701442,-0.33414986620367826,,21.0,7.336372512857258,7.336372512857258,1.951539386348615,0.0,-3.9087654590623595,"{""2"": 33, ""3"": 11, ""1"": 21, ""4"": 1}",7.336372512857258,7.335089093176584,53.93256683324902,1e-05,True,40,development_isotonic_frozen
s1-i13,held_out,1,random_matched,subset_beam_8,2,0.01,80d31662b4f9b339,"[[0, 2, 3, 5, 10, 11], [1, 4, 6, 7, 8, 9]]",1.9931547043515596,-0.26250954504396534,0.5632554174131658,-0.47025082608080016,,30.0,6.501263753177296,6.501263753177296,1.9876790046143302,-0.3540088976754035,0.2798020883020569,"{""1"": 30, ""2"": 25, ""3"": 11}",6.501263753177296,6.501200795632841,58.757644923554956,1e-05,True,40,development_isotonic_frozen
s1-i13,held_out,1,random_matched,subset_beam_32,2,0.01,acc9e5657bade1b1,"[[0, 3, 5, 8, 10, 11], [1, 2, 4, 6, 7, 9]]",1.9931547043515596,-0.23862805819782154,0.5879507114701442,-0.33414986620367826,,21.0,7.336372512857258,7.336372512857258,1.951539386348615,0.0,-3.9087654590623595,"{""2"": 33, ""3"": 11, ""1"": 21, ""4"": 1}",7.336372512857258,7.335089093176584,53.93256683324902,1e-05,True,40,development_isotonic_frozen
s1-i13,held_out,1,random_matched,saps_diagonal,2,0.01,52ee18e74d29bd0d,"[[0, 1, 3, 6, 8, 9], [2, 4, 5, 7, 10, 11]]",1.9931547043515596,-0.22895374766667143,0.5926427321366871,-0.45484319807845525,,34.0,5.306772111940347,5.306772111940347,2.1322374776771906,0.0,1.7383940926471857,"{""1"": 34, ""2"": 25, ""3"": 6, ""4"": 1}",5.306772111940347,5.306731541722572,43.85704810736646,1e-05,True,40,development_isotonic_frozen
s1-i13,held_out,1,random_matched,p_saps_residualized,2,0.01,f1f919773b9dd7aa,"[[1, 2, 4, 5, 10, 11], [0, 3, 6, 7, 8, 9]]",1.9931547043515596,-0.253367108167805,0.5872830389474794,-0.5285000120260551,,30.0,7.578193858431811,7.578193858431811,1.9153997680829,0.0,0.0,"{""1"": 30, ""2"": 23, ""3"": 12, ""4"": 1}",7.578193858431811,7.578115981994014,40.64717998527597,1e-05,True,80,development_isotonic_frozen
s1-i13,held_out,1,random_matched,p_saps_projection,2,0.01,24f4cc872b7fca86,"[[1, 4, 5, 8, 9, 11], [0, 2, 3, 6, 7, 10]]",1.9931547043515596,-0.24919429536438753,0.578513149464548,-0.4654965738092403,,28.0,11.143084737435114,11.143084737435114,2.276795950740051,-0.23987241500859047,0.0,"{""2"": 35, ""1"": 28, ""3"": 2, ""4"": 1}",11.143084737435114,11.142939030944737,43.14750337338919,1e-05,True,640,development_isotonic_frozen
s1-i13,held_out,1,random_matched,b_saps_budgeted,2,0.01,24f4cc872b7fca86,"[[1, 4, 5, 8, 9, 11], [0, 2, 3, 6, 7, 10]]",1.9931547043515596,-0.24919429536438753,0.578513149464548,-0.4654965738092403,,28.0,11.143084737435114,11.143084737435114,2.276795950740051,-0.23987241500859047,0.0,"{""2"": 35, ""1"": 28, ""3"": 2, ""4"": 1}",11.143084737435114,11.142939030944737,43.14750337338919,1e-05,True,40,development_isotonic_frozen
s1-i13,held_out,1,random_matched,random_balanced,2,0.05,2be60f567c5b31c9,"[[0, 3, 8, 9, 10, 11], [1, 2, 4, 5, 6, 7]]",5.200661158638015,-0.22453300436649606,0.5965344760923913,-0.3839240107976365,,24.0,8.870719107381282,8.870719107381282,4.885185556061353,0.25568311530245813,0.0,"{""2"": 28, ""3"": 14, ""1"": 24}",8.870719107381282,8.870551526544244,55.94439179369263,1e-05,True,40,development_isotonic_frozen
s1-i13,held_out,1,random_matched,confidence,2,0.05,41eaa04616e2a1f5,"[[1, 3, 4, 8, 9, 10], [0, 2, 5, 6, 7, 11]]",5.200661158638015,-0.19359886624912578,0.6499711190652508,-0.704750946090418,,31.0,10.25752200680201,10.25752200680201,5.559434776454282,-0.36302723686432814,0.0,"{""2"": 27, ""1"": 31, ""4"": 3, ""3"": 5}",10.25752200680201,10.257404712728343,47.03576291562144,1e-05,True,40,development_isotonic_frozen
s1-i13,held_out,1,random_matched,entropy,2,0.05,945ea91a17da0d10,"[[1, 2, 3, 4, 8, 10], [0, 5, 6, 7, 9, 11]]",5.200661158638015,-0.1982541981187811,0.6520275807623159,-0.34310510946213824,,29.0,6.397298280664,6.397298280664,5.261513662558254,0.0,-0.6145517148733859,"{""1"": 29, ""2"": 26, ""3"": 9, ""4"": 2}",6.397298280664,6.397280864778132,42.39187637431197,1e-05,True,40,development_isotonic_frozen
s1-i13,held_out,1,random_matched,dependency_cmi,2,0.05,4ecc5063c2fcf500,"[[2, 7, 8, 9, 10, 11], [0, 1, 3, 4, 5, 6]]",5.200661158638015,-0.24221047978965102,0.5704684873185765,-0.28186878143996125,,22.0,7.128662040618931,7.128662040618931,4.751030965828956,-1.017657109375676,-1.3618915627617838,"{""2"": 29, ""4"": 3, ""3"": 12, ""1"": 22}",7.128662040618931,7.1286257799668675,55.1961218254791,1e-05,True,40,development_isotonic_frozen
s1-i13,held_out,1,random_matched,min_within_batch_tc,2,0.05,8a63b1f4fe531562,"[[6, 7, 8, 9, 10, 11], [0, 1, 2, 3, 4, 5]]",5.200661158638015,-0.24178565244475583,0.5689547644621215,-0.5023740389578772,,20.0,8.251316979519851,8.251316979519851,4.616876375596558,-0.6705528968646421,0.0,"{""3"": 13, ""4"": 3, ""2"": 30, ""1"": 20}",8.251316979519851,8.251189648270195,52.477663167591096,1e-05,True,40,development_isotonic_frozen
s1-i13,held_out,1,random_matched,dprm_myopic,2,0.05,f18677097640b441,"[[0, 1, 3, 4, 6, 8], [2, 5, 7, 9, 10, 11]]",5.200661158638015,-0.22244166585448713,0.6175923047783932,-0.5134207599620585,,34.0,7.248089267675687,7.248089267675687,5.474075245391528,-0.3205742654773112,0.0,"{""1"": 34, ""4"": 5, ""2"": 22, ""3"": 5}",7.248089267675687,7.248074171948636,39.426348376206775,1e-05,True,40,development_isotonic_frozen
s1-i13,held_out,1,random_matched,dprm_rollout,2,0.05,141f1f1ab3154d55,"[[1, 2, 3, 4, 5, 7], [0, 6, 8, 9, 10, 11]]",5.200661158638015,-0.2540509494581799,0.580429030772727,-0.4083901469826113,,26.0,7.3727247289189,7.3727247289189,5.101223408125565,-0.16751023309831534,0.0,"{""1"": 26, ""2"": 28, ""3"": 10, ""4"": 2}",7.3727247289189,7.37268789686008,43.529347537831796,1e-05,True,40,development_isotonic_frozen
s1-i13,held_out,1,random_matched,subset_exact,2,0.05,199751485bb288e6,"[[0, 2, 3, 5, 7, 9], [1, 4, 6, 8, 10, 11]]",5.200661158638015,-0.2783522824368563,0.531620435253364,-0.5071781882659334,,30.0,8.690038790354492,8.690038790354492,5.369532588590361,0.0,-1.361891562761783,"{""1"": 30, ""2"": 26, ""3"": 10}",8.690038790354492,8.6897406870103,53.24780326793286,1e-05,True,40,development_isotonic_frozen
s1-i13,held_out,1,random_matched,subset_beam_8,2,0.05,8411799487c252dc,"[[4, 5, 7, 8, 9, 10], [0, 1, 2, 3, 6, 11]]",5.200661158638015,-0.2385053148004431,0.5894058810944672,-0.4116513288741852,,26.0,8.486788675871134,8.486788675871134,5.510639717284638,0.0,0.0,"{""3"": 7, ""2"": 33, ""1"": 26}",8.486788675871134,8.485148706309076,56.20732804571818,1e-05,True,40,development_isotonic_frozen
s1-i13,held_out,1,random_matched,subset_beam_32,2,0.05,8411799487c252dc,"[[4, 5, 7, 8, 9, 10], [0, 1, 2, 3, 6, 11]]",5.200661158638015,-0.2385053148004431,0.5894058810944672,-0.4116513288741852,,26.0,8.486788675871134,8.486788675871134,5.510639717284638,0.0,0.0,"{""3"": 7, ""2"": 33, ""1"": 26}",8.486788675871134,8.485148706309076,56.20732804571818,1e-05,True,40,development_isotonic_frozen
s1-i13,held_out,1,random_matched,saps_diagonal,2,0.05,52ee18e74d29bd0d,"[[0, 1, 3, 6, 8, 9], [2, 4, 5, 7, 10, 11]]",5.200661158638015,-0.22895374766667143,0.5926427321366871,-0.45484319807845525,,34.0,5.306772111940347,5.306772111940347,5.719725030886971,0.023522562552589457,-1.1763135992158844,"{""1"": 34, ""2"": 25, ""3"": 6, ""4"": 1}",5.306772111940347,5.306731541722572,43.85704810736646,1e-05,True,40,development_isotonic_frozen
s1-i13,held_out,1,random_matched,p_saps_residualized,2,0.05,f1f919773b9dd7aa,"[[1, 2, 4, 5, 10, 11], [0, 3, 6, 7, 8, 9]]",5.200661158638015,-0.253367108167805,0.5872830389474794,-0.5285000120260551,,30.0,7.578193858431811,7.578193858431811,5.123882803094918,1.560056979561058,-1.4647105044940432,"{""1"": 30, ""2"": 23, ""3"": 12, ""4"": 1}",7.578193858431811,7.578115981994014,40.64717998527597,1e-05,True,80,development_isotonic_frozen
s1-i13,held_out,1,random_matched,p_saps_projection,2,0.05,0a35bfe7a857e2fe,"[[1, 3, 4, 7, 9, 10], [0, 2, 5, 6, 8, 11]]",5.200661158638015,-0.21559188971447285,0.6204215172378189,-0.7542376936583964,,29.0,10.520897800989347,10.520897800989347,5.34339692439007,0.49880498616711477,0.0,"{""2"": 27, ""1"": 29, ""4"": 3, ""3"": 7}",10.520897800989347,10.520791861983064,46.623293060140895,1e-05,True,640,development_isotonic_frozen
s1-i13,held_out,1,random_matched,b_saps_budgeted,2,0.05,d7bf0baadeacca99,"[[1, 4, 5, 6, 8, 9], [0, 2, 3, 7, 10, 11]]",5.200661158638015,-0.24679199475045377,0.5836839357586546,-0.3396454416138266,,33.0,9.437701300139867,9.437701300139867,6.021122414013937,0.0,-0.04579438130704894,"{""2"": 30, ""1"": 33, ""3"": 3}",9.437701300139867,9.43763082412736,38.454754267056344,1e-05,True,40,development_isotonic_frozen
s1-i13,held_out,1,random_matched,random_balanced,2,0.15,2be60f567c5b31c9,"[[0, 3, 8, 9, 10, 11], [1, 2, 4, 5, 6, 7]]",11.475190495451809,-0.22453300436649606,0.5965344760923913,-0.3839240107976365,,24.0,8.870719107381282,8.870719107381282,10.867928146718965,-0.8414758121659587,2.356446608444865,"{""2"": 28, ""3"": 14, ""1"": 24}",8.870719107381282,8.870551526544244,55.94439179369263,1e-05,True,40,development_isotonic_frozen
s1-i13,held_out,1,random_matched,confidence,2,0.15,41eaa04616e2a1f5,"[[1, 3, 4, 8, 9, 10], [0, 2, 5, 6, 7, 11]]",11.475190495451809,-0.19359886624912578,0.6499711190652508,-0.704750946090418,,31.0,10.25752200680201,10.25752200680201,12.024062233729573,1.3918424813383994,3.2993679753943854,"{""2"": 27, ""1"": 31, ""4"": 3, ""3"": 5}",10.25752200680201,10.257404712728343,47.03576291562144,1e-05,True,40,development_isotonic_frozen
s1-i13,held_out,1,random_matched,entropy,2,0.15,945ea91a17da0d10,"[[1, 2, 3, 4, 8, 10], [0, 5, 6, 7, 9, 11]]",11.475190495451809,-0.1982541981187811,0.6520275807623159,-0.34310510946213824,,29.0,6.397298280664,6.397298280664,11.445995190224268,-0.09291751703517272,7.707673027287406,"{""1"": 29, ""2"": 26, ""3"": 9, ""4"": 2}",6.397298280664,6.397280864778132,42.39187637431197,1e-05,True,40,development_isotonic_frozen
s1-i13,held_out,1,random_matched,dependency_cmi,2,0.15,4ecc5063c2fcf500,"[[2, 7, 8, 9, 10, 11], [0, 1, 3, 4, 5, 6]]",11.475190495451809,-0.24221047978965102,0.5704684873185765,-0.28186878143996125,,22.0,7.128662040618931,7.128662040618931,10.675239132217197,-0.6504943325783175,1.5847868743824458,"{""2"": 29, ""4"": 3, ""3"": 12, ""1"": 22}",7.128662040618931,7.1286257799668675,55.1961218254791,1e-05,True,40,development_isotonic_frozen
s1-i13,held_out,1,random_matched,min_within_batch_tc,2,0.15,8a63b1f4fe531562,"[[6, 7, 8, 9, 10, 11], [0, 1, 2, 3, 4, 5]]",11.475190495451809,-0.24178565244475583,0.5689547644621215,-0.5023740389578772,,20.0,8.251316979519851,8.251316979519851,10.482550117715428,0.0,4.344045131304705,"{""3"": 13, ""4"": 3, ""2"": 30, ""1"": 20}",8.251316979519851,8.251189648270195,52.477663167591096,1e-05,True,40,development_isotonic_frozen
s1-i13,held_out,1,random_matched,dprm_myopic,2,0.15,f18677097640b441,"[[0, 1, 3, 4, 6, 8], [2, 5, 7, 9, 10, 11]]",11.475190495451809,-0.22244166585448713,0.6175923047783932,-0.5134207599620585,,34.0,7.248089267675687,7.248089267675687,11.638684204726037,-0.006843214237046091,2.5299937752746042,"{""1"": 34, ""4"": 5, ""2"": 22, ""3"": 5}",7.248089267675687,7.248074171948636,39.426348376206775,1e-05,True,40,development_isotonic_frozen
s1-i13,held_out,1,random_matched,dprm_rollout,2,0.15,690938117157b9c9,"[[0, 1, 5, 7, 10, 11], [2, 3, 4, 6, 8, 9]]",11.475190495451809,-0.2628943476370675,0.5580227889477621,-0.3243927583970986,,28.0,8.846280854034546,8.846280854034546,11.638684204726037,0.0,6.8209467959157655,"{""1"": 28, ""2"": 28, ""3"": 9, ""4"": 1}",8.846280854034546,8.845656599877096,49.14916995670293,1e-05,True,40,development_isotonic_frozen
s1-i13,held_out,1,random_matched,subset_exact,2,0.15,3b61e263ad23006f,"[[1, 2, 4, 5, 7, 8], [0, 3, 6, 9, 10, 11]]",11.475190495451809,-0.24998369058420744,0.5823998125417214,-0.2811969468478405,,28.0,6.920441793776949,6.920441793776949,12.024062233729573,-1.3209473130986338,8.095479803566171,"{""1"": 28, ""2"": 30, ""3"": 8}",6.920441793776949,6.920416754854749,49.21977321817133,1e-05,True,40,development_isotonic_frozen
s1-i13,held_out,1,random_matched,subset_beam_8,2,0.15,59afa4f80ae2f28d,"[[2, 4, 7, 8, 9, 11], [0, 1, 3, 5, 6, 10]]",11.475190495451809,-0.2554070720201931,0.5619528764203726,-0.2134625583563616,,26.0,5.845103568638608,5.845103568638608,11.445995190224268,0.0767321521111648,9.245685518156742,"{""2"": 29, ""3"": 11, ""1"": 26}",5.845103568638608,5.845062370698371,60.863867926962556,1e-05,True,40,development_isotonic_frozen
s1-i13,held_out,1,random_matched,subset_beam_32,2,0.15,3b61e263ad23006f,"[[1, 2, 4, 5, 7, 8], [0, 3, 6, 9, 10, 11]]",11.475190495451809,-0.24998369058420744,0.5823998125417214,-0.2811969468478405,,28.0,6.920441793776949,6.920441793776949,12.024062233729573,-1.3209473130986338,8.095479803566171,"{""1"": 28, ""2"": 30, ""3"": 8}",6.920441793776949,6.920416754854749,49.21977321817133,1e-05,True,40,development_isotonic_frozen
s1-i13,held_out,1,random_matched,saps_diagonal,2,0.15,52ee18e74d29bd0d,"[[0, 1, 3, 6, 8, 9], [2, 4, 5, 7, 10, 11]]",11.475190495451809,-0.22895374766667143,0.5926427321366871,-0.45484319807845525,,34.0,5.306772111940347,5.306772111940347,12.21675124823134,0.6984515673342113,-0.3228402213042195,"{""1"": 34, ""2"": 25, ""3"": 6, ""4"": 1}",5.306772111940347,5.306731541722572,43.85704810736646,1e-05,True,40,development_isotonic_frozen
s1-i13,held_out,1,random_matched,p_saps_residualized,2,0.15,f1f919773b9dd7aa,"[[1, 2, 4, 5, 10, 11], [0, 3, 6, 7, 8, 9]]",11.475190495451809,-0.253367108167805,0.5872830389474794,-0.5285000120260551,,30.0,7.578193858431811,7.578193858431811,11.060617161220732,0.14449816895007583,5.199639528265726,"{""1"": 30, ""2"": 23, ""3"": 12, ""4"": 1}",7.578193858431811,7.578115981994014,40.64717998527597,1e-05,True,80,development_isotonic_frozen
s1-i13,held_out,1,random_matched,p_saps_projection,2,0.15,24f4cc872b7fca86,"[[1, 4, 5, 8, 9, 11], [0, 2, 3, 6, 7, 10]]",11.475190495451809,-0.24919429536438753,0.578513149464548,-0.4654965738092403,,28.0,11.143084737435114,11.143084737435114,12.987507306238413,-0.1033102375086985,6.511265692520052,"{""2"": 35, ""1"": 28, ""3"": 2, ""4"": 1}",11.143084737435114,11.142939030944737,43.14750337338919,1e-05,True,640,development_isotonic_frozen
s1-i13,held_out,1,random_matched,b_saps_budgeted,2,0.15,24f4cc872b7fca86,"[[1, 4, 5, 8, 9, 11], [0, 2, 3, 6, 7, 10]]",11.475190495451809,-0.24919429536438753,0.578513149464548,-0.4654965738092403,,28.0,11.143084737435114,11.143084737435114,12.987507306238413,-0.1033102375086985,6.511265692520052,"{""2"": 35, ""1"": 28, ""3"": 2, ""4"": 1}",11.143084737435114,11.142939030944737,43.14750337338919,1e-05,True,40,development_isotonic_frozen
s1-i13,held_out,1,random_matched,random_balanced,3,0.01,461f1cd5962b9fb4,"[[3, 9, 10, 11], [0, 5, 7, 8], [1, 2, 4, 6]]",2.2579595436439814,-0.48025046499178975,1.1543919553226614,-0.1980189494049006,,34.0,11.708900405748048,11.708900405748048,2.312935569005766,0.0,0.0,"{""2"": 30, ""1"": 34, ""3"": 2}",11.708900405748048,11.708743927062033,53.572927051768076,1e-05,True,40,development_isotonic_frozen
s1-i13,held_out,1,random_matched,confidence,3,0.01,9c40e45abfc93f38,"[[1, 3, 8, 10], [4, 6, 7, 9], [0, 2, 5, 11]]",2.2579595436439814,-0.40070718732405447,1.2727375582560174,-0.4367093697711411,,44.0,9.03726343841505,9.03726343841505,2.2045167142086206,0.0,5.136624860985647,"{""2"": 17, ""1"": 44, ""3"": 4, ""4"": 1}",9.03726343841505,9.036727842971501,41.688676153153956,1e-05,True,40,development_isotonic_frozen
s1-i13,held_out,1,random_matched,entropy,3,0.01,f0fe0596314c143d,"[[3, 4, 8, 10], [0, 1, 2, 6], [5, 7, 9, 11]]",2.2579595436439814,-0.4138728200591591,1.2786824157905203,-0.41675353234632373,,44.0,7.168461261225879,7.168461261225879,2.312935569005766,-0.403238380743927,2.5209903655762003,"{""3"": 2, ""2"": 20, ""1"": 44}",7.168461261225879,7.161685531077879,31.481240656428593,1e-05,True,40,development_isotonic_frozen
s1-i13,held_out,1,random_matched,dependency_cmi,3,0.01,20b2c4369831419a,"[[2, 7, 9, 10], [1, 6, 8, 11], [0, 3, 4, 5]]",2.2579595436439814,-0.48835918381323956,1.1437586584673152,-0.020850418549151616,,40.0,9.166060154176952,9.166060154176952,2.2045167142086206,0.0,0.27980208830205755,"{""1"": 40, ""3"": 5, ""2"": 21}",9.166060154176952,9.16595836889071,46.89725696980145,1e-05,True,40,development_isotonic_frozen
s1-i13,held_out,1,random_matched,min_within_batch_tc,3,0.01,75c8b234b7937f1c,"[[6, 7, 9, 11], [0, 5, 8, 10], [1, 2, 3, 4]]",2.2579595436439814,-0.541504808777927,1.0696524554204847,-0.1675421737439925,,37.0,6.338534224343293,6.338534224343293,2.05995824114576,0.0,0.0,"{""2"": 20, ""3"": 9, ""1"": 37}",6.338534224343293,6.337918444434891,58.00414243866005,1e-05,True,40,development_isotonic_frozen
s1-i13,held_out,1,random_matched,dprm_myopic,3,0.01,22b7379fb9bf6c13,"[[0, 1, 3, 4], [5, 6, 7, 11], [2, 8, 9, 10]]",2.2579595436439814,-0.5025998645960691,1.1651287010589573,-0.31791469418569457,,42.0,7.833887508129819,7.833887508129819,2.349075187271481,0.0,-1.178906768993654,"{""1"": 42, ""4"": 1, ""2"": 23}",7.833887508129819,7.833829513455149,35.187679602027444,1e-05,True,40,development_isotonic_frozen
s1-i13,held_out,1,random_matched,dprm_rollout,3,0.01,30832f2c03bc2938,"[[0, 1, 2, 7], [3, 4, 5, 6], [8, 9, 10, 11]]",2.2579595436439814,-0.5297155696002446,1.1213412792064401,-0.1922465312414763,,40.0,6.284653832720879,6.284653832720879,2.2045167142086206,0.0,4.259384458223386,"{""3"": 4, ""2"": 21, ""1"": 40, ""4"": 1}",6.284653832720879,6.284619076545578,33.961318325213355,1e-05,True,40,development_isotonic_frozen
s1-i13,held_out,1,random_matched,subset_exact,3,0.01,f2c7a21ea91cb93e,"[[0, 2, 10, 11], [1, 3, 4, 8], [5, 6, 7, 9]]",2.2579595436439814,-0.47336401161050584,1.195001371771625,-0.2885747522005782,,44.0,5.742417854436908,5.742417854436908,2.2045167142086206,0.0,0.27980208830205755,"{""1"": 44, ""3"": 4, ""2"": 17, ""4"": 1}",5.742417854436908,5.742398679458704,32.67863290960049,1e-05,True,40,development_isotonic_frozen
s1-i13,held_out,1,random_matched,subset_beam_8,3,0.01,026d331ef2eb946f,"[[0, 3, 10, 11], [1, 4, 6, 8], [2, 5, 7, 9]]",2.2579595436439814,-0.45312495629343924,1.2162121612031542,-0.26531381382503566,,41.0,5.787074046715301,5.787074046715301,2.2045167142086206,0.0,0.27980208830205755,"{""1"": 41, ""2"": 20, ""3"": 5}",5.787074046715301,5.77560373156841,42.71115399321891,1e-05,True,40,development_isotonic_frozen
s1-i13,held_out,1,random_matched,subset_beam_32,3,0.01,f2c7a21ea91cb93e,"[[0, 2, 10, 11], [1, 3, 4, 8], [5, 6, 7, 9]]",2.2579595436439814,-0.47336401161050584,1.195001371771625,-0.2885747522005782,,44.0,5.742417854436908,5.742417854436908,2.2045167142086206,0.0,0.27980208830205755,"{""1"": 44, ""3"": 4, ""2"": 17, ""4"": 1}",5.742417854436908,5.742398679458704,32.67863290960049,1e-05,True,40,development_isotonic_frozen
s1-i13,held_out,1,random_matched,saps_diagonal,3,0.01,cda25672edc82cbd,"[[1, 3, 4, 10], [0, 5, 7, 8], [2, 6, 9, 11]]",2.2579595436439814,-0.4281894308327991,1.262352502093265,-0.3151274083391085,,50.0,9.091707189724035,9.091707189724035,2.276795950740051,0.0,0.7910516082869483,"{""1"": 50, ""2"": 13, ""3"": 3}",9.091707189724035,9.091502935857534,41.14402324557709,1e-05,True,40,development_isotonic_frozen
s1-i13,held_out,1,random_matched,p_saps_residualized,3,0.01,d76d3a14d779c0f9,"[[0, 1, 5, 9], [2, 4, 8, 11], [3, 6, 7, 10]]",2.2579595436439814,-0.5319565963241591,1.1130967405087924,-0.1927300637049576,,44.0,5.415650571327772,5.415650571327772,2.312935569005766,0.0,0.7910516082869486,"{""1"": 44, ""2"": 20, ""3"": 2}",5.415650571327772,5.41521987938644,33.961970870832324,1e-05,True,80,development_isotonic_frozen
s1-i13,held_out,1,random_matched,p_saps_projection,3,0.01,ac4e0d02e246bc34,"[[0, 3, 5, 9], [1, 6, 8, 11], [2, 4, 7, 10]]",2.2579595436439814,-0.5206116887150333,1.1117927396906306,-0.06816433160890979,,50.0,10.752912871488558,10.752912871488558,2.240656332474336,0.0,-2.637498773338783,"{""1"": 50, ""3"": 4, ""2"": 12}",10.752912871488558,10.752773329881936,46.066220757618616,1e-05,True,640,development_isotonic_frozen
s1-i13,held_out,1,random_matched,b_saps_budgeted,3,0.01,7057c7550d5e7718,"[[3, 4, 9, 11], [0, 5, 7, 8], [1, 2, 6, 10]]",2.2579595436439814,-0.5066436494528738,1.1373607335262537,-0.14591740086825716,,41.0,6.886660725367021,6.886660725367021,2.385214805537196,0.0,0.27980208830205755,"{""2"": 25, ""1"": 41}",6.886660725367021,6.885883660538354,53.12376118446116,1e-05,True,40,development_isotonic_frozen
s1-i13,held_out,1,random_matched,random_balanced,3,0.05,461f1cd5962b9fb4,"[[3, 9, 10, 11], [0, 5, 7, 8], [1, 2, 4, 6]]",6.165511861910957,-0.48025046499178975,1.1543919553226614,-0.1980189494049006,,34.0,11.708900405748048,11.708900405748048,6.1291413400460435,0.0,2.081628804290119,"{""2"": 30, ""1"": 34, ""3"": 2}",11.708900405748048,11.708743927062033,53.572927051768076,1e-05,True,40,development_isotonic_frozen
s1-i13,held_out,1,random_matched,confidence,3,0.05,9c40e45abfc93f38,"[[1, 3, 8, 10], [4, 6, 7, 9], [0, 2, 5, 11]]",6.165511861910957,-0.40070718732405447,1.2727375582560174,-0.4367093697711411,,44.0,9.03726343841505,9.03726343841505,6.144848196553516,-2.245646303809808,0.8182500972658975,"{""2"": 17, ""1"": 44, ""3"": 4, ""4"": 1}",9.03726343841505,9.036727842971501,41.688676153153956,1e-05,True,40,development_isotonic_frozen
s1-i13,held_out,1,random_matched,entropy,3,0.05,f0fe0596314c143d,"[[3, 4, 8, 10], [0, 1, 2, 6], [5, 7, 9, 11]]",6.165511861910957,-0.4138728200591591,1.2786824157905203,-0.41675353234632373,,44.0,7.168461261225879,7.168461261225879,6.390497982048959,0.015616703670563947,0.8182500972658975,"{""3"": 2, ""2"": 20, ""1"": 44}",7.168461261225879,7.161685531077879,31.481240656428593,1e-05,True,40,development_isotonic_frozen
s1-i13,held_out,1,random_matched,dependency_cmi,3,0.05,20b2c4369831419a,"[[2, 7, 9, 10], [1, 6, 8, 11], [0, 3, 4, 5]]",6.165511861910957,-0.48835918381323956,1.1437586584673152,-0.020850418549151616,,40.0,9.166060154176952,9.166060154176952,6.0403055397523495,0.0,1.3472019391004872,"{""1"": 40, ""3"": 5, ""2"": 21}",9.166060154176952,9.16595836889071,46.89725696980145,1e-05,True,40,development_isotonic_frozen
s1-i13,held_out,1,random_matched,min_within_batch_tc,3,0.05,75c8b234b7937f1c,"[[6, 7, 9, 11], [0, 5, 8, 10], [1, 2, 3, 4]]",6.165511861910957,-0.541504808777927,1.0696524554204847,-0.1675421737439925,,37.0,6.338534224343293,6.338534224343293,5.6343654998242165,-1.1411177331825302,-3.341765635582269,"{""2"": 20, ""3"": 9, ""1"": 37}",6.338534224343293,6.337918444434891,58.00414243866005,1e-05,True,40,development_isotonic_frozen
s1-i13,held_out,1,random_matched,dprm_myopic,3,0.05,22b7379fb9bf6c13,"[[0, 1, 3, 4], [5, 6, 7, 11], [2, 8, 9, 10]]",6.165511861910957,-0.5025998645960691,1.1651287010589573,-0.31791469418569457,,42.0,7.833887508129819,7.833887508129819,6.420109915480191,-0.013355773347338618,0.8182500972658975,"{""1"": 42, ""4"": 1, ""2"": 23}",7.833887508129819,7.833829513455149,35.187679602027444,1e-05,True,40,development_isotonic_frozen
s1-i13,held_out,1,random_matched,dprm_rollout,3,0.05,9af0175c72fe2cf2,"[[0, 1, 2, 10], [3, 4, 5, 9], [6, 7, 8, 11]]",6.165511861910957,-0.4805339800123149,1.1933245995924269,-0.23969635986371454,,39.0,7.469186137190456,7.469186137190456,6.177936399215687,0.0,0.1382792810999538,"{""3"": 3, ""2"": 24, ""1"": 39}",7.469186137190456,7.4689837282157825,33.33191587197497,1e-05,True,40,development_isotonic_frozen
s1-i13,held_out,1,random_matched,subset_exact,3,0.05,d0473219da04a0a3,"[[3, 5, 9, 11], [1, 4, 8, 10], [0, 2, 6, 7]]",6.165511861910957,-0.48698599139830656,1.1639494487532553,-0.40049681191456826,,39.0,10.706848214951107,10.706848214951107,6.096053137383873,0.5057458043459441,0.0,"{""2"": 23, ""1"": 39, ""3"": 4}",10.706848214951107,10.706238255911114,36.06119010025128,1e-05,True,40,development_isotonic_frozen
s1-i13,held_out,1,random_matched,subset_beam_8,3,0.05,8c8c9205175ea9a4,"[[1, 3, 5, 9], [4, 6, 8, 10], [0, 2, 7, 11]]",6.165511861910957,-0.4650652555170618,1.198150935790958,-0.19360988457723102,,42.0,10.170255495866357,10.170255495866357,6.338226653648376,0.0,-1.3618915627617838,"{""2"": 22, ""1"": 42, ""3"": 2}",10.170255495866357,10.170067368921693,39.449245658481935,1e-05,True,40,development_isotonic_frozen
s1-i13,held_out,1,random_matched,subset_beam_32,3,0.05,d0473219da04a0a3,"[[3, 5, 9, 11], [1, 4, 8, 10], [0, 2, 6, 7]]",6.165511861910957,-0.48698599139830656,1.1639494487532553,-0.40049681191456826,,39.0,10.706848214951107,10.706848214951107,6.096053137383873,0.5057458043459441,0.0,"{""2"": 23, ""1"": 39, ""3"": 4}",10.706848214951107,10.706238255911114,36.06119010025128,1e-05,True,40,development_isotonic_frozen
s1-i13,held_out,1,random_matched,saps_diagonal,3,0.05,cda25672edc82cbd,"[[1, 3, 4, 10], [0, 5, 7, 8], [2, 6, 9, 11]]",6.165511861910957,-0.4281894308327991,1.262352502093265,-0.3151274083391085,,50.0,9.091707189724035,9.091707189724035,6.465428705418895,-0.7380458070632689,2.8176935921853903,"{""1"": 50, ""2"": 13, ""3"": 3}",9.091707189724035,9.091502935857534,41.14402324557709,1e-05,True,40,development_isotonic_frozen
s1-i13,held_out,1,random_matched,p_saps_residualized,3,0.05,d76d3a14d779c0f9,"[[0, 1, 5, 9], [2, 4, 8, 11], [3, 6, 7, 10]]",6.165511861910957,-0.5319565963241591,1.1130967405087924,-0.1927300637049576,,44.0,5.415650571327772,5.415650571327772,6.390497982048959,-0.03975899911932927,0.0,"{""1"": 44, ""2"": 20, ""3"": 2}",5.415650571327772,5.41521987938644,33.961970870832324,1e-05,True,80,development_isotonic_frozen
s1-i13,held_out,1,random_matched,p_saps_projection,3,0.05,ac4e0d02e246bc34,"[[0, 3, 5, 9], [1, 6, 8, 11], [2, 4, 7, 10]]",6.165511861910957,-0.5206116887150333,1.1117927396906306,-0.06816433160890979,,50.0,10.752912871488558,10.752912871488558,6.383545443587081,0.47903603653184323,-1.3618915627617838,"{""1"": 50, ""3"": 4, ""2"": 12}",10.752912871488558,10.752773329881936,46.066220757618616,1e-05,True,640,development_isotonic_frozen
s1-i13,held_out,1,random_matched,b_saps_budgeted,3,0.05,8618063cf39eaf21,"[[2, 3, 8, 9], [0, 4, 5, 7], [1, 6, 10, 11]]",6.165511861910957,-0.48997462975049233,1.1525319349397145,-0.053244416617271924,,50.0,6.8017922000911675,6.8017922000911675,6.711078490914338,0.0,0.0,"{""1"": 50, ""2"": 16}",6.8017922000911675,6.762159425499764,47.96636790781764,1e-05,True,40,development_isotonic_frozen
s1-i13,held_out,1,random_matched,random_balanced,3,0.15,461f1cd5962b9fb4,"[[3, 9, 10, 11], [0, 5, 7, 8], [1, 2, 4, 6]]",12.887075456255673,-0.48025046499178975,1.1543919553226614,-0.1980189494049006,,34.0,11.708900405748048,11.708900405748048,13.180196320740182,1.1134677437375275,-1.2677652085952071,"{""2"": 30, ""1"": 34, ""3"": 2}",11.708900405748048,11.708743927062033,53.572927051768076,1e-05,True,40,development_isotonic_frozen
s1-i13,held_out,1,random_matched,confidence,3,0.15,9c40e45abfc93f38,"[[1, 3, 8, 10], [4, 6, 7, 9], [0, 2, 5, 11]]",12.887075456255673,-0.40070718732405447,1.2727375582560174,-0.4367093697711411,,44.0,9.03726343841505,9.03726343841505,12.602129277234877,0.20940291918975656,5.734622994683102,"{""2"": 17, ""1"": 44, ""3"": 4, ""4"": 1}",9.03726343841505,9.036727842971501,41.688676153153956,1e-05,True,40,development_isotonic_frozen
s1-i13,held_out,1,random_matched,entropy,3,0.15,f0fe0596314c143d,"[[3, 4, 8, 10], [0, 1, 2, 6], [5, 7, 9, 11]]",12.887075456255673,-0.4138728200591591,1.2786824157905203,-0.41675353234632373,,44.0,7.168461261225879,7.168461261225879,13.180196320740182,0.5881309476746124,5.432201851989925,"{""3"": 2, ""2"": 20, ""1"": 44}",7.168461261225879,7.161685531077879,31.481240656428593,1e-05,True,40,development_isotonic_frozen
s1-i13,held_out,1,random_matched,dependency_cmi,3,0.15,20b2c4369831419a,"[[2, 7, 9, 10], [1, 6, 8, 11], [0, 3, 4, 5]]",12.887075456255673,-0.48835918381323956,1.1437586584673152,-0.020850418549151616,,40.0,9.166060154176952,9.166060154176952,12.602129277234877,-1.497841825821125,5.143170949811111,"{""1"": 40, ""3"": 5, ""2"": 21}",9.166060154176952,9.16595836889071,46.89725696980145,1e-05,True,40,development_isotonic_frozen
s1-i13,held_out,1,random_matched,min_within_batch_tc,3,0.15,75c8b234b7937f1c,"[[6, 7, 9, 11], [0, 5, 8, 10], [1, 2, 3, 4]]",12.887075456255673,-0.541504808777927,1.0696524554204847,-0.1675421737439925,,37.0,6.338534224343293,6.338534224343293,11.831373219227805,1.853827932555145,0.4970399358437607,"{""2"": 20, ""3"": 9, ""1"": 37}",6.338534224343293,6.337918444434891,58.00414243866005,1e-05,True,40,development_isotonic_frozen
s1-i13,held_out,1,random_matched,dprm_myopic,3,0.15,22b7379fb9bf6c13,"[[0, 1, 3, 4], [5, 6, 7, 11], [2, 8, 9, 10]]",12.887075456255673,-0.5025998645960691,1.1651287010589573,-0.31791469418569457,,42.0,7.833887508129819,7.833887508129819,13.37288533524195,0.024259690977895494,4.852883252529471,"{""1"": 42, ""4"": 1, ""2"": 23}",7.833887508129819,7.833829513455149,35.187679602027444,1e-05,True,40,development_isotonic_frozen
s1-i13,held_out,1,random_matched,dprm_rollout,3,0.15,a3e293182dd581af,"[[4, 9, 10, 11], [0, 1, 3, 6], [2, 5, 7, 8]]",12.887075456255673,-0.4760943045223847,1.1890853736933253,-0.3983891708804215,,42.0,8.095404986079075,8.095404986079075,12.987507306238413,0.0,2.513388449870978,"{""1"": 42, ""3"": 3, ""2"": 21}",8.095404986079075,7.806758894947645,42.69774783239706,1e-05,True,40,development_isotonic_frozen
s1-i13,held_out,1,random_matched,subset_exact,3,0.15,135fbf845ffcd874,"[[2, 3, 4, 8], [1, 6, 7, 10], [0, 5, 9, 11]]",12.887075456255673,-0.4361000734225242,1.2439322174618443,-0.11671755705848672,,41.0,5.114202091586861,5.114202091586861,13.180196320740182,0.522754738483023,7.51171483146684,"{""1"": 41, ""2"": 23, ""3"": 2}",5.114202091586861,5.112591678844313,34.872370900037225,1e-05,True,40,development_isotonic_frozen
s1-i13,held_out,1,random_matched,subset_beam_8,3,0.15,dbc60a5a1c4a19de,"[[1, 2, 5, 7], [3, 4, 8, 10], [0, 6, 9, 11]]",12.887075456255673,-0.49083804781184526,1.171344454212652,-0.26591654663841463,,37.0,6.847546544486606,6.847546544486606,12.602129277234877,-0.053462256682065626,0.6415408626878998,"{""1"": 37, ""2"": 24, ""3"": 5}",6.847546544486606,6.847493879835493,35.46905561980971,1e-05,True,40,development_isotonic_frozen
s1-i13,held_out,1,random_matched,subset_beam_32,3,0.15,135fbf845ffcd874,"[[2, 3, 4, 8], [1, 6, 7, 10], [0, 5, 9, 11]]",12.887075456255673,-0.4361000734225242,1.2439322174618443,-0.11671755705848672,,41.0,5.114202091586861,5.114202091586861,13.180196320740182,0.522754738483023,7.51171483146684,"{""1"": 41, ""2"": 23, ""3"": 2}",5.114202091586861,5.112591678844313,34.872370900037225,1e-05,True,40,development_isotonic_frozen
s1-i13,held_out,1,random_matched,saps_diagonal,3,0.15,cda25672edc82cbd,"[[1, 3, 4, 10], [0, 5, 7, 8], [2, 6, 9, 11]]",12.887075456255673,-0.4281894308327991,1.262352502093265,-0.3151274083391085,,50.0,9.091707189724035,9.091707189724035,12.987507306238413,-1.1475575436477816,6.892491899140236,"{""1"": 50, ""2"": 13, ""3"": 3}",9.091707189724035,9.091502935857534,41.14402324557709,1e-05,True,40,development_isotonic_frozen
s1-i13,held_out,1,random_matched,p_saps_residualized,3,0.15,d76d3a14d779c0f9,"[[0, 1, 5, 9], [2, 4, 8, 11], [3, 6, 7, 10]]",12.887075456255673,-0.5319565963241591,1.1130967405087924,-0.1927300637049576,,44.0,5.415650571327772,5.415650571327772,13.180196320740182,0.028246736889008334,4.769556745749528,"{""1"": 44, ""2"": 20, ""3"": 2}",5.415650571327772,5.41521987938644,33.961970870832324,1e-05,True,80,development_isotonic_frozen
s1-i13,held_out,1,random_matched,p_saps_projection,3,0.15,ac4e0d02e246bc34,"[[0, 3, 5, 9], [1, 6, 8, 11], [2, 4, 7, 10]]",12.887075456255673,-0.5206116887150333,1.1117927396906306,-0.06816433160890979,,50.0,10.752912871488558,10.752912871488558,12.794818291736645,-0.19238969021280522,3.8712041418432594,"{""1"": 50, ""3"": 4, ""2"": 12}",10.752912871488558,10.752773329881936,46.066220757618616,1e-05,True,640,development_isotonic_frozen
s1-i13,held_out,1,random_matched,b_saps_budgeted,3,0.15,7057c7550d5e7718,"[[3, 4, 9, 11], [0, 5, 7, 8], [1, 2, 6, 10]]",12.887075456255673,-0.5066436494528738,1.1373607335262537,-0.14591740086825716,,41.0,6.886660725367021,6.886660725367021,13.565574349743716,1.3432917740735646,6.751789592278507,"{""2"": 25, ""1"": 41}",6.886660725367021,6.885883660538354,53.12376118446116,1e-05,True,40,development_isotonic_frozen
s1-i13,held_out,1,random_matched,random_balanced,4,0.01,2803b1f103f8f5b6,"[[9, 10, 11], [0, 3, 8], [1, 5, 7], [2, 4, 6]]",2.3411901796498706,-0.7070567353321846,1.7505481107201026,-0.11057079211761453,,48.0,4.6091949153592635,4.6091949153592635,2.385214805537196,0.0,0.27980208830205755,"{""1"": 48, ""2"": 18}",4.6091949153592635,4.609152286728143,39.1631674099399,1e-05,True,40,development_isotonic_frozen
s1-i13,held_out,1,random_matched,confidence,4,0.01,b057ae1674a8436e,"[[3, 8, 10], [1, 4, 9], [2, 6, 7], [0, 5, 11]]",2.3411901796498706,-0.6118470155714527,1.9003624857282342,-0.32975845630498224,,52.0,8.341354148524733,8.341354148524733,2.385214805537196,0.0,0.0,"{""1"": 52, ""2"": 14}",8.341354148524733,8.341316141892912,32.96914918123426,1e-05,True,40,development_isotonic_frozen
s1-i13,held_out,1,random_matched,entropy,4,0.01,d9a4f8c12f5f1e2a,"[[4, 8, 10], [1, 2, 3], [0, 6, 9], [5, 7, 11]]",2.3411901796498706,-0.6272859142804562,1.9059290225677872,-0.16851246517650523,,47.0,9.589219619730883,9.589219619730883,2.349075187271481,0.0,0.0,"{""1"": 47, ""2"": 18, ""3"": 1}",9.589219619730883,9.58451462320451,32.57040726094825,1e-05,True,40,development_isotonic_frozen
s1-i13,held_out,1,random_matched,dependency_cmi,4,0.01,8f4c51355f8e54a5,"[[2, 7, 9], [1, 6, 11], [4, 5, 8], [0, 3, 10]]",2.3411901796498706,-0.8078496871228422,1.6283910395622863,-0.0017337293016647859,,53.0,6.196691395239503,6.196691395239503,2.385214805537196,0.0,2.8292440147004605,"{""1"": 53, ""2"": 13}",6.196691395239503,6.195742636432944,35.61854697820784,1e-05,True,40,development_isotonic_frozen
s1-i13,held_out,1,random_matched,min_within_batch_tc,4,0.01,a51154ca2ecbeb69,"[[7, 9, 11], [6, 8, 10], [0, 3, 5], [1, 2, 4]]",2.3411901796498706,-0.7639010605954066,1.6628454550270455,-0.11954970316470193,,41.0,4.43410713127662,4.43410713127662,2.349075187271481,0.0,0.0,"{""2"": 24, ""1"": 41, ""3"": 1}",4.43410713127662,4.434036425272607,51.20366128195759,1e-05,True,40,development_isotonic_frozen
s1-i13,held_out,1,random_matched,dprm_myopic,4,0.01,638d8d21fb984913,"[[1, 4, 6], [0, 3, 5], [2, 7, 9], [8, 10, 11]]",2.3411901796498706,-0.7708710455787329,1.7292881290547404,-0.11638306461029393,,51.0,8.191302223734585,8.191302223734585,2.312935569005766,0.0,1.2712666857235773,"{""1"": 51, ""2"": 13, ""3"": 2}",8.191302223734585,8.190607133604423,35.73221418516666,1e-05,True,40,development_isotonic_frozen
s1-i13,held_out,1,random_matched,dprm_rollout,4,0.01,0ab0e9af289ced97,"[[1, 4, 11], [0, 3, 7], [2, 5, 8], [6, 9, 10]]",2.3411901796498706,-0.7475236071015786,1.746313444475322,-0.3494574730777681,,49.0,10.898166150673434,10.898166150673434,2.349075187271481,-0.8933413618849054,1.7383940926471855,"{""1"": 49, ""2"": 16, ""3"": 1}",10.898166150673434,10.89812142163153,32.64144365305886,1e-05,True,40,development_isotonic_frozen
s1-i13,held_out,1,random_matched,subset_exact,4,0.01,c646512e8449591f,"[[0, 5, 6], [3, 8, 10], [1, 4, 9], [2, 7, 11]]",2.3411901796498706,-0.7433732859325928,1.7437188059455553,-0.21675574029126424,,47.0,4.197623827283081,4.197623827283081,2.349075187271481,0.0,-2.637498773338783,"{""1"": 47, ""2"": 18, ""3"": 1}",4.197623827283081,4.197544983500475,40.693541146574255,1e-05,True,40,development_isotonic_frozen
s1-i13,held_out,1,random_matched,subset_beam_8,4,0.01,c646512e8449591f,"[[0, 5, 6], [3, 8, 10], [1, 4, 9], [2, 7, 11]]",2.3411901796498706,-0.7433732859325928,1.7437188059455553,-0.21675574029126424,,47.0,4.197623827283081,4.197623827283081,2.349075187271481,0.0,-2.637498773338783,"{""1"": 47, ""2"": 18, ""3"": 1}",4.197623827283081,4.197544983500475,40.693541146574255,1e-05,True,40,development_isotonic_frozen
s1-i13,held_out,1,random_matched,subset_beam_32,4,0.01,c646512e8449591f,"[[0, 5, 6], [3, 8, 10], [1, 4, 9], [2, 7, 11]]",2.3411901796498706,-0.7433732859325928,1.7437188059455553,-0.21675574029126424,,47.0,4.197623827283081,4.197623827283081,2.349075187271481,0.0,-2.637498773338783,"{""1"": 47, ""2"": 18, ""3"": 1}",4.197623827283081,4.197544983500475,40.693541146574255,1e-05,True,40,development_isotonic_frozen
s1-i13,held_out,1,random_matched,saps_diagonal,4,0.01,23b0139e5c289aaf,"[[1, 6, 9], [3, 7, 8], [0, 5, 11], [2, 4, 10]]",2.3411901796498706,-0.7377006479510052,1.7065007016235636,-0.2499569368582235,,56.0,8.466778838335003,8.466778838335003,2.349075187271481,0.0,3.7922570512997766,"{""1"": 56, ""2"": 9, ""3"": 1}",8.466778838335003,8.466545869412975,34.15628548463704,1e-05,True,40,development_isotonic_frozen
s1-i13,held_out,1,random_matched,p_saps_residualized,4,0.01,ee5799143debde9e,"[[1, 4, 9], [5, 8, 11], [2, 7, 10], [0, 3, 6]]",2.3411901796498706,-0.7337947084154193,1.7547233038789305,-0.22208808617523634,,46.0,8.376057992898355,8.376057992898355,2.312935569005766,0.0,4.971163820293431,"{""1"": 46, ""2"": 18, ""3"": 2}",8.376057992898355,8.375567474073822,38.136229221629165,1e-05,True,80,development_isotonic_frozen
s1-i13,held_out,1,random_matched,p_saps_projection,4,0.01,d9a4f8c12f5f1e2a,"[[4, 8, 10], [1, 2, 3], [0, 6, 9], [5, 7, 11]]",2.3411901796498706,-0.6272859142804562,1.9059290225677872,-0.16851246517650523,,47.0,9.589219619730883,9.589219619730883,2.349075187271481,0.0,0.0,"{""1"": 47, ""2"": 18, ""3"": 1}",9.589219619730883,9.58451462320451,32.57040726094825,1e-05,True,640,development_isotonic_frozen
s1-i13,held_out,1,random_matched,b_saps_budgeted,4,0.01,2803b1f103f8f5b6,"[[9, 10, 11], [0, 3, 8], [1, 5, 7], [2, 4, 6]]",2.3411901796498706,-0.7070567353321846,1.7505481107201026,-0.11057079211761453,,48.0,4.6091949153592635,4.6091949153592635,2.385214805537196,0.0,0.27980208830205755,"{""1"": 48, ""2"": 18}",4.6091949153592635,4.609152286728143,39.1631674099399,1e-05,True,40,development_isotonic_frozen
s1-i13,held_out,1,random_matched,random_balanced,4,0.05,2803b1f103f8f5b6,"[[9, 10, 11], [0, 3, 8], [1, 5, 7], [2, 4, 6]]",6.562147222051397,-0.7070567353321846,1.7505481107201026,-0.11057079211761453,,48.0,4.6091949153592635,4.6091949153592635,6.658807162513755,0.0,2.081628804290119,"{""1"": 48, ""2"": 18}",4.6091949153592635,4.609152286728143,39.1631674099399,1e-05,True,40,development_isotonic_frozen
s1-i13,held_out,1,random_matched,confidence,4,0.05,b057ae1674a8436e,"[[3, 8, 10], [1, 4, 9], [2, 6, 7], [0, 5, 11]]",6.562147222051397,-0.6118470155714527,1.9003624857282342,-0.32975845630498224,,52.0,8.341354148524733,8.341354148524733,6.7633498193149215,0.0,-1.4328018121392843,"{""1"": 52, ""2"": 14}",8.341354148524733,8.341316141892912,32.96914918123426,1e-05,True,40,development_isotonic_frozen
s1-i13,held_out,1,random_matched,entropy,4,0.05,d9a4f8c12f5f1e2a,"[[4, 8, 10], [1, 2, 3], [0, 6, 9], [5, 7, 11]]",6.562147222051397,-0.6272859142804562,1.9059290225677872,-0.16851246517650523,,47.0,9.589219619730883,9.589219619730883,6.550788236481649,0.0,-1.4328018121392843,"{""1"": 47, ""2"": 18, ""3"": 1}",9.589219619730883,9.58451462320451,32.57040726094825,1e-05,True,40,development_isotonic_frozen
s1-i13,held_out,1,random_matched,dependency_cmi,4,0.05,8f4c51355f8e54a5,"[[2, 7, 9], [1, 6, 11], [4, 5, 8], [0, 3, 10]]",6.562147222051397,-0.8078496871228422,1.6283910395622863,-0.0017337293016647859,,53.0,6.196691395239503,6.196691395239503,6.789485483515213,0.0,1.9813783739593829,"{""1"": 53, ""2"": 13}",6.196691395239503,6.195742636432944,35.61854697820784,1e-05,True,40,development_isotonic_frozen
s1-i13,held_out,1,random_matched,min_within_batch_tc,4,0.05,a51154ca2ecbeb69,"[[7, 9, 11], [6, 8, 10], [0, 3, 5], [1, 2, 4]]",6.562147222051397,-0.7639010605954066,1.6628454550270455,-0.11954970316470193,,41.0,4.43410713127662,4.43410713127662,6.393974251279899,-0.21781217351839843,-0.8332031241463245,"{""2"": 24, ""1"": 41, ""3"": 1}",4.43410713127662,4.434036425272607,51.20366128195759,1e-05,True,40,development_isotonic_frozen
s1-i13,held_out,1,random_matched,dprm_myopic,4,0.05,638d8d21fb984913,"[[1, 4, 6], [0, 3, 5], [2, 7, 9], [8, 10, 11]]",6.562147222051397,-0.7708710455787329,1.7292881290547404,-0.11638306461029393,,51.0,8.191302223734585,8.191302223734585,6.573447631451001,-0.3042403039750463,2.5965883325543113,"{""1"": 51, ""2"": 13, ""3"": 2}",8.191302223734585,8.190607133604423,35.73221418516666,1e-05,True,40,development_isotonic_frozen
s1-i13,held_out,1,random_matched,dprm_rollout,4,0.05,cf9c0436b435fac5,"[[2, 3, 10], [0, 1, 11], [4, 6, 8], [5, 7, 9]]",6.562147222051397,-0.6864280549402038,1.8206513369638504,-0.0911695493319442,,53.0,10.122043321094079,10.122043321094079,6.625718959851584,0.0,0.0,"{""2"": 11, ""1"": 53, ""3"": 2}",10.122043321094079,10.121941245886157,35.39585949153675,1e-05,True,40,development_isotonic_frozen
s1-i13,held_out,1,random_matched,subset_exact,4,0.05,10d091661f43fe68,"[[2, 3, 5], [1, 8, 10], [4, 6, 9], [0, 7, 11]]",6.562147222051397,-0.7061228831472803,1.796355449393352,-0.20682463835953066,,55.0,5.853989632255059,5.853989632255059,6.759873550083982,0.0,0.0,"{""1"": 55, ""2"": 10, ""3"": 1}",5.853989632255059,5.698181108614401,31.152195122414433,1e-05,True,40,development_isotonic_frozen
s1-i13,held_out,1,random_matched,subset_beam_8,4,0.05,10d091661f43fe68,"[[2, 3, 5], [1, 8, 10], [4, 6, 9], [0, 7, 11]]",6.562147222051397,-0.7061228831472803,1.796355449393352,-0.20682463835953066,,55.0,5.853989632255059,5.853989632255059,6.759873550083982,0.0,0.0,"{""1"": 55, ""2"": 10, ""3"": 1}",5.853989632255059,5.698181108614401,31.152195122414433,1e-05,True,40,development_isotonic_frozen
s1-i13,held_out,1,random_matched,subset_beam_32,4,0.05,10d091661f43fe68,"[[2, 3, 5], [1, 8, 10], [4, 6, 9], [0, 7, 11]]",6.562147222051397,-0.7061228831472803,1.796355449393352,-0.20682463835953066,,55.0,5.853989632255059,5.853989632255059,6.759873550083982,0.0,0.0,"{""1"": 55, ""2"": 10, ""3"": 1}",5.853989632255059,5.698181108614401,31.152195122414433,1e-05,True,40,development_isotonic_frozen
s1-i13,held_out,1,random_matched,saps_diagonal,4,0.05,23b0139e5c289aaf,"[[1, 6, 9], [3, 7, 8], [0, 5, 11], [2, 4, 10]]",6.562147222051397,-0.7377006479510052,1.7065007016235636,-0.2499569368582235,,56.0,8.466778838335003,8.466778838335003,6.786009214284274,0.030345305240761997,3.848736860460371,"{""1"": 56, ""2"": 9, ""3"": 1}",8.466778838335003,8.466545869412975,34.15628548463704,1e-05,True,40,development_isotonic_frozen
s1-i13,held_out,1,random_matched,p_saps_residualized,4,0.05,ee5799143debde9e,"[[1, 4, 9], [5, 8, 11], [2, 7, 10], [0, 3, 6]]",6.562147222051397,-0.7337947084154193,1.7547233038789305,-0.22208808617523634,,46.0,8.376057992898355,8.376057992898355,6.442769310449543,0.0,-1.0422734473931419,"{""1"": 46, ""2"": 18, ""3"": 2}",8.376057992898355,8.375567474073822,38.136229221629165,1e-05,True,80,development_isotonic_frozen
s1-i13,held_out,1,random_matched,p_saps_projection,4,0.05,d9a4f8c12f5f1e2a,"[[4, 8, 10], [1, 2, 3], [0, 6, 9], [5, 7, 11]]",6.562147222051397,-0.6272859142804562,1.9059290225677872,-0.16851246517650523,,47.0,9.589219619730883,9.589219619730883,6.550788236481649,0.0,-1.4328018121392843,"{""1"": 47, ""2"": 18, ""3"": 1}",9.589219619730883,9.58451462320451,32.57040726094825,1e-05,True,640,development_isotonic_frozen
s1-i13,held_out,1,random_matched,b_saps_budgeted,4,0.05,175516f974235658,"[[0, 9, 11], [1, 3, 8], [4, 5, 7], [2, 6, 10]]",6.562147222051397,-0.751688666557437,1.70004841644462,-0.14930042161712387,,57.0,5.051942409520959,5.051942409520959,6.8940281403163794,0.0,2.081628804290119,"{""1"": 57, ""2"": 9}",5.051942409520959,5.0513393200826116,37.764048536932194,1e-05,True,40,development_isotonic_frozen
s1-i13,held_out,1,random_matched,random_balanced,4,0.15,2803b1f103f8f5b6,"[[9, 10, 11], [0, 3, 8], [1, 5, 7], [2, 4, 6]]",13.33084409571429,-0.7070567353321846,1.7505481107201026,-0.11057079211761453,,48.0,4.6091949153592635,4.6091949153592635,13.565574349743716,0.19280647024442837,2.4778313774179366,"{""1"": 48, ""2"": 18}",4.6091949153592635,4.609152286728143,39.1631674099399,1e-05,True,40,development_isotonic_frozen
s1-i13,held_out,1,random_matched,confidence,4,0.15,b057ae1674a8436e,"[[3, 8, 10], [1, 4, 9], [2, 6, 7], [0, 5, 11]]",13.33084409571429,-0.6118470155714527,1.9003624857282342,-0.32975845630498224,,52.0,8.341354148524733,8.341354148524733,13.565574349743716,0.0,1.4557135911588017,"{""1"": 52, ""2"": 14}",8.341354148524733,8.341316141892912,32.96914918123426,1e-05,True,40,development_isotonic_frozen
s1-i13,held_out,1,random_matched,entropy,4,0.15,d9a4f8c12f5f1e2a,"[[4, 8, 10], [1, 2, 3], [0, 6, 9], [5, 7, 11]]",13.33084409571429,-0.6272859142804562,1.9059290225677872,-0.16851246517650523,,47.0,9.589219619730883,9.589219619730883,13.37288533524195,-0.8331441372113587,7.51171483146684,"{""1"": 47, ""2"": 18, ""3"": 1}",9.589219619730883,9.58451462320451,32.57040726094825,1e-05,True,40,development_isotonic_frozen
s1-i13,held_out,1,random_matched,dependency_cmi,4,0.15,8f4c51355f8e54a5,"[[2, 7, 9], [1, 6, 11], [4, 5, 8], [0, 3, 10]]",13.33084409571429,-0.8078496871228422,1.6283910395622863,-0.0017337293016647859,,53.0,6.196691395239503,6.196691395239503,13.565574349743716,-0.767686425534189,4.174708907503919,"{""1"": 53, ""2"": 13}",6.196691395239503,6.195742636432944,35.61854697820784,1e-05,True,40,development_isotonic_frozen
s1-i13,held_out,1,random_matched,min_within_batch_tc,4,0.15,a51154ca2ecbeb69,"[[7, 9, 11], [6, 8, 10], [0, 3, 5], [1, 2, 4]]",13.33084409571429,-0.7639010605954066,1.6628454550270455,-0.11954970316470193,,41.0,4.43410713127662,4.43410713127662,13.37288533524195,-1.2467679884041427,-4.315770810889668,"{""2"": 24, ""1"": 41, ""3"": 1}",4.43410713127662,4.434036425272607,51.20366128195759,1e-05,True,40,development_isotonic_frozen
s1-i13,held_out,1,random_matched,dprm_myopic,4,0.15,638d8d21fb984913,"[[1, 4, 6], [0, 3, 5], [2, 7, 9], [8, 10, 11]]",13.33084409571429,-0.7708710455787329,1.7292881290547404,-0.11638306461029393,,51.0,8.191302223734585,8.191302223734585,13.180196320740182,-0.9481757824301095,6.44184216590698,"{""1"": 51, ""2"": 13, ""3"": 2}",8.191302223734585,8.190607133604423,35.73221418516666,1e-05,True,40,development_isotonic_frozen
s1-i13,held_out,1,random_matched,dprm_rollout,4,0.15,514e366c6d985e9e,"[[0, 4, 8], [3, 7, 9], [2, 5, 10], [1, 6, 11]]",13.33084409571429,-0.7130247191135203,1.7745019524259542,-0.24164655684317188,,51.0,5.741392952868122,5.741392952868122,13.37288533524195,-0.07744894049289008,9.526155172538616,"{""1"": 51, ""2"": 14, ""3"": 1}",5.741392952868122,5.741310800613272,51.83912082313646,1e-05,True,40,development_isotonic_frozen
s1-i13,held_out,1,random_matched,subset_exact,4,0.15,eb6daf5841cc519c,"[[1, 5, 9], [3, 8, 10], [2, 4, 6], [0, 7, 11]]",13.33084409571429,-0.6990854853818687,1.7918642053042715,-0.11222600220011773,,51.0,8.836030630820153,8.836030630820153,13.37288533524195,0.0,5.829032761577827,"{""1"": 51, ""2"": 14, ""3"": 1}",8.836030630820153,8.831625815746813,33.017995444053184,1e-05,True,40,development_isotonic_frozen
s1-i13,held_out,1,random_matched,subset_beam_8,4,0.15,10d091661f43fe68,"[[2, 3, 5], [1, 8, 10], [4, 6, 9], [0, 7, 11]]",13.33084409571429,-0.7061228831472803,1.796355449393352,-0.20682463835953066,,55.0,5.853989632255059,5.853989632255059,13.37288533524195,-0.5302072157980856,5.53778435673985,"{""1"": 55, ""2"": 10, ""3"": 1}",5.853989632255059,5.698181108614401,31.152195122414433,1e-05,True,40,development_isotonic_frozen
s1-i13,held_out,1,random_matched,subset_beam_32,4,0.15,eb6daf5841cc519c,"[[1, 5, 9], [3, 8, 10], [2, 4, 6], [0, 7, 11]]",13.33084409571429,-0.6990854853818687,1.7918642053042715,-0.11222600220011773,,51.0,8.836030630820153,8.836030630820153,13.37288533524195,0.0,5.829032761577827,"{""1"": 51, ""2"": 14, ""3"": 1}",8.836030630820153,8.831625815746813,33.017995444053184,1e-05,True,40,development_isotonic_frozen
s1-i13,held_out,1,random_matched,saps_diagonal,4,0.15,23b0139e5c289aaf,"[[1, 6, 9], [3, 7, 8], [0, 5, 11], [2, 4, 10]]",13.33084409571429,-0.7377006479510052,1.7065007016235636,-0.2499569368582235,,56.0,8.466778838335003,8.466778838335003,13.37288533524195,-0.4384870892421574,2.690043766272613,"{""1"": 56, ""2"": 9, ""3"": 1}",8.466778838335003,8.466545869412975,34.15628548463704,1e-05,True,40,development_isotonic_frozen
s1-i13,held_out,1,random_matched,p_saps_residualized,4,0.15,ee5799143debde9e,"[[1, 4, 9], [5, 8, 11], [2, 7, 10], [0, 3, 6]]",13.33084409571429,-0.7337947084154193,1.7547233038789305,-0.22208808617523634,,46.0,8.376057992898355,8.376057992898355,13.180196320740182,0.3913119614616233,6.611432616053601,"{""1"": 46, ""2"": 18, ""3"": 2}",8.376057992898355,8.375567474073822,38.136229221629165,1e-05,True,80,development_isotonic_frozen
s1-i13,held_out,1,random_matched,p_saps_projection,4,0.15,d9a4f8c12f5f1e2a,"[[4, 8, 10], [1, 2, 3], [0, 6, 9], [5, 7, 11]]",13.33084409571429,-0.6272859142804562,1.9059290225677872,-0.16851246517650523,,47.0,9.589219619730883,9.589219619730883,13.37288533524195,-0.8331441372113587,7.51171483146684,"{""1"": 47, ""2"": 18, ""3"": 1}",9.589219619730883,9.58451462320451,32.57040726094825,1e-05,True,640,development_isotonic_frozen
s1-i13,held_out,1,random_matched,b_saps_budgeted,4,0.15,2803b1f103f8f5b6,"[[9, 10, 11], [0, 3, 8], [1, 5, 7], [2, 4, 6]]",13.33084409571429,-0.7070567353321846,1.7505481107201026,-0.11057079211761453,,48.0,4.6091949153592635,4.6091949153592635,13.565574349743716,0.19280647024442837,2.4778313774179366,"{""1"": 48, ""2"": 18}",4.6091949153592635,4.609152286728143,39.1631674099399,1e-05,True,40,development_isotonic_frozen
s1-i13,held_out,1,structural,random_balanced,1,0.01,76993f31911749ca,"[[0, 1, 2, 3, 4, 5, 6, 7, 8, 9, 10, 11]]",0.758931983580017,-0.0,0.0,-0.8904307066889849,,0.0,7.846658330652128,7.846658330652128,0.758931983580017,0.0,1.7383940926471855,"{""2"": 21, ""3"": 23, ""4"": 22}",7.846658330652128,7.846628274038802,64.07212862863285,1e-05,True,40,development_isotonic_frozen
s1-i13,held_out,1,structural,confidence,1,0.01,76993f31911749ca,"[[0, 1, 2, 3, 4, 5, 6, 7, 8, 9, 10, 11]]",0.758931983580017,-0.0,0.0,-0.8904307066889849,,0.0,7.846658330652128,7.846658330652128,0.758931983580017,0.0,1.7383940926471855,"{""2"": 21, ""3"": 23, ""4"": 22}",7.846658330652128,7.846628274038802,64.07212862863285,1e-05,True,40,development_isotonic_frozen
s1-i13,held_out,1,structural,entropy,1,0.01,76993f31911749ca,"[[0, 1, 2, 3, 4, 5, 6, 7, 8, 9, 10, 11]]",0.758931983580017,-0.0,0.0,-0.8904307066889849,,0.0,7.846658330652128,7.846658330652128,0.758931983580017,0.0,1.7383940926471855,"{""2"": 21, ""3"": 23, ""4"": 22}",7.846658330652128,7.846628274038802,64.07212862863285,1e-05,True,40,development_isotonic_frozen
s1-i13,held_out,1,structural,dependency_cmi,1,0.01,76993f31911749ca,"[[0, 1, 2, 3, 4, 5, 6, 7, 8, 9, 10, 11]]",0.758931983580017,-0.0,0.0,-0.8904307066889849,,0.0,7.846658330652128,7.846658330652128,0.758931983580017,0.0,1.7383940926471855,"{""2"": 21, ""3"": 23, ""4"": 22}",7.846658330652128,7.846628274038802,64.07212862863285,1e-05,True,40,development_isotonic_frozen
s1-i13,held_out,1,structural,min_within_batch_tc,1,0.01,76993f31911749ca,"[[0, 1, 2, 3, 4, 5, 6, 7, 8, 9, 10, 11]]",0.758931983580017,-0.0,0.0,-0.8904307066889849,,0.0,7.846658330652128,7.846658330652128,0.758931983580017,0.0,1.7383940926471855,"{""2"": 21, ""3"": 23, ""4"": 22}",7.846658330652128,7.846628274038802,64.07212862863285,1e-05,True,40,development_isotonic_frozen
s1-i13,held_out,1,structural,dprm_myopic,1,0.01,76993f31911749ca,"[[0, 1, 2, 3, 4, 5, 6, 7, 8, 9, 10, 11]]",0.758931983580017,-0.0,0.0,-0.8904307066889849,,0.0,7.846658330652128,7.846658330652128,0.758931983580017,0.0,1.7383940926471855,"{""2"": 21, ""3"": 23, ""4"": 22}",7.846658330652128,7.846628274038802,64.07212862863285,1e-05,True,40,development_isotonic_frozen
s1-i13,held_out,1,structural,dprm_rollout,1,0.01,76993f31911749ca,"[[0, 1, 2, 3, 4, 5, 6, 7, 8, 9, 10, 11]]",0.758931983580017,-0.0,0.0,-0.8904307066889849,,0.0,7.846658330652128,7.846658330652128,0.758931983580017,0.0,1.7383940926471855,"{""2"": 21, ""3"": 23, ""4"": 22}",7.846658330652128,7.846628274038802,64.07212862863285,1e-05,True,40,development_isotonic_frozen
s1-i13,held_out,1,structural,subset_exact,1,0.01,76993f31911749ca,"[[0, 1, 2, 3, 4, 5, 6, 7, 8, 9, 10, 11]]",0.758931983580017,-0.0,0.0,-0.8904307066889849,,0.0,7.846658330652128,7.846658330652128,0.758931983580017,0.0,1.7383940926471855,"{""2"": 21, ""3"": 23, ""4"": 22}",7.846658330652128,7.846628274038802,64.07212862863285,1e-05,True,40,development_isotonic_frozen
s1-i13,held_out,1,structural,subset_beam_8,1,0.01,76993f31911749ca,"[[0, 1, 2, 3, 4, 5, 6, 7, 8, 9, 10, 11]]",0.758931983580017,-0.0,0.0,-0.8904307066889849,,0.0,7.846658330652128,7.846658330652128,0.758931983580017,0.0,1.7383940926471855,"{""2"": 21, ""3"": 23, ""4"": 22}",7.846658330652128,7.846628274038802,64.07212862863285,1e-05,True,40,development_isotonic_frozen
s1-i13,held_out,1,structural,subset_beam_32,1,0.01,76993f31911749ca,"[[0, 1, 2, 3, 4, 5, 6, 7, 8, 9, 10, 11]]",0.758931983580017,-0.0,0.0,-0.8904307066889849,,0.0,7.846658330652128,7.846658330652128,0.758931983580017,0.0,1.7383940926471855,"{""2"": 21, ""3"": 23, ""4"": 22}",7.846658330652128,7.846628274038802,64.07212862863285,1e-05,True,40,development_isotonic_frozen
s1-i13,held_out,1,structural,saps_diagonal,1,0.01,76993f31911749ca,"[[0, 1, 2, 3, 4, 5, 6, 7, 8, 9, 10, 11]]",0.758931983580017,-0.0,0.0,-0.8904307066889849,,0.0,7.846658330652128,7.846658330652128,0.758931983580017,0.0,1.7383940926471855,"{""2"": 21, ""3"": 23, ""4"": 22}",7.846658330652128,7.846628274038802,64.07212862863285,1e-05,True,40,development_isotonic_frozen
s1-i13,held_out,1,structural,p_saps_residualized,1,0.01,76993f31911749ca,"[[0, 1, 2, 3, 4, 5, 6, 7, 8, 9, 10, 11]]",0.758931983580017,-0.0,0.0,-0.8904307066889849,,0.0,7.846658330652128,7.846658330652128,0.758931983580017,0.0,1.7383940926471855,"{""2"": 21, ""3"": 23, ""4"": 22}",7.846658330652128,7.846628274038802,64.07212862863285,1e-05,True,40,development_isotonic_frozen
s1-i13,held_out,1,structural,p_saps_projection,1,0.01,76993f31911749ca,"[[0, 1, 2, 3, 4, 5, 6, 7, 8, 9, 10, 11]]",0.758931983580017,-0.0,0.0,-0.8904307066889849,,0.0,7.846658330652128,7.846658330652128,0.758931983580017,0.0,1.7383940926471855,"{""2"": 21, ""3"": 23, ""4"": 22}",7.846658330652128,7.846628274038802,64.07212862863285,1e-05,True,40,development_isotonic_frozen
s1-i13,held_out,1,structural,b_saps_budgeted,1,0.01,76993f31911749ca,"[[0, 1, 2, 3, 4, 5, 6, 7, 8, 9, 10, 11]]",0.758931983580017,-0.0,0.0,-0.8904307066889849,,0.0,7.846658330652128,7.846658330652128,0.758931983580017,0.0,1.7383940926471855,"{""2"": 21, ""3"": 23, ""4"": 22}",7.846658330652128,7.846628274038802,64.07212862863285,1e-05,True,40,development_isotonic_frozen
s1-i13,held_out,1,structural,random_balanced,1,0.05,76993f31911749ca,"[[0, 1, 2, 3, 4, 5, 6, 7, 8, 9, 10, 11]]",1.7195484984681046,-0.0,0.0,-0.8904307066889849,,0.0,7.846658330652128,7.846658330652128,1.7195484984681046,-0.035767551216221716,0.0,"{""2"": 21, ""3"": 23, ""4"": 22}",7.846658330652128,7.846628274038802,64.07212862863285,1e-05,True,40,development_isotonic_frozen
s1-i13,held_out,1,structural,confidence,1,0.05,76993f31911749ca,"[[0, 1, 2, 3, 4, 5, 6, 7, 8, 9, 10, 11]]",1.7195484984681046,-0.0,0.0,-0.8904307066889849,,0.0,7.846658330652128,7.846658330652128,1.7195484984681046,-0.035767551216221716,0.0,"{""2"": 21, ""3"": 23, ""4"": 22}",7.846658330652128,7.846628274038802,64.07212862863285,1e-05,True,40,development_isotonic_frozen
s1-i13,held_out,1,structural,entropy,1,0.05,76993f31911749ca,"[[0, 1, 2, 3, 4, 5, 6, 7, 8, 9, 10, 11]]",1.7195484984681046,-0.0,0.0,-0.8904307066889849,,0.0,7.846658330652128,7.846658330652128,1.7195484984681046,-0.035767551216221716,0.0,"{""2"": 21, ""3"": 23, ""4"": 22}",7.846658330652128,7.846628274038802,64.07212862863285,1e-05,True,40,development_isotonic_frozen
s1-i13,held_out,1,structural,dependency_cmi,1,0.05,76993f31911749ca,"[[0, 1, 2, 3, 4, 5, 6, 7, 8, 9, 10, 11]]",1.7195484984681046,-0.0,0.0,-0.8904307066889849,,0.0,7.846658330652128,7.846658330652128,1.7195484984681046,-0.035767551216221716,0.0,"{""2"": 21, ""3"": 23, ""4"": 22}",7.846658330652128,7.846628274038802,64.07212862863285,1e-05,True,40,development_isotonic_frozen
s1-i13,held_out,1,structural,min_within_batch_tc,1,0.05,76993f31911749ca,"[[0, 1, 2, 3, 4, 5, 6, 7, 8, 9, 10, 11]]",1.7195484984681046,-0.0,0.0,-0.8904307066889849,,0.0,7.846658330652128,7.846658330652128,1.7195484984681046,-0.035767551216221716,0.0,"{""2"": 21, ""3"": 23, ""4"": 22}",7.846658330652128,7.846628274038802,64.07212862863285,1e-05,True,40,development_isotonic_frozen
s1-i13,held_out,1,structural,dprm_myopic,1,0.05,76993f31911749ca,"[[0, 1, 2, 3, 4, 5, 6, 7, 8, 9, 10, 11]]",1.7195484984681046,-0.0,0.0,-0.8904307066889849,,0.0,7.846658330652128,7.846658330652128,1.7195484984681046,-0.035767551216221716,0.0,"{""2"": 21, ""3"": 23, ""4"": 22}",7.846658330652128,7.846628274038802,64.07212862863285,1e-05,True,40,development_isotonic_frozen
s1-i13,held_out,1,structural,dprm_rollout,1,0.05,76993f31911749ca,"[[0, 1, 2, 3, 4, 5, 6, 7, 8, 9, 10, 11]]",1.7195484984681046,-0.0,0.0,-0.8904307066889849,,0.0,7.846658330652128,7.846658330652128,1.7195484984681046,-0.035767551216221716,0.0,"{""2"": 21, ""3"": 23, ""4"": 22}",7.846658330652128,7.846628274038802,64.07212862863285,1e-05,True,40,development_isotonic_frozen
s1-i13,held_out,1,structural,subset_exact,1,0.05,76993f31911749ca,"[[0, 1, 2, 3, 4, 5, 6, 7, 8, 9, 10, 11]]",1.7195484984681046,-0.0,0.0,-0.8904307066889849,,0.0,7.846658330652128,7.846658330652128,1.7195484984681046,-0.035767551216221716,0.0,"{""2"": 21, ""3"": 23, ""4"": 22}",7.846658330652128,7.846628274038802,64.07212862863285,1e-05,True,40,development_isotonic_frozen
s1-i13,held_out,1,structural,subset_beam_8,1,0.05,76993f31911749ca,"[[0, 1, 2, 3, 4, 5, 6, 7, 8, 9, 10, 11]]",1.7195484984681046,-0.0,0.0,-0.8904307066889849,,0.0,7.846658330652128,7.846658330652128,1.7195484984681046,-0.035767551216221716,0.0,"{""2"": 21, ""3"": 23, ""4"": 22}",7.846658330652128,7.846628274038802,64.07212862863285,1e-05,True,40,development_isotonic_frozen
s1-i13,held_out,1,structural,subset_beam_32,1,0.05,76993f31911749ca,"[[0, 1, 2, 3, 4, 5, 6, 7, 8, 9, 10, 11]]",1.7195484984681046,-0.0,0.0,-0.8904307066889849,,0.0,7.846658330652128,7.846658330652128,1.7195484984681046,-0.035767551216221716,0.0,"{""2"": 21, ""3"": 23, ""4"": 22}",7.846658330652128,7.846628274038802,64.07212862863285,1e-05,True,40,development_isotonic_frozen
s1-i13,held_out,1,structural,saps_diagonal,1,0.05,76993f31911749ca,"[[0, 1, 2, 3, 4, 5, 6, 7, 8, 9, 10, 11]]",1.7195484984681046,-0.0,0.0,-0.8904307066889849,,0.0,7.846658330652128,7.846658330652128,1.7195484984681046,-0.035767551216221716,0.0,"{""2"": 21, ""3"": 23, ""4"": 22}",7.846658330652128,7.846628274038802,64.07212862863285,1e-05,True,40,development_isotonic_frozen
s1-i13,held_out,1,structural,p_saps_residualized,1,0.05,76993f31911749ca,"[[0, 1, 2, 3, 4, 5, 6, 7, 8, 9, 10, 11]]",1.7195484984681046,-0.0,0.0,-0.8904307066889849,,0.0,7.846658330652128,7.846658330652128,1.7195484984681046,-0.035767551216221716,0.0,"{""2"": 21, ""3"": 23, ""4"": 22}",7.846658330652128,7.846628274038802,64.07212862863285,1e-05,True,40,development_isotonic_frozen
s1-i13,held_out,1,structural,p_saps_projection,1,0.05,76993f31911749ca,"[[0, 1, 2, 3, 4, 5, 6, 7, 8, 9, 10, 11]]",1.7195484984681046,-0.0,0.0,-0.8904307066889849,,0.0,7.846658330652128,7.846658330652128,1.7195484984681046,-0.035767551216221716,0.0,"{""2"": 21, ""3"": 23, ""4"": 22}",7.846658330652128,7.846628274038802,64.07212862863285,1e-05,True,40,development_isotonic_frozen
s1-i13,held_out,1,structural,b_saps_budgeted,1,0.05,76993f31911749ca,"[[0, 1, 2, 3, 4, 5, 6, 7, 8, 9, 10, 11]]",1.7195484984681046,-0.0,0.0,-0.8904307066889849,,0.0,7.846658330652128,7.846658330652128,1.7195484984681046,-0.035767551216221716,0.0,"{""2"": 21, ""3"": 23, ""4"": 22}",7.846658330652128,7.846628274038802,64.07212862863285,1e-05,True,40,development_isotonic_frozen
s1-i13,held_out,1,structural,random_balanced,1,0.15,76993f31911749ca,"[[0, 1, 2, 3, 4, 5, 6, 7, 8, 9, 10, 11]]",4.8945686971641535,-0.0,0.0,-0.8904307066889849,,0.0,7.846658330652128,7.846658330652128,4.8945686971641535,-0.6301248725789674,5.196172101092058,"{""2"": 21, ""3"": 23, ""4"": 22}",7.846658330652128,7.846628274038802,64.07212862863285,1e-05,True,40,development_isotonic_frozen
s1-i13,held_out,1,structural,confidence,1,0.15,76993f31911749ca,"[[0, 1, 2, 3, 4, 5, 6, 7, 8, 9, 10, 11]]",4.8945686971641535,-0.0,0.0,-0.8904307066889849,,0.0,7.846658330652128,7.846658330652128,4.8945686971641535,-0.6301248725789674,5.196172101092058,"{""2"": 21, ""3"": 23, ""4"": 22}",7.846658330652128,7.846628274038802,64.07212862863285,1e-05,True,40,development_isotonic_frozen
s1-i13,held_out,1,structural,entropy,1,0.15,76993f31911749ca,"[[0, 1, 2, 3, 4, 5, 6, 7, 8, 9, 10, 11]]",4.8945686971641535,-0.0,0.0,-0.8904307066889849,,0.0,7.846658330652128,7.846658330652128,4.8945686971641535,-0.6301248725789674,5.196172101092058,"{""2"": 21, ""3"": 23, ""4"": 22}",7.846658330652128,7.846628274038802,64.07212862863285,1e-05,True,40,development_isotonic_frozen
s1-i13,held_out,1,structural,dependency_cmi,1,0.15,76993f31911749ca,"[[0, 1, 2, 3, 4, 5, 6, 7, 8, 9, 10, 11]]",4.8945686971641535,-0.0,0.0,-0.8904307066889849,,0.0,7.846658330652128,7.846658330652128,4.8945686971641535,-0.6301248725789674,5.196172101092058,"{""2"": 21, ""3"": 23, ""4"": 22}",7.846658330652128,7.846628274038802,64.07212862863285,1e-05,True,40,development_isotonic_frozen
s1-i13,held_out,1,structural,min_within_batch_tc,1,0.15,76993f31911749ca,"[[0, 1, 2, 3, 4, 5, 6, 7, 8, 9, 10, 11]]",4.8945686971641535,-0.0,0.0,-0.8904307066889849,,0.0,7.846658330652128,7.846658330652128,4.8945686971641535,-0.6301248725789674,5.196172101092058,"{""2"": 21, ""3"": 23, ""4"": 22}",7.846658330652128,7.846628274038802,64.07212862863285,1e-05,True,40,development_isotonic_frozen
s1-i13,held_out,1,structural,dprm_myopic,1,0.15,76993f31911749ca,"[[0, 1, 2, 3, 4, 5, 6, 7, 8, 9, 10, 11]]",4.8945686971641535,-0.0,0.0,-0.8904307066889849,,0.0,7.846658330652128,7.846658330652128,4.8945686971641535,-0.6301248725789674,5.196172101092058,"{""2"": 21, ""3"": 23, ""4"": 22}",7.846658330652128,7.846628274038802,64.07212862863285,1e-05,True,40,development_isotonic_frozen
s1-i13,held_out,1,structural,dprm_rollout,1,0.15,76993f31911749ca,"[[0, 1, 2, 3, 4, 5, 6, 7, 8, 9, 10, 11]]",4.8945686971641535,-0.0,0.0,-0.8904307066889849,,0.0,7.846658330652128,7.846658330652128,4.8945686971641535,-0.6301248725789674,5.196172101092058,"{""2"": 21, ""3"": 23, ""4"": 22}",7.846658330652128,7.846628274038802,64.07212862863285,1e-05,True,40,development_isotonic_frozen
s1-i13,held_out,1,structural,subset_exact,1,0.15,76993f31911749ca,"[[0, 1, 2, 3, 4, 5, 6, 7, 8, 9, 10, 11]]",4.8945686971641535,-0.0,0.0,-0.8904307066889849,,0.0,7.846658330652128,7.846658330652128,4.8945686971641535,-0.6301248725789674,5.196172101092058,"{""2"": 21, ""3"": 23, ""4"": 22}",7.846658330652128,7.846628274038802,64.07212862863285,1e-05,True,40,development_isotonic_frozen
s1-i13,held_out,1,structural,subset_beam_8,1,0.15,76993f31911749ca,"[[0, 1, 2, 3, 4, 5, 6, 7, 8, 9, 10, 11]]",4.8945686971641535,-0.0,0.0,-0.8904307066889849,,0.0,7.846658330652128,7.846658330652128,4.8945686971641535,-0.6301248725789674,5.196172101092058,"{""2"": 21, ""3"": 23, ""4"": 22}",7.846658330652128,7.846628274038802,64.07212862863285,1e-05,True,40,development_isotonic_frozen
s1-i13,held_out,1,structural,subset_beam_32,1,0.15,76993f31911749ca,"[[0, 1, 2, 3, 4, 5, 6, 7, 8, 9, 10, 11]]",4.8945686971641535,-0.0,0.0,-0.8904307066889849,,0.0,7.846658330652128,7.846658330652128,4.8945686971641535,-0.6301248725789674,5.196172101092058,"{""2"": 21, ""3"": 23, ""4"": 22}",7.846658330652128,7.846628274038802,64.07212862863285,1e-05,True,40,development_isotonic_frozen
s1-i13,held_out,1,structural,saps_diagonal,1,0.15,76993f31911749ca,"[[0, 1, 2, 3, 4, 5, 6, 7, 8, 9, 10, 11]]",4.8945686971641535,-0.0,0.0,-0.8904307066889849,,0.0,7.846658330652128,7.846658330652128,4.8945686971641535,-0.6301248725789674,5.196172101092058,"{""2"": 21, ""3"": 23, ""4"": 22}",7.846658330652128,7.846628274038802,64.07212862863285,1e-05,True,40,development_isotonic_frozen
s1-i13,held_out,1,structural,p_saps_residualized,1,0.15,76993f31911749ca,"[[0, 1, 2, 3, 4, 5, 6, 7, 8, 9, 10, 11]]",4.8945686971641535,-0.0,0.0,-0.8904307066889849,,0.0,7.846658330652128,7.846658330652128,4.8945686971641535,-0.6301248725789674,5.196172101092058,"{""2"": 21, ""3"": 23, ""4"": 22}",7.846658330652128,7.846628274038802,64.07212862863285,1e-05,True,40,development_isotonic_frozen
s1-i13,held_out,1,structural,p_saps_projection,1,0.15,76993f31911749ca,"[[0, 1, 2, 3, 4, 5, 6, 7, 8, 9, 10, 11]]",4.8945686971641535,-0.0,0.0,-0.8904307066889849,,0.0,7.846658330652128,7.846658330652128,4.8945686971641535,-0.6301248725789674,5.196172101092058,"{""2"": 21, ""3"": 23, ""4"": 22}",7.846658330652128,7.846628274038802,64.07212862863285,1e-05,True,40,development_isotonic_frozen
s1-i13,held_out,1,structural,b_saps_budgeted,1,0.15,76993f31911749ca,"[[0, 1, 2, 3, 4, 5, 6, 7, 8, 9, 10, 11]]",4.8945686971641535,-0.0,0.0,-0.8904307066889849,,0.0,7.846658330652128,7.846658330652128,4.8945686971641535,-0.6301248725789674,5.196172101092058,"{""2"": 21, ""3"": 23, ""4"": 22}",7.846658330652128,7.846628274038802,64.07212862863285,1e-05,True,40,development_isotonic_frozen
s1-i13,held_out,1,structural,random_balanced,2,0.01,bd4ec6486ea40905,"[[0, 3, 8, 9, 10, 11], [1, 2, 4, 5, 6, 7]]",1.9931547043515596,-0.22453300436649606,0.5965344760923913,-0.3839240107976365,,17.0,9.692349405723206,9.692349405723206,1.8069809132857546,0.0,0.27980208830205755,"{""1"": 17, ""2"": 33, ""3"": 14, ""4"": 2}",9.692349405723206,9.691993749854904,57.54007210495955,1e-05,True,40,development_isotonic_frozen
s1-i13,held_out,1,structural,confidence,2,0.01,51da2c9509e3c62b,"[[1, 3, 4, 8, 9, 10], [0, 2, 5, 6, 7, 11]]",1.9931547043515596,-0.19359886624912578,0.6499711190652508,-0.704750946090418,,23.0,10.257522006801917,10.257522006801917,1.6624224402228944,0.029166743996078243,0.0,"{""1"": 23, ""2"": 23, ""3"": 15, ""4"": 5}",10.257522006801917,10.25744084488274,51.52504163995245,1e-05,True,40,development_isotonic_frozen
s1-i13,held_out,1,structural,entropy,2,0.01,420441a202aff954,"[[1, 2, 3, 4, 8, 10], [0, 5, 6, 7, 9, 11]]",1.9931547043515596,-0.1982541981187811,0.6520275807623159,-0.34310510946213824,,27.0,6.397298280663994,6.397298280663994,1.8792601498171848,0.0,0.0,"{""1"": 27, ""2"": 25, ""3"": 11, ""4"": 3}",6.397298280663994,6.397281956630638,42.42471565875645,1e-05,True,40,development_isotonic_frozen
s1-i13,held_out,1,structural,dependency_cmi,2,0.01,250e41ecb0b02550,"[[2, 7, 8, 9, 10, 11], [0, 1, 3, 4, 5, 6]]",1.9931547043515596,-0.24221047978965102,0.5704684873185765,-0.28186878143996125,,16.0,7.118782565227891,7.118782565227891,1.4455847306286038,0.0,0.3826210300343178,"{""2"": 24, ""3"": 23, ""1"": 16, ""4"": 3}",7.118782565227891,7.118737680629837,58.53537795381511,1e-05,True,40,development_isotonic_frozen
s1-i13,held_out,1,structural,min_within_batch_tc,2,0.01,ee44958aff20ca1e,"[[6, 7, 8, 9, 10, 11], [0, 1, 2, 3, 4, 5]]",1.9931547043515596,-0.24178565244475583,0.5689547644621215,-0.5023740389578772,,11.0,8.814165004931795,8.814165004931795,1.2648866393000282,0.0,2.1343844701692465,"{""2"": 24, ""3"": 23, ""4"": 8, ""1"": 11}",8.814165004931795,8.814101224041574,56.84981868014041,1e-05,True,40,development_isotonic_frozen
s1-i13,held_out,1,structural,dprm_myopic,2,0.01,54bce2467c055a77,"[[0, 1, 3, 4, 6, 8], [2, 5, 7, 9, 10, 11]]",1.9931547043515596,-0.22244166585448713,0.6175923047783932,-0.5134207599620585,,34.0,7.14289963985869,7.14289963985869,1.951539386348615,0.0,1.7383940926471855,"{""2"": 20, ""1"": 34, ""3"": 10, ""4"": 2}",7.14289963985869,7.142884884913962,40.01434106041235,1e-05,True,40,development_isotonic_frozen
s1-i13,held_out,1,structural,dprm_rollout,2,0.01,516ca7d94eeadde8,"[[1, 2, 3, 4, 9, 11], [0, 5, 6, 7, 8, 10]]",1.9931547043515596,-0.24382183227668977,0.5871825940148657,-0.23655696141815682,,29.0,5.3935829795732575,5.3935829795732575,1.951539386348615,-0.436181465105252,0.0,"{""1"": 29, ""2"": 25, ""3"": 9, ""4"": 3}",5.3935829795732575,5.39352196626907,38.30897473101788,1e-05,True,40,development_isotonic_frozen
s1-i13,held_out,1,structural,subset_exact,2,0.01,a4751a878405ec40,"[[0, 3, 5, 8, 10, 11], [1, 2, 4, 6, 7, 9]]",1.9931547043515596,-0.23862805819782154,0.5879507114701442,-0.33414986620367826,,24.0,7.336372512857427,7.336372512857427,2.05995824114576,-0.442888078819137,-3.9087654590623595,"{""1"": 24, ""2"": 33, ""3"": 9}",7.336372512857427,7.333249756681473,53.10801449341624,1e-05,True,40,development_isotonic_frozen
s1-i13,held_out,1,structural,subset_beam_8,2,0.01,076e8d8ed4cb3705,"[[0, 2, 3, 5, 10, 11], [1, 4, 6, 7, 8, 9]]",1.9931547043515596,-0.26250954504396534,0.5632554174131658,-0.47025082608080016,,23.0,6.665070258913149,6.665070258913149,1.8792601498171848,0.0,0.2798020883020569,"{""1"": 23, ""2"": 29, ""3"": 12, ""4"": 2}",6.665070258913149,6.510181821494736,60.83854100628502,1e-05,True,40,development_isotonic_frozen
s1-i13,held_out,1,structural,subset_beam_32,2,0.01,a4751a878405ec40,"[[0, 3, 5, 8, 10, 11], [1, 2, 4, 6, 7, 9]]",1.9931547043515596,-0.23862805819782154,0.5879507114701442,-0.33414986620367826,,24.0,7.336372512857427,7.336372512857427,2.05995824114576,-0.442888078819137,-3.9087654590623595,"{""1"": 24, ""2"": 33, ""3"": 9}",7.336372512857427,7.333249756681473,53.10801449341624,1e-05,True,40,development_isotonic_frozen
s1-i13,held_out,1,structural,saps_diagonal,2,0.01,8ffcf12d369ee979,"[[0, 1, 3, 5, 9, 10], [2, 4, 6, 7, 8, 11]]",1.9931547043515596,-0.238335777906999,0.5902296564596964,-0.23651263184100227,,36.0,8.993259255254003,8.993259255254003,2.1683770959429056,0.0,0.7910516082869483,"{""2"": 24, ""1"": 36, ""3"": 6}",8.993259255254003,8.99274322056753,46.2459254225507,1e-05,True,40,development_isotonic_frozen
s1-i13,held_out,1,structural,p_saps_residualized,2,0.01,ee1c1c8facecce80,"[[1, 2, 4, 9, 10, 11], [0, 3, 5, 6, 7, 8]]",1.9931547043515596,-0.23927205433647955,0.5958668035697264,-0.3771855023507245,,24.0,5.75931090530163,5.75931090530163,1.9153997680829,0.0,0.0,"{""1"": 24, ""2"": 29, ""3"": 12, ""4"": 1}",5.75931090530163,5.759257522154183,39.3599089953654,1e-05,True,80,development_isotonic_frozen
s1-i13,held_out,1,structural,p_saps_projection,2,0.01,aa4e932ed2a1eec5,"[[1, 3, 4, 7, 9, 10], [0, 2, 5, 6, 8, 11]]",1.9931547043515596,-0.21559188971447285,0.6204215172378189,-0.7542376936583964,,25.0,10.520897800989417,10.520897800989417,1.7708412950200396,0.0,2.5209903655762007,"{""1"": 25, ""2"": 24, ""3"": 12, ""4"": 5}",10.520897800989417,10.520805365985737,49.29653498334125,1e-05,True,640,development_isotonic_frozen
s1-i13,held_out,1,structural,b_saps_budgeted,2,0.01,2ea6f5edfd59d93a,"[[0, 3, 4, 6, 8, 11], [1, 2, 5, 7, 9, 10]]",1.9931547043515596,-0.24196010112179822,0.5885616040347976,-0.22369418386378467,,29.0,5.1652127521418105,5.1652127521418105,2.312935569005766,0.0,0.27980208830205755,"{""1"": 29, ""2"": 35, ""3"": 2}",5.1652127521418105,5.165004554712967,58.29534417206151,1e-05,True,40,development_isotonic_frozen
s1-i13,held_out,1,structural,random_balanced,2,0.05,bd4ec6486ea40905,"[[0, 3, 8, 9, 10, 11], [1, 2, 4, 5, 6, 7]]",5.200661158638015,-0.22453300436649606,0.5965344760923913,-0.3839240107976365,,17.0,9.692349405723206,9.692349405723206,4.538469382995682,0.0,0.0,"{""1"": 17, ""2"": 33, ""3"": 14, ""4"": 2}",9.692349405723206,9.691993749854904,57.54007210495955,1e-05,True,40,development_isotonic_frozen
s1-i13,held_out,1,structural,confidence,2,0.05,51da2c9509e3c62b,"[[1, 3, 4, 8, 9, 10], [0, 2, 5, 6, 7, 11]]",5.200661158638015,-0.19359886624912578,0.6499711190652508,-0.704750946090418,,23.0,10.257522006801917,10.257522006801917,4.367750320870175,0.2015702032864347,0.0,"{""1"": 23, ""2"": 23, ""3"": 15, ""4"": 5}",10.257522006801917,10.25744084488274,51.52504163995245,1e-05,True,40,development_isotonic_frozen
s1-i13,held_out,1,structural,entropy,2,0.05,420441a202aff954,"[[1, 2, 3, 4, 8, 10], [0, 5, 6, 7, 9, 11]]",5.200661158638015,-0.1982541981187811,0.6520275807623159,-0.34310510946213824,,27.0,6.397298280663994,6.397298280663994,4.963592548662228,0.5167840446068444,-0.6145517148733859,"{""1"": 27, ""2"": 25, ""3"": 11, ""4"": 3}",6.397298280663994,6.397281956630638,42.42471565875645,1e-05,True,40,development_isotonic_frozen
s1-i13,held_out,1,structural,dependency_cmi,2,0.05,250e41ecb0b02550,"[[2, 7, 8, 9, 10, 11], [0, 1, 3, 4, 5, 6]]",5.200661158638015,-0.24221047978965102,0.5704684873185765,-0.28186878143996125,,16.0,7.118782565227891,7.118782565227891,3.693501100477246,0.2098275441838215,-1.3618915627617838,"{""2"": 24, ""3"": 23, ""1"": 16, ""4"": 3}",7.118782565227891,7.118737680629837,58.53537795381511,1e-05,True,40,development_isotonic_frozen
s1-i13,held_out,1,structural,min_within_batch_tc,2,0.05,ee44958aff20ca1e,"[[6, 7, 8, 9, 10, 11], [0, 1, 2, 3, 4, 5]]",5.200661158638015,-0.24178565244475583,0.5689547644621215,-0.5023740389578772,,11.0,8.814165004931795,8.814165004931795,3.1534064703167153,0.02083572260161981,0.0,"{""2"": 24, ""3"": 23, ""4"": 8, ""1"": 11}",8.814165004931795,8.814101224041574,56.84981868014041,1e-05,True,40,development_isotonic_frozen
s1-i13,held_out,1,structural,dprm_myopic,2,0.05,54bce2467c055a77,"[[0, 1, 3, 4, 6, 8], [2, 5, 7, 9, 10, 11]]",5.200661158638015,-0.22244166585448713,0.6175923047783932,-0.5134207599620585,,34.0,7.14289963985869,7.14289963985869,5.310308721727898,0.0,0.0,"{""2"": 20, ""1"": 34, ""3"": 10, ""4"": 2}",7.14289963985869,7.142884884913962,40.01434106041235,1e-05,True,40,development_isotonic_frozen
s1-i13,held_out,1,structural,dprm_rollout,2,0.05,cfd582d8783f459e,"[[1, 2, 3, 4, 5, 7], [0, 6, 8, 9, 10, 11]]",5.200661158638015,-0.2540509494581799,0.580429030772727,-0.4083901469826113,,31.0,7.372724728919047,7.372724728919047,5.150018467295209,1.1219668690730797,0.0,"{""1"": 31, ""2"": 22, ""3"": 9, ""4"": 4}",7.372724728919047,7.372678446152242,41.52314731580187,1e-05,True,40,development_isotonic_frozen
s1-i13,held_out,1,structural,subset_exact,2,0.05,a0722df6b34b5a5d,"[[0, 2, 3, 5, 7, 9], [1, 4, 6, 8, 10, 11]]",5.200661158638015,-0.2783522824368563,0.531620435253364,-0.5071781882659334,,31.0,8.542920856886006,8.542920856886006,5.7232013001179105,0.0,-1.361891562761783,"{""1"": 31, ""2"": 29, ""3"": 6}",8.542920856886006,8.542700593824446,52.93900564432565,1e-05,True,40,development_isotonic_frozen
s1-i13,held_out,1,structural,subset_beam_8,2,0.05,03c0e624640b9ff9,"[[4, 5, 7, 8, 9, 10], [0, 1, 2, 3, 6, 11]]",5.200661158638015,-0.2385053148004431,0.5894058810944672,-0.4116513288741852,,21.0,8.508701799287522,8.508701799287522,4.561128777965035,-0.299025041889754,0.0,"{""2"": 28, ""3"": 14, ""4"": 3, ""1"": 21}",8.508701799287522,8.502921525451399,57.74879108299081,1e-05,True,40,development_isotonic_frozen
s1-i13,held_out,1,structural,subset_beam_32,2,0.05,03c0e624640b9ff9,"[[4, 5, 7, 8, 9, 10], [0, 1, 2, 3, 6, 11]]",5.200661158638015,-0.2385053148004431,0.5894058810944672,-0.4116513288741852,,21.0,8.508701799287522,8.508701799287522,4.561128777965035,-0.299025041889754,0.0,"{""2"": 28, ""3"": 14, ""4"": 3, ""1"": 21}",8.508701799287522,8.502921525451399,57.74879108299081,1e-05,True,40,development_isotonic_frozen
s1-i13,held_out,1,structural,saps_diagonal,2,0.05,8ffcf12d369ee979,"[[0, 1, 3, 5, 9, 10], [2, 4, 6, 7, 8, 11]]",5.200661158638015,-0.238335777906999,0.5902296564596964,-0.23651263184100227,,36.0,8.993259255254003,8.993259255254003,5.853879621119368,0.8068320238141047,0.0,"{""2"": 24, ""1"": 36, ""3"": 6}",8.993259255254003,8.99274322056753,46.2459254225507,1e-05,True,40,development_isotonic_frozen
s1-i13,held_out,1,structural,p_saps_residualized,2,0.05,ee1c1c8facecce80,"[[1, 2, 4, 9, 10, 11], [0, 3, 5, 6, 7, 8]]",5.200661158638015,-0.23927205433647955,0.5958668035697264,-0.3771855023507245,,24.0,5.75931090530163,5.75931090530163,4.967068817893168,0.5156013871212264,0.0,"{""1"": 24, ""2"": 29, ""3"": 12, ""4"": 1}",5.75931090530163,5.759257522154183,39.3599089953654,1e-05,True,80,development_isotonic_frozen
s1-i13,held_out,1,structural,p_saps_projection,2,0.05,aa4e932ed2a1eec5,"[[1, 3, 4, 7, 9, 10], [0, 2, 5, 6, 8, 11]]",5.200661158638015,-0.21559188971447285,0.6204215172378189,-0.7542376936583964,,25.0,10.520897800989417,10.520897800989417,4.665671434766201,0.07630952144732245,0.0,"{""1"": 25, ""2"": 24, ""3"": 12, ""4"": 5}",10.520897800989417,10.520805365985737,49.29653498334125,1e-05,True,640,development_isotonic_frozen
s1-i13,held_out,1,structural,b_saps_budgeted,2,0.05,2ea6f5edfd59d93a,"[[0, 3, 4, 6, 8, 11], [1, 2, 5, 7, 9, 10]]",5.200661158638015,-0.24196010112179822,0.5885616040347976,-0.22369418386378467,,29.0,5.1652127521418105,5.1652127521418105,5.998463019044586,0.0,0.0,"{""1"": 29, ""2"": 35, ""3"": 2}",5.1652127521418105,5.165004554712967,58.29534417206151,1e-05,True,40,development_isotonic_frozen
s1-i13,held_out,1,structural,random_balanced,2,0.15,bd4ec6486ea40905,"[[0, 3, 8, 9, 10, 11], [1, 2, 4, 5, 6, 7]]",11.475190495451809,-0.22453300436649606,0.5965344760923913,-0.3839240107976365,,17.0,9.692349405723206,9.692349405723206,10.482550117715428,0.024734447069373097,2.356446608444865,"{""1"": 17, ""2"": 33, ""3"": 14, ""4"": 2}",9.692349405723206,9.691993749854904,57.54007210495955,1e-05,True,40,development_isotonic_frozen
s1-i13,held_out,1,structural,confidence,2,0.15,51da2c9509e3c62b,"[[1, 3, 4, 8, 9, 10], [0, 2, 5, 6, 7, 11]]",11.475190495451809,-0.19359886624912578,0.6499711190652508,-0.704750946090418,,23.0,10.257522006801917,10.257522006801917,9.711794059708355,-0.8547679692322847,3.2993679753943854,"{""1"": 23, ""2"": 23, ""3"": 15, ""4"": 5}",10.257522006801917,10.25744084488274,51.52504163995245,1e-05,True,40,development_isotonic_frozen
s1-i13,held_out,1,structural,entropy,2,0.15,420441a202aff954,"[[1, 2, 3, 4, 8, 10], [0, 5, 6, 7, 9, 11]]",11.475190495451809,-0.1982541981187811,0.6520275807623159,-0.34310510946213824,,27.0,6.397298280663994,6.397298280663994,10.867928146718965,0.09989265551438638,7.707673027287406,"{""1"": 27, ""2"": 25, ""3"": 11, ""4"": 3}",6.397298280663994,6.397281956630638,42.42471565875645,1e-05,True,40,development_isotonic_frozen
s1-i13,held_out,1,structural,dependency_cmi,2,0.15,250e41ecb0b02550,"[[2, 7, 8, 9, 10, 11], [0, 1, 3, 4, 5, 6]]",11.475190495451809,-0.24221047978965102,0.5704684873185765,-0.28186878143996125,,16.0,7.118782565227891,7.118782565227891,8.555659972697747,-0.00199161437582053,1.5847868743824458,"{""2"": 24, ""3"": 23, ""1"": 16, ""4"": 3}",7.118782565227891,7.118737680629837,58.53537795381511,1e-05,True,40,development_isotonic_frozen
s1-i13,held_out,1,structural,min_within_batch_tc,2,0.15,ee44958aff20ca1e,"[[6, 7, 8, 9, 10, 11], [0, 1, 2, 3, 4, 5]]",11.475190495451809,-0.24178565244475583,0.5689547644621215,-0.5023740389578772,,11.0,8.814165004931795,8.814165004931795,7.592214900188907,0.0,4.344045131304705,"{""2"": 24, ""3"": 23, ""4"": 8, ""1"": 11}",8.814165004931795,8.814101224041574,56.84981868014041,1e-05,True,40,development_isotonic_frozen
s1-i13,held_out,1,structural,dprm_myopic,2,0.15,54bce2467c055a77,"[[0, 1, 3, 4, 6, 8], [2, 5, 7, 9, 10, 11]]",11.475190495451809,-0.22244166585448713,0.6175923047783932,-0.5134207599620585,,34.0,7.14289963985869,7.14289963985869,11.2533061757225,0.47969545365664645,2.5299937752746042,"{""2"": 20, ""1"": 34, ""3"": 10, ""4"": 2}",7.14289963985869,7.142884884913962,40.01434106041235,1e-05,True,40,development_isotonic_frozen
s1-i13,held_out,1,structural,dprm_rollout,2,0.15,a9d697cf37bce2c7,"[[0, 1, 5, 7, 10, 11], [2, 3, 4, 6, 8, 9]]",11.475190495451809,-0.2628943476370675,0.5580227889477621,-0.3243927583970986,,25.0,8.417429608958102,8.417429608958102,12.21675124823134,0.356034051421952,6.8209467959157655,"{""2"": 34, ""1"": 25, ""3"": 7}",8.417429608958102,8.41698885998977,48.33144399422135,1e-05,True,40,development_isotonic_frozen
s1-i13,held_out,1,structural,subset_exact,2,0.15,4af9e89f91dc49aa,"[[1, 2, 4, 5, 7, 8], [0, 3, 6, 9, 10, 11]]",11.475190495451809,-0.24998369058420744,0.5823998125417214,-0.2811969468478405,,40.0,6.920441793776938,6.920441793776938,13.180196320740182,0.08429617054550032,8.095479803566171,"{""1"": 40, ""2"": 24, ""3"": 2}",6.920441793776938,6.920380501826019,43.592030457123506,1e-05,True,40,development_isotonic_frozen
s1-i13,held_out,1,structural,subset_beam_8,2,0.15,a24bed8e574dc580,"[[2, 4, 7, 8, 9, 11], [0, 1, 3, 5, 6, 10]]",11.475190495451809,-0.2554070720201931,0.5619528764203726,-0.2134625583563616,,26.0,5.837411203305322,5.837411203305322,11.638684204726037,0.9426889920576067,9.245685518156742,"{""2"": 30, ""3"": 10, ""1"": 26}",5.837411203305322,5.8366263333779225,60.46472975226348,1e-05,True,40,development_isotonic_frozen
s1-i13,held_out,1,structural,subset_beam_32,2,0.15,4af9e89f91dc49aa,"[[1, 2, 4, 5, 7, 8], [0, 3, 6, 9, 10, 11]]",11.475190495451809,-0.24998369058420744,0.5823998125417214,-0.2811969468478405,,40.0,6.920441793776938,6.920441793776938,13.180196320740182,0.08429617054550032,8.095479803566171,"{""1"": 40, ""2"": 24, ""3"": 2}",6.920441793776938,6.920380501826019,43.592030457123506,1e-05,True,40,development_isotonic_frozen
s1-i13,held_out,1,structural,saps_diagonal,2,0.15,8ffcf12d369ee979,"[[0, 1, 3, 5, 9, 10], [2, 4, 6, 7, 8, 11]]",11.475190495451809,-0.238335777906999,0.5902296564596964,-0.23651263184100227,,36.0,8.993259255254003,8.993259255254003,12.409440262733108,0.007678928849106674,3.7548974494348415,"{""2"": 24, ""1"": 36, ""3"": 6}",8.993259255254003,8.99274322056753,46.2459254225507,1e-05,True,40,development_isotonic_frozen
s1-i13,held_out,1,structural,p_saps_residualized,2,0.15,ee1c1c8facecce80,"[[1, 2, 4, 9, 10, 11], [0, 3, 5, 6, 7, 8]]",11.475190495451809,-0.23927205433647955,0.5958668035697264,-0.3771855023507245,,24.0,5.75931090530163,5.75931090530163,11.060617161220732,-1.4285530847937253,6.131887876792982,"{""1"": 24, ""2"": 29, ""3"": 12, ""4"": 1}",5.75931090530163,5.759257522154183,39.3599089953654,1e-05,True,80,development_isotonic_frozen
s1-i13,held_out,1,structural,p_saps_projection,2,0.15,aa4e932ed2a1eec5,"[[1, 3, 4, 7, 9, 10], [0, 2, 5, 6, 8, 11]]",11.475190495451809,-0.21559188971447285,0.6204215172378189,-0.7542376936583964,,25.0,10.520897800989417,10.520897800989417,10.28986110321366,0.0,4.249043859263895,"{""1"": 25, ""2"": 24, ""3"": 12, ""4"": 5}",10.520897800989417,10.520805365985737,49.29653498334125,1e-05,True,640,development_isotonic_frozen
s1-i13,held_out,1,structural,b_saps_budgeted,2,0.15,2ea6f5edfd59d93a,"[[0, 3, 4, 6, 8, 11], [1, 2, 5, 7, 9, 10]]",11.475190495451809,-0.24196010112179822,0.5885616040347976,-0.22369418386378467,,29.0,5.1652127521418105,5.1652127521418105,13.180196320740182,0.7628305214661701,4.983120385482014,"{""1"": 29, ""2"": 35, ""3"": 2}",5.1652127521418105,5.165004554712967,58.29534417206151,1e-05,True,40,development_isotonic_frozen
s1-i13,held_out,1,structural,random_balanced,3,0.01,a541aea29926929b,"[[3, 9, 10, 11], [0, 5, 7, 8], [1, 2, 4, 6]]",2.2579595436439814,-0.48025046499178975,1.1543919553226614,-0.1980189494049006,,31.0,11.291570014084588,11.291570014084588,2.240656332474336,0.0,0.0,"{""1"": 31, ""2"": 31, ""3"": 4}",11.291570014084588,11.291490147762042,53.86923028044111,1e-05,True,40,development_isotonic_frozen
s1-i13,held_out,1,structural,confidence,3,0.01,c71049b29a84157b,"[[1, 3, 8, 10], [4, 6, 7, 9], [0, 2, 5, 11]]",2.2579595436439814,-0.40070718732405447,1.2727375582560174,-0.4367093697711411,,38.0,8.933304414410978,8.933304414410978,2.1322374776771906,0.0,5.136624860985647,"{""1"": 38, ""2"": 21, ""3"": 6, ""4"": 1}",8.933304414410978,8.933043179592303,41.60158388812476,1e-05,True,40,development_isotonic_frozen
s1-i13,held_out,1,structural,entropy,3,0.01,2d9c55148d5392f2,"[[3, 4, 8, 10], [0, 1, 2, 6], [5, 7, 9, 11]]",2.2579595436439814,-0.4138728200591591,1.2786824157905203,-0.41675353234632373,,36.0,7.168461261200166,7.168461261200166,2.2045167142086206,0.0,2.5209903655762003,"{""2"": 25, ""3"": 4, ""1"": 36, ""4"": 1}",7.168461261200166,7.164242182864308,39.74963832676254,1e-05,True,40,development_isotonic_frozen
s1-i13,held_out,1,structural,dependency_cmi,3,0.01,e9fadd11ccb8c2ff,"[[2, 7, 9, 10], [1, 6, 8, 11], [0, 3, 4, 5]]",2.2579595436439814,-0.48835918381323956,1.1437586584673152,-0.020850418549151616,,37.0,9.058351606535323,9.058351606535323,2.276795950740051,0.0,0.27980208830205755,"{""1"": 37, ""2"": 26, ""3"": 3}",9.058351606535323,9.058277745267512,45.624617306628934,1e-05,True,40,development_isotonic_frozen
s1-i13,held_out,1,structural,min_within_batch_tc,3,0.01,6db9afac29721f05,"[[6, 7, 9, 11], [0, 5, 8, 10], [1, 2, 3, 4]]",2.2579595436439814,-0.541504808777927,1.0696524554204847,-0.1675421737439925,,30.0,5.937149942949435,5.937149942949435,1.9876790046143302,0.0,0.0,"{""1"": 30, ""2"": 25, ""3"": 10, ""4"": 1}",5.937149942949435,5.937114205120595,58.870708405674236,1e-05,True,40,development_isotonic_frozen
s1-i13,held_out,1,structural,dprm_myopic,3,0.01,1886102268028b10,"[[0, 1, 3, 4], [5, 6, 7, 11], [2, 8, 9, 10]]",2.2579595436439814,-0.5025998645960691,1.1651287010589573,-0.31791469418569457,,43.0,7.8338875081297985,7.8338875081297985,2.0960978594114756,0.0,-1.178906768993654,"{""2"": 15, ""1"": 43, ""3"": 8}",7.8338875081297985,7.833836838327672,35.42323295780181,1e-05,True,40,development_isotonic_frozen
s1-i13,held_out,1,structural,dprm_rollout,3,0.01,79c26f155b5ce0ef,"[[0, 1, 2, 7], [3, 4, 5, 6], [8, 9, 10, 11]]",2.2579595436439814,-0.5297155696002446,1.1213412792064401,-0.1922465312414763,,38.0,6.2769632770601245,6.2769632770601245,2.023818622880045,0.0,4.259384458223386,"{""2"": 18, ""3"": 8, ""1"": 38, ""4"": 2}",6.2769632770601245,6.2769395645011645,37.06466608306141,1e-05,True,40,development_isotonic_frozen
s1-i13,held_out,1,structural,subset_exact,3,0.01,47660d2e8665b88a,"[[0, 2, 10, 11], [1, 3, 4, 8], [5, 6, 7, 9]]",2.2579595436439814,-0.47336401161050584,1.195001371771625,-0.2885747522005782,,33.0,6.931377439234096,6.931377439234096,2.023818622880045,0.0,0.27980208830205755,"{""1"": 33, ""2"": 23, ""3"": 9, ""4"": 1}",6.931377439234096,6.928904126245818,40.473541880584314,1e-05,True,40,development_isotonic_frozen
s1-i13,held_out,1,structural,subset_beam_8,3,0.01,2777b8b3c91dce3e,"[[0, 3, 10, 11], [1, 4, 6, 8], [2, 5, 7, 9]]",2.2579595436439814,-0.45312495629343924,1.2162121612031542,-0.26531381382503566,,42.0,5.448153944443028,5.448153944443028,2.349075187271481,0.0,0.27980208830205755,"{""1"": 42, ""2"": 23, ""3"": 1}",5.448153944443028,5.448117141674885,42.848150677891184,1e-05,True,40,development_isotonic_frozen
s1-i13,held_out,1,structural,subset_beam_32,3,0.01,47660d2e8665b88a,"[[0, 2, 10, 11], [1, 3, 4, 8], [5, 6, 7, 9]]",2.2579595436439814,-0.47336401161050584,1.195001371771625,-0.2885747522005782,,33.0,6.931377439234096,6.931377439234096,2.023818622880045,0.0,0.27980208830205755,"{""1"": 33, ""2"": 23, ""3"": 9, ""4"": 1}",6.931377439234096,6.928904126245818,40.473541880584314,1e-05,True,40,development_isotonic_frozen
s1-i13,held_out,1,structural,saps_diagonal,3,0.01,6e6b9df60fcd1525,"[[2, 3, 5, 10], [0, 4, 7, 8], [1, 6, 9, 11]]",2.2579595436439814,-0.4838784904728537,1.184126781643244,-0.16382817428938934,,54.0,5.860146054058617,5.860146054058617,2.385214805537196,0.0,0.0,"{""1"": 54, ""2"": 12}",5.860146054058617,5.859983076539368,46.536039632817555,1e-05,True,40,development_isotonic_frozen
s1-i13,held_out,1,structural,p_saps_residualized,3,0.01,a2d16d0c08f88bee,"[[0, 2, 4, 9], [1, 5, 7, 8], [3, 6, 10, 11]]",2.2579595436439814,-0.5250244860290865,1.12611408755982,-0.1351597011492779,,55.0,4.776168939751123,4.776168939751123,2.385214805537196,0.0,2.8007924538782576,"{""1"": 55, ""2"": 11}",4.776168939751123,4.775718218330003,34.674970091186296,1e-05,True,80,development_isotonic_frozen
s1-i13,held_out,1,structural,p_saps_projection,3,0.01,26753b54341926b9,"[[1, 3, 5, 6], [0, 4, 8, 11], [2, 7, 9, 10]]",2.2579595436439814,-0.5005408602611169,1.1611440740506038,-0.0522795074023888,,53.0,10.866528836434082,10.866528836434082,2.349075187271481,0.0,-1.6377112509823482,"{""1"": 53, ""2"": 12, ""3"": 1}",10.866528836434082,10.866430341640392,38.23683177546681,1e-05,True,640,development_isotonic_frozen
s1-i13,held_out,1,structural,b_saps_budgeted,3,0.01,ed5d8b1ab8741268,"[[1, 3, 9, 11], [0, 5, 7, 8], [2, 4, 6, 10]]",2.2579595436439814,-0.4938965528200079,1.1362668948230394,-0.18618518172241125,,43.0,10.749882546067763,10.749882546067763,2.385214805537196,0.0,1.7383940926471857,"{""1"": 43, ""2"": 23}",10.749882546067763,10.747968282739665,40.421753442614715,1e-05,True,40,development_isotonic_frozen
s1-i13,held_out,1,structural,random_balanced,3,0.05,a541aea29926929b,"[[3, 9, 10, 11], [0, 5, 7, 8], [1, 2, 4, 6]]",6.165511861910957,-0.48025046499178975,1.1543919553226614,-0.1980189494049006,,31.0,11.291570014084588,11.291570014084588,5.886967823781539,0.007013256237318784,2.081628804290119,"{""1"": 31, ""2"": 31, ""3"": 4}",11.291570014084588,11.291490147762042,53.86923028044111,1e-05,True,40,development_isotonic_frozen
s1-i13,held_out,1,structural,confidence,3,0.05,c71049b29a84157b,"[[1, 3, 8, 10], [4, 6, 7, 9], [0, 2, 5, 11]]",6.165511861910957,-0.40070718732405447,1.2727375582560174,-0.4367093697711411,,38.0,8.933304414410978,8.933304414410978,5.824267687688137,0.0,0.8182500972658975,"{""1"": 38, ""2"": 21, ""3"": 6, ""4"": 1}",8.933304414410978,8.933043179592303,41.60158388812476,1e-05,True,40,development_isotonic_frozen
s1-i13,held_out,1,structural,entropy,3,0.05,2d9c55148d5392f2,"[[3, 4, 8, 10], [0, 1, 2, 6], [5, 7, 9, 11]]",6.165511861910957,-0.4138728200591591,1.2786824157905203,-0.41675353234632373,,36.0,7.168461261200166,7.168461261200166,5.935762882951183,-0.048217007101395676,0.8182500972658975,"{""2"": 25, ""3"": 4, ""1"": 36, ""4"": 1}",7.168461261200166,7.164242182864308,39.74963832676254,1e-05,True,40,development_isotonic_frozen
s1-i13,held_out,1,structural,dependency_cmi,3,0.05,e9fadd11ccb8c2ff,"[[2, 7, 9, 10], [1, 6, 8, 11], [0, 3, 4, 5]]",6.165511861910957,-0.48835918381323956,1.1437586584673152,-0.020850418549151616,,37.0,9.058351606535323,9.058351606535323,6.125665070815104,0.0,1.3472019391004872,"{""1"": 37, ""2"": 26, ""3"": 3}",9.058351606535323,9.058277745267512,45.624617306628934,1e-05,True,40,development_isotonic_frozen
s1-i13,held_out,1,structural,min_within_batch_tc,3,0.05,6db9afac29721f05,"[[6, 7, 9, 11], [0, 5, 8, 10], [1, 2, 3, 4]]",6.165511861910957,-0.541504808777927,1.0696524554204847,-0.1675421737439925,,30.0,5.937149942949435,5.937149942949435,5.2876493267585465,-0.25972277112559716,-3.341765635582269,"{""1"": 30, ""2"": 25, ""3"": 10, ""4"": 1}",5.937149942949435,5.937114205120595,58.870708405674236,1e-05,True,40,development_isotonic_frozen
s1-i13,held_out,1,structural,dprm_myopic,3,0.05,1886102268028b10,"[[0, 1, 3, 4], [5, 6, 7, 11], [2, 8, 9, 10]]",6.165511861910957,-0.5025998645960691,1.1651287010589573,-0.31791469418569457,,43.0,7.8338875081297985,7.8338875081297985,5.873062746857781,0.0,0.8182500972658975,"{""2"": 15, ""1"": 43, ""3"": 8}",7.8338875081297985,7.833836838327672,35.42323295780181,1e-05,True,40,development_isotonic_frozen
s1-i13,held_out,1,structural,dprm_rollout,3,0.05,c56347b5732b433c,"[[0, 1, 2, 10], [3, 4, 5, 9], [6, 7, 8, 11]]",6.165511861910957,-0.4805339800123149,1.1933245995924269,-0.23969635986371454,,37.0,7.278153944665619,7.278153944665619,5.798132023487845,-0.15309840265472707,0.1382792810999538,"{""2"": 22, ""3"": 7, ""1"": 37}",7.278153944665619,7.278064930200117,39.623013752766525,1e-05,True,40,development_isotonic_frozen
s1-i13,held_out,1,structural,subset_exact,3,0.05,717a7701be44db31,"[[3, 5, 9, 11], [1, 4, 8, 10], [0, 2, 6, 7]]",6.165511861910957,-0.48698599139830656,1.1639494487532553,-0.40049681191456826,,34.0,9.821919914630008,9.821919914630008,5.8834915545505995,0.5874503976775711,0.0,"{""1"": 34, ""2"": 27, ""3"": 5}",9.821919914630008,9.82186091801331,37.627737177208985,1e-05,True,40,development_isotonic_frozen
s1-i13,held_out,1,structural,subset_beam_8,3,0.05,ad5716bbf79b10bc,"[[1, 3, 5, 9], [4, 6, 8, 10], [0, 2, 7, 11]]",6.165511861910957,-0.4650652555170618,1.198150935790958,-0.19360988457723102,,45.0,10.022546841777842,10.022546841777842,6.498516908081066,-0.0051981486673082465,-1.3618915627617838,"{""1"": 45, ""2"": 20, ""3"": 1}",10.022546841777842,10.02199154260747,38.08613131365381,1e-05,True,40,development_isotonic_frozen
s1-i13,held_out,1,structural,subset_beam_32,3,0.05,717a7701be44db31,"[[3, 5, 9, 11], [1, 4, 8, 10], [0, 2, 6, 7]]",6.165511861910957,-0.48698599139830656,1.1639494487532553,-0.40049681191456826,,34.0,9.821919914630008,9.821919914630008,5.8834915545505995,0.5874503976775711,0.0,"{""1"": 34, ""2"": 27, ""3"": 5}",9.821919914630008,9.82186091801331,37.627737177208985,1e-05,True,40,development_isotonic_frozen
s1-i13,held_out,1,structural,saps_diagonal,3,0.05,6e6b9df60fcd1525,"[[2, 3, 5, 10], [0, 4, 7, 8], [1, 6, 9, 11]]",6.165511861910957,-0.4838784904728537,1.184126781643244,-0.16382817428938934,,54.0,5.860146054058617,5.860146054058617,6.815621147715505,-0.33697676558498013,0.0,"{""1"": 54, ""2"": 12}",5.860146054058617,5.859983076539368,46.536039632817555,1e-05,True,40,development_isotonic_frozen
s1-i13,held_out,1,structural,p_saps_residualized,3,0.05,a2d16d0c08f88bee,"[[0, 2, 4, 9], [1, 5, 7, 8], [3, 6, 10, 11]]",6.165511861910957,-0.5250244860290865,1.12611408755982,-0.1351597011492779,,55.0,4.776168939751123,4.776168939751123,6.841756811915796,0.0,0.0,"{""1"": 55, ""2"": 11}",4.776168939751123,4.775718218330003,34.674970091186296,1e-05,True,80,development_isotonic_frozen
s1-i13,held_out,1,structural,p_saps_projection,3,0.05,25ba514c519dd6e2,"[[1, 3, 5, 9], [0, 6, 8, 10], [2, 4, 7, 11]]",6.165511861910957,-0.47648095836712095,1.173744993561694,-0.05807549551634462,,54.0,11.784471186421168,11.784471186421168,6.815621147715505,0.0,2.543869858123798,"{""1"": 54, ""2"": 12}",11.784471186421168,11.783509932134663,46.75597553771197,1e-05,True,640,development_isotonic_frozen
s1-i13,held_out,1,structural,b_saps_budgeted,3,0.05,25ba514c519dd6e2,"[[1, 3, 5, 9], [0, 6, 8, 10], [2, 4, 7, 11]]",6.165511861910957,-0.47648095836712095,1.173744993561694,-0.05807549551634462,,54.0,11.784471186421168,11.784471186421168,6.815621147715505,0.0,2.543869858123798,"{""1"": 54, ""2"": 12}",11.784471186421168,11.783509932134663,46.75597553771197,1e-05,True,40,development_isotonic_frozen
s1-i13,held_out,1,structural,random_balanced,3,0.15,a541aea29926929b,"[[3, 9, 10, 11], [0, 5, 7, 8], [1, 2, 4, 6]]",12.887075456255673,-0.48025046499178975,1.1543919553226614,-0.1980189494049006,,31.0,11.291570014084588,11.291570014084588,12.794818291736645,0.0,-1.2677652085952071,"{""1"": 31, ""2"": 31, ""3"": 4}",11.291570014084588,11.291490147762042,53.86923028044111,1e-05,True,40,development_isotonic_frozen
s1-i13,held_out,1,structural,confidence,3,0.15,c71049b29a84157b,"[[1, 3, 8, 10], [4, 6, 7, 9], [0, 2, 5, 11]]",12.887075456255673,-0.40070718732405447,1.2727375582560174,-0.4367093697711411,,38.0,8.933304414410978,8.933304414410978,12.21675124823134,0.39666437054069625,5.734622994683102,"{""1"": 38, ""2"": 21, ""3"": 6, ""4"": 1}",8.933304414410978,8.933043179592303,41.60158388812476,1e-05,True,40,development_isotonic_frozen
s1-i13,held_out,1,structural,entropy,3,0.15,2d9c55148d5392f2,"[[3, 4, 8, 10], [0, 1, 2, 6], [5, 7, 9, 11]]",12.887075456255673,-0.4138728200591591,1.2786824157905203,-0.41675353234632373,,36.0,7.168461261200166,7.168461261200166,12.602129277234877,1.3361342378598113,5.432201851989925,"{""2"": 25, ""3"": 4, ""1"": 36, ""4"": 1}",7.168461261200166,7.164242182864308,39.74963832676254,1e-05,True,40,development_isotonic_frozen
s1-i13,held_out,1,structural,dependency_cmi,3,0.15,e9fadd11ccb8c2ff,"[[2, 7, 9, 10], [1, 6, 8, 11], [0, 3, 4, 5]]",12.887075456255673,-0.48835918381323956,1.1437586584673152,-0.020850418549151616,,37.0,9.058351606535323,9.058351606535323,12.987507306238413,-0.7333911095366588,5.143170949811111,"{""1"": 37, ""2"": 26, ""3"": 3}",9.058351606535323,9.058277745267512,45.624617306628934,1e-05,True,40,development_isotonic_frozen
s1-i13,held_out,1,structural,min_within_batch_tc,3,0.15,6db9afac29721f05,"[[6, 7, 9, 11], [0, 5, 8, 10], [1, 2, 3, 4]]",12.887075456255673,-0.541504808777927,1.0696524554204847,-0.1675421737439925,,30.0,5.937149942949435,5.937149942949435,11.445995190224268,-1.3803191768522183,0.4970399358437607,"{""1"": 30, ""2"": 25, ""3"": 10, ""4"": 1}",5.937149942949435,5.937114205120595,58.870708405674236,1e-05,True,40,development_isotonic_frozen
s1-i13,held_out,1,structural,dprm_myopic,3,0.15,1886102268028b10,"[[0, 1, 3, 4], [5, 6, 7, 11], [2, 8, 9, 10]]",12.887075456255673,-0.5025998645960691,1.1651287010589573,-0.31791469418569457,,43.0,7.8338875081297985,7.8338875081297985,12.024062233729573,-0.013787428873344207,4.852883252529471,"{""2"": 15, ""1"": 43, ""3"": 8}",7.8338875081297985,7.833836838327672,35.42323295780181,1e-05,True,40,development_isotonic_frozen
s1-i13,held_out,1,structural,dprm_rollout,3,0.15,5d141fffe9687b0f,"[[4, 9, 10, 11], [0, 1, 3, 6], [2, 5, 7, 8]]",12.887075456255673,-0.4760943045223847,1.1890853736933253,-0.3983891708804215,,34.0,8.281297802905897,8.281297802905897,12.794818291736645,0.0,2.513388449870978,"{""2"": 28, ""1"": 34, ""3"": 4}",8.281297802905897,8.251072547533242,44.3874977161264,1e-05,True,40,development_isotonic_frozen
s1-i13,held_out,1,structural,subset_exact,3,0.15,a8c33254d3135b61,"[[2, 3, 4, 8], [1, 6, 7, 10], [0, 5, 9, 11]]",12.887075456255673,-0.4361000734225242,1.2439322174618443,-0.11671755705848672,,47.0,5.114202091584128,5.114202091584128,13.180196320740182,-0.21866953771252243,7.51171483146684,"{""1"": 47, ""2"": 17, ""3"": 2}",5.114202091584128,5.112461082373281,34.444435222877225,1e-05,True,40,development_isotonic_frozen
s1-i13,held_out,1,structural,subset_beam_8,3,0.15,f4fc885e2964366a,"[[1, 2, 5, 7], [3, 4, 8, 10], [0, 6, 9, 11]]",12.887075456255673,-0.49083804781184526,1.171344454212652,-0.26591654663841463,,42.0,6.7979126663036435,6.7979126663036435,13.180196320740182,0.0,0.6415408626878998,"{""1"": 42, ""2"": 22, ""3"": 2}",6.7979126663036435,6.797837051607159,34.98032990177826,1e-05,True,40,development_isotonic_frozen
s1-i13,held_out,1,structural,subset_beam_32,3,0.15,a8c33254d3135b61,"[[2, 3, 4, 8], [1, 6, 7, 10], [0, 5, 9, 11]]",12.887075456255673,-0.4361000734225242,1.2439322174618443,-0.11671755705848672,,47.0,5.114202091584128,5.114202091584128,13.180196320740182,-0.21866953771252243,7.51171483146684,"{""1"": 47, ""2"": 17, ""3"": 2}",5.114202091584128,5.112461082373281,34.444435222877225,1e-05,True,40,development_isotonic_frozen
s1-i13,held_out,1,structural,saps_diagonal,3,0.15,6e6b9df60fcd1525,"[[2, 3, 5, 10], [0, 4, 7, 8], [1, 6, 9, 11]]",12.887075456255673,-0.4838784904728537,1.184126781643244,-0.16382817428938934,,54.0,5.860146054058617,5.860146054058617,13.565574349743716,-1.0012449854068275,6.739889710915342,"{""1"": 54, ""2"": 12}",5.860146054058617,5.859983076539368,46.536039632817555,1e-05,True,40,development_isotonic_frozen
s1-i13,held_out,1,structural,p_saps_residualized,3,0.15,a2d16d0c08f88bee,"[[0, 2, 4, 9], [1, 5, 7, 8], [3, 6, 10, 11]]",12.887075456255673,-0.5250244860290865,1.12611408755982,-0.1351597011492779,,55.0,4.776168939751123,4.776168939751123,13.565574349743716,-0.6114946851056848,4.938563041940707,"{""1"": 55, ""2"": 11}",4.776168939751123,4.775718218330003,34.674970091186296,1e-05,True,80,development_isotonic_frozen
s1-i13,held_out,1,structural,p_saps_projection,3,0.15,26753b54341926b9,"[[1, 3, 5, 6], [0, 4, 8, 11], [2, 7, 9, 10]]",12.887075456255673,-0.5005408602611169,1.1611440740506038,-0.0522795074023888,,53.0,10.866528836434082,10.866528836434082,13.37288533524195,0.13811731946378852,4.769556745749528,"{""1"": 53, ""2"": 12, ""3"": 1}",10.866528836434082,10.866430341640392,38.23683177546681,1e-05,True,640,development_isotonic_frozen
s1-i13,held_out,1,structural,b_saps_budgeted,3,0.15,ed5d8b1ab8741268,"[[1, 3, 9, 11], [0, 5, 7, 8], [2, 4, 6, 10]]",12.887075456255673,-0.4938965528200079,1.1362668948230394,-0.18618518172241125,,43.0,10.749882546067763,10.749882546067763,13.565574349743716,-0.02032881347331489,4.390452115740741,"{""1"": 43, ""2"": 23}",10.749882546067763,10.747968282739665,40.421753442614715,1e-05,True,40,development_isotonic_frozen
s1-i13,held_out,1,structural,random_balanced,4,0.01,f365788179788f89,"[[9, 10, 11], [0, 3, 8], [1, 5, 7], [2, 4, 6]]",2.3411901796498706,-0.7070567353321846,1.7505481107201026,-0.11057079211761453,,48.0,5.146784041649155,5.146784041649155,2.349075187271481,0.0,0.27980208830205755,"{""1"": 48, ""2"": 17, ""3"": 1}",5.146784041649155,5.146669856470247,40.28469298135884,1e-05,True,40,development_isotonic_frozen
s1-i13,held_out,1,structural,confidence,4,0.01,843231012f796176,"[[3, 8, 10], [1, 4, 9], [2, 6, 7], [0, 5, 11]]",2.3411901796498706,-0.6118470155714527,1.9003624857282342,-0.32975845630498224,,46.0,9.557719916878575,9.557719916878575,2.276795950740051,0.0,0.0,"{""1"": 46, ""2"": 17, ""3"": 3}",9.557719916878575,9.557547232843856,34.37353862177281,1e-05,True,40,development_isotonic_frozen
s1-i13,held_out,1,structural,entropy,4,0.01,d1e98513b5b0defa,"[[4, 8, 10], [1, 2, 3], [0, 6, 9], [5, 7, 11]]",2.3411901796498706,-0.6272859142804562,1.9059290225677872,-0.16851246517650523,,45.0,9.943356406154123,9.943356406154123,2.312935569005766,0.0,0.0,"{""1"": 45, ""2"": 19, ""3"": 2}",9.943356406154123,9.638259080538461,34.46838519985182,1e-05,True,40,development_isotonic_frozen
s1-i13,held_out,1,structural,dependency_cmi,4,0.01,27f5e269a443557c,"[[2, 7, 9], [1, 6, 11], [4, 5, 8], [0, 3, 10]]",2.3411901796498706,-0.8078496871228422,1.6283910395622863,-0.0017337293016647859,,56.0,5.940832502931821,5.940832502931821,2.385214805537196,0.0,2.8292440147004605,"{""1"": 56, ""2"": 10}",5.940832502931821,5.940790644499078,34.99979729200607,1e-05,True,40,development_isotonic_frozen
s1-i13,held_out,1,structural,min_within_batch_tc,4,0.01,68942f1354ddc15c,"[[7, 9, 11], [6, 8, 10], [0, 3, 5], [1, 2, 4]]",2.3411901796498706,-0.7639010605954066,1.6628454550270455,-0.11954970316470193,,40.0,4.164688648562424,4.164688648562424,2.312935569005766,0.0,0.0,"{""1"": 40, ""2"": 24, ""3"": 2}",4.164688648562424,4.164673688994044,51.36500476606335,1e-05,True,40,development_isotonic_frozen
s1-i13,held_out,1,structural,dprm_myopic,4,0.01,0ff37cbc836ceb0a,"[[1, 4, 6], [0, 3, 5], [2, 7, 9], [8, 10, 11]]",2.3411901796498706,-0.7708710455787329,1.7292881290547404,-0.11638306461029393,,57.0,7.9641273653022715,7.9641273653022715,2.349075187271481,0.0,1.2712666857235773,"{""1"": 57, ""2"": 8, ""3"": 1}",7.9641273653022715,7.96339991911692,39.629219755647135,1e-05,True,40,development_isotonic_frozen
s1-i13,held_out,1,structural,dprm_rollout,4,0.01,b67a74e62154920e,"[[1, 4, 11], [0, 3, 7], [2, 5, 8], [6, 9, 10]]",2.3411901796498706,-0.7475236071015786,1.746313444475322,-0.3494574730777681,,47.0,10.797318848784101,10.797318848784101,2.349075187271481,0.0,1.7383940926471855,"{""1"": 47, ""2"": 18, ""3"": 1}",10.797318848784101,10.797274470153386,32.628646142533995,1e-05,True,40,development_isotonic_frozen
s1-i13,held_out,1,structural,subset_exact,4,0.01,38eca9b49a1fff44,"[[0, 5, 6], [3, 8, 10], [1, 4, 9], [2, 7, 11]]",2.3411901796498706,-0.7433732859325928,1.7437188059455553,-0.21675574029126424,,49.0,4.453660816676223,4.453660816676223,2.276795950740051,0.0,-2.637498773338783,"{""1"": 49, ""2"": 14, ""3"": 3}",4.453660816676223,4.453529457305144,41.66282721727088,1e-05,True,40,development_isotonic_frozen
s1-i13,held_out,1,structural,subset_beam_8,4,0.01,38eca9b49a1fff44,"[[0, 5, 6], [3, 8, 10], [1, 4, 9], [2, 7, 11]]",2.3411901796498706,-0.7433732859325928,1.7437188059455553,-0.21675574029126424,,49.0,4.453660816676223,4.453660816676223,2.276795950740051,0.0,-2.637498773338783,"{""1"": 49, ""2"": 14, ""3"": 3}",4.453660816676223,4.453529457305144,41.66282721727088,1e-05,True,40,development_isotonic_frozen
s1-i13,held_out,1,structural,subset_beam_32,4,0.01,38eca9b49a1fff44,"[[0, 5, 6], [3, 8, 10], [1, 4, 9], [2, 7, 11]]",2.3411901796498706,-0.7433732859325928,1.7437188059455553,-0.21675574029126424,,49.0,4.453660816676223,4.453660816676223,2.276795950740051,0.0,-2.637498773338783,"{""1"": 49, ""2"": 14, ""3"": 3}",4.453660816676223,4.453529457305144,41.66282721727088,1e-05,True,40,development_isotonic_frozen
s1-i13,held_out,1,structural,saps_diagonal,4,0.01,427b6672c82484ae,"[[2, 9, 11], [0, 4, 8], [1, 5, 7], [3, 6, 10]]",2.3411901796498706,-0.797442381649993,1.6566591425048813,-0.010967368775120003,,63.0,6.287132630573471,6.287132630573471,2.385214805537196,0.0,0.0,"{""1"": 63, ""2"": 3}",6.287132630573471,6.286858528952686,35.24001060495136,1e-05,True,40,development_isotonic_frozen
s1-i13,held_out,1,structural,p_saps_residualized,4,0.01,002929b5a7a48643,"[[4, 9, 10], [3, 5, 8], [1, 2, 7], [0, 6, 11]]",2.3411901796498706,-0.6765652181047811,1.8316664072556446,-0.14918958241068633,,51.0,6.6187218072647545,6.6187218072647545,2.349075187271481,0.0,2.637498773338783,"{""1"": 51, ""2"": 14, ""3"": 1}",6.6187218072647545,6.6186160111837165,33.49109725837229,1e-05,True,80,development_isotonic_frozen
s1-i13,held_out,1,structural,p_saps_projection,4,0.01,d1e98513b5b0defa,"[[4, 8, 10], [1, 2, 3], [0, 6, 9], [5, 7, 11]]",2.3411901796498706,-0.6272859142804562,1.9059290225677872,-0.16851246517650523,,45.0,9.943356406154123,9.943356406154123,2.312935569005766,0.0,0.0,"{""1"": 45, ""2"": 19, ""3"": 2}",9.943356406154123,9.638259080538461,34.46838519985182,1e-05,True,640,development_isotonic_frozen
s1-i13,held_out,1,structural,b_saps_budgeted,4,0.01,6fe60ae77b7f33c3,"[[0, 9, 10], [3, 8, 11], [1, 5, 7], [2, 4, 6]]",2.3411901796498706,-0.7053275512313658,1.7557197885860412,-0.1104917443764734,,49.0,7.516019448857802,7.516019448857802,2.385214805537196,0.0,0.27980208830205755,"{""1"": 49, ""2"": 17}",7.516019448857802,7.51590301831936,45.22267158812449,1e-05,True,40,development_isotonic_frozen
s1-i13,held_out,1,structural,random_balanced,4,0.05,f365788179788f89,"[[9, 10, 11], [0, 3, 8], [1, 5, 7], [2, 4, 6]]",6.562147222051397,-0.7070567353321846,1.7505481107201026,-0.11057079211761453,,48.0,5.146784041649155,5.146784041649155,6.57692390068194,0.0,2.081628804290119,"{""1"": 48, ""2"": 17, ""3"": 1}",5.146784041649155,5.146669856470247,40.28469298135884,1e-05,True,40,development_isotonic_frozen
s1-i13,held_out,1,structural,confidence,4,0.05,843231012f796176,"[[3, 8, 10], [1, 4, 9], [2, 6, 7], [0, 5, 11]]",6.562147222051397,-0.6118470155714527,1.9003624857282342,-0.32975845630498224,,46.0,9.557719916878575,9.557719916878575,6.360886048617728,-0.4738439591091844,-1.4328018121392843,"{""1"": 46, ""2"": 17, ""3"": 3}",9.557719916878575,9.557547232843856,34.37353862177281,1e-05,True,40,development_isotonic_frozen
s1-i13,held_out,1,structural,entropy,4,0.05,d1e98513b5b0defa,"[[4, 8, 10], [1, 2, 3], [0, 6, 9], [5, 7, 11]]",6.562147222051397,-0.6272859142804562,1.9059290225677872,-0.16851246517650523,,45.0,9.943356406154123,9.943356406154123,6.4166336462492515,0.0,-1.4328018121392843,"{""1"": 45, ""2"": 19, ""3"": 2}",9.943356406154123,9.638259080538461,34.46838519985182,1e-05,True,40,development_isotonic_frozen
s1-i13,held_out,1,structural,dependency_cmi,4,0.05,27f5e269a443557c,"[[2, 7, 9], [1, 6, 11], [4, 5, 8], [0, 3, 10]]",6.562147222051397,-0.8078496871228422,1.6283910395622863,-0.0017337293016647859,,56.0,5.940832502931821,5.940832502931821,6.867892476116088,0.0,1.9813783739593829,"{""1"": 56, ""2"": 10}",5.940832502931821,5.940790644499078,34.99979729200607,1e-05,True,40,development_isotonic_frozen
s1-i13,held_out,1,structural,min_within_batch_tc,4,0.05,68942f1354ddc15c,"[[7, 9, 11], [6, 8, 10], [0, 3, 5], [1, 2, 4]]",6.562147222051397,-0.7639010605954066,1.6628454550270455,-0.11954970316470193,,40.0,4.164688648562424,4.164688648562424,6.285955325247793,-1.3204189527410646,-0.8332031241463245,"{""1"": 40, ""2"": 24, ""3"": 2}",4.164688648562424,4.164673688994044,51.36500476606335,1e-05,True,40,development_isotonic_frozen
s1-i13,held_out,1,structural,dprm_myopic,4,0.05,0ff37cbc836ceb0a,"[[1, 4, 6], [0, 3, 5], [2, 7, 9], [8, 10, 11]]",6.562147222051397,-0.7708710455787329,1.7292881290547404,-0.11638306461029393,,57.0,7.9641273653022715,7.9641273653022715,6.812144878484565,0.0,2.5965883325543113,"{""1"": 57, ""2"": 8, ""3"": 1}",7.9641273653022715,7.96339991911692,39.629219755647135,1e-05,True,40,development_isotonic_frozen
s1-i13,held_out,1,structural,dprm_rollout,4,0.05,2f6ac80afe50e007,"[[2, 3, 10], [0, 1, 11], [4, 6, 8], [5, 7, 9]]",6.562147222051397,-0.6864280549402038,1.8206513369638504,-0.0911695493319442,,54.0,10.394978807929487,10.394978807929487,6.815621147715505,-0.3040793246258481,0.0,"{""2"": 12, ""1"": 54}",10.394978807929487,10.394858986134333,33.6646806819943,1e-05,True,40,development_isotonic_frozen
s1-i13,held_out,1,structural,subset_exact,4,0.05,3fc0e16bc3a04156,"[[2, 3, 5], [1, 8, 10], [4, 6, 9], [0, 7, 11]]",6.562147222051397,-0.7061228831472803,1.796355449393352,-0.20682463835953066,,55.0,5.465928786475484,5.465928786475484,6.841756811915796,0.0,0.0,"{""1"": 55, ""2"": 11}",5.465928786475484,5.465884104758715,31.237364320980586,1e-05,True,40,development_isotonic_frozen
s1-i13,held_out,1,structural,subset_beam_8,4,0.05,3fc0e16bc3a04156,"[[2, 3, 5], [1, 8, 10], [4, 6, 9], [0, 7, 11]]",6.562147222051397,-0.7061228831472803,1.796355449393352,-0.20682463835953066,,55.0,5.465928786475484,5.465928786475484,6.841756811915796,0.0,0.0,"{""1"": 55, ""2"": 11}",5.465928786475484,5.465884104758715,31.237364320980586,1e-05,True,40,development_isotonic_frozen
s1-i13,held_out,1,structural,subset_beam_32,4,0.05,3fc0e16bc3a04156,"[[2, 3, 5], [1, 8, 10], [4, 6, 9], [0, 7, 11]]",6.562147222051397,-0.7061228831472803,1.796355449393352,-0.20682463835953066,,55.0,5.465928786475484,5.465928786475484,6.841756811915796,0.0,0.0,"{""1"": 55, ""2"": 11}",5.465928786475484,5.465884104758715,31.237364320980586,1e-05,True,40,development_isotonic_frozen
s1-i13,held_out,1,structural,saps_diagonal,4,0.05,427b6672c82484ae,"[[2, 9, 11], [0, 4, 8], [1, 5, 7], [3, 6, 10]]",6.562147222051397,-0.797442381649993,1.6566591425048813,-0.010967368775120003,,63.0,6.287132630573471,6.287132630573471,7.0508421255181295,0.0,1.9813783739593829,"{""1"": 63, ""2"": 3}",6.287132630573471,6.286858528952686,35.24001060495136,1e-05,True,40,development_isotonic_frozen
s1-i13,held_out,1,structural,p_saps_residualized,4,0.05,002929b5a7a48643,"[[4, 9, 10], [3, 5, 8], [1, 2, 7], [0, 6, 11]]",6.562147222051397,-0.6765652181047811,1.8316664072556446,-0.14918958241068633,,51.0,6.6187218072647545,6.6187218072647545,6.655330893282815,-0.485736918197989,0.0,"{""1"": 51, ""2"": 14, ""3"": 1}",6.6187218072647545,6.6186160111837165,33.49109725837229,1e-05,True,80,development_isotonic_frozen
s1-i13,held_out,1,structural,p_saps_projection,4,0.05,d1e98513b5b0defa,"[[4, 8, 10], [1, 2, 3], [0, 6, 9], [5, 7, 11]]",6.562147222051397,-0.6272859142804562,1.9059290225677872,-0.16851246517650523,,45.0,9.943356406154123,9.943356406154123,6.4166336462492515,0.0,-1.4328018121392843,"{""1"": 45, ""2"": 19, ""3"": 2}",9.943356406154123,9.638259080538461,34.46838519985182,1e-05,True,640,development_isotonic_frozen
s1-i13,held_out,1,structural,b_saps_budgeted,4,0.05,427b6672c82484ae,"[[2, 9, 11], [0, 4, 8], [1, 5, 7], [3, 6, 10]]",6.562147222051397,-0.797442381649993,1.6566591425048813,-0.010967368775120003,,63.0,6.287132630573471,6.287132630573471,7.0508421255181295,0.0,1.9813783739593829,"{""1"": 63, ""2"": 3}",6.287132630573471,6.286858528952686,35.24001060495136,1e-05,True,40,development_isotonic_frozen
s1-i13,held_out,1,structural,random_balanced,4,0.15,f365788179788f89,"[[9, 10, 11], [0, 3, 8], [1, 5, 7], [2, 4, 6]]",13.33084409571429,-0.7070567353321846,1.7505481107201026,-0.11057079211761453,,48.0,5.146784041649155,5.146784041649155,13.37288533524195,0.27296878262836155,2.4778313774179366,"{""1"": 48, ""2"": 17, ""3"": 1}",5.146784041649155,5.146669856470247,40.28469298135884,1e-05,True,40,development_isotonic_frozen
s1-i13,held_out,1,structural,confidence,4,0.15,843231012f796176,"[[3, 8, 10], [1, 4, 9], [2, 6, 7], [0, 5, 11]]",13.33084409571429,-0.6118470155714527,1.9003624857282342,-0.32975845630498224,,46.0,9.557719916878575,9.557719916878575,12.987507306238413,-0.19523250619286286,1.4557135911588017,"{""1"": 46, ""2"": 17, ""3"": 3}",9.557719916878575,9.557547232843856,34.37353862177281,1e-05,True,40,development_isotonic_frozen
s1-i13,held_out,1,structural,entropy,4,0.15,d1e98513b5b0defa,"[[4, 8, 10], [1, 2, 3], [0, 6, 9], [5, 7, 11]]",13.33084409571429,-0.6272859142804562,1.9059290225677872,-0.16851246517650523,,45.0,9.943356406154123,9.943356406154123,13.180196320740182,-0.12582361800951158,7.51171483146684,"{""1"": 45, ""2"": 19, ""3"": 2}",9.943356406154123,9.638259080538461,34.46838519985182,1e-05,True,40,development_isotonic_frozen
s1-i13,held_out,1,structural,dependency_cmi,4,0.15,27f5e269a443557c,"[[2, 7, 9], [1, 6, 11], [4, 5, 8], [0, 3, 10]]",13.33084409571429,-0.8078496871228422,1.6283910395622863,-0.0017337293016647859,,56.0,5.940832502931821,5.940832502931821,13.565574349743716,0.18363191981796861,4.174708907503919,"{""1"": 56, ""2"": 10}",5.940832502931821,5.940790644499078,34.99979729200607,1e-05,True,40,development_isotonic_frozen
s1-i13,held_out,1,structural,min_within_batch_tc,4,0.15,68942f1354ddc15c,"[[7, 9, 11], [6, 8, 10], [0, 3, 5], [1, 2, 4]]",13.33084409571429,-0.7639010605954066,1.6628454550270455,-0.11954970316470193,,40.0,4.164688648562424,4.164688648562424,13.180196320740182,-0.8083276375877937,-4.315770810889668,"{""1"": 40, ""2"": 24, ""3"": 2}",4.164688648562424,4.164673688994044,51.36500476606335,1e-05,True,40,development_isotonic_frozen
s1-i13,held_out,1,structural,dprm_myopic,4,0.15,0ff37cbc836ceb0a,"[[1, 4, 6], [0, 3, 5], [2, 7, 9], [8, 10, 11]]",13.33084409571429,-0.7708710455787329,1.7292881290547404,-0.11638306461029393,,57.0,7.9641273653022715,7.9641273653022715,13.37288533524195,0.6955696791740238,6.44184216590698,"{""1"": 57, ""2"": 8, ""3"": 1}",7.9641273653022715,7.96339991911692,39.629219755647135,1e-05,True,40,development_isotonic_frozen
s1-i13,held_out,1,structural,dprm_rollout,4,0.15,a83306ad07f6ea0d,"[[0, 4, 8], [3, 7, 9], [2, 5, 10], [1, 6, 11]]",13.33084409571429,-0.7130247191135203,1.7745019524259542,-0.24164655684317188,,58.0,4.397644796708194,4.397644796708194,13.565574349743716,0.6910692365893791,9.526155172538616,"{""1"": 58, ""2"": 8}",4.397644796708194,4.397614686432091,51.31467478962459,1e-05,True,40,development_isotonic_frozen
s1-i13,held_out,1,structural,subset_exact,4,0.15,40d6c3e333fbdd98,"[[1, 5, 9], [3, 8, 10], [2, 4, 6], [0, 7, 11]]",13.33084409571429,-0.6990854853818687,1.7918642053042715,-0.11222600220011773,,54.0,7.860691199099157,7.860691199099157,13.565574349743716,0.03092125326415361,5.829032761577827,"{""1"": 54, ""2"": 12}",7.860691199099157,7.860657014104102,36.75879473224218,1e-05,True,40,development_isotonic_frozen
s1-i13,held_out,1,structural,subset_beam_8,4,0.15,3fc0e16bc3a04156,"[[2, 3, 5], [1, 8, 10], [4, 6, 9], [0, 7, 11]]",13.33084409571429,-0.7061228831472803,1.796355449393352,-0.20682463835953066,,55.0,5.465928786475484,5.465928786475484,13.565574349743716,-0.0800476107296394,5.53778435673985,"{""1"": 55, ""2"": 11}",5.465928786475484,5.465884104758715,31.237364320980586,1e-05,True,40,development_isotonic_frozen
s1-i13,held_out,1,structural,subset_beam_32,4,0.15,40d6c3e333fbdd98,"[[1, 5, 9], [3, 8, 10], [2, 4, 6], [0, 7, 11]]",13.33084409571429,-0.6990854853818687,1.7918642053042715,-0.11222600220011773,,54.0,7.860691199099157,7.860691199099157,13.565574349743716,0.03092125326415361,5.829032761577827,"{""1"": 54, ""2"": 12}",7.860691199099157,7.860657014104102,36.75879473224218,1e-05,True,40,development_isotonic_frozen
s1-i13,held_out,1,structural,saps_diagonal,4,0.15,427b6672c82484ae,"[[2, 9, 11], [0, 4, 8], [1, 5, 7], [3, 6, 10]]",13.33084409571429,-0.797442381649993,1.6566591425048813,-0.010967368775120003,,63.0,6.287132630573471,6.287132630573471,13.565574349743716,0.0,8.289248083828166,"{""1"": 63, ""2"": 3}",6.287132630573471,6.286858528952686,35.24001060495136,1e-05,True,40,development_isotonic_frozen
s1-i13,held_out,1,structural,p_saps_residualized,4,0.15,002929b5a7a48643,"[[4, 9, 10], [3, 5, 8], [1, 2, 7], [0, 6, 11]]",13.33084409571429,-0.6765652181047811,1.8316664072556446,-0.14918958241068633,,51.0,6.6187218072647545,6.6187218072647545,13.37288533524195,0.3337570001338346,5.699648749206304,"{""1"": 51, ""2"": 14, ""3"": 1}",6.6187218072647545,6.6186160111837165,33.49109725837229,1e-05,True,80,development_isotonic_frozen
s1-i13,held_out,1,structural,p_saps_projection,4,0.15,d1e98513b5b0defa,"[[4, 8, 10], [1, 2, 3], [0, 6, 9], [5, 7, 11]]",13.33084409571429,-0.6272859142804562,1.9059290225677872,-0.16851246517650523,,45.0,9.943356406154123,9.943356406154123,13.180196320740182,-0.12582361800951158,7.51171483146684,"{""1"": 45, ""2"": 19, ""3"": 2}",9.943356406154123,9.638259080538461,34.46838519985182,1e-05,True,640,development_isotonic_frozen
s1-i13,held_out,1,structural,b_saps_budgeted,4,0.15,6fe60ae77b7f33c3,"[[0, 9, 10], [3, 8, 11], [1, 5, 7], [2, 4, 6]]",13.33084409571429,-0.7053275512313658,1.7557197885860412,-0.1104917443764734,,49.0,7.516019448857802,7.516019448857802,13.565574349743716,0.8220766079546455,8.017733151576866,"{""1"": 49, ""2"": 17}",7.516019448857802,7.51590301831936,45.22267158812449,1e-05,True,40,development_isotonic_frozen
