example_id,data_split,seed,candidate_library,scheduler,num_rounds,epsilon_target,schedule_id,schedule,score_random,score_confidence,score_entropy,score_dependency,score_dprm_itemwise,score_diag_um,score_projection,score_residualized,score_budgeted,actual_response_power,actual_terminal_gain,frontier_width_histogram,gamma_pinv,gamma_ridge,gram_delta,ridge_multiplier,used_pinv,adaptation_terminal_labels,width_weight_source
s0-i0,development,0,oracle,random_balanced,1,0.01,54a0dc573c0908b1,"[[0, 1, 2, 3, 4, 5, 6, 7, 8, 9, 10, 11]]",0.001014490348996145,-0.0,0.0,-4.512674843791948e-15,,1.0,7.491097318727212,7.491097318727212,0.001014490348996145,-0.010871000532820904,-0.2262385652636274,"{""1"": 12}",7.491097318727212,7.491002707449153,2.5563364980086027,1e-05,True,40,development_isotonic_frozen
s0-i0,development,0,oracle,confidence,1,0.01,54a0dc573c0908b1,"[[0, 1, 2, 3, 4, 5, 6, 7, 8, 9, 10, 11]]",0.001014490348996145,-0.0,0.0,-4.512674843791948e-15,,1.0,7.491097318727212,7.491097318727212,0.001014490348996145,-0.010871000532820904,-0.2262385652636274,"{""1"": 12}",7.491097318727212,7.491002707449153,2.5563364980086027,1e-05,True,40,development_isotonic_frozen
s0-i0,development,0,oracle,entropy,1,0.01,54a0dc573c0908b1,"[[0, 1, 2, 3, 4, 5, 6, 7, 8, 9, 10, 11]]",0.001014490348996145,-0.0,0.0,-4.512674843791948e-15,,1.0,7.491097318727212,7.491097318727212,0.001014490348996145,-0.010871000532820904,-0.2262385652636274,"{""1"": 12}",7.491097318727212,7.491002707449153,2.5563364980086027,1e-05,True,40,development_isotonic_frozen
s0-i0,development,0,oracle,dependency_cmi,1,0.01,54a0dc573c0908b1,"[[0, 1, 2, 3, 4, 5, 6, 7, 8, 9, 10, 11]]",0.001014490348996145,-0.0,0.0,-4.512674843791948e-15,,1.0,7.491097318727212,7.491097318727212,0.001014490348996145,-0.010871000532820904,-0.2262385652636274,"{""1"": 12}",7.491097318727212,7.491002707449153,2.5563364980086027,1e-05,True,40,development_isotonic_frozen
s0-i0,development,0,oracle,min_within_batch_tc,1,0.01,54a0dc573c0908b1,"[[0, 1, 2, 3, 4, 5, 6, 7, 8, 9, 10, 11]]",0.001014490348996145,-0.0,0.0,-4.512674843791948e-15,,1.0,7.491097318727212,7.491097318727212,0.001014490348996145,-0.010871000532820904,-0.2262385652636274,"{""1"": 12}",7.491097318727212,7.491002707449153,2.5563364980086027,1e-05,True,40,development_isotonic_frozen
s0-i0,development,0,oracle,dprm_myopic,1,0.01,54a0dc573c0908b1,"[[0, 1, 2, 3, 4, 5, 6, 7, 8, 9, 10, 11]]",0.001014490348996145,-0.0,0.0,-4.512674843791948e-15,,1.0,7.491097318727212,7.491097318727212,0.001014490348996145,-0.010871000532820904,-0.2262385652636274,"{""1"": 12}",7.491097318727212,7.491002707449153,2.5563364980086027,1e-05,True,40,development_isotonic_frozen
s0-i0,development,0,oracle,dprm_rollout,1,0.01,54a0dc573c0908b1,"[[0, 1, 2, 3, 4, 5, 6, 7, 8, 9, 10, 11]]",0.001014490348996145,-0.0,0.0,-4.512674843791948e-15,,1.0,7.491097318727212,7.491097318727212,0.001014490348996145,-0.010871000532820904,-0.2262385652636274,"{""1"": 12}",7.491097318727212,7.491002707449153,2.5563364980086027,1e-05,True,40,development_isotonic_frozen
s0-i0,development,0,oracle,subset_exact,1,0.01,54a0dc573c0908b1,"[[0, 1, 2, 3, 4, 5, 6, 7, 8, 9, 10, 11]]",0.001014490348996145,-0.0,0.0,-4.512674843791948e-15,,1.0,7.491097318727212,7.491097318727212,0.001014490348996145,-0.010871000532820904,-0.2262385652636274,"{""1"": 12}",7.491097318727212,7.491002707449153,2.5563364980086027,1e-05,True,40,development_isotonic_frozen
s0-i0,development,0,oracle,subset_beam_8,1,0.01,54a0dc573c0908b1,"[[0, 1, 2, 3, 4, 5, 6, 7, 8, 9, 10, 11]]",0.001014490348996145,-0.0,0.0,-4.512674843791948e-15,,1.0,7.491097318727212,7.491097318727212,0.001014490348996145,-0.010871000532820904,-0.2262385652636274,"{""1"": 12}",7.491097318727212,7.491002707449153,2.5563364980086027,1e-05,True,40,development_isotonic_frozen
s0-i0,development,0,oracle,subset_beam_32,1,0.01,54a0dc573c0908b1,"[[0, 1, 2, 3, 4, 5, 6, 7, 8, 9, 10, 11]]",0.001014490348996145,-0.0,0.0,-4.512674843791948e-15,,1.0,7.491097318727212,7.491097318727212,0.001014490348996145,-0.010871000532820904,-0.2262385652636274,"{""1"": 12}",7.491097318727212,7.491002707449153,2.5563364980086027,1e-05,True,40,development_isotonic_frozen
s0-i0,development,0,oracle,saps_diagonal,1,0.01,54a0dc573c0908b1,"[[0, 1, 2, 3, 4, 5, 6, 7, 8, 9, 10, 11]]",0.001014490348996145,-0.0,0.0,-4.512674843791948e-15,,1.0,7.491097318727212,7.491097318727212,0.001014490348996145,-0.010871000532820904,-0.2262385652636274,"{""1"": 12}",7.491097318727212,7.491002707449153,2.5563364980086027,1e-05,True,40,development_isotonic_frozen
s0-i0,development,0,oracle,p_saps_residualized,1,0.01,54a0dc573c0908b1,"[[0, 1, 2, 3, 4, 5, 6, 7, 8, 9, 10, 11]]",0.001014490348996145,-0.0,0.0,-4.512674843791948e-15,,1.0,7.491097318727212,7.491097318727212,0.001014490348996145,-0.010871000532820904,-0.2262385652636274,"{""1"": 12}",7.491097318727212,7.491002707449153,2.5563364980086027,1e-05,True,40,development_isotonic_frozen
s0-i0,development,0,oracle,p_saps_projection,1,0.01,54a0dc573c0908b1,"[[0, 1, 2, 3, 4, 5, 6, 7, 8, 9, 10, 11]]",0.001014490348996145,-0.0,0.0,-4.512674843791948e-15,,1.0,7.491097318727212,7.491097318727212,0.001014490348996145,-0.010871000532820904,-0.2262385652636274,"{""1"": 12}",7.491097318727212,7.491002707449153,2.5563364980086027,1e-05,True,40,development_isotonic_frozen
s0-i0,development,0,oracle,b_saps_budgeted,1,0.01,54a0dc573c0908b1,"[[0, 1, 2, 3, 4, 5, 6, 7, 8, 9, 10, 11]]",0.001014490348996145,-0.0,0.0,-4.512674843791948e-15,,1.0,7.491097318727212,7.491097318727212,0.001014490348996145,-0.010871000532820904,-0.2262385652636274,"{""1"": 12}",7.491097318727212,7.491002707449153,2.5563364980086027,1e-05,True,40,development_isotonic_frozen
s0-i0,development,0,oracle,random_balanced,1,0.05,54a0dc573c0908b1,"[[0, 1, 2, 3, 4, 5, 6, 7, 8, 9, 10, 11]]",0.0045632850121599755,-0.0,0.0,-4.512674843791948e-15,,1.0,7.491097318727212,7.491097318727212,0.0045632850121599755,0.0,-0.5477072835360897,"{""1"": 12}",7.491097318727212,7.491002707449153,2.5563364980086027,1e-05,True,40,development_isotonic_frozen
s0-i0,development,0,oracle,confidence,1,0.05,54a0dc573c0908b1,"[[0, 1, 2, 3, 4, 5, 6, 7, 8, 9, 10, 11]]",0.0045632850121599755,-0.0,0.0,-4.512674843791948e-15,,1.0,7.491097318727212,7.491097318727212,0.0045632850121599755,0.0,-0.5477072835360897,"{""1"": 12}",7.491097318727212,7.491002707449153,2.5563364980086027,1e-05,True,40,development_isotonic_frozen
s0-i0,development,0,oracle,entropy,1,0.05,54a0dc573c0908b1,"[[0, 1, 2, 3, 4, 5, 6, 7, 8, 9, 10, 11]]",0.0045632850121599755,-0.0,0.0,-4.512674843791948e-15,,1.0,7.491097318727212,7.491097318727212,0.0045632850121599755,0.0,-0.5477072835360897,"{""1"": 12}",7.491097318727212,7.491002707449153,2.5563364980086027,1e-05,True,40,development_isotonic_frozen
s0-i0,development,0,oracle,dependency_cmi,1,0.05,54a0dc573c0908b1,"[[0, 1, 2, 3, 4, 5, 6, 7, 8, 9, 10, 11]]",0.0045632850121599755,-0.0,0.0,-4.512674843791948e-15,,1.0,7.491097318727212,7.491097318727212,0.0045632850121599755,0.0,-0.5477072835360897,"{""1"": 12}",7.491097318727212,7.491002707449153,2.5563364980086027,1e-05,True,40,development_isotonic_frozen
s0-i0,development,0,oracle,min_within_batch_tc,1,0.05,54a0dc573c0908b1,"[[0, 1, 2, 3, 4, 5, 6, 7, 8, 9, 10, 11]]",0.0045632850121599755,-0.0,0.0,-4.512674843791948e-15,,1.0,7.491097318727212,7.491097318727212,0.0045632850121599755,0.0,-0.5477072835360897,"{""1"": 12}",7.491097318727212,7.491002707449153,2.5563364980086027,1e-05,True,40,development_isotonic_frozen
s0-i0,development,0,oracle,dprm_myopic,1,0.05,54a0dc573c0908b1,"[[0, 1, 2, 3, 4, 5, 6, 7, 8, 9, 10, 11]]",0.0045632850121599755,-0.0,0.0,-4.512674843791948e-15,,1.0,7.491097318727212,7.491097318727212,0.0045632850121599755,0.0,-0.5477072835360897,"{""1"": 12}",7.491097318727212,7.491002707449153,2.5563364980086027,1e-05,True,40,development_isotonic_frozen
s0-i0,development,0,oracle,dprm_rollout,1,0.05,54a0dc573c0908b1,"[[0, 1, 2, 3, 4, 5, 6, 7, 8, 9, 10, 11]]",0.0045632850121599755,-0.0,0.0,-4.512674843791948e-15,,1.0,7.491097318727212,7.491097318727212,0.0045632850121599755,0.0,-0.5477072835360897,"{""1"": 12}",7.491097318727212,7.491002707449153,2.5563364980086027,1e-05,True,40,development_isotonic_frozen
s0-i0,development,0,oracle,subset_exact,1,0.05,54a0dc573c0908b1,"[[0, 1, 2, 3, 4, 5, 6, 7, 8, 9, 10, 11]]",0.0045632850121599755,-0.0,0.0,-4.512674843791948e-15,,1.0,7.491097318727212,7.491097318727212,0.0045632850121599755,0.0,-0.5477072835360897,"{""1"": 12}",7.491097318727212,7.491002707449153,2.5563364980086027,1e-05,True,40,development_isotonic_frozen
s0-i0,development,0,oracle,subset_beam_8,1,0.05,54a0dc573c0908b1,"[[0, 1, 2, 3, 4, 5, 6, 7, 8, 9, 10, 11]]",0.0045632850121599755,-0.0,0.0,-4.512674843791948e-15,,1.0,7.491097318727212,7.491097318727212,0.0045632850121599755,0.0,-0.5477072835360897,"{""1"": 12}",7.491097318727212,7.491002707449153,2.5563364980086027,1e-05,True,40,development_isotonic_frozen
s0-i0,development,0,oracle,subset_beam_32,1,0.05,54a0dc573c0908b1,"[[0, 1, 2, 3, 4, 5, 6, 7, 8, 9, 10, 11]]",0.0045632850121599755,-0.0,0.0,-4.512674843791948e-15,,1.0,7.491097318727212,7.491097318727212,0.0045632850121599755,0.0,-0.5477072835360897,"{""1"": 12}",7.491097318727212,7.491002707449153,2.5563364980086027,1e-05,True,40,development_isotonic_frozen
s0-i0,development,0,oracle,saps_diagonal,1,0.05,54a0dc573c0908b1,"[[0, 1, 2, 3, 4, 5, 6, 7, 8, 9, 10, 11]]",0.0045632850121599755,-0.0,0.0,-4.512674843791948e-15,,1.0,7.491097318727212,7.491097318727212,0.0045632850121599755,0.0,-0.5477072835360897,"{""1"": 12}",7.491097318727212,7.491002707449153,2.5563364980086027,1e-05,True,40,development_isotonic_frozen
s0-i0,development,0,oracle,p_saps_residualized,1,0.05,54a0dc573c0908b1,"[[0, 1, 2, 3, 4, 5, 6, 7, 8, 9, 10, 11]]",0.0045632850121599755,-0.0,0.0,-4.512674843791948e-15,,1.0,7.491097318727212,7.491097318727212,0.0045632850121599755,0.0,-0.5477072835360897,"{""1"": 12}",7.491097318727212,7.491002707449153,2.5563364980086027,1e-05,True,40,development_isotonic_frozen
s0-i0,development,0,oracle,p_saps_projection,1,0.05,54a0dc573c0908b1,"[[0, 1, 2, 3, 4, 5, 6, 7, 8, 9, 10, 11]]",0.0045632850121599755,-0.0,0.0,-4.512674843791948e-15,,1.0,7.491097318727212,7.491097318727212,0.0045632850121599755,0.0,-0.5477072835360897,"{""1"": 12}",7.491097318727212,7.491002707449153,2.5563364980086027,1e-05,True,40,development_isotonic_frozen
s0-i0,development,0,oracle,b_saps_budgeted,1,0.05,54a0dc573c0908b1,"[[0, 1, 2, 3, 4, 5, 6, 7, 8, 9, 10, 11]]",0.0045632850121599755,-0.0,0.0,-4.512674843791948e-15,,1.0,7.491097318727212,7.491097318727212,0.0045632850121599755,0.0,-0.5477072835360897,"{""1"": 12}",7.491097318727212,7.491002707449153,2.5563364980086027,1e-05,True,40,development_isotonic_frozen
s0-i0,development,0,oracle,random_balanced,1,0.15,54a0dc573c0908b1,"[[0, 1, 2, 3, 4, 5, 6, 7, 8, 9, 10, 11]]",0.10319987799386791,-0.0,0.0,-4.512674843791948e-15,,1.0,7.491097318727212,7.491097318727212,0.10319987799386791,-1.3510692325017433,3.163205720529233,"{""1"": 12}",7.491097318727212,7.491002707449153,2.5563364980086027,1e-05,True,40,development_isotonic_frozen
s0-i0,development,0,oracle,confidence,1,0.15,54a0dc573c0908b1,"[[0, 1, 2, 3, 4, 5, 6, 7, 8, 9, 10, 11]]",0.10319987799386791,-0.0,0.0,-4.512674843791948e-15,,1.0,7.491097318727212,7.491097318727212,0.10319987799386791,-1.3510692325017433,3.163205720529233,"{""1"": 12}",7.491097318727212,7.491002707449153,2.5563364980086027,1e-05,True,40,development_isotonic_frozen
s0-i0,development,0,oracle,entropy,1,0.15,54a0dc573c0908b1,"[[0, 1, 2, 3, 4, 5, 6, 7, 8, 9, 10, 11]]",0.10319987799386791,-0.0,0.0,-4.512674843791948e-15,,1.0,7.491097318727212,7.491097318727212,0.10319987799386791,-1.3510692325017433,3.163205720529233,"{""1"": 12}",7.491097318727212,7.491002707449153,2.5563364980086027,1e-05,True,40,development_isotonic_frozen
s0-i0,development,0,oracle,dependency_cmi,1,0.15,54a0dc573c0908b1,"[[0, 1, 2, 3, 4, 5, 6, 7, 8, 9, 10, 11]]",0.10319987799386791,-0.0,0.0,-4.512674843791948e-15,,1.0,7.491097318727212,7.491097318727212,0.10319987799386791,-1.3510692325017433,3.163205720529233,"{""1"": 12}",7.491097318727212,7.491002707449153,2.5563364980086027,1e-05,True,40,development_isotonic_frozen
s0-i0,development,0,oracle,min_within_batch_tc,1,0.15,54a0dc573c0908b1,"[[0, 1, 2, 3, 4, 5, 6, 7, 8, 9, 10, 11]]",0.10319987799386791,-0.0,0.0,-4.512674843791948e-15,,1.0,7.491097318727212,7.491097318727212,0.10319987799386791,-1.3510692325017433,3.163205720529233,"{""1"": 12}",7.491097318727212,7.491002707449153,2.5563364980086027,1e-05,True,40,development_isotonic_frozen
s0-i0,development,0,oracle,dprm_myopic,1,0.15,54a0dc573c0908b1,"[[0, 1, 2, 3, 4, 5, 6, 7, 8, 9, 10, 11]]",0.10319987799386791,-0.0,0.0,-4.512674843791948e-15,,1.0,7.491097318727212,7.491097318727212,0.10319987799386791,-1.3510692325017433,3.163205720529233,"{""1"": 12}",7.491097318727212,7.491002707449153,2.5563364980086027,1e-05,True,40,development_isotonic_frozen
s0-i0,development,0,oracle,dprm_rollout,1,0.15,54a0dc573c0908b1,"[[0, 1, 2, 3, 4, 5, 6, 7, 8, 9, 10, 11]]",0.10319987799386791,-0.0,0.0,-4.512674843791948e-15,,1.0,7.491097318727212,7.491097318727212,0.10319987799386791,-1.3510692325017433,3.163205720529233,"{""1"": 12}",7.491097318727212,7.491002707449153,2.5563364980086027,1e-05,True,40,development_isotonic_frozen
s0-i0,development,0,oracle,subset_exact,1,0.15,54a0dc573c0908b1,"[[0, 1, 2, 3, 4, 5, 6, 7, 8, 9, 10, 11]]",0.10319987799386791,-0.0,0.0,-4.512674843791948e-15,,1.0,7.491097318727212,7.491097318727212,0.10319987799386791,-1.3510692325017433,3.163205720529233,"{""1"": 12}",7.491097318727212,7.491002707449153,2.5563364980086027,1e-05,True,40,development_isotonic_frozen
s0-i0,development,0,oracle,subset_beam_8,1,0.15,54a0dc573c0908b1,"[[0, 1, 2, 3, 4, 5, 6, 7, 8, 9, 10, 11]]",0.10319987799386791,-0.0,0.0,-4.512674843791948e-15,,1.0,7.491097318727212,7.491097318727212,0.10319987799386791,-1.3510692325017433,3.163205720529233,"{""1"": 12}",7.491097318727212,7.491002707449153,2.5563364980086027,1e-05,True,40,development_isotonic_frozen
s0-i0,development,0,oracle,subset_beam_32,1,0.15,54a0dc573c0908b1,"[[0, 1, 2, 3, 4, 5, 6, 7, 8, 9, 10, 11]]",0.10319987799386791,-0.0,0.0,-4.512674843791948e-15,,1.0,7.491097318727212,7.491097318727212,0.10319987799386791,-1.3510692325017433,3.163205720529233,"{""1"": 12}",7.491097318727212,7.491002707449153,2.5563364980086027,1e-05,True,40,development_isotonic_frozen
s0-i0,development,0,oracle,saps_diagonal,1,0.15,54a0dc573c0908b1,"[[0, 1, 2, 3, 4, 5, 6, 7, 8, 9, 10, 11]]",0.10319987799386791,-0.0,0.0,-4.512674843791948e-15,,1.0,7.491097318727212,7.491097318727212,0.10319987799386791,-1.3510692325017433,3.163205720529233,"{""1"": 12}",7.491097318727212,7.491002707449153,2.5563364980086027,1e-05,True,40,development_isotonic_frozen
s0-i0,development,0,oracle,p_saps_residualized,1,0.15,54a0dc573c0908b1,"[[0, 1, 2, 3, 4, 5, 6, 7, 8, 9, 10, 11]]",0.10319987799386791,-0.0,0.0,-4.512674843791948e-15,,1.0,7.491097318727212,7.491097318727212,0.10319987799386791,-1.3510692325017433,3.163205720529233,"{""1"": 12}",7.491097318727212,7.491002707449153,2.5563364980086027,1e-05,True,40,development_isotonic_frozen
s0-i0,development,0,oracle,p_saps_projection,1,0.15,54a0dc573c0908b1,"[[0, 1, 2, 3, 4, 5, 6, 7, 8, 9, 10, 11]]",0.10319987799386791,-0.0,0.0,-4.512674843791948e-15,,1.0,7.491097318727212,7.491097318727212,0.10319987799386791,-1.3510692325017433,3.163205720529233,"{""1"": 12}",7.491097318727212,7.491002707449153,2.5563364980086027,1e-05,True,40,development_isotonic_frozen
s0-i0,development,0,oracle,b_saps_budgeted,1,0.15,54a0dc573c0908b1,"[[0, 1, 2, 3, 4, 5, 6, 7, 8, 9, 10, 11]]",0.10319987799386791,-0.0,0.0,-4.512674843791948e-15,,1.0,7.491097318727212,7.491097318727212,0.10319987799386791,-1.3510692325017433,3.163205720529233,"{""1"": 12}",7.491097318727212,7.491002707449153,2.5563364980086027,1e-05,True,40,development_isotonic_frozen
s0-i0,development,0,oracle,random_balanced,2,0.01,f8295f9d2c752a54,"[[0, 2, 5, 6, 8, 9], [1, 3, 4, 7, 10, 11]]",0.001014490348996145,-0.2852555585597779,0.5315433023887085,-2.4611476760451218e-15,,1.0,5.522192235027707,5.522192235027707,0.001014490348996145,0.0,-0.2262385652636274,"{""1"": 12}",5.522192235027707,5.522106020973931,2.81410504369541,1e-05,True,40,development_isotonic_frozen
s0-i0,development,0,oracle,confidence,2,0.01,c47978e90fbff1e5,"[[0, 5, 6, 7, 9, 11], [1, 2, 3, 4, 8, 10]]",0.001014490348996145,-0.24263615810349892,0.5850583885508707,-1.4368181190132684e-15,,1.0,5.825807919496549,5.825807919496549,0.001014490348996145,0.0,0.0,"{""1"": 12}",5.825807919496549,5.8257219168881775,2.8387555048882542,1e-05,True,40,development_isotonic_frozen
s0-i0,development,0,oracle,entropy,2,0.01,c47978e90fbff1e5,"[[0, 5, 6, 7, 9, 11], [1, 2, 3, 4, 8, 10]]",0.001014490348996145,-0.24263615810349892,0.5850583885508707,-1.4368181190132684e-15,,1.0,5.825807919496549,5.825807919496549,0.001014490348996145,0.0,0.0,"{""1"": 12}",5.825807919496549,5.8257219168881775,2.8387555048882542,1e-05,True,40,development_isotonic_frozen
s0-i0,development,0,oracle,dependency_cmi,2,0.01,86819f1ef358dd23,"[[0, 1, 2, 3, 8, 11], [4, 5, 6, 7, 9, 10]]",0.001014490348996145,-0.3186302176807116,0.4619353293084345,-1.7164891804793113e-15,,1.0,7.361229169348851,7.361229169348851,0.001014490348996145,0.003899031228278532,0.27845206514340953,"{""1"": 12}",7.361229169348851,7.361133775992986,2.357465323431087,1e-05,True,40,development_isotonic_frozen
s0-i0,development,0,oracle,min_within_batch_tc,2,0.01,83b7d0df5c10015d,"[[1, 6, 8, 9, 10, 11], [0, 2, 3, 4, 5, 7]]",0.001014490348996145,-0.29389384206428365,0.51143557350625,-1.2097939876335963e-15,,1.0,6.561993352112445,6.561993352112445,0.001014490348996145,0.0,-0.2262385652636274,"{""1"": 12}",6.561993352112445,6.561893888120235,2.803783670135662,1e-05,True,40,development_isotonic_frozen
s0-i0,development,0,oracle,dprm_myopic,2,0.01,5747802bb3e1537b,"[[0, 2, 3, 9, 10, 11], [1, 4, 5, 6, 7, 8]]",0.001014490348996145,-0.28836227546375315,0.515314473901061,-1.8096718541721715e-15,,1.0,9.808840313194903,9.808840313194903,0.001014490348996145,0.0,-0.2262385652636274,"{""1"": 12}",9.808840313194903,9.808743554823081,2.48607444355101,1e-05,True,40,development_isotonic_frozen
s0-i0,development,0,oracle,dprm_rollout,2,0.01,9817e5e9c021b2fa,"[[0, 2, 3, 6, 7, 9], [1, 4, 5, 8, 10, 11]]",0.001014490348996145,-0.2716707433204556,0.5361893204094459,-2.1548701832048892e-15,,1.0,7.455053966946744,7.455053966946744,0.001014490348996145,-0.000987768882940673,0.0,"{""1"": 12}",7.455053966946744,7.454963344449042,2.6406560105037515,1e-05,True,40,development_isotonic_frozen
s0-i0,development,0,oracle,subset_exact,2,0.01,ee77e0ccf21b6a44,"[[0, 2, 3, 5, 8, 9], [1, 4, 6, 7, 10, 11]]",0.001014490348996145,-0.29495289974071787,0.5107111210024348,-2.0409704553680565e-15,,1.0,8.86677805587196,8.86677805587196,0.001014490348996145,0.0,0.0,"{""1"": 12}",8.86677805587196,8.8666846075316,2.6732981553316395,1e-05,True,40,development_isotonic_frozen
s0-i0,development,0,oracle,subset_beam_8,2,0.01,2d814e4cbbea83ee,"[[0, 1, 2, 3, 5, 8], [4, 6, 7, 9, 10, 11]]",0.001014490348996145,-0.3238313872932808,0.45655190092814896,-2.0885976372601883e-15,,1.0,7.351301715018138,7.351301715018138,0.001014490348996145,0.01442813238382773,0.27845206514340953,"{""1"": 12}",7.351301715018138,7.351207961520838,2.2869376480527914,1e-05,True,40,development_isotonic_frozen
s0-i0,development,0,oracle,subset_beam_32,2,0.01,ee77e0ccf21b6a44,"[[0, 2, 3, 5, 8, 9], [1, 4, 6, 7, 10, 11]]",0.001014490348996145,-0.29495289974071787,0.5107111210024348,-2.0409704553680565e-15,,1.0,8.86677805587196,8.86677805587196,0.001014490348996145,0.0,0.0,"{""1"": 12}",8.86677805587196,8.8666846075316,2.6732981553316395,1e-05,True,40,development_isotonic_frozen
s0-i0,development,0,oracle,saps_diagonal,2,0.01,f8295f9d2c752a54,"[[0, 2, 5, 6, 8, 9], [1, 3, 4, 7, 10, 11]]",0.001014490348996145,-0.2852555585597779,0.5315433023887085,-2.4611476760451218e-15,,1.0,5.522192235027707,5.522192235027707,0.001014490348996145,0.0,-0.2262385652636274,"{""1"": 12}",5.522192235027707,5.522106020973931,2.81410504369541,1e-05,True,40,development_isotonic_frozen
s0-i0,development,0,oracle,p_saps_residualized,2,0.01,f4dab84dc6bfcb5f,"[[0, 1, 3, 7, 9, 11], [2, 4, 5, 6, 8, 10]]",0.001014490348996145,-0.2694709100057711,0.5305460349210459,-1.891721243074596e-15,,1.0,7.895829352263348,7.895829352263348,0.001014490348996145,0.0032454667244675214,-0.2262385652636274,"{""1"": 12}",7.895829352263348,7.895735153526031,3.0436179386508493,1e-05,True,80,development_isotonic_frozen
s0-i0,development,0,oracle,p_saps_projection,2,0.01,c05da4ea144e1bf8,"[[1, 2, 3, 7, 9, 10], [0, 4, 5, 6, 8, 11]]",0.001014490348996145,-0.30052782556394647,0.49445715118829475,-2.0595241065862857e-15,,1.0,11.477202977795304,11.477202977795304,0.001014490348996145,-0.07601799684543714,-0.2262385652636274,"{""1"": 12}",11.477202977795304,11.47709928943297,2.6265124730700253,1e-05,True,640,development_isotonic_frozen
s0-i0,development,0,oracle,b_saps_budgeted,2,0.01,f8295f9d2c752a54,"[[0, 2, 5, 6, 8, 9], [1, 3, 4, 7, 10, 11]]",0.001014490348996145,-0.2852555585597779,0.5315433023887085,-2.4611476760451218e-15,,1.0,5.522192235027707,5.522192235027707,0.001014490348996145,0.0,-0.2262385652636274,"{""1"": 12}",5.522192235027707,5.522106020973931,2.81410504369541,1e-05,True,40,development_isotonic_frozen
s0-i0,development,0,oracle,random_balanced,2,0.05,f8295f9d2c752a54,"[[0, 2, 5, 6, 8, 9], [1, 3, 4, 7, 10, 11]]",0.0045632850121599755,-0.2852555585597779,0.5315433023887085,-2.4611476760451218e-15,,1.0,5.522192235027707,5.522192235027707,0.0045632850121599755,-0.40056412373967537,-0.9982902205986388,"{""1"": 12}",5.522192235027707,5.522106020973931,2.81410504369541,1e-05,True,40,development_isotonic_frozen
s0-i0,development,0,oracle,confidence,2,0.05,c47978e90fbff1e5,"[[0, 5, 6, 7, 9, 11], [1, 2, 3, 4, 8, 10]]",0.0045632850121599755,-0.24263615810349892,0.5850583885508707,-1.4368181190132684e-15,,1.0,5.825807919496549,5.825807919496549,0.0045632850121599755,-0.04248346967296668,1.0452413105814178,"{""1"": 12}",5.825807919496549,5.8257219168881775,2.8387555048882542,1e-05,True,40,development_isotonic_frozen
s0-i0,development,0,oracle,entropy,2,0.05,c47978e90fbff1e5,"[[0, 5, 6, 7, 9, 11], [1, 2, 3, 4, 8, 10]]",0.0045632850121599755,-0.24263615810349892,0.5850583885508707,-1.4368181190132684e-15,,1.0,5.825807919496549,5.825807919496549,0.0045632850121599755,-0.04248346967296668,1.0452413105814178,"{""1"": 12}",5.825807919496549,5.8257219168881775,2.8387555048882542,1e-05,True,40,development_isotonic_frozen
s0-i0,development,0,oracle,dependency_cmi,2,0.05,86819f1ef358dd23,"[[0, 1, 2, 3, 8, 11], [4, 5, 6, 7, 9, 10]]",0.0045632850121599755,-0.3186302176807116,0.4619353293084345,-1.7164891804793113e-15,,1.0,7.361229169348851,7.361229169348851,0.0045632850121599755,1.338178796495357,-0.19811639863207464,"{""1"": 12}",7.361229169348851,7.361133775992986,2.357465323431087,1e-05,True,40,development_isotonic_frozen
s0-i0,development,0,oracle,min_within_batch_tc,2,0.05,83b7d0df5c10015d,"[[1, 6, 8, 9, 10, 11], [0, 2, 3, 4, 5, 7]]",0.0045632850121599755,-0.29389384206428365,0.51143557350625,-1.2097939876335963e-15,,1.0,6.561993352112445,6.561993352112445,0.0045632850121599755,0.3874059981157217,-0.11970548690494986,"{""1"": 12}",6.561993352112445,6.561893888120235,2.803783670135662,1e-05,True,40,development_isotonic_frozen
s0-i0,development,0,oracle,dprm_myopic,2,0.05,5747802bb3e1537b,"[[0, 2, 3, 9, 10, 11], [1, 4, 5, 6, 7, 8]]",0.0045632850121599755,-0.28836227546375315,0.515314473901061,-1.8096718541721715e-15,,1.0,9.808840313194903,9.808840313194903,0.0045632850121599755,0.11781466242208266,1.0452413105814178,"{""1"": 12}",9.808840313194903,9.808743554823081,2.48607444355101,1e-05,True,40,development_isotonic_frozen
s0-i0,development,0,oracle,dprm_rollout,2,0.05,2972163adc794746,"[[0, 2, 5, 7, 9, 10], [1, 3, 4, 6, 8, 11]]",0.0045632850121599755,-0.27539359992263274,0.5468204833644204,-1.9130765831713314e-15,,1.0,6.680264263288985,6.680264263288985,0.0045632850121599755,0.0,-1.1261470319553117,"{""1"": 12}",6.680264263288985,6.680174755160552,2.740072279530708,1e-05,True,40,development_isotonic_frozen
s0-i0,development,0,oracle,subset_exact,2,0.05,d7eb3163f2468bfe,"[[0, 3, 4, 6, 10, 11], [1, 2, 5, 7, 8, 9]]",0.0045632850121599755,-0.3096955739743131,0.4733408640335794,-2.3791934357603405e-15,,1.0,6.114819820084264,6.114819820084264,0.0045632850121599755,-2.0340170173949725,0.6956504256774023,"{""1"": 12}",6.114819820084264,6.114724230801976,2.9517910159980665,1e-05,True,40,development_isotonic_frozen
s0-i0,development,0,oracle,subset_beam_8,2,0.05,603d23867a1a0a15,"[[0, 1, 3, 4, 7, 8], [2, 5, 6, 9, 10, 11]]",0.0045632850121599755,-0.32495110499986046,0.45111459534877324,-1.9073750296409783e-15,,1.0,8.34816799917612,8.34816799917612,0.0045632850121599755,0.6931939929465363,-0.4692963718089649,"{""1"": 12}",8.34816799917612,8.348072286364705,2.9299795863268137,1e-05,True,40,development_isotonic_frozen
s0-i0,development,0,oracle,subset_beam_32,2,0.05,5c069da57f4ac5da,"[[0, 3, 5, 6, 7, 8], [1, 2, 4, 9, 10, 11]]",0.0045632850121599755,-0.2827630661212988,0.5193241183792487,-2.1086812115723086e-15,,1.0,7.000791443053334,7.000791443053334,0.0045632850121599755,0.5328512393612216,-0.19811639863207464,"{""1"": 12}",7.000791443053334,7.00069882043616,2.6397972643270062,1e-05,True,40,development_isotonic_frozen
s0-i0,development,0,oracle,saps_diagonal,2,0.05,f8295f9d2c752a54,"[[0, 2, 5, 6, 8, 9], [1, 3, 4, 7, 10, 11]]",0.0045632850121599755,-0.2852555585597779,0.5315433023887085,-2.4611476760451218e-15,,1.0,5.522192235027707,5.522192235027707,0.0045632850121599755,-0.40056412373967537,-0.9982902205986388,"{""1"": 12}",5.522192235027707,5.522106020973931,2.81410504369541,1e-05,True,40,development_isotonic_frozen
s0-i0,development,0,oracle,p_saps_residualized,2,0.05,f4dab84dc6bfcb5f,"[[0, 1, 3, 7, 9, 11], [2, 4, 5, 6, 8, 10]]",0.0045632850121599755,-0.2694709100057711,0.5305460349210459,-1.891721243074596e-15,,1.0,7.895829352263348,7.895829352263348,0.0045632850121599755,0.0,-0.5477072835360897,"{""1"": 12}",7.895829352263348,7.895735153526031,3.0436179386508493,1e-05,True,80,development_isotonic_frozen
s0-i0,development,0,oracle,p_saps_projection,2,0.05,c05da4ea144e1bf8,"[[1, 2, 3, 7, 9, 10], [0, 4, 5, 6, 8, 11]]",0.0045632850121599755,-0.30052782556394647,0.49445715118829475,-2.0595241065862857e-15,,1.0,11.477202977795304,11.477202977795304,0.0045632850121599755,-1.483270199285539,1.7532404806006676,"{""1"": 12}",11.477202977795304,11.47709928943297,2.6265124730700253,1e-05,True,640,development_isotonic_frozen
s0-i0,development,0,oracle,b_saps_budgeted,2,0.05,f8295f9d2c752a54,"[[0, 2, 5, 6, 8, 9], [1, 3, 4, 7, 10, 11]]",0.0045632850121599755,-0.2852555585597779,0.5315433023887085,-2.4611476760451218e-15,,1.0,5.522192235027707,5.522192235027707,0.0045632850121599755,-0.40056412373967537,-0.9982902205986388,"{""1"": 12}",5.522192235027707,5.522106020973931,2.81410504369541,1e-05,True,40,development_isotonic_frozen
s0-i0,development,0,oracle,random_balanced,2,0.15,f8295f9d2c752a54,"[[0, 2, 5, 6, 8, 9], [1, 3, 4, 7, 10, 11]]",0.10319987799386791,-0.2852555585597779,0.5315433023887085,-2.4611476760451218e-15,,1.0,5.522192235027707,5.522192235027707,0.10319987799386791,0.7079736037945058,3.512796605433249,"{""1"": 12}",5.522192235027707,5.522106020973931,2.81410504369541,1e-05,True,40,development_isotonic_frozen
s0-i0,development,0,oracle,confidence,2,0.15,c47978e90fbff1e5,"[[0, 5, 6, 7, 9, 11], [1, 2, 3, 4, 8, 10]]",0.10319987799386791,-0.24263615810349892,0.5850583885508707,-1.4368181190132684e-15,,1.0,5.825807919496549,5.825807919496549,0.10319987799386791,-0.1090810783114578,3.384939794076576,"{""1"": 12}",5.825807919496549,5.8257219168881775,2.8387555048882542,1e-05,True,40,development_isotonic_frozen
s0-i0,development,0,oracle,entropy,2,0.15,c47978e90fbff1e5,"[[0, 5, 6, 7, 9, 11], [1, 2, 3, 4, 8, 10]]",0.10319987799386791,-0.24263615810349892,0.5850583885508707,-1.4368181190132684e-15,,1.0,5.825807919496549,5.825807919496549,0.10319987799386791,-0.1090810783114578,3.384939794076576,"{""1"": 12}",5.825807919496549,5.8257219168881775,2.8387555048882542,1e-05,True,40,development_isotonic_frozen
s0-i0,development,0,oracle,dependency_cmi,2,0.15,86819f1ef358dd23,"[[0, 1, 2, 3, 8, 11], [4, 5, 6, 7, 9, 10]]",0.10319987799386791,-0.3186302176807116,0.4619353293084345,-1.7164891804793113e-15,,1.0,7.361229169348851,7.361229169348851,0.10319987799386791,-0.652129970574316,3.512796605433249,"{""1"": 12}",7.361229169348851,7.361133775992986,2.357465323431087,1e-05,True,40,development_isotonic_frozen
s0-i0,development,0,oracle,min_within_batch_tc,2,0.15,83b7d0df5c10015d,"[[1, 6, 8, 9, 10, 11], [0, 2, 3, 4, 5, 7]]",0.10319987799386791,-0.29389384206428365,0.51143557350625,-1.2097939876335963e-15,,1.0,6.561993352112445,6.561993352112445,0.10319987799386791,0.07564257283855919,1.8945608796491047,"{""1"": 12}",6.561993352112445,6.561893888120235,2.803783670135662,1e-05,True,40,development_isotonic_frozen
s0-i0,development,0,oracle,dprm_myopic,2,0.15,5747802bb3e1537b,"[[0, 2, 3, 9, 10, 11], [1, 4, 5, 6, 7, 8]]",0.10319987799386791,-0.28836227546375315,0.515314473901061,-1.8096718541721715e-15,,1.0,9.808840313194903,9.808840313194903,0.10319987799386791,-0.9066205906439813,5.115755078665728,"{""1"": 12}",9.808840313194903,9.808743554823081,2.48607444355101,1e-05,True,40,development_isotonic_frozen
s0-i0,development,0,oracle,dprm_rollout,2,0.15,8a1e5ca6c0aceb08,"[[0, 4, 8, 9, 10, 11], [1, 2, 3, 5, 6, 7]]",0.10319987799386791,-0.3030668084096551,0.505231150300948,-1.5173859575495333e-15,,1.0,5.944699715124034,5.944699715124034,0.10319987799386791,0.0038003677185324304,0.7865440876784418,"{""1"": 12}",5.944699715124034,5.9446062535611635,2.3452686223134322,1e-05,True,40,development_isotonic_frozen
s0-i0,development,0,oracle,subset_exact,2,0.15,98a8d9bc93cb0da9,"[[0, 2, 3, 6, 8, 9], [1, 4, 5, 7, 10, 11]]",0.10319987799386791,-0.2945121223892337,0.5075048977942056,-2.3953322146502126e-15,,1.0,8.250045986617383,8.250045986617383,0.10319987799386791,0.31362286492450075,3.512796605433249,"{""1"": 12}",8.250045986617383,8.249953738207521,2.413093924599824,1e-05,True,40,development_isotonic_frozen
s0-i0,development,0,oracle,subset_beam_8,2,0.15,59f6b42928b4f8a5,"[[0, 4, 5, 7, 8, 11], [1, 2, 3, 6, 9, 10]]",0.10319987799386791,-0.2933559608365032,0.5142166005671126,-2.4655767114970824e-15,,1.0,6.619669277782279,6.619669277782279,0.10319987799386791,0.17849831949928863,3.163205720529233,"{""1"": 12}",6.619669277782279,6.619578918375966,2.851240106839114,1e-05,True,40,development_isotonic_frozen
s0-i0,development,0,oracle,subset_beam_32,2,0.15,98a8d9bc93cb0da9,"[[0, 2, 3, 6, 8, 9], [1, 4, 5, 7, 10, 11]]",0.10319987799386791,-0.2945121223892337,0.5075048977942056,-2.3953322146502126e-15,,1.0,8.250045986617383,8.250045986617383,0.10319987799386791,0.31362286492450075,3.512796605433249,"{""1"": 12}",8.250045986617383,8.249953738207521,2.413093924599824,1e-05,True,40,development_isotonic_frozen
s0-i0,development,0,oracle,saps_diagonal,2,0.15,f8295f9d2c752a54,"[[0, 2, 5, 6, 8, 9], [1, 3, 4, 7, 10, 11]]",0.10319987799386791,-0.2852555585597779,0.5315433023887085,-2.4611476760451218e-15,,1.0,5.522192235027707,5.522192235027707,0.10319987799386791,0.7079736037945058,3.512796605433249,"{""1"": 12}",5.522192235027707,5.522106020973931,2.81410504369541,1e-05,True,40,development_isotonic_frozen
s0-i0,development,0,oracle,p_saps_residualized,2,0.15,f4dab84dc6bfcb5f,"[[0, 1, 3, 7, 9, 11], [2, 4, 5, 6, 8, 10]]",0.10319987799386791,-0.2694709100057711,0.5305460349210459,-1.891721243074596e-15,,1.0,7.895829352263348,7.895829352263348,0.10319987799386791,1.8258666926059162,3.512796605433249,"{""1"": 12}",7.895829352263348,7.895735153526031,3.0436179386508493,1e-05,True,80,development_isotonic_frozen
s0-i0,development,0,oracle,p_saps_projection,2,0.15,c05da4ea144e1bf8,"[[1, 2, 3, 7, 9, 10], [0, 4, 5, 6, 8, 11]]",0.10319987799386791,-0.30052782556394647,0.49445715118829475,-2.0595241065862857e-15,,1.0,11.477202977795304,11.477202977795304,0.10319987799386791,0.28508276001901345,4.849347296955052,"{""1"": 12}",11.477202977795304,11.47709928943297,2.6265124730700253,1e-05,True,640,development_isotonic_frozen
s0-i0,development,0,oracle,b_saps_budgeted,2,0.15,f8295f9d2c752a54,"[[0, 2, 5, 6, 8, 9], [1, 3, 4, 7, 10, 11]]",0.10319987799386791,-0.2852555585597779,0.5315433023887085,-2.4611476760451218e-15,,1.0,5.522192235027707,5.522192235027707,0.10319987799386791,0.7079736037945058,3.512796605433249,"{""1"": 12}",5.522192235027707,5.522106020973931,2.81410504369541,1e-05,True,40,development_isotonic_frozen
s0-i0,development,0,oracle,random_balanced,3,0.01,6bfec42b3eeb37e1,"[[0, 5, 6, 9], [2, 7, 8, 10], [1, 3, 4, 11]]",0.001014490348996145,-0.5456315293559947,1.094604797711536,-1.130748274430041e-15,,1.0,7.653467076862571,7.653467076862571,0.001014490348996145,-0.08161101148645689,-0.2262385652636274,"{""1"": 12}",7.653467076862571,7.653375715553764,3.373292042803293,1e-05,True,40,development_isotonic_frozen
s0-i0,development,0,oracle,confidence,3,0.01,56081a0f63ff761e,"[[6, 7, 9, 11], [0, 3, 5, 10], [1, 2, 4, 8]]",0.001014490348996145,-0.505807774207128,1.1348201523214088,-1.1782854531130983e-15,,1.0,8.66068437645411,8.66068437645411,0.001014490348996145,0.11593487653592333,0.0,"{""1"": 12}",8.66068437645411,8.660589039295601,2.719054059562288,1e-05,True,40,development_isotonic_frozen
s0-i0,development,0,oracle,entropy,3,0.01,9a52bf19de56fa8f,"[[5, 7, 9, 11], [0, 6, 8, 10], [1, 2, 3, 4]]",0.001014490348996145,-0.5109200854737007,1.1462313907580426,-1.0906947604647861e-15,,1.0,10.84037914504969,10.84037914504969,0.001014490348996145,0.10882654323279595,0.0,"{""1"": 12}",10.84037914504969,10.840279264906696,3.3893186033583813,1e-05,True,40,development_isotonic_frozen
s0-i0,development,0,oracle,dependency_cmi,3,0.01,20753976a6e9eff8,"[[1, 2, 3, 8], [0, 5, 6, 7], [4, 9, 10, 11]]",0.001014490348996145,-0.6370489670013693,0.928103856559139,-6.837414680689379e-16,,1.0,10.063299328300726,10.063299328300726,0.001014490348996145,-0.1660550866902485,-0.2262385652636274,"{""1"": 12}",10.063299328300726,10.063202316280492,2.309610256497114,1e-05,True,40,development_isotonic_frozen
s0-i0,development,0,oracle,min_within_batch_tc,3,0.01,ccc2d61cbda53b55,"[[0, 1, 2, 7], [6, 8, 9, 10], [3, 4, 5, 11]]",0.001014490348996145,-0.5977517754320719,1.0033754266844344,-1.0577997254758567e-15,,1.0,5.628362474468875,5.628362474468875,0.001014490348996145,-0.04775411861357852,0.27845206514340953,"{""1"": 12}",5.628362474468875,5.6282690550249885,2.765611673287705,1e-05,True,40,development_isotonic_frozen
s0-i0,development,0,oracle,dprm_myopic,3,0.01,bbefc3d6d9b1d5b0,"[[0, 2, 3, 10], [6, 8, 9, 11], [1, 4, 5, 7]]",0.001014490348996145,-0.6071541177643662,0.9857268590167739,-7.301443520757968e-16,,1.0,9.98571848050398,9.98571848050398,0.001014490348996145,-0.014326121613565834,0.0,"{""1"": 12}",9.98571848050398,9.985622167042585,2.6284502874038096,1e-05,True,40,development_isotonic_frozen
s0-i0,development,0,oracle,dprm_rollout,3,0.01,c50669b57640bc8e,"[[0, 2, 7, 9], [1, 3, 4, 6], [5, 8, 10, 11]]",0.001014490348996145,-0.5762729616900171,1.0282075223829192,-1.4027262896935061e-15,,1.0,6.535724559853099,6.535724559853099,0.001014490348996145,0.0,0.0,"{""1"": 12}",6.535724559853099,6.535641771773409,2.9213889222124125,1e-05,True,40,development_isotonic_frozen
s0-i0,development,0,oracle,subset_exact,3,0.01,30ccb623c2a376e8,"[[0, 3, 8, 10], [6, 7, 9, 11], [1, 2, 4, 5]]",0.001014490348996145,-0.5830152306348132,1.0216389732330897,-1.0724889629836494e-15,,1.0,8.19496739685426,8.19496739685426,0.001014490348996145,-0.04721452933567106,0.0,"{""1"": 12}",8.19496739685426,8.194870213018849,2.308588737921713,1e-05,True,40,development_isotonic_frozen
s0-i0,development,0,oracle,subset_beam_8,3,0.01,3edfc4fe943e7d44,"[[0, 1, 2, 3], [6, 7, 9, 11], [4, 5, 8, 10]]",0.001014490348996145,-0.5935102739779552,0.980277866840428,-1.0241613914278763e-15,,1.0,7.516562944109821,7.516562944109821,0.001014490348996145,0.0,-0.2262385652636274,"{""1"": 12}",7.516562944109821,7.516476250734621,2.5743417205180354,1e-05,True,40,development_isotonic_frozen
s0-i0,development,0,oracle,subset_beam_32,3,0.01,30ccb623c2a376e8,"[[0, 3, 8, 10], [6, 7, 9, 11], [1, 2, 4, 5]]",0.001014490348996145,-0.5830152306348132,1.0216389732330897,-1.0724889629836494e-15,,1.0,8.19496739685426,8.19496739685426,0.001014490348996145,-0.04721452933567106,0.0,"{""1"": 12}",8.19496739685426,8.194870213018849,2.308588737921713,1e-05,True,40,development_isotonic_frozen
s0-i0,development,0,oracle,saps_diagonal,3,0.01,6bfec42b3eeb37e1,"[[0, 5, 6, 9], [2, 7, 8, 10], [1, 3, 4, 11]]",0.001014490348996145,-0.5456315293559947,1.094604797711536,-1.130748274430041e-15,,1.0,7.653467076862571,7.653467076862571,0.001014490348996145,-0.08161101148645689,-0.2262385652636274,"{""1"": 12}",7.653467076862571,7.653375715553764,3.373292042803293,1e-05,True,40,development_isotonic_frozen
s0-i0,development,0,oracle,p_saps_residualized,3,0.01,f8e27630b2a1413e,"[[0, 1, 7, 9], [3, 5, 10, 11], [2, 4, 6, 8]]",0.001014490348996145,-0.5474250688748044,1.0631335812085516,-1.3528957890490551e-15,,1.0,7.40517605651541,7.40517605651541,0.001014490348996145,0.0,-0.2262385652636274,"{""1"": 12}",7.40517605651541,7.405088412623988,2.6845427532915687,1e-05,True,80,development_isotonic_frozen
s0-i0,development,0,oracle,p_saps_projection,3,0.01,81fd88f4531c2423,"[[1, 2, 3, 10], [6, 7, 9, 11], [0, 4, 5, 8]]",0.001014490348996145,-0.616068062319304,0.9577614264687692,-1.023722466559146e-15,,1.0,11.13796313630476,11.13796313630476,0.001014490348996145,0.0,-0.2262385652636274,"{""1"": 12}",11.13796313630476,11.137867735948431,2.5632380610291534,1e-05,True,640,development_isotonic_frozen
s0-i0,development,0,oracle,b_saps_budgeted,3,0.01,6bfec42b3eeb37e1,"[[0, 5, 6, 9], [2, 7, 8, 10], [1, 3, 4, 11]]",0.001014490348996145,-0.5456315293559947,1.094604797711536,-1.130748274430041e-15,,1.0,7.653467076862571,7.653467076862571,0.001014490348996145,-0.08161101148645689,-0.2262385652636274,"{""1"": 12}",7.653467076862571,7.653375715553764,3.373292042803293,1e-05,True,40,development_isotonic_frozen
s0-i0,development,0,oracle,random_balanced,3,0.05,6bfec42b3eeb37e1,"[[0, 5, 6, 9], [2, 7, 8, 10], [1, 3, 4, 11]]",0.0045632850121599755,-0.5456315293559947,1.094604797711536,-1.130748274430041e-15,,1.0,7.653467076862571,7.653467076862571,0.0045632850121599755,0.0037447862504079443,-2.4428043527143135,"{""1"": 12}",7.653467076862571,7.653375715553764,3.373292042803293,1e-05,True,40,development_isotonic_frozen
s0-i0,development,0,oracle,confidence,3,0.05,56081a0f63ff761e,"[[6, 7, 9, 11], [0, 3, 5, 10], [1, 2, 4, 8]]",0.0045632850121599755,-0.505807774207128,1.1348201523214088,-1.1782854531130983e-15,,1.0,8.66068437645411,8.66068437645411,0.0045632850121599755,0.12538785679406278,4.042075537396271,"{""1"": 12}",8.66068437645411,8.660589039295601,2.719054059562288,1e-05,True,40,development_isotonic_frozen
s0-i0,development,0,oracle,entropy,3,0.05,9a52bf19de56fa8f,"[[5, 7, 9, 11], [0, 6, 8, 10], [1, 2, 3, 4]]",0.0045632850121599755,-0.5109200854737007,1.1462313907580426,-1.0906947604647861e-15,,1.0,10.84037914504969,10.84037914504969,0.0045632850121599755,0.11507305504603982,2.7203069164556544,"{""1"": 12}",10.84037914504969,10.840279264906696,3.3893186033583813,1e-05,True,40,development_isotonic_frozen
s0-i0,development,0,oracle,dependency_cmi,3,0.05,20753976a6e9eff8,"[[1, 2, 3, 8], [0, 5, 6, 7], [4, 9, 10, 11]]",0.0045632850121599755,-0.6370489670013693,0.928103856559139,-6.837414680689379e-16,,1.0,10.063299328300726,10.063299328300726,0.0045632850121599755,-0.10683116737346987,-0.19811639863207464,"{""1"": 12}",10.063299328300726,10.063202316280492,2.309610256497114,1e-05,True,40,development_isotonic_frozen
s0-i0,development,0,oracle,min_within_batch_tc,3,0.05,ccc2d61cbda53b55,"[[0, 1, 2, 7], [6, 8, 9, 10], [3, 4, 5, 11]]",0.0045632850121599755,-0.5977517754320719,1.0033754266844344,-1.0577997254758567e-15,,1.0,5.628362474468875,5.628362474468875,0.0045632850121599755,-0.020326596476785058,-1.8643646042950914,"{""1"": 12}",5.628362474468875,5.6282690550249885,2.765611673287705,1e-05,True,40,development_isotonic_frozen
s0-i0,development,0,oracle,dprm_myopic,3,0.05,bbefc3d6d9b1d5b0,"[[0, 2, 3, 10], [6, 8, 9, 11], [1, 4, 5, 7]]",0.0045632850121599755,-0.6071541177643662,0.9857268590167739,-7.301443520757968e-16,,1.0,9.98571848050398,9.98571848050398,0.0045632850121599755,0.0,-0.6981452353241719,"{""1"": 12}",9.98571848050398,9.985622167042585,2.6284502874038096,1e-05,True,40,development_isotonic_frozen
s0-i0,development,0,oracle,dprm_rollout,3,0.05,ea73207506c3bdd1,"[[0, 2, 7, 9], [1, 3, 5, 6], [4, 8, 10, 11]]",0.0045632850121599755,-0.5516631108842719,1.0659430963780732,-1.1409890648603941e-15,,1.0,7.004593045958467,7.004593045958467,0.0045632850121599755,0.11384407644004751,-0.6486993356946238,"{""1"": 12}",7.004593045958467,7.004509329551715,2.451158095127012,1e-05,True,40,development_isotonic_frozen
s0-i0,development,0,oracle,subset_exact,3,0.05,141a00dbd0f29303,"[[0, 3, 5, 6], [7, 9, 10, 11], [1, 2, 4, 8]]",0.0045632850121599755,-0.5421796147140917,1.0667129936048152,-1.2721585701159243e-15,,1.0,8.118586214755565,8.118586214755565,0.0045632850121599755,-0.0472983403769902,-0.6486993356946238,"{""1"": 12}",8.118586214755565,8.118494751221426,2.7668860611396195,1e-05,True,40,development_isotonic_frozen
s0-i0,development,0,oracle,subset_beam_8,3,0.05,3fd037ebb0ba574b,"[[0, 3, 6, 10], [5, 7, 9, 11], [1, 2, 4, 8]]",0.0045632850121599755,-0.5547182577942406,1.0500995287570574,-1.3738662003059146e-15,,1.0,8.860668850793166,8.860668850793166,0.0045632850121599755,0.0,0.673069285245993,"{""1"": 12}",8.860668850793166,8.860573684170427,2.720725090103677,1e-05,True,40,development_isotonic_frozen
s0-i0,development,0,oracle,subset_beam_32,3,0.05,141a00dbd0f29303,"[[0, 3, 5, 6], [7, 9, 10, 11], [1, 2, 4, 8]]",0.0045632850121599755,-0.5421796147140917,1.0667129936048152,-1.2721585701159243e-15,,1.0,8.118586214755565,8.118586214755565,0.0045632850121599755,-0.0472983403769902,-0.6486993356946238,"{""1"": 12}",8.118586214755565,8.118494751221426,2.7668860611396195,1e-05,True,40,development_isotonic_frozen
s0-i0,development,0,oracle,saps_diagonal,3,0.05,6bfec42b3eeb37e1,"[[0, 5, 6, 9], [2, 7, 8, 10], [1, 3, 4, 11]]",0.0045632850121599755,-0.5456315293559947,1.094604797711536,-1.130748274430041e-15,,1.0,7.653467076862571,7.653467076862571,0.0045632850121599755,0.0037447862504079443,-2.4428043527143135,"{""1"": 12}",7.653467076862571,7.653375715553764,3.373292042803293,1e-05,True,40,development_isotonic_frozen
s0-i0,development,0,oracle,p_saps_residualized,3,0.05,f8e27630b2a1413e,"[[0, 1, 7, 9], [3, 5, 10, 11], [2, 4, 6, 8]]",0.0045632850121599755,-0.5474250688748044,1.0631335812085516,-1.3528957890490551e-15,,1.0,7.40517605651541,7.40517605651541,0.0045632850121599755,-0.03965145522166025,-1.5147737193910764,"{""1"": 12}",7.40517605651541,7.405088412623988,2.6845427532915687,1e-05,True,80,development_isotonic_frozen
s0-i0,development,0,oracle,p_saps_projection,3,0.05,81fd88f4531c2423,"[[1, 2, 3, 10], [6, 7, 9, 11], [0, 4, 5, 8]]",0.0045632850121599755,-0.616068062319304,0.9577614264687692,-1.023722466559146e-15,,1.0,11.13796313630476,11.13796313630476,0.0045632850121599755,-0.4389443498268821,2.9965981898141596,"{""1"": 12}",11.13796313630476,11.137867735948431,2.5632380610291534,1e-05,True,640,development_isotonic_frozen
s0-i0,development,0,oracle,b_saps_budgeted,3,0.05,6bfec42b3eeb37e1,"[[0, 5, 6, 9], [2, 7, 8, 10], [1, 3, 4, 11]]",0.0045632850121599755,-0.5456315293559947,1.094604797711536,-1.130748274430041e-15,,1.0,7.653467076862571,7.653467076862571,0.0045632850121599755,0.0037447862504079443,-2.4428043527143135,"{""1"": 12}",7.653467076862571,7.653375715553764,3.373292042803293,1e-05,True,40,development_isotonic_frozen
s0-i0,development,0,oracle,random_balanced,3,0.15,6bfec42b3eeb37e1,"[[0, 5, 6, 9], [2, 7, 8, 10], [1, 3, 4, 11]]",0.10319987799386791,-0.5456315293559947,1.094604797711536,-1.130748274430041e-15,,1.0,7.653467076862571,7.653467076862571,0.10319987799386791,0.623968327676526,1.519310175202081,"{""1"": 12}",7.653467076862571,7.653375715553764,3.373292042803293,1e-05,True,40,development_isotonic_frozen
s0-i0,development,0,oracle,confidence,3,0.15,56081a0f63ff761e,"[[6, 7, 9, 11], [0, 3, 5, 10], [1, 2, 4, 8]]",0.10319987799386791,-0.505807774207128,1.1348201523214088,-1.1782854531130983e-15,,1.0,8.66068437645411,8.66068437645411,0.10319987799386791,3.6166391499688606,5.743114121264529,"{""1"": 12}",8.66068437645411,8.660589039295601,2.719054059562288,1e-05,True,40,development_isotonic_frozen
s0-i0,development,0,oracle,entropy,3,0.15,9a52bf19de56fa8f,"[[5, 7, 9, 11], [0, 6, 8, 10], [1, 2, 3, 4]]",0.10319987799386791,-0.5109200854737007,1.1462313907580426,-1.0906947604647861e-15,,1.0,10.84037914504969,10.84037914504969,0.10319987799386791,0.9298494731299255,1.345755528535386,"{""1"": 12}",10.84037914504969,10.840279264906696,3.3893186033583813,1e-05,True,40,development_isotonic_frozen
s0-i0,development,0,oracle,dependency_cmi,3,0.15,20753976a6e9eff8,"[[1, 2, 3, 8], [0, 5, 6, 7], [4, 9, 10, 11]]",0.10319987799386791,-0.6370489670013693,0.928103856559139,-6.837414680689379e-16,,1.0,10.063299328300726,10.063299328300726,0.10319987799386791,0.05364756713706226,4.499756412051037,"{""1"": 12}",10.063299328300726,10.063202316280492,2.309610256497114,1e-05,True,40,development_isotonic_frozen
s0-i0,development,0,oracle,min_within_batch_tc,3,0.15,ccc2d61cbda53b55,"[[0, 1, 2, 7], [6, 8, 9, 10], [3, 4, 5, 11]]",0.10319987799386791,-0.5977517754320719,1.0033754266844344,-1.0577997254758567e-15,,1.0,5.628362474468875,5.628362474468875,0.10319987799386791,1.4738254502583568,2.7940602722323327,"{""1"": 12}",5.628362474468875,5.6282690550249885,2.765611673287705,1e-05,True,40,development_isotonic_frozen
s0-i0,development,0,oracle,dprm_myopic,3,0.15,bbefc3d6d9b1d5b0,"[[0, 2, 3, 10], [6, 8, 9, 11], [1, 4, 5, 7]]",0.10319987799386791,-0.6071541177643662,0.9857268590167739,-7.301443520757968e-16,,1.0,9.98571848050398,9.98571848050398,0.10319987799386791,1.3747600811917184,3.7445405580955633,"{""1"": 12}",9.98571848050398,9.985622167042585,2.6284502874038096,1e-05,True,40,development_isotonic_frozen
s0-i0,development,0,oracle,dprm_rollout,3,0.15,81d6f0b8c7fed6e2,"[[0, 1, 2, 10], [4, 7, 9, 11], [3, 5, 6, 8]]",0.10319987799386791,-0.6251250606365705,0.960598395546994,-1.8365241131699766e-15,,1.0,7.032160785495877,7.032160785495877,0.10319987799386791,0.23086788950102705,4.766164193761713,"{""1"": 12}",7.032160785495877,7.032067615567806,2.5632303546329807,1e-05,True,40,development_isotonic_frozen
s0-i0,development,0,oracle,subset_exact,3,0.15,5f67defda60b1f3f,"[[0, 6, 7, 11], [3, 5, 9, 10], [1, 2, 4, 8]]",0.10319987799386791,-0.5188085999478329,1.1089858598287456,-9.86010058920913e-16,,1.0,8.490966706220798,8.490966706220798,0.10319987799386791,0.22822317459809208,2.1509587822448086,"{""1"": 12}",8.490966706220798,8.490878377967672,2.6882503976055276,1e-05,True,40,development_isotonic_frozen
s0-i0,development,0,oracle,subset_beam_8,3,0.15,5f67defda60b1f3f,"[[0, 6, 7, 11], [3, 5, 9, 10], [1, 2, 4, 8]]",0.10319987799386791,-0.5188085999478329,1.1089858598287456,-9.86010058920913e-16,,1.0,8.490966706220798,8.490966706220798,0.10319987799386791,0.22822317459809208,2.1509587822448086,"{""1"": 12}",8.490966706220798,8.490878377967672,2.6882503976055276,1e-05,True,40,development_isotonic_frozen
s0-i0,development,0,oracle,subset_beam_32,3,0.15,5f67defda60b1f3f,"[[0, 6, 7, 11], [3, 5, 9, 10], [1, 2, 4, 8]]",0.10319987799386791,-0.5188085999478329,1.1089858598287456,-9.86010058920913e-16,,1.0,8.490966706220798,8.490966706220798,0.10319987799386791,0.22822317459809208,2.1509587822448086,"{""1"": 12}",8.490966706220798,8.490878377967672,2.6882503976055276,1e-05,True,40,development_isotonic_frozen
s0-i0,development,0,oracle,saps_diagonal,3,0.15,6bfec42b3eeb37e1,"[[0, 5, 6, 9], [2, 7, 8, 10], [1, 3, 4, 11]]",0.10319987799386791,-0.5456315293559947,1.094604797711536,-1.130748274430041e-15,,1.0,7.653467076862571,7.653467076862571,0.10319987799386791,0.623968327676526,1.519310175202081,"{""1"": 12}",7.653467076862571,7.653375715553764,3.373292042803293,1e-05,True,40,development_isotonic_frozen
s0-i0,development,0,oracle,p_saps_residualized,3,0.15,f8e27630b2a1413e,"[[0, 1, 7, 9], [3, 5, 10, 11], [2, 4, 6, 8]]",0.10319987799386791,-0.5474250688748044,1.0631335812085516,-1.3528957890490551e-15,,1.0,7.40517605651541,7.40517605651541,0.10319987799386791,-0.474068188758628,-0.9946391085590781,"{""1"": 12}",7.40517605651541,7.405088412623988,2.6845427532915687,1e-05,True,80,development_isotonic_frozen
s0-i0,development,0,oracle,p_saps_projection,3,0.15,81fd88f4531c2423,"[[1, 2, 3, 10], [6, 7, 9, 11], [0, 4, 5, 8]]",0.10319987799386791,-0.616068062319304,0.9577614264687692,-1.023722466559146e-15,,1.0,11.13796313630476,11.13796313630476,0.10319987799386791,0.012631289240436133,5.743114121264529,"{""1"": 12}",11.13796313630476,11.137867735948431,2.5632380610291534,1e-05,True,640,development_isotonic_frozen
s0-i0,development,0,oracle,b_saps_budgeted,3,0.15,6bfec42b3eeb37e1,"[[0, 5, 6, 9], [2, 7, 8, 10], [1, 3, 4, 11]]",0.10319987799386791,-0.5456315293559947,1.094604797711536,-1.130748274430041e-15,,1.0,7.653467076862571,7.653467076862571,0.10319987799386791,0.623968327676526,1.519310175202081,"{""1"": 12}",7.653467076862571,7.653375715553764,3.373292042803293,1e-05,True,40,development_isotonic_frozen
s0-i0,development,0,oracle,random_balanced,4,0.01,72d547e21cbad86c,"[[0, 6, 9], [2, 5, 8], [3, 7, 10], [1, 4, 11]]",0.001014490348996145,-0.8401436517452286,1.6021096955057414,-1.1058506811324462e-15,,1.0,5.9727379729781696,5.9727379729781696,0.001014490348996145,0.0,-0.2262385652636274,"{""1"": 12}",5.9727379729781696,5.972653064028447,2.6516983391288695,1e-05,True,40,development_isotonic_frozen
s0-i0,development,0,oracle,confidence,4,0.01,674d1a77204f65a5,"[[7, 9, 11], [0, 5, 6], [3, 8, 10], [1, 2, 4]]",0.001014490348996145,-0.7628128074066555,1.70725137471441,-8.344508647506837e-16,,1.0,11.526167325360566,11.526167325360566,0.001014490348996145,0.0,0.0,"{""1"": 12}",11.526167325360566,11.52607256467915,2.8413851593590653,1e-05,True,40,development_isotonic_frozen
s0-i0,development,0,oracle,entropy,4,0.01,83269321df5cd6c9,"[[7, 9, 11], [0, 5, 6], [2, 8, 10], [1, 3, 4]]",0.001014490348996145,-0.7681330953521314,1.7118425441422769,-7.494600780672546e-16,,1.0,8.696592585156893,8.696592585156893,0.001014490348996145,0.006397986051568076,-0.2262385652636274,"{""1"": 12}",8.696592585156893,8.696496700193705,2.8258451497345387,1e-05,True,40,development_isotonic_frozen
s0-i0,development,0,oracle,dependency_cmi,4,0.01,0128a5a979359c18,"[[1, 2, 3], [0, 6, 7], [5, 9, 10], [4, 8, 11]]",0.001014490348996145,-0.9105395686342174,1.4456663186094731,-3.158479862407331e-16,,1.0,7.662891748771929,7.662891748771929,0.001014490348996145,0.0,-0.2262385652636274,"{""1"": 12}",7.662891748771929,7.662797060823867,2.6005832709564953,1e-05,True,40,development_isotonic_frozen
s0-i0,development,0,oracle,min_within_batch_tc,4,0.01,ff26cc4762e101cc,"[[0, 1, 2], [6, 8, 9], [4, 5, 10], [3, 7, 11]]",0.001014490348996145,-0.942581158167395,1.4378009163361545,-8.790385912933671e-16,,1.0,7.517036310095347,7.517036310095347,0.001014490348996145,0.0,-0.2262385652636274,"{""1"": 12}",7.517036310095347,7.5169491243197974,2.3850196134239443,1e-05,True,40,development_isotonic_frozen
s0-i0,development,0,oracle,dprm_myopic,4,0.01,b5a069cd0fc866f0,"[[2, 3, 10], [0, 9, 11], [6, 7, 8], [1, 4, 5]]",0.001014490348996145,-0.8853433629944115,1.5192476108289055,-4.989583356147944e-16,,1.0,8.266702826560286,8.266702826560286,0.001014490348996145,0.0,0.0,"{""1"": 12}",8.266702826560286,8.266599209291838,2.990514985025594,1e-05,True,40,development_isotonic_frozen
s0-i0,development,0,oracle,dprm_rollout,4,0.01,6f0c90dd10c696bf,"[[2, 9, 10], [0, 3, 8], [5, 7, 11], [1, 4, 6]]",0.001014490348996145,-0.8839157670423226,1.5457544687159883,-9.869434891640175e-16,,1.0,7.770584406821257,7.770584406821257,0.001014490348996145,0.2465604024850947,0.0,"{""1"": 12}",7.770584406821257,7.770480779642656,2.7425351884825346,1e-05,True,40,development_isotonic_frozen
s0-i0,development,0,oracle,subset_exact,4,0.01,c84edf737326dbdf,"[[0, 1, 3], [7, 9, 11], [5, 6, 8], [2, 4, 10]]",0.001014490348996145,-0.8477555781784071,1.533884982728648,-9.021341993749308e-16,,1.0,6.949047894500994,6.949047894500994,0.001014490348996145,0.0,-0.2262385652636274,"{""1"": 12}",6.949047894500994,6.948962075325043,2.731934855532819,1e-05,True,40,development_isotonic_frozen
s0-i0,development,0,oracle,subset_beam_8,4,0.01,c84edf737326dbdf,"[[0, 1, 3], [7, 9, 11], [5, 6, 8], [2, 4, 10]]",0.001014490348996145,-0.8477555781784071,1.533884982728648,-9.021341993749308e-16,,1.0,6.949047894500994,6.949047894500994,0.001014490348996145,0.0,-0.2262385652636274,"{""1"": 12}",6.949047894500994,6.948962075325043,2.731934855532819,1e-05,True,40,development_isotonic_frozen
s0-i0,development,0,oracle,subset_beam_32,4,0.01,c84edf737326dbdf,"[[0, 1, 3], [7, 9, 11], [5, 6, 8], [2, 4, 10]]",0.001014490348996145,-0.8477555781784071,1.533884982728648,-9.021341993749308e-16,,1.0,6.949047894500994,6.949047894500994,0.001014490348996145,0.0,-0.2262385652636274,"{""1"": 12}",6.949047894500994,6.948962075325043,2.731934855532819,1e-05,True,40,development_isotonic_frozen
s0-i0,development,0,oracle,saps_diagonal,4,0.01,72d547e21cbad86c,"[[0, 6, 9], [2, 5, 8], [3, 7, 10], [1, 4, 11]]",0.001014490348996145,-0.8401436517452286,1.6021096955057414,-1.1058506811324462e-15,,1.0,5.9727379729781696,5.9727379729781696,0.001014490348996145,0.0,-0.2262385652636274,"{""1"": 12}",5.9727379729781696,5.972653064028447,2.6516983391288695,1e-05,True,40,development_isotonic_frozen
s0-i0,development,0,oracle,p_saps_residualized,4,0.01,465733f18e7177b6,"[[1, 7, 9], [0, 3, 11], [2, 5, 10], [4, 6, 8]]",0.001014490348996145,-0.8302130817460328,1.5795876256248895,-7.529379114145321e-16,,1.0,5.7101708097024675,5.7101708097024675,0.001014490348996145,0.0,-0.2262385652636274,"{""1"": 12}",5.7101708097024675,5.710076908124885,2.823526038499201,1e-05,True,80,development_isotonic_frozen
s0-i0,development,0,oracle,p_saps_projection,4,0.01,674d1a77204f65a5,"[[7, 9, 11], [0, 5, 6], [3, 8, 10], [1, 2, 4]]",0.001014490348996145,-0.7628128074066555,1.70725137471441,-8.344508647506837e-16,,1.0,11.526167325360566,11.526167325360566,0.001014490348996145,0.0,0.0,"{""1"": 12}",11.526167325360566,11.52607256467915,2.8413851593590653,1e-05,True,640,development_isotonic_frozen
s0-i0,development,0,oracle,b_saps_budgeted,4,0.01,72d547e21cbad86c,"[[0, 6, 9], [2, 5, 8], [3, 7, 10], [1, 4, 11]]",0.001014490348996145,-0.8401436517452286,1.6021096955057414,-1.1058506811324462e-15,,1.0,5.9727379729781696,5.9727379729781696,0.001014490348996145,0.0,-0.2262385652636274,"{""1"": 12}",5.9727379729781696,5.972653064028447,2.6516983391288695,1e-05,True,40,development_isotonic_frozen
s0-i0,development,0,oracle,random_balanced,4,0.05,72d547e21cbad86c,"[[0, 6, 9], [2, 5, 8], [3, 7, 10], [1, 4, 11]]",0.0045632850121599755,-0.8401436517452286,1.6021096955057414,-1.1058506811324462e-15,,1.0,5.9727379729781696,5.9727379729781696,0.0045632850121599755,-0.5839633749875842,0.5946583735188682,"{""1"": 12}",5.9727379729781696,5.972653064028447,2.6516983391288695,1e-05,True,40,development_isotonic_frozen
s0-i0,development,0,oracle,confidence,4,0.05,674d1a77204f65a5,"[[7, 9, 11], [0, 5, 6], [3, 8, 10], [1, 2, 4]]",0.0045632850121599755,-0.7628128074066555,1.70725137471441,-8.344508647506837e-16,,1.0,11.526167325360566,11.526167325360566,0.0045632850121599755,0.05918387231201627,5.969090316161891,"{""1"": 12}",11.526167325360566,11.52607256467915,2.8413851593590653,1e-05,True,40,development_isotonic_frozen
s0-i0,development,0,oracle,entropy,4,0.05,83269321df5cd6c9,"[[7, 9, 11], [0, 5, 6], [2, 8, 10], [1, 3, 4]]",0.0045632850121599755,-0.7681330953521314,1.7118425441422769,-7.494600780672546e-16,,1.0,8.696592585156893,8.696592585156893,0.0045632850121599755,0.10891958595804663,5.109579666311406,"{""1"": 12}",8.696592585156893,8.696496700193705,2.8258451497345387,1e-05,True,40,development_isotonic_frozen
s0-i0,development,0,oracle,dependency_cmi,4,0.05,0128a5a979359c18,"[[1, 2, 3], [0, 6, 7], [5, 9, 10], [4, 8, 11]]",0.0045632850121599755,-0.9105395686342174,1.4456663186094731,-3.158479862407331e-16,,1.0,7.662891748771929,7.662891748771929,0.0045632850121599755,-0.0509433823048066,4.313255510573162,"{""1"": 12}",7.662891748771929,7.662797060823867,2.6005832709564953,1e-05,True,40,development_isotonic_frozen
s0-i0,development,0,oracle,min_within_batch_tc,4,0.05,ff26cc4762e101cc,"[[0, 1, 2], [6, 8, 9], [4, 5, 10], [3, 7, 11]]",0.0045632850121599755,-0.942581158167395,1.4378009163361545,-8.790385912933671e-16,,1.0,7.517036310095347,7.517036310095347,0.0045632850121599755,-1.6262627839722037,0.6956504256774023,"{""1"": 12}",7.517036310095347,7.5169491243197974,2.3850196134239443,1e-05,True,40,development_isotonic_frozen
s0-i0,development,0,oracle,dprm_myopic,4,0.05,b5a069cd0fc866f0,"[[2, 3, 10], [0, 9, 11], [6, 7, 8], [1, 4, 5]]",0.0045632850121599755,-0.8853433629944115,1.5192476108289055,-4.989583356147944e-16,,1.0,8.266702826560286,8.266702826560286,0.0045632850121599755,-0.10471838967582947,2.6244261644787343,"{""1"": 12}",8.266702826560286,8.266599209291838,2.990514985025594,1e-05,True,40,development_isotonic_frozen
s0-i0,development,0,oracle,dprm_rollout,4,0.05,011d76648c9ed0fb,"[[2, 4, 10], [6, 9, 11], [0, 7, 8], [1, 3, 5]]",0.0045632850121599755,-0.9297026976623209,1.4803051240806522,-5.550030027187411e-16,,1.0,11.39059928756009,11.39059928756009,0.0045632850121599755,0.0,4.042075537396271,"{""1"": 12}",11.39059928756009,11.390503201042293,2.5566706045016305,1e-05,True,40,development_isotonic_frozen
s0-i0,development,0,oracle,subset_exact,4,0.05,c1426c879f602303,"[[0, 3, 7], [5, 9, 11], [6, 8, 10], [1, 2, 4]]",0.0045632850121599755,-0.7999687077703252,1.6311630678606848,-5.335340893685922e-16,,1.0,7.089846463816107,7.089846463816107,0.0045632850121599755,0.30736995833771014,-0.6210068950815995,"{""1"": 12}",7.089846463816107,7.08975897472683,2.918199552625638,1e-05,True,40,development_isotonic_frozen
s0-i0,development,0,oracle,subset_beam_8,4,0.05,c1426c879f602303,"[[0, 3, 7], [5, 9, 11], [6, 8, 10], [1, 2, 4]]",0.0045632850121599755,-0.7999687077703252,1.6311630678606848,-5.335340893685922e-16,,1.0,7.089846463816107,7.089846463816107,0.0045632850121599755,0.30736995833771014,-0.6210068950815995,"{""1"": 12}",7.089846463816107,7.08975897472683,2.918199552625638,1e-05,True,40,development_isotonic_frozen
s0-i0,development,0,oracle,subset_beam_32,4,0.05,c1426c879f602303,"[[0, 3, 7], [5, 9, 11], [6, 8, 10], [1, 2, 4]]",0.0045632850121599755,-0.7999687077703252,1.6311630678606848,-5.335340893685922e-16,,1.0,7.089846463816107,7.089846463816107,0.0045632850121599755,0.30736995833771014,-0.6210068950815995,"{""1"": 12}",7.089846463816107,7.08975897472683,2.918199552625638,1e-05,True,40,development_isotonic_frozen
s0-i0,development,0,oracle,saps_diagonal,4,0.05,72d547e21cbad86c,"[[0, 6, 9], [2, 5, 8], [3, 7, 10], [1, 4, 11]]",0.0045632850121599755,-0.8401436517452286,1.6021096955057414,-1.1058506811324462e-15,,1.0,5.9727379729781696,5.9727379729781696,0.0045632850121599755,-0.5839633749875842,0.5946583735188682,"{""1"": 12}",5.9727379729781696,5.972653064028447,2.6516983391288695,1e-05,True,40,development_isotonic_frozen
s0-i0,development,0,oracle,p_saps_residualized,4,0.05,465733f18e7177b6,"[[1, 7, 9], [0, 3, 11], [2, 5, 10], [4, 6, 8]]",0.0045632850121599755,-0.8302130817460328,1.5795876256248895,-7.529379114145321e-16,,1.0,5.7101708097024675,5.7101708097024675,0.0045632850121599755,0.06565711274843833,2.7848554352187507,"{""1"": 12}",5.7101708097024675,5.710076908124885,2.823526038499201,1e-05,True,80,development_isotonic_frozen
s0-i0,development,0,oracle,p_saps_projection,4,0.05,674d1a77204f65a5,"[[7, 9, 11], [0, 5, 6], [3, 8, 10], [1, 2, 4]]",0.0045632850121599755,-0.7628128074066555,1.70725137471441,-8.344508647506837e-16,,1.0,11.526167325360566,11.526167325360566,0.0045632850121599755,0.05918387231201627,5.969090316161891,"{""1"": 12}",11.526167325360566,11.52607256467915,2.8413851593590653,1e-05,True,640,development_isotonic_frozen
s0-i0,development,0,oracle,b_saps_budgeted,4,0.05,72d547e21cbad86c,"[[0, 6, 9], [2, 5, 8], [3, 7, 10], [1, 4, 11]]",0.0045632850121599755,-0.8401436517452286,1.6021096955057414,-1.1058506811324462e-15,,1.0,5.9727379729781696,5.9727379729781696,0.0045632850121599755,-0.5839633749875842,0.5946583735188682,"{""1"": 12}",5.9727379729781696,5.972653064028447,2.6516983391288695,1e-05,True,40,development_isotonic_frozen
s0-i0,development,0,oracle,random_balanced,4,0.15,72d547e21cbad86c,"[[0, 6, 9], [2, 5, 8], [3, 7, 10], [1, 4, 11]]",0.10319987799386791,-0.8401436517452286,1.6021096955057414,-1.1058506811324462e-15,,1.0,5.9727379729781696,5.9727379729781696,0.10319987799386791,-0.42218547384408595,3.035348909172561,"{""1"": 12}",5.9727379729781696,5.972653064028447,2.6516983391288695,1e-05,True,40,development_isotonic_frozen
s0-i0,development,0,oracle,confidence,4,0.15,674d1a77204f65a5,"[[7, 9, 11], [0, 5, 6], [3, 8, 10], [1, 2, 4]]",0.10319987799386791,-0.7628128074066555,1.70725137471441,-8.344508647506837e-16,,1.0,11.526167325360566,11.526167325360566,0.10319987799386791,-0.1137294142929096,6.452305770187532,"{""1"": 12}",11.526167325360566,11.52607256467915,2.8413851593590653,1e-05,True,40,development_isotonic_frozen
s0-i0,development,0,oracle,entropy,4,0.15,83269321df5cd6c9,"[[7, 9, 11], [0, 5, 6], [2, 8, 10], [1, 3, 4]]",0.10319987799386791,-0.7681330953521314,1.7118425441422769,-7.494600780672546e-16,,1.0,8.696592585156893,8.696592585156893,0.10319987799386791,-0.6602868372162198,6.452305770187532,"{""1"": 12}",8.696592585156893,8.696496700193705,2.8258451497345387,1e-05,True,40,development_isotonic_frozen
s0-i0,development,0,oracle,dependency_cmi,4,0.15,0128a5a979359c18,"[[1, 2, 3], [0, 6, 7], [5, 9, 10], [4, 8, 11]]",0.10319987799386791,-0.9105395686342174,1.4456663186094731,-3.158479862407331e-16,,1.0,7.662891748771929,7.662891748771929,0.10319987799386791,0.8540824456992977,4.679064091519958,"{""1"": 12}",7.662891748771929,7.662797060823867,2.6005832709564953,1e-05,True,40,development_isotonic_frozen
s0-i0,development,0,oracle,min_within_batch_tc,4,0.15,ff26cc4762e101cc,"[[0, 1, 2], [6, 8, 9], [4, 5, 10], [3, 7, 11]]",0.10319987799386791,-0.942581158167395,1.4378009163361545,-8.790385912933671e-16,,1.0,7.517036310095347,7.517036310095347,0.10319987799386791,-0.01649601683471131,4.406563429742726,"{""1"": 12}",7.517036310095347,7.5169491243197974,2.3850196134239443,1e-05,True,40,development_isotonic_frozen
s0-i0,development,0,oracle,dprm_myopic,4,0.15,b5a069cd0fc866f0,"[[2, 3, 10], [0, 9, 11], [6, 7, 8], [1, 4, 5]]",0.10319987799386791,-0.8853433629944115,1.5192476108289055,-4.989583356147944e-16,,1.0,8.266702826560286,8.266702826560286,0.10319987799386791,-1.0400667534027963,2.8246908061768012,"{""1"": 12}",8.266702826560286,8.266599209291838,2.990514985025594,1e-05,True,40,development_isotonic_frozen
s0-i0,development,0,oracle,dprm_rollout,4,0.15,8ae21ac79948f0fe,"[[4, 5, 8], [2, 6, 10], [0, 3, 9], [1, 7, 11]]",0.10319987799386791,-0.9707566595063878,1.4165637029278983,-9.422310021456028e-16,,1.0,10.505910556271097,10.505910556271097,0.10319987799386791,0.961151288924998,4.499756412051037,"{""1"": 12}",10.505910556271097,10.505818976748627,2.604072989741709,1e-05,True,40,development_isotonic_frozen
s0-i0,development,0,oracle,subset_exact,4,0.15,a9dc115af419cc94,"[[4, 9, 11], [0, 5, 7], [3, 6, 8], [1, 2, 10]]",0.10319987799386791,-0.8334577754194602,1.6010133075357935,-8.000288397043393e-16,,1.0,10.60361438109357,10.60361438109357,0.10319987799386791,-0.829981710824721,4.499756412051037,"{""1"": 12}",10.60361438109357,10.603520275334144,2.580657762076535,1e-05,True,40,development_isotonic_frozen
s0-i0,development,0,oracle,subset_beam_8,4,0.15,1a02683755a861f3,"[[0, 6, 7], [5, 9, 11], [3, 8, 10], [1, 2, 4]]",0.10319987799386791,-0.7805740254084453,1.6728274306332327,-5.107753421146941e-16,,1.0,7.9957086843887675,7.9957086843887675,0.10319987799386791,0.1255326675124067,3.384939794076576,"{""1"": 12}",7.9957086843887675,7.995623770960747,2.6468383133699835,1e-05,True,40,development_isotonic_frozen
s0-i0,development,0,oracle,subset_beam_32,4,0.15,a9dc115af419cc94,"[[4, 9, 11], [0, 5, 7], [3, 6, 8], [1, 2, 10]]",0.10319987799386791,-0.8334577754194602,1.6010133075357935,-8.000288397043393e-16,,1.0,10.60361438109357,10.60361438109357,0.10319987799386791,-0.829981710824721,4.499756412051037,"{""1"": 12}",10.60361438109357,10.603520275334144,2.580657762076535,1e-05,True,40,development_isotonic_frozen
s0-i0,development,0,oracle,saps_diagonal,4,0.15,72d547e21cbad86c,"[[0, 6, 9], [2, 5, 8], [3, 7, 10], [1, 4, 11]]",0.10319987799386791,-0.8401436517452286,1.6021096955057414,-1.1058506811324462e-15,,1.0,5.9727379729781696,5.9727379729781696,0.10319987799386791,-0.42218547384408595,3.035348909172561,"{""1"": 12}",5.9727379729781696,5.972653064028447,2.6516983391288695,1e-05,True,40,development_isotonic_frozen
s0-i0,development,0,oracle,p_saps_residualized,4,0.15,465733f18e7177b6,"[[1, 7, 9], [0, 3, 11], [2, 5, 10], [4, 6, 8]]",0.10319987799386791,-0.8302130817460328,1.5795876256248895,-7.529379114145321e-16,,1.0,5.7101708097024675,5.7101708097024675,0.10319987799386791,1.088810695749183,4.756154314646741,"{""1"": 12}",5.7101708097024675,5.710076908124885,2.823526038499201,1e-05,True,80,development_isotonic_frozen
s0-i0,development,0,oracle,p_saps_projection,4,0.15,674d1a77204f65a5,"[[7, 9, 11], [0, 5, 6], [3, 8, 10], [1, 2, 4]]",0.10319987799386791,-0.7628128074066555,1.70725137471441,-8.344508647506837e-16,,1.0,11.526167325360566,11.526167325360566,0.10319987799386791,-0.1137294142929096,6.452305770187532,"{""1"": 12}",11.526167325360566,11.52607256467915,2.8413851593590653,1e-05,True,640,development_isotonic_frozen
s0-i0,development,0,oracle,b_saps_budgeted,4,0.15,72d547e21cbad86c,"[[0, 6, 9], [2, 5, 8], [3, 7, 10], [1, 4, 11]]",0.10319987799386791,-0.8401436517452286,1.6021096955057414,-1.1058506811324462e-15,,1.0,5.9727379729781696,5.9727379729781696,0.10319987799386791,-0.42218547384408595,3.035348909172561,"{""1"": 12}",5.9727379729781696,5.972653064028447,2.6516983391288695,1e-05,True,40,development_isotonic_frozen
s0-i0,development,0,random_matched,random_balanced,1,0.01,8a4f20d215a3b9a1,"[[0, 1, 2, 3, 4, 5, 6, 7, 8, 9, 10, 11]]",0.021304297328919045,-0.0,0.0,-4.512674843791948e-15,,0.0,7.491097318727158,7.491097318727158,0.021304297328919045,0.0,-0.2262385652636274,"{""2"": 11, ""4"": 9, ""3"": 10}",7.491097318727158,7.4910811230748795,28.380226689544536,1e-05,True,40,development_isotonic_frozen
s0-i0,development,0,random_matched,confidence,1,0.01,8a4f20d215a3b9a1,"[[0, 1, 2, 3, 4, 5, 6, 7, 8, 9, 10, 11]]",0.021304297328919045,-0.0,0.0,-4.512674843791948e-15,,0.0,7.491097318727158,7.491097318727158,0.021304297328919045,0.0,-0.2262385652636274,"{""2"": 11, ""4"": 9, ""3"": 10}",7.491097318727158,7.4910811230748795,28.380226689544536,1e-05,True,40,development_isotonic_frozen
s0-i0,development,0,random_matched,entropy,1,0.01,8a4f20d215a3b9a1,"[[0, 1, 2, 3, 4, 5, 6, 7, 8, 9, 10, 11]]",0.021304297328919045,-0.0,0.0,-4.512674843791948e-15,,0.0,7.491097318727158,7.491097318727158,0.021304297328919045,0.0,-0.2262385652636274,"{""2"": 11, ""4"": 9, ""3"": 10}",7.491097318727158,7.4910811230748795,28.380226689544536,1e-05,True,40,development_isotonic_frozen
s0-i0,development,0,random_matched,dependency_cmi,1,0.01,8a4f20d215a3b9a1,"[[0, 1, 2, 3, 4, 5, 6, 7, 8, 9, 10, 11]]",0.021304297328919045,-0.0,0.0,-4.512674843791948e-15,,0.0,7.491097318727158,7.491097318727158,0.021304297328919045,0.0,-0.2262385652636274,"{""2"": 11, ""4"": 9, ""3"": 10}",7.491097318727158,7.4910811230748795,28.380226689544536,1e-05,True,40,development_isotonic_frozen
s0-i0,development,0,random_matched,min_within_batch_tc,1,0.01,8a4f20d215a3b9a1,"[[0, 1, 2, 3, 4, 5, 6, 7, 8, 9, 10, 11]]",0.021304297328919045,-0.0,0.0,-4.512674843791948e-15,,0.0,7.491097318727158,7.491097318727158,0.021304297328919045,0.0,-0.2262385652636274,"{""2"": 11, ""4"": 9, ""3"": 10}",7.491097318727158,7.4910811230748795,28.380226689544536,1e-05,True,40,development_isotonic_frozen
s0-i0,development,0,random_matched,dprm_myopic,1,0.01,8a4f20d215a3b9a1,"[[0, 1, 2, 3, 4, 5, 6, 7, 8, 9, 10, 11]]",0.021304297328919045,-0.0,0.0,-4.512674843791948e-15,,0.0,7.491097318727158,7.491097318727158,0.021304297328919045,0.0,-0.2262385652636274,"{""2"": 11, ""4"": 9, ""3"": 10}",7.491097318727158,7.4910811230748795,28.380226689544536,1e-05,True,40,development_isotonic_frozen
s0-i0,development,0,random_matched,dprm_rollout,1,0.01,8a4f20d215a3b9a1,"[[0, 1, 2, 3, 4, 5, 6, 7, 8, 9, 10, 11]]",0.021304297328919045,-0.0,0.0,-4.512674843791948e-15,,0.0,7.491097318727158,7.491097318727158,0.021304297328919045,0.0,-0.2262385652636274,"{""2"": 11, ""4"": 9, ""3"": 10}",7.491097318727158,7.4910811230748795,28.380226689544536,1e-05,True,40,development_isotonic_frozen
s0-i0,development,0,random_matched,subset_exact,1,0.01,8a4f20d215a3b9a1,"[[0, 1, 2, 3, 4, 5, 6, 7, 8, 9, 10, 11]]",0.021304297328919045,-0.0,0.0,-4.512674843791948e-15,,0.0,7.491097318727158,7.491097318727158,0.021304297328919045,0.0,-0.2262385652636274,"{""2"": 11, ""4"": 9, ""3"": 10}",7.491097318727158,7.4910811230748795,28.380226689544536,1e-05,True,40,development_isotonic_frozen
s0-i0,development,0,random_matched,subset_beam_8,1,0.01,8a4f20d215a3b9a1,"[[0, 1, 2, 3, 4, 5, 6, 7, 8, 9, 10, 11]]",0.021304297328919045,-0.0,0.0,-4.512674843791948e-15,,0.0,7.491097318727158,7.491097318727158,0.021304297328919045,0.0,-0.2262385652636274,"{""2"": 11, ""4"": 9, ""3"": 10}",7.491097318727158,7.4910811230748795,28.380226689544536,1e-05,True,40,development_isotonic_frozen
s0-i0,development,0,random_matched,subset_beam_32,1,0.01,8a4f20d215a3b9a1,"[[0, 1, 2, 3, 4, 5, 6, 7, 8, 9, 10, 11]]",0.021304297328919045,-0.0,0.0,-4.512674843791948e-15,,0.0,7.491097318727158,7.491097318727158,0.021304297328919045,0.0,-0.2262385652636274,"{""2"": 11, ""4"": 9, ""3"": 10}",7.491097318727158,7.4910811230748795,28.380226689544536,1e-05,True,40,development_isotonic_frozen
s0-i0,development,0,random_matched,saps_diagonal,1,0.01,8a4f20d215a3b9a1,"[[0, 1, 2, 3, 4, 5, 6, 7, 8, 9, 10, 11]]",0.021304297328919045,-0.0,0.0,-4.512674843791948e-15,,0.0,7.491097318727158,7.491097318727158,0.021304297328919045,0.0,-0.2262385652636274,"{""2"": 11, ""4"": 9, ""3"": 10}",7.491097318727158,7.4910811230748795,28.380226689544536,1e-05,True,40,development_isotonic_frozen
s0-i0,development,0,random_matched,p_saps_residualized,1,0.01,8a4f20d215a3b9a1,"[[0, 1, 2, 3, 4, 5, 6, 7, 8, 9, 10, 11]]",0.021304297328919045,-0.0,0.0,-4.512674843791948e-15,,0.0,7.491097318727158,7.491097318727158,0.021304297328919045,0.0,-0.2262385652636274,"{""2"": 11, ""4"": 9, ""3"": 10}",7.491097318727158,7.4910811230748795,28.380226689544536,1e-05,True,40,development_isotonic_frozen
s0-i0,development,0,random_matched,p_saps_projection,1,0.01,8a4f20d215a3b9a1,"[[0, 1, 2, 3, 4, 5, 6, 7, 8, 9, 10, 11]]",0.021304297328919045,-0.0,0.0,-4.512674843791948e-15,,0.0,7.491097318727158,7.491097318727158,0.021304297328919045,0.0,-0.2262385652636274,"{""2"": 11, ""4"": 9, ""3"": 10}",7.491097318727158,7.4910811230748795,28.380226689544536,1e-05,True,40,development_isotonic_frozen
s0-i0,development,0,random_matched,b_saps_budgeted,1,0.01,8a4f20d215a3b9a1,"[[0, 1, 2, 3, 4, 5, 6, 7, 8, 9, 10, 11]]",0.021304297328919045,-0.0,0.0,-4.512674843791948e-15,,0.0,7.491097318727158,7.491097318727158,0.021304297328919045,0.0,-0.2262385652636274,"{""2"": 11, ""4"": 9, ""3"": 10}",7.491097318727158,7.4910811230748795,28.380226689544536,1e-05,True,40,development_isotonic_frozen
s0-i0,development,0,random_matched,random_balanced,1,0.05,8a4f20d215a3b9a1,"[[0, 1, 2, 3, 4, 5, 6, 7, 8, 9, 10, 11]]",0.11897787136150911,-0.0,0.0,-4.512674843791948e-15,,0.0,7.491097318727158,7.491097318727158,0.11897787136150911,0.03969975280988097,-0.5477072835360897,"{""2"": 11, ""4"": 9, ""3"": 10}",7.491097318727158,7.4910811230748795,28.380226689544536,1e-05,True,40,development_isotonic_frozen
s0-i0,development,0,random_matched,confidence,1,0.05,8a4f20d215a3b9a1,"[[0, 1, 2, 3, 4, 5, 6, 7, 8, 9, 10, 11]]",0.11897787136150911,-0.0,0.0,-4.512674843791948e-15,,0.0,7.491097318727158,7.491097318727158,0.11897787136150911,0.03969975280988097,-0.5477072835360897,"{""2"": 11, ""4"": 9, ""3"": 10}",7.491097318727158,7.4910811230748795,28.380226689544536,1e-05,True,40,development_isotonic_frozen
s0-i0,development,0,random_matched,entropy,1,0.05,8a4f20d215a3b9a1,"[[0, 1, 2, 3, 4, 5, 6, 7, 8, 9, 10, 11]]",0.11897787136150911,-0.0,0.0,-4.512674843791948e-15,,0.0,7.491097318727158,7.491097318727158,0.11897787136150911,0.03969975280988097,-0.5477072835360897,"{""2"": 11, ""4"": 9, ""3"": 10}",7.491097318727158,7.4910811230748795,28.380226689544536,1e-05,True,40,development_isotonic_frozen
s0-i0,development,0,random_matched,dependency_cmi,1,0.05,8a4f20d215a3b9a1,"[[0, 1, 2, 3, 4, 5, 6, 7, 8, 9, 10, 11]]",0.11897787136150911,-0.0,0.0,-4.512674843791948e-15,,0.0,7.491097318727158,7.491097318727158,0.11897787136150911,0.03969975280988097,-0.5477072835360897,"{""2"": 11, ""4"": 9, ""3"": 10}",7.491097318727158,7.4910811230748795,28.380226689544536,1e-05,True,40,development_isotonic_frozen
s0-i0,development,0,random_matched,min_within_batch_tc,1,0.05,8a4f20d215a3b9a1,"[[0, 1, 2, 3, 4, 5, 6, 7, 8, 9, 10, 11]]",0.11897787136150911,-0.0,0.0,-4.512674843791948e-15,,0.0,7.491097318727158,7.491097318727158,0.11897787136150911,0.03969975280988097,-0.5477072835360897,"{""2"": 11, ""4"": 9, ""3"": 10}",7.491097318727158,7.4910811230748795,28.380226689544536,1e-05,True,40,development_isotonic_frozen
s0-i0,development,0,random_matched,dprm_myopic,1,0.05,8a4f20d215a3b9a1,"[[0, 1, 2, 3, 4, 5, 6, 7, 8, 9, 10, 11]]",0.11897787136150911,-0.0,0.0,-4.512674843791948e-15,,0.0,7.491097318727158,7.491097318727158,0.11897787136150911,0.03969975280988097,-0.5477072835360897,"{""2"": 11, ""4"": 9, ""3"": 10}",7.491097318727158,7.4910811230748795,28.380226689544536,1e-05,True,40,development_isotonic_frozen
s0-i0,development,0,random_matched,dprm_rollout,1,0.05,8a4f20d215a3b9a1,"[[0, 1, 2, 3, 4, 5, 6, 7, 8, 9, 10, 11]]",0.11897787136150911,-0.0,0.0,-4.512674843791948e-15,,0.0,7.491097318727158,7.491097318727158,0.11897787136150911,0.03969975280988097,-0.5477072835360897,"{""2"": 11, ""4"": 9, ""3"": 10}",7.491097318727158,7.4910811230748795,28.380226689544536,1e-05,True,40,development_isotonic_frozen
s0-i0,development,0,random_matched,subset_exact,1,0.05,8a4f20d215a3b9a1,"[[0, 1, 2, 3, 4, 5, 6, 7, 8, 9, 10, 11]]",0.11897787136150911,-0.0,0.0,-4.512674843791948e-15,,0.0,7.491097318727158,7.491097318727158,0.11897787136150911,0.03969975280988097,-0.5477072835360897,"{""2"": 11, ""4"": 9, ""3"": 10}",7.491097318727158,7.4910811230748795,28.380226689544536,1e-05,True,40,development_isotonic_frozen
s0-i0,development,0,random_matched,subset_beam_8,1,0.05,8a4f20d215a3b9a1,"[[0, 1, 2, 3, 4, 5, 6, 7, 8, 9, 10, 11]]",0.11897787136150911,-0.0,0.0,-4.512674843791948e-15,,0.0,7.491097318727158,7.491097318727158,0.11897787136150911,0.03969975280988097,-0.5477072835360897,"{""2"": 11, ""4"": 9, ""3"": 10}",7.491097318727158,7.4910811230748795,28.380226689544536,1e-05,True,40,development_isotonic_frozen
s0-i0,development,0,random_matched,subset_beam_32,1,0.05,8a4f20d215a3b9a1,"[[0, 1, 2, 3, 4, 5, 6, 7, 8, 9, 10, 11]]",0.11897787136150911,-0.0,0.0,-4.512674843791948e-15,,0.0,7.491097318727158,7.491097318727158,0.11897787136150911,0.03969975280988097,-0.5477072835360897,"{""2"": 11, ""4"": 9, ""3"": 10}",7.491097318727158,7.4910811230748795,28.380226689544536,1e-05,True,40,development_isotonic_frozen
s0-i0,development,0,random_matched,saps_diagonal,1,0.05,8a4f20d215a3b9a1,"[[0, 1, 2, 3, 4, 5, 6, 7, 8, 9, 10, 11]]",0.11897787136150911,-0.0,0.0,-4.512674843791948e-15,,0.0,7.491097318727158,7.491097318727158,0.11897787136150911,0.03969975280988097,-0.5477072835360897,"{""2"": 11, ""4"": 9, ""3"": 10}",7.491097318727158,7.4910811230748795,28.380226689544536,1e-05,True,40,development_isotonic_frozen
s0-i0,development,0,random_matched,p_saps_residualized,1,0.05,8a4f20d215a3b9a1,"[[0, 1, 2, 3, 4, 5, 6, 7, 8, 9, 10, 11]]",0.11897787136150911,-0.0,0.0,-4.512674843791948e-15,,0.0,7.491097318727158,7.491097318727158,0.11897787136150911,0.03969975280988097,-0.5477072835360897,"{""2"": 11, ""4"": 9, ""3"": 10}",7.491097318727158,7.4910811230748795,28.380226689544536,1e-05,True,40,development_isotonic_frozen
s0-i0,development,0,random_matched,p_saps_projection,1,0.05,8a4f20d215a3b9a1,"[[0, 1, 2, 3, 4, 5, 6, 7, 8, 9, 10, 11]]",0.11897787136150911,-0.0,0.0,-4.512674843791948e-15,,0.0,7.491097318727158,7.491097318727158,0.11897787136150911,0.03969975280988097,-0.5477072835360897,"{""2"": 11, ""4"": 9, ""3"": 10}",7.491097318727158,7.4910811230748795,28.380226689544536,1e-05,True,40,development_isotonic_frozen
s0-i0,development,0,random_matched,b_saps_budgeted,1,0.05,8a4f20d215a3b9a1,"[[0, 1, 2, 3, 4, 5, 6, 7, 8, 9, 10, 11]]",0.11897787136150911,-0.0,0.0,-4.512674843791948e-15,,0.0,7.491097318727158,7.491097318727158,0.11897787136150911,0.03969975280988097,-0.5477072835360897,"{""2"": 11, ""4"": 9, ""3"": 10}",7.491097318727158,7.4910811230748795,28.380226689544536,1e-05,True,40,development_isotonic_frozen
s0-i0,development,0,random_matched,random_balanced,1,0.15,8a4f20d215a3b9a1,"[[0, 1, 2, 3, 4, 5, 6, 7, 8, 9, 10, 11]]",0.3484154663218108,-0.0,0.0,-4.512674843791948e-15,,0.0,7.491097318727158,7.491097318727158,0.3484154663218108,0.028216735512811168,3.163205720529233,"{""2"": 11, ""4"": 9, ""3"": 10}",7.491097318727158,7.4910811230748795,28.380226689544536,1e-05,True,40,development_isotonic_frozen
s0-i0,development,0,random_matched,confidence,1,0.15,8a4f20d215a3b9a1,"[[0, 1, 2, 3, 4, 5, 6, 7, 8, 9, 10, 11]]",0.3484154663218108,-0.0,0.0,-4.512674843791948e-15,,0.0,7.491097318727158,7.491097318727158,0.3484154663218108,0.028216735512811168,3.163205720529233,"{""2"": 11, ""4"": 9, ""3"": 10}",7.491097318727158,7.4910811230748795,28.380226689544536,1e-05,True,40,development_isotonic_frozen
s0-i0,development,0,random_matched,entropy,1,0.15,8a4f20d215a3b9a1,"[[0, 1, 2, 3, 4, 5, 6, 7, 8, 9, 10, 11]]",0.3484154663218108,-0.0,0.0,-4.512674843791948e-15,,0.0,7.491097318727158,7.491097318727158,0.3484154663218108,0.028216735512811168,3.163205720529233,"{""2"": 11, ""4"": 9, ""3"": 10}",7.491097318727158,7.4910811230748795,28.380226689544536,1e-05,True,40,development_isotonic_frozen
s0-i0,development,0,random_matched,dependency_cmi,1,0.15,8a4f20d215a3b9a1,"[[0, 1, 2, 3, 4, 5, 6, 7, 8, 9, 10, 11]]",0.3484154663218108,-0.0,0.0,-4.512674843791948e-15,,0.0,7.491097318727158,7.491097318727158,0.3484154663218108,0.028216735512811168,3.163205720529233,"{""2"": 11, ""4"": 9, ""3"": 10}",7.491097318727158,7.4910811230748795,28.380226689544536,1e-05,True,40,development_isotonic_frozen
s0-i0,development,0,random_matched,min_within_batch_tc,1,0.15,8a4f20d215a3b9a1,"[[0, 1, 2, 3, 4, 5, 6, 7, 8, 9, 10, 11]]",0.3484154663218108,-0.0,0.0,-4.512674843791948e-15,,0.0,7.491097318727158,7.491097318727158,0.3484154663218108,0.028216735512811168,3.163205720529233,"{""2"": 11, ""4"": 9, ""3"": 10}",7.491097318727158,7.4910811230748795,28.380226689544536,1e-05,True,40,development_isotonic_frozen
s0-i0,development,0,random_matched,dprm_myopic,1,0.15,8a4f20d215a3b9a1,"[[0, 1, 2, 3, 4, 5, 6, 7, 8, 9, 10, 11]]",0.3484154663218108,-0.0,0.0,-4.512674843791948e-15,,0.0,7.491097318727158,7.491097318727158,0.3484154663218108,0.028216735512811168,3.163205720529233,"{""2"": 11, ""4"": 9, ""3"": 10}",7.491097318727158,7.4910811230748795,28.380226689544536,1e-05,True,40,development_isotonic_frozen
s0-i0,development,0,random_matched,dprm_rollout,1,0.15,8a4f20d215a3b9a1,"[[0, 1, 2, 3, 4, 5, 6, 7, 8, 9, 10, 11]]",0.3484154663218108,-0.0,0.0,-4.512674843791948e-15,,0.0,7.491097318727158,7.491097318727158,0.3484154663218108,0.028216735512811168,3.163205720529233,"{""2"": 11, ""4"": 9, ""3"": 10}",7.491097318727158,7.4910811230748795,28.380226689544536,1e-05,True,40,development_isotonic_frozen
s0-i0,development,0,random_matched,subset_exact,1,0.15,8a4f20d215a3b9a1,"[[0, 1, 2, 3, 4, 5, 6, 7, 8, 9, 10, 11]]",0.3484154663218108,-0.0,0.0,-4.512674843791948e-15,,0.0,7.491097318727158,7.491097318727158,0.3484154663218108,0.028216735512811168,3.163205720529233,"{""2"": 11, ""4"": 9, ""3"": 10}",7.491097318727158,7.4910811230748795,28.380226689544536,1e-05,True,40,development_isotonic_frozen
s0-i0,development,0,random_matched,subset_beam_8,1,0.15,8a4f20d215a3b9a1,"[[0, 1, 2, 3, 4, 5, 6, 7, 8, 9, 10, 11]]",0.3484154663218108,-0.0,0.0,-4.512674843791948e-15,,0.0,7.491097318727158,7.491097318727158,0.3484154663218108,0.028216735512811168,3.163205720529233,"{""2"": 11, ""4"": 9, ""3"": 10}",7.491097318727158,7.4910811230748795,28.380226689544536,1e-05,True,40,development_isotonic_frozen
s0-i0,development,0,random_matched,subset_beam_32,1,0.15,8a4f20d215a3b9a1,"[[0, 1, 2, 3, 4, 5, 6, 7, 8, 9, 10, 11]]",0.3484154663218108,-0.0,0.0,-4.512674843791948e-15,,0.0,7.491097318727158,7.491097318727158,0.3484154663218108,0.028216735512811168,3.163205720529233,"{""2"": 11, ""4"": 9, ""3"": 10}",7.491097318727158,7.4910811230748795,28.380226689544536,1e-05,True,40,development_isotonic_frozen
s0-i0,development,0,random_matched,saps_diagonal,1,0.15,8a4f20d215a3b9a1,"[[0, 1, 2, 3, 4, 5, 6, 7, 8, 9, 10, 11]]",0.3484154663218108,-0.0,0.0,-4.512674843791948e-15,,0.0,7.491097318727158,7.491097318727158,0.3484154663218108,0.028216735512811168,3.163205720529233,"{""2"": 11, ""4"": 9, ""3"": 10}",7.491097318727158,7.4910811230748795,28.380226689544536,1e-05,True,40,development_isotonic_frozen
s0-i0,development,0,random_matched,p_saps_residualized,1,0.15,8a4f20d215a3b9a1,"[[0, 1, 2, 3, 4, 5, 6, 7, 8, 9, 10, 11]]",0.3484154663218108,-0.0,0.0,-4.512674843791948e-15,,0.0,7.491097318727158,7.491097318727158,0.3484154663218108,0.028216735512811168,3.163205720529233,"{""2"": 11, ""4"": 9, ""3"": 10}",7.491097318727158,7.4910811230748795,28.380226689544536,1e-05,True,40,development_isotonic_frozen
s0-i0,development,0,random_matched,p_saps_projection,1,0.15,8a4f20d215a3b9a1,"[[0, 1, 2, 3, 4, 5, 6, 7, 8, 9, 10, 11]]",0.3484154663218108,-0.0,0.0,-4.512674843791948e-15,,0.0,7.491097318727158,7.491097318727158,0.3484154663218108,0.028216735512811168,3.163205720529233,"{""2"": 11, ""4"": 9, ""3"": 10}",7.491097318727158,7.4910811230748795,28.380226689544536,1e-05,True,40,development_isotonic_frozen
s0-i0,development,0,random_matched,b_saps_budgeted,1,0.15,8a4f20d215a3b9a1,"[[0, 1, 2, 3, 4, 5, 6, 7, 8, 9, 10, 11]]",0.3484154663218108,-0.0,0.0,-4.512674843791948e-15,,0.0,7.491097318727158,7.491097318727158,0.3484154663218108,0.028216735512811168,3.163205720529233,"{""2"": 11, ""4"": 9, ""3"": 10}",7.491097318727158,7.4910811230748795,28.380226689544536,1e-05,True,40,development_isotonic_frozen
s0-i0,development,0,random_matched,random_balanced,2,0.01,44495be19d2e826a,"[[0, 2, 5, 6, 8, 9], [1, 3, 4, 7, 10, 11]]",0.029881352097704632,-0.2852555585597779,0.5315433023887085,-2.4611476760451218e-15,,8.0,5.522192235027711,5.522192235027711,0.029420220120888203,-0.010171950302387309,-0.2262385652636274,"{""1"": 8, ""4"": 1, ""3"": 4, ""2"": 17}",5.522192235027711,5.5221582632259185,20.789199875052297,1e-05,True,40,development_isotonic_frozen
s0-i0,development,0,random_matched,confidence,2,0.01,203b7256b8c1d37f,"[[0, 5, 6, 7, 9, 11], [1, 2, 3, 4, 8, 10]]",0.029881352097704632,-0.24263615810349892,0.5850583885508707,-1.4368181190132684e-15,,11.0,5.72217402761154,5.72217402761154,0.03043471046988435,0.0,0.0,"{""1"": 11, ""2"": 15, ""3"": 4}",5.72217402761154,5.7221317173269695,22.236855480339045,1e-05,True,40,development_isotonic_frozen
s0-i0,development,0,random_matched,entropy,2,0.01,203b7256b8c1d37f,"[[0, 5, 6, 7, 9, 11], [1, 2, 3, 4, 8, 10]]",0.029881352097704632,-0.24263615810349892,0.5850583885508707,-1.4368181190132684e-15,,11.0,5.72217402761154,5.72217402761154,0.03043471046988435,0.0,0.0,"{""1"": 11, ""2"": 15, ""3"": 4}",5.72217402761154,5.7221317173269695,22.236855480339045,1e-05,True,40,development_isotonic_frozen
s0-i0,development,0,random_matched,dependency_cmi,2,0.01,52f6b92d18555078,"[[0, 1, 2, 3, 8, 11], [4, 5, 6, 7, 9, 10]]",0.029881352097704632,-0.3186302176807116,0.4619353293084345,-1.7164891804793113e-15,,10.0,6.9067733240564575,6.9067733240564575,0.03043471046988435,0.03980142334813641,0.27845206514340953,"{""2"": 15, ""1"": 10, ""3"": 5}",6.9067733240564575,6.90668283154744,20.56510335439402,1e-05,True,40,development_isotonic_frozen
s0-i0,development,0,random_matched,min_within_batch_tc,2,0.01,f6822266f176da35,"[[1, 6, 8, 9, 10, 11], [0, 2, 3, 4, 5, 7]]",0.029881352097704632,-0.29389384206428365,0.51143557350625,-1.2097939876335963e-15,,12.0,5.84157828452728,5.84157828452728,0.03043471046988435,0.0,-0.2262385652636274,"{""1"": 12, ""3"": 3, ""2"": 15}",5.84157828452728,5.841524550002043,22.376541624164155,1e-05,True,40,development_isotonic_frozen
s0-i0,development,0,random_matched,dprm_myopic,2,0.01,c6e00da7b114342f,"[[0, 2, 3, 9, 10, 11], [1, 4, 5, 6, 7, 8]]",0.029881352097704632,-0.28836227546375315,0.515314473901061,-1.8096718541721715e-15,,11.0,8.711403929038863,8.711403929038863,0.03043471046988435,0.0,-0.2262385652636274,"{""1"": 11, ""2"": 15, ""3"": 4}",8.711403929038863,8.711253002307263,20.81752808129852,1e-05,True,40,development_isotonic_frozen
s0-i0,development,0,random_matched,dprm_rollout,2,0.01,3a33a5f662a0d357,"[[0, 2, 3, 6, 7, 9], [1, 4, 5, 8, 10, 11]]",0.029881352097704632,-0.2716707433204556,0.5361893204094459,-2.1548701832048892e-15,,14.0,7.3944972348453275,7.3944972348453275,0.02840572977189206,-0.49488044839869966,0.0,"{""1"": 14, ""2"": 11, ""4"": 2, ""3"": 3}",7.3944972348453275,7.3944581300234775,21.18610196839439,1e-05,True,40,development_isotonic_frozen
s0-i0,development,0,random_matched,subset_exact,2,0.01,f7f7f375048c5243,"[[0, 2, 3, 5, 8, 9], [1, 4, 6, 7, 10, 11]]",0.029881352097704632,-0.29495289974071787,0.5107111210024348,-2.0409704553680565e-15,,13.0,8.866778055871936,8.866778055871936,0.029420220120888203,0.14280849700675025,0.0,"{""1"": 13, ""4"": 1, ""3"": 5, ""2"": 11}",8.866778055871936,8.86672852076471,18.05316917464103,1e-05,True,40,development_isotonic_frozen
s0-i0,development,0,random_matched,subset_beam_8,2,0.01,9d72fb6228f883d8,"[[0, 1, 2, 3, 5, 8], [4, 6, 7, 9, 10, 11]]",0.029881352097704632,-0.3238313872932808,0.45655190092814896,-2.0885976372601883e-15,,10.0,7.3513017150181375,7.3513017150181375,0.03043471046988435,0.08883241276743474,0.27845206514340953,"{""2"": 16, ""1"": 10, ""3"": 4}",7.3513017150181375,7.351254802237195,16.64600962494824,1e-05,True,40,development_isotonic_frozen
s0-i0,development,0,random_matched,subset_beam_32,2,0.01,f7f7f375048c5243,"[[0, 2, 3, 5, 8, 9], [1, 4, 6, 7, 10, 11]]",0.029881352097704632,-0.29495289974071787,0.5107111210024348,-2.0409704553680565e-15,,13.0,8.866778055871936,8.866778055871936,0.029420220120888203,0.14280849700675025,0.0,"{""1"": 13, ""4"": 1, ""3"": 5, ""2"": 11}",8.866778055871936,8.86672852076471,18.05316917464103,1e-05,True,40,development_isotonic_frozen
s0-i0,development,0,random_matched,saps_diagonal,2,0.01,c9b5e6a35342e0fb,"[[0, 2, 3, 6, 8, 9], [1, 4, 5, 7, 10, 11]]",0.029881352097704632,-0.2945121223892337,0.5075048977942056,-2.3953322146502126e-15,,17.0,7.045410701927942,7.045410701927942,0.03043471046988435,0.0,0.0,"{""1"": 17, ""3"": 3, ""2"": 10}",7.045410701927942,7.045357501492817,19.414754384484386,1e-05,True,40,development_isotonic_frozen
s0-i0,development,0,random_matched,p_saps_residualized,2,0.01,500daa8cc731910a,"[[1, 2, 3, 6, 7, 11], [0, 4, 5, 8, 9, 10]]",0.029881352097704632,-0.29408831235097505,0.49276877337737385,-1.738050497518906e-15,,13.0,8.86313515180759,8.86313515180759,0.029420220120888203,0.0,-0.2262385652636274,"{""1"": 13, ""3"": 4, ""2"": 12, ""4"": 1}",8.86313515180759,8.86308064547301,22.17602201362661,1e-05,True,80,development_isotonic_frozen
s0-i0,development,0,random_matched,p_saps_projection,2,0.01,7cbf12640334f270,"[[3, 4, 5, 6, 7, 9], [0, 1, 2, 8, 10, 11]]",0.029881352097704632,-0.28044399344179477,0.5232562262428565,-1.9952619023077562e-15,,13.0,9.510363356090195,9.510363356090195,0.029420220120888203,0.0,0.0,"{""2"": 14, ""1"": 13, ""3"": 2, ""4"": 1}",9.510363356090195,9.510336185464912,22.253966700245506,1e-05,True,640,development_isotonic_frozen
s0-i0,development,0,random_matched,b_saps_budgeted,2,0.01,678864c4df9c3a0d,"[[0, 1, 2, 5, 6, 8], [3, 4, 7, 9, 10, 11]]",0.029881352097704632,-0.31413404611234086,0.4773840823144228,-2.9302762094853616e-15,,9.0,4.741692554225563,4.741692554225563,0.03043471046988435,0.0,-0.2262385652636274,"{""2"": 16, ""1"": 9, ""3"": 5}",4.741692554225563,4.741655941198097,20.717019543378843,1e-05,True,40,development_isotonic_frozen
s0-i0,development,0,random_matched,random_balanced,2,0.05,44495be19d2e826a,"[[0, 2, 5, 6, 8, 9], [1, 3, 4, 7, 10, 11]]",0.1358124486070241,-0.2852555585597779,0.5315433023887085,-2.4611476760451218e-15,,8.0,5.522192235027711,5.522192235027711,0.13490736380887813,1.0573677866868898,-0.9982902205986388,"{""1"": 8, ""4"": 1, ""3"": 4, ""2"": 17}",5.522192235027711,5.5221582632259185,20.789199875052297,1e-05,True,40,development_isotonic_frozen
s0-i0,development,0,random_matched,confidence,2,0.05,203b7256b8c1d37f,"[[0, 5, 6, 7, 9, 11], [1, 2, 3, 4, 8, 10]]",0.1358124486070241,-0.24263615810349892,0.5850583885508707,-1.4368181190132684e-15,,11.0,5.72217402761154,5.72217402761154,0.13689855036479925,0.09904036794389509,1.0452413105814178,"{""1"": 11, ""2"": 15, ""3"": 4}",5.72217402761154,5.7221317173269695,22.236855480339045,1e-05,True,40,development_isotonic_frozen
s0-i0,development,0,random_matched,entropy,2,0.05,203b7256b8c1d37f,"[[0, 5, 6, 7, 9, 11], [1, 2, 3, 4, 8, 10]]",0.1358124486070241,-0.24263615810349892,0.5850583885508707,-1.4368181190132684e-15,,11.0,5.72217402761154,5.72217402761154,0.13689855036479925,0.09904036794389509,1.0452413105814178,"{""1"": 11, ""2"": 15, ""3"": 4}",5.72217402761154,5.7221317173269695,22.236855480339045,1e-05,True,40,development_isotonic_frozen
s0-i0,development,0,random_matched,dependency_cmi,2,0.05,52f6b92d18555078,"[[0, 1, 2, 3, 8, 11], [4, 5, 6, 7, 9, 10]]",0.1358124486070241,-0.3186302176807116,0.4619353293084345,-1.7164891804793113e-15,,10.0,6.9067733240564575,6.9067733240564575,0.13689855036479925,-0.2980287988170265,-0.19811639863207464,"{""2"": 15, ""1"": 10, ""3"": 5}",6.9067733240564575,6.90668283154744,20.56510335439402,1e-05,True,40,development_isotonic_frozen
s0-i0,development,0,random_matched,min_within_batch_tc,2,0.05,f6822266f176da35,"[[1, 6, 8, 9, 10, 11], [0, 2, 3, 4, 5, 7]]",0.1358124486070241,-0.29389384206428365,0.51143557350625,-1.2097939876335963e-15,,12.0,5.84157828452728,5.84157828452728,0.13689855036479925,-0.0033624852547587836,-0.11970548690494986,"{""1"": 12, ""3"": 3, ""2"": 15}",5.84157828452728,5.841524550002043,22.376541624164155,1e-05,True,40,development_isotonic_frozen
s0-i0,development,0,random_matched,dprm_myopic,2,0.05,c6e00da7b114342f,"[[0, 2, 3, 9, 10, 11], [1, 4, 5, 6, 7, 8]]",0.1358124486070241,-0.28836227546375315,0.515314473901061,-1.8096718541721715e-15,,11.0,8.711403929038863,8.711403929038863,0.13689855036479925,-0.06778370100298658,1.0452413105814178,"{""1"": 11, ""2"": 15, ""3"": 4}",8.711403929038863,8.711253002307263,20.81752808129852,1e-05,True,40,development_isotonic_frozen
s0-i0,development,0,random_matched,dprm_rollout,2,0.05,efd7fde30c9f6741,"[[0, 2, 5, 7, 9, 10], [1, 3, 4, 6, 8, 11]]",0.1358124486070241,-0.27539359992263274,0.5468204833644204,-1.9130765831713314e-15,,13.0,6.58860450097399,6.58860450097399,0.132916177252957,0.0,-1.1261470319553117,"{""1"": 13, ""4"": 2, ""2"": 13, ""3"": 2}",6.58860450097399,6.588471962175417,18.646839499251538,1e-05,True,40,development_isotonic_frozen
s0-i0,development,0,random_matched,subset_exact,2,0.05,6279623cc06feaf9,"[[0, 3, 4, 6, 10, 11], [1, 2, 5, 7, 8, 9]]",0.1358124486070241,-0.3096955739743131,0.4733408640335794,-2.3791934357603405e-15,,10.0,5.9574019414115655,5.9574019414115655,0.13490736380887813,0.8097316196223061,0.6956504256774023,"{""1"": 10, ""3"": 7, ""2"": 12, ""4"": 1}",5.9574019414115655,5.957367432964119,23.162515063866454,1e-05,True,40,development_isotonic_frozen
s0-i0,development,0,random_matched,subset_beam_8,2,0.05,dcf4fc3547b3e105,"[[0, 1, 3, 4, 7, 8], [2, 5, 6, 9, 10, 11]]",0.1358124486070241,-0.32495110499986046,0.45111459534877324,-1.9073750296409783e-15,,9.0,8.348167999176148,8.348167999176148,0.13689855036479925,0.1572059758275337,-0.4692963718089649,"{""2"": 15, ""3"": 6, ""1"": 9}",8.348167999176148,8.348140941265688,21.347241395686456,1e-05,True,40,development_isotonic_frozen
s0-i0,development,0,random_matched,subset_beam_32,2,0.05,0b7467bc046f26a9,"[[0, 3, 5, 6, 7, 8], [1, 2, 4, 9, 10, 11]]",0.1358124486070241,-0.2827630661212988,0.5193241183792487,-2.1086812115723086e-15,,14.0,6.889939580702021,6.889939580702021,0.13689855036479925,0.0,-0.19811639863207464,"{""1"": 14, ""2"": 13, ""3"": 3}",6.889939580702021,6.889904499356026,20.48597066106275,1e-05,True,40,development_isotonic_frozen
s0-i0,development,0,random_matched,saps_diagonal,2,0.05,c9b5e6a35342e0fb,"[[0, 2, 3, 6, 8, 9], [1, 4, 5, 7, 10, 11]]",0.1358124486070241,-0.2945121223892337,0.5075048977942056,-2.3953322146502126e-15,,17.0,7.045410701927942,7.045410701927942,0.13689855036479925,-0.5447865919301323,-1.7859536925679675,"{""1"": 17, ""3"": 3, ""2"": 10}",7.045410701927942,7.045357501492817,19.414754384484386,1e-05,True,40,development_isotonic_frozen
s0-i0,development,0,random_matched,p_saps_residualized,2,0.05,500daa8cc731910a,"[[1, 2, 3, 6, 7, 11], [0, 4, 5, 8, 9, 10]]",0.1358124486070241,-0.29408831235097505,0.49276877337737385,-1.738050497518906e-15,,13.0,8.86313515180759,8.86313515180759,0.13490736380887813,0.572078084352369,-0.5477072835360897,"{""1"": 13, ""3"": 4, ""2"": 12, ""4"": 1}",8.86313515180759,8.86308064547301,22.17602201362661,1e-05,True,80,development_isotonic_frozen
s0-i0,development,0,random_matched,p_saps_projection,2,0.05,7cbf12640334f270,"[[3, 4, 5, 6, 7, 9], [0, 1, 2, 8, 10, 11]]",0.1358124486070241,-0.28044399344179477,0.5232562262428565,-1.9952619023077562e-15,,13.0,9.510363356090195,9.510363356090195,0.13490736380887813,-0.7990224533470566,3.9636646256691463,"{""2"": 14, ""1"": 13, ""3"": 2, ""4"": 1}",9.510363356090195,9.510336185464912,22.253966700245506,1e-05,True,640,development_isotonic_frozen
s0-i0,development,0,random_matched,b_saps_budgeted,2,0.05,678864c4df9c3a0d,"[[0, 1, 2, 5, 6, 8], [3, 4, 7, 9, 10, 11]]",0.1358124486070241,-0.31413404611234086,0.4773840823144228,-2.9302762094853616e-15,,9.0,4.741692554225563,4.741692554225563,0.13689855036479925,0.7084746155296676,-0.19811639863207464,"{""2"": 16, ""1"": 9, ""3"": 5}",4.741692554225563,4.741655941198097,20.717019543378843,1e-05,True,40,development_isotonic_frozen
s0-i0,development,0,random_matched,random_balanced,2,0.15,44495be19d2e826a,"[[0, 2, 5, 6, 8, 9], [1, 3, 4, 7, 10, 11]]",1.6840666234508794,-0.2852555585597779,0.5315433023887085,-2.4611476760451218e-15,,8.0,5.522192235027711,5.522192235027711,1.3640592900846509,-0.4158907084463948,3.512796605433249,"{""1"": 8, ""4"": 1, ""3"": 4, ""2"": 17}",5.522192235027711,5.5221582632259185,20.789199875052297,1e-05,True,40,development_isotonic_frozen
s0-i0,development,0,random_matched,confidence,2,0.15,203b7256b8c1d37f,"[[0, 5, 6, 7, 9, 11], [1, 2, 3, 4, 8, 10]]",1.6840666234508794,-0.24263615810349892,0.5850583885508707,-1.4368181190132684e-15,,11.0,5.72217402761154,5.72217402761154,1.610310657462289,-0.8043894661557334,3.384939794076576,"{""1"": 11, ""2"": 15, ""3"": 4}",5.72217402761154,5.7221317173269695,22.236855480339045,1e-05,True,40,development_isotonic_frozen
s0-i0,development,0,random_matched,entropy,2,0.15,203b7256b8c1d37f,"[[0, 5, 6, 7, 9, 11], [1, 2, 3, 4, 8, 10]]",1.6840666234508794,-0.24263615810349892,0.5850583885508707,-1.4368181190132684e-15,,11.0,5.72217402761154,5.72217402761154,1.610310657462289,-0.8043894661557334,3.384939794076576,"{""1"": 11, ""2"": 15, ""3"": 4}",5.72217402761154,5.7221317173269695,22.236855480339045,1e-05,True,40,development_isotonic_frozen
s0-i0,development,0,random_matched,dependency_cmi,2,0.15,52f6b92d18555078,"[[0, 1, 2, 3, 8, 11], [4, 5, 6, 7, 9, 10]]",1.6840666234508794,-0.3186302176807116,0.4619353293084345,-1.7164891804793113e-15,,10.0,6.9067733240564575,6.9067733240564575,1.507110779468421,0.7101236880251768,3.512796605433249,"{""2"": 15, ""1"": 10, ""3"": 5}",6.9067733240564575,6.90668283154744,20.56510335439402,1e-05,True,40,development_isotonic_frozen
s0-i0,development,0,random_matched,min_within_batch_tc,2,0.15,f6822266f176da35,"[[1, 6, 8, 9, 10, 11], [0, 2, 3, 4, 5, 7]]",1.6840666234508794,-0.29389384206428365,0.51143557350625,-1.2097939876335963e-15,,12.0,5.84157828452728,5.84157828452728,1.713510535456157,0.9773361782437662,1.8945608796491047,"{""1"": 12, ""3"": 3, ""2"": 15}",5.84157828452728,5.841524550002043,22.376541624164155,1e-05,True,40,development_isotonic_frozen
s0-i0,development,0,random_matched,dprm_myopic,2,0.15,c6e00da7b114342f,"[[0, 2, 3, 9, 10, 11], [1, 4, 5, 6, 7, 8]]",1.6840666234508794,-0.28836227546375315,0.515314473901061,-1.8096718541721715e-15,,11.0,8.711403929038863,8.711403929038863,1.610310657462289,0.3000446482397004,5.115755078665728,"{""1"": 11, ""2"": 15, ""3"": 4}",8.711403929038863,8.711253002307263,20.81752808129852,1e-05,True,40,development_isotonic_frozen
s0-i0,development,0,random_matched,dprm_rollout,2,0.15,3691b335f5d8eeb6,"[[0, 4, 8, 9, 10, 11], [1, 2, 3, 5, 6, 7]]",1.6840666234508794,-0.3030668084096551,0.505231150300948,-1.5173859575495333e-15,,10.0,5.59790627443339,5.59790627443339,1.4437625128644556,1.0565884370694123,0.7865440876784418,"{""1"": 10, ""2"": 13, ""3"": 7}",5.59790627443339,5.597869501353518,19.44167506898263,1e-05,True,40,development_isotonic_frozen
s0-i0,development,0,random_matched,subset_exact,2,0.15,c9b5e6a35342e0fb,"[[0, 2, 3, 6, 8, 9], [1, 4, 5, 7, 10, 11]]",1.6840666234508794,-0.2945121223892337,0.5075048977942056,-2.3953322146502126e-15,,17.0,7.045410701927942,7.045410701927942,2.0711392589155824,-0.06179340465557481,3.512796605433249,"{""1"": 17, ""3"": 3, ""2"": 10}",7.045410701927942,7.045357501492817,19.414754384484386,1e-05,True,40,development_isotonic_frozen
s0-i0,development,0,random_matched,subset_beam_8,2,0.15,e3b022b6ebdf0100,"[[0, 4, 5, 7, 8, 11], [1, 2, 3, 6, 9, 10]]",1.6840666234508794,-0.2933559608365032,0.5142166005671126,-2.4655767114970824e-15,,12.0,6.619669277782318,6.619669277782318,1.6184881355502085,3.479031367532169,3.163205720529233,"{""1"": 12, ""2"": 12, ""3"": 5, ""4"": 1}",6.619669277782318,6.619638467709818,21.740634254591086,1e-05,True,40,development_isotonic_frozen
s0-i0,development,0,random_matched,subset_beam_32,2,0.15,c9b5e6a35342e0fb,"[[0, 2, 3, 6, 8, 9], [1, 4, 5, 7, 10, 11]]",1.6840666234508794,-0.2945121223892337,0.5075048977942056,-2.3953322146502126e-15,,17.0,7.045410701927942,7.045410701927942,2.0711392589155824,-0.06179340465557481,3.512796605433249,"{""1"": 17, ""3"": 3, ""2"": 10}",7.045410701927942,7.045357501492817,19.414754384484386,1e-05,True,40,development_isotonic_frozen
s0-i0,development,0,random_matched,saps_diagonal,2,0.15,c9b5e6a35342e0fb,"[[0, 2, 3, 6, 8, 9], [1, 4, 5, 7, 10, 11]]",1.6840666234508794,-0.2945121223892337,0.5075048977942056,-2.3953322146502126e-15,,17.0,7.045410701927942,7.045410701927942,2.0711392589155824,-0.06179340465557481,3.512796605433249,"{""1"": 17, ""3"": 3, ""2"": 10}",7.045410701927942,7.045357501492817,19.414754384484386,1e-05,True,40,development_isotonic_frozen
s0-i0,development,0,random_matched,p_saps_residualized,2,0.15,500daa8cc731910a,"[[1, 2, 3, 6, 7, 11], [0, 4, 5, 8, 9, 10]]",1.6840666234508794,-0.29408831235097505,0.49276877337737385,-1.738050497518906e-15,,13.0,8.86313515180759,8.86313515180759,1.7216880135440764,-1.636341340719624,4.499756412051037,"{""1"": 13, ""3"": 4, ""2"": 12, ""4"": 1}",8.86313515180759,8.86308064547301,22.17602201362661,1e-05,True,80,development_isotonic_frozen
s0-i0,development,0,random_matched,p_saps_projection,2,0.15,7cbf12640334f270,"[[3, 4, 5, 6, 7, 9], [0, 1, 2, 8, 10, 11]]",1.6840666234508794,-0.28044399344179477,0.5232562262428565,-1.9952619023077562e-15,,13.0,9.510363356090195,9.510363356090195,1.7850362801480422,-0.5348758238289727,4.406563429742726,"{""2"": 14, ""1"": 13, ""3"": 2, ""4"": 1}",9.510363356090195,9.510336185464912,22.253966700245506,1e-05,True,640,development_isotonic_frozen
s0-i0,development,0,random_matched,b_saps_budgeted,2,0.15,c9b5e6a35342e0fb,"[[0, 2, 3, 6, 8, 9], [1, 4, 5, 7, 10, 11]]",1.6840666234508794,-0.2945121223892337,0.5075048977942056,-2.3953322146502126e-15,,17.0,7.045410701927942,7.045410701927942,2.0711392589155824,-0.06179340465557481,3.512796605433249,"{""1"": 17, ""3"": 3, ""2"": 10}",7.045410701927942,7.045357501492817,19.414754384484386,1e-05,True,40,development_isotonic_frozen
s0-i0,development,0,random_matched,random_balanced,3,0.01,4910ab05983ae9b2,"[[0, 5, 6, 9], [2, 7, 8, 10], [1, 3, 4, 11]]",0.03037937463266638,-0.5456315293559947,1.094604797711536,-1.130748274430041e-15,,21.0,7.417167889757838,7.417167889757838,0.03043471046988435,0.0,-0.2262385652636274,"{""1"": 21, ""2"": 7, ""3"": 2}",7.417167889757838,7.417100071248187,19.73668702170659,1e-05,True,40,development_isotonic_frozen
s0-i0,development,0,random_matched,confidence,3,0.01,5a84acb57d8b7bc3,"[[6, 7, 9, 11], [0, 3, 5, 10], [1, 2, 4, 8]]",0.03037937463266638,-0.505807774207128,1.1348201523214088,-1.1782854531130983e-15,,15.0,8.501514105513094,8.501514105513094,0.03043471046988435,0.0,0.0,"{""1"": 15, ""2"": 14, ""3"": 1}",8.501514105513094,8.501457640471134,19.325249106935306,1e-05,True,40,development_isotonic_frozen
s0-i0,development,0,random_matched,entropy,3,0.01,5f5c4eb58c94fa13,"[[5, 7, 9, 11], [0, 6, 8, 10], [1, 2, 3, 4]]",0.03037937463266638,-0.5109200854737007,1.1462313907580426,-1.0906947604647861e-15,,20.0,9.040347556274858,9.040347556274858,0.03043471046988435,0.0,0.0,"{""1"": 20, ""3"": 1, ""2"": 9}",9.040347556274858,9.040314912557317,20.06268298765458,1e-05,True,40,development_isotonic_frozen
s0-i0,development,0,random_matched,dependency_cmi,3,0.01,76895ed8181debef,"[[1, 2, 3, 8], [0, 5, 6, 7], [4, 9, 10, 11]]",0.03037937463266638,-0.6370489670013693,0.928103856559139,-6.837414680689379e-16,,20.0,9.548115004964963,9.548115004964963,0.03043471046988435,0.0,-0.2262385652636274,"{""1"": 20, ""3"": 1, ""2"": 9}",9.548115004964963,9.548017940912729,16.83033919489192,1e-05,True,40,development_isotonic_frozen
s0-i0,development,0,random_matched,min_within_batch_tc,3,0.01,d92812c5ad28ee63,"[[0, 1, 2, 7], [6, 8, 9, 10], [3, 4, 5, 11]]",0.03037937463266638,-0.5977517754320719,1.0033754266844344,-1.0577997254758567e-15,,16.0,5.394541935067104,5.394541935067104,0.03043471046988435,0.0,0.27845206514340953,"{""2"": 13, ""1"": 16, ""3"": 1}",5.394541935067104,5.394475749950573,23.28712349706018,1e-05,True,40,development_isotonic_frozen
s0-i0,development,0,random_matched,dprm_myopic,3,0.01,e6159c063ddef396,"[[0, 2, 3, 10], [6, 8, 9, 11], [1, 4, 5, 7]]",0.03037937463266638,-0.6071541177643662,0.9857268590167739,-7.301443520757968e-16,,21.0,9.152920552340845,9.152920552340845,0.03043471046988435,0.0,0.0,"{""1"": 21, ""3"": 1, ""2"": 8}",9.152920552340845,9.152777522975619,18.975976475849855,1e-05,True,40,development_isotonic_frozen
s0-i0,development,0,random_matched,dprm_rollout,3,0.01,4865576cef3c3b5b,"[[0, 2, 7, 9], [1, 3, 4, 6], [5, 8, 10, 11]]",0.03037937463266638,-0.5762729616900171,1.0282075223829192,-1.4027262896935061e-15,,22.0,5.108812052941869,5.108812052941869,0.03043471046988435,-0.00988636752874078,0.0,"{""1"": 22, ""2"": 7, ""3"": 1}",5.108812052941869,5.108774819382485,21.85687330830358,1e-05,True,40,development_isotonic_frozen
s0-i0,development,0,random_matched,subset_exact,3,0.01,b66fdf5a7382ffaf,"[[0, 3, 8, 10], [6, 7, 9, 11], [1, 2, 4, 5]]",0.03037937463266638,-0.5830152306348132,1.0216389732330897,-1.0724889629836494e-15,,20.0,7.876774855582102,7.876774855582102,0.03043471046988435,0.0,0.0,"{""1"": 20, ""2"": 9, ""3"": 1}",7.876774855582102,7.876712164652181,19.110065305906726,1e-05,True,40,development_isotonic_frozen
s0-i0,development,0,random_matched,subset_beam_8,3,0.01,6a3e55be136b0e2c,"[[0, 1, 2, 3], [6, 7, 9, 11], [4, 5, 8, 10]]",0.03037937463266638,-0.5935102739779552,0.980277866840428,-1.0241613914278763e-15,,16.0,5.8685021650219635,5.8685021650219635,0.029420220120888203,0.0,-0.2262385652636274,"{""2"": 12, ""1"": 16, ""4"": 1, ""3"": 1}",5.8685021650219635,5.868450558379749,23.810131958519847,1e-05,True,40,development_isotonic_frozen
s0-i0,development,0,random_matched,subset_beam_32,3,0.01,b66fdf5a7382ffaf,"[[0, 3, 8, 10], [6, 7, 9, 11], [1, 2, 4, 5]]",0.03037937463266638,-0.5830152306348132,1.0216389732330897,-1.0724889629836494e-15,,20.0,7.876774855582102,7.876774855582102,0.03043471046988435,0.0,0.0,"{""1"": 20, ""2"": 9, ""3"": 1}",7.876774855582102,7.876712164652181,19.110065305906726,1e-05,True,40,development_isotonic_frozen
s0-i0,development,0,random_matched,saps_diagonal,3,0.01,9e354b2d944733bf,"[[0, 3, 5, 6], [7, 8, 9, 10], [1, 2, 4, 11]]",0.03037937463266638,-0.5613088820712052,1.0454961758584311,-1.4827177675119605e-15,,26.0,6.4195431635741995,6.4195431635741995,0.03043471046988435,0.4407935122543082,-0.2262385652636274,"{""1"": 26, ""3"": 1, ""2"": 3}",6.4195431635741995,6.419493894950024,14.587822567666214,1e-05,True,40,development_isotonic_frozen
s0-i0,development,0,random_matched,p_saps_residualized,3,0.01,8b2b23e9071e1fb1,"[[0, 2, 4, 7], [3, 5, 10, 11], [1, 6, 8, 9]]",0.03037937463266638,-0.615005806255955,0.9751702117106035,-1.1828406885114285e-15,,21.0,3.129012352756778,3.129012352756778,0.03043471046988435,0.0,0.0,"{""1"": 21, ""3"": 2, ""2"": 7}",3.129012352756778,3.128980638441573,18.99818399611279,1e-05,True,80,development_isotonic_frozen
s0-i0,development,0,random_matched,p_saps_projection,3,0.01,76895ed8181debef,"[[1, 2, 3, 8], [0, 5, 6, 7], [4, 9, 10, 11]]",0.03037937463266638,-0.6370489670013693,0.928103856559139,-6.837414680689379e-16,,20.0,9.548115004964963,9.548115004964963,0.03043471046988435,0.0,-0.2262385652636274,"{""1"": 20, ""3"": 1, ""2"": 9}",9.548115004964963,9.548017940912729,16.83033919489192,1e-05,True,640,development_isotonic_frozen
s0-i0,development,0,random_matched,b_saps_budgeted,3,0.01,4910ab05983ae9b2,"[[0, 5, 6, 9], [2, 7, 8, 10], [1, 3, 4, 11]]",0.03037937463266638,-0.5456315293559947,1.094604797711536,-1.130748274430041e-15,,21.0,7.417167889757838,7.417167889757838,0.03043471046988435,0.0,-0.2262385652636274,"{""1"": 21, ""2"": 7, ""3"": 2}",7.417167889757838,7.417100071248187,19.73668702170659,1e-05,True,40,development_isotonic_frozen
s0-i0,development,0,random_matched,random_balanced,3,0.05,4910ab05983ae9b2,"[[0, 5, 6, 9], [2, 7, 8, 10], [1, 3, 4, 11]]",0.13678994018902174,-0.5456315293559947,1.094604797711536,-1.130748274430041e-15,,21.0,7.417167889757838,7.417167889757838,0.13689855036479925,0.002700794695282848,-2.4428043527143135,"{""1"": 21, ""2"": 7, ""3"": 2}",7.417167889757838,7.417100071248187,19.73668702170659,1e-05,True,40,development_isotonic_frozen
s0-i0,development,0,random_matched,confidence,3,0.05,5a84acb57d8b7bc3,"[[6, 7, 9, 11], [0, 3, 5, 10], [1, 2, 4, 8]]",0.13678994018902174,-0.505807774207128,1.1348201523214088,-1.1782854531130983e-15,,15.0,8.501514105513094,8.501514105513094,0.13689855036479925,-0.17226990913768592,4.042075537396271,"{""1"": 15, ""2"": 14, ""3"": 1}",8.501514105513094,8.501457640471134,19.325249106935306,1e-05,True,40,development_isotonic_frozen
s0-i0,development,0,random_matched,entropy,3,0.05,5f5c4eb58c94fa13,"[[5, 7, 9, 11], [0, 6, 8, 10], [1, 2, 3, 4]]",0.13678994018902174,-0.5109200854737007,1.1462313907580426,-1.0906947604647861e-15,,20.0,9.040347556274858,9.040347556274858,0.13689855036479925,0.0,2.7203069164556544,"{""1"": 20, ""3"": 1, ""2"": 9}",9.040347556274858,9.040314912557317,20.06268298765458,1e-05,True,40,development_isotonic_frozen
s0-i0,development,0,random_matched,dependency_cmi,3,0.05,76895ed8181debef,"[[1, 2, 3, 8], [0, 5, 6, 7], [4, 9, 10, 11]]",0.13678994018902174,-0.6370489670013693,0.928103856559139,-6.837414680689379e-16,,20.0,9.548115004964963,9.548115004964963,0.13689855036479925,0.0,-0.19811639863207464,"{""1"": 20, ""3"": 1, ""2"": 9}",9.548115004964963,9.548017940912729,16.83033919489192,1e-05,True,40,development_isotonic_frozen
s0-i0,development,0,random_matched,min_within_batch_tc,3,0.05,d92812c5ad28ee63,"[[0, 1, 2, 7], [6, 8, 9, 10], [3, 4, 5, 11]]",0.13678994018902174,-0.5977517754320719,1.0033754266844344,-1.0577997254758567e-15,,16.0,5.394541935067104,5.394541935067104,0.13689855036479925,0.10011187837374641,-1.8643646042950914,"{""2"": 13, ""1"": 16, ""3"": 1}",5.394541935067104,5.394475749950573,23.28712349706018,1e-05,True,40,development_isotonic_frozen
s0-i0,development,0,random_matched,dprm_myopic,3,0.05,e6159c063ddef396,"[[0, 2, 3, 10], [6, 8, 9, 11], [1, 4, 5, 7]]",0.13678994018902174,-0.6071541177643662,0.9857268590167739,-7.301443520757968e-16,,21.0,9.152920552340845,9.152920552340845,0.13689855036479925,-0.00023505009694228633,-0.6981452353241719,"{""1"": 21, ""3"": 1, ""2"": 8}",9.152920552340845,9.152777522975619,18.975976475849855,1e-05,True,40,development_isotonic_frozen
s0-i0,development,0,random_matched,dprm_rollout,3,0.05,c9809e4986ab04a6,"[[0, 2, 7, 9], [1, 3, 5, 6], [4, 8, 10, 11]]",0.13678994018902174,-0.5516631108842719,1.0659430963780732,-1.1409890648603941e-15,,20.0,5.865294532894853,5.865294532894853,0.13689855036479925,0.0,-0.6486993356946238,"{""1"": 20, ""2"": 7, ""3"": 3}",5.865294532894853,5.865264522766636,18.808332486117006,1e-05,True,40,development_isotonic_frozen
s0-i0,development,0,random_matched,subset_exact,3,0.05,e694100fc46242c4,"[[0, 3, 5, 6], [7, 9, 10, 11], [1, 2, 4, 8]]",0.13678994018902174,-0.5421796147140917,1.0667129936048152,-1.2721585701159243e-15,,20.0,7.1212621861151915,7.1212621861151915,0.13689855036479925,0.0,-0.6486993356946238,"{""1"": 20, ""2"": 9, ""3"": 1}",7.1212621861151915,7.121208308430246,19.788354606799032,1e-05,True,40,development_isotonic_frozen
s0-i0,development,0,random_matched,subset_beam_8,3,0.05,46a23ce5023d7781,"[[0, 3, 6, 10], [5, 7, 9, 11], [1, 2, 4, 8]]",0.13678994018902174,-0.5547182577942406,1.0500995287570574,-1.3738662003059146e-15,,15.0,8.745150807596616,8.745150807596616,0.13689855036479925,-0.26216698619038675,0.673069285245993,"{""1"": 15, ""2"": 13, ""3"": 2}",8.745150807596616,8.745094609984015,19.767886446574405,1e-05,True,40,development_isotonic_frozen
s0-i0,development,0,random_matched,subset_beam_32,3,0.05,e694100fc46242c4,"[[0, 3, 5, 6], [7, 9, 10, 11], [1, 2, 4, 8]]",0.13678994018902174,-0.5421796147140917,1.0667129936048152,-1.2721585701159243e-15,,20.0,7.1212621861151915,7.1212621861151915,0.13689855036479925,0.0,-0.6486993356946238,"{""1"": 20, ""2"": 9, ""3"": 1}",7.1212621861151915,7.121208308430246,19.788354606799032,1e-05,True,40,development_isotonic_frozen
s0-i0,development,0,random_matched,saps_diagonal,3,0.05,9e354b2d944733bf,"[[0, 3, 5, 6], [7, 8, 9, 10], [1, 2, 4, 11]]",0.13678994018902174,-0.5613088820712052,1.0454961758584311,-1.4827177675119605e-15,,26.0,6.4195431635741995,6.4195431635741995,0.13689855036479925,0.21056426513752124,0.5946583735188682,"{""1"": 26, ""3"": 1, ""2"": 3}",6.4195431635741995,6.419493894950024,14.587822567666214,1e-05,True,40,development_isotonic_frozen
s0-i0,development,0,random_matched,p_saps_residualized,3,0.05,8b2b23e9071e1fb1,"[[0, 2, 4, 7], [3, 5, 10, 11], [1, 6, 8, 9]]",0.13678994018902174,-0.615005806255955,0.9751702117106035,-1.1828406885114285e-15,,21.0,3.129012352756778,3.129012352756778,0.13689855036479925,-0.7480412674783417,1.2465706651025386,"{""1"": 21, ""3"": 2, ""2"": 7}",3.129012352756778,3.128980638441573,18.99818399611279,1e-05,True,80,development_isotonic_frozen
s0-i0,development,0,random_matched,p_saps_projection,3,0.05,76895ed8181debef,"[[1, 2, 3, 8], [0, 5, 6, 7], [4, 9, 10, 11]]",0.13678994018902174,-0.6370489670013693,0.928103856559139,-6.837414680689379e-16,,20.0,9.548115004964963,9.548115004964963,0.13689855036479925,0.0,-0.19811639863207464,"{""1"": 20, ""3"": 1, ""2"": 9}",9.548115004964963,9.548017940912729,16.83033919489192,1e-05,True,640,development_isotonic_frozen
s0-i0,development,0,random_matched,b_saps_budgeted,3,0.05,4910ab05983ae9b2,"[[0, 5, 6, 9], [2, 7, 8, 10], [1, 3, 4, 11]]",0.13678994018902174,-0.5456315293559947,1.094604797711536,-1.130748274430041e-15,,21.0,7.417167889757838,7.417167889757838,0.13689855036479925,0.002700794695282848,-2.4428043527143135,"{""1"": 21, ""2"": 7, ""3"": 2}",7.417167889757838,7.417100071248187,19.73668702170659,1e-05,True,40,development_isotonic_frozen
s0-i0,development,0,random_matched,random_balanced,3,0.15,4910ab05983ae9b2,"[[0, 5, 6, 9], [2, 7, 8, 10], [1, 3, 4, 11]]",2.230054086118797,-0.5456315293559947,1.094604797711536,-1.130748274430041e-15,,21.0,7.417167889757838,7.417167889757838,2.388916370985106,0.3600924081167586,1.519310175202081,"{""1"": 21, ""2"": 7, ""3"": 2}",7.417167889757838,7.417100071248187,19.73668702170659,1e-05,True,40,development_isotonic_frozen
s0-i0,development,0,random_matched,confidence,3,0.15,5a84acb57d8b7bc3,"[[6, 7, 9, 11], [0, 3, 5, 10], [1, 2, 4, 8]]",2.230054086118797,-0.505807774207128,1.1348201523214088,-1.1782854531130983e-15,,15.0,8.501514105513094,8.501514105513094,1.991436036135778,-0.13683956205774422,5.743114121264529,"{""1"": 15, ""2"": 14, ""3"": 1}",8.501514105513094,8.501457640471134,19.325249106935306,1e-05,True,40,development_isotonic_frozen
s0-i0,development,0,random_matched,entropy,3,0.15,5f5c4eb58c94fa13,"[[5, 7, 9, 11], [0, 6, 8, 10], [1, 2, 3, 4]]",2.230054086118797,-0.5109200854737007,1.1462313907580426,-1.0906947604647861e-15,,20.0,9.040347556274858,9.040347556274858,2.3490647595952034,0.7091057722298144,1.345755528535386,"{""1"": 20, ""3"": 1, ""2"": 9}",9.040347556274858,9.040314912557317,20.06268298765458,1e-05,True,40,development_isotonic_frozen
s0-i0,development,0,random_matched,dependency_cmi,3,0.15,76895ed8181debef,"[[1, 2, 3, 8], [0, 5, 6, 7], [4, 9, 10, 11]]",2.230054086118797,-0.6370489670013693,0.928103856559139,-6.837414680689379e-16,,20.0,9.548115004964963,9.548115004964963,2.3490647595952034,-0.017657769620746666,4.499756412051037,"{""1"": 20, ""3"": 1, ""2"": 9}",9.548115004964963,9.548017940912729,16.83033919489192,1e-05,True,40,development_isotonic_frozen
s0-i0,development,0,random_matched,min_within_batch_tc,3,0.15,d92812c5ad28ee63,"[[0, 1, 2, 7], [6, 8, 9, 10], [3, 4, 5, 11]]",2.230054086118797,-0.5977517754320719,1.0033754266844344,-1.0577997254758567e-15,,16.0,5.394541935067104,5.394541935067104,2.062961780827663,0.5028287429142118,2.7940602722323327,"{""2"": 13, ""1"": 16, ""3"": 1}",5.394541935067104,5.394475749950573,23.28712349706018,1e-05,True,40,development_isotonic_frozen
s0-i0,development,0,random_matched,dprm_myopic,3,0.15,e6159c063ddef396,"[[0, 2, 3, 10], [6, 8, 9, 11], [1, 4, 5, 7]]",2.230054086118797,-0.6071541177643662,0.9857268590167739,-7.301443520757968e-16,,21.0,9.152920552340845,9.152920552340845,2.4205905042870888,0.49724923913917635,3.7445405580955633,"{""1"": 21, ""3"": 1, ""2"": 8}",9.152920552340845,9.152777522975619,18.975976475849855,1e-05,True,40,development_isotonic_frozen
s0-i0,development,0,random_matched,dprm_rollout,3,0.15,69743c9f0b12ab25,"[[0, 1, 2, 10], [4, 7, 9, 11], [3, 5, 6, 8]]",2.230054086118797,-0.6251250606365705,0.960598395546994,-1.8365241131699766e-15,,18.0,5.282055900691184,5.282055900691184,2.1743391369094502,0.01875437358525794,4.766164193761713,"{""2"": 10, ""1"": 18, ""3"": 2}",5.282055900691184,5.2820010073654995,25.401655532213404,1e-05,True,40,development_isotonic_frozen
s0-i0,development,0,random_matched,subset_exact,3,0.15,9c1fb91b23366899,"[[0, 6, 7, 11], [3, 5, 9, 10], [1, 2, 4, 8]]",2.230054086118797,-0.5188085999478329,1.1089858598287456,-9.86010058920913e-16,,16.0,8.142463323076623,8.142463323076623,1.9996135142236975,-0.23255217153141094,2.1509587822448086,"{""1"": 16, ""2"": 11, ""3"": 3}",8.142463323076623,8.142398207814523,19.164125807672484,1e-05,True,40,development_isotonic_frozen
s0-i0,development,0,random_matched,subset_beam_8,3,0.15,9c1fb91b23366899,"[[0, 6, 7, 11], [3, 5, 9, 10], [1, 2, 4, 8]]",2.230054086118797,-0.5188085999478329,1.1089858598287456,-9.86010058920913e-16,,16.0,8.142463323076623,8.142463323076623,1.9996135142236975,-0.23255217153141094,2.1509587822448086,"{""1"": 16, ""2"": 11, ""3"": 3}",8.142463323076623,8.142398207814523,19.164125807672484,1e-05,True,40,development_isotonic_frozen
s0-i0,development,0,random_matched,subset_beam_32,3,0.15,9c1fb91b23366899,"[[0, 6, 7, 11], [3, 5, 9, 10], [1, 2, 4, 8]]",2.230054086118797,-0.5188085999478329,1.1089858598287456,-9.86010058920913e-16,,16.0,8.142463323076623,8.142463323076623,1.9996135142236975,-0.23255217153141094,2.1509587822448086,"{""1"": 16, ""2"": 11, ""3"": 3}",8.142463323076623,8.142398207814523,19.164125807672484,1e-05,True,40,development_isotonic_frozen
s0-i0,development,0,random_matched,saps_diagonal,3,0.15,9e354b2d944733bf,"[[0, 3, 5, 6], [7, 8, 9, 10], [1, 2, 4, 11]]",2.230054086118797,-0.5613088820712052,1.0454961758584311,-1.4827177675119605e-15,,26.0,6.4195431635741995,6.4195431635741995,2.778219227746514,0.1825291972628304,4.406563429742726,"{""1"": 26, ""3"": 1, ""2"": 3}",6.4195431635741995,6.419493894950024,14.587822567666214,1e-05,True,40,development_isotonic_frozen
s0-i0,development,0,random_matched,p_saps_residualized,3,0.15,8b2b23e9071e1fb1,"[[0, 2, 4, 7], [3, 5, 10, 11], [1, 6, 8, 9]]",2.230054086118797,-0.615005806255955,0.9751702117106035,-1.1828406885114285e-15,,21.0,3.129012352756778,3.129012352756778,2.388916370985106,-0.5797732411902041,4.406563429742726,"{""1"": 21, ""3"": 2, ""2"": 7}",3.129012352756778,3.128980638441573,18.99818399611279,1e-05,True,80,development_isotonic_frozen
s0-i0,development,0,random_matched,p_saps_projection,3,0.15,76895ed8181debef,"[[1, 2, 3, 8], [0, 5, 6, 7], [4, 9, 10, 11]]",2.230054086118797,-0.6370489670013693,0.928103856559139,-6.837414680689379e-16,,20.0,9.548115004964963,9.548115004964963,2.3490647595952034,-0.017657769620746666,4.499756412051037,"{""1"": 20, ""3"": 1, ""2"": 9}",9.548115004964963,9.548017940912729,16.83033919489192,1e-05,True,640,development_isotonic_frozen
s0-i0,development,0,random_matched,b_saps_budgeted,3,0.15,9e354b2d944733bf,"[[0, 3, 5, 6], [7, 8, 9, 10], [1, 2, 4, 11]]",2.230054086118797,-0.5613088820712052,1.0454961758584311,-1.4827177675119605e-15,,26.0,6.4195431635741995,6.4195431635741995,2.778219227746514,0.1825291972628304,4.406563429742726,"{""1"": 26, ""3"": 1, ""2"": 3}",6.4195431635741995,6.419493894950024,14.587822567666214,1e-05,True,40,development_isotonic_frozen
s0-i0,development,0,random_matched,random_balanced,4,0.01,be8899ffd4c3225c,"[[0, 6, 9], [2, 5, 8], [3, 7, 10], [1, 4, 11]]",0.03043471046988435,-0.8401436517452286,1.6021096955057414,-1.1058506811324462e-15,,17.0,5.707452387714615,5.707452387714615,0.03043471046988435,0.0,-0.2262385652636274,"{""1"": 17, ""2"": 12, ""3"": 1}",5.707452387714615,5.707409155328579,14.529802935798243,1e-05,True,40,development_isotonic_frozen
s0-i0,development,0,random_matched,confidence,4,0.01,dd6ae6b7fa9b4b56,"[[7, 9, 11], [0, 5, 6], [3, 8, 10], [1, 2, 4]]",0.03043471046988435,-0.7628128074066555,1.70725137471441,-8.344508647506837e-16,,25.0,11.066622147075014,11.066622147075014,0.03043471046988435,0.0,0.0,"{""1"": 25, ""3"": 1, ""2"": 4}",11.066622147075014,11.06655007110771,16.025627955224756,1e-05,True,40,development_isotonic_frozen
s0-i0,development,0,random_matched,entropy,4,0.01,d389f501ff751b28,"[[7, 9, 11], [0, 5, 6], [2, 8, 10], [1, 3, 4]]",0.03043471046988435,-0.7681330953521314,1.7118425441422769,-7.494600780672546e-16,,23.0,8.215768310517102,8.215768310517102,0.03043471046988435,-0.07227577231876803,-0.2262385652636274,"{""1"": 23, ""2"": 7}",8.215768310517102,8.215680713819868,14.778046561695513,1e-05,True,40,development_isotonic_frozen
s0-i0,development,0,random_matched,dependency_cmi,4,0.01,7963b6e4e80398b6,"[[1, 2, 3], [0, 6, 7], [5, 9, 10], [4, 8, 11]]",0.03043471046988435,-0.9105395686342174,1.4456663186094731,-3.158479862407331e-16,,21.0,5.988336409492453,5.988336409492453,0.03043471046988435,-0.03202793467534408,-0.2262385652636274,"{""1"": 21, ""2"": 8, ""3"": 1}",5.988336409492453,5.988232910480729,18.062910910208174,1e-05,True,40,development_isotonic_frozen
s0-i0,development,0,random_matched,min_within_batch_tc,4,0.01,7ad1b4b369d9d676,"[[0, 1, 2], [6, 8, 9], [4, 5, 10], [3, 7, 11]]",0.03043471046988435,-0.942581158167395,1.4378009163361545,-8.790385912933671e-16,,19.0,7.1359704433413205,7.1359704433413205,0.03043471046988435,0.0,-0.2262385652636274,"{""2"": 9, ""1"": 19, ""3"": 2}",7.1359704433413205,7.135856283010757,15.671432017956489,1e-05,True,40,development_isotonic_frozen
s0-i0,development,0,random_matched,dprm_myopic,4,0.01,e34c1823b64f2594,"[[2, 3, 10], [0, 9, 11], [6, 7, 8], [1, 4, 5]]",0.03043471046988435,-0.8853433629944115,1.5192476108289055,-4.989583356147944e-16,,23.0,6.8223932775593505,6.8223932775593505,0.03043471046988435,-0.5685010588489721,0.0,"{""1"": 23, ""2"": 7}",6.8223932775593505,6.822251323560914,18.043882400429066,1e-05,True,40,development_isotonic_frozen
s0-i0,development,0,random_matched,dprm_rollout,4,0.01,be4c143d5ce7af7a,"[[2, 9, 10], [0, 3, 8], [5, 7, 11], [1, 4, 6]]",0.03043471046988435,-0.8839157670423226,1.5457544687159883,-9.869434891640175e-16,,25.0,4.800241108353468,4.800241108353468,0.03043471046988435,0.0,0.0,"{""1"": 25, ""2"": 5}",4.800241108353468,4.800150298266949,14.55987642511361,1e-05,True,40,development_isotonic_frozen
s0-i0,development,0,random_matched,subset_exact,4,0.01,35294668c9eb65d6,"[[0, 1, 3], [7, 9, 11], [5, 6, 8], [2, 4, 10]]",0.03043471046988435,-0.8477555781784071,1.533884982728648,-9.021341993749308e-16,,20.0,5.741421865810446,5.741421865810446,0.03043471046988435,0.0,-0.2262385652636274,"{""2"": 9, ""1"": 20, ""3"": 1}",5.741421865810446,5.741383209157137,16.846215566944135,1e-05,True,40,development_isotonic_frozen
s0-i0,development,0,random_matched,subset_beam_8,4,0.01,35294668c9eb65d6,"[[0, 1, 3], [7, 9, 11], [5, 6, 8], [2, 4, 10]]",0.03043471046988435,-0.8477555781784071,1.533884982728648,-9.021341993749308e-16,,20.0,5.741421865810446,5.741421865810446,0.03043471046988435,0.0,-0.2262385652636274,"{""2"": 9, ""1"": 20, ""3"": 1}",5.741421865810446,5.741383209157137,16.846215566944135,1e-05,True,40,development_isotonic_frozen
s0-i0,development,0,random_matched,subset_beam_32,4,0.01,35294668c9eb65d6,"[[0, 1, 3], [7, 9, 11], [5, 6, 8], [2, 4, 10]]",0.03043471046988435,-0.8477555781784071,1.533884982728648,-9.021341993749308e-16,,20.0,5.741421865810446,5.741421865810446,0.03043471046988435,0.0,-0.2262385652636274,"{""2"": 9, ""1"": 20, ""3"": 1}",5.741421865810446,5.741383209157137,16.846215566944135,1e-05,True,40,development_isotonic_frozen
s0-i0,development,0,random_matched,saps_diagonal,4,0.01,28267aeb3b75add3,"[[0, 2, 6], [3, 8, 9], [4, 5, 7], [1, 10, 11]]",0.03043471046988435,-0.8877893519064431,1.5170228987664716,-8.062141493383719e-16,,29.0,4.684764010231001,4.684764010231001,0.03043471046988435,0.0,0.0,"{""1"": 29, ""2"": 1}",4.684764010231001,4.684720650732143,14.777894668746159,1e-05,True,40,development_isotonic_frozen
s0-i0,development,0,random_matched,p_saps_residualized,4,0.01,7dea4229b995b19d,"[[1, 7, 9], [0, 3, 11], [4, 5, 10], [2, 6, 8]]",0.03043471046988435,-0.8402460807768463,1.5612992867963722,-9.49249229950558e-16,,21.0,6.8796076340606716,6.8796076340606716,0.03043471046988435,0.0,-0.2262385652636274,"{""1"": 21, ""2"": 8, ""3"": 1}",6.8796076340606716,6.879554584111209,16.731104895941396,1e-05,True,80,development_isotonic_frozen
s0-i0,development,0,random_matched,p_saps_projection,4,0.01,dd6ae6b7fa9b4b56,"[[7, 9, 11], [0, 5, 6], [3, 8, 10], [1, 2, 4]]",0.03043471046988435,-0.7628128074066555,1.70725137471441,-8.344508647506837e-16,,25.0,11.066622147075014,11.066622147075014,0.03043471046988435,0.0,0.0,"{""1"": 25, ""3"": 1, ""2"": 4}",11.066622147075014,11.06655007110771,16.025627955224756,1e-05,True,640,development_isotonic_frozen
s0-i0,development,0,random_matched,b_saps_budgeted,4,0.01,be8899ffd4c3225c,"[[0, 6, 9], [2, 5, 8], [3, 7, 10], [1, 4, 11]]",0.03043471046988435,-0.8401436517452286,1.6021096955057414,-1.1058506811324462e-15,,17.0,5.707452387714615,5.707452387714615,0.03043471046988435,0.0,-0.2262385652636274,"{""1"": 17, ""2"": 12, ""3"": 1}",5.707452387714615,5.707409155328579,14.529802935798243,1e-05,True,40,development_isotonic_frozen
s0-i0,development,0,random_matched,random_balanced,4,0.05,be8899ffd4c3225c,"[[0, 6, 9], [2, 5, 8], [3, 7, 10], [1, 4, 11]]",0.13689855036479925,-0.8401436517452286,1.6021096955057414,-1.1058506811324462e-15,,17.0,5.707452387714615,5.707452387714615,0.13689855036479925,0.11986673631928521,0.5946583735188682,"{""1"": 17, ""2"": 12, ""3"": 1}",5.707452387714615,5.707409155328579,14.529802935798243,1e-05,True,40,development_isotonic_frozen
s0-i0,development,0,random_matched,confidence,4,0.05,dd6ae6b7fa9b4b56,"[[7, 9, 11], [0, 5, 6], [3, 8, 10], [1, 2, 4]]",0.13689855036479925,-0.7628128074066555,1.70725137471441,-8.344508647506837e-16,,25.0,11.066622147075014,11.066622147075014,0.13689855036479925,0.13786317960797861,5.969090316161891,"{""1"": 25, ""3"": 1, ""2"": 4}",11.066622147075014,11.06655007110771,16.025627955224756,1e-05,True,40,development_isotonic_frozen
s0-i0,development,0,random_matched,entropy,4,0.05,d389f501ff751b28,"[[7, 9, 11], [0, 5, 6], [2, 8, 10], [1, 3, 4]]",0.13689855036479925,-0.7681330953521314,1.7118425441422769,-7.494600780672546e-16,,23.0,8.215768310517102,8.215768310517102,0.13689855036479925,0.0,5.109579666311406,"{""1"": 23, ""2"": 7}",8.215768310517102,8.215680713819868,14.778046561695513,1e-05,True,40,development_isotonic_frozen
s0-i0,development,0,random_matched,dependency_cmi,4,0.05,7963b6e4e80398b6,"[[1, 2, 3], [0, 6, 7], [5, 9, 10], [4, 8, 11]]",0.13689855036479925,-0.9105395686342174,1.4456663186094731,-3.158479862407331e-16,,21.0,5.988336409492453,5.988336409492453,0.13689855036479925,-0.42483582410690984,4.313255510573162,"{""1"": 21, ""2"": 8, ""3"": 1}",5.988336409492453,5.988232910480729,18.062910910208174,1e-05,True,40,development_isotonic_frozen
s0-i0,development,0,random_matched,min_within_batch_tc,4,0.05,7ad1b4b369d9d676,"[[0, 1, 2], [6, 8, 9], [4, 5, 10], [3, 7, 11]]",0.13689855036479925,-0.942581158167395,1.4378009163361545,-8.790385912933671e-16,,19.0,7.1359704433413205,7.1359704433413205,0.13689855036479925,-0.0016909233337469385,0.6956504256774023,"{""2"": 9, ""1"": 19, ""3"": 2}",7.1359704433413205,7.135856283010757,15.671432017956489,1e-05,True,40,development_isotonic_frozen
s0-i0,development,0,random_matched,dprm_myopic,4,0.05,e34c1823b64f2594,"[[2, 3, 10], [0, 9, 11], [6, 7, 8], [1, 4, 5]]",0.13689855036479925,-0.8853433629944115,1.5192476108289055,-4.989583356147944e-16,,23.0,6.8223932775593505,6.8223932775593505,0.13689855036479925,0.16074017553403308,2.6244261644787343,"{""1"": 23, ""2"": 7}",6.8223932775593505,6.822251323560914,18.043882400429066,1e-05,True,40,development_isotonic_frozen
s0-i0,development,0,random_matched,dprm_rollout,4,0.05,8538e5e8f611b5be,"[[2, 4, 10], [6, 9, 11], [0, 7, 8], [1, 3, 5]]",0.13689855036479925,-0.9297026976623209,1.4803051240806522,-5.550030027187411e-16,,23.0,11.03467522600252,11.03467522600252,0.13689855036479925,0.029847813975802218,4.042075537396271,"{""1"": 23, ""2"": 7}",11.03467522600252,11.034506914733837,19.652892943615626,1e-05,True,40,development_isotonic_frozen
s0-i0,development,0,random_matched,subset_exact,4,0.05,5d38e5b3a86c2460,"[[0, 3, 7], [5, 9, 11], [6, 8, 10], [1, 2, 4]]",0.13689855036479925,-0.7999687077703252,1.6311630678606848,-5.335340893685922e-16,,23.0,6.981491611219572,6.981491611219572,0.13689855036479925,0.6839824366230669,-0.6210068950815995,"{""1"": 23, ""3"": 1, ""2"": 6}",6.981491611219572,6.981423199231456,16.88015316418981,1e-05,True,40,development_isotonic_frozen
s0-i0,development,0,random_matched,subset_beam_8,4,0.05,5d38e5b3a86c2460,"[[0, 3, 7], [5, 9, 11], [6, 8, 10], [1, 2, 4]]",0.13689855036479925,-0.7999687077703252,1.6311630678606848,-5.335340893685922e-16,,23.0,6.981491611219572,6.981491611219572,0.13689855036479925,0.6839824366230669,-0.6210068950815995,"{""1"": 23, ""3"": 1, ""2"": 6}",6.981491611219572,6.981423199231456,16.88015316418981,1e-05,True,40,development_isotonic_frozen
s0-i0,development,0,random_matched,subset_beam_32,4,0.05,5d38e5b3a86c2460,"[[0, 3, 7], [5, 9, 11], [6, 8, 10], [1, 2, 4]]",0.13689855036479925,-0.7999687077703252,1.6311630678606848,-5.335340893685922e-16,,23.0,6.981491611219572,6.981491611219572,0.13689855036479925,0.6839824366230669,-0.6210068950815995,"{""1"": 23, ""3"": 1, ""2"": 6}",6.981491611219572,6.981423199231456,16.88015316418981,1e-05,True,40,development_isotonic_frozen
s0-i0,development,0,random_matched,saps_diagonal,4,0.05,28267aeb3b75add3,"[[0, 2, 6], [3, 8, 9], [4, 5, 7], [1, 10, 11]]",0.13689855036479925,-0.8877893519064431,1.5170228987664716,-8.062141493383719e-16,,29.0,4.684764010231001,4.684764010231001,0.13689855036479925,-0.039801423348136244,1.0452413105814178,"{""1"": 29, ""2"": 1}",4.684764010231001,4.684720650732143,14.777894668746159,1e-05,True,40,development_isotonic_frozen
s0-i0,development,0,random_matched,p_saps_residualized,4,0.05,7dea4229b995b19d,"[[1, 7, 9], [0, 3, 11], [4, 5, 10], [2, 6, 8]]",0.13689855036479925,-0.8402460807768463,1.5612992867963722,-9.49249229950558e-16,,21.0,6.8796076340606716,6.8796076340606716,0.13689855036479925,-0.6545550537118519,5.32251780485538,"{""1"": 21, ""2"": 8, ""3"": 1}",6.8796076340606716,6.879554584111209,16.731104895941396,1e-05,True,80,development_isotonic_frozen
s0-i0,development,0,random_matched,p_saps_projection,4,0.05,dd6ae6b7fa9b4b56,"[[7, 9, 11], [0, 5, 6], [3, 8, 10], [1, 2, 4]]",0.13689855036479925,-0.7628128074066555,1.70725137471441,-8.344508647506837e-16,,25.0,11.066622147075014,11.066622147075014,0.13689855036479925,0.13786317960797861,5.969090316161891,"{""1"": 25, ""3"": 1, ""2"": 4}",11.066622147075014,11.06655007110771,16.025627955224756,1e-05,True,640,development_isotonic_frozen
s0-i0,development,0,random_matched,b_saps_budgeted,4,0.05,be8899ffd4c3225c,"[[0, 6, 9], [2, 5, 8], [3, 7, 10], [1, 4, 11]]",0.13689855036479925,-0.8401436517452286,1.6021096955057414,-1.1058506811324462e-15,,17.0,5.707452387714615,5.707452387714615,0.13689855036479925,0.11986673631928521,0.5946583735188682,"{""1"": 17, ""2"": 12, ""3"": 1}",5.707452387714615,5.707409155328579,14.529802935798243,1e-05,True,40,development_isotonic_frozen
s0-i0,development,0,random_matched,random_balanced,4,0.15,be8899ffd4c3225c,"[[0, 6, 9], [2, 5, 8], [3, 7, 10], [1, 4, 11]]",2.5141677093901182,-0.8401436517452286,1.6021096955057414,-1.1058506811324462e-15,,17.0,5.707452387714615,5.707452387714615,2.1344875255195483,1.12899507124372,3.035348909172561,"{""1"": 17, ""2"": 12, ""3"": 1}",5.707452387714615,5.707409155328579,14.529802935798243,1e-05,True,40,development_isotonic_frozen
s0-i0,development,0,random_matched,confidence,4,0.15,dd6ae6b7fa9b4b56,"[[7, 9, 11], [0, 5, 6], [3, 8, 10], [1, 2, 4]]",2.5141677093901182,-0.7628128074066555,1.70725137471441,-8.344508647506837e-16,,25.0,11.066622147075014,11.066622147075014,2.706693483054629,-0.06493104819312762,6.452305770187532,"{""1"": 25, ""3"": 1, ""2"": 4}",11.066622147075014,11.06655007110771,16.025627955224756,1e-05,True,40,development_isotonic_frozen
s0-i0,development,0,random_matched,entropy,4,0.15,d389f501ff751b28,"[[7, 9, 11], [0, 5, 6], [2, 8, 10], [1, 3, 4]]",2.5141677093901182,-0.7681330953521314,1.7118425441422769,-7.494600780672546e-16,,23.0,8.215768310517102,8.215768310517102,2.5953161269728415,0.5656532113657711,6.452305770187532,"{""1"": 23, ""2"": 7}",8.215768310517102,8.215680713819868,14.778046561695513,1e-05,True,40,development_isotonic_frozen
s0-i0,development,0,random_matched,dependency_cmi,4,0.15,7963b6e4e80398b6,"[[1, 2, 3], [0, 6, 7], [5, 9, 10], [4, 8, 11]]",2.5141677093901182,-0.9105395686342174,1.4456663186094731,-3.158479862407331e-16,,21.0,5.988336409492453,5.988336409492453,2.4205905042870888,1.4844000533978428,4.679064091519958,"{""1"": 21, ""2"": 8, ""3"": 1}",5.988336409492453,5.988232910480729,18.062910910208174,1e-05,True,40,development_isotonic_frozen
s0-i0,development,0,random_matched,min_within_batch_tc,4,0.15,7ad1b4b369d9d676,"[[0, 1, 2], [6, 8, 9], [4, 5, 10], [3, 7, 11]]",2.5141677093901182,-0.942581158167395,1.4378009163361545,-8.790385912933671e-16,,19.0,7.1359704433413205,7.1359704433413205,2.2458648816013356,0.32153140116867457,4.406563429742726,"{""2"": 9, ""1"": 19, ""3"": 2}",7.1359704433413205,7.135856283010757,15.671432017956489,1e-05,True,40,development_isotonic_frozen
s0-i0,development,0,random_matched,dprm_myopic,4,0.15,e34c1823b64f2594,"[[2, 3, 10], [0, 9, 11], [6, 7, 8], [1, 4, 5]]",2.5141677093901182,-0.8853433629944115,1.5192476108289055,-4.989583356147944e-16,,23.0,6.8223932775593505,6.8223932775593505,2.5953161269728415,0.020284874103387668,2.8246908061768012,"{""1"": 23, ""2"": 7}",6.8223932775593505,6.822251323560914,18.043882400429066,1e-05,True,40,development_isotonic_frozen
s0-i0,development,0,random_matched,dprm_rollout,4,0.15,f5256d0d2f0758ec,"[[4, 5, 8], [2, 6, 10], [0, 3, 9], [1, 7, 11]]",2.5141677093901182,-0.9707566595063878,1.4165637029278983,-9.422310021456028e-16,,21.0,10.504171077585195,10.504171077585195,2.4522646375890713,-1.7373724027833555,4.499756412051037,"{""1"": 21, ""2"": 9}",10.504171077585195,10.504131954586544,11.486239973521899,1e-05,True,40,development_isotonic_frozen
s0-i0,development,0,random_matched,subset_exact,4,0.15,17cea64fe4ddcb20,"[[4, 9, 11], [0, 5, 7], [3, 6, 8], [1, 2, 10]]",2.5141677093901182,-0.8334577754194602,1.6010133075357935,-8.000288397043393e-16,,22.0,10.059887809874404,10.059887809874404,2.5237903822809566,0.5629602703303421,4.499756412051037,"{""1"": 22, ""2"": 8}",10.059887809874404,10.059828651774948,14.239647189204831,1e-05,True,40,development_isotonic_frozen
s0-i0,development,0,random_matched,subset_beam_8,4,0.15,476bbcf6ed28a39f,"[[0, 6, 7], [5, 9, 11], [3, 8, 10], [1, 2, 4]]",2.5141677093901182,-0.7805740254084453,1.6728274306332327,-5.107753421146941e-16,,26.0,7.318725443234844,7.318725443234844,2.778219227746514,-1.227017164085085,3.384939794076576,"{""1"": 26, ""3"": 1, ""2"": 3}",7.318725443234844,7.318667660705883,15.97659289701545,1e-05,True,40,development_isotonic_frozen
s0-i0,development,0,random_matched,subset_beam_32,4,0.15,17cea64fe4ddcb20,"[[4, 9, 11], [0, 5, 7], [3, 6, 8], [1, 2, 10]]",2.5141677093901182,-0.8334577754194602,1.6010133075357935,-8.000288397043393e-16,,22.0,10.059887809874404,10.059887809874404,2.5237903822809566,0.5629602703303421,4.499756412051037,"{""1"": 22, ""2"": 8}",10.059887809874404,10.059828651774948,14.239647189204831,1e-05,True,40,development_isotonic_frozen
s0-i0,development,0,random_matched,saps_diagonal,4,0.15,28267aeb3b75add3,"[[0, 2, 6], [3, 8, 9], [4, 5, 7], [1, 10, 11]]",2.5141677093901182,-0.8877893519064431,1.5170228987664716,-8.062141493383719e-16,,29.0,4.684764010231001,4.684764010231001,3.024470595124152,0.6794428933714373,0.813242918690386,"{""1"": 29, ""2"": 1}",4.684764010231001,4.684720650732143,14.777894668746159,1e-05,True,40,development_isotonic_frozen
s0-i0,development,0,random_matched,p_saps_residualized,4,0.15,7dea4229b995b19d,"[[1, 7, 9], [0, 3, 11], [4, 5, 10], [2, 6, 8]]",2.5141677093901182,-0.8402460807768463,1.5612992867963722,-9.49249229950558e-16,,21.0,6.8796076340606716,6.8796076340606716,2.4205905042870888,-0.7232427393242216,3.512796605433249,"{""1"": 21, ""2"": 8, ""3"": 1}",6.8796076340606716,6.879554584111209,16.731104895941396,1e-05,True,80,development_isotonic_frozen
s0-i0,development,0,random_matched,p_saps_projection,4,0.15,dd6ae6b7fa9b4b56,"[[7, 9, 11], [0, 5, 6], [3, 8, 10], [1, 2, 4]]",2.5141677093901182,-0.7628128074066555,1.70725137471441,-8.344508647506837e-16,,25.0,11.066622147075014,11.066622147075014,2.706693483054629,-0.06493104819312762,6.452305770187532,"{""1"": 25, ""3"": 1, ""2"": 4}",11.066622147075014,11.06655007110771,16.025627955224756,1e-05,True,640,development_isotonic_frozen
s0-i0,development,0,random_matched,b_saps_budgeted,4,0.15,28267aeb3b75add3,"[[0, 2, 6], [3, 8, 9], [4, 5, 7], [1, 10, 11]]",2.5141677093901182,-0.8877893519064431,1.5170228987664716,-8.062141493383719e-16,,29.0,4.684764010231001,4.684764010231001,3.024470595124152,0.6794428933714373,0.813242918690386,"{""1"": 29, ""2"": 1}",4.684764010231001,4.684720650732143,14.777894668746159,1e-05,True,40,development_isotonic_frozen
s0-i0,development,0,structural,random_balanced,1,0.01,76993f31911749ca,"[[0, 1, 2, 3, 4, 5, 6, 7, 8, 9, 10, 11]]",0.021304297328919045,-0.0,0.0,-4.512674843791948e-15,,0.0,7.49109731872715,7.49109731872715,0.021304297328919045,0.0,-0.2262385652636274,"{""2"": 11, ""3"": 10, ""4"": 9}",7.49109731872715,7.491081123074869,28.38022668954454,1e-05,True,40,development_isotonic_frozen
s0-i0,development,0,structural,confidence,1,0.01,76993f31911749ca,"[[0, 1, 2, 3, 4, 5, 6, 7, 8, 9, 10, 11]]",0.021304297328919045,-0.0,0.0,-4.512674843791948e-15,,0.0,7.49109731872715,7.49109731872715,0.021304297328919045,0.0,-0.2262385652636274,"{""2"": 11, ""3"": 10, ""4"": 9}",7.49109731872715,7.491081123074869,28.38022668954454,1e-05,True,40,development_isotonic_frozen
s0-i0,development,0,structural,entropy,1,0.01,76993f31911749ca,"[[0, 1, 2, 3, 4, 5, 6, 7, 8, 9, 10, 11]]",0.021304297328919045,-0.0,0.0,-4.512674843791948e-15,,0.0,7.49109731872715,7.49109731872715,0.021304297328919045,0.0,-0.2262385652636274,"{""2"": 11, ""3"": 10, ""4"": 9}",7.49109731872715,7.491081123074869,28.38022668954454,1e-05,True,40,development_isotonic_frozen
s0-i0,development,0,structural,dependency_cmi,1,0.01,76993f31911749ca,"[[0, 1, 2, 3, 4, 5, 6, 7, 8, 9, 10, 11]]",0.021304297328919045,-0.0,0.0,-4.512674843791948e-15,,0.0,7.49109731872715,7.49109731872715,0.021304297328919045,0.0,-0.2262385652636274,"{""2"": 11, ""3"": 10, ""4"": 9}",7.49109731872715,7.491081123074869,28.38022668954454,1e-05,True,40,development_isotonic_frozen
s0-i0,development,0,structural,min_within_batch_tc,1,0.01,76993f31911749ca,"[[0, 1, 2, 3, 4, 5, 6, 7, 8, 9, 10, 11]]",0.021304297328919045,-0.0,0.0,-4.512674843791948e-15,,0.0,7.49109731872715,7.49109731872715,0.021304297328919045,0.0,-0.2262385652636274,"{""2"": 11, ""3"": 10, ""4"": 9}",7.49109731872715,7.491081123074869,28.38022668954454,1e-05,True,40,development_isotonic_frozen
s0-i0,development,0,structural,dprm_myopic,1,0.01,76993f31911749ca,"[[0, 1, 2, 3, 4, 5, 6, 7, 8, 9, 10, 11]]",0.021304297328919045,-0.0,0.0,-4.512674843791948e-15,,0.0,7.49109731872715,7.49109731872715,0.021304297328919045,0.0,-0.2262385652636274,"{""2"": 11, ""3"": 10, ""4"": 9}",7.49109731872715,7.491081123074869,28.38022668954454,1e-05,True,40,development_isotonic_frozen
s0-i0,development,0,structural,dprm_rollout,1,0.01,76993f31911749ca,"[[0, 1, 2, 3, 4, 5, 6, 7, 8, 9, 10, 11]]",0.021304297328919045,-0.0,0.0,-4.512674843791948e-15,,0.0,7.49109731872715,7.49109731872715,0.021304297328919045,0.0,-0.2262385652636274,"{""2"": 11, ""3"": 10, ""4"": 9}",7.49109731872715,7.491081123074869,28.38022668954454,1e-05,True,40,development_isotonic_frozen
s0-i0,development,0,structural,subset_exact,1,0.01,76993f31911749ca,"[[0, 1, 2, 3, 4, 5, 6, 7, 8, 9, 10, 11]]",0.021304297328919045,-0.0,0.0,-4.512674843791948e-15,,0.0,7.49109731872715,7.49109731872715,0.021304297328919045,0.0,-0.2262385652636274,"{""2"": 11, ""3"": 10, ""4"": 9}",7.49109731872715,7.491081123074869,28.38022668954454,1e-05,True,40,development_isotonic_frozen
s0-i0,development,0,structural,subset_beam_8,1,0.01,76993f31911749ca,"[[0, 1, 2, 3, 4, 5, 6, 7, 8, 9, 10, 11]]",0.021304297328919045,-0.0,0.0,-4.512674843791948e-15,,0.0,7.49109731872715,7.49109731872715,0.021304297328919045,0.0,-0.2262385652636274,"{""2"": 11, ""3"": 10, ""4"": 9}",7.49109731872715,7.491081123074869,28.38022668954454,1e-05,True,40,development_isotonic_frozen
s0-i0,development,0,structural,subset_beam_32,1,0.01,76993f31911749ca,"[[0, 1, 2, 3, 4, 5, 6, 7, 8, 9, 10, 11]]",0.021304297328919045,-0.0,0.0,-4.512674843791948e-15,,0.0,7.49109731872715,7.49109731872715,0.021304297328919045,0.0,-0.2262385652636274,"{""2"": 11, ""3"": 10, ""4"": 9}",7.49109731872715,7.491081123074869,28.38022668954454,1e-05,True,40,development_isotonic_frozen
s0-i0,development,0,structural,saps_diagonal,1,0.01,76993f31911749ca,"[[0, 1, 2, 3, 4, 5, 6, 7, 8, 9, 10, 11]]",0.021304297328919045,-0.0,0.0,-4.512674843791948e-15,,0.0,7.49109731872715,7.49109731872715,0.021304297328919045,0.0,-0.2262385652636274,"{""2"": 11, ""3"": 10, ""4"": 9}",7.49109731872715,7.491081123074869,28.38022668954454,1e-05,True,40,development_isotonic_frozen
s0-i0,development,0,structural,p_saps_residualized,1,0.01,76993f31911749ca,"[[0, 1, 2, 3, 4, 5, 6, 7, 8, 9, 10, 11]]",0.021304297328919045,-0.0,0.0,-4.512674843791948e-15,,0.0,7.49109731872715,7.49109731872715,0.021304297328919045,0.0,-0.2262385652636274,"{""2"": 11, ""3"": 10, ""4"": 9}",7.49109731872715,7.491081123074869,28.38022668954454,1e-05,True,40,development_isotonic_frozen
s0-i0,development,0,structural,p_saps_projection,1,0.01,76993f31911749ca,"[[0, 1, 2, 3, 4, 5, 6, 7, 8, 9, 10, 11]]",0.021304297328919045,-0.0,0.0,-4.512674843791948e-15,,0.0,7.49109731872715,7.49109731872715,0.021304297328919045,0.0,-0.2262385652636274,"{""2"": 11, ""3"": 10, ""4"": 9}",7.49109731872715,7.491081123074869,28.38022668954454,1e-05,True,40,development_isotonic_frozen
s0-i0,development,0,structural,b_saps_budgeted,1,0.01,76993f31911749ca,"[[0, 1, 2, 3, 4, 5, 6, 7, 8, 9, 10, 11]]",0.021304297328919045,-0.0,0.0,-4.512674843791948e-15,,0.0,7.49109731872715,7.49109731872715,0.021304297328919045,0.0,-0.2262385652636274,"{""2"": 11, ""3"": 10, ""4"": 9}",7.49109731872715,7.491081123074869,28.38022668954454,1e-05,True,40,development_isotonic_frozen
s0-i0,development,0,structural,random_balanced,1,0.05,76993f31911749ca,"[[0, 1, 2, 3, 4, 5, 6, 7, 8, 9, 10, 11]]",0.11897787136150911,-0.0,0.0,-4.512674843791948e-15,,0.0,7.49109731872715,7.49109731872715,0.11897787136150911,2.1035096281834793,-0.5477072835360897,"{""2"": 11, ""3"": 10, ""4"": 9}",7.49109731872715,7.491081123074869,28.38022668954454,1e-05,True,40,development_isotonic_frozen
s0-i0,development,0,structural,confidence,1,0.05,76993f31911749ca,"[[0, 1, 2, 3, 4, 5, 6, 7, 8, 9, 10, 11]]",0.11897787136150911,-0.0,0.0,-4.512674843791948e-15,,0.0,7.49109731872715,7.49109731872715,0.11897787136150911,2.1035096281834793,-0.5477072835360897,"{""2"": 11, ""3"": 10, ""4"": 9}",7.49109731872715,7.491081123074869,28.38022668954454,1e-05,True,40,development_isotonic_frozen
s0-i0,development,0,structural,entropy,1,0.05,76993f31911749ca,"[[0, 1, 2, 3, 4, 5, 6, 7, 8, 9, 10, 11]]",0.11897787136150911,-0.0,0.0,-4.512674843791948e-15,,0.0,7.49109731872715,7.49109731872715,0.11897787136150911,2.1035096281834793,-0.5477072835360897,"{""2"": 11, ""3"": 10, ""4"": 9}",7.49109731872715,7.491081123074869,28.38022668954454,1e-05,True,40,development_isotonic_frozen
s0-i0,development,0,structural,dependency_cmi,1,0.05,76993f31911749ca,"[[0, 1, 2, 3, 4, 5, 6, 7, 8, 9, 10, 11]]",0.11897787136150911,-0.0,0.0,-4.512674843791948e-15,,0.0,7.49109731872715,7.49109731872715,0.11897787136150911,2.1035096281834793,-0.5477072835360897,"{""2"": 11, ""3"": 10, ""4"": 9}",7.49109731872715,7.491081123074869,28.38022668954454,1e-05,True,40,development_isotonic_frozen
s0-i0,development,0,structural,min_within_batch_tc,1,0.05,76993f31911749ca,"[[0, 1, 2, 3, 4, 5, 6, 7, 8, 9, 10, 11]]",0.11897787136150911,-0.0,0.0,-4.512674843791948e-15,,0.0,7.49109731872715,7.49109731872715,0.11897787136150911,2.1035096281834793,-0.5477072835360897,"{""2"": 11, ""3"": 10, ""4"": 9}",7.49109731872715,7.491081123074869,28.38022668954454,1e-05,True,40,development_isotonic_frozen
s0-i0,development,0,structural,dprm_myopic,1,0.05,76993f31911749ca,"[[0, 1, 2, 3, 4, 5, 6, 7, 8, 9, 10, 11]]",0.11897787136150911,-0.0,0.0,-4.512674843791948e-15,,0.0,7.49109731872715,7.49109731872715,0.11897787136150911,2.1035096281834793,-0.5477072835360897,"{""2"": 11, ""3"": 10, ""4"": 9}",7.49109731872715,7.491081123074869,28.38022668954454,1e-05,True,40,development_isotonic_frozen
s0-i0,development,0,structural,dprm_rollout,1,0.05,76993f31911749ca,"[[0, 1, 2, 3, 4, 5, 6, 7, 8, 9, 10, 11]]",0.11897787136150911,-0.0,0.0,-4.512674843791948e-15,,0.0,7.49109731872715,7.49109731872715,0.11897787136150911,2.1035096281834793,-0.5477072835360897,"{""2"": 11, ""3"": 10, ""4"": 9}",7.49109731872715,7.491081123074869,28.38022668954454,1e-05,True,40,development_isotonic_frozen
s0-i0,development,0,structural,subset_exact,1,0.05,76993f31911749ca,"[[0, 1, 2, 3, 4, 5, 6, 7, 8, 9, 10, 11]]",0.11897787136150911,-0.0,0.0,-4.512674843791948e-15,,0.0,7.49109731872715,7.49109731872715,0.11897787136150911,2.1035096281834793,-0.5477072835360897,"{""2"": 11, ""3"": 10, ""4"": 9}",7.49109731872715,7.491081123074869,28.38022668954454,1e-05,True,40,development_isotonic_frozen
s0-i0,development,0,structural,subset_beam_8,1,0.05,76993f31911749ca,"[[0, 1, 2, 3, 4, 5, 6, 7, 8, 9, 10, 11]]",0.11897787136150911,-0.0,0.0,-4.512674843791948e-15,,0.0,7.49109731872715,7.49109731872715,0.11897787136150911,2.1035096281834793,-0.5477072835360897,"{""2"": 11, ""3"": 10, ""4"": 9}",7.49109731872715,7.491081123074869,28.38022668954454,1e-05,True,40,development_isotonic_frozen
s0-i0,development,0,structural,subset_beam_32,1,0.05,76993f31911749ca,"[[0, 1, 2, 3, 4, 5, 6, 7, 8, 9, 10, 11]]",0.11897787136150911,-0.0,0.0,-4.512674843791948e-15,,0.0,7.49109731872715,7.49109731872715,0.11897787136150911,2.1035096281834793,-0.5477072835360897,"{""2"": 11, ""3"": 10, ""4"": 9}",7.49109731872715,7.491081123074869,28.38022668954454,1e-05,True,40,development_isotonic_frozen
s0-i0,development,0,structural,saps_diagonal,1,0.05,76993f31911749ca,"[[0, 1, 2, 3, 4, 5, 6, 7, 8, 9, 10, 11]]",0.11897787136150911,-0.0,0.0,-4.512674843791948e-15,,0.0,7.49109731872715,7.49109731872715,0.11897787136150911,2.1035096281834793,-0.5477072835360897,"{""2"": 11, ""3"": 10, ""4"": 9}",7.49109731872715,7.491081123074869,28.38022668954454,1e-05,True,40,development_isotonic_frozen
s0-i0,development,0,structural,p_saps_residualized,1,0.05,76993f31911749ca,"[[0, 1, 2, 3, 4, 5, 6, 7, 8, 9, 10, 11]]",0.11897787136150911,-0.0,0.0,-4.512674843791948e-15,,0.0,7.49109731872715,7.49109731872715,0.11897787136150911,2.1035096281834793,-0.5477072835360897,"{""2"": 11, ""3"": 10, ""4"": 9}",7.49109731872715,7.491081123074869,28.38022668954454,1e-05,True,40,development_isotonic_frozen
s0-i0,development,0,structural,p_saps_projection,1,0.05,76993f31911749ca,"[[0, 1, 2, 3, 4, 5, 6, 7, 8, 9, 10, 11]]",0.11897787136150911,-0.0,0.0,-4.512674843791948e-15,,0.0,7.49109731872715,7.49109731872715,0.11897787136150911,2.1035096281834793,-0.5477072835360897,"{""2"": 11, ""3"": 10, ""4"": 9}",7.49109731872715,7.491081123074869,28.38022668954454,1e-05,True,40,development_isotonic_frozen
s0-i0,development,0,structural,b_saps_budgeted,1,0.05,76993f31911749ca,"[[0, 1, 2, 3, 4, 5, 6, 7, 8, 9, 10, 11]]",0.11897787136150911,-0.0,0.0,-4.512674843791948e-15,,0.0,7.49109731872715,7.49109731872715,0.11897787136150911,2.1035096281834793,-0.5477072835360897,"{""2"": 11, ""3"": 10, ""4"": 9}",7.49109731872715,7.491081123074869,28.38022668954454,1e-05,True,40,development_isotonic_frozen
s0-i0,development,0,structural,random_balanced,1,0.15,76993f31911749ca,"[[0, 1, 2, 3, 4, 5, 6, 7, 8, 9, 10, 11]]",0.3484154663218108,-0.0,0.0,-4.512674843791948e-15,,0.0,7.49109731872715,7.49109731872715,0.3484154663218108,-1.0196414482206917,3.163205720529233,"{""2"": 11, ""3"": 10, ""4"": 9}",7.49109731872715,7.491081123074869,28.38022668954454,1e-05,True,40,development_isotonic_frozen
s0-i0,development,0,structural,confidence,1,0.15,76993f31911749ca,"[[0, 1, 2, 3, 4, 5, 6, 7, 8, 9, 10, 11]]",0.3484154663218108,-0.0,0.0,-4.512674843791948e-15,,0.0,7.49109731872715,7.49109731872715,0.3484154663218108,-1.0196414482206917,3.163205720529233,"{""2"": 11, ""3"": 10, ""4"": 9}",7.49109731872715,7.491081123074869,28.38022668954454,1e-05,True,40,development_isotonic_frozen
s0-i0,development,0,structural,entropy,1,0.15,76993f31911749ca,"[[0, 1, 2, 3, 4, 5, 6, 7, 8, 9, 10, 11]]",0.3484154663218108,-0.0,0.0,-4.512674843791948e-15,,0.0,7.49109731872715,7.49109731872715,0.3484154663218108,-1.0196414482206917,3.163205720529233,"{""2"": 11, ""3"": 10, ""4"": 9}",7.49109731872715,7.491081123074869,28.38022668954454,1e-05,True,40,development_isotonic_frozen
s0-i0,development,0,structural,dependency_cmi,1,0.15,76993f31911749ca,"[[0, 1, 2, 3, 4, 5, 6, 7, 8, 9, 10, 11]]",0.3484154663218108,-0.0,0.0,-4.512674843791948e-15,,0.0,7.49109731872715,7.49109731872715,0.3484154663218108,-1.0196414482206917,3.163205720529233,"{""2"": 11, ""3"": 10, ""4"": 9}",7.49109731872715,7.491081123074869,28.38022668954454,1e-05,True,40,development_isotonic_frozen
s0-i0,development,0,structural,min_within_batch_tc,1,0.15,76993f31911749ca,"[[0, 1, 2, 3, 4, 5, 6, 7, 8, 9, 10, 11]]",0.3484154663218108,-0.0,0.0,-4.512674843791948e-15,,0.0,7.49109731872715,7.49109731872715,0.3484154663218108,-1.0196414482206917,3.163205720529233,"{""2"": 11, ""3"": 10, ""4"": 9}",7.49109731872715,7.491081123074869,28.38022668954454,1e-05,True,40,development_isotonic_frozen
s0-i0,development,0,structural,dprm_myopic,1,0.15,76993f31911749ca,"[[0, 1, 2, 3, 4, 5, 6, 7, 8, 9, 10, 11]]",0.3484154663218108,-0.0,0.0,-4.512674843791948e-15,,0.0,7.49109731872715,7.49109731872715,0.3484154663218108,-1.0196414482206917,3.163205720529233,"{""2"": 11, ""3"": 10, ""4"": 9}",7.49109731872715,7.491081123074869,28.38022668954454,1e-05,True,40,development_isotonic_frozen
s0-i0,development,0,structural,dprm_rollout,1,0.15,76993f31911749ca,"[[0, 1, 2, 3, 4, 5, 6, 7, 8, 9, 10, 11]]",0.3484154663218108,-0.0,0.0,-4.512674843791948e-15,,0.0,7.49109731872715,7.49109731872715,0.3484154663218108,-1.0196414482206917,3.163205720529233,"{""2"": 11, ""3"": 10, ""4"": 9}",7.49109731872715,7.491081123074869,28.38022668954454,1e-05,True,40,development_isotonic_frozen
s0-i0,development,0,structural,subset_exact,1,0.15,76993f31911749ca,"[[0, 1, 2, 3, 4, 5, 6, 7, 8, 9, 10, 11]]",0.3484154663218108,-0.0,0.0,-4.512674843791948e-15,,0.0,7.49109731872715,7.49109731872715,0.3484154663218108,-1.0196414482206917,3.163205720529233,"{""2"": 11, ""3"": 10, ""4"": 9}",7.49109731872715,7.491081123074869,28.38022668954454,1e-05,True,40,development_isotonic_frozen
s0-i0,development,0,structural,subset_beam_8,1,0.15,76993f31911749ca,"[[0, 1, 2, 3, 4, 5, 6, 7, 8, 9, 10, 11]]",0.3484154663218108,-0.0,0.0,-4.512674843791948e-15,,0.0,7.49109731872715,7.49109731872715,0.3484154663218108,-1.0196414482206917,3.163205720529233,"{""2"": 11, ""3"": 10, ""4"": 9}",7.49109731872715,7.491081123074869,28.38022668954454,1e-05,True,40,development_isotonic_frozen
s0-i0,development,0,structural,subset_beam_32,1,0.15,76993f31911749ca,"[[0, 1, 2, 3, 4, 5, 6, 7, 8, 9, 10, 11]]",0.3484154663218108,-0.0,0.0,-4.512674843791948e-15,,0.0,7.49109731872715,7.49109731872715,0.3484154663218108,-1.0196414482206917,3.163205720529233,"{""2"": 11, ""3"": 10, ""4"": 9}",7.49109731872715,7.491081123074869,28.38022668954454,1e-05,True,40,development_isotonic_frozen
s0-i0,development,0,structural,saps_diagonal,1,0.15,76993f31911749ca,"[[0, 1, 2, 3, 4, 5, 6, 7, 8, 9, 10, 11]]",0.3484154663218108,-0.0,0.0,-4.512674843791948e-15,,0.0,7.49109731872715,7.49109731872715,0.3484154663218108,-1.0196414482206917,3.163205720529233,"{""2"": 11, ""3"": 10, ""4"": 9}",7.49109731872715,7.491081123074869,28.38022668954454,1e-05,True,40,development_isotonic_frozen
s0-i0,development,0,structural,p_saps_residualized,1,0.15,76993f31911749ca,"[[0, 1, 2, 3, 4, 5, 6, 7, 8, 9, 10, 11]]",0.3484154663218108,-0.0,0.0,-4.512674843791948e-15,,0.0,7.49109731872715,7.49109731872715,0.3484154663218108,-1.0196414482206917,3.163205720529233,"{""2"": 11, ""3"": 10, ""4"": 9}",7.49109731872715,7.491081123074869,28.38022668954454,1e-05,True,40,development_isotonic_frozen
s0-i0,development,0,structural,p_saps_projection,1,0.15,76993f31911749ca,"[[0, 1, 2, 3, 4, 5, 6, 7, 8, 9, 10, 11]]",0.3484154663218108,-0.0,0.0,-4.512674843791948e-15,,0.0,7.49109731872715,7.49109731872715,0.3484154663218108,-1.0196414482206917,3.163205720529233,"{""2"": 11, ""3"": 10, ""4"": 9}",7.49109731872715,7.491081123074869,28.38022668954454,1e-05,True,40,development_isotonic_frozen
s0-i0,development,0,structural,b_saps_budgeted,1,0.15,76993f31911749ca,"[[0, 1, 2, 3, 4, 5, 6, 7, 8, 9, 10, 11]]",0.3484154663218108,-0.0,0.0,-4.512674843791948e-15,,0.0,7.49109731872715,7.49109731872715,0.3484154663218108,-1.0196414482206917,3.163205720529233,"{""2"": 11, ""3"": 10, ""4"": 9}",7.49109731872715,7.491081123074869,28.38022668954454,1e-05,True,40,development_isotonic_frozen
s0-i0,development,0,structural,random_balanced,2,0.01,c01e8f34e6b06174,"[[0, 2, 5, 6, 8, 9], [1, 3, 4, 7, 10, 11]]",0.029881352097704632,-0.2852555585597779,0.5315433023887085,-2.4611476760451218e-15,,15.0,4.998140646152066,4.998140646152066,0.03043471046988435,0.16355601472086007,-0.2262385652636274,"{""1"": 15, ""2"": 14, ""3"": 1}",4.998140646152066,4.9980849823754205,19.412501656413887,1e-05,True,40,development_isotonic_frozen
s0-i0,development,0,structural,confidence,2,0.01,3d1d2b738d30245d,"[[0, 5, 6, 7, 9, 11], [1, 2, 3, 4, 8, 10]]",0.029881352097704632,-0.24263615810349892,0.5850583885508707,-1.4368181190132684e-15,,13.0,5.338600583878611,5.338600583878611,0.029420220120888203,0.0,0.0,"{""1"": 13, ""2"": 11, ""3"": 5, ""4"": 1}",5.338600583878611,5.338580659869306,22.401369839315947,1e-05,True,40,development_isotonic_frozen
s0-i0,development,0,structural,entropy,2,0.01,3d1d2b738d30245d,"[[0, 5, 6, 7, 9, 11], [1, 2, 3, 4, 8, 10]]",0.029881352097704632,-0.24263615810349892,0.5850583885508707,-1.4368181190132684e-15,,13.0,5.338600583878611,5.338600583878611,0.029420220120888203,0.0,0.0,"{""1"": 13, ""2"": 11, ""3"": 5, ""4"": 1}",5.338600583878611,5.338580659869306,22.401369839315947,1e-05,True,40,development_isotonic_frozen
s0-i0,development,0,structural,dependency_cmi,2,0.01,75dfc120743ee0d2,"[[0, 1, 2, 3, 8, 11], [4, 5, 6, 7, 9, 10]]",0.029881352097704632,-0.3186302176807116,0.4619353293084345,-1.7164891804793113e-15,,6.0,7.213422866432184,7.213422866432184,0.02840572977189206,0.0,0.27845206514340953,"{""2"": 14, ""3"": 8, ""4"": 2, ""1"": 6}",7.213422866432184,7.2134060262284265,21.091428642658766,1e-05,True,40,development_isotonic_frozen
s0-i0,development,0,structural,min_within_batch_tc,2,0.01,442a6e26707b5ff2,"[[1, 6, 8, 9, 10, 11], [0, 2, 3, 4, 5, 7]]",0.029881352097704632,-0.29389384206428365,0.51143557350625,-1.2097939876335963e-15,,9.0,6.322269009849619,6.322269009849619,0.02840572977189206,-0.8890315885377855,-0.2262385652636274,"{""1"": 9, ""2"": 11, ""3"": 8, ""4"": 2}",6.322269009849619,6.322246928724272,24.19580096230656,1e-05,True,40,development_isotonic_frozen
s0-i0,development,0,structural,dprm_myopic,2,0.01,6ce79447941ed8ae,"[[0, 2, 3, 9, 10, 11], [1, 4, 5, 6, 7, 8]]",0.029881352097704632,-0.28836227546375315,0.515314473901061,-1.8096718541721715e-15,,10.0,9.656969620570543,9.656969620570543,0.02840572977189206,0.2567769143533045,-0.2262385652636274,"{""1"": 10, ""2"": 12, ""3"": 6, ""4"": 2}",9.656969620570543,9.656903423154862,21.261856918526234,1e-05,True,40,development_isotonic_frozen
s0-i0,development,0,structural,dprm_rollout,2,0.01,418106cd2af175d8,"[[0, 2, 3, 6, 7, 9], [1, 4, 5, 8, 10, 11]]",0.029881352097704632,-0.2716707433204556,0.5361893204094459,-2.1548701832048892e-15,,15.0,7.21130445090075,7.21130445090075,0.03043471046988435,0.0,0.0,"{""1"": 15, ""2"": 14, ""3"": 1}",7.21130445090075,7.2112427919201085,20.355968297972414,1e-05,True,40,development_isotonic_frozen
s0-i0,development,0,structural,subset_exact,2,0.01,bd2a20b2ec2003c6,"[[0, 2, 3, 5, 8, 9], [1, 4, 6, 7, 10, 11]]",0.029881352097704632,-0.29495289974071787,0.5107111210024348,-2.0409704553680565e-15,,15.0,8.693716004500427,8.693716004500427,0.03043471046988435,0.0,0.0,"{""1"": 15, ""2"": 14, ""3"": 1}",8.693716004500427,8.693669642252555,17.36311955477558,1e-05,True,40,development_isotonic_frozen
s0-i0,development,0,structural,subset_beam_8,2,0.01,97e9a7e7ded61663,"[[0, 1, 2, 3, 5, 8], [4, 6, 7, 9, 10, 11]]",0.029881352097704632,-0.3238313872932808,0.45655190092814896,-2.0885976372601883e-15,,9.0,7.219071677434046,7.219071677434046,0.029420220120888203,0.0,0.27845206514340953,"{""2"": 13, ""3"": 7, ""4"": 1, ""1"": 9}",7.219071677434046,7.219051172524784,17.13804363791374,1e-05,True,40,development_isotonic_frozen
s0-i0,development,0,structural,subset_beam_32,2,0.01,bd2a20b2ec2003c6,"[[0, 2, 3, 5, 8, 9], [1, 4, 6, 7, 10, 11]]",0.029881352097704632,-0.29495289974071787,0.5107111210024348,-2.0409704553680565e-15,,15.0,8.693716004500427,8.693716004500427,0.03043471046988435,0.0,0.0,"{""1"": 15, ""2"": 14, ""3"": 1}",8.693716004500427,8.693669642252555,17.36311955477558,1e-05,True,40,development_isotonic_frozen
s0-i0,development,0,structural,saps_diagonal,2,0.01,b296ea6c6b4d4052,"[[0, 2, 3, 5, 6, 8], [1, 4, 7, 9, 10, 11]]",0.029881352097704632,-0.3062531992204644,0.48702584996347076,-2.457608143698354e-15,,18.0,6.479812708930083,6.479812708930083,0.03043471046988435,0.0,0.0,"{""1"": 18, ""2"": 9, ""3"": 3}",6.479812708930083,6.479768480448364,18.214785100013373,1e-05,True,40,development_isotonic_frozen
s0-i0,development,0,structural,p_saps_residualized,2,0.01,8897627c28a2051e,"[[0, 3, 5, 7, 9, 10], [1, 2, 4, 6, 8, 11]]",0.029881352097704632,-0.27007331197715684,0.5422293139365535,-2.0806608370492465e-15,,15.0,6.421466250929809,6.421466250929809,0.03043471046988435,0.0,0.0,"{""1"": 15, ""2"": 14, ""3"": 1}",6.421466250929809,6.421389602853326,19.66205421370319,1e-05,True,80,development_isotonic_frozen
s0-i0,development,0,structural,p_saps_projection,2,0.01,90214f19977bc6f7,"[[3, 4, 5, 6, 7, 9], [0, 1, 2, 8, 10, 11]]",0.029881352097704632,-0.28044399344179477,0.5232562262428565,-1.9952619023077562e-15,,10.0,9.329703013190098,9.329703013190098,0.02840572977189206,0.12022396700082091,0.0,"{""2"": 12, ""3"": 6, ""1"": 10, ""4"": 2}",9.329703013190098,9.329672799015945,23.618066463168056,1e-05,True,640,development_isotonic_frozen
s0-i0,development,0,structural,b_saps_budgeted,2,0.01,c01e8f34e6b06174,"[[0, 2, 5, 6, 8, 9], [1, 3, 4, 7, 10, 11]]",0.029881352097704632,-0.2852555585597779,0.5315433023887085,-2.4611476760451218e-15,,15.0,4.998140646152066,4.998140646152066,0.03043471046988435,0.16355601472086007,-0.2262385652636274,"{""1"": 15, ""2"": 14, ""3"": 1}",4.998140646152066,4.9980849823754205,19.412501656413887,1e-05,True,40,development_isotonic_frozen
s0-i0,development,0,structural,random_balanced,2,0.05,c01e8f34e6b06174,"[[0, 2, 5, 6, 8, 9], [1, 3, 4, 7, 10, 11]]",0.1358124486070241,-0.2852555585597779,0.5315433023887085,-2.4611476760451218e-15,,15.0,4.998140646152066,4.998140646152066,0.13689855036479925,-0.5607143311876944,-0.9982902205986388,"{""1"": 15, ""2"": 14, ""3"": 1}",4.998140646152066,4.9980849823754205,19.412501656413887,1e-05,True,40,development_isotonic_frozen
s0-i0,development,0,structural,confidence,2,0.05,3d1d2b738d30245d,"[[0, 5, 6, 7, 9, 11], [1, 2, 3, 4, 8, 10]]",0.1358124486070241,-0.24263615810349892,0.5850583885508707,-1.4368181190132684e-15,,13.0,5.338600583878611,5.338600583878611,0.13490736380887813,-0.5128787911655243,1.0452413105814178,"{""1"": 13, ""2"": 11, ""3"": 5, ""4"": 1}",5.338600583878611,5.338580659869306,22.401369839315947,1e-05,True,40,development_isotonic_frozen
s0-i0,development,0,structural,entropy,2,0.05,3d1d2b738d30245d,"[[0, 5, 6, 7, 9, 11], [1, 2, 3, 4, 8, 10]]",0.1358124486070241,-0.24263615810349892,0.5850583885508707,-1.4368181190132684e-15,,13.0,5.338600583878611,5.338600583878611,0.13490736380887813,-0.5128787911655243,1.0452413105814178,"{""1"": 13, ""2"": 11, ""3"": 5, ""4"": 1}",5.338600583878611,5.338580659869306,22.401369839315947,1e-05,True,40,development_isotonic_frozen
s0-i0,development,0,structural,dependency_cmi,2,0.05,75dfc120743ee0d2,"[[0, 1, 2, 3, 8, 11], [4, 5, 6, 7, 9, 10]]",0.1358124486070241,-0.3186302176807116,0.4619353293084345,-1.7164891804793113e-15,,6.0,7.213422866432184,7.213422866432184,0.132916177252957,1.0419695177273505,-0.19811639863207464,"{""2"": 14, ""3"": 8, ""4"": 2, ""1"": 6}",7.213422866432184,7.2134060262284265,21.091428642658766,1e-05,True,40,development_isotonic_frozen
s0-i0,development,0,structural,min_within_batch_tc,2,0.05,442a6e26707b5ff2,"[[1, 6, 8, 9, 10, 11], [0, 2, 3, 4, 5, 7]]",0.1358124486070241,-0.29389384206428365,0.51143557350625,-1.2097939876335963e-15,,9.0,6.322269009849619,6.322269009849619,0.132916177252957,0.0,-0.11970548690494986,"{""1"": 9, ""2"": 11, ""3"": 8, ""4"": 2}",6.322269009849619,6.322246928724272,24.19580096230656,1e-05,True,40,development_isotonic_frozen
s0-i0,development,0,structural,dprm_myopic,2,0.05,6ce79447941ed8ae,"[[0, 2, 3, 9, 10, 11], [1, 4, 5, 6, 7, 8]]",0.1358124486070241,-0.28836227546375315,0.515314473901061,-1.8096718541721715e-15,,10.0,9.656969620570543,9.656969620570543,0.132916177252957,0.8826723542731121,1.0452413105814178,"{""1"": 10, ""2"": 12, ""3"": 6, ""4"": 2}",9.656969620570543,9.656903423154862,21.261856918526234,1e-05,True,40,development_isotonic_frozen
s0-i0,development,0,structural,dprm_rollout,2,0.05,961bca84edf0b849,"[[0, 2, 5, 7, 9, 10], [1, 3, 4, 6, 8, 11]]",0.1358124486070241,-0.27539359992263274,0.5468204833644204,-1.9130765831713314e-15,,15.0,5.536681052455198,5.536681052455198,0.13689855036479925,0.756327024758575,-1.1261470319553117,"{""1"": 15, ""2"": 13, ""3"": 2}",5.536681052455198,5.536648141909904,18.44907632577977,1e-05,True,40,development_isotonic_frozen
s0-i0,development,0,structural,subset_exact,2,0.05,e5af5759b439a271,"[[0, 3, 4, 6, 10, 11], [1, 2, 5, 7, 8, 9]]",0.1358124486070241,-0.3096955739743131,0.4733408640335794,-2.3791934357603405e-15,,11.0,5.756868050904416,5.756868050904416,0.13689855036479925,0.005946084037722343,0.6956504256774023,"{""1"": 11, ""2"": 15, ""3"": 4}",5.756868050904416,5.756796642653356,22.62946752208995,1e-05,True,40,development_isotonic_frozen
s0-i0,development,0,structural,subset_beam_8,2,0.05,bcef1a419f565b06,"[[0, 1, 3, 4, 7, 8], [2, 5, 6, 9, 10, 11]]",0.1358124486070241,-0.32495110499986046,0.45111459534877324,-1.9073750296409783e-15,,13.0,8.348167999176095,8.348167999176095,0.13689855036479925,0.43796061875130887,-0.4692963718089649,"{""2"": 15, ""1"": 13, ""3"": 2}",8.348167999176095,8.34811960600495,20.583449953061173,1e-05,True,40,development_isotonic_frozen
s0-i0,development,0,structural,subset_beam_32,2,0.05,a4eda9fb12564ece,"[[0, 3, 5, 6, 7, 8], [1, 2, 4, 9, 10, 11]]",0.1358124486070241,-0.2827630661212988,0.5193241183792487,-2.1086812115723086e-15,,11.0,6.583212776578971,6.583212776578971,0.13490736380887813,-0.021816296608117222,-0.19811639863207464,"{""1"": 11, ""2"": 13, ""3"": 5, ""4"": 1}",6.583212776578971,6.583190889033449,21.131894757698287,1e-05,True,40,development_isotonic_frozen
s0-i0,development,0,structural,saps_diagonal,2,0.05,b296ea6c6b4d4052,"[[0, 2, 3, 5, 6, 8], [1, 4, 7, 9, 10, 11]]",0.1358124486070241,-0.3062531992204644,0.48702584996347076,-2.457608143698354e-15,,18.0,6.479812708930083,6.479812708930083,0.13689855036479925,0.009073891956454395,-0.19811639863207464,"{""1"": 18, ""2"": 9, ""3"": 3}",6.479812708930083,6.479768480448364,18.214785100013373,1e-05,True,40,development_isotonic_frozen
s0-i0,development,0,structural,p_saps_residualized,2,0.05,8897627c28a2051e,"[[0, 3, 5, 7, 9, 10], [1, 2, 4, 6, 8, 11]]",0.1358124486070241,-0.27007331197715684,0.5422293139365535,-2.0806608370492465e-15,,15.0,6.421466250929809,6.421466250929809,0.13689855036479925,-0.4088326866455101,-1.9653566564536264,"{""1"": 15, ""2"": 14, ""3"": 1}",6.421466250929809,6.421389602853326,19.66205421370319,1e-05,True,80,development_isotonic_frozen
s0-i0,development,0,structural,p_saps_projection,2,0.05,90214f19977bc6f7,"[[3, 4, 5, 6, 7, 9], [0, 1, 2, 8, 10, 11]]",0.1358124486070241,-0.28044399344179477,0.5232562262428565,-1.9952619023077562e-15,,10.0,9.329703013190098,9.329703013190098,0.132916177252957,0.7627206109605128,3.9636646256691463,"{""2"": 12, ""3"": 6, ""1"": 10, ""4"": 2}",9.329703013190098,9.329672799015945,23.618066463168056,1e-05,True,640,development_isotonic_frozen
s0-i0,development,0,structural,b_saps_budgeted,2,0.05,c01e8f34e6b06174,"[[0, 2, 5, 6, 8, 9], [1, 3, 4, 7, 10, 11]]",0.1358124486070241,-0.2852555585597779,0.5315433023887085,-2.4611476760451218e-15,,15.0,4.998140646152066,4.998140646152066,0.13689855036479925,-0.5607143311876944,-0.9982902205986388,"{""1"": 15, ""2"": 14, ""3"": 1}",4.998140646152066,4.9980849823754205,19.412501656413887,1e-05,True,40,development_isotonic_frozen
s0-i0,development,0,structural,random_balanced,2,0.15,c01e8f34e6b06174,"[[0, 2, 5, 6, 8, 9], [1, 3, 4, 7, 10, 11]]",1.6840666234508794,-0.2852555585597779,0.5315433023887085,-2.4611476760451218e-15,,15.0,4.998140646152066,4.998140646152066,1.991436036135778,-0.18771347491982726,3.512796605433249,"{""1"": 15, ""2"": 14, ""3"": 1}",4.998140646152066,4.9980849823754205,19.412501656413887,1e-05,True,40,development_isotonic_frozen
s0-i0,development,0,structural,confidence,2,0.15,3d1d2b738d30245d,"[[0, 5, 6, 7, 9, 11], [1, 2, 3, 4, 8, 10]]",1.6840666234508794,-0.24263615810349892,0.5850583885508707,-1.4368181190132684e-15,,13.0,5.338600583878611,5.338600583878611,1.6900138802420936,-0.018762615804681502,3.384939794076576,"{""1"": 13, ""2"": 11, ""3"": 5, ""4"": 1}",5.338600583878611,5.338580659869306,22.401369839315947,1e-05,True,40,development_isotonic_frozen
s0-i0,development,0,structural,entropy,2,0.15,3d1d2b738d30245d,"[[0, 5, 6, 7, 9, 11], [1, 2, 3, 4, 8, 10]]",1.6840666234508794,-0.24263615810349892,0.5850583885508707,-1.4368181190132684e-15,,13.0,5.338600583878611,5.338600583878611,1.6900138802420936,-0.018762615804681502,3.384939794076576,"{""1"": 13, ""2"": 11, ""3"": 5, ""4"": 1}",5.338600583878611,5.338580659869306,22.401369839315947,1e-05,True,40,development_isotonic_frozen
s0-i0,development,0,structural,dependency_cmi,2,0.15,75dfc120743ee0d2,"[[0, 1, 2, 3, 8, 11], [4, 5, 6, 7, 9, 10]]",1.6840666234508794,-0.3186302176807116,0.4619353293084345,-1.7164891804793113e-15,,6.0,7.213422866432184,7.213422866432184,1.0626371341909666,0.4527355887590021,3.512796605433249,"{""2"": 14, ""3"": 8, ""4"": 2, ""1"": 6}",7.213422866432184,7.2134060262284265,21.091428642658766,1e-05,True,40,development_isotonic_frozen
s0-i0,development,0,structural,min_within_batch_tc,2,0.15,442a6e26707b5ff2,"[[1, 6, 8, 9, 10, 11], [0, 2, 3, 4, 5, 7]]",1.6840666234508794,-0.29389384206428365,0.51143557350625,-1.2097939876335963e-15,,9.0,6.322269009849619,6.322269009849619,1.277214368266622,0.0,1.8945608796491047,"{""1"": 9, ""2"": 11, ""3"": 8, ""4"": 2}",6.322269009849619,6.322246928724272,24.19580096230656,1e-05,True,40,development_isotonic_frozen
s0-i0,development,0,structural,dprm_myopic,2,0.15,6ce79447941ed8ae,"[[0, 2, 3, 9, 10, 11], [1, 4, 5, 6, 7, 8]]",1.6840666234508794,-0.28836227546375315,0.515314473901061,-1.8096718541721715e-15,,10.0,9.656969620570543,9.656969620570543,1.4120883795624728,0.09462824330465378,5.115755078665728,"{""1"": 10, ""2"": 12, ""3"": 6, ""4"": 2}",9.656969620570543,9.656903423154862,21.261856918526234,1e-05,True,40,development_isotonic_frozen
s0-i0,development,0,structural,dprm_rollout,2,0.15,29060f616ca94f78,"[[0, 4, 8, 9, 10, 11], [1, 2, 3, 5, 6, 7]]",1.6840666234508794,-0.3030668084096551,0.505231150300948,-1.5173859575495333e-15,,6.0,5.6932704826889635,5.6932704826889635,1.0309630008889838,-0.3127972217786867,0.7865440876784418,"{""1"": 6, ""2"": 13, ""3"": 10, ""4"": 1}",5.6932704826889635,5.693258165524508,20.455180196441024,1e-05,True,40,development_isotonic_frozen
s0-i0,development,0,structural,subset_exact,2,0.15,72d267d9f715782b,"[[0, 2, 3, 6, 8, 9], [1, 4, 5, 7, 10, 11]]",1.6840666234508794,-0.2945121223892337,0.5075048977942056,-2.3953322146502126e-15,,15.0,7.89567912982776,7.89567912982776,1.991436036135778,0.2620709512115389,3.512796605433249,"{""1"": 15, ""2"": 14, ""3"": 1}",7.89567912982776,7.895614876561623,19.32680931714564,1e-05,True,40,development_isotonic_frozen
s0-i0,development,0,structural,subset_beam_8,2,0.15,0b9468fb7ad7adb4,"[[0, 4, 5, 7, 8, 11], [1, 2, 3, 6, 9, 10]]",1.6840666234508794,-0.2933559608365032,0.5142166005671126,-2.4655767114970824e-15,,13.0,6.5351367493878,6.5351367493878,1.7850362801480422,0.008918750683117193,3.163205720529233,"{""1"": 13, ""2"": 14, ""3"": 3}",6.5351367493878,6.535102847290114,21.104232234666906,1e-05,True,40,development_isotonic_frozen
s0-i0,development,0,structural,subset_beam_32,2,0.15,72d267d9f715782b,"[[0, 2, 3, 6, 8, 9], [1, 4, 5, 7, 10, 11]]",1.6840666234508794,-0.2945121223892337,0.5075048977942056,-2.3953322146502126e-15,,15.0,7.89567912982776,7.89567912982776,1.991436036135778,0.2620709512115389,3.512796605433249,"{""1"": 15, ""2"": 14, ""3"": 1}",7.89567912982776,7.895614876561623,19.32680931714564,1e-05,True,40,development_isotonic_frozen
s0-i0,development,0,structural,saps_diagonal,2,0.15,b296ea6c6b4d4052,"[[0, 2, 3, 5, 6, 8], [1, 4, 7, 9, 10, 11]]",1.6840666234508794,-0.3062531992204644,0.48702584996347076,-2.457608143698354e-15,,18.0,6.479812708930083,6.479812708930083,2.1426650036074677,0.21327888295259523,3.512796605433249,"{""1"": 18, ""2"": 9, ""3"": 3}",6.479812708930083,6.479768480448364,18.214785100013373,1e-05,True,40,development_isotonic_frozen
s0-i0,development,0,structural,p_saps_residualized,2,0.15,8897627c28a2051e,"[[0, 3, 5, 7, 9, 10], [1, 2, 4, 6, 8, 11]]",1.6840666234508794,-0.27007331197715684,0.5422293139365535,-2.0806608370492465e-15,,15.0,6.421466250929809,6.421466250929809,1.991436036135778,1.0264947264240614,3.035348909172561,"{""1"": 15, ""2"": 14, ""3"": 1}",6.421466250929809,6.421389602853326,19.66205421370319,1e-05,True,80,development_isotonic_frozen
s0-i0,development,0,structural,p_saps_projection,2,0.15,90214f19977bc6f7,"[[3, 4, 5, 6, 7, 9], [0, 1, 2, 8, 10, 11]]",1.6840666234508794,-0.28044399344179477,0.5232562262428565,-1.9952619023077562e-15,,10.0,9.329703013190098,9.329703013190098,1.4120883795624728,-0.4920630008559632,4.406563429742726,"{""2"": 12, ""3"": 6, ""1"": 10, ""4"": 2}",9.329703013190098,9.329672799015945,23.618066463168056,1e-05,True,640,development_isotonic_frozen
s0-i0,development,0,structural,b_saps_budgeted,2,0.15,7095833eec9ec163,"[[2, 3, 5, 6, 8, 9], [0, 1, 4, 7, 10, 11]]",1.6840666234508794,-0.2932523734797594,0.5128601424561339,-2.306033029285674e-15,,18.0,9.060335691862388,9.060335691862388,2.237687403513416,2.810586568491569,4.849347296955052,"{""2"": 12, ""1"": 18}",9.060335691862388,9.060274306477528,17.886570541295487,1e-05,True,40,development_isotonic_frozen
s0-i0,development,0,structural,random_balanced,3,0.01,cc448ef5da2c5fe2,"[[0, 5, 6, 9], [2, 7, 8, 10], [1, 3, 4, 11]]",0.03037937463266638,-0.5456315293559947,1.094604797711536,-1.130748274430041e-15,,14.0,6.260143057324735,6.260143057324735,0.03043471046988435,0.0,-0.2262385652636274,"{""1"": 14, ""2"": 14, ""3"": 2}",6.260143057324735,6.260117007232558,21.60406001188134,1e-05,True,40,development_isotonic_frozen
s0-i0,development,0,structural,confidence,3,0.01,15dfa040d9935d80,"[[6, 7, 9, 11], [0, 3, 5, 10], [1, 2, 4, 8]]",0.03037937463266638,-0.505807774207128,1.1348201523214088,-1.1782854531130983e-15,,22.0,7.601867077150273,7.601867077150273,0.03043471046988435,0.0,0.0,"{""1"": 22, ""2"": 7, ""3"": 1}",7.601867077150273,7.6017976847763755,19.175347779227096,1e-05,True,40,development_isotonic_frozen
s0-i0,development,0,structural,entropy,3,0.01,0376b0c4a03ff1bf,"[[5, 7, 9, 11], [0, 6, 8, 10], [1, 2, 3, 4]]",0.03037937463266638,-0.5109200854737007,1.1462313907580426,-1.0906947604647861e-15,,13.0,10.383130779365748,10.383130779365748,0.029420220120888203,0.0,0.0,"{""1"": 13, ""2"": 12, ""3"": 4, ""4"": 1}",10.383130779365748,10.383104916113766,24.696107044158595,1e-05,True,40,development_isotonic_frozen
s0-i0,development,0,structural,dependency_cmi,3,0.01,aa724d5697b58795,"[[1, 2, 3, 8], [0, 5, 6, 7], [4, 9, 10, 11]]",0.03037937463266638,-0.6370489670013693,0.928103856559139,-6.837414680689379e-16,,16.0,9.961215344991057,9.961215344991057,0.03043471046988435,-0.1237708596374828,-0.2262385652636274,"{""1"": 16, ""2"": 9, ""3"": 5}",9.961215344991057,9.961186452250445,16.99595830098181,1e-05,True,40,development_isotonic_frozen
s0-i0,development,0,structural,min_within_batch_tc,3,0.01,b876e4ad5f015a54,"[[0, 1, 2, 7], [6, 8, 9, 10], [3, 4, 5, 11]]",0.03037937463266638,-0.5977517754320719,1.0033754266844344,-1.0577997254758567e-15,,11.0,5.564332224759443,5.564332224759443,0.03043471046988435,0.0,0.27845206514340953,"{""2"": 12, ""3"": 7, ""1"": 11}",5.564332224759443,5.564305199308096,23.788943868030714,1e-05,True,40,development_isotonic_frozen
s0-i0,development,0,structural,dprm_myopic,3,0.01,5725b2d759b98b21,"[[0, 2, 3, 10], [6, 8, 9, 11], [1, 4, 5, 7]]",0.03037937463266638,-0.6071541177643662,0.9857268590167739,-7.301443520757968e-16,,16.0,8.719754950745934,8.719754950745934,0.03043471046988435,0.0,0.0,"{""1"": 16, ""2"": 12, ""3"": 2}",8.719754950745934,8.719694417068943,20.435223763459923,1e-05,True,40,development_isotonic_frozen
s0-i0,development,0,structural,dprm_rollout,3,0.01,ee7406e3a4e0706c,"[[0, 2, 7, 9], [1, 3, 4, 6], [5, 8, 10, 11]]",0.03037937463266638,-0.5762729616900171,1.0282075223829192,-1.4027262896935061e-15,,19.0,5.108812052941856,5.108812052941856,0.03043471046988435,-0.013496476956551127,0.0,"{""1"": 19, ""2"": 9, ""3"": 2}",5.108812052941856,5.108769171444141,22.119885681956998,1e-05,True,40,development_isotonic_frozen
s0-i0,development,0,structural,subset_exact,3,0.01,b0b30cdf8ac9a343,"[[0, 3, 8, 10], [6, 7, 9, 11], [1, 2, 4, 5]]",0.03037937463266638,-0.5830152306348132,1.0216389732330897,-1.0724889629836494e-15,,11.0,5.269156086488326,5.269156086488326,0.03043471046988435,0.0,0.0,"{""1"": 11, ""2"": 16, ""3"": 3}",5.269156086488326,5.269137235651897,22.234119748623318,1e-05,True,40,development_isotonic_frozen
s0-i0,development,0,structural,subset_beam_8,3,0.01,581845f2bc5f8d96,"[[0, 1, 2, 3], [6, 7, 9, 11], [4, 5, 8, 10]]",0.03037937463266638,-0.5935102739779552,0.980277866840428,-1.0241613914278763e-15,,13.0,7.264002274729028,7.264002274729028,0.029420220120888203,0.0,-0.2262385652636274,"{""2"": 14, ""3"": 2, ""4"": 1, ""1"": 13}",7.264002274729028,7.263947901507318,23.957700094090928,1e-05,True,40,development_isotonic_frozen
s0-i0,development,0,structural,subset_beam_32,3,0.01,b0b30cdf8ac9a343,"[[0, 3, 8, 10], [6, 7, 9, 11], [1, 2, 4, 5]]",0.03037937463266638,-0.5830152306348132,1.0216389732330897,-1.0724889629836494e-15,,11.0,5.269156086488326,5.269156086488326,0.03043471046988435,0.0,0.0,"{""1"": 11, ""2"": 16, ""3"": 3}",5.269156086488326,5.269137235651897,22.234119748623318,1e-05,True,40,development_isotonic_frozen
s0-i0,development,0,structural,saps_diagonal,3,0.01,31e20d23f68851a1,"[[0, 2, 6, 9], [3, 5, 7, 10], [1, 4, 8, 11]]",0.03037937463266638,-0.555536847215838,1.0669525473164951,-1.6216763671461304e-15,,27.0,3.548872380123547,3.548872380123547,0.03043471046988435,0.0,-0.2262385652636274,"{""1"": 27, ""2"": 3}",3.548872380123547,3.548813263549627,18.430871500979272,1e-05,True,40,development_isotonic_frozen
s0-i0,development,0,structural,p_saps_residualized,3,0.01,74ceb783fb5d15e0,"[[0, 2, 7, 8], [3, 5, 10, 11], [1, 4, 6, 9]]",0.03037937463266638,-0.5936423001335531,1.018974580968714,-1.4200869856407088e-15,,23.0,3.771709582300653,3.771709582300653,0.03043471046988435,0.0,0.0,"{""1"": 23, ""2"": 7}",3.771709582300653,3.7716443966440543,17.85426177523813,1e-05,True,80,development_isotonic_frozen
s0-i0,development,0,structural,p_saps_projection,3,0.01,0376b0c4a03ff1bf,"[[5, 7, 9, 11], [0, 6, 8, 10], [1, 2, 3, 4]]",0.03037937463266638,-0.5109200854737007,1.1462313907580426,-1.0906947604647861e-15,,13.0,10.383130779365748,10.383130779365748,0.029420220120888203,0.0,0.0,"{""1"": 13, ""2"": 12, ""3"": 4, ""4"": 1}",10.383130779365748,10.383104916113766,24.696107044158595,1e-05,True,640,development_isotonic_frozen
s0-i0,development,0,structural,b_saps_budgeted,3,0.01,cc448ef5da2c5fe2,"[[0, 5, 6, 9], [2, 7, 8, 10], [1, 3, 4, 11]]",0.03037937463266638,-0.5456315293559947,1.094604797711536,-1.130748274430041e-15,,14.0,6.260143057324735,6.260143057324735,0.03043471046988435,0.0,-0.2262385652636274,"{""1"": 14, ""2"": 14, ""3"": 2}",6.260143057324735,6.260117007232558,21.60406001188134,1e-05,True,40,development_isotonic_frozen
s0-i0,development,0,structural,random_balanced,3,0.05,cc448ef5da2c5fe2,"[[0, 5, 6, 9], [2, 7, 8, 10], [1, 3, 4, 11]]",0.13678994018902174,-0.5456315293559947,1.094604797711536,-1.130748274430041e-15,,14.0,6.260143057324735,6.260143057324735,0.13689855036479925,-0.04150074115355362,-2.4428043527143135,"{""1"": 14, ""2"": 14, ""3"": 2}",6.260143057324735,6.260117007232558,21.60406001188134,1e-05,True,40,development_isotonic_frozen
s0-i0,development,0,structural,confidence,3,0.05,15dfa040d9935d80,"[[6, 7, 9, 11], [0, 3, 5, 10], [1, 2, 4, 8]]",0.13678994018902174,-0.505807774207128,1.1348201523214088,-1.1782854531130983e-15,,22.0,7.601867077150273,7.601867077150273,0.13689855036479925,0.12211203224159378,4.042075537396271,"{""1"": 22, ""2"": 7, ""3"": 1}",7.601867077150273,7.6017976847763755,19.175347779227096,1e-05,True,40,development_isotonic_frozen
s0-i0,development,0,structural,entropy,3,0.05,0376b0c4a03ff1bf,"[[5, 7, 9, 11], [0, 6, 8, 10], [1, 2, 3, 4]]",0.13678994018902174,-0.5109200854737007,1.1462313907580426,-1.0906947604647861e-15,,13.0,10.383130779365748,10.383130779365748,0.13490736380887813,0.17476636371717047,2.7203069164556544,"{""1"": 13, ""2"": 12, ""3"": 4, ""4"": 1}",10.383130779365748,10.383104916113766,24.696107044158595,1e-05,True,40,development_isotonic_frozen
s0-i0,development,0,structural,dependency_cmi,3,0.05,aa724d5697b58795,"[[1, 2, 3, 8], [0, 5, 6, 7], [4, 9, 10, 11]]",0.13678994018902174,-0.6370489670013693,0.928103856559139,-6.837414680689379e-16,,16.0,9.961215344991057,9.961215344991057,0.13689855036479925,0.0060892798542384885,-0.19811639863207464,"{""1"": 16, ""2"": 9, ""3"": 5}",9.961215344991057,9.961186452250445,16.99595830098181,1e-05,True,40,development_isotonic_frozen
s0-i0,development,0,structural,min_within_batch_tc,3,0.05,b876e4ad5f015a54,"[[0, 1, 2, 7], [6, 8, 9, 10], [3, 4, 5, 11]]",0.13678994018902174,-0.5977517754320719,1.0033754266844344,-1.0577997254758567e-15,,11.0,5.564332224759443,5.564332224759443,0.13689855036479925,0.7397930101994946,-1.8643646042950914,"{""2"": 12, ""3"": 7, ""1"": 11}",5.564332224759443,5.564305199308096,23.788943868030714,1e-05,True,40,development_isotonic_frozen
s0-i0,development,0,structural,dprm_myopic,3,0.05,5725b2d759b98b21,"[[0, 2, 3, 10], [6, 8, 9, 11], [1, 4, 5, 7]]",0.13678994018902174,-0.6071541177643662,0.9857268590167739,-7.301443520757968e-16,,16.0,8.719754950745934,8.719754950745934,0.13689855036479925,0.0,-0.6981452353241719,"{""1"": 16, ""2"": 12, ""3"": 2}",8.719754950745934,8.719694417068943,20.435223763459923,1e-05,True,40,development_isotonic_frozen
s0-i0,development,0,structural,dprm_rollout,3,0.05,31636cb396b2afb3,"[[0, 2, 7, 9], [1, 3, 5, 6], [4, 8, 10, 11]]",0.13678994018902174,-0.5516631108842719,1.0659430963780732,-1.1409890648603941e-15,,21.0,5.865294532894867,5.865294532894867,0.13689855036479925,0.0,-0.6486993356946238,"{""1"": 21, ""2"": 8, ""3"": 1}",5.865294532894867,5.865259599935449,18.71939659798003,1e-05,True,40,development_isotonic_frozen
s0-i0,development,0,structural,subset_exact,3,0.05,04025ecc4588dbca,"[[0, 3, 5, 6], [7, 9, 10, 11], [1, 2, 4, 8]]",0.13678994018902174,-0.5421796147140917,1.0667129936048152,-1.2721585701159243e-15,,19.0,7.353679238715795,7.353679238715795,0.13689855036479925,0.6829348696620583,-0.6486993356946238,"{""1"": 19, ""2"": 9, ""3"": 2}",7.353679238715795,7.353624048290292,19.76654877114571,1e-05,True,40,development_isotonic_frozen
s0-i0,development,0,structural,subset_beam_8,3,0.05,a3c96a962330a04d,"[[0, 3, 6, 10], [5, 7, 9, 11], [1, 2, 4, 8]]",0.13678994018902174,-0.5547182577942406,1.0500995287570574,-1.3738662003059146e-15,,21.0,6.300560777875232,6.300560777875232,0.13689855036479925,-0.46615577086076065,0.673069285245993,"{""1"": 21, ""2"": 8, ""3"": 1}",6.300560777875232,6.300538196097866,19.182781064358096,1e-05,True,40,development_isotonic_frozen
s0-i0,development,0,structural,subset_beam_32,3,0.05,04025ecc4588dbca,"[[0, 3, 5, 6], [7, 9, 10, 11], [1, 2, 4, 8]]",0.13678994018902174,-0.5421796147140917,1.0667129936048152,-1.2721585701159243e-15,,19.0,7.353679238715795,7.353679238715795,0.13689855036479925,0.6829348696620583,-0.6486993356946238,"{""1"": 19, ""2"": 9, ""3"": 2}",7.353679238715795,7.353624048290292,19.76654877114571,1e-05,True,40,development_isotonic_frozen
s0-i0,development,0,structural,saps_diagonal,3,0.05,31e20d23f68851a1,"[[0, 2, 6, 9], [3, 5, 7, 10], [1, 4, 8, 11]]",0.13678994018902174,-0.555536847215838,1.0669525473164951,-1.6216763671461304e-15,,27.0,3.548872380123547,3.548872380123547,0.13689855036479925,-0.021914889535758708,-0.19300509845045966,"{""1"": 27, ""2"": 3}",3.548872380123547,3.548813263549627,18.430871500979272,1e-05,True,40,development_isotonic_frozen
s0-i0,development,0,structural,p_saps_residualized,3,0.05,74ceb783fb5d15e0,"[[0, 2, 7, 8], [3, 5, 10, 11], [1, 4, 6, 9]]",0.13678994018902174,-0.5936423001335531,1.018974580968714,-1.4200869856407088e-15,,23.0,3.771709582300653,3.771709582300653,0.13689855036479925,1.443204278164329,-1.2100329751940482,"{""1"": 23, ""2"": 7}",3.771709582300653,3.7716443966440543,17.85426177523813,1e-05,True,80,development_isotonic_frozen
s0-i0,development,0,structural,p_saps_projection,3,0.05,0376b0c4a03ff1bf,"[[5, 7, 9, 11], [0, 6, 8, 10], [1, 2, 3, 4]]",0.13678994018902174,-0.5109200854737007,1.1462313907580426,-1.0906947604647861e-15,,13.0,10.383130779365748,10.383130779365748,0.13490736380887813,0.17476636371717047,2.7203069164556544,"{""1"": 13, ""2"": 12, ""3"": 4, ""4"": 1}",10.383130779365748,10.383104916113766,24.696107044158595,1e-05,True,640,development_isotonic_frozen
s0-i0,development,0,structural,b_saps_budgeted,3,0.05,cc448ef5da2c5fe2,"[[0, 5, 6, 9], [2, 7, 8, 10], [1, 3, 4, 11]]",0.13678994018902174,-0.5456315293559947,1.094604797711536,-1.130748274430041e-15,,14.0,6.260143057324735,6.260143057324735,0.13689855036479925,-0.04150074115355362,-2.4428043527143135,"{""1"": 14, ""2"": 14, ""3"": 2}",6.260143057324735,6.260117007232558,21.60406001188134,1e-05,True,40,development_isotonic_frozen
s0-i0,development,0,structural,random_balanced,3,0.15,cc448ef5da2c5fe2,"[[0, 5, 6, 9], [2, 7, 8, 10], [1, 3, 4, 11]]",2.230054086118797,-0.5456315293559947,1.094604797711536,-1.130748274430041e-15,,14.0,6.260143057324735,6.260143057324735,1.88823615814191,1.0440407887501353,1.519310175202081,"{""1"": 14, ""2"": 14, ""3"": 2}",6.260143057324735,6.260117007232558,21.60406001188134,1e-05,True,40,development_isotonic_frozen
s0-i0,development,0,structural,confidence,3,0.15,15dfa040d9935d80,"[[6, 7, 9, 11], [0, 3, 5, 10], [1, 2, 4, 8]]",2.230054086118797,-0.505807774207128,1.1348201523214088,-1.1782854531130983e-15,,22.0,7.601867077150273,7.601867077150273,2.4921162489789737,-0.16564391669271494,5.743114121264529,"{""1"": 22, ""2"": 7, ""3"": 1}",7.601867077150273,7.6017976847763755,19.175347779227096,1e-05,True,40,development_isotonic_frozen
s0-i0,development,0,structural,entropy,3,0.15,0376b0c4a03ff1bf,"[[5, 7, 9, 11], [0, 6, 8, 10], [1, 2, 3, 4]]",2.230054086118797,-0.5109200854737007,1.1462313907580426,-1.0906947604647861e-15,,13.0,10.383130779365748,10.383130779365748,1.7216880135440764,1.2264283349943752,1.345755528535386,"{""1"": 13, ""2"": 12, ""3"": 4, ""4"": 1}",10.383130779365748,10.383104916113766,24.696107044158595,1e-05,True,40,development_isotonic_frozen
s0-i0,development,0,structural,dependency_cmi,3,0.15,aa724d5697b58795,"[[1, 2, 3, 8], [0, 5, 6, 7], [4, 9, 10, 11]]",2.230054086118797,-0.6370489670013693,0.928103856559139,-6.837414680689379e-16,,16.0,9.961215344991057,9.961215344991057,1.9362652476197317,-1.3489918644751002,4.499756412051037,"{""1"": 16, ""2"": 9, ""3"": 5}",9.961215344991057,9.961186452250445,16.99595830098181,1e-05,True,40,development_isotonic_frozen
s0-i0,development,0,structural,min_within_batch_tc,3,0.15,b876e4ad5f015a54,"[[0, 1, 2, 7], [6, 8, 9, 10], [3, 4, 5, 11]]",2.230054086118797,-0.5977517754320719,1.0033754266844344,-1.0577997254758567e-15,,11.0,5.564332224759443,5.564332224759443,1.5152882575563407,-1.6085452498994246,2.7940602722323327,"{""2"": 12, ""3"": 7, ""1"": 11}",5.564332224759443,5.564305199308096,23.788943868030714,1e-05,True,40,development_isotonic_frozen
s0-i0,development,0,structural,dprm_myopic,3,0.15,5725b2d759b98b21,"[[0, 2, 3, 10], [6, 8, 9, 11], [1, 4, 5, 7]]",2.230054086118797,-0.6071541177643662,0.9857268590167739,-7.301443520757968e-16,,16.0,8.719754950745934,8.719754950745934,2.03128764752568,-0.5828677745197192,3.7445405580955633,"{""1"": 16, ""2"": 12, ""3"": 2}",8.719754950745934,8.719694417068943,20.435223763459923,1e-05,True,40,development_isotonic_frozen
s0-i0,development,0,structural,dprm_rollout,3,0.15,3116096bd01fdd35,"[[0, 1, 2, 10], [4, 7, 9, 11], [3, 5, 6, 8]]",2.230054086118797,-0.6251250606365705,0.960598395546994,-1.8365241131699766e-15,,16.0,6.37414159165303,6.37414159165303,1.9996135142236975,1.6252546765379223,4.766164193761713,"{""2"": 11, ""3"": 3, ""1"": 16}",6.37414159165303,6.3741047967009985,25.108313179863014,1e-05,True,40,development_isotonic_frozen
s0-i0,development,0,structural,subset_exact,3,0.15,496d30c04bd0d12c,"[[0, 6, 7, 11], [3, 5, 9, 10], [1, 2, 4, 8]]",2.230054086118797,-0.5188085999478329,1.1089858598287456,-9.86010058920913e-16,,20.0,7.8953667763051625,7.8953667763051625,2.3490647595952034,-0.18965101607552937,2.1509587822448086,"{""1"": 20, ""2"": 9, ""3"": 1}",7.8953667763051625,7.895253589849638,19.19239025542773,1e-05,True,40,development_isotonic_frozen
s0-i0,development,0,structural,subset_beam_8,3,0.15,496d30c04bd0d12c,"[[0, 6, 7, 11], [3, 5, 9, 10], [1, 2, 4, 8]]",2.230054086118797,-0.5188085999478329,1.1089858598287456,-9.86010058920913e-16,,20.0,7.8953667763051625,7.8953667763051625,2.3490647595952034,-0.18965101607552937,2.1509587822448086,"{""1"": 20, ""2"": 9, ""3"": 1}",7.8953667763051625,7.895253589849638,19.19239025542773,1e-05,True,40,development_isotonic_frozen
s0-i0,development,0,structural,subset_beam_32,3,0.15,496d30c04bd0d12c,"[[0, 6, 7, 11], [3, 5, 9, 10], [1, 2, 4, 8]]",2.230054086118797,-0.5188085999478329,1.1089858598287456,-9.86010058920913e-16,,20.0,7.8953667763051625,7.8953667763051625,2.3490647595952034,-0.18965101607552937,2.1509587822448086,"{""1"": 20, ""2"": 9, ""3"": 1}",7.8953667763051625,7.895253589849638,19.19239025542773,1e-05,True,40,development_isotonic_frozen
s0-i0,development,0,structural,saps_diagonal,3,0.15,31e20d23f68851a1,"[[0, 2, 6, 9], [3, 5, 7, 10], [1, 4, 8, 11]]",2.230054086118797,-0.555536847215838,1.0669525473164951,-1.6216763671461304e-15,,27.0,3.548872380123547,3.548872380123547,2.881419105740382,0.06043371664153032,4.756154314646741,"{""1"": 27, ""2"": 3}",3.548872380123547,3.548813263549627,18.430871500979272,1e-05,True,40,development_isotonic_frozen
s0-i0,development,0,structural,p_saps_residualized,3,0.15,74ceb783fb5d15e0,"[[0, 2, 7, 8], [3, 5, 10, 11], [1, 4, 6, 9]]",2.230054086118797,-0.5936423001335531,1.018974580968714,-1.4200869856407088e-15,,23.0,3.771709582300653,3.771709582300653,2.5953161269728415,-0.5354683317959444,1.0324316393876989,"{""1"": 23, ""2"": 7}",3.771709582300653,3.7716443966440543,17.85426177523813,1e-05,True,80,development_isotonic_frozen
s0-i0,development,0,structural,p_saps_projection,3,0.15,0376b0c4a03ff1bf,"[[5, 7, 9, 11], [0, 6, 8, 10], [1, 2, 3, 4]]",2.230054086118797,-0.5109200854737007,1.1462313907580426,-1.0906947604647861e-15,,13.0,10.383130779365748,10.383130779365748,1.7216880135440764,1.2264283349943752,1.345755528535386,"{""1"": 13, ""2"": 12, ""3"": 4, ""4"": 1}",10.383130779365748,10.383104916113766,24.696107044158595,1e-05,True,640,development_isotonic_frozen
s0-i0,development,0,structural,b_saps_budgeted,3,0.15,31e20d23f68851a1,"[[0, 2, 6, 9], [3, 5, 7, 10], [1, 4, 8, 11]]",2.230054086118797,-0.555536847215838,1.0669525473164951,-1.6216763671461304e-15,,27.0,3.548872380123547,3.548872380123547,2.881419105740382,0.06043371664153032,4.756154314646741,"{""1"": 27, ""2"": 3}",3.548872380123547,3.548813263549627,18.430871500979272,1e-05,True,40,development_isotonic_frozen
s0-i0,development,0,structural,random_balanced,4,0.01,dfbb0dbfcc5f66fb,"[[0, 6, 9], [2, 5, 8], [3, 7, 10], [1, 4, 11]]",0.03043471046988435,-0.8401436517452286,1.6021096955057414,-1.1058506811324462e-15,,28.0,3.8532618089381705,3.8532618089381705,0.03043471046988435,0.0,-0.2262385652636274,"{""1"": 28, ""2"": 2}",3.8532618089381705,3.853194873773562,13.202771160760696,1e-05,True,40,development_isotonic_frozen
s0-i0,development,0,structural,confidence,4,0.01,440bcb4728c48651,"[[7, 9, 11], [0, 5, 6], [3, 8, 10], [1, 2, 4]]",0.03043471046988435,-0.7628128074066555,1.70725137471441,-8.344508647506837e-16,,18.0,8.404029675220253,8.404029675220253,0.03043471046988435,0.0,0.0,"{""1"": 18, ""2"": 11, ""3"": 1}",8.404029675220253,8.403993324117366,21.25433938850215,1e-05,True,40,development_isotonic_frozen
s0-i0,development,0,structural,entropy,4,0.01,b788b3d5680289be,"[[7, 9, 11], [0, 5, 6], [2, 8, 10], [1, 3, 4]]",0.03043471046988435,-0.7681330953521314,1.7118425441422769,-7.494600780672546e-16,,17.0,6.585391428989526,6.585391428989526,0.03043471046988435,-0.021914889535758666,-0.2262385652636274,"{""1"": 17, ""2"": 12, ""3"": 1}",6.585391428989526,6.585375874181277,19.94302571482142,1e-05,True,40,development_isotonic_frozen
s0-i0,development,0,structural,dependency_cmi,4,0.01,1c2e90e4dc3dd3cb,"[[1, 2, 3], [0, 6, 7], [5, 9, 10], [4, 8, 11]]",0.03043471046988435,-0.9105395686342174,1.4456663186094731,-3.158479862407331e-16,,24.0,7.662891748771962,7.662891748771962,0.03043471046988435,0.0,-0.2262385652636274,"{""1"": 24, ""2"": 5, ""3"": 1}",7.662891748771962,7.662834536876141,17.76396627723777,1e-05,True,40,development_isotonic_frozen
s0-i0,development,0,structural,min_within_batch_tc,4,0.01,675a8782755e5245,"[[0, 1, 2], [6, 8, 9], [4, 5, 10], [3, 7, 11]]",0.03043471046988435,-0.942581158167395,1.4378009163361545,-8.790385912933671e-16,,24.0,7.384249245913599,7.384249245913599,0.03043471046988435,0.0,-0.2262385652636274,"{""2"": 5, ""3"": 1, ""1"": 24}",7.384249245913599,7.384191681686321,15.140379127621848,1e-05,True,40,development_isotonic_frozen
s0-i0,development,0,structural,dprm_myopic,4,0.01,761763396c0117a4,"[[2, 3, 10], [0, 9, 11], [6, 7, 8], [1, 4, 5]]",0.03043471046988435,-0.8853433629944115,1.5192476108289055,-4.989583356147944e-16,,15.0,7.411448756991317,7.411448756991317,0.03043471046988435,0.0,0.0,"{""1"": 15, ""2"": 13, ""3"": 2}",7.411448756991317,7.411364721060956,23.552106134615606,1e-05,True,40,development_isotonic_frozen
s0-i0,development,0,structural,dprm_rollout,4,0.01,e8dd9240837a86ff,"[[2, 9, 10], [0, 3, 8], [5, 7, 11], [1, 4, 6]]",0.03043471046988435,-0.8839157670423226,1.5457544687159883,-9.869434891640175e-16,,25.0,6.985498417555622,6.985498417555622,0.03043471046988435,0.04985270861827466,0.0,"{""1"": 25, ""2"": 5}",6.985498417555622,6.985399099098095,14.310871123054076,1e-05,True,40,development_isotonic_frozen
s0-i0,development,0,structural,subset_exact,4,0.01,1decc42dc5818978,"[[0, 1, 3], [7, 9, 11], [5, 6, 8], [2, 4, 10]]",0.03043471046988435,-0.8477555781784071,1.533884982728648,-9.021341993749308e-16,,21.0,5.59073454222238,5.59073454222238,0.03043471046988435,0.0,-0.2262385652636274,"{""2"": 8, ""1"": 21, ""3"": 1}",5.59073454222238,5.590702689220705,18.274793268904972,1e-05,True,40,development_isotonic_frozen
s0-i0,development,0,structural,subset_beam_8,4,0.01,1decc42dc5818978,"[[0, 1, 3], [7, 9, 11], [5, 6, 8], [2, 4, 10]]",0.03043471046988435,-0.8477555781784071,1.533884982728648,-9.021341993749308e-16,,21.0,5.59073454222238,5.59073454222238,0.03043471046988435,0.0,-0.2262385652636274,"{""2"": 8, ""1"": 21, ""3"": 1}",5.59073454222238,5.590702689220705,18.274793268904972,1e-05,True,40,development_isotonic_frozen
s0-i0,development,0,structural,subset_beam_32,4,0.01,1decc42dc5818978,"[[0, 1, 3], [7, 9, 11], [5, 6, 8], [2, 4, 10]]",0.03043471046988435,-0.8477555781784071,1.533884982728648,-9.021341993749308e-16,,21.0,5.59073454222238,5.59073454222238,0.03043471046988435,0.0,-0.2262385652636274,"{""2"": 8, ""1"": 21, ""3"": 1}",5.59073454222238,5.590702689220705,18.274793268904972,1e-05,True,40,development_isotonic_frozen
s0-i0,development,0,structural,saps_diagonal,4,0.01,1d550d978e7cee9f,"[[0, 4, 9], [2, 5, 8], [3, 7, 11], [1, 6, 10]]",0.03043471046988435,-0.8975557235241985,1.520518536373011,-1.115139984650973e-15,,30.0,6.951973476971418,6.951973476971418,0.03043471046988435,0.0,0.0,"{""1"": 30}",6.951973476971418,6.951905141082697,14.355759461284647,1e-05,True,40,development_isotonic_frozen
s0-i0,development,0,structural,p_saps_residualized,4,0.01,6693eebc388ba2e5,"[[1, 7, 8], [0, 3, 11], [2, 5, 10], [4, 6, 9]]",0.03043471046988435,-0.9072206054733577,1.4706503140343894,-9.241919845103996e-16,,25.0,5.097887872078283,5.097887872078283,0.03043471046988435,0.0,-0.2262385652636274,"{""1"": 25, ""2"": 5}",5.097887872078283,5.097817587694807,17.617752247250376,1e-05,True,80,development_isotonic_frozen
s0-i0,development,0,structural,p_saps_projection,4,0.01,de78bfad28845242,"[[3, 6, 11], [0, 2, 10], [4, 7, 9], [1, 5, 8]]",0.03043471046988435,-0.8745679737162249,1.5118980603473358,-1.293887005924346e-15,,29.0,8.420272309976836,8.420272309976836,0.03043471046988435,0.0,0.0,"{""1"": 29, ""2"": 1}",8.420272309976836,8.420184657598131,18.55569352261133,1e-05,True,640,development_isotonic_frozen
s0-i0,development,0,structural,b_saps_budgeted,4,0.01,dfbb0dbfcc5f66fb,"[[0, 6, 9], [2, 5, 8], [3, 7, 10], [1, 4, 11]]",0.03043471046988435,-0.8401436517452286,1.6021096955057414,-1.1058506811324462e-15,,28.0,3.8532618089381705,3.8532618089381705,0.03043471046988435,0.0,-0.2262385652636274,"{""1"": 28, ""2"": 2}",3.8532618089381705,3.853194873773562,13.202771160760696,1e-05,True,40,development_isotonic_frozen
s0-i0,development,0,structural,random_balanced,4,0.05,dfbb0dbfcc5f66fb,"[[0, 6, 9], [2, 5, 8], [3, 7, 10], [1, 4, 11]]",0.13689855036479925,-0.8401436517452286,1.6021096955057414,-1.1058506811324462e-15,,28.0,3.8532618089381705,3.8532618089381705,0.13689855036479925,0.0,0.5946583735188682,"{""1"": 28, ""2"": 2}",3.8532618089381705,3.853194873773562,13.202771160760696,1e-05,True,40,development_isotonic_frozen
s0-i0,development,0,structural,confidence,4,0.05,440bcb4728c48651,"[[7, 9, 11], [0, 5, 6], [3, 8, 10], [1, 2, 4]]",0.13689855036479925,-0.7628128074066555,1.70725137471441,-8.344508647506837e-16,,18.0,8.404029675220253,8.404029675220253,0.13689855036479925,-0.12878884342585578,5.969090316161891,"{""1"": 18, ""2"": 11, ""3"": 1}",8.404029675220253,8.403993324117366,21.25433938850215,1e-05,True,40,development_isotonic_frozen
s0-i0,development,0,structural,entropy,4,0.05,b788b3d5680289be,"[[7, 9, 11], [0, 5, 6], [2, 8, 10], [1, 3, 4]]",0.13689855036479925,-0.7681330953521314,1.7118425441422769,-7.494600780672546e-16,,17.0,6.585391428989526,6.585391428989526,0.13689855036479925,-0.6961456571710753,5.109579666311406,"{""1"": 17, ""2"": 12, ""3"": 1}",6.585391428989526,6.585375874181277,19.94302571482142,1e-05,True,40,development_isotonic_frozen
s0-i0,development,0,structural,dependency_cmi,4,0.05,1c2e90e4dc3dd3cb,"[[1, 2, 3], [0, 6, 7], [5, 9, 10], [4, 8, 11]]",0.13689855036479925,-0.9105395686342174,1.4456663186094731,-3.158479862407331e-16,,24.0,7.662891748771962,7.662891748771962,0.13689855036479925,-0.1745299565011713,4.313255510573162,"{""1"": 24, ""2"": 5, ""3"": 1}",7.662891748771962,7.662834536876141,17.76396627723777,1e-05,True,40,development_isotonic_frozen
s0-i0,development,0,structural,min_within_batch_tc,4,0.05,675a8782755e5245,"[[0, 1, 2], [6, 8, 9], [4, 5, 10], [3, 7, 11]]",0.13689855036479925,-0.942581158167395,1.4378009163361545,-8.790385912933671e-16,,24.0,7.384249245913599,7.384249245913599,0.13689855036479925,0.2012262199704673,0.6956504256774023,"{""2"": 5, ""3"": 1, ""1"": 24}",7.384249245913599,7.384191681686321,15.140379127621848,1e-05,True,40,development_isotonic_frozen
s0-i0,development,0,structural,dprm_myopic,4,0.05,761763396c0117a4,"[[2, 3, 10], [0, 9, 11], [6, 7, 8], [1, 4, 5]]",0.13689855036479925,-0.8853433629944115,1.5192476108289055,-4.989583356147944e-16,,15.0,7.411448756991317,7.411448756991317,0.13689855036479925,0.0,2.6244261644787343,"{""1"": 15, ""2"": 13, ""3"": 2}",7.411448756991317,7.411364721060956,23.552106134615606,1e-05,True,40,development_isotonic_frozen
s0-i0,development,0,structural,dprm_rollout,4,0.05,55f5d6bda9285388,"[[2, 4, 10], [6, 9, 11], [0, 7, 8], [1, 3, 5]]",0.13689855036479925,-0.9297026976623209,1.4803051240806522,-5.550030027187411e-16,,18.0,8.239846888760324,8.239846888760324,0.13689855036479925,0.014420439502631943,4.042075537396271,"{""1"": 18, ""2"": 12}",8.239846888760324,8.239825829035137,21.756994997989608,1e-05,True,40,development_isotonic_frozen
s0-i0,development,0,structural,subset_exact,4,0.05,4f25286f4e177468,"[[0, 3, 7], [5, 9, 11], [6, 8, 10], [1, 2, 4]]",0.13689855036479925,-0.7999687077703252,1.6311630678606848,-5.335340893685922e-16,,17.0,5.491786368853732,5.491786368853732,0.13689855036479925,0.0,-0.6210068950815995,"{""1"": 17, ""2"": 12, ""3"": 1}",5.491786368853732,5.49177759007503,21.849173524731164,1e-05,True,40,development_isotonic_frozen
s0-i0,development,0,structural,subset_beam_8,4,0.05,4f25286f4e177468,"[[0, 3, 7], [5, 9, 11], [6, 8, 10], [1, 2, 4]]",0.13689855036479925,-0.7999687077703252,1.6311630678606848,-5.335340893685922e-16,,17.0,5.491786368853732,5.491786368853732,0.13689855036479925,0.0,-0.6210068950815995,"{""1"": 17, ""2"": 12, ""3"": 1}",5.491786368853732,5.49177759007503,21.849173524731164,1e-05,True,40,development_isotonic_frozen
s0-i0,development,0,structural,subset_beam_32,4,0.05,4f25286f4e177468,"[[0, 3, 7], [5, 9, 11], [6, 8, 10], [1, 2, 4]]",0.13689855036479925,-0.7999687077703252,1.6311630678606848,-5.335340893685922e-16,,17.0,5.491786368853732,5.491786368853732,0.13689855036479925,0.0,-0.6210068950815995,"{""1"": 17, ""2"": 12, ""3"": 1}",5.491786368853732,5.49177759007503,21.849173524731164,1e-05,True,40,development_isotonic_frozen
s0-i0,development,0,structural,saps_diagonal,4,0.05,1d550d978e7cee9f,"[[0, 4, 9], [2, 5, 8], [3, 7, 11], [1, 6, 10]]",0.13689855036479925,-0.8975557235241985,1.520518536373011,-1.115139984650973e-15,,30.0,6.951973476971418,6.951973476971418,0.13689855036479925,-0.05185261035617585,-0.6210068950815995,"{""1"": 30}",6.951973476971418,6.951905141082697,14.355759461284647,1e-05,True,40,development_isotonic_frozen
s0-i0,development,0,structural,p_saps_residualized,4,0.05,6693eebc388ba2e5,"[[1, 7, 8], [0, 3, 11], [2, 5, 10], [4, 6, 9]]",0.13689855036479925,-0.9072206054733577,1.4706503140343894,-9.241919845103996e-16,,25.0,5.097887872078283,5.097887872078283,0.13689855036479925,0.0,1.831651392327792,"{""1"": 25, ""2"": 5}",5.097887872078283,5.097817587694807,17.617752247250376,1e-05,True,80,development_isotonic_frozen
s0-i0,development,0,structural,p_saps_projection,4,0.05,de78bfad28845242,"[[3, 6, 11], [0, 2, 10], [4, 7, 9], [1, 5, 8]]",0.13689855036479925,-0.8745679737162249,1.5118980603473358,-1.293887005924346e-15,,29.0,8.420272309976836,8.420272309976836,0.13689855036479925,-0.013358073037609901,4.042075537396271,"{""1"": 29, ""2"": 1}",8.420272309976836,8.420184657598131,18.55569352261133,1e-05,True,640,development_isotonic_frozen
s0-i0,development,0,structural,b_saps_budgeted,4,0.05,dfbb0dbfcc5f66fb,"[[0, 6, 9], [2, 5, 8], [3, 7, 10], [1, 4, 11]]",0.13689855036479925,-0.8401436517452286,1.6021096955057414,-1.1058506811324462e-15,,28.0,3.8532618089381705,3.8532618089381705,0.13689855036479925,0.0,0.5946583735188682,"{""1"": 28, ""2"": 2}",3.8532618089381705,3.853194873773562,13.202771160760696,1e-05,True,40,development_isotonic_frozen
s0-i0,development,0,structural,random_balanced,4,0.15,dfbb0dbfcc5f66fb,"[[0, 6, 9], [2, 5, 8], [3, 7, 10], [1, 4, 11]]",2.5141677093901182,-0.8401436517452286,1.6021096955057414,-1.1058506811324462e-15,,28.0,3.8532618089381705,3.8532618089381705,2.9529448504322673,0.2703102158119308,3.035348909172561,"{""1"": 28, ""2"": 2}",3.8532618089381705,3.853194873773562,13.202771160760696,1e-05,True,40,development_isotonic_frozen
s0-i0,development,0,structural,confidence,4,0.15,440bcb4728c48651,"[[7, 9, 11], [0, 5, 6], [3, 8, 10], [1, 2, 4]]",2.5141677093901182,-0.7628128074066555,1.70725137471441,-8.344508647506837e-16,,18.0,8.404029675220253,8.404029675220253,2.2060132702114332,0.02281103993034109,6.452305770187532,"{""1"": 18, ""2"": 11, ""3"": 1}",8.404029675220253,8.403993324117366,21.25433938850215,1e-05,True,40,development_isotonic_frozen
s0-i0,development,0,structural,entropy,4,0.15,b788b3d5680289be,"[[7, 9, 11], [0, 5, 6], [2, 8, 10], [1, 3, 4]]",2.5141677093901182,-0.7681330953521314,1.7118425441422769,-7.494600780672546e-16,,17.0,6.585391428989526,6.585391428989526,2.1344875255195483,0.11384407644004751,6.452305770187532,"{""1"": 17, ""2"": 12, ""3"": 1}",6.585391428989526,6.585375874181277,19.94302571482142,1e-05,True,40,development_isotonic_frozen
s0-i0,development,0,structural,dependency_cmi,4,0.15,1c2e90e4dc3dd3cb,"[[1, 2, 3], [0, 6, 7], [5, 9, 10], [4, 8, 11]]",2.5141677093901182,-0.9105395686342174,1.4456663186094731,-3.158479862407331e-16,,24.0,7.662891748771962,7.662891748771962,2.635167738362744,-2.171217784294091,4.679064091519958,"{""1"": 24, ""2"": 5, ""3"": 1}",7.662891748771962,7.662834536876141,17.76396627723777,1e-05,True,40,development_isotonic_frozen
s0-i0,development,0,structural,min_within_batch_tc,4,0.15,675a8782755e5245,"[[0, 1, 2], [6, 8, 9], [4, 5, 10], [3, 7, 11]]",2.5141677093901182,-0.942581158167395,1.4378009163361545,-8.790385912933671e-16,,24.0,7.384249245913599,7.384249245913599,2.635167738362744,-0.3764882726769875,4.406563429742726,"{""2"": 5, ""3"": 1, ""1"": 24}",7.384249245913599,7.384191681686321,15.140379127621848,1e-05,True,40,development_isotonic_frozen
s0-i0,development,0,structural,dprm_myopic,4,0.15,761763396c0117a4,"[[2, 3, 10], [0, 9, 11], [6, 7, 8], [1, 4, 5]]",2.5141677093901182,-0.8853433629944115,1.5192476108289055,-4.989583356147944e-16,,15.0,7.411448756991317,7.411448756991317,1.9597619028337951,0.4894910838938265,2.8246908061768012,"{""1"": 15, ""2"": 13, ""3"": 2}",7.411448756991317,7.411364721060956,23.552106134615606,1e-05,True,40,development_isotonic_frozen
s0-i0,development,0,structural,dprm_rollout,4,0.15,c21070dc51a2be5d,"[[4, 5, 8], [2, 6, 10], [0, 3, 9], [1, 7, 11]]",2.5141677093901182,-0.9707566595063878,1.4165637029278983,-9.422310021456028e-16,,29.0,8.495422530774182,8.495422530774182,3.024470595124152,0.012888181742891167,4.499756412051037,"{""1"": 29, ""2"": 1}",8.495422530774182,8.495393037017726,11.109405493843568,1e-05,True,40,development_isotonic_frozen
s0-i0,development,0,structural,subset_exact,4,0.15,1212da8ddbb74b95,"[[4, 9, 11], [0, 5, 7], [3, 6, 8], [1, 2, 10]]",2.5141677093901182,-0.8334577754194602,1.6010133075357935,-8.000288397043393e-16,,21.0,9.761900269413193,9.761900269413193,2.4522646375890713,-0.49553252119064095,4.499756412051037,"{""1"": 21, ""2"": 9}",9.761900269413193,9.7618448952377,15.900285332489746,1e-05,True,40,development_isotonic_frozen
s0-i0,development,0,structural,subset_beam_8,4,0.15,a4aea46363c9abe0,"[[0, 6, 7], [5, 9, 11], [3, 8, 10], [1, 2, 4]]",2.5141677093901182,-0.7805740254084453,1.6728274306332327,-5.107753421146941e-16,,19.0,6.848427942152574,6.848427942152574,2.2775390149033186,-0.07723073325266515,3.384939794076576,"{""1"": 19, ""2"": 10, ""3"": 1}",6.848427942152574,6.848388474205769,21.251827239348522,1e-05,True,40,development_isotonic_frozen
s0-i0,development,0,structural,subset_beam_32,4,0.15,1212da8ddbb74b95,"[[4, 9, 11], [0, 5, 7], [3, 6, 8], [1, 2, 10]]",2.5141677093901182,-0.8334577754194602,1.6010133075357935,-8.000288397043393e-16,,21.0,9.761900269413193,9.761900269413193,2.4522646375890713,-0.49553252119064095,4.499756412051037,"{""1"": 21, ""2"": 9}",9.761900269413193,9.7618448952377,15.900285332489746,1e-05,True,40,development_isotonic_frozen
s0-i0,development,0,structural,saps_diagonal,4,0.15,1d550d978e7cee9f,"[[0, 4, 9], [2, 5, 8], [3, 7, 11], [1, 6, 10]]",2.5141677093901182,-0.8975557235241985,1.520518536373011,-1.115139984650973e-15,,30.0,6.951973476971418,6.951973476971418,3.0959963398160375,-0.09108558985050073,3.035348909172561,"{""1"": 30}",6.951973476971418,6.951905141082697,14.355759461284647,1e-05,True,40,development_isotonic_frozen
s0-i0,development,0,structural,p_saps_residualized,4,0.15,6693eebc388ba2e5,"[[1, 7, 8], [0, 3, 11], [2, 5, 10], [4, 6, 9]]",2.5141677093901182,-0.9072206054733577,1.4706503140343894,-9.241919845103996e-16,,25.0,5.097887872078283,5.097887872078283,2.7383676163566117,0.7457593372890373,3.086115497402451,"{""1"": 25, ""2"": 5}",5.097887872078283,5.097817587694807,17.617752247250376,1e-05,True,80,development_isotonic_frozen
s0-i0,development,0,structural,p_saps_projection,4,0.15,de78bfad28845242,"[[3, 6, 11], [0, 2, 10], [4, 7, 9], [1, 5, 8]]",2.5141677093901182,-0.8745679737162249,1.5118980603473358,-1.293887005924346e-15,,29.0,8.420272309976836,8.420272309976836,3.024470595124152,-0.6740211735935913,3.6023301610080223,"{""1"": 29, ""2"": 1}",8.420272309976836,8.420184657598131,18.55569352261133,1e-05,True,640,development_isotonic_frozen
s0-i0,development,0,structural,b_saps_budgeted,4,0.15,1d550d978e7cee9f,"[[0, 4, 9], [2, 5, 8], [3, 7, 11], [1, 6, 10]]",2.5141677093901182,-0.8975557235241985,1.520518536373011,-1.115139984650973e-15,,30.0,6.951973476971418,6.951973476971418,3.0959963398160375,-0.09108558985050073,3.035348909172561,"{""1"": 30}",6.951973476971418,6.951905141082697,14.355759461284647,1e-05,True,40,development_isotonic_frozen
s1-i0,development,1,oracle,random_balanced,1,0.01,54a0dc573c0908b1,"[[0, 1, 2, 3, 4, 5, 6, 7, 8, 9, 10, 11]]",0.001014490348996145,-0.0,0.0,-6.8996750852527804e-15,,0.9999999999999999,7.441935101172087,7.441935101172087,0.001014490348996145,0.018166705466530667,0.22112638895344716,"{""1"": 12}",7.441935101172087,7.441859279333573,2.550905428611322,1e-05,True,40,development_isotonic_frozen
s1-i0,development,1,oracle,confidence,1,0.01,54a0dc573c0908b1,"[[0, 1, 2, 3, 4, 5, 6, 7, 8, 9, 10, 11]]",0.001014490348996145,-0.0,0.0,-6.8996750852527804e-15,,0.9999999999999999,7.441935101172087,7.441935101172087,0.001014490348996145,0.018166705466530667,0.22112638895344716,"{""1"": 12}",7.441935101172087,7.441859279333573,2.550905428611322,1e-05,True,40,development_isotonic_frozen
s1-i0,development,1,oracle,entropy,1,0.01,54a0dc573c0908b1,"[[0, 1, 2, 3, 4, 5, 6, 7, 8, 9, 10, 11]]",0.001014490348996145,-0.0,0.0,-6.8996750852527804e-15,,0.9999999999999999,7.441935101172087,7.441935101172087,0.001014490348996145,0.018166705466530667,0.22112638895344716,"{""1"": 12}",7.441935101172087,7.441859279333573,2.550905428611322,1e-05,True,40,development_isotonic_frozen
s1-i0,development,1,oracle,dependency_cmi,1,0.01,54a0dc573c0908b1,"[[0, 1, 2, 3, 4, 5, 6, 7, 8, 9, 10, 11]]",0.001014490348996145,-0.0,0.0,-6.8996750852527804e-15,,0.9999999999999999,7.441935101172087,7.441935101172087,0.001014490348996145,0.018166705466530667,0.22112638895344716,"{""1"": 12}",7.441935101172087,7.441859279333573,2.550905428611322,1e-05,True,40,development_isotonic_frozen
s1-i0,development,1,oracle,min_within_batch_tc,1,0.01,54a0dc573c0908b1,"[[0, 1, 2, 3, 4, 5, 6, 7, 8, 9, 10, 11]]",0.001014490348996145,-0.0,0.0,-6.8996750852527804e-15,,0.9999999999999999,7.441935101172087,7.441935101172087,0.001014490348996145,0.018166705466530667,0.22112638895344716,"{""1"": 12}",7.441935101172087,7.441859279333573,2.550905428611322,1e-05,True,40,development_isotonic_frozen
s1-i0,development,1,oracle,dprm_myopic,1,0.01,54a0dc573c0908b1,"[[0, 1, 2, 3, 4, 5, 6, 7, 8, 9, 10, 11]]",0.001014490348996145,-0.0,0.0,-6.8996750852527804e-15,,0.9999999999999999,7.441935101172087,7.441935101172087,0.001014490348996145,0.018166705466530667,0.22112638895344716,"{""1"": 12}",7.441935101172087,7.441859279333573,2.550905428611322,1e-05,True,40,development_isotonic_frozen
s1-i0,development,1,oracle,dprm_rollout,1,0.01,54a0dc573c0908b1,"[[0, 1, 2, 3, 4, 5, 6, 7, 8, 9, 10, 11]]",0.001014490348996145,-0.0,0.0,-6.8996750852527804e-15,,0.9999999999999999,7.441935101172087,7.441935101172087,0.001014490348996145,0.018166705466530667,0.22112638895344716,"{""1"": 12}",7.441935101172087,7.441859279333573,2.550905428611322,1e-05,True,40,development_isotonic_frozen
s1-i0,development,1,oracle,subset_exact,1,0.01,54a0dc573c0908b1,"[[0, 1, 2, 3, 4, 5, 6, 7, 8, 9, 10, 11]]",0.001014490348996145,-0.0,0.0,-6.8996750852527804e-15,,0.9999999999999999,7.441935101172087,7.441935101172087,0.001014490348996145,0.018166705466530667,0.22112638895344716,"{""1"": 12}",7.441935101172087,7.441859279333573,2.550905428611322,1e-05,True,40,development_isotonic_frozen
s1-i0,development,1,oracle,subset_beam_8,1,0.01,54a0dc573c0908b1,"[[0, 1, 2, 3, 4, 5, 6, 7, 8, 9, 10, 11]]",0.001014490348996145,-0.0,0.0,-6.8996750852527804e-15,,0.9999999999999999,7.441935101172087,7.441935101172087,0.001014490348996145,0.018166705466530667,0.22112638895344716,"{""1"": 12}",7.441935101172087,7.441859279333573,2.550905428611322,1e-05,True,40,development_isotonic_frozen
s1-i0,development,1,oracle,subset_beam_32,1,0.01,54a0dc573c0908b1,"[[0, 1, 2, 3, 4, 5, 6, 7, 8, 9, 10, 11]]",0.001014490348996145,-0.0,0.0,-6.8996750852527804e-15,,0.9999999999999999,7.441935101172087,7.441935101172087,0.001014490348996145,0.018166705466530667,0.22112638895344716,"{""1"": 12}",7.441935101172087,7.441859279333573,2.550905428611322,1e-05,True,40,development_isotonic_frozen
s1-i0,development,1,oracle,saps_diagonal,1,0.01,54a0dc573c0908b1,"[[0, 1, 2, 3, 4, 5, 6, 7, 8, 9, 10, 11]]",0.001014490348996145,-0.0,0.0,-6.8996750852527804e-15,,0.9999999999999999,7.441935101172087,7.441935101172087,0.001014490348996145,0.018166705466530667,0.22112638895344716,"{""1"": 12}",7.441935101172087,7.441859279333573,2.550905428611322,1e-05,True,40,development_isotonic_frozen
s1-i0,development,1,oracle,p_saps_residualized,1,0.01,54a0dc573c0908b1,"[[0, 1, 2, 3, 4, 5, 6, 7, 8, 9, 10, 11]]",0.001014490348996145,-0.0,0.0,-6.8996750852527804e-15,,0.9999999999999999,7.441935101172087,7.441935101172087,0.001014490348996145,0.018166705466530667,0.22112638895344716,"{""1"": 12}",7.441935101172087,7.441859279333573,2.550905428611322,1e-05,True,40,development_isotonic_frozen
s1-i0,development,1,oracle,p_saps_projection,1,0.01,54a0dc573c0908b1,"[[0, 1, 2, 3, 4, 5, 6, 7, 8, 9, 10, 11]]",0.001014490348996145,-0.0,0.0,-6.8996750852527804e-15,,0.9999999999999999,7.441935101172087,7.441935101172087,0.001014490348996145,0.018166705466530667,0.22112638895344716,"{""1"": 12}",7.441935101172087,7.441859279333573,2.550905428611322,1e-05,True,40,development_isotonic_frozen
s1-i0,development,1,oracle,b_saps_budgeted,1,0.01,54a0dc573c0908b1,"[[0, 1, 2, 3, 4, 5, 6, 7, 8, 9, 10, 11]]",0.001014490348996145,-0.0,0.0,-6.8996750852527804e-15,,0.9999999999999999,7.441935101172087,7.441935101172087,0.001014490348996145,0.018166705466530667,0.22112638895344716,"{""1"": 12}",7.441935101172087,7.441859279333573,2.550905428611322,1e-05,True,40,development_isotonic_frozen
s1-i0,development,1,oracle,random_balanced,1,0.05,54a0dc573c0908b1,"[[0, 1, 2, 3, 4, 5, 6, 7, 8, 9, 10, 11]]",0.004563285012159975,-0.0,0.0,-6.8996750852527804e-15,,0.9999999999999999,7.441935101172087,7.441935101172087,0.004563285012159975,0.0,0.0,"{""1"": 12}",7.441935101172087,7.441859279333573,2.550905428611322,1e-05,True,40,development_isotonic_frozen
s1-i0,development,1,oracle,confidence,1,0.05,54a0dc573c0908b1,"[[0, 1, 2, 3, 4, 5, 6, 7, 8, 9, 10, 11]]",0.004563285012159975,-0.0,0.0,-6.8996750852527804e-15,,0.9999999999999999,7.441935101172087,7.441935101172087,0.004563285012159975,0.0,0.0,"{""1"": 12}",7.441935101172087,7.441859279333573,2.550905428611322,1e-05,True,40,development_isotonic_frozen
s1-i0,development,1,oracle,entropy,1,0.05,54a0dc573c0908b1,"[[0, 1, 2, 3, 4, 5, 6, 7, 8, 9, 10, 11]]",0.004563285012159975,-0.0,0.0,-6.8996750852527804e-15,,0.9999999999999999,7.441935101172087,7.441935101172087,0.004563285012159975,0.0,0.0,"{""1"": 12}",7.441935101172087,7.441859279333573,2.550905428611322,1e-05,True,40,development_isotonic_frozen
s1-i0,development,1,oracle,dependency_cmi,1,0.05,54a0dc573c0908b1,"[[0, 1, 2, 3, 4, 5, 6, 7, 8, 9, 10, 11]]",0.004563285012159975,-0.0,0.0,-6.8996750852527804e-15,,0.9999999999999999,7.441935101172087,7.441935101172087,0.004563285012159975,0.0,0.0,"{""1"": 12}",7.441935101172087,7.441859279333573,2.550905428611322,1e-05,True,40,development_isotonic_frozen
s1-i0,development,1,oracle,min_within_batch_tc,1,0.05,54a0dc573c0908b1,"[[0, 1, 2, 3, 4, 5, 6, 7, 8, 9, 10, 11]]",0.004563285012159975,-0.0,0.0,-6.8996750852527804e-15,,0.9999999999999999,7.441935101172087,7.441935101172087,0.004563285012159975,0.0,0.0,"{""1"": 12}",7.441935101172087,7.441859279333573,2.550905428611322,1e-05,True,40,development_isotonic_frozen
s1-i0,development,1,oracle,dprm_myopic,1,0.05,54a0dc573c0908b1,"[[0, 1, 2, 3, 4, 5, 6, 7, 8, 9, 10, 11]]",0.004563285012159975,-0.0,0.0,-6.8996750852527804e-15,,0.9999999999999999,7.441935101172087,7.441935101172087,0.004563285012159975,0.0,0.0,"{""1"": 12}",7.441935101172087,7.441859279333573,2.550905428611322,1e-05,True,40,development_isotonic_frozen
s1-i0,development,1,oracle,dprm_rollout,1,0.05,54a0dc573c0908b1,"[[0, 1, 2, 3, 4, 5, 6, 7, 8, 9, 10, 11]]",0.004563285012159975,-0.0,0.0,-6.8996750852527804e-15,,0.9999999999999999,7.441935101172087,7.441935101172087,0.004563285012159975,0.0,0.0,"{""1"": 12}",7.441935101172087,7.441859279333573,2.550905428611322,1e-05,True,40,development_isotonic_frozen
s1-i0,development,1,oracle,subset_exact,1,0.05,54a0dc573c0908b1,"[[0, 1, 2, 3, 4, 5, 6, 7, 8, 9, 10, 11]]",0.004563285012159975,-0.0,0.0,-6.8996750852527804e-15,,0.9999999999999999,7.441935101172087,7.441935101172087,0.004563285012159975,0.0,0.0,"{""1"": 12}",7.441935101172087,7.441859279333573,2.550905428611322,1e-05,True,40,development_isotonic_frozen
s1-i0,development,1,oracle,subset_beam_8,1,0.05,54a0dc573c0908b1,"[[0, 1, 2, 3, 4, 5, 6, 7, 8, 9, 10, 11]]",0.004563285012159975,-0.0,0.0,-6.8996750852527804e-15,,0.9999999999999999,7.441935101172087,7.441935101172087,0.004563285012159975,0.0,0.0,"{""1"": 12}",7.441935101172087,7.441859279333573,2.550905428611322,1e-05,True,40,development_isotonic_frozen
s1-i0,development,1,oracle,subset_beam_32,1,0.05,54a0dc573c0908b1,"[[0, 1, 2, 3, 4, 5, 6, 7, 8, 9, 10, 11]]",0.004563285012159975,-0.0,0.0,-6.8996750852527804e-15,,0.9999999999999999,7.441935101172087,7.441935101172087,0.004563285012159975,0.0,0.0,"{""1"": 12}",7.441935101172087,7.441859279333573,2.550905428611322,1e-05,True,40,development_isotonic_frozen
s1-i0,development,1,oracle,saps_diagonal,1,0.05,54a0dc573c0908b1,"[[0, 1, 2, 3, 4, 5, 6, 7, 8, 9, 10, 11]]",0.004563285012159975,-0.0,0.0,-6.8996750852527804e-15,,0.9999999999999999,7.441935101172087,7.441935101172087,0.004563285012159975,0.0,0.0,"{""1"": 12}",7.441935101172087,7.441859279333573,2.550905428611322,1e-05,True,40,development_isotonic_frozen
s1-i0,development,1,oracle,p_saps_residualized,1,0.05,54a0dc573c0908b1,"[[0, 1, 2, 3, 4, 5, 6, 7, 8, 9, 10, 11]]",0.004563285012159975,-0.0,0.0,-6.8996750852527804e-15,,0.9999999999999999,7.441935101172087,7.441935101172087,0.004563285012159975,0.0,0.0,"{""1"": 12}",7.441935101172087,7.441859279333573,2.550905428611322,1e-05,True,40,development_isotonic_frozen
s1-i0,development,1,oracle,p_saps_projection,1,0.05,54a0dc573c0908b1,"[[0, 1, 2, 3, 4, 5, 6, 7, 8, 9, 10, 11]]",0.004563285012159975,-0.0,0.0,-6.8996750852527804e-15,,0.9999999999999999,7.441935101172087,7.441935101172087,0.004563285012159975,0.0,0.0,"{""1"": 12}",7.441935101172087,7.441859279333573,2.550905428611322,1e-05,True,40,development_isotonic_frozen
s1-i0,development,1,oracle,b_saps_budgeted,1,0.05,54a0dc573c0908b1,"[[0, 1, 2, 3, 4, 5, 6, 7, 8, 9, 10, 11]]",0.004563285012159975,-0.0,0.0,-6.8996750852527804e-15,,0.9999999999999999,7.441935101172087,7.441935101172087,0.004563285012159975,0.0,0.0,"{""1"": 12}",7.441935101172087,7.441859279333573,2.550905428611322,1e-05,True,40,development_isotonic_frozen
s1-i0,development,1,oracle,random_balanced,1,0.15,54a0dc573c0908b1,"[[0, 1, 2, 3, 4, 5, 6, 7, 8, 9, 10, 11]]",0.1031998779938679,-0.0,0.0,-6.8996750852527804e-15,,0.9999999999999999,7.441935101172087,7.441935101172087,0.1031998779938679,-0.05776729396973776,2.4961141900058137,"{""1"": 12}",7.441935101172087,7.441859279333573,2.550905428611322,1e-05,True,40,development_isotonic_frozen
s1-i0,development,1,oracle,confidence,1,0.15,54a0dc573c0908b1,"[[0, 1, 2, 3, 4, 5, 6, 7, 8, 9, 10, 11]]",0.1031998779938679,-0.0,0.0,-6.8996750852527804e-15,,0.9999999999999999,7.441935101172087,7.441935101172087,0.1031998779938679,-0.05776729396973776,2.4961141900058137,"{""1"": 12}",7.441935101172087,7.441859279333573,2.550905428611322,1e-05,True,40,development_isotonic_frozen
s1-i0,development,1,oracle,entropy,1,0.15,54a0dc573c0908b1,"[[0, 1, 2, 3, 4, 5, 6, 7, 8, 9, 10, 11]]",0.1031998779938679,-0.0,0.0,-6.8996750852527804e-15,,0.9999999999999999,7.441935101172087,7.441935101172087,0.1031998779938679,-0.05776729396973776,2.4961141900058137,"{""1"": 12}",7.441935101172087,7.441859279333573,2.550905428611322,1e-05,True,40,development_isotonic_frozen
s1-i0,development,1,oracle,dependency_cmi,1,0.15,54a0dc573c0908b1,"[[0, 1, 2, 3, 4, 5, 6, 7, 8, 9, 10, 11]]",0.1031998779938679,-0.0,0.0,-6.8996750852527804e-15,,0.9999999999999999,7.441935101172087,7.441935101172087,0.1031998779938679,-0.05776729396973776,2.4961141900058137,"{""1"": 12}",7.441935101172087,7.441859279333573,2.550905428611322,1e-05,True,40,development_isotonic_frozen
s1-i0,development,1,oracle,min_within_batch_tc,1,0.15,54a0dc573c0908b1,"[[0, 1, 2, 3, 4, 5, 6, 7, 8, 9, 10, 11]]",0.1031998779938679,-0.0,0.0,-6.8996750852527804e-15,,0.9999999999999999,7.441935101172087,7.441935101172087,0.1031998779938679,-0.05776729396973776,2.4961141900058137,"{""1"": 12}",7.441935101172087,7.441859279333573,2.550905428611322,1e-05,True,40,development_isotonic_frozen
s1-i0,development,1,oracle,dprm_myopic,1,0.15,54a0dc573c0908b1,"[[0, 1, 2, 3, 4, 5, 6, 7, 8, 9, 10, 11]]",0.1031998779938679,-0.0,0.0,-6.8996750852527804e-15,,0.9999999999999999,7.441935101172087,7.441935101172087,0.1031998779938679,-0.05776729396973776,2.4961141900058137,"{""1"": 12}",7.441935101172087,7.441859279333573,2.550905428611322,1e-05,True,40,development_isotonic_frozen
s1-i0,development,1,oracle,dprm_rollout,1,0.15,54a0dc573c0908b1,"[[0, 1, 2, 3, 4, 5, 6, 7, 8, 9, 10, 11]]",0.1031998779938679,-0.0,0.0,-6.8996750852527804e-15,,0.9999999999999999,7.441935101172087,7.441935101172087,0.1031998779938679,-0.05776729396973776,2.4961141900058137,"{""1"": 12}",7.441935101172087,7.441859279333573,2.550905428611322,1e-05,True,40,development_isotonic_frozen
s1-i0,development,1,oracle,subset_exact,1,0.15,54a0dc573c0908b1,"[[0, 1, 2, 3, 4, 5, 6, 7, 8, 9, 10, 11]]",0.1031998779938679,-0.0,0.0,-6.8996750852527804e-15,,0.9999999999999999,7.441935101172087,7.441935101172087,0.1031998779938679,-0.05776729396973776,2.4961141900058137,"{""1"": 12}",7.441935101172087,7.441859279333573,2.550905428611322,1e-05,True,40,development_isotonic_frozen
s1-i0,development,1,oracle,subset_beam_8,1,0.15,54a0dc573c0908b1,"[[0, 1, 2, 3, 4, 5, 6, 7, 8, 9, 10, 11]]",0.1031998779938679,-0.0,0.0,-6.8996750852527804e-15,,0.9999999999999999,7.441935101172087,7.441935101172087,0.1031998779938679,-0.05776729396973776,2.4961141900058137,"{""1"": 12}",7.441935101172087,7.441859279333573,2.550905428611322,1e-05,True,40,development_isotonic_frozen
s1-i0,development,1,oracle,subset_beam_32,1,0.15,54a0dc573c0908b1,"[[0, 1, 2, 3, 4, 5, 6, 7, 8, 9, 10, 11]]",0.1031998779938679,-0.0,0.0,-6.8996750852527804e-15,,0.9999999999999999,7.441935101172087,7.441935101172087,0.1031998779938679,-0.05776729396973776,2.4961141900058137,"{""1"": 12}",7.441935101172087,7.441859279333573,2.550905428611322,1e-05,True,40,development_isotonic_frozen
s1-i0,development,1,oracle,saps_diagonal,1,0.15,54a0dc573c0908b1,"[[0, 1, 2, 3, 4, 5, 6, 7, 8, 9, 10, 11]]",0.1031998779938679,-0.0,0.0,-6.8996750852527804e-15,,0.9999999999999999,7.441935101172087,7.441935101172087,0.1031998779938679,-0.05776729396973776,2.4961141900058137,"{""1"": 12}",7.441935101172087,7.441859279333573,2.550905428611322,1e-05,True,40,development_isotonic_frozen
s1-i0,development,1,oracle,p_saps_residualized,1,0.15,54a0dc573c0908b1,"[[0, 1, 2, 3, 4, 5, 6, 7, 8, 9, 10, 11]]",0.1031998779938679,-0.0,0.0,-6.8996750852527804e-15,,0.9999999999999999,7.441935101172087,7.441935101172087,0.1031998779938679,-0.05776729396973776,2.4961141900058137,"{""1"": 12}",7.441935101172087,7.441859279333573,2.550905428611322,1e-05,True,40,development_isotonic_frozen
s1-i0,development,1,oracle,p_saps_projection,1,0.15,54a0dc573c0908b1,"[[0, 1, 2, 3, 4, 5, 6, 7, 8, 9, 10, 11]]",0.1031998779938679,-0.0,0.0,-6.8996750852527804e-15,,0.9999999999999999,7.441935101172087,7.441935101172087,0.1031998779938679,-0.05776729396973776,2.4961141900058137,"{""1"": 12}",7.441935101172087,7.441859279333573,2.550905428611322,1e-05,True,40,development_isotonic_frozen
s1-i0,development,1,oracle,b_saps_budgeted,1,0.15,54a0dc573c0908b1,"[[0, 1, 2, 3, 4, 5, 6, 7, 8, 9, 10, 11]]",0.1031998779938679,-0.0,0.0,-6.8996750852527804e-15,,0.9999999999999999,7.441935101172087,7.441935101172087,0.1031998779938679,-0.05776729396973776,2.4961141900058137,"{""1"": 12}",7.441935101172087,7.441859279333573,2.550905428611322,1e-05,True,40,development_isotonic_frozen
s1-i0,development,1,oracle,random_balanced,2,0.01,02882af90e328598,"[[0, 3, 5, 7, 8, 10], [1, 2, 4, 6, 9, 11]]",0.001014490348996145,-0.3010148409151254,0.4930482411836263,-2.668125055921109e-15,,0.9999999999999999,8.185081970889936,8.185081970889936,0.001014490348996145,0.0,1.655275634197043,"{""1"": 12}",8.185081970889936,8.18499063883168,2.320110057235754,1e-05,True,40,development_isotonic_frozen
s1-i0,development,1,oracle,confidence,2,0.01,0aabe004b98fe60f,"[[0, 4, 6, 9, 10, 11], [1, 2, 3, 5, 7, 8]]",0.001014490348996145,-0.21351374808477486,0.5876631402632456,-2.8428648515262768e-15,,0.9999999999999999,5.369677760078363,5.369677760078363,0.001014490348996145,0.3919657412461352,0.0,"{""1"": 12}",5.369677760078363,5.369594359791626,2.7154258427902347,1e-05,True,40,development_isotonic_frozen
s1-i0,development,1,oracle,entropy,2,0.01,8a3b6152223e7ca9,"[[0, 4, 7, 9, 10, 11], [1, 2, 3, 5, 6, 8]]",0.001014490348996145,-0.21610373852888068,0.6008180423800403,-2.2901625169303482e-15,,0.9999999999999999,8.039496713004464,8.039496713004464,0.001014490348996145,0.0,0.0,"{""1"": 12}",8.039496713004464,8.039411839278225,2.7005134845325225,1e-05,True,40,development_isotonic_frozen
s1-i0,development,1,oracle,dependency_cmi,2,0.01,810b4715070d4d69,"[[1, 2, 3, 4, 5, 6], [0, 7, 8, 9, 10, 11]]",0.001014490348996145,-0.3126106345459116,0.4554608388548385,-1.968385956268394e-15,,0.9999999999999999,7.736322226722754,7.736322226722754,0.001014490348996145,0.0,0.3167038946073939,"{""1"": 12}",7.736322226722754,7.736239299766694,2.6842888862593446,1e-05,True,40,development_isotonic_frozen
s1-i0,development,1,oracle,min_within_batch_tc,2,0.01,21328cc8e163a84a,"[[1, 7, 8, 9, 10, 11], [0, 2, 3, 4, 5, 6]]",0.001014490348996145,-0.2668678814050944,0.5266638718887648,-1.7277980282997418e-15,,0.9999999999999999,8.4488867380698,8.4488867380698,0.001014490348996145,0.0,0.3670377324835643,"{""1"": 12}",8.4488867380698,8.44880394419404,2.715349974582287,1e-05,True,40,development_isotonic_frozen
s1-i0,development,1,oracle,dprm_myopic,2,0.01,bdd2f723b64c3716,"[[1, 2, 6, 7, 9, 11], [0, 3, 4, 5, 8, 10]]",0.001014490348996145,-0.26502030322758957,0.5279217196903441,-2.9929736853444738e-15,,0.9999999999999999,7.854646228805709,7.854646228805709,0.001014490348996145,-0.09425958565548034,0.22112638895344716,"{""1"": 12}",7.854646228805709,7.854572029542219,2.830356562585286,1e-05,True,40,development_isotonic_frozen
s1-i0,development,1,oracle,dprm_rollout,2,0.01,8619e535bd9b42f5,"[[4, 5, 6, 7, 9, 11], [0, 1, 2, 3, 8, 10]]",0.001014490348996145,-0.25331580289628797,0.5583441336353202,-3.603838229056049e-15,,0.9999999999999999,7.395558751552523,7.395558751552523,0.001014490348996145,0.0,0.3670377324835643,"{""1"": 12}",7.395558751552523,7.3954784902483635,2.7735235326828804,1e-05,True,40,development_isotonic_frozen
s1-i0,development,1,oracle,subset_exact,2,0.01,6fba27343288f6cc,"[[0, 1, 2, 3, 4, 6], [5, 7, 8, 9, 10, 11]]",0.001014490348996145,-0.2770903103016758,0.4923081022290447,-3.034352882059991e-15,,0.9999999999999999,7.595231437240108,7.595231437240108,0.001014490348996145,0.0,-0.050333837876170406,"{""1"": 12}",7.595231437240108,7.5951484956025075,2.808571471061286,1e-05,True,40,development_isotonic_frozen
s1-i0,development,1,oracle,subset_beam_8,2,0.01,6fba27343288f6cc,"[[0, 1, 2, 3, 4, 6], [5, 7, 8, 9, 10, 11]]",0.001014490348996145,-0.2770903103016758,0.4923081022290447,-3.034352882059991e-15,,0.9999999999999999,7.595231437240108,7.595231437240108,0.001014490348996145,0.0,-0.050333837876170406,"{""1"": 12}",7.595231437240108,7.5951484956025075,2.808571471061286,1e-05,True,40,development_isotonic_frozen
s1-i0,development,1,oracle,subset_beam_32,2,0.01,6fba27343288f6cc,"[[0, 1, 2, 3, 4, 6], [5, 7, 8, 9, 10, 11]]",0.001014490348996145,-0.2770903103016758,0.4923081022290447,-3.034352882059991e-15,,0.9999999999999999,7.595231437240108,7.595231437240108,0.001014490348996145,0.0,-0.050333837876170406,"{""1"": 12}",7.595231437240108,7.5951484956025075,2.808571471061286,1e-05,True,40,development_isotonic_frozen
s1-i0,development,1,oracle,saps_diagonal,2,0.01,02882af90e328598,"[[0, 3, 5, 7, 8, 10], [1, 2, 4, 6, 9, 11]]",0.001014490348996145,-0.3010148409151254,0.4930482411836263,-2.668125055921109e-15,,0.9999999999999999,8.185081970889936,8.185081970889936,0.001014490348996145,0.0,1.655275634197043,"{""1"": 12}",8.185081970889936,8.18499063883168,2.320110057235754,1e-05,True,40,development_isotonic_frozen
s1-i0,development,1,oracle,p_saps_residualized,2,0.01,fa42982abc4c80a0,"[[0, 1, 2, 4, 7, 9], [3, 5, 6, 8, 10, 11]]",0.001014490348996145,-0.2655849744932487,0.5231484342867073,-3.6234209379837826e-15,,0.9999999999999999,8.574774481390385,8.574774481390385,0.001014490348996145,0.10401706748338521,-0.050333837876170406,"{""1"": 12}",8.574774481390385,8.574690762051166,2.8971745987525703,1e-05,True,80,development_isotonic_frozen
s1-i0,development,1,oracle,p_saps_projection,2,0.01,fa42982abc4c80a0,"[[0, 1, 2, 4, 7, 9], [3, 5, 6, 8, 10, 11]]",0.001014490348996145,-0.2655849744932487,0.5231484342867073,-3.6234209379837826e-15,,0.9999999999999999,8.574774481390385,8.574774481390385,0.001014490348996145,0.10401706748338521,-0.050333837876170406,"{""1"": 12}",8.574774481390385,8.574690762051166,2.8971745987525703,1e-05,True,640,development_isotonic_frozen
s1-i0,development,1,oracle,b_saps_budgeted,2,0.01,02882af90e328598,"[[0, 3, 5, 7, 8, 10], [1, 2, 4, 6, 9, 11]]",0.001014490348996145,-0.3010148409151254,0.4930482411836263,-2.668125055921109e-15,,0.9999999999999999,8.185081970889936,8.185081970889936,0.001014490348996145,0.0,1.655275634197043,"{""1"": 12}",8.185081970889936,8.18499063883168,2.320110057235754,1e-05,True,40,development_isotonic_frozen
s1-i0,development,1,oracle,random_balanced,2,0.05,02882af90e328598,"[[0, 3, 5, 7, 8, 10], [1, 2, 4, 6, 9, 11]]",0.004563285012159975,-0.3010148409151254,0.4930482411836263,-2.668125055921109e-15,,0.9999999999999999,8.185081970889936,8.185081970889936,0.004563285012159975,0.11307294562864681,0.0,"{""1"": 12}",8.185081970889936,8.18499063883168,2.320110057235754,1e-05,True,40,development_isotonic_frozen
s1-i0,development,1,oracle,confidence,2,0.05,0aabe004b98fe60f,"[[0, 4, 6, 9, 10, 11], [1, 2, 3, 5, 7, 8]]",0.004563285012159975,-0.21351374808477486,0.5876631402632456,-2.8428648515262768e-15,,0.9999999999999999,5.369677760078363,5.369677760078363,0.004563285012159975,0.45546806732046796,0.0,"{""1"": 12}",5.369677760078363,5.369594359791626,2.7154258427902347,1e-05,True,40,development_isotonic_frozen
s1-i0,development,1,oracle,entropy,2,0.05,8a3b6152223e7ca9,"[[0, 4, 7, 9, 10, 11], [1, 2, 3, 5, 6, 8]]",0.004563285012159975,-0.21610373852888068,0.6008180423800403,-2.2901625169303482e-15,,0.9999999999999999,8.039496713004464,8.039496713004464,0.004563285012159975,0.40011331561987773,-1.7891249275972483,"{""1"": 12}",8.039496713004464,8.039411839278225,2.7005134845325225,1e-05,True,40,development_isotonic_frozen
s1-i0,development,1,oracle,dependency_cmi,2,0.05,810b4715070d4d69,"[[1, 2, 3, 4, 5, 6], [0, 7, 8, 9, 10, 11]]",0.004563285012159975,-0.3126106345459116,0.4554608388548385,-1.968385956268394e-15,,0.9999999999999999,7.736322226722754,7.736322226722754,0.004563285012159975,-0.07078796434493095,0.0,"{""1"": 12}",7.736322226722754,7.736239299766694,2.6842888862593446,1e-05,True,40,development_isotonic_frozen
s1-i0,development,1,oracle,min_within_batch_tc,2,0.05,21328cc8e163a84a,"[[1, 7, 8, 9, 10, 11], [0, 2, 3, 4, 5, 6]]",0.004563285012159975,-0.2668678814050944,0.5266638718887648,-1.7277980282997418e-15,,0.9999999999999999,8.4488867380698,8.4488867380698,0.004563285012159975,0.0,0.0,"{""1"": 12}",8.4488867380698,8.44880394419404,2.715349974582287,1e-05,True,40,development_isotonic_frozen
s1-i0,development,1,oracle,dprm_myopic,2,0.05,bdd2f723b64c3716,"[[1, 2, 6, 7, 9, 11], [0, 3, 4, 5, 8, 10]]",0.004563285012159975,-0.26502030322758957,0.5279217196903441,-2.9929736853444738e-15,,0.9999999999999999,7.854646228805709,7.854646228805709,0.004563285012159975,-0.13078132195923298,0.6141952703293856,"{""1"": 12}",7.854646228805709,7.854572029542219,2.830356562585286,1e-05,True,40,development_isotonic_frozen
s1-i0,development,1,oracle,dprm_rollout,2,0.05,d5970f68ae563f8d,"[[3, 4, 5, 7, 9, 11], [0, 1, 2, 6, 8, 10]]",0.004563285012159975,-0.2568699003959477,0.5589927766481766,-3.495404658214011e-15,,0.9999999999999999,8.88515834696295,8.88515834696295,0.004563285012159975,0.6887846021322963,0.0,"{""1"": 12}",8.88515834696295,8.885071410991436,2.451872450881975,1e-05,True,40,development_isotonic_frozen
s1-i0,development,1,oracle,subset_exact,2,0.05,12dae86b05549e4e,"[[1, 2, 6, 7, 8, 9], [0, 3, 4, 5, 10, 11]]",0.004563285012159975,-0.3125428835365293,0.45863692706775433,-3.082758804536258e-15,,0.9999999999999999,7.261541005330082,7.261541005330082,0.004563285012159975,-0.029311385654934262,0.0,"{""1"": 12}",7.261541005330082,7.26146131756631,2.5461210161408494,1e-05,True,40,development_isotonic_frozen
s1-i0,development,1,oracle,subset_beam_8,2,0.05,c26b05e0c5dc4def,"[[0, 1, 2, 5, 6, 7], [3, 4, 8, 9, 10, 11]]",0.004563285012159975,-0.29941939907089404,0.48401478270002657,-2.7961731014012178e-15,,0.9999999999999999,8.692912242704397,8.692912242704397,0.004563285012159975,-0.034974866532341393,0.0,"{""1"": 12}",8.692912242704397,8.692833760640905,2.9477544964858216,1e-05,True,40,development_isotonic_frozen
s1-i0,development,1,oracle,subset_beam_32,2,0.05,d7b1cf8cf817362e,"[[0, 2, 3, 4, 6, 8], [1, 5, 7, 9, 10, 11]]",0.004563285012159975,-0.2957933656219846,0.4790960919812428,-2.9418820830682315e-15,,0.9999999999999999,6.723724563007179,6.723724563007179,0.004563285012159975,-0.3025907836659304,0.0,"{""1"": 12}",6.723724563007179,6.723638107926765,2.392575614312109,1e-05,True,40,development_isotonic_frozen
s1-i0,development,1,oracle,saps_diagonal,2,0.05,02882af90e328598,"[[0, 3, 5, 7, 8, 10], [1, 2, 4, 6, 9, 11]]",0.004563285012159975,-0.3010148409151254,0.4930482411836263,-2.668125055921109e-15,,0.9999999999999999,8.185081970889936,8.185081970889936,0.004563285012159975,0.11307294562864681,0.0,"{""1"": 12}",8.185081970889936,8.18499063883168,2.320110057235754,1e-05,True,40,development_isotonic_frozen
s1-i0,development,1,oracle,p_saps_residualized,2,0.05,fa42982abc4c80a0,"[[0, 1, 2, 4, 7, 9], [3, 5, 6, 8, 10, 11]]",0.004563285012159975,-0.2655849744932487,0.5231484342867073,-3.6234209379837826e-15,,0.9999999999999999,8.574774481390385,8.574774481390385,0.004563285012159975,0.8256159963188507,-1.2899383625618386,"{""1"": 12}",8.574774481390385,8.574690762051166,2.8971745987525703,1e-05,True,80,development_isotonic_frozen
s1-i0,development,1,oracle,p_saps_projection,2,0.05,fa42982abc4c80a0,"[[0, 1, 2, 4, 7, 9], [3, 5, 6, 8, 10, 11]]",0.004563285012159975,-0.2655849744932487,0.5231484342867073,-3.6234209379837826e-15,,0.9999999999999999,8.574774481390385,8.574774481390385,0.004563285012159975,0.8256159963188507,-1.2899383625618386,"{""1"": 12}",8.574774481390385,8.574690762051166,2.8971745987525703,1e-05,True,640,development_isotonic_frozen
s1-i0,development,1,oracle,b_saps_budgeted,2,0.05,02882af90e328598,"[[0, 3, 5, 7, 8, 10], [1, 2, 4, 6, 9, 11]]",0.004563285012159975,-0.3010148409151254,0.4930482411836263,-2.668125055921109e-15,,0.9999999999999999,8.185081970889936,8.185081970889936,0.004563285012159975,0.11307294562864681,0.0,"{""1"": 12}",8.185081970889936,8.18499063883168,2.320110057235754,1e-05,True,40,development_isotonic_frozen
s1-i0,development,1,oracle,random_balanced,2,0.15,02882af90e328598,"[[0, 3, 5, 7, 8, 10], [1, 2, 4, 6, 9, 11]]",0.1031998779938679,-0.3010148409151254,0.4930482411836263,-2.668125055921109e-15,,0.9999999999999999,8.185081970889936,8.185081970889936,0.1031998779938679,-0.39836348836487767,1.1435871671353404,"{""1"": 12}",8.185081970889936,8.18499063883168,2.320110057235754,1e-05,True,40,development_isotonic_frozen
s1-i0,development,1,oracle,confidence,2,0.15,0aabe004b98fe60f,"[[0, 4, 6, 9, 10, 11], [1, 2, 3, 5, 7, 8]]",0.1031998779938679,-0.21351374808477486,0.5876631402632456,-2.8428648515262768e-15,,0.9999999999999999,5.369677760078363,5.369677760078363,0.1031998779938679,-0.7226767841409408,0.9938441036056384,"{""1"": 12}",5.369677760078363,5.369594359791626,2.7154258427902347,1e-05,True,40,development_isotonic_frozen
s1-i0,development,1,oracle,entropy,2,0.15,8a3b6152223e7ca9,"[[0, 4, 7, 9, 10, 11], [1, 2, 3, 5, 6, 8]]",0.1031998779938679,-0.21610373852888068,0.6008180423800403,-2.2901625169303482e-15,,0.9999999999999999,8.039496713004464,8.039496713004464,0.1031998779938679,-0.05207931119794337,0.42577013014145126,"{""1"": 12}",8.039496713004464,8.039411839278225,2.7005134845325225,1e-05,True,40,development_isotonic_frozen
s1-i0,development,1,oracle,dependency_cmi,2,0.15,810b4715070d4d69,"[[1, 2, 3, 4, 5, 6], [0, 7, 8, 9, 10, 11]]",0.1031998779938679,-0.3126106345459116,0.4554608388548385,-1.968385956268394e-15,,0.9999999999999999,7.736322226722754,7.736322226722754,0.1031998779938679,0.9741168791155661,3.7860525525676527,"{""1"": 12}",7.736322226722754,7.736239299766694,2.6842888862593446,1e-05,True,40,development_isotonic_frozen
s1-i0,development,1,oracle,min_within_batch_tc,2,0.15,21328cc8e163a84a,"[[1, 7, 8, 9, 10, 11], [0, 2, 3, 4, 5, 6]]",0.1031998779938679,-0.2668678814050944,0.5266638718887648,-1.7277980282997418e-15,,0.9999999999999999,8.4488867380698,8.4488867380698,0.1031998779938679,-0.1046154508079635,2.129076457522249,"{""1"": 12}",8.4488867380698,8.44880394419404,2.715349974582287,1e-05,True,40,development_isotonic_frozen
s1-i0,development,1,oracle,dprm_myopic,2,0.15,bdd2f723b64c3716,"[[1, 2, 6, 7, 9, 11], [0, 3, 4, 5, 8, 10]]",0.1031998779938679,-0.26502030322758957,0.5279217196903441,-2.9929736853444738e-15,,0.9999999999999999,7.854646228805709,7.854646228805709,0.1031998779938679,-0.4403152078065079,3.7860525525676527,"{""1"": 12}",7.854646228805709,7.854572029542219,2.830356562585286,1e-05,True,40,development_isotonic_frozen
s1-i0,development,1,oracle,dprm_rollout,2,0.15,a64dd3019166357d,"[[3, 4, 5, 6, 9, 10], [0, 1, 2, 7, 8, 11]]",0.1031998779938679,-0.27760146098436816,0.5050344007994304,-3.647729119435858e-15,,0.9999999999999999,7.497647272310339,7.497647272310339,0.1031998779938679,-0.6052550963304844,0.09557750565394652,"{""1"": 12}",7.497647272310339,7.497557164450944,2.4251039756843538,1e-05,True,40,development_isotonic_frozen
s1-i0,development,1,oracle,subset_exact,2,0.15,bdd2f723b64c3716,"[[1, 2, 6, 7, 9, 11], [0, 3, 4, 5, 8, 10]]",0.1031998779938679,-0.26502030322758957,0.5279217196903441,-2.9929736853444738e-15,,0.9999999999999999,7.854646228805709,7.854646228805709,0.1031998779938679,-0.4403152078065079,3.7860525525676527,"{""1"": 12}",7.854646228805709,7.854572029542219,2.830356562585286,1e-05,True,40,development_isotonic_frozen
s1-i0,development,1,oracle,subset_beam_8,2,0.15,18110fc352a82f0b,"[[0, 1, 2, 3, 6, 9], [4, 5, 7, 8, 10, 11]]",0.1031998779938679,-0.27265982728409016,0.4978376007039796,-3.2722134411883363e-15,,0.9999999999999999,6.090824111902812,6.090824111902812,0.1031998779938679,1.1572650476265314,2.7823481674052712,"{""1"": 12}",6.090824111902812,6.090739568403017,2.5607459783495425,1e-05,True,40,development_isotonic_frozen
s1-i0,development,1,oracle,subset_beam_32,2,0.15,bdd2f723b64c3716,"[[1, 2, 6, 7, 9, 11], [0, 3, 4, 5, 8, 10]]",0.1031998779938679,-0.26502030322758957,0.5279217196903441,-2.9929736853444738e-15,,0.9999999999999999,7.854646228805709,7.854646228805709,0.1031998779938679,-0.4403152078065079,3.7860525525676527,"{""1"": 12}",7.854646228805709,7.854572029542219,2.830356562585286,1e-05,True,40,development_isotonic_frozen
s1-i0,development,1,oracle,saps_diagonal,2,0.15,02882af90e328598,"[[0, 3, 5, 7, 8, 10], [1, 2, 4, 6, 9, 11]]",0.1031998779938679,-0.3010148409151254,0.4930482411836263,-2.668125055921109e-15,,0.9999999999999999,8.185081970889936,8.185081970889936,0.1031998779938679,-0.39836348836487767,1.1435871671353404,"{""1"": 12}",8.185081970889936,8.18499063883168,2.320110057235754,1e-05,True,40,development_isotonic_frozen
s1-i0,development,1,oracle,p_saps_residualized,2,0.15,fa42982abc4c80a0,"[[0, 1, 2, 4, 7, 9], [3, 5, 6, 8, 10, 11]]",0.1031998779938679,-0.2655849744932487,0.5231484342867073,-3.6234209379837826e-15,,0.9999999999999999,8.574774481390385,8.574774481390385,0.1031998779938679,0.40369760812165556,3.096374523989242,"{""1"": 12}",8.574774481390385,8.574690762051166,2.8971745987525703,1e-05,True,80,development_isotonic_frozen
s1-i0,development,1,oracle,p_saps_projection,2,0.15,fa42982abc4c80a0,"[[0, 1, 2, 4, 7, 9], [3, 5, 6, 8, 10, 11]]",0.1031998779938679,-0.2655849744932487,0.5231484342867073,-3.6234209379837826e-15,,0.9999999999999999,8.574774481390385,8.574774481390385,0.1031998779938679,0.40369760812165556,3.096374523989242,"{""1"": 12}",8.574774481390385,8.574690762051166,2.8971745987525703,1e-05,True,640,development_isotonic_frozen
s1-i0,development,1,oracle,b_saps_budgeted,2,0.15,02882af90e328598,"[[0, 3, 5, 7, 8, 10], [1, 2, 4, 6, 9, 11]]",0.1031998779938679,-0.3010148409151254,0.4930482411836263,-2.668125055921109e-15,,0.9999999999999999,8.185081970889936,8.185081970889936,0.1031998779938679,-0.39836348836487767,1.1435871671353404,"{""1"": 12}",8.185081970889936,8.18499063883168,2.320110057235754,1e-05,True,40,development_isotonic_frozen
s1-i0,development,1,oracle,random_balanced,3,0.01,23ed4d7acd34904e,"[[3, 5, 7, 8], [0, 4, 10, 11], [1, 2, 6, 9]]",0.001014490348996145,-0.5909352592171883,1.0108522713579542,-1.5512114430285727e-15,,0.9999999999999999,8.063418054502673,8.063418054502673,0.001014490348996145,0.0,0.3167038946073939,"{""1"": 12}",8.063418054502673,8.06333281677576,2.2949034318480344,1e-05,True,40,development_isotonic_frozen
s1-i0,development,1,oracle,confidence,3,0.01,2e06d2138b95a0b8,"[[0, 4, 9, 11], [3, 6, 7, 10], [1, 2, 5, 8]]",0.001014490348996145,-0.43486332423648677,1.1835031802856284,-1.6635883996470518e-15,,0.9999999999999999,5.40121400253482,5.40121400253482,0.001014490348996145,0.0,0.0,"{""1"": 12}",5.40121400253482,5.401130351740998,2.8953438625192605,1e-05,True,40,development_isotonic_frozen
s1-i0,development,1,oracle,entropy,3,0.01,d9f797bb92751edc,"[[0, 7, 9, 11], [3, 4, 6, 10], [1, 2, 5, 8]]",0.001014490348996145,-0.4435640604158801,1.1838535079236336,-1.8000098991155034e-15,,0.9999999999999999,7.148772833057374,7.148772833057374,0.001014490348996145,-0.04757845722138987,1.2882379017134786,"{""1"": 12}",7.148772833057374,7.148690384198614,2.626659852817605,1e-05,True,40,development_isotonic_frozen
s1-i0,development,1,oracle,dependency_cmi,3,0.01,8e310d38b58267c8,"[[1, 2, 3, 5], [0, 4, 7, 11], [6, 8, 9, 10]]",0.001014490348996145,-0.5905708399607676,0.9865543836701871,-1.1286139576987213e-15,,0.9999999999999999,4.841962831177831,4.841962831177831,0.001014490348996145,0.05626155225411236,1.5093642906669267,"{""1"": 12}",4.841962831177831,4.841876300507125,2.594785937002949,1e-05,True,40,development_isotonic_frozen
s1-i0,development,1,oracle,min_within_batch_tc,3,0.01,674e78439862afc1,"[[1, 9, 10, 11], [2, 3, 4, 6], [0, 5, 7, 8]]",0.001014490348996145,-0.49995052623243125,1.0702103237278038,-1.3182948375977317e-15,,0.9999999999999999,7.763449803812643,7.763449803812643,0.001014490348996145,0.154952388915035,0.0,"{""1"": 12}",7.763449803812643,7.763362291205615,2.9951847198408776,1e-05,True,40,development_isotonic_frozen
s1-i0,development,1,oracle,dprm_myopic,3,0.01,b4d3440e1252e667,"[[1, 7, 9, 11], [2, 4, 5, 6], [0, 3, 8, 10]]",0.001014490348996145,-0.5221423399568107,1.0766231900533418,-1.4611929374433174e-15,,0.9999999999999999,8.486419411154598,8.486419411154598,0.001014490348996145,0.011616240899856366,0.3670377324835643,"{""1"": 12}",8.486419411154598,8.486333156789227,2.654027545472386,1e-05,True,40,development_isotonic_frozen
s1-i0,development,1,oracle,dprm_rollout,3,0.01,8564642859868e3f,"[[2, 7, 9, 11], [1, 3, 5, 6], [0, 4, 8, 10]]",0.001014490348996145,-0.5469709202113905,1.0581397415117002,-1.554599644768324e-15,,0.9999999999999999,7.5074859800111255,7.5074859800111255,0.001014490348996145,0.0,-1.1309665722033686,"{""1"": 12}",7.5074859800111255,7.507402289402183,2.6691285851461664,1e-05,True,40,development_isotonic_frozen
s1-i0,development,1,oracle,subset_exact,3,0.01,e2448e3c8e301e91,"[[0, 1, 2, 3], [4, 6, 9, 11], [5, 7, 8, 10]]",0.001014490348996145,-0.5247368464300682,1.0365758220354897,-1.995990806488083e-15,,0.9999999999999999,5.076124098246918,5.076124098246918,0.001014490348996145,0.0,1.6049417963208725,"{""1"": 12}",5.076124098246918,5.076036950622017,2.5428905295982807,1e-05,True,40,development_isotonic_frozen
s1-i0,development,1,oracle,subset_beam_8,3,0.01,e2448e3c8e301e91,"[[0, 1, 2, 3], [4, 6, 9, 11], [5, 7, 8, 10]]",0.001014490348996145,-0.5247368464300682,1.0365758220354897,-1.995990806488083e-15,,0.9999999999999999,5.076124098246918,5.076124098246918,0.001014490348996145,0.0,1.6049417963208725,"{""1"": 12}",5.076124098246918,5.076036950622017,2.5428905295982807,1e-05,True,40,development_isotonic_frozen
s1-i0,development,1,oracle,subset_beam_32,3,0.01,e2448e3c8e301e91,"[[0, 1, 2, 3], [4, 6, 9, 11], [5, 7, 8, 10]]",0.001014490348996145,-0.5247368464300682,1.0365758220354897,-1.995990806488083e-15,,0.9999999999999999,5.076124098246918,5.076124098246918,0.001014490348996145,0.0,1.6049417963208725,"{""1"": 12}",5.076124098246918,5.076036950622017,2.5428905295982807,1e-05,True,40,development_isotonic_frozen
s1-i0,development,1,oracle,saps_diagonal,3,0.01,23ed4d7acd34904e,"[[3, 5, 7, 8], [0, 4, 10, 11], [1, 2, 6, 9]]",0.001014490348996145,-0.5909352592171883,1.0108522713579542,-1.5512114430285727e-15,,0.9999999999999999,8.063418054502673,8.063418054502673,0.001014490348996145,0.0,0.3167038946073939,"{""1"": 12}",8.063418054502673,8.06333281677576,2.2949034318480344,1e-05,True,40,development_isotonic_frozen
s1-i0,development,1,oracle,p_saps_residualized,3,0.01,6e64a1a55b9fd376,"[[1, 2, 7, 9], [0, 3, 4, 5], [6, 8, 10, 11]]",0.001014490348996145,-0.5763551164656805,0.9972936737332754,-1.4196935793725069e-15,,0.9999999999999999,8.807268048803886,8.807268048803886,0.001014490348996145,0.0,-0.6505941718595993,"{""1"": 12}",8.807268048803886,8.807193004638389,2.540903143116567,1e-05,True,80,development_isotonic_frozen
s1-i0,development,1,oracle,p_saps_projection,3,0.01,09993ff33cd70f05,"[[2, 3, 5, 10], [0, 4, 6, 8], [1, 7, 9, 11]]",0.001014490348996145,-0.6245074819133923,0.9346533062164756,-1.855511582983535e-15,,0.9999999999999999,9.744343152801868,9.744343152801868,0.001014490348996145,0.0,0.3167038946073939,"{""1"": 12}",9.744343152801868,9.744257405631078,2.836915908837243,1e-05,True,640,development_isotonic_frozen
s1-i0,development,1,oracle,b_saps_budgeted,3,0.01,23ed4d7acd34904e,"[[3, 5, 7, 8], [0, 4, 10, 11], [1, 2, 6, 9]]",0.001014490348996145,-0.5909352592171883,1.0108522713579542,-1.5512114430285727e-15,,0.9999999999999999,8.063418054502673,8.063418054502673,0.001014490348996145,0.0,0.3167038946073939,"{""1"": 12}",8.063418054502673,8.06333281677576,2.2949034318480344,1e-05,True,40,development_isotonic_frozen
s1-i0,development,1,oracle,random_balanced,3,0.05,23ed4d7acd34904e,"[[3, 5, 7, 8], [0, 4, 10, 11], [1, 2, 6, 9]]",0.004563285012159975,-0.5909352592171883,1.0108522713579542,-1.5512114430285727e-15,,0.9999999999999999,8.063418054502673,8.063418054502673,0.004563285012159975,0.3344475364251043,0.0,"{""1"": 12}",8.063418054502673,8.06333281677576,2.2949034318480344,1e-05,True,40,development_isotonic_frozen
s1-i0,development,1,oracle,confidence,3,0.05,2e06d2138b95a0b8,"[[0, 4, 9, 11], [3, 6, 7, 10], [1, 2, 5, 8]]",0.004563285012159975,-0.43486332423648677,1.1835031802856284,-1.6635883996470518e-15,,0.9999999999999999,5.40121400253482,5.40121400253482,0.004563285012159975,0.08318907249993956,0.6141952703293856,"{""1"": 12}",5.40121400253482,5.401130351740998,2.8953438625192605,1e-05,True,40,development_isotonic_frozen
s1-i0,development,1,oracle,entropy,3,0.05,d9f797bb92751edc,"[[0, 7, 9, 11], [3, 4, 6, 10], [1, 2, 5, 8]]",0.004563285012159975,-0.4435640604158801,1.1838535079236336,-1.8000098991155034e-15,,0.9999999999999999,7.148772833057374,7.148772833057374,0.004563285012159975,0.21662647182036363,0.0,"{""1"": 12}",7.148772833057374,7.148690384198614,2.626659852817605,1e-05,True,40,development_isotonic_frozen
s1-i0,development,1,oracle,dependency_cmi,3,0.05,8e310d38b58267c8,"[[1, 2, 3, 5], [0, 4, 7, 11], [6, 8, 9, 10]]",0.004563285012159975,-0.5905708399607676,0.9865543836701871,-1.1286139576987213e-15,,0.9999999999999999,4.841962831177831,4.841962831177831,0.004563285012159975,-0.7550397116201284,0.0,"{""1"": 12}",4.841962831177831,4.841876300507125,2.594785937002949,1e-05,True,40,development_isotonic_frozen
s1-i0,development,1,oracle,min_within_batch_tc,3,0.05,674e78439862afc1,"[[1, 9, 10, 11], [2, 3, 4, 6], [0, 5, 7, 8]]",0.004563285012159975,-0.49995052623243125,1.0702103237278038,-1.3182948375977317e-15,,0.9999999999999999,7.763449803812643,7.763449803812643,0.004563285012159975,0.0,0.0,"{""1"": 12}",7.763449803812643,7.763362291205615,2.9951847198408776,1e-05,True,40,development_isotonic_frozen
s1-i0,development,1,oracle,dprm_myopic,3,0.05,b4d3440e1252e667,"[[1, 7, 9, 11], [2, 4, 5, 6], [0, 3, 8, 10]]",0.004563285012159975,-0.5221423399568107,1.0766231900533418,-1.4611929374433174e-15,,0.9999999999999999,8.486419411154598,8.486419411154598,0.004563285012159975,-0.2039852528928724,0.0,"{""1"": 12}",8.486419411154598,8.486333156789227,2.654027545472386,1e-05,True,40,development_isotonic_frozen
s1-i0,development,1,oracle,dprm_rollout,3,0.05,5d694f3395ec2757,"[[2, 7, 9, 11], [0, 1, 5, 6], [3, 4, 8, 10]]",0.004563285012159975,-0.5250789485569796,1.086343357718883,-1.7639221843373668e-15,,0.9999999999999999,7.657969839500596,7.657969839500596,0.004563285012159975,-0.48977605072030894,0.0,"{""1"": 12}",7.657969839500596,7.657887156693686,2.4852855842965558,1e-05,True,40,development_isotonic_frozen
s1-i0,development,1,oracle,subset_exact,3,0.05,f0408ad5f431aaef,"[[0, 2, 6, 10], [3, 4, 9, 11], [1, 5, 7, 8]]",0.004563285012159975,-0.5101868010181994,1.0664657963083062,-2.0328048906141607e-15,,0.9999999999999999,6.859562536678102,6.859562536678102,0.004563285012159975,-0.2270807996669228,-1.2899383625618386,"{""1"": 12}",6.859562536678102,6.859480160165658,2.4433743937172956,1e-05,True,40,development_isotonic_frozen
s1-i0,development,1,oracle,subset_beam_8,3,0.05,7165f0883ad733bc,"[[0, 1, 6, 8], [3, 4, 9, 11], [2, 5, 7, 10]]",0.004563285012159975,-0.5282613855317609,1.0221581926784467,-2.1447909374015132e-15,,0.9999999999999999,4.866458270671604,4.866458270671604,0.004563285012159975,-0.45638078694587536,0.0,"{""1"": 12}",4.866458270671604,4.866377863916025,2.429967136285426,1e-05,True,40,development_isotonic_frozen
s1-i0,development,1,oracle,subset_beam_32,3,0.05,f0408ad5f431aaef,"[[0, 2, 6, 10], [3, 4, 9, 11], [1, 5, 7, 8]]",0.004563285012159975,-0.5101868010181994,1.0664657963083062,-2.0328048906141607e-15,,0.9999999999999999,6.859562536678102,6.859562536678102,0.004563285012159975,-0.2270807996669228,-1.2899383625618386,"{""1"": 12}",6.859562536678102,6.859480160165658,2.4433743937172956,1e-05,True,40,development_isotonic_frozen
s1-i0,development,1,oracle,saps_diagonal,3,0.05,23ed4d7acd34904e,"[[3, 5, 7, 8], [0, 4, 10, 11], [1, 2, 6, 9]]",0.004563285012159975,-0.5909352592171883,1.0108522713579542,-1.5512114430285727e-15,,0.9999999999999999,8.063418054502673,8.063418054502673,0.004563285012159975,0.3344475364251043,0.0,"{""1"": 12}",8.063418054502673,8.06333281677576,2.2949034318480344,1e-05,True,40,development_isotonic_frozen
s1-i0,development,1,oracle,p_saps_residualized,3,0.05,6e64a1a55b9fd376,"[[1, 2, 7, 9], [0, 3, 4, 5], [6, 8, 10, 11]]",0.004563285012159975,-0.5763551164656805,0.9972936737332754,-1.4196935793725069e-15,,0.9999999999999999,8.807268048803886,8.807268048803886,0.004563285012159975,-0.3268003031301096,0.0,"{""1"": 12}",8.807268048803886,8.807193004638389,2.540903143116567,1e-05,True,80,development_isotonic_frozen
s1-i0,development,1,oracle,p_saps_projection,3,0.05,09993ff33cd70f05,"[[2, 3, 5, 10], [0, 4, 6, 8], [1, 7, 9, 11]]",0.004563285012159975,-0.6245074819133923,0.9346533062164756,-1.855511582983535e-15,,0.9999999999999999,9.744343152801868,9.744343152801868,0.004563285012159975,0.2234677838234393,0.0,"{""1"": 12}",9.744343152801868,9.744257405631078,2.836915908837243,1e-05,True,640,development_isotonic_frozen
s1-i0,development,1,oracle,b_saps_budgeted,3,0.05,23ed4d7acd34904e,"[[3, 5, 7, 8], [0, 4, 10, 11], [1, 2, 6, 9]]",0.004563285012159975,-0.5909352592171883,1.0108522713579542,-1.5512114430285727e-15,,0.9999999999999999,8.063418054502673,8.063418054502673,0.004563285012159975,0.3344475364251043,0.0,"{""1"": 12}",8.063418054502673,8.06333281677576,2.2949034318480344,1e-05,True,40,development_isotonic_frozen
s1-i0,development,1,oracle,random_balanced,3,0.15,23ed4d7acd34904e,"[[3, 5, 7, 8], [0, 4, 10, 11], [1, 2, 6, 9]]",0.1031998779938679,-0.5909352592171883,1.0108522713579542,-1.5512114430285727e-15,,0.9999999999999999,8.063418054502673,8.063418054502673,0.1031998779938679,-0.982962683849074,3.447392163857099,"{""1"": 12}",8.063418054502673,8.06333281677576,2.2949034318480344,1e-05,True,40,development_isotonic_frozen
s1-i0,development,1,oracle,confidence,3,0.15,2e06d2138b95a0b8,"[[0, 4, 9, 11], [3, 6, 7, 10], [1, 2, 5, 8]]",0.1031998779938679,-0.43486332423648677,1.1835031802856284,-1.6635883996470518e-15,,0.9999999999999999,5.40121400253482,5.40121400253482,0.1031998779938679,0.7980637832220796,0.0,"{""1"": 12}",5.40121400253482,5.401130351740998,2.8953438625192605,1e-05,True,40,development_isotonic_frozen
s1-i0,development,1,oracle,entropy,3,0.15,d9f797bb92751edc,"[[0, 7, 9, 11], [3, 4, 6, 10], [1, 2, 5, 8]]",0.1031998779938679,-0.4435640604158801,1.1838535079236336,-1.8000098991155034e-15,,0.9999999999999999,7.148772833057374,7.148772833057374,0.1031998779938679,-0.28763733493976085,3.217978579103465,"{""1"": 12}",7.148772833057374,7.148690384198614,2.626659852817605,1e-05,True,40,development_isotonic_frozen
s1-i0,development,1,oracle,dependency_cmi,3,0.15,8e310d38b58267c8,"[[1, 2, 3, 5], [0, 4, 7, 11], [6, 8, 9, 10]]",0.1031998779938679,-0.5905708399607676,0.9865543836701871,-1.1286139576987213e-15,,0.9999999999999999,4.841962831177831,4.841962831177831,0.1031998779938679,1.855862595967745,2.4251707164784495,"{""1"": 12}",4.841962831177831,4.841876300507125,2.594785937002949,1e-05,True,40,development_isotonic_frozen
s1-i0,development,1,oracle,min_within_batch_tc,3,0.15,674e78439862afc1,"[[1, 9, 10, 11], [2, 3, 4, 6], [0, 5, 7, 8]]",0.1031998779938679,-0.49995052623243125,1.0702103237278038,-1.3182948375977317e-15,,0.9999999999999999,7.763449803812643,7.763449803812643,0.1031998779938679,-1.4368956840609564,2.4251707164784495,"{""1"": 12}",7.763449803812643,7.763362291205615,2.9951847198408776,1e-05,True,40,development_isotonic_frozen
s1-i0,development,1,oracle,dprm_myopic,3,0.15,b4d3440e1252e667,"[[1, 7, 9, 11], [2, 4, 5, 6], [0, 3, 8, 10]]",0.1031998779938679,-0.5221423399568107,1.0766231900533418,-1.4611929374433174e-15,,0.9999999999999999,8.486419411154598,8.486419411154598,0.1031998779938679,0.35572556749908246,2.3121598099404883,"{""1"": 12}",8.486419411154598,8.486333156789227,2.654027545472386,1e-05,True,40,development_isotonic_frozen
s1-i0,development,1,oracle,dprm_rollout,3,0.15,463210ac6d61a061,"[[2, 7, 9, 11], [3, 4, 5, 6], [0, 1, 8, 10]]",0.1031998779938679,-0.5370539406431699,1.0805869792628122,-1.6194854313822474e-15,,0.9999999999999999,9.332314175605905,9.332314175605905,0.1031998779938679,0.01161624089985637,3.217978579103465,"{""1"": 12}",9.332314175605905,9.332231224738553,2.3503545828752985,1e-05,True,40,development_isotonic_frozen
s1-i0,development,1,oracle,subset_exact,3,0.15,60c797472856f0a9,"[[1, 3, 4, 9], [0, 6, 7, 11], [2, 5, 8, 10]]",0.1031998779938679,-0.49107279483563304,1.083957473060821,-2.2757248372724086e-15,,0.9999999999999999,6.073071312329432,6.073071312329432,0.1031998779938679,0.5373939797164278,2.4251707164784495,"{""1"": 12}",6.073071312329432,6.072983386551417,2.6645237484615136,1e-05,True,40,development_isotonic_frozen
s1-i0,development,1,oracle,subset_beam_8,3,0.15,21e456714594228f,"[[1, 2, 3, 8], [0, 4, 9, 11], [5, 6, 7, 10]]",0.1031998779938679,-0.5880932988913032,0.9620142157752017,-2.0003036849092675e-15,,0.9999999999999999,6.294769248566988,6.294769248566988,0.1031998779938679,0.1186335238328024,2.094865140986626,"{""1"": 12}",6.294769248566988,6.294691720537139,2.3357145758003366,1e-05,True,40,development_isotonic_frozen
s1-i0,development,1,oracle,subset_beam_32,3,0.15,0f88c0b1c80fe2b5,"[[2, 3, 4, 7], [0, 6, 9, 11], [1, 5, 8, 10]]",0.1031998779938679,-0.5345314880718773,1.0661232680724744,-2.069894321443228e-15,,0.9999999999999999,7.016180245450495,7.016180245450495,0.1031998779938679,-0.2673955946142635,3.217978579103465,"{""1"": 12}",7.016180245450495,7.016093931591412,2.6319603417614124,1e-05,True,40,development_isotonic_frozen
s1-i0,development,1,oracle,saps_diagonal,3,0.15,23ed4d7acd34904e,"[[3, 5, 7, 8], [0, 4, 10, 11], [1, 2, 6, 9]]",0.1031998779938679,-0.5909352592171883,1.0108522713579542,-1.5512114430285727e-15,,0.9999999999999999,8.063418054502673,8.063418054502673,0.1031998779938679,-0.982962683849074,3.447392163857099,"{""1"": 12}",8.063418054502673,8.06333281677576,2.2949034318480344,1e-05,True,40,development_isotonic_frozen
s1-i0,development,1,oracle,p_saps_residualized,3,0.15,6e64a1a55b9fd376,"[[1, 2, 7, 9], [0, 3, 4, 5], [6, 8, 10, 11]]",0.1031998779938679,-0.5763551164656805,0.9972936737332754,-1.4196935793725069e-15,,0.9999999999999999,8.807268048803886,8.807268048803886,0.1031998779938679,-0.27154227006904785,4.143230003494474,"{""1"": 12}",8.807268048803886,8.807193004638389,2.540903143116567,1e-05,True,80,development_isotonic_frozen
s1-i0,development,1,oracle,p_saps_projection,3,0.15,09993ff33cd70f05,"[[2, 3, 5, 10], [0, 4, 6, 8], [1, 7, 9, 11]]",0.1031998779938679,-0.6245074819133923,0.9346533062164756,-1.855511582983535e-15,,0.9999999999999999,9.744343152801868,9.744343152801868,0.1031998779938679,-0.08154387485073,1.518436354303709,"{""1"": 12}",9.744343152801868,9.744257405631078,2.836915908837243,1e-05,True,640,development_isotonic_frozen
s1-i0,development,1,oracle,b_saps_budgeted,3,0.15,23ed4d7acd34904e,"[[3, 5, 7, 8], [0, 4, 10, 11], [1, 2, 6, 9]]",0.1031998779938679,-0.5909352592171883,1.0108522713579542,-1.5512114430285727e-15,,0.9999999999999999,8.063418054502673,8.063418054502673,0.1031998779938679,-0.982962683849074,3.447392163857099,"{""1"": 12}",8.063418054502673,8.06333281677576,2.2949034318480344,1e-05,True,40,development_isotonic_frozen
s1-i0,development,1,oracle,random_balanced,4,0.01,73cdb2cd1807177a,"[[3, 7, 8], [0, 5, 10], [1, 4, 11], [2, 6, 9]]",0.001014490348996145,-0.8785738838757622,1.5022528534234247,-8.981339741624515e-16,,0.9999999999999999,7.00001209812185,7.00001209812185,0.001014490348996145,0.0,0.0,"{""1"": 12}",7.00001209812185,6.999933420329546,2.250632696931096,1e-05,True,40,development_isotonic_frozen
s1-i0,development,1,oracle,confidence,4,0.01,41d1da92cd8356df,"[[0, 9, 11], [4, 6, 10], [1, 3, 7], [2, 5, 8]]",0.001014490348996145,-0.6582940518894823,1.7487190827977621,-1.4727680416876303e-15,,0.9999999999999999,7.878284793079436,7.878284793079436,0.001014490348996145,-0.14242236565043037,0.11872617353522763,"{""1"": 12}",7.878284793079436,7.878200669502424,2.5311509689394533,1e-05,True,40,development_isotonic_frozen
s1-i0,development,1,oracle,entropy,4,0.01,757823c638532cf0,"[[0, 9, 11], [4, 7, 10], [3, 5, 6], [1, 2, 8]]",0.001014490348996145,-0.6742602585901397,1.7635216440327124,-1.172352554504382e-15,,0.9999999999999999,5.479681602482307,5.479681602482307,0.001014490348996145,0.0,-0.3942229024784538,"{""1"": 12}",5.479681602482307,5.479603158616735,2.754458050676868,1e-05,True,40,development_isotonic_frozen
s1-i0,development,1,oracle,dependency_cmi,4,0.01,20201054e5acb901,"[[1, 2, 5], [0, 3, 4], [6, 7, 9], [8, 10, 11]]",0.001014490348996145,-0.8957615652550928,1.442122792583467,-3.4204599627155206e-16,,0.9999999999999999,7.465633641944299,7.465633641944299,0.001014490348996145,0.0,0.06839233565905722,"{""1"": 12}",7.465633641944299,7.465559813950858,3.00298890235968,1e-05,True,40,development_isotonic_frozen
s1-i0,development,1,oracle,min_within_batch_tc,4,0.01,6e1a54e22dde233b,"[[1, 2, 5], [9, 10, 11], [3, 7, 8], [0, 4, 6]]",0.001014490348996145,-0.8996627053781406,1.4577534105525123,-3.860383543399749e-16,,0.9999999999999999,5.6011876962919995,5.6011876962919995,0.001014490348996145,0.0,0.3167038946073939,"{""1"": 12}",5.6011876962919995,5.601105531021902,2.0320054366033737,1e-05,True,40,development_isotonic_frozen
s1-i0,development,1,oracle,dprm_myopic,4,0.01,ed02e0075048e369,"[[7, 9, 11], [1, 2, 6], [4, 5, 10], [0, 3, 8]]",0.001014490348996145,-0.7816646692282957,1.619814218386522,-1.1208650488616545e-15,,0.9999999999999999,6.163272991947887,6.163272991947887,0.001014490348996145,0.0,0.3670377324835643,"{""1"": 12}",6.163272991947887,6.163185774475565,2.701245947031171,1e-05,True,40,development_isotonic_frozen
s1-i0,development,1,oracle,dprm_rollout,4,0.01,e406817e9edeb045,"[[3, 4, 11], [0, 1, 9], [2, 6, 8], [5, 7, 10]]",0.001014490348996145,-0.7342495877021165,1.6427589011302004,-1.4132982611521051e-15,,0.9999999999999999,8.517572914383312,8.517572914383312,0.001014490348996145,0.0,0.0,"{""1"": 12}",8.517572914383312,8.517493192627771,2.427347435475909,1e-05,True,40,development_isotonic_frozen
s1-i0,development,1,oracle,subset_exact,4,0.01,0bb8ae6053466051,"[[0, 1, 4], [6, 9, 11], [3, 7, 10], [2, 5, 8]]",0.001014490348996145,-0.6970420338518033,1.6718474933052025,-1.3309572750042554e-15,,0.9999999999999999,5.012273439668618,5.012273439668618,0.001014490348996145,0.0,0.0,"{""1"": 12}",5.012273439668618,5.0121888870971985,2.581719240678695,1e-05,True,40,development_isotonic_frozen
s1-i0,development,1,oracle,subset_beam_8,4,0.01,0bb8ae6053466051,"[[0, 1, 4], [6, 9, 11], [3, 7, 10], [2, 5, 8]]",0.001014490348996145,-0.6970420338518033,1.6718474933052025,-1.3309572750042554e-15,,0.9999999999999999,5.012273439668618,5.012273439668618,0.001014490348996145,0.0,0.0,"{""1"": 12}",5.012273439668618,5.0121888870971985,2.581719240678695,1e-05,True,40,development_isotonic_frozen
s1-i0,development,1,oracle,subset_beam_32,4,0.01,0bb8ae6053466051,"[[0, 1, 4], [6, 9, 11], [3, 7, 10], [2, 5, 8]]",0.001014490348996145,-0.6970420338518033,1.6718474933052025,-1.3309572750042554e-15,,0.9999999999999999,5.012273439668618,5.012273439668618,0.001014490348996145,0.0,0.0,"{""1"": 12}",5.012273439668618,5.0121888870971985,2.581719240678695,1e-05,True,40,development_isotonic_frozen
s1-i0,development,1,oracle,saps_diagonal,4,0.01,73cdb2cd1807177a,"[[3, 7, 8], [0, 5, 10], [1, 4, 11], [2, 6, 9]]",0.001014490348996145,-0.8785738838757622,1.5022528534234247,-8.981339741624515e-16,,0.9999999999999999,7.00001209812185,7.00001209812185,0.001014490348996145,0.0,0.0,"{""1"": 12}",7.00001209812185,6.999933420329546,2.250632696931096,1e-05,True,40,development_isotonic_frozen
s1-i0,development,1,oracle,p_saps_residualized,4,0.01,a114b36c9a163614,"[[1, 2, 7], [0, 4, 9], [3, 5, 11], [6, 8, 10]]",0.001014490348996145,-0.8274680285561046,1.5485381541687238,-1.4019014309262816e-15,,0.9999999999999999,7.253780710849616,7.253780710849616,0.001014490348996145,0.0,-0.050333837876170406,"{""1"": 12}",7.253780710849616,7.253703724837601,2.275303275276167,1e-05,True,80,development_isotonic_frozen
s1-i0,development,1,oracle,p_saps_projection,4,0.01,1d7c20d1b9b14a48,"[[0, 2, 8], [4, 5, 10], [6, 7, 11], [1, 3, 9]]",0.001014490348996145,-0.8913866693232966,1.4773860760783242,-1.8051557133456825e-15,,0.9999999999999999,8.65469230424744,8.65469230424744,0.001014490348996145,0.0,0.3167038946073939,"{""1"": 12}",8.65469230424744,8.654616413205884,2.3048654659884176,1e-05,True,640,development_isotonic_frozen
s1-i0,development,1,oracle,b_saps_budgeted,4,0.01,73cdb2cd1807177a,"[[3, 7, 8], [0, 5, 10], [1, 4, 11], [2, 6, 9]]",0.001014490348996145,-0.8785738838757622,1.5022528534234247,-8.981339741624515e-16,,0.9999999999999999,7.00001209812185,7.00001209812185,0.001014490348996145,0.0,0.0,"{""1"": 12}",7.00001209812185,6.999933420329546,2.250632696931096,1e-05,True,40,development_isotonic_frozen
s1-i0,development,1,oracle,random_balanced,4,0.05,73cdb2cd1807177a,"[[3, 7, 8], [0, 5, 10], [1, 4, 11], [2, 6, 9]]",0.004563285012159975,-0.8785738838757622,1.5022528534234247,-8.981339741624515e-16,,0.9999999999999999,7.00001209812185,7.00001209812185,0.004563285012159975,0.2937058635865852,0.0,"{""1"": 12}",7.00001209812185,6.999933420329546,2.250632696931096,1e-05,True,40,development_isotonic_frozen
s1-i0,development,1,oracle,confidence,4,0.05,41d1da92cd8356df,"[[0, 9, 11], [4, 6, 10], [1, 3, 7], [2, 5, 8]]",0.004563285012159975,-0.6582940518894823,1.7487190827977621,-1.4727680416876303e-15,,0.9999999999999999,7.878284793079436,7.878284793079436,0.004563285012159975,-0.34311625984757227,0.0,"{""1"": 12}",7.878284793079436,7.878200669502424,2.5311509689394533,1e-05,True,40,development_isotonic_frozen
s1-i0,development,1,oracle,entropy,4,0.05,757823c638532cf0,"[[0, 9, 11], [4, 7, 10], [3, 5, 6], [1, 2, 8]]",0.004563285012159975,-0.6742602585901397,1.7635216440327124,-1.172352554504382e-15,,0.9999999999999999,5.479681602482307,5.479681602482307,0.004563285012159975,0.3778518401826008,-0.4991865650354095,"{""1"": 12}",5.479681602482307,5.479603158616735,2.754458050676868,1e-05,True,40,development_isotonic_frozen
s1-i0,development,1,oracle,dependency_cmi,4,0.05,20201054e5acb901,"[[1, 2, 5], [0, 3, 4], [6, 7, 9], [8, 10, 11]]",0.004563285012159975,-0.8957615652550928,1.442122792583467,-3.4204599627155206e-16,,0.9999999999999999,7.465633641944299,7.465633641944299,0.004563285012159975,-0.20124066845671762,0.0,"{""1"": 12}",7.465633641944299,7.465559813950858,3.00298890235968,1e-05,True,40,development_isotonic_frozen
s1-i0,development,1,oracle,min_within_batch_tc,4,0.05,6e1a54e22dde233b,"[[1, 2, 5], [9, 10, 11], [3, 7, 8], [0, 4, 6]]",0.004563285012159975,-0.8996627053781406,1.4577534105525123,-3.860383543399749e-16,,0.9999999999999999,5.6011876962919995,5.6011876962919995,0.004563285012159975,0.1980507642743341,0.0,"{""1"": 12}",5.6011876962919995,5.601105531021902,2.0320054366033737,1e-05,True,40,development_isotonic_frozen
s1-i0,development,1,oracle,dprm_myopic,4,0.05,ed02e0075048e369,"[[7, 9, 11], [1, 2, 6], [4, 5, 10], [0, 3, 8]]",0.004563285012159975,-0.7816646692282957,1.619814218386522,-1.1208650488616545e-15,,0.9999999999999999,6.163272991947887,6.163272991947887,0.004563285012159975,0.0,0.0,"{""1"": 12}",6.163272991947887,6.163185774475565,2.701245947031171,1e-05,True,40,development_isotonic_frozen
s1-i0,development,1,oracle,dprm_rollout,4,0.05,a1532d0cc345ffaa,"[[2, 9, 11], [3, 4, 5], [0, 1, 7], [6, 8, 10]]",0.004563285012159975,-0.7931821906816535,1.6165093672770852,-9.887307625609179e-16,,0.9999999999999999,10.241667809275597,10.241667809275597,0.004563285012159975,-0.7168145474305814,0.0,"{""1"": 12}",10.241667809275597,10.241586814209327,2.4291941493768787,1e-05,True,40,development_isotonic_frozen
s1-i0,development,1,oracle,subset_exact,4,0.05,46104c043ae7552e,"[[0, 1, 2], [4, 9, 11], [3, 6, 10], [5, 7, 8]]",0.004563285012159975,-0.757472701700682,1.5979774756655252,-1.5909820617506698e-15,,0.9999999999999999,8.606814670846587,8.606814670846587,0.004563285012159975,0.2215902596847102,0.0,"{""1"": 12}",8.606814670846587,8.60673245377524,2.6973766740832676,1e-05,True,40,development_isotonic_frozen
s1-i0,development,1,oracle,subset_beam_8,4,0.05,46104c043ae7552e,"[[0, 1, 2], [4, 9, 11], [3, 6, 10], [5, 7, 8]]",0.004563285012159975,-0.757472701700682,1.5979774756655252,-1.5909820617506698e-15,,0.9999999999999999,8.606814670846587,8.606814670846587,0.004563285012159975,0.2215902596847102,0.0,"{""1"": 12}",8.606814670846587,8.60673245377524,2.6973766740832676,1e-05,True,40,development_isotonic_frozen
s1-i0,development,1,oracle,subset_beam_32,4,0.05,46104c043ae7552e,"[[0, 1, 2], [4, 9, 11], [3, 6, 10], [5, 7, 8]]",0.004563285012159975,-0.757472701700682,1.5979774756655252,-1.5909820617506698e-15,,0.9999999999999999,8.606814670846587,8.606814670846587,0.004563285012159975,0.2215902596847102,0.0,"{""1"": 12}",8.606814670846587,8.60673245377524,2.6973766740832676,1e-05,True,40,development_isotonic_frozen
s1-i0,development,1,oracle,saps_diagonal,4,0.05,73cdb2cd1807177a,"[[3, 7, 8], [0, 5, 10], [1, 4, 11], [2, 6, 9]]",0.004563285012159975,-0.8785738838757622,1.5022528534234247,-8.981339741624515e-16,,0.9999999999999999,7.00001209812185,7.00001209812185,0.004563285012159975,0.2937058635865852,0.0,"{""1"": 12}",7.00001209812185,6.999933420329546,2.250632696931096,1e-05,True,40,development_isotonic_frozen
s1-i0,development,1,oracle,p_saps_residualized,4,0.05,a114b36c9a163614,"[[1, 2, 7], [0, 4, 9], [3, 5, 11], [6, 8, 10]]",0.004563285012159975,-0.8274680285561046,1.5485381541687238,-1.4019014309262816e-15,,0.9999999999999999,7.253780710849616,7.253780710849616,0.004563285012159975,0.0,0.0,"{""1"": 12}",7.253780710849616,7.253703724837601,2.275303275276167,1e-05,True,80,development_isotonic_frozen
s1-i0,development,1,oracle,p_saps_projection,4,0.05,1d7c20d1b9b14a48,"[[0, 2, 8], [4, 5, 10], [6, 7, 11], [1, 3, 9]]",0.004563285012159975,-0.8913866693232966,1.4773860760783242,-1.8051557133456825e-15,,0.9999999999999999,8.65469230424744,8.65469230424744,0.004563285012159975,-0.7786593344535144,-0.4991865650354095,"{""1"": 12}",8.65469230424744,8.654616413205884,2.3048654659884176,1e-05,True,640,development_isotonic_frozen
s1-i0,development,1,oracle,b_saps_budgeted,4,0.05,73cdb2cd1807177a,"[[3, 7, 8], [0, 5, 10], [1, 4, 11], [2, 6, 9]]",0.004563285012159975,-0.8785738838757622,1.5022528534234247,-8.981339741624515e-16,,0.9999999999999999,7.00001209812185,7.00001209812185,0.004563285012159975,0.2937058635865852,0.0,"{""1"": 12}",7.00001209812185,6.999933420329546,2.250632696931096,1e-05,True,40,development_isotonic_frozen
s1-i0,development,1,oracle,random_balanced,4,0.15,73cdb2cd1807177a,"[[3, 7, 8], [0, 5, 10], [1, 4, 11], [2, 6, 9]]",0.1031998779938679,-0.8785738838757622,1.5022528534234247,-8.981339741624515e-16,,0.9999999999999999,7.00001209812185,7.00001209812185,0.1031998779938679,1.2143383045813128,1.1435871671353404,"{""1"": 12}",7.00001209812185,6.999933420329546,2.250632696931096,1e-05,True,40,development_isotonic_frozen
s1-i0,development,1,oracle,confidence,4,0.15,41d1da92cd8356df,"[[0, 9, 11], [4, 6, 10], [1, 3, 7], [2, 5, 8]]",0.1031998779938679,-0.6582940518894823,1.7487190827977621,-1.4727680416876303e-15,,0.9999999999999999,7.878284793079436,7.878284793079436,0.1031998779938679,-0.7334155482414588,0.9178684259964701,"{""1"": 12}",7.878284793079436,7.878200669502424,2.5311509689394533,1e-05,True,40,development_isotonic_frozen
s1-i0,development,1,oracle,entropy,4,0.15,757823c638532cf0,"[[0, 9, 11], [4, 7, 10], [3, 5, 6], [1, 2, 8]]",0.1031998779938679,-0.6742602585901397,1.7635216440327124,-1.172352554504382e-15,,0.9999999999999999,5.479681602482307,5.479681602482307,0.1031998779938679,0.11425135181730066,0.9178684259964701,"{""1"": 12}",5.479681602482307,5.479603158616735,2.754458050676868,1e-05,True,40,development_isotonic_frozen
s1-i0,development,1,oracle,dependency_cmi,4,0.15,20201054e5acb901,"[[1, 2, 5], [0, 3, 4], [6, 7, 9], [8, 10, 11]]",0.1031998779938679,-0.8957615652550928,1.442122792583467,-3.4204599627155206e-16,,0.9999999999999999,7.465633641944299,7.465633641944299,0.1031998779938679,-0.04116400276843381,2.1820878334218423,"{""1"": 12}",7.465633641944299,7.465559813950858,3.00298890235968,1e-05,True,40,development_isotonic_frozen
s1-i0,development,1,oracle,min_within_batch_tc,4,0.15,6e1a54e22dde233b,"[[1, 2, 5], [9, 10, 11], [3, 7, 8], [0, 4, 6]]",0.1031998779938679,-0.8996627053781406,1.4577534105525123,-3.860383543399749e-16,,0.9999999999999999,5.6011876962919995,5.6011876962919995,0.1031998779938679,-1.0020808648451127,3.376448690329735,"{""1"": 12}",5.6011876962919995,5.601105531021902,2.0320054366033737,1e-05,True,40,development_isotonic_frozen
s1-i0,development,1,oracle,dprm_myopic,4,0.15,ed02e0075048e369,"[[7, 9, 11], [1, 2, 6], [4, 5, 10], [0, 3, 8]]",0.1031998779938679,-0.7816646692282957,1.619814218386522,-1.1208650488616545e-15,,0.9999999999999999,6.163272991947887,6.163272991947887,0.1031998779938679,-0.6818813355326522,4.16925655295475,"{""1"": 12}",6.163272991947887,6.163185774475565,2.701245947031171,1e-05,True,40,development_isotonic_frozen
s1-i0,development,1,oracle,dprm_rollout,4,0.15,f8fd9d6d41ef8143,"[[8, 9, 11], [2, 3, 4], [1, 5, 7], [0, 6, 10]]",0.1031998779938679,-0.84289551135408,1.5430582719988708,-1.1554330462288964e-15,,0.9999999999999999,8.567269325395161,8.567269325395161,0.1031998779938679,-0.37683780523611543,2.4961141900058137,"{""1"": 12}",8.567269325395161,8.567189869715117,2.6942671967109137,1e-05,True,40,development_isotonic_frozen
s1-i0,development,1,oracle,subset_exact,4,0.15,df3768cde0e6a56e,"[[3, 4, 7], [0, 9, 11], [1, 6, 10], [2, 5, 8]]",0.1031998779938679,-0.7200556162282195,1.6898876508891105,-1.262629917989375e-15,,0.9999999999999999,8.752363477300275,8.752363477300275,0.1031998779938679,0.2350114578761596,2.023617722195573,"{""1"": 12}",8.752363477300275,8.7522833649405,2.684375777209116,1e-05,True,40,development_isotonic_frozen
s1-i0,development,1,oracle,subset_beam_8,4,0.15,df3768cde0e6a56e,"[[3, 4, 7], [0, 9, 11], [1, 6, 10], [2, 5, 8]]",0.1031998779938679,-0.7200556162282195,1.6898876508891105,-1.262629917989375e-15,,0.9999999999999999,8.752363477300275,8.752363477300275,0.1031998779938679,0.2350114578761596,2.023617722195573,"{""1"": 12}",8.752363477300275,8.7522833649405,2.684375777209116,1e-05,True,40,development_isotonic_frozen
s1-i0,development,1,oracle,subset_beam_32,4,0.15,df3768cde0e6a56e,"[[3, 4, 7], [0, 9, 11], [1, 6, 10], [2, 5, 8]]",0.1031998779938679,-0.7200556162282195,1.6898876508891105,-1.262629917989375e-15,,0.9999999999999999,8.752363477300275,8.752363477300275,0.1031998779938679,0.2350114578761596,2.023617722195573,"{""1"": 12}",8.752363477300275,8.7522833649405,2.684375777209116,1e-05,True,40,development_isotonic_frozen
s1-i0,development,1,oracle,saps_diagonal,4,0.15,73cdb2cd1807177a,"[[3, 7, 8], [0, 5, 10], [1, 4, 11], [2, 6, 9]]",0.1031998779938679,-0.8785738838757622,1.5022528534234247,-8.981339741624515e-16,,0.9999999999999999,7.00001209812185,7.00001209812185,0.1031998779938679,1.2143383045813128,1.1435871671353404,"{""1"": 12}",7.00001209812185,6.999933420329546,2.250632696931096,1e-05,True,40,development_isotonic_frozen
s1-i0,development,1,oracle,p_saps_residualized,4,0.15,a114b36c9a163614,"[[1, 2, 7], [0, 4, 9], [3, 5, 11], [6, 8, 10]]",0.1031998779938679,-0.8274680285561046,1.5485381541687238,-1.4019014309262816e-15,,0.9999999999999999,7.253780710849616,7.253780710849616,0.1031998779938679,1.301605259625441,4.143230003494474,"{""1"": 12}",7.253780710849616,7.253703724837601,2.275303275276167,1e-05,True,80,development_isotonic_frozen
s1-i0,development,1,oracle,p_saps_projection,4,0.15,1d7c20d1b9b14a48,"[[0, 2, 8], [4, 5, 10], [6, 7, 11], [1, 3, 9]]",0.1031998779938679,-0.8913866693232966,1.4773860760783242,-1.8051557133456825e-15,,0.9999999999999999,8.65469230424744,8.65469230424744,0.1031998779938679,-0.17283795355136225,1.6140138599576552,"{""1"": 12}",8.65469230424744,8.654616413205884,2.3048654659884176,1e-05,True,640,development_isotonic_frozen
s1-i0,development,1,oracle,b_saps_budgeted,4,0.15,73cdb2cd1807177a,"[[3, 7, 8], [0, 5, 10], [1, 4, 11], [2, 6, 9]]",0.1031998779938679,-0.8785738838757622,1.5022528534234247,-8.981339741624515e-16,,0.9999999999999999,7.00001209812185,7.00001209812185,0.1031998779938679,1.2143383045813128,1.1435871671353404,"{""1"": 12}",7.00001209812185,6.999933420329546,2.250632696931096,1e-05,True,40,development_isotonic_frozen
s1-i0,development,1,random_matched,random_balanced,1,0.01,8a4f20d215a3b9a1,"[[0, 1, 2, 3, 4, 5, 6, 7, 8, 9, 10, 11]]",0.021304297328919045,-0.0,0.0,-6.8996750852527804e-15,,0.0,7.441935101172117,7.441935101172117,0.021304297328919045,0.0,0.22112638895344716,"{""4"": 9, ""3"": 10, ""2"": 11}",7.441935101172117,7.441925277831819,25.496579421823284,1e-05,True,40,development_isotonic_frozen
s1-i0,development,1,random_matched,confidence,1,0.01,8a4f20d215a3b9a1,"[[0, 1, 2, 3, 4, 5, 6, 7, 8, 9, 10, 11]]",0.021304297328919045,-0.0,0.0,-6.8996750852527804e-15,,0.0,7.441935101172117,7.441935101172117,0.021304297328919045,0.0,0.22112638895344716,"{""4"": 9, ""3"": 10, ""2"": 11}",7.441935101172117,7.441925277831819,25.496579421823284,1e-05,True,40,development_isotonic_frozen
s1-i0,development,1,random_matched,entropy,1,0.01,8a4f20d215a3b9a1,"[[0, 1, 2, 3, 4, 5, 6, 7, 8, 9, 10, 11]]",0.021304297328919045,-0.0,0.0,-6.8996750852527804e-15,,0.0,7.441935101172117,7.441935101172117,0.021304297328919045,0.0,0.22112638895344716,"{""4"": 9, ""3"": 10, ""2"": 11}",7.441935101172117,7.441925277831819,25.496579421823284,1e-05,True,40,development_isotonic_frozen
s1-i0,development,1,random_matched,dependency_cmi,1,0.01,8a4f20d215a3b9a1,"[[0, 1, 2, 3, 4, 5, 6, 7, 8, 9, 10, 11]]",0.021304297328919045,-0.0,0.0,-6.8996750852527804e-15,,0.0,7.441935101172117,7.441935101172117,0.021304297328919045,0.0,0.22112638895344716,"{""4"": 9, ""3"": 10, ""2"": 11}",7.441935101172117,7.441925277831819,25.496579421823284,1e-05,True,40,development_isotonic_frozen
s1-i0,development,1,random_matched,min_within_batch_tc,1,0.01,8a4f20d215a3b9a1,"[[0, 1, 2, 3, 4, 5, 6, 7, 8, 9, 10, 11]]",0.021304297328919045,-0.0,0.0,-6.8996750852527804e-15,,0.0,7.441935101172117,7.441935101172117,0.021304297328919045,0.0,0.22112638895344716,"{""4"": 9, ""3"": 10, ""2"": 11}",7.441935101172117,7.441925277831819,25.496579421823284,1e-05,True,40,development_isotonic_frozen
s1-i0,development,1,random_matched,dprm_myopic,1,0.01,8a4f20d215a3b9a1,"[[0, 1, 2, 3, 4, 5, 6, 7, 8, 9, 10, 11]]",0.021304297328919045,-0.0,0.0,-6.8996750852527804e-15,,0.0,7.441935101172117,7.441935101172117,0.021304297328919045,0.0,0.22112638895344716,"{""4"": 9, ""3"": 10, ""2"": 11}",7.441935101172117,7.441925277831819,25.496579421823284,1e-05,True,40,development_isotonic_frozen
s1-i0,development,1,random_matched,dprm_rollout,1,0.01,8a4f20d215a3b9a1,"[[0, 1, 2, 3, 4, 5, 6, 7, 8, 9, 10, 11]]",0.021304297328919045,-0.0,0.0,-6.8996750852527804e-15,,0.0,7.441935101172117,7.441935101172117,0.021304297328919045,0.0,0.22112638895344716,"{""4"": 9, ""3"": 10, ""2"": 11}",7.441935101172117,7.441925277831819,25.496579421823284,1e-05,True,40,development_isotonic_frozen
s1-i0,development,1,random_matched,subset_exact,1,0.01,8a4f20d215a3b9a1,"[[0, 1, 2, 3, 4, 5, 6, 7, 8, 9, 10, 11]]",0.021304297328919045,-0.0,0.0,-6.8996750852527804e-15,,0.0,7.441935101172117,7.441935101172117,0.021304297328919045,0.0,0.22112638895344716,"{""4"": 9, ""3"": 10, ""2"": 11}",7.441935101172117,7.441925277831819,25.496579421823284,1e-05,True,40,development_isotonic_frozen
s1-i0,development,1,random_matched,subset_beam_8,1,0.01,8a4f20d215a3b9a1,"[[0, 1, 2, 3, 4, 5, 6, 7, 8, 9, 10, 11]]",0.021304297328919045,-0.0,0.0,-6.8996750852527804e-15,,0.0,7.441935101172117,7.441935101172117,0.021304297328919045,0.0,0.22112638895344716,"{""4"": 9, ""3"": 10, ""2"": 11}",7.441935101172117,7.441925277831819,25.496579421823284,1e-05,True,40,development_isotonic_frozen
s1-i0,development,1,random_matched,subset_beam_32,1,0.01,8a4f20d215a3b9a1,"[[0, 1, 2, 3, 4, 5, 6, 7, 8, 9, 10, 11]]",0.021304297328919045,-0.0,0.0,-6.8996750852527804e-15,,0.0,7.441935101172117,7.441935101172117,0.021304297328919045,0.0,0.22112638895344716,"{""4"": 9, ""3"": 10, ""2"": 11}",7.441935101172117,7.441925277831819,25.496579421823284,1e-05,True,40,development_isotonic_frozen
s1-i0,development,1,random_matched,saps_diagonal,1,0.01,8a4f20d215a3b9a1,"[[0, 1, 2, 3, 4, 5, 6, 7, 8, 9, 10, 11]]",0.021304297328919045,-0.0,0.0,-6.8996750852527804e-15,,0.0,7.441935101172117,7.441935101172117,0.021304297328919045,0.0,0.22112638895344716,"{""4"": 9, ""3"": 10, ""2"": 11}",7.441935101172117,7.441925277831819,25.496579421823284,1e-05,True,40,development_isotonic_frozen
s1-i0,development,1,random_matched,p_saps_residualized,1,0.01,8a4f20d215a3b9a1,"[[0, 1, 2, 3, 4, 5, 6, 7, 8, 9, 10, 11]]",0.021304297328919045,-0.0,0.0,-6.8996750852527804e-15,,0.0,7.441935101172117,7.441935101172117,0.021304297328919045,0.0,0.22112638895344716,"{""4"": 9, ""3"": 10, ""2"": 11}",7.441935101172117,7.441925277831819,25.496579421823284,1e-05,True,40,development_isotonic_frozen
s1-i0,development,1,random_matched,p_saps_projection,1,0.01,8a4f20d215a3b9a1,"[[0, 1, 2, 3, 4, 5, 6, 7, 8, 9, 10, 11]]",0.021304297328919045,-0.0,0.0,-6.8996750852527804e-15,,0.0,7.441935101172117,7.441935101172117,0.021304297328919045,0.0,0.22112638895344716,"{""4"": 9, ""3"": 10, ""2"": 11}",7.441935101172117,7.441925277831819,25.496579421823284,1e-05,True,40,development_isotonic_frozen
s1-i0,development,1,random_matched,b_saps_budgeted,1,0.01,8a4f20d215a3b9a1,"[[0, 1, 2, 3, 4, 5, 6, 7, 8, 9, 10, 11]]",0.021304297328919045,-0.0,0.0,-6.8996750852527804e-15,,0.0,7.441935101172117,7.441935101172117,0.021304297328919045,0.0,0.22112638895344716,"{""4"": 9, ""3"": 10, ""2"": 11}",7.441935101172117,7.441925277831819,25.496579421823284,1e-05,True,40,development_isotonic_frozen
s1-i0,development,1,random_matched,random_balanced,1,0.05,8a4f20d215a3b9a1,"[[0, 1, 2, 3, 4, 5, 6, 7, 8, 9, 10, 11]]",0.11897787136150911,-0.0,0.0,-6.8996750852527804e-15,,0.0,7.441935101172117,7.441935101172117,0.11897787136150911,0.012011533990542791,0.0,"{""4"": 9, ""3"": 10, ""2"": 11}",7.441935101172117,7.441925277831819,25.496579421823284,1e-05,True,40,development_isotonic_frozen
s1-i0,development,1,random_matched,confidence,1,0.05,8a4f20d215a3b9a1,"[[0, 1, 2, 3, 4, 5, 6, 7, 8, 9, 10, 11]]",0.11897787136150911,-0.0,0.0,-6.8996750852527804e-15,,0.0,7.441935101172117,7.441935101172117,0.11897787136150911,0.012011533990542791,0.0,"{""4"": 9, ""3"": 10, ""2"": 11}",7.441935101172117,7.441925277831819,25.496579421823284,1e-05,True,40,development_isotonic_frozen
s1-i0,development,1,random_matched,entropy,1,0.05,8a4f20d215a3b9a1,"[[0, 1, 2, 3, 4, 5, 6, 7, 8, 9, 10, 11]]",0.11897787136150911,-0.0,0.0,-6.8996750852527804e-15,,0.0,7.441935101172117,7.441935101172117,0.11897787136150911,0.012011533990542791,0.0,"{""4"": 9, ""3"": 10, ""2"": 11}",7.441935101172117,7.441925277831819,25.496579421823284,1e-05,True,40,development_isotonic_frozen
s1-i0,development,1,random_matched,dependency_cmi,1,0.05,8a4f20d215a3b9a1,"[[0, 1, 2, 3, 4, 5, 6, 7, 8, 9, 10, 11]]",0.11897787136150911,-0.0,0.0,-6.8996750852527804e-15,,0.0,7.441935101172117,7.441935101172117,0.11897787136150911,0.012011533990542791,0.0,"{""4"": 9, ""3"": 10, ""2"": 11}",7.441935101172117,7.441925277831819,25.496579421823284,1e-05,True,40,development_isotonic_frozen
s1-i0,development,1,random_matched,min_within_batch_tc,1,0.05,8a4f20d215a3b9a1,"[[0, 1, 2, 3, 4, 5, 6, 7, 8, 9, 10, 11]]",0.11897787136150911,-0.0,0.0,-6.8996750852527804e-15,,0.0,7.441935101172117,7.441935101172117,0.11897787136150911,0.012011533990542791,0.0,"{""4"": 9, ""3"": 10, ""2"": 11}",7.441935101172117,7.441925277831819,25.496579421823284,1e-05,True,40,development_isotonic_frozen
s1-i0,development,1,random_matched,dprm_myopic,1,0.05,8a4f20d215a3b9a1,"[[0, 1, 2, 3, 4, 5, 6, 7, 8, 9, 10, 11]]",0.11897787136150911,-0.0,0.0,-6.8996750852527804e-15,,0.0,7.441935101172117,7.441935101172117,0.11897787136150911,0.012011533990542791,0.0,"{""4"": 9, ""3"": 10, ""2"": 11}",7.441935101172117,7.441925277831819,25.496579421823284,1e-05,True,40,development_isotonic_frozen
s1-i0,development,1,random_matched,dprm_rollout,1,0.05,8a4f20d215a3b9a1,"[[0, 1, 2, 3, 4, 5, 6, 7, 8, 9, 10, 11]]",0.11897787136150911,-0.0,0.0,-6.8996750852527804e-15,,0.0,7.441935101172117,7.441935101172117,0.11897787136150911,0.012011533990542791,0.0,"{""4"": 9, ""3"": 10, ""2"": 11}",7.441935101172117,7.441925277831819,25.496579421823284,1e-05,True,40,development_isotonic_frozen
s1-i0,development,1,random_matched,subset_exact,1,0.05,8a4f20d215a3b9a1,"[[0, 1, 2, 3, 4, 5, 6, 7, 8, 9, 10, 11]]",0.11897787136150911,-0.0,0.0,-6.8996750852527804e-15,,0.0,7.441935101172117,7.441935101172117,0.11897787136150911,0.012011533990542791,0.0,"{""4"": 9, ""3"": 10, ""2"": 11}",7.441935101172117,7.441925277831819,25.496579421823284,1e-05,True,40,development_isotonic_frozen
s1-i0,development,1,random_matched,subset_beam_8,1,0.05,8a4f20d215a3b9a1,"[[0, 1, 2, 3, 4, 5, 6, 7, 8, 9, 10, 11]]",0.11897787136150911,-0.0,0.0,-6.8996750852527804e-15,,0.0,7.441935101172117,7.441935101172117,0.11897787136150911,0.012011533990542791,0.0,"{""4"": 9, ""3"": 10, ""2"": 11}",7.441935101172117,7.441925277831819,25.496579421823284,1e-05,True,40,development_isotonic_frozen
s1-i0,development,1,random_matched,subset_beam_32,1,0.05,8a4f20d215a3b9a1,"[[0, 1, 2, 3, 4, 5, 6, 7, 8, 9, 10, 11]]",0.11897787136150911,-0.0,0.0,-6.8996750852527804e-15,,0.0,7.441935101172117,7.441935101172117,0.11897787136150911,0.012011533990542791,0.0,"{""4"": 9, ""3"": 10, ""2"": 11}",7.441935101172117,7.441925277831819,25.496579421823284,1e-05,True,40,development_isotonic_frozen
s1-i0,development,1,random_matched,saps_diagonal,1,0.05,8a4f20d215a3b9a1,"[[0, 1, 2, 3, 4, 5, 6, 7, 8, 9, 10, 11]]",0.11897787136150911,-0.0,0.0,-6.8996750852527804e-15,,0.0,7.441935101172117,7.441935101172117,0.11897787136150911,0.012011533990542791,0.0,"{""4"": 9, ""3"": 10, ""2"": 11}",7.441935101172117,7.441925277831819,25.496579421823284,1e-05,True,40,development_isotonic_frozen
s1-i0,development,1,random_matched,p_saps_residualized,1,0.05,8a4f20d215a3b9a1,"[[0, 1, 2, 3, 4, 5, 6, 7, 8, 9, 10, 11]]",0.11897787136150911,-0.0,0.0,-6.8996750852527804e-15,,0.0,7.441935101172117,7.441935101172117,0.11897787136150911,0.012011533990542791,0.0,"{""4"": 9, ""3"": 10, ""2"": 11}",7.441935101172117,7.441925277831819,25.496579421823284,1e-05,True,40,development_isotonic_frozen
s1-i0,development,1,random_matched,p_saps_projection,1,0.05,8a4f20d215a3b9a1,"[[0, 1, 2, 3, 4, 5, 6, 7, 8, 9, 10, 11]]",0.11897787136150911,-0.0,0.0,-6.8996750852527804e-15,,0.0,7.441935101172117,7.441935101172117,0.11897787136150911,0.012011533990542791,0.0,"{""4"": 9, ""3"": 10, ""2"": 11}",7.441935101172117,7.441925277831819,25.496579421823284,1e-05,True,40,development_isotonic_frozen
s1-i0,development,1,random_matched,b_saps_budgeted,1,0.05,8a4f20d215a3b9a1,"[[0, 1, 2, 3, 4, 5, 6, 7, 8, 9, 10, 11]]",0.11897787136150911,-0.0,0.0,-6.8996750852527804e-15,,0.0,7.441935101172117,7.441935101172117,0.11897787136150911,0.012011533990542791,0.0,"{""4"": 9, ""3"": 10, ""2"": 11}",7.441935101172117,7.441925277831819,25.496579421823284,1e-05,True,40,development_isotonic_frozen
s1-i0,development,1,random_matched,random_balanced,1,0.15,8a4f20d215a3b9a1,"[[0, 1, 2, 3, 4, 5, 6, 7, 8, 9, 10, 11]]",0.3484154663218108,-0.0,0.0,-6.8996750852527804e-15,,0.0,7.441935101172117,7.441935101172117,0.3484154663218108,0.6488179062389972,2.4961141900058137,"{""4"": 9, ""3"": 10, ""2"": 11}",7.441935101172117,7.441925277831819,25.496579421823284,1e-05,True,40,development_isotonic_frozen
s1-i0,development,1,random_matched,confidence,1,0.15,8a4f20d215a3b9a1,"[[0, 1, 2, 3, 4, 5, 6, 7, 8, 9, 10, 11]]",0.3484154663218108,-0.0,0.0,-6.8996750852527804e-15,,0.0,7.441935101172117,7.441935101172117,0.3484154663218108,0.6488179062389972,2.4961141900058137,"{""4"": 9, ""3"": 10, ""2"": 11}",7.441935101172117,7.441925277831819,25.496579421823284,1e-05,True,40,development_isotonic_frozen
s1-i0,development,1,random_matched,entropy,1,0.15,8a4f20d215a3b9a1,"[[0, 1, 2, 3, 4, 5, 6, 7, 8, 9, 10, 11]]",0.3484154663218108,-0.0,0.0,-6.8996750852527804e-15,,0.0,7.441935101172117,7.441935101172117,0.3484154663218108,0.6488179062389972,2.4961141900058137,"{""4"": 9, ""3"": 10, ""2"": 11}",7.441935101172117,7.441925277831819,25.496579421823284,1e-05,True,40,development_isotonic_frozen
s1-i0,development,1,random_matched,dependency_cmi,1,0.15,8a4f20d215a3b9a1,"[[0, 1, 2, 3, 4, 5, 6, 7, 8, 9, 10, 11]]",0.3484154663218108,-0.0,0.0,-6.8996750852527804e-15,,0.0,7.441935101172117,7.441935101172117,0.3484154663218108,0.6488179062389972,2.4961141900058137,"{""4"": 9, ""3"": 10, ""2"": 11}",7.441935101172117,7.441925277831819,25.496579421823284,1e-05,True,40,development_isotonic_frozen
s1-i0,development,1,random_matched,min_within_batch_tc,1,0.15,8a4f20d215a3b9a1,"[[0, 1, 2, 3, 4, 5, 6, 7, 8, 9, 10, 11]]",0.3484154663218108,-0.0,0.0,-6.8996750852527804e-15,,0.0,7.441935101172117,7.441935101172117,0.3484154663218108,0.6488179062389972,2.4961141900058137,"{""4"": 9, ""3"": 10, ""2"": 11}",7.441935101172117,7.441925277831819,25.496579421823284,1e-05,True,40,development_isotonic_frozen
s1-i0,development,1,random_matched,dprm_myopic,1,0.15,8a4f20d215a3b9a1,"[[0, 1, 2, 3, 4, 5, 6, 7, 8, 9, 10, 11]]",0.3484154663218108,-0.0,0.0,-6.8996750852527804e-15,,0.0,7.441935101172117,7.441935101172117,0.3484154663218108,0.6488179062389972,2.4961141900058137,"{""4"": 9, ""3"": 10, ""2"": 11}",7.441935101172117,7.441925277831819,25.496579421823284,1e-05,True,40,development_isotonic_frozen
s1-i0,development,1,random_matched,dprm_rollout,1,0.15,8a4f20d215a3b9a1,"[[0, 1, 2, 3, 4, 5, 6, 7, 8, 9, 10, 11]]",0.3484154663218108,-0.0,0.0,-6.8996750852527804e-15,,0.0,7.441935101172117,7.441935101172117,0.3484154663218108,0.6488179062389972,2.4961141900058137,"{""4"": 9, ""3"": 10, ""2"": 11}",7.441935101172117,7.441925277831819,25.496579421823284,1e-05,True,40,development_isotonic_frozen
s1-i0,development,1,random_matched,subset_exact,1,0.15,8a4f20d215a3b9a1,"[[0, 1, 2, 3, 4, 5, 6, 7, 8, 9, 10, 11]]",0.3484154663218108,-0.0,0.0,-6.8996750852527804e-15,,0.0,7.441935101172117,7.441935101172117,0.3484154663218108,0.6488179062389972,2.4961141900058137,"{""4"": 9, ""3"": 10, ""2"": 11}",7.441935101172117,7.441925277831819,25.496579421823284,1e-05,True,40,development_isotonic_frozen
s1-i0,development,1,random_matched,subset_beam_8,1,0.15,8a4f20d215a3b9a1,"[[0, 1, 2, 3, 4, 5, 6, 7, 8, 9, 10, 11]]",0.3484154663218108,-0.0,0.0,-6.8996750852527804e-15,,0.0,7.441935101172117,7.441935101172117,0.3484154663218108,0.6488179062389972,2.4961141900058137,"{""4"": 9, ""3"": 10, ""2"": 11}",7.441935101172117,7.441925277831819,25.496579421823284,1e-05,True,40,development_isotonic_frozen
s1-i0,development,1,random_matched,subset_beam_32,1,0.15,8a4f20d215a3b9a1,"[[0, 1, 2, 3, 4, 5, 6, 7, 8, 9, 10, 11]]",0.3484154663218108,-0.0,0.0,-6.8996750852527804e-15,,0.0,7.441935101172117,7.441935101172117,0.3484154663218108,0.6488179062389972,2.4961141900058137,"{""4"": 9, ""3"": 10, ""2"": 11}",7.441935101172117,7.441925277831819,25.496579421823284,1e-05,True,40,development_isotonic_frozen
s1-i0,development,1,random_matched,saps_diagonal,1,0.15,8a4f20d215a3b9a1,"[[0, 1, 2, 3, 4, 5, 6, 7, 8, 9, 10, 11]]",0.3484154663218108,-0.0,0.0,-6.8996750852527804e-15,,0.0,7.441935101172117,7.441935101172117,0.3484154663218108,0.6488179062389972,2.4961141900058137,"{""4"": 9, ""3"": 10, ""2"": 11}",7.441935101172117,7.441925277831819,25.496579421823284,1e-05,True,40,development_isotonic_frozen
s1-i0,development,1,random_matched,p_saps_residualized,1,0.15,8a4f20d215a3b9a1,"[[0, 1, 2, 3, 4, 5, 6, 7, 8, 9, 10, 11]]",0.3484154663218108,-0.0,0.0,-6.8996750852527804e-15,,0.0,7.441935101172117,7.441935101172117,0.3484154663218108,0.6488179062389972,2.4961141900058137,"{""4"": 9, ""3"": 10, ""2"": 11}",7.441935101172117,7.441925277831819,25.496579421823284,1e-05,True,40,development_isotonic_frozen
s1-i0,development,1,random_matched,p_saps_projection,1,0.15,8a4f20d215a3b9a1,"[[0, 1, 2, 3, 4, 5, 6, 7, 8, 9, 10, 11]]",0.3484154663218108,-0.0,0.0,-6.8996750852527804e-15,,0.0,7.441935101172117,7.441935101172117,0.3484154663218108,0.6488179062389972,2.4961141900058137,"{""4"": 9, ""3"": 10, ""2"": 11}",7.441935101172117,7.441925277831819,25.496579421823284,1e-05,True,40,development_isotonic_frozen
s1-i0,development,1,random_matched,b_saps_budgeted,1,0.15,8a4f20d215a3b9a1,"[[0, 1, 2, 3, 4, 5, 6, 7, 8, 9, 10, 11]]",0.3484154663218108,-0.0,0.0,-6.8996750852527804e-15,,0.0,7.441935101172117,7.441935101172117,0.3484154663218108,0.6488179062389972,2.4961141900058137,"{""4"": 9, ""3"": 10, ""2"": 11}",7.441935101172117,7.441925277831819,25.496579421823284,1e-05,True,40,development_isotonic_frozen
s1-i0,development,1,random_matched,random_balanced,2,0.01,54bda76427b645d0,"[[0, 3, 5, 7, 8, 10], [1, 2, 4, 6, 9, 11]]",0.029881352097704632,-0.3010148409151254,0.4930482411836263,-2.668125055921109e-15,,15.0,8.185081970889886,8.185081970889886,0.029420220120888203,0.0,1.655275634197043,"{""1"": 15, ""3"": 6, ""4"": 1, ""2"": 8}",8.185081970889886,8.185053927915838,18.753044908721936,1e-05,True,40,development_isotonic_frozen
s1-i0,development,1,random_matched,confidence,2,0.01,86a1622ad8141376,"[[0, 4, 6, 9, 10, 11], [1, 2, 3, 5, 7, 8]]",0.029881352097704632,-0.21351374808477486,0.5876631402632456,-2.8428648515262768e-15,,11.0,5.066755971712659,5.066755971712659,0.029420220120888203,0.02030687993251308,0.0,"{""3"": 3, ""2"": 15, ""1"": 11, ""4"": 1}",5.066755971712659,5.066730202767225,24.38030127824171,1e-05,True,40,development_isotonic_frozen
s1-i0,development,1,random_matched,entropy,2,0.01,679e5ca8e8847f0e,"[[0, 4, 7, 9, 10, 11], [1, 2, 3, 5, 6, 8]]",0.029881352097704632,-0.21610373852888068,0.6008180423800403,-2.2901625169303482e-15,,8.0,8.006508569872281,8.006508569872281,0.02840572977189206,0.0,0.0,"{""3"": 2, ""1"": 8, ""2"": 18, ""4"": 2}",8.006508569872281,8.006482768320435,25.268117404104757,1e-05,True,40,development_isotonic_frozen
s1-i0,development,1,random_matched,dependency_cmi,2,0.01,4f452b513cafc1ee,"[[1, 2, 3, 4, 5, 6], [0, 7, 8, 9, 10, 11]]",0.029881352097704632,-0.3126106345459116,0.4554608388548385,-1.968385956268394e-15,,15.0,7.702507379398296,7.702507379398296,0.029420220120888203,0.0,0.3167038946073939,"{""1"": 15, ""2"": 12, ""4"": 1, ""3"": 2}",7.702507379398296,7.702480992479977,18.8842721429888,1e-05,True,40,development_isotonic_frozen
s1-i0,development,1,random_matched,min_within_batch_tc,2,0.01,9517f72bee5041c6,"[[1, 7, 8, 9, 10, 11], [0, 2, 3, 4, 5, 6]]",0.029881352097704632,-0.2668678814050944,0.5266638718887648,-1.7277980282997418e-15,,10.0,8.448886738069724,8.448886738069724,0.03043471046988435,0.0,0.3670377324835643,"{""3"": 6, ""2"": 14, ""1"": 10}",8.448886738069724,8.448844114725528,24.143116874614563,1e-05,True,40,development_isotonic_frozen
s1-i0,development,1,random_matched,dprm_myopic,2,0.01,45b5b8e26083b1b4,"[[1, 2, 6, 7, 9, 11], [0, 3, 4, 5, 8, 10]]",0.029881352097704632,-0.26502030322758957,0.5279217196903441,-2.9929736853444738e-15,,12.0,7.854646228805717,7.854646228805717,0.029420220120888203,0.0,0.22112638895344716,"{""3"": 5, ""2"": 12, ""1"": 12, ""4"": 1}",7.854646228805717,7.854603551055135,22.953629740584205,1e-05,True,40,development_isotonic_frozen
s1-i0,development,1,random_matched,dprm_rollout,2,0.01,cebef04d00184380,"[[4, 5, 6, 7, 9, 11], [0, 1, 2, 3, 8, 10]]",0.029881352097704632,-0.25331580289628797,0.5583441336353202,-3.603838229056049e-15,,11.0,7.395558751552513,7.395558751552513,0.029420220120888203,0.0,0.3670377324835643,"{""3"": 4, ""2"": 14, ""1"": 11, ""4"": 1}",7.395558751552513,7.39552985539178,24.71893475692611,1e-05,True,40,development_isotonic_frozen
s1-i0,development,1,random_matched,subset_exact,2,0.01,a3078c2caff90167,"[[0, 1, 2, 3, 4, 6], [5, 7, 8, 9, 10, 11]]",0.029881352097704632,-0.2770903103016758,0.4923081022290447,-3.034352882059991e-15,,15.0,6.324832811904201,6.324832811904201,0.03043471046988435,0.0,-0.050333837876170406,"{""1"": 15, ""2"": 14, ""3"": 1}",6.324832811904201,6.324819827916589,20.15682586628373,1e-05,True,40,development_isotonic_frozen
s1-i0,development,1,random_matched,subset_beam_8,2,0.01,a3078c2caff90167,"[[0, 1, 2, 3, 4, 6], [5, 7, 8, 9, 10, 11]]",0.029881352097704632,-0.2770903103016758,0.4923081022290447,-3.034352882059991e-15,,15.0,6.324832811904201,6.324832811904201,0.03043471046988435,0.0,-0.050333837876170406,"{""1"": 15, ""2"": 14, ""3"": 1}",6.324832811904201,6.324819827916589,20.15682586628373,1e-05,True,40,development_isotonic_frozen
s1-i0,development,1,random_matched,subset_beam_32,2,0.01,a3078c2caff90167,"[[0, 1, 2, 3, 4, 6], [5, 7, 8, 9, 10, 11]]",0.029881352097704632,-0.2770903103016758,0.4923081022290447,-3.034352882059991e-15,,15.0,6.324832811904201,6.324832811904201,0.03043471046988435,0.0,-0.050333837876170406,"{""1"": 15, ""2"": 14, ""3"": 1}",6.324832811904201,6.324819827916589,20.15682586628373,1e-05,True,40,development_isotonic_frozen
s1-i0,development,1,random_matched,saps_diagonal,2,0.01,3ce0724d93861253,"[[1, 3, 4, 5, 7, 8], [0, 2, 6, 9, 10, 11]]",0.029881352097704632,-0.3187399432906936,0.46173124779953995,-2.9675793605039627e-15,,21.0,7.246385321829163,7.246385321829163,0.03043471046988435,-0.005290217163451655,0.3670377324835643,"{""1"": 21, ""2"": 8, ""3"": 1}",7.246385321829163,7.246253606296967,19.007594509506273,1e-05,True,40,development_isotonic_frozen
s1-i0,development,1,random_matched,p_saps_residualized,2,0.01,8aaf72a70edbc36d,"[[1, 2, 3, 7, 8, 9], [0, 4, 5, 6, 10, 11]]",0.029881352097704632,-0.31609698103618905,0.4592855700806107,-3.695626047878269e-15,,18.0,8.32100501661676,8.32100501661676,0.029420220120888203,0.0,1.2379040638373082,"{""2"": 10, ""1"": 18, ""4"": 1, ""3"": 1}",8.32100501661676,8.320937956468747,16.711134460141132,1e-05,True,80,development_isotonic_frozen
s1-i0,development,1,random_matched,p_saps_projection,2,0.01,64f6073652dd0f0f,"[[1, 3, 5, 7, 8, 9], [0, 2, 4, 6, 10, 11]]",0.029881352097704632,-0.31430946027310797,0.46726074627447484,-3.4475649460058097e-15,,21.0,9.442559381064315,9.442559381064315,0.03043471046988435,0.0,0.46261523813751104,"{""1"": 21, ""2"": 7, ""3"": 2}",9.442559381064315,9.442506393129577,16.466796354745213,1e-05,True,640,development_isotonic_frozen
s1-i0,development,1,random_matched,b_saps_budgeted,2,0.01,5f7b9ebf4dd5e2f0,"[[0, 1, 3, 7, 8, 10], [2, 4, 5, 6, 9, 11]]",0.029881352097704632,-0.28763862465857387,0.4914005820654706,-2.869436516256605e-15,,13.0,7.636390727260462,7.636390727260462,0.03043471046988435,0.0,0.0,"{""1"": 13, ""3"": 7, ""2"": 10}",7.636390727260462,7.636344652363528,21.983426699691552,1e-05,True,40,development_isotonic_frozen
s1-i0,development,1,random_matched,random_balanced,2,0.05,54bda76427b645d0,"[[0, 3, 5, 7, 8, 10], [1, 2, 4, 6, 9, 11]]",0.1358124486070241,-0.3010148409151254,0.4930482411836263,-2.668125055921109e-15,,15.0,8.185081970889886,8.185081970889886,0.13490736380887813,0.0,0.0,"{""1"": 15, ""3"": 6, ""4"": 1, ""2"": 8}",8.185081970889886,8.185053927915838,18.753044908721936,1e-05,True,40,development_isotonic_frozen
s1-i0,development,1,random_matched,confidence,2,0.05,86a1622ad8141376,"[[0, 4, 6, 9, 10, 11], [1, 2, 3, 5, 7, 8]]",0.1358124486070241,-0.21351374808477486,0.5876631402632456,-2.8428648515262768e-15,,11.0,5.066755971712659,5.066755971712659,0.13490736380887813,0.0,0.0,"{""3"": 3, ""2"": 15, ""1"": 11, ""4"": 1}",5.066755971712659,5.066730202767225,24.38030127824171,1e-05,True,40,development_isotonic_frozen
s1-i0,development,1,random_matched,entropy,2,0.05,679e5ca8e8847f0e,"[[0, 4, 7, 9, 10, 11], [1, 2, 3, 5, 6, 8]]",0.1358124486070241,-0.21610373852888068,0.6008180423800403,-2.2901625169303482e-15,,8.0,8.006508569872281,8.006508569872281,0.132916177252957,0.08038388163809689,-1.7891249275972483,"{""3"": 2, ""1"": 8, ""2"": 18, ""4"": 2}",8.006508569872281,8.006482768320435,25.268117404104757,1e-05,True,40,development_isotonic_frozen
s1-i0,development,1,random_matched,dependency_cmi,2,0.05,4f452b513cafc1ee,"[[1, 2, 3, 4, 5, 6], [0, 7, 8, 9, 10, 11]]",0.1358124486070241,-0.3126106345459116,0.4554608388548385,-1.968385956268394e-15,,15.0,7.702507379398296,7.702507379398296,0.13490736380887813,-0.3235287807554021,0.0,"{""1"": 15, ""2"": 12, ""4"": 1, ""3"": 2}",7.702507379398296,7.702480992479977,18.8842721429888,1e-05,True,40,development_isotonic_frozen
s1-i0,development,1,random_matched,min_within_batch_tc,2,0.05,9517f72bee5041c6,"[[1, 7, 8, 9, 10, 11], [0, 2, 3, 4, 5, 6]]",0.1358124486070241,-0.2668678814050944,0.5266638718887648,-1.7277980282997418e-15,,10.0,8.448886738069724,8.448886738069724,0.13689855036479925,0.0,0.0,"{""3"": 6, ""2"": 14, ""1"": 10}",8.448886738069724,8.448844114725528,24.143116874614563,1e-05,True,40,development_isotonic_frozen
s1-i0,development,1,random_matched,dprm_myopic,2,0.05,45b5b8e26083b1b4,"[[1, 2, 6, 7, 9, 11], [0, 3, 4, 5, 8, 10]]",0.1358124486070241,-0.26502030322758957,0.5279217196903441,-2.9929736853444738e-15,,12.0,7.854646228805717,7.854646228805717,0.13490736380887813,-0.02421786549823872,0.6141952703293856,"{""3"": 5, ""2"": 12, ""1"": 12, ""4"": 1}",7.854646228805717,7.854603551055135,22.953629740584205,1e-05,True,40,development_isotonic_frozen
s1-i0,development,1,random_matched,dprm_rollout,2,0.05,8c4ba4f05e624fbb,"[[3, 4, 5, 7, 9, 11], [0, 1, 2, 6, 8, 10]]",0.1358124486070241,-0.2568699003959477,0.5589927766481766,-3.495404658214011e-15,,13.0,8.88515834696306,8.88515834696306,0.13689855036479925,0.03547579652652333,0.0,"{""2"": 14, ""1"": 13, ""3"": 3}",8.88515834696306,8.88512144259904,19.398191316213214,1e-05,True,40,development_isotonic_frozen
s1-i0,development,1,random_matched,subset_exact,2,0.05,23e64cbc93eea36d,"[[1, 2, 6, 7, 8, 9], [0, 3, 4, 5, 10, 11]]",0.1358124486070241,-0.3125428835365293,0.45863692706775433,-3.082758804536258e-15,,12.0,7.261541005330113,7.261541005330113,0.132916177252957,-0.4854128207003389,0.0,"{""3"": 1, ""2"": 15, ""1"": 12, ""4"": 2}",7.261541005330113,7.261505982750341,20.32766522636857,1e-05,True,40,development_isotonic_frozen
s1-i0,development,1,random_matched,subset_beam_8,2,0.05,b6773ab919599762,"[[0, 1, 2, 5, 6, 7], [3, 4, 8, 9, 10, 11]]",0.1358124486070241,-0.29941939907089404,0.48401478270002657,-2.7961731014012178e-15,,12.0,8.677236670619227,8.677236670619227,0.13490736380887813,-0.5755785253813428,0.0,"{""1"": 12, ""2"": 13, ""4"": 1, ""3"": 4}",8.677236670619227,8.67719900125898,23.315566990334844,1e-05,True,40,development_isotonic_frozen
s1-i0,development,1,random_matched,subset_beam_32,2,0.05,4aadbdfd5d346448,"[[0, 2, 3, 4, 6, 8], [1, 5, 7, 9, 10, 11]]",0.1358124486070241,-0.2957933656219846,0.4790960919812428,-2.9418820830682315e-15,,12.0,6.690618873917468,6.690618873917468,0.13689855036479925,0.12709079603099294,0.0,"{""2"": 15, ""1"": 12, ""3"": 3}",6.690618873917468,6.690599205115484,18.624950293247018,1e-05,True,40,development_isotonic_frozen
s1-i0,development,1,random_matched,saps_diagonal,2,0.05,3ce0724d93861253,"[[1, 3, 4, 5, 7, 8], [0, 2, 6, 9, 10, 11]]",0.1358124486070241,-0.3187399432906936,0.46173124779953995,-2.9675793605039627e-15,,21.0,7.246385321829163,7.246385321829163,0.13689855036479925,0.5175053147648442,0.0,"{""1"": 21, ""2"": 8, ""3"": 1}",7.246385321829163,7.246253606296967,19.007594509506273,1e-05,True,40,development_isotonic_frozen
s1-i0,development,1,random_matched,p_saps_residualized,2,0.05,8aaf72a70edbc36d,"[[1, 2, 3, 7, 8, 9], [0, 4, 5, 6, 10, 11]]",0.1358124486070241,-0.31609698103618905,0.4592855700806107,-3.695626047878269e-15,,18.0,8.32100501661676,8.32100501661676,0.13490736380887813,0.0,0.0,"{""2"": 10, ""1"": 18, ""4"": 1, ""3"": 1}",8.32100501661676,8.320937956468747,16.711134460141132,1e-05,True,80,development_isotonic_frozen
s1-i0,development,1,random_matched,p_saps_projection,2,0.05,64f6073652dd0f0f,"[[1, 3, 5, 7, 8, 9], [0, 2, 4, 6, 10, 11]]",0.1358124486070241,-0.31430946027310797,0.46726074627447484,-3.4475649460058097e-15,,21.0,9.442559381064315,9.442559381064315,0.13689855036479925,0.5302044507238117,0.0,"{""1"": 21, ""2"": 7, ""3"": 2}",9.442559381064315,9.442506393129577,16.466796354745213,1e-05,True,640,development_isotonic_frozen
s1-i0,development,1,random_matched,b_saps_budgeted,2,0.05,5f7b9ebf4dd5e2f0,"[[0, 1, 3, 7, 8, 10], [2, 4, 5, 6, 9, 11]]",0.1358124486070241,-0.28763862465857387,0.4914005820654706,-2.869436516256605e-15,,13.0,7.636390727260462,7.636390727260462,0.13689855036479925,-0.31846390580946643,0.0,"{""1"": 13, ""3"": 7, ""2"": 10}",7.636390727260462,7.636344652363528,21.983426699691552,1e-05,True,40,development_isotonic_frozen
s1-i0,development,1,random_matched,random_balanced,2,0.15,54bda76427b645d0,"[[0, 3, 5, 7, 8, 10], [1, 2, 4, 6, 9, 11]]",1.6840666234508794,-0.3010148409151254,0.4930482411836263,-2.668125055921109e-15,,15.0,8.185081970889886,8.185081970889886,1.801391236323881,-1.6596493202053708,1.1435871671353404,"{""1"": 15, ""3"": 6, ""4"": 1, ""2"": 8}",8.185081970889886,8.185053927915838,18.753044908721936,1e-05,True,40,development_isotonic_frozen
s1-i0,development,1,random_matched,confidence,2,0.15,86a1622ad8141376,"[[0, 4, 6, 9, 10, 11], [1, 2, 3, 5, 7, 8]]",1.6840666234508794,-0.21351374808477486,0.5876631402632456,-2.8428648515262768e-15,,11.0,5.066755971712659,5.066755971712659,1.610310657462289,-0.8189155898528122,0.9938441036056384,"{""3"": 3, ""2"": 15, ""1"": 11, ""4"": 1}",5.066755971712659,5.066730202767225,24.38030127824171,1e-05,True,40,development_isotonic_frozen
s1-i0,development,1,random_matched,entropy,2,0.15,679e5ca8e8847f0e,"[[0, 4, 7, 9, 10, 11], [1, 2, 3, 5, 6, 8]]",1.6840666234508794,-0.21610373852888068,0.6008180423800403,-2.2901625169303482e-15,,8.0,8.006508569872281,8.006508569872281,1.3957334233866336,0.28859648642834423,0.42577013014145126,"{""3"": 2, ""1"": 8, ""2"": 18, ""4"": 2}",8.006508569872281,8.006482768320435,25.268117404104757,1e-05,True,40,development_isotonic_frozen
s1-i0,development,1,random_matched,dependency_cmi,2,0.15,4f452b513cafc1ee,"[[1, 2, 3, 4, 5, 6], [0, 7, 8, 9, 10, 11]]",1.6840666234508794,-0.3126106345459116,0.4554608388548385,-1.968385956268394e-15,,15.0,7.702507379398296,7.702507379398296,1.9280877695318124,0.013906039127366668,3.7860525525676527,"{""1"": 15, ""2"": 12, ""4"": 1, ""3"": 2}",7.702507379398296,7.702480992479977,18.8842721429888,1e-05,True,40,development_isotonic_frozen
s1-i0,development,1,random_matched,min_within_batch_tc,2,0.15,9517f72bee5041c6,"[[1, 7, 8, 9, 10, 11], [0, 2, 3, 4, 5, 6]]",1.6840666234508794,-0.2668678814050944,0.5266638718887648,-1.7277980282997418e-15,,10.0,8.448886738069724,8.448886738069724,1.4754366461664383,-0.35259708666298994,2.129076457522249,"{""3"": 6, ""2"": 14, ""1"": 10}",8.448886738069724,8.448844114725528,24.143116874614563,1e-05,True,40,development_isotonic_frozen
s1-i0,development,1,random_matched,dprm_myopic,2,0.15,45b5b8e26083b1b4,"[[1, 2, 6, 7, 9, 11], [0, 3, 4, 5, 8, 10]]",1.6840666234508794,-0.26502030322758957,0.5279217196903441,-2.9929736853444738e-15,,12.0,7.854646228805717,7.854646228805717,1.6184881355502085,-0.02512549606891501,3.7860525525676527,"{""3"": 5, ""2"": 12, ""1"": 12, ""4"": 1}",7.854646228805717,7.854603551055135,22.953629740584205,1e-05,True,40,development_isotonic_frozen
s1-i0,development,1,random_matched,dprm_rollout,2,0.15,ead036e152239c77,"[[3, 4, 5, 6, 9, 10], [0, 1, 2, 7, 8, 11]]",1.6840666234508794,-0.27760146098436816,0.5050344007994304,-3.647729119435858e-15,,14.0,7.497647272310354,7.497647272310354,1.8565620248399273,-0.32484544997731796,0.09557750565394652,"{""2"": 13, ""1"": 14, ""3"": 3}",7.497647272310354,7.497613725864747,18.762720385516385,1e-05,True,40,development_isotonic_frozen
s1-i0,development,1,random_matched,subset_exact,2,0.15,45b5b8e26083b1b4,"[[1, 2, 6, 7, 9, 11], [0, 3, 4, 5, 8, 10]]",1.6840666234508794,-0.26502030322758957,0.5279217196903441,-2.9929736853444738e-15,,12.0,7.854646228805717,7.854646228805717,1.6184881355502085,-0.02512549606891501,3.7860525525676527,"{""3"": 5, ""2"": 12, ""1"": 12, ""4"": 1}",7.854646228805717,7.854603551055135,22.953629740584205,1e-05,True,40,development_isotonic_frozen
s1-i0,development,1,random_matched,subset_beam_8,2,0.15,83f3630d8861fe4c,"[[0, 1, 2, 3, 6, 9], [4, 5, 7, 8, 10, 11]]",1.6840666234508794,-0.27265982728409016,0.4978376007039796,-3.2722134411883363e-15,,15.0,5.226419443387219,5.226419443387219,1.9280877695318124,-0.0245636161847572,2.7823481674052712,"{""1"": 15, ""3"": 3, ""2"": 12}",5.226419443387219,5.226361804985345,19.32966438230532,1e-05,True,40,development_isotonic_frozen
s1-i0,development,1,random_matched,subset_beam_32,2,0.15,45b5b8e26083b1b4,"[[1, 2, 6, 7, 9, 11], [0, 3, 4, 5, 8, 10]]",1.6840666234508794,-0.26502030322758957,0.5279217196903441,-2.9929736853444738e-15,,12.0,7.854646228805717,7.854646228805717,1.6184881355502085,-0.02512549606891501,3.7860525525676527,"{""3"": 5, ""2"": 12, ""1"": 12, ""4"": 1}",7.854646228805717,7.854603551055135,22.953629740584205,1e-05,True,40,development_isotonic_frozen
s1-i0,development,1,random_matched,saps_diagonal,2,0.15,3ce0724d93861253,"[[1, 3, 4, 5, 7, 8], [0, 2, 6, 9, 10, 11]]",1.6840666234508794,-0.3187399432906936,0.46173124779953995,-2.9675793605039627e-15,,21.0,7.246385321829163,7.246385321829163,2.4205905042870888,0.13124809632091702,2.4961141900058137,"{""1"": 21, ""2"": 8, ""3"": 1}",7.246385321829163,7.246253606296967,19.007594509506273,1e-05,True,40,development_isotonic_frozen
s1-i0,development,1,random_matched,p_saps_residualized,2,0.15,8aaf72a70edbc36d,"[[1, 2, 3, 7, 8, 9], [0, 4, 5, 6, 10, 11]]",1.6840666234508794,-0.31609698103618905,0.4592855700806107,-3.695626047878269e-15,,18.0,8.32100501661676,8.32100501661676,2.1743391369094502,0.1208135169524916,2.4961141900058137,"{""2"": 10, ""1"": 18, ""4"": 1, ""3"": 1}",8.32100501661676,8.320937956468747,16.711134460141132,1e-05,True,80,development_isotonic_frozen
s1-i0,development,1,random_matched,p_saps_projection,2,0.15,64f6073652dd0f0f,"[[1, 3, 5, 7, 8, 9], [0, 2, 4, 6, 10, 11]]",1.6840666234508794,-0.31430946027310797,0.46726074627447484,-3.4475649460058097e-15,,21.0,9.442559381064315,9.442559381064315,2.388916370985106,-0.5924903050092918,2.59169169565976,"{""1"": 21, ""2"": 7, ""3"": 2}",9.442559381064315,9.442506393129577,16.466796354745213,1e-05,True,640,development_isotonic_frozen
s1-i0,development,1,random_matched,b_saps_budgeted,2,0.15,3ce0724d93861253,"[[1, 3, 4, 5, 7, 8], [0, 2, 6, 9, 10, 11]]",1.6840666234508794,-0.3187399432906936,0.46173124779953995,-2.9675793605039627e-15,,21.0,7.246385321829163,7.246385321829163,2.4205905042870888,0.13124809632091702,2.4961141900058137,"{""1"": 21, ""2"": 8, ""3"": 1}",7.246385321829163,7.246253606296967,19.007594509506273,1e-05,True,40,development_isotonic_frozen
s1-i0,development,1,random_matched,random_balanced,3,0.01,a58b96eaeb04a6ee,"[[3, 5, 7, 8], [0, 4, 10, 11], [1, 2, 6, 9]]",0.03037937463266638,-0.5909352592171883,1.0108522713579542,-1.5512114430285727e-15,,23.0,7.140875207733447,7.140875207733447,0.03043471046988435,0.0,0.3167038946073939,"{""1"": 23, ""3"": 3, ""2"": 4}",7.140875207733447,7.140836564347511,16.216636884337465,1e-05,True,40,development_isotonic_frozen
s1-i0,development,1,random_matched,confidence,3,0.01,1c40baf8346267e0,"[[0, 4, 9, 11], [3, 6, 7, 10], [1, 2, 5, 8]]",0.03037937463266638,-0.43486332423648677,1.1835031802856284,-1.6635883996470518e-15,,17.0,5.309376430584022,5.309376430584022,0.03043471046988435,0.0,0.0,"{""2"": 10, ""1"": 17, ""3"": 3}",5.309376430584022,5.309345499792371,18.842064708193806,1e-05,True,40,development_isotonic_frozen
s1-i0,development,1,random_matched,entropy,3,0.01,a2cdd06f82c37f57,"[[0, 7, 9, 11], [3, 4, 6, 10], [1, 2, 5, 8]]",0.03037937463266638,-0.4435640604158801,1.1838535079236336,-1.8000098991155034e-15,,20.0,6.727401145263315,6.727401145263315,0.03043471046988435,0.03958108766316565,1.2882379017134786,"{""2"": 8, ""1"": 20, ""3"": 2}",6.727401145263315,6.727348897509198,18.58660463186156,1e-05,True,40,development_isotonic_frozen
s1-i0,development,1,random_matched,dependency_cmi,3,0.01,578533cf9c5124ef,"[[1, 2, 3, 5], [0, 4, 7, 11], [6, 8, 9, 10]]",0.03037937463266638,-0.5905708399607676,0.9865543836701871,-1.1286139576987213e-15,,20.0,4.118296393631024,4.118296393631024,0.03043471046988435,0.0,1.5093642906669267,"{""1"": 20, ""2"": 9, ""3"": 1}",4.118296393631024,4.1182786002813465,16.117750270307578,1e-05,True,40,development_isotonic_frozen
s1-i0,development,1,random_matched,min_within_batch_tc,3,0.01,4be490596f84095e,"[[1, 9, 10, 11], [2, 3, 4, 6], [0, 5, 7, 8]]",0.03037937463266638,-0.49995052623243125,1.0702103237278038,-1.3182948375977317e-15,,21.0,6.724592402154291,6.724592402154291,0.03043471046988435,0.0,0.0,"{""2"": 9, ""1"": 21}",6.724592402154291,6.724559809387226,15.54791103318379,1e-05,True,40,development_isotonic_frozen
s1-i0,development,1,random_matched,dprm_myopic,3,0.01,bbcf6cad56c1d664,"[[1, 7, 9, 11], [2, 4, 5, 6], [0, 3, 8, 10]]",0.03037937463266638,-0.5221423399568107,1.0766231900533418,-1.4611929374433174e-15,,15.0,7.622939088234256,7.622939088234256,0.03043471046988435,0.0,0.3670377324835643,"{""2"": 11, ""1"": 15, ""3"": 4}",7.622939088234256,7.622892243127518,18.646289267995048,1e-05,True,40,development_isotonic_frozen
s1-i0,development,1,random_matched,dprm_rollout,3,0.01,4db1430a13358cb1,"[[2, 7, 9, 11], [1, 3, 5, 6], [0, 4, 8, 10]]",0.03037937463266638,-0.5469709202113905,1.0581397415117002,-1.554599644768324e-15,,18.0,7.096556648563431,7.096556648563431,0.03043471046988435,0.0,-1.1309665722033686,"{""1"": 18, ""2"": 10, ""3"": 2}",7.096556648563431,7.096495406722282,19.646979686931964,1e-05,True,40,development_isotonic_frozen
s1-i0,development,1,random_matched,subset_exact,3,0.01,0cd904457ec47777,"[[0, 1, 2, 3], [4, 6, 9, 11], [5, 7, 8, 10]]",0.03037937463266638,-0.5247368464300682,1.0365758220354897,-1.995990806488083e-15,,21.0,3.3830733095011083,3.3830733095011083,0.03043471046988435,-0.24226375702341754,1.6049417963208725,"{""1"": 21, ""2"": 9}",3.3830733095011083,3.383065406253311,16.06200344554144,1e-05,True,40,development_isotonic_frozen
s1-i0,development,1,random_matched,subset_beam_8,3,0.01,0cd904457ec47777,"[[0, 1, 2, 3], [4, 6, 9, 11], [5, 7, 8, 10]]",0.03037937463266638,-0.5247368464300682,1.0365758220354897,-1.995990806488083e-15,,21.0,3.3830733095011083,3.3830733095011083,0.03043471046988435,-0.24226375702341754,1.6049417963208725,"{""1"": 21, ""2"": 9}",3.3830733095011083,3.383065406253311,16.06200344554144,1e-05,True,40,development_isotonic_frozen
s1-i0,development,1,random_matched,subset_beam_32,3,0.01,0cd904457ec47777,"[[0, 1, 2, 3], [4, 6, 9, 11], [5, 7, 8, 10]]",0.03037937463266638,-0.5247368464300682,1.0365758220354897,-1.995990806488083e-15,,21.0,3.3830733095011083,3.3830733095011083,0.03043471046988435,-0.24226375702341754,1.6049417963208725,"{""1"": 21, ""2"": 9}",3.3830733095011083,3.383065406253311,16.06200344554144,1e-05,True,40,development_isotonic_frozen
s1-i0,development,1,random_matched,saps_diagonal,3,0.01,3cd48a596a3c1018,"[[3, 4, 5, 7], [1, 8, 9, 11], [0, 2, 6, 10]]",0.03037937463266638,-0.5756098436866414,1.0207240244477165,-1.841209623270154e-15,,27.0,7.201047430884852,7.201047430884852,0.03043471046988435,0.0,0.46261523813751104,"{""1"": 27, ""2"": 2, ""3"": 1}",7.201047430884852,7.200989062929608,14.138669273621723,1e-05,True,40,development_isotonic_frozen
s1-i0,development,1,random_matched,p_saps_residualized,3,0.01,32fa89a0d5936a95,"[[1, 2, 7, 9], [0, 4, 5, 8], [3, 6, 10, 11]]",0.03037937463266638,-0.5953103081192627,0.9737903572002947,-2.060905787223527e-15,,25.0,6.369922640094799,6.369922640094799,0.03043471046988435,-0.03145648125207107,-0.6505941718595993,"{""1"": 25, ""2"": 5}",6.369922640094799,6.369846509282926,17.102155372818586,1e-05,True,80,development_isotonic_frozen
s1-i0,development,1,random_matched,p_saps_projection,3,0.01,3133d79b9688edd2,"[[3, 4, 5, 8], [0, 2, 6, 10], [1, 7, 9, 11]]",0.03037937463266638,-0.6236277946019525,0.9349467421526577,-1.985034492182437e-15,,24.0,8.16866461061451,8.16866461061451,0.03043471046988435,0.1860827422598612,0.46261523813751104,"{""1"": 24, ""2"": 4, ""3"": 2}",8.16866461061451,8.168621430590079,16.944586622581873,1e-05,True,640,development_isotonic_frozen
s1-i0,development,1,random_matched,b_saps_budgeted,3,0.01,a58b96eaeb04a6ee,"[[3, 5, 7, 8], [0, 4, 10, 11], [1, 2, 6, 9]]",0.03037937463266638,-0.5909352592171883,1.0108522713579542,-1.5512114430285727e-15,,23.0,7.140875207733447,7.140875207733447,0.03043471046988435,0.0,0.3167038946073939,"{""1"": 23, ""3"": 3, ""2"": 4}",7.140875207733447,7.140836564347511,16.216636884337465,1e-05,True,40,development_isotonic_frozen
s1-i0,development,1,random_matched,random_balanced,3,0.05,a58b96eaeb04a6ee,"[[3, 5, 7, 8], [0, 4, 10, 11], [1, 2, 6, 9]]",0.13678994018902174,-0.5909352592171883,1.0108522713579542,-1.5512114430285727e-15,,23.0,7.140875207733447,7.140875207733447,0.13689855036479925,0.49178662065218726,0.0,"{""1"": 23, ""3"": 3, ""2"": 4}",7.140875207733447,7.140836564347511,16.216636884337465,1e-05,True,40,development_isotonic_frozen
s1-i0,development,1,random_matched,confidence,3,0.05,1c40baf8346267e0,"[[0, 4, 9, 11], [3, 6, 7, 10], [1, 2, 5, 8]]",0.13678994018902174,-0.43486332423648677,1.1835031802856284,-1.6635883996470518e-15,,17.0,5.309376430584022,5.309376430584022,0.13689855036479925,-0.05981449656744549,0.6141952703293856,"{""2"": 10, ""1"": 17, ""3"": 3}",5.309376430584022,5.309345499792371,18.842064708193806,1e-05,True,40,development_isotonic_frozen
s1-i0,development,1,random_matched,entropy,3,0.05,a2cdd06f82c37f57,"[[0, 7, 9, 11], [3, 4, 6, 10], [1, 2, 5, 8]]",0.13678994018902174,-0.4435640604158801,1.1838535079236336,-1.8000098991155034e-15,,20.0,6.727401145263315,6.727401145263315,0.13689855036479925,-0.05208413862794147,0.0,"{""2"": 8, ""1"": 20, ""3"": 2}",6.727401145263315,6.727348897509198,18.58660463186156,1e-05,True,40,development_isotonic_frozen
s1-i0,development,1,random_matched,dependency_cmi,3,0.05,578533cf9c5124ef,"[[1, 2, 3, 5], [0, 4, 7, 11], [6, 8, 9, 10]]",0.13678994018902174,-0.5905708399607676,0.9865543836701871,-1.1286139576987213e-15,,20.0,4.118296393631024,4.118296393631024,0.13689855036479925,0.3954635657273162,0.0,"{""1"": 20, ""2"": 9, ""3"": 1}",4.118296393631024,4.1182786002813465,16.117750270307578,1e-05,True,40,development_isotonic_frozen
s1-i0,development,1,random_matched,min_within_batch_tc,3,0.05,4be490596f84095e,"[[1, 9, 10, 11], [2, 3, 4, 6], [0, 5, 7, 8]]",0.13678994018902174,-0.49995052623243125,1.0702103237278038,-1.3182948375977317e-15,,21.0,6.724592402154291,6.724592402154291,0.13689855036479925,-0.3755695452076397,0.0,"{""2"": 9, ""1"": 21}",6.724592402154291,6.724559809387226,15.54791103318379,1e-05,True,40,development_isotonic_frozen
s1-i0,development,1,random_matched,dprm_myopic,3,0.05,bbcf6cad56c1d664,"[[1, 7, 9, 11], [2, 4, 5, 6], [0, 3, 8, 10]]",0.13678994018902174,-0.5221423399568107,1.0766231900533418,-1.4611929374433174e-15,,15.0,7.622939088234256,7.622939088234256,0.13689855036479925,0.0,0.0,"{""2"": 11, ""1"": 15, ""3"": 4}",7.622939088234256,7.622892243127518,18.646289267995048,1e-05,True,40,development_isotonic_frozen
s1-i0,development,1,random_matched,dprm_rollout,3,0.05,15a08875bbad7863,"[[2, 7, 9, 11], [0, 1, 5, 6], [3, 4, 8, 10]]",0.13678994018902174,-0.5250789485569796,1.086343357718883,-1.7639221843373668e-15,,18.0,7.157429079958695,7.157429079958695,0.13689855036479925,0.0,0.0,"{""1"": 18, ""2"": 8, ""3"": 4}",7.157429079958695,7.157392646471075,19.575876750572274,1e-05,True,40,development_isotonic_frozen
s1-i0,development,1,random_matched,subset_exact,3,0.05,380410f2db587ea0,"[[0, 2, 6, 10], [3, 4, 9, 11], [1, 5, 7, 8]]",0.13678994018902174,-0.5101868010181994,1.0664657963083062,-2.0328048906141607e-15,,21.0,5.799986374384293,5.799986374384293,0.13689855036479925,0.06447741493183065,-1.2899383625618386,"{""2"": 9, ""1"": 21}",5.799986374384293,5.79997605105752,15.869533617198034,1e-05,True,40,development_isotonic_frozen
s1-i0,development,1,random_matched,subset_beam_8,3,0.05,b4f0faca169be74e,"[[0, 1, 6, 8], [3, 4, 9, 11], [2, 5, 7, 10]]",0.13678994018902174,-0.5282613855317609,1.0221581926784467,-2.1447909374015132e-15,,16.0,4.429341618322235,4.429341618322235,0.13689855036479925,0.0072305883233473416,0.0,"{""1"": 16, ""2"": 14}",4.429341618322235,4.4292906240461125,15.998950868317387,1e-05,True,40,development_isotonic_frozen
s1-i0,development,1,random_matched,subset_beam_32,3,0.05,380410f2db587ea0,"[[0, 2, 6, 10], [3, 4, 9, 11], [1, 5, 7, 8]]",0.13678994018902174,-0.5101868010181994,1.0664657963083062,-2.0328048906141607e-15,,21.0,5.799986374384293,5.799986374384293,0.13689855036479925,0.06447741493183065,-1.2899383625618386,"{""2"": 9, ""1"": 21}",5.799986374384293,5.79997605105752,15.869533617198034,1e-05,True,40,development_isotonic_frozen
s1-i0,development,1,random_matched,saps_diagonal,3,0.05,3cd48a596a3c1018,"[[3, 4, 5, 7], [1, 8, 9, 11], [0, 2, 6, 10]]",0.13678994018902174,-0.5756098436866414,1.0207240244477165,-1.841209623270154e-15,,27.0,7.201047430884852,7.201047430884852,0.13689855036479925,0.7298901895213998,0.0,"{""1"": 27, ""2"": 2, ""3"": 1}",7.201047430884852,7.200989062929608,14.138669273621723,1e-05,True,40,development_isotonic_frozen
s1-i0,development,1,random_matched,p_saps_residualized,3,0.05,32fa89a0d5936a95,"[[1, 2, 7, 9], [0, 4, 5, 8], [3, 6, 10, 11]]",0.13678994018902174,-0.5953103081192627,0.9737903572002947,-2.060905787223527e-15,,25.0,6.369922640094799,6.369922640094799,0.13689855036479925,-0.028132674312533537,0.0,"{""1"": 25, ""2"": 5}",6.369922640094799,6.369846509282926,17.102155372818586,1e-05,True,80,development_isotonic_frozen
s1-i0,development,1,random_matched,p_saps_projection,3,0.05,3133d79b9688edd2,"[[3, 4, 5, 8], [0, 2, 6, 10], [1, 7, 9, 11]]",0.13678994018902174,-0.6236277946019525,0.9349467421526577,-1.985034492182437e-15,,24.0,8.16866461061451,8.16866461061451,0.13689855036479925,-0.427876113998358,0.0,"{""1"": 24, ""2"": 4, ""3"": 2}",8.16866461061451,8.168621430590079,16.944586622581873,1e-05,True,640,development_isotonic_frozen
s1-i0,development,1,random_matched,b_saps_budgeted,3,0.05,a58b96eaeb04a6ee,"[[3, 5, 7, 8], [0, 4, 10, 11], [1, 2, 6, 9]]",0.13678994018902174,-0.5909352592171883,1.0108522713579542,-1.5512114430285727e-15,,23.0,7.140875207733447,7.140875207733447,0.13689855036479925,0.49178662065218726,0.0,"{""1"": 23, ""3"": 3, ""2"": 4}",7.140875207733447,7.140836564347511,16.216636884337465,1e-05,True,40,development_isotonic_frozen
s1-i0,development,1,random_matched,random_balanced,3,0.15,a58b96eaeb04a6ee,"[[3, 5, 7, 8], [0, 4, 10, 11], [1, 2, 6, 9]]",2.230054086118797,-0.5909352592171883,1.0108522713579542,-1.5512114430285727e-15,,23.0,7.140875207733447,7.140875207733447,2.500293727066893,-0.4373442744851632,3.447392163857099,"{""1"": 23, ""3"": 3, ""2"": 4}",7.140875207733447,7.140836564347511,16.216636884337465,1e-05,True,40,development_isotonic_frozen
s1-i0,development,1,random_matched,confidence,3,0.15,1c40baf8346267e0,"[[0, 4, 9, 11], [3, 6, 7, 10], [1, 2, 5, 8]]",2.230054086118797,-0.43486332423648677,1.1835031802856284,-1.6635883996470518e-15,,17.0,5.309376430584022,5.309376430584022,2.0711392589155824,0.22217581132768618,0.0,"{""2"": 10, ""1"": 17, ""3"": 3}",5.309376430584022,5.309345499792371,18.842064708193806,1e-05,True,40,development_isotonic_frozen
s1-i0,development,1,random_matched,entropy,3,0.15,a2cdd06f82c37f57,"[[0, 7, 9, 11], [3, 4, 6, 10], [1, 2, 5, 8]]",2.230054086118797,-0.4435640604158801,1.1838535079236336,-1.8000098991155034e-15,,20.0,6.727401145263315,6.727401145263315,2.3173906262932205,0.0038138075063323257,3.217978579103465,"{""2"": 8, ""1"": 20, ""3"": 2}",6.727401145263315,6.727348897509198,18.58660463186156,1e-05,True,40,development_isotonic_frozen
s1-i0,development,1,random_matched,dependency_cmi,3,0.15,578533cf9c5124ef,"[[1, 2, 3, 5], [0, 4, 7, 11], [6, 8, 9, 10]]",2.230054086118797,-0.5905708399607676,0.9865543836701871,-1.1286139576987213e-15,,20.0,4.118296393631024,4.118296393631024,2.3490647595952034,-0.38911386399037295,2.4251707164784495,"{""1"": 20, ""2"": 9, ""3"": 1}",4.118296393631024,4.1182786002813465,16.117750270307578,1e-05,True,40,development_isotonic_frozen
s1-i0,development,1,random_matched,min_within_batch_tc,3,0.15,4be490596f84095e,"[[1, 9, 10, 11], [2, 3, 4, 6], [0, 5, 7, 8]]",2.230054086118797,-0.49995052623243125,1.0702103237278038,-1.3182948375977317e-15,,21.0,6.724592402154291,6.724592402154291,2.4522646375890713,-0.11943152134554555,2.4251707164784495,"{""2"": 9, ""1"": 21}",6.724592402154291,6.724559809387226,15.54791103318379,1e-05,True,40,development_isotonic_frozen
s1-i0,development,1,random_matched,dprm_myopic,3,0.15,bbcf6cad56c1d664,"[[1, 7, 9, 11], [2, 4, 5, 6], [0, 3, 8, 10]]",2.230054086118797,-0.5221423399568107,1.0766231900533418,-1.4611929374433174e-15,,15.0,7.622939088234256,7.622939088234256,1.8964136362298296,-0.2416957586081815,2.3121598099404883,"{""2"": 11, ""1"": 15, ""3"": 4}",7.622939088234256,7.622892243127518,18.646289267995048,1e-05,True,40,development_isotonic_frozen
s1-i0,development,1,random_matched,dprm_rollout,3,0.15,930820ee6c14c1cd,"[[2, 7, 9, 11], [3, 4, 5, 6], [0, 1, 8, 10]]",2.230054086118797,-0.5370539406431699,1.0805869792628122,-1.6194854313822474e-15,,18.0,8.907785616138623,8.907785616138623,2.2060132702114332,0.0,3.217978579103465,"{""2"": 11, ""1"": 18, ""3"": 1}",8.907785616138623,8.907740632983613,15.964689060592162,1e-05,True,40,development_isotonic_frozen
s1-i0,development,1,random_matched,subset_exact,3,0.15,f59838af15c3aeea,"[[1, 3, 4, 9], [0, 6, 7, 11], [2, 5, 8, 10]]",2.230054086118797,-0.49107279483563304,1.083957473060821,-2.2757248372724086e-15,,16.0,5.883008639836476,5.883008639836476,2.062961780827663,-0.41806741599798913,2.4251707164784495,"{""1"": 16, ""2"": 13, ""3"": 1}",5.883008639836476,5.882962398941662,17.98748056830808,1e-05,True,40,development_isotonic_frozen
s1-i0,development,1,random_matched,subset_beam_8,3,0.15,719991e7c7f2cbfd,"[[1, 2, 3, 8], [0, 4, 9, 11], [5, 6, 7, 10]]",2.230054086118797,-0.5880932988913032,0.9620142157752017,-2.0003036849092675e-15,,19.0,5.527917739173159,5.527917739173159,2.2775390149033186,-0.14299808074146325,2.094865140986626,"{""1"": 19, ""2"": 10, ""3"": 1}",5.527917739173159,5.527896737022045,19.986531773375905,1e-05,True,40,development_isotonic_frozen
s1-i0,development,1,random_matched,subset_beam_32,3,0.15,e0e534f17e0debbf,"[[2, 3, 4, 7], [0, 6, 9, 11], [1, 5, 8, 10]]",2.230054086118797,-0.5345314880718773,1.0661232680724744,-2.069894321443228e-15,,19.0,7.003099484387336,7.003099484387336,2.309213148205301,0.11497874574964681,3.217978579103465,"{""2"": 11, ""1"": 19}",7.003099484387336,7.003053183095183,17.083342358626407,1e-05,True,40,development_isotonic_frozen
s1-i0,development,1,random_matched,saps_diagonal,3,0.15,3cd48a596a3c1018,"[[3, 4, 5, 7], [1, 8, 9, 11], [0, 2, 6, 10]]",2.230054086118797,-0.5756098436866414,1.0207240244477165,-1.841209623270154e-15,,27.0,7.201047430884852,7.201047430884852,2.8497449724383994,-1.230682957074598,3.313556084757412,"{""1"": 27, ""2"": 2, ""3"": 1}",7.201047430884852,7.200989062929608,14.138669273621723,1e-05,True,40,development_isotonic_frozen
s1-i0,development,1,random_matched,p_saps_residualized,3,0.15,32fa89a0d5936a95,"[[1, 2, 7, 9], [0, 4, 5, 8], [3, 6, 10, 11]]",2.230054086118797,-0.5953103081192627,0.9737903572002947,-2.060905787223527e-15,,25.0,6.369922640094799,6.369922640094799,2.7383676163566117,-0.009872057823221203,4.737330526418938,"{""1"": 25, ""2"": 5}",6.369922640094799,6.369846509282926,17.102155372818586,1e-05,True,80,development_isotonic_frozen
s1-i0,development,1,random_matched,p_saps_projection,3,0.15,3133d79b9688edd2,"[[3, 4, 5, 8], [0, 2, 6, 10], [1, 7, 9, 11]]",2.230054086118797,-0.6236277946019525,0.9349467421526577,-1.985034492182437e-15,,24.0,8.16866461061451,8.16866461061451,2.6034936050607613,0.11611107399514731,1.1352323539166105,"{""1"": 24, ""2"": 4, ""3"": 2}",8.16866461061451,8.168621430590079,16.944586622581873,1e-05,True,640,development_isotonic_frozen
s1-i0,development,1,random_matched,b_saps_budgeted,3,0.15,3cd48a596a3c1018,"[[3, 4, 5, 7], [1, 8, 9, 11], [0, 2, 6, 10]]",2.230054086118797,-0.5756098436866414,1.0207240244477165,-1.841209623270154e-15,,27.0,7.201047430884852,7.201047430884852,2.8497449724383994,-1.230682957074598,3.313556084757412,"{""1"": 27, ""2"": 2, ""3"": 1}",7.201047430884852,7.200989062929608,14.138669273621723,1e-05,True,40,development_isotonic_frozen
s1-i0,development,1,random_matched,random_balanced,4,0.01,540a12122a64c89a,"[[3, 7, 8], [0, 5, 10], [1, 4, 11], [2, 6, 9]]",0.03043471046988435,-0.8785738838757622,1.5022528534234247,-8.981339741624515e-16,,23.0,6.404299783240157,6.404299783240157,0.03043471046988435,0.20194067991121079,0.0,"{""1"": 23, ""2"": 7}",6.404299783240157,6.404260724877487,14.94049631366019,1e-05,True,40,development_isotonic_frozen
s1-i0,development,1,random_matched,confidence,4,0.01,a3bc0175e44cbe9c,"[[0, 9, 11], [4, 6, 10], [1, 3, 7], [2, 5, 8]]",0.03043471046988435,-0.6582940518894823,1.7487190827977621,-1.4727680416876303e-15,,23.0,6.334171722357329,6.334171722357329,0.03043471046988435,0.0,0.11872617353522763,"{""1"": 23, ""2"": 6, ""3"": 1}",6.334171722357329,6.3341478120683306,18.098408331999476,1e-05,True,40,development_isotonic_frozen
s1-i0,development,1,random_matched,entropy,4,0.01,9b895860f7a768c9,"[[0, 9, 11], [4, 7, 10], [3, 5, 6], [1, 2, 8]]",0.03043471046988435,-0.6742602585901397,1.7635216440327124,-1.172352554504382e-15,,19.0,4.85818599746198,4.85818599746198,0.03043471046988435,0.0,-0.3942229024784538,"{""1"": 19, ""2"": 11}",4.85818599746198,4.858152885414709,16.91627703667845,1e-05,True,40,development_isotonic_frozen
s1-i0,development,1,random_matched,dependency_cmi,4,0.01,9bda158c0a0beea5,"[[1, 2, 5], [0, 3, 4], [6, 7, 9], [8, 10, 11]]",0.03043471046988435,-0.8957615652550928,1.442122792583467,-3.4204599627155206e-16,,22.0,6.602049771108328,6.602049771108328,0.03043471046988435,0.0,0.06839233565905722,"{""2"": 7, ""1"": 22, ""3"": 1}",6.602049771108328,6.601979737022544,15.404669104675456,1e-05,True,40,development_isotonic_frozen
s1-i0,development,1,random_matched,min_within_batch_tc,4,0.01,f722fbf7ba7f6254,"[[1, 2, 5], [9, 10, 11], [3, 7, 8], [0, 4, 6]]",0.03043471046988435,-0.8996627053781406,1.4577534105525123,-3.860383543399749e-16,,24.0,4.881066426598926,4.881066426598926,0.03043471046988435,0.0,0.3167038946073939,"{""1"": 24, ""2"": 6}",4.881066426598926,4.881023503806085,14.90895445332533,1e-05,True,40,development_isotonic_frozen
s1-i0,development,1,random_matched,dprm_myopic,4,0.01,419ce054cfbd9976,"[[7, 9, 11], [1, 2, 6], [4, 5, 10], [0, 3, 8]]",0.03043471046988435,-0.7816646692282957,1.619814218386522,-1.1208650488616545e-15,,17.0,5.719959439133702,5.719959439133702,0.03043471046988435,0.0,0.3670377324835643,"{""2"": 13, ""1"": 17}",5.719959439133702,5.719909261021575,17.94985279385576,1e-05,True,40,development_isotonic_frozen
s1-i0,development,1,random_matched,dprm_rollout,4,0.01,71b46259c4cd4cdf,"[[3, 4, 11], [0, 1, 9], [2, 6, 8], [5, 7, 10]]",0.03043471046988435,-0.7342495877021165,1.6427589011302004,-1.4132982611521051e-15,,23.0,7.512858228965934,7.512858228965934,0.03043471046988435,0.0,0.0,"{""1"": 23, ""2"": 7}",7.512858228965934,7.512835760643787,15.932222129098232,1e-05,True,40,development_isotonic_frozen
s1-i0,development,1,random_matched,subset_exact,4,0.01,7201c3db5b489c0d,"[[0, 1, 4], [6, 9, 11], [3, 7, 10], [2, 5, 8]]",0.03043471046988435,-0.6970420338518033,1.6718474933052025,-1.3309572750042554e-15,,23.0,4.198362804977837,4.198362804977837,0.03043471046988435,0.0,0.0,"{""1"": 23, ""2"": 6, ""3"": 1}",4.198362804977837,4.1983507414397145,17.95100380698925,1e-05,True,40,development_isotonic_frozen
s1-i0,development,1,random_matched,subset_beam_8,4,0.01,7201c3db5b489c0d,"[[0, 1, 4], [6, 9, 11], [3, 7, 10], [2, 5, 8]]",0.03043471046988435,-0.6970420338518033,1.6718474933052025,-1.3309572750042554e-15,,23.0,4.198362804977837,4.198362804977837,0.03043471046988435,0.0,0.0,"{""1"": 23, ""2"": 6, ""3"": 1}",4.198362804977837,4.1983507414397145,17.95100380698925,1e-05,True,40,development_isotonic_frozen
s1-i0,development,1,random_matched,subset_beam_32,4,0.01,7201c3db5b489c0d,"[[0, 1, 4], [6, 9, 11], [3, 7, 10], [2, 5, 8]]",0.03043471046988435,-0.6970420338518033,1.6718474933052025,-1.3309572750042554e-15,,23.0,4.198362804977837,4.198362804977837,0.03043471046988435,0.0,0.0,"{""1"": 23, ""2"": 6, ""3"": 1}",4.198362804977837,4.1983507414397145,17.95100380698925,1e-05,True,40,development_isotonic_frozen
s1-i0,development,1,random_matched,saps_diagonal,4,0.01,5f147457ec2cc9c3,"[[3, 5, 7], [0, 4, 10], [1, 8, 9], [2, 6, 11]]",0.03043471046988435,-0.8590990723263001,1.5246757246395548,-1.2505041688994276e-15,,29.0,8.296857923600204,8.296857923600204,0.03043471046988435,-0.041131310439534725,0.46261523813751104,"{""1"": 29, ""2"": 1}",8.296857923600204,8.296823639757108,15.677136172121932,1e-05,True,40,development_isotonic_frozen
s1-i0,development,1,random_matched,p_saps_residualized,4,0.01,3ea2be7eaa3c9307,"[[1, 2, 7], [0, 4, 5], [3, 9, 11], [6, 8, 10]]",0.03043471046988435,-0.8551917073984622,1.5222090770608327,-1.1702623052101022e-15,,21.0,7.562019860760612,7.562019860760612,0.03043471046988435,0.0,-0.14591134353011714,"{""1"": 21, ""2"": 9}",7.562019860760612,7.561981251101596,16.730946224622414,1e-05,True,80,development_isotonic_frozen
s1-i0,development,1,random_matched,p_saps_projection,4,0.01,3ea2be7eaa3c9307,"[[1, 2, 7], [0, 4, 5], [3, 9, 11], [6, 8, 10]]",0.03043471046988435,-0.8551917073984622,1.5222090770608327,-1.1702623052101022e-15,,21.0,7.562019860760612,7.562019860760612,0.03043471046988435,0.0,-0.14591134353011714,"{""1"": 21, ""2"": 9}",7.562019860760612,7.561981251101596,16.730946224622414,1e-05,True,640,development_isotonic_frozen
s1-i0,development,1,random_matched,b_saps_budgeted,4,0.01,540a12122a64c89a,"[[3, 7, 8], [0, 5, 10], [1, 4, 11], [2, 6, 9]]",0.03043471046988435,-0.8785738838757622,1.5022528534234247,-8.981339741624515e-16,,23.0,6.404299783240157,6.404299783240157,0.03043471046988435,0.20194067991121079,0.0,"{""1"": 23, ""2"": 7}",6.404299783240157,6.404260724877487,14.94049631366019,1e-05,True,40,development_isotonic_frozen
s1-i0,development,1,random_matched,random_balanced,4,0.05,540a12122a64c89a,"[[3, 7, 8], [0, 5, 10], [1, 4, 11], [2, 6, 9]]",0.13689855036479925,-0.8785738838757622,1.5022528534234247,-8.981339741624515e-16,,23.0,6.404299783240157,6.404299783240157,0.13689855036479925,0.0,0.0,"{""1"": 23, ""2"": 7}",6.404299783240157,6.404260724877487,14.94049631366019,1e-05,True,40,development_isotonic_frozen
s1-i0,development,1,random_matched,confidence,4,0.05,a3bc0175e44cbe9c,"[[0, 9, 11], [4, 6, 10], [1, 3, 7], [2, 5, 8]]",0.13689855036479925,-0.6582940518894823,1.7487190827977621,-1.4727680416876303e-15,,23.0,6.334171722357329,6.334171722357329,0.13689855036479925,-0.09678735404117586,0.0,"{""1"": 23, ""2"": 6, ""3"": 1}",6.334171722357329,6.3341478120683306,18.098408331999476,1e-05,True,40,development_isotonic_frozen
s1-i0,development,1,random_matched,entropy,4,0.05,9b895860f7a768c9,"[[0, 9, 11], [4, 7, 10], [3, 5, 6], [1, 2, 8]]",0.13689855036479925,-0.6742602585901397,1.7635216440327124,-1.172352554504382e-15,,19.0,4.85818599746198,4.85818599746198,0.13689855036479925,0.0,-0.4991865650354095,"{""1"": 19, ""2"": 11}",4.85818599746198,4.858152885414709,16.91627703667845,1e-05,True,40,development_isotonic_frozen
s1-i0,development,1,random_matched,dependency_cmi,4,0.05,9bda158c0a0beea5,"[[1, 2, 5], [0, 3, 4], [6, 7, 9], [8, 10, 11]]",0.13689855036479925,-0.8957615652550928,1.442122792583467,-3.4204599627155206e-16,,22.0,6.602049771108328,6.602049771108328,0.13689855036479925,-0.17135834182071394,0.0,"{""2"": 7, ""1"": 22, ""3"": 1}",6.602049771108328,6.601979737022544,15.404669104675456,1e-05,True,40,development_isotonic_frozen
s1-i0,development,1,random_matched,min_within_batch_tc,4,0.05,f722fbf7ba7f6254,"[[1, 2, 5], [9, 10, 11], [3, 7, 8], [0, 4, 6]]",0.13689855036479925,-0.8996627053781406,1.4577534105525123,-3.860383543399749e-16,,24.0,4.881066426598926,4.881066426598926,0.13689855036479925,0.971264604731886,0.0,"{""1"": 24, ""2"": 6}",4.881066426598926,4.881023503806085,14.90895445332533,1e-05,True,40,development_isotonic_frozen
s1-i0,development,1,random_matched,dprm_myopic,4,0.05,419ce054cfbd9976,"[[7, 9, 11], [1, 2, 6], [4, 5, 10], [0, 3, 8]]",0.13689855036479925,-0.7816646692282957,1.619814218386522,-1.1208650488616545e-15,,17.0,5.719959439133702,5.719959439133702,0.13689855036479925,-0.18433160646888225,0.0,"{""2"": 13, ""1"": 17}",5.719959439133702,5.719909261021575,17.94985279385576,1e-05,True,40,development_isotonic_frozen
s1-i0,development,1,random_matched,dprm_rollout,4,0.05,df644d6a3e4b810b,"[[2, 9, 11], [3, 4, 5], [0, 1, 7], [6, 8, 10]]",0.13689855036479925,-0.7931821906816535,1.6165093672770852,-9.887307625609179e-16,,21.0,9.6674827026657,9.6674827026657,0.13689855036479925,0.21638205677610667,0.0,"{""2"": 9, ""1"": 21}",9.6674827026657,9.667411730024837,17.12188502039393,1e-05,True,40,development_isotonic_frozen
s1-i0,development,1,random_matched,subset_exact,4,0.05,396a3b4835ee5f04,"[[0, 1, 2], [4, 9, 11], [3, 6, 10], [5, 7, 8]]",0.13689855036479925,-0.757472701700682,1.5979774756655252,-1.5909820617506698e-15,,25.0,7.391492830286163,7.391492830286163,0.13689855036479925,0.0,0.0,"{""1"": 25, ""2"": 5}",7.391492830286163,7.391473787473137,17.28072728683579,1e-05,True,40,development_isotonic_frozen
s1-i0,development,1,random_matched,subset_beam_8,4,0.05,396a3b4835ee5f04,"[[0, 1, 2], [4, 9, 11], [3, 6, 10], [5, 7, 8]]",0.13689855036479925,-0.757472701700682,1.5979774756655252,-1.5909820617506698e-15,,25.0,7.391492830286163,7.391492830286163,0.13689855036479925,0.0,0.0,"{""1"": 25, ""2"": 5}",7.391492830286163,7.391473787473137,17.28072728683579,1e-05,True,40,development_isotonic_frozen
s1-i0,development,1,random_matched,subset_beam_32,4,0.05,396a3b4835ee5f04,"[[0, 1, 2], [4, 9, 11], [3, 6, 10], [5, 7, 8]]",0.13689855036479925,-0.757472701700682,1.5979774756655252,-1.5909820617506698e-15,,25.0,7.391492830286163,7.391492830286163,0.13689855036479925,0.0,0.0,"{""1"": 25, ""2"": 5}",7.391492830286163,7.391473787473137,17.28072728683579,1e-05,True,40,development_isotonic_frozen
s1-i0,development,1,random_matched,saps_diagonal,4,0.05,5f147457ec2cc9c3,"[[3, 5, 7], [0, 4, 10], [1, 8, 9], [2, 6, 11]]",0.13689855036479925,-0.8590990723263001,1.5246757246395548,-1.2505041688994276e-15,,29.0,8.296857923600204,8.296857923600204,0.13689855036479925,-0.09157014565125035,0.0,"{""1"": 29, ""2"": 1}",8.296857923600204,8.296823639757108,15.677136172121932,1e-05,True,40,development_isotonic_frozen
s1-i0,development,1,random_matched,p_saps_residualized,4,0.05,3ea2be7eaa3c9307,"[[1, 2, 7], [0, 4, 5], [3, 9, 11], [6, 8, 10]]",0.13689855036479925,-0.8551917073984622,1.5222090770608327,-1.1702623052101022e-15,,21.0,7.562019860760612,7.562019860760612,0.13689855036479925,-0.2460780735361209,0.0,"{""1"": 21, ""2"": 9}",7.562019860760612,7.561981251101596,16.730946224622414,1e-05,True,80,development_isotonic_frozen
s1-i0,development,1,random_matched,p_saps_projection,4,0.05,3ea2be7eaa3c9307,"[[1, 2, 7], [0, 4, 5], [3, 9, 11], [6, 8, 10]]",0.13689855036479925,-0.8551917073984622,1.5222090770608327,-1.1702623052101022e-15,,21.0,7.562019860760612,7.562019860760612,0.13689855036479925,-0.2460780735361209,0.0,"{""1"": 21, ""2"": 9}",7.562019860760612,7.561981251101596,16.730946224622414,1e-05,True,640,development_isotonic_frozen
s1-i0,development,1,random_matched,b_saps_budgeted,4,0.05,540a12122a64c89a,"[[3, 7, 8], [0, 5, 10], [1, 4, 11], [2, 6, 9]]",0.13689855036479925,-0.8785738838757622,1.5022528534234247,-8.981339741624515e-16,,23.0,6.404299783240157,6.404299783240157,0.13689855036479925,0.0,0.0,"{""1"": 23, ""2"": 7}",6.404299783240157,6.404260724877487,14.94049631366019,1e-05,True,40,development_isotonic_frozen
s1-i0,development,1,random_matched,random_balanced,4,0.15,540a12122a64c89a,"[[3, 7, 8], [0, 5, 10], [1, 4, 11], [2, 6, 9]]",2.5141677093901182,-0.8785738838757622,1.5022528534234247,-8.981339741624515e-16,,23.0,6.404299783240157,6.404299783240157,2.5953161269728415,0.1125629824198163,1.1435871671353404,"{""1"": 23, ""2"": 7}",6.404299783240157,6.404260724877487,14.94049631366019,1e-05,True,40,development_isotonic_frozen
s1-i0,development,1,random_matched,confidence,4,0.15,a3bc0175e44cbe9c,"[[0, 9, 11], [4, 6, 10], [1, 3, 7], [2, 5, 8]]",2.5141677093901182,-0.6582940518894823,1.7487190827977621,-1.4727680416876303e-15,,23.0,6.334171722357329,6.334171722357329,2.563641993670859,-0.539199298750946,0.9178684259964701,"{""1"": 23, ""2"": 6, ""3"": 1}",6.334171722357329,6.3341478120683306,18.098408331999476,1e-05,True,40,development_isotonic_frozen
s1-i0,development,1,random_matched,entropy,4,0.15,9b895860f7a768c9,"[[0, 9, 11], [4, 7, 10], [3, 5, 6], [1, 2, 8]]",2.5141677093901182,-0.6742602585901397,1.7635216440327124,-1.172352554504382e-15,,19.0,4.85818599746198,4.85818599746198,2.309213148205301,0.4215074982886691,0.9178684259964701,"{""1"": 19, ""2"": 11}",4.85818599746198,4.858152885414709,16.91627703667845,1e-05,True,40,development_isotonic_frozen
s1-i0,development,1,random_matched,dependency_cmi,4,0.15,9bda158c0a0beea5,"[[1, 2, 5], [0, 3, 4], [6, 7, 9], [8, 10, 11]]",2.5141677093901182,-0.8957615652550928,1.442122792583467,-3.4204599627155206e-16,,22.0,6.602049771108328,6.602049771108328,2.4921162489789737,0.05854801668391203,2.1820878334218423,"{""2"": 7, ""1"": 22, ""3"": 1}",6.602049771108328,6.601979737022544,15.404669104675456,1e-05,True,40,development_isotonic_frozen
s1-i0,development,1,random_matched,min_within_batch_tc,4,0.15,f722fbf7ba7f6254,"[[1, 2, 5], [9, 10, 11], [3, 7, 8], [0, 4, 6]]",2.5141677093901182,-0.8996627053781406,1.4577534105525123,-3.860383543399749e-16,,24.0,4.881066426598926,4.881066426598926,2.666841871664727,0.13095743922228928,3.376448690329735,"{""1"": 24, ""2"": 6}",4.881066426598926,4.881023503806085,14.90895445332533,1e-05,True,40,development_isotonic_frozen
s1-i0,development,1,random_matched,dprm_myopic,4,0.15,419ce054cfbd9976,"[[7, 9, 11], [1, 2, 6], [4, 5, 10], [0, 3, 8]]",2.5141677093901182,-0.7816646692282957,1.619814218386522,-1.1208650488616545e-15,,17.0,5.719959439133702,5.719959439133702,2.166161658821531,1.5076839450685584,4.16925655295475,"{""2"": 13, ""1"": 17}",5.719959439133702,5.719909261021575,17.94985279385576,1e-05,True,40,development_isotonic_frozen
s1-i0,development,1,random_matched,dprm_rollout,4,0.15,32909b300da91b1d,"[[8, 9, 11], [2, 3, 4], [1, 5, 7], [0, 6, 10]]",2.5141677093901182,-0.84289551135408,1.5430582719988708,-1.1554330462288964e-15,,28.0,8.11058153267631,8.11058153267631,2.9529448504322673,-0.02939033543819028,2.4961141900058137,"{""1"": 28, ""2"": 2}",8.11058153267631,8.110545042491593,11.686337865445731,1e-05,True,40,development_isotonic_frozen
s1-i0,development,1,random_matched,subset_exact,4,0.15,8c17fdde3970b315,"[[3, 4, 7], [0, 9, 11], [1, 6, 10], [2, 5, 8]]",2.5141677093901182,-0.7200556162282195,1.6898876508891105,-1.262629917989375e-15,,24.0,7.917505485463954,7.917505485463954,2.635167738362744,-0.01892857902739291,2.023617722195573,"{""1"": 24, ""2"": 5, ""3"": 1}",7.917505485463954,7.9173796481741965,18.167467754315716,1e-05,True,40,development_isotonic_frozen
s1-i0,development,1,random_matched,subset_beam_8,4,0.15,8c17fdde3970b315,"[[3, 4, 7], [0, 9, 11], [1, 6, 10], [2, 5, 8]]",2.5141677093901182,-0.7200556162282195,1.6898876508891105,-1.262629917989375e-15,,24.0,7.917505485463954,7.917505485463954,2.635167738362744,-0.01892857902739291,2.023617722195573,"{""1"": 24, ""2"": 5, ""3"": 1}",7.917505485463954,7.9173796481741965,18.167467754315716,1e-05,True,40,development_isotonic_frozen
s1-i0,development,1,random_matched,subset_beam_32,4,0.15,8c17fdde3970b315,"[[3, 4, 7], [0, 9, 11], [1, 6, 10], [2, 5, 8]]",2.5141677093901182,-0.7200556162282195,1.6898876508891105,-1.262629917989375e-15,,24.0,7.917505485463954,7.917505485463954,2.635167738362744,-0.01892857902739291,2.023617722195573,"{""1"": 24, ""2"": 5, ""3"": 1}",7.917505485463954,7.9173796481741965,18.167467754315716,1e-05,True,40,development_isotonic_frozen
s1-i0,development,1,random_matched,saps_diagonal,4,0.15,5f147457ec2cc9c3,"[[3, 5, 7], [0, 4, 10], [1, 8, 9], [2, 6, 11]]",2.5141677093901182,-0.8590990723263001,1.5246757246395548,-1.2505041688994276e-15,,29.0,8.296857923600204,8.296857923600204,3.024470595124152,0.4722546046570849,1.423049793888334,"{""1"": 29, ""2"": 1}",8.296857923600204,8.296823639757108,15.677136172121932,1e-05,True,40,development_isotonic_frozen
s1-i0,development,1,random_matched,p_saps_residualized,4,0.15,3ea2be7eaa3c9307,"[[1, 2, 7], [0, 4, 5], [3, 9, 11], [6, 8, 10]]",2.5141677093901182,-0.8551917073984622,1.5222090770608327,-1.1702623052101022e-15,,21.0,7.562019860760612,7.562019860760612,2.4522646375890713,-0.021543894816552445,2.094865140986626,"{""1"": 21, ""2"": 9}",7.562019860760612,7.561981251101596,16.730946224622414,1e-05,True,80,development_isotonic_frozen
s1-i0,development,1,random_matched,p_saps_projection,4,0.15,3ea2be7eaa3c9307,"[[1, 2, 7], [0, 4, 5], [3, 9, 11], [6, 8, 10]]",2.5141677093901182,-0.8551917073984622,1.5222090770608327,-1.1702623052101022e-15,,21.0,7.562019860760612,7.562019860760612,2.4522646375890713,-0.021543894816552445,2.094865140986626,"{""1"": 21, ""2"": 9}",7.562019860760612,7.561981251101596,16.730946224622414,1e-05,True,640,development_isotonic_frozen
s1-i0,development,1,random_matched,b_saps_budgeted,4,0.15,5f147457ec2cc9c3,"[[3, 5, 7], [0, 4, 10], [1, 8, 9], [2, 6, 11]]",2.5141677093901182,-0.8590990723263001,1.5246757246395548,-1.2505041688994276e-15,,29.0,8.296857923600204,8.296857923600204,3.024470595124152,0.4722546046570849,1.423049793888334,"{""1"": 29, ""2"": 1}",8.296857923600204,8.296823639757108,15.677136172121932,1e-05,True,40,development_isotonic_frozen
s1-i0,development,1,structural,random_balanced,1,0.01,76993f31911749ca,"[[0, 1, 2, 3, 4, 5, 6, 7, 8, 9, 10, 11]]",0.021304297328919045,-0.0,0.0,-6.8996750852527804e-15,,0.0,7.441935101172104,7.441935101172104,0.021304297328919045,0.0,0.22112638895344716,"{""2"": 11, ""3"": 10, ""4"": 9}",7.441935101172104,7.4419252778318175,25.496579421823284,1e-05,True,40,development_isotonic_frozen
s1-i0,development,1,structural,confidence,1,0.01,76993f31911749ca,"[[0, 1, 2, 3, 4, 5, 6, 7, 8, 9, 10, 11]]",0.021304297328919045,-0.0,0.0,-6.8996750852527804e-15,,0.0,7.441935101172104,7.441935101172104,0.021304297328919045,0.0,0.22112638895344716,"{""2"": 11, ""3"": 10, ""4"": 9}",7.441935101172104,7.4419252778318175,25.496579421823284,1e-05,True,40,development_isotonic_frozen
s1-i0,development,1,structural,entropy,1,0.01,76993f31911749ca,"[[0, 1, 2, 3, 4, 5, 6, 7, 8, 9, 10, 11]]",0.021304297328919045,-0.0,0.0,-6.8996750852527804e-15,,0.0,7.441935101172104,7.441935101172104,0.021304297328919045,0.0,0.22112638895344716,"{""2"": 11, ""3"": 10, ""4"": 9}",7.441935101172104,7.4419252778318175,25.496579421823284,1e-05,True,40,development_isotonic_frozen
s1-i0,development,1,structural,dependency_cmi,1,0.01,76993f31911749ca,"[[0, 1, 2, 3, 4, 5, 6, 7, 8, 9, 10, 11]]",0.021304297328919045,-0.0,0.0,-6.8996750852527804e-15,,0.0,7.441935101172104,7.441935101172104,0.021304297328919045,0.0,0.22112638895344716,"{""2"": 11, ""3"": 10, ""4"": 9}",7.441935101172104,7.4419252778318175,25.496579421823284,1e-05,True,40,development_isotonic_frozen
s1-i0,development,1,structural,min_within_batch_tc,1,0.01,76993f31911749ca,"[[0, 1, 2, 3, 4, 5, 6, 7, 8, 9, 10, 11]]",0.021304297328919045,-0.0,0.0,-6.8996750852527804e-15,,0.0,7.441935101172104,7.441935101172104,0.021304297328919045,0.0,0.22112638895344716,"{""2"": 11, ""3"": 10, ""4"": 9}",7.441935101172104,7.4419252778318175,25.496579421823284,1e-05,True,40,development_isotonic_frozen
s1-i0,development,1,structural,dprm_myopic,1,0.01,76993f31911749ca,"[[0, 1, 2, 3, 4, 5, 6, 7, 8, 9, 10, 11]]",0.021304297328919045,-0.0,0.0,-6.8996750852527804e-15,,0.0,7.441935101172104,7.441935101172104,0.021304297328919045,0.0,0.22112638895344716,"{""2"": 11, ""3"": 10, ""4"": 9}",7.441935101172104,7.4419252778318175,25.496579421823284,1e-05,True,40,development_isotonic_frozen
s1-i0,development,1,structural,dprm_rollout,1,0.01,76993f31911749ca,"[[0, 1, 2, 3, 4, 5, 6, 7, 8, 9, 10, 11]]",0.021304297328919045,-0.0,0.0,-6.8996750852527804e-15,,0.0,7.441935101172104,7.441935101172104,0.021304297328919045,0.0,0.22112638895344716,"{""2"": 11, ""3"": 10, ""4"": 9}",7.441935101172104,7.4419252778318175,25.496579421823284,1e-05,True,40,development_isotonic_frozen
s1-i0,development,1,structural,subset_exact,1,0.01,76993f31911749ca,"[[0, 1, 2, 3, 4, 5, 6, 7, 8, 9, 10, 11]]",0.021304297328919045,-0.0,0.0,-6.8996750852527804e-15,,0.0,7.441935101172104,7.441935101172104,0.021304297328919045,0.0,0.22112638895344716,"{""2"": 11, ""3"": 10, ""4"": 9}",7.441935101172104,7.4419252778318175,25.496579421823284,1e-05,True,40,development_isotonic_frozen
s1-i0,development,1,structural,subset_beam_8,1,0.01,76993f31911749ca,"[[0, 1, 2, 3, 4, 5, 6, 7, 8, 9, 10, 11]]",0.021304297328919045,-0.0,0.0,-6.8996750852527804e-15,,0.0,7.441935101172104,7.441935101172104,0.021304297328919045,0.0,0.22112638895344716,"{""2"": 11, ""3"": 10, ""4"": 9}",7.441935101172104,7.4419252778318175,25.496579421823284,1e-05,True,40,development_isotonic_frozen
s1-i0,development,1,structural,subset_beam_32,1,0.01,76993f31911749ca,"[[0, 1, 2, 3, 4, 5, 6, 7, 8, 9, 10, 11]]",0.021304297328919045,-0.0,0.0,-6.8996750852527804e-15,,0.0,7.441935101172104,7.441935101172104,0.021304297328919045,0.0,0.22112638895344716,"{""2"": 11, ""3"": 10, ""4"": 9}",7.441935101172104,7.4419252778318175,25.496579421823284,1e-05,True,40,development_isotonic_frozen
s1-i0,development,1,structural,saps_diagonal,1,0.01,76993f31911749ca,"[[0, 1, 2, 3, 4, 5, 6, 7, 8, 9, 10, 11]]",0.021304297328919045,-0.0,0.0,-6.8996750852527804e-15,,0.0,7.441935101172104,7.441935101172104,0.021304297328919045,0.0,0.22112638895344716,"{""2"": 11, ""3"": 10, ""4"": 9}",7.441935101172104,7.4419252778318175,25.496579421823284,1e-05,True,40,development_isotonic_frozen
s1-i0,development,1,structural,p_saps_residualized,1,0.01,76993f31911749ca,"[[0, 1, 2, 3, 4, 5, 6, 7, 8, 9, 10, 11]]",0.021304297328919045,-0.0,0.0,-6.8996750852527804e-15,,0.0,7.441935101172104,7.441935101172104,0.021304297328919045,0.0,0.22112638895344716,"{""2"": 11, ""3"": 10, ""4"": 9}",7.441935101172104,7.4419252778318175,25.496579421823284,1e-05,True,40,development_isotonic_frozen
s1-i0,development,1,structural,p_saps_projection,1,0.01,76993f31911749ca,"[[0, 1, 2, 3, 4, 5, 6, 7, 8, 9, 10, 11]]",0.021304297328919045,-0.0,0.0,-6.8996750852527804e-15,,0.0,7.441935101172104,7.441935101172104,0.021304297328919045,0.0,0.22112638895344716,"{""2"": 11, ""3"": 10, ""4"": 9}",7.441935101172104,7.4419252778318175,25.496579421823284,1e-05,True,40,development_isotonic_frozen
s1-i0,development,1,structural,b_saps_budgeted,1,0.01,76993f31911749ca,"[[0, 1, 2, 3, 4, 5, 6, 7, 8, 9, 10, 11]]",0.021304297328919045,-0.0,0.0,-6.8996750852527804e-15,,0.0,7.441935101172104,7.441935101172104,0.021304297328919045,0.0,0.22112638895344716,"{""2"": 11, ""3"": 10, ""4"": 9}",7.441935101172104,7.4419252778318175,25.496579421823284,1e-05,True,40,development_isotonic_frozen
s1-i0,development,1,structural,random_balanced,1,0.05,76993f31911749ca,"[[0, 1, 2, 3, 4, 5, 6, 7, 8, 9, 10, 11]]",0.11897787136150911,-0.0,0.0,-6.8996750852527804e-15,,0.0,7.441935101172104,7.441935101172104,0.11897787136150911,-0.13545419189668617,0.0,"{""2"": 11, ""3"": 10, ""4"": 9}",7.441935101172104,7.4419252778318175,25.496579421823284,1e-05,True,40,development_isotonic_frozen
s1-i0,development,1,structural,confidence,1,0.05,76993f31911749ca,"[[0, 1, 2, 3, 4, 5, 6, 7, 8, 9, 10, 11]]",0.11897787136150911,-0.0,0.0,-6.8996750852527804e-15,,0.0,7.441935101172104,7.441935101172104,0.11897787136150911,-0.13545419189668617,0.0,"{""2"": 11, ""3"": 10, ""4"": 9}",7.441935101172104,7.4419252778318175,25.496579421823284,1e-05,True,40,development_isotonic_frozen
s1-i0,development,1,structural,entropy,1,0.05,76993f31911749ca,"[[0, 1, 2, 3, 4, 5, 6, 7, 8, 9, 10, 11]]",0.11897787136150911,-0.0,0.0,-6.8996750852527804e-15,,0.0,7.441935101172104,7.441935101172104,0.11897787136150911,-0.13545419189668617,0.0,"{""2"": 11, ""3"": 10, ""4"": 9}",7.441935101172104,7.4419252778318175,25.496579421823284,1e-05,True,40,development_isotonic_frozen
s1-i0,development,1,structural,dependency_cmi,1,0.05,76993f31911749ca,"[[0, 1, 2, 3, 4, 5, 6, 7, 8, 9, 10, 11]]",0.11897787136150911,-0.0,0.0,-6.8996750852527804e-15,,0.0,7.441935101172104,7.441935101172104,0.11897787136150911,-0.13545419189668617,0.0,"{""2"": 11, ""3"": 10, ""4"": 9}",7.441935101172104,7.4419252778318175,25.496579421823284,1e-05,True,40,development_isotonic_frozen
s1-i0,development,1,structural,min_within_batch_tc,1,0.05,76993f31911749ca,"[[0, 1, 2, 3, 4, 5, 6, 7, 8, 9, 10, 11]]",0.11897787136150911,-0.0,0.0,-6.8996750852527804e-15,,0.0,7.441935101172104,7.441935101172104,0.11897787136150911,-0.13545419189668617,0.0,"{""2"": 11, ""3"": 10, ""4"": 9}",7.441935101172104,7.4419252778318175,25.496579421823284,1e-05,True,40,development_isotonic_frozen
s1-i0,development,1,structural,dprm_myopic,1,0.05,76993f31911749ca,"[[0, 1, 2, 3, 4, 5, 6, 7, 8, 9, 10, 11]]",0.11897787136150911,-0.0,0.0,-6.8996750852527804e-15,,0.0,7.441935101172104,7.441935101172104,0.11897787136150911,-0.13545419189668617,0.0,"{""2"": 11, ""3"": 10, ""4"": 9}",7.441935101172104,7.4419252778318175,25.496579421823284,1e-05,True,40,development_isotonic_frozen
s1-i0,development,1,structural,dprm_rollout,1,0.05,76993f31911749ca,"[[0, 1, 2, 3, 4, 5, 6, 7, 8, 9, 10, 11]]",0.11897787136150911,-0.0,0.0,-6.8996750852527804e-15,,0.0,7.441935101172104,7.441935101172104,0.11897787136150911,-0.13545419189668617,0.0,"{""2"": 11, ""3"": 10, ""4"": 9}",7.441935101172104,7.4419252778318175,25.496579421823284,1e-05,True,40,development_isotonic_frozen
s1-i0,development,1,structural,subset_exact,1,0.05,76993f31911749ca,"[[0, 1, 2, 3, 4, 5, 6, 7, 8, 9, 10, 11]]",0.11897787136150911,-0.0,0.0,-6.8996750852527804e-15,,0.0,7.441935101172104,7.441935101172104,0.11897787136150911,-0.13545419189668617,0.0,"{""2"": 11, ""3"": 10, ""4"": 9}",7.441935101172104,7.4419252778318175,25.496579421823284,1e-05,True,40,development_isotonic_frozen
s1-i0,development,1,structural,subset_beam_8,1,0.05,76993f31911749ca,"[[0, 1, 2, 3, 4, 5, 6, 7, 8, 9, 10, 11]]",0.11897787136150911,-0.0,0.0,-6.8996750852527804e-15,,0.0,7.441935101172104,7.441935101172104,0.11897787136150911,-0.13545419189668617,0.0,"{""2"": 11, ""3"": 10, ""4"": 9}",7.441935101172104,7.4419252778318175,25.496579421823284,1e-05,True,40,development_isotonic_frozen
s1-i0,development,1,structural,subset_beam_32,1,0.05,76993f31911749ca,"[[0, 1, 2, 3, 4, 5, 6, 7, 8, 9, 10, 11]]",0.11897787136150911,-0.0,0.0,-6.8996750852527804e-15,,0.0,7.441935101172104,7.441935101172104,0.11897787136150911,-0.13545419189668617,0.0,"{""2"": 11, ""3"": 10, ""4"": 9}",7.441935101172104,7.4419252778318175,25.496579421823284,1e-05,True,40,development_isotonic_frozen
s1-i0,development,1,structural,saps_diagonal,1,0.05,76993f31911749ca,"[[0, 1, 2, 3, 4, 5, 6, 7, 8, 9, 10, 11]]",0.11897787136150911,-0.0,0.0,-6.8996750852527804e-15,,0.0,7.441935101172104,7.441935101172104,0.11897787136150911,-0.13545419189668617,0.0,"{""2"": 11, ""3"": 10, ""4"": 9}",7.441935101172104,7.4419252778318175,25.496579421823284,1e-05,True,40,development_isotonic_frozen
s1-i0,development,1,structural,p_saps_residualized,1,0.05,76993f31911749ca,"[[0, 1, 2, 3, 4, 5, 6, 7, 8, 9, 10, 11]]",0.11897787136150911,-0.0,0.0,-6.8996750852527804e-15,,0.0,7.441935101172104,7.441935101172104,0.11897787136150911,-0.13545419189668617,0.0,"{""2"": 11, ""3"": 10, ""4"": 9}",7.441935101172104,7.4419252778318175,25.496579421823284,1e-05,True,40,development_isotonic_frozen
s1-i0,development,1,structural,p_saps_projection,1,0.05,76993f31911749ca,"[[0, 1, 2, 3, 4, 5, 6, 7, 8, 9, 10, 11]]",0.11897787136150911,-0.0,0.0,-6.8996750852527804e-15,,0.0,7.441935101172104,7.441935101172104,0.11897787136150911,-0.13545419189668617,0.0,"{""2"": 11, ""3"": 10, ""4"": 9}",7.441935101172104,7.4419252778318175,25.496579421823284,1e-05,True,40,development_isotonic_frozen
s1-i0,development,1,structural,b_saps_budgeted,1,0.05,76993f31911749ca,"[[0, 1, 2, 3, 4, 5, 6, 7, 8, 9, 10, 11]]",0.11897787136150911,-0.0,0.0,-6.8996750852527804e-15,,0.0,7.441935101172104,7.441935101172104,0.11897787136150911,-0.13545419189668617,0.0,"{""2"": 11, ""3"": 10, ""4"": 9}",7.441935101172104,7.4419252778318175,25.496579421823284,1e-05,True,40,development_isotonic_frozen
s1-i0,development,1,structural,random_balanced,1,0.15,76993f31911749ca,"[[0, 1, 2, 3, 4, 5, 6, 7, 8, 9, 10, 11]]",0.3484154663218108,-0.0,0.0,-6.8996750852527804e-15,,0.0,7.441935101172104,7.441935101172104,0.3484154663218108,-0.6250497463018908,2.4961141900058137,"{""2"": 11, ""3"": 10, ""4"": 9}",7.441935101172104,7.4419252778318175,25.496579421823284,1e-05,True,40,development_isotonic_frozen
s1-i0,development,1,structural,confidence,1,0.15,76993f31911749ca,"[[0, 1, 2, 3, 4, 5, 6, 7, 8, 9, 10, 11]]",0.3484154663218108,-0.0,0.0,-6.8996750852527804e-15,,0.0,7.441935101172104,7.441935101172104,0.3484154663218108,-0.6250497463018908,2.4961141900058137,"{""2"": 11, ""3"": 10, ""4"": 9}",7.441935101172104,7.4419252778318175,25.496579421823284,1e-05,True,40,development_isotonic_frozen
s1-i0,development,1,structural,entropy,1,0.15,76993f31911749ca,"[[0, 1, 2, 3, 4, 5, 6, 7, 8, 9, 10, 11]]",0.3484154663218108,-0.0,0.0,-6.8996750852527804e-15,,0.0,7.441935101172104,7.441935101172104,0.3484154663218108,-0.6250497463018908,2.4961141900058137,"{""2"": 11, ""3"": 10, ""4"": 9}",7.441935101172104,7.4419252778318175,25.496579421823284,1e-05,True,40,development_isotonic_frozen
s1-i0,development,1,structural,dependency_cmi,1,0.15,76993f31911749ca,"[[0, 1, 2, 3, 4, 5, 6, 7, 8, 9, 10, 11]]",0.3484154663218108,-0.0,0.0,-6.8996750852527804e-15,,0.0,7.441935101172104,7.441935101172104,0.3484154663218108,-0.6250497463018908,2.4961141900058137,"{""2"": 11, ""3"": 10, ""4"": 9}",7.441935101172104,7.4419252778318175,25.496579421823284,1e-05,True,40,development_isotonic_frozen
s1-i0,development,1,structural,min_within_batch_tc,1,0.15,76993f31911749ca,"[[0, 1, 2, 3, 4, 5, 6, 7, 8, 9, 10, 11]]",0.3484154663218108,-0.0,0.0,-6.8996750852527804e-15,,0.0,7.441935101172104,7.441935101172104,0.3484154663218108,-0.6250497463018908,2.4961141900058137,"{""2"": 11, ""3"": 10, ""4"": 9}",7.441935101172104,7.4419252778318175,25.496579421823284,1e-05,True,40,development_isotonic_frozen
s1-i0,development,1,structural,dprm_myopic,1,0.15,76993f31911749ca,"[[0, 1, 2, 3, 4, 5, 6, 7, 8, 9, 10, 11]]",0.3484154663218108,-0.0,0.0,-6.8996750852527804e-15,,0.0,7.441935101172104,7.441935101172104,0.3484154663218108,-0.6250497463018908,2.4961141900058137,"{""2"": 11, ""3"": 10, ""4"": 9}",7.441935101172104,7.4419252778318175,25.496579421823284,1e-05,True,40,development_isotonic_frozen
s1-i0,development,1,structural,dprm_rollout,1,0.15,76993f31911749ca,"[[0, 1, 2, 3, 4, 5, 6, 7, 8, 9, 10, 11]]",0.3484154663218108,-0.0,0.0,-6.8996750852527804e-15,,0.0,7.441935101172104,7.441935101172104,0.3484154663218108,-0.6250497463018908,2.4961141900058137,"{""2"": 11, ""3"": 10, ""4"": 9}",7.441935101172104,7.4419252778318175,25.496579421823284,1e-05,True,40,development_isotonic_frozen
s1-i0,development,1,structural,subset_exact,1,0.15,76993f31911749ca,"[[0, 1, 2, 3, 4, 5, 6, 7, 8, 9, 10, 11]]",0.3484154663218108,-0.0,0.0,-6.8996750852527804e-15,,0.0,7.441935101172104,7.441935101172104,0.3484154663218108,-0.6250497463018908,2.4961141900058137,"{""2"": 11, ""3"": 10, ""4"": 9}",7.441935101172104,7.4419252778318175,25.496579421823284,1e-05,True,40,development_isotonic_frozen
s1-i0,development,1,structural,subset_beam_8,1,0.15,76993f31911749ca,"[[0, 1, 2, 3, 4, 5, 6, 7, 8, 9, 10, 11]]",0.3484154663218108,-0.0,0.0,-6.8996750852527804e-15,,0.0,7.441935101172104,7.441935101172104,0.3484154663218108,-0.6250497463018908,2.4961141900058137,"{""2"": 11, ""3"": 10, ""4"": 9}",7.441935101172104,7.4419252778318175,25.496579421823284,1e-05,True,40,development_isotonic_frozen
s1-i0,development,1,structural,subset_beam_32,1,0.15,76993f31911749ca,"[[0, 1, 2, 3, 4, 5, 6, 7, 8, 9, 10, 11]]",0.3484154663218108,-0.0,0.0,-6.8996750852527804e-15,,0.0,7.441935101172104,7.441935101172104,0.3484154663218108,-0.6250497463018908,2.4961141900058137,"{""2"": 11, ""3"": 10, ""4"": 9}",7.441935101172104,7.4419252778318175,25.496579421823284,1e-05,True,40,development_isotonic_frozen
s1-i0,development,1,structural,saps_diagonal,1,0.15,76993f31911749ca,"[[0, 1, 2, 3, 4, 5, 6, 7, 8, 9, 10, 11]]",0.3484154663218108,-0.0,0.0,-6.8996750852527804e-15,,0.0,7.441935101172104,7.441935101172104,0.3484154663218108,-0.6250497463018908,2.4961141900058137,"{""2"": 11, ""3"": 10, ""4"": 9}",7.441935101172104,7.4419252778318175,25.496579421823284,1e-05,True,40,development_isotonic_frozen
s1-i0,development,1,structural,p_saps_residualized,1,0.15,76993f31911749ca,"[[0, 1, 2, 3, 4, 5, 6, 7, 8, 9, 10, 11]]",0.3484154663218108,-0.0,0.0,-6.8996750852527804e-15,,0.0,7.441935101172104,7.441935101172104,0.3484154663218108,-0.6250497463018908,2.4961141900058137,"{""2"": 11, ""3"": 10, ""4"": 9}",7.441935101172104,7.4419252778318175,25.496579421823284,1e-05,True,40,development_isotonic_frozen
s1-i0,development,1,structural,p_saps_projection,1,0.15,76993f31911749ca,"[[0, 1, 2, 3, 4, 5, 6, 7, 8, 9, 10, 11]]",0.3484154663218108,-0.0,0.0,-6.8996750852527804e-15,,0.0,7.441935101172104,7.441935101172104,0.3484154663218108,-0.6250497463018908,2.4961141900058137,"{""2"": 11, ""3"": 10, ""4"": 9}",7.441935101172104,7.4419252778318175,25.496579421823284,1e-05,True,40,development_isotonic_frozen
s1-i0,development,1,structural,b_saps_budgeted,1,0.15,76993f31911749ca,"[[0, 1, 2, 3, 4, 5, 6, 7, 8, 9, 10, 11]]",0.3484154663218108,-0.0,0.0,-6.8996750852527804e-15,,0.0,7.441935101172104,7.441935101172104,0.3484154663218108,-0.6250497463018908,2.4961141900058137,"{""2"": 11, ""3"": 10, ""4"": 9}",7.441935101172104,7.4419252778318175,25.496579421823284,1e-05,True,40,development_isotonic_frozen
s1-i0,development,1,structural,random_balanced,2,0.01,51bf467fc95b6f82,"[[0, 3, 5, 7, 8, 10], [1, 2, 4, 6, 9, 11]]",0.029881352097704632,-0.3010148409151254,0.4930482411836263,-2.668125055921109e-15,,16.0,7.9491106075008275,7.9491106075008275,0.03043471046988435,0.0,1.655275634197043,"{""1"": 16, ""2"": 13, ""3"": 1}",7.9491106075008275,7.9490619231302855,18.501687259305683,1e-05,True,40,development_isotonic_frozen
s1-i0,development,1,structural,confidence,2,0.01,6e8846395f5337ca,"[[0, 4, 6, 9, 10, 11], [1, 2, 3, 5, 7, 8]]",0.029881352097704632,-0.21351374808477486,0.5876631402632456,-2.8428648515262768e-15,,9.0,4.987880022689588,4.987880022689588,0.03043471046988435,0.0,0.0,"{""1"": 9, ""2"": 15, ""3"": 6}",4.987880022689588,4.98785892460193,24.46537404338931,1e-05,True,40,development_isotonic_frozen
s1-i0,development,1,structural,entropy,2,0.01,e97a8afe13ad1fc4,"[[0, 4, 7, 9, 10, 11], [1, 2, 3, 5, 6, 8]]",0.029881352097704632,-0.21610373852888068,0.6008180423800403,-2.2901625169303482e-15,,10.0,7.273515379838745,7.273515379838745,0.03043471046988435,0.0,0.0,"{""1"": 10, ""2"": 13, ""3"": 7}",7.273515379838745,7.2734899299181786,25.391450780650292,1e-05,True,40,development_isotonic_frozen
s1-i0,development,1,structural,dependency_cmi,2,0.01,d312bf142d0982d8,"[[1, 2, 3, 4, 5, 6], [0, 7, 8, 9, 10, 11]]",0.029881352097704632,-0.3126106345459116,0.4554608388548385,-1.968385956268394e-15,,6.0,7.736322226722757,7.736322226722757,0.025362258724903625,0.0,0.3167038946073939,"{""1"": 6, ""2"": 11, ""3"": 8, ""4"": 5}",7.736322226722757,7.736305003775922,23.576442795128287,1e-05,True,40,development_isotonic_frozen
s1-i0,development,1,structural,min_within_batch_tc,2,0.01,555926cdb6a67dce,"[[1, 7, 8, 9, 10, 11], [0, 2, 3, 4, 5, 6]]",0.029881352097704632,-0.2668678814050944,0.5266638718887648,-1.7277980282997418e-15,,5.0,8.097939695903836,8.097939695903836,0.02637674907389977,0.0,0.3670377324835643,"{""1"": 5, ""2"": 12, ""3"": 9, ""4"": 4}",8.097939695903836,8.097923502216975,25.118090520199818,1e-05,True,40,development_isotonic_frozen
s1-i0,development,1,structural,dprm_myopic,2,0.01,d9c885a131010800,"[[1, 2, 6, 7, 9, 11], [0, 3, 4, 5, 8, 10]]",0.029881352097704632,-0.26502030322758957,0.5279217196903441,-2.9929736853444738e-15,,14.0,7.617477666207207,7.617477666207207,0.03043471046988435,0.0,0.22112638895344716,"{""1"": 14, ""2"": 13, ""3"": 3}",7.617477666207207,7.617367329757408,22.486740104129826,1e-05,True,40,development_isotonic_frozen
s1-i0,development,1,structural,dprm_rollout,2,0.01,87c133a90dc391b7,"[[4, 5, 6, 7, 9, 11], [0, 1, 2, 3, 8, 10]]",0.029881352097704632,-0.25331580289628797,0.5583441336353202,-3.603838229056049e-15,,12.0,7.10427191392069,7.10427191392069,0.02840572977189206,-0.2659437044806885,0.3670377324835643,"{""2"": 11, ""3"": 5, ""4"": 2, ""1"": 12}",7.10427191392069,7.104244748553317,25.03914516163324,1e-05,True,40,development_isotonic_frozen
s1-i0,development,1,structural,subset_exact,2,0.01,c15fe8894296de95,"[[0, 1, 2, 3, 4, 6], [5, 7, 8, 9, 10, 11]]",0.029881352097704632,-0.2770903103016758,0.4923081022290447,-3.034352882059991e-15,,7.0,7.262799525697397,7.262799525697397,0.02637674907389977,0.0,-0.050333837876170406,"{""2"": 11, ""3"": 8, ""4"": 4, ""1"": 7}",7.262799525697397,7.262783358537181,22.693981078853948,1e-05,True,40,development_isotonic_frozen
s1-i0,development,1,structural,subset_beam_8,2,0.01,c15fe8894296de95,"[[0, 1, 2, 3, 4, 6], [5, 7, 8, 9, 10, 11]]",0.029881352097704632,-0.2770903103016758,0.4923081022290447,-3.034352882059991e-15,,7.0,7.262799525697397,7.262799525697397,0.02637674907389977,0.0,-0.050333837876170406,"{""2"": 11, ""3"": 8, ""4"": 4, ""1"": 7}",7.262799525697397,7.262783358537181,22.693981078853948,1e-05,True,40,development_isotonic_frozen
s1-i0,development,1,structural,subset_beam_32,2,0.01,c15fe8894296de95,"[[0, 1, 2, 3, 4, 6], [5, 7, 8, 9, 10, 11]]",0.029881352097704632,-0.2770903103016758,0.4923081022290447,-3.034352882059991e-15,,7.0,7.262799525697397,7.262799525697397,0.02637674907389977,0.0,-0.050333837876170406,"{""2"": 11, ""3"": 8, ""4"": 4, ""1"": 7}",7.262799525697397,7.262783358537181,22.693981078853948,1e-05,True,40,development_isotonic_frozen
s1-i0,development,1,structural,saps_diagonal,2,0.01,610dda76cef16e28,"[[1, 3, 5, 7, 8, 10], [0, 2, 4, 6, 9, 11]]",0.029881352097704632,-0.3231589489028097,0.4545533186912645,-2.7979580130586462e-15,,18.0,7.962450617445116,7.962450617445116,0.03043471046988435,0.0,0.3670377324835643,"{""1"": 18, ""2"": 12}",7.962450617445116,7.962400963608859,18.373278312952692,1e-05,True,40,development_isotonic_frozen
s1-i0,development,1,structural,p_saps_residualized,2,0.01,f4f5c064ddc2da93,"[[1, 4, 5, 7, 9, 10], [0, 2, 3, 6, 8, 11]]",0.029881352097704632,-0.2804435877617473,0.5078979966310462,-3.036611390117357e-15,,16.0,10.550727553029827,10.550727553029827,0.03043471046988435,0.0,0.22112638895344716,"{""1"": 16, ""2"": 13, ""3"": 1}",10.550727553029827,10.55066634904653,24.7358098268976,1e-05,True,80,development_isotonic_frozen
s1-i0,development,1,structural,p_saps_projection,2,0.01,f4f5c064ddc2da93,"[[1, 4, 5, 7, 9, 10], [0, 2, 3, 6, 8, 11]]",0.029881352097704632,-0.2804435877617473,0.5078979966310462,-3.036611390117357e-15,,16.0,10.550727553029827,10.550727553029827,0.03043471046988435,0.0,0.22112638895344716,"{""1"": 16, ""2"": 13, ""3"": 1}",10.550727553029827,10.55066634904653,24.7358098268976,1e-05,True,640,development_isotonic_frozen
s1-i0,development,1,structural,b_saps_budgeted,2,0.01,51bf467fc95b6f82,"[[0, 3, 5, 7, 8, 10], [1, 2, 4, 6, 9, 11]]",0.029881352097704632,-0.3010148409151254,0.4930482411836263,-2.668125055921109e-15,,16.0,7.9491106075008275,7.9491106075008275,0.03043471046988435,0.0,1.655275634197043,"{""1"": 16, ""2"": 13, ""3"": 1}",7.9491106075008275,7.9490619231302855,18.501687259305683,1e-05,True,40,development_isotonic_frozen
s1-i0,development,1,structural,random_balanced,2,0.05,51bf467fc95b6f82,"[[0, 3, 5, 7, 8, 10], [1, 2, 4, 6, 9, 11]]",0.1358124486070241,-0.3010148409151254,0.4930482411836263,-2.668125055921109e-15,,16.0,7.9491106075008275,7.9491106075008275,0.13689855036479925,0.033376211242056975,0.0,"{""1"": 16, ""2"": 13, ""3"": 1}",7.9491106075008275,7.9490619231302855,18.501687259305683,1e-05,True,40,development_isotonic_frozen
s1-i0,development,1,structural,confidence,2,0.05,6e8846395f5337ca,"[[0, 4, 6, 9, 10, 11], [1, 2, 3, 5, 7, 8]]",0.1358124486070241,-0.21351374808477486,0.5876631402632456,-2.8428648515262768e-15,,9.0,4.987880022689588,4.987880022689588,0.13689855036479925,0.14809680083406918,0.0,"{""1"": 9, ""2"": 15, ""3"": 6}",4.987880022689588,4.98785892460193,24.46537404338931,1e-05,True,40,development_isotonic_frozen
s1-i0,development,1,structural,entropy,2,0.05,e97a8afe13ad1fc4,"[[0, 4, 7, 9, 10, 11], [1, 2, 3, 5, 6, 8]]",0.1358124486070241,-0.21610373852888068,0.6008180423800403,-2.2901625169303482e-15,,10.0,7.273515379838745,7.273515379838745,0.13689855036479925,0.17577430391233184,-1.7891249275972483,"{""1"": 10, ""2"": 13, ""3"": 7}",7.273515379838745,7.2734899299181786,25.391450780650292,1e-05,True,40,development_isotonic_frozen
s1-i0,development,1,structural,dependency_cmi,2,0.05,d312bf142d0982d8,"[[1, 2, 3, 4, 5, 6], [0, 7, 8, 9, 10, 11]]",0.1358124486070241,-0.3126106345459116,0.4554608388548385,-1.968385956268394e-15,,6.0,7.736322226722757,7.736322226722757,0.12694261758519362,-0.38457387369402835,0.0,"{""1"": 6, ""2"": 11, ""3"": 8, ""4"": 5}",7.736322226722757,7.736305003775922,23.576442795128287,1e-05,True,40,development_isotonic_frozen
s1-i0,development,1,structural,min_within_batch_tc,2,0.05,555926cdb6a67dce,"[[1, 7, 8, 9, 10, 11], [0, 2, 3, 4, 5, 6]]",0.1358124486070241,-0.2668678814050944,0.5266638718887648,-1.7277980282997418e-15,,5.0,8.097939695903836,8.097939695903836,0.12893380414111474,-0.027559404502284064,0.0,"{""1"": 5, ""2"": 12, ""3"": 9, ""4"": 4}",8.097939695903836,8.097923502216975,25.118090520199818,1e-05,True,40,development_isotonic_frozen
s1-i0,development,1,structural,dprm_myopic,2,0.05,d9c885a131010800,"[[1, 2, 6, 7, 9, 11], [0, 3, 4, 5, 8, 10]]",0.1358124486070241,-0.26502030322758957,0.5279217196903441,-2.9929736853444738e-15,,14.0,7.617477666207207,7.617477666207207,0.13689855036479925,0.5089228431283301,0.6141952703293856,"{""1"": 14, ""2"": 13, ""3"": 3}",7.617477666207207,7.617367329757408,22.486740104129826,1e-05,True,40,development_isotonic_frozen
s1-i0,development,1,structural,dprm_rollout,2,0.05,0bfd1b37e5110a97,"[[3, 4, 5, 7, 9, 11], [0, 1, 2, 6, 8, 10]]",0.1358124486070241,-0.2568699003959477,0.5589927766481766,-3.495404658214011e-15,,15.0,7.8778959997599625,7.8778959997599625,0.13689855036479925,-0.0349748665323414,0.0,"{""2"": 12, ""3"": 3, ""1"": 15}",7.8778959997599625,7.877835318134894,19.035816535268633,1e-05,True,40,development_isotonic_frozen
s1-i0,development,1,structural,subset_exact,2,0.05,03d00453150fc1b2,"[[1, 2, 6, 7, 8, 9], [0, 3, 4, 5, 10, 11]]",0.1358124486070241,-0.3125428835365293,0.45863692706775433,-3.082758804536258e-15,,10.0,7.2615410053301,7.2615410053301,0.13490736380887813,0.0,0.0,"{""1"": 10, ""2"": 14, ""3"": 5, ""4"": 1}",7.2615410053301,7.26150772913085,20.33151340394463,1e-05,True,40,development_isotonic_frozen
s1-i0,development,1,structural,subset_beam_8,2,0.05,2a29b59ba1fdb511,"[[0, 1, 2, 5, 6, 7], [3, 4, 8, 9, 10, 11]]",0.1358124486070241,-0.29941939907089404,0.48401478270002657,-2.7961731014012178e-15,,9.0,8.692912242704395,8.692912242704395,0.13490736380887813,0.0,0.0,"{""2"": 15, ""3"": 5, ""1"": 9, ""4"": 1}",8.692912242704395,8.692886345840282,24.096183851138097,1e-05,True,40,development_isotonic_frozen
s1-i0,development,1,structural,subset_beam_32,2,0.05,66f529dc49c5417f,"[[0, 2, 3, 4, 6, 8], [1, 5, 7, 9, 10, 11]]",0.1358124486070241,-0.2957933656219846,0.4790960919812428,-2.9418820830682315e-15,,16.0,6.177269580150906,6.177269580150906,0.13689855036479925,0.0,0.0,"{""1"": 16, ""2"": 10, ""3"": 4}",6.177269580150906,6.177256032744987,18.236193332662136,1e-05,True,40,development_isotonic_frozen
s1-i0,development,1,structural,saps_diagonal,2,0.05,610dda76cef16e28,"[[1, 3, 5, 7, 8, 10], [0, 2, 4, 6, 9, 11]]",0.1358124486070241,-0.3231589489028097,0.4545533186912645,-2.7979580130586462e-15,,18.0,7.962450617445116,7.962450617445116,0.13689855036479925,0.06510609795029576,0.0,"{""1"": 18, ""2"": 12}",7.962450617445116,7.962400963608859,18.373278312952692,1e-05,True,40,development_isotonic_frozen
s1-i0,development,1,structural,p_saps_residualized,2,0.05,f4f5c064ddc2da93,"[[1, 4, 5, 7, 9, 10], [0, 2, 3, 6, 8, 11]]",0.1358124486070241,-0.2804435877617473,0.5078979966310462,-3.036611390117357e-15,,16.0,10.550727553029827,10.550727553029827,0.13689855036479925,-0.11767308009404209,0.0,"{""1"": 16, ""2"": 13, ""3"": 1}",10.550727553029827,10.55066634904653,24.7358098268976,1e-05,True,80,development_isotonic_frozen
s1-i0,development,1,structural,p_saps_projection,2,0.05,f4f5c064ddc2da93,"[[1, 4, 5, 7, 9, 10], [0, 2, 3, 6, 8, 11]]",0.1358124486070241,-0.2804435877617473,0.5078979966310462,-3.036611390117357e-15,,16.0,10.550727553029827,10.550727553029827,0.13689855036479925,-0.11767308009404209,0.0,"{""1"": 16, ""2"": 13, ""3"": 1}",10.550727553029827,10.55066634904653,24.7358098268976,1e-05,True,640,development_isotonic_frozen
s1-i0,development,1,structural,b_saps_budgeted,2,0.05,51bf467fc95b6f82,"[[0, 3, 5, 7, 8, 10], [1, 2, 4, 6, 9, 11]]",0.1358124486070241,-0.3010148409151254,0.4930482411836263,-2.668125055921109e-15,,16.0,7.9491106075008275,7.9491106075008275,0.13689855036479925,0.033376211242056975,0.0,"{""1"": 16, ""2"": 13, ""3"": 1}",7.9491106075008275,7.9490619231302855,18.501687259305683,1e-05,True,40,development_isotonic_frozen
s1-i0,development,1,structural,random_balanced,2,0.15,51bf467fc95b6f82,"[[0, 3, 5, 7, 8, 10], [1, 2, 4, 6, 9, 11]]",1.6840666234508794,-0.3010148409151254,0.4930482411836263,-2.668125055921109e-15,,16.0,7.9491106075008275,7.9491106075008275,2.062961780827663,-0.46877042580543193,1.1435871671353404,"{""1"": 16, ""2"": 13, ""3"": 1}",7.9491106075008275,7.9490619231302855,18.501687259305683,1e-05,True,40,development_isotonic_frozen
s1-i0,development,1,structural,confidence,2,0.15,6e8846395f5337ca,"[[0, 4, 6, 9, 10, 11], [1, 2, 3, 5, 7, 8]]",1.6840666234508794,-0.21351374808477486,0.5876631402632456,-2.8428648515262768e-15,,9.0,4.987880022689588,4.987880022689588,1.4039109014745532,0.0,0.9938441036056384,"{""1"": 9, ""2"": 15, ""3"": 6}",4.987880022689588,4.98785892460193,24.46537404338931,1e-05,True,40,development_isotonic_frozen
s1-i0,development,1,structural,entropy,2,0.15,e97a8afe13ad1fc4,"[[0, 4, 7, 9, 10, 11], [1, 2, 3, 5, 6, 8]]",1.6840666234508794,-0.21610373852888068,0.6008180423800403,-2.2901625169303482e-15,,10.0,7.273515379838745,7.273515379838745,1.4437625128644556,-0.1260521358171413,0.42577013014145126,"{""1"": 10, ""2"": 13, ""3"": 7}",7.273515379838745,7.2734899299181786,25.391450780650292,1e-05,True,40,development_isotonic_frozen
s1-i0,development,1,structural,dependency_cmi,2,0.15,d312bf142d0982d8,"[[1, 2, 3, 4, 5, 6], [0, 7, 8, 9, 10, 11]]",1.6840666234508794,-0.3126106345459116,0.4554608388548385,-1.968385956268394e-15,,6.0,7.736322226722757,7.736322226722757,0.9676147342850183,0.0,3.7860525525676527,"{""1"": 6, ""2"": 11, ""3"": 8, ""4"": 5}",7.736322226722757,7.736305003775922,23.576442795128287,1e-05,True,40,development_isotonic_frozen
s1-i0,development,1,structural,min_within_batch_tc,2,0.15,555926cdb6a67dce,"[[1, 7, 8, 9, 10, 11], [0, 2, 3, 4, 5, 6]]",1.6840666234508794,-0.2668678814050944,0.5266638718887648,-1.7277980282997418e-15,,5.0,8.097939695903836,8.097939695903836,0.8960889895931332,0.0639688164654655,2.129076457522249,"{""1"": 5, ""2"": 12, ""3"": 9, ""4"": 4}",8.097939695903836,8.097923502216975,25.118090520199818,1e-05,True,40,development_isotonic_frozen
s1-i0,development,1,structural,dprm_myopic,2,0.15,d9c885a131010800,"[[1, 2, 6, 7, 9, 11], [0, 3, 4, 5, 8, 10]]",1.6840666234508794,-0.26502030322758957,0.5279217196903441,-2.9929736853444738e-15,,14.0,7.617477666207207,7.617477666207207,1.8565620248399273,0.27953227538341663,3.7860525525676527,"{""1"": 14, ""2"": 13, ""3"": 3}",7.617477666207207,7.617367329757408,22.486740104129826,1e-05,True,40,development_isotonic_frozen
s1-i0,development,1,structural,dprm_rollout,2,0.15,4e9e5ffb85161021,"[[3, 4, 5, 6, 9, 10], [0, 1, 2, 7, 8, 11]]",1.6840666234508794,-0.27760146098436816,0.5050344007994304,-3.647729119435858e-15,,10.0,7.497647272310346,7.497647272310346,1.507110779468421,0.36743243750775867,0.09557750565394652,"{""2"": 15, ""3"": 4, ""1"": 10, ""4"": 1}",7.497647272310346,7.497618124738371,19.41379246971794,1e-05,True,40,development_isotonic_frozen
s1-i0,development,1,structural,subset_exact,2,0.15,d9c885a131010800,"[[1, 2, 6, 7, 9, 11], [0, 3, 4, 5, 8, 10]]",1.6840666234508794,-0.26502030322758957,0.5279217196903441,-2.9929736853444738e-15,,14.0,7.617477666207207,7.617477666207207,1.8565620248399273,0.27953227538341663,3.7860525525676527,"{""1"": 14, ""2"": 13, ""3"": 3}",7.617477666207207,7.617367329757408,22.486740104129826,1e-05,True,40,development_isotonic_frozen
s1-i0,development,1,structural,subset_beam_8,2,0.15,16c96626770fe7d8,"[[0, 1, 2, 3, 6, 9], [4, 5, 7, 8, 10, 11]]",1.6840666234508794,-0.27265982728409016,0.4978376007039796,-3.2722134411883363e-15,,7.0,5.3217429135500645,5.3217429135500645,1.2291852787888002,0.049835753096546365,2.7823481674052712,"{""2"": 16, ""3"": 6, ""4"": 1, ""1"": 7}",5.3217429135500645,5.321721079756713,21.747308380119968,1e-05,True,40,development_isotonic_frozen
s1-i0,development,1,structural,subset_beam_32,2,0.15,d9c885a131010800,"[[1, 2, 6, 7, 9, 11], [0, 3, 4, 5, 8, 10]]",1.6840666234508794,-0.26502030322758957,0.5279217196903441,-2.9929736853444738e-15,,14.0,7.617477666207207,7.617477666207207,1.8565620248399273,0.27953227538341663,3.7860525525676527,"{""1"": 14, ""2"": 13, ""3"": 3}",7.617477666207207,7.617367329757408,22.486740104129826,1e-05,True,40,development_isotonic_frozen
s1-i0,development,1,structural,saps_diagonal,2,0.15,610dda76cef16e28,"[[1, 3, 5, 7, 8, 10], [0, 2, 4, 6, 9, 11]]",1.6840666234508794,-0.3231589489028097,0.4545533186912645,-2.7979580130586462e-15,,18.0,7.962450617445116,7.962450617445116,2.237687403513416,0.734467409511114,3.447392163857099,"{""1"": 18, ""2"": 12}",7.962450617445116,7.962400963608859,18.373278312952692,1e-05,True,40,development_isotonic_frozen
s1-i0,development,1,structural,p_saps_residualized,2,0.15,f4f5c064ddc2da93,"[[1, 4, 5, 7, 9, 10], [0, 2, 3, 6, 8, 11]]",1.6840666234508794,-0.2804435877617473,0.5078979966310462,-3.036611390117357e-15,,16.0,10.550727553029827,10.550727553029827,2.062961780827663,0.0020347370621844885,3.7860525525676527,"{""1"": 16, ""2"": 13, ""3"": 1}",10.550727553029827,10.55066634904653,24.7358098268976,1e-05,True,80,development_isotonic_frozen
s1-i0,development,1,structural,p_saps_projection,2,0.15,f4f5c064ddc2da93,"[[1, 4, 5, 7, 9, 10], [0, 2, 3, 6, 8, 11]]",1.6840666234508794,-0.2804435877617473,0.5078979966310462,-3.036611390117357e-15,,16.0,10.550727553029827,10.550727553029827,2.062961780827663,0.0020347370621844885,3.7860525525676527,"{""1"": 16, ""2"": 13, ""3"": 1}",10.550727553029827,10.55066634904653,24.7358098268976,1e-05,True,640,development_isotonic_frozen
s1-i0,development,1,structural,b_saps_budgeted,2,0.15,610dda76cef16e28,"[[1, 3, 5, 7, 8, 10], [0, 2, 4, 6, 9, 11]]",1.6840666234508794,-0.3231589489028097,0.4545533186912645,-2.7979580130586462e-15,,18.0,7.962450617445116,7.962450617445116,2.237687403513416,0.734467409511114,3.447392163857099,"{""1"": 18, ""2"": 12}",7.962450617445116,7.962400963608859,18.373278312952692,1e-05,True,40,development_isotonic_frozen
s1-i0,development,1,structural,random_balanced,3,0.01,91a88a4bc8688751,"[[3, 5, 7, 8], [0, 4, 10, 11], [1, 2, 6, 9]]",0.03037937463266638,-0.5909352592171883,1.0108522713579542,-1.5512114430285727e-15,,22.0,7.833019568458997,7.833019568458997,0.03043471046988435,0.0,0.3167038946073939,"{""1"": 22, ""2"": 8}",7.833019568458997,7.832968941644137,16.42098342022048,1e-05,True,40,development_isotonic_frozen
s1-i0,development,1,structural,confidence,3,0.01,c1ccf86f5fee1852,"[[0, 4, 9, 11], [3, 6, 7, 10], [1, 2, 5, 8]]",0.03037937463266638,-0.43486332423648677,1.1835031802856284,-1.6635883996470518e-15,,22.0,4.590080205481976,4.590080205481976,0.03043471046988435,0.0,0.0,"{""1"": 22, ""2"": 8}",4.590080205481976,4.59001532377059,18.11927781637237,1e-05,True,40,development_isotonic_frozen
s1-i0,development,1,structural,entropy,3,0.01,6393aeaaebd53e42,"[[0, 7, 9, 11], [3, 4, 6, 10], [1, 2, 5, 8]]",0.03037937463266638,-0.4435640604158801,1.1838535079236336,-1.8000098991155034e-15,,22.0,5.577742597391529,5.577742597391529,0.03043471046988435,-0.3434437044747555,1.2882379017134786,"{""1"": 22, ""2"": 8}",5.577742597391529,5.57764360223544,18.198011041962033,1e-05,True,40,development_isotonic_frozen
s1-i0,development,1,structural,dependency_cmi,3,0.01,d8534ddbfda17276,"[[1, 2, 3, 5], [0, 4, 7, 11], [6, 8, 9, 10]]",0.03037937463266638,-0.5905708399607676,0.9865543836701871,-1.1286139576987213e-15,,17.0,4.181235330006329,4.181235330006329,0.03043471046988435,0.0,1.5093642906669267,"{""1"": 17, ""2"": 8, ""3"": 5}",4.181235330006329,4.181206773352004,17.377679825953372,1e-05,True,40,development_isotonic_frozen
s1-i0,development,1,structural,min_within_batch_tc,3,0.01,1f39d1649baf145b,"[[1, 9, 10, 11], [2, 3, 4, 6], [0, 5, 7, 8]]",0.03037937463266638,-0.49995052623243125,1.0702103237278038,-1.3182948375977317e-15,,14.0,6.7956466641573385,6.7956466641573385,0.03043471046988435,-0.011365096990530774,0.0,"{""1"": 14, ""2"": 12, ""3"": 4}",6.7956466641573385,6.795619830016821,16.12498577999586,1e-05,True,40,development_isotonic_frozen
s1-i0,development,1,structural,dprm_myopic,3,0.01,1e46d7d3c3240807,"[[1, 7, 9, 11], [2, 4, 5, 6], [0, 3, 8, 10]]",0.03037937463266638,-0.5221423399568107,1.0766231900533418,-1.4611929374433174e-15,,21.0,6.450699745498777,6.450699745498777,0.03043471046988435,0.0,0.3670377324835643,"{""1"": 21, ""2"": 7, ""3"": 2}",6.450699745498777,6.4505942117659885,18.366093527045738,1e-05,True,40,development_isotonic_frozen
s1-i0,development,1,structural,dprm_rollout,3,0.01,d534326ca78a4448,"[[2, 7, 9, 11], [1, 3, 5, 6], [0, 4, 8, 10]]",0.03037937463266638,-0.5469709202113905,1.0581397415117002,-1.554599644768324e-15,,24.0,5.144403032745474,5.144403032745474,0.03043471046988435,-0.18447352632421907,-1.1309665722033686,"{""1"": 24, ""2"": 6}",5.144403032745474,5.144339896480496,18.668982231915923,1e-05,True,40,development_isotonic_frozen
s1-i0,development,1,structural,subset_exact,3,0.01,1dc841ae0f330315,"[[0, 1, 2, 3], [4, 6, 9, 11], [5, 7, 8, 10]]",0.03037937463266638,-0.5247368464300682,1.0365758220354897,-1.995990806488083e-15,,14.0,4.117527479086915,4.117527479086915,0.029420220120888203,0.0,1.6049417963208725,"{""2"": 11, ""3"": 4, ""4"": 1, ""1"": 14}",4.117527479086915,4.11749580319834,17.23462176869589,1e-05,True,40,development_isotonic_frozen
s1-i0,development,1,structural,subset_beam_8,3,0.01,1dc841ae0f330315,"[[0, 1, 2, 3], [4, 6, 9, 11], [5, 7, 8, 10]]",0.03037937463266638,-0.5247368464300682,1.0365758220354897,-1.995990806488083e-15,,14.0,4.117527479086915,4.117527479086915,0.029420220120888203,0.0,1.6049417963208725,"{""2"": 11, ""3"": 4, ""4"": 1, ""1"": 14}",4.117527479086915,4.11749580319834,17.23462176869589,1e-05,True,40,development_isotonic_frozen
s1-i0,development,1,structural,subset_beam_32,3,0.01,1dc841ae0f330315,"[[0, 1, 2, 3], [4, 6, 9, 11], [5, 7, 8, 10]]",0.03037937463266638,-0.5247368464300682,1.0365758220354897,-1.995990806488083e-15,,14.0,4.117527479086915,4.117527479086915,0.029420220120888203,0.0,1.6049417963208725,"{""2"": 11, ""3"": 4, ""4"": 1, ""1"": 14}",4.117527479086915,4.11749580319834,17.23462176869589,1e-05,True,40,development_isotonic_frozen
s1-i0,development,1,structural,saps_diagonal,3,0.01,35e0a0b98a5cab04,"[[0, 3, 5, 7], [1, 4, 8, 10], [2, 6, 9, 11]]",0.03037937463266638,-0.578907620897826,1.0064864217233296,-1.3927753101758325e-15,,27.0,7.2833219218541085,7.2833219218541085,0.03043471046988435,0.0,0.3670377324835643,"{""1"": 27, ""2"": 3}",7.2833219218541085,7.283283714896902,15.567758616187698,1e-05,True,40,development_isotonic_frozen
s1-i0,development,1,structural,p_saps_residualized,3,0.01,10a93ea07d0c5c4b,"[[1, 2, 3, 7], [4, 5, 9, 10], [0, 6, 8, 11]]",0.03037937463266638,-0.607096576749793,0.9563826299428823,-2.4629331383280087e-15,,19.0,7.955973502627936,7.955973502627936,0.03043471046988435,0.0,-0.050333837876170406,"{""1"": 19, ""2"": 10, ""3"": 1}",7.955973502627936,7.955921380190258,15.180408774900263,1e-05,True,80,development_isotonic_frozen
s1-i0,development,1,structural,p_saps_projection,3,0.01,550360f210f76ef1,"[[0, 1, 5, 11], [2, 3, 4, 10], [6, 7, 8, 9]]",0.03037937463266638,-0.5204138757308159,1.0696300425815857,-2.176870812414433e-15,,9.0,8.46473043434123,8.46473043434123,0.029420220120888203,0.0,-0.6180174961896872,"{""2"": 13, ""1"": 9, ""3"": 7, ""4"": 1}",8.46473043434123,8.464699064630427,24.41748375365917,1e-05,True,640,development_isotonic_frozen
s1-i0,development,1,structural,b_saps_budgeted,3,0.01,91a88a4bc8688751,"[[3, 5, 7, 8], [0, 4, 10, 11], [1, 2, 6, 9]]",0.03037937463266638,-0.5909352592171883,1.0108522713579542,-1.5512114430285727e-15,,22.0,7.833019568458997,7.833019568458997,0.03043471046988435,0.0,0.3167038946073939,"{""1"": 22, ""2"": 8}",7.833019568458997,7.832968941644137,16.42098342022048,1e-05,True,40,development_isotonic_frozen
s1-i0,development,1,structural,random_balanced,3,0.05,91a88a4bc8688751,"[[3, 5, 7, 8], [0, 4, 10, 11], [1, 2, 6, 9]]",0.13678994018902174,-0.5909352592171883,1.0108522713579542,-1.5512114430285727e-15,,22.0,7.833019568458997,7.833019568458997,0.13689855036479925,0.08128658229383195,0.0,"{""1"": 22, ""2"": 8}",7.833019568458997,7.832968941644137,16.42098342022048,1e-05,True,40,development_isotonic_frozen
s1-i0,development,1,structural,confidence,3,0.05,c1ccf86f5fee1852,"[[0, 4, 9, 11], [3, 6, 7, 10], [1, 2, 5, 8]]",0.13678994018902174,-0.43486332423648677,1.1835031802856284,-1.6635883996470518e-15,,22.0,4.590080205481976,4.590080205481976,0.13689855036479925,0.0875153893103665,0.6141952703293856,"{""1"": 22, ""2"": 8}",4.590080205481976,4.59001532377059,18.11927781637237,1e-05,True,40,development_isotonic_frozen
s1-i0,development,1,structural,entropy,3,0.05,6393aeaaebd53e42,"[[0, 7, 9, 11], [3, 4, 6, 10], [1, 2, 5, 8]]",0.13678994018902174,-0.4435640604158801,1.1838535079236336,-1.8000098991155034e-15,,22.0,5.577742597391529,5.577742597391529,0.13689855036479925,-0.05208413862794151,0.0,"{""1"": 22, ""2"": 8}",5.577742597391529,5.57764360223544,18.198011041962033,1e-05,True,40,development_isotonic_frozen
s1-i0,development,1,structural,dependency_cmi,3,0.05,d8534ddbfda17276,"[[1, 2, 3, 5], [0, 4, 7, 11], [6, 8, 9, 10]]",0.13678994018902174,-0.5905708399607676,0.9865543836701871,-1.1286139576987213e-15,,17.0,4.181235330006329,4.181235330006329,0.13689855036479925,-0.12573380406790466,0.0,"{""1"": 17, ""2"": 8, ""3"": 5}",4.181235330006329,4.181206773352004,17.377679825953372,1e-05,True,40,development_isotonic_frozen
s1-i0,development,1,structural,min_within_batch_tc,3,0.05,1f39d1649baf145b,"[[1, 9, 10, 11], [2, 3, 4, 6], [0, 5, 7, 8]]",0.13678994018902174,-0.49995052623243125,1.0702103237278038,-1.3182948375977317e-15,,14.0,6.7956466641573385,6.7956466641573385,0.13689855036479925,0.0,0.0,"{""1"": 14, ""2"": 12, ""3"": 4}",6.7956466641573385,6.795619830016821,16.12498577999586,1e-05,True,40,development_isotonic_frozen
s1-i0,development,1,structural,dprm_myopic,3,0.05,1e46d7d3c3240807,"[[1, 7, 9, 11], [2, 4, 5, 6], [0, 3, 8, 10]]",0.13678994018902174,-0.5221423399568107,1.0766231900533418,-1.4611929374433174e-15,,21.0,6.450699745498777,6.450699745498777,0.13689855036479925,0.05697561164215456,0.0,"{""1"": 21, ""2"": 7, ""3"": 2}",6.450699745498777,6.4505942117659885,18.366093527045738,1e-05,True,40,development_isotonic_frozen
s1-i0,development,1,structural,dprm_rollout,3,0.05,ff89eff11de1b1d5,"[[2, 7, 9, 11], [0, 1, 5, 6], [3, 4, 8, 10]]",0.13678994018902174,-0.5250789485569796,1.086343357718883,-1.7639221843373668e-15,,17.0,5.897175455817747,5.897175455817747,0.13689855036479925,0.2759538971863348,0.0,"{""2"": 13, ""1"": 17}",5.897175455817747,5.89715246399286,18.923352324599048,1e-05,True,40,development_isotonic_frozen
s1-i0,development,1,structural,subset_exact,3,0.05,0778a1c47cf44178,"[[0, 2, 6, 10], [3, 4, 9, 11], [1, 5, 7, 8]]",0.13678994018902174,-0.5101868010181994,1.0664657963083062,-2.0328048906141607e-15,,19.0,6.288926420323184,6.288926420323184,0.13689855036479925,-0.16756797103076554,-1.2899383625618386,"{""1"": 19, ""2"": 10, ""3"": 1}",6.288926420323184,6.2889035716893185,15.88012779360727,1e-05,True,40,development_isotonic_frozen
s1-i0,development,1,structural,subset_beam_8,3,0.05,1dbb89f9672fd894,"[[0, 1, 6, 8], [3, 4, 9, 11], [2, 5, 7, 10]]",0.13678994018902174,-0.5282613855317609,1.0221581926784467,-2.1447909374015132e-15,,23.0,4.554791738406077,4.554791738406077,0.13689855036479925,-0.6099641254323199,0.0,"{""2"": 7, ""1"": 23}",4.554791738406077,4.554726735339175,15.46221049919294,1e-05,True,40,development_isotonic_frozen
s1-i0,development,1,structural,subset_beam_32,3,0.05,0778a1c47cf44178,"[[0, 2, 6, 10], [3, 4, 9, 11], [1, 5, 7, 8]]",0.13678994018902174,-0.5101868010181994,1.0664657963083062,-2.0328048906141607e-15,,19.0,6.288926420323184,6.288926420323184,0.13689855036479925,-0.16756797103076554,-1.2899383625618386,"{""1"": 19, ""2"": 10, ""3"": 1}",6.288926420323184,6.2889035716893185,15.88012779360727,1e-05,True,40,development_isotonic_frozen
s1-i0,development,1,structural,saps_diagonal,3,0.05,35e0a0b98a5cab04,"[[0, 3, 5, 7], [1, 4, 8, 10], [2, 6, 9, 11]]",0.13678994018902174,-0.578907620897826,1.0064864217233296,-1.3927753101758325e-15,,27.0,7.2833219218541085,7.2833219218541085,0.13689855036479925,0.23132649205179112,0.0,"{""1"": 27, ""2"": 3}",7.2833219218541085,7.283283714896902,15.567758616187698,1e-05,True,40,development_isotonic_frozen
s1-i0,development,1,structural,p_saps_residualized,3,0.05,10a93ea07d0c5c4b,"[[1, 2, 3, 7], [4, 5, 9, 10], [0, 6, 8, 11]]",0.13678994018902174,-0.607096576749793,0.9563826299428823,-2.4629331383280087e-15,,19.0,7.955973502627936,7.955973502627936,0.13689855036479925,0.0,-1.2899383625618386,"{""1"": 19, ""2"": 10, ""3"": 1}",7.955973502627936,7.955921380190258,15.180408774900263,1e-05,True,80,development_isotonic_frozen
s1-i0,development,1,structural,p_saps_projection,3,0.05,550360f210f76ef1,"[[0, 1, 5, 11], [2, 3, 4, 10], [6, 7, 8, 9]]",0.13678994018902174,-0.5204138757308159,1.0696300425815857,-2.176870812414433e-15,,9.0,8.46473043434123,8.46473043434123,0.13490736380887813,0.0,0.0,"{""2"": 13, ""1"": 9, ""3"": 7, ""4"": 1}",8.46473043434123,8.464699064630427,24.41748375365917,1e-05,True,640,development_isotonic_frozen
s1-i0,development,1,structural,b_saps_budgeted,3,0.05,91a88a4bc8688751,"[[3, 5, 7, 8], [0, 4, 10, 11], [1, 2, 6, 9]]",0.13678994018902174,-0.5909352592171883,1.0108522713579542,-1.5512114430285727e-15,,22.0,7.833019568458997,7.833019568458997,0.13689855036479925,0.08128658229383195,0.0,"{""1"": 22, ""2"": 8}",7.833019568458997,7.832968941644137,16.42098342022048,1e-05,True,40,development_isotonic_frozen
s1-i0,development,1,structural,random_balanced,3,0.15,91a88a4bc8688751,"[[3, 5, 7, 8], [0, 4, 10, 11], [1, 2, 6, 9]]",2.230054086118797,-0.5909352592171883,1.0108522713579542,-1.5512114430285727e-15,,22.0,7.833019568458997,7.833019568458997,2.5237903822809566,0.4376454018497242,3.447392163857099,"{""1"": 22, ""2"": 8}",7.833019568458997,7.832968941644137,16.42098342022048,1e-05,True,40,development_isotonic_frozen
s1-i0,development,1,structural,confidence,3,0.15,c1ccf86f5fee1852,"[[0, 4, 9, 11], [3, 6, 7, 10], [1, 2, 5, 8]]",2.230054086118797,-0.43486332423648677,1.1835031802856284,-1.6635883996470518e-15,,22.0,4.590080205481976,4.590080205481976,2.5237903822809566,0.33137544328266744,0.0,"{""1"": 22, ""2"": 8}",4.590080205481976,4.59001532377059,18.11927781637237,1e-05,True,40,development_isotonic_frozen
s1-i0,development,1,structural,entropy,3,0.15,6393aeaaebd53e42,"[[0, 7, 9, 11], [3, 4, 6, 10], [1, 2, 5, 8]]",2.230054086118797,-0.4435640604158801,1.1838535079236336,-1.8000098991155034e-15,,22.0,5.577742597391529,5.577742597391529,2.5237903822809566,-0.3901407286302391,3.217978579103465,"{""1"": 22, ""2"": 8}",5.577742597391529,5.57764360223544,18.198011041962033,1e-05,True,40,development_isotonic_frozen
s1-i0,development,1,structural,dependency_cmi,3,0.15,d8534ddbfda17276,"[[1, 2, 3, 5], [0, 4, 7, 11], [6, 8, 9, 10]]",2.230054086118797,-0.5905708399607676,0.9865543836701871,-1.1286139576987213e-15,,17.0,4.181235330006329,4.181235330006329,2.007790992311617,-0.17351191686958828,2.4251707164784495,"{""1"": 17, ""2"": 8, ""3"": 5}",4.181235330006329,4.181206773352004,17.377679825953372,1e-05,True,40,development_isotonic_frozen
s1-i0,development,1,structural,min_within_batch_tc,3,0.15,1f39d1649baf145b,"[[1, 9, 10, 11], [2, 3, 4, 6], [0, 5, 7, 8]]",2.230054086118797,-0.49995052623243125,1.0702103237278038,-1.3182948375977317e-15,,14.0,6.7956466641573385,6.7956466641573385,1.8248878915379443,0.0,2.4251707164784495,"{""1"": 14, ""2"": 12, ""3"": 4}",6.7956466641573385,6.795619830016821,16.12498577999586,1e-05,True,40,development_isotonic_frozen
s1-i0,development,1,structural,dprm_myopic,3,0.15,1e46d7d3c3240807,"[[1, 7, 9, 11], [2, 4, 5, 6], [0, 3, 8, 10]]",2.230054086118797,-0.5221423399568107,1.0766231900533418,-1.4611929374433174e-15,,21.0,6.450699745498777,6.450699745498777,2.388916370985106,0.9948116919511816,2.3121598099404883,"{""1"": 21, ""2"": 7, ""3"": 2}",6.450699745498777,6.4505942117659885,18.366093527045738,1e-05,True,40,development_isotonic_frozen
s1-i0,development,1,structural,dprm_rollout,3,0.15,a73571711886b25f,"[[2, 7, 9, 11], [3, 4, 5, 6], [0, 1, 8, 10]]",2.230054086118797,-0.5370539406431699,1.0805869792628122,-1.6194854313822474e-15,,14.0,7.043002821857515,7.043002821857515,1.7932137582359615,-0.1379754146117699,3.217978579103465,"{""2"": 11, ""1"": 14, ""3"": 4, ""4"": 1}",7.043002821857515,7.04297648493052,18.316147355965217,1e-05,True,40,development_isotonic_frozen
s1-i0,development,1,structural,subset_exact,3,0.15,5cf7ad1b17675b5c,"[[1, 3, 4, 9], [0, 6, 7, 11], [2, 5, 8, 10]]",2.230054086118797,-0.49107279483563304,1.083957473060821,-2.2757248372724086e-15,,23.0,5.353568273350215,5.353568273350215,2.5953161269728415,0.47427815151882424,2.4251707164784495,"{""1"": 23, ""2"": 7}",5.353568273350215,5.353411214111803,17.736461582818276,1e-05,True,40,development_isotonic_frozen
s1-i0,development,1,structural,subset_beam_8,3,0.15,e546916ce9225375,"[[1, 2, 3, 8], [0, 4, 9, 11], [5, 6, 7, 10]]",2.230054086118797,-0.5880932988913032,0.9620142157752017,-2.0003036849092675e-15,,17.0,6.132331019836768,6.132331019836768,2.0394651256136,0.8318717476527588,2.094865140986626,"{""1"": 17, ""2"": 9, ""3"": 4}",6.132331019836768,6.13231018280068,20.200304657235094,1e-05,True,40,development_isotonic_frozen
s1-i0,development,1,structural,subset_beam_32,3,0.15,9a974f70ea2cdf02,"[[2, 3, 4, 7], [0, 6, 9, 11], [1, 5, 8, 10]]",2.230054086118797,-0.5345314880718773,1.0661232680724744,-2.069894321443228e-15,,23.0,4.983718460718119,4.983718460718119,2.563641993670859,0.040877360848460775,3.217978579103465,"{""1"": 23, ""2"": 6, ""3"": 1}",4.983718460718119,4.983673472333354,16.719105554849527,1e-05,True,40,development_isotonic_frozen
s1-i0,development,1,structural,saps_diagonal,3,0.15,35e0a0b98a5cab04,"[[0, 3, 5, 7], [1, 4, 8, 10], [2, 6, 9, 11]]",2.230054086118797,-0.578907620897826,1.0064864217233296,-1.3927753101758325e-15,,27.0,7.2833219218541085,7.2833219218541085,2.881419105740382,0.001263612281628801,4.16925655295475,"{""1"": 27, ""2"": 3}",7.2833219218541085,7.283283714896902,15.567758616187698,1e-05,True,40,development_isotonic_frozen
s1-i0,development,1,structural,p_saps_residualized,3,0.15,10a93ea07d0c5c4b,"[[1, 2, 3, 7], [4, 5, 9, 10], [0, 6, 8, 11]]",2.230054086118797,-0.607096576749793,0.9563826299428823,-2.4629331383280087e-15,,19.0,7.955973502627936,7.955973502627936,2.2775390149033186,-0.3388557637926627,3.7860525525676527,"{""1"": 19, ""2"": 10, ""3"": 1}",7.955973502627936,7.955921380190258,15.180408774900263,1e-05,True,80,development_isotonic_frozen
s1-i0,development,1,structural,p_saps_projection,3,0.15,550360f210f76ef1,"[[0, 1, 5, 11], [2, 3, 4, 10], [6, 7, 8, 9]]",2.230054086118797,-0.5204138757308159,1.0696300425815857,-2.176870812414433e-15,,9.0,8.46473043434123,8.46473043434123,1.3405626348705877,-0.26091661290406853,3.376448690329735,"{""2"": 13, ""1"": 9, ""3"": 7, ""4"": 1}",8.46473043434123,8.464699064630427,24.41748375365917,1e-05,True,640,development_isotonic_frozen
s1-i0,development,1,structural,b_saps_budgeted,3,0.15,35e0a0b98a5cab04,"[[0, 3, 5, 7], [1, 4, 8, 10], [2, 6, 9, 11]]",2.230054086118797,-0.578907620897826,1.0064864217233296,-1.3927753101758325e-15,,27.0,7.2833219218541085,7.2833219218541085,2.881419105740382,0.001263612281628801,4.16925655295475,"{""1"": 27, ""2"": 3}",7.2833219218541085,7.283283714896902,15.567758616187698,1e-05,True,40,development_isotonic_frozen
s1-i0,development,1,structural,random_balanced,4,0.01,d32d0f7594cb84e9,"[[3, 7, 8], [0, 5, 10], [1, 4, 11], [2, 6, 9]]",0.03043471046988435,-0.8785738838757622,1.5022528534234247,-8.981339741624515e-16,,28.0,6.437727859483751,6.437727859483751,0.03043471046988435,0.0,0.0,"{""1"": 28, ""2"": 2}",6.437727859483751,6.4376691062869575,14.36273791586658,1e-05,True,40,development_isotonic_frozen
s1-i0,development,1,structural,confidence,4,0.01,6b539e51c65443fa,"[[0, 9, 11], [4, 6, 10], [1, 3, 7], [2, 5, 8]]",0.03043471046988435,-0.6582940518894823,1.7487190827977621,-1.4727680416876303e-15,,28.0,5.965848624005094,5.965848624005094,0.03043471046988435,0.0,0.11872617353522763,"{""1"": 28, ""2"": 2}",5.965848624005094,5.965810912290323,17.637888662924,1e-05,True,40,development_isotonic_frozen
s1-i0,development,1,structural,entropy,4,0.01,88445a4c93d82899,"[[0, 9, 11], [4, 7, 10], [3, 5, 6], [1, 2, 8]]",0.03043471046988435,-0.6742602585901397,1.7635216440327124,-1.172352554504382e-15,,19.0,3.9456660359008353,3.9456660359008353,0.03043471046988435,0.0,-0.3942229024784538,"{""1"": 19, ""2"": 10, ""3"": 1}",3.9456660359008353,3.9456501243030955,16.976749654159686,1e-05,True,40,development_isotonic_frozen
s1-i0,development,1,structural,dependency_cmi,4,0.01,cf50859b68081b1e,"[[1, 2, 5], [0, 3, 4], [6, 7, 9], [8, 10, 11]]",0.03043471046988435,-0.8957615652550928,1.442122792583467,-3.4204599627155206e-16,,15.0,7.060875192305431,7.060875192305431,0.03043471046988435,0.0,0.06839233565905722,"{""1"": 15, ""2"": 14, ""3"": 1}",7.060875192305431,7.060829037185799,18.731465044115172,1e-05,True,40,development_isotonic_frozen
s1-i0,development,1,structural,min_within_batch_tc,4,0.01,7e1eef21c1623f68,"[[1, 2, 5], [9, 10, 11], [3, 7, 8], [0, 4, 6]]",0.03043471046988435,-0.8996627053781406,1.4577534105525123,-3.860383543399749e-16,,20.0,5.528222542086368,5.528222542086368,0.03043471046988435,0.0,0.3167038946073939,"{""1"": 20, ""2"": 9, ""3"": 1}",5.528222542086368,5.5281848262705235,15.543278281959308,1e-05,True,40,development_isotonic_frozen
s1-i0,development,1,structural,dprm_myopic,4,0.01,0e698183e2512792,"[[7, 9, 11], [1, 2, 6], [4, 5, 10], [0, 3, 8]]",0.03043471046988435,-0.7816646692282957,1.619814218386522,-1.1208650488616545e-15,,25.0,5.272772047889305,5.272772047889305,0.03043471046988435,-0.18271070720758212,0.3670377324835643,"{""1"": 25, ""2"": 5}",5.272772047889305,5.2727008204378025,17.1834643297747,1e-05,True,40,development_isotonic_frozen
s1-i0,development,1,structural,dprm_rollout,4,0.01,a270dee50af0cbf6,"[[3, 4, 11], [0, 1, 9], [2, 6, 8], [5, 7, 10]]",0.03043471046988435,-0.7342495877021165,1.6427589011302004,-1.4132982611521051e-15,,24.0,7.882746963160328,7.882746963160328,0.03043471046988435,-0.08353986904339436,0.0,"{""2"": 6, ""1"": 24}",7.882746963160328,7.882690547520093,15.99044811455214,1e-05,True,40,development_isotonic_frozen
s1-i0,development,1,structural,subset_exact,4,0.01,0313becbac3d8a04,"[[0, 1, 4], [6, 9, 11], [3, 7, 10], [2, 5, 8]]",0.03043471046988435,-0.6970420338518033,1.6718474933052025,-1.3309572750042554e-15,,27.0,3.742642297493108,3.742642297493108,0.03043471046988435,0.0,0.0,"{""2"": 3, ""1"": 27}",3.742642297493108,3.7426119611214905,17.78290077689703,1e-05,True,40,development_isotonic_frozen
s1-i0,development,1,structural,subset_beam_8,4,0.01,0313becbac3d8a04,"[[0, 1, 4], [6, 9, 11], [3, 7, 10], [2, 5, 8]]",0.03043471046988435,-0.6970420338518033,1.6718474933052025,-1.3309572750042554e-15,,27.0,3.742642297493108,3.742642297493108,0.03043471046988435,0.0,0.0,"{""2"": 3, ""1"": 27}",3.742642297493108,3.7426119611214905,17.78290077689703,1e-05,True,40,development_isotonic_frozen
s1-i0,development,1,structural,subset_beam_32,4,0.01,0313becbac3d8a04,"[[0, 1, 4], [6, 9, 11], [3, 7, 10], [2, 5, 8]]",0.03043471046988435,-0.6970420338518033,1.6718474933052025,-1.3309572750042554e-15,,27.0,3.742642297493108,3.742642297493108,0.03043471046988435,0.0,0.0,"{""2"": 3, ""1"": 27}",3.742642297493108,3.7426119611214905,17.78290077689703,1e-05,True,40,development_isotonic_frozen
s1-i0,development,1,structural,saps_diagonal,4,0.01,d5712c9dd8ab5498,"[[0, 3, 7], [5, 8, 10], [1, 4, 9], [2, 6, 11]]",0.03043471046988435,-0.8521987829705937,1.5258637400148471,-1.3882692618395508e-15,,30.0,9.105996651659652,9.105996651659652,0.03043471046988435,0.0,0.09557750565394629,"{""1"": 30}",9.105996651659652,9.105959884856384,16.025835473776674,1e-05,True,40,development_isotonic_frozen
s1-i0,development,1,structural,p_saps_residualized,4,0.01,e29b2c4f3f8ae72c,"[[1, 2, 7], [0, 4, 9], [5, 8, 11], [3, 6, 10]]",0.03043471046988435,-0.8464232202096867,1.5250348376357434,-1.7766394970848352e-15,,28.0,5.7688864863087375,5.7688864863087375,0.03043471046988435,0.0,-0.050333837876170406,"{""1"": 28, ""2"": 2}",5.7688864863087375,5.768834495396898,16.472320677895112,1e-05,True,80,development_isotonic_frozen
s1-i0,development,1,structural,p_saps_projection,4,0.01,cf50859b68081b1e,"[[1, 2, 5], [0, 3, 4], [6, 7, 9], [8, 10, 11]]",0.03043471046988435,-0.8957615652550928,1.442122792583467,-3.4204599627155206e-16,,15.0,7.060875192305431,7.060875192305431,0.03043471046988435,0.0,0.06839233565905722,"{""1"": 15, ""2"": 14, ""3"": 1}",7.060875192305431,7.060829037185799,18.731465044115172,1e-05,True,640,development_isotonic_frozen
s1-i0,development,1,structural,b_saps_budgeted,4,0.01,d32d0f7594cb84e9,"[[3, 7, 8], [0, 5, 10], [1, 4, 11], [2, 6, 9]]",0.03043471046988435,-0.8785738838757622,1.5022528534234247,-8.981339741624515e-16,,28.0,6.437727859483751,6.437727859483751,0.03043471046988435,0.0,0.0,"{""1"": 28, ""2"": 2}",6.437727859483751,6.4376691062869575,14.36273791586658,1e-05,True,40,development_isotonic_frozen
s1-i0,development,1,structural,random_balanced,4,0.05,d32d0f7594cb84e9,"[[3, 7, 8], [0, 5, 10], [1, 4, 11], [2, 6, 9]]",0.13689855036479925,-0.8785738838757622,1.5022528534234247,-8.981339741624515e-16,,28.0,6.437727859483751,6.437727859483751,0.13689855036479925,0.0,0.0,"{""1"": 28, ""2"": 2}",6.437727859483751,6.4376691062869575,14.36273791586658,1e-05,True,40,development_isotonic_frozen
s1-i0,development,1,structural,confidence,4,0.05,6b539e51c65443fa,"[[0, 9, 11], [4, 6, 10], [1, 3, 7], [2, 5, 8]]",0.13689855036479925,-0.6582940518894823,1.7487190827977621,-1.4727680416876303e-15,,28.0,5.965848624005094,5.965848624005094,0.13689855036479925,0.2221758113276862,0.0,"{""1"": 28, ""2"": 2}",5.965848624005094,5.965810912290323,17.637888662924,1e-05,True,40,development_isotonic_frozen
s1-i0,development,1,structural,entropy,4,0.05,88445a4c93d82899,"[[0, 9, 11], [4, 7, 10], [3, 5, 6], [1, 2, 8]]",0.13689855036479925,-0.6742602585901397,1.7635216440327124,-1.172352554504382e-15,,19.0,3.9456660359008353,3.9456660359008353,0.13689855036479925,0.29992811769179084,-0.4991865650354095,"{""1"": 19, ""2"": 10, ""3"": 1}",3.9456660359008353,3.9456501243030955,16.976749654159686,1e-05,True,40,development_isotonic_frozen
s1-i0,development,1,structural,dependency_cmi,4,0.05,cf50859b68081b1e,"[[1, 2, 5], [0, 3, 4], [6, 7, 9], [8, 10, 11]]",0.13689855036479925,-0.8957615652550928,1.442122792583467,-3.4204599627155206e-16,,15.0,7.060875192305431,7.060875192305431,0.13689855036479925,0.05062185999224489,0.0,"{""1"": 15, ""2"": 14, ""3"": 1}",7.060875192305431,7.060829037185799,18.731465044115172,1e-05,True,40,development_isotonic_frozen
s1-i0,development,1,structural,min_within_batch_tc,4,0.05,7e1eef21c1623f68,"[[1, 2, 5], [9, 10, 11], [3, 7, 8], [0, 4, 6]]",0.13689855036479925,-0.8996627053781406,1.4577534105525123,-3.860383543399749e-16,,20.0,5.528222542086368,5.528222542086368,0.13689855036479925,0.02562382549059497,0.0,"{""1"": 20, ""2"": 9, ""3"": 1}",5.528222542086368,5.5281848262705235,15.543278281959308,1e-05,True,40,development_isotonic_frozen
s1-i0,development,1,structural,dprm_myopic,4,0.05,0e698183e2512792,"[[7, 9, 11], [1, 2, 6], [4, 5, 10], [0, 3, 8]]",0.13689855036479925,-0.7816646692282957,1.619814218386522,-1.1208650488616545e-15,,25.0,5.272772047889305,5.272772047889305,0.13689855036479925,0.25277966244755457,0.0,"{""1"": 25, ""2"": 5}",5.272772047889305,5.2727008204378025,17.1834643297747,1e-05,True,40,development_isotonic_frozen
s1-i0,development,1,structural,dprm_rollout,4,0.05,90d31661709f89c5,"[[2, 9, 11], [3, 4, 5], [0, 1, 7], [6, 8, 10]]",0.13689855036479925,-0.7931821906816535,1.6165093672770852,-9.887307625609179e-16,,16.0,8.627673554033512,8.627673554033512,0.13689855036479925,0.07132901271000838,0.0,"{""2"": 12, ""1"": 16, ""3"": 2}",8.627673554033512,8.627634820597855,17.99967757101509,1e-05,True,40,development_isotonic_frozen
s1-i0,development,1,structural,subset_exact,4,0.05,b00585264307c412,"[[0, 1, 2], [4, 9, 11], [3, 6, 10], [5, 7, 8]]",0.13689855036479925,-0.757472701700682,1.5979774756655252,-1.5909820617506698e-15,,19.0,7.349791778169735,7.349791778169735,0.13689855036479925,0.0849167411470563,0.0,"{""2"": 9, ""3"": 2, ""1"": 19}",7.349791778169735,7.34977015721511,18.466212657298733,1e-05,True,40,development_isotonic_frozen
s1-i0,development,1,structural,subset_beam_8,4,0.05,b00585264307c412,"[[0, 1, 2], [4, 9, 11], [3, 6, 10], [5, 7, 8]]",0.13689855036479925,-0.757472701700682,1.5979774756655252,-1.5909820617506698e-15,,19.0,7.349791778169735,7.349791778169735,0.13689855036479925,0.0849167411470563,0.0,"{""2"": 9, ""3"": 2, ""1"": 19}",7.349791778169735,7.34977015721511,18.466212657298733,1e-05,True,40,development_isotonic_frozen
s1-i0,development,1,structural,subset_beam_32,4,0.05,b00585264307c412,"[[0, 1, 2], [4, 9, 11], [3, 6, 10], [5, 7, 8]]",0.13689855036479925,-0.757472701700682,1.5979774756655252,-1.5909820617506698e-15,,19.0,7.349791778169735,7.349791778169735,0.13689855036479925,0.0849167411470563,0.0,"{""2"": 9, ""3"": 2, ""1"": 19}",7.349791778169735,7.34977015721511,18.466212657298733,1e-05,True,40,development_isotonic_frozen
s1-i0,development,1,structural,saps_diagonal,4,0.05,d5712c9dd8ab5498,"[[0, 3, 7], [5, 8, 10], [1, 4, 9], [2, 6, 11]]",0.13689855036479925,-0.8521987829705937,1.5258637400148471,-1.3882692618395508e-15,,30.0,9.105996651659652,9.105996651659652,0.13689855036479925,-0.10677724216557008,0.0,"{""1"": 30}",9.105996651659652,9.105959884856384,16.025835473776674,1e-05,True,40,development_isotonic_frozen
s1-i0,development,1,structural,p_saps_residualized,4,0.05,e29b2c4f3f8ae72c,"[[1, 2, 7], [0, 4, 9], [5, 8, 11], [3, 6, 10]]",0.13689855036479925,-0.8464232202096867,1.5250348376357434,-1.7766394970848352e-15,,28.0,5.7688864863087375,5.7688864863087375,0.13689855036479925,-0.24379075832136443,-1.7891249275972483,"{""1"": 28, ""2"": 2}",5.7688864863087375,5.768834495396898,16.472320677895112,1e-05,True,80,development_isotonic_frozen
s1-i0,development,1,structural,p_saps_projection,4,0.05,cf50859b68081b1e,"[[1, 2, 5], [0, 3, 4], [6, 7, 9], [8, 10, 11]]",0.13689855036479925,-0.8957615652550928,1.442122792583467,-3.4204599627155206e-16,,15.0,7.060875192305431,7.060875192305431,0.13689855036479925,0.05062185999224489,0.0,"{""1"": 15, ""2"": 14, ""3"": 1}",7.060875192305431,7.060829037185799,18.731465044115172,1e-05,True,640,development_isotonic_frozen
s1-i0,development,1,structural,b_saps_budgeted,4,0.05,d32d0f7594cb84e9,"[[3, 7, 8], [0, 5, 10], [1, 4, 11], [2, 6, 9]]",0.13689855036479925,-0.8785738838757622,1.5022528534234247,-8.981339741624515e-16,,28.0,6.437727859483751,6.437727859483751,0.13689855036479925,0.0,0.0,"{""1"": 28, ""2"": 2}",6.437727859483751,6.4376691062869575,14.36273791586658,1e-05,True,40,development_isotonic_frozen
s1-i0,development,1,structural,random_balanced,4,0.15,d32d0f7594cb84e9,"[[3, 7, 8], [0, 5, 10], [1, 4, 11], [2, 6, 9]]",2.5141677093901182,-0.8785738838757622,1.5022528534234247,-8.981339741624515e-16,,28.0,6.437727859483751,6.437727859483751,2.9529448504322673,-0.08229361871841301,1.1435871671353404,"{""1"": 28, ""2"": 2}",6.437727859483751,6.4376691062869575,14.36273791586658,1e-05,True,40,development_isotonic_frozen
s1-i0,development,1,structural,confidence,4,0.15,6b539e51c65443fa,"[[0, 9, 11], [4, 6, 10], [1, 3, 7], [2, 5, 8]]",2.5141677093901182,-0.6582940518894823,1.7487190827977621,-1.4727680416876303e-15,,28.0,5.965848624005094,5.965848624005094,2.9529448504322673,0.2064802409357685,0.9178684259964701,"{""1"": 28, ""2"": 2}",5.965848624005094,5.965810912290323,17.637888662924,1e-05,True,40,development_isotonic_frozen
s1-i0,development,1,structural,entropy,4,0.15,88445a4c93d82899,"[[0, 9, 11], [4, 7, 10], [3, 5, 6], [1, 2, 8]]",2.5141677093901182,-0.6742602585901397,1.7635216440327124,-1.172352554504382e-15,,19.0,3.9456660359008353,3.9456660359008353,2.2775390149033186,-0.6812989487552787,0.9178684259964701,"{""1"": 19, ""2"": 10, ""3"": 1}",3.9456660359008353,3.9456501243030955,16.976749654159686,1e-05,True,40,development_isotonic_frozen
s1-i0,development,1,structural,dependency_cmi,4,0.15,cf50859b68081b1e,"[[1, 2, 5], [0, 3, 4], [6, 7, 9], [8, 10, 11]]",2.5141677093901182,-0.8957615652550928,1.442122792583467,-3.4204599627155206e-16,,15.0,7.060875192305431,7.060875192305431,1.991436036135778,-0.8194079238918611,2.1820878334218423,"{""1"": 15, ""2"": 14, ""3"": 1}",7.060875192305431,7.060829037185799,18.731465044115172,1e-05,True,40,development_isotonic_frozen
s1-i0,development,1,structural,min_within_batch_tc,4,0.15,7e1eef21c1623f68,"[[1, 2, 5], [9, 10, 11], [3, 7, 8], [0, 4, 6]]",2.5141677093901182,-0.8996627053781406,1.4577534105525123,-3.860383543399749e-16,,20.0,5.528222542086368,5.528222542086368,2.3490647595952034,0.21447076053334024,3.376448690329735,"{""1"": 20, ""2"": 9, ""3"": 1}",5.528222542086368,5.5281848262705235,15.543278281959308,1e-05,True,40,development_isotonic_frozen
s1-i0,development,1,structural,dprm_myopic,4,0.15,0e698183e2512792,"[[7, 9, 11], [1, 2, 6], [4, 5, 10], [0, 3, 8]]",2.5141677093901182,-0.7816646692282957,1.619814218386522,-1.1208650488616545e-15,,25.0,5.272772047889305,5.272772047889305,2.7383676163566117,0.022671922302430064,4.16925655295475,"{""1"": 25, ""2"": 5}",5.272772047889305,5.2727008204378025,17.1834643297747,1e-05,True,40,development_isotonic_frozen
s1-i0,development,1,structural,dprm_rollout,4,0.15,4f1120edc0408278,"[[8, 9, 11], [2, 3, 4], [1, 5, 7], [0, 6, 10]]",2.5141677093901182,-0.84289551135408,1.5430582719988708,-1.1554330462288964e-15,,26.0,8.532320334210223,8.532320334210223,2.778219227746514,-0.49294042248346925,2.4961141900058137,"{""1"": 26, ""2"": 3, ""3"": 1}",8.532320334210223,8.53228435027162,12.629178376286301,1e-05,True,40,development_isotonic_frozen
s1-i0,development,1,structural,subset_exact,4,0.15,1a1f2eefa40a631c,"[[3, 4, 7], [0, 9, 11], [1, 6, 10], [2, 5, 8]]",2.5141677093901182,-0.7200556162282195,1.6898876508891105,-1.262629917989375e-15,,27.0,6.979066536719867,6.979066536719867,2.881419105740382,0.9607199730676759,2.023617722195573,"{""1"": 27, ""2"": 3}",6.979066536719867,6.978916080983987,17.91926646854524,1e-05,True,40,development_isotonic_frozen
s1-i0,development,1,structural,subset_beam_8,4,0.15,1a1f2eefa40a631c,"[[3, 4, 7], [0, 9, 11], [1, 6, 10], [2, 5, 8]]",2.5141677093901182,-0.7200556162282195,1.6898876508891105,-1.262629917989375e-15,,27.0,6.979066536719867,6.979066536719867,2.881419105740382,0.9607199730676759,2.023617722195573,"{""1"": 27, ""2"": 3}",6.979066536719867,6.978916080983987,17.91926646854524,1e-05,True,40,development_isotonic_frozen
s1-i0,development,1,structural,subset_beam_32,4,0.15,1a1f2eefa40a631c,"[[3, 4, 7], [0, 9, 11], [1, 6, 10], [2, 5, 8]]",2.5141677093901182,-0.7200556162282195,1.6898876508891105,-1.262629917989375e-15,,27.0,6.979066536719867,6.979066536719867,2.881419105740382,0.9607199730676759,2.023617722195573,"{""1"": 27, ""2"": 3}",6.979066536719867,6.978916080983987,17.91926646854524,1e-05,True,40,development_isotonic_frozen
s1-i0,development,1,structural,saps_diagonal,4,0.15,d5712c9dd8ab5498,"[[0, 3, 7], [5, 8, 10], [1, 4, 9], [2, 6, 11]]",2.5141677093901182,-0.8521987829705937,1.5258637400148471,-1.3882692618395508e-15,,30.0,9.105996651659652,9.105996651659652,3.0959963398160375,0.04503905856923712,2.4961141900058137,"{""1"": 30}",9.105996651659652,9.105959884856384,16.025835473776674,1e-05,True,40,development_isotonic_frozen
s1-i0,development,1,structural,p_saps_residualized,4,0.15,e29b2c4f3f8ae72c,"[[1, 2, 7], [0, 4, 9], [5, 8, 11], [3, 6, 10]]",2.5141677093901182,-0.8464232202096867,1.5250348376357434,-1.7766394970848352e-15,,28.0,5.7688864863087375,5.7688864863087375,2.9529448504322673,0.0,4.832908032072884,"{""1"": 28, ""2"": 2}",5.7688864863087375,5.768834495396898,16.472320677895112,1e-05,True,80,development_isotonic_frozen
s1-i0,development,1,structural,p_saps_projection,4,0.15,cf50859b68081b1e,"[[1, 2, 5], [0, 3, 4], [6, 7, 9], [8, 10, 11]]",2.5141677093901182,-0.8957615652550928,1.442122792583467,-3.4204599627155206e-16,,15.0,7.060875192305431,7.060875192305431,1.991436036135778,-0.8194079238918611,2.1820878334218423,"{""1"": 15, ""2"": 14, ""3"": 1}",7.060875192305431,7.060829037185799,18.731465044115172,1e-05,True,640,development_isotonic_frozen
s1-i0,development,1,structural,b_saps_budgeted,4,0.15,d5712c9dd8ab5498,"[[0, 3, 7], [5, 8, 10], [1, 4, 9], [2, 6, 11]]",2.5141677093901182,-0.8521987829705937,1.5258637400148471,-1.3882692618395508e-15,,30.0,9.105996651659652,9.105996651659652,3.0959963398160375,0.04503905856923712,2.4961141900058137,"{""1"": 30}",9.105996651659652,9.105959884856384,16.025835473776674,1e-05,True,40,development_isotonic_frozen
