example_id,data_split,seed,candidate_library,scheduler,num_rounds,epsilon_target,schedule_id,schedule,score_random,score_confidence,score_entropy,score_dependency,score_dprm_itemwise,score_diag_um,score_projection,score_residualized,score_budgeted,actual_response_power,actual_terminal_gain,frontier_width_histogram,gamma_pinv,gamma_ridge,gram_delta,ridge_multiplier,used_pinv,adaptation_terminal_labels,width_weight_source
s0-i7,development,0,oracle,random_balanced,1,0.01,54a0dc573c0908b1,"[[0, 1, 2, 3, 4, 5, 6, 7, 8, 9, 10, 11]]",0.00013435316801107026,-0.0,0.0,-0.8555090646760319,,0.003717614475704862,0.20159248858180293,0.20159248858180293,0.00013435316801107026,0.0,0.05029409843998485,"{""1"": 12, ""5"": 1}",0.20159248858180293,0.2015761933263827,4.126203932897635,1e-05,True,40,development_isotonic_frozen
s0-i7,development,0,oracle,confidence,1,0.01,54a0dc573c0908b1,"[[0, 1, 2, 3, 4, 5, 6, 7, 8, 9, 10, 11]]",0.00013435316801107026,-0.0,0.0,-0.8555090646760319,,0.003717614475704862,0.20159248858180293,0.20159248858180293,0.00013435316801107026,0.0,0.05029409843998485,"{""1"": 12, ""5"": 1}",0.20159248858180293,0.2015761933263827,4.126203932897635,1e-05,True,40,development_isotonic_frozen
s0-i7,development,0,oracle,entropy,1,0.01,54a0dc573c0908b1,"[[0, 1, 2, 3, 4, 5, 6, 7, 8, 9, 10, 11]]",0.00013435316801107026,-0.0,0.0,-0.8555090646760319,,0.003717614475704862,0.20159248858180293,0.20159248858180293,0.00013435316801107026,0.0,0.05029409843998485,"{""1"": 12, ""5"": 1}",0.20159248858180293,0.2015761933263827,4.126203932897635,1e-05,True,40,development_isotonic_frozen
s0-i7,development,0,oracle,dependency_cmi,1,0.01,54a0dc573c0908b1,"[[0, 1, 2, 3, 4, 5, 6, 7, 8, 9, 10, 11]]",0.00013435316801107026,-0.0,0.0,-0.8555090646760319,,0.003717614475704862,0.20159248858180293,0.20159248858180293,0.00013435316801107026,0.0,0.05029409843998485,"{""1"": 12, ""5"": 1}",0.20159248858180293,0.2015761933263827,4.126203932897635,1e-05,True,40,development_isotonic_frozen
s0-i7,development,0,oracle,min_within_batch_tc,1,0.01,54a0dc573c0908b1,"[[0, 1, 2, 3, 4, 5, 6, 7, 8, 9, 10, 11]]",0.00013435316801107026,-0.0,0.0,-0.8555090646760319,,0.003717614475704862,0.20159248858180293,0.20159248858180293,0.00013435316801107026,0.0,0.05029409843998485,"{""1"": 12, ""5"": 1}",0.20159248858180293,0.2015761933263827,4.126203932897635,1e-05,True,40,development_isotonic_frozen
s0-i7,development,0,oracle,dprm_myopic,1,0.01,54a0dc573c0908b1,"[[0, 1, 2, 3, 4, 5, 6, 7, 8, 9, 10, 11]]",0.00013435316801107026,-0.0,0.0,-0.8555090646760319,,0.003717614475704862,0.20159248858180293,0.20159248858180293,0.00013435316801107026,0.0,0.05029409843998485,"{""1"": 12, ""5"": 1}",0.20159248858180293,0.2015761933263827,4.126203932897635,1e-05,True,40,development_isotonic_frozen
s0-i7,development,0,oracle,dprm_rollout,1,0.01,54a0dc573c0908b1,"[[0, 1, 2, 3, 4, 5, 6, 7, 8, 9, 10, 11]]",0.00013435316801107026,-0.0,0.0,-0.8555090646760319,,0.003717614475704862,0.20159248858180293,0.20159248858180293,0.00013435316801107026,0.0,0.05029409843998485,"{""1"": 12, ""5"": 1}",0.20159248858180293,0.2015761933263827,4.126203932897635,1e-05,True,40,development_isotonic_frozen
s0-i7,development,0,oracle,subset_exact,1,0.01,54a0dc573c0908b1,"[[0, 1, 2, 3, 4, 5, 6, 7, 8, 9, 10, 11]]",0.00013435316801107026,-0.0,0.0,-0.8555090646760319,,0.003717614475704862,0.20159248858180293,0.20159248858180293,0.00013435316801107026,0.0,0.05029409843998485,"{""1"": 12, ""5"": 1}",0.20159248858180293,0.2015761933263827,4.126203932897635,1e-05,True,40,development_isotonic_frozen
s0-i7,development,0,oracle,subset_beam_8,1,0.01,54a0dc573c0908b1,"[[0, 1, 2, 3, 4, 5, 6, 7, 8, 9, 10, 11]]",0.00013435316801107026,-0.0,0.0,-0.8555090646760319,,0.003717614475704862,0.20159248858180293,0.20159248858180293,0.00013435316801107026,0.0,0.05029409843998485,"{""1"": 12, ""5"": 1}",0.20159248858180293,0.2015761933263827,4.126203932897635,1e-05,True,40,development_isotonic_frozen
s0-i7,development,0,oracle,subset_beam_32,1,0.01,54a0dc573c0908b1,"[[0, 1, 2, 3, 4, 5, 6, 7, 8, 9, 10, 11]]",0.00013435316801107026,-0.0,0.0,-0.8555090646760319,,0.003717614475704862,0.20159248858180293,0.20159248858180293,0.00013435316801107026,0.0,0.05029409843998485,"{""1"": 12, ""5"": 1}",0.20159248858180293,0.2015761933263827,4.126203932897635,1e-05,True,40,development_isotonic_frozen
s0-i7,development,0,oracle,saps_diagonal,1,0.01,54a0dc573c0908b1,"[[0, 1, 2, 3, 4, 5, 6, 7, 8, 9, 10, 11]]",0.00013435316801107026,-0.0,0.0,-0.8555090646760319,,0.003717614475704862,0.20159248858180293,0.20159248858180293,0.00013435316801107026,0.0,0.05029409843998485,"{""1"": 12, ""5"": 1}",0.20159248858180293,0.2015761933263827,4.126203932897635,1e-05,True,40,development_isotonic_frozen
s0-i7,development,0,oracle,p_saps_residualized,1,0.01,54a0dc573c0908b1,"[[0, 1, 2, 3, 4, 5, 6, 7, 8, 9, 10, 11]]",0.00013435316801107026,-0.0,0.0,-0.8555090646760319,,0.003717614475704862,0.20159248858180293,0.20159248858180293,0.00013435316801107026,0.0,0.05029409843998485,"{""1"": 12, ""5"": 1}",0.20159248858180293,0.2015761933263827,4.126203932897635,1e-05,True,40,development_isotonic_frozen
s0-i7,development,0,oracle,p_saps_projection,1,0.01,54a0dc573c0908b1,"[[0, 1, 2, 3, 4, 5, 6, 7, 8, 9, 10, 11]]",0.00013435316801107026,-0.0,0.0,-0.8555090646760319,,0.003717614475704862,0.20159248858180293,0.20159248858180293,0.00013435316801107026,0.0,0.05029409843998485,"{""1"": 12, ""5"": 1}",0.20159248858180293,0.2015761933263827,4.126203932897635,1e-05,True,40,development_isotonic_frozen
s0-i7,development,0,oracle,b_saps_budgeted,1,0.01,54a0dc573c0908b1,"[[0, 1, 2, 3, 4, 5, 6, 7, 8, 9, 10, 11]]",0.00013435316801107026,-0.0,0.0,-0.8555090646760319,,0.003717614475704862,0.20159248858180293,0.20159248858180293,0.00013435316801107026,0.0,0.05029409843998485,"{""1"": 12, ""5"": 1}",0.20159248858180293,0.2015761933263827,4.126203932897635,1e-05,True,40,development_isotonic_frozen
s0-i7,development,0,oracle,random_balanced,1,0.05,54a0dc573c0908b1,"[[0, 1, 2, 3, 4, 5, 6, 7, 8, 9, 10, 11]]",0.00040157272306705046,-0.0,0.0,-0.8555090646760319,,0.003717614475704862,0.20159248858180293,0.20159248858180293,0.00040157272306705046,0.0007354281657049653,0.0168673466624373,"{""1"": 12, ""5"": 1}",0.20159248858180293,0.2015761933263827,4.126203932897635,1e-05,True,40,development_isotonic_frozen
s0-i7,development,0,oracle,confidence,1,0.05,54a0dc573c0908b1,"[[0, 1, 2, 3, 4, 5, 6, 7, 8, 9, 10, 11]]",0.00040157272306705046,-0.0,0.0,-0.8555090646760319,,0.003717614475704862,0.20159248858180293,0.20159248858180293,0.00040157272306705046,0.0007354281657049653,0.0168673466624373,"{""1"": 12, ""5"": 1}",0.20159248858180293,0.2015761933263827,4.126203932897635,1e-05,True,40,development_isotonic_frozen
s0-i7,development,0,oracle,entropy,1,0.05,54a0dc573c0908b1,"[[0, 1, 2, 3, 4, 5, 6, 7, 8, 9, 10, 11]]",0.00040157272306705046,-0.0,0.0,-0.8555090646760319,,0.003717614475704862,0.20159248858180293,0.20159248858180293,0.00040157272306705046,0.0007354281657049653,0.0168673466624373,"{""1"": 12, ""5"": 1}",0.20159248858180293,0.2015761933263827,4.126203932897635,1e-05,True,40,development_isotonic_frozen
s0-i7,development,0,oracle,dependency_cmi,1,0.05,54a0dc573c0908b1,"[[0, 1, 2, 3, 4, 5, 6, 7, 8, 9, 10, 11]]",0.00040157272306705046,-0.0,0.0,-0.8555090646760319,,0.003717614475704862,0.20159248858180293,0.20159248858180293,0.00040157272306705046,0.0007354281657049653,0.0168673466624373,"{""1"": 12, ""5"": 1}",0.20159248858180293,0.2015761933263827,4.126203932897635,1e-05,True,40,development_isotonic_frozen
s0-i7,development,0,oracle,min_within_batch_tc,1,0.05,54a0dc573c0908b1,"[[0, 1, 2, 3, 4, 5, 6, 7, 8, 9, 10, 11]]",0.00040157272306705046,-0.0,0.0,-0.8555090646760319,,0.003717614475704862,0.20159248858180293,0.20159248858180293,0.00040157272306705046,0.0007354281657049653,0.0168673466624373,"{""1"": 12, ""5"": 1}",0.20159248858180293,0.2015761933263827,4.126203932897635,1e-05,True,40,development_isotonic_frozen
s0-i7,development,0,oracle,dprm_myopic,1,0.05,54a0dc573c0908b1,"[[0, 1, 2, 3, 4, 5, 6, 7, 8, 9, 10, 11]]",0.00040157272306705046,-0.0,0.0,-0.8555090646760319,,0.003717614475704862,0.20159248858180293,0.20159248858180293,0.00040157272306705046,0.0007354281657049653,0.0168673466624373,"{""1"": 12, ""5"": 1}",0.20159248858180293,0.2015761933263827,4.126203932897635,1e-05,True,40,development_isotonic_frozen
s0-i7,development,0,oracle,dprm_rollout,1,0.05,54a0dc573c0908b1,"[[0, 1, 2, 3, 4, 5, 6, 7, 8, 9, 10, 11]]",0.00040157272306705046,-0.0,0.0,-0.8555090646760319,,0.003717614475704862,0.20159248858180293,0.20159248858180293,0.00040157272306705046,0.0007354281657049653,0.0168673466624373,"{""1"": 12, ""5"": 1}",0.20159248858180293,0.2015761933263827,4.126203932897635,1e-05,True,40,development_isotonic_frozen
s0-i7,development,0,oracle,subset_exact,1,0.05,54a0dc573c0908b1,"[[0, 1, 2, 3, 4, 5, 6, 7, 8, 9, 10, 11]]",0.00040157272306705046,-0.0,0.0,-0.8555090646760319,,0.003717614475704862,0.20159248858180293,0.20159248858180293,0.00040157272306705046,0.0007354281657049653,0.0168673466624373,"{""1"": 12, ""5"": 1}",0.20159248858180293,0.2015761933263827,4.126203932897635,1e-05,True,40,development_isotonic_frozen
s0-i7,development,0,oracle,subset_beam_8,1,0.05,54a0dc573c0908b1,"[[0, 1, 2, 3, 4, 5, 6, 7, 8, 9, 10, 11]]",0.00040157272306705046,-0.0,0.0,-0.8555090646760319,,0.003717614475704862,0.20159248858180293,0.20159248858180293,0.00040157272306705046,0.0007354281657049653,0.0168673466624373,"{""1"": 12, ""5"": 1}",0.20159248858180293,0.2015761933263827,4.126203932897635,1e-05,True,40,development_isotonic_frozen
s0-i7,development,0,oracle,subset_beam_32,1,0.05,54a0dc573c0908b1,"[[0, 1, 2, 3, 4, 5, 6, 7, 8, 9, 10, 11]]",0.00040157272306705046,-0.0,0.0,-0.8555090646760319,,0.003717614475704862,0.20159248858180293,0.20159248858180293,0.00040157272306705046,0.0007354281657049653,0.0168673466624373,"{""1"": 12, ""5"": 1}",0.20159248858180293,0.2015761933263827,4.126203932897635,1e-05,True,40,development_isotonic_frozen
s0-i7,development,0,oracle,saps_diagonal,1,0.05,54a0dc573c0908b1,"[[0, 1, 2, 3, 4, 5, 6, 7, 8, 9, 10, 11]]",0.00040157272306705046,-0.0,0.0,-0.8555090646760319,,0.003717614475704862,0.20159248858180293,0.20159248858180293,0.00040157272306705046,0.0007354281657049653,0.0168673466624373,"{""1"": 12, ""5"": 1}",0.20159248858180293,0.2015761933263827,4.126203932897635,1e-05,True,40,development_isotonic_frozen
s0-i7,development,0,oracle,p_saps_residualized,1,0.05,54a0dc573c0908b1,"[[0, 1, 2, 3, 4, 5, 6, 7, 8, 9, 10, 11]]",0.00040157272306705046,-0.0,0.0,-0.8555090646760319,,0.003717614475704862,0.20159248858180293,0.20159248858180293,0.00040157272306705046,0.0007354281657049653,0.0168673466624373,"{""1"": 12, ""5"": 1}",0.20159248858180293,0.2015761933263827,4.126203932897635,1e-05,True,40,development_isotonic_frozen
s0-i7,development,0,oracle,p_saps_projection,1,0.05,54a0dc573c0908b1,"[[0, 1, 2, 3, 4, 5, 6, 7, 8, 9, 10, 11]]",0.00040157272306705046,-0.0,0.0,-0.8555090646760319,,0.003717614475704862,0.20159248858180293,0.20159248858180293,0.00040157272306705046,0.0007354281657049653,0.0168673466624373,"{""1"": 12, ""5"": 1}",0.20159248858180293,0.2015761933263827,4.126203932897635,1e-05,True,40,development_isotonic_frozen
s0-i7,development,0,oracle,b_saps_budgeted,1,0.05,54a0dc573c0908b1,"[[0, 1, 2, 3, 4, 5, 6, 7, 8, 9, 10, 11]]",0.00040157272306705046,-0.0,0.0,-0.8555090646760319,,0.003717614475704862,0.20159248858180293,0.20159248858180293,0.00040157272306705046,0.0007354281657049653,0.0168673466624373,"{""1"": 12, ""5"": 1}",0.20159248858180293,0.2015761933263827,4.126203932897635,1e-05,True,40,development_isotonic_frozen
s0-i7,development,0,oracle,random_balanced,1,0.15,54a0dc573c0908b1,"[[0, 1, 2, 3, 4, 5, 6, 7, 8, 9, 10, 11]]",0.0055546996364387955,-0.0,0.0,-0.8555090646760319,,0.003717614475704862,0.20159248858180293,0.20159248858180293,0.0055546996364387955,3.009577042482342e-05,0.018453199807201174,"{""1"": 12, ""5"": 1}",0.20159248858180293,0.2015761933263827,4.126203932897635,1e-05,True,40,development_isotonic_frozen
s0-i7,development,0,oracle,confidence,1,0.15,54a0dc573c0908b1,"[[0, 1, 2, 3, 4, 5, 6, 7, 8, 9, 10, 11]]",0.0055546996364387955,-0.0,0.0,-0.8555090646760319,,0.003717614475704862,0.20159248858180293,0.20159248858180293,0.0055546996364387955,3.009577042482342e-05,0.018453199807201174,"{""1"": 12, ""5"": 1}",0.20159248858180293,0.2015761933263827,4.126203932897635,1e-05,True,40,development_isotonic_frozen
s0-i7,development,0,oracle,entropy,1,0.15,54a0dc573c0908b1,"[[0, 1, 2, 3, 4, 5, 6, 7, 8, 9, 10, 11]]",0.0055546996364387955,-0.0,0.0,-0.8555090646760319,,0.003717614475704862,0.20159248858180293,0.20159248858180293,0.0055546996364387955,3.009577042482342e-05,0.018453199807201174,"{""1"": 12, ""5"": 1}",0.20159248858180293,0.2015761933263827,4.126203932897635,1e-05,True,40,development_isotonic_frozen
s0-i7,development,0,oracle,dependency_cmi,1,0.15,54a0dc573c0908b1,"[[0, 1, 2, 3, 4, 5, 6, 7, 8, 9, 10, 11]]",0.0055546996364387955,-0.0,0.0,-0.8555090646760319,,0.003717614475704862,0.20159248858180293,0.20159248858180293,0.0055546996364387955,3.009577042482342e-05,0.018453199807201174,"{""1"": 12, ""5"": 1}",0.20159248858180293,0.2015761933263827,4.126203932897635,1e-05,True,40,development_isotonic_frozen
s0-i7,development,0,oracle,min_within_batch_tc,1,0.15,54a0dc573c0908b1,"[[0, 1, 2, 3, 4, 5, 6, 7, 8, 9, 10, 11]]",0.0055546996364387955,-0.0,0.0,-0.8555090646760319,,0.003717614475704862,0.20159248858180293,0.20159248858180293,0.0055546996364387955,3.009577042482342e-05,0.018453199807201174,"{""1"": 12, ""5"": 1}",0.20159248858180293,0.2015761933263827,4.126203932897635,1e-05,True,40,development_isotonic_frozen
s0-i7,development,0,oracle,dprm_myopic,1,0.15,54a0dc573c0908b1,"[[0, 1, 2, 3, 4, 5, 6, 7, 8, 9, 10, 11]]",0.0055546996364387955,-0.0,0.0,-0.8555090646760319,,0.003717614475704862,0.20159248858180293,0.20159248858180293,0.0055546996364387955,3.009577042482342e-05,0.018453199807201174,"{""1"": 12, ""5"": 1}",0.20159248858180293,0.2015761933263827,4.126203932897635,1e-05,True,40,development_isotonic_frozen
s0-i7,development,0,oracle,dprm_rollout,1,0.15,54a0dc573c0908b1,"[[0, 1, 2, 3, 4, 5, 6, 7, 8, 9, 10, 11]]",0.0055546996364387955,-0.0,0.0,-0.8555090646760319,,0.003717614475704862,0.20159248858180293,0.20159248858180293,0.0055546996364387955,3.009577042482342e-05,0.018453199807201174,"{""1"": 12, ""5"": 1}",0.20159248858180293,0.2015761933263827,4.126203932897635,1e-05,True,40,development_isotonic_frozen
s0-i7,development,0,oracle,subset_exact,1,0.15,54a0dc573c0908b1,"[[0, 1, 2, 3, 4, 5, 6, 7, 8, 9, 10, 11]]",0.0055546996364387955,-0.0,0.0,-0.8555090646760319,,0.003717614475704862,0.20159248858180293,0.20159248858180293,0.0055546996364387955,3.009577042482342e-05,0.018453199807201174,"{""1"": 12, ""5"": 1}",0.20159248858180293,0.2015761933263827,4.126203932897635,1e-05,True,40,development_isotonic_frozen
s0-i7,development,0,oracle,subset_beam_8,1,0.15,54a0dc573c0908b1,"[[0, 1, 2, 3, 4, 5, 6, 7, 8, 9, 10, 11]]",0.0055546996364387955,-0.0,0.0,-0.8555090646760319,,0.003717614475704862,0.20159248858180293,0.20159248858180293,0.0055546996364387955,3.009577042482342e-05,0.018453199807201174,"{""1"": 12, ""5"": 1}",0.20159248858180293,0.2015761933263827,4.126203932897635,1e-05,True,40,development_isotonic_frozen
s0-i7,development,0,oracle,subset_beam_32,1,0.15,54a0dc573c0908b1,"[[0, 1, 2, 3, 4, 5, 6, 7, 8, 9, 10, 11]]",0.0055546996364387955,-0.0,0.0,-0.8555090646760319,,0.003717614475704862,0.20159248858180293,0.20159248858180293,0.0055546996364387955,3.009577042482342e-05,0.018453199807201174,"{""1"": 12, ""5"": 1}",0.20159248858180293,0.2015761933263827,4.126203932897635,1e-05,True,40,development_isotonic_frozen
s0-i7,development,0,oracle,saps_diagonal,1,0.15,54a0dc573c0908b1,"[[0, 1, 2, 3, 4, 5, 6, 7, 8, 9, 10, 11]]",0.0055546996364387955,-0.0,0.0,-0.8555090646760319,,0.003717614475704862,0.20159248858180293,0.20159248858180293,0.0055546996364387955,3.009577042482342e-05,0.018453199807201174,"{""1"": 12, ""5"": 1}",0.20159248858180293,0.2015761933263827,4.126203932897635,1e-05,True,40,development_isotonic_frozen
s0-i7,development,0,oracle,p_saps_residualized,1,0.15,54a0dc573c0908b1,"[[0, 1, 2, 3, 4, 5, 6, 7, 8, 9, 10, 11]]",0.0055546996364387955,-0.0,0.0,-0.8555090646760319,,0.003717614475704862,0.20159248858180293,0.20159248858180293,0.0055546996364387955,3.009577042482342e-05,0.018453199807201174,"{""1"": 12, ""5"": 1}",0.20159248858180293,0.2015761933263827,4.126203932897635,1e-05,True,40,development_isotonic_frozen
s0-i7,development,0,oracle,p_saps_projection,1,0.15,54a0dc573c0908b1,"[[0, 1, 2, 3, 4, 5, 6, 7, 8, 9, 10, 11]]",0.0055546996364387955,-0.0,0.0,-0.8555090646760319,,0.003717614475704862,0.20159248858180293,0.20159248858180293,0.0055546996364387955,3.009577042482342e-05,0.018453199807201174,"{""1"": 12, ""5"": 1}",0.20159248858180293,0.2015761933263827,4.126203932897635,1e-05,True,40,development_isotonic_frozen
s0-i7,development,0,oracle,b_saps_budgeted,1,0.15,54a0dc573c0908b1,"[[0, 1, 2, 3, 4, 5, 6, 7, 8, 9, 10, 11]]",0.0055546996364387955,-0.0,0.0,-0.8555090646760319,,0.003717614475704862,0.20159248858180293,0.20159248858180293,0.0055546996364387955,3.009577042482342e-05,0.018453199807201174,"{""1"": 12, ""5"": 1}",0.20159248858180293,0.2015761933263827,4.126203932897635,1e-05,True,40,development_isotonic_frozen
s0-i7,development,0,oracle,random_balanced,2,0.01,bace674ee748d58b,"[[0, 2, 3, 4, 7, 11], [1, 5, 6, 8, 9, 10]]",0.017864218557031988,-0.2517032519334086,0.5742732183316958,-0.13750598838182737,,0.9999999999999998,0.1637990308984613,0.1637990308984613,0.03613961826571508,0.0011897365527249659,0.057241286210208284,"{""1"": 13}",0.1637990308984613,0.16372646493133253,3.238979007462876,1e-05,True,40,development_isotonic_frozen
s0-i7,development,0,oracle,confidence,2,0.01,79cadfc17eb117a8,"[[0, 1, 4, 6, 7, 11], [2, 3, 5, 8, 9, 10]]",0.017864218557031988,-0.2196373543309181,0.6140371304093581,-0.27190474220080507,,0.003717614475704862,0.2066741600933823,0.2066741600933823,0.00013435316801107026,0.0,0.010687450169326939,"{""1"": 12, ""3"": 1}",0.2066741600933823,0.2066175999915743,4.275258012216684,1e-05,True,40,development_isotonic_frozen
s0-i7,development,0,oracle,entropy,2,0.01,6e6c2fd43dd81444,"[[0, 1, 4, 7, 9, 11], [2, 3, 5, 6, 8, 10]]",0.017864218557031988,-0.2265668607529077,0.6150921401770009,-0.5579084217306646,,0.003717614475704862,0.20662384183525614,0.20662384183525614,0.00013435316801107026,0.0,0.030259167933266745,"{""1"": 12, ""3"": 1}",0.20662384183525614,0.2066120223729161,4.1305903929103245,1e-05,True,40,development_isotonic_frozen
s0-i7,development,0,oracle,dependency_cmi,2,0.01,59602afb3ff3c4f2,"[[0, 4, 6, 7, 8, 11], [1, 2, 3, 5, 9, 10]]",0.017864218557031988,-0.23929088831159886,0.5792962475817219,-0.19013935434758833,,0.003717614475704862,0.2184126726896885,0.2184126726896885,0.00013435316801107026,0.0,0.010687450169326936,"{""1"": 12, ""3"": 1}",0.2184126726896885,0.21828614043530137,4.02026853853489,1e-05,True,40,development_isotonic_frozen
s0-i7,development,0,oracle,min_within_batch_tc,2,0.01,28489cb79091907a,"[[0, 6, 7, 8, 10, 11], [1, 2, 3, 4, 5, 9]]",0.017864218557031988,-0.25434002936108385,0.5550852776399356,-0.38915945332649665,,0.003717614475704862,0.21456223985099832,0.21456223985099832,0.00013435316801107026,0.0,-0.009347480337391165,"{""1"": 12, ""3"": 1}",0.21456223985099832,0.21454202879525464,4.315808886797692,1e-05,True,40,development_isotonic_frozen
s0-i7,development,0,oracle,dprm_myopic,2,0.01,51a9fbba6b1c03da,"[[2, 3, 4, 5, 10, 11], [0, 1, 6, 7, 8, 9]]",0.017864218557031988,-0.2739869586108819,0.5474965893670068,-0.3042030936846993,,0.003717614475704862,0.19112290363641932,0.19112290363641932,0.00013435316801107026,0.0,0.02022282901361888,"{""1"": 12, ""5"": 1}",0.19112290363641932,0.1911040435746197,4.804551317114934,1e-05,True,40,development_isotonic_frozen
s0-i7,development,0,oracle,dprm_rollout,2,0.01,67bd5e15e0c88f5c,"[[2, 4, 6, 8, 10, 11], [0, 1, 3, 5, 7, 9]]",0.017864218557031988,-0.2626652360962694,0.5546823858104232,-0.335328364615812,,0.9999999999999998,0.14320949884968603,0.14320949884968603,0.03613961826571508,0.0,0.0,"{""1"": 13}",0.14320949884968603,0.13714170892073957,3.081607182332993,1e-05,True,40,development_isotonic_frozen
s0-i7,development,0,oracle,subset_exact,2,0.01,dde2d58b6754d99e,"[[0, 2, 4, 6, 7, 8], [1, 3, 5, 9, 10, 11]]",0.017864218557031988,-0.2621194908163533,0.5514850010083322,-0.30174016577693497,,0.003717614475704862,0.15737885931163398,0.15737885931163398,0.00013435316801107026,0.0,-0.009347480337391169,"{""1"": 12, ""3"": 1}",0.15737885931163398,0.1573487431633725,3.745110535789561,1e-05,True,40,development_isotonic_frozen
s0-i7,development,0,oracle,subset_beam_8,2,0.01,9d5d24fb6f0a417b,"[[0, 1, 2, 3, 4, 5], [6, 7, 8, 9, 10, 11]]",0.017864218557031988,-0.25536559483840443,0.5704757306220308,-0.32487441180295734,,0.003717614475704862,0.15516341271116144,0.15516341271116144,0.03613961826571508,0.0,0.03478438507914775,"{""1"": 12, ""2"": 1}",0.15516341271116144,0.1551125536580304,3.7835219745919284,1e-05,True,40,development_isotonic_frozen
s0-i7,development,0,oracle,subset_beam_32,2,0.01,9d5d24fb6f0a417b,"[[0, 1, 2, 3, 4, 5], [6, 7, 8, 9, 10, 11]]",0.017864218557031988,-0.25536559483840443,0.5704757306220308,-0.32487441180295734,,0.003717614475704862,0.15516341271116144,0.15516341271116144,0.03613961826571508,0.0,0.03478438507914775,"{""1"": 12, ""2"": 1}",0.15516341271116144,0.1551125536580304,3.7835219745919284,1e-05,True,40,development_isotonic_frozen
s0-i7,development,0,oracle,saps_diagonal,2,0.01,bace674ee748d58b,"[[0, 2, 3, 4, 7, 11], [1, 5, 6, 8, 9, 10]]",0.017864218557031988,-0.2517032519334086,0.5742732183316958,-0.13750598838182737,,0.9999999999999998,0.1637990308984613,0.1637990308984613,0.03613961826571508,0.0011897365527249659,0.057241286210208284,"{""1"": 13}",0.1637990308984613,0.16372646493133253,3.238979007462876,1e-05,True,40,development_isotonic_frozen
s0-i7,development,0,oracle,p_saps_residualized,2,0.01,d5a314c96eb0b293,"[[0, 1, 6, 7, 8, 10], [2, 3, 4, 5, 9, 11]]",0.017864218557031988,-0.2562138018755668,0.5554843359229021,-0.39375036071149466,,0.003717614475704862,0.1871786267406233,0.1871786267406233,0.00013435316801107026,0.0,-0.009347480337391165,"{""1"": 12, ""4"": 1}",0.1871786267406233,0.1871720155980689,4.681227308065424,1e-05,True,80,development_isotonic_frozen
s0-i7,development,0,oracle,p_saps_projection,2,0.01,59602afb3ff3c4f2,"[[0, 4, 6, 7, 8, 11], [1, 2, 3, 5, 9, 10]]",0.017864218557031988,-0.23929088831159886,0.5792962475817219,-0.19013935434758833,,0.003717614475704862,0.2184126726896885,0.2184126726896885,0.00013435316801107026,0.0,0.010687450169326936,"{""1"": 12, ""3"": 1}",0.2184126726896885,0.21828614043530137,4.02026853853489,1e-05,True,640,development_isotonic_frozen
s0-i7,development,0,oracle,b_saps_budgeted,2,0.01,bace674ee748d58b,"[[0, 2, 3, 4, 7, 11], [1, 5, 6, 8, 9, 10]]",0.017864218557031988,-0.2517032519334086,0.5742732183316958,-0.13750598838182737,,0.9999999999999998,0.1637990308984613,0.1637990308984613,0.03613961826571508,0.0011897365527249659,0.057241286210208284,"{""1"": 13}",0.1637990308984613,0.16372646493133253,3.238979007462876,1e-05,True,40,development_isotonic_frozen
s0-i7,development,0,oracle,random_balanced,2,0.05,bace674ee748d58b,"[[0, 2, 3, 4, 7, 11], [1, 5, 6, 8, 9, 10]]",0.04353189750527247,-0.2517032519334086,0.5742732183316958,-0.13750598838182737,,0.9999999999999998,0.1637990308984613,0.1637990308984613,0.10801892603210611,-0.12777707973138913,1.0081907308789835,"{""1"": 13}",0.1637990308984613,0.16372646493133253,3.238979007462876,1e-05,True,40,development_isotonic_frozen
s0-i7,development,0,oracle,confidence,2,0.05,79cadfc17eb117a8,"[[0, 1, 4, 6, 7, 11], [2, 3, 5, 8, 9, 10]]",0.04353189750527247,-0.2196373543309181,0.6140371304093581,-0.27190474220080507,,0.003717614475704862,0.2066741600933823,0.2066741600933823,0.00040157272306705046,0.12524671053684905,0.0066799891241314715,"{""1"": 12, ""3"": 1}",0.2066741600933823,0.2066175999915743,4.275258012216684,1e-05,True,40,development_isotonic_frozen
s0-i7,development,0,oracle,entropy,2,0.05,6e6c2fd43dd81444,"[[0, 1, 4, 7, 9, 11], [2, 3, 5, 6, 8, 10]]",0.04353189750527247,-0.2265668607529077,0.6150921401770009,-0.5579084217306646,,0.003717614475704862,0.20662384183525614,0.20662384183525614,0.00040157272306705046,-1.347560849423293e-05,0.019634409624136522,"{""1"": 12, ""3"": 1}",0.20662384183525614,0.2066120223729161,4.1305903929103245,1e-05,True,40,development_isotonic_frozen
s0-i7,development,0,oracle,dependency_cmi,2,0.05,59602afb3ff3c4f2,"[[0, 4, 6, 7, 8, 11], [1, 2, 3, 5, 9, 10]]",0.04353189750527247,-0.23929088831159886,0.5792962475817219,-0.19013935434758833,,0.003717614475704862,0.2184126726896885,0.2184126726896885,0.00040157272306705046,0.12328434954393985,0.009187801910354189,"{""1"": 12, ""3"": 1}",0.2184126726896885,0.21828614043530137,4.02026853853489,1e-05,True,40,development_isotonic_frozen
s0-i7,development,0,oracle,min_within_batch_tc,2,0.05,28489cb79091907a,"[[0, 6, 7, 8, 10, 11], [1, 2, 3, 4, 5, 9]]",0.04353189750527247,-0.25434002936108385,0.5550852776399356,-0.38915945332649665,,0.003717614475704862,0.21456223985099832,0.21456223985099832,0.00040157272306705046,-4.14015317041163e-05,0.008464752999185188,"{""1"": 12, ""3"": 1}",0.21456223985099832,0.21454202879525464,4.315808886797692,1e-05,True,40,development_isotonic_frozen
s0-i7,development,0,oracle,dprm_myopic,2,0.05,51a9fbba6b1c03da,"[[2, 3, 4, 5, 10, 11], [0, 1, 6, 7, 8, 9]]",0.04353189750527247,-0.2739869586108819,0.5474965893670068,-0.3042030936846993,,0.003717614475704862,0.19112290363641932,0.19112290363641932,0.00040157272306705046,0.003933138705604042,0.0006191014978842342,"{""1"": 12, ""5"": 1}",0.19112290363641932,0.1911040435746197,4.804551317114934,1e-05,True,40,development_isotonic_frozen
s0-i7,development,0,oracle,dprm_rollout,2,0.05,d00d162eb96bf535,"[[2, 3, 6, 8, 10, 11], [0, 1, 4, 5, 7, 9]]",0.04353189750527247,-0.2727161878986877,0.534439345723433,-0.44978314236724687,,0.9999999999999998,0.1582477860880785,0.1582477860880785,0.10801892603210611,0.0,1.0246174620199158,"{""1"": 13}",0.1582477860880785,0.1524722268534993,4.016360432554463,1e-05,True,40,development_isotonic_frozen
s0-i7,development,0,oracle,subset_exact,2,0.05,7a7c2dba0678889a,"[[1, 2, 4, 6, 9, 10], [0, 3, 5, 7, 8, 11]]",0.04353189750527247,-0.2679993405316862,0.5621297788109331,-0.5886421391023736,,0.003717614475704862,0.07754603679004095,0.07754603679004095,0.08198042415537765,0.0,0.019306969662065444,"{""1"": 12, ""2"": 1}",0.07754603679004095,0.07752719538744399,4.056561336209986,1e-05,True,40,development_isotonic_frozen
s0-i7,development,0,oracle,subset_beam_8,2,0.05,d228c713100bbe3d,"[[0, 1, 2, 4, 5, 10], [3, 6, 7, 8, 9, 11]]",0.04353189750527247,-0.2603637840854711,0.5665078007672348,-0.41849828233166303,,0.003717614475704862,0.1736866107411328,0.1736866107411328,0.08198042415537765,0.12360016556117014,0.014216374129003142,"{""1"": 12, ""2"": 1}",0.1736866107411328,0.1736786693105694,3.5962245453694504,1e-05,True,40,development_isotonic_frozen
s0-i7,development,0,oracle,subset_beam_32,2,0.05,7a7c2dba0678889a,"[[1, 2, 4, 6, 9, 10], [0, 3, 5, 7, 8, 11]]",0.04353189750527247,-0.2679993405316862,0.5621297788109331,-0.5886421391023736,,0.003717614475704862,0.07754603679004095,0.07754603679004095,0.08198042415537765,0.0,0.019306969662065444,"{""1"": 12, ""2"": 1}",0.07754603679004095,0.07752719538744399,4.056561336209986,1e-05,True,40,development_isotonic_frozen
s0-i7,development,0,oracle,saps_diagonal,2,0.05,bace674ee748d58b,"[[0, 2, 3, 4, 7, 11], [1, 5, 6, 8, 9, 10]]",0.04353189750527247,-0.2517032519334086,0.5742732183316958,-0.13750598838182737,,0.9999999999999998,0.1637990308984613,0.1637990308984613,0.10801892603210611,-0.12777707973138913,1.0081907308789835,"{""1"": 13}",0.1637990308984613,0.16372646493133253,3.238979007462876,1e-05,True,40,development_isotonic_frozen
s0-i7,development,0,oracle,p_saps_residualized,2,0.05,d5a314c96eb0b293,"[[0, 1, 6, 7, 8, 10], [2, 3, 4, 5, 9, 11]]",0.04353189750527247,-0.2562138018755668,0.5554843359229021,-0.39375036071149466,,0.003717614475704862,0.1871786267406233,0.1871786267406233,0.00040157272306705046,-0.0016236369680625654,1.004909997193803,"{""1"": 12, ""4"": 1}",0.1871786267406233,0.1871720155980689,4.681227308065424,1e-05,True,80,development_isotonic_frozen
s0-i7,development,0,oracle,p_saps_projection,2,0.05,59602afb3ff3c4f2,"[[0, 4, 6, 7, 8, 11], [1, 2, 3, 5, 9, 10]]",0.04353189750527247,-0.23929088831159886,0.5792962475817219,-0.19013935434758833,,0.003717614475704862,0.2184126726896885,0.2184126726896885,0.00040157272306705046,0.12328434954393985,0.009187801910354189,"{""1"": 12, ""3"": 1}",0.2184126726896885,0.21828614043530137,4.02026853853489,1e-05,True,640,development_isotonic_frozen
s0-i7,development,0,oracle,b_saps_budgeted,2,0.05,bace674ee748d58b,"[[0, 2, 3, 4, 7, 11], [1, 5, 6, 8, 9, 10]]",0.04353189750527247,-0.2517032519334086,0.5742732183316958,-0.13750598838182737,,0.9999999999999998,0.1637990308984613,0.1637990308984613,0.10801892603210611,-0.12777707973138913,1.0081907308789835,"{""1"": 13}",0.1637990308984613,0.16372646493133253,3.238979007462876,1e-05,True,40,development_isotonic_frozen
s0-i7,development,0,oracle,random_balanced,2,0.15,bace674ee748d58b,"[[0, 2, 3, 4, 7, 11], [1, 5, 6, 8, 9, 10]]",0.10797694296267016,-0.2517032519334086,0.5742732183316958,-0.13750598838182737,,0.9999999999999998,0.1637990308984613,0.1637990308984613,0.20553900529914718,-0.0034868230698931295,0.0388766498974865,"{""1"": 13}",0.1637990308984613,0.16372646493133253,3.238979007462876,1e-05,True,40,development_isotonic_frozen
s0-i7,development,0,oracle,confidence,2,0.15,79cadfc17eb117a8,"[[0, 1, 4, 6, 7, 11], [2, 3, 5, 8, 9, 10]]",0.10797694296267016,-0.2196373543309181,0.6140371304093581,-0.27190474220080507,,0.003717614475704862,0.2066741600933823,0.2066741600933823,0.013566334267000223,0.0013358463225395985,0.007538310514578844,"{""1"": 12, ""3"": 1}",0.2066741600933823,0.2066175999915743,4.275258012216684,1e-05,True,40,development_isotonic_frozen
s0-i7,development,0,oracle,entropy,2,0.15,6e6c2fd43dd81444,"[[0, 1, 4, 7, 9, 11], [2, 3, 5, 6, 8, 10]]",0.10797694296267016,-0.2265668607529077,0.6150921401770009,-0.5579084217306646,,0.003717614475704862,0.20662384183525614,0.20662384183525614,0.013566334267000223,-2.637612566243973e-05,0.02994405813860278,"{""1"": 12, ""3"": 1}",0.20662384183525614,0.2066120223729161,4.1305903929103245,1e-05,True,40,development_isotonic_frozen
s0-i7,development,0,oracle,dependency_cmi,2,0.15,59602afb3ff3c4f2,"[[0, 4, 6, 7, 8, 11], [1, 2, 3, 5, 9, 10]]",0.10797694296267016,-0.23929088831159886,0.5792962475817219,-0.19013935434758833,,0.003717614475704862,0.2184126726896885,0.2184126726896885,0.013566334267000223,0.0,0.023950293382097636,"{""1"": 12, ""3"": 1}",0.2184126726896885,0.21828614043530137,4.02026853853489,1e-05,True,40,development_isotonic_frozen
s0-i7,development,0,oracle,min_within_batch_tc,2,0.15,28489cb79091907a,"[[0, 6, 7, 8, 10, 11], [1, 2, 3, 4, 5, 9]]",0.10797694296267016,-0.25434002936108385,0.5550852776399356,-0.38915945332649665,,0.003717614475704862,0.21456223985099832,0.21456223985099832,0.013566334267000223,-4.562063443831082e-06,0.013728562536132749,"{""1"": 12, ""3"": 1}",0.21456223985099832,0.21454202879525464,4.315808886797692,1e-05,True,40,development_isotonic_frozen
s0-i7,development,0,oracle,dprm_myopic,2,0.15,51a9fbba6b1c03da,"[[2, 3, 4, 5, 10, 11], [0, 1, 6, 7, 8, 9]]",0.10797694296267016,-0.2739869586108819,0.5474965893670068,-0.3042030936846993,,0.003717614475704862,0.19112290363641932,0.19112290363641932,0.0055546996364387955,0.13263953115039254,0.034783125395794874,"{""1"": 12, ""5"": 1}",0.19112290363641932,0.1911040435746197,4.804551317114934,1e-05,True,40,development_isotonic_frozen
s0-i7,development,0,oracle,dprm_rollout,2,0.15,41be6bdb9feff663,"[[1, 2, 3, 8, 10, 11], [0, 4, 5, 6, 7, 9]]",0.10797694296267016,-0.2565318284190627,0.5631869036011685,-0.28320264840398107,,0.9999999999999998,0.18202346442373535,0.18202346442373535,0.20553900529914718,0.000757923691563188,0.00409352450169162,"{""1"": 13}",0.18202346442373535,0.18198437865633924,4.0182529808466665,1e-05,True,40,development_isotonic_frozen
s0-i7,development,0,oracle,subset_exact,2,0.15,3de2e6941d872360,"[[0, 1, 2, 4, 5, 7], [3, 6, 8, 9, 10, 11]]",0.10797694296267016,-0.24614578623912164,0.5846003696639578,-0.3225847659868876,,0.003717614475704862,0.10683815922150111,0.10683815922150111,0.013566334267000223,0.005629888829623113,0.03987372092885719,"{""1"": 12, ""3"": 1}",0.10683815922150111,0.10683401633189255,3.92121691436857,1e-05,True,40,development_isotonic_frozen
s0-i7,development,0,oracle,subset_beam_8,2,0.15,c9dca0fb4095ce6e,"[[0, 1, 2, 5, 7, 11], [3, 4, 6, 8, 9, 10]]",0.10797694296267016,-0.22702753843521284,0.604259436393043,-0.5800609236288387,,0.003717614475704862,0.12699546002727996,0.12699546002727996,0.013566334267000223,-0.006406378373386076,1.036343545400753,"{""1"": 12, ""3"": 1}",0.12699546002727996,0.12698989718376696,4.195194880793753,1e-05,True,40,development_isotonic_frozen
s0-i7,development,0,oracle,subset_beam_32,2,0.15,3de2e6941d872360,"[[0, 1, 2, 4, 5, 7], [3, 6, 8, 9, 10, 11]]",0.10797694296267016,-0.24614578623912164,0.5846003696639578,-0.3225847659868876,,0.003717614475704862,0.10683815922150111,0.10683815922150111,0.013566334267000223,0.005629888829623113,0.03987372092885719,"{""1"": 12, ""3"": 1}",0.10683815922150111,0.10683401633189255,3.92121691436857,1e-05,True,40,development_isotonic_frozen
s0-i7,development,0,oracle,saps_diagonal,2,0.15,bace674ee748d58b,"[[0, 2, 3, 4, 7, 11], [1, 5, 6, 8, 9, 10]]",0.10797694296267016,-0.2517032519334086,0.5742732183316958,-0.13750598838182737,,0.9999999999999998,0.1637990308984613,0.1637990308984613,0.20553900529914718,-0.0034868230698931295,0.0388766498974865,"{""1"": 13}",0.1637990308984613,0.16372646493133253,3.238979007462876,1e-05,True,40,development_isotonic_frozen
s0-i7,development,0,oracle,p_saps_residualized,2,0.15,d5a314c96eb0b293,"[[0, 1, 6, 7, 8, 10], [2, 3, 4, 5, 9, 11]]",0.10797694296267016,-0.2562138018755668,0.5554843359229021,-0.39375036071149466,,0.003717614475704862,0.1871786267406233,0.1871786267406233,0.013566334267000223,1.748694299337508e-05,-0.0032449487177740807,"{""1"": 12, ""4"": 1}",0.1871786267406233,0.1871720155980689,4.681227308065424,1e-05,True,80,development_isotonic_frozen
s0-i7,development,0,oracle,p_saps_projection,2,0.15,59602afb3ff3c4f2,"[[0, 4, 6, 7, 8, 11], [1, 2, 3, 5, 9, 10]]",0.10797694296267016,-0.23929088831159886,0.5792962475817219,-0.19013935434758833,,0.003717614475704862,0.2184126726896885,0.2184126726896885,0.013566334267000223,0.0,0.023950293382097636,"{""1"": 12, ""3"": 1}",0.2184126726896885,0.21828614043530137,4.02026853853489,1e-05,True,640,development_isotonic_frozen
s0-i7,development,0,oracle,b_saps_budgeted,2,0.15,bace674ee748d58b,"[[0, 2, 3, 4, 7, 11], [1, 5, 6, 8, 9, 10]]",0.10797694296267016,-0.2517032519334086,0.5742732183316958,-0.13750598838182737,,0.9999999999999998,0.1637990308984613,0.1637990308984613,0.20553900529914718,-0.0034868230698931295,0.0388766498974865,"{""1"": 13}",0.1637990308984613,0.16372646493133253,3.238979007462876,1e-05,True,40,development_isotonic_frozen
s0-i7,development,0,oracle,random_balanced,3,0.01,84d7f6053b16c680,"[[0, 2, 3, 11], [1, 4, 5, 7], [6, 8, 9, 10]]",0.02941136165654817,-0.48795059896790427,1.1644080156828116,-0.13152681702053914,,0.9999999999999998,0.16466159899377514,0.16466159899377514,0.03613961826571508,0.0,0.04754161847710669,"{""1"": 13}",0.16466159899377514,0.16461506916603114,2.918123309237452,1e-05,True,40,development_isotonic_frozen
s0-i7,development,0,oracle,confidence,3,0.01,d994a3e8e8f24ac6,"[[0, 1, 6, 11], [4, 5, 7, 8], [2, 3, 9, 10]]",0.02941136165654817,-0.44347233774360406,1.2091949570105003,-0.0680001683075858,,0.003717614475704862,0.16709982298755377,0.16709982298755377,0.00013435316801107026,0.0,-1.0093474803373912,"{""1"": 12, ""3"": 1}",0.16709982298755377,0.16703185795061798,3.8447757937504954,1e-05,True,40,development_isotonic_frozen
s0-i7,development,0,oracle,entropy,3,0.01,1ff355a664e84994,"[[0, 1, 4, 11], [2, 6, 7, 9], [3, 5, 8, 10]]",0.02941136165654817,-0.449083426581536,1.227095491787118,-0.2588742939325674,,0.003717614475704862,0.15272787050404202,0.15272787050404202,0.03613961826571508,0.0,0.0,"{""1"": 12, ""2"": 1}",0.15272787050404202,0.15229030035908675,4.0422758224394055,1e-05,True,40,development_isotonic_frozen
s0-i7,development,0,oracle,dependency_cmi,3,0.01,7a5968c6724f97aa,"[[4, 6, 8, 11], [1, 2, 7, 10], [0, 3, 5, 9]]",0.02941136165654817,-0.4901576443559181,1.1556676453739254,-0.012719864770010603,,0.9999999999999998,0.18735764711868685,0.18735764711868685,0.03613961826571508,0.0,-0.022677827832636815,"{""1"": 13}",0.18735764711868685,0.1852258749904656,3.2671272442301458,1e-05,True,40,development_isotonic_frozen
s0-i7,development,0,oracle,min_within_batch_tc,3,0.01,12a39f70aa8ebe4f,"[[0, 8, 10, 11], [5, 6, 7, 9], [1, 2, 3, 4]]",0.02941136165654817,-0.5173981355346701,1.1070290190548826,-0.10358261927548329,,0.003717614475704862,0.16087852958109017,0.16087852958109017,0.00013435316801107026,-0.0015374616960956433,-0.9897757625734513,"{""1"": 12, ""3"": 1}",0.16087852958109017,0.16086305681491742,3.849312591958669,1e-05,True,40,development_isotonic_frozen
s0-i7,development,0,oracle,dprm_myopic,3,0.01,60e0317bf50d6754,"[[0, 3, 4, 10], [2, 8, 9, 11], [1, 5, 6, 7]]",0.02941136165654817,-0.555528841966023,1.0785372310715389,-0.10412856256986715,,0.003717614475704862,0.21567354136448508,0.21567354136448508,0.03613961826571508,0.0,0.03478438507914775,"{""1"": 12, ""2"": 1}",0.21567354136448508,0.2156595817519095,3.7903749363600134,1e-05,True,40,development_isotonic_frozen
s0-i7,development,0,oracle,dprm_rollout,3,0.01,1088c3b13fb7c41b,"[[0, 1, 3, 7], [4, 5, 6, 10], [2, 8, 9, 11]]",0.02941136165654817,-0.5163420783274245,1.1224335630727684,-0.21102476470963485,,0.003717614475704862,0.1986564136634018,0.1986564136634018,0.03613961826571508,-0.0009056790791243663,1.045283936741574,"{""1"": 12, ""2"": 1}",0.1986564136634018,0.1986328727538233,3.7171598931091987,1e-05,True,40,development_isotonic_frozen
s0-i7,development,0,oracle,subset_exact,3,0.01,6ef4029d100b1d41,"[[0, 2, 7, 8], [1, 4, 6, 11], [3, 5, 9, 10]]",0.02941136165654817,-0.48893637434917275,1.1513766266234853,-0.12420069808972799,,0.003717614475704862,0.20381315716888887,0.20381315716888887,0.03613961826571508,-0.0018213368193002386,-0.009347480337391169,"{""1"": 12, ""2"": 1}",0.20381315716888887,0.2036262509156253,3.346646986192262,1e-05,True,40,development_isotonic_frozen
s0-i7,development,0,oracle,subset_beam_8,3,0.01,04feb5e18db332c2,"[[0, 1, 2, 3], [4, 5, 6, 11], [7, 8, 9, 10]]",0.02941136165654817,-0.48793311246945087,1.1622360421451574,-0.21551560488932558,,0.9999999999999998,0.15891719037577393,0.15891719037577393,0.03613961826571508,0.0,0.011951686934285662,"{""1"": 13}",0.15891719037577393,0.15888901037031727,3.11885527502812,1e-05,True,40,development_isotonic_frozen
s0-i7,development,0,oracle,subset_beam_32,3,0.01,04feb5e18db332c2,"[[0, 1, 2, 3], [4, 5, 6, 11], [7, 8, 9, 10]]",0.02941136165654817,-0.48793311246945087,1.1622360421451574,-0.21551560488932558,,0.9999999999999998,0.15891719037577393,0.15891719037577393,0.03613961826571508,0.0,0.011951686934285662,"{""1"": 13}",0.15891719037577393,0.15888901037031727,3.11885527502812,1e-05,True,40,development_isotonic_frozen
s0-i7,development,0,oracle,saps_diagonal,3,0.01,84d7f6053b16c680,"[[0, 2, 3, 11], [1, 4, 5, 7], [6, 8, 9, 10]]",0.02941136165654817,-0.48795059896790427,1.1644080156828116,-0.13152681702053914,,0.9999999999999998,0.16466159899377514,0.16466159899377514,0.03613961826571508,0.0,0.04754161847710669,"{""1"": 13}",0.16466159899377514,0.16461506916603114,2.918123309237452,1e-05,True,40,development_isotonic_frozen
s0-i7,development,0,oracle,p_saps_residualized,3,0.01,952bfea6fff3f32f,"[[1, 6, 7, 10], [0, 5, 8, 11], [2, 3, 4, 9]]",0.02941136165654817,-0.4989660060870937,1.136626436322508,-0.2348519209169468,,0.003717614475704862,0.170757136236668,0.170757136236668,0.00013435316801107026,0.0,-0.012799334461491063,"{""1"": 12, ""3"": 1}",0.170757136236668,0.1667177390311141,3.9202479644927517,1e-05,True,80,development_isotonic_frozen
s0-i7,development,0,oracle,p_saps_projection,3,0.01,e53125f0ce709814,"[[4, 6, 10, 11], [0, 2, 3, 8], [1, 5, 7, 9]]",0.02941136165654817,-0.5238160153653811,1.1103257822240165,-0.1825280395584029,,0.003717614475704862,0.22102737664106883,0.22102737664106883,0.03613961826571508,0.0,0.032180178482253255,"{""1"": 12, ""2"": 1}",0.22102737664106883,0.2209938814500472,3.7491592328559262,1e-05,True,640,development_isotonic_frozen
s0-i7,development,0,oracle,b_saps_budgeted,3,0.01,84d7f6053b16c680,"[[0, 2, 3, 11], [1, 4, 5, 7], [6, 8, 9, 10]]",0.02941136165654817,-0.48795059896790427,1.1644080156828116,-0.13152681702053914,,0.9999999999999998,0.16466159899377514,0.16466159899377514,0.03613961826571508,0.0,0.04754161847710669,"{""1"": 13}",0.16466159899377514,0.16461506916603114,2.918123309237452,1e-05,True,40,development_isotonic_frozen
s0-i7,development,0,oracle,random_balanced,3,0.05,84d7f6053b16c680,"[[0, 2, 3, 11], [1, 4, 5, 7], [6, 8, 9, 10]]",0.07607292986372223,-0.48795059896790427,1.1644080156828116,-0.13152681702053914,,0.9999999999999998,0.16466159899377514,0.16466159899377514,0.10801892603210611,-1.0157647147080117e-05,1.0018923031310487,"{""1"": 13}",0.16466159899377514,0.16461506916603114,2.918123309237452,1e-05,True,40,development_isotonic_frozen
s0-i7,development,0,oracle,confidence,3,0.05,d994a3e8e8f24ac6,"[[0, 1, 6, 11], [4, 5, 7, 8], [2, 3, 9, 10]]",0.07607292986372223,-0.44347233774360406,1.2091949570105003,-0.0680001683075858,,0.003717614475704862,0.16709982298755377,0.16709982298755377,0.00040157272306705046,0.0014142943246567286,0.010875348676227713,"{""1"": 12, ""3"": 1}",0.16709982298755377,0.16703185795061798,3.8447757937504954,1e-05,True,40,development_isotonic_frozen
s0-i7,development,0,oracle,entropy,3,0.05,1ff355a664e84994,"[[0, 1, 4, 11], [2, 6, 7, 9], [3, 5, 8, 10]]",0.07607292986372223,-0.449083426581536,1.227095491787118,-0.2588742939325674,,0.003717614475704862,0.15272787050404202,0.15272787050404202,0.08198042415537765,0.001595844007361548,1.0101848729417249,"{""1"": 12, ""2"": 1}",0.15272787050404202,0.15229030035908675,4.0422758224394055,1e-05,True,40,development_isotonic_frozen
s0-i7,development,0,oracle,dependency_cmi,3,0.05,7a5968c6724f97aa,"[[4, 6, 8, 11], [1, 2, 7, 10], [0, 3, 5, 9]]",0.07607292986372223,-0.4901576443559181,1.1556676453739254,-0.012719864770010603,,0.9999999999999998,0.18735764711868685,0.18735764711868685,0.10801892603210611,0.0,0.9961855243043916,"{""1"": 13}",0.18735764711868685,0.1852258749904656,3.2671272442301458,1e-05,True,40,development_isotonic_frozen
s0-i7,development,0,oracle,min_within_batch_tc,3,0.05,12a39f70aa8ebe4f,"[[0, 8, 10, 11], [5, 6, 7, 9], [1, 2, 3, 4]]",0.07607292986372223,-0.5173981355346701,1.1070290190548826,-0.10358261927548329,,0.003717614475704862,0.16087852958109017,0.16087852958109017,0.00040157272306705046,0.0038212165054785606,0.01970287337271803,"{""1"": 12, ""3"": 1}",0.16087852958109017,0.16086305681491742,3.849312591958669,1e-05,True,40,development_isotonic_frozen
s0-i7,development,0,oracle,dprm_myopic,3,0.05,60e0317bf50d6754,"[[0, 3, 4, 10], [2, 8, 9, 11], [1, 5, 6, 7]]",0.07607292986372223,-0.555528841966023,1.0785372310715389,-0.10412856256986715,,0.003717614475704862,0.21567354136448508,0.21567354136448508,0.08198042415537765,-0.00013955857058820827,1.0115281201401245,"{""1"": 12, ""2"": 1}",0.21567354136448508,0.2156595817519095,3.7903749363600134,1e-05,True,40,development_isotonic_frozen
s0-i7,development,0,oracle,dprm_rollout,3,0.05,1898273b19801d06,"[[3, 4, 9, 10], [0, 1, 6, 7], [2, 5, 8, 11]]",0.07607292986372223,-0.5623696143314044,1.0809598569753345,-0.4885380553899231,,0.003717614475704862,0.20783934045195585,0.20783934045195585,0.08198042415537765,0.002097226785304218,0.9968558328934002,"{""1"": 12, ""2"": 1}",0.20783934045195585,0.20775729787894626,3.806335941484252,1e-05,True,40,development_isotonic_frozen
s0-i7,development,0,oracle,subset_exact,3,0.05,29391cce700b954c,"[[0, 5, 6, 10], [1, 4, 7, 11], [2, 3, 8, 9]]",0.07607292986372223,-0.5101439978383019,1.125423636163681,-0.10774007709804057,,0.003717614475704862,0.10868911336169029,0.10868911336169029,0.08198042415537765,0.00365258522317527,1.0195127993563364,"{""1"": 12, ""2"": 1}",0.10868911336169029,0.1086107174980897,3.6868425193018246,1e-05,True,40,development_isotonic_frozen
s0-i7,development,0,oracle,subset_beam_8,3,0.05,29391cce700b954c,"[[0, 5, 6, 10], [1, 4, 7, 11], [2, 3, 8, 9]]",0.07607292986372223,-0.5101439978383019,1.125423636163681,-0.10774007709804057,,0.003717614475704862,0.10868911336169029,0.10868911336169029,0.08198042415537765,0.00365258522317527,1.0195127993563364,"{""1"": 12, ""2"": 1}",0.10868911336169029,0.1086107174980897,3.6868425193018246,1e-05,True,40,development_isotonic_frozen
s0-i7,development,0,oracle,subset_beam_32,3,0.05,29391cce700b954c,"[[0, 5, 6, 10], [1, 4, 7, 11], [2, 3, 8, 9]]",0.07607292986372223,-0.5101439978383019,1.125423636163681,-0.10774007709804057,,0.003717614475704862,0.10868911336169029,0.10868911336169029,0.08198042415537765,0.00365258522317527,1.0195127993563364,"{""1"": 12, ""2"": 1}",0.10868911336169029,0.1086107174980897,3.6868425193018246,1e-05,True,40,development_isotonic_frozen
s0-i7,development,0,oracle,saps_diagonal,3,0.05,84d7f6053b16c680,"[[0, 2, 3, 11], [1, 4, 5, 7], [6, 8, 9, 10]]",0.07607292986372223,-0.48795059896790427,1.1644080156828116,-0.13152681702053914,,0.9999999999999998,0.16466159899377514,0.16466159899377514,0.10801892603210611,-1.0157647147080117e-05,1.0018923031310487,"{""1"": 13}",0.16466159899377514,0.16461506916603114,2.918123309237452,1e-05,True,40,development_isotonic_frozen
s0-i7,development,0,oracle,p_saps_residualized,3,0.05,952bfea6fff3f32f,"[[1, 6, 7, 10], [0, 5, 8, 11], [2, 3, 4, 9]]",0.07607292986372223,-0.4989660060870937,1.136626436322508,-0.2348519209169468,,0.003717614475704862,0.170757136236668,0.170757136236668,0.00040157272306705046,0.0,0.012480146455581001,"{""1"": 12, ""3"": 1}",0.170757136236668,0.1667177390311141,3.9202479644927517,1e-05,True,80,development_isotonic_frozen
s0-i7,development,0,oracle,p_saps_projection,3,0.05,e53125f0ce709814,"[[4, 6, 10, 11], [0, 2, 3, 8], [1, 5, 7, 9]]",0.07607292986372223,-0.5238160153653811,1.1103257822240165,-0.1825280395584029,,0.003717614475704862,0.22102737664106883,0.22102737664106883,0.08198042415537765,-5.779459636284519e-06,1.01806105593385,"{""1"": 12, ""2"": 1}",0.22102737664106883,0.2209938814500472,3.7491592328559262,1e-05,True,640,development_isotonic_frozen
s0-i7,development,0,oracle,b_saps_budgeted,3,0.05,84d7f6053b16c680,"[[0, 2, 3, 11], [1, 4, 5, 7], [6, 8, 9, 10]]",0.07607292986372223,-0.48795059896790427,1.1644080156828116,-0.13152681702053914,,0.9999999999999998,0.16466159899377514,0.16466159899377514,0.10801892603210611,-1.0157647147080117e-05,1.0018923031310487,"{""1"": 13}",0.16466159899377514,0.16461506916603114,2.918123309237452,1e-05,True,40,development_isotonic_frozen
s0-i7,development,0,oracle,random_balanced,3,0.15,84d7f6053b16c680,"[[0, 2, 3, 11], [1, 4, 5, 7], [6, 8, 9, 10]]",0.16966532434869547,-0.48795059896790427,1.1644080156828116,-0.13152681702053914,,0.9999999999999998,0.16466159899377514,0.16466159899377514,0.20553900529914718,-2.854754017936913e-06,0.007538310514578844,"{""1"": 13}",0.16466159899377514,0.16461506916603114,2.918123309237452,1e-05,True,40,development_isotonic_frozen
s0-i7,development,0,oracle,confidence,3,0.15,d994a3e8e8f24ac6,"[[0, 1, 6, 11], [4, 5, 7, 8], [2, 3, 9, 10]]",0.16966532434869547,-0.44347233774360406,1.2091949570105003,-0.0680001683075858,,0.003717614475704862,0.16709982298755377,0.16709982298755377,0.013566334267000223,-0.002473122617305517,1.0198483234724907,"{""1"": 12, ""3"": 1}",0.16709982298755377,0.16703185795061798,3.8447757937504954,1e-05,True,40,development_isotonic_frozen
s0-i7,development,0,oracle,entropy,3,0.15,1ff355a664e84994,"[[0, 1, 4, 11], [2, 6, 7, 9], [3, 5, 8, 10]]",0.16966532434869547,-0.449083426581536,1.227095491787118,-0.2588742939325674,,0.003717614475704862,0.15272787050404202,0.15272787050404202,0.20553900529914718,-0.002161858688411797,0.01755080611994753,"{""1"": 12, ""2"": 1}",0.15272787050404202,0.15229030035908675,4.0422758224394055,1e-05,True,40,development_isotonic_frozen
s0-i7,development,0,oracle,dependency_cmi,3,0.15,7a5968c6724f97aa,"[[4, 6, 8, 11], [1, 2, 7, 10], [0, 3, 5, 9]]",0.16966532434869547,-0.4901576443559181,1.1556676453739254,-0.012719864770010603,,0.9999999999999998,0.18735764711868685,0.18735764711868685,0.20553900529914718,0.0019621705883502358,1.0027659177214254,"{""1"": 13}",0.18735764711868685,0.1852258749904656,3.2671272442301458,1e-05,True,40,development_isotonic_frozen
s0-i7,development,0,oracle,min_within_batch_tc,3,0.15,12a39f70aa8ebe4f,"[[0, 8, 10, 11], [5, 6, 7, 9], [1, 2, 3, 4]]",0.16966532434869547,-0.5173981355346701,1.1070290190548826,-0.10358261927548329,,0.003717614475704862,0.16087852958109017,0.16087852958109017,0.013566334267000223,-3.69061248072758e-05,0.011610498282575044,"{""1"": 12, ""3"": 1}",0.16087852958109017,0.16086305681491742,3.849312591958669,1e-05,True,40,development_isotonic_frozen
s0-i7,development,0,oracle,dprm_myopic,3,0.15,60e0317bf50d6754,"[[0, 3, 4, 10], [2, 8, 9, 11], [1, 5, 6, 7]]",0.16966532434869547,-0.555528841966023,1.0785372310715389,-0.10412856256986715,,0.003717614475704862,0.21567354136448508,0.21567354136448508,0.20553900529914718,0.12483689136325325,0.01267847882898547,"{""1"": 12, ""2"": 1}",0.21567354136448508,0.2156595817519095,3.7903749363600134,1e-05,True,40,development_isotonic_frozen
s0-i7,development,0,oracle,dprm_rollout,3,0.15,8869a2fdb9f5dce4,"[[2, 5, 8, 9], [0, 4, 7, 10], [1, 3, 6, 11]]",0.16966532434869547,-0.5630014147478073,1.067988445549566,-0.23241577436484523,,0.003717614475704862,0.11754575420583557,0.11754575420583557,0.20553900529914718,-0.1301449470397895,0.022546724308892818,"{""1"": 12, ""2"": 1}",0.11754575420583557,0.11753796574905567,3.886437410165726,1e-05,True,40,development_isotonic_frozen
s0-i7,development,0,oracle,subset_exact,3,0.15,2e280e161ef93ca5,"[[0, 2, 4, 5], [1, 6, 7, 11], [3, 8, 9, 10]]",0.16966532434869547,-0.488526540950824,1.1662306492243286,-0.22753617690279554,,0.003717614475704862,0.1654987262112102,0.1654987262112102,0.20553900529914718,-0.002778285807524202,0.989126993614648,"{""1"": 12, ""2"": 1}",0.1654987262112102,0.16548487524794703,3.696213243013496,1e-05,True,40,development_isotonic_frozen
s0-i7,development,0,oracle,subset_beam_8,3,0.15,2e280e161ef93ca5,"[[0, 2, 4, 5], [1, 6, 7, 11], [3, 8, 9, 10]]",0.16966532434869547,-0.488526540950824,1.1662306492243286,-0.22753617690279554,,0.003717614475704862,0.1654987262112102,0.1654987262112102,0.20553900529914718,-0.002778285807524202,0.989126993614648,"{""1"": 12, ""2"": 1}",0.1654987262112102,0.16548487524794703,3.696213243013496,1e-05,True,40,development_isotonic_frozen
s0-i7,development,0,oracle,subset_beam_32,3,0.15,2e280e161ef93ca5,"[[0, 2, 4, 5], [1, 6, 7, 11], [3, 8, 9, 10]]",0.16966532434869547,-0.488526540950824,1.1662306492243286,-0.22753617690279554,,0.003717614475704862,0.1654987262112102,0.1654987262112102,0.20553900529914718,-0.002778285807524202,0.989126993614648,"{""1"": 12, ""2"": 1}",0.1654987262112102,0.16548487524794703,3.696213243013496,1e-05,True,40,development_isotonic_frozen
s0-i7,development,0,oracle,saps_diagonal,3,0.15,84d7f6053b16c680,"[[0, 2, 3, 11], [1, 4, 5, 7], [6, 8, 9, 10]]",0.16966532434869547,-0.48795059896790427,1.1644080156828116,-0.13152681702053914,,0.9999999999999998,0.16466159899377514,0.16466159899377514,0.20553900529914718,-2.854754017936913e-06,0.007538310514578844,"{""1"": 13}",0.16466159899377514,0.16461506916603114,2.918123309237452,1e-05,True,40,development_isotonic_frozen
s0-i7,development,0,oracle,p_saps_residualized,3,0.15,952bfea6fff3f32f,"[[1, 6, 7, 10], [0, 5, 8, 11], [2, 3, 4, 9]]",0.16966532434869547,-0.4989660060870937,1.136626436322508,-0.2348519209169468,,0.003717614475704862,0.170757136236668,0.170757136236668,0.013566334267000223,0.0,-0.012482038752578431,"{""1"": 12, ""3"": 1}",0.170757136236668,0.1667177390311141,3.9202479644927517,1e-05,True,80,development_isotonic_frozen
s0-i7,development,0,oracle,p_saps_projection,3,0.15,e53125f0ce709814,"[[4, 6, 10, 11], [0, 2, 3, 8], [1, 5, 7, 9]]",0.16966532434869547,-0.5238160153653811,1.1103257822240165,-0.1825280395584029,,0.003717614475704862,0.22102737664106883,0.22102737664106883,0.20553900529914718,-0.1314521920424457,0.027827941626282895,"{""1"": 12, ""2"": 1}",0.22102737664106883,0.2209938814500472,3.7491592328559262,1e-05,True,640,development_isotonic_frozen
s0-i7,development,0,oracle,b_saps_budgeted,3,0.15,84d7f6053b16c680,"[[0, 2, 3, 11], [1, 4, 5, 7], [6, 8, 9, 10]]",0.16966532434869547,-0.48795059896790427,1.1644080156828116,-0.13152681702053914,,0.9999999999999998,0.16466159899377514,0.16466159899377514,0.20553900529914718,-2.854754017936913e-06,0.007538310514578844,"{""1"": 13}",0.16466159899377514,0.16461506916603114,2.918123309237452,1e-05,True,40,development_isotonic_frozen
s0-i7,development,0,oracle,random_balanced,4,0.01,a3ef725440139275,"[[0, 3, 11], [2, 4, 7], [1, 5, 10], [6, 8, 9]]",0.033684713827235264,-0.7509926372499524,1.7226224439170255,-0.00685550513528496,,0.9999999999999998,0.17644977690003802,0.17644977690003802,0.03613961826571508,0.0,0.0503539673548115,"{""1"": 13}",0.17644977690003802,0.17639480546812744,3.209288978437186,1e-05,True,40,development_isotonic_frozen
s0-i7,development,0,oracle,confidence,4,0.01,8fe857440cf4b7f2,"[[0, 1, 11], [4, 6, 7], [2, 5, 8], [3, 9, 10]]",0.033684713827235264,-0.6678801625851687,1.8237693404412383,-0.17174914160010513,,0.003717614475704862,0.08182094699971834,0.08182094699971834,0.03613961826571508,0.0,-0.009347480337391169,"{""1"": 12, ""2"": 1}",0.08182094699971834,0.08180362638036923,3.413942206435452,1e-05,True,40,development_isotonic_frozen
s0-i7,development,0,oracle,entropy,4,0.01,04cb530de346d3db,"[[1, 4, 11], [0, 7, 9], [2, 5, 6], [3, 8, 10]]",0.033684713827235264,-0.6837159961655676,1.8335035718961528,-0.3308051700893319,,0.003717614475704862,0.0819763180944136,0.0819763180944136,0.03613961826571508,0.0,0.010687450169326939,"{""1"": 12, ""2"": 1}",0.0819763180944136,0.0818826474713465,3.539171317071202,1e-05,True,40,development_isotonic_frozen
s0-i7,development,0,oracle,dependency_cmi,4,0.01,96db350ee40aa68c,"[[4, 8, 11], [2, 7, 10], [1, 5, 9], [0, 3, 6]]",0.033684713827235264,-0.7653234752905624,1.7123505586006014,-0.012664151778174272,,0.9999999999999998,0.10636968180496945,0.10636968180496945,0.03613961826571508,0.0,-0.009347480337391169,"{""1"": 13}",0.10636968180496945,0.10636184972352891,3.5658191138738573,1e-05,True,40,development_isotonic_frozen
s0-i7,development,0,oracle,min_within_batch_tc,4,0.01,fb7a5923d4d1e55f,"[[8, 10, 11], [6, 7, 9], [3, 4, 5], [0, 1, 2]]",0.033684713827235264,-0.8039964930227875,1.6391294944189727,-0.0962535879307266,,0.9999999999999998,0.06142730683214925,0.06142730683214925,0.03613961826571508,0.0,0.019571717763939803,"{""1"": 13}",0.06142730683214925,0.06138476906655014,3.6671676186675133,1e-05,True,40,development_isotonic_frozen
s0-i7,development,0,oracle,dprm_myopic,4,0.01,f35e37eaaf2ba269,"[[2, 3, 8], [1, 4, 9], [0, 7, 10], [5, 6, 11]]",0.033684713827235264,-0.8212203510494079,1.6359291912768965,-0.3320757066874966,,0.9999999999999998,0.15174839058826614,0.15174839058826614,0.03613961826571508,0.0,-0.0026098691312432046,"{""1"": 13}",0.15174839058826614,0.1515929207560833,3.4228247112081145,1e-05,True,40,development_isotonic_frozen
s0-i7,development,0,oracle,dprm_rollout,4,0.01,e93a18b7872d0693,"[[2, 3, 8], [1, 5, 7], [0, 6, 9], [4, 10, 11]]",0.033684713827235264,-0.8053122739683655,1.6323368563305873,-0.12603768225406134,,0.003717614475704862,0.18972620973000875,0.18972620973000875,0.00013435316801107026,0.0,0.02022282901361888,"{""1"": 12, ""3"": 1}",0.18972620973000875,0.18971284553597662,4.397683096782942,1e-05,True,40,development_isotonic_frozen
s0-i7,development,0,oracle,subset_exact,4,0.01,881d3446e0bee761,"[[0, 2, 3], [1, 4, 11], [5, 6, 7], [8, 9, 10]]",0.033684713827235264,-0.7396363644028595,1.7365092604768535,-0.1325401869167372,,0.9999999999999998,0.06067851515952066,0.06067851515952066,0.03613961826571508,0.0,0.027521269209949416,"{""1"": 13}",0.06067851515952066,0.0606650796345161,3.4570310327177056,1e-05,True,40,development_isotonic_frozen
s0-i7,development,0,oracle,subset_beam_8,4,0.01,881d3446e0bee761,"[[0, 2, 3], [1, 4, 11], [5, 6, 7], [8, 9, 10]]",0.033684713827235264,-0.7396363644028595,1.7365092604768535,-0.1325401869167372,,0.9999999999999998,0.06067851515952066,0.06067851515952066,0.03613961826571508,0.0,0.027521269209949416,"{""1"": 13}",0.06067851515952066,0.0606650796345161,3.4570310327177056,1e-05,True,40,development_isotonic_frozen
s0-i7,development,0,oracle,subset_beam_32,4,0.01,881d3446e0bee761,"[[0, 2, 3], [1, 4, 11], [5, 6, 7], [8, 9, 10]]",0.033684713827235264,-0.7396363644028595,1.7365092604768535,-0.1325401869167372,,0.9999999999999998,0.06067851515952066,0.06067851515952066,0.03613961826571508,0.0,0.027521269209949416,"{""1"": 13}",0.06067851515952066,0.0606650796345161,3.4570310327177056,1e-05,True,40,development_isotonic_frozen
s0-i7,development,0,oracle,saps_diagonal,4,0.01,a3ef725440139275,"[[0, 3, 11], [2, 4, 7], [1, 5, 10], [6, 8, 9]]",0.033684713827235264,-0.7509926372499524,1.7226224439170255,-0.00685550513528496,,0.9999999999999998,0.17644977690003802,0.17644977690003802,0.03613961826571508,0.0,0.0503539673548115,"{""1"": 13}",0.17644977690003802,0.17639480546812744,3.209288978437186,1e-05,True,40,development_isotonic_frozen
s0-i7,development,0,oracle,p_saps_residualized,4,0.01,5b94fdb3c0760c4a,"[[1, 7, 10], [0, 6, 8], [2, 5, 11], [3, 4, 9]]",0.033684713827235264,-0.7599502784733069,1.6926480252667897,-0.3495763862133051,,0.003717614475704862,0.1465294654550313,0.1465294654550313,0.03613961826571508,-0.001091509074869837,-0.009347480337391165,"{""1"": 12, ""2"": 1}",0.1465294654550313,0.14651602091114685,4.257704010228623,1e-05,True,80,development_isotonic_frozen
s0-i7,development,0,oracle,p_saps_projection,4,0.01,05babd48f51df135,"[[6, 10, 11], [2, 3, 4], [0, 8, 9], [1, 5, 7]]",0.033684713827235264,-0.7999925351850027,1.651813462664993,-0.004923068964141161,,0.003717614475704862,0.24671174622994135,0.24671174622994135,0.00013435316801107026,-6.870356738277416e-05,1.0250662703909315,"{""1"": 12, ""3"": 1}",0.24671174622994135,0.24602176790769384,4.435283549825326,1e-05,True,640,development_isotonic_frozen
s0-i7,development,0,oracle,b_saps_budgeted,4,0.01,a3ef725440139275,"[[0, 3, 11], [2, 4, 7], [1, 5, 10], [6, 8, 9]]",0.033684713827235264,-0.7509926372499524,1.7226224439170255,-0.00685550513528496,,0.9999999999999998,0.17644977690003802,0.17644977690003802,0.03613961826571508,0.0,0.0503539673548115,"{""1"": 13}",0.17644977690003802,0.17639480546812744,3.209288978437186,1e-05,True,40,development_isotonic_frozen
s0-i7,development,0,oracle,random_balanced,4,0.05,a3ef725440139275,"[[0, 3, 11], [2, 4, 7], [1, 5, 10], [6, 8, 9]]",0.09032515687824554,-0.7509926372499524,1.7226224439170255,-0.00685550513528496,,0.9999999999999998,0.17644977690003802,0.17644977690003802,0.10801892603210611,-1.1305054418186982e-05,1.007432065357886,"{""1"": 13}",0.17644977690003802,0.17639480546812744,3.209288978437186,1e-05,True,40,development_isotonic_frozen
s0-i7,development,0,oracle,confidence,4,0.05,8fe857440cf4b7f2,"[[0, 1, 11], [4, 6, 7], [2, 5, 8], [3, 9, 10]]",0.09032515687824554,-0.6678801625851687,1.8237693404412383,-0.17174914160010513,,0.003717614475704862,0.08182094699971834,0.08182094699971834,0.08198042415537765,-0.1214570187686105,-0.0070058334740086235,"{""1"": 12, ""2"": 1}",0.08182094699971834,0.08180362638036923,3.413942206435452,1e-05,True,40,development_isotonic_frozen
s0-i7,development,0,oracle,entropy,4,0.05,04cb530de346d3db,"[[1, 4, 11], [0, 7, 9], [2, 5, 6], [3, 8, 10]]",0.09032515687824554,-0.6837159961655676,1.8335035718961528,-0.3308051700893319,,0.003717614475704862,0.0819763180944136,0.0819763180944136,0.08198042415537765,0.0,1.0039713749548262,"{""1"": 12, ""2"": 1}",0.0819763180944136,0.0818826474713465,3.539171317071202,1e-05,True,40,development_isotonic_frozen
s0-i7,development,0,oracle,dependency_cmi,4,0.05,96db350ee40aa68c,"[[4, 8, 11], [2, 7, 10], [1, 5, 9], [0, 3, 6]]",0.09032515687824554,-0.7653234752905624,1.7123505586006014,-0.012664151778174272,,0.9999999999999998,0.10636968180496945,0.10636968180496945,0.10801892603210611,0.0,0.009326284435001653,"{""1"": 13}",0.10636968180496945,0.10636184972352891,3.5658191138738573,1e-05,True,40,development_isotonic_frozen
s0-i7,development,0,oracle,min_within_batch_tc,4,0.05,fb7a5923d4d1e55f,"[[8, 10, 11], [6, 7, 9], [3, 4, 5], [0, 1, 2]]",0.09032515687824554,-0.8039964930227875,1.6391294944189727,-0.0962535879307266,,0.9999999999999998,0.06142730683214925,0.06142730683214925,0.10801892603210611,-0.0010949766968964408,0.010467447858974847,"{""1"": 13}",0.06142730683214925,0.06138476906655014,3.6671676186675133,1e-05,True,40,development_isotonic_frozen
s0-i7,development,0,oracle,dprm_myopic,4,0.05,f35e37eaaf2ba269,"[[2, 3, 8], [1, 4, 9], [0, 7, 10], [5, 6, 11]]",0.09032515687824554,-0.8212203510494079,1.6359291912768965,-0.3320757066874966,,0.9999999999999998,0.15174839058826614,0.15174839058826614,0.10801892603210611,0.0,1.0133831614624504,"{""1"": 13}",0.15174839058826614,0.1515929207560833,3.4228247112081145,1e-05,True,40,development_isotonic_frozen
s0-i7,development,0,oracle,dprm_rollout,4,0.05,60a6abbcd59b9d3b,"[[2, 3, 4], [0, 5, 8], [1, 6, 7], [9, 10, 11]]",0.09032515687824554,-0.8080011615137367,1.6390834263074963,-0.026871790960786925,,0.003717614475704862,0.17301420088404595,0.17301420088404595,0.08198042415537765,0.0,0.9910169544548212,"{""1"": 12, ""2"": 1}",0.17301420088404595,0.17301091140090696,3.7817342831906204,1e-05,True,40,development_isotonic_frozen
s0-i7,development,0,oracle,subset_exact,4,0.05,0745c8a48d594475,"[[0, 6, 10], [1, 4, 11], [2, 5, 7], [3, 8, 9]]",0.09032515687824554,-0.7450899911227667,1.7235309648697068,-0.20419367894143042,,0.9999999999999998,0.20716128124657274,0.20716128124657274,0.10801892603210611,0.0,0.010904375998813335,"{""1"": 13}",0.20716128124657274,0.2071416978859859,3.7328819103831616,1e-05,True,40,development_isotonic_frozen
s0-i7,development,0,oracle,subset_beam_8,4,0.05,efdadfe1fa9be720,"[[1, 10, 11], [0, 4, 6], [2, 5, 7], [3, 8, 9]]",0.09032515687824554,-0.7152333790767086,1.7735684764462558,-0.16008003867103984,,0.9999999999999998,0.21137458746331397,0.21137458746331397,0.10801892603210611,0.0,-0.006989736257954189,"{""1"": 13}",0.21137458746331397,0.20681598623932543,3.4550347531899206,1e-05,True,40,development_isotonic_frozen
s0-i7,development,0,oracle,subset_beam_32,4,0.05,0745c8a48d594475,"[[0, 6, 10], [1, 4, 11], [2, 5, 7], [3, 8, 9]]",0.09032515687824554,-0.7450899911227667,1.7235309648697068,-0.20419367894143042,,0.9999999999999998,0.20716128124657274,0.20716128124657274,0.10801892603210611,0.0,0.010904375998813335,"{""1"": 13}",0.20716128124657274,0.2071416978859859,3.7328819103831616,1e-05,True,40,development_isotonic_frozen
s0-i7,development,0,oracle,saps_diagonal,4,0.05,a3ef725440139275,"[[0, 3, 11], [2, 4, 7], [1, 5, 10], [6, 8, 9]]",0.09032515687824554,-0.7509926372499524,1.7226224439170255,-0.00685550513528496,,0.9999999999999998,0.17644977690003802,0.17644977690003802,0.10801892603210611,-1.1305054418186982e-05,1.007432065357886,"{""1"": 13}",0.17644977690003802,0.17639480546812744,3.209288978437186,1e-05,True,40,development_isotonic_frozen
s0-i7,development,0,oracle,p_saps_residualized,4,0.05,5b94fdb3c0760c4a,"[[1, 7, 10], [0, 6, 8], [2, 5, 11], [3, 4, 9]]",0.09032515687824554,-0.7599502784733069,1.6926480252667897,-0.3495763862133051,,0.003717614475704862,0.1465294654550313,0.1465294654550313,0.08198042415537765,0.0004891416522974507,1.015111610109969,"{""1"": 12, ""2"": 1}",0.1465294654550313,0.14651602091114685,4.257704010228623,1e-05,True,80,development_isotonic_frozen
s0-i7,development,0,oracle,p_saps_projection,4,0.05,05babd48f51df135,"[[6, 10, 11], [2, 3, 4], [0, 8, 9], [1, 5, 7]]",0.09032515687824554,-0.7999925351850027,1.651813462664993,-0.004923068964141161,,0.003717614475704862,0.24671174622994135,0.24671174622994135,0.00040157272306705046,-9.558434824946563e-06,-0.005897862036945919,"{""1"": 12, ""3"": 1}",0.24671174622994135,0.24602176790769384,4.435283549825326,1e-05,True,640,development_isotonic_frozen
s0-i7,development,0,oracle,b_saps_budgeted,4,0.05,a3ef725440139275,"[[0, 3, 11], [2, 4, 7], [1, 5, 10], [6, 8, 9]]",0.09032515687824554,-0.7509926372499524,1.7226224439170255,-0.00685550513528496,,0.9999999999999998,0.17644977690003802,0.17644977690003802,0.10801892603210611,-1.1305054418186982e-05,1.007432065357886,"{""1"": 13}",0.17644977690003802,0.17639480546812744,3.209288978437186,1e-05,True,40,development_isotonic_frozen
s0-i7,development,0,oracle,random_balanced,4,0.15,a3ef725440139275,"[[0, 3, 11], [2, 4, 7], [1, 5, 10], [6, 8, 9]]",0.19244995954695532,-0.7509926372499524,1.7226224439170255,-0.00685550513528496,,0.9999999999999998,0.17644977690003802,0.17644977690003802,0.20553900529914718,0.0033316228141191217,0.02043649840676677,"{""1"": 13}",0.17644977690003802,0.17639480546812744,3.209288978437186,1e-05,True,40,development_isotonic_frozen
s0-i7,development,0,oracle,confidence,4,0.15,8fe857440cf4b7f2,"[[0, 1, 11], [4, 6, 7], [2, 5, 8], [3, 9, 10]]",0.19244995954695532,-0.6678801625851687,1.8237693404412383,-0.17174914160010513,,0.003717614475704862,0.08182094699971834,0.08182094699971834,0.20553900529914718,0.12342738429125169,1.04221453048012,"{""1"": 12, ""2"": 1}",0.08182094699971834,0.08180362638036923,3.413942206435452,1e-05,True,40,development_isotonic_frozen
s0-i7,development,0,oracle,entropy,4,0.15,04cb530de346d3db,"[[1, 4, 11], [0, 7, 9], [2, 5, 6], [3, 8, 10]]",0.19244995954695532,-0.6837159961655676,1.8335035718961528,-0.3308051700893319,,0.003717614475704862,0.0819763180944136,0.0819763180944136,0.20553900529914718,-5.2560771402766044e-05,0.022641401653009836,"{""1"": 12, ""2"": 1}",0.0819763180944136,0.0818826474713465,3.539171317071202,1e-05,True,40,development_isotonic_frozen
s0-i7,development,0,oracle,dependency_cmi,4,0.15,96db350ee40aa68c,"[[4, 8, 11], [2, 7, 10], [1, 5, 9], [0, 3, 6]]",0.19244995954695532,-0.7653234752905624,1.7123505586006014,-0.012664151778174272,,0.9999999999999998,0.10636968180496945,0.10636968180496945,0.20553900529914718,-0.12477028760160282,0.0010831344878667881,"{""1"": 13}",0.10636968180496945,0.10636184972352891,3.5658191138738573,1e-05,True,40,development_isotonic_frozen
s0-i7,development,0,oracle,min_within_batch_tc,4,0.15,fb7a5923d4d1e55f,"[[8, 10, 11], [6, 7, 9], [3, 4, 5], [0, 1, 2]]",0.19244995954695532,-0.8039964930227875,1.6391294944189727,-0.0962535879307266,,0.9999999999999998,0.06142730683214925,0.06142730683214925,0.20553900529914718,1.7594130259150096e-05,-0.008286679200482192,"{""1"": 13}",0.06142730683214925,0.06138476906655014,3.6671676186675133,1e-05,True,40,development_isotonic_frozen
s0-i7,development,0,oracle,dprm_myopic,4,0.15,f35e37eaaf2ba269,"[[2, 3, 8], [1, 4, 9], [0, 7, 10], [5, 6, 11]]",0.19244995954695532,-0.8212203510494079,1.6359291912768965,-0.3320757066874966,,0.9999999999999998,0.15174839058826614,0.15174839058826614,0.20553900529914718,0.00023942998133561811,0.9779400700674177,"{""1"": 13}",0.15174839058826614,0.1515929207560833,3.4228247112081145,1e-05,True,40,development_isotonic_frozen
s0-i7,development,0,oracle,dprm_rollout,4,0.15,6e94c6d04ee07a3c,"[[1, 9, 11], [5, 6, 8], [0, 4, 7], [2, 3, 10]]",0.19244995954695532,-0.6968675992776081,1.7934007211226601,-0.01921762776163496,,0.003717614475704862,0.17999785387257963,0.17999785387257963,0.013566334267000223,0.00022159734496717714,-0.010347917675896639,"{""1"": 12, ""3"": 1}",0.17999785387257963,0.17994629403137724,4.311742566937283,1e-05,True,40,development_isotonic_frozen
s0-i7,development,0,oracle,subset_exact,4,0.15,4c4284f962bc0009,"[[0, 5, 10], [1, 4, 11], [2, 6, 7], [3, 8, 9]]",0.19244995954695532,-0.7524496499296651,1.7202799365256851,-0.21630736179094842,,0.9999999999999998,0.15075230589456534,0.15075230589456534,0.20553900529914718,-0.0007449735941679023,1.0492231709636242,"{""1"": 13}",0.15075230589456534,0.1506523003610037,3.3179414284256867,1e-05,True,40,development_isotonic_frozen
s0-i7,development,0,oracle,subset_beam_8,4,0.15,4c4284f962bc0009,"[[0, 5, 10], [1, 4, 11], [2, 6, 7], [3, 8, 9]]",0.19244995954695532,-0.7524496499296651,1.7202799365256851,-0.21630736179094842,,0.9999999999999998,0.15075230589456534,0.15075230589456534,0.20553900529914718,-0.0007449735941679023,1.0492231709636242,"{""1"": 13}",0.15075230589456534,0.1506523003610037,3.3179414284256867,1e-05,True,40,development_isotonic_frozen
s0-i7,development,0,oracle,subset_beam_32,4,0.15,4c4284f962bc0009,"[[0, 5, 10], [1, 4, 11], [2, 6, 7], [3, 8, 9]]",0.19244995954695532,-0.7524496499296651,1.7202799365256851,-0.21630736179094842,,0.9999999999999998,0.15075230589456534,0.15075230589456534,0.20553900529914718,-0.0007449735941679023,1.0492231709636242,"{""1"": 13}",0.15075230589456534,0.1506523003610037,3.3179414284256867,1e-05,True,40,development_isotonic_frozen
s0-i7,development,0,oracle,saps_diagonal,4,0.15,a3ef725440139275,"[[0, 3, 11], [2, 4, 7], [1, 5, 10], [6, 8, 9]]",0.19244995954695532,-0.7509926372499524,1.7226224439170255,-0.00685550513528496,,0.9999999999999998,0.17644977690003802,0.17644977690003802,0.20553900529914718,0.0033316228141191217,0.02043649840676677,"{""1"": 13}",0.17644977690003802,0.17639480546812744,3.209288978437186,1e-05,True,40,development_isotonic_frozen
s0-i7,development,0,oracle,p_saps_residualized,4,0.15,5b94fdb3c0760c4a,"[[1, 7, 10], [0, 6, 8], [2, 5, 11], [3, 4, 9]]",0.19244995954695532,-0.7599502784733069,1.6926480252667897,-0.3495763862133051,,0.003717614475704862,0.1465294654550313,0.1465294654550313,0.20553900529914718,-0.00010721430727931439,-0.010832832013697245,"{""1"": 12, ""2"": 1}",0.1465294654550313,0.14651602091114685,4.257704010228623,1e-05,True,80,development_isotonic_frozen
s0-i7,development,0,oracle,p_saps_projection,4,0.15,05babd48f51df135,"[[6, 10, 11], [2, 3, 4], [0, 8, 9], [1, 5, 7]]",0.19244995954695532,-0.7999925351850027,1.651813462664993,-0.004923068964141161,,0.003717614475704862,0.24671174622994135,0.24671174622994135,0.013566334267000223,0.002935148323299611,0.03897848494789112,"{""1"": 12, ""3"": 1}",0.24671174622994135,0.24602176790769384,4.435283549825326,1e-05,True,640,development_isotonic_frozen
s0-i7,development,0,oracle,b_saps_budgeted,4,0.15,a3ef725440139275,"[[0, 3, 11], [2, 4, 7], [1, 5, 10], [6, 8, 9]]",0.19244995954695532,-0.7509926372499524,1.7226224439170255,-0.00685550513528496,,0.9999999999999998,0.17644977690003802,0.17644977690003802,0.20553900529914718,0.0033316228141191217,0.02043649840676677,"{""1"": 13}",0.17644977690003802,0.17639480546812744,3.209288978437186,1e-05,True,40,development_isotonic_frozen
s0-i7,development,0,random_matched,random_balanced,1,0.01,8a4f20d215a3b9a1,"[[0, 1, 2, 3, 4, 5, 6, 7, 8, 9, 10, 11]]",0.758931983580017,-0.0,0.0,-0.8555090646760319,,0.0,0.20159248858180262,0.20159248858180262,0.758931983580017,-6.726093781159042e-06,0.05029409843998485,"{""2"": 21, ""4"": 22, ""3"": 23}",0.20159248858180262,0.20159063621823925,66.7438198915443,1e-05,True,40,development_isotonic_frozen
s0-i7,development,0,random_matched,confidence,1,0.01,8a4f20d215a3b9a1,"[[0, 1, 2, 3, 4, 5, 6, 7, 8, 9, 10, 11]]",0.758931983580017,-0.0,0.0,-0.8555090646760319,,0.0,0.20159248858180262,0.20159248858180262,0.758931983580017,-6.726093781159042e-06,0.05029409843998485,"{""2"": 21, ""4"": 22, ""3"": 23}",0.20159248858180262,0.20159063621823925,66.7438198915443,1e-05,True,40,development_isotonic_frozen
s0-i7,development,0,random_matched,entropy,1,0.01,8a4f20d215a3b9a1,"[[0, 1, 2, 3, 4, 5, 6, 7, 8, 9, 10, 11]]",0.758931983580017,-0.0,0.0,-0.8555090646760319,,0.0,0.20159248858180262,0.20159248858180262,0.758931983580017,-6.726093781159042e-06,0.05029409843998485,"{""2"": 21, ""4"": 22, ""3"": 23}",0.20159248858180262,0.20159063621823925,66.7438198915443,1e-05,True,40,development_isotonic_frozen
s0-i7,development,0,random_matched,dependency_cmi,1,0.01,8a4f20d215a3b9a1,"[[0, 1, 2, 3, 4, 5, 6, 7, 8, 9, 10, 11]]",0.758931983580017,-0.0,0.0,-0.8555090646760319,,0.0,0.20159248858180262,0.20159248858180262,0.758931983580017,-6.726093781159042e-06,0.05029409843998485,"{""2"": 21, ""4"": 22, ""3"": 23}",0.20159248858180262,0.20159063621823925,66.7438198915443,1e-05,True,40,development_isotonic_frozen
s0-i7,development,0,random_matched,min_within_batch_tc,1,0.01,8a4f20d215a3b9a1,"[[0, 1, 2, 3, 4, 5, 6, 7, 8, 9, 10, 11]]",0.758931983580017,-0.0,0.0,-0.8555090646760319,,0.0,0.20159248858180262,0.20159248858180262,0.758931983580017,-6.726093781159042e-06,0.05029409843998485,"{""2"": 21, ""4"": 22, ""3"": 23}",0.20159248858180262,0.20159063621823925,66.7438198915443,1e-05,True,40,development_isotonic_frozen
s0-i7,development,0,random_matched,dprm_myopic,1,0.01,8a4f20d215a3b9a1,"[[0, 1, 2, 3, 4, 5, 6, 7, 8, 9, 10, 11]]",0.758931983580017,-0.0,0.0,-0.8555090646760319,,0.0,0.20159248858180262,0.20159248858180262,0.758931983580017,-6.726093781159042e-06,0.05029409843998485,"{""2"": 21, ""4"": 22, ""3"": 23}",0.20159248858180262,0.20159063621823925,66.7438198915443,1e-05,True,40,development_isotonic_frozen
s0-i7,development,0,random_matched,dprm_rollout,1,0.01,8a4f20d215a3b9a1,"[[0, 1, 2, 3, 4, 5, 6, 7, 8, 9, 10, 11]]",0.758931983580017,-0.0,0.0,-0.8555090646760319,,0.0,0.20159248858180262,0.20159248858180262,0.758931983580017,-6.726093781159042e-06,0.05029409843998485,"{""2"": 21, ""4"": 22, ""3"": 23}",0.20159248858180262,0.20159063621823925,66.7438198915443,1e-05,True,40,development_isotonic_frozen
s0-i7,development,0,random_matched,subset_exact,1,0.01,8a4f20d215a3b9a1,"[[0, 1, 2, 3, 4, 5, 6, 7, 8, 9, 10, 11]]",0.758931983580017,-0.0,0.0,-0.8555090646760319,,0.0,0.20159248858180262,0.20159248858180262,0.758931983580017,-6.726093781159042e-06,0.05029409843998485,"{""2"": 21, ""4"": 22, ""3"": 23}",0.20159248858180262,0.20159063621823925,66.7438198915443,1e-05,True,40,development_isotonic_frozen
s0-i7,development,0,random_matched,subset_beam_8,1,0.01,8a4f20d215a3b9a1,"[[0, 1, 2, 3, 4, 5, 6, 7, 8, 9, 10, 11]]",0.758931983580017,-0.0,0.0,-0.8555090646760319,,0.0,0.20159248858180262,0.20159248858180262,0.758931983580017,-6.726093781159042e-06,0.05029409843998485,"{""2"": 21, ""4"": 22, ""3"": 23}",0.20159248858180262,0.20159063621823925,66.7438198915443,1e-05,True,40,development_isotonic_frozen
s0-i7,development,0,random_matched,subset_beam_32,1,0.01,8a4f20d215a3b9a1,"[[0, 1, 2, 3, 4, 5, 6, 7, 8, 9, 10, 11]]",0.758931983580017,-0.0,0.0,-0.8555090646760319,,0.0,0.20159248858180262,0.20159248858180262,0.758931983580017,-6.726093781159042e-06,0.05029409843998485,"{""2"": 21, ""4"": 22, ""3"": 23}",0.20159248858180262,0.20159063621823925,66.7438198915443,1e-05,True,40,development_isotonic_frozen
s0-i7,development,0,random_matched,saps_diagonal,1,0.01,8a4f20d215a3b9a1,"[[0, 1, 2, 3, 4, 5, 6, 7, 8, 9, 10, 11]]",0.758931983580017,-0.0,0.0,-0.8555090646760319,,0.0,0.20159248858180262,0.20159248858180262,0.758931983580017,-6.726093781159042e-06,0.05029409843998485,"{""2"": 21, ""4"": 22, ""3"": 23}",0.20159248858180262,0.20159063621823925,66.7438198915443,1e-05,True,40,development_isotonic_frozen
s0-i7,development,0,random_matched,p_saps_residualized,1,0.01,8a4f20d215a3b9a1,"[[0, 1, 2, 3, 4, 5, 6, 7, 8, 9, 10, 11]]",0.758931983580017,-0.0,0.0,-0.8555090646760319,,0.0,0.20159248858180262,0.20159248858180262,0.758931983580017,-6.726093781159042e-06,0.05029409843998485,"{""2"": 21, ""4"": 22, ""3"": 23}",0.20159248858180262,0.20159063621823925,66.7438198915443,1e-05,True,40,development_isotonic_frozen
s0-i7,development,0,random_matched,p_saps_projection,1,0.01,8a4f20d215a3b9a1,"[[0, 1, 2, 3, 4, 5, 6, 7, 8, 9, 10, 11]]",0.758931983580017,-0.0,0.0,-0.8555090646760319,,0.0,0.20159248858180262,0.20159248858180262,0.758931983580017,-6.726093781159042e-06,0.05029409843998485,"{""2"": 21, ""4"": 22, ""3"": 23}",0.20159248858180262,0.20159063621823925,66.7438198915443,1e-05,True,40,development_isotonic_frozen
s0-i7,development,0,random_matched,b_saps_budgeted,1,0.01,8a4f20d215a3b9a1,"[[0, 1, 2, 3, 4, 5, 6, 7, 8, 9, 10, 11]]",0.758931983580017,-0.0,0.0,-0.8555090646760319,,0.0,0.20159248858180262,0.20159248858180262,0.758931983580017,-6.726093781159042e-06,0.05029409843998485,"{""2"": 21, ""4"": 22, ""3"": 23}",0.20159248858180262,0.20159063621823925,66.7438198915443,1e-05,True,40,development_isotonic_frozen
s0-i7,development,0,random_matched,random_balanced,1,0.05,8a4f20d215a3b9a1,"[[0, 1, 2, 3, 4, 5, 6, 7, 8, 9, 10, 11]]",1.7195484984681046,-0.0,0.0,-0.8555090646760319,,0.0,0.20159248858180262,0.20159248858180262,1.7195484984681046,0.0,0.0168673466624373,"{""2"": 21, ""4"": 22, ""3"": 23}",0.20159248858180262,0.20159063621823925,66.7438198915443,1e-05,True,40,development_isotonic_frozen
s0-i7,development,0,random_matched,confidence,1,0.05,8a4f20d215a3b9a1,"[[0, 1, 2, 3, 4, 5, 6, 7, 8, 9, 10, 11]]",1.7195484984681046,-0.0,0.0,-0.8555090646760319,,0.0,0.20159248858180262,0.20159248858180262,1.7195484984681046,0.0,0.0168673466624373,"{""2"": 21, ""4"": 22, ""3"": 23}",0.20159248858180262,0.20159063621823925,66.7438198915443,1e-05,True,40,development_isotonic_frozen
s0-i7,development,0,random_matched,entropy,1,0.05,8a4f20d215a3b9a1,"[[0, 1, 2, 3, 4, 5, 6, 7, 8, 9, 10, 11]]",1.7195484984681046,-0.0,0.0,-0.8555090646760319,,0.0,0.20159248858180262,0.20159248858180262,1.7195484984681046,0.0,0.0168673466624373,"{""2"": 21, ""4"": 22, ""3"": 23}",0.20159248858180262,0.20159063621823925,66.7438198915443,1e-05,True,40,development_isotonic_frozen
s0-i7,development,0,random_matched,dependency_cmi,1,0.05,8a4f20d215a3b9a1,"[[0, 1, 2, 3, 4, 5, 6, 7, 8, 9, 10, 11]]",1.7195484984681046,-0.0,0.0,-0.8555090646760319,,0.0,0.20159248858180262,0.20159248858180262,1.7195484984681046,0.0,0.0168673466624373,"{""2"": 21, ""4"": 22, ""3"": 23}",0.20159248858180262,0.20159063621823925,66.7438198915443,1e-05,True,40,development_isotonic_frozen
s0-i7,development,0,random_matched,min_within_batch_tc,1,0.05,8a4f20d215a3b9a1,"[[0, 1, 2, 3, 4, 5, 6, 7, 8, 9, 10, 11]]",1.7195484984681046,-0.0,0.0,-0.8555090646760319,,0.0,0.20159248858180262,0.20159248858180262,1.7195484984681046,0.0,0.0168673466624373,"{""2"": 21, ""4"": 22, ""3"": 23}",0.20159248858180262,0.20159063621823925,66.7438198915443,1e-05,True,40,development_isotonic_frozen
s0-i7,development,0,random_matched,dprm_myopic,1,0.05,8a4f20d215a3b9a1,"[[0, 1, 2, 3, 4, 5, 6, 7, 8, 9, 10, 11]]",1.7195484984681046,-0.0,0.0,-0.8555090646760319,,0.0,0.20159248858180262,0.20159248858180262,1.7195484984681046,0.0,0.0168673466624373,"{""2"": 21, ""4"": 22, ""3"": 23}",0.20159248858180262,0.20159063621823925,66.7438198915443,1e-05,True,40,development_isotonic_frozen
s0-i7,development,0,random_matched,dprm_rollout,1,0.05,8a4f20d215a3b9a1,"[[0, 1, 2, 3, 4, 5, 6, 7, 8, 9, 10, 11]]",1.7195484984681046,-0.0,0.0,-0.8555090646760319,,0.0,0.20159248858180262,0.20159248858180262,1.7195484984681046,0.0,0.0168673466624373,"{""2"": 21, ""4"": 22, ""3"": 23}",0.20159248858180262,0.20159063621823925,66.7438198915443,1e-05,True,40,development_isotonic_frozen
s0-i7,development,0,random_matched,subset_exact,1,0.05,8a4f20d215a3b9a1,"[[0, 1, 2, 3, 4, 5, 6, 7, 8, 9, 10, 11]]",1.7195484984681046,-0.0,0.0,-0.8555090646760319,,0.0,0.20159248858180262,0.20159248858180262,1.7195484984681046,0.0,0.0168673466624373,"{""2"": 21, ""4"": 22, ""3"": 23}",0.20159248858180262,0.20159063621823925,66.7438198915443,1e-05,True,40,development_isotonic_frozen
s0-i7,development,0,random_matched,subset_beam_8,1,0.05,8a4f20d215a3b9a1,"[[0, 1, 2, 3, 4, 5, 6, 7, 8, 9, 10, 11]]",1.7195484984681046,-0.0,0.0,-0.8555090646760319,,0.0,0.20159248858180262,0.20159248858180262,1.7195484984681046,0.0,0.0168673466624373,"{""2"": 21, ""4"": 22, ""3"": 23}",0.20159248858180262,0.20159063621823925,66.7438198915443,1e-05,True,40,development_isotonic_frozen
s0-i7,development,0,random_matched,subset_beam_32,1,0.05,8a4f20d215a3b9a1,"[[0, 1, 2, 3, 4, 5, 6, 7, 8, 9, 10, 11]]",1.7195484984681046,-0.0,0.0,-0.8555090646760319,,0.0,0.20159248858180262,0.20159248858180262,1.7195484984681046,0.0,0.0168673466624373,"{""2"": 21, ""4"": 22, ""3"": 23}",0.20159248858180262,0.20159063621823925,66.7438198915443,1e-05,True,40,development_isotonic_frozen
s0-i7,development,0,random_matched,saps_diagonal,1,0.05,8a4f20d215a3b9a1,"[[0, 1, 2, 3, 4, 5, 6, 7, 8, 9, 10, 11]]",1.7195484984681046,-0.0,0.0,-0.8555090646760319,,0.0,0.20159248858180262,0.20159248858180262,1.7195484984681046,0.0,0.0168673466624373,"{""2"": 21, ""4"": 22, ""3"": 23}",0.20159248858180262,0.20159063621823925,66.7438198915443,1e-05,True,40,development_isotonic_frozen
s0-i7,development,0,random_matched,p_saps_residualized,1,0.05,8a4f20d215a3b9a1,"[[0, 1, 2, 3, 4, 5, 6, 7, 8, 9, 10, 11]]",1.7195484984681046,-0.0,0.0,-0.8555090646760319,,0.0,0.20159248858180262,0.20159248858180262,1.7195484984681046,0.0,0.0168673466624373,"{""2"": 21, ""4"": 22, ""3"": 23}",0.20159248858180262,0.20159063621823925,66.7438198915443,1e-05,True,40,development_isotonic_frozen
s0-i7,development,0,random_matched,p_saps_projection,1,0.05,8a4f20d215a3b9a1,"[[0, 1, 2, 3, 4, 5, 6, 7, 8, 9, 10, 11]]",1.7195484984681046,-0.0,0.0,-0.8555090646760319,,0.0,0.20159248858180262,0.20159248858180262,1.7195484984681046,0.0,0.0168673466624373,"{""2"": 21, ""4"": 22, ""3"": 23}",0.20159248858180262,0.20159063621823925,66.7438198915443,1e-05,True,40,development_isotonic_frozen
s0-i7,development,0,random_matched,b_saps_budgeted,1,0.05,8a4f20d215a3b9a1,"[[0, 1, 2, 3, 4, 5, 6, 7, 8, 9, 10, 11]]",1.7195484984681046,-0.0,0.0,-0.8555090646760319,,0.0,0.20159248858180262,0.20159248858180262,1.7195484984681046,0.0,0.0168673466624373,"{""2"": 21, ""4"": 22, ""3"": 23}",0.20159248858180262,0.20159063621823925,66.7438198915443,1e-05,True,40,development_isotonic_frozen
s0-i7,development,0,random_matched,random_balanced,1,0.15,8a4f20d215a3b9a1,"[[0, 1, 2, 3, 4, 5, 6, 7, 8, 9, 10, 11]]",4.8945686971641535,-0.0,0.0,-0.8555090646760319,,0.0,0.20159248858180262,0.20159248858180262,4.8945686971641535,-0.00020979133305887299,0.018453199807201174,"{""2"": 21, ""4"": 22, ""3"": 23}",0.20159248858180262,0.20159063621823925,66.7438198915443,1e-05,True,40,development_isotonic_frozen
s0-i7,development,0,random_matched,confidence,1,0.15,8a4f20d215a3b9a1,"[[0, 1, 2, 3, 4, 5, 6, 7, 8, 9, 10, 11]]",4.8945686971641535,-0.0,0.0,-0.8555090646760319,,0.0,0.20159248858180262,0.20159248858180262,4.8945686971641535,-0.00020979133305887299,0.018453199807201174,"{""2"": 21, ""4"": 22, ""3"": 23}",0.20159248858180262,0.20159063621823925,66.7438198915443,1e-05,True,40,development_isotonic_frozen
s0-i7,development,0,random_matched,entropy,1,0.15,8a4f20d215a3b9a1,"[[0, 1, 2, 3, 4, 5, 6, 7, 8, 9, 10, 11]]",4.8945686971641535,-0.0,0.0,-0.8555090646760319,,0.0,0.20159248858180262,0.20159248858180262,4.8945686971641535,-0.00020979133305887299,0.018453199807201174,"{""2"": 21, ""4"": 22, ""3"": 23}",0.20159248858180262,0.20159063621823925,66.7438198915443,1e-05,True,40,development_isotonic_frozen
s0-i7,development,0,random_matched,dependency_cmi,1,0.15,8a4f20d215a3b9a1,"[[0, 1, 2, 3, 4, 5, 6, 7, 8, 9, 10, 11]]",4.8945686971641535,-0.0,0.0,-0.8555090646760319,,0.0,0.20159248858180262,0.20159248858180262,4.8945686971641535,-0.00020979133305887299,0.018453199807201174,"{""2"": 21, ""4"": 22, ""3"": 23}",0.20159248858180262,0.20159063621823925,66.7438198915443,1e-05,True,40,development_isotonic_frozen
s0-i7,development,0,random_matched,min_within_batch_tc,1,0.15,8a4f20d215a3b9a1,"[[0, 1, 2, 3, 4, 5, 6, 7, 8, 9, 10, 11]]",4.8945686971641535,-0.0,0.0,-0.8555090646760319,,0.0,0.20159248858180262,0.20159248858180262,4.8945686971641535,-0.00020979133305887299,0.018453199807201174,"{""2"": 21, ""4"": 22, ""3"": 23}",0.20159248858180262,0.20159063621823925,66.7438198915443,1e-05,True,40,development_isotonic_frozen
s0-i7,development,0,random_matched,dprm_myopic,1,0.15,8a4f20d215a3b9a1,"[[0, 1, 2, 3, 4, 5, 6, 7, 8, 9, 10, 11]]",4.8945686971641535,-0.0,0.0,-0.8555090646760319,,0.0,0.20159248858180262,0.20159248858180262,4.8945686971641535,-0.00020979133305887299,0.018453199807201174,"{""2"": 21, ""4"": 22, ""3"": 23}",0.20159248858180262,0.20159063621823925,66.7438198915443,1e-05,True,40,development_isotonic_frozen
s0-i7,development,0,random_matched,dprm_rollout,1,0.15,8a4f20d215a3b9a1,"[[0, 1, 2, 3, 4, 5, 6, 7, 8, 9, 10, 11]]",4.8945686971641535,-0.0,0.0,-0.8555090646760319,,0.0,0.20159248858180262,0.20159248858180262,4.8945686971641535,-0.00020979133305887299,0.018453199807201174,"{""2"": 21, ""4"": 22, ""3"": 23}",0.20159248858180262,0.20159063621823925,66.7438198915443,1e-05,True,40,development_isotonic_frozen
s0-i7,development,0,random_matched,subset_exact,1,0.15,8a4f20d215a3b9a1,"[[0, 1, 2, 3, 4, 5, 6, 7, 8, 9, 10, 11]]",4.8945686971641535,-0.0,0.0,-0.8555090646760319,,0.0,0.20159248858180262,0.20159248858180262,4.8945686971641535,-0.00020979133305887299,0.018453199807201174,"{""2"": 21, ""4"": 22, ""3"": 23}",0.20159248858180262,0.20159063621823925,66.7438198915443,1e-05,True,40,development_isotonic_frozen
s0-i7,development,0,random_matched,subset_beam_8,1,0.15,8a4f20d215a3b9a1,"[[0, 1, 2, 3, 4, 5, 6, 7, 8, 9, 10, 11]]",4.8945686971641535,-0.0,0.0,-0.8555090646760319,,0.0,0.20159248858180262,0.20159248858180262,4.8945686971641535,-0.00020979133305887299,0.018453199807201174,"{""2"": 21, ""4"": 22, ""3"": 23}",0.20159248858180262,0.20159063621823925,66.7438198915443,1e-05,True,40,development_isotonic_frozen
s0-i7,development,0,random_matched,subset_beam_32,1,0.15,8a4f20d215a3b9a1,"[[0, 1, 2, 3, 4, 5, 6, 7, 8, 9, 10, 11]]",4.8945686971641535,-0.0,0.0,-0.8555090646760319,,0.0,0.20159248858180262,0.20159248858180262,4.8945686971641535,-0.00020979133305887299,0.018453199807201174,"{""2"": 21, ""4"": 22, ""3"": 23}",0.20159248858180262,0.20159063621823925,66.7438198915443,1e-05,True,40,development_isotonic_frozen
s0-i7,development,0,random_matched,saps_diagonal,1,0.15,8a4f20d215a3b9a1,"[[0, 1, 2, 3, 4, 5, 6, 7, 8, 9, 10, 11]]",4.8945686971641535,-0.0,0.0,-0.8555090646760319,,0.0,0.20159248858180262,0.20159248858180262,4.8945686971641535,-0.00020979133305887299,0.018453199807201174,"{""2"": 21, ""4"": 22, ""3"": 23}",0.20159248858180262,0.20159063621823925,66.7438198915443,1e-05,True,40,development_isotonic_frozen
s0-i7,development,0,random_matched,p_saps_residualized,1,0.15,8a4f20d215a3b9a1,"[[0, 1, 2, 3, 4, 5, 6, 7, 8, 9, 10, 11]]",4.8945686971641535,-0.0,0.0,-0.8555090646760319,,0.0,0.20159248858180262,0.20159248858180262,4.8945686971641535,-0.00020979133305887299,0.018453199807201174,"{""2"": 21, ""4"": 22, ""3"": 23}",0.20159248858180262,0.20159063621823925,66.7438198915443,1e-05,True,40,development_isotonic_frozen
s0-i7,development,0,random_matched,p_saps_projection,1,0.15,8a4f20d215a3b9a1,"[[0, 1, 2, 3, 4, 5, 6, 7, 8, 9, 10, 11]]",4.8945686971641535,-0.0,0.0,-0.8555090646760319,,0.0,0.20159248858180262,0.20159248858180262,4.8945686971641535,-0.00020979133305887299,0.018453199807201174,"{""2"": 21, ""4"": 22, ""3"": 23}",0.20159248858180262,0.20159063621823925,66.7438198915443,1e-05,True,40,development_isotonic_frozen
s0-i7,development,0,random_matched,b_saps_budgeted,1,0.15,8a4f20d215a3b9a1,"[[0, 1, 2, 3, 4, 5, 6, 7, 8, 9, 10, 11]]",4.8945686971641535,-0.0,0.0,-0.8555090646760319,,0.0,0.20159248858180262,0.20159248858180262,4.8945686971641535,-0.00020979133305887299,0.018453199807201174,"{""2"": 21, ""4"": 22, ""3"": 23}",0.20159248858180262,0.20159063621823925,66.7438198915443,1e-05,True,40,development_isotonic_frozen
s0-i7,development,0,random_matched,random_balanced,2,0.01,bc7016f00fc5a974,"[[0, 2, 3, 4, 7, 11], [1, 5, 6, 8, 9, 10]]",1.9931547043515596,-0.2517032519334086,0.5742732183316958,-0.13750598838182737,,29.0,0.16379903089845813,0.16379903089845813,2.1322374776771906,0.0,0.057241286210208284,"{""1"": 29, ""2"": 30, ""3"": 7}",0.16379903089845813,0.16378598739894992,56.19236405115884,1e-05,True,40,development_isotonic_frozen
s0-i7,development,0,random_matched,confidence,2,0.01,4f12a493605d1c08,"[[0, 1, 4, 6, 7, 11], [2, 3, 5, 8, 9, 10]]",1.9931547043515596,-0.2196373543309181,0.6140371304093581,-0.27190474220080507,,28.0,0.2066741600933823,0.2066741600933823,2.023818622880045,1.3956890567384282e-05,0.010687450169326939,"{""2"": 28, ""1"": 28, ""3"": 9, ""4"": 1}",0.2066741600933823,0.20665778059160955,50.747370222162914,1e-05,True,40,development_isotonic_frozen
s0-i7,development,0,random_matched,entropy,2,0.01,72c4bb887660362c,"[[0, 1, 4, 7, 9, 11], [2, 3, 5, 6, 8, 10]]",1.9931547043515596,-0.2265668607529077,0.6150921401770009,-0.5579084217306646,,33.0,0.20614001493286963,0.20614001493286963,2.05995824114576,0.0,0.030259167933266745,"{""2"": 24, ""1"": 33, ""3"": 7, ""4"": 2}",0.20614001493286963,0.20613591497958972,51.34607025823764,1e-05,True,40,development_isotonic_frozen
s0-i7,development,0,random_matched,dependency_cmi,2,0.01,7fe83fe2fc82691f,"[[0, 4, 6, 7, 8, 11], [1, 2, 3, 5, 9, 10]]",1.9931547043515596,-0.23929088831159886,0.5792962475817219,-0.19013935434758833,,22.0,0.2184126726896969,0.2184126726896969,1.8069809132857546,0.0,0.010687450169326936,"{""1"": 22, ""2"": 28, ""3"": 16}",0.2184126726896969,0.21836979440851112,57.24694241868461,1e-05,True,40,development_isotonic_frozen
s0-i7,development,0,random_matched,min_within_batch_tc,2,0.01,a65a5212bc124fc6,"[[0, 6, 7, 8, 10, 11], [1, 2, 3, 4, 5, 9]]",1.9931547043515596,-0.25434002936108385,0.5550852776399356,-0.38915945332649665,,15.0,0.19634753483517997,0.19634753483517997,1.6262828219571792,0.0,-0.009347480337391165,"{""1"": 15, ""3"": 19, ""2"": 30, ""4"": 2}",0.19634753483517997,0.1963430265631905,58.242150874699135,1e-05,True,40,development_isotonic_frozen
s0-i7,development,0,random_matched,dprm_myopic,2,0.01,d3afdfb162c221d6,"[[2, 3, 4, 5, 10, 11], [0, 1, 6, 7, 8, 9]]",1.9931547043515596,-0.2739869586108819,0.5474965893670068,-0.3042030936846993,,31.0,0.1484475564531782,0.1484475564531782,2.05995824114576,0.0,0.02022282901361888,"{""2"": 26, ""3"": 8, ""1"": 31, ""4"": 1}",0.1484475564531782,0.1484453880979917,54.94280002317386,1e-05,True,40,development_isotonic_frozen
s0-i7,development,0,random_matched,dprm_rollout,2,0.01,b9e43adaff589763,"[[2, 4, 6, 8, 10, 11], [0, 1, 3, 5, 7, 9]]",1.9931547043515596,-0.2626652360962694,0.5546823858104232,-0.335328364615812,,28.0,0.1432094988474434,0.1432094988474434,1.8431205315514698,0.0,0.0,"{""2"": 23, ""3"": 14, ""4"": 1, ""1"": 28}",0.1432094988474434,0.142537974765881,59.788160572989376,1e-05,True,40,development_isotonic_frozen
s0-i7,development,0,random_matched,subset_exact,2,0.01,2ba75b7f76c89899,"[[0, 2, 4, 6, 7, 8], [1, 3, 5, 9, 10, 11]]",1.9931547043515596,-0.2621194908163533,0.5514850010083322,-0.30174016577693497,,27.0,0.1573788593116336,0.1573788593116336,2.023818622880045,0.0,-0.009347480337391169,"{""1"": 27, ""2"": 29, ""3"": 8, ""4"": 2}",0.1573788593116336,0.15737116854612454,59.07125238513177,1e-05,True,40,development_isotonic_frozen
s0-i7,development,0,random_matched,subset_beam_8,2,0.01,0de5696474dda1c3,"[[0, 1, 2, 3, 4, 5], [6, 7, 8, 9, 10, 11]]",1.9931547043515596,-0.25536559483840443,0.5704757306220308,-0.32487441180295734,,31.0,0.15516341271115974,0.15516341271115974,1.951539386348615,0.0,0.03478438507914775,"{""2"": 23, ""4"": 4, ""1"": 31, ""3"": 8}",0.15516341271115974,0.1551563136747604,35.274661246990846,1e-05,True,40,development_isotonic_frozen
s0-i7,development,0,random_matched,subset_beam_32,2,0.01,0de5696474dda1c3,"[[0, 1, 2, 3, 4, 5], [6, 7, 8, 9, 10, 11]]",1.9931547043515596,-0.25536559483840443,0.5704757306220308,-0.32487441180295734,,31.0,0.15516341271115974,0.15516341271115974,1.951539386348615,0.0,0.03478438507914775,"{""2"": 23, ""4"": 4, ""1"": 31, ""3"": 8}",0.15516341271115974,0.1551563136747604,35.274661246990846,1e-05,True,40,development_isotonic_frozen
s0-i7,development,0,random_matched,saps_diagonal,2,0.01,fd45fca10ebaf93d,"[[0, 1, 3, 4, 5, 6], [2, 7, 8, 9, 10, 11]]",1.9931547043515596,-0.25059512432775805,0.5699384776006512,-0.1815456008674144,,39.0,0.18212392852327186,0.18212392852327186,1.951539386348615,0.0,1.0383966178861772,"{""2"": 15, ""1"": 39, ""4"": 4, ""3"": 8}",0.18212392852327186,0.18211961886427183,42.52287661662144,1e-05,True,40,development_isotonic_frozen
s0-i7,development,0,random_matched,p_saps_residualized,2,0.01,b62fd84fcb42c169,"[[0, 1, 2, 3, 5, 6], [4, 7, 8, 9, 10, 11]]",1.9931547043515596,-0.2543054790286036,0.5617862977563469,-0.6539218896002709,,33.0,0.20042835834057,0.20042835834057,2.05995824114576,0.0,0.027521269209949416,"{""2"": 24, ""1"": 33, ""4"": 2, ""3"": 7}",0.20042835834057,0.2004272693209666,53.04627486029543,1e-05,True,80,development_isotonic_frozen
s0-i7,development,0,random_matched,p_saps_projection,2,0.01,ec99e1a8bccdaaaa,"[[0, 1, 3, 4, 6, 10], [2, 5, 7, 8, 9, 11]]",1.9931547043515596,-0.26302455178359463,0.5560424546965598,-0.3947332990739718,,35.0,0.23469733590559982,0.23469733590559982,2.1322374776771906,0.0,0.0584169671533344,"{""2"": 24, ""1"": 35, ""4"": 2, ""3"": 5}",0.23469733590559982,0.23469264000325657,39.07283298166129,1e-05,True,640,development_isotonic_frozen
s0-i7,development,0,random_matched,b_saps_budgeted,2,0.01,8daf2e7406b4ec2a,"[[0, 2, 3, 4, 10, 11], [1, 5, 6, 7, 8, 9]]",1.9931547043515596,-0.26592124977975806,0.5561806494349728,-0.16360898962295747,,28.0,0.20158131032457788,0.20158131032457788,2.2045167142086206,0.0,0.038396617886177126,"{""1"": 28, ""2"": 33, ""3"": 3, ""4"": 2}",0.20158131032457788,0.20147814233634542,56.214080776826265,1e-05,True,40,development_isotonic_frozen
s0-i7,development,0,random_matched,random_balanced,2,0.05,bc7016f00fc5a974,"[[0, 2, 3, 4, 7, 11], [1, 5, 6, 8, 9, 10]]",5.200661158638015,-0.2517032519334086,0.5742732183316958,-0.13750598838182737,,29.0,0.16379903089845813,0.16379903089845813,5.589046709885513,0.004863866359405255,1.0081907308789835,"{""1"": 29, ""2"": 30, ""3"": 7}",0.16379903089845813,0.16378598739894992,56.19236405115884,1e-05,True,40,development_isotonic_frozen
s0-i7,development,0,random_matched,confidence,2,0.05,4f12a493605d1c08,"[[0, 1, 4, 6, 7, 11], [2, 3, 5, 8, 9, 10]]",5.200661158638015,-0.2196373543309181,0.6140371304093581,-0.27190474220080507,,28.0,0.2066741600933823,0.2066741600933823,5.3172612601897775,-5.70562778677222e-06,0.0066799891241314715,"{""2"": 28, ""1"": 28, ""3"": 9, ""4"": 1}",0.2066741600933823,0.20665778059160955,50.747370222162914,1e-05,True,40,development_isotonic_frozen
s0-i7,development,0,random_matched,entropy,2,0.05,72c4bb887660362c,"[[0, 1, 4, 7, 9, 11], [2, 3, 5, 6, 8, 10]]",5.200661158638015,-0.2265668607529077,0.6150921401770009,-0.5579084217306646,,33.0,0.20614001493286963,0.20614001493286963,5.52982284302305,-1.0887142119300816e-05,0.019634409624136522,"{""2"": 24, ""1"": 33, ""3"": 7, ""4"": 2}",0.20614001493286963,0.20613591497958972,51.34607025823764,1e-05,True,40,development_isotonic_frozen
s0-i7,development,0,random_matched,dependency_cmi,2,0.05,7fe83fe2fc82691f,"[[0, 4, 6, 7, 8, 11], [1, 2, 3, 5, 9, 10]]",5.200661158638015,-0.23929088831159886,0.5792962475817219,-0.19013935434758833,,22.0,0.2184126726896969,0.2184126726896969,4.669147703997141,0.0029790007119283313,0.009187801910354189,"{""1"": 22, ""2"": 28, ""3"": 16}",0.2184126726896969,0.21836979440851112,57.24694241868461,1e-05,True,40,development_isotonic_frozen
s0-i7,development,0,random_matched,min_within_batch_tc,2,0.05,a65a5212bc124fc6,"[[0, 6, 7, 8, 10, 11], [1, 2, 3, 4, 5, 9]]",5.200661158638015,-0.25434002936108385,0.5550852776399356,-0.38915945332649665,,15.0,0.19634753483517997,0.19634753483517997,4.076781745436027,-0.0020496562295033386,0.008464752999185188,"{""1"": 15, ""3"": 19, ""2"": 30, ""4"": 2}",0.19634753483517997,0.1963430265631905,58.242150874699135,1e-05,True,40,development_isotonic_frozen
s0-i7,development,0,random_matched,dprm_myopic,2,0.05,d3afdfb162c221d6,"[[2, 3, 4, 5, 10, 11], [0, 1, 6, 7, 8, 9]]",5.200661158638015,-0.2739869586108819,0.5474965893670068,-0.3042030936846993,,31.0,0.1484475564531782,0.1484475564531782,5.477551514622467,-0.24867421585620758,0.0006191014978842342,"{""2"": 26, ""3"": 8, ""1"": 31, ""4"": 1}",0.1484475564531782,0.1484453880979917,54.94280002317386,1e-05,True,40,development_isotonic_frozen
s0-i7,development,0,random_matched,dprm_rollout,2,0.05,b2378c3403a2d9a2,"[[2, 3, 6, 8, 10, 11], [0, 1, 4, 5, 7, 9]]",5.200661158638015,-0.2727161878986877,0.534439345723433,-0.44978314236724687,,26.0,0.15824778608909468,0.15824778608909468,4.528040575302864,0.0,1.0246174620199158,"{""2"": 21, ""3"": 17, ""1"": 26, ""4"": 2}",0.15824778608909468,0.15504308959216323,57.60548940522928,1e-05,True,40,development_isotonic_frozen
s0-i7,development,0,random_matched,subset_exact,2,0.05,392767406bf609f2,"[[1, 2, 4, 6, 9, 10], [0, 3, 5, 7, 8, 11]]",5.200661158638015,-0.2679993405316862,0.5621297788109331,-0.5886421391023736,,32.0,0.07754603679003934,0.07754603679003934,5.831220226150017,-3.602350274646145e-05,0.019306969662065444,"{""1"": 32, ""2"": 29, ""3"": 4, ""4"": 1}",0.07754603679003934,0.07754224200525502,40.55728756547247,1e-05,True,40,development_isotonic_frozen
s0-i7,development,0,random_matched,subset_beam_8,2,0.05,1588902a90832f21,"[[0, 1, 2, 4, 5, 10], [3, 6, 7, 8, 9, 11]]",5.200661158638015,-0.2603637840854711,0.5665078007672348,-0.41849828233166303,,21.0,0.1736866107411329,0.1736866107411329,4.888661825292293,3.88160259366497e-05,0.014216374129003142,"{""2"": 32, ""4"": 2, ""1"": 21, ""3"": 11}",0.1736866107411329,0.1736855047195037,43.32563914592359,1e-05,True,40,development_isotonic_frozen
s0-i7,development,0,random_matched,subset_beam_32,2,0.05,392767406bf609f2,"[[1, 2, 4, 6, 9, 10], [0, 3, 5, 7, 8, 11]]",5.200661158638015,-0.2679993405316862,0.5621297788109331,-0.5886421391023736,,32.0,0.07754603679003934,0.07754603679003934,5.831220226150017,-3.602350274646145e-05,0.019306969662065444,"{""1"": 32, ""2"": 29, ""3"": 4, ""4"": 1}",0.07754603679003934,0.07754224200525502,40.55728756547247,1e-05,True,40,development_isotonic_frozen
s0-i7,development,0,random_matched,saps_diagonal,2,0.05,fd45fca10ebaf93d,"[[0, 1, 3, 4, 5, 6], [2, 7, 8, 9, 10, 11]]",5.200661158638015,-0.25059512432775805,0.5699384776006512,-0.1815456008674144,,39.0,0.18212392852327186,0.18212392852327186,5.440987042729357,0.0007939003258793306,0.009119612123759616,"{""2"": 15, ""1"": 39, ""4"": 4, ""3"": 8}",0.18212392852327186,0.18211961886427183,42.52287661662144,1e-05,True,40,development_isotonic_frozen
s0-i7,development,0,random_matched,p_saps_residualized,2,0.05,b62fd84fcb42c169,"[[0, 1, 2, 3, 5, 6], [4, 7, 8, 9, 10, 11]]",5.200661158638015,-0.2543054790286036,0.5617862977563469,-0.6539218896002709,,33.0,0.20042835834057,0.20042835834057,5.52982284302305,3.350265523344532e-06,0.019306969662065444,"{""2"": 24, ""1"": 33, ""4"": 2, ""3"": 7}",0.20042835834057,0.2004272693209666,53.04627486029543,1e-05,True,80,development_isotonic_frozen
s0-i7,development,0,random_matched,p_saps_projection,2,0.05,ec99e1a8bccdaaaa,"[[0, 1, 3, 4, 6, 10], [2, 5, 7, 8, 9, 11]]",5.200661158638015,-0.26302455178359463,0.5560424546965598,-0.3947332990739718,,35.0,0.23469733590559982,0.23469733590559982,5.745860695087263,0.0,1.0210627062145334,"{""2"": 24, ""1"": 35, ""4"": 2, ""3"": 5}",0.23469733590559982,0.23469264000325657,39.07283298166129,1e-05,True,640,development_isotonic_frozen
s0-i7,development,0,random_matched,b_saps_budgeted,2,0.05,8daf2e7406b4ec2a,"[[0, 2, 3, 4, 10, 11], [1, 5, 6, 7, 8, 9]]",5.200661158638015,-0.26592124977975806,0.5561806494349728,-0.16360898962295747,,28.0,0.20158131032457788,0.20158131032457788,5.72667756934885,-0.0004055661935856575,0.016305319381382088,"{""1"": 28, ""2"": 33, ""3"": 3, ""4"": 2}",0.20158131032457788,0.20147814233634542,56.214080776826265,1e-05,True,40,development_isotonic_frozen
s0-i7,development,0,random_matched,random_balanced,2,0.15,bc7016f00fc5a974,"[[0, 2, 3, 4, 7, 11], [1, 5, 6, 8, 9, 10]]",11.475190495451809,-0.2517032519334086,0.5742732183316958,-0.13750598838182737,,29.0,0.16379903089845813,0.16379903089845813,12.21675124823134,-0.005433752754592894,0.0388766498974865,"{""1"": 29, ""2"": 30, ""3"": 7}",0.16379903089845813,0.16378598739894992,56.19236405115884,1e-05,True,40,development_isotonic_frozen
s0-i7,development,0,random_matched,confidence,2,0.15,4f12a493605d1c08,"[[0, 1, 4, 6, 7, 11], [2, 3, 5, 8, 9, 10]]",11.475190495451809,-0.2196373543309181,0.6140371304093581,-0.27190474220080507,,28.0,0.2066741600933823,0.2066741600933823,11.638684204726037,0.0005501379381138417,0.007538310514578844,"{""2"": 28, ""1"": 28, ""3"": 9, ""4"": 1}",0.2066741600933823,0.20665778059160955,50.747370222162914,1e-05,True,40,development_isotonic_frozen
s0-i7,development,0,random_matched,entropy,2,0.15,72c4bb887660362c,"[[0, 1, 4, 7, 9, 11], [2, 3, 5, 6, 8, 10]]",11.475190495451809,-0.2265668607529077,0.6150921401770009,-0.5579084217306646,,33.0,0.20614001493286963,0.20614001493286963,11.831373219227805,4.417456663274978e-06,0.02994405813860278,"{""2"": 24, ""1"": 33, ""3"": 7, ""4"": 2}",0.20614001493286963,0.20613591497958972,51.34607025823764,1e-05,True,40,development_isotonic_frozen
s0-i7,development,0,random_matched,dependency_cmi,2,0.15,7fe83fe2fc82691f,"[[0, 4, 6, 7, 8, 11], [1, 2, 3, 5, 9, 10]]",11.475190495451809,-0.23929088831159886,0.5792962475817219,-0.19013935434758833,,22.0,0.2184126726896969,0.2184126726896969,10.482550117715428,-4.311442266968043e-06,0.023950293382097636,"{""1"": 22, ""2"": 28, ""3"": 16}",0.2184126726896969,0.21836979440851112,57.24694241868461,1e-05,True,40,development_isotonic_frozen
s0-i7,development,0,random_matched,min_within_batch_tc,2,0.15,a65a5212bc124fc6,"[[0, 6, 7, 8, 10, 11], [1, 2, 3, 4, 5, 9]]",11.475190495451809,-0.25434002936108385,0.5550852776399356,-0.38915945332649665,,15.0,0.19634753483517997,0.19634753483517997,9.519105045206588,0.00018261047817630383,0.013728562536132749,"{""1"": 15, ""3"": 19, ""2"": 30, ""4"": 2}",0.19634753483517997,0.1963430265631905,58.242150874699135,1e-05,True,40,development_isotonic_frozen
s0-i7,development,0,random_matched,dprm_myopic,2,0.15,d3afdfb162c221d6,"[[2, 3, 4, 5, 10, 11], [0, 1, 6, 7, 8, 9]]",11.475190495451809,-0.2739869586108819,0.5474965893670068,-0.3042030936846993,,31.0,0.1484475564531782,0.1484475564531782,11.831373219227805,3.827711261335894e-05,0.034783125395794874,"{""2"": 26, ""3"": 8, ""1"": 31, ""4"": 1}",0.1484475564531782,0.1484453880979917,54.94280002317386,1e-05,True,40,development_isotonic_frozen
s0-i7,development,0,random_matched,dprm_rollout,2,0.15,145d172222a8b924,"[[1, 2, 3, 8, 10, 11], [0, 4, 5, 6, 7, 9]]",11.475190495451809,-0.2565318284190627,0.5631869036011685,-0.28320264840398107,,28.0,0.18202346442373085,0.18202346442373085,11.638684204726037,-2.0489397845661366e-05,0.00409352450169162,"{""1"": 28, ""2"": 28, ""3"": 9, ""4"": 1}",0.18202346442373085,0.18201813247939322,52.36722263122328,1e-05,True,40,development_isotonic_frozen
s0-i7,development,0,random_matched,subset_exact,2,0.15,75b4f9ff9863a4d2,"[[0, 1, 2, 4, 5, 7], [3, 6, 8, 9, 10, 11]]",11.475190495451809,-0.24614578623912164,0.5846003696639578,-0.3225847659868876,,24.0,0.10683815922150136,0.10683815922150136,10.482550117715428,-0.001306877316850134,0.03987372092885719,"{""2"": 26, ""4"": 2, ""1"": 24, ""3"": 14}",0.10683815922150136,0.10683763864054958,39.848738927157804,1e-05,True,40,development_isotonic_frozen
s0-i7,development,0,random_matched,subset_beam_8,2,0.15,ceb708da1e097f80,"[[0, 1, 2, 5, 7, 11], [3, 4, 6, 8, 9, 10]]",11.475190495451809,-0.22702753843521284,0.604259436393043,-0.5800609236288387,,21.0,0.12699546002728004,0.12699546002728004,11.060617161220732,3.943907337731715e-05,1.036343545400753,"{""2"": 32, ""1"": 21, ""3"": 11, ""4"": 2}",0.12699546002728004,0.12699432406206296,54.46691294505117,1e-05,True,40,development_isotonic_frozen
s0-i7,development,0,random_matched,subset_beam_32,2,0.15,75b4f9ff9863a4d2,"[[0, 1, 2, 4, 5, 7], [3, 6, 8, 9, 10, 11]]",11.475190495451809,-0.24614578623912164,0.5846003696639578,-0.3225847659868876,,24.0,0.10683815922150136,0.10683815922150136,10.482550117715428,-0.001306877316850134,0.03987372092885719,"{""2"": 26, ""4"": 2, ""1"": 24, ""3"": 14}",0.10683815922150136,0.10683763864054958,39.848738927157804,1e-05,True,40,development_isotonic_frozen
s0-i7,development,0,random_matched,saps_diagonal,2,0.15,fd45fca10ebaf93d,"[[0, 1, 3, 4, 5, 6], [2, 7, 8, 9, 10, 11]]",11.475190495451809,-0.25059512432775805,0.5699384776006512,-0.1815456008674144,,39.0,0.18212392852327186,0.18212392852327186,11.2533061757225,0.0008053278243919362,0.011150543321608225,"{""2"": 15, ""1"": 39, ""4"": 4, ""3"": 8}",0.18212392852327186,0.18211961886427183,42.52287661662144,1e-05,True,40,development_isotonic_frozen
s0-i7,development,0,random_matched,p_saps_residualized,2,0.15,b62fd84fcb42c169,"[[0, 1, 2, 3, 5, 6], [4, 7, 8, 9, 10, 11]]",11.475190495451809,-0.2543054790286036,0.5617862977563469,-0.6539218896002709,,33.0,0.20042835834057,0.20042835834057,11.831373219227805,0.0002286719719484312,0.9965314851506456,"{""2"": 24, ""1"": 33, ""4"": 2, ""3"": 7}",0.20042835834057,0.2004272693209666,53.04627486029543,1e-05,True,80,development_isotonic_frozen
s0-i7,development,0,random_matched,p_saps_projection,2,0.15,ec99e1a8bccdaaaa,"[[0, 1, 3, 4, 6, 10], [2, 5, 7, 8, 9, 11]]",11.475190495451809,-0.26302455178359463,0.5560424546965598,-0.3947332990739718,,35.0,0.23469733590559982,0.23469733590559982,12.21675124823134,2.9449658580993287e-05,0.037361144610319405,"{""2"": 24, ""1"": 35, ""4"": 2, ""3"": 5}",0.23469733590559982,0.23469264000325657,39.07283298166129,1e-05,True,640,development_isotonic_frozen
s0-i7,development,0,random_matched,b_saps_budgeted,2,0.15,8daf2e7406b4ec2a,"[[0, 2, 3, 4, 10, 11], [1, 5, 6, 7, 8, 9]]",11.475190495451809,-0.26592124977975806,0.5561806494349728,-0.16360898962295747,,28.0,0.20158131032457788,0.20158131032457788,12.602129277234877,-0.0009141124193747727,0.04964827913378658,"{""1"": 28, ""2"": 33, ""3"": 3, ""4"": 2}",0.20158131032457788,0.20147814233634542,56.214080776826265,1e-05,True,40,development_isotonic_frozen
s0-i7,development,0,random_matched,random_balanced,3,0.01,23374e1eb93599ca,"[[0, 2, 3, 11], [1, 4, 5, 7], [6, 8, 9, 10]]",2.2579595436439814,-0.48795059896790427,1.1644080156828116,-0.13152681702053914,,39.0,0.138692646005822,0.138692646005822,2.2045167142086206,0.0,0.04754161847710669,"{""1"": 39, ""2"": 22, ""3"": 5}",0.138692646005822,0.13869058032506454,34.63586875536201,1e-05,True,40,development_isotonic_frozen
s0-i7,development,0,random_matched,confidence,3,0.01,dfe10f2c456b449d,"[[0, 1, 6, 11], [4, 5, 7, 8], [2, 3, 9, 10]]",2.2579595436439814,-0.44347233774360406,1.2091949570105003,-0.0680001683075858,,38.0,0.16709982298757653,0.16709982298757653,2.240656332474336,0.0018631764167498076,-1.0093474803373912,"{""2"": 24, ""1"": 38, ""3"": 4}",0.16709982298757653,0.16706672869698172,38.285542048601435,1e-05,True,40,development_isotonic_frozen
s0-i7,development,0,random_matched,entropy,3,0.01,5670953bd604d64c,"[[0, 1, 4, 11], [2, 6, 7, 9], [3, 5, 8, 10]]",2.2579595436439814,-0.449083426581536,1.227095491787118,-0.2588742939325674,,44.0,0.15272787050403214,0.15272787050403214,2.349075187271481,0.0,0.0,"{""2"": 21, ""1"": 44, ""3"": 1}",0.15272787050403214,0.15260334319930802,45.34759579895158,1e-05,True,40,development_isotonic_frozen
s0-i7,development,0,random_matched,dependency_cmi,3,0.01,ef84921f74bf3e22,"[[4, 6, 8, 11], [1, 2, 7, 10], [0, 3, 5, 9]]",2.2579595436439814,-0.4901576443559181,1.1556676453739254,-0.012719864770010603,,42.0,0.1734087786990195,0.1734087786990195,2.2045167142086206,0.0,-0.022677827832636815,"{""1"": 42, ""2"": 19, ""3"": 5}",0.1734087786990195,0.17321821243458468,45.08414000365329,1e-05,True,40,development_isotonic_frozen
s0-i7,development,0,random_matched,min_within_batch_tc,3,0.01,7a7b6de79b24bb9a,"[[0, 8, 10, 11], [5, 6, 7, 9], [1, 2, 3, 4]]",2.2579595436439814,-0.5173981355346701,1.1070290190548826,-0.10358261927548329,,31.0,0.14508407983897792,0.14508407983897792,2.05995824114576,-0.0018342076199886828,-0.9897757625734513,"{""1"": 31, ""3"": 9, ""2"": 26}",0.14508407983897792,0.14507750505660555,49.69390507280448,1e-05,True,40,development_isotonic_frozen
s0-i7,development,0,random_matched,dprm_myopic,3,0.01,1228678cbbcad37b,"[[0, 3, 4, 10], [2, 8, 9, 11], [1, 5, 6, 7]]",2.2579595436439814,-0.555528841966023,1.0785372310715389,-0.10412856256986715,,42.0,0.21567354136448708,0.21567354136448708,2.2045167142086206,0.0017989671776010574,0.03478438507914775,"{""1"": 42, ""2"": 19, ""3"": 4, ""4"": 1}",0.21567354136448708,0.21567054199418823,47.084591254133485,1e-05,True,40,development_isotonic_frozen
s0-i7,development,0,random_matched,dprm_rollout,3,0.01,5b07c329e75170ca,"[[0, 1, 3, 7], [4, 5, 6, 10], [2, 8, 9, 11]]",2.2579595436439814,-0.5163420783274245,1.1224335630727684,-0.21102476470963485,,49.0,0.1685219812944404,0.1685219812944404,2.240656332474336,0.002850000806051592,1.045283936741574,"{""2"": 13, ""1"": 49, ""3"": 4}",0.1685219812944404,0.1685204245988321,37.31009190899804,1e-05,True,40,development_isotonic_frozen
s0-i7,development,0,random_matched,subset_exact,3,0.01,31cf7999df2eda4a,"[[0, 2, 7, 8], [1, 4, 6, 11], [3, 5, 9, 10]]",2.2579595436439814,-0.48893637434917275,1.1513766266234853,-0.12420069808972799,,40.0,0.20381315716889056,0.20381315716889056,2.240656332474336,0.0,-0.009347480337391169,"{""1"": 40, ""2"": 22, ""3"": 4}",0.20381315716889056,0.20375042633652207,40.1260986482967,1e-05,True,40,development_isotonic_frozen
s0-i7,development,0,random_matched,subset_beam_8,3,0.01,c903c308f8452d93,"[[0, 1, 2, 3], [4, 5, 6, 11], [7, 8, 9, 10]]",2.2579595436439814,-0.48793311246945087,1.1622360421451574,-0.21551560488932558,,42.0,0.14611350918441468,0.14611350918441468,2.276795950740051,0.0,0.011951686934285662,"{""2"": 21, ""1"": 42, ""3"": 3}",0.14611350918441468,0.14611160324213923,33.046579891444416,1e-05,True,40,development_isotonic_frozen
s0-i7,development,0,random_matched,subset_beam_32,3,0.01,c903c308f8452d93,"[[0, 1, 2, 3], [4, 5, 6, 11], [7, 8, 9, 10]]",2.2579595436439814,-0.48793311246945087,1.1622360421451574,-0.21551560488932558,,42.0,0.14611350918441468,0.14611350918441468,2.276795950740051,0.0,0.011951686934285662,"{""2"": 21, ""1"": 42, ""3"": 3}",0.14611350918441468,0.14611160324213923,33.046579891444416,1e-05,True,40,development_isotonic_frozen
s0-i7,development,0,random_matched,saps_diagonal,3,0.01,098e785e6389003b,"[[1, 2, 3, 4], [0, 6, 7, 9], [5, 8, 10, 11]]",2.2579595436439814,-0.5165781757325111,1.1407699852803912,-0.14898294664070905,,52.0,0.13295020761607368,0.13295020761607368,2.312935569005766,2.749428240193317e-05,0.009347480337391169,"{""1"": 52, ""2"": 12, ""3"": 2}",0.13295020761607368,0.13288278198102155,33.68623006135881,1e-05,True,40,development_isotonic_frozen
s0-i7,development,0,random_matched,p_saps_residualized,3,0.01,e225e763d61e1c38,"[[1, 3, 6, 7], [0, 2, 8, 11], [4, 5, 9, 10]]",2.2579595436439814,-0.49006026870015756,1.1467250632254902,-0.40273459274002427,,48.0,0.08095777491869594,0.08095777491869594,2.276795950740051,0.0,0.03466999035292043,"{""1"": 48, ""2"": 15, ""3"": 3}",0.08095777491869594,0.08095732181588577,44.18911831405483,1e-05,True,80,development_isotonic_frozen
s0-i7,development,0,random_matched,p_saps_projection,3,0.01,daeafe427cf1bdf3,"[[4, 6, 10, 11], [0, 2, 3, 8], [1, 5, 7, 9]]",2.2579595436439814,-0.5238160153653811,1.1103257822240165,-0.1825280395584029,,40.0,0.20924999840401798,0.20924999840401798,2.2045167142086206,0.0,0.032180178482253255,"{""1"": 40, ""2"": 21, ""3"": 5}",0.20924999840401798,0.20924040769284546,52.26709218271703,1e-05,True,640,development_isotonic_frozen
s0-i7,development,0,random_matched,b_saps_budgeted,3,0.01,23836e08673f94b5,"[[0, 2, 3, 11], [4, 5, 7, 8], [1, 6, 9, 10]]",2.2579595436439814,-0.5076041329485851,1.1296671328551755,-0.091643602549375,,41.0,0.15981292758347032,0.15981292758347032,2.385214805537196,0.0,0.023909036402920036,"{""1"": 41, ""2"": 25}",0.15981292758347032,0.15980166982821611,50.6059271802983,1e-05,True,40,development_isotonic_frozen
s0-i7,development,0,random_matched,random_balanced,3,0.05,23374e1eb93599ca,"[[0, 2, 3, 11], [1, 4, 5, 7], [6, 8, 9, 10]]",6.165511861910957,-0.48795059896790427,1.1644080156828116,-0.13152681702053914,,39.0,0.138692646005822,0.138692646005822,6.014169875552058,-2.6033789222024857e-05,1.0018923031310487,"{""1"": 39, ""2"": 22, ""3"": 5}",0.138692646005822,0.13869058032506454,34.63586875536201,1e-05,True,40,development_isotonic_frozen
s0-i7,development,0,random_matched,confidence,3,0.05,dfe10f2c456b449d,"[[0, 1, 6, 11], [4, 5, 7, 8], [2, 3, 9, 10]]",6.165511861910957,-0.44347233774360406,1.2091949570105003,-0.0680001683075858,,38.0,0.16709982298757653,0.16709982298757653,6.0699174731835805,0.002861175257921962,0.010875348676227713,"{""2"": 24, ""1"": 38, ""3"": 4}",0.16709982298757653,0.16706672869698172,38.285542048601435,1e-05,True,40,development_isotonic_frozen
s0-i7,development,0,random_matched,entropy,3,0.05,5670953bd604d64c,"[[0, 1, 4, 11], [2, 6, 7, 9], [3, 5, 8, 10]]",6.165511861910957,-0.449083426581536,1.227095491787118,-0.2588742939325674,,44.0,0.15272787050403214,0.15272787050403214,6.472381243880774,0.0012401405009004468,1.0101848729417249,"{""2"": 21, ""1"": 44, ""3"": 1}",0.15272787050403214,0.15260334319930802,45.34759579895158,1e-05,True,40,development_isotonic_frozen
s0-i7,development,0,random_matched,dependency_cmi,3,0.05,ef84921f74bf3e22,"[[4, 6, 8, 11], [1, 2, 7, 10], [0, 3, 5, 9]]",6.165511861910957,-0.4901576443559181,1.1556676453739254,-0.012719864770010603,,42.0,0.1734087786990195,0.1734087786990195,6.092576868152933,0.0,0.9961855243043916,"{""1"": 42, ""2"": 19, ""3"": 5}",0.1734087786990195,0.17321821243458468,45.08414000365329,1e-05,True,40,development_isotonic_frozen
s0-i7,development,0,random_matched,min_within_batch_tc,3,0.05,7a7b6de79b24bb9a,"[[0, 8, 10, 11], [5, 6, 7, 9], [1, 2, 3, 4]]",6.165511861910957,-0.5173981355346701,1.1070290190548826,-0.10358261927548329,,31.0,0.14508407983897792,0.14508407983897792,5.477551514622467,0.0,0.01970287337271803,"{""1"": 31, ""3"": 9, ""2"": 26}",0.14508407983897792,0.14507750505660555,49.69390507280448,1e-05,True,40,development_isotonic_frozen
s0-i7,development,0,random_matched,dprm_myopic,3,0.05,1228678cbbcad37b,"[[0, 3, 4, 10], [2, 8, 9, 11], [1, 5, 6, 7]]",6.165511861910957,-0.555528841966023,1.0785372310715389,-0.10412856256986715,,42.0,0.21567354136448708,0.21567354136448708,6.092576868152933,0.005898809781525155,1.0115281201401245,"{""1"": 42, ""2"": 19, ""3"": 4, ""4"": 1}",0.21567354136448708,0.21567054199418823,47.084591254133485,1e-05,True,40,development_isotonic_frozen
s0-i7,development,0,random_matched,dprm_rollout,3,0.05,306c0a205137f995,"[[3, 4, 9, 10], [0, 1, 6, 7], [2, 5, 8, 11]]",6.165511861910957,-0.5623696143314044,1.0809598569753345,-0.4885380553899231,,46.0,0.20783934045195857,0.20783934045195857,6.360886048617728,0.0011202524965654298,0.9968558328934002,"{""2"": 17, ""1"": 46, ""3"": 2, ""4"": 1}",0.20783934045195857,0.20781232907419678,37.340127000720855,1e-05,True,40,development_isotonic_frozen
s0-i7,development,0,random_matched,subset_exact,3,0.05,47fc32d3dab4310b,"[[0, 5, 6, 10], [1, 4, 7, 11], [2, 3, 8, 9]]",6.165511861910957,-0.5101439978383019,1.125423636163681,-0.10774007709804057,,39.0,0.08159512099554386,0.08159512099554386,6.259819661047501,0.0,1.0195127993563364,"{""1"": 39, ""2"": 25, ""3"": 2}",0.08159512099554386,0.0815901855515648,40.525018462616146,1e-05,True,40,development_isotonic_frozen
s0-i7,development,0,random_matched,subset_beam_8,3,0.05,47fc32d3dab4310b,"[[0, 5, 6, 10], [1, 4, 7, 11], [2, 3, 8, 9]]",6.165511861910957,-0.5101439978383019,1.125423636163681,-0.10774007709804057,,39.0,0.08159512099554386,0.08159512099554386,6.259819661047501,0.0,1.0195127993563364,"{""1"": 39, ""2"": 25, ""3"": 2}",0.08159512099554386,0.0815901855515648,40.525018462616146,1e-05,True,40,development_isotonic_frozen
s0-i7,development,0,random_matched,subset_beam_32,3,0.05,47fc32d3dab4310b,"[[0, 5, 6, 10], [1, 4, 7, 11], [2, 3, 8, 9]]",6.165511861910957,-0.5101439978383019,1.125423636163681,-0.10774007709804057,,39.0,0.08159512099554386,0.08159512099554386,6.259819661047501,0.0,1.0195127993563364,"{""1"": 39, ""2"": 25, ""3"": 2}",0.08159512099554386,0.0815901855515648,40.525018462616146,1e-05,True,40,development_isotonic_frozen
s0-i7,development,0,random_matched,saps_diagonal,3,0.05,098e785e6389003b,"[[1, 2, 3, 4], [0, 6, 7, 9], [5, 8, 10, 11]]",6.165511861910957,-0.5165781757325111,1.1407699852803912,-0.14898294664070905,,52.0,0.13295020761607368,0.13295020761607368,6.599583295651293,0.0,1.0253405109310847,"{""1"": 52, ""2"": 12, ""3"": 2}",0.13295020761607368,0.13288278198102155,33.68623006135881,1e-05,True,40,development_isotonic_frozen
s0-i7,development,0,random_matched,p_saps_residualized,3,0.05,e225e763d61e1c38,"[[1, 3, 6, 7], [0, 2, 8, 11], [4, 5, 9, 10]]",6.165511861910957,-0.49006026870015756,1.1467250632254902,-0.40273459274002427,,48.0,0.08095777491869594,0.08095777491869594,6.413157377018312,0.003859684722967674,0.00743206535788609,"{""1"": 48, ""2"": 15, ""3"": 3}",0.08095777491869594,0.08095732181588577,44.18911831405483,1e-05,True,80,development_isotonic_frozen
s0-i7,development,0,random_matched,p_saps_projection,3,0.05,daeafe427cf1bdf3,"[[4, 6, 10, 11], [0, 2, 3, 8], [1, 5, 7, 9]]",6.165511861910957,-0.5238160153653811,1.1103257822240165,-0.1825280395584029,,40.0,0.20924999840401798,0.20924999840401798,6.0403055397523495,-0.0027895519358833096,1.01806105593385,"{""1"": 40, ""2"": 21, ""3"": 5}",0.20924999840401798,0.20924040769284546,52.26709218271703,1e-05,True,640,development_isotonic_frozen
s0-i7,development,0,random_matched,b_saps_budgeted,3,0.05,cd235c59e72d2a2f,"[[1, 2, 3, 4], [5, 7, 8, 11], [0, 6, 9, 10]]",6.165511861910957,-0.5031254206485932,1.153386090089651,-0.17049332215103374,,48.0,0.17481305832603355,0.17481305832603355,6.658807162513755,3.5818083248244034e-05,1.0001365665785806,"{""1"": 48, ""2"": 18}",0.17481305832603355,0.1748091811595798,31.595119305747332,1e-05,True,40,development_isotonic_frozen
s0-i7,development,0,random_matched,random_balanced,3,0.15,23374e1eb93599ca,"[[0, 2, 3, 11], [1, 4, 5, 7], [6, 8, 9, 10]]",12.887075456255673,-0.48795059896790427,1.1644080156828116,-0.13152681702053914,,39.0,0.138692646005822,0.138692646005822,12.602129277234877,-0.003213947930100682,0.007538310514578844,"{""1"": 39, ""2"": 22, ""3"": 5}",0.138692646005822,0.13869058032506454,34.63586875536201,1e-05,True,40,development_isotonic_frozen
s0-i7,development,0,random_matched,confidence,3,0.15,dfe10f2c456b449d,"[[0, 1, 6, 11], [4, 5, 7, 8], [2, 3, 9, 10]]",12.887075456255673,-0.44347233774360406,1.2091949570105003,-0.0680001683075858,,38.0,0.16709982298757653,0.16709982298757653,12.794818291736645,4.7646259095525416e-06,1.0198483234724907,"{""2"": 24, ""1"": 38, ""3"": 4}",0.16709982298757653,0.16706672869698172,38.285542048601435,1e-05,True,40,development_isotonic_frozen
s0-i7,development,0,random_matched,entropy,3,0.15,5670953bd604d64c,"[[0, 1, 4, 11], [2, 6, 7, 9], [3, 5, 8, 10]]",12.887075456255673,-0.449083426581536,1.227095491787118,-0.2588742939325674,,44.0,0.15272787050403214,0.15272787050403214,13.37288533524195,-0.00023580595031139073,0.01755080611994753,"{""2"": 21, ""1"": 44, ""3"": 1}",0.15272787050403214,0.15260334319930802,45.34759579895158,1e-05,True,40,development_isotonic_frozen
s0-i7,development,0,random_matched,dependency_cmi,3,0.15,ef84921f74bf3e22,"[[4, 6, 8, 11], [1, 2, 7, 10], [0, 3, 5, 9]]",12.887075456255673,-0.4901576443559181,1.1556676453739254,-0.012719864770010603,,42.0,0.1734087786990195,0.1734087786990195,12.602129277234877,0.0,1.0027659177214254,"{""1"": 42, ""2"": 19, ""3"": 5}",0.1734087786990195,0.17321821243458468,45.08414000365329,1e-05,True,40,development_isotonic_frozen
s0-i7,development,0,random_matched,min_within_batch_tc,3,0.15,7a7b6de79b24bb9a,"[[0, 8, 10, 11], [5, 6, 7, 9], [1, 2, 3, 4]]",12.887075456255673,-0.5173981355346701,1.1070290190548826,-0.10358261927548329,,31.0,0.14508407983897792,0.14508407983897792,11.831373219227805,0.007373057747812287,0.011610498282575044,"{""1"": 31, ""3"": 9, ""2"": 26}",0.14508407983897792,0.14507750505660555,49.69390507280448,1e-05,True,40,development_isotonic_frozen
s0-i7,development,0,random_matched,dprm_myopic,3,0.15,1228678cbbcad37b,"[[0, 3, 4, 10], [2, 8, 9, 11], [1, 5, 6, 7]]",12.887075456255673,-0.555528841966023,1.0785372310715389,-0.10412856256986715,,42.0,0.21567354136448708,0.21567354136448708,12.602129277234877,-0.001063820920904077,0.01267847882898547,"{""1"": 42, ""2"": 19, ""3"": 4, ""4"": 1}",0.21567354136448708,0.21567054199418823,47.084591254133485,1e-05,True,40,development_isotonic_frozen
s0-i7,development,0,random_matched,dprm_rollout,3,0.15,6641a2d84db48d4c,"[[2, 5, 8, 9], [0, 4, 7, 10], [1, 3, 6, 11]]",12.887075456255673,-0.5630014147478073,1.067988445549566,-0.23241577436484523,,43.0,0.11754575420583516,0.11754575420583516,12.21675124823134,-0.0020905905130867222,0.022546724308892818,"{""1"": 43, ""2"": 16, ""3"": 7}",0.11754575420583516,0.1175435578264005,59.02657118295494,1e-05,True,40,development_isotonic_frozen
s0-i7,development,0,random_matched,subset_exact,3,0.15,a273da5cea2d462d,"[[0, 2, 4, 5], [1, 6, 7, 11], [3, 8, 9, 10]]",12.887075456255673,-0.488526540950824,1.1662306492243286,-0.22753617690279554,,39.0,0.16549872621120992,0.16549872621120992,12.21675124823134,-0.0002833660881069051,0.989126993614648,"{""1"": 39, ""2"": 20, ""3"": 7}",0.16549872621120992,0.16549565754399045,43.66839386778775,1e-05,True,40,development_isotonic_frozen
s0-i7,development,0,random_matched,subset_beam_8,3,0.15,a273da5cea2d462d,"[[0, 2, 4, 5], [1, 6, 7, 11], [3, 8, 9, 10]]",12.887075456255673,-0.488526540950824,1.1662306492243286,-0.22753617690279554,,39.0,0.16549872621120992,0.16549872621120992,12.21675124823134,-0.0002833660881069051,0.989126993614648,"{""1"": 39, ""2"": 20, ""3"": 7}",0.16549872621120992,0.16549565754399045,43.66839386778775,1e-05,True,40,development_isotonic_frozen
s0-i7,development,0,random_matched,subset_beam_32,3,0.15,a273da5cea2d462d,"[[0, 2, 4, 5], [1, 6, 7, 11], [3, 8, 9, 10]]",12.887075456255673,-0.488526540950824,1.1662306492243286,-0.22753617690279554,,39.0,0.16549872621120992,0.16549872621120992,12.21675124823134,-0.0002833660881069051,0.989126993614648,"{""1"": 39, ""2"": 20, ""3"": 7}",0.16549872621120992,0.16549565754399045,43.66839386778775,1e-05,True,40,development_isotonic_frozen
s0-i7,development,0,random_matched,saps_diagonal,3,0.15,098e785e6389003b,"[[1, 2, 3, 4], [0, 6, 7, 9], [5, 8, 10, 11]]",12.887075456255673,-0.5165781757325111,1.1407699852803912,-0.14898294664070905,,52.0,0.13295020761607368,0.13295020761607368,13.180196320740182,-1.5893021803217037e-05,-0.009912773480956257,"{""1"": 52, ""2"": 12, ""3"": 2}",0.13295020761607368,0.13288278198102155,33.68623006135881,1e-05,True,40,development_isotonic_frozen
s0-i7,development,0,random_matched,p_saps_residualized,3,0.15,e225e763d61e1c38,"[[1, 3, 6, 7], [0, 2, 8, 11], [4, 5, 9, 10]]",12.887075456255673,-0.49006026870015756,1.1467250632254902,-0.40273459274002427,,48.0,0.08095777491869594,0.08095777491869594,12.987507306238413,-0.0001500408454701265,-0.0010342135925048533,"{""1"": 48, ""2"": 15, ""3"": 3}",0.08095777491869594,0.08095732181588577,44.18911831405483,1e-05,True,80,development_isotonic_frozen
s0-i7,development,0,random_matched,p_saps_projection,3,0.15,daeafe427cf1bdf3,"[[4, 6, 10, 11], [0, 2, 3, 8], [1, 5, 7, 9]]",12.887075456255673,-0.5238160153653811,1.1103257822240165,-0.1825280395584029,,40.0,0.20924999840401798,0.20924999840401798,12.602129277234877,-0.00662046348075118,0.027827941626282895,"{""1"": 40, ""2"": 21, ""3"": 5}",0.20924999840401798,0.20924040769284546,52.26709218271703,1e-05,True,640,development_isotonic_frozen
s0-i7,development,0,random_matched,b_saps_budgeted,3,0.15,23836e08673f94b5,"[[0, 2, 3, 11], [4, 5, 7, 8], [1, 6, 9, 10]]",12.887075456255673,-0.5076041329485851,1.1296671328551755,-0.091643602549375,,41.0,0.15981292758347032,0.15981292758347032,13.565574349743716,-0.0003000492513914946,0.025018626028229247,"{""1"": 41, ""2"": 25}",0.15981292758347032,0.15980166982821611,50.6059271802983,1e-05,True,40,development_isotonic_frozen
s0-i7,development,0,random_matched,random_balanced,4,0.01,53e2cb28e4cffad5,"[[0, 3, 11], [2, 4, 7], [1, 5, 10], [6, 8, 9]]",2.3411901796498706,-0.7509926372499524,1.7226224439170255,-0.00685550513528496,,49.0,0.15025940072925054,0.15025940072925054,2.349075187271481,0.0,0.0503539673548115,"{""1"": 49, ""2"": 16, ""3"": 1}",0.15025940072925054,0.15025223194716641,31.880113097260864,1e-05,True,40,development_isotonic_frozen
s0-i7,development,0,random_matched,confidence,4,0.01,8ba86aeb93dbc4da,"[[0, 1, 11], [4, 6, 7], [2, 5, 8], [3, 9, 10]]",2.3411901796498706,-0.6678801625851687,1.8237693404412383,-0.17174914160010513,,52.0,0.07439015835374693,0.07439015835374693,2.312935569005766,0.0,-0.009347480337391169,"{""2"": 12, ""1"": 52, ""3"": 2}",0.07439015835374693,0.07438677627886493,41.147910243618746,1e-05,True,40,development_isotonic_frozen
s0-i7,development,0,random_matched,entropy,4,0.01,fcfd80eac95b036e,"[[1, 4, 11], [0, 7, 9], [2, 5, 6], [3, 8, 10]]",2.3411901796498706,-0.6837159961655676,1.8335035718961528,-0.3308051700893319,,50.0,0.07568965692244911,0.07568965692244911,2.349075187271481,0.0,0.010687450169326939,"{""1"": 50, ""2"": 15, ""3"": 1}",0.07568965692244911,0.07388723298256439,40.684702721133895,1e-05,True,40,development_isotonic_frozen
s0-i7,development,0,random_matched,dependency_cmi,4,0.01,86d015ce1f97753f,"[[4, 8, 11], [2, 7, 10], [1, 5, 9], [0, 3, 6]]",2.3411901796498706,-0.7653234752905624,1.7123505586006014,-0.012664151778174272,,42.0,0.10636968180497704,0.10636968180497704,2.349075187271481,0.0,-0.009347480337391169,"{""1"": 42, ""2"": 23, ""3"": 1}",0.10636968180497704,0.10636579753125538,41.41789519454297,1e-05,True,40,development_isotonic_frozen
s0-i7,development,0,random_matched,min_within_batch_tc,4,0.01,df4f18139bf23b1b,"[[8, 10, 11], [6, 7, 9], [3, 4, 5], [0, 1, 2]]",2.3411901796498706,-0.8039964930227875,1.6391294944189727,-0.0962535879307266,,48.0,0.04872318892226912,0.04872318892226912,2.349075187271481,1.6896087537695665e-06,0.019571717763939803,"{""2"": 17, ""3"": 1, ""1"": 48}",0.04872318892226912,0.048721411451572355,45.72703320914711,1e-05,True,40,development_isotonic_frozen
s0-i7,development,0,random_matched,dprm_myopic,4,0.01,c54c8000acef79f8,"[[2, 3, 8], [1, 4, 9], [0, 7, 10], [5, 6, 11]]",2.3411901796498706,-0.8212203510494079,1.6359291912768965,-0.3320757066874966,,54.0,0.14880171522738855,0.14880171522738855,2.385214805537196,0.0,-0.0026098691312432046,"{""1"": 54, ""2"": 12}",0.14880171522738855,0.14872523206135888,32.2904287921553,1e-05,True,40,development_isotonic_frozen
s0-i7,development,0,random_matched,dprm_rollout,4,0.01,08cee5b67b90fde2,"[[2, 3, 8], [1, 5, 7], [0, 6, 9], [4, 10, 11]]",2.3411901796498706,-0.8053122739683655,1.6323368563305873,-0.12603768225406134,,53.0,0.1868293358215778,0.1868293358215778,2.349075187271481,0.0,0.02022282901361888,"{""1"": 53, ""2"": 12, ""3"": 1}",0.1868293358215778,0.1867451043106969,41.23290871607771,1e-05,True,40,development_isotonic_frozen
s0-i7,development,0,random_matched,subset_exact,4,0.01,b1ddbcc5e3a9205c,"[[0, 2, 3], [1, 4, 11], [5, 6, 7], [8, 9, 10]]",2.3411901796498706,-0.7396363644028595,1.7365092604768535,-0.1325401869167372,,46.0,0.06030569945864778,0.06030569945864778,2.349075187271481,0.0,0.027521269209949416,"{""1"": 46, ""2"": 19, ""3"": 1}",0.06030569945864778,0.06030330141481714,33.30550265744338,1e-05,True,40,development_isotonic_frozen
s0-i7,development,0,random_matched,subset_beam_8,4,0.01,b1ddbcc5e3a9205c,"[[0, 2, 3], [1, 4, 11], [5, 6, 7], [8, 9, 10]]",2.3411901796498706,-0.7396363644028595,1.7365092604768535,-0.1325401869167372,,46.0,0.06030569945864778,0.06030569945864778,2.349075187271481,0.0,0.027521269209949416,"{""1"": 46, ""2"": 19, ""3"": 1}",0.06030569945864778,0.06030330141481714,33.30550265744338,1e-05,True,40,development_isotonic_frozen
s0-i7,development,0,random_matched,subset_beam_32,4,0.01,b1ddbcc5e3a9205c,"[[0, 2, 3], [1, 4, 11], [5, 6, 7], [8, 9, 10]]",2.3411901796498706,-0.7396363644028595,1.7365092604768535,-0.1325401869167372,,46.0,0.06030569945864778,0.06030569945864778,2.349075187271481,0.0,0.027521269209949416,"{""1"": 46, ""2"": 19, ""3"": 1}",0.06030569945864778,0.06030330141481714,33.30550265744338,1e-05,True,40,development_isotonic_frozen
s0-i7,development,0,random_matched,saps_diagonal,4,0.01,b3a9173eb40ee381,"[[1, 3, 7], [0, 4, 6], [5, 10, 11], [2, 8, 9]]",2.3411901796498706,-0.7514763796982363,1.7178585403648652,-0.12894063836251343,,58.0,0.11676539694048074,0.11676539694048074,2.349075187271481,0.0,1.045283936741574,"{""1"": 58, ""2"": 7, ""3"": 1}",0.11676539694048074,0.11676500569823585,32.63236796546622,1e-05,True,40,development_isotonic_frozen
s0-i7,development,0,random_matched,p_saps_residualized,4,0.01,ac4d58990f8a3acf,"[[1, 3, 7], [0, 6, 8], [2, 5, 11], [4, 9, 10]]",2.3411901796498706,-0.7449557107321069,1.7045518148311778,-0.514354493232278,,51.0,0.1400761044025206,0.1400761044025206,2.312935569005766,0.0,0.012994526196069781,"{""1"": 51, ""2"": 13, ""3"": 2}",0.1400761044025206,0.14007409171852514,46.553077422186135,1e-05,True,80,development_isotonic_frozen
s0-i7,development,0,random_matched,p_saps_projection,4,0.01,4c971372c7754bd1,"[[3, 6, 11], [1, 4, 8], [5, 9, 10], [0, 2, 7]]",2.3411901796498706,-0.7485103124302871,1.7130461542907363,-0.12358643027038994,,47.0,0.21882351255175386,0.21882351255175386,2.312935569005766,0.0,-0.9652156149208522,"{""1"": 47, ""2"": 17, ""3"": 2}",0.21882351255175386,0.21839699685753175,44.94834642472205,1e-05,True,640,development_isotonic_frozen
s0-i7,development,0,random_matched,b_saps_budgeted,4,0.01,d6ecd27937b1a285,"[[0, 3, 5], [2, 4, 7], [1, 10, 11], [6, 8, 9]]",2.3411901796498706,-0.7944685600450665,1.6626744163834657,-0.009033631239504888,,51.0,0.14051006134427202,0.14051006134427202,2.385214805537196,-1.5072827903064605e-05,0.06202919996036378,"{""1"": 51, ""2"": 15}",0.14051006134427202,0.140509068298659,31.870288855813136,1e-05,True,40,development_isotonic_frozen
s0-i7,development,0,random_matched,random_balanced,4,0.05,53e2cb28e4cffad5,"[[0, 3, 11], [2, 4, 7], [1, 5, 10], [6, 8, 9]]",6.562147222051397,-0.7509926372499524,1.7226224439170255,-0.00685550513528496,,49.0,0.15025940072925054,0.15025940072925054,6.603059564882233,-0.0014533620044892767,1.007432065357886,"{""1"": 49, ""2"": 16, ""3"": 1}",0.15025940072925054,0.15025223194716641,31.880113097260864,1e-05,True,40,development_isotonic_frozen
s0-i7,development,0,random_matched,confidence,4,0.05,8ba86aeb93dbc4da,"[[0, 1, 11], [4, 6, 7], [2, 5, 8], [3, 9, 10]]",6.562147222051397,-0.6678801625851687,1.8237693404412383,-0.17174914160010513,,52.0,0.07439015835374693,0.07439015835374693,6.599583295651293,-1.914930958478049e-05,-0.0070058334740086235,"{""2"": 12, ""1"": 52, ""3"": 2}",0.07439015835374693,0.07438677627886493,41.147910243618746,1e-05,True,40,development_isotonic_frozen
s0-i7,development,0,random_matched,entropy,4,0.05,fcfd80eac95b036e,"[[1, 4, 11], [0, 7, 9], [2, 5, 6], [3, 8, 10]]",6.562147222051397,-0.6837159961655676,1.8335035718961528,-0.3308051700893319,,50.0,0.07568965692244911,0.07568965692244911,6.629195229082524,0.0,1.0039713749548262,"{""1"": 50, ""2"": 15, ""3"": 1}",0.07568965692244911,0.07388723298256439,40.684702721133895,1e-05,True,40,development_isotonic_frozen
s0-i7,development,0,random_matched,dependency_cmi,4,0.05,86d015ce1f97753f,"[[4, 8, 11], [2, 7, 10], [1, 5, 9], [0, 3, 6]]",6.562147222051397,-0.7653234752905624,1.7123505586006014,-0.012664151778174272,,42.0,0.10636968180497704,0.10636968180497704,6.420109915480191,0.0,0.009326284435001653,"{""1"": 42, ""2"": 23, ""3"": 1}",0.10636968180497704,0.10636579753125538,41.41789519454297,1e-05,True,40,development_isotonic_frozen
s0-i7,development,0,random_matched,min_within_batch_tc,4,0.05,df4f18139bf23b1b,"[[8, 10, 11], [6, 7, 9], [3, 4, 5], [0, 1, 2]]",6.562147222051397,-0.8039964930227875,1.6391294944189727,-0.0962535879307266,,48.0,0.04872318892226912,0.04872318892226912,6.57692390068194,0.0,0.010467447858974847,"{""2"": 17, ""3"": 1, ""1"": 48}",0.04872318892226912,0.048721411451572355,45.72703320914711,1e-05,True,40,development_isotonic_frozen
s0-i7,development,0,random_matched,dprm_myopic,4,0.05,c54c8000acef79f8,"[[2, 3, 8], [1, 4, 9], [0, 7, 10], [5, 6, 11]]",6.562147222051397,-0.8212203510494079,1.6359291912768965,-0.3320757066874966,,54.0,0.14880171522738855,0.14880171522738855,6.815621147715505,0.0,1.0133831614624504,"{""1"": 54, ""2"": 12}",0.14880171522738855,0.14872523206135888,32.2904287921553,1e-05,True,40,development_isotonic_frozen
s0-i7,development,0,random_matched,dprm_rollout,4,0.05,0e18bd5dfe926150,"[[2, 3, 4], [0, 5, 8], [1, 6, 7], [9, 10, 11]]",6.562147222051397,-0.8080011615137367,1.6390834263074963,-0.026871790960786925,,48.0,0.17301420088404612,0.17301420088404612,6.495040638850126,-3.1255843515545757e-07,0.9910169544548212,"{""1"": 48, ""2"": 16, ""3"": 2}",0.17301420088404612,0.17301283608648743,38.70828123891371,1e-05,True,40,development_isotonic_frozen
s0-i7,development,0,random_matched,subset_exact,4,0.05,241ca2152cb55bf3,"[[0, 6, 10], [1, 4, 11], [2, 5, 7], [3, 8, 9]]",6.562147222051397,-0.7450899911227667,1.7235309648697068,-0.20419367894143042,,42.0,0.20403777407392892,0.20403777407392892,6.501993177312006,-0.001832046233268575,0.010904375998813335,"{""1"": 42, ""2"": 24}",0.20403777407392892,0.20402958916877795,45.47145176130109,1e-05,True,40,development_isotonic_frozen
s0-i7,development,0,random_matched,subset_beam_8,4,0.05,094784a40f9c82fe,"[[1, 10, 11], [0, 4, 6], [2, 5, 7], [3, 8, 9]]",6.562147222051397,-0.7152333790767086,1.7735684764462558,-0.16008003867103984,,44.0,0.20023627781222444,0.20023627781222444,6.554264505712589,0.0,-0.006989736257954189,"{""1"": 44, ""2"": 22}",0.20023627781222444,0.1996471666178944,42.85381153449608,1e-05,True,40,development_isotonic_frozen
s0-i7,development,0,random_matched,subset_beam_32,4,0.05,241ca2152cb55bf3,"[[0, 6, 10], [1, 4, 11], [2, 5, 7], [3, 8, 9]]",6.562147222051397,-0.7450899911227667,1.7235309648697068,-0.20419367894143042,,42.0,0.20403777407392892,0.20403777407392892,6.501993177312006,-0.001832046233268575,0.010904375998813335,"{""1"": 42, ""2"": 24}",0.20403777407392892,0.20402958916877795,45.47145176130109,1e-05,True,40,development_isotonic_frozen
s0-i7,development,0,random_matched,saps_diagonal,4,0.05,b3a9173eb40ee381,"[[1, 3, 7], [0, 4, 6], [5, 10, 11], [2, 8, 9]]",6.562147222051397,-0.7514763796982363,1.7178585403648652,-0.12894063836251343,,58.0,0.11676539694048074,0.11676539694048074,6.838280542684857,0.0,0.9857495330898228,"{""1"": 58, ""2"": 7, ""3"": 1}",0.11676539694048074,0.11676500569823585,32.63236796546622,1e-05,True,40,development_isotonic_frozen
s0-i7,development,0,random_matched,p_saps_residualized,4,0.05,ac4d58990f8a3acf,"[[1, 3, 7], [0, 6, 8], [2, 5, 11], [4, 9, 10]]",6.562147222051397,-0.7449557107321069,1.7045518148311778,-0.514354493232278,,51.0,0.1400761044025206,0.1400761044025206,6.573447631451001,3.8425587560770666e-05,-0.00686307205997181,"{""1"": 51, ""2"": 13, ""3"": 2}",0.1400761044025206,0.14007409171852514,46.553077422186135,1e-05,True,80,development_isotonic_frozen
s0-i7,development,0,random_matched,p_saps_projection,4,0.05,4c971372c7754bd1,"[[3, 6, 11], [1, 4, 8], [5, 9, 10], [0, 2, 7]]",6.562147222051397,-0.7485103124302871,1.7130461542907363,-0.12358643027038994,,47.0,0.21882351255175386,0.21882351255175386,6.468904974649835,0.0,-0.01671473630178583,"{""1"": 47, ""2"": 17, ""3"": 2}",0.21882351255175386,0.21839699685753175,44.94834642472205,1e-05,True,640,development_isotonic_frozen
s0-i7,development,0,random_matched,b_saps_budgeted,4,0.05,2fc3dadef3deadb8,"[[0, 3, 7], [2, 4, 9], [1, 6, 10], [5, 8, 11]]",6.562147222051397,-0.8172374756857425,1.6438835106606353,-0.2620152589197334,,60.0,0.12994375436251848,0.12994375436251848,6.972435132917255,0.0,0.01851453902598102,"{""1"": 60, ""2"": 6}",0.12994375436251848,0.12994070199028562,31.65928008593464,1e-05,True,40,development_isotonic_frozen
s0-i7,development,0,random_matched,random_balanced,4,0.15,53e2cb28e4cffad5,"[[0, 3, 11], [2, 4, 7], [1, 5, 10], [6, 8, 9]]",13.33084409571429,-0.7509926372499524,1.7226224439170255,-0.00685550513528496,,49.0,0.15025940072925054,0.15025940072925054,13.37288533524195,4.431608215930173e-05,0.02043649840676677,"{""1"": 49, ""2"": 16, ""3"": 1}",0.15025940072925054,0.15025223194716641,31.880113097260864,1e-05,True,40,development_isotonic_frozen
s0-i7,development,0,random_matched,confidence,4,0.15,8ba86aeb93dbc4da,"[[0, 1, 11], [4, 6, 7], [2, 5, 8], [3, 9, 10]]",13.33084409571429,-0.6678801625851687,1.8237693404412383,-0.17174914160010513,,52.0,0.07439015835374693,0.07439015835374693,13.180196320740182,-0.0023989600889412445,1.04221453048012,"{""2"": 12, ""1"": 52, ""3"": 2}",0.07439015835374693,0.07438677627886493,41.147910243618746,1e-05,True,40,development_isotonic_frozen
s0-i7,development,0,random_matched,entropy,4,0.15,fcfd80eac95b036e,"[[1, 4, 11], [0, 7, 9], [2, 5, 6], [3, 8, 10]]",13.33084409571429,-0.6837159961655676,1.8335035718961528,-0.3308051700893319,,50.0,0.07568965692244911,0.07568965692244911,13.37288533524195,0.0,0.022641401653009836,"{""1"": 50, ""2"": 15, ""3"": 1}",0.07568965692244911,0.07388723298256439,40.684702721133895,1e-05,True,40,development_isotonic_frozen
s0-i7,development,0,random_matched,dependency_cmi,4,0.15,86d015ce1f97753f,"[[4, 8, 11], [2, 7, 10], [1, 5, 9], [0, 3, 6]]",13.33084409571429,-0.7653234752905624,1.7123505586006014,-0.012664151778174272,,42.0,0.10636968180497704,0.10636968180497704,13.37288533524195,-0.00015274240970291936,0.0010831344878667881,"{""1"": 42, ""2"": 23, ""3"": 1}",0.10636968180497704,0.10636579753125538,41.41789519454297,1e-05,True,40,development_isotonic_frozen
s0-i7,development,0,random_matched,min_within_batch_tc,4,0.15,df4f18139bf23b1b,"[[8, 10, 11], [6, 7, 9], [3, 4, 5], [0, 1, 2]]",13.33084409571429,-0.8039964930227875,1.6391294944189727,-0.0962535879307266,,48.0,0.04872318892226912,0.04872318892226912,13.37288533524195,8.795057299552111e-07,-0.008286679200482192,"{""2"": 17, ""3"": 1, ""1"": 48}",0.04872318892226912,0.048721411451572355,45.72703320914711,1e-05,True,40,development_isotonic_frozen
s0-i7,development,0,random_matched,dprm_myopic,4,0.15,c54c8000acef79f8,"[[2, 3, 8], [1, 4, 9], [0, 7, 10], [5, 6, 11]]",13.33084409571429,-0.8212203510494079,1.6359291912768965,-0.3320757066874966,,54.0,0.14880171522738855,0.14880171522738855,13.565574349743716,-9.595389885675603e-05,0.9779400700674177,"{""1"": 54, ""2"": 12}",0.14880171522738855,0.14872523206135888,32.2904287921553,1e-05,True,40,development_isotonic_frozen
s0-i7,development,0,random_matched,dprm_rollout,4,0.15,a4f31a206247a21e,"[[1, 9, 11], [5, 6, 8], [0, 4, 7], [2, 3, 10]]",13.33084409571429,-0.6968675992776081,1.7934007211226601,-0.01921762776163496,,50.0,0.09478677965072888,0.09478677965072888,13.37288533524195,-0.0018402660604239956,-0.010347917675896639,"{""1"": 50, ""2"": 15, ""3"": 1}",0.09478677965072888,0.09478394920569624,43.275314663273505,1e-05,True,40,development_isotonic_frozen
s0-i7,development,0,random_matched,subset_exact,4,0.15,84c5d5215c5eaaf3,"[[0, 5, 10], [1, 4, 11], [2, 6, 7], [3, 8, 9]]",13.33084409571429,-0.7524496499296651,1.7202799365256851,-0.21630736179094842,,47.0,0.1370149159687409,0.1370149159687409,13.565574349743716,0.0,1.0492231709636242,"{""1"": 47, ""2"": 19}",0.1370149159687409,0.136967279046386,40.0415614787324,1e-05,True,40,development_isotonic_frozen
s0-i7,development,0,random_matched,subset_beam_8,4,0.15,84c5d5215c5eaaf3,"[[0, 5, 10], [1, 4, 11], [2, 6, 7], [3, 8, 9]]",13.33084409571429,-0.7524496499296651,1.7202799365256851,-0.21630736179094842,,47.0,0.1370149159687409,0.1370149159687409,13.565574349743716,0.0,1.0492231709636242,"{""1"": 47, ""2"": 19}",0.1370149159687409,0.136967279046386,40.0415614787324,1e-05,True,40,development_isotonic_frozen
s0-i7,development,0,random_matched,subset_beam_32,4,0.15,84c5d5215c5eaaf3,"[[0, 5, 10], [1, 4, 11], [2, 6, 7], [3, 8, 9]]",13.33084409571429,-0.7524496499296651,1.7202799365256851,-0.21630736179094842,,47.0,0.1370149159687409,0.1370149159687409,13.565574349743716,0.0,1.0492231709636242,"{""1"": 47, ""2"": 19}",0.1370149159687409,0.136967279046386,40.0415614787324,1e-05,True,40,development_isotonic_frozen
s0-i7,development,0,random_matched,saps_diagonal,4,0.15,b3a9173eb40ee381,"[[1, 3, 7], [0, 4, 6], [5, 10, 11], [2, 8, 9]]",13.33084409571429,-0.7514763796982363,1.7178585403648652,-0.12894063836251343,,58.0,0.11676539694048074,0.11676539694048074,13.37288533524195,3.510174987495339e-05,0.014068877545926138,"{""1"": 58, ""2"": 7, ""3"": 1}",0.11676539694048074,0.11676500569823585,32.63236796546622,1e-05,True,40,development_isotonic_frozen
s0-i7,development,0,random_matched,p_saps_residualized,4,0.15,ac4d58990f8a3acf,"[[1, 3, 7], [0, 6, 8], [2, 5, 11], [4, 9, 10]]",13.33084409571429,-0.7449557107321069,1.7045518148311778,-0.514354493232278,,51.0,0.1400761044025206,0.1400761044025206,13.180196320740182,-0.0013057373569298346,0.021371534031519084,"{""1"": 51, ""2"": 13, ""3"": 2}",0.1400761044025206,0.14007409171852514,46.553077422186135,1e-05,True,80,development_isotonic_frozen
s0-i7,development,0,random_matched,p_saps_projection,4,0.15,4c971372c7754bd1,"[[3, 6, 11], [1, 4, 8], [5, 9, 10], [0, 2, 7]]",13.33084409571429,-0.7485103124302871,1.7130461542907363,-0.12358643027038994,,47.0,0.21882351255175386,0.21882351255175386,13.180196320740182,8.911957249772992e-07,0.0,"{""1"": 47, ""2"": 17, ""3"": 2}",0.21882351255175386,0.21839699685753175,44.94834642472205,1e-05,True,640,development_isotonic_frozen
s0-i7,development,0,random_matched,b_saps_budgeted,4,0.15,d6ecd27937b1a285,"[[0, 3, 5], [2, 4, 7], [1, 10, 11], [6, 8, 9]]",13.33084409571429,-0.7944685600450665,1.6626744163834657,-0.009033631239504888,,51.0,0.14051006134427202,0.14051006134427202,13.565574349743716,-0.0016708332964024655,0.03987372092885719,"{""1"": 51, ""2"": 15}",0.14051006134427202,0.140509068298659,31.870288855813136,1e-05,True,40,development_isotonic_frozen
s0-i7,development,0,structural,random_balanced,1,0.01,76993f31911749ca,"[[0, 1, 2, 3, 4, 5, 6, 7, 8, 9, 10, 11]]",0.758931983580017,-0.0,0.0,-0.8555090646760319,,0.0,0.20159248858180273,0.20159248858180273,0.758931983580017,-0.0004469292124890667,0.05029409843998485,"{""2"": 21, ""3"": 23, ""4"": 22}",0.20159248858180273,0.20159063621823925,66.7438198915443,1e-05,True,40,development_isotonic_frozen
s0-i7,development,0,structural,confidence,1,0.01,76993f31911749ca,"[[0, 1, 2, 3, 4, 5, 6, 7, 8, 9, 10, 11]]",0.758931983580017,-0.0,0.0,-0.8555090646760319,,0.0,0.20159248858180273,0.20159248858180273,0.758931983580017,-0.0004469292124890667,0.05029409843998485,"{""2"": 21, ""3"": 23, ""4"": 22}",0.20159248858180273,0.20159063621823925,66.7438198915443,1e-05,True,40,development_isotonic_frozen
s0-i7,development,0,structural,entropy,1,0.01,76993f31911749ca,"[[0, 1, 2, 3, 4, 5, 6, 7, 8, 9, 10, 11]]",0.758931983580017,-0.0,0.0,-0.8555090646760319,,0.0,0.20159248858180273,0.20159248858180273,0.758931983580017,-0.0004469292124890667,0.05029409843998485,"{""2"": 21, ""3"": 23, ""4"": 22}",0.20159248858180273,0.20159063621823925,66.7438198915443,1e-05,True,40,development_isotonic_frozen
s0-i7,development,0,structural,dependency_cmi,1,0.01,76993f31911749ca,"[[0, 1, 2, 3, 4, 5, 6, 7, 8, 9, 10, 11]]",0.758931983580017,-0.0,0.0,-0.8555090646760319,,0.0,0.20159248858180273,0.20159248858180273,0.758931983580017,-0.0004469292124890667,0.05029409843998485,"{""2"": 21, ""3"": 23, ""4"": 22}",0.20159248858180273,0.20159063621823925,66.7438198915443,1e-05,True,40,development_isotonic_frozen
s0-i7,development,0,structural,min_within_batch_tc,1,0.01,76993f31911749ca,"[[0, 1, 2, 3, 4, 5, 6, 7, 8, 9, 10, 11]]",0.758931983580017,-0.0,0.0,-0.8555090646760319,,0.0,0.20159248858180273,0.20159248858180273,0.758931983580017,-0.0004469292124890667,0.05029409843998485,"{""2"": 21, ""3"": 23, ""4"": 22}",0.20159248858180273,0.20159063621823925,66.7438198915443,1e-05,True,40,development_isotonic_frozen
s0-i7,development,0,structural,dprm_myopic,1,0.01,76993f31911749ca,"[[0, 1, 2, 3, 4, 5, 6, 7, 8, 9, 10, 11]]",0.758931983580017,-0.0,0.0,-0.8555090646760319,,0.0,0.20159248858180273,0.20159248858180273,0.758931983580017,-0.0004469292124890667,0.05029409843998485,"{""2"": 21, ""3"": 23, ""4"": 22}",0.20159248858180273,0.20159063621823925,66.7438198915443,1e-05,True,40,development_isotonic_frozen
s0-i7,development,0,structural,dprm_rollout,1,0.01,76993f31911749ca,"[[0, 1, 2, 3, 4, 5, 6, 7, 8, 9, 10, 11]]",0.758931983580017,-0.0,0.0,-0.8555090646760319,,0.0,0.20159248858180273,0.20159248858180273,0.758931983580017,-0.0004469292124890667,0.05029409843998485,"{""2"": 21, ""3"": 23, ""4"": 22}",0.20159248858180273,0.20159063621823925,66.7438198915443,1e-05,True,40,development_isotonic_frozen
s0-i7,development,0,structural,subset_exact,1,0.01,76993f31911749ca,"[[0, 1, 2, 3, 4, 5, 6, 7, 8, 9, 10, 11]]",0.758931983580017,-0.0,0.0,-0.8555090646760319,,0.0,0.20159248858180273,0.20159248858180273,0.758931983580017,-0.0004469292124890667,0.05029409843998485,"{""2"": 21, ""3"": 23, ""4"": 22}",0.20159248858180273,0.20159063621823925,66.7438198915443,1e-05,True,40,development_isotonic_frozen
s0-i7,development,0,structural,subset_beam_8,1,0.01,76993f31911749ca,"[[0, 1, 2, 3, 4, 5, 6, 7, 8, 9, 10, 11]]",0.758931983580017,-0.0,0.0,-0.8555090646760319,,0.0,0.20159248858180273,0.20159248858180273,0.758931983580017,-0.0004469292124890667,0.05029409843998485,"{""2"": 21, ""3"": 23, ""4"": 22}",0.20159248858180273,0.20159063621823925,66.7438198915443,1e-05,True,40,development_isotonic_frozen
s0-i7,development,0,structural,subset_beam_32,1,0.01,76993f31911749ca,"[[0, 1, 2, 3, 4, 5, 6, 7, 8, 9, 10, 11]]",0.758931983580017,-0.0,0.0,-0.8555090646760319,,0.0,0.20159248858180273,0.20159248858180273,0.758931983580017,-0.0004469292124890667,0.05029409843998485,"{""2"": 21, ""3"": 23, ""4"": 22}",0.20159248858180273,0.20159063621823925,66.7438198915443,1e-05,True,40,development_isotonic_frozen
s0-i7,development,0,structural,saps_diagonal,1,0.01,76993f31911749ca,"[[0, 1, 2, 3, 4, 5, 6, 7, 8, 9, 10, 11]]",0.758931983580017,-0.0,0.0,-0.8555090646760319,,0.0,0.20159248858180273,0.20159248858180273,0.758931983580017,-0.0004469292124890667,0.05029409843998485,"{""2"": 21, ""3"": 23, ""4"": 22}",0.20159248858180273,0.20159063621823925,66.7438198915443,1e-05,True,40,development_isotonic_frozen
s0-i7,development,0,structural,p_saps_residualized,1,0.01,76993f31911749ca,"[[0, 1, 2, 3, 4, 5, 6, 7, 8, 9, 10, 11]]",0.758931983580017,-0.0,0.0,-0.8555090646760319,,0.0,0.20159248858180273,0.20159248858180273,0.758931983580017,-0.0004469292124890667,0.05029409843998485,"{""2"": 21, ""3"": 23, ""4"": 22}",0.20159248858180273,0.20159063621823925,66.7438198915443,1e-05,True,40,development_isotonic_frozen
s0-i7,development,0,structural,p_saps_projection,1,0.01,76993f31911749ca,"[[0, 1, 2, 3, 4, 5, 6, 7, 8, 9, 10, 11]]",0.758931983580017,-0.0,0.0,-0.8555090646760319,,0.0,0.20159248858180273,0.20159248858180273,0.758931983580017,-0.0004469292124890667,0.05029409843998485,"{""2"": 21, ""3"": 23, ""4"": 22}",0.20159248858180273,0.20159063621823925,66.7438198915443,1e-05,True,40,development_isotonic_frozen
s0-i7,development,0,structural,b_saps_budgeted,1,0.01,76993f31911749ca,"[[0, 1, 2, 3, 4, 5, 6, 7, 8, 9, 10, 11]]",0.758931983580017,-0.0,0.0,-0.8555090646760319,,0.0,0.20159248858180273,0.20159248858180273,0.758931983580017,-0.0004469292124890667,0.05029409843998485,"{""2"": 21, ""3"": 23, ""4"": 22}",0.20159248858180273,0.20159063621823925,66.7438198915443,1e-05,True,40,development_isotonic_frozen
s0-i7,development,0,structural,random_balanced,1,0.05,76993f31911749ca,"[[0, 1, 2, 3, 4, 5, 6, 7, 8, 9, 10, 11]]",1.7195484984681046,-0.0,0.0,-0.8555090646760319,,0.0,0.20159248858180273,0.20159248858180273,1.7195484984681046,-4.685049642464549e-05,0.0168673466624373,"{""2"": 21, ""3"": 23, ""4"": 22}",0.20159248858180273,0.20159063621823925,66.7438198915443,1e-05,True,40,development_isotonic_frozen
s0-i7,development,0,structural,confidence,1,0.05,76993f31911749ca,"[[0, 1, 2, 3, 4, 5, 6, 7, 8, 9, 10, 11]]",1.7195484984681046,-0.0,0.0,-0.8555090646760319,,0.0,0.20159248858180273,0.20159248858180273,1.7195484984681046,-4.685049642464549e-05,0.0168673466624373,"{""2"": 21, ""3"": 23, ""4"": 22}",0.20159248858180273,0.20159063621823925,66.7438198915443,1e-05,True,40,development_isotonic_frozen
s0-i7,development,0,structural,entropy,1,0.05,76993f31911749ca,"[[0, 1, 2, 3, 4, 5, 6, 7, 8, 9, 10, 11]]",1.7195484984681046,-0.0,0.0,-0.8555090646760319,,0.0,0.20159248858180273,0.20159248858180273,1.7195484984681046,-4.685049642464549e-05,0.0168673466624373,"{""2"": 21, ""3"": 23, ""4"": 22}",0.20159248858180273,0.20159063621823925,66.7438198915443,1e-05,True,40,development_isotonic_frozen
s0-i7,development,0,structural,dependency_cmi,1,0.05,76993f31911749ca,"[[0, 1, 2, 3, 4, 5, 6, 7, 8, 9, 10, 11]]",1.7195484984681046,-0.0,0.0,-0.8555090646760319,,0.0,0.20159248858180273,0.20159248858180273,1.7195484984681046,-4.685049642464549e-05,0.0168673466624373,"{""2"": 21, ""3"": 23, ""4"": 22}",0.20159248858180273,0.20159063621823925,66.7438198915443,1e-05,True,40,development_isotonic_frozen
s0-i7,development,0,structural,min_within_batch_tc,1,0.05,76993f31911749ca,"[[0, 1, 2, 3, 4, 5, 6, 7, 8, 9, 10, 11]]",1.7195484984681046,-0.0,0.0,-0.8555090646760319,,0.0,0.20159248858180273,0.20159248858180273,1.7195484984681046,-4.685049642464549e-05,0.0168673466624373,"{""2"": 21, ""3"": 23, ""4"": 22}",0.20159248858180273,0.20159063621823925,66.7438198915443,1e-05,True,40,development_isotonic_frozen
s0-i7,development,0,structural,dprm_myopic,1,0.05,76993f31911749ca,"[[0, 1, 2, 3, 4, 5, 6, 7, 8, 9, 10, 11]]",1.7195484984681046,-0.0,0.0,-0.8555090646760319,,0.0,0.20159248858180273,0.20159248858180273,1.7195484984681046,-4.685049642464549e-05,0.0168673466624373,"{""2"": 21, ""3"": 23, ""4"": 22}",0.20159248858180273,0.20159063621823925,66.7438198915443,1e-05,True,40,development_isotonic_frozen
s0-i7,development,0,structural,dprm_rollout,1,0.05,76993f31911749ca,"[[0, 1, 2, 3, 4, 5, 6, 7, 8, 9, 10, 11]]",1.7195484984681046,-0.0,0.0,-0.8555090646760319,,0.0,0.20159248858180273,0.20159248858180273,1.7195484984681046,-4.685049642464549e-05,0.0168673466624373,"{""2"": 21, ""3"": 23, ""4"": 22}",0.20159248858180273,0.20159063621823925,66.7438198915443,1e-05,True,40,development_isotonic_frozen
s0-i7,development,0,structural,subset_exact,1,0.05,76993f31911749ca,"[[0, 1, 2, 3, 4, 5, 6, 7, 8, 9, 10, 11]]",1.7195484984681046,-0.0,0.0,-0.8555090646760319,,0.0,0.20159248858180273,0.20159248858180273,1.7195484984681046,-4.685049642464549e-05,0.0168673466624373,"{""2"": 21, ""3"": 23, ""4"": 22}",0.20159248858180273,0.20159063621823925,66.7438198915443,1e-05,True,40,development_isotonic_frozen
s0-i7,development,0,structural,subset_beam_8,1,0.05,76993f31911749ca,"[[0, 1, 2, 3, 4, 5, 6, 7, 8, 9, 10, 11]]",1.7195484984681046,-0.0,0.0,-0.8555090646760319,,0.0,0.20159248858180273,0.20159248858180273,1.7195484984681046,-4.685049642464549e-05,0.0168673466624373,"{""2"": 21, ""3"": 23, ""4"": 22}",0.20159248858180273,0.20159063621823925,66.7438198915443,1e-05,True,40,development_isotonic_frozen
s0-i7,development,0,structural,subset_beam_32,1,0.05,76993f31911749ca,"[[0, 1, 2, 3, 4, 5, 6, 7, 8, 9, 10, 11]]",1.7195484984681046,-0.0,0.0,-0.8555090646760319,,0.0,0.20159248858180273,0.20159248858180273,1.7195484984681046,-4.685049642464549e-05,0.0168673466624373,"{""2"": 21, ""3"": 23, ""4"": 22}",0.20159248858180273,0.20159063621823925,66.7438198915443,1e-05,True,40,development_isotonic_frozen
s0-i7,development,0,structural,saps_diagonal,1,0.05,76993f31911749ca,"[[0, 1, 2, 3, 4, 5, 6, 7, 8, 9, 10, 11]]",1.7195484984681046,-0.0,0.0,-0.8555090646760319,,0.0,0.20159248858180273,0.20159248858180273,1.7195484984681046,-4.685049642464549e-05,0.0168673466624373,"{""2"": 21, ""3"": 23, ""4"": 22}",0.20159248858180273,0.20159063621823925,66.7438198915443,1e-05,True,40,development_isotonic_frozen
s0-i7,development,0,structural,p_saps_residualized,1,0.05,76993f31911749ca,"[[0, 1, 2, 3, 4, 5, 6, 7, 8, 9, 10, 11]]",1.7195484984681046,-0.0,0.0,-0.8555090646760319,,0.0,0.20159248858180273,0.20159248858180273,1.7195484984681046,-4.685049642464549e-05,0.0168673466624373,"{""2"": 21, ""3"": 23, ""4"": 22}",0.20159248858180273,0.20159063621823925,66.7438198915443,1e-05,True,40,development_isotonic_frozen
s0-i7,development,0,structural,p_saps_projection,1,0.05,76993f31911749ca,"[[0, 1, 2, 3, 4, 5, 6, 7, 8, 9, 10, 11]]",1.7195484984681046,-0.0,0.0,-0.8555090646760319,,0.0,0.20159248858180273,0.20159248858180273,1.7195484984681046,-4.685049642464549e-05,0.0168673466624373,"{""2"": 21, ""3"": 23, ""4"": 22}",0.20159248858180273,0.20159063621823925,66.7438198915443,1e-05,True,40,development_isotonic_frozen
s0-i7,development,0,structural,b_saps_budgeted,1,0.05,76993f31911749ca,"[[0, 1, 2, 3, 4, 5, 6, 7, 8, 9, 10, 11]]",1.7195484984681046,-0.0,0.0,-0.8555090646760319,,0.0,0.20159248858180273,0.20159248858180273,1.7195484984681046,-4.685049642464549e-05,0.0168673466624373,"{""2"": 21, ""3"": 23, ""4"": 22}",0.20159248858180273,0.20159063621823925,66.7438198915443,1e-05,True,40,development_isotonic_frozen
s0-i7,development,0,structural,random_balanced,1,0.15,76993f31911749ca,"[[0, 1, 2, 3, 4, 5, 6, 7, 8, 9, 10, 11]]",4.8945686971641535,-0.0,0.0,-0.8555090646760319,,0.0,0.20159248858180273,0.20159248858180273,4.8945686971641535,0.12608319265086326,0.018453199807201174,"{""2"": 21, ""3"": 23, ""4"": 22}",0.20159248858180273,0.20159063621823925,66.7438198915443,1e-05,True,40,development_isotonic_frozen
s0-i7,development,0,structural,confidence,1,0.15,76993f31911749ca,"[[0, 1, 2, 3, 4, 5, 6, 7, 8, 9, 10, 11]]",4.8945686971641535,-0.0,0.0,-0.8555090646760319,,0.0,0.20159248858180273,0.20159248858180273,4.8945686971641535,0.12608319265086326,0.018453199807201174,"{""2"": 21, ""3"": 23, ""4"": 22}",0.20159248858180273,0.20159063621823925,66.7438198915443,1e-05,True,40,development_isotonic_frozen
s0-i7,development,0,structural,entropy,1,0.15,76993f31911749ca,"[[0, 1, 2, 3, 4, 5, 6, 7, 8, 9, 10, 11]]",4.8945686971641535,-0.0,0.0,-0.8555090646760319,,0.0,0.20159248858180273,0.20159248858180273,4.8945686971641535,0.12608319265086326,0.018453199807201174,"{""2"": 21, ""3"": 23, ""4"": 22}",0.20159248858180273,0.20159063621823925,66.7438198915443,1e-05,True,40,development_isotonic_frozen
s0-i7,development,0,structural,dependency_cmi,1,0.15,76993f31911749ca,"[[0, 1, 2, 3, 4, 5, 6, 7, 8, 9, 10, 11]]",4.8945686971641535,-0.0,0.0,-0.8555090646760319,,0.0,0.20159248858180273,0.20159248858180273,4.8945686971641535,0.12608319265086326,0.018453199807201174,"{""2"": 21, ""3"": 23, ""4"": 22}",0.20159248858180273,0.20159063621823925,66.7438198915443,1e-05,True,40,development_isotonic_frozen
s0-i7,development,0,structural,min_within_batch_tc,1,0.15,76993f31911749ca,"[[0, 1, 2, 3, 4, 5, 6, 7, 8, 9, 10, 11]]",4.8945686971641535,-0.0,0.0,-0.8555090646760319,,0.0,0.20159248858180273,0.20159248858180273,4.8945686971641535,0.12608319265086326,0.018453199807201174,"{""2"": 21, ""3"": 23, ""4"": 22}",0.20159248858180273,0.20159063621823925,66.7438198915443,1e-05,True,40,development_isotonic_frozen
s0-i7,development,0,structural,dprm_myopic,1,0.15,76993f31911749ca,"[[0, 1, 2, 3, 4, 5, 6, 7, 8, 9, 10, 11]]",4.8945686971641535,-0.0,0.0,-0.8555090646760319,,0.0,0.20159248858180273,0.20159248858180273,4.8945686971641535,0.12608319265086326,0.018453199807201174,"{""2"": 21, ""3"": 23, ""4"": 22}",0.20159248858180273,0.20159063621823925,66.7438198915443,1e-05,True,40,development_isotonic_frozen
s0-i7,development,0,structural,dprm_rollout,1,0.15,76993f31911749ca,"[[0, 1, 2, 3, 4, 5, 6, 7, 8, 9, 10, 11]]",4.8945686971641535,-0.0,0.0,-0.8555090646760319,,0.0,0.20159248858180273,0.20159248858180273,4.8945686971641535,0.12608319265086326,0.018453199807201174,"{""2"": 21, ""3"": 23, ""4"": 22}",0.20159248858180273,0.20159063621823925,66.7438198915443,1e-05,True,40,development_isotonic_frozen
s0-i7,development,0,structural,subset_exact,1,0.15,76993f31911749ca,"[[0, 1, 2, 3, 4, 5, 6, 7, 8, 9, 10, 11]]",4.8945686971641535,-0.0,0.0,-0.8555090646760319,,0.0,0.20159248858180273,0.20159248858180273,4.8945686971641535,0.12608319265086326,0.018453199807201174,"{""2"": 21, ""3"": 23, ""4"": 22}",0.20159248858180273,0.20159063621823925,66.7438198915443,1e-05,True,40,development_isotonic_frozen
s0-i7,development,0,structural,subset_beam_8,1,0.15,76993f31911749ca,"[[0, 1, 2, 3, 4, 5, 6, 7, 8, 9, 10, 11]]",4.8945686971641535,-0.0,0.0,-0.8555090646760319,,0.0,0.20159248858180273,0.20159248858180273,4.8945686971641535,0.12608319265086326,0.018453199807201174,"{""2"": 21, ""3"": 23, ""4"": 22}",0.20159248858180273,0.20159063621823925,66.7438198915443,1e-05,True,40,development_isotonic_frozen
s0-i7,development,0,structural,subset_beam_32,1,0.15,76993f31911749ca,"[[0, 1, 2, 3, 4, 5, 6, 7, 8, 9, 10, 11]]",4.8945686971641535,-0.0,0.0,-0.8555090646760319,,0.0,0.20159248858180273,0.20159248858180273,4.8945686971641535,0.12608319265086326,0.018453199807201174,"{""2"": 21, ""3"": 23, ""4"": 22}",0.20159248858180273,0.20159063621823925,66.7438198915443,1e-05,True,40,development_isotonic_frozen
s0-i7,development,0,structural,saps_diagonal,1,0.15,76993f31911749ca,"[[0, 1, 2, 3, 4, 5, 6, 7, 8, 9, 10, 11]]",4.8945686971641535,-0.0,0.0,-0.8555090646760319,,0.0,0.20159248858180273,0.20159248858180273,4.8945686971641535,0.12608319265086326,0.018453199807201174,"{""2"": 21, ""3"": 23, ""4"": 22}",0.20159248858180273,0.20159063621823925,66.7438198915443,1e-05,True,40,development_isotonic_frozen
s0-i7,development,0,structural,p_saps_residualized,1,0.15,76993f31911749ca,"[[0, 1, 2, 3, 4, 5, 6, 7, 8, 9, 10, 11]]",4.8945686971641535,-0.0,0.0,-0.8555090646760319,,0.0,0.20159248858180273,0.20159248858180273,4.8945686971641535,0.12608319265086326,0.018453199807201174,"{""2"": 21, ""3"": 23, ""4"": 22}",0.20159248858180273,0.20159063621823925,66.7438198915443,1e-05,True,40,development_isotonic_frozen
s0-i7,development,0,structural,p_saps_projection,1,0.15,76993f31911749ca,"[[0, 1, 2, 3, 4, 5, 6, 7, 8, 9, 10, 11]]",4.8945686971641535,-0.0,0.0,-0.8555090646760319,,0.0,0.20159248858180273,0.20159248858180273,4.8945686971641535,0.12608319265086326,0.018453199807201174,"{""2"": 21, ""3"": 23, ""4"": 22}",0.20159248858180273,0.20159063621823925,66.7438198915443,1e-05,True,40,development_isotonic_frozen
s0-i7,development,0,structural,b_saps_budgeted,1,0.15,76993f31911749ca,"[[0, 1, 2, 3, 4, 5, 6, 7, 8, 9, 10, 11]]",4.8945686971641535,-0.0,0.0,-0.8555090646760319,,0.0,0.20159248858180273,0.20159248858180273,4.8945686971641535,0.12608319265086326,0.018453199807201174,"{""2"": 21, ""3"": 23, ""4"": 22}",0.20159248858180273,0.20159063621823925,66.7438198915443,1e-05,True,40,development_isotonic_frozen
s0-i7,development,0,structural,random_balanced,2,0.01,2ffc135c62b98dfa,"[[0, 2, 3, 4, 7, 11], [1, 5, 6, 8, 9, 10]]",1.9931547043515596,-0.2517032519334086,0.5742732183316958,-0.13750598838182737,,32.0,0.13158528695660754,0.13158528695660754,2.1683770959429056,-0.0016996775101179168,0.057241286210208284,"{""1"": 32, ""2"": 28, ""3"": 6}",0.13158528695660754,0.13158122855779514,56.07931262213182,1e-05,True,40,development_isotonic_frozen
s0-i7,development,0,structural,confidence,2,0.01,316033bb43ebfb3e,"[[0, 1, 4, 6, 7, 11], [2, 3, 5, 8, 9, 10]]",1.9931547043515596,-0.2196373543309181,0.6140371304093581,-0.27190474220080507,,30.0,0.15967564626647304,0.15967564626647304,2.2045167142086206,0.0,0.010687450169326939,"{""2"": 31, ""1"": 30, ""3"": 5}",0.15967564626647304,0.15967314959685053,50.3033942651372,1e-05,True,40,development_isotonic_frozen
s0-i7,development,0,structural,entropy,2,0.01,2e665ebb8d50c67f,"[[0, 1, 4, 7, 9, 11], [2, 3, 5, 6, 8, 10]]",1.9931547043515596,-0.2265668607529077,0.6150921401770009,-0.5579084217306646,,26.0,0.1910720287582733,0.1910720287582733,2.0960978594114756,0.0,0.030259167933266745,"{""2"": 32, ""1"": 26, ""3"": 7, ""4"": 1}",0.1910720287582733,0.19107078630172403,51.606974918449886,1e-05,True,40,development_isotonic_frozen
s0-i7,development,0,structural,dependency_cmi,2,0.01,7cf33f9edaf3686f,"[[0, 4, 6, 7, 8, 11], [1, 2, 3, 5, 9, 10]]",1.9931547043515596,-0.23929088831159886,0.5792962475817219,-0.19013935434758833,,23.0,0.151168840657184,0.151168840657184,2.0960978594114756,0.0,0.010687450169326936,"{""1"": 23, ""2"": 35, ""3"": 8}",0.151168840657184,0.15116806004298128,56.42791275738627,1e-05,True,40,development_isotonic_frozen
s0-i7,development,0,structural,min_within_batch_tc,2,0.01,da9582c3341bd453,"[[0, 6, 7, 8, 10, 11], [1, 2, 3, 4, 5, 9]]",1.9931547043515596,-0.25434002936108385,0.5550852776399356,-0.38915945332649665,,20.0,0.20964821825198793,0.20964821825198793,1.7708412950200396,0.0,-0.009347480337391165,"{""1"": 20, ""2"": 29, ""3"": 14, ""4"": 3}",0.20964821825198793,0.20964415185051472,57.87234180483804,1e-05,True,40,development_isotonic_frozen
s0-i7,development,0,structural,dprm_myopic,2,0.01,cfc0dbf26a4466be,"[[2, 3, 4, 5, 10, 11], [0, 1, 6, 7, 8, 9]]",1.9931547043515596,-0.2739869586108819,0.5474965893670068,-0.3042030936846993,,23.0,0.191122903636424,0.191122903636424,1.9153997680829,0.0,0.02022282901361888,"{""2"": 30, ""3"": 11, ""1"": 23, ""4"": 2}",0.191122903636424,0.19111713036154082,56.57302454300382,1e-05,True,40,development_isotonic_frozen
s0-i7,development,0,structural,dprm_rollout,2,0.01,ed0d5ac73d93eab1,"[[2, 4, 6, 8, 10, 11], [0, 1, 3, 5, 7, 9]]",1.9931547043515596,-0.2626652360962694,0.5546823858104232,-0.335328364615812,,27.0,0.13687228238190657,0.13687228238190657,2.05995824114576,0.0,0.0,"{""2"": 30, ""3"": 8, ""4"": 1, ""1"": 27}",0.13687228238190657,0.134710903182536,59.59176307582804,1e-05,True,40,development_isotonic_frozen
s0-i7,development,0,structural,subset_exact,2,0.01,3c80493348f88693,"[[0, 2, 4, 6, 7, 8], [1, 3, 5, 9, 10, 11]]",1.9931547043515596,-0.2621194908163533,0.5514850010083322,-0.30174016577693497,,27.0,0.1381148315871507,0.1381148315871507,2.1683770959429056,0.0,-0.009347480337391169,"{""1"": 27, ""2"": 33, ""3"": 6}",0.1381148315871507,0.13811133399384845,59.006905335430346,1e-05,True,40,development_isotonic_frozen
s0-i7,development,0,structural,subset_beam_8,2,0.01,543028271928dcfa,"[[0, 1, 2, 3, 4, 5], [6, 7, 8, 9, 10, 11]]",1.9931547043515596,-0.25536559483840443,0.5704757306220308,-0.32487441180295734,,26.0,0.1551634127111587,0.1551634127111587,1.6262828219571792,0.0,0.03478438507914775,"{""2"": 19, ""3"": 13, ""4"": 8, ""1"": 26}",0.1551634127111587,0.15515791265897164,37.47042149838956,1e-05,True,40,development_isotonic_frozen
s0-i7,development,0,structural,subset_beam_32,2,0.01,543028271928dcfa,"[[0, 1, 2, 3, 4, 5], [6, 7, 8, 9, 10, 11]]",1.9931547043515596,-0.25536559483840443,0.5704757306220308,-0.32487441180295734,,26.0,0.1551634127111587,0.1551634127111587,1.6262828219571792,0.0,0.03478438507914775,"{""2"": 19, ""3"": 13, ""4"": 8, ""1"": 26}",0.1551634127111587,0.15515791265897164,37.47042149838956,1e-05,True,40,development_isotonic_frozen
s0-i7,development,0,structural,saps_diagonal,2,0.01,b21323bf9f9c3301,"[[0, 2, 3, 4, 7, 9], [1, 5, 6, 8, 10, 11]]",1.9931547043515596,-0.2766908903495061,0.5469797285045693,-0.328427466656927,,34.0,0.15669517046189532,0.15669517046189532,2.240656332474336,0.003755212088317514,0.06485565450551373,"{""1"": 34, ""2"": 28, ""3"": 4}",0.15669517046189532,0.15668145332811084,53.24127486351591,1e-05,True,40,development_isotonic_frozen
s0-i7,development,0,structural,p_saps_residualized,2,0.01,d719aba63f56f459,"[[0, 2, 3, 5, 7, 10], [1, 4, 6, 8, 9, 11]]",1.9931547043515596,-0.2884903543804506,0.5200882346231297,-0.4286867092320813,,30.0,0.11557094827268985,0.11557094827268985,2.1322374776771906,0.0,0.04889616954860329,"{""1"": 30, ""2"": 29, ""3"": 7}",0.11557094827268985,0.11556928220286122,57.167103558389385,1e-05,True,80,development_isotonic_frozen
s0-i7,development,0,structural,p_saps_projection,2,0.01,da9582c3341bd453,"[[0, 6, 7, 8, 10, 11], [1, 2, 3, 4, 5, 9]]",1.9931547043515596,-0.25434002936108385,0.5550852776399356,-0.38915945332649665,,20.0,0.20964821825198793,0.20964821825198793,1.7708412950200396,0.0,-0.009347480337391165,"{""1"": 20, ""2"": 29, ""3"": 14, ""4"": 3}",0.20964821825198793,0.20964415185051472,57.87234180483804,1e-05,True,640,development_isotonic_frozen
s0-i7,development,0,structural,b_saps_budgeted,2,0.01,8455c7a8a5cae77a,"[[1, 2, 4, 7, 8, 11], [0, 3, 5, 6, 9, 10]]",1.9931547043515596,-0.23226287877029494,0.6015225125848818,-0.09923190066063842,,33.0,0.15043504538416472,0.15043504538416472,2.349075187271481,0.0018023664834082437,-0.009347480337391169,"{""1"": 33, ""2"": 32, ""3"": 1}",0.15043504538416472,0.15039589099082004,39.6541300850233,1e-05,True,40,development_isotonic_frozen
s0-i7,development,0,structural,random_balanced,2,0.05,2ffc135c62b98dfa,"[[0, 2, 3, 4, 7, 11], [1, 5, 6, 8, 9, 10]]",5.200661158638015,-0.2517032519334086,0.5742732183316958,-0.13750598838182737,,32.0,0.13158528695660754,0.13158528695660754,5.749336964318202,2.982332263990312e-05,1.0081907308789835,"{""1"": 32, ""2"": 28, ""3"": 6}",0.13158528695660754,0.13158122855779514,56.07931262213182,1e-05,True,40,development_isotonic_frozen
s0-i7,development,0,structural,confidence,2,0.05,316033bb43ebfb3e,"[[0, 1, 4, 6, 7, 11], [2, 3, 5, 8, 9, 10]]",5.200661158638015,-0.2196373543309181,0.6140371304093581,-0.27190474220080507,,30.0,0.15967564626647304,0.15967564626647304,5.778948897749434,-1.718216230363531e-06,0.0066799891241314715,"{""2"": 31, ""1"": 30, ""3"": 5}",0.15967564626647304,0.15967314959685053,50.3033942651372,1e-05,True,40,development_isotonic_frozen
s0-i7,development,0,structural,entropy,2,0.05,2e665ebb8d50c67f,"[[0, 1, 4, 7, 9, 11], [2, 3, 5, 6, 8, 10]]",5.200661158638015,-0.2265668607529077,0.6150921401770009,-0.5579084217306646,,26.0,0.1910720287582733,0.1910720287582733,5.428756455452824,-0.12652051760545893,0.019634409624136522,"{""2"": 32, ""1"": 26, ""3"": 7, ""4"": 1}",0.1910720287582733,0.19107078630172403,51.606974918449886,1e-05,True,40,development_isotonic_frozen
s0-i7,development,0,structural,dependency_cmi,2,0.05,7cf33f9edaf3686f,"[[0, 4, 6, 7, 8, 11], [1, 2, 3, 5, 9, 10]]",5.200661158638015,-0.23929088831159886,0.5792962475817219,-0.19013935434758833,,23.0,0.151168840657184,0.151168840657184,5.350349462851948,0.001602990395532864,0.009187801910354189,"{""1"": 23, ""2"": 35, ""3"": 8}",0.151168840657184,0.15116806004298128,56.42791275738627,1e-05,True,40,development_isotonic_frozen
s0-i7,development,0,structural,min_within_batch_tc,2,0.05,da9582c3341bd453,"[[0, 6, 7, 8, 10, 11], [1, 2, 3, 4, 5, 9]]",5.200661158638015,-0.25434002936108385,0.5550852776399356,-0.38915945332649665,,20.0,0.20964821825198793,0.20964821825198793,4.5349931137647435,2.067655779849824e-05,0.008464752999185188,"{""1"": 20, ""2"": 29, ""3"": 14, ""4"": 3}",0.20964821825198793,0.20964415185051472,57.87234180483804,1e-05,True,40,development_isotonic_frozen
s0-i7,development,0,structural,dprm_myopic,2,0.05,cfc0dbf26a4466be,"[[2, 3, 4, 5, 10, 11], [0, 1, 6, 7, 8, 9]]",5.200661158638015,-0.2739869586108819,0.5474965893670068,-0.3042030936846993,,23.0,0.191122903636424,0.191122903636424,4.9409331536928764,-0.003706996143629298,0.0006191014978842342,"{""2"": 30, ""3"": 11, ""1"": 23, ""4"": 2}",0.191122903636424,0.19111713036154082,56.57302454300382,1e-05,True,40,development_isotonic_frozen
s0-i7,development,0,structural,dprm_rollout,2,0.05,d779e98f8df06fa0,"[[2, 3, 6, 8, 10, 11], [0, 1, 4, 5, 7, 9]]",5.200661158638015,-0.2727161878986877,0.534439345723433,-0.44978314236724687,,25.0,0.15824778608820078,0.15824778608820078,5.238854267588903,0.0,1.0246174620199158,"{""2"": 31, ""3"": 9, ""4"": 1, ""1"": 25}",0.15824778608820078,0.15353778438219212,56.79907453797116,1e-05,True,40,development_isotonic_frozen
s0-i7,development,0,structural,subset_exact,2,0.05,39fd4ef7ce1f39be,"[[1, 2, 4, 6, 9, 10], [0, 3, 5, 7, 8, 11]]",5.200661158638015,-0.2679993405316862,0.5621297788109331,-0.5886421391023736,,28.0,0.07754603679004074,0.07754603679004074,5.481027783853406,-0.00037468871485983303,0.019306969662065444,"{""1"": 28, ""2"": 30, ""3"": 8}",0.07754603679004074,0.07754252717349255,41.25864863545169,1e-05,True,40,development_isotonic_frozen
s0-i7,development,0,structural,subset_beam_8,2,0.05,a22d0567cc3bc73e,"[[0, 1, 2, 4, 5, 10], [3, 6, 7, 8, 9, 11]]",5.200661158638015,-0.2603637840854711,0.5665078007672348,-0.41849828233166303,,27.0,0.17368661074113312,0.17368661074113312,4.963592548662228,-0.0011810984505681273,0.014216374129003142,"{""2"": 25, ""3"": 10, ""1"": 27, ""4"": 4}",0.17368661074113312,0.17368535433500532,42.45455887938595,1e-05,True,40,development_isotonic_frozen
s0-i7,development,0,structural,subset_beam_32,2,0.05,39fd4ef7ce1f39be,"[[1, 2, 4, 6, 9, 10], [0, 3, 5, 7, 8, 11]]",5.200661158638015,-0.2679993405316862,0.5621297788109331,-0.5886421391023736,,28.0,0.07754603679004074,0.07754603679004074,5.481027783853406,-0.00037468871485983303,0.019306969662065444,"{""1"": 28, ""2"": 30, ""3"": 8}",0.07754603679004074,0.07754252717349255,41.25864863545169,1e-05,True,40,development_isotonic_frozen
s0-i7,development,0,structural,saps_diagonal,2,0.05,b21323bf9f9c3301,"[[0, 2, 3, 4, 7, 9], [1, 5, 6, 8, 10, 11]]",5.200661158638015,-0.2766908903495061,0.5469797285045693,-0.328427466656927,,34.0,0.15669517046189532,0.15669517046189532,5.965374816382415,0.0013601745713107817,1.0010955560966086,"{""1"": 34, ""2"": 28, ""3"": 4}",0.15669517046189532,0.15668145332811084,53.24127486351591,1e-05,True,40,development_isotonic_frozen
s0-i7,development,0,structural,p_saps_residualized,2,0.05,d719aba63f56f459,"[[0, 2, 3, 5, 7, 10], [1, 4, 6, 8, 9, 11]]",5.200661158638015,-0.2884903543804506,0.5200882346231297,-0.4286867092320813,,30.0,0.11557094827268985,0.11557094827268985,5.615182374085804,-0.000220032859379507,1.0084647529991853,"{""1"": 30, ""2"": 29, ""3"": 7}",0.11557094827268985,0.11556928220286122,57.167103558389385,1e-05,True,80,development_isotonic_frozen
s0-i7,development,0,structural,p_saps_projection,2,0.05,da9582c3341bd453,"[[0, 6, 7, 8, 10, 11], [1, 2, 3, 4, 5, 9]]",5.200661158638015,-0.25434002936108385,0.5550852776399356,-0.38915945332649665,,20.0,0.20964821825198793,0.20964821825198793,4.5349931137647435,2.067655779849824e-05,0.008464752999185188,"{""1"": 20, ""2"": 29, ""3"": 14, ""4"": 3}",0.20964821825198793,0.20964415185051472,57.87234180483804,1e-05,True,640,development_isotonic_frozen
s0-i7,development,0,structural,b_saps_budgeted,2,0.05,b21323bf9f9c3301,"[[0, 2, 3, 4, 7, 9], [1, 5, 6, 8, 10, 11]]",5.200661158638015,-0.2766908903495061,0.5469797285045693,-0.328427466656927,,34.0,0.15669517046189532,0.15669517046189532,5.965374816382415,0.0013601745713107817,1.0010955560966086,"{""1"": 34, ""2"": 28, ""3"": 4}",0.15669517046189532,0.15668145332811084,53.24127486351591,1e-05,True,40,development_isotonic_frozen
s0-i7,development,0,structural,random_balanced,2,0.15,2ffc135c62b98dfa,"[[0, 2, 3, 4, 7, 11], [1, 5, 6, 8, 9, 10]]",11.475190495451809,-0.2517032519334086,0.5742732183316958,-0.13750598838182737,,32.0,0.13158528695660754,0.13158528695660754,12.409440262733108,-1.8197292132166458e-05,0.0388766498974865,"{""1"": 32, ""2"": 28, ""3"": 6}",0.13158528695660754,0.13158122855779514,56.07931262213182,1e-05,True,40,development_isotonic_frozen
s0-i7,development,0,structural,confidence,2,0.15,316033bb43ebfb3e,"[[0, 1, 4, 6, 7, 11], [2, 3, 5, 8, 9, 10]]",11.475190495451809,-0.2196373543309181,0.6140371304093581,-0.27190474220080507,,30.0,0.15967564626647304,0.15967564626647304,12.602129277234877,0.12452219006192028,0.007538310514578844,"{""2"": 31, ""1"": 30, ""3"": 5}",0.15967564626647304,0.15967314959685053,50.3033942651372,1e-05,True,40,development_isotonic_frozen
s0-i7,development,0,structural,entropy,2,0.15,2e665ebb8d50c67f,"[[0, 1, 4, 7, 9, 11], [2, 3, 5, 6, 8, 10]]",11.475190495451809,-0.2265668607529077,0.6150921401770009,-0.5579084217306646,,26.0,0.1910720287582733,0.1910720287582733,12.024062233729573,0.000772226587709266,0.02994405813860278,"{""2"": 32, ""1"": 26, ""3"": 7, ""4"": 1}",0.1910720287582733,0.19107078630172403,51.606974918449886,1e-05,True,40,development_isotonic_frozen
s0-i7,development,0,structural,dependency_cmi,2,0.15,7cf33f9edaf3686f,"[[0, 4, 6, 7, 8, 11], [1, 2, 3, 5, 9, 10]]",11.475190495451809,-0.23929088831159886,0.5792962475817219,-0.19013935434758833,,23.0,0.151168840657184,0.151168840657184,12.024062233729573,7.408261437137883e-06,0.023950293382097636,"{""1"": 23, ""2"": 35, ""3"": 8}",0.151168840657184,0.15116806004298128,56.42791275738627,1e-05,True,40,development_isotonic_frozen
s0-i7,development,0,structural,min_within_batch_tc,2,0.15,da9582c3341bd453,"[[0, 6, 7, 8, 10, 11], [1, 2, 3, 4, 5, 9]]",11.475190495451809,-0.25434002936108385,0.5550852776399356,-0.38915945332649665,,20.0,0.20964821825198793,0.20964821825198793,10.28986110321366,0.0015774589930337354,0.013728562536132749,"{""1"": 20, ""2"": 29, ""3"": 14, ""4"": 3}",0.20964821825198793,0.20964415185051472,57.87234180483804,1e-05,True,40,development_isotonic_frozen
s0-i7,development,0,structural,dprm_myopic,2,0.15,cfc0dbf26a4466be,"[[2, 3, 4, 5, 10, 11], [0, 1, 6, 7, 8, 9]]",11.475190495451809,-0.2739869586108819,0.5474965893670068,-0.3042030936846993,,23.0,0.191122903636424,0.191122903636424,11.060617161220732,-1.8486602687200214e-05,0.034783125395794874,"{""2"": 30, ""3"": 11, ""1"": 23, ""4"": 2}",0.191122903636424,0.19111713036154082,56.57302454300382,1e-05,True,40,development_isotonic_frozen
s0-i7,development,0,structural,dprm_rollout,2,0.15,35cf9ac4064343a0,"[[1, 2, 3, 8, 10, 11], [0, 4, 5, 6, 7, 9]]",11.475190495451809,-0.2565318284190627,0.5631869036011685,-0.28320264840398107,,28.0,0.18202346442373576,0.18202346442373576,11.831373219227805,-5.837456676920524e-05,0.00409352450169162,"{""1"": 28, ""2"": 29, ""3"": 8, ""4"": 1}",0.18202346442373576,0.18201912492970201,52.40398508028617,1e-05,True,40,development_isotonic_frozen
s0-i7,development,0,structural,subset_exact,2,0.15,79fc2f6fdefb3caf,"[[0, 1, 2, 4, 5, 7], [3, 6, 8, 9, 10, 11]]",11.475190495451809,-0.24614578623912164,0.5846003696639578,-0.3225847659868876,,34.0,0.10213511415830526,0.10213511415830526,11.638684204726037,0.12434201031505294,0.03987372092885719,"{""2"": 22, ""3"": 7, ""1"": 34, ""4"": 3}",0.10213511415830526,0.10213450637872172,38.88863892340851,1e-05,True,40,development_isotonic_frozen
s0-i7,development,0,structural,subset_beam_8,2,0.15,3deede777e7d2204,"[[0, 1, 2, 5, 7, 11], [3, 4, 6, 8, 9, 10]]",11.475190495451809,-0.22702753843521284,0.604259436393043,-0.5800609236288387,,22.0,0.1162156468235028,0.1162156468235028,10.867928146718965,-1.0704591066829566e-06,1.036343545400753,"{""2"": 30, ""3"": 12, ""1"": 22, ""4"": 2}",0.1162156468235028,0.11621529187660909,53.6238935536059,1e-05,True,40,development_isotonic_frozen
s0-i7,development,0,structural,subset_beam_32,2,0.15,79fc2f6fdefb3caf,"[[0, 1, 2, 4, 5, 7], [3, 6, 8, 9, 10, 11]]",11.475190495451809,-0.24614578623912164,0.5846003696639578,-0.3225847659868876,,34.0,0.10213511415830526,0.10213511415830526,11.638684204726037,0.12434201031505294,0.03987372092885719,"{""2"": 22, ""3"": 7, ""1"": 34, ""4"": 3}",0.10213511415830526,0.10213450637872172,38.88863892340851,1e-05,True,40,development_isotonic_frozen
s0-i7,development,0,structural,saps_diagonal,2,0.15,b21323bf9f9c3301,"[[0, 2, 3, 4, 7, 9], [1, 5, 6, 8, 10, 11]]",11.475190495451809,-0.2766908903495061,0.5469797285045693,-0.328427466656927,,34.0,0.15669517046189532,0.15669517046189532,12.794818291736645,-0.12560861643660595,0.019931562533234096,"{""1"": 34, ""2"": 28, ""3"": 4}",0.15669517046189532,0.15668145332811084,53.24127486351591,1e-05,True,40,development_isotonic_frozen
s0-i7,development,0,structural,p_saps_residualized,2,0.15,d719aba63f56f459,"[[0, 2, 3, 5, 7, 10], [1, 4, 6, 8, 9, 11]]",11.475190495451809,-0.2884903543804506,0.5200882346231297,-0.4286867092320813,,30.0,0.11557094827268985,0.11557094827268985,12.21675124823134,-8.867093327031861e-06,-0.01604469877826349,"{""1"": 30, ""2"": 29, ""3"": 7}",0.11557094827268985,0.11556928220286122,57.167103558389385,1e-05,True,80,development_isotonic_frozen
s0-i7,development,0,structural,p_saps_projection,2,0.15,da9582c3341bd453,"[[0, 6, 7, 8, 10, 11], [1, 2, 3, 4, 5, 9]]",11.475190495451809,-0.25434002936108385,0.5550852776399356,-0.38915945332649665,,20.0,0.20964821825198793,0.20964821825198793,10.28986110321366,0.0015774589930337354,0.013728562536132749,"{""1"": 20, ""2"": 29, ""3"": 14, ""4"": 3}",0.20964821825198793,0.20964415185051472,57.87234180483804,1e-05,True,640,development_isotonic_frozen
s0-i7,development,0,structural,b_saps_budgeted,2,0.15,8455c7a8a5cae77a,"[[1, 2, 4, 7, 8, 11], [0, 3, 5, 6, 9, 10]]",11.475190495451809,-0.23226287877029494,0.6015225125848818,-0.09923190066063842,,33.0,0.15043504538416472,0.15043504538416472,13.37288533524195,-0.12323394992038521,1.0127997500604895,"{""1"": 33, ""2"": 32, ""3"": 1}",0.15043504538416472,0.15039589099082004,39.6541300850233,1e-05,True,40,development_isotonic_frozen
s0-i7,development,0,structural,random_balanced,3,0.01,175d6c142faef3e5,"[[0, 2, 3, 11], [1, 4, 5, 7], [6, 8, 9, 10]]",2.2579595436439814,-0.48795059896790427,1.1644080156828116,-0.13152681702053914,,41.0,0.1431686999524115,0.1431686999524115,2.2045167142086206,0.0,0.04754161847710669,"{""1"": 41, ""2"": 20, ""3"": 5}",0.1431686999524115,0.1431663797225617,36.64882876118992,1e-05,True,40,development_isotonic_frozen
s0-i7,development,0,structural,confidence,3,0.01,4ad6c6666aa49d6d,"[[0, 1, 6, 11], [4, 5, 7, 8], [2, 3, 9, 10]]",2.2579595436439814,-0.44347233774360406,1.2091949570105003,-0.0680001683075858,,44.0,0.120595894012471,0.120595894012471,2.312935569005766,5.523523699631557e-06,-1.0093474803373912,"{""2"": 20, ""1"": 44, ""3"": 2}",0.120595894012471,0.12059300566157577,37.57817792770898,1e-05,True,40,development_isotonic_frozen
s0-i7,development,0,structural,entropy,3,0.01,4fb8d12aca8549eb,"[[0, 1, 4, 11], [2, 6, 7, 9], [3, 5, 8, 10]]",2.2579595436439814,-0.449083426581536,1.227095491787118,-0.2588742939325674,,46.0,0.13147715642348914,0.13147715642348914,2.349075187271481,0.0,0.0,"{""2"": 19, ""1"": 46, ""3"": 1}",0.13147715642348914,0.13147307930018984,45.36558691015694,1e-05,True,40,development_isotonic_frozen
s0-i7,development,0,structural,dependency_cmi,3,0.01,fd3e533e2c0508f8,"[[4, 6, 8, 11], [1, 2, 7, 10], [0, 3, 5, 9]]",2.2579595436439814,-0.4901576443559181,1.1556676453739254,-0.012719864770010603,,52.0,0.10701717500950078,0.10701717500950078,2.385214805537196,0.0,-0.022677827832636815,"{""1"": 52, ""2"": 14}",0.10701717500950078,0.10701569073525627,44.001293591596436,1e-05,True,40,development_isotonic_frozen
s0-i7,development,0,structural,min_within_batch_tc,3,0.01,dde1df76832a0c91,"[[0, 8, 10, 11], [5, 6, 7, 9], [1, 2, 3, 4]]",2.2579595436439814,-0.5173981355346701,1.1070290190548826,-0.10358261927548329,,26.0,0.13014635442872013,0.13014635442872013,1.8792601498171848,0.0,-0.9897757625734513,"{""1"": 26, ""2"": 26, ""3"": 13, ""4"": 1}",0.13014635442872013,0.1301453957986302,50.76713155947462,1e-05,True,40,development_isotonic_frozen
s0-i7,development,0,structural,dprm_myopic,3,0.01,3e9c538363023f34,"[[0, 3, 4, 10], [2, 8, 9, 11], [1, 5, 6, 7]]",2.2579595436439814,-0.555528841966023,1.0785372310715389,-0.10412856256986715,,44.0,0.21448998892940185,0.21448998892940185,2.240656332474336,0.0,0.03478438507914775,"{""1"": 44, ""2"": 18, ""3"": 4}",0.21448998892940185,0.21448749133802375,46.850562226700504,1e-05,True,40,development_isotonic_frozen
s0-i7,development,0,structural,dprm_rollout,3,0.01,affb2890753a12ee,"[[0, 1, 3, 7], [4, 5, 6, 10], [2, 8, 9, 11]]",2.2579595436439814,-0.5163420783274245,1.1224335630727684,-0.21102476470963485,,39.0,0.19865641366340292,0.19865641366340292,2.1322374776771906,1.8195911824267785e-05,1.045283936741574,"{""2"": 20, ""1"": 39, ""3"": 6, ""4"": 1}",0.19865641366340292,0.19865305943788034,37.7088502056122,1e-05,True,40,development_isotonic_frozen
s0-i7,development,0,structural,subset_exact,3,0.01,ef18f48e5acedf83,"[[0, 2, 7, 8], [1, 4, 6, 11], [3, 5, 9, 10]]",2.2579595436439814,-0.48893637434917275,1.1513766266234853,-0.12420069808972799,,49.0,0.19825157816192077,0.19825157816192077,2.385214805537196,0.0,-0.009347480337391169,"{""1"": 49, ""2"": 17}",0.19825157816192077,0.19810786579291245,39.096664757365545,1e-05,True,40,development_isotonic_frozen
s0-i7,development,0,structural,subset_beam_8,3,0.01,6be6a66dbac6b953,"[[0, 1, 2, 3], [4, 5, 6, 11], [7, 8, 9, 10]]",2.2579595436439814,-0.48793311246945087,1.1622360421451574,-0.21551560488932558,,33.0,0.15891719037577345,0.15891719037577345,1.951539386348615,-0.0029918841522525302,0.011951686934285662,"{""2"": 21, ""3"": 10, ""4"": 2, ""1"": 33}",0.15891719037577345,0.15891319478822158,33.99601076948626,1e-05,True,40,development_isotonic_frozen
s0-i7,development,0,structural,subset_beam_32,3,0.01,6be6a66dbac6b953,"[[0, 1, 2, 3], [4, 5, 6, 11], [7, 8, 9, 10]]",2.2579595436439814,-0.48793311246945087,1.1622360421451574,-0.21551560488932558,,33.0,0.15891719037577345,0.15891719037577345,1.951539386348615,-0.0029918841522525302,0.011951686934285662,"{""2"": 21, ""3"": 10, ""4"": 2, ""1"": 33}",0.15891719037577345,0.15891319478822158,33.99601076948626,1e-05,True,40,development_isotonic_frozen
s0-i7,development,0,structural,saps_diagonal,3,0.01,87cc2421204985a8,"[[0, 2, 4, 10], [1, 5, 7, 8], [3, 6, 9, 11]]",2.2579595436439814,-0.5385925317611101,1.1024712646994648,-0.1379178006145917,,56.0,0.13993334524186257,0.13993334524186257,2.385214805537196,4.295347534092242e-06,0.002327752268161111,"{""1"": 56, ""2"": 10}",0.13993334524186257,0.1399203761073736,39.75204193956648,1e-05,True,40,development_isotonic_frozen
s0-i7,development,0,structural,p_saps_residualized,3,0.01,657b65e0f68536a8,"[[1, 3, 4, 6], [0, 5, 8, 11], [2, 7, 9, 10]]",2.2579595436439814,-0.48730734118668934,1.1567990981222267,-0.16685259308128814,,52.0,0.1596276247046631,0.1596276247046631,2.312935569005766,0.0,1.0093474803373912,"{""1"": 52, ""2"": 12, ""3"": 2}",0.1596276247046631,0.15950297567410734,34.66388561773943,1e-05,True,80,development_isotonic_frozen
s0-i7,development,0,structural,p_saps_projection,3,0.01,62d3369afd33b454,"[[4, 6, 10, 11], [0, 2, 3, 8], [1, 5, 7, 9]]",2.2579595436439814,-0.5238160153653811,1.1103257822240165,-0.1825280395584029,,46.0,0.21111373952240958,0.21111373952240958,2.385214805537196,-0.0004504475993137904,0.032180178482253255,"{""1"": 46, ""2"": 20}",0.21111373952240958,0.21110696436925108,50.97643358224603,1e-05,True,640,development_isotonic_frozen
s0-i7,development,0,structural,b_saps_budgeted,3,0.01,dbcf5c1a89329224,"[[0, 2, 3, 11], [1, 5, 7, 9], [4, 6, 8, 10]]",2.2579595436439814,-0.49381998958009304,1.1567735925847706,-0.1475116661728218,,46.0,0.13584847323931565,0.13584847323931565,2.385214805537196,-0.0014860320047065613,0.027521269209949413,"{""1"": 46, ""2"": 20}",0.13584847323931565,0.1358463894230119,44.13985531320174,1e-05,True,40,development_isotonic_frozen
s0-i7,development,0,structural,random_balanced,3,0.05,175d6c142faef3e5,"[[0, 2, 3, 11], [1, 4, 5, 7], [6, 8, 9, 10]]",6.165511861910957,-0.48795059896790427,1.1644080156828116,-0.13152681702053914,,41.0,0.1431686999524115,0.1431686999524115,6.066441203952642,2.431807946662113e-06,1.0018923031310487,"{""1"": 41, ""2"": 20, ""3"": 5}",0.1431686999524115,0.1431663797225617,36.64882876118992,1e-05,True,40,development_isotonic_frozen
s0-i7,development,0,structural,confidence,3,0.05,4ad6c6666aa49d6d,"[[0, 1, 6, 11], [4, 5, 7, 8], [2, 3, 9, 10]]",6.165511861910957,-0.44347233774360406,1.2091949570105003,-0.0680001683075858,,44.0,0.120595894012471,0.120595894012471,6.390497982048959,0.00022386407653561535,0.010875348676227713,"{""2"": 20, ""1"": 44, ""3"": 2}",0.120595894012471,0.12059300566157577,37.57817792770898,1e-05,True,40,development_isotonic_frozen
s0-i7,development,0,structural,entropy,3,0.05,4fb8d12aca8549eb,"[[0, 1, 4, 11], [2, 6, 7, 9], [3, 5, 8, 10]]",6.165511861910957,-0.449083426581536,1.227095491787118,-0.2588742939325674,,46.0,0.13147715642348914,0.13147715642348914,6.524652572281357,9.924839612913813e-06,1.0101848729417249,"{""2"": 19, ""1"": 46, ""3"": 1}",0.13147715642348914,0.13147307930018984,45.36558691015694,1e-05,True,40,development_isotonic_frozen
s0-i7,development,0,structural,dependency_cmi,3,0.05,fd3e533e2c0508f8,"[[4, 6, 8, 11], [1, 2, 7, 10], [0, 3, 5, 9]]",6.165511861910957,-0.4901576443559181,1.1556676453739254,-0.012719864770010603,,52.0,0.10701717500950078,0.10701717500950078,6.7633498193149215,0.001276084241351525,0.9961855243043916,"{""1"": 52, ""2"": 14}",0.10701717500950078,0.10701569073525627,44.001293591596436,1e-05,True,40,development_isotonic_frozen
s0-i7,development,0,structural,min_within_batch_tc,3,0.05,dde1df76832a0c91,"[[0, 8, 10, 11], [5, 6, 7, 9], [1, 2, 3, 4]]",6.165511861910957,-0.5173981355346701,1.1070290190548826,-0.10358261927548329,,26.0,0.13014635442872013,0.13014635442872013,4.937456884461937,0.12610823917863623,0.01970287337271803,"{""1"": 26, ""2"": 26, ""3"": 13, ""4"": 1}",0.13014635442872013,0.1301453957986302,50.76713155947462,1e-05,True,40,development_isotonic_frozen
s0-i7,development,0,structural,dprm_myopic,3,0.05,3e9c538363023f34,"[[0, 3, 4, 10], [2, 8, 9, 11], [1, 5, 6, 7]]",6.165511861910957,-0.555528841966023,1.0785372310715389,-0.10412856256986715,,44.0,0.21448998892940185,0.21448998892940185,6.226731458385331,0.0014917499931791298,1.0115281201401245,"{""1"": 44, ""2"": 18, ""3"": 4}",0.21448998892940185,0.21448749133802375,46.850562226700504,1e-05,True,40,development_isotonic_frozen
s0-i7,development,0,structural,dprm_rollout,3,0.05,5da9d74070aa9f60,"[[3, 4, 9, 10], [0, 1, 6, 7], [2, 5, 8, 11]]",6.165511861910957,-0.5623696143314044,1.0809598569753345,-0.4885380553899231,,41.0,0.20783934045195646,0.20783934045195646,6.066441203952642,4.217316001773324e-06,0.9968558328934002,"{""2"": 20, ""1"": 41, ""3"": 5}",0.20783934045195646,0.20781755388524392,41.50296097893428,1e-05,True,40,development_isotonic_frozen
s0-i7,development,0,structural,subset_exact,3,0.05,767ba0e85538445e,"[[0, 5, 6, 10], [1, 4, 7, 11], [2, 3, 8, 9]]",6.165511861910957,-0.5101439978383019,1.125423636163681,-0.10774007709804057,,42.0,0.09860923507442686,0.09860923507442686,6.501993177312006,0.0,1.0195127993563364,"{""1"": 42, ""2"": 24}",0.09860923507442686,0.09859922189898489,39.95224848830165,1e-05,True,40,development_isotonic_frozen
s0-i7,development,0,structural,subset_beam_8,3,0.05,767ba0e85538445e,"[[0, 5, 6, 10], [1, 4, 7, 11], [2, 3, 8, 9]]",6.165511861910957,-0.5101439978383019,1.125423636163681,-0.10774007709804057,,42.0,0.09860923507442686,0.09860923507442686,6.501993177312006,0.0,1.0195127993563364,"{""1"": 42, ""2"": 24}",0.09860923507442686,0.09859922189898489,39.95224848830165,1e-05,True,40,development_isotonic_frozen
s0-i7,development,0,structural,subset_beam_32,3,0.05,767ba0e85538445e,"[[0, 5, 6, 10], [1, 4, 7, 11], [2, 3, 8, 9]]",6.165511861910957,-0.5101439978383019,1.125423636163681,-0.10774007709804057,,42.0,0.09860923507442686,0.09860923507442686,6.501993177312006,0.0,1.0195127993563364,"{""1"": 42, ""2"": 24}",0.09860923507442686,0.09859922189898489,39.95224848830165,1e-05,True,40,development_isotonic_frozen
s0-i7,development,0,structural,saps_diagonal,3,0.05,87cc2421204985a8,"[[0, 2, 4, 10], [1, 5, 7, 8], [3, 6, 9, 11]]",6.165511861910957,-0.5385925317611101,1.1024712646994648,-0.1379178006145917,,56.0,0.13993334524186257,0.13993334524186257,6.867892476116088,3.807340156853975e-05,0.015111610109969201,"{""1"": 56, ""2"": 10}",0.13993334524186257,0.1399203761073736,39.75204193956648,1e-05,True,40,development_isotonic_frozen
s0-i7,development,0,structural,p_saps_residualized,3,0.05,657b65e0f68536a8,"[[1, 3, 4, 6], [0, 5, 8, 11], [2, 7, 9, 10]]",6.165511861910957,-0.48730734118668934,1.1567990981222267,-0.16685259308128814,,52.0,0.1596276247046631,0.1596276247046631,6.599583295651293,1.2517745836378157e-05,0.010875348676227713,"{""1"": 52, ""2"": 12, ""3"": 2}",0.1596276247046631,0.15950297567410734,34.66388561773943,1e-05,True,80,development_isotonic_frozen
s0-i7,development,0,structural,p_saps_projection,3,0.05,62d3369afd33b454,"[[4, 6, 10, 11], [0, 2, 3, 8], [1, 5, 7, 9]]",6.165511861910957,-0.5238160153653811,1.1103257822240165,-0.1825280395584029,,46.0,0.21111373952240958,0.21111373952240958,6.6065358341131715,-0.0001535300794188385,1.01806105593385,"{""1"": 46, ""2"": 20}",0.21111373952240958,0.21110696436925108,50.97643358224603,1e-05,True,640,development_isotonic_frozen
s0-i7,development,0,structural,b_saps_budgeted,3,0.05,87cc2421204985a8,"[[0, 2, 4, 10], [1, 5, 7, 8], [3, 6, 9, 11]]",6.165511861910957,-0.5385925317611101,1.1024712646994648,-0.1379178006145917,,56.0,0.13993334524186257,0.13993334524186257,6.867892476116088,3.807340156853975e-05,0.015111610109969201,"{""1"": 56, ""2"": 10}",0.13993334524186257,0.1399203761073736,39.75204193956648,1e-05,True,40,development_isotonic_frozen
s0-i7,development,0,structural,random_balanced,3,0.15,175d6c142faef3e5,"[[0, 2, 3, 11], [1, 4, 5, 7], [6, 8, 9, 10]]",12.887075456255673,-0.48795059896790427,1.1644080156828116,-0.13152681702053914,,41.0,0.1431686999524115,0.1431686999524115,12.602129277234877,4.088973561399818e-05,0.007538310514578844,"{""1"": 41, ""2"": 20, ""3"": 5}",0.1431686999524115,0.1431663797225617,36.64882876118992,1e-05,True,40,development_isotonic_frozen
s0-i7,development,0,structural,confidence,3,0.15,4ad6c6666aa49d6d,"[[0, 1, 6, 11], [4, 5, 7, 8], [2, 3, 9, 10]]",12.887075456255673,-0.44347233774360406,1.2091949570105003,-0.0680001683075858,,44.0,0.120595894012471,0.120595894012471,13.180196320740182,0.0008826434722509573,1.0198483234724907,"{""2"": 20, ""1"": 44, ""3"": 2}",0.120595894012471,0.12059300566157577,37.57817792770898,1e-05,True,40,development_isotonic_frozen
s0-i7,development,0,structural,entropy,3,0.15,4fb8d12aca8549eb,"[[0, 1, 4, 11], [2, 6, 7, 9], [3, 5, 8, 10]]",12.887075456255673,-0.449083426581536,1.227095491787118,-0.2588742939325674,,46.0,0.13147715642348914,0.13147715642348914,13.37288533524195,0.003171868861672041,0.01755080611994753,"{""2"": 19, ""1"": 46, ""3"": 1}",0.13147715642348914,0.13147307930018984,45.36558691015694,1e-05,True,40,development_isotonic_frozen
s0-i7,development,0,structural,dependency_cmi,3,0.15,fd3e533e2c0508f8,"[[4, 6, 8, 11], [1, 2, 7, 10], [0, 3, 5, 9]]",12.887075456255673,-0.4901576443559181,1.1556676453739254,-0.012719864770010603,,52.0,0.10701717500950078,0.10701717500950078,13.565574349743716,8.785089380999352e-07,1.0027659177214254,"{""1"": 52, ""2"": 14}",0.10701717500950078,0.10701569073525627,44.001293591596436,1e-05,True,40,development_isotonic_frozen
s0-i7,development,0,structural,min_within_batch_tc,3,0.15,dde1df76832a0c91,"[[0, 8, 10, 11], [5, 6, 7, 9], [1, 2, 3, 4]]",12.887075456255673,-0.5173981355346701,1.1070290190548826,-0.10358261927548329,,26.0,0.13014635442872013,0.13014635442872013,10.867928146718965,0.004436613009119059,0.011610498282575044,"{""1"": 26, ""2"": 26, ""3"": 13, ""4"": 1}",0.13014635442872013,0.1301453957986302,50.76713155947462,1e-05,True,40,development_isotonic_frozen
s0-i7,development,0,structural,dprm_myopic,3,0.15,3e9c538363023f34,"[[0, 3, 4, 10], [2, 8, 9, 11], [1, 5, 6, 7]]",12.887075456255673,-0.555528841966023,1.0785372310715389,-0.10412856256986715,,44.0,0.21448998892940185,0.21448998892940185,12.794818291736645,-0.0022387450101344656,0.01267847882898547,"{""1"": 44, ""2"": 18, ""3"": 4}",0.21448998892940185,0.21448749133802375,46.850562226700504,1e-05,True,40,development_isotonic_frozen
s0-i7,development,0,structural,dprm_rollout,3,0.15,d91cb806a64b3113,"[[2, 5, 8, 9], [0, 4, 7, 10], [1, 3, 6, 11]]",12.887075456255673,-0.5630014147478073,1.067988445549566,-0.23241577436484523,,44.0,0.11754575420583536,0.11754575420583536,13.565574349743716,-0.12299761719502651,0.022546724308892818,"{""1"": 44, ""2"": 22}",0.11754575420583536,0.11754283937863852,57.19382735867044,1e-05,True,40,development_isotonic_frozen
s0-i7,development,0,structural,subset_exact,3,0.15,868d343ba3929e0e,"[[0, 2, 4, 5], [1, 6, 7, 11], [3, 8, 9, 10]]",12.887075456255673,-0.488526540950824,1.1662306492243286,-0.22753617690279554,,41.0,0.1654987262112109,0.1654987262112109,12.794818291736645,-6.370066217441071e-05,0.989126993614648,"{""1"": 41, ""2"": 21, ""3"": 4}",0.1654987262112109,0.16549139711281546,43.08660358925991,1e-05,True,40,development_isotonic_frozen
s0-i7,development,0,structural,subset_beam_8,3,0.15,868d343ba3929e0e,"[[0, 2, 4, 5], [1, 6, 7, 11], [3, 8, 9, 10]]",12.887075456255673,-0.488526540950824,1.1662306492243286,-0.22753617690279554,,41.0,0.1654987262112109,0.1654987262112109,12.794818291736645,-6.370066217441071e-05,0.989126993614648,"{""1"": 41, ""2"": 21, ""3"": 4}",0.1654987262112109,0.16549139711281546,43.08660358925991,1e-05,True,40,development_isotonic_frozen
s0-i7,development,0,structural,subset_beam_32,3,0.15,868d343ba3929e0e,"[[0, 2, 4, 5], [1, 6, 7, 11], [3, 8, 9, 10]]",12.887075456255673,-0.488526540950824,1.1662306492243286,-0.22753617690279554,,41.0,0.1654987262112109,0.1654987262112109,12.794818291736645,-6.370066217441071e-05,0.989126993614648,"{""1"": 41, ""2"": 21, ""3"": 4}",0.1654987262112109,0.16549139711281546,43.08660358925991,1e-05,True,40,development_isotonic_frozen
s0-i7,development,0,structural,saps_diagonal,3,0.15,87cc2421204985a8,"[[0, 2, 4, 10], [1, 5, 7, 8], [3, 6, 9, 11]]",12.887075456255673,-0.5385925317611101,1.1024712646994648,-0.1379178006145917,,56.0,0.13993334524186257,0.13993334524186257,13.565574349743716,0.0016277473211376112,0.031648669490411785,"{""1"": 56, ""2"": 10}",0.13993334524186257,0.1399203761073736,39.75204193956648,1e-05,True,40,development_isotonic_frozen
s0-i7,development,0,structural,p_saps_residualized,3,0.15,657b65e0f68536a8,"[[1, 3, 4, 6], [0, 5, 8, 11], [2, 7, 9, 10]]",12.887075456255673,-0.48730734118668934,1.1567990981222267,-0.16685259308128814,,52.0,0.1596276247046631,0.1596276247046631,13.180196320740182,9.956478666783023e-06,0.027827941626282895,"{""1"": 52, ""2"": 12, ""3"": 2}",0.1596276247046631,0.15950297567410734,34.66388561773943,1e-05,True,80,development_isotonic_frozen
s0-i7,development,0,structural,p_saps_projection,3,0.15,62d3369afd33b454,"[[4, 6, 10, 11], [0, 2, 3, 8], [1, 5, 7, 9]]",12.887075456255673,-0.5238160153653811,1.1103257822240165,-0.1825280395584029,,46.0,0.21111373952240958,0.21111373952240958,13.565574349743716,-0.0027015248574885076,0.027827941626282895,"{""1"": 46, ""2"": 20}",0.21111373952240958,0.21110696436925108,50.97643358224603,1e-05,True,640,development_isotonic_frozen
s0-i7,development,0,structural,b_saps_budgeted,3,0.15,dbcf5c1a89329224,"[[0, 2, 3, 11], [1, 5, 7, 9], [4, 6, 8, 10]]",12.887075456255673,-0.49381998958009304,1.1567735925847706,-0.1475116661728218,,46.0,0.13584847323931565,0.13584847323931565,13.565574349743716,0.0030425397522783767,0.01624113885467053,"{""1"": 46, ""2"": 20}",0.13584847323931565,0.1358463894230119,44.13985531320174,1e-05,True,40,development_isotonic_frozen
s0-i7,development,0,structural,random_balanced,4,0.01,127272aab2e66d0f,"[[0, 3, 11], [2, 4, 7], [1, 5, 10], [6, 8, 9]]",2.3411901796498706,-0.7509926372499524,1.7226224439170255,-0.00685550513528496,,53.0,0.1502594007292503,0.1502594007292503,2.349075187271481,0.0,0.0503539673548115,"{""1"": 53, ""2"": 12, ""3"": 1}",0.1502594007292503,0.15024576527450711,36.372059722722184,1e-05,True,40,development_isotonic_frozen
s0-i7,development,0,structural,confidence,4,0.01,7fe5ea312dccd82b,"[[0, 1, 11], [4, 6, 7], [2, 5, 8], [3, 9, 10]]",2.3411901796498706,-0.6678801625851687,1.8237693404412383,-0.17174914160010513,,48.0,0.07439015835374885,0.07439015835374885,2.385214805537196,0.0,-0.009347480337391169,"{""2"": 18, ""1"": 48}",0.07439015835374885,0.0743851359816334,41.707727889552096,1e-05,True,40,development_isotonic_frozen
s0-i7,development,0,structural,entropy,4,0.01,a12ab0c407c325e3,"[[1, 4, 11], [0, 7, 9], [2, 5, 6], [3, 8, 10]]",2.3411901796498706,-0.6837159961655676,1.8335035718961528,-0.3308051700893319,,41.0,0.06291895662214947,0.06291895662214947,2.312935569005766,0.0,0.010687450169326939,"{""1"": 41, ""2"": 23, ""3"": 2}",0.06291895662214947,0.06147917078364476,42.49660468127822,1e-05,True,40,development_isotonic_frozen
s0-i7,development,0,structural,dependency_cmi,4,0.01,97323afa42841803,"[[4, 8, 11], [2, 7, 10], [1, 5, 9], [0, 3, 6]]",2.3411901796498706,-0.7653234752905624,1.7123505586006014,-0.012664151778174272,,58.0,0.08709730702248057,0.08709730702248057,2.385214805537196,0.0,-0.009347480337391169,"{""1"": 58, ""2"": 8}",0.08709730702248057,0.08709685407031204,40.55593585990064,1e-05,True,40,development_isotonic_frozen
s0-i7,development,0,structural,min_within_batch_tc,4,0.01,8ebd62c6739f1ec6,"[[8, 10, 11], [6, 7, 9], [3, 4, 5], [0, 1, 2]]",2.3411901796498706,-0.8039964930227875,1.6391294944189727,-0.0962535879307266,,35.0,0.05240653893203032,0.05240653893203032,2.0960978594114756,0.0,0.019571717763939803,"{""2"": 23, ""3"": 8, ""1"": 35}",0.05240653893203032,0.052404033049131535,47.273768458412064,1e-05,True,40,development_isotonic_frozen
s0-i7,development,0,structural,dprm_myopic,4,0.01,78c71db9f92c5589,"[[2, 3, 8], [1, 4, 9], [0, 7, 10], [5, 6, 11]]",2.3411901796498706,-0.8212203510494079,1.6359291912768965,-0.3320757066874966,,43.0,0.15174839058826836,0.15174839058826836,2.276795950740051,0.0,-0.0026098691312432046,"{""1"": 43, ""2"": 20, ""3"": 3}",0.15174839058826836,0.15171046578535674,32.32550471009378,1e-05,True,40,development_isotonic_frozen
s0-i7,development,0,structural,dprm_rollout,4,0.01,a36f9100bd16c1c3,"[[2, 3, 8], [1, 5, 7], [0, 6, 9], [4, 10, 11]]",2.3411901796498706,-0.8053122739683655,1.6323368563305873,-0.12603768225406134,,52.0,0.18972620973001092,0.18972620973001092,2.385214805537196,0.0,0.02022282901361888,"{""1"": 52, ""2"": 14}",0.18972620973001092,0.18972110832092873,41.63404553090395,1e-05,True,40,development_isotonic_frozen
s0-i7,development,0,structural,subset_exact,4,0.01,ac6e254db525b2c7,"[[0, 2, 3], [1, 4, 11], [5, 6, 7], [8, 9, 10]]",2.3411901796498706,-0.7396363644028595,1.7365092604768535,-0.1325401869167372,,42.0,0.045758044678492746,0.045758044678492746,2.2045167142086206,0.0004550052830899626,0.027521269209949416,"{""1"": 42, ""2"": 19, ""3"": 5}",0.045758044678492746,0.04575735230414449,38.00031141743873,1e-05,True,40,development_isotonic_frozen
s0-i7,development,0,structural,subset_beam_8,4,0.01,ac6e254db525b2c7,"[[0, 2, 3], [1, 4, 11], [5, 6, 7], [8, 9, 10]]",2.3411901796498706,-0.7396363644028595,1.7365092604768535,-0.1325401869167372,,42.0,0.045758044678492746,0.045758044678492746,2.2045167142086206,0.0004550052830899626,0.027521269209949416,"{""1"": 42, ""2"": 19, ""3"": 5}",0.045758044678492746,0.04575735230414449,38.00031141743873,1e-05,True,40,development_isotonic_frozen
s0-i7,development,0,structural,subset_beam_32,4,0.01,ac6e254db525b2c7,"[[0, 2, 3], [1, 4, 11], [5, 6, 7], [8, 9, 10]]",2.3411901796498706,-0.7396363644028595,1.7365092604768535,-0.1325401869167372,,42.0,0.045758044678492746,0.045758044678492746,2.2045167142086206,0.0004550052830899626,0.027521269209949416,"{""1"": 42, ""2"": 19, ""3"": 5}",0.045758044678492746,0.04575735230414449,38.00031141743873,1e-05,True,40,development_isotonic_frozen
s0-i7,development,0,structural,saps_diagonal,4,0.01,de6455840bf867d0,"[[0, 1, 11], [2, 4, 7], [5, 8, 10], [3, 6, 9]]",2.3411901796498706,-0.6887598899551008,1.8087850563865153,-0.0427034693664107,,61.0,0.0909887885710816,0.0909887885710816,2.385214805537196,0.0,0.004365605683711303,"{""2"": 5, ""1"": 61}",0.0909887885710816,0.09098633985996059,45.27709140295303,1e-05,True,40,development_isotonic_frozen
s0-i7,development,0,structural,p_saps_residualized,4,0.01,5aeca002f40faedc,"[[1, 7, 10], [0, 6, 8], [2, 4, 11], [3, 5, 9]]",2.3411901796498706,-0.7573305648796586,1.7029629723044843,-0.015164956235854355,,60.0,0.08613249739761863,0.08613249739761863,2.385214805537196,0.0,-0.009347480337391169,"{""1"": 60, ""2"": 6}",0.08613249739761863,0.08613037586088809,44.85260403044994,1e-05,True,80,development_isotonic_frozen
s0-i7,development,0,structural,p_saps_projection,4,0.01,7d828cc4e9b8f959,"[[6, 10, 11], [2, 3, 4], [0, 8, 9], [1, 5, 7]]",2.3411901796498706,-0.7999925351850027,1.651813462664993,-0.004923068964141161,,52.0,0.21823338724493302,0.21823338724493302,2.349075187271481,1.1838331507460952e-05,1.0250662703909315,"{""1"": 52, ""2"": 13, ""3"": 1}",0.21823338724493302,0.21822609267378906,48.94071744825913,1e-05,True,640,development_isotonic_frozen
s0-i7,development,0,structural,b_saps_budgeted,4,0.01,5178c1deff0cfafd,"[[0, 3, 8], [2, 4, 7], [1, 5, 10], [6, 9, 11]]",2.3411901796498706,-0.8155745567354433,1.6195969702830162,-0.04775783833754037,,56.0,0.1270409958817879,0.1270409958817879,2.385214805537196,-0.003950930302768635,0.009347480337391169,"{""1"": 56, ""2"": 10}",0.1270409958817879,0.12699618845303776,41.781807725352245,1e-05,True,40,development_isotonic_frozen
s0-i7,development,0,structural,random_balanced,4,0.05,127272aab2e66d0f,"[[0, 3, 11], [2, 4, 7], [1, 5, 10], [6, 8, 9]]",6.562147222051397,-0.7509926372499524,1.7226224439170255,-0.00685550513528496,,53.0,0.1502594007292503,0.1502594007292503,6.707602221683398,0.0,1.007432065357886,"{""1"": 53, ""2"": 12, ""3"": 1}",0.1502594007292503,0.15024576527450711,36.372059722722184,1e-05,True,40,development_isotonic_frozen
s0-i7,development,0,structural,confidence,4,0.05,7fe5ea312dccd82b,"[[0, 1, 11], [4, 6, 7], [2, 5, 8], [3, 9, 10]]",6.562147222051397,-0.6678801625851687,1.8237693404412383,-0.17174914160010513,,48.0,0.07439015835374885,0.07439015835374885,6.658807162513755,1.5048560521638147e-05,-0.0070058334740086235,"{""2"": 18, ""1"": 48}",0.07439015835374885,0.0743851359816334,41.707727889552096,1e-05,True,40,development_isotonic_frozen
s0-i7,development,0,structural,entropy,4,0.05,a12ab0c407c325e3,"[[1, 4, 11], [0, 7, 9], [2, 5, 6], [3, 8, 10]]",6.562147222051397,-0.6837159961655676,1.8335035718961528,-0.3308051700893319,,41.0,0.06291895662214947,0.06291895662214947,6.312090989448085,0.0,1.0039713749548262,"{""1"": 41, ""2"": 23, ""3"": 2}",0.06291895662214947,0.06147917078364476,42.49660468127822,1e-05,True,40,development_isotonic_frozen
s0-i7,development,0,structural,dependency_cmi,4,0.05,97323afa42841803,"[[4, 8, 11], [2, 7, 10], [1, 5, 9], [0, 3, 6]]",6.562147222051397,-0.7653234752905624,1.7123505586006014,-0.012664151778174272,,58.0,0.08709730702248057,0.08709730702248057,6.920163804516672,-6.872253563033504e-06,0.009326284435001653,"{""1"": 58, ""2"": 8}",0.08709730702248057,0.08709685407031204,40.55593585990064,1e-05,True,40,development_isotonic_frozen
s0-i7,development,0,structural,min_within_batch_tc,4,0.05,8ebd62c6739f1ec6,"[[8, 10, 11], [6, 7, 9], [3, 4, 5], [0, 1, 2]]",6.562147222051397,-0.8039964930227875,1.6391294944189727,-0.0962535879307266,,35.0,0.05240653893203032,0.05240653893203032,5.663977433255448,-0.0009717162200375939,0.010467447858974847,"{""2"": 23, ""3"": 8, ""1"": 35}",0.05240653893203032,0.052404033049131535,47.273768458412064,1e-05,True,40,development_isotonic_frozen
s0-i7,development,0,structural,dprm_myopic,4,0.05,78c71db9f92c5589,"[[2, 3, 8], [1, 4, 9], [0, 7, 10], [5, 6, 11]]",6.562147222051397,-0.8212203510494079,1.6359291912768965,-0.3320757066874966,,43.0,0.15174839058826836,0.15174839058826836,6.282479056016854,0.0,1.0133831614624504,"{""1"": 43, ""2"": 20, ""3"": 3}",0.15174839058826836,0.15171046578535674,32.32550471009378,1e-05,True,40,development_isotonic_frozen
s0-i7,development,0,structural,dprm_rollout,4,0.05,36c021552beb7f8c,"[[2, 3, 4], [0, 5, 8], [1, 6, 7], [9, 10, 11]]",6.562147222051397,-0.8080011615137367,1.6390834263074963,-0.026871790960786925,,46.0,0.17301420088404598,0.17301420088404598,6.360886048617728,-2.3850575563452185e-07,0.9910169544548212,"{""1"": 46, ""2"": 17, ""3"": 3}",0.17301420088404598,0.17301314468430928,43.53992463058133,1e-05,True,40,development_isotonic_frozen
s0-i7,development,0,structural,subset_exact,4,0.05,b17d16ce6918a1f3,"[[0, 6, 10], [1, 4, 11], [2, 5, 7], [3, 8, 9]]",6.562147222051397,-0.7450899911227667,1.7235309648697068,-0.20419367894143042,,41.0,0.17691196425487105,0.17691196425487105,6.4758575131117135,9.752639983330916e-05,0.010904375998813335,"{""1"": 41, ""2"": 25}",0.17691196425487105,0.17690891718810559,47.1166909558228,1e-05,True,40,development_isotonic_frozen
s0-i7,development,0,structural,subset_beam_8,4,0.05,8994cd134de3fa00,"[[1, 10, 11], [0, 4, 6], [2, 5, 7], [3, 8, 9]]",6.562147222051397,-0.7152333790767086,1.7735684764462558,-0.16008003867103984,,42.0,0.1990898341782138,0.1990898341782138,6.501993177312006,0.0,-0.006989736257954189,"{""1"": 42, ""2"": 24}",0.1990898341782138,0.19908634003560333,43.75908355485824,1e-05,True,40,development_isotonic_frozen
s0-i7,development,0,structural,subset_beam_32,4,0.05,b17d16ce6918a1f3,"[[0, 6, 10], [1, 4, 11], [2, 5, 7], [3, 8, 9]]",6.562147222051397,-0.7450899911227667,1.7235309648697068,-0.20419367894143042,,41.0,0.17691196425487105,0.17691196425487105,6.4758575131117135,9.752639983330916e-05,0.010904375998813335,"{""1"": 41, ""2"": 25}",0.17691196425487105,0.17690891718810559,47.1166909558228,1e-05,True,40,development_isotonic_frozen
s0-i7,development,0,structural,saps_diagonal,4,0.05,de6455840bf867d0,"[[0, 1, 11], [2, 4, 7], [5, 8, 10], [3, 6, 9]]",6.562147222051397,-0.6887598899551008,1.8087850563865153,-0.0427034693664107,,61.0,0.0909887885710816,0.0909887885710816,6.998570797117546,0.0,0.0194813108974205,"{""2"": 5, ""1"": 61}",0.0909887885710816,0.09098633985996059,45.27709140295303,1e-05,True,40,development_isotonic_frozen
s0-i7,development,0,structural,p_saps_residualized,4,0.05,5aeca002f40faedc,"[[1, 7, 10], [0, 6, 8], [2, 4, 11], [3, 5, 9]]",6.562147222051397,-0.7573305648796586,1.7029629723044843,-0.015164956235854355,,60.0,0.08613249739761863,0.08613249739761863,6.972435132917255,-0.0012221941352443047,1.0031542606413348,"{""1"": 60, ""2"": 6}",0.08613249739761863,0.08613037586088809,44.85260403044994,1e-05,True,80,development_isotonic_frozen
s0-i7,development,0,structural,p_saps_projection,4,0.05,7d828cc4e9b8f959,"[[6, 10, 11], [2, 3, 4], [0, 8, 9], [1, 5, 7]]",6.562147222051397,-0.7999925351850027,1.651813462664993,-0.004923068964141161,,52.0,0.21823338724493302,0.21823338724493302,6.681466557483107,-0.0003780948816592411,-0.005897862036945919,"{""1"": 52, ""2"": 13, ""3"": 1}",0.21823338724493302,0.21822609267378906,48.94071744825913,1e-05,True,640,development_isotonic_frozen
s0-i7,development,0,structural,b_saps_budgeted,4,0.05,de6455840bf867d0,"[[0, 1, 11], [2, 4, 7], [5, 8, 10], [3, 6, 9]]",6.562147222051397,-0.6887598899551008,1.8087850563865153,-0.0427034693664107,,61.0,0.0909887885710816,0.0909887885710816,6.998570797117546,0.0,0.0194813108974205,"{""2"": 5, ""1"": 61}",0.0909887885710816,0.09098633985996059,45.27709140295303,1e-05,True,40,development_isotonic_frozen
s0-i7,development,0,structural,random_balanced,4,0.15,127272aab2e66d0f,"[[0, 3, 11], [2, 4, 7], [1, 5, 10], [6, 8, 9]]",13.33084409571429,-0.7509926372499524,1.7226224439170255,-0.00685550513528496,,53.0,0.1502594007292503,0.1502594007292503,13.37288533524195,-0.0006879171573478236,0.02043649840676677,"{""1"": 53, ""2"": 12, ""3"": 1}",0.1502594007292503,0.15024576527450711,36.372059722722184,1e-05,True,40,development_isotonic_frozen
s0-i7,development,0,structural,confidence,4,0.15,7fe5ea312dccd82b,"[[0, 1, 11], [4, 6, 7], [2, 5, 8], [3, 9, 10]]",13.33084409571429,-0.6678801625851687,1.8237693404412383,-0.17174914160010513,,48.0,0.07439015835374885,0.07439015835374885,13.565574349743716,0.0029106447887898676,1.04221453048012,"{""2"": 18, ""1"": 48}",0.07439015835374885,0.0743851359816334,41.707727889552096,1e-05,True,40,development_isotonic_frozen
s0-i7,development,0,structural,entropy,4,0.15,a12ab0c407c325e3,"[[1, 4, 11], [0, 7, 9], [2, 5, 6], [3, 8, 10]]",13.33084409571429,-0.6837159961655676,1.8335035718961528,-0.3308051700893319,,41.0,0.06291895662214947,0.06291895662214947,13.180196320740182,0.0,0.022641401653009836,"{""1"": 41, ""2"": 23, ""3"": 2}",0.06291895662214947,0.06147917078364476,42.49660468127822,1e-05,True,40,development_isotonic_frozen
s0-i7,development,0,structural,dependency_cmi,4,0.15,97323afa42841803,"[[4, 8, 11], [2, 7, 10], [1, 5, 9], [0, 3, 6]]",13.33084409571429,-0.7653234752905624,1.7123505586006014,-0.012664151778174272,,58.0,0.08709730702248057,0.08709730702248057,13.565574349743716,0.0,0.0010831344878667881,"{""1"": 58, ""2"": 8}",0.08709730702248057,0.08709685407031204,40.55593585990064,1e-05,True,40,development_isotonic_frozen
s0-i7,development,0,structural,min_within_batch_tc,4,0.15,8ebd62c6739f1ec6,"[[8, 10, 11], [6, 7, 9], [3, 4, 5], [0, 1, 2]]",13.33084409571429,-0.8039964930227875,1.6391294944189727,-0.0962535879307266,,35.0,0.05240653893203032,0.05240653893203032,12.024062233729573,0.0,-0.008286679200482192,"{""2"": 23, ""3"": 8, ""1"": 35}",0.05240653893203032,0.052404033049131535,47.273768458412064,1e-05,True,40,development_isotonic_frozen
s0-i7,development,0,structural,dprm_myopic,4,0.15,78c71db9f92c5589,"[[2, 3, 8], [1, 4, 9], [0, 7, 10], [5, 6, 11]]",13.33084409571429,-0.8212203510494079,1.6359291912768965,-0.3320757066874966,,43.0,0.15174839058826836,0.15174839058826836,12.987507306238413,2.0705424834492834e-05,0.9779400700674177,"{""1"": 43, ""2"": 20, ""3"": 3}",0.15174839058826836,0.15171046578535674,32.32550471009378,1e-05,True,40,development_isotonic_frozen
s0-i7,development,0,structural,dprm_rollout,4,0.15,f16b8c8aa8af7efa,"[[1, 9, 11], [5, 6, 8], [0, 4, 7], [2, 3, 10]]",13.33084409571429,-0.6968675992776081,1.7934007211226601,-0.01921762776163496,,55.0,0.09478677965072888,0.09478677965072888,13.565574349743716,0.0012202714241739965,-0.010347917675896639,"{""1"": 55, ""2"": 11}",0.09478677965072888,0.09478378289110587,42.32902760203781,1e-05,True,40,development_isotonic_frozen
s0-i7,development,0,structural,subset_exact,4,0.15,b28022933e9367c6,"[[0, 5, 10], [1, 4, 11], [2, 6, 7], [3, 8, 9]]",13.33084409571429,-0.7524496499296651,1.7202799365256851,-0.21630736179094842,,42.0,0.09113825068596837,0.09113825068596837,13.565574349743716,0.1252633987214868,1.0492231709636242,"{""1"": 42, ""2"": 24}",0.09113825068596837,0.09113714397871954,39.587319374419415,1e-05,True,40,development_isotonic_frozen
s0-i7,development,0,structural,subset_beam_8,4,0.15,b28022933e9367c6,"[[0, 5, 10], [1, 4, 11], [2, 6, 7], [3, 8, 9]]",13.33084409571429,-0.7524496499296651,1.7202799365256851,-0.21630736179094842,,42.0,0.09113825068596837,0.09113825068596837,13.565574349743716,0.1252633987214868,1.0492231709636242,"{""1"": 42, ""2"": 24}",0.09113825068596837,0.09113714397871954,39.587319374419415,1e-05,True,40,development_isotonic_frozen
s0-i7,development,0,structural,subset_beam_32,4,0.15,b28022933e9367c6,"[[0, 5, 10], [1, 4, 11], [2, 6, 7], [3, 8, 9]]",13.33084409571429,-0.7524496499296651,1.7202799365256851,-0.21630736179094842,,42.0,0.09113825068596837,0.09113825068596837,13.565574349743716,0.1252633987214868,1.0492231709636242,"{""1"": 42, ""2"": 24}",0.09113825068596837,0.09113714397871954,39.587319374419415,1e-05,True,40,development_isotonic_frozen
s0-i7,development,0,structural,saps_diagonal,4,0.15,de6455840bf867d0,"[[0, 1, 11], [2, 4, 7], [5, 8, 10], [3, 6, 9]]",13.33084409571429,-0.6887598899551008,1.8087850563865153,-0.0427034693664107,,61.0,0.0909887885710816,0.0909887885710816,13.565574349743716,3.984194357416378e-06,1.0332362484672564,"{""2"": 5, ""1"": 61}",0.0909887885710816,0.09098633985996059,45.27709140295303,1e-05,True,40,development_isotonic_frozen
s0-i7,development,0,structural,p_saps_residualized,4,0.15,5aeca002f40faedc,"[[1, 7, 10], [0, 6, 8], [2, 4, 11], [3, 5, 9]]",13.33084409571429,-0.7573305648796586,1.7029629723044843,-0.015164956235854355,,60.0,0.08613249739761863,0.08613249739761863,13.565574349743716,0.0016287614884534605,0.03643233213467606,"{""1"": 60, ""2"": 6}",0.08613249739761863,0.08613037586088809,44.85260403044994,1e-05,True,80,development_isotonic_frozen
s0-i7,development,0,structural,p_saps_projection,4,0.15,7d828cc4e9b8f959,"[[6, 10, 11], [2, 3, 4], [0, 8, 9], [1, 5, 7]]",13.33084409571429,-0.7999925351850027,1.651813462664993,-0.004923068964141161,,52.0,0.21823338724493302,0.21823338724493302,13.37288533524195,0.1230793233033001,0.03897848494789112,"{""1"": 52, ""2"": 13, ""3"": 1}",0.21823338724493302,0.21822609267378906,48.94071744825913,1e-05,True,640,development_isotonic_frozen
s0-i7,development,0,structural,b_saps_budgeted,4,0.15,5178c1deff0cfafd,"[[0, 3, 8], [2, 4, 7], [1, 5, 10], [6, 9, 11]]",13.33084409571429,-0.8155745567354433,1.6195969702830162,-0.04775783833754037,,56.0,0.1270409958817879,0.1270409958817879,13.565574349743716,0.00457191862421482,0.0021655648950218466,"{""1"": 56, ""2"": 10}",0.1270409958817879,0.12699618845303776,41.781807725352245,1e-05,True,40,development_isotonic_frozen
s1-i7,development,1,oracle,random_balanced,1,0.01,54a0dc573c0908b1,"[[0, 1, 2, 3, 4, 5, 6, 7, 8, 9, 10, 11]]",0.00017415318208604833,-0.0,0.0,-1.0479000627498898,,0.004818899325543343,0.11175566625148893,0.11175566625148893,0.00017415318208604833,0.0,0.008053287869140698,"{""1"": 12, ""3"": 1}",0.11175566625148893,0.1117437647487741,3.868890263676427,1e-05,True,40,development_isotonic_frozen
s1-i7,development,1,oracle,confidence,1,0.01,54a0dc573c0908b1,"[[0, 1, 2, 3, 4, 5, 6, 7, 8, 9, 10, 11]]",0.00017415318208604833,-0.0,0.0,-1.0479000627498898,,0.004818899325543343,0.11175566625148893,0.11175566625148893,0.00017415318208604833,0.0,0.008053287869140698,"{""1"": 12, ""3"": 1}",0.11175566625148893,0.1117437647487741,3.868890263676427,1e-05,True,40,development_isotonic_frozen
s1-i7,development,1,oracle,entropy,1,0.01,54a0dc573c0908b1,"[[0, 1, 2, 3, 4, 5, 6, 7, 8, 9, 10, 11]]",0.00017415318208604833,-0.0,0.0,-1.0479000627498898,,0.004818899325543343,0.11175566625148893,0.11175566625148893,0.00017415318208604833,0.0,0.008053287869140698,"{""1"": 12, ""3"": 1}",0.11175566625148893,0.1117437647487741,3.868890263676427,1e-05,True,40,development_isotonic_frozen
s1-i7,development,1,oracle,dependency_cmi,1,0.01,54a0dc573c0908b1,"[[0, 1, 2, 3, 4, 5, 6, 7, 8, 9, 10, 11]]",0.00017415318208604833,-0.0,0.0,-1.0479000627498898,,0.004818899325543343,0.11175566625148893,0.11175566625148893,0.00017415318208604833,0.0,0.008053287869140698,"{""1"": 12, ""3"": 1}",0.11175566625148893,0.1117437647487741,3.868890263676427,1e-05,True,40,development_isotonic_frozen
s1-i7,development,1,oracle,min_within_batch_tc,1,0.01,54a0dc573c0908b1,"[[0, 1, 2, 3, 4, 5, 6, 7, 8, 9, 10, 11]]",0.00017415318208604833,-0.0,0.0,-1.0479000627498898,,0.004818899325543343,0.11175566625148893,0.11175566625148893,0.00017415318208604833,0.0,0.008053287869140698,"{""1"": 12, ""3"": 1}",0.11175566625148893,0.1117437647487741,3.868890263676427,1e-05,True,40,development_isotonic_frozen
s1-i7,development,1,oracle,dprm_myopic,1,0.01,54a0dc573c0908b1,"[[0, 1, 2, 3, 4, 5, 6, 7, 8, 9, 10, 11]]",0.00017415318208604833,-0.0,0.0,-1.0479000627498898,,0.004818899325543343,0.11175566625148893,0.11175566625148893,0.00017415318208604833,0.0,0.008053287869140698,"{""1"": 12, ""3"": 1}",0.11175566625148893,0.1117437647487741,3.868890263676427,1e-05,True,40,development_isotonic_frozen
s1-i7,development,1,oracle,dprm_rollout,1,0.01,54a0dc573c0908b1,"[[0, 1, 2, 3, 4, 5, 6, 7, 8, 9, 10, 11]]",0.00017415318208604833,-0.0,0.0,-1.0479000627498898,,0.004818899325543343,0.11175566625148893,0.11175566625148893,0.00017415318208604833,0.0,0.008053287869140698,"{""1"": 12, ""3"": 1}",0.11175566625148893,0.1117437647487741,3.868890263676427,1e-05,True,40,development_isotonic_frozen
s1-i7,development,1,oracle,subset_exact,1,0.01,54a0dc573c0908b1,"[[0, 1, 2, 3, 4, 5, 6, 7, 8, 9, 10, 11]]",0.00017415318208604833,-0.0,0.0,-1.0479000627498898,,0.004818899325543343,0.11175566625148893,0.11175566625148893,0.00017415318208604833,0.0,0.008053287869140698,"{""1"": 12, ""3"": 1}",0.11175566625148893,0.1117437647487741,3.868890263676427,1e-05,True,40,development_isotonic_frozen
s1-i7,development,1,oracle,subset_beam_8,1,0.01,54a0dc573c0908b1,"[[0, 1, 2, 3, 4, 5, 6, 7, 8, 9, 10, 11]]",0.00017415318208604833,-0.0,0.0,-1.0479000627498898,,0.004818899325543343,0.11175566625148893,0.11175566625148893,0.00017415318208604833,0.0,0.008053287869140698,"{""1"": 12, ""3"": 1}",0.11175566625148893,0.1117437647487741,3.868890263676427,1e-05,True,40,development_isotonic_frozen
s1-i7,development,1,oracle,subset_beam_32,1,0.01,54a0dc573c0908b1,"[[0, 1, 2, 3, 4, 5, 6, 7, 8, 9, 10, 11]]",0.00017415318208604833,-0.0,0.0,-1.0479000627498898,,0.004818899325543343,0.11175566625148893,0.11175566625148893,0.00017415318208604833,0.0,0.008053287869140698,"{""1"": 12, ""3"": 1}",0.11175566625148893,0.1117437647487741,3.868890263676427,1e-05,True,40,development_isotonic_frozen
s1-i7,development,1,oracle,saps_diagonal,1,0.01,54a0dc573c0908b1,"[[0, 1, 2, 3, 4, 5, 6, 7, 8, 9, 10, 11]]",0.00017415318208604833,-0.0,0.0,-1.0479000627498898,,0.004818899325543343,0.11175566625148893,0.11175566625148893,0.00017415318208604833,0.0,0.008053287869140698,"{""1"": 12, ""3"": 1}",0.11175566625148893,0.1117437647487741,3.868890263676427,1e-05,True,40,development_isotonic_frozen
s1-i7,development,1,oracle,p_saps_residualized,1,0.01,54a0dc573c0908b1,"[[0, 1, 2, 3, 4, 5, 6, 7, 8, 9, 10, 11]]",0.00017415318208604833,-0.0,0.0,-1.0479000627498898,,0.004818899325543343,0.11175566625148893,0.11175566625148893,0.00017415318208604833,0.0,0.008053287869140698,"{""1"": 12, ""3"": 1}",0.11175566625148893,0.1117437647487741,3.868890263676427,1e-05,True,40,development_isotonic_frozen
s1-i7,development,1,oracle,p_saps_projection,1,0.01,54a0dc573c0908b1,"[[0, 1, 2, 3, 4, 5, 6, 7, 8, 9, 10, 11]]",0.00017415318208604833,-0.0,0.0,-1.0479000627498898,,0.004818899325543343,0.11175566625148893,0.11175566625148893,0.00017415318208604833,0.0,0.008053287869140698,"{""1"": 12, ""3"": 1}",0.11175566625148893,0.1117437647487741,3.868890263676427,1e-05,True,40,development_isotonic_frozen
s1-i7,development,1,oracle,b_saps_budgeted,1,0.01,54a0dc573c0908b1,"[[0, 1, 2, 3, 4, 5, 6, 7, 8, 9, 10, 11]]",0.00017415318208604833,-0.0,0.0,-1.0479000627498898,,0.004818899325543343,0.11175566625148893,0.11175566625148893,0.00017415318208604833,0.0,0.008053287869140698,"{""1"": 12, ""3"": 1}",0.11175566625148893,0.1117437647487741,3.868890263676427,1e-05,True,40,development_isotonic_frozen
s1-i7,development,1,oracle,random_balanced,1,0.05,54a0dc573c0908b1,"[[0, 1, 2, 3, 4, 5, 6, 7, 8, 9, 10, 11]]",0.0005205323298020325,-0.0,0.0,-1.0479000627498898,,0.004818899325543343,0.11175566625148893,0.11175566625148893,0.0005205323298020325,-7.849723911375231e-05,0.0025250737564696995,"{""1"": 12, ""3"": 1}",0.11175566625148893,0.1117437647487741,3.868890263676427,1e-05,True,40,development_isotonic_frozen
s1-i7,development,1,oracle,confidence,1,0.05,54a0dc573c0908b1,"[[0, 1, 2, 3, 4, 5, 6, 7, 8, 9, 10, 11]]",0.0005205323298020325,-0.0,0.0,-1.0479000627498898,,0.004818899325543343,0.11175566625148893,0.11175566625148893,0.0005205323298020325,-7.849723911375231e-05,0.0025250737564696995,"{""1"": 12, ""3"": 1}",0.11175566625148893,0.1117437647487741,3.868890263676427,1e-05,True,40,development_isotonic_frozen
s1-i7,development,1,oracle,entropy,1,0.05,54a0dc573c0908b1,"[[0, 1, 2, 3, 4, 5, 6, 7, 8, 9, 10, 11]]",0.0005205323298020325,-0.0,0.0,-1.0479000627498898,,0.004818899325543343,0.11175566625148893,0.11175566625148893,0.0005205323298020325,-7.849723911375231e-05,0.0025250737564696995,"{""1"": 12, ""3"": 1}",0.11175566625148893,0.1117437647487741,3.868890263676427,1e-05,True,40,development_isotonic_frozen
s1-i7,development,1,oracle,dependency_cmi,1,0.05,54a0dc573c0908b1,"[[0, 1, 2, 3, 4, 5, 6, 7, 8, 9, 10, 11]]",0.0005205323298020325,-0.0,0.0,-1.0479000627498898,,0.004818899325543343,0.11175566625148893,0.11175566625148893,0.0005205323298020325,-7.849723911375231e-05,0.0025250737564696995,"{""1"": 12, ""3"": 1}",0.11175566625148893,0.1117437647487741,3.868890263676427,1e-05,True,40,development_isotonic_frozen
s1-i7,development,1,oracle,min_within_batch_tc,1,0.05,54a0dc573c0908b1,"[[0, 1, 2, 3, 4, 5, 6, 7, 8, 9, 10, 11]]",0.0005205323298020325,-0.0,0.0,-1.0479000627498898,,0.004818899325543343,0.11175566625148893,0.11175566625148893,0.0005205323298020325,-7.849723911375231e-05,0.0025250737564696995,"{""1"": 12, ""3"": 1}",0.11175566625148893,0.1117437647487741,3.868890263676427,1e-05,True,40,development_isotonic_frozen
s1-i7,development,1,oracle,dprm_myopic,1,0.05,54a0dc573c0908b1,"[[0, 1, 2, 3, 4, 5, 6, 7, 8, 9, 10, 11]]",0.0005205323298020325,-0.0,0.0,-1.0479000627498898,,0.004818899325543343,0.11175566625148893,0.11175566625148893,0.0005205323298020325,-7.849723911375231e-05,0.0025250737564696995,"{""1"": 12, ""3"": 1}",0.11175566625148893,0.1117437647487741,3.868890263676427,1e-05,True,40,development_isotonic_frozen
s1-i7,development,1,oracle,dprm_rollout,1,0.05,54a0dc573c0908b1,"[[0, 1, 2, 3, 4, 5, 6, 7, 8, 9, 10, 11]]",0.0005205323298020325,-0.0,0.0,-1.0479000627498898,,0.004818899325543343,0.11175566625148893,0.11175566625148893,0.0005205323298020325,-7.849723911375231e-05,0.0025250737564696995,"{""1"": 12, ""3"": 1}",0.11175566625148893,0.1117437647487741,3.868890263676427,1e-05,True,40,development_isotonic_frozen
s1-i7,development,1,oracle,subset_exact,1,0.05,54a0dc573c0908b1,"[[0, 1, 2, 3, 4, 5, 6, 7, 8, 9, 10, 11]]",0.0005205323298020325,-0.0,0.0,-1.0479000627498898,,0.004818899325543343,0.11175566625148893,0.11175566625148893,0.0005205323298020325,-7.849723911375231e-05,0.0025250737564696995,"{""1"": 12, ""3"": 1}",0.11175566625148893,0.1117437647487741,3.868890263676427,1e-05,True,40,development_isotonic_frozen
s1-i7,development,1,oracle,subset_beam_8,1,0.05,54a0dc573c0908b1,"[[0, 1, 2, 3, 4, 5, 6, 7, 8, 9, 10, 11]]",0.0005205323298020325,-0.0,0.0,-1.0479000627498898,,0.004818899325543343,0.11175566625148893,0.11175566625148893,0.0005205323298020325,-7.849723911375231e-05,0.0025250737564696995,"{""1"": 12, ""3"": 1}",0.11175566625148893,0.1117437647487741,3.868890263676427,1e-05,True,40,development_isotonic_frozen
s1-i7,development,1,oracle,subset_beam_32,1,0.05,54a0dc573c0908b1,"[[0, 1, 2, 3, 4, 5, 6, 7, 8, 9, 10, 11]]",0.0005205323298020325,-0.0,0.0,-1.0479000627498898,,0.004818899325543343,0.11175566625148893,0.11175566625148893,0.0005205323298020325,-7.849723911375231e-05,0.0025250737564696995,"{""1"": 12, ""3"": 1}",0.11175566625148893,0.1117437647487741,3.868890263676427,1e-05,True,40,development_isotonic_frozen
s1-i7,development,1,oracle,saps_diagonal,1,0.05,54a0dc573c0908b1,"[[0, 1, 2, 3, 4, 5, 6, 7, 8, 9, 10, 11]]",0.0005205323298020325,-0.0,0.0,-1.0479000627498898,,0.004818899325543343,0.11175566625148893,0.11175566625148893,0.0005205323298020325,-7.849723911375231e-05,0.0025250737564696995,"{""1"": 12, ""3"": 1}",0.11175566625148893,0.1117437647487741,3.868890263676427,1e-05,True,40,development_isotonic_frozen
s1-i7,development,1,oracle,p_saps_residualized,1,0.05,54a0dc573c0908b1,"[[0, 1, 2, 3, 4, 5, 6, 7, 8, 9, 10, 11]]",0.0005205323298020325,-0.0,0.0,-1.0479000627498898,,0.004818899325543343,0.11175566625148893,0.11175566625148893,0.0005205323298020325,-7.849723911375231e-05,0.0025250737564696995,"{""1"": 12, ""3"": 1}",0.11175566625148893,0.1117437647487741,3.868890263676427,1e-05,True,40,development_isotonic_frozen
s1-i7,development,1,oracle,p_saps_projection,1,0.05,54a0dc573c0908b1,"[[0, 1, 2, 3, 4, 5, 6, 7, 8, 9, 10, 11]]",0.0005205323298020325,-0.0,0.0,-1.0479000627498898,,0.004818899325543343,0.11175566625148893,0.11175566625148893,0.0005205323298020325,-7.849723911375231e-05,0.0025250737564696995,"{""1"": 12, ""3"": 1}",0.11175566625148893,0.1117437647487741,3.868890263676427,1e-05,True,40,development_isotonic_frozen
s1-i7,development,1,oracle,b_saps_budgeted,1,0.05,54a0dc573c0908b1,"[[0, 1, 2, 3, 4, 5, 6, 7, 8, 9, 10, 11]]",0.0005205323298020325,-0.0,0.0,-1.0479000627498898,,0.004818899325543343,0.11175566625148893,0.11175566625148893,0.0005205323298020325,-7.849723911375231e-05,0.0025250737564696995,"{""1"": 12, ""3"": 1}",0.11175566625148893,0.1117437647487741,3.868890263676427,1e-05,True,40,development_isotonic_frozen
s1-i7,development,1,oracle,random_balanced,1,0.15,54a0dc573c0908b1,"[[0, 1, 2, 3, 4, 5, 6, 7, 8, 9, 10, 11]]",0.013778539759401331,-0.0,0.0,-1.0479000627498898,,0.004818899325543343,0.11175566625148893,0.11175566625148893,0.013778539759401331,-7.909888497796628e-05,1.0225420130038452,"{""1"": 12, ""3"": 1}",0.11175566625148893,0.1117437647487741,3.868890263676427,1e-05,True,40,development_isotonic_frozen
s1-i7,development,1,oracle,confidence,1,0.15,54a0dc573c0908b1,"[[0, 1, 2, 3, 4, 5, 6, 7, 8, 9, 10, 11]]",0.013778539759401331,-0.0,0.0,-1.0479000627498898,,0.004818899325543343,0.11175566625148893,0.11175566625148893,0.013778539759401331,-7.909888497796628e-05,1.0225420130038452,"{""1"": 12, ""3"": 1}",0.11175566625148893,0.1117437647487741,3.868890263676427,1e-05,True,40,development_isotonic_frozen
s1-i7,development,1,oracle,entropy,1,0.15,54a0dc573c0908b1,"[[0, 1, 2, 3, 4, 5, 6, 7, 8, 9, 10, 11]]",0.013778539759401331,-0.0,0.0,-1.0479000627498898,,0.004818899325543343,0.11175566625148893,0.11175566625148893,0.013778539759401331,-7.909888497796628e-05,1.0225420130038452,"{""1"": 12, ""3"": 1}",0.11175566625148893,0.1117437647487741,3.868890263676427,1e-05,True,40,development_isotonic_frozen
s1-i7,development,1,oracle,dependency_cmi,1,0.15,54a0dc573c0908b1,"[[0, 1, 2, 3, 4, 5, 6, 7, 8, 9, 10, 11]]",0.013778539759401331,-0.0,0.0,-1.0479000627498898,,0.004818899325543343,0.11175566625148893,0.11175566625148893,0.013778539759401331,-7.909888497796628e-05,1.0225420130038452,"{""1"": 12, ""3"": 1}",0.11175566625148893,0.1117437647487741,3.868890263676427,1e-05,True,40,development_isotonic_frozen
s1-i7,development,1,oracle,min_within_batch_tc,1,0.15,54a0dc573c0908b1,"[[0, 1, 2, 3, 4, 5, 6, 7, 8, 9, 10, 11]]",0.013778539759401331,-0.0,0.0,-1.0479000627498898,,0.004818899325543343,0.11175566625148893,0.11175566625148893,0.013778539759401331,-7.909888497796628e-05,1.0225420130038452,"{""1"": 12, ""3"": 1}",0.11175566625148893,0.1117437647487741,3.868890263676427,1e-05,True,40,development_isotonic_frozen
s1-i7,development,1,oracle,dprm_myopic,1,0.15,54a0dc573c0908b1,"[[0, 1, 2, 3, 4, 5, 6, 7, 8, 9, 10, 11]]",0.013778539759401331,-0.0,0.0,-1.0479000627498898,,0.004818899325543343,0.11175566625148893,0.11175566625148893,0.013778539759401331,-7.909888497796628e-05,1.0225420130038452,"{""1"": 12, ""3"": 1}",0.11175566625148893,0.1117437647487741,3.868890263676427,1e-05,True,40,development_isotonic_frozen
s1-i7,development,1,oracle,dprm_rollout,1,0.15,54a0dc573c0908b1,"[[0, 1, 2, 3, 4, 5, 6, 7, 8, 9, 10, 11]]",0.013778539759401331,-0.0,0.0,-1.0479000627498898,,0.004818899325543343,0.11175566625148893,0.11175566625148893,0.013778539759401331,-7.909888497796628e-05,1.0225420130038452,"{""1"": 12, ""3"": 1}",0.11175566625148893,0.1117437647487741,3.868890263676427,1e-05,True,40,development_isotonic_frozen
s1-i7,development,1,oracle,subset_exact,1,0.15,54a0dc573c0908b1,"[[0, 1, 2, 3, 4, 5, 6, 7, 8, 9, 10, 11]]",0.013778539759401331,-0.0,0.0,-1.0479000627498898,,0.004818899325543343,0.11175566625148893,0.11175566625148893,0.013778539759401331,-7.909888497796628e-05,1.0225420130038452,"{""1"": 12, ""3"": 1}",0.11175566625148893,0.1117437647487741,3.868890263676427,1e-05,True,40,development_isotonic_frozen
s1-i7,development,1,oracle,subset_beam_8,1,0.15,54a0dc573c0908b1,"[[0, 1, 2, 3, 4, 5, 6, 7, 8, 9, 10, 11]]",0.013778539759401331,-0.0,0.0,-1.0479000627498898,,0.004818899325543343,0.11175566625148893,0.11175566625148893,0.013778539759401331,-7.909888497796628e-05,1.0225420130038452,"{""1"": 12, ""3"": 1}",0.11175566625148893,0.1117437647487741,3.868890263676427,1e-05,True,40,development_isotonic_frozen
s1-i7,development,1,oracle,subset_beam_32,1,0.15,54a0dc573c0908b1,"[[0, 1, 2, 3, 4, 5, 6, 7, 8, 9, 10, 11]]",0.013778539759401331,-0.0,0.0,-1.0479000627498898,,0.004818899325543343,0.11175566625148893,0.11175566625148893,0.013778539759401331,-7.909888497796628e-05,1.0225420130038452,"{""1"": 12, ""3"": 1}",0.11175566625148893,0.1117437647487741,3.868890263676427,1e-05,True,40,development_isotonic_frozen
s1-i7,development,1,oracle,saps_diagonal,1,0.15,54a0dc573c0908b1,"[[0, 1, 2, 3, 4, 5, 6, 7, 8, 9, 10, 11]]",0.013778539759401331,-0.0,0.0,-1.0479000627498898,,0.004818899325543343,0.11175566625148893,0.11175566625148893,0.013778539759401331,-7.909888497796628e-05,1.0225420130038452,"{""1"": 12, ""3"": 1}",0.11175566625148893,0.1117437647487741,3.868890263676427,1e-05,True,40,development_isotonic_frozen
s1-i7,development,1,oracle,p_saps_residualized,1,0.15,54a0dc573c0908b1,"[[0, 1, 2, 3, 4, 5, 6, 7, 8, 9, 10, 11]]",0.013778539759401331,-0.0,0.0,-1.0479000627498898,,0.004818899325543343,0.11175566625148893,0.11175566625148893,0.013778539759401331,-7.909888497796628e-05,1.0225420130038452,"{""1"": 12, ""3"": 1}",0.11175566625148893,0.1117437647487741,3.868890263676427,1e-05,True,40,development_isotonic_frozen
s1-i7,development,1,oracle,p_saps_projection,1,0.15,54a0dc573c0908b1,"[[0, 1, 2, 3, 4, 5, 6, 7, 8, 9, 10, 11]]",0.013778539759401331,-0.0,0.0,-1.0479000627498898,,0.004818899325543343,0.11175566625148893,0.11175566625148893,0.013778539759401331,-7.909888497796628e-05,1.0225420130038452,"{""1"": 12, ""3"": 1}",0.11175566625148893,0.1117437647487741,3.868890263676427,1e-05,True,40,development_isotonic_frozen
s1-i7,development,1,oracle,b_saps_budgeted,1,0.15,54a0dc573c0908b1,"[[0, 1, 2, 3, 4, 5, 6, 7, 8, 9, 10, 11]]",0.013778539759401331,-0.0,0.0,-1.0479000627498898,,0.004818899325543343,0.11175566625148893,0.11175566625148893,0.013778539759401331,-7.909888497796628e-05,1.0225420130038452,"{""1"": 12, ""3"": 1}",0.11175566625148893,0.1117437647487741,3.868890263676427,1e-05,True,40,development_isotonic_frozen
s1-i7,development,1,oracle,random_balanced,2,0.01,f8295f9d2c752a54,"[[0, 2, 5, 6, 8, 9], [1, 3, 4, 7, 10, 11]]",0.029600442795964358,-0.28919115043462856,0.516763169971054,-0.6268244534569042,,0.004818899325543343,0.19307900110768644,0.19307900110768644,0.036139618265715094,0.0,0.008053287869140698,"{""1"": 12, ""2"": 1}",0.19307900110768644,0.19304361294127553,3.7598816421370387,1e-05,True,40,development_isotonic_frozen
s1-i7,development,1,oracle,confidence,2,0.01,ad7b7f92f9374426,"[[0, 1, 3, 4, 9, 10], [2, 5, 6, 7, 8, 11]]",0.029600442795964358,-0.20193701427107427,0.6238202323244948,-0.7523098820442948,,1.0,0.16982279821128263,0.16982279821128263,0.036139618265715094,1.8553326295153962e-06,-0.004513996704833016,"{""1"": 13}",0.16982279821128263,0.1697932925464367,3.0027412593488743,1e-05,True,40,development_isotonic_frozen
s1-i7,development,1,oracle,entropy,2,0.01,159a39ae7462e289,"[[1, 2, 3, 4, 9, 10], [0, 5, 6, 7, 8, 11]]",0.029600442795964358,-0.20423889661856598,0.625256727523173,-0.30962496336060913,,0.004818899325543343,0.10696790634381187,0.10696790634381187,0.00017415318208604833,0.0,0.008053287869140698,"{""1"": 12, ""3"": 1}",0.10696790634381187,0.10472711802978663,4.191806513464466,1e-05,True,40,development_isotonic_frozen
s1-i7,development,1,oracle,dependency_cmi,2,0.01,6b801c3c7711437b,"[[2, 7, 8, 9, 10, 11], [0, 1, 3, 4, 5, 6]]",0.029600442795964358,-0.2774603429829409,0.5442484854650648,-0.3098129042269374,,0.004818899325543343,0.19502912340252976,0.19502912340252976,0.036139618265715094,0.0,0.028287937482094523,"{""1"": 12, ""2"": 1}",0.19502912340252976,0.1950055335992758,3.8747388762368713,1e-05,True,40,development_isotonic_frozen
s1-i7,development,1,oracle,min_within_batch_tc,2,0.01,f19ecc3ee78b0b04,"[[6, 7, 8, 9, 10, 11], [0, 1, 2, 3, 4, 5]]",0.029600442795964358,-0.2847922084294791,0.5353147092853611,-0.5842524085235027,,0.004818899325543343,0.13423480553993528,0.13423480553993528,0.00017415318208604833,0.0,0.0,"{""1"": 12, ""3"": 1}",0.13423480553993528,0.1339333356954378,4.052604210572818,1e-05,True,40,development_isotonic_frozen
s1-i7,development,1,oracle,dprm_myopic,2,0.01,3cae8698d055a8ab,"[[1, 2, 3, 4, 6, 9], [0, 5, 7, 8, 10, 11]]",0.029600442795964358,-0.2337481951470065,0.5882653971145128,-0.3648467192866905,,0.004818899325543343,0.10240923194823273,0.10240923194823273,0.00017415318208604833,-6.32544853114083e-05,0.003539291164307682,"{""1"": 12, ""3"": 1}",0.10240923194823273,0.10239938239356108,4.143554914551806,1e-05,True,40,development_isotonic_frozen
s1-i7,development,1,oracle,dprm_rollout,2,0.01,24cd9f1ac8ac4141,"[[1, 2, 4, 6, 8, 10], [0, 3, 5, 7, 9, 11]]",0.029600442795964358,-0.23901810601371665,0.5931196221522969,-0.3376323415561725,,0.004818899325543343,0.0988521565045141,0.0988521565045141,0.00017415318208604833,0.0,0.008053287869140698,"{""1"": 12, ""3"": 1}",0.0988521565045141,0.09884045938656288,3.9133731415255752,1e-05,True,40,development_isotonic_frozen
s1-i7,development,1,oracle,subset_exact,2,0.01,d201f415b3624e8e,"[[1, 3, 4, 6, 8, 10], [0, 2, 5, 7, 9, 11]]",0.029600442795964358,-0.22194924738313118,0.6116930946946159,-0.6221668406355181,,1.0,0.17697633793215212,0.17697633793215212,0.036139618265715094,0.0,0.0,"{""1"": 13}",0.17697633793215212,0.17592901078621231,3.2483178585251857,1e-05,True,40,development_isotonic_frozen
s1-i7,development,1,oracle,subset_beam_8,2,0.01,d201f415b3624e8e,"[[1, 3, 4, 6, 8, 10], [0, 2, 5, 7, 9, 11]]",0.029600442795964358,-0.22194924738313118,0.6116930946946159,-0.6221668406355181,,1.0,0.17697633793215212,0.17697633793215212,0.036139618265715094,0.0,0.0,"{""1"": 13}",0.17697633793215212,0.17592901078621231,3.2483178585251857,1e-05,True,40,development_isotonic_frozen
s1-i7,development,1,oracle,subset_beam_32,2,0.01,d201f415b3624e8e,"[[1, 3, 4, 6, 8, 10], [0, 2, 5, 7, 9, 11]]",0.029600442795964358,-0.22194924738313118,0.6116930946946159,-0.6221668406355181,,1.0,0.17697633793215212,0.17697633793215212,0.036139618265715094,0.0,0.0,"{""1"": 13}",0.17697633793215212,0.17592901078621231,3.2483178585251857,1e-05,True,40,development_isotonic_frozen
s1-i7,development,1,oracle,saps_diagonal,2,0.01,10981bd717a8be11,"[[0, 1, 2, 5, 6, 8], [3, 4, 7, 9, 10, 11]]",0.029600442795964358,-0.27474908452694596,0.5352703207820565,-0.7272014731957425,,1.0,0.1191195629259262,0.1191195629259262,0.036139618265715094,0.0,-0.9919467121308593,"{""1"": 13}",0.1191195629259262,0.11910804341211577,3.1157982466630365,1e-05,True,40,development_isotonic_frozen
s1-i7,development,1,oracle,p_saps_residualized,2,0.01,c9dca0fb4095ce6e,"[[0, 1, 2, 5, 7, 11], [3, 4, 6, 8, 9, 10]]",0.029600442795964358,-0.2773223915892379,0.5336017495256533,-0.7171069224890664,,1.0,0.12619142912513226,0.12619142912513226,0.036139618265715094,0.0,-0.9851776826385796,"{""1"": 13}",0.12619142912513226,0.12460430719416438,3.0865962124023896,1e-05,True,80,development_isotonic_frozen
s1-i7,development,1,oracle,p_saps_projection,2,0.01,f12358a31a758d1f,"[[0, 2, 3, 6, 7, 11], [1, 4, 5, 8, 9, 10]]",0.029600442795964358,-0.28087758605029167,0.5316055537403627,-0.4387369803916473,,0.004818899325543343,0.2196093722014419,0.2196093722014419,0.036139618265715094,0.0,0.008053287869140698,"{""1"": 12, ""2"": 1}",0.2196093722014419,0.21954060469674874,3.925091648620864,1e-05,True,640,development_isotonic_frozen
s1-i7,development,1,oracle,b_saps_budgeted,2,0.01,f8295f9d2c752a54,"[[0, 2, 5, 6, 8, 9], [1, 3, 4, 7, 10, 11]]",0.029600442795964358,-0.28919115043462856,0.516763169971054,-0.6268244534569042,,0.004818899325543343,0.19307900110768644,0.19307900110768644,0.036139618265715094,0.0,0.008053287869140698,"{""1"": 12, ""2"": 1}",0.19307900110768644,0.19304361294127553,3.7598816421370387,1e-05,True,40,development_isotonic_frozen
s1-i7,development,1,oracle,random_balanced,2,0.05,f8295f9d2c752a54,"[[0, 2, 5, 6, 8, 9], [1, 3, 4, 7, 10, 11]]",0.07783342392299003,-0.28919115043462856,0.516763169971054,-0.6268244534569042,,0.004818899325543343,0.19307900110768644,0.19307900110768644,0.08200920696640192,0.0,0.028778165861775003,"{""1"": 12, ""2"": 1}",0.19307900110768644,0.19304361294127553,3.7598816421370387,1e-05,True,40,development_isotonic_frozen
s1-i7,development,1,oracle,confidence,2,0.05,ad7b7f92f9374426,"[[0, 1, 3, 4, 9, 10], [2, 5, 6, 7, 8, 11]]",0.07783342392299003,-0.20193701427107427,0.6238202323244948,-0.7523098820442948,,1.0,0.16982279821128263,0.16982279821128263,0.10801892603210612,8.410156761898817e-07,-0.014006597977916164,"{""1"": 13}",0.16982279821128263,0.1697932925464367,3.0027412593488743,1e-05,True,40,development_isotonic_frozen
s1-i7,development,1,oracle,entropy,2,0.05,159a39ae7462e289,"[[1, 2, 3, 4, 9, 10], [0, 5, 6, 7, 8, 11]]",0.07783342392299003,-0.20423889661856598,0.625256727523173,-0.30962496336060913,,0.004818899325543343,0.10696790634381187,0.10696790634381187,0.0005205323298020325,2.5572194871303252e-06,-0.0017049380303928545,"{""1"": 12, ""3"": 1}",0.10696790634381187,0.10472711802978663,4.191806513464466,1e-05,True,40,development_isotonic_frozen
s1-i7,development,1,oracle,dependency_cmi,2,0.05,6b801c3c7711437b,"[[2, 7, 8, 9, 10, 11], [0, 1, 3, 4, 5, 6]]",0.07783342392299003,-0.2774603429829409,0.5442484854650648,-0.3098129042269374,,0.004818899325543343,0.19502912340252976,0.19502912340252976,0.08200920696640192,0.00012863327989057197,0.009924152950141292,"{""1"": 12, ""2"": 1}",0.19502912340252976,0.1950055335992758,3.8747388762368713,1e-05,True,40,development_isotonic_frozen
s1-i7,development,1,oracle,min_within_batch_tc,2,0.05,f19ecc3ee78b0b04,"[[6, 7, 8, 9, 10, 11], [0, 1, 2, 3, 4, 5]]",0.07783342392299003,-0.2847922084294791,0.5353147092853611,-0.5842524085235027,,0.004818899325543343,0.13423480553993528,0.13423480553993528,0.0005205323298020325,0.0,1.0099241529501413,"{""1"": 12, ""3"": 1}",0.13423480553993528,0.1339333356954378,4.052604210572818,1e-05,True,40,development_isotonic_frozen
s1-i7,development,1,oracle,dprm_myopic,2,0.05,3cae8698d055a8ab,"[[1, 2, 3, 4, 6, 9], [0, 5, 7, 8, 10, 11]]",0.07783342392299003,-0.2337481951470065,0.5882653971145128,-0.3648467192866905,,0.004818899325543343,0.10240923194823273,0.10240923194823273,0.0005205323298020325,-1.3675307945528458e-05,-0.0075438144127718074,"{""1"": 12, ""3"": 1}",0.10240923194823273,0.10239938239356108,4.143554914551806,1e-05,True,40,development_isotonic_frozen
s1-i7,development,1,oracle,dprm_rollout,2,0.05,000ee476c7e47b2b,"[[0, 2, 4, 7, 10, 11], [1, 3, 5, 6, 8, 9]]",0.07783342392299003,-0.2555601820537066,0.5727981872319451,-0.3105264048519101,,1.0,0.13434552062219995,0.13434552062219995,0.10801892603210612,0.0,0.03585893452491404,"{""1"": 13}",0.13434552062219995,0.13299668664215275,3.8862056842401764,1e-05,True,40,development_isotonic_frozen
s1-i7,development,1,oracle,subset_exact,2,0.05,12dae86b05549e4e,"[[1, 2, 6, 7, 8, 9], [0, 3, 4, 5, 10, 11]]",0.07783342392299003,-0.28016506841629674,0.5325336934066311,-0.24711971767476107,,1.0,0.12601651091718225,0.12601651091718225,0.10801892603210612,4.487193927500499e-05,-0.00804732907984723,"{""1"": 13}",0.12601651091718225,0.12268071467531763,2.708153186219959,1e-05,True,40,development_isotonic_frozen
s1-i7,development,1,oracle,subset_beam_8,2,0.05,12dae86b05549e4e,"[[1, 2, 6, 7, 8, 9], [0, 3, 4, 5, 10, 11]]",0.07783342392299003,-0.28016506841629674,0.5325336934066311,-0.24711971767476107,,1.0,0.12601651091718225,0.12601651091718225,0.10801892603210612,4.487193927500499e-05,-0.00804732907984723,"{""1"": 13}",0.12601651091718225,0.12268071467531763,2.708153186219959,1e-05,True,40,development_isotonic_frozen
s1-i7,development,1,oracle,subset_beam_32,2,0.05,12dae86b05549e4e,"[[1, 2, 6, 7, 8, 9], [0, 3, 4, 5, 10, 11]]",0.07783342392299003,-0.28016506841629674,0.5325336934066311,-0.24711971767476107,,1.0,0.12601651091718225,0.12601651091718225,0.10801892603210612,4.487193927500499e-05,-0.00804732907984723,"{""1"": 13}",0.12601651091718225,0.12268071467531763,2.708153186219959,1e-05,True,40,development_isotonic_frozen
s1-i7,development,1,oracle,saps_diagonal,2,0.05,10981bd717a8be11,"[[0, 1, 2, 5, 6, 8], [3, 4, 7, 9, 10, 11]]",0.07783342392299003,-0.27474908452694596,0.5352703207820565,-0.7272014731957425,,1.0,0.1191195629259262,0.1191195629259262,0.10801892603210612,0.005048521984774111,0.010806683831786481,"{""1"": 13}",0.1191195629259262,0.11910804341211577,3.1157982466630365,1e-05,True,40,development_isotonic_frozen
s1-i7,development,1,oracle,p_saps_residualized,2,0.05,c9dca0fb4095ce6e,"[[0, 1, 2, 5, 7, 11], [3, 4, 6, 8, 9, 10]]",0.07783342392299003,-0.2773223915892379,0.5336017495256533,-0.7171069224890664,,1.0,0.12619142912513226,0.12619142912513226,0.10801892603210612,0.0,-0.008500033941229244,"{""1"": 13}",0.12619142912513226,0.12460430719416438,3.0865962124023896,1e-05,True,80,development_isotonic_frozen
s1-i7,development,1,oracle,p_saps_projection,2,0.05,f12358a31a758d1f,"[[0, 2, 3, 6, 7, 11], [1, 4, 5, 8, 9, 10]]",0.07783342392299003,-0.28087758605029167,0.5316055537403627,-0.4387369803916473,,0.004818899325543343,0.2196093722014419,0.2196093722014419,0.08200920696640192,2.2619105349435845e-05,-0.03533158549377295,"{""1"": 12, ""2"": 1}",0.2196093722014419,0.21954060469674874,3.925091648620864,1e-05,True,640,development_isotonic_frozen
s1-i7,development,1,oracle,b_saps_budgeted,2,0.05,10981bd717a8be11,"[[0, 1, 2, 5, 6, 8], [3, 4, 7, 9, 10, 11]]",0.07783342392299003,-0.27474908452694596,0.5352703207820565,-0.7272014731957425,,1.0,0.1191195629259262,0.1191195629259262,0.10801892603210612,0.005048521984774111,0.010806683831786481,"{""1"": 13}",0.1191195629259262,0.11910804341211577,3.1157982466630365,1e-05,True,40,development_isotonic_frozen
s1-i7,development,1,oracle,random_balanced,2,0.15,f8295f9d2c752a54,"[[0, 2, 5, 6, 8, 9], [1, 3, 4, 7, 10, 11]]",0.17067346611010253,-0.28919115043462856,0.516763169971054,-0.6268244534569042,,0.004818899325543343,0.19307900110768644,0.19307900110768644,0.20553900529914723,-0.0038370907195211597,1.060830651471086,"{""1"": 12, ""2"": 1}",0.19307900110768644,0.19304361294127553,3.7598816421370387,1e-05,True,40,development_isotonic_frozen
s1-i7,development,1,oracle,confidence,2,0.15,ad7b7f92f9374426,"[[0, 1, 3, 4, 9, 10], [2, 5, 6, 7, 8, 11]]",0.17067346611010253,-0.20193701427107427,0.6238202323244948,-0.7523098820442948,,1.0,0.16982279821128263,0.16982279821128263,0.20553900529914723,-0.12536870567648883,1.0186063869444997,"{""1"": 13}",0.16982279821128263,0.1697932925464367,3.0027412593488743,1e-05,True,40,development_isotonic_frozen
s1-i7,development,1,oracle,entropy,2,0.15,159a39ae7462e289,"[[1, 2, 3, 4, 9, 10], [0, 5, 6, 7, 8, 11]]",0.17067346611010253,-0.20423889661856598,0.625256727523173,-0.30962496336060913,,0.004818899325543343,0.10696790634381187,0.10696790634381187,0.013778539759401331,0.0,1.025485484542026,"{""1"": 12, ""3"": 1}",0.10696790634381187,0.10472711802978663,4.191806513464466,1e-05,True,40,development_isotonic_frozen
s1-i7,development,1,oracle,dependency_cmi,2,0.15,6b801c3c7711437b,"[[2, 7, 8, 9, 10, 11], [0, 1, 3, 4, 5, 6]]",0.17067346611010253,-0.2774603429829409,0.5442484854650648,-0.3098129042269374,,0.004818899325543343,0.19502912340252976,0.19502912340252976,0.20553900529914723,-0.00014904944547841013,1.001803848723816,"{""1"": 12, ""2"": 1}",0.19502912340252976,0.1950055335992758,3.8747388762368713,1e-05,True,40,development_isotonic_frozen
s1-i7,development,1,oracle,min_within_batch_tc,2,0.15,f19ecc3ee78b0b04,"[[6, 7, 8, 9, 10, 11], [0, 1, 2, 3, 4, 5]]",0.17067346611010253,-0.2847922084294791,0.5353147092853611,-0.5842524085235027,,0.004818899325543343,0.13423480553993528,0.13423480553993528,0.013778539759401331,0.0,-0.013393565415601461,"{""1"": 12, ""3"": 1}",0.13423480553993528,0.1339333356954378,4.052604210572818,1e-05,True,40,development_isotonic_frozen
s1-i7,development,1,oracle,dprm_myopic,2,0.15,3cae8698d055a8ab,"[[1, 2, 3, 4, 6, 9], [0, 5, 7, 8, 10, 11]]",0.17067346611010253,-0.2337481951470065,0.5882653971145128,-0.3648467192866905,,0.004818899325543343,0.10240923194823273,0.10240923194823273,0.013778539759401331,0.0,1.0354320637523713,"{""1"": 12, ""3"": 1}",0.10240923194823273,0.10239938239356108,4.143554914551806,1e-05,True,40,development_isotonic_frozen
s1-i7,development,1,oracle,dprm_rollout,2,0.15,9917209479046b4b,"[[0, 1, 3, 4, 7, 10], [2, 5, 6, 8, 9, 11]]",0.17067346611010253,-0.2116867503280364,0.6166481981244906,-0.7479674391563801,,1.0,0.1713265434284615,0.1713265434284615,0.20553900529914723,0.0007844089813096517,1.0128501087392625,"{""1"": 13}",0.1713265434284615,0.1713058814409415,3.0836723834905344,1e-05,True,40,development_isotonic_frozen
s1-i7,development,1,oracle,subset_exact,2,0.15,5433a2c475728883,"[[0, 3, 5, 6, 9, 11], [1, 2, 4, 7, 8, 10]]",0.17067346611010253,-0.27410631367341826,0.5331971116230022,-0.21492144142904185,,0.004818899325543343,0.13109854002153865,0.13109854002153865,0.013778539759401331,-8.128800424738364e-06,0.0441661864928824,"{""1"": 12, ""3"": 1}",0.13109854002153865,0.13104197388232278,4.063962040345121,1e-05,True,40,development_isotonic_frozen
s1-i7,development,1,oracle,subset_beam_8,2,0.15,9ecb0e68f90746e4,"[[0, 2, 3, 5, 7, 9], [1, 4, 6, 8, 10, 11]]",0.17067346611010253,-0.26416167709644,0.541728241141926,-0.46376862896507803,,0.004818899325543343,0.21176021121054478,0.21176021121054478,0.20553900529914723,0.002882956669387801,0.02286799490662289,"{""1"": 12, ""2"": 1}",0.21176021121054478,0.21172214967802538,4.486830475267357,1e-05,True,40,development_isotonic_frozen
s1-i7,development,1,oracle,subset_beam_32,2,0.15,5433a2c475728883,"[[0, 3, 5, 6, 9, 11], [1, 2, 4, 7, 8, 10]]",0.17067346611010253,-0.27410631367341826,0.5331971116230022,-0.21492144142904185,,0.004818899325543343,0.13109854002153865,0.13109854002153865,0.013778539759401331,-8.128800424738364e-06,0.0441661864928824,"{""1"": 12, ""3"": 1}",0.13109854002153865,0.13104197388232278,4.063962040345121,1e-05,True,40,development_isotonic_frozen
s1-i7,development,1,oracle,saps_diagonal,2,0.15,10981bd717a8be11,"[[0, 1, 2, 5, 6, 8], [3, 4, 7, 9, 10, 11]]",0.17067346611010253,-0.27474908452694596,0.5352703207820565,-0.7272014731957425,,1.0,0.1191195629259262,0.1191195629259262,0.20553900529914723,0.0032384908699045942,1.0255086231292139,"{""1"": 13}",0.1191195629259262,0.11910804341211577,3.1157982466630365,1e-05,True,40,development_isotonic_frozen
s1-i7,development,1,oracle,p_saps_residualized,2,0.15,c9dca0fb4095ce6e,"[[0, 1, 2, 5, 7, 11], [3, 4, 6, 8, 9, 10]]",0.17067346611010253,-0.2773223915892379,0.5336017495256533,-0.7171069224890664,,1.0,0.12619142912513226,0.12619142912513226,0.20553900529914723,0.0042599587875317285,1.032865576118849,"{""1"": 13}",0.12619142912513226,0.12460430719416438,3.0865962124023896,1e-05,True,80,development_isotonic_frozen
s1-i7,development,1,oracle,p_saps_projection,2,0.15,f12358a31a758d1f,"[[0, 2, 3, 6, 7, 11], [1, 4, 5, 8, 9, 10]]",0.17067346611010253,-0.28087758605029167,0.5316055537403627,-0.4387369803916473,,0.004818899325543343,0.2196093722014419,0.2196093722014419,0.20553900529914723,7.465089069575498e-05,0.040904364311028445,"{""1"": 12, ""2"": 1}",0.2196093722014419,0.21954060469674874,3.925091648620864,1e-05,True,640,development_isotonic_frozen
s1-i7,development,1,oracle,b_saps_budgeted,2,0.15,f8295f9d2c752a54,"[[0, 2, 5, 6, 8, 9], [1, 3, 4, 7, 10, 11]]",0.17067346611010253,-0.28919115043462856,0.516763169971054,-0.6268244534569042,,0.004818899325543343,0.19307900110768644,0.19307900110768644,0.20553900529914723,-0.0038370907195211597,1.060830651471086,"{""1"": 12, ""2"": 1}",0.19307900110768644,0.19304361294127553,3.7598816421370387,1e-05,True,40,development_isotonic_frozen
s1-i7,development,1,oracle,random_balanced,3,0.01,372e8adddb6a3994,"[[2, 5, 6, 8], [0, 4, 9, 11], [1, 3, 7, 10]]",0.034177865624789874,-0.580169726305421,1.0509682232268032,-0.508140932527767,,1.0,0.1422070979673587,0.1422070979673587,0.036139618265715094,0.0,0.008053287869140698,"{""1"": 13}",0.1422070979673587,0.1418236773040636,3.501347544300896,1e-05,True,40,development_isotonic_frozen
s1-i7,development,1,oracle,confidence,3,0.01,40810380b2c6aacd,"[[1, 3, 4, 10], [0, 2, 5, 9], [6, 7, 8, 11]]",0.034177865624789874,-0.41098295998723616,1.2447872658760353,-0.44301522099919544,,1.0,0.1504168429296788,0.1504168429296788,0.036139618265715094,0.00014883785791066257,-0.00804732907984723,"{""1"": 13}",0.1504168429296788,0.15040027335047923,3.023368591972681,1e-05,True,40,development_isotonic_frozen
s1-i7,development,1,oracle,entropy,3,0.01,40810380b2c6aacd,"[[1, 3, 4, 10], [0, 2, 5, 9], [6, 7, 8, 11]]",0.034177865624789874,-0.41098295998723616,1.2447872658760353,-0.44301522099919544,,1.0,0.1504168429296788,0.1504168429296788,0.036139618265715094,0.00014883785791066257,-0.00804732907984723,"{""1"": 13}",0.1504168429296788,0.15040027335047923,3.023368591972681,1e-05,True,40,development_isotonic_frozen
s1-i7,development,1,oracle,dependency_cmi,3,0.01,f3acd320d25e6e3b,"[[2, 7, 9, 10], [1, 6, 8, 11], [0, 3, 4, 5]]",0.034177865624789874,-0.5268980784168155,1.1107603720952381,-0.034519690213293666,,1.0,0.15612865412698618,0.15612865412698618,0.036139618265715094,0.0,-0.9762260592227385,"{""1"": 13}",0.15612865412698618,0.1541889457734118,3.6225942413762526,1e-05,True,40,development_isotonic_frozen
s1-i7,development,1,oracle,min_within_batch_tc,3,0.01,3cd969b9fc4d94a6,"[[7, 9, 10, 11], [0, 4, 5, 8], [1, 2, 3, 6]]",0.034177865624789874,-0.534170403299229,1.110175414033913,-0.17755355697463945,,0.004818899325543343,0.13942691549283245,0.13942691549283245,0.036139618265715094,0.0,0.0,"{""1"": 12, ""2"": 1}",0.13942691549283245,0.13936192225171684,3.9368367367953456,1e-05,True,40,development_isotonic_frozen
s1-i7,development,1,oracle,dprm_myopic,3,0.01,e360f9d6f43a59af,"[[2, 3, 4, 6], [0, 1, 9, 10], [5, 7, 8, 11]]",0.034177865624789874,-0.461116311607316,1.1872262671397655,-0.318595505705814,,1.0,0.17965465241579764,0.17965465241579764,0.036139618265715094,0.0,-0.023397734927018576,"{""1"": 13}",0.17965465241579764,0.17961809486776797,3.6685557862592524,1e-05,True,40,development_isotonic_frozen
s1-i7,development,1,oracle,dprm_rollout,3,0.01,8bf7f7cc2a765cfb,"[[1, 2, 4, 6], [0, 7, 8, 10], [3, 5, 9, 11]]",0.034177865624789874,-0.4972830135007791,1.1542030173258084,-0.2400772258961874,,0.004818899325543343,0.09345202701908203,0.09345202701908203,0.00017415318208604833,-1.7274277919231476e-06,0.023773940777261512,"{""1"": 12, ""3"": 1}",0.09345202701908203,0.0934479708110996,3.8841554340601396,1e-05,True,40,development_isotonic_frozen
s1-i7,development,1,oracle,subset_exact,3,0.01,d11d82c6ed449bef,"[[1, 4, 6, 10], [0, 2, 3, 5], [7, 8, 9, 11]]",0.034177865624789874,-0.44454413492840533,1.209637023320041,-0.4013737644324245,,1.0,0.15241180122100428,0.15241180122100428,0.036139618265715094,-2.6182065174836605e-06,0.0005035146670754227,"{""1"": 13}",0.15241180122100428,0.14464103903823602,3.490990918751814,1e-05,True,40,development_isotonic_frozen
s1-i7,development,1,oracle,subset_beam_8,3,0.01,e78ef822eae45826,"[[1, 3, 8, 10], [0, 2, 4, 5], [6, 7, 9, 11]]",0.034177865624789874,-0.44278830930451285,1.211461994607355,-0.47290873086724644,,0.004818899325543343,0.19507140707064696,0.19507140707064696,0.036139618265715094,-0.002897222890134901,0.0,"{""1"": 12, ""2"": 1}",0.19507140707064696,0.1950633428987651,3.457176052233556,1e-05,True,40,development_isotonic_frozen
s1-i7,development,1,oracle,subset_beam_32,3,0.01,e78ef822eae45826,"[[1, 3, 8, 10], [0, 2, 4, 5], [6, 7, 9, 11]]",0.034177865624789874,-0.44278830930451285,1.211461994607355,-0.47290873086724644,,0.004818899325543343,0.19507140707064696,0.19507140707064696,0.036139618265715094,-0.002897222890134901,0.0,"{""1"": 12, ""2"": 1}",0.19507140707064696,0.1950633428987651,3.457176052233556,1e-05,True,40,development_isotonic_frozen
s1-i7,development,1,oracle,saps_diagonal,3,0.01,372e8adddb6a3994,"[[2, 5, 6, 8], [0, 4, 9, 11], [1, 3, 7, 10]]",0.034177865624789874,-0.580169726305421,1.0509682232268032,-0.508140932527767,,1.0,0.1422070979673587,0.1422070979673587,0.036139618265715094,0.0,0.008053287869140698,"{""1"": 13}",0.1422070979673587,0.1418236773040636,3.501347544300896,1e-05,True,40,development_isotonic_frozen
s1-i7,development,1,oracle,p_saps_residualized,3,0.01,16d53e20ce18890d,"[[1, 4, 7, 11], [0, 2, 3, 5], [6, 8, 9, 10]]",0.034177865624789874,-0.5111454150178333,1.1383434943601505,-0.3798160824975333,,1.0,0.16956709230735867,0.16956709230735867,0.036139618265715094,0.0,0.0,"{""1"": 13}",0.16956709230735867,0.16954904457262007,3.6121853089122182,1e-05,True,80,development_isotonic_frozen
s1-i7,development,1,oracle,p_saps_projection,3,0.01,86ad3e5ff8b25c87,"[[0, 6, 9, 10], [1, 3, 4, 5], [2, 7, 8, 11]]",0.034177865624789874,-0.46773269716981897,1.1656278193393874,-0.13907075268467897,,1.0,0.1859346675466077,0.1859346675466077,0.036139618265715094,0.0,0.0035669954793640106,"{""1"": 13}",0.1859346675466077,0.18592624762248086,3.031650600893938,1e-05,True,640,development_isotonic_frozen
s1-i7,development,1,oracle,b_saps_budgeted,3,0.01,372e8adddb6a3994,"[[2, 5, 6, 8], [0, 4, 9, 11], [1, 3, 7, 10]]",0.034177865624789874,-0.580169726305421,1.0509682232268032,-0.508140932527767,,1.0,0.1422070979673587,0.1422070979673587,0.036139618265715094,0.0,0.008053287869140698,"{""1"": 13}",0.1422070979673587,0.1418236773040636,3.501347544300896,1e-05,True,40,development_isotonic_frozen
s1-i7,development,1,oracle,random_balanced,3,0.05,372e8adddb6a3994,"[[2, 5, 6, 8], [0, 4, 9, 11], [1, 3, 7, 10]]",0.09364310559047725,-0.580169726305421,1.0509682232268032,-0.508140932527767,,1.0,0.1422070979673587,0.1422070979673587,0.10801892603210612,0.0,-0.008500033941229244,"{""1"": 13}",0.1422070979673587,0.1418236773040636,3.501347544300896,1e-05,True,40,development_isotonic_frozen
s1-i7,development,1,oracle,confidence,3,0.05,40810380b2c6aacd,"[[1, 3, 4, 10], [0, 2, 5, 9], [6, 7, 8, 11]]",0.09364310559047725,-0.41098295998723616,1.2447872658760353,-0.44301522099919544,,1.0,0.1504168429296788,0.1504168429296788,0.10801892603210612,1.003398187261602e-05,0.029165159310853343,"{""1"": 13}",0.1504168429296788,0.15040027335047923,3.023368591972681,1e-05,True,40,development_isotonic_frozen
s1-i7,development,1,oracle,entropy,3,0.05,40810380b2c6aacd,"[[1, 3, 4, 10], [0, 2, 5, 9], [6, 7, 8, 11]]",0.09364310559047725,-0.41098295998723616,1.2447872658760353,-0.44301522099919544,,1.0,0.1504168429296788,0.1504168429296788,0.10801892603210612,1.003398187261602e-05,0.029165159310853343,"{""1"": 13}",0.1504168429296788,0.15040027335047923,3.023368591972681,1e-05,True,40,development_isotonic_frozen
s1-i7,development,1,oracle,dependency_cmi,3,0.05,f3acd320d25e6e3b,"[[2, 7, 9, 10], [1, 6, 8, 11], [0, 3, 4, 5]]",0.09364310559047725,-0.5268980784168155,1.1107603720952381,-0.034519690213293666,,1.0,0.15612865412698618,0.15612865412698618,0.10801892603210612,0.00013575561932465237,0.042808585174874125,"{""1"": 13}",0.15612865412698618,0.1541889457734118,3.6225942413762526,1e-05,True,40,development_isotonic_frozen
s1-i7,development,1,oracle,min_within_batch_tc,3,0.05,3cd969b9fc4d94a6,"[[7, 9, 10, 11], [0, 4, 5, 8], [1, 2, 3, 6]]",0.09364310559047725,-0.534170403299229,1.110175414033913,-0.17755355697463945,,0.004818899325543343,0.13942691549283245,0.13942691549283245,0.08200920696640192,-1.4555368428072485e-05,-0.013319727089092796,"{""1"": 12, ""2"": 1}",0.13942691549283245,0.13936192225171684,3.9368367367953456,1e-05,True,40,development_isotonic_frozen
s1-i7,development,1,oracle,dprm_myopic,3,0.05,e360f9d6f43a59af,"[[2, 3, 4, 6], [0, 1, 9, 10], [5, 7, 8, 11]]",0.09364310559047725,-0.461116311607316,1.1872262671397655,-0.318595505705814,,1.0,0.17965465241579764,0.17965465241579764,0.10801892603210612,-1.7048738214124917e-06,-0.007543814412771809,"{""1"": 13}",0.17965465241579764,0.17961809486776797,3.6685557862592524,1e-05,True,40,development_isotonic_frozen
s1-i7,development,1,oracle,dprm_rollout,3,0.05,150d1dae002d5e3b,"[[0, 2, 4, 7], [1, 3, 10, 11], [5, 6, 8, 9]]",0.09364310559047725,-0.48942436546364537,1.1613888311274791,-0.17318433811784636,,1.0,0.13730640566920754,0.13730640566920754,0.10801892603210612,0.0,0.035124428208922275,"{""1"": 13}",0.13730640566920754,0.1373001210138172,3.7438589481864013,1e-05,True,40,development_isotonic_frozen
s1-i7,development,1,oracle,subset_exact,3,0.05,3100f4f03518c91d,"[[1, 7, 8, 10], [0, 2, 3, 4], [5, 6, 9, 11]]",0.09364310559047725,-0.47272100553391966,1.1815433652909284,-0.22460950043480427,,0.004818899325543343,0.19096199685545617,0.19096199685545617,0.08200920696640192,0.0003561489287860916,0.02383956074874835,"{""1"": 12, ""2"": 1}",0.19096199685545617,0.1909572534977766,3.469646221608684,1e-05,True,40,development_isotonic_frozen
s1-i7,development,1,oracle,subset_beam_8,3,0.05,f9d6068a5cccc95e,"[[2, 6, 8, 11], [1, 3, 4, 10], [0, 5, 7, 9]]",0.09364310559047725,-0.5333602454424597,1.1206436787575325,-0.2460694720627097,,0.004818899325543343,0.20096425911158206,0.20096425911158206,0.08200920696640192,0.0,0.04855535834052267,"{""1"": 12, ""2"": 1}",0.20096425911158206,0.20091950307772205,3.8101125487989145,1e-05,True,40,development_isotonic_frozen
s1-i7,development,1,oracle,subset_beam_32,3,0.05,f9d6068a5cccc95e,"[[2, 6, 8, 11], [1, 3, 4, 10], [0, 5, 7, 9]]",0.09364310559047725,-0.5333602454424597,1.1206436787575325,-0.2460694720627097,,0.004818899325543343,0.20096425911158206,0.20096425911158206,0.08200920696640192,0.0,0.04855535834052267,"{""1"": 12, ""2"": 1}",0.20096425911158206,0.20091950307772205,3.8101125487989145,1e-05,True,40,development_isotonic_frozen
s1-i7,development,1,oracle,saps_diagonal,3,0.05,372e8adddb6a3994,"[[2, 5, 6, 8], [0, 4, 9, 11], [1, 3, 7, 10]]",0.09364310559047725,-0.580169726305421,1.0509682232268032,-0.508140932527767,,1.0,0.1422070979673587,0.1422070979673587,0.10801892603210612,0.0,-0.008500033941229244,"{""1"": 13}",0.1422070979673587,0.1418236773040636,3.501347544300896,1e-05,True,40,development_isotonic_frozen
s1-i7,development,1,oracle,p_saps_residualized,3,0.05,16d53e20ce18890d,"[[1, 4, 7, 11], [0, 2, 3, 5], [6, 8, 9, 10]]",0.09364310559047725,-0.5111454150178333,1.1383434943601505,-0.3798160824975333,,1.0,0.16956709230735867,0.16956709230735867,0.10801892603210612,0.0,0.036243274750665244,"{""1"": 13}",0.16956709230735867,0.16954904457262007,3.6121853089122182,1e-05,True,80,development_isotonic_frozen
s1-i7,development,1,oracle,p_saps_projection,3,0.05,86ad3e5ff8b25c87,"[[0, 6, 9, 10], [1, 3, 4, 5], [2, 7, 8, 11]]",0.09364310559047725,-0.46773269716981897,1.1656278193393874,-0.13907075268467897,,1.0,0.1859346675466077,0.1859346675466077,0.10801892603210612,0.0,-0.023193741217383594,"{""1"": 13}",0.1859346675466077,0.18592624762248086,3.031650600893938,1e-05,True,640,development_isotonic_frozen
s1-i7,development,1,oracle,b_saps_budgeted,3,0.05,372e8adddb6a3994,"[[2, 5, 6, 8], [0, 4, 9, 11], [1, 3, 7, 10]]",0.09364310559047725,-0.580169726305421,1.0509682232268032,-0.508140932527767,,1.0,0.1422070979673587,0.1422070979673587,0.10801892603210612,0.0,-0.008500033941229244,"{""1"": 13}",0.1422070979673587,0.1418236773040636,3.501347544300896,1e-05,True,40,development_isotonic_frozen
s1-i7,development,1,oracle,random_balanced,3,0.15,372e8adddb6a3994,"[[2, 5, 6, 8], [0, 4, 9, 11], [1, 3, 7, 10]]",0.19507934354243378,-0.580169726305421,1.0509682232268032,-0.508140932527767,,1.0,0.1422070979673587,0.1422070979673587,0.20553900529914723,0.0,0.01623767710293362,"{""1"": 13}",0.1422070979673587,0.1418236773040636,3.501347544300896,1e-05,True,40,development_isotonic_frozen
s1-i7,development,1,oracle,confidence,3,0.15,40810380b2c6aacd,"[[1, 3, 4, 10], [0, 2, 5, 9], [6, 7, 8, 11]]",0.19507934354243378,-0.41098295998723616,1.2447872658760353,-0.44301522099919544,,1.0,0.1504168429296788,0.1504168429296788,0.20553900529914723,0.010600635691929323,1.0365907457869443,"{""1"": 13}",0.1504168429296788,0.15040027335047923,3.023368591972681,1e-05,True,40,development_isotonic_frozen
s1-i7,development,1,oracle,entropy,3,0.15,40810380b2c6aacd,"[[1, 3, 4, 10], [0, 2, 5, 9], [6, 7, 8, 11]]",0.19507934354243378,-0.41098295998723616,1.2447872658760353,-0.44301522099919544,,1.0,0.1504168429296788,0.1504168429296788,0.20553900529914723,0.010600635691929323,1.0365907457869443,"{""1"": 13}",0.1504168429296788,0.15040027335047923,3.023368591972681,1e-05,True,40,development_isotonic_frozen
s1-i7,development,1,oracle,dependency_cmi,3,0.15,f3acd320d25e6e3b,"[[2, 7, 9, 10], [1, 6, 8, 11], [0, 3, 4, 5]]",0.19507934354243378,-0.5268980784168155,1.1107603720952381,-0.034519690213293666,,1.0,0.15612865412698618,0.15612865412698618,0.20553900529914723,0.12672155235519555,1.0015143383465506,"{""1"": 13}",0.15612865412698618,0.1541889457734118,3.6225942413762526,1e-05,True,40,development_isotonic_frozen
s1-i7,development,1,oracle,min_within_batch_tc,3,0.15,3cd969b9fc4d94a6,"[[7, 9, 10, 11], [0, 4, 5, 8], [1, 2, 3, 6]]",0.19507934354243378,-0.534170403299229,1.110175414033913,-0.17755355697463945,,0.004818899325543343,0.13942691549283245,0.13942691549283245,0.20553900529914723,2.6099737925279328e-05,-0.013393565415601461,"{""1"": 12, ""2"": 1}",0.13942691549283245,0.13936192225171684,3.9368367367953456,1e-05,True,40,development_isotonic_frozen
s1-i7,development,1,oracle,dprm_myopic,3,0.15,e360f9d6f43a59af,"[[2, 3, 4, 6], [0, 1, 9, 10], [5, 7, 8, 11]]",0.19507934354243378,-0.461116311607316,1.1872262671397655,-0.318595505705814,,1.0,0.17965465241579764,0.17965465241579764,0.20553900529914723,-0.0024982894761510547,1.0593530347230566,"{""1"": 13}",0.17965465241579764,0.17961809486776797,3.6685557862592524,1e-05,True,40,development_isotonic_frozen
s1-i7,development,1,oracle,dprm_rollout,3,0.15,032be34379e9d106,"[[0, 1, 4, 7], [3, 6, 9, 10], [2, 5, 8, 11]]",0.19507934354243378,-0.4681230723975916,1.17644081095227,-0.4842225480229603,,1.0,0.11559020693068522,0.11559020693068522,0.20553900529914723,-0.001479011179946577,-0.0025154856316411105,"{""1"": 13}",0.11559020693068522,0.11557159700317812,3.1697913245680795,1e-05,True,40,development_isotonic_frozen
s1-i7,development,1,oracle,subset_exact,3,0.15,c984de9b0ff57c65,"[[0, 2, 3, 9], [1, 4, 5, 10], [6, 7, 8, 11]]",0.19507934354243378,-0.4581775407280593,1.1740112900121569,-0.18902487948706037,,0.004818899325543343,0.20206950076434047,0.20206950076434047,0.20553900529914723,-6.037187002947151e-06,0.03312480406230136,"{""1"": 12, ""2"": 1}",0.20206950076434047,0.20191647403083704,4.272311926720942,1e-05,True,40,development_isotonic_frozen
s1-i7,development,1,oracle,subset_beam_8,3,0.15,345e477a7a3eb109,"[[0, 7, 9, 11], [1, 3, 4, 10], [2, 5, 6, 8]]",0.19507934354243378,-0.5091780804972558,1.127972320925818,-0.4468172278281058,,1.0,0.1850105276538767,0.1850105276538767,0.20553900529914723,-0.0010906552416509504,-0.0025664876335221645,"{""1"": 13}",0.1850105276538767,0.1849774730989531,3.161122534863371,1e-05,True,40,development_isotonic_frozen
s1-i7,development,1,oracle,subset_beam_32,3,0.15,c984de9b0ff57c65,"[[0, 2, 3, 9], [1, 4, 5, 10], [6, 7, 8, 11]]",0.19507934354243378,-0.4581775407280593,1.1740112900121569,-0.18902487948706037,,0.004818899325543343,0.20206950076434047,0.20206950076434047,0.20553900529914723,-6.037187002947151e-06,0.03312480406230136,"{""1"": 12, ""2"": 1}",0.20206950076434047,0.20191647403083704,4.272311926720942,1e-05,True,40,development_isotonic_frozen
s1-i7,development,1,oracle,saps_diagonal,3,0.15,372e8adddb6a3994,"[[2, 5, 6, 8], [0, 4, 9, 11], [1, 3, 7, 10]]",0.19507934354243378,-0.580169726305421,1.0509682232268032,-0.508140932527767,,1.0,0.1422070979673587,0.1422070979673587,0.20553900529914723,0.0,0.01623767710293362,"{""1"": 13}",0.1422070979673587,0.1418236773040636,3.501347544300896,1e-05,True,40,development_isotonic_frozen
s1-i7,development,1,oracle,p_saps_residualized,3,0.15,16d53e20ce18890d,"[[1, 4, 7, 11], [0, 2, 3, 5], [6, 8, 9, 10]]",0.19507934354243378,-0.5111454150178333,1.1383434943601505,-0.3798160824975333,,1.0,0.16956709230735867,0.16956709230735867,0.20553900529914723,1.2175249473100379e-05,0.013878326216164477,"{""1"": 13}",0.16956709230735867,0.16954904457262007,3.6121853089122182,1e-05,True,80,development_isotonic_frozen
s1-i7,development,1,oracle,p_saps_projection,3,0.15,86ad3e5ff8b25c87,"[[0, 6, 9, 10], [1, 3, 4, 5], [2, 7, 8, 11]]",0.19507934354243378,-0.46773269716981897,1.1656278193393874,-0.13907075268467897,,1.0,0.1859346675466077,0.1859346675466077,0.20553900529914723,0.002139188951395213,0.009110427321197025,"{""1"": 13}",0.1859346675466077,0.18592624762248086,3.031650600893938,1e-05,True,640,development_isotonic_frozen
s1-i7,development,1,oracle,b_saps_budgeted,3,0.15,372e8adddb6a3994,"[[2, 5, 6, 8], [0, 4, 9, 11], [1, 3, 7, 10]]",0.19507934354243378,-0.580169726305421,1.0509682232268032,-0.508140932527767,,1.0,0.1422070979673587,0.1422070979673587,0.20553900529914723,0.0,0.01623767710293362,"{""1"": 13}",0.1422070979673587,0.1418236773040636,3.501347544300896,1e-05,True,40,development_isotonic_frozen
s1-i7,development,1,oracle,random_balanced,4,0.01,196eecc0b0967b52,"[[2, 5, 6], [0, 8, 9], [4, 10, 11], [1, 3, 7]]",0.03548570071874003,-0.8386335437576274,1.6017095864213993,-0.4637399520783978,,1.0,0.12607552923493467,0.12607552923493467,0.036139618265715094,0.0,0.008053287869140698,"{""1"": 13}",0.12607552923493467,0.12605546343567156,3.738071120240678,1e-05,True,40,development_isotonic_frozen
s1-i7,development,1,oracle,confidence,4,0.01,611188511bf3f34c,"[[1, 3, 10], [0, 4, 9], [2, 5, 6], [7, 8, 11]]",0.03548570071874003,-0.6331288038035786,1.8368989463955856,-0.44992945463942075,,1.0,0.1713001296073313,0.1713001296073313,0.036139618265715094,4.004441377759316e-06,0.0,"{""1"": 13}",0.1713001296073313,0.17124514007670383,3.1241745478644423,1e-05,True,40,development_isotonic_frozen
s1-i7,development,1,oracle,entropy,4,0.01,20469144b735507b,"[[3, 4, 10], [1, 2, 9], [0, 5, 8], [6, 7, 11]]",0.03548570071874003,-0.6400424078315116,1.846906985939352,-0.03825723134055064,,0.004818899325543343,0.10654065568864557,0.10654065568864557,0.036139618265715094,0.0,0.006271473614497676,"{""1"": 12, ""2"": 1}",0.10654065568864557,0.10652641105671426,3.7122741236539056,1e-05,True,40,development_isotonic_frozen
s1-i7,development,1,oracle,dependency_cmi,4,0.01,b59cd4d7be95b60b,"[[2, 7, 10], [1, 6, 11], [3, 5, 9], [0, 4, 8]]",0.03548570071874003,-0.7678866116045829,1.6907072887514591,-0.007329193429357035,,1.0,0.13262955595286227,0.13262955595286227,0.036139618265715094,0.0,-0.9959571941686169,"{""1"": 13}",0.13262955595286227,0.13261860527969394,3.83491939606606,1e-05,True,40,development_isotonic_frozen
s1-i7,development,1,oracle,min_within_batch_tc,4,0.01,97024218d9a1a681,"[[7, 10, 11], [6, 8, 9], [3, 4, 5], [0, 1, 2]]",0.03548570071874003,-0.8133560863096597,1.6578570972262996,-0.23797980506981525,,0.004818899325543343,0.1420057390236753,0.1420057390236753,0.036139618265715094,0.0,0.0,"{""1"": 12, ""2"": 1}",0.1420057390236753,0.1417781801000088,3.8707160066003925,1e-05,True,40,development_isotonic_frozen
s1-i7,development,1,oracle,dprm_myopic,4,0.01,44cb0f10d9d2af85,"[[2, 5, 9], [0, 3, 4], [1, 6, 10], [7, 8, 11]]",0.03548570071874003,-0.7312221731910186,1.7153258934843514,-0.23517101451481956,,1.0,0.13520344307361132,0.13520344307361132,0.036139618265715094,0.002068126522677176,0.0035392911643076816,"{""1"": 13}",0.13520344307361132,0.13487486454944578,3.285617188420524,1e-05,True,40,development_isotonic_frozen
s1-i7,development,1,oracle,dprm_rollout,4,0.01,f9972465787087b8,"[[0, 2, 5], [1, 3, 4], [6, 8, 10], [7, 9, 11]]",0.03548570071874003,-0.7266852956713784,1.7290574747935537,-0.41409417995867653,,0.004818899325543343,0.19767707765824877,0.19767707765824877,0.036139618265715094,0.0,0.014318802694344906,"{""1"": 12, ""2"": 1}",0.19767707765824877,0.19759986324303624,4.32586405999068,1e-05,True,40,development_isotonic_frozen
s1-i7,development,1,oracle,subset_exact,4,0.01,2dfc22a63fa7fad2,"[[1, 7, 10], [0, 3, 4], [2, 5, 9], [6, 8, 11]]",0.03548570071874003,-0.6684578343234979,1.8031615827414935,-0.23282027232864722,,1.0,0.16915876107963196,0.16915876107963196,0.036139618265715094,0.0,0.0,"{""1"": 13}",0.16915876107963196,0.1691080799977433,3.0573504452719145,1e-05,True,40,development_isotonic_frozen
s1-i7,development,1,oracle,subset_beam_8,4,0.01,2dfc22a63fa7fad2,"[[1, 7, 10], [0, 3, 4], [2, 5, 9], [6, 8, 11]]",0.03548570071874003,-0.6684578343234979,1.8031615827414935,-0.23282027232864722,,1.0,0.16915876107963196,0.16915876107963196,0.036139618265715094,0.0,0.0,"{""1"": 13}",0.16915876107963196,0.1691080799977433,3.0573504452719145,1e-05,True,40,development_isotonic_frozen
s1-i7,development,1,oracle,subset_beam_32,4,0.01,2dfc22a63fa7fad2,"[[1, 7, 10], [0, 3, 4], [2, 5, 9], [6, 8, 11]]",0.03548570071874003,-0.6684578343234979,1.8031615827414935,-0.23282027232864722,,1.0,0.16915876107963196,0.16915876107963196,0.036139618265715094,0.0,0.0,"{""1"": 13}",0.16915876107963196,0.1691080799977433,3.0573504452719145,1e-05,True,40,development_isotonic_frozen
s1-i7,development,1,oracle,saps_diagonal,4,0.01,196eecc0b0967b52,"[[2, 5, 6], [0, 8, 9], [4, 10, 11], [1, 3, 7]]",0.03548570071874003,-0.8386335437576274,1.6017095864213993,-0.4637399520783978,,1.0,0.12607552923493467,0.12607552923493467,0.036139618265715094,0.0,0.008053287869140698,"{""1"": 13}",0.12607552923493467,0.12605546343567156,3.738071120240678,1e-05,True,40,development_isotonic_frozen
s1-i7,development,1,oracle,p_saps_residualized,4,0.01,651922347bd4bf42,"[[0, 7, 11], [2, 4, 5], [1, 3, 10], [6, 8, 9]]",0.03548570071874003,-0.7965297938280567,1.6641335659855414,-0.26627463661933665,,1.0,0.15531748572411036,0.15531748572411036,0.036139618265715094,0.0,-0.03751430540656052,"{""1"": 13}",0.15531748572411036,0.15529286384897864,3.7216080836186536,1e-05,True,80,development_isotonic_frozen
s1-i7,development,1,oracle,p_saps_projection,4,0.01,3edb07ddec7cb918,"[[0, 6, 10], [1, 5, 9], [3, 4, 11], [2, 7, 8]]",0.03548570071874003,-0.7222883704842378,1.7268161634600299,-0.023217453069720992,,1.0,0.20909573715915641,0.20909573715915641,0.036139618265715094,0.0,0.0,"{""1"": 13}",0.20909573715915641,0.20899377719402745,3.7990841072194406,1e-05,True,640,development_isotonic_frozen
s1-i7,development,1,oracle,b_saps_budgeted,4,0.01,196eecc0b0967b52,"[[2, 5, 6], [0, 8, 9], [4, 10, 11], [1, 3, 7]]",0.03548570071874003,-0.8386335437576274,1.6017095864213993,-0.4637399520783978,,1.0,0.12607552923493467,0.12607552923493467,0.036139618265715094,0.0,0.008053287869140698,"{""1"": 13}",0.12607552923493467,0.12605546343567156,3.738071120240678,1e-05,True,40,development_isotonic_frozen
s1-i7,development,1,oracle,random_balanced,4,0.05,196eecc0b0967b52,"[[2, 5, 6], [0, 8, 9], [4, 10, 11], [1, 3, 7]]",0.09968020601230046,-0.8386335437576274,1.6017095864213993,-0.4637399520783978,,1.0,0.12607552923493467,0.12607552923493467,0.10801892603210612,1.819731017902455e-06,0.0020215590893942767,"{""1"": 13}",0.12607552923493467,0.12605546343567156,3.738071120240678,1e-05,True,40,development_isotonic_frozen
s1-i7,development,1,oracle,confidence,4,0.05,611188511bf3f34c,"[[1, 3, 10], [0, 4, 9], [2, 5, 6], [7, 8, 11]]",0.09968020601230046,-0.6331288038035786,1.8368989463955856,-0.44992945463942075,,1.0,0.1713001296073313,0.1713001296073313,0.10801892603210612,-0.0011550998893901654,0.003259580072461467,"{""1"": 13}",0.1713001296073313,0.17124514007670383,3.1241745478644423,1e-05,True,40,development_isotonic_frozen
s1-i7,development,1,oracle,entropy,4,0.05,20469144b735507b,"[[3, 4, 10], [1, 2, 9], [0, 5, 8], [6, 7, 11]]",0.09968020601230046,-0.6400424078315116,1.846906985939352,-0.03825723134055064,,0.004818899325543343,0.10654065568864557,0.10654065568864557,0.08200920696640192,3.393108543546895e-05,-0.018941913744389607,"{""1"": 12, ""2"": 1}",0.10654065568864557,0.10652641105671426,3.7122741236539056,1e-05,True,40,development_isotonic_frozen
s1-i7,development,1,oracle,dependency_cmi,4,0.05,b59cd4d7be95b60b,"[[2, 7, 10], [1, 6, 11], [3, 5, 9], [0, 4, 8]]",0.09968020601230046,-0.7678866116045829,1.6907072887514591,-0.007329193429357035,,1.0,0.13262955595286227,0.13262955595286227,0.10801892603210612,9.391213968196812e-05,0.05159042057071313,"{""1"": 13}",0.13262955595286227,0.13261860527969394,3.83491939606606,1e-05,True,40,development_isotonic_frozen
s1-i7,development,1,oracle,min_within_batch_tc,4,0.05,97024218d9a1a681,"[[7, 10, 11], [6, 8, 9], [3, 4, 5], [0, 1, 2]]",0.09968020601230046,-0.8133560863096597,1.6578570972262996,-0.23797980506981525,,0.004818899325543343,0.1420057390236753,0.1420057390236753,0.08200920696640192,0.0,-1.0283495516265813,"{""1"": 12, ""2"": 1}",0.1420057390236753,0.1417781801000088,3.8707160066003925,1e-05,True,40,development_isotonic_frozen
s1-i7,development,1,oracle,dprm_myopic,4,0.05,44cb0f10d9d2af85,"[[2, 5, 9], [0, 3, 4], [1, 6, 10], [7, 8, 11]]",0.09968020601230046,-0.7312221731910186,1.7153258934843514,-0.23517101451481956,,1.0,0.13520344307361132,0.13520344307361132,0.10801892603210612,-9.348786965827408e-07,0.04433611653520657,"{""1"": 13}",0.13520344307361132,0.13487486454944578,3.285617188420524,1e-05,True,40,development_isotonic_frozen
s1-i7,development,1,oracle,dprm_rollout,4,0.05,a14e35e1768783bd,"[[1, 2, 5], [0, 3, 4], [6, 8, 10], [7, 9, 11]]",0.09968020601230046,-0.7127165266936805,1.7477103384575023,-0.2338099071870324,,1.0,0.12926976500895632,0.12926976500895632,0.10801892603210612,0.0029630258675197533,0.045927822694155546,"{""1"": 13}",0.12926976500895632,0.12921624249591254,3.0229186960431984,1e-05,True,40,development_isotonic_frozen
s1-i7,development,1,oracle,subset_exact,4,0.05,58f5ea95ae00160d,"[[1, 7, 8], [0, 3, 10], [2, 4, 9], [5, 6, 11]]",0.09968020601230046,-0.7261834675256008,1.7401478122209042,-0.1818578013317113,,0.004818899325543343,0.13964821323305013,0.13964821323305013,0.08200920696640192,1.519920587678095e-05,0.01579223166890112,"{""1"": 12, ""2"": 1}",0.13964821323305013,0.139640118469019,3.6177631065138147,1e-05,True,40,development_isotonic_frozen
s1-i7,development,1,oracle,subset_beam_8,4,0.05,a44da596ed89fa83,"[[6, 8, 11], [1, 3, 10], [0, 4, 9], [2, 5, 7]]",0.09968020601230046,-0.774589910929217,1.6987745503975409,-0.32788214619226846,,1.0,0.16101707161020243,0.16101707161020243,0.10801892603210612,0.00013107752382555133,1.0099241529501413,"{""1"": 13}",0.16101707161020243,0.1608848334039214,3.8454337663000038,1e-05,True,40,development_isotonic_frozen
s1-i7,development,1,oracle,subset_beam_32,4,0.05,a44da596ed89fa83,"[[6, 8, 11], [1, 3, 10], [0, 4, 9], [2, 5, 7]]",0.09968020601230046,-0.774589910929217,1.6987745503975409,-0.32788214619226846,,1.0,0.16101707161020243,0.16101707161020243,0.10801892603210612,0.00013107752382555133,1.0099241529501413,"{""1"": 13}",0.16101707161020243,0.1608848334039214,3.8454337663000038,1e-05,True,40,development_isotonic_frozen
s1-i7,development,1,oracle,saps_diagonal,4,0.05,196eecc0b0967b52,"[[2, 5, 6], [0, 8, 9], [4, 10, 11], [1, 3, 7]]",0.09968020601230046,-0.8386335437576274,1.6017095864213993,-0.4637399520783978,,1.0,0.12607552923493467,0.12607552923493467,0.10801892603210612,1.819731017902455e-06,0.0020215590893942767,"{""1"": 13}",0.12607552923493467,0.12605546343567156,3.738071120240678,1e-05,True,40,development_isotonic_frozen
s1-i7,development,1,oracle,p_saps_residualized,4,0.05,651922347bd4bf42,"[[0, 7, 11], [2, 4, 5], [1, 3, 10], [6, 8, 9]]",0.09968020601230046,-0.7965297938280567,1.6641335659855414,-0.26627463661933665,,1.0,0.15531748572411036,0.15531748572411036,0.10801892603210612,-1.7535146583268326e-06,0.026293561022747956,"{""1"": 13}",0.15531748572411036,0.15529286384897864,3.7216080836186536,1e-05,True,80,development_isotonic_frozen
s1-i7,development,1,oracle,p_saps_projection,4,0.05,3edb07ddec7cb918,"[[0, 6, 10], [1, 5, 9], [3, 4, 11], [2, 7, 8]]",0.09968020601230046,-0.7222883704842378,1.7268161634600299,-0.023217453069720992,,1.0,0.20909573715915641,0.20909573715915641,0.10801892603210612,0.0,-0.010229476487618188,"{""1"": 13}",0.20909573715915641,0.20899377719402745,3.7990841072194406,1e-05,True,640,development_isotonic_frozen
s1-i7,development,1,oracle,b_saps_budgeted,4,0.05,196eecc0b0967b52,"[[2, 5, 6], [0, 8, 9], [4, 10, 11], [1, 3, 7]]",0.09968020601230046,-0.8386335437576274,1.6017095864213993,-0.4637399520783978,,1.0,0.12607552923493467,0.12607552923493467,0.10801892603210612,1.819731017902455e-06,0.0020215590893942767,"{""1"": 13}",0.12607552923493467,0.12605546343567156,3.738071120240678,1e-05,True,40,development_isotonic_frozen
s1-i7,development,1,oracle,random_balanced,4,0.15,196eecc0b0967b52,"[[2, 5, 6], [0, 8, 9], [4, 10, 11], [1, 3, 7]]",0.20205245138024275,-0.8386335437576274,1.6017095864213993,-0.4637399520783978,,1.0,0.12607552923493467,0.12607552923493467,0.20553900529914723,-4.6856541574820485e-05,0.03729617723842352,"{""1"": 13}",0.12607552923493467,0.12605546343567156,3.738071120240678,1e-05,True,40,development_isotonic_frozen
s1-i7,development,1,oracle,confidence,4,0.15,611188511bf3f34c,"[[1, 3, 10], [0, 4, 9], [2, 5, 6], [7, 8, 11]]",0.20205245138024275,-0.6331288038035786,1.8368989463955856,-0.44992945463942075,,1.0,0.1713001296073313,0.1713001296073313,0.20553900529914723,2.993534498153793e-05,1.048898574834625,"{""1"": 13}",0.1713001296073313,0.17124514007670383,3.1241745478644423,1e-05,True,40,development_isotonic_frozen
s1-i7,development,1,oracle,entropy,4,0.15,20469144b735507b,"[[3, 4, 10], [1, 2, 9], [0, 5, 8], [6, 7, 11]]",0.20205245138024275,-0.6400424078315116,1.846906985939352,-0.03825723134055064,,0.004818899325543343,0.10654065568864557,0.10654065568864557,0.20553900529914723,0.12708328243413483,1.0320316684059794,"{""1"": 12, ""2"": 1}",0.10654065568864557,0.10652641105671426,3.7122741236539056,1e-05,True,40,development_isotonic_frozen
s1-i7,development,1,oracle,dependency_cmi,4,0.15,b59cd4d7be95b60b,"[[2, 7, 10], [1, 6, 11], [3, 5, 9], [0, 4, 8]]",0.20205245138024275,-0.7678866116045829,1.6907072887514591,-0.007329193429357035,,1.0,0.13262955595286227,0.13262955595286227,0.20553900529914723,-4.040308464523982e-05,1.0205989766919425,"{""1"": 13}",0.13262955595286227,0.13261860527969394,3.83491939606606,1e-05,True,40,development_isotonic_frozen
s1-i7,development,1,oracle,min_within_batch_tc,4,0.15,97024218d9a1a681,"[[7, 10, 11], [6, 8, 9], [3, 4, 5], [0, 1, 2]]",0.20205245138024275,-0.8133560863096597,1.6578570972262996,-0.23797980506981525,,0.004818899325543343,0.1420057390236753,0.1420057390236753,0.20553900529914723,5.975792681059586e-05,-0.01939216444139373,"{""1"": 12, ""2"": 1}",0.1420057390236753,0.1417781801000088,3.8707160066003925,1e-05,True,40,development_isotonic_frozen
s1-i7,development,1,oracle,dprm_myopic,4,0.15,44cb0f10d9d2af85,"[[2, 5, 9], [0, 3, 4], [1, 6, 10], [7, 8, 11]]",0.20205245138024275,-0.7312221731910186,1.7153258934843514,-0.23517101451481956,,1.0,0.13520344307361132,0.13520344307361132,0.20553900529914723,-0.0025958886547668256,0.03213685901851749,"{""1"": 13}",0.13520344307361132,0.13487486454944578,3.285617188420524,1e-05,True,40,development_isotonic_frozen
s1-i7,development,1,oracle,dprm_rollout,4,0.15,8d8ecc4ede6c81c1,"[[1, 6, 7], [0, 3, 10], [4, 5, 8], [2, 9, 11]]",0.20205245138024275,-0.7358863131617719,1.7208980676993317,-0.03488890364403622,,1.0,0.11943913750550944,0.11943913750550944,0.20553900529914723,9.206460538844812e-06,0.025766493061159947,"{""1"": 13}",0.11943913750550944,0.1194014686655667,3.3833718319551234,1e-05,True,40,development_isotonic_frozen
s1-i7,development,1,oracle,subset_exact,4,0.15,7f184a93bfcbfa67,"[[2, 3, 9], [0, 1, 10], [4, 5, 6], [7, 8, 11]]",0.20205245138024275,-0.6826252668918936,1.7675594657303855,-0.15703157194211145,,1.0,0.1681459032630322,0.1681459032630322,0.20553900529914723,-0.0010036971191511395,1.02528982747628,"{""1"": 13}",0.1681459032630322,0.1681314418703045,3.28977776270938,1e-05,True,40,development_isotonic_frozen
s1-i7,development,1,oracle,subset_beam_8,4,0.15,7f184a93bfcbfa67,"[[2, 3, 9], [0, 1, 10], [4, 5, 6], [7, 8, 11]]",0.20205245138024275,-0.6826252668918936,1.7675594657303855,-0.15703157194211145,,1.0,0.1681459032630322,0.1681459032630322,0.20553900529914723,-0.0010036971191511395,1.02528982747628,"{""1"": 13}",0.1681459032630322,0.1681314418703045,3.28977776270938,1e-05,True,40,development_isotonic_frozen
s1-i7,development,1,oracle,subset_beam_32,4,0.15,7f184a93bfcbfa67,"[[2, 3, 9], [0, 1, 10], [4, 5, 6], [7, 8, 11]]",0.20205245138024275,-0.6826252668918936,1.7675594657303855,-0.15703157194211145,,1.0,0.1681459032630322,0.1681459032630322,0.20553900529914723,-0.0010036971191511395,1.02528982747628,"{""1"": 13}",0.1681459032630322,0.1681314418703045,3.28977776270938,1e-05,True,40,development_isotonic_frozen
s1-i7,development,1,oracle,saps_diagonal,4,0.15,196eecc0b0967b52,"[[2, 5, 6], [0, 8, 9], [4, 10, 11], [1, 3, 7]]",0.20205245138024275,-0.8386335437576274,1.6017095864213993,-0.4637399520783978,,1.0,0.12607552923493467,0.12607552923493467,0.20553900529914723,-4.6856541574820485e-05,0.03729617723842352,"{""1"": 13}",0.12607552923493467,0.12605546343567156,3.738071120240678,1e-05,True,40,development_isotonic_frozen
s1-i7,development,1,oracle,p_saps_residualized,4,0.15,651922347bd4bf42,"[[0, 7, 11], [2, 4, 5], [1, 3, 10], [6, 8, 9]]",0.20205245138024275,-0.7965297938280567,1.6641335659855414,-0.26627463661933665,,1.0,0.15531748572411036,0.15531748572411036,0.20553900529914723,-0.0032951998613814054,1.0079604338944648,"{""1"": 13}",0.15531748572411036,0.15529286384897864,3.7216080836186536,1e-05,True,80,development_isotonic_frozen
s1-i7,development,1,oracle,p_saps_projection,4,0.15,3edb07ddec7cb918,"[[0, 6, 10], [1, 5, 9], [3, 4, 11], [2, 7, 8]]",0.20205245138024275,-0.7222883704842378,1.7268161634600299,-0.023217453069720992,,1.0,0.20909573715915641,0.20909573715915641,0.20553900529914723,6.244700078016283e-06,0.012245099549355518,"{""1"": 13}",0.20909573715915641,0.20899377719402745,3.7990841072194406,1e-05,True,640,development_isotonic_frozen
s1-i7,development,1,oracle,b_saps_budgeted,4,0.15,196eecc0b0967b52,"[[2, 5, 6], [0, 8, 9], [4, 10, 11], [1, 3, 7]]",0.20205245138024275,-0.8386335437576274,1.6017095864213993,-0.4637399520783978,,1.0,0.12607552923493467,0.12607552923493467,0.20553900529914723,-4.6856541574820485e-05,0.03729617723842352,"{""1"": 13}",0.12607552923493467,0.12605546343567156,3.738071120240678,1e-05,True,40,development_isotonic_frozen
s1-i7,development,1,random_matched,random_balanced,1,0.01,8a4f20d215a3b9a1,"[[0, 1, 2, 3, 4, 5, 6, 7, 8, 9, 10, 11]]",0.758931983580017,-0.0,0.0,-1.0479000627498898,,0.0,0.11175566625148928,0.11175566625148928,0.758931983580017,0.0,0.008053287869140698,"{""4"": 22, ""3"": 23, ""2"": 21}",0.11175566625148928,0.11175480080858183,64.20041880721745,1e-05,True,40,development_isotonic_frozen
s1-i7,development,1,random_matched,confidence,1,0.01,8a4f20d215a3b9a1,"[[0, 1, 2, 3, 4, 5, 6, 7, 8, 9, 10, 11]]",0.758931983580017,-0.0,0.0,-1.0479000627498898,,0.0,0.11175566625148928,0.11175566625148928,0.758931983580017,0.0,0.008053287869140698,"{""4"": 22, ""3"": 23, ""2"": 21}",0.11175566625148928,0.11175480080858183,64.20041880721745,1e-05,True,40,development_isotonic_frozen
s1-i7,development,1,random_matched,entropy,1,0.01,8a4f20d215a3b9a1,"[[0, 1, 2, 3, 4, 5, 6, 7, 8, 9, 10, 11]]",0.758931983580017,-0.0,0.0,-1.0479000627498898,,0.0,0.11175566625148928,0.11175566625148928,0.758931983580017,0.0,0.008053287869140698,"{""4"": 22, ""3"": 23, ""2"": 21}",0.11175566625148928,0.11175480080858183,64.20041880721745,1e-05,True,40,development_isotonic_frozen
s1-i7,development,1,random_matched,dependency_cmi,1,0.01,8a4f20d215a3b9a1,"[[0, 1, 2, 3, 4, 5, 6, 7, 8, 9, 10, 11]]",0.758931983580017,-0.0,0.0,-1.0479000627498898,,0.0,0.11175566625148928,0.11175566625148928,0.758931983580017,0.0,0.008053287869140698,"{""4"": 22, ""3"": 23, ""2"": 21}",0.11175566625148928,0.11175480080858183,64.20041880721745,1e-05,True,40,development_isotonic_frozen
s1-i7,development,1,random_matched,min_within_batch_tc,1,0.01,8a4f20d215a3b9a1,"[[0, 1, 2, 3, 4, 5, 6, 7, 8, 9, 10, 11]]",0.758931983580017,-0.0,0.0,-1.0479000627498898,,0.0,0.11175566625148928,0.11175566625148928,0.758931983580017,0.0,0.008053287869140698,"{""4"": 22, ""3"": 23, ""2"": 21}",0.11175566625148928,0.11175480080858183,64.20041880721745,1e-05,True,40,development_isotonic_frozen
s1-i7,development,1,random_matched,dprm_myopic,1,0.01,8a4f20d215a3b9a1,"[[0, 1, 2, 3, 4, 5, 6, 7, 8, 9, 10, 11]]",0.758931983580017,-0.0,0.0,-1.0479000627498898,,0.0,0.11175566625148928,0.11175566625148928,0.758931983580017,0.0,0.008053287869140698,"{""4"": 22, ""3"": 23, ""2"": 21}",0.11175566625148928,0.11175480080858183,64.20041880721745,1e-05,True,40,development_isotonic_frozen
s1-i7,development,1,random_matched,dprm_rollout,1,0.01,8a4f20d215a3b9a1,"[[0, 1, 2, 3, 4, 5, 6, 7, 8, 9, 10, 11]]",0.758931983580017,-0.0,0.0,-1.0479000627498898,,0.0,0.11175566625148928,0.11175566625148928,0.758931983580017,0.0,0.008053287869140698,"{""4"": 22, ""3"": 23, ""2"": 21}",0.11175566625148928,0.11175480080858183,64.20041880721745,1e-05,True,40,development_isotonic_frozen
s1-i7,development,1,random_matched,subset_exact,1,0.01,8a4f20d215a3b9a1,"[[0, 1, 2, 3, 4, 5, 6, 7, 8, 9, 10, 11]]",0.758931983580017,-0.0,0.0,-1.0479000627498898,,0.0,0.11175566625148928,0.11175566625148928,0.758931983580017,0.0,0.008053287869140698,"{""4"": 22, ""3"": 23, ""2"": 21}",0.11175566625148928,0.11175480080858183,64.20041880721745,1e-05,True,40,development_isotonic_frozen
s1-i7,development,1,random_matched,subset_beam_8,1,0.01,8a4f20d215a3b9a1,"[[0, 1, 2, 3, 4, 5, 6, 7, 8, 9, 10, 11]]",0.758931983580017,-0.0,0.0,-1.0479000627498898,,0.0,0.11175566625148928,0.11175566625148928,0.758931983580017,0.0,0.008053287869140698,"{""4"": 22, ""3"": 23, ""2"": 21}",0.11175566625148928,0.11175480080858183,64.20041880721745,1e-05,True,40,development_isotonic_frozen
s1-i7,development,1,random_matched,subset_beam_32,1,0.01,8a4f20d215a3b9a1,"[[0, 1, 2, 3, 4, 5, 6, 7, 8, 9, 10, 11]]",0.758931983580017,-0.0,0.0,-1.0479000627498898,,0.0,0.11175566625148928,0.11175566625148928,0.758931983580017,0.0,0.008053287869140698,"{""4"": 22, ""3"": 23, ""2"": 21}",0.11175566625148928,0.11175480080858183,64.20041880721745,1e-05,True,40,development_isotonic_frozen
s1-i7,development,1,random_matched,saps_diagonal,1,0.01,8a4f20d215a3b9a1,"[[0, 1, 2, 3, 4, 5, 6, 7, 8, 9, 10, 11]]",0.758931983580017,-0.0,0.0,-1.0479000627498898,,0.0,0.11175566625148928,0.11175566625148928,0.758931983580017,0.0,0.008053287869140698,"{""4"": 22, ""3"": 23, ""2"": 21}",0.11175566625148928,0.11175480080858183,64.20041880721745,1e-05,True,40,development_isotonic_frozen
s1-i7,development,1,random_matched,p_saps_residualized,1,0.01,8a4f20d215a3b9a1,"[[0, 1, 2, 3, 4, 5, 6, 7, 8, 9, 10, 11]]",0.758931983580017,-0.0,0.0,-1.0479000627498898,,0.0,0.11175566625148928,0.11175566625148928,0.758931983580017,0.0,0.008053287869140698,"{""4"": 22, ""3"": 23, ""2"": 21}",0.11175566625148928,0.11175480080858183,64.20041880721745,1e-05,True,40,development_isotonic_frozen
s1-i7,development,1,random_matched,p_saps_projection,1,0.01,8a4f20d215a3b9a1,"[[0, 1, 2, 3, 4, 5, 6, 7, 8, 9, 10, 11]]",0.758931983580017,-0.0,0.0,-1.0479000627498898,,0.0,0.11175566625148928,0.11175566625148928,0.758931983580017,0.0,0.008053287869140698,"{""4"": 22, ""3"": 23, ""2"": 21}",0.11175566625148928,0.11175480080858183,64.20041880721745,1e-05,True,40,development_isotonic_frozen
s1-i7,development,1,random_matched,b_saps_budgeted,1,0.01,8a4f20d215a3b9a1,"[[0, 1, 2, 3, 4, 5, 6, 7, 8, 9, 10, 11]]",0.758931983580017,-0.0,0.0,-1.0479000627498898,,0.0,0.11175566625148928,0.11175566625148928,0.758931983580017,0.0,0.008053287869140698,"{""4"": 22, ""3"": 23, ""2"": 21}",0.11175566625148928,0.11175480080858183,64.20041880721745,1e-05,True,40,development_isotonic_frozen
s1-i7,development,1,random_matched,random_balanced,1,0.05,8a4f20d215a3b9a1,"[[0, 1, 2, 3, 4, 5, 6, 7, 8, 9, 10, 11]]",1.7195484984681046,-0.0,0.0,-1.0479000627498898,,0.0,0.11175566625148928,0.11175566625148928,1.7195484984681046,3.137331520831043e-06,0.0025250737564696995,"{""4"": 22, ""3"": 23, ""2"": 21}",0.11175566625148928,0.11175480080858183,64.20041880721745,1e-05,True,40,development_isotonic_frozen
s1-i7,development,1,random_matched,confidence,1,0.05,8a4f20d215a3b9a1,"[[0, 1, 2, 3, 4, 5, 6, 7, 8, 9, 10, 11]]",1.7195484984681046,-0.0,0.0,-1.0479000627498898,,0.0,0.11175566625148928,0.11175566625148928,1.7195484984681046,3.137331520831043e-06,0.0025250737564696995,"{""4"": 22, ""3"": 23, ""2"": 21}",0.11175566625148928,0.11175480080858183,64.20041880721745,1e-05,True,40,development_isotonic_frozen
s1-i7,development,1,random_matched,entropy,1,0.05,8a4f20d215a3b9a1,"[[0, 1, 2, 3, 4, 5, 6, 7, 8, 9, 10, 11]]",1.7195484984681046,-0.0,0.0,-1.0479000627498898,,0.0,0.11175566625148928,0.11175566625148928,1.7195484984681046,3.137331520831043e-06,0.0025250737564696995,"{""4"": 22, ""3"": 23, ""2"": 21}",0.11175566625148928,0.11175480080858183,64.20041880721745,1e-05,True,40,development_isotonic_frozen
s1-i7,development,1,random_matched,dependency_cmi,1,0.05,8a4f20d215a3b9a1,"[[0, 1, 2, 3, 4, 5, 6, 7, 8, 9, 10, 11]]",1.7195484984681046,-0.0,0.0,-1.0479000627498898,,0.0,0.11175566625148928,0.11175566625148928,1.7195484984681046,3.137331520831043e-06,0.0025250737564696995,"{""4"": 22, ""3"": 23, ""2"": 21}",0.11175566625148928,0.11175480080858183,64.20041880721745,1e-05,True,40,development_isotonic_frozen
s1-i7,development,1,random_matched,min_within_batch_tc,1,0.05,8a4f20d215a3b9a1,"[[0, 1, 2, 3, 4, 5, 6, 7, 8, 9, 10, 11]]",1.7195484984681046,-0.0,0.0,-1.0479000627498898,,0.0,0.11175566625148928,0.11175566625148928,1.7195484984681046,3.137331520831043e-06,0.0025250737564696995,"{""4"": 22, ""3"": 23, ""2"": 21}",0.11175566625148928,0.11175480080858183,64.20041880721745,1e-05,True,40,development_isotonic_frozen
s1-i7,development,1,random_matched,dprm_myopic,1,0.05,8a4f20d215a3b9a1,"[[0, 1, 2, 3, 4, 5, 6, 7, 8, 9, 10, 11]]",1.7195484984681046,-0.0,0.0,-1.0479000627498898,,0.0,0.11175566625148928,0.11175566625148928,1.7195484984681046,3.137331520831043e-06,0.0025250737564696995,"{""4"": 22, ""3"": 23, ""2"": 21}",0.11175566625148928,0.11175480080858183,64.20041880721745,1e-05,True,40,development_isotonic_frozen
s1-i7,development,1,random_matched,dprm_rollout,1,0.05,8a4f20d215a3b9a1,"[[0, 1, 2, 3, 4, 5, 6, 7, 8, 9, 10, 11]]",1.7195484984681046,-0.0,0.0,-1.0479000627498898,,0.0,0.11175566625148928,0.11175566625148928,1.7195484984681046,3.137331520831043e-06,0.0025250737564696995,"{""4"": 22, ""3"": 23, ""2"": 21}",0.11175566625148928,0.11175480080858183,64.20041880721745,1e-05,True,40,development_isotonic_frozen
s1-i7,development,1,random_matched,subset_exact,1,0.05,8a4f20d215a3b9a1,"[[0, 1, 2, 3, 4, 5, 6, 7, 8, 9, 10, 11]]",1.7195484984681046,-0.0,0.0,-1.0479000627498898,,0.0,0.11175566625148928,0.11175566625148928,1.7195484984681046,3.137331520831043e-06,0.0025250737564696995,"{""4"": 22, ""3"": 23, ""2"": 21}",0.11175566625148928,0.11175480080858183,64.20041880721745,1e-05,True,40,development_isotonic_frozen
s1-i7,development,1,random_matched,subset_beam_8,1,0.05,8a4f20d215a3b9a1,"[[0, 1, 2, 3, 4, 5, 6, 7, 8, 9, 10, 11]]",1.7195484984681046,-0.0,0.0,-1.0479000627498898,,0.0,0.11175566625148928,0.11175566625148928,1.7195484984681046,3.137331520831043e-06,0.0025250737564696995,"{""4"": 22, ""3"": 23, ""2"": 21}",0.11175566625148928,0.11175480080858183,64.20041880721745,1e-05,True,40,development_isotonic_frozen
s1-i7,development,1,random_matched,subset_beam_32,1,0.05,8a4f20d215a3b9a1,"[[0, 1, 2, 3, 4, 5, 6, 7, 8, 9, 10, 11]]",1.7195484984681046,-0.0,0.0,-1.0479000627498898,,0.0,0.11175566625148928,0.11175566625148928,1.7195484984681046,3.137331520831043e-06,0.0025250737564696995,"{""4"": 22, ""3"": 23, ""2"": 21}",0.11175566625148928,0.11175480080858183,64.20041880721745,1e-05,True,40,development_isotonic_frozen
s1-i7,development,1,random_matched,saps_diagonal,1,0.05,8a4f20d215a3b9a1,"[[0, 1, 2, 3, 4, 5, 6, 7, 8, 9, 10, 11]]",1.7195484984681046,-0.0,0.0,-1.0479000627498898,,0.0,0.11175566625148928,0.11175566625148928,1.7195484984681046,3.137331520831043e-06,0.0025250737564696995,"{""4"": 22, ""3"": 23, ""2"": 21}",0.11175566625148928,0.11175480080858183,64.20041880721745,1e-05,True,40,development_isotonic_frozen
s1-i7,development,1,random_matched,p_saps_residualized,1,0.05,8a4f20d215a3b9a1,"[[0, 1, 2, 3, 4, 5, 6, 7, 8, 9, 10, 11]]",1.7195484984681046,-0.0,0.0,-1.0479000627498898,,0.0,0.11175566625148928,0.11175566625148928,1.7195484984681046,3.137331520831043e-06,0.0025250737564696995,"{""4"": 22, ""3"": 23, ""2"": 21}",0.11175566625148928,0.11175480080858183,64.20041880721745,1e-05,True,40,development_isotonic_frozen
s1-i7,development,1,random_matched,p_saps_projection,1,0.05,8a4f20d215a3b9a1,"[[0, 1, 2, 3, 4, 5, 6, 7, 8, 9, 10, 11]]",1.7195484984681046,-0.0,0.0,-1.0479000627498898,,0.0,0.11175566625148928,0.11175566625148928,1.7195484984681046,3.137331520831043e-06,0.0025250737564696995,"{""4"": 22, ""3"": 23, ""2"": 21}",0.11175566625148928,0.11175480080858183,64.20041880721745,1e-05,True,40,development_isotonic_frozen
s1-i7,development,1,random_matched,b_saps_budgeted,1,0.05,8a4f20d215a3b9a1,"[[0, 1, 2, 3, 4, 5, 6, 7, 8, 9, 10, 11]]",1.7195484984681046,-0.0,0.0,-1.0479000627498898,,0.0,0.11175566625148928,0.11175566625148928,1.7195484984681046,3.137331520831043e-06,0.0025250737564696995,"{""4"": 22, ""3"": 23, ""2"": 21}",0.11175566625148928,0.11175480080858183,64.20041880721745,1e-05,True,40,development_isotonic_frozen
s1-i7,development,1,random_matched,random_balanced,1,0.15,8a4f20d215a3b9a1,"[[0, 1, 2, 3, 4, 5, 6, 7, 8, 9, 10, 11]]",4.8945686971641535,-0.0,0.0,-1.0479000627498898,,0.0,0.11175566625148928,0.11175566625148928,4.8945686971641535,-0.0033625876280282724,1.0225420130038452,"{""4"": 22, ""3"": 23, ""2"": 21}",0.11175566625148928,0.11175480080858183,64.20041880721745,1e-05,True,40,development_isotonic_frozen
s1-i7,development,1,random_matched,confidence,1,0.15,8a4f20d215a3b9a1,"[[0, 1, 2, 3, 4, 5, 6, 7, 8, 9, 10, 11]]",4.8945686971641535,-0.0,0.0,-1.0479000627498898,,0.0,0.11175566625148928,0.11175566625148928,4.8945686971641535,-0.0033625876280282724,1.0225420130038452,"{""4"": 22, ""3"": 23, ""2"": 21}",0.11175566625148928,0.11175480080858183,64.20041880721745,1e-05,True,40,development_isotonic_frozen
s1-i7,development,1,random_matched,entropy,1,0.15,8a4f20d215a3b9a1,"[[0, 1, 2, 3, 4, 5, 6, 7, 8, 9, 10, 11]]",4.8945686971641535,-0.0,0.0,-1.0479000627498898,,0.0,0.11175566625148928,0.11175566625148928,4.8945686971641535,-0.0033625876280282724,1.0225420130038452,"{""4"": 22, ""3"": 23, ""2"": 21}",0.11175566625148928,0.11175480080858183,64.20041880721745,1e-05,True,40,development_isotonic_frozen
s1-i7,development,1,random_matched,dependency_cmi,1,0.15,8a4f20d215a3b9a1,"[[0, 1, 2, 3, 4, 5, 6, 7, 8, 9, 10, 11]]",4.8945686971641535,-0.0,0.0,-1.0479000627498898,,0.0,0.11175566625148928,0.11175566625148928,4.8945686971641535,-0.0033625876280282724,1.0225420130038452,"{""4"": 22, ""3"": 23, ""2"": 21}",0.11175566625148928,0.11175480080858183,64.20041880721745,1e-05,True,40,development_isotonic_frozen
s1-i7,development,1,random_matched,min_within_batch_tc,1,0.15,8a4f20d215a3b9a1,"[[0, 1, 2, 3, 4, 5, 6, 7, 8, 9, 10, 11]]",4.8945686971641535,-0.0,0.0,-1.0479000627498898,,0.0,0.11175566625148928,0.11175566625148928,4.8945686971641535,-0.0033625876280282724,1.0225420130038452,"{""4"": 22, ""3"": 23, ""2"": 21}",0.11175566625148928,0.11175480080858183,64.20041880721745,1e-05,True,40,development_isotonic_frozen
s1-i7,development,1,random_matched,dprm_myopic,1,0.15,8a4f20d215a3b9a1,"[[0, 1, 2, 3, 4, 5, 6, 7, 8, 9, 10, 11]]",4.8945686971641535,-0.0,0.0,-1.0479000627498898,,0.0,0.11175566625148928,0.11175566625148928,4.8945686971641535,-0.0033625876280282724,1.0225420130038452,"{""4"": 22, ""3"": 23, ""2"": 21}",0.11175566625148928,0.11175480080858183,64.20041880721745,1e-05,True,40,development_isotonic_frozen
s1-i7,development,1,random_matched,dprm_rollout,1,0.15,8a4f20d215a3b9a1,"[[0, 1, 2, 3, 4, 5, 6, 7, 8, 9, 10, 11]]",4.8945686971641535,-0.0,0.0,-1.0479000627498898,,0.0,0.11175566625148928,0.11175566625148928,4.8945686971641535,-0.0033625876280282724,1.0225420130038452,"{""4"": 22, ""3"": 23, ""2"": 21}",0.11175566625148928,0.11175480080858183,64.20041880721745,1e-05,True,40,development_isotonic_frozen
s1-i7,development,1,random_matched,subset_exact,1,0.15,8a4f20d215a3b9a1,"[[0, 1, 2, 3, 4, 5, 6, 7, 8, 9, 10, 11]]",4.8945686971641535,-0.0,0.0,-1.0479000627498898,,0.0,0.11175566625148928,0.11175566625148928,4.8945686971641535,-0.0033625876280282724,1.0225420130038452,"{""4"": 22, ""3"": 23, ""2"": 21}",0.11175566625148928,0.11175480080858183,64.20041880721745,1e-05,True,40,development_isotonic_frozen
s1-i7,development,1,random_matched,subset_beam_8,1,0.15,8a4f20d215a3b9a1,"[[0, 1, 2, 3, 4, 5, 6, 7, 8, 9, 10, 11]]",4.8945686971641535,-0.0,0.0,-1.0479000627498898,,0.0,0.11175566625148928,0.11175566625148928,4.8945686971641535,-0.0033625876280282724,1.0225420130038452,"{""4"": 22, ""3"": 23, ""2"": 21}",0.11175566625148928,0.11175480080858183,64.20041880721745,1e-05,True,40,development_isotonic_frozen
s1-i7,development,1,random_matched,subset_beam_32,1,0.15,8a4f20d215a3b9a1,"[[0, 1, 2, 3, 4, 5, 6, 7, 8, 9, 10, 11]]",4.8945686971641535,-0.0,0.0,-1.0479000627498898,,0.0,0.11175566625148928,0.11175566625148928,4.8945686971641535,-0.0033625876280282724,1.0225420130038452,"{""4"": 22, ""3"": 23, ""2"": 21}",0.11175566625148928,0.11175480080858183,64.20041880721745,1e-05,True,40,development_isotonic_frozen
s1-i7,development,1,random_matched,saps_diagonal,1,0.15,8a4f20d215a3b9a1,"[[0, 1, 2, 3, 4, 5, 6, 7, 8, 9, 10, 11]]",4.8945686971641535,-0.0,0.0,-1.0479000627498898,,0.0,0.11175566625148928,0.11175566625148928,4.8945686971641535,-0.0033625876280282724,1.0225420130038452,"{""4"": 22, ""3"": 23, ""2"": 21}",0.11175566625148928,0.11175480080858183,64.20041880721745,1e-05,True,40,development_isotonic_frozen
s1-i7,development,1,random_matched,p_saps_residualized,1,0.15,8a4f20d215a3b9a1,"[[0, 1, 2, 3, 4, 5, 6, 7, 8, 9, 10, 11]]",4.8945686971641535,-0.0,0.0,-1.0479000627498898,,0.0,0.11175566625148928,0.11175566625148928,4.8945686971641535,-0.0033625876280282724,1.0225420130038452,"{""4"": 22, ""3"": 23, ""2"": 21}",0.11175566625148928,0.11175480080858183,64.20041880721745,1e-05,True,40,development_isotonic_frozen
s1-i7,development,1,random_matched,p_saps_projection,1,0.15,8a4f20d215a3b9a1,"[[0, 1, 2, 3, 4, 5, 6, 7, 8, 9, 10, 11]]",4.8945686971641535,-0.0,0.0,-1.0479000627498898,,0.0,0.11175566625148928,0.11175566625148928,4.8945686971641535,-0.0033625876280282724,1.0225420130038452,"{""4"": 22, ""3"": 23, ""2"": 21}",0.11175566625148928,0.11175480080858183,64.20041880721745,1e-05,True,40,development_isotonic_frozen
s1-i7,development,1,random_matched,b_saps_budgeted,1,0.15,8a4f20d215a3b9a1,"[[0, 1, 2, 3, 4, 5, 6, 7, 8, 9, 10, 11]]",4.8945686971641535,-0.0,0.0,-1.0479000627498898,,0.0,0.11175566625148928,0.11175566625148928,4.8945686971641535,-0.0033625876280282724,1.0225420130038452,"{""4"": 22, ""3"": 23, ""2"": 21}",0.11175566625148928,0.11175480080858183,64.20041880721745,1e-05,True,40,development_isotonic_frozen
s1-i7,development,1,random_matched,random_balanced,2,0.01,44495be19d2e826a,"[[0, 2, 5, 6, 8, 9], [1, 3, 4, 7, 10, 11]]",1.9931547043515596,-0.28919115043462856,0.516763169971054,-0.6268244534569042,,24.0,0.19307900110768045,0.19307900110768045,2.0960978594114756,0.0,0.008053287869140698,"{""2"": 34, ""1"": 24, ""3"": 8}",0.19307900110768045,0.19306446021448587,60.215844723569646,1e-05,True,40,development_isotonic_frozen
s1-i7,development,1,random_matched,confidence,2,0.01,c1102d9d74c3bb9b,"[[0, 1, 3, 4, 9, 10], [2, 5, 6, 7, 8, 11]]",1.9931547043515596,-0.20193701427107427,0.6238202323244948,-0.7523098820442948,,29.0,0.16982279821128302,0.16982279821128302,2.0960978594114756,9.838275178868051e-05,-0.004513996704833016,"{""1"": 29, ""2"": 29, ""3"": 8}",0.16982279821128302,0.169817978519736,41.70730023452246,1e-05,True,40,development_isotonic_frozen
s1-i7,development,1,random_matched,entropy,2,0.01,1db85951ab9db34b,"[[1, 2, 3, 4, 9, 10], [0, 5, 6, 7, 8, 11]]",1.9931547043515596,-0.20423889661856598,0.625256727523173,-0.30962496336060913,,28.0,0.10696790634393541,0.10696790634393541,1.951539386348615,3.862884495013333e-07,0.008053287869140698,"{""1"": 28, ""2"": 26, ""3"": 10, ""4"": 2}",0.10696790634393541,0.10657045981829202,41.091788033373454,1e-05,True,40,development_isotonic_frozen
s1-i7,development,1,random_matched,dependency_cmi,2,0.01,4ecc5063c2fcf500,"[[2, 7, 8, 9, 10, 11], [0, 1, 3, 4, 5, 6]]",1.9931547043515596,-0.2774603429829409,0.5442484854650648,-0.3098129042269374,,22.0,0.19055815905895965,0.19055815905895965,1.8069809132857546,0.002059242574470144,0.028287937482094523,"{""3"": 14, ""2"": 28, ""1"": 22, ""4"": 2}",0.19055815905895965,0.19055434185905773,63.22630422815304,1e-05,True,40,development_isotonic_frozen
s1-i7,development,1,random_matched,min_within_batch_tc,2,0.01,8a63b1f4fe531562,"[[6, 7, 8, 9, 10, 11], [0, 1, 2, 3, 4, 5]]",1.9931547043515596,-0.2847922084294791,0.5353147092853611,-0.5842524085235027,,19.0,0.13423480553947825,0.13423480553947825,1.7708412950200396,0.0,0.0,"{""4"": 3, ""3"": 14, ""2"": 30, ""1"": 19}",0.13423480553947825,0.13400178950925895,64.33094718025765,1e-05,True,40,development_isotonic_frozen
s1-i7,development,1,random_matched,dprm_myopic,2,0.01,a64d97ed451aaa21,"[[1, 2, 3, 4, 6, 9], [0, 5, 7, 8, 10, 11]]",1.9931547043515596,-0.2337481951470065,0.5882653971145128,-0.3648467192866905,,33.0,0.10240923194823309,0.10240923194823309,2.1322374776771906,0.0,0.003539291164307682,"{""1"": 33, ""2"": 26, ""4"": 1, ""3"": 6}",0.10240923194823309,0.10240718733656086,36.586382521146284,1e-05,True,40,development_isotonic_frozen
s1-i7,development,1,random_matched,dprm_rollout,2,0.01,98176f981b202ab1,"[[1, 2, 4, 6, 8, 10], [0, 3, 5, 7, 9, 11]]",1.9931547043515596,-0.23901810601371665,0.5931196221522969,-0.3376323415561725,,34.0,0.09885215650451683,0.09885215650451683,2.0960978594114756,0.0,0.008053287869140698,"{""1"": 34, ""2"": 24, ""3"": 7, ""4"": 1}",0.09885215650451683,0.09884779731409393,42.666666357047966,1e-05,True,40,development_isotonic_frozen
s1-i7,development,1,random_matched,subset_exact,2,0.01,44e0d9751182f8bc,"[[1, 3, 4, 6, 8, 10], [0, 2, 5, 7, 9, 11]]",1.9931547043515596,-0.22194924738313118,0.6116930946946159,-0.6221668406355181,,35.0,0.17697633793205553,0.17697633793205553,2.05995824114576,0.0,0.0,"{""2"": 22, ""1"": 35, ""3"": 8, ""4"": 1}",0.17697633793205553,0.1767795946649861,46.087820125735156,1e-05,True,40,development_isotonic_frozen
s1-i7,development,1,random_matched,subset_beam_8,2,0.01,44e0d9751182f8bc,"[[1, 3, 4, 6, 8, 10], [0, 2, 5, 7, 9, 11]]",1.9931547043515596,-0.22194924738313118,0.6116930946946159,-0.6221668406355181,,35.0,0.17697633793205553,0.17697633793205553,2.05995824114576,0.0,0.0,"{""2"": 22, ""1"": 35, ""3"": 8, ""4"": 1}",0.17697633793205553,0.1767795946649861,46.087820125735156,1e-05,True,40,development_isotonic_frozen
s1-i7,development,1,random_matched,subset_beam_32,2,0.01,44e0d9751182f8bc,"[[1, 3, 4, 6, 8, 10], [0, 2, 5, 7, 9, 11]]",1.9931547043515596,-0.22194924738313118,0.6116930946946159,-0.6221668406355181,,35.0,0.17697633793205553,0.17697633793205553,2.05995824114576,0.0,0.0,"{""2"": 22, ""1"": 35, ""3"": 8, ""4"": 1}",0.17697633793205553,0.1767795946649861,46.087820125735156,1e-05,True,40,development_isotonic_frozen
s1-i7,development,1,random_matched,saps_diagonal,2,0.01,017c41fad05e373e,"[[2, 3, 5, 8, 9, 10], [0, 1, 4, 6, 7, 11]]",1.9931547043515596,-0.24491487562309425,0.5737644681207114,-0.5059142507742318,,37.0,0.16133449382392032,0.16133449382392032,1.951539386348615,0.0,0.0035392911643076816,"{""3"": 11, ""2"": 17, ""1"": 37, ""4"": 1}",0.16133449382392032,0.16133113021118667,54.88045194297302,1e-05,True,40,development_isotonic_frozen
s1-i7,development,1,random_matched,p_saps_residualized,2,0.01,e99566b3fd24fdb7,"[[0, 2, 4, 5, 8, 9], [1, 3, 6, 7, 10, 11]]",1.9931547043515596,-0.26898232088936036,0.5484717217759986,-0.5006419818130711,,25.0,0.16794638733033734,0.16794638733033734,2.1322374776771906,0.0,0.0035392911643076816,"{""1"": 25, ""2"": 34, ""3"": 7}",0.16794638733033734,0.16794214631046778,62.886581996174804,1e-05,True,80,development_isotonic_frozen
s1-i7,development,1,random_matched,p_saps_projection,2,0.01,1270e66009a222d5,"[[0, 2, 3, 6, 7, 11], [1, 4, 5, 8, 9, 10]]",1.9931547043515596,-0.28087758605029167,0.5316055537403627,-0.4387369803916473,,25.0,0.2196093722014428,0.2196093722014428,1.7708412950200396,0.0,0.008053287869140698,"{""2"": 24, ""3"": 16, ""1"": 25, ""4"": 1}",0.2196093722014428,0.21959325594414703,55.01411627962906,1e-05,True,640,development_isotonic_frozen
s1-i7,development,1,random_matched,b_saps_budgeted,2,0.01,529fa9c9df4052ae,"[[0, 1, 2, 5, 8, 11], [3, 4, 6, 7, 9, 10]]",1.9931547043515596,-0.2779511408503027,0.5361439270768039,-0.6866568078794387,,30.0,0.10055201490743418,0.10055201490743418,2.312935569005766,0.0,-0.9919467121308593,"{""1"": 30, ""2"": 34, ""3"": 1, ""4"": 1}",0.10055201490743418,0.10055097821439593,45.485259184662155,1e-05,True,40,development_isotonic_frozen
s1-i7,development,1,random_matched,random_balanced,2,0.05,44495be19d2e826a,"[[0, 2, 5, 6, 8, 9], [1, 3, 4, 7, 10, 11]]",5.200661158638015,-0.28919115043462856,0.516763169971054,-0.6268244534569042,,24.0,0.19307900110768045,0.19307900110768045,5.3764851270522405,7.3024757676837985e-06,0.028778165861775003,"{""2"": 34, ""1"": 24, ""3"": 8}",0.19307900110768045,0.19306446021448587,60.215844723569646,1e-05,True,40,development_isotonic_frozen
s1-i7,development,1,random_matched,confidence,2,0.05,c1102d9d74c3bb9b,"[[0, 1, 3, 4, 9, 10], [2, 5, 6, 7, 8, 11]]",5.200661158638015,-0.20193701427107427,0.6238202323244948,-0.7523098820442948,,29.0,0.16982279821128302,0.16982279821128302,5.507163448053698,8.932874334715785e-06,-0.014006597977916164,"{""1"": 29, ""2"": 29, ""3"": 8}",0.16982279821128302,0.169817978519736,41.70730023452246,1e-05,True,40,development_isotonic_frozen
s1-i7,development,1,random_matched,entropy,2,0.05,1db85951ab9db34b,"[[1, 2, 3, 4, 9, 10], [0, 5, 6, 7, 8, 11]]",5.200661158638015,-0.20423889661856598,0.625256727523173,-0.30962496336060913,,28.0,0.10696790634393541,0.10696790634393541,5.153494736526149,5.095544450179015e-06,-0.0017049380303928545,"{""1"": 28, ""2"": 26, ""3"": 10, ""4"": 2}",0.10696790634393541,0.10657045981829202,41.091788033373454,1e-05,True,40,development_isotonic_frozen
s1-i7,development,1,random_matched,dependency_cmi,2,0.05,4ecc5063c2fcf500,"[[2, 7, 8, 9, 10, 11], [0, 1, 3, 4, 5, 6]]",5.200661158638015,-0.2774603429829409,0.5442484854650648,-0.3098129042269374,,22.0,0.19055815905895965,0.19055815905895965,4.669147703997141,0.0,0.009924152950141292,"{""3"": 14, ""2"": 28, ""1"": 22, ""4"": 2}",0.19055815905895965,0.19055434185905773,63.22630422815304,1e-05,True,40,development_isotonic_frozen
s1-i7,development,1,random_matched,min_within_batch_tc,2,0.05,8a63b1f4fe531562,"[[6, 7, 8, 9, 10, 11], [0, 1, 2, 3, 4, 5]]",5.200661158638015,-0.2847922084294791,0.5353147092853611,-0.5842524085235027,,19.0,0.13423480553947825,0.13423480553947825,4.508857449564451,2.8183642512873974e-06,1.0099241529501413,"{""4"": 3, ""3"": 14, ""2"": 30, ""1"": 19}",0.13423480553947825,0.13400178950925895,64.33094718025765,1e-05,True,40,development_isotonic_frozen
s1-i7,development,1,random_matched,dprm_myopic,2,0.05,a64d97ed451aaa21,"[[1, 2, 3, 4, 6, 9], [0, 5, 7, 8, 10, 11]]",5.200661158638015,-0.2337481951470065,0.5882653971145128,-0.3648467192866905,,33.0,0.10240923194823309,0.10240923194823309,5.6935893666866795,-4.8989839947860026e-05,-0.0075438144127718074,"{""1"": 33, ""2"": 26, ""4"": 1, ""3"": 6}",0.10240923194823309,0.10240718733656086,36.586382521146284,1e-05,True,40,development_isotonic_frozen
s1-i7,development,1,random_matched,dprm_rollout,2,0.05,86cb1876fca6ee6d,"[[0, 2, 4, 7, 10, 11], [1, 3, 5, 6, 8, 9]]",5.200661158638015,-0.2555601820537066,0.5727981872319451,-0.3105264048519101,,26.0,0.13008454712970557,0.13008454712970557,4.855573622630122,1.2388724151923758e-05,0.03585893452491404,"{""1"": 26, ""2"": 25, ""4"": 1, ""3"": 14}",0.13008454712970557,0.1284694596250031,64.08553034541355,1e-05,True,40,development_isotonic_frozen
s1-i7,development,1,random_matched,subset_exact,2,0.05,23e64cbc93eea36d,"[[1, 2, 6, 7, 8, 9], [0, 3, 4, 5, 10, 11]]",5.200661158638015,-0.28016506841629674,0.5325336934066311,-0.24711971767476107,,27.0,0.12601651091667532,0.12601651091667532,5.373008857821301,0.0,-0.00804732907984723,"{""2"": 30, ""1"": 27, ""3"": 9}",0.12601651091667532,0.12347896916721646,45.262310659172726,1e-05,True,40,development_isotonic_frozen
s1-i7,development,1,random_matched,subset_beam_8,2,0.05,23e64cbc93eea36d,"[[1, 2, 6, 7, 8, 9], [0, 3, 4, 5, 10, 11]]",5.200661158638015,-0.28016506841629674,0.5325336934066311,-0.24711971767476107,,27.0,0.12601651091667532,0.12601651091667532,5.373008857821301,0.0,-0.00804732907984723,"{""2"": 30, ""1"": 27, ""3"": 9}",0.12601651091667532,0.12347896916721646,45.262310659172726,1e-05,True,40,development_isotonic_frozen
s1-i7,development,1,random_matched,subset_beam_32,2,0.05,23e64cbc93eea36d,"[[1, 2, 6, 7, 8, 9], [0, 3, 4, 5, 10, 11]]",5.200661158638015,-0.28016506841629674,0.5325336934066311,-0.24711971767476107,,27.0,0.12601651091667532,0.12601651091667532,5.373008857821301,0.0,-0.00804732907984723,"{""2"": 30, ""1"": 27, ""3"": 9}",0.12601651091667532,0.12347896916721646,45.262310659172726,1e-05,True,40,development_isotonic_frozen
s1-i7,development,1,random_matched,saps_diagonal,2,0.05,017c41fad05e373e,"[[2, 3, 5, 8, 9, 10], [0, 1, 4, 6, 7, 11]]",5.200661158638015,-0.24491487562309425,0.5737644681207114,-0.5059142507742318,,37.0,0.16133449382392032,0.16133449382392032,5.388715714328773,-0.00028048532175897756,0.043601610219214805,"{""3"": 11, ""2"": 17, ""1"": 37, ""4"": 1}",0.16133449382392032,0.16133113021118667,54.88045194297302,1e-05,True,40,development_isotonic_frozen
s1-i7,development,1,random_matched,p_saps_residualized,2,0.05,e99566b3fd24fdb7,"[[0, 2, 4, 5, 8, 9], [1, 3, 6, 7, 10, 11]]",5.200661158638015,-0.26898232088936036,0.5484717217759986,-0.5006419818130711,,25.0,0.16794638733033734,0.16794638733033734,5.484504053084346,-2.4542058628306867e-05,0.025861119838142627,"{""1"": 25, ""2"": 34, ""3"": 7}",0.16794638733033734,0.16794214631046778,62.886581996174804,1e-05,True,80,development_isotonic_frozen
s1-i7,development,1,random_matched,p_saps_projection,2,0.05,1270e66009a222d5,"[[0, 2, 3, 6, 7, 11], [1, 4, 5, 8, 9, 10]]",5.200661158638015,-0.28087758605029167,0.5316055537403627,-0.4387369803916473,,25.0,0.2196093722014428,0.2196093722014428,4.665671434766201,-2.2729105356625458e-05,-0.03533158549377295,"{""2"": 24, ""3"": 16, ""1"": 25, ""4"": 1}",0.2196093722014428,0.21959325594414703,55.01411627962906,1e-05,True,640,development_isotonic_frozen
s1-i7,development,1,random_matched,b_saps_budgeted,2,0.05,529fa9c9df4052ae,"[[0, 1, 2, 5, 8, 11], [3, 4, 6, 7, 9, 10]]",5.200661158638015,-0.2779511408503027,0.5361439270768039,-0.6866568078794387,,30.0,0.10055201490743418,0.10055201490743418,6.024598683244877,-1.807909968525826e-05,0.018854012911633713,"{""1"": 30, ""2"": 34, ""3"": 1, ""4"": 1}",0.10055201490743418,0.10055097821439593,45.485259184662155,1e-05,True,40,development_isotonic_frozen
s1-i7,development,1,random_matched,random_balanced,2,0.15,44495be19d2e826a,"[[0, 2, 5, 6, 8, 9], [1, 3, 4, 7, 10, 11]]",11.475190495451809,-0.28919115043462856,0.516763169971054,-0.6268244534569042,,24.0,0.19307900110768045,0.19307900110768045,12.024062233729573,0.0012662952450198483,1.060830651471086,"{""2"": 34, ""1"": 24, ""3"": 8}",0.19307900110768045,0.19306446021448587,60.215844723569646,1e-05,True,40,development_isotonic_frozen
s1-i7,development,1,random_matched,confidence,2,0.15,c1102d9d74c3bb9b,"[[0, 1, 3, 4, 9, 10], [2, 5, 6, 7, 8, 11]]",11.475190495451809,-0.20193701427107427,0.6238202323244948,-0.7523098820442948,,29.0,0.16982279821128302,0.16982279821128302,12.024062233729573,-0.0032138712804907236,1.0186063869444997,"{""1"": 29, ""2"": 29, ""3"": 8}",0.16982279821128302,0.169817978519736,41.70730023452246,1e-05,True,40,development_isotonic_frozen
s1-i7,development,1,random_matched,entropy,2,0.15,1db85951ab9db34b,"[[1, 2, 3, 4, 9, 10], [0, 5, 6, 7, 8, 11]]",11.475190495451809,-0.20423889661856598,0.625256727523173,-0.30962496336060913,,28.0,0.10696790634393541,0.10696790634393541,11.2533061757225,1.9217545684924e-05,1.025485484542026,"{""1"": 28, ""2"": 26, ""3"": 10, ""4"": 2}",0.10696790634393541,0.10657045981829202,41.091788033373454,1e-05,True,40,development_isotonic_frozen
s1-i7,development,1,random_matched,dependency_cmi,2,0.15,4ecc5063c2fcf500,"[[2, 7, 8, 9, 10, 11], [0, 1, 3, 4, 5, 6]]",11.475190495451809,-0.2774603429829409,0.5442484854650648,-0.3098129042269374,,22.0,0.19055815905895965,0.19055815905895965,10.482550117715428,1.1783912999643377e-05,1.001803848723816,"{""3"": 14, ""2"": 28, ""1"": 22, ""4"": 2}",0.19055815905895965,0.19055434185905773,63.22630422815304,1e-05,True,40,development_isotonic_frozen
s1-i7,development,1,random_matched,min_within_batch_tc,2,0.15,8a63b1f4fe531562,"[[6, 7, 8, 9, 10, 11], [0, 1, 2, 3, 4, 5]]",11.475190495451809,-0.2847922084294791,0.5353147092853611,-0.5842524085235027,,19.0,0.13423480553947825,0.13423480553947825,10.28986110321366,0.001092397177475429,-0.013393565415601461,"{""4"": 3, ""3"": 14, ""2"": 30, ""1"": 19}",0.13423480553947825,0.13400178950925895,64.33094718025765,1e-05,True,40,development_isotonic_frozen
s1-i7,development,1,random_matched,dprm_myopic,2,0.15,a64d97ed451aaa21,"[[1, 2, 3, 4, 6, 9], [0, 5, 7, 8, 10, 11]]",11.475190495451809,-0.2337481951470065,0.5882653971145128,-0.3648467192866905,,33.0,0.10240923194823309,0.10240923194823309,12.21675124823134,0.0001365972932316457,1.0354320637523713,"{""1"": 33, ""2"": 26, ""4"": 1, ""3"": 6}",0.10240923194823309,0.10240718733656086,36.586382521146284,1e-05,True,40,development_isotonic_frozen
s1-i7,development,1,random_matched,dprm_rollout,2,0.15,7be403d1ba54ca7f,"[[0, 1, 3, 4, 7, 10], [2, 5, 6, 8, 9, 11]]",11.475190495451809,-0.2116867503280364,0.6166481981244906,-0.7479674391563801,,25.0,0.17132654342846126,0.17132654342846126,12.21675124823134,-1.595533461622311e-05,1.0128501087392625,"{""1"": 25, ""3"": 7, ""2"": 34}",0.17132654342846126,0.17132334960499618,40.07700001616033,1e-05,True,40,development_isotonic_frozen
s1-i7,development,1,random_matched,subset_exact,2,0.15,a5862e212a7d8980,"[[0, 3, 5, 6, 9, 11], [1, 2, 4, 7, 8, 10]]",11.475190495451809,-0.27410631367341826,0.5331971116230022,-0.21492144142904185,,24.0,0.13109854002154275,0.13109854002154275,11.445995190224268,-0.00017340785609201104,0.0441661864928824,"{""3"": 11, ""2"": 31, ""1"": 24}",0.13109854002154275,0.13106142636787838,54.79670739993315,1e-05,True,40,development_isotonic_frozen
s1-i7,development,1,random_matched,subset_beam_8,2,0.15,199751485bb288e6,"[[0, 2, 3, 5, 7, 9], [1, 4, 6, 8, 10, 11]]",11.475190495451809,-0.26416167709644,0.541728241141926,-0.46376862896507803,,32.0,0.21176021121057573,0.21176021121057573,12.024062233729573,-8.30571765817557e-05,0.02286799490662289,"{""2"": 26, ""3"": 6, ""1"": 32, ""4"": 2}",0.21176021121057573,0.21174534878377474,53.9528286201218,1e-05,True,40,development_isotonic_frozen
s1-i7,development,1,random_matched,subset_beam_32,2,0.15,a5862e212a7d8980,"[[0, 3, 5, 6, 9, 11], [1, 2, 4, 7, 8, 10]]",11.475190495451809,-0.27410631367341826,0.5331971116230022,-0.21492144142904185,,24.0,0.13109854002154275,0.13109854002154275,11.445995190224268,-0.00017340785609201104,0.0441661864928824,"{""3"": 11, ""2"": 31, ""1"": 24}",0.13109854002154275,0.13106142636787838,54.79670739993315,1e-05,True,40,development_isotonic_frozen
s1-i7,development,1,random_matched,saps_diagonal,2,0.15,017c41fad05e373e,"[[2, 3, 5, 8, 9, 10], [0, 1, 4, 6, 7, 11]]",11.475190495451809,-0.24491487562309425,0.5737644681207114,-0.5059142507742318,,37.0,0.16133449382392032,0.16133449382392032,11.2533061757225,-0.0006019244185217139,1.040772722977286,"{""3"": 11, ""2"": 17, ""1"": 37, ""4"": 1}",0.16133449382392032,0.16133113021118667,54.88045194297302,1e-05,True,40,development_isotonic_frozen
s1-i7,development,1,random_matched,p_saps_residualized,2,0.15,e99566b3fd24fdb7,"[[0, 2, 4, 5, 8, 9], [1, 3, 6, 7, 10, 11]]",11.475190495451809,-0.26898232088936036,0.5484717217759986,-0.5006419818130711,,25.0,0.16794638733033734,0.16794638733033734,12.21675124823134,0.0,0.008959491074544468,"{""1"": 25, ""2"": 34, ""3"": 7}",0.16794638733033734,0.16794214631046778,62.886581996174804,1e-05,True,80,development_isotonic_frozen
s1-i7,development,1,random_matched,p_saps_projection,2,0.15,1270e66009a222d5,"[[0, 2, 3, 6, 7, 11], [1, 4, 5, 8, 9, 10]]",11.475190495451809,-0.28087758605029167,0.5316055537403627,-0.4387369803916473,,25.0,0.2196093722014428,0.2196093722014428,10.28986110321366,8.89139579713914e-05,0.040904364311028445,"{""2"": 24, ""3"": 16, ""1"": 25, ""4"": 1}",0.2196093722014428,0.21959325594414703,55.01411627962906,1e-05,True,640,development_isotonic_frozen
s1-i7,development,1,random_matched,b_saps_budgeted,2,0.15,529fa9c9df4052ae,"[[0, 1, 2, 5, 8, 11], [3, 4, 6, 7, 9, 10]]",11.475190495451809,-0.2779511408503027,0.5361439270768039,-0.6866568078794387,,30.0,0.10055201490743418,0.10055201490743418,13.180196320740182,-0.002057996714750987,1.0124176654371853,"{""1"": 30, ""2"": 34, ""3"": 1, ""4"": 1}",0.10055201490743418,0.10055097821439593,45.485259184662155,1e-05,True,40,development_isotonic_frozen
s1-i7,development,1,random_matched,random_balanced,3,0.01,14b81e108372a101,"[[2, 5, 6, 8], [0, 4, 9, 11], [1, 3, 7, 10]]",2.2579595436439814,-0.580169726305421,1.0509682232268032,-0.508140932527767,,37.0,0.14220709796391484,0.14220709796391484,2.240656332474336,0.0,0.008053287869140698,"{""1"": 37, ""2"": 25, ""3"": 4}",0.14220709796391484,0.14198990018454222,51.05108378207219,1e-05,True,40,development_isotonic_frozen
s1-i7,development,1,random_matched,confidence,3,0.01,80a97276fa352f51,"[[1, 3, 4, 10], [0, 2, 5, 9], [6, 7, 8, 11]]",2.2579595436439814,-0.41098295998723616,1.2447872658760353,-0.44301522099919544,,41.0,0.1504168429296781,0.1504168429296781,2.276795950740051,0.0,-0.00804732907984723,"{""2"": 22, ""1"": 41, ""3"": 3}",0.1504168429296781,0.15041410811328731,35.35413823036754,1e-05,True,40,development_isotonic_frozen
s1-i7,development,1,random_matched,entropy,3,0.01,80a97276fa352f51,"[[1, 3, 4, 10], [0, 2, 5, 9], [6, 7, 8, 11]]",2.2579595436439814,-0.41098295998723616,1.2447872658760353,-0.44301522099919544,,41.0,0.1504168429296781,0.1504168429296781,2.276795950740051,0.0,-0.00804732907984723,"{""2"": 22, ""1"": 41, ""3"": 3}",0.1504168429296781,0.15041410811328731,35.35413823036754,1e-05,True,40,development_isotonic_frozen
s1-i7,development,1,random_matched,dependency_cmi,3,0.01,20b2c4369831419a,"[[2, 7, 9, 10], [1, 6, 8, 11], [0, 3, 4, 5]]",2.2579595436439814,-0.5268980784168155,1.1107603720952381,-0.034519690213293666,,38.0,0.14770874986457372,0.14770874986457372,2.240656332474336,0.0,-0.9762260592227385,"{""2"": 24, ""1"": 38, ""3"": 4}",0.14770874986457372,0.1465952036574354,51.00859964909255,1e-05,True,40,development_isotonic_frozen
s1-i7,development,1,random_matched,min_within_batch_tc,3,0.01,a037d60c96428c8a,"[[7, 9, 10, 11], [0, 4, 5, 8], [1, 2, 3, 6]]",2.2579595436439814,-0.534170403299229,1.110175414033913,-0.17755355697463945,,31.0,0.13942691574868268,0.13942691574868268,2.2045167142086206,0.0,0.0,"{""2"": 30, ""1"": 31, ""3"": 5}",0.13942691574868268,0.139409848309758,56.182897379438174,1e-05,True,40,development_isotonic_frozen
s1-i7,development,1,random_matched,dprm_myopic,3,0.01,56c5a944df794fed,"[[2, 3, 4, 6], [0, 1, 9, 10], [5, 7, 8, 11]]",2.2579595436439814,-0.461116311607316,1.1872262671397655,-0.318595505705814,,44.0,0.17965465241579784,0.17965465241579784,2.1683770959429056,-6.911989114391791e-05,-0.023397734927018576,"{""2"": 16, ""1"": 44, ""3"": 6}",0.17965465241579784,0.17964748821065296,36.97743730803568,1e-05,True,40,development_isotonic_frozen
s1-i7,development,1,random_matched,dprm_rollout,3,0.01,61142dcf4d4f7fdd,"[[1, 2, 4, 6], [0, 7, 8, 10], [3, 5, 9, 11]]",2.2579595436439814,-0.4972830135007791,1.1542030173258084,-0.2400772258961874,,45.0,0.09345202701908216,0.09345202701908216,2.349075187271481,0.0,0.023773940777261512,"{""1"": 45, ""2"": 20, ""3"": 1}",0.09345202701908216,0.09345069450700229,45.37202858899728,1e-05,True,40,development_isotonic_frozen
s1-i7,development,1,random_matched,subset_exact,3,0.01,0373ba47069895fd,"[[1, 4, 6, 10], [0, 2, 3, 5], [7, 8, 9, 11]]",2.2579595436439814,-0.44454413492840533,1.209637023320041,-0.4013737644324245,,47.0,0.1276241969199764,0.1276241969199764,2.276795950740051,8.142584257034427e-05,0.0005035146670754227,"{""2"": 16, ""1"": 47, ""3"": 3}",0.1276241969199764,0.12762153521894326,36.99493585111312,1e-05,True,40,development_isotonic_frozen
s1-i7,development,1,random_matched,subset_beam_8,3,0.01,903b73412179e1f4,"[[1, 3, 8, 10], [0, 2, 4, 5], [6, 7, 9, 11]]",2.2579595436439814,-0.44278830930451285,1.211461994607355,-0.47290873086724644,,47.0,0.1950714070706468,0.1950714070706468,2.2045167142086206,0.0,0.0,"{""3"": 5, ""2"": 14, ""1"": 47}",0.1950714070706468,0.1950691266444295,35.06670214888816,1e-05,True,40,development_isotonic_frozen
s1-i7,development,1,random_matched,subset_beam_32,3,0.01,903b73412179e1f4,"[[1, 3, 8, 10], [0, 2, 4, 5], [6, 7, 9, 11]]",2.2579595436439814,-0.44278830930451285,1.211461994607355,-0.47290873086724644,,47.0,0.1950714070706468,0.1950714070706468,2.2045167142086206,0.0,0.0,"{""3"": 5, ""2"": 14, ""1"": 47}",0.1950714070706468,0.1950691266444295,35.06670214888816,1e-05,True,40,development_isotonic_frozen
s1-i7,development,1,random_matched,saps_diagonal,3,0.01,ccfa5759233d2b61,"[[0, 1, 5, 8], [2, 4, 10, 11], [3, 6, 7, 9]]",2.2579595436439814,-0.5103139627500781,1.1311803538927618,-0.24233103223130023,,56.0,0.10189173879042171,0.10189173879042171,2.312935569005766,0.0,-0.006265514825204209,"{""2"": 8, ""1"": 56, ""3"": 1, ""4"": 1}",0.10189173879042171,0.10188662170931526,49.52261409075876,1e-05,True,40,development_isotonic_frozen
s1-i7,development,1,random_matched,p_saps_residualized,3,0.01,1195005cd6c44d77,"[[1, 4, 7, 11], [0, 2, 5, 9], [3, 6, 8, 10]]",2.2579595436439814,-0.5263856882309116,1.1184792394720995,-0.45767446275201473,,41.0,0.1605026324701253,0.1605026324701253,2.240656332474336,0.0,0.0005035146670754227,"{""2"": 21, ""1"": 41, ""3"": 4}",0.1605026324701253,0.16050136869076612,46.95843082132509,1e-05,True,80,development_isotonic_frozen
s1-i7,development,1,random_matched,p_saps_projection,3,0.01,5c69ffc7c58e4172,"[[0, 6, 9, 10], [1, 3, 4, 5], [2, 7, 8, 11]]",2.2579595436439814,-0.46773269716981897,1.1656278193393874,-0.13907075268467897,,42.0,0.18408204359805558,0.18408204359805558,2.2045167142086206,4.514591422278231e-07,0.0035669954793640106,"{""1"": 42, ""2"": 19, ""4"": 1, ""3"": 4}",0.18408204359805558,0.18408018021718148,40.366122922901994,1e-05,True,640,development_isotonic_frozen
s1-i7,development,1,random_matched,b_saps_budgeted,3,0.01,253e1fadf627c6d5,"[[2, 5, 6, 8], [0, 1, 9, 11], [3, 4, 7, 10]]",2.2579595436439814,-0.5767760390789612,1.0454098160668328,-0.5368675383263349,,40.0,0.14049741958808143,0.14049741958808143,2.385214805537196,0.0,-0.9919467121308593,"{""1"": 40, ""2"": 26}",0.14049741958808143,0.14046671429082755,48.0949451678501,1e-05,True,40,development_isotonic_frozen
s1-i7,development,1,random_matched,random_balanced,3,0.05,14b81e108372a101,"[[2, 5, 6, 8], [0, 4, 9, 11], [1, 3, 7, 10]]",6.165511861910957,-0.580169726305421,1.0509682232268032,-0.508140932527767,,37.0,0.14220709796391484,0.14220709796391484,6.043781808983289,0.0,-0.008500033941229244,"{""1"": 37, ""2"": 25, ""3"": 4}",0.14220709796391484,0.14198990018454222,51.05108378207219,1e-05,True,40,development_isotonic_frozen
s1-i7,development,1,random_matched,confidence,3,0.05,80a97276fa352f51,"[[1, 3, 4, 10], [0, 2, 5, 9], [6, 7, 8, 11]]",6.165511861910957,-0.41098295998723616,1.2447872658760353,-0.44301522099919544,,41.0,0.1504168429296781,0.1504168429296781,6.23020772761627,-6.587305090147173e-06,0.029165159310853343,"{""2"": 22, ""1"": 41, ""3"": 3}",0.1504168429296781,0.15041410811328731,35.35413823036754,1e-05,True,40,development_isotonic_frozen
s1-i7,development,1,random_matched,entropy,3,0.05,80a97276fa352f51,"[[1, 3, 4, 10], [0, 2, 5, 9], [6, 7, 8, 11]]",6.165511861910957,-0.41098295998723616,1.2447872658760353,-0.44301522099919544,,41.0,0.1504168429296781,0.1504168429296781,6.23020772761627,-6.587305090147173e-06,0.029165159310853343,"{""2"": 22, ""1"": 41, ""3"": 3}",0.1504168429296781,0.15041410811328731,35.35413823036754,1e-05,True,40,development_isotonic_frozen
s1-i7,development,1,random_matched,dependency_cmi,3,0.05,20b2c4369831419a,"[[2, 7, 9, 10], [1, 6, 8, 11], [0, 3, 4, 5]]",6.165511861910957,-0.5268980784168155,1.1107603720952381,-0.034519690213293666,,38.0,0.14770874986457372,0.14770874986457372,6.0699174731835805,0.0,0.042808585174874125,"{""2"": 24, ""1"": 38, ""3"": 4}",0.14770874986457372,0.1465952036574354,51.00859964909255,1e-05,True,40,development_isotonic_frozen
s1-i7,development,1,random_matched,min_within_batch_tc,3,0.05,a037d60c96428c8a,"[[7, 9, 10, 11], [0, 4, 5, 8], [1, 2, 3, 6]]",6.165511861910957,-0.534170403299229,1.110175414033913,-0.17755355697463945,,31.0,0.13942691574868268,0.13942691574868268,5.805084561949725,-2.110655977227136e-05,-0.013319727089092796,"{""2"": 30, ""1"": 31, ""3"": 5}",0.13942691574868268,0.139409848309758,56.182897379438174,1e-05,True,40,development_isotonic_frozen
s1-i7,development,1,random_matched,dprm_myopic,3,0.05,56c5a944df794fed,"[[2, 3, 4, 6], [0, 1, 9, 10], [5, 7, 8, 11]]",6.165511861910957,-0.461116311607316,1.1872262671397655,-0.318595505705814,,44.0,0.17965465241579784,0.17965465241579784,6.062964934721702,-0.002810332324382121,-0.007543814412771809,"{""2"": 16, ""1"": 44, ""3"": 6}",0.17965465241579784,0.17964748821065296,36.97743730803568,1e-05,True,40,development_isotonic_frozen
s1-i7,development,1,random_matched,dprm_rollout,3,0.05,ba223fff5280c026,"[[0, 2, 4, 7], [1, 3, 10, 11], [5, 6, 8, 9]]",6.165511861910957,-0.48942436546364537,1.1613888311274791,-0.17318433811784636,,47.0,0.1373064056692075,0.1373064056692075,6.305138450986205,1.3399022531608332e-05,0.035124428208922275,"{""1"": 47, ""4"": 1, ""2"": 15, ""3"": 3}",0.1373064056692075,0.13730486660021202,37.3374874492,1e-05,True,40,development_isotonic_frozen
s1-i7,development,1,random_matched,subset_exact,3,0.05,5bb22efda551abc3,"[[1, 7, 8, 10], [0, 2, 3, 4], [5, 6, 9, 11]]",6.165511861910957,-0.47272100553391966,1.1815433652909284,-0.22460950043480427,,43.0,0.17184353286809523,0.17184353286809523,6.200595794185039,-1.3725387866927292e-06,0.02383956074874835,"{""3"": 3, ""2"": 19, ""1"": 43, ""4"": 1}",0.17184353286809523,0.17184249791989337,33.962600106386766,1e-05,True,40,development_isotonic_frozen
s1-i7,development,1,random_matched,subset_beam_8,3,0.05,699636cde784c825,"[[2, 6, 8, 11], [1, 3, 4, 10], [0, 5, 7, 9]]",6.165511861910957,-0.5333602454424597,1.1206436787575325,-0.2460694720627097,,44.0,0.19033990474323845,0.19033990474323845,6.226731458385331,0.0,0.04855535834052267,"{""1"": 44, ""2"": 18, ""3"": 4}",0.19033990474323845,0.19032162428459976,36.9387245147781,1e-05,True,40,development_isotonic_frozen
s1-i7,development,1,random_matched,subset_beam_32,3,0.05,699636cde784c825,"[[2, 6, 8, 11], [1, 3, 4, 10], [0, 5, 7, 9]]",6.165511861910957,-0.5333602454424597,1.1206436787575325,-0.2460694720627097,,44.0,0.19033990474323845,0.19033990474323845,6.226731458385331,0.0,0.04855535834052267,"{""1"": 44, ""2"": 18, ""3"": 4}",0.19033990474323845,0.19032162428459976,36.9387245147781,1e-05,True,40,development_isotonic_frozen
s1-i7,development,1,random_matched,saps_diagonal,3,0.05,ccfa5759233d2b61,"[[0, 1, 5, 8], [2, 4, 10, 11], [3, 6, 7, 9]]",6.165511861910957,-0.5103139627500781,1.1311803538927618,-0.24233103223130023,,56.0,0.10189173879042171,0.10189173879042171,6.7041259524524595,-7.562312456625216e-05,0.05027084034645864,"{""2"": 8, ""1"": 56, ""3"": 1, ""4"": 1}",0.10189173879042171,0.10188662170931526,49.52261409075876,1e-05,True,40,development_isotonic_frozen
s1-i7,development,1,random_matched,p_saps_residualized,3,0.05,1195005cd6c44d77,"[[1, 4, 7, 11], [0, 2, 5, 9], [3, 6, 8, 10]]",6.165511861910957,-0.5263856882309116,1.1184792394720995,-0.45767446275201473,,41.0,0.1605026324701253,0.1605026324701253,6.148324465784456,0.0,0.016176571894652325,"{""2"": 21, ""1"": 41, ""3"": 4}",0.1605026324701253,0.16050136869076612,46.95843082132509,1e-05,True,80,development_isotonic_frozen
s1-i7,development,1,random_matched,p_saps_projection,3,0.05,5c69ffc7c58e4172,"[[0, 6, 9, 10], [1, 3, 4, 5], [2, 7, 8, 11]]",6.165511861910957,-0.46773269716981897,1.1656278193393874,-0.13907075268467897,,42.0,0.18408204359805558,0.18408204359805558,6.092576868152933,0.0,-0.023193741217383594,"{""1"": 42, ""2"": 19, ""4"": 1, ""3"": 4}",0.18408204359805558,0.18408018021718148,40.366122922901994,1e-05,True,640,development_isotonic_frozen
s1-i7,development,1,random_matched,b_saps_budgeted,3,0.05,8530c5c9ecd14529,"[[3, 5, 8, 9], [0, 1, 2, 11], [4, 6, 7, 10]]",6.165511861910957,-0.5261460055072066,1.0991335311651456,-0.36370090385688203,,49.0,0.09043278380365939,0.09043278380365939,6.684942826714047,-1.47300503705155e-07,1.0486791341875097,"{""1"": 49, ""2"": 17}",0.09043278380365939,0.09043236755351486,38.65417789631172,1e-05,True,40,development_isotonic_frozen
s1-i7,development,1,random_matched,random_balanced,3,0.15,14b81e108372a101,"[[2, 5, 6, 8], [0, 4, 9, 11], [1, 3, 7, 10]]",12.887075456255673,-0.580169726305421,1.0509682232268032,-0.508140932527767,,37.0,0.14220709796391484,0.14220709796391484,12.794818291736645,0.0,0.01623767710293362,"{""1"": 37, ""2"": 25, ""3"": 4}",0.14220709796391484,0.14198990018454222,51.05108378207219,1e-05,True,40,development_isotonic_frozen
s1-i7,development,1,random_matched,confidence,3,0.15,80a97276fa352f51,"[[1, 3, 4, 10], [0, 2, 5, 9], [6, 7, 8, 11]]",12.887075456255673,-0.41098295998723616,1.2447872658760353,-0.44301522099919544,,41.0,0.1504168429296781,0.1504168429296781,12.987507306238413,-1.8904906299495996e-05,1.0365907457869443,"{""2"": 22, ""1"": 41, ""3"": 3}",0.1504168429296781,0.15041410811328731,35.35413823036754,1e-05,True,40,development_isotonic_frozen
s1-i7,development,1,random_matched,entropy,3,0.15,80a97276fa352f51,"[[1, 3, 4, 10], [0, 2, 5, 9], [6, 7, 8, 11]]",12.887075456255673,-0.41098295998723616,1.2447872658760353,-0.44301522099919544,,41.0,0.1504168429296781,0.1504168429296781,12.987507306238413,-1.8904906299495996e-05,1.0365907457869443,"{""2"": 22, ""1"": 41, ""3"": 3}",0.1504168429296781,0.15041410811328731,35.35413823036754,1e-05,True,40,development_isotonic_frozen
s1-i7,development,1,random_matched,dependency_cmi,3,0.15,20b2c4369831419a,"[[2, 7, 9, 10], [1, 6, 8, 11], [0, 3, 4, 5]]",12.887075456255673,-0.5268980784168155,1.1107603720952381,-0.034519690213293666,,38.0,0.14770874986457372,0.14770874986457372,12.794818291736645,0.0,1.0015143383465506,"{""2"": 24, ""1"": 38, ""3"": 4}",0.14770874986457372,0.1465952036574354,51.00859964909255,1e-05,True,40,development_isotonic_frozen
s1-i7,development,1,random_matched,min_within_batch_tc,3,0.15,a037d60c96428c8a,"[[7, 9, 10, 11], [0, 4, 5, 8], [1, 2, 3, 6]]",12.887075456255673,-0.534170403299229,1.110175414033913,-0.17755355697463945,,31.0,0.13942691574868268,0.13942691574868268,12.602129277234877,-0.00021931530696966224,-0.013393565415601461,"{""2"": 30, ""1"": 31, ""3"": 5}",0.13942691574868268,0.139409848309758,56.182897379438174,1e-05,True,40,development_isotonic_frozen
s1-i7,development,1,random_matched,dprm_myopic,3,0.15,56c5a944df794fed,"[[2, 3, 4, 6], [0, 1, 9, 10], [5, 7, 8, 11]]",12.887075456255673,-0.461116311607316,1.1872262671397655,-0.318595505705814,,44.0,0.17965465241579784,0.17965465241579784,12.409440262733108,0.0006216160242409211,1.0593530347230566,"{""2"": 16, ""1"": 44, ""3"": 6}",0.17965465241579784,0.17964748821065296,36.97743730803568,1e-05,True,40,development_isotonic_frozen
s1-i7,development,1,random_matched,dprm_rollout,3,0.15,c7a43992ad2fdcc5,"[[0, 1, 4, 7], [3, 6, 9, 10], [2, 5, 8, 11]]",12.887075456255673,-0.4681230723975916,1.17644081095227,-0.4842225480229603,,45.0,0.1155902069306847,0.1155902069306847,12.794818291736645,-0.0026633684115028506,-0.0025154856316411105,"{""1"": 45, ""3"": 4, ""2"": 17}",0.1155902069306847,0.11558724349430377,35.74318745005077,1e-05,True,40,development_isotonic_frozen
s1-i7,development,1,random_matched,subset_exact,3,0.15,650ed6f58bf49d31,"[[0, 2, 3, 9], [1, 4, 5, 10], [6, 7, 8, 11]]",12.887075456255673,-0.4581775407280593,1.1740112900121569,-0.18902487948706037,,41.0,0.16686776398348666,0.16686776398348666,12.987507306238413,-0.003024714612223205,0.03312480406230136,"{""2"": 22, ""1"": 41, ""3"": 3}",0.16686776398348666,0.16685854724211777,37.74215554978428,1e-05,True,40,development_isotonic_frozen
s1-i7,development,1,random_matched,subset_beam_8,3,0.15,1d81067352d91296,"[[0, 7, 9, 11], [1, 3, 4, 10], [2, 5, 6, 8]]",12.887075456255673,-0.5091780804972558,1.127972320925818,-0.4468172278281058,,45.0,0.12006247511942701,0.12006247511942701,12.987507306238413,-0.12946718419439673,-0.0025664876335221645,"{""1"": 45, ""2"": 18, ""3"": 3}",0.12006247511942701,0.12006153797737742,38.23512525402027,1e-05,True,40,development_isotonic_frozen
s1-i7,development,1,random_matched,subset_beam_32,3,0.15,650ed6f58bf49d31,"[[0, 2, 3, 9], [1, 4, 5, 10], [6, 7, 8, 11]]",12.887075456255673,-0.4581775407280593,1.1740112900121569,-0.18902487948706037,,41.0,0.16686776398348666,0.16686776398348666,12.987507306238413,-0.003024714612223205,0.03312480406230136,"{""2"": 22, ""1"": 41, ""3"": 3}",0.16686776398348666,0.16685854724211777,37.74215554978428,1e-05,True,40,development_isotonic_frozen
s1-i7,development,1,random_matched,saps_diagonal,3,0.15,ccfa5759233d2b61,"[[0, 1, 5, 8], [2, 4, 10, 11], [3, 6, 7, 9]]",12.887075456255673,-0.5103139627500781,1.1311803538927618,-0.24233103223130023,,56.0,0.10189173879042171,0.10189173879042171,13.180196320740182,2.5548658330739836e-06,1.0587666312674784,"{""2"": 8, ""1"": 56, ""3"": 1, ""4"": 1}",0.10189173879042171,0.10188662170931526,49.52261409075876,1e-05,True,40,development_isotonic_frozen
s1-i7,development,1,random_matched,p_saps_residualized,3,0.15,1195005cd6c44d77,"[[1, 4, 7, 11], [0, 2, 5, 9], [3, 6, 8, 10]]",12.887075456255673,-0.5263856882309116,1.1184792394720995,-0.45767446275201473,,41.0,0.1605026324701253,0.1605026324701253,12.794818291736645,3.976662712335145e-06,0.01779081368832216,"{""2"": 21, ""1"": 41, ""3"": 4}",0.1605026324701253,0.16050136869076612,46.95843082132509,1e-05,True,80,development_isotonic_frozen
s1-i7,development,1,random_matched,p_saps_projection,3,0.15,5c69ffc7c58e4172,"[[0, 6, 9, 10], [1, 3, 4, 5], [2, 7, 8, 11]]",12.887075456255673,-0.46773269716981897,1.1656278193393874,-0.13907075268467897,,42.0,0.18408204359805558,0.18408204359805558,12.602129277234877,-0.0002559268764401632,0.009110427321197025,"{""1"": 42, ""2"": 19, ""4"": 1, ""3"": 4}",0.18408204359805558,0.18408018021718148,40.366122922901994,1e-05,True,640,development_isotonic_frozen
s1-i7,development,1,random_matched,b_saps_budgeted,3,0.15,253e1fadf627c6d5,"[[2, 5, 6, 8], [0, 1, 9, 11], [3, 4, 7, 10]]",12.887075456255673,-0.5767760390789612,1.0454098160668328,-0.5368675383263349,,40.0,0.14049741958808143,0.14049741958808143,13.565574349743716,-7.701839013163902e-05,1.0269154941013892,"{""1"": 40, ""2"": 26}",0.14049741958808143,0.14046671429082755,48.0949451678501,1e-05,True,40,development_isotonic_frozen
s1-i7,development,1,random_matched,random_balanced,4,0.01,7b54be3ea7dc3bac,"[[2, 5, 6], [0, 8, 9], [4, 10, 11], [1, 3, 7]]",2.3411901796498706,-0.8386335437576274,1.6017095864213993,-0.4637399520783978,,46.0,0.1260755292349346,0.1260755292349346,2.385214805537196,-0.00032587536641939807,0.008053287869140698,"{""1"": 46, ""2"": 20}",0.1260755292349346,0.12606812104975984,51.945921598248376,1e-05,True,40,development_isotonic_frozen
s1-i7,development,1,random_matched,confidence,4,0.01,06290d9b69048fb8,"[[1, 3, 10], [0, 4, 9], [2, 5, 6], [7, 8, 11]]",2.3411901796498706,-0.6331288038035786,1.8368989463955856,-0.44992945463942075,,51.0,0.171300129607331,0.171300129607331,2.312935569005766,0.0,0.0,"{""1"": 51, ""2"": 13, ""3"": 2}",0.171300129607331,0.1712931485935319,29.912235138703803,1e-05,True,40,development_isotonic_frozen
s1-i7,development,1,random_matched,entropy,4,0.01,775b662cec463c97,"[[3, 4, 10], [1, 2, 9], [0, 5, 8], [6, 7, 11]]",2.3411901796498706,-0.6400424078315116,1.846906985939352,-0.03825723134055064,,51.0,0.10393811974535988,0.10393811974535988,2.312935569005766,0.0,0.006271473614497676,"{""1"": 51, ""2"": 13, ""3"": 2}",0.10393811974535988,0.10393571355148132,30.047034463082547,1e-05,True,40,development_isotonic_frozen
s1-i7,development,1,random_matched,dependency_cmi,4,0.01,292d8a14e9ec3ec7,"[[2, 7, 10], [1, 6, 11], [3, 5, 9], [0, 4, 8]]",2.3411901796498706,-0.7678866116045829,1.6907072887514591,-0.007329193429357035,,47.0,0.13107003394028105,0.13107003394028105,2.312935569005766,0.0,-0.9959571941686169,"{""2"": 17, ""3"": 2, ""1"": 47}",0.13107003394028105,0.1310679271237813,33.56203702601744,1e-05,True,40,development_isotonic_frozen
s1-i7,development,1,random_matched,min_within_batch_tc,4,0.01,eae427223782f59f,"[[7, 10, 11], [6, 8, 9], [3, 4, 5], [0, 1, 2]]",2.3411901796498706,-0.8133560863096597,1.6578570972262996,-0.23797980506981525,,49.0,0.14107828350494023,0.14107828350494023,2.312935569005766,0.0,0.0,"{""3"": 2, ""2"": 15, ""1"": 49}",0.14107828350494023,0.14093242286066043,51.491579925022315,1e-05,True,40,development_isotonic_frozen
s1-i7,development,1,random_matched,dprm_myopic,4,0.01,b6da45afb9d934e1,"[[2, 5, 9], [0, 3, 4], [1, 6, 10], [7, 8, 11]]",2.3411901796498706,-0.7312221731910186,1.7153258934843514,-0.23517101451481956,,48.0,0.1223762479009593,0.1223762479009593,2.349075187271481,0.0,0.0035392911643076816,"{""1"": 48, ""3"": 1, ""2"": 17}",0.1223762479009593,0.12237406727851158,36.72298950486539,1e-05,True,40,development_isotonic_frozen
s1-i7,development,1,random_matched,dprm_rollout,4,0.01,625a9334c7858a92,"[[0, 2, 5], [1, 3, 4], [6, 8, 10], [7, 9, 11]]",2.3411901796498706,-0.7266852956713784,1.7290574747935537,-0.41409417995867653,,47.0,0.1891684155639021,0.1891684155639021,2.312935569005766,0.0,0.014318802694344906,"{""2"": 17, ""1"": 47, ""3"": 2}",0.1891684155639021,0.1891613469363566,31.472990279769242,1e-05,True,40,development_isotonic_frozen
s1-i7,development,1,random_matched,subset_exact,4,0.01,adae90e0ccde32f2,"[[1, 7, 10], [0, 3, 4], [2, 5, 9], [6, 8, 11]]",2.3411901796498706,-0.6684578343234979,1.8031615827414935,-0.23282027232864722,,47.0,0.1691587610796304,0.1691587610796304,2.385214805537196,0.0,0.0,"{""1"": 47, ""2"": 19}",0.1691587610796304,0.16914273505210647,31.443719609655002,1e-05,True,40,development_isotonic_frozen
s1-i7,development,1,random_matched,subset_beam_8,4,0.01,adae90e0ccde32f2,"[[1, 7, 10], [0, 3, 4], [2, 5, 9], [6, 8, 11]]",2.3411901796498706,-0.6684578343234979,1.8031615827414935,-0.23282027232864722,,47.0,0.1691587610796304,0.1691587610796304,2.385214805537196,0.0,0.0,"{""1"": 47, ""2"": 19}",0.1691587610796304,0.16914273505210647,31.443719609655002,1e-05,True,40,development_isotonic_frozen
s1-i7,development,1,random_matched,subset_beam_32,4,0.01,adae90e0ccde32f2,"[[1, 7, 10], [0, 3, 4], [2, 5, 9], [6, 8, 11]]",2.3411901796498706,-0.6684578343234979,1.8031615827414935,-0.23282027232864722,,47.0,0.1691587610796304,0.1691587610796304,2.385214805537196,0.0,0.0,"{""1"": 47, ""2"": 19}",0.1691587610796304,0.16914273505210647,31.443719609655002,1e-05,True,40,development_isotonic_frozen
s1-i7,development,1,random_matched,saps_diagonal,4,0.01,f06753272de7de19,"[[5, 6, 11], [0, 1, 8], [2, 4, 10], [3, 7, 9]]",2.3411901796498706,-0.8308172554820521,1.6226035482734915,-0.3070024228606472,,59.0,0.12911842663445716,0.12911842663445716,2.349075187271481,0.0,-0.009137247032313589,"{""2"": 6, ""1"": 59, ""3"": 1}",0.12911842663445716,0.12253915389044354,40.93746930330896,1e-05,True,40,development_isotonic_frozen
s1-i7,development,1,random_matched,p_saps_residualized,4,0.01,fc4189632951c9b2,"[[0, 7, 11], [2, 4, 5], [1, 3, 10], [6, 8, 9]]",2.3411901796498706,-0.7965297938280567,1.6641335659855414,-0.26627463661933665,,50.0,0.13464447365136414,0.13464447365136414,2.312935569005766,0.0,-0.03751430540656052,"{""1"": 50, ""2"": 14, ""3"": 2}",0.13464447365136414,0.13464298308816564,37.9911423738856,1e-05,True,80,development_isotonic_frozen
s1-i7,development,1,random_matched,p_saps_projection,4,0.01,6894bd068927c7c5,"[[0, 6, 10], [1, 5, 9], [3, 4, 11], [2, 7, 8]]",2.3411901796498706,-0.7222883704842378,1.7268161634600299,-0.023217453069720992,,50.0,0.20909573715914942,0.20909573715914942,2.385214805537196,-1.649973772212617e-07,0.0,"{""1"": 50, ""2"": 16}",0.20909573715914942,0.20907042754399702,37.39720000557551,1e-05,True,640,development_isotonic_frozen
s1-i7,development,1,random_matched,b_saps_budgeted,4,0.01,7b54be3ea7dc3bac,"[[2, 5, 6], [0, 8, 9], [4, 10, 11], [1, 3, 7]]",2.3411901796498706,-0.8386335437576274,1.6017095864213993,-0.4637399520783978,,46.0,0.1260755292349346,0.1260755292349346,2.385214805537196,-0.00032587536641939807,0.008053287869140698,"{""1"": 46, ""2"": 20}",0.1260755292349346,0.12606812104975984,51.945921598248376,1e-05,True,40,development_isotonic_frozen
s1-i7,development,1,random_matched,random_balanced,4,0.05,7b54be3ea7dc3bac,"[[2, 5, 6], [0, 8, 9], [4, 10, 11], [1, 3, 7]]",6.562147222051397,-0.8386335437576274,1.6017095864213993,-0.4637399520783978,,46.0,0.1260755292349346,0.1260755292349346,6.6065358341131715,0.12055254484992135,0.0020215590893942767,"{""1"": 46, ""2"": 20}",0.1260755292349346,0.12606812104975984,51.945921598248376,1e-05,True,40,development_isotonic_frozen
s1-i7,development,1,random_matched,confidence,4,0.05,06290d9b69048fb8,"[[1, 3, 10], [0, 4, 9], [2, 5, 6], [7, 8, 11]]",6.562147222051397,-0.6331288038035786,1.8368989463955856,-0.44992945463942075,,51.0,0.171300129607331,0.171300129607331,6.573447631451001,-7.510224892581117e-05,0.003259580072461467,"{""1"": 51, ""2"": 13, ""3"": 2}",0.171300129607331,0.1712931485935319,29.912235138703803,1e-05,True,40,development_isotonic_frozen
s1-i7,development,1,random_matched,entropy,4,0.05,775b662cec463c97,"[[3, 4, 10], [1, 2, 9], [0, 5, 8], [6, 7, 11]]",6.562147222051397,-0.6400424078315116,1.846906985939352,-0.03825723134055064,,51.0,0.10393811974535988,0.10393811974535988,6.573447631451001,0.0,-0.018941913744389607,"{""1"": 51, ""2"": 13, ""3"": 2}",0.10393811974535988,0.10393571355148132,30.047034463082547,1e-05,True,40,development_isotonic_frozen
s1-i7,development,1,random_matched,dependency_cmi,4,0.05,292d8a14e9ec3ec7,"[[2, 7, 10], [1, 6, 11], [3, 5, 9], [0, 4, 8]]",6.562147222051397,-0.7678866116045829,1.6907072887514591,-0.007329193429357035,,47.0,0.13107003394028105,0.13107003394028105,6.468904974649835,-0.0037763974184111143,0.05159042057071313,"{""2"": 17, ""3"": 2, ""1"": 47}",0.13107003394028105,0.1310679271237813,33.56203702601744,1e-05,True,40,development_isotonic_frozen
s1-i7,development,1,random_matched,min_within_batch_tc,4,0.05,eae427223782f59f,"[[7, 10, 11], [6, 8, 9], [3, 4, 5], [0, 1, 2]]",6.562147222051397,-0.8133560863096597,1.6578570972262996,-0.23797980506981525,,49.0,0.14107828350494023,0.14107828350494023,6.521176303050417,0.0,-1.0283495516265813,"{""3"": 2, ""2"": 15, ""1"": 49}",0.14107828350494023,0.14093242286066043,51.491579925022315,1e-05,True,40,development_isotonic_frozen
s1-i7,development,1,random_matched,dprm_myopic,4,0.05,b6da45afb9d934e1,"[[2, 5, 9], [0, 3, 4], [1, 6, 10], [7, 8, 11]]",6.562147222051397,-0.7312221731910186,1.7153258934843514,-0.23517101451481956,,48.0,0.1223762479009593,0.1223762479009593,6.57692390068194,-0.0011859760700418174,0.04433611653520657,"{""1"": 48, ""3"": 1, ""2"": 17}",0.1223762479009593,0.12237406727851158,36.72298950486539,1e-05,True,40,development_isotonic_frozen
s1-i7,development,1,random_matched,dprm_rollout,4,0.05,3dd1bd64774a2713,"[[1, 2, 5], [0, 3, 4], [6, 8, 10], [7, 9, 11]]",6.562147222051397,-0.7127165266936805,1.7477103384575023,-0.2338099071870324,,48.0,0.12926976500895976,0.12926976500895976,6.495040638850126,0.0,0.045927822694155546,"{""2"": 16, ""1"": 48, ""3"": 2}",0.12926976500895976,0.12926139375113124,30.637603135030105,1e-05,True,40,development_isotonic_frozen
s1-i7,development,1,random_matched,subset_exact,4,0.05,b76788ea6e4c414a,"[[1, 7, 8], [0, 3, 10], [2, 4, 9], [5, 6, 11]]",6.562147222051397,-0.7261834675256008,1.7401478122209042,-0.1818578013317113,,46.0,0.1353350674056823,0.1353350674056823,6.524652572281357,-0.0015322402415405348,0.01579223166890112,"{""2"": 19, ""1"": 46, ""3"": 1}",0.1353350674056823,0.13533189268420787,32.29797979636566,1e-05,True,40,development_isotonic_frozen
s1-i7,development,1,random_matched,subset_beam_8,4,0.05,51e1767acace3f41,"[[6, 8, 11], [1, 3, 10], [0, 4, 9], [2, 5, 7]]",6.562147222051397,-0.774589910929217,1.6987745503975409,-0.32788214619226846,,49.0,0.1569978531392339,0.1569978531392339,6.521176303050417,0.0,1.0099241529501413,"{""1"": 49, ""2"": 15, ""3"": 2}",0.1569978531392339,0.15692385037763487,45.56522162218258,1e-05,True,40,development_isotonic_frozen
s1-i7,development,1,random_matched,subset_beam_32,4,0.05,51e1767acace3f41,"[[6, 8, 11], [1, 3, 10], [0, 4, 9], [2, 5, 7]]",6.562147222051397,-0.774589910929217,1.6987745503975409,-0.32788214619226846,,49.0,0.1569978531392339,0.1569978531392339,6.521176303050417,0.0,1.0099241529501413,"{""1"": 49, ""2"": 15, ""3"": 2}",0.1569978531392339,0.15692385037763487,45.56522162218258,1e-05,True,40,development_isotonic_frozen
s1-i7,development,1,random_matched,saps_diagonal,4,0.05,f06753272de7de19,"[[5, 6, 11], [0, 1, 8], [2, 4, 10], [3, 7, 9]]",6.562147222051397,-0.8308172554820521,1.6226035482734915,-0.3070024228606472,,59.0,0.12911842663445716,0.12911842663445716,6.864416206885148,0.0,0.027165785913702056,"{""2"": 6, ""1"": 59, ""3"": 1}",0.12911842663445716,0.12253915389044354,40.93746930330896,1e-05,True,40,development_isotonic_frozen
s1-i7,development,1,random_matched,p_saps_residualized,4,0.05,fc4189632951c9b2,"[[0, 7, 11], [2, 4, 5], [1, 3, 10], [6, 8, 9]]",6.562147222051397,-0.7965297938280567,1.6641335659855414,-0.26627463661933665,,50.0,0.13464447365136414,0.13464447365136414,6.547311967250709,-0.0001483396860587835,0.026293561022747956,"{""1"": 50, ""2"": 14, ""3"": 2}",0.13464447365136414,0.13464298308816564,37.9911423738856,1e-05,True,80,development_isotonic_frozen
s1-i7,development,1,random_matched,p_saps_projection,4,0.05,6894bd068927c7c5,"[[0, 6, 10], [1, 5, 9], [3, 4, 11], [2, 7, 8]]",6.562147222051397,-0.7222883704842378,1.7268161634600299,-0.023217453069720992,,50.0,0.20909573715914942,0.20909573715914942,6.711078490914338,-9.898594676776092e-06,-0.010229476487618188,"{""1"": 50, ""2"": 16}",0.20909573715914942,0.20907042754399702,37.39720000557551,1e-05,True,640,development_isotonic_frozen
s1-i7,development,1,random_matched,b_saps_budgeted,4,0.05,5cb6cde61f497244,"[[2, 4, 6], [0, 5, 8], [3, 9, 10], [1, 7, 11]]",6.562147222051397,-0.7841269568971055,1.6807640387622527,-0.11594799434229126,,59.0,0.17422417625420472,0.17422417625420472,6.946299468716963,2.3307389767312943e-06,0.0007377956625449745,"{""1"": 59, ""2"": 7}",0.17422417625420472,0.17348008844548046,47.62221880313105,1e-05,True,40,development_isotonic_frozen
s1-i7,development,1,random_matched,random_balanced,4,0.15,7b54be3ea7dc3bac,"[[2, 5, 6], [0, 8, 9], [4, 10, 11], [1, 3, 7]]",13.33084409571429,-0.8386335437576274,1.6017095864213993,-0.4637399520783978,,46.0,0.1260755292349346,0.1260755292349346,13.565574349743716,0.00010712223631848084,0.03729617723842352,"{""1"": 46, ""2"": 20}",0.1260755292349346,0.12606812104975984,51.945921598248376,1e-05,True,40,development_isotonic_frozen
s1-i7,development,1,random_matched,confidence,4,0.15,06290d9b69048fb8,"[[1, 3, 10], [0, 4, 9], [2, 5, 6], [7, 8, 11]]",13.33084409571429,-0.6331288038035786,1.8368989463955856,-0.44992945463942075,,51.0,0.171300129607331,0.171300129607331,13.180196320740182,0.00015277041049259813,1.048898574834625,"{""1"": 51, ""2"": 13, ""3"": 2}",0.171300129607331,0.1712931485935319,29.912235138703803,1e-05,True,40,development_isotonic_frozen
s1-i7,development,1,random_matched,entropy,4,0.15,775b662cec463c97,"[[3, 4, 10], [1, 2, 9], [0, 5, 8], [6, 7, 11]]",13.33084409571429,-0.6400424078315116,1.846906985939352,-0.03825723134055064,,51.0,0.10393811974535988,0.10393811974535988,13.180196320740182,0.002097358947702702,1.0320316684059794,"{""1"": 51, ""2"": 13, ""3"": 2}",0.10393811974535988,0.10393571355148132,30.047034463082547,1e-05,True,40,development_isotonic_frozen
s1-i7,development,1,random_matched,dependency_cmi,4,0.15,292d8a14e9ec3ec7,"[[2, 7, 10], [1, 6, 11], [3, 5, 9], [0, 4, 8]]",13.33084409571429,-0.7678866116045829,1.6907072887514591,-0.007329193429357035,,47.0,0.13107003394028105,0.13107003394028105,13.180196320740182,2.569269066727325e-05,1.0205989766919425,"{""2"": 17, ""3"": 2, ""1"": 47}",0.13107003394028105,0.1310679271237813,33.56203702601744,1e-05,True,40,development_isotonic_frozen
s1-i7,development,1,random_matched,min_within_batch_tc,4,0.15,eae427223782f59f,"[[7, 10, 11], [6, 8, 9], [3, 4, 5], [0, 1, 2]]",13.33084409571429,-0.8133560863096597,1.6578570972262996,-0.23797980506981525,,49.0,0.14107828350494023,0.14107828350494023,13.180196320740182,0.0036660686779531417,-0.01939216444139373,"{""3"": 2, ""2"": 15, ""1"": 49}",0.14107828350494023,0.14093242286066043,51.491579925022315,1e-05,True,40,development_isotonic_frozen
s1-i7,development,1,random_matched,dprm_myopic,4,0.15,b6da45afb9d934e1,"[[2, 5, 9], [0, 3, 4], [1, 6, 10], [7, 8, 11]]",13.33084409571429,-0.7312221731910186,1.7153258934843514,-0.23517101451481956,,48.0,0.1223762479009593,0.1223762479009593,13.37288533524195,-0.000474112552147716,0.03213685901851749,"{""1"": 48, ""3"": 1, ""2"": 17}",0.1223762479009593,0.12237406727851158,36.72298950486539,1e-05,True,40,development_isotonic_frozen
s1-i7,development,1,random_matched,dprm_rollout,4,0.15,81414294523dd60b,"[[1, 6, 7], [0, 3, 10], [4, 5, 8], [2, 9, 11]]",13.33084409571429,-0.7358863131617719,1.7208980676993317,-0.03488890364403622,,44.0,0.11291048640697908,0.11291048640697908,13.37288533524195,0.004971520528521111,0.025766493061159947,"{""1"": 44, ""2"": 21, ""3"": 1}",0.11291048640697908,0.11290764704816793,37.50903678830495,1e-05,True,40,development_isotonic_frozen
s1-i7,development,1,random_matched,subset_exact,4,0.15,1a7058fd04e5b15d,"[[2, 3, 9], [0, 1, 10], [4, 5, 6], [7, 8, 11]]",13.33084409571429,-0.6826252668918936,1.7675594657303855,-0.15703157194211145,,51.0,0.1641237043084786,0.1641237043084786,13.37288533524195,4.714802262117261e-05,1.02528982747628,"{""1"": 51, ""2"": 14, ""3"": 1}",0.1641237043084786,0.16411665919835464,29.234877856882896,1e-05,True,40,development_isotonic_frozen
s1-i7,development,1,random_matched,subset_beam_8,4,0.15,1a7058fd04e5b15d,"[[2, 3, 9], [0, 1, 10], [4, 5, 6], [7, 8, 11]]",13.33084409571429,-0.6826252668918936,1.7675594657303855,-0.15703157194211145,,51.0,0.1641237043084786,0.1641237043084786,13.37288533524195,4.714802262117261e-05,1.02528982747628,"{""1"": 51, ""2"": 14, ""3"": 1}",0.1641237043084786,0.16411665919835464,29.234877856882896,1e-05,True,40,development_isotonic_frozen
s1-i7,development,1,random_matched,subset_beam_32,4,0.15,1a7058fd04e5b15d,"[[2, 3, 9], [0, 1, 10], [4, 5, 6], [7, 8, 11]]",13.33084409571429,-0.6826252668918936,1.7675594657303855,-0.15703157194211145,,51.0,0.1641237043084786,0.1641237043084786,13.37288533524195,4.714802262117261e-05,1.02528982747628,"{""1"": 51, ""2"": 14, ""3"": 1}",0.1641237043084786,0.16411665919835464,29.234877856882896,1e-05,True,40,development_isotonic_frozen
s1-i7,development,1,random_matched,saps_diagonal,4,0.15,f06753272de7de19,"[[5, 6, 11], [0, 1, 8], [2, 4, 10], [3, 7, 9]]",13.33084409571429,-0.8308172554820521,1.6226035482734915,-0.3070024228606472,,59.0,0.12911842663445716,0.12911842663445716,13.37288533524195,-0.0011136463408865087,0.006368064409512031,"{""2"": 6, ""1"": 59, ""3"": 1}",0.12911842663445716,0.12253915389044354,40.93746930330896,1e-05,True,40,development_isotonic_frozen
s1-i7,development,1,random_matched,p_saps_residualized,4,0.15,fc4189632951c9b2,"[[0, 7, 11], [2, 4, 5], [1, 3, 10], [6, 8, 9]]",13.33084409571429,-0.7965297938280567,1.6641335659855414,-0.26627463661933665,,50.0,0.13464447365136414,0.13464447365136414,13.180196320740182,-0.00012785521216666826,1.0079604338944648,"{""1"": 50, ""2"": 14, ""3"": 2}",0.13464447365136414,0.13464298308816564,37.9911423738856,1e-05,True,80,development_isotonic_frozen
s1-i7,development,1,random_matched,p_saps_projection,4,0.15,6894bd068927c7c5,"[[0, 6, 10], [1, 5, 9], [3, 4, 11], [2, 7, 8]]",13.33084409571429,-0.7222883704842378,1.7268161634600299,-0.023217453069720992,,50.0,0.20909573715914942,0.20909573715914942,13.565574349743716,0.00010649674921614966,0.012245099549355518,"{""1"": 50, ""2"": 16}",0.20909573715914942,0.20907042754399702,37.39720000557551,1e-05,True,640,development_isotonic_frozen
s1-i7,development,1,random_matched,b_saps_budgeted,4,0.15,7b54be3ea7dc3bac,"[[2, 5, 6], [0, 8, 9], [4, 10, 11], [1, 3, 7]]",13.33084409571429,-0.8386335437576274,1.6017095864213993,-0.4637399520783978,,46.0,0.1260755292349346,0.1260755292349346,13.565574349743716,0.00010712223631848084,0.03729617723842352,"{""1"": 46, ""2"": 20}",0.1260755292349346,0.12606812104975984,51.945921598248376,1e-05,True,40,development_isotonic_frozen
s1-i7,development,1,structural,random_balanced,1,0.01,76993f31911749ca,"[[0, 1, 2, 3, 4, 5, 6, 7, 8, 9, 10, 11]]",0.758931983580017,-0.0,0.0,-1.0479000627498898,,0.0,0.11175566625148857,0.11175566625148857,0.758931983580017,0.0,0.008053287869140698,"{""2"": 21, ""3"": 23, ""4"": 22}",0.11175566625148857,0.11175480080858188,64.2004188072174,1e-05,True,40,development_isotonic_frozen
s1-i7,development,1,structural,confidence,1,0.01,76993f31911749ca,"[[0, 1, 2, 3, 4, 5, 6, 7, 8, 9, 10, 11]]",0.758931983580017,-0.0,0.0,-1.0479000627498898,,0.0,0.11175566625148857,0.11175566625148857,0.758931983580017,0.0,0.008053287869140698,"{""2"": 21, ""3"": 23, ""4"": 22}",0.11175566625148857,0.11175480080858188,64.2004188072174,1e-05,True,40,development_isotonic_frozen
s1-i7,development,1,structural,entropy,1,0.01,76993f31911749ca,"[[0, 1, 2, 3, 4, 5, 6, 7, 8, 9, 10, 11]]",0.758931983580017,-0.0,0.0,-1.0479000627498898,,0.0,0.11175566625148857,0.11175566625148857,0.758931983580017,0.0,0.008053287869140698,"{""2"": 21, ""3"": 23, ""4"": 22}",0.11175566625148857,0.11175480080858188,64.2004188072174,1e-05,True,40,development_isotonic_frozen
s1-i7,development,1,structural,dependency_cmi,1,0.01,76993f31911749ca,"[[0, 1, 2, 3, 4, 5, 6, 7, 8, 9, 10, 11]]",0.758931983580017,-0.0,0.0,-1.0479000627498898,,0.0,0.11175566625148857,0.11175566625148857,0.758931983580017,0.0,0.008053287869140698,"{""2"": 21, ""3"": 23, ""4"": 22}",0.11175566625148857,0.11175480080858188,64.2004188072174,1e-05,True,40,development_isotonic_frozen
s1-i7,development,1,structural,min_within_batch_tc,1,0.01,76993f31911749ca,"[[0, 1, 2, 3, 4, 5, 6, 7, 8, 9, 10, 11]]",0.758931983580017,-0.0,0.0,-1.0479000627498898,,0.0,0.11175566625148857,0.11175566625148857,0.758931983580017,0.0,0.008053287869140698,"{""2"": 21, ""3"": 23, ""4"": 22}",0.11175566625148857,0.11175480080858188,64.2004188072174,1e-05,True,40,development_isotonic_frozen
s1-i7,development,1,structural,dprm_myopic,1,0.01,76993f31911749ca,"[[0, 1, 2, 3, 4, 5, 6, 7, 8, 9, 10, 11]]",0.758931983580017,-0.0,0.0,-1.0479000627498898,,0.0,0.11175566625148857,0.11175566625148857,0.758931983580017,0.0,0.008053287869140698,"{""2"": 21, ""3"": 23, ""4"": 22}",0.11175566625148857,0.11175480080858188,64.2004188072174,1e-05,True,40,development_isotonic_frozen
s1-i7,development,1,structural,dprm_rollout,1,0.01,76993f31911749ca,"[[0, 1, 2, 3, 4, 5, 6, 7, 8, 9, 10, 11]]",0.758931983580017,-0.0,0.0,-1.0479000627498898,,0.0,0.11175566625148857,0.11175566625148857,0.758931983580017,0.0,0.008053287869140698,"{""2"": 21, ""3"": 23, ""4"": 22}",0.11175566625148857,0.11175480080858188,64.2004188072174,1e-05,True,40,development_isotonic_frozen
s1-i7,development,1,structural,subset_exact,1,0.01,76993f31911749ca,"[[0, 1, 2, 3, 4, 5, 6, 7, 8, 9, 10, 11]]",0.758931983580017,-0.0,0.0,-1.0479000627498898,,0.0,0.11175566625148857,0.11175566625148857,0.758931983580017,0.0,0.008053287869140698,"{""2"": 21, ""3"": 23, ""4"": 22}",0.11175566625148857,0.11175480080858188,64.2004188072174,1e-05,True,40,development_isotonic_frozen
s1-i7,development,1,structural,subset_beam_8,1,0.01,76993f31911749ca,"[[0, 1, 2, 3, 4, 5, 6, 7, 8, 9, 10, 11]]",0.758931983580017,-0.0,0.0,-1.0479000627498898,,0.0,0.11175566625148857,0.11175566625148857,0.758931983580017,0.0,0.008053287869140698,"{""2"": 21, ""3"": 23, ""4"": 22}",0.11175566625148857,0.11175480080858188,64.2004188072174,1e-05,True,40,development_isotonic_frozen
s1-i7,development,1,structural,subset_beam_32,1,0.01,76993f31911749ca,"[[0, 1, 2, 3, 4, 5, 6, 7, 8, 9, 10, 11]]",0.758931983580017,-0.0,0.0,-1.0479000627498898,,0.0,0.11175566625148857,0.11175566625148857,0.758931983580017,0.0,0.008053287869140698,"{""2"": 21, ""3"": 23, ""4"": 22}",0.11175566625148857,0.11175480080858188,64.2004188072174,1e-05,True,40,development_isotonic_frozen
s1-i7,development,1,structural,saps_diagonal,1,0.01,76993f31911749ca,"[[0, 1, 2, 3, 4, 5, 6, 7, 8, 9, 10, 11]]",0.758931983580017,-0.0,0.0,-1.0479000627498898,,0.0,0.11175566625148857,0.11175566625148857,0.758931983580017,0.0,0.008053287869140698,"{""2"": 21, ""3"": 23, ""4"": 22}",0.11175566625148857,0.11175480080858188,64.2004188072174,1e-05,True,40,development_isotonic_frozen
s1-i7,development,1,structural,p_saps_residualized,1,0.01,76993f31911749ca,"[[0, 1, 2, 3, 4, 5, 6, 7, 8, 9, 10, 11]]",0.758931983580017,-0.0,0.0,-1.0479000627498898,,0.0,0.11175566625148857,0.11175566625148857,0.758931983580017,0.0,0.008053287869140698,"{""2"": 21, ""3"": 23, ""4"": 22}",0.11175566625148857,0.11175480080858188,64.2004188072174,1e-05,True,40,development_isotonic_frozen
s1-i7,development,1,structural,p_saps_projection,1,0.01,76993f31911749ca,"[[0, 1, 2, 3, 4, 5, 6, 7, 8, 9, 10, 11]]",0.758931983580017,-0.0,0.0,-1.0479000627498898,,0.0,0.11175566625148857,0.11175566625148857,0.758931983580017,0.0,0.008053287869140698,"{""2"": 21, ""3"": 23, ""4"": 22}",0.11175566625148857,0.11175480080858188,64.2004188072174,1e-05,True,40,development_isotonic_frozen
s1-i7,development,1,structural,b_saps_budgeted,1,0.01,76993f31911749ca,"[[0, 1, 2, 3, 4, 5, 6, 7, 8, 9, 10, 11]]",0.758931983580017,-0.0,0.0,-1.0479000627498898,,0.0,0.11175566625148857,0.11175566625148857,0.758931983580017,0.0,0.008053287869140698,"{""2"": 21, ""3"": 23, ""4"": 22}",0.11175566625148857,0.11175480080858188,64.2004188072174,1e-05,True,40,development_isotonic_frozen
s1-i7,development,1,structural,random_balanced,1,0.05,76993f31911749ca,"[[0, 1, 2, 3, 4, 5, 6, 7, 8, 9, 10, 11]]",1.7195484984681046,-0.0,0.0,-1.0479000627498898,,0.0,0.11175566625148857,0.11175566625148857,1.7195484984681046,-2.1029815433006893e-05,0.0025250737564696995,"{""2"": 21, ""3"": 23, ""4"": 22}",0.11175566625148857,0.11175480080858188,64.2004188072174,1e-05,True,40,development_isotonic_frozen
s1-i7,development,1,structural,confidence,1,0.05,76993f31911749ca,"[[0, 1, 2, 3, 4, 5, 6, 7, 8, 9, 10, 11]]",1.7195484984681046,-0.0,0.0,-1.0479000627498898,,0.0,0.11175566625148857,0.11175566625148857,1.7195484984681046,-2.1029815433006893e-05,0.0025250737564696995,"{""2"": 21, ""3"": 23, ""4"": 22}",0.11175566625148857,0.11175480080858188,64.2004188072174,1e-05,True,40,development_isotonic_frozen
s1-i7,development,1,structural,entropy,1,0.05,76993f31911749ca,"[[0, 1, 2, 3, 4, 5, 6, 7, 8, 9, 10, 11]]",1.7195484984681046,-0.0,0.0,-1.0479000627498898,,0.0,0.11175566625148857,0.11175566625148857,1.7195484984681046,-2.1029815433006893e-05,0.0025250737564696995,"{""2"": 21, ""3"": 23, ""4"": 22}",0.11175566625148857,0.11175480080858188,64.2004188072174,1e-05,True,40,development_isotonic_frozen
s1-i7,development,1,structural,dependency_cmi,1,0.05,76993f31911749ca,"[[0, 1, 2, 3, 4, 5, 6, 7, 8, 9, 10, 11]]",1.7195484984681046,-0.0,0.0,-1.0479000627498898,,0.0,0.11175566625148857,0.11175566625148857,1.7195484984681046,-2.1029815433006893e-05,0.0025250737564696995,"{""2"": 21, ""3"": 23, ""4"": 22}",0.11175566625148857,0.11175480080858188,64.2004188072174,1e-05,True,40,development_isotonic_frozen
s1-i7,development,1,structural,min_within_batch_tc,1,0.05,76993f31911749ca,"[[0, 1, 2, 3, 4, 5, 6, 7, 8, 9, 10, 11]]",1.7195484984681046,-0.0,0.0,-1.0479000627498898,,0.0,0.11175566625148857,0.11175566625148857,1.7195484984681046,-2.1029815433006893e-05,0.0025250737564696995,"{""2"": 21, ""3"": 23, ""4"": 22}",0.11175566625148857,0.11175480080858188,64.2004188072174,1e-05,True,40,development_isotonic_frozen
s1-i7,development,1,structural,dprm_myopic,1,0.05,76993f31911749ca,"[[0, 1, 2, 3, 4, 5, 6, 7, 8, 9, 10, 11]]",1.7195484984681046,-0.0,0.0,-1.0479000627498898,,0.0,0.11175566625148857,0.11175566625148857,1.7195484984681046,-2.1029815433006893e-05,0.0025250737564696995,"{""2"": 21, ""3"": 23, ""4"": 22}",0.11175566625148857,0.11175480080858188,64.2004188072174,1e-05,True,40,development_isotonic_frozen
s1-i7,development,1,structural,dprm_rollout,1,0.05,76993f31911749ca,"[[0, 1, 2, 3, 4, 5, 6, 7, 8, 9, 10, 11]]",1.7195484984681046,-0.0,0.0,-1.0479000627498898,,0.0,0.11175566625148857,0.11175566625148857,1.7195484984681046,-2.1029815433006893e-05,0.0025250737564696995,"{""2"": 21, ""3"": 23, ""4"": 22}",0.11175566625148857,0.11175480080858188,64.2004188072174,1e-05,True,40,development_isotonic_frozen
s1-i7,development,1,structural,subset_exact,1,0.05,76993f31911749ca,"[[0, 1, 2, 3, 4, 5, 6, 7, 8, 9, 10, 11]]",1.7195484984681046,-0.0,0.0,-1.0479000627498898,,0.0,0.11175566625148857,0.11175566625148857,1.7195484984681046,-2.1029815433006893e-05,0.0025250737564696995,"{""2"": 21, ""3"": 23, ""4"": 22}",0.11175566625148857,0.11175480080858188,64.2004188072174,1e-05,True,40,development_isotonic_frozen
s1-i7,development,1,structural,subset_beam_8,1,0.05,76993f31911749ca,"[[0, 1, 2, 3, 4, 5, 6, 7, 8, 9, 10, 11]]",1.7195484984681046,-0.0,0.0,-1.0479000627498898,,0.0,0.11175566625148857,0.11175566625148857,1.7195484984681046,-2.1029815433006893e-05,0.0025250737564696995,"{""2"": 21, ""3"": 23, ""4"": 22}",0.11175566625148857,0.11175480080858188,64.2004188072174,1e-05,True,40,development_isotonic_frozen
s1-i7,development,1,structural,subset_beam_32,1,0.05,76993f31911749ca,"[[0, 1, 2, 3, 4, 5, 6, 7, 8, 9, 10, 11]]",1.7195484984681046,-0.0,0.0,-1.0479000627498898,,0.0,0.11175566625148857,0.11175566625148857,1.7195484984681046,-2.1029815433006893e-05,0.0025250737564696995,"{""2"": 21, ""3"": 23, ""4"": 22}",0.11175566625148857,0.11175480080858188,64.2004188072174,1e-05,True,40,development_isotonic_frozen
s1-i7,development,1,structural,saps_diagonal,1,0.05,76993f31911749ca,"[[0, 1, 2, 3, 4, 5, 6, 7, 8, 9, 10, 11]]",1.7195484984681046,-0.0,0.0,-1.0479000627498898,,0.0,0.11175566625148857,0.11175566625148857,1.7195484984681046,-2.1029815433006893e-05,0.0025250737564696995,"{""2"": 21, ""3"": 23, ""4"": 22}",0.11175566625148857,0.11175480080858188,64.2004188072174,1e-05,True,40,development_isotonic_frozen
s1-i7,development,1,structural,p_saps_residualized,1,0.05,76993f31911749ca,"[[0, 1, 2, 3, 4, 5, 6, 7, 8, 9, 10, 11]]",1.7195484984681046,-0.0,0.0,-1.0479000627498898,,0.0,0.11175566625148857,0.11175566625148857,1.7195484984681046,-2.1029815433006893e-05,0.0025250737564696995,"{""2"": 21, ""3"": 23, ""4"": 22}",0.11175566625148857,0.11175480080858188,64.2004188072174,1e-05,True,40,development_isotonic_frozen
s1-i7,development,1,structural,p_saps_projection,1,0.05,76993f31911749ca,"[[0, 1, 2, 3, 4, 5, 6, 7, 8, 9, 10, 11]]",1.7195484984681046,-0.0,0.0,-1.0479000627498898,,0.0,0.11175566625148857,0.11175566625148857,1.7195484984681046,-2.1029815433006893e-05,0.0025250737564696995,"{""2"": 21, ""3"": 23, ""4"": 22}",0.11175566625148857,0.11175480080858188,64.2004188072174,1e-05,True,40,development_isotonic_frozen
s1-i7,development,1,structural,b_saps_budgeted,1,0.05,76993f31911749ca,"[[0, 1, 2, 3, 4, 5, 6, 7, 8, 9, 10, 11]]",1.7195484984681046,-0.0,0.0,-1.0479000627498898,,0.0,0.11175566625148857,0.11175566625148857,1.7195484984681046,-2.1029815433006893e-05,0.0025250737564696995,"{""2"": 21, ""3"": 23, ""4"": 22}",0.11175566625148857,0.11175480080858188,64.2004188072174,1e-05,True,40,development_isotonic_frozen
s1-i7,development,1,structural,random_balanced,1,0.15,76993f31911749ca,"[[0, 1, 2, 3, 4, 5, 6, 7, 8, 9, 10, 11]]",4.8945686971641535,-0.0,0.0,-1.0479000627498898,,0.0,0.11175566625148857,0.11175566625148857,4.8945686971641535,2.4283623622415112e-05,1.0225420130038452,"{""2"": 21, ""3"": 23, ""4"": 22}",0.11175566625148857,0.11175480080858188,64.2004188072174,1e-05,True,40,development_isotonic_frozen
s1-i7,development,1,structural,confidence,1,0.15,76993f31911749ca,"[[0, 1, 2, 3, 4, 5, 6, 7, 8, 9, 10, 11]]",4.8945686971641535,-0.0,0.0,-1.0479000627498898,,0.0,0.11175566625148857,0.11175566625148857,4.8945686971641535,2.4283623622415112e-05,1.0225420130038452,"{""2"": 21, ""3"": 23, ""4"": 22}",0.11175566625148857,0.11175480080858188,64.2004188072174,1e-05,True,40,development_isotonic_frozen
s1-i7,development,1,structural,entropy,1,0.15,76993f31911749ca,"[[0, 1, 2, 3, 4, 5, 6, 7, 8, 9, 10, 11]]",4.8945686971641535,-0.0,0.0,-1.0479000627498898,,0.0,0.11175566625148857,0.11175566625148857,4.8945686971641535,2.4283623622415112e-05,1.0225420130038452,"{""2"": 21, ""3"": 23, ""4"": 22}",0.11175566625148857,0.11175480080858188,64.2004188072174,1e-05,True,40,development_isotonic_frozen
s1-i7,development,1,structural,dependency_cmi,1,0.15,76993f31911749ca,"[[0, 1, 2, 3, 4, 5, 6, 7, 8, 9, 10, 11]]",4.8945686971641535,-0.0,0.0,-1.0479000627498898,,0.0,0.11175566625148857,0.11175566625148857,4.8945686971641535,2.4283623622415112e-05,1.0225420130038452,"{""2"": 21, ""3"": 23, ""4"": 22}",0.11175566625148857,0.11175480080858188,64.2004188072174,1e-05,True,40,development_isotonic_frozen
s1-i7,development,1,structural,min_within_batch_tc,1,0.15,76993f31911749ca,"[[0, 1, 2, 3, 4, 5, 6, 7, 8, 9, 10, 11]]",4.8945686971641535,-0.0,0.0,-1.0479000627498898,,0.0,0.11175566625148857,0.11175566625148857,4.8945686971641535,2.4283623622415112e-05,1.0225420130038452,"{""2"": 21, ""3"": 23, ""4"": 22}",0.11175566625148857,0.11175480080858188,64.2004188072174,1e-05,True,40,development_isotonic_frozen
s1-i7,development,1,structural,dprm_myopic,1,0.15,76993f31911749ca,"[[0, 1, 2, 3, 4, 5, 6, 7, 8, 9, 10, 11]]",4.8945686971641535,-0.0,0.0,-1.0479000627498898,,0.0,0.11175566625148857,0.11175566625148857,4.8945686971641535,2.4283623622415112e-05,1.0225420130038452,"{""2"": 21, ""3"": 23, ""4"": 22}",0.11175566625148857,0.11175480080858188,64.2004188072174,1e-05,True,40,development_isotonic_frozen
s1-i7,development,1,structural,dprm_rollout,1,0.15,76993f31911749ca,"[[0, 1, 2, 3, 4, 5, 6, 7, 8, 9, 10, 11]]",4.8945686971641535,-0.0,0.0,-1.0479000627498898,,0.0,0.11175566625148857,0.11175566625148857,4.8945686971641535,2.4283623622415112e-05,1.0225420130038452,"{""2"": 21, ""3"": 23, ""4"": 22}",0.11175566625148857,0.11175480080858188,64.2004188072174,1e-05,True,40,development_isotonic_frozen
s1-i7,development,1,structural,subset_exact,1,0.15,76993f31911749ca,"[[0, 1, 2, 3, 4, 5, 6, 7, 8, 9, 10, 11]]",4.8945686971641535,-0.0,0.0,-1.0479000627498898,,0.0,0.11175566625148857,0.11175566625148857,4.8945686971641535,2.4283623622415112e-05,1.0225420130038452,"{""2"": 21, ""3"": 23, ""4"": 22}",0.11175566625148857,0.11175480080858188,64.2004188072174,1e-05,True,40,development_isotonic_frozen
s1-i7,development,1,structural,subset_beam_8,1,0.15,76993f31911749ca,"[[0, 1, 2, 3, 4, 5, 6, 7, 8, 9, 10, 11]]",4.8945686971641535,-0.0,0.0,-1.0479000627498898,,0.0,0.11175566625148857,0.11175566625148857,4.8945686971641535,2.4283623622415112e-05,1.0225420130038452,"{""2"": 21, ""3"": 23, ""4"": 22}",0.11175566625148857,0.11175480080858188,64.2004188072174,1e-05,True,40,development_isotonic_frozen
s1-i7,development,1,structural,subset_beam_32,1,0.15,76993f31911749ca,"[[0, 1, 2, 3, 4, 5, 6, 7, 8, 9, 10, 11]]",4.8945686971641535,-0.0,0.0,-1.0479000627498898,,0.0,0.11175566625148857,0.11175566625148857,4.8945686971641535,2.4283623622415112e-05,1.0225420130038452,"{""2"": 21, ""3"": 23, ""4"": 22}",0.11175566625148857,0.11175480080858188,64.2004188072174,1e-05,True,40,development_isotonic_frozen
s1-i7,development,1,structural,saps_diagonal,1,0.15,76993f31911749ca,"[[0, 1, 2, 3, 4, 5, 6, 7, 8, 9, 10, 11]]",4.8945686971641535,-0.0,0.0,-1.0479000627498898,,0.0,0.11175566625148857,0.11175566625148857,4.8945686971641535,2.4283623622415112e-05,1.0225420130038452,"{""2"": 21, ""3"": 23, ""4"": 22}",0.11175566625148857,0.11175480080858188,64.2004188072174,1e-05,True,40,development_isotonic_frozen
s1-i7,development,1,structural,p_saps_residualized,1,0.15,76993f31911749ca,"[[0, 1, 2, 3, 4, 5, 6, 7, 8, 9, 10, 11]]",4.8945686971641535,-0.0,0.0,-1.0479000627498898,,0.0,0.11175566625148857,0.11175566625148857,4.8945686971641535,2.4283623622415112e-05,1.0225420130038452,"{""2"": 21, ""3"": 23, ""4"": 22}",0.11175566625148857,0.11175480080858188,64.2004188072174,1e-05,True,40,development_isotonic_frozen
s1-i7,development,1,structural,p_saps_projection,1,0.15,76993f31911749ca,"[[0, 1, 2, 3, 4, 5, 6, 7, 8, 9, 10, 11]]",4.8945686971641535,-0.0,0.0,-1.0479000627498898,,0.0,0.11175566625148857,0.11175566625148857,4.8945686971641535,2.4283623622415112e-05,1.0225420130038452,"{""2"": 21, ""3"": 23, ""4"": 22}",0.11175566625148857,0.11175480080858188,64.2004188072174,1e-05,True,40,development_isotonic_frozen
s1-i7,development,1,structural,b_saps_budgeted,1,0.15,76993f31911749ca,"[[0, 1, 2, 3, 4, 5, 6, 7, 8, 9, 10, 11]]",4.8945686971641535,-0.0,0.0,-1.0479000627498898,,0.0,0.11175566625148857,0.11175566625148857,4.8945686971641535,2.4283623622415112e-05,1.0225420130038452,"{""2"": 21, ""3"": 23, ""4"": 22}",0.11175566625148857,0.11175480080858188,64.2004188072174,1e-05,True,40,development_isotonic_frozen
s1-i7,development,1,structural,random_balanced,2,0.01,c01e8f34e6b06174,"[[0, 2, 5, 6, 8, 9], [1, 3, 4, 7, 10, 11]]",1.9931547043515596,-0.28919115043462856,0.516763169971054,-0.6268244534569042,,23.0,0.1930790011076802,0.1930790011076802,1.9153997680829,-0.0026707635536175403,0.008053287869140698,"{""1"": 23, ""2"": 30, ""3"": 11, ""4"": 2}",0.1930790011076802,0.19306816734085686,60.82427032363528,1e-05,True,40,development_isotonic_frozen
s1-i7,development,1,structural,confidence,2,0.01,294560abe802d79b,"[[0, 1, 3, 4, 9, 10], [2, 5, 6, 7, 8, 11]]",1.9931547043515596,-0.20193701427107427,0.6238202323244948,-0.7523098820442948,,23.0,0.16982279821128216,0.16982279821128216,1.6985620584886094,0.0,-0.004513996704833016,"{""2"": 24, ""1"": 23, ""3"": 13, ""4"": 6}",0.16982279821128216,0.16981934022190381,44.415026703607374,1e-05,True,40,development_isotonic_frozen
s1-i7,development,1,structural,entropy,2,0.01,872356e2da9fd614,"[[1, 2, 3, 4, 9, 10], [0, 5, 6, 7, 8, 11]]",1.9931547043515596,-0.20423889661856598,0.625256727523173,-0.30962496336060913,,24.0,0.10696790634394052,0.10696790634394052,1.8069809132857546,0.0,0.008053287869140698,"{""1"": 24, ""2"": 26, ""3"": 12, ""4"": 4}",0.10696790634394052,0.10664190804445456,43.36941365114254,1e-05,True,40,development_isotonic_frozen
s1-i7,development,1,structural,dependency_cmi,2,0.01,250e41ecb0b02550,"[[2, 7, 8, 9, 10, 11], [0, 1, 3, 4, 5, 6]]",1.9931547043515596,-0.2774603429829409,0.5442484854650648,-0.3098129042269374,,16.0,0.18073743183966184,0.18073743183966184,1.4455847306286038,0.0,0.028287937482094523,"{""2"": 24, ""3"": 23, ""1"": 16, ""4"": 3}",0.18073743183966184,0.18073515564761033,64.35975132742901,1e-05,True,40,development_isotonic_frozen
s1-i7,development,1,structural,min_within_batch_tc,2,0.01,ee44958aff20ca1e,"[[6, 7, 8, 9, 10, 11], [0, 1, 2, 3, 4, 5]]",1.9931547043515596,-0.2847922084294791,0.5353147092853611,-0.5842524085235027,,11.0,0.13423480554119666,0.13423480554119666,1.2648866393000282,0.0,0.0,"{""2"": 24, ""3"": 23, ""4"": 8, ""1"": 11}",0.13423480554119666,0.13416412526989055,66.01153361414228,1e-05,True,40,development_isotonic_frozen
s1-i7,development,1,structural,dprm_myopic,2,0.01,86ba829927308eb4,"[[1, 2, 3, 4, 6, 9], [0, 5, 7, 8, 10, 11]]",1.9931547043515596,-0.2337481951470065,0.5882653971145128,-0.3648467192866905,,31.0,0.10240923194823262,0.10240923194823262,2.023818622880045,0.0,0.003539291164307682,"{""1"": 31, ""2"": 25, ""3"": 8, ""4"": 2}",0.10240923194823262,0.10240741185247412,37.645543269021694,1e-05,True,40,development_isotonic_frozen
s1-i7,development,1,structural,dprm_rollout,2,0.01,b2fd10b5d22d4913,"[[1, 2, 4, 6, 8, 10], [0, 3, 5, 7, 9, 11]]",1.9931547043515596,-0.23901810601371665,0.5931196221522969,-0.3376323415561725,,34.0,0.09527716398003998,0.09527716398003998,2.276795950740051,0.0,0.008053287869140698,"{""1"": 34, ""2"": 29, ""3"": 3}",0.09527716398003998,0.09527635044232446,41.69260521252683,1e-05,True,40,development_isotonic_frozen
s1-i7,development,1,structural,subset_exact,2,0.01,41b010a4a1c822da,"[[1, 3, 4, 6, 8, 10], [0, 2, 5, 7, 9, 11]]",1.9931547043515596,-0.22194924738313118,0.6116930946946159,-0.6221668406355181,,31.0,0.1641609840652866,0.1641609840652866,2.023818622880045,0.0,0.0,"{""1"": 31, ""2"": 25, ""3"": 7, ""4"": 3}",0.1641609840652866,0.16415733423211187,46.268327281200946,1e-05,True,40,development_isotonic_frozen
s1-i7,development,1,structural,subset_beam_8,2,0.01,41b010a4a1c822da,"[[1, 3, 4, 6, 8, 10], [0, 2, 5, 7, 9, 11]]",1.9931547043515596,-0.22194924738313118,0.6116930946946159,-0.6221668406355181,,31.0,0.1641609840652866,0.1641609840652866,2.023818622880045,0.0,0.0,"{""1"": 31, ""2"": 25, ""3"": 7, ""4"": 3}",0.1641609840652866,0.16415733423211187,46.268327281200946,1e-05,True,40,development_isotonic_frozen
s1-i7,development,1,structural,subset_beam_32,2,0.01,41b010a4a1c822da,"[[1, 3, 4, 6, 8, 10], [0, 2, 5, 7, 9, 11]]",1.9931547043515596,-0.22194924738313118,0.6116930946946159,-0.6221668406355181,,31.0,0.1641609840652866,0.1641609840652866,2.023818622880045,0.0,0.0,"{""1"": 31, ""2"": 25, ""3"": 7, ""4"": 3}",0.1641609840652866,0.16415733423211187,46.268327281200946,1e-05,True,40,development_isotonic_frozen
s1-i7,development,1,structural,saps_diagonal,2,0.01,f6658aa58f66bd92,"[[0, 1, 3, 4, 5, 6], [2, 7, 8, 9, 10, 11]]",1.9931547043515596,-0.23625336189711074,0.582539207944202,-0.30981290422693747,,37.0,0.16429461815389917,0.16429461815389917,1.951539386348615,0.0,0.0,"{""2"": 17, ""1"": 37, ""3"": 9, ""4"": 3}",0.16429461815389917,0.16429318216609962,39.94237517362875,1e-05,True,40,development_isotonic_frozen
s1-i7,development,1,structural,p_saps_residualized,2,0.01,a7e078c18d0dece7,"[[1, 2, 4, 5, 9, 10], [0, 3, 6, 7, 8, 11]]",1.9931547043515596,-0.2242862189292402,0.6011027786634895,-0.5378858572204918,,30.0,0.09988180269966968,0.09988180269966968,2.05995824114576,0.0,0.014318802694344906,"{""1"": 30, ""2"": 27, ""3"": 9}",0.09988180269966968,0.09988096022453499,48.546366825865086,1e-05,True,80,development_isotonic_frozen
s1-i7,development,1,structural,p_saps_projection,2,0.01,ae9d0b99be2544a0,"[[0, 2, 3, 6, 7, 11], [1, 4, 5, 8, 9, 10]]",1.9931547043515596,-0.28087758605029167,0.5316055537403627,-0.4387369803916473,,26.0,0.204858233737433,0.204858233737433,1.951539386348615,-0.0025907001782272876,0.008053287869140698,"{""1"": 26, ""2"": 28, ""3"": 12}",0.204858233737433,0.2048508402242397,54.07105491042488,1e-05,True,640,development_isotonic_frozen
s1-i7,development,1,structural,b_saps_budgeted,2,0.01,924a35a2c609cee9,"[[1, 3, 5, 6, 9, 10], [0, 2, 4, 7, 8, 11]]",1.9931547043515596,-0.2274261898439229,0.5879676994008637,-0.20415042471840822,,33.0,0.1761830732376019,0.1761830732376019,2.312935569005766,0.0,0.0,"{""1"": 33, ""2"": 31, ""3"": 2}",0.1761830732376019,0.17618068038972212,49.413572311385245,1e-05,True,40,development_isotonic_frozen
s1-i7,development,1,structural,random_balanced,2,0.05,c01e8f34e6b06174,"[[0, 2, 5, 6, 8, 9], [1, 3, 4, 7, 10, 11]]",5.200661158638015,-0.28919115043462856,0.516763169971054,-0.6268244534569042,,23.0,0.1930790011076802,0.1930790011076802,4.9409331536928764,-2.419011760160143e-08,0.028778165861775003,"{""1"": 23, ""2"": 30, ""3"": 11, ""4"": 2}",0.1930790011076802,0.19306816734085686,60.82427032363528,1e-05,True,40,development_isotonic_frozen
s1-i7,development,1,structural,confidence,2,0.05,294560abe802d79b,"[[0, 1, 3, 4, 9, 10], [2, 5, 6, 7, 8, 11]]",5.200661158638015,-0.20193701427107427,0.6238202323244948,-0.7523098820442948,,23.0,0.16982279821128216,0.16982279821128216,4.449633582701989,8.952003726343532e-06,-0.014006597977916164,"{""2"": 24, ""1"": 23, ""3"": 13, ""4"": 6}",0.16982279821128216,0.16981934022190381,44.415026703607374,1e-05,True,40,development_isotonic_frozen
s1-i7,development,1,structural,entropy,2,0.05,872356e2da9fd614,"[[1, 2, 3, 4, 9, 10], [0, 5, 6, 7, 8, 11]]",5.200661158638015,-0.20423889661856598,0.625256727523173,-0.30962496336060913,,24.0,0.10696790634394052,0.10696790634394052,4.7214190323977245,6.860857979058614e-06,-0.0017049380303928545,"{""1"": 24, ""2"": 26, ""3"": 12, ""4"": 4}",0.10696790634394052,0.10664190804445456,43.36941365114254,1e-05,True,40,development_isotonic_frozen
s1-i7,development,1,structural,dependency_cmi,2,0.05,250e41ecb0b02550,"[[2, 7, 8, 9, 10, 11], [0, 1, 3, 4, 5, 6]]",5.200661158638015,-0.2774603429829409,0.5442484854650648,-0.3098129042269374,,16.0,0.18073743183966184,0.18073743183966184,3.693501100477246,-0.12303631597180034,0.009924152950141292,"{""2"": 24, ""3"": 23, ""1"": 16, ""4"": 3}",0.18073743183966184,0.18073515564761033,64.35975132742901,1e-05,True,40,development_isotonic_frozen
s1-i7,development,1,structural,min_within_batch_tc,2,0.05,ee44958aff20ca1e,"[[6, 7, 8, 9, 10, 11], [0, 1, 2, 3, 4, 5]]",5.200661158638015,-0.2847922084294791,0.5353147092853611,-0.5842524085235027,,11.0,0.13423480554119666,0.13423480554119666,3.1534064703167153,0.0,1.0099241529501413,"{""2"": 24, ""3"": 23, ""4"": 8, ""1"": 11}",0.13423480554119666,0.13416412526989055,66.01153361414228,1e-05,True,40,development_isotonic_frozen
s1-i7,development,1,structural,dprm_myopic,2,0.05,86ba829927308eb4,"[[1, 2, 3, 4, 6, 9], [0, 5, 7, 8, 10, 11]]",5.200661158638015,-0.2337481951470065,0.5882653971145128,-0.3648467192866905,,31.0,0.10240923194823262,0.10240923194823262,5.395668252790652,-7.126409374069424e-05,-0.0075438144127718074,"{""1"": 31, ""2"": 25, ""3"": 8, ""4"": 2}",0.10240923194823262,0.10240741185247412,37.645543269021694,1e-05,True,40,development_isotonic_frozen
s1-i7,development,1,structural,dprm_rollout,2,0.05,a128e07be366dfde,"[[0, 2, 4, 7, 10, 11], [1, 3, 5, 6, 8, 9]]",5.200661158638015,-0.2555601820537066,0.5727981872319451,-0.3105264048519101,,26.0,0.12260229960120662,0.12260229960120662,5.510639717284638,-4.611933032702322e-05,0.03585893452491404,"{""1"": 26, ""2"": 33, ""3"": 7}",0.12260229960120662,0.12257394587648336,63.44322141244976,1e-05,True,40,development_isotonic_frozen
s1-i7,development,1,structural,subset_exact,2,0.05,03d00453150fc1b2,"[[1, 2, 6, 7, 8, 9], [0, 3, 4, 5, 10, 11]]",5.200661158638015,-0.28016506841629674,0.5325336934066311,-0.24711971767476107,,24.0,0.12601651091874544,0.12601651091874544,5.294601865220426,-5.6654211897232444e-05,-0.00804732907984723,"{""1"": 24, ""2"": 33, ""3"": 8, ""4"": 1}",0.12601651091874544,0.12346895913456563,45.3037505825689,1e-05,True,40,development_isotonic_frozen
s1-i7,development,1,structural,subset_beam_8,2,0.05,03d00453150fc1b2,"[[1, 2, 6, 7, 8, 9], [0, 3, 4, 5, 10, 11]]",5.200661158638015,-0.28016506841629674,0.5325336934066311,-0.24711971767476107,,24.0,0.12601651091874544,0.12601651091874544,5.294601865220426,-5.6654211897232444e-05,-0.00804732907984723,"{""1"": 24, ""2"": 33, ""3"": 8, ""4"": 1}",0.12601651091874544,0.12346895913456563,45.3037505825689,1e-05,True,40,development_isotonic_frozen
s1-i7,development,1,structural,subset_beam_32,2,0.05,03d00453150fc1b2,"[[1, 2, 6, 7, 8, 9], [0, 3, 4, 5, 10, 11]]",5.200661158638015,-0.28016506841629674,0.5325336934066311,-0.24711971767476107,,24.0,0.12601651091874544,0.12601651091874544,5.294601865220426,-5.6654211897232444e-05,-0.00804732907984723,"{""1"": 24, ""2"": 33, ""3"": 8, ""4"": 1}",0.12601651091874544,0.12346895913456563,45.3037505825689,1e-05,True,40,development_isotonic_frozen
s1-i7,development,1,structural,saps_diagonal,2,0.05,f6658aa58f66bd92,"[[0, 1, 3, 4, 5, 6], [2, 7, 8, 9, 10, 11]]",5.200661158638015,-0.23625336189711074,0.582539207944202,-0.30981290422693747,,37.0,0.16429461815389917,0.16429461815389917,5.388715714328773,-0.00027536810759775824,0.01564992680461179,"{""2"": 17, ""1"": 37, ""3"": 9, ""4"": 3}",0.16429461815389917,0.16429318216609962,39.94237517362875,1e-05,True,40,development_isotonic_frozen
s1-i7,development,1,structural,p_saps_residualized,2,0.05,a7e078c18d0dece7,"[[1, 2, 4, 5, 9, 10], [0, 3, 6, 7, 8, 11]]",5.200661158638015,-0.2242862189292402,0.6011027786634895,-0.5378858572204918,,30.0,0.09988180269966968,0.09988180269966968,5.451415850422175,-2.7681209936815905e-06,0.034646244580534835,"{""1"": 30, ""2"": 27, ""3"": 9}",0.09988180269966968,0.09988096022453499,48.546366825865086,1e-05,True,80,development_isotonic_frozen
s1-i7,development,1,structural,p_saps_projection,2,0.05,ae9d0b99be2544a0,"[[0, 2, 3, 6, 7, 11], [1, 4, 5, 8, 9, 10]]",5.200661158638015,-0.28087758605029167,0.5316055537403627,-0.4387369803916473,,26.0,0.204858233737433,0.204858233737433,5.101223408125565,-8.55282707890491e-07,-0.03533158549377295,"{""1"": 26, ""2"": 28, ""3"": 12}",0.204858233737433,0.2048508402242397,54.07105491042488,1e-05,True,640,development_isotonic_frozen
s1-i7,development,1,structural,b_saps_budgeted,2,0.05,924a35a2c609cee9,"[[1, 3, 5, 6, 9, 10], [0, 2, 4, 7, 8, 11]]",5.200661158638015,-0.2274261898439229,0.5879676994008637,-0.20415042471840822,,33.0,0.1761830732376019,0.1761830732376019,6.103005675845751,0.0021247817274439515,-0.009663580325613071,"{""1"": 33, ""2"": 31, ""3"": 2}",0.1761830732376019,0.17618068038972212,49.413572311385245,1e-05,True,40,development_isotonic_frozen
s1-i7,development,1,structural,random_balanced,2,0.15,c01e8f34e6b06174,"[[0, 2, 5, 6, 8, 9], [1, 3, 4, 7, 10, 11]]",11.475190495451809,-0.28919115043462856,0.516763169971054,-0.6268244534569042,,23.0,0.1930790011076802,0.1930790011076802,11.060617161220732,0.008435218402337696,1.060830651471086,"{""1"": 23, ""2"": 30, ""3"": 11, ""4"": 2}",0.1930790011076802,0.19306816734085686,60.82427032363528,1e-05,True,40,development_isotonic_frozen
s1-i7,development,1,structural,confidence,2,0.15,294560abe802d79b,"[[0, 1, 3, 4, 9, 10], [2, 5, 6, 7, 8, 11]]",11.475190495451809,-0.20193701427107427,0.6238202323244948,-0.7523098820442948,,23.0,0.16982279821128216,0.16982279821128216,9.904483074210123,-3.870585668547419e-05,1.0186063869444997,"{""2"": 24, ""1"": 23, ""3"": 13, ""4"": 6}",0.16982279821128216,0.16981934022190381,44.415026703607374,1e-05,True,40,development_isotonic_frozen
s1-i7,development,1,structural,entropy,2,0.15,872356e2da9fd614,"[[1, 2, 3, 4, 9, 10], [0, 5, 6, 7, 8, 11]]",11.475190495451809,-0.20423889661856598,0.625256727523173,-0.30962496336060913,,24.0,0.10696790634394052,0.10696790634394052,10.482550117715428,-0.0011544817376570302,1.025485484542026,"{""1"": 24, ""2"": 26, ""3"": 12, ""4"": 4}",0.10696790634394052,0.10664190804445456,43.36941365114254,1e-05,True,40,development_isotonic_frozen
s1-i7,development,1,structural,dependency_cmi,2,0.15,250e41ecb0b02550,"[[2, 7, 8, 9, 10, 11], [0, 1, 3, 4, 5, 6]]",11.475190495451809,-0.2774603429829409,0.5442484854650648,-0.3098129042269374,,16.0,0.18073743183966184,0.18073743183966184,8.555659972697747,-4.365689123204168e-05,1.001803848723816,"{""2"": 24, ""3"": 23, ""1"": 16, ""4"": 3}",0.18073743183966184,0.18073515564761033,64.35975132742901,1e-05,True,40,development_isotonic_frozen
s1-i7,development,1,structural,min_within_batch_tc,2,0.15,ee44958aff20ca1e,"[[6, 7, 8, 9, 10, 11], [0, 1, 2, 3, 4, 5]]",11.475190495451809,-0.2847922084294791,0.5353147092853611,-0.5842524085235027,,11.0,0.13423480554119666,0.13423480554119666,7.592214900188907,-0.0007231657337488317,-0.013393565415601461,"{""2"": 24, ""3"": 23, ""4"": 8, ""1"": 11}",0.13423480554119666,0.13416412526989055,66.01153361414228,1e-05,True,40,development_isotonic_frozen
s1-i7,development,1,structural,dprm_myopic,2,0.15,86ba829927308eb4,"[[1, 2, 3, 4, 6, 9], [0, 5, 7, 8, 10, 11]]",11.475190495451809,-0.2337481951470065,0.5882653971145128,-0.3648467192866905,,31.0,0.10240923194823262,0.10240923194823262,11.638684204726037,0.001591140938355494,1.0354320637523713,"{""1"": 31, ""2"": 25, ""3"": 8, ""4"": 2}",0.10240923194823262,0.10240741185247412,37.645543269021694,1e-05,True,40,development_isotonic_frozen
s1-i7,development,1,structural,dprm_rollout,2,0.15,8445f597bd6103f3,"[[0, 1, 3, 4, 7, 10], [2, 5, 6, 8, 9, 11]]",11.475190495451809,-0.2116867503280364,0.6166481981244906,-0.7479674391563801,,25.0,0.17132654342846088,0.17132654342846088,10.482550117715428,0.0007813907869774634,1.0128501087392625,"{""2"": 25, ""1"": 25, ""3"": 11, ""4"": 5}",0.17132654342846088,0.171323966000328,43.73230913796704,1e-05,True,40,development_isotonic_frozen
s1-i7,development,1,structural,subset_exact,2,0.15,cd3968d7385e819e,"[[0, 3, 5, 6, 9, 11], [1, 2, 4, 7, 8, 10]]",11.475190495451809,-0.27410631367341826,0.5331971116230022,-0.21492144142904185,,27.0,0.1149168521759578,0.1149168521759578,12.024062233729573,0.002175102156939034,0.0441661864928824,"{""1"": 27, ""2"": 31, ""3"": 8}",0.1149168521759578,0.11490793311947595,54.4178665491407,1e-05,True,40,development_isotonic_frozen
s1-i7,development,1,structural,subset_beam_8,2,0.15,a0722df6b34b5a5d,"[[0, 2, 3, 5, 7, 9], [1, 4, 6, 8, 10, 11]]",11.475190495451809,-0.26416167709644,0.541728241141926,-0.46376862896507803,,31.0,0.1954894073820897,0.1954894073820897,12.409440262733108,0.00367607164903936,0.02286799490662289,"{""1"": 31, ""2"": 29, ""3"": 6}",0.1954894073820897,0.19548478358752353,53.34529631267205,1e-05,True,40,development_isotonic_frozen
s1-i7,development,1,structural,subset_beam_32,2,0.15,cd3968d7385e819e,"[[0, 3, 5, 6, 9, 11], [1, 2, 4, 7, 8, 10]]",11.475190495451809,-0.27410631367341826,0.5331971116230022,-0.21492144142904185,,27.0,0.1149168521759578,0.1149168521759578,12.024062233729573,0.002175102156939034,0.0441661864928824,"{""1"": 27, ""2"": 31, ""3"": 8}",0.1149168521759578,0.11490793311947595,54.4178665491407,1e-05,True,40,development_isotonic_frozen
s1-i7,development,1,structural,saps_diagonal,2,0.15,f6658aa58f66bd92,"[[0, 1, 3, 4, 5, 6], [2, 7, 8, 9, 10, 11]]",11.475190495451809,-0.23625336189711074,0.582539207944202,-0.30981290422693747,,37.0,0.16429461815389917,0.16429461815389917,11.2533061757225,-0.00017736317062031168,1.025485484542026,"{""2"": 17, ""1"": 37, ""3"": 9, ""4"": 3}",0.16429461815389917,0.16429318216609962,39.94237517362875,1e-05,True,40,development_isotonic_frozen
s1-i7,development,1,structural,p_saps_residualized,2,0.15,a7e078c18d0dece7,"[[1, 2, 4, 5, 9, 10], [0, 3, 6, 7, 8, 11]]",11.475190495451809,-0.2242862189292402,0.6011027786634895,-0.5378858572204918,,30.0,0.09988180269966968,0.09988180269966968,11.831373219227805,0.0034451120696957866,1.0206165961418239,"{""1"": 30, ""2"": 27, ""3"": 9}",0.09988180269966968,0.09988096022453499,48.546366825865086,1e-05,True,80,development_isotonic_frozen
s1-i7,development,1,structural,p_saps_projection,2,0.15,ae9d0b99be2544a0,"[[0, 2, 3, 6, 7, 11], [1, 4, 5, 8, 9, 10]]",11.475190495451809,-0.28087758605029167,0.5316055537403627,-0.4387369803916473,,26.0,0.204858233737433,0.204858233737433,11.2533061757225,0.00011612303342786387,0.040904364311028445,"{""1"": 26, ""2"": 28, ""3"": 12}",0.204858233737433,0.2048508402242397,54.07105491042488,1e-05,True,640,development_isotonic_frozen
s1-i7,development,1,structural,b_saps_budgeted,2,0.15,924a35a2c609cee9,"[[1, 3, 5, 6, 9, 10], [0, 2, 4, 7, 8, 11]]",11.475190495451809,-0.2274261898439229,0.5879676994008637,-0.20415042471840822,,33.0,0.1761830732376019,0.1761830732376019,13.180196320740182,-0.12969401640462658,1.0339721481572512,"{""1"": 33, ""2"": 31, ""3"": 2}",0.1761830732376019,0.17618068038972212,49.413572311385245,1e-05,True,40,development_isotonic_frozen
s1-i7,development,1,structural,random_balanced,3,0.01,1c4272b5c4885c46,"[[2, 5, 6, 8], [0, 4, 9, 11], [1, 3, 7, 10]]",2.2579595436439814,-0.580169726305421,1.0509682232268032,-0.508140932527767,,41.0,0.13640734152274048,0.13640734152274048,2.2045167142086206,0.0,0.008053287869140698,"{""1"": 41, ""2"": 20, ""3"": 5}",0.13640734152274048,0.13631257423743887,50.6991527180059,1e-05,True,40,development_isotonic_frozen
s1-i7,development,1,structural,confidence,3,0.01,808906adc096a510,"[[1, 3, 4, 10], [0, 2, 5, 9], [6, 7, 8, 11]]",2.2579595436439814,-0.41098295998723616,1.2447872658760353,-0.44301522099919544,,38.0,0.15041684292967822,0.15041684292967822,2.0960978594114756,0.0,-0.00804732907984723,"{""1"": 38, ""2"": 20, ""3"": 7, ""4"": 1}",0.15041684292967822,0.1504146718589195,34.84634131822869,1e-05,True,40,development_isotonic_frozen
s1-i7,development,1,structural,entropy,3,0.01,808906adc096a510,"[[1, 3, 4, 10], [0, 2, 5, 9], [6, 7, 8, 11]]",2.2579595436439814,-0.41098295998723616,1.2447872658760353,-0.44301522099919544,,38.0,0.15041684292967822,0.15041684292967822,2.0960978594114756,0.0,-0.00804732907984723,"{""1"": 38, ""2"": 20, ""3"": 7, ""4"": 1}",0.15041684292967822,0.1504146718589195,34.84634131822869,1e-05,True,40,development_isotonic_frozen
s1-i7,development,1,structural,dependency_cmi,3,0.01,e9fadd11ccb8c2ff,"[[2, 7, 9, 10], [1, 6, 8, 11], [0, 3, 4, 5]]",2.2579595436439814,-0.5268980784168155,1.1107603720952381,-0.034519690213293666,,37.0,0.13803289215990255,0.13803289215990255,2.276795950740051,0.0,-0.9762260592227385,"{""1"": 37, ""2"": 26, ""3"": 3}",0.13803289215990255,0.13802424109377615,51.09526809591199,1e-05,True,40,development_isotonic_frozen
s1-i7,development,1,structural,min_within_batch_tc,3,0.01,b3a6653c4feb4730,"[[7, 9, 10, 11], [0, 4, 5, 8], [1, 2, 3, 6]]",2.2579595436439814,-0.534170403299229,1.110175414033913,-0.17755355697463945,,35.0,0.12301590484597597,0.12301590484597597,2.2045167142086206,0.0,0.0,"{""1"": 35, ""2"": 26, ""3"": 5}",0.12301590484597597,0.12289214380819538,55.83842634109632,1e-05,True,40,development_isotonic_frozen
s1-i7,development,1,structural,dprm_myopic,3,0.01,c7918099fb4fc426,"[[2, 3, 4, 6], [0, 1, 9, 10], [5, 7, 8, 11]]",2.2579595436439814,-0.461116311607316,1.1872262671397655,-0.318595505705814,,33.0,0.17965465241579823,0.17965465241579823,2.240656332474336,0.0,-0.023397734927018576,"{""2"": 29, ""1"": 33, ""3"": 4}",0.17965465241579823,0.1796476819901323,46.56094222233578,1e-05,True,40,development_isotonic_frozen
s1-i7,development,1,structural,dprm_rollout,3,0.01,7e7f5f94d0128ce5,"[[1, 2, 4, 6], [0, 7, 8, 10], [3, 5, 9, 11]]",2.2579595436439814,-0.4972830135007791,1.1542030173258084,-0.2400772258961874,,50.0,0.09345202701908249,0.09345202701908249,2.385214805537196,0.0,0.023773940777261512,"{""1"": 50, ""2"": 16}",0.09345202701908249,0.09345045572406624,44.3227336061654,1e-05,True,40,development_isotonic_frozen
s1-i7,development,1,structural,subset_exact,3,0.01,96a6924576c54553,"[[1, 4, 6, 10], [0, 2, 3, 5], [7, 8, 9, 11]]",2.2579595436439814,-0.44454413492840533,1.209637023320041,-0.4013737644324245,,34.0,0.13767328671136725,0.13767328671136725,2.05995824114576,0.0,0.0005035146670754227,"{""1"": 34, ""2"": 23, ""3"": 9}",0.13767328671136725,0.13636426902867743,42.355655080364315,1e-05,True,40,development_isotonic_frozen
s1-i7,development,1,structural,subset_beam_8,3,0.01,8fca339f66514a1a,"[[1, 3, 8, 10], [0, 2, 4, 5], [6, 7, 9, 11]]",2.2579595436439814,-0.44278830930451285,1.211461994607355,-0.47290873086724644,,38.0,0.19369958240019292,0.19369958240019292,2.1683770959429056,0.0,0.0,"{""1"": 38, ""2"": 22, ""3"": 6}",0.19369958240019292,0.1936972293920878,35.52843011365808,1e-05,True,40,development_isotonic_frozen
s1-i7,development,1,structural,subset_beam_32,3,0.01,8fca339f66514a1a,"[[1, 3, 8, 10], [0, 2, 4, 5], [6, 7, 9, 11]]",2.2579595436439814,-0.44278830930451285,1.211461994607355,-0.47290873086724644,,38.0,0.19369958240019292,0.19369958240019292,2.1683770959429056,0.0,0.0,"{""1"": 38, ""2"": 22, ""3"": 6}",0.19369958240019292,0.1936972293920878,35.52843011365808,1e-05,True,40,development_isotonic_frozen
s1-i7,development,1,structural,saps_diagonal,3,0.01,c0189a0077bbd254,"[[2, 4, 6, 8], [0, 3, 9, 11], [1, 5, 7, 10]]",2.2579595436439814,-0.5442669762159281,1.1034774240290923,-0.12349475519944694,,54.0,0.10396517472467114,0.10396517472467114,2.385214805537196,-8.83709872619227e-06,0.023773940777261512,"{""1"": 54, ""2"": 12}",0.10396517472467114,0.10396412920021375,46.4825913113701,1e-05,True,40,development_isotonic_frozen
s1-i7,development,1,structural,p_saps_residualized,3,0.01,db919a7d868069fc,"[[1, 3, 4, 11], [0, 5, 7, 9], [2, 6, 8, 10]]",2.2579595436439814,-0.4843268203302857,1.1640890011024734,-0.21156637211542625,,49.0,0.15747311756442053,0.15747311756442053,2.349075187271481,0.0,-0.006265514825204209,"{""1"": 49, ""2"": 16, ""3"": 1}",0.15747311756442053,0.15747020624370056,36.07692486446114,1e-05,True,80,development_isotonic_frozen
s1-i7,development,1,structural,p_saps_projection,3,0.01,3447524f3521e29d,"[[0, 6, 9, 10], [1, 3, 4, 5], [2, 7, 8, 11]]",2.2579595436439814,-0.46773269716981897,1.1656278193393874,-0.13907075268467897,,38.0,0.17402761735908392,0.17402761735908392,2.2045167142086206,0.0,0.0035669954793640106,"{""1"": 38, ""2"": 23, ""3"": 5}",0.17402761735908392,0.1740254311549876,41.68836533226029,1e-05,True,640,development_isotonic_frozen
s1-i7,development,1,structural,b_saps_budgeted,3,0.01,c6bebb7d80c54aec,"[[2, 3, 5, 8], [0, 4, 9, 11], [1, 6, 7, 10]]",2.2579595436439814,-0.5313682781511736,1.1059827206708481,-0.3722250927002083,,47.0,0.1680518479962915,0.1680518479962915,2.385214805537196,0.0,0.014318802694344906,"{""1"": 47, ""2"": 19}",0.1680518479962915,0.16801816014658105,51.93676022989167,1e-05,True,40,development_isotonic_frozen
s1-i7,development,1,structural,random_balanced,3,0.05,1c4272b5c4885c46,"[[2, 5, 6, 8], [0, 4, 9, 11], [1, 3, 7, 10]]",6.165511861910957,-0.580169726305421,1.0509682232268032,-0.508140932527767,,41.0,0.13640734152274048,0.13640734152274048,6.066441203952642,0.0,-0.008500033941229244,"{""1"": 41, ""2"": 20, ""3"": 5}",0.13640734152274048,0.13631257423743887,50.6991527180059,1e-05,True,40,development_isotonic_frozen
s1-i7,development,1,structural,confidence,3,0.05,808906adc096a510,"[[1, 3, 4, 10], [0, 2, 5, 9], [6, 7, 8, 11]]",6.165511861910957,-0.41098295998723616,1.2447872658760353,-0.44301522099919544,,38.0,0.15041684292967822,0.15041684292967822,5.742384425856323,-0.00031835712765736386,0.029165159310853343,"{""1"": 38, ""2"": 20, ""3"": 7, ""4"": 1}",0.15041684292967822,0.1504146718589195,34.84634131822869,1e-05,True,40,development_isotonic_frozen
s1-i7,development,1,structural,entropy,3,0.05,808906adc096a510,"[[1, 3, 4, 10], [0, 2, 5, 9], [6, 7, 8, 11]]",6.165511861910957,-0.41098295998723616,1.2447872658760353,-0.44301522099919544,,38.0,0.15041684292967822,0.15041684292967822,5.742384425856323,-0.00031835712765736386,0.029165159310853343,"{""1"": 38, ""2"": 20, ""3"": 7, ""4"": 1}",0.15041684292967822,0.1504146718589195,34.84634131822869,1e-05,True,40,development_isotonic_frozen
s1-i7,development,1,structural,dependency_cmi,3,0.05,e9fadd11ccb8c2ff,"[[2, 7, 9, 10], [1, 6, 8, 11], [0, 3, 4, 5]]",6.165511861910957,-0.5268980784168155,1.1107603720952381,-0.034519690213293666,,37.0,0.13803289215990255,0.13803289215990255,6.125665070815104,1.5043448480180915e-05,0.042808585174874125,"{""1"": 37, ""2"": 26, ""3"": 3}",0.13803289215990255,0.13802424109377615,51.09526809591199,1e-05,True,40,development_isotonic_frozen
s1-i7,development,1,structural,min_within_batch_tc,3,0.05,b3a6653c4feb4730,"[[7, 9, 10, 11], [0, 4, 5, 8], [1, 2, 3, 6]]",6.165511861910957,-0.534170403299229,1.110175414033913,-0.17755355697463945,,35.0,0.12301590484597597,0.12301590484597597,5.909627218750892,0.0,-0.013319727089092796,"{""1"": 35, ""2"": 26, ""3"": 5}",0.12301590484597597,0.12289214380819538,55.83842634109632,1e-05,True,40,development_isotonic_frozen
s1-i7,development,1,structural,dprm_myopic,3,0.05,c7918099fb4fc426,"[[2, 3, 4, 6], [0, 1, 9, 10], [5, 7, 8, 11]]",6.165511861910957,-0.461116311607316,1.1872262671397655,-0.318595505705814,,33.0,0.17965465241579823,0.17965465241579823,5.939239152182123,4.722453585791393e-05,-0.007543814412771809,"{""2"": 29, ""1"": 33, ""3"": 4}",0.17965465241579823,0.1796476819901323,46.56094222233578,1e-05,True,40,development_isotonic_frozen
s1-i7,development,1,structural,dprm_rollout,3,0.05,e53365a7305e929c,"[[0, 2, 4, 7], [1, 3, 10, 11], [5, 6, 8, 9]]",6.165511861910957,-0.48942436546364537,1.1613888311274791,-0.17318433811784636,,37.0,0.12736482283789302,0.12736482283789302,6.125665070815104,0.0019764892987466807,0.035124428208922275,"{""1"": 37, ""2"": 26, ""3"": 3}",0.12736482283789302,0.12736338029507027,44.88094569621513,1e-05,True,40,development_isotonic_frozen
s1-i7,development,1,structural,subset_exact,3,0.05,72caf7b065df3927,"[[1, 7, 8, 10], [0, 2, 3, 4], [5, 6, 9, 11]]",6.165511861910957,-0.47272100553391966,1.1815433652909284,-0.22460950043480427,,33.0,0.18704562379656398,0.18704562379656398,5.857355890350308,0.0,0.02383956074874835,"{""1"": 33, ""2"": 28, ""3"": 5}",0.18704562379656398,0.1870439602000515,41.610155581393755,1e-05,True,40,development_isotonic_frozen
s1-i7,development,1,structural,subset_beam_8,3,0.05,f16ccedb37f41fc2,"[[2, 6, 8, 11], [1, 3, 4, 10], [0, 5, 7, 9]]",6.165511861910957,-0.5333602454424597,1.1206436787575325,-0.2460694720627097,,42.0,0.1863253719512004,0.1863253719512004,6.092576868152933,-7.714318172809264e-06,0.04855535834052267,"{""1"": 42, ""2"": 19, ""3"": 4, ""4"": 1}",0.1863253719512004,0.1863220043001055,38.69498181216136,1e-05,True,40,development_isotonic_frozen
s1-i7,development,1,structural,subset_beam_32,3,0.05,f16ccedb37f41fc2,"[[2, 6, 8, 11], [1, 3, 4, 10], [0, 5, 7, 9]]",6.165511861910957,-0.5333602454424597,1.1206436787575325,-0.2460694720627097,,42.0,0.1863253719512004,0.1863253719512004,6.092576868152933,-7.714318172809264e-06,0.04855535834052267,"{""1"": 42, ""2"": 19, ""3"": 4, ""4"": 1}",0.1863253719512004,0.1863220043001055,38.69498181216136,1e-05,True,40,development_isotonic_frozen
s1-i7,development,1,structural,saps_diagonal,3,0.05,c0189a0077bbd254,"[[2, 4, 6, 8], [0, 3, 9, 11], [1, 5, 7, 10]]",6.165511861910957,-0.5442669762159281,1.1034774240290923,-0.12349475519944694,,54.0,0.10396517472467114,0.10396517472467114,6.815621147715505,-7.448324406314551e-06,0.020804498518557896,"{""1"": 54, ""2"": 12}",0.10396517472467114,0.10396412920021375,46.4825913113701,1e-05,True,40,development_isotonic_frozen
s1-i7,development,1,structural,p_saps_residualized,3,0.05,db919a7d868069fc,"[[1, 3, 4, 11], [0, 5, 7, 9], [2, 6, 8, 10]]",6.165511861910957,-0.4843268203302857,1.1640890011024734,-0.21156637211542625,,49.0,0.15747311756442053,0.15747311756442053,6.603059564882233,0.0,-0.023691145921406462,"{""1"": 49, ""2"": 16, ""3"": 1}",0.15747311756442053,0.15747020624370056,36.07692486446114,1e-05,True,80,development_isotonic_frozen
s1-i7,development,1,structural,p_saps_projection,3,0.05,3447524f3521e29d,"[[0, 6, 9, 10], [1, 3, 4, 5], [2, 7, 8, 11]]",6.165511861910957,-0.46773269716981897,1.1656278193393874,-0.13907075268467897,,38.0,0.17402761735908392,0.17402761735908392,5.988034211351766,0.0,-0.023193741217383594,"{""1"": 38, ""2"": 23, ""3"": 5}",0.17402761735908392,0.1740254311549876,41.68836533226029,1e-05,True,640,development_isotonic_frozen
s1-i7,development,1,structural,b_saps_budgeted,3,0.05,c0189a0077bbd254,"[[2, 4, 6, 8], [0, 3, 9, 11], [1, 5, 7, 10]]",6.165511861910957,-0.5442669762159281,1.1034774240290923,-0.12349475519944694,,54.0,0.10396517472467114,0.10396517472467114,6.815621147715505,-7.448324406314551e-06,0.020804498518557896,"{""1"": 54, ""2"": 12}",0.10396517472467114,0.10396412920021375,46.4825913113701,1e-05,True,40,development_isotonic_frozen
s1-i7,development,1,structural,random_balanced,3,0.15,1c4272b5c4885c46,"[[2, 5, 6, 8], [0, 4, 9, 11], [1, 3, 7, 10]]",12.887075456255673,-0.580169726305421,1.0509682232268032,-0.508140932527767,,41.0,0.13640734152274048,0.13640734152274048,12.602129277234877,0.0009633145735374308,0.01623767710293362,"{""1"": 41, ""2"": 20, ""3"": 5}",0.13640734152274048,0.13631257423743887,50.6991527180059,1e-05,True,40,development_isotonic_frozen
s1-i7,development,1,structural,confidence,3,0.15,808906adc096a510,"[[1, 3, 4, 10], [0, 2, 5, 9], [6, 7, 8, 11]]",12.887075456255673,-0.41098295998723616,1.2447872658760353,-0.44301522099919544,,38.0,0.15041684292967822,0.15041684292967822,12.024062233729573,-0.0002865964323768616,1.0365907457869443,"{""1"": 38, ""2"": 20, ""3"": 7, ""4"": 1}",0.15041684292967822,0.1504146718589195,34.84634131822869,1e-05,True,40,development_isotonic_frozen
s1-i7,development,1,structural,entropy,3,0.15,808906adc096a510,"[[1, 3, 4, 10], [0, 2, 5, 9], [6, 7, 8, 11]]",12.887075456255673,-0.41098295998723616,1.2447872658760353,-0.44301522099919544,,38.0,0.15041684292967822,0.15041684292967822,12.024062233729573,-0.0002865964323768616,1.0365907457869443,"{""1"": 38, ""2"": 20, ""3"": 7, ""4"": 1}",0.15041684292967822,0.1504146718589195,34.84634131822869,1e-05,True,40,development_isotonic_frozen
s1-i7,development,1,structural,dependency_cmi,3,0.15,e9fadd11ccb8c2ff,"[[2, 7, 9, 10], [1, 6, 8, 11], [0, 3, 4, 5]]",12.887075456255673,-0.5268980784168155,1.1107603720952381,-0.034519690213293666,,37.0,0.13803289215990255,0.13803289215990255,12.987507306238413,2.4130664219992072e-05,1.0015143383465506,"{""1"": 37, ""2"": 26, ""3"": 3}",0.13803289215990255,0.13802424109377615,51.09526809591199,1e-05,True,40,development_isotonic_frozen
s1-i7,development,1,structural,min_within_batch_tc,3,0.15,b3a6653c4feb4730,"[[7, 9, 10, 11], [0, 4, 5, 8], [1, 2, 3, 6]]",12.887075456255673,-0.534170403299229,1.110175414033913,-0.17755355697463945,,35.0,0.12301590484597597,0.12301590484597597,12.602129277234877,0.12365360760979376,-0.013393565415601461,"{""1"": 35, ""2"": 26, ""3"": 5}",0.12301590484597597,0.12289214380819538,55.83842634109632,1e-05,True,40,development_isotonic_frozen
s1-i7,development,1,structural,dprm_myopic,3,0.15,c7918099fb4fc426,"[[2, 3, 4, 6], [0, 1, 9, 10], [5, 7, 8, 11]]",12.887075456255673,-0.461116311607316,1.1872262671397655,-0.318595505705814,,33.0,0.17965465241579823,0.17965465241579823,12.794818291736645,-0.0012711178680532634,1.0593530347230566,"{""2"": 29, ""1"": 33, ""3"": 4}",0.17965465241579823,0.1796476819901323,46.56094222233578,1e-05,True,40,development_isotonic_frozen
s1-i7,development,1,structural,dprm_rollout,3,0.15,5964022e9091928c,"[[0, 1, 4, 7], [3, 6, 9, 10], [2, 5, 8, 11]]",12.887075456255673,-0.4681230723975916,1.17644081095227,-0.4842225480229603,,48.0,0.11215774784672358,0.11215774784672358,12.794818291736645,-0.12932942759370966,-0.0025154856316411105,"{""2"": 14, ""1"": 48, ""3"": 4}",0.11215774784672358,0.11215471054398374,35.794393065923494,1e-05,True,40,development_isotonic_frozen
s1-i7,development,1,structural,subset_exact,3,0.15,63d98818707cbf4b,"[[0, 2, 3, 9], [1, 4, 5, 10], [6, 7, 8, 11]]",12.887075456255673,-0.4581775407280593,1.1740112900121569,-0.18902487948706037,,35.0,0.16686776398348663,0.16686776398348663,12.409440262733108,1.405024688004906e-05,0.03312480406230136,"{""1"": 35, ""2"": 25, ""3"": 6}",0.16686776398348663,0.1668579621483175,45.59033464567332,1e-05,True,40,development_isotonic_frozen
s1-i7,development,1,structural,subset_beam_8,3,0.15,75e4d82f0d67e122,"[[0, 7, 9, 11], [1, 3, 4, 10], [2, 5, 6, 8]]",12.887075456255673,-0.5091780804972558,1.127972320925818,-0.4468172278281058,,30.0,0.12006247511942703,0.12006247511942703,11.831373219227805,-0.000155488801425953,-0.0025664876335221645,"{""1"": 30, ""2"": 27, ""3"": 8, ""4"": 1}",0.12006247511942703,0.12006190573154696,44.25482460571026,1e-05,True,40,development_isotonic_frozen
s1-i7,development,1,structural,subset_beam_32,3,0.15,63d98818707cbf4b,"[[0, 2, 3, 9], [1, 4, 5, 10], [6, 7, 8, 11]]",12.887075456255673,-0.4581775407280593,1.1740112900121569,-0.18902487948706037,,35.0,0.16686776398348663,0.16686776398348663,12.409440262733108,1.405024688004906e-05,0.03312480406230136,"{""1"": 35, ""2"": 25, ""3"": 6}",0.16686776398348663,0.1668579621483175,45.59033464567332,1e-05,True,40,development_isotonic_frozen
s1-i7,development,1,structural,saps_diagonal,3,0.15,c0189a0077bbd254,"[[2, 4, 6, 8], [0, 3, 9, 11], [1, 5, 7, 10]]",12.887075456255673,-0.5442669762159281,1.1034774240290923,-0.12349475519944694,,54.0,0.10396517472467114,0.10396517472467114,13.565574349743716,-1.976206614961212e-05,0.02752096501212939,"{""1"": 54, ""2"": 12}",0.10396517472467114,0.10396412920021375,46.4825913113701,1e-05,True,40,development_isotonic_frozen
s1-i7,development,1,structural,p_saps_residualized,3,0.15,db919a7d868069fc,"[[1, 3, 4, 11], [0, 5, 7, 9], [2, 6, 8, 10]]",12.887075456255673,-0.4843268203302857,1.1640890011024734,-0.21156637211542625,,49.0,0.15747311756442053,0.15747311756442053,13.37288533524195,0.00029521757915142426,0.003459974806963314,"{""1"": 49, ""2"": 16, ""3"": 1}",0.15747311756442053,0.15747020624370056,36.07692486446114,1e-05,True,80,development_isotonic_frozen
s1-i7,development,1,structural,p_saps_projection,3,0.15,3447524f3521e29d,"[[0, 6, 9, 10], [1, 3, 4, 5], [2, 7, 8, 11]]",12.887075456255673,-0.46773269716981897,1.1656278193393874,-0.13907075268467897,,38.0,0.17402761735908392,0.17402761735908392,12.602129277234877,0.0001680711412334781,0.009110427321197025,"{""1"": 38, ""2"": 23, ""3"": 5}",0.17402761735908392,0.1740254311549876,41.68836533226029,1e-05,True,640,development_isotonic_frozen
s1-i7,development,1,structural,b_saps_budgeted,3,0.15,c6bebb7d80c54aec,"[[2, 3, 5, 8], [0, 4, 9, 11], [1, 6, 7, 10]]",12.887075456255673,-0.5313682781511736,1.1059827206708481,-0.3722250927002083,,47.0,0.1680518479962915,0.1680518479962915,13.565574349743716,0.0004171997566005105,1.0419409544596068,"{""1"": 47, ""2"": 19}",0.1680518479962915,0.16801816014658105,51.93676022989167,1e-05,True,40,development_isotonic_frozen
s1-i7,development,1,structural,random_balanced,4,0.01,6bfbb0f0a11c302a,"[[2, 5, 6], [0, 8, 9], [4, 10, 11], [1, 3, 7]]",2.3411901796498706,-0.8386335437576274,1.6017095864213993,-0.4637399520783978,,40.0,0.1260755292349347,0.1260755292349347,2.240656332474336,0.0,0.008053287869140698,"{""1"": 40, ""2"": 22, ""3"": 4}",0.1260755292349347,0.12607032783521846,53.08991048263704,1e-05,True,40,development_isotonic_frozen
s1-i7,development,1,structural,confidence,4,0.01,d914df47c08ba448,"[[1, 3, 10], [0, 4, 9], [2, 5, 6], [7, 8, 11]]",2.3411901796498706,-0.6331288038035786,1.8368989463955856,-0.44992945463942075,,39.0,0.1631493043502761,0.1631493043502761,2.312935569005766,0.0,0.0,"{""1"": 39, ""2"": 25, ""3"": 2}",0.1631493043502761,0.16314467253222617,31.961075676157304,1e-05,True,40,development_isotonic_frozen
s1-i7,development,1,structural,entropy,4,0.01,8b7d152fcd64901f,"[[3, 4, 10], [1, 2, 9], [0, 5, 8], [6, 7, 11]]",2.3411901796498706,-0.6400424078315116,1.846906985939352,-0.03825723134055064,,49.0,0.10654065568864611,0.10654065568864611,2.385214805537196,0.0,0.006271473614497676,"{""1"": 49, ""2"": 17}",0.10654065568864611,0.10653721153874773,29.652752044323325,1e-05,True,40,development_isotonic_frozen
s1-i7,development,1,structural,dependency_cmi,4,0.01,8948e75104d0d5ed,"[[2, 7, 10], [1, 6, 11], [3, 5, 9], [0, 4, 8]]",2.3411901796498706,-0.7678866116045829,1.6907072887514591,-0.007329193429357035,,60.0,0.08571986202091658,0.08571986202091658,2.385214805537196,0.0,-0.9959571941686169,"{""1"": 60, ""2"": 6}",0.08571986202091658,0.08571866768218807,32.913255937559995,1e-05,True,40,development_isotonic_frozen
s1-i7,development,1,structural,min_within_batch_tc,4,0.01,cbd0946369633715,"[[7, 10, 11], [6, 8, 9], [3, 4, 5], [0, 1, 2]]",2.3411901796498706,-0.8133560863096597,1.6578570972262996,-0.23797980506981525,,33.0,0.14160335902353655,0.14160335902353655,2.0960978594114756,0.0,0.0,"{""2"": 25, ""3"": 8, ""1"": 33}",0.14160335902353655,0.14158753712018293,52.870590359448755,1e-05,True,40,development_isotonic_frozen
s1-i7,development,1,structural,dprm_myopic,4,0.01,9282eaea00fe8dc6,"[[2, 5, 9], [0, 3, 4], [1, 6, 10], [7, 8, 11]]",2.3411901796498706,-0.7312221731910186,1.7153258934843514,-0.23517101451481956,,49.0,0.12237624790095897,0.12237624790095897,2.385214805537196,2.268842520445474e-05,0.0035392911643076816,"{""1"": 49, ""2"": 17}",0.12237624790095897,0.12237395927091868,40.54085984182112,1e-05,True,40,development_isotonic_frozen
s1-i7,development,1,structural,dprm_rollout,4,0.01,b0a4e57f6ee22140,"[[0, 2, 5], [1, 3, 4], [6, 8, 10], [7, 9, 11]]",2.3411901796498706,-0.7266852956713784,1.7290574747935537,-0.41409417995867653,,45.0,0.19767707765825251,0.19767707765825251,2.276795950740051,0.0,0.014318802694344906,"{""1"": 45, ""2"": 18, ""3"": 3}",0.19767707765825251,0.19765705345243784,33.79878105068495,1e-05,True,40,development_isotonic_frozen
s1-i7,development,1,structural,subset_exact,4,0.01,291ef03dae5a4b35,"[[1, 7, 10], [0, 3, 4], [2, 5, 9], [6, 8, 11]]",2.3411901796498706,-0.6684578343234979,1.8031615827414935,-0.23282027232864722,,49.0,0.1308112152427681,0.1308112152427681,2.385214805537196,0.0,0.0,"{""1"": 49, ""2"": 17}",0.1308112152427681,0.13080995127235046,29.571440699233204,1e-05,True,40,development_isotonic_frozen
s1-i7,development,1,structural,subset_beam_8,4,0.01,291ef03dae5a4b35,"[[1, 7, 10], [0, 3, 4], [2, 5, 9], [6, 8, 11]]",2.3411901796498706,-0.6684578343234979,1.8031615827414935,-0.23282027232864722,,49.0,0.1308112152427681,0.1308112152427681,2.385214805537196,0.0,0.0,"{""1"": 49, ""2"": 17}",0.1308112152427681,0.13080995127235046,29.571440699233204,1e-05,True,40,development_isotonic_frozen
s1-i7,development,1,structural,subset_beam_32,4,0.01,291ef03dae5a4b35,"[[1, 7, 10], [0, 3, 4], [2, 5, 9], [6, 8, 11]]",2.3411901796498706,-0.6684578343234979,1.8031615827414935,-0.23282027232864722,,49.0,0.1308112152427681,0.1308112152427681,2.385214805537196,0.0,0.0,"{""1"": 49, ""2"": 17}",0.1308112152427681,0.13080995127235046,29.571440699233204,1e-05,True,40,development_isotonic_frozen
s1-i7,development,1,structural,saps_diagonal,4,0.01,ea83178d3c8f362e,"[[0, 3, 6], [2, 7, 9], [4, 8, 11], [1, 5, 10]]",2.3411901796498706,-0.8056595289384055,1.6336723894759284,-0.026619302803351518,,62.0,0.06495479856335326,0.06495479856335326,2.385214805537196,5.387807610321336e-05,-0.004513996704833016,"{""1"": 62, ""2"": 4}",0.06495479856335326,0.0649362423080587,51.69362932186616,1e-05,True,40,development_isotonic_frozen
s1-i7,development,1,structural,p_saps_residualized,4,0.01,96824edfd60ea30b,"[[1, 4, 11], [0, 5, 7], [2, 3, 10], [6, 8, 9]]",2.3411901796498706,-0.7454922587869839,1.7312403902857376,-0.05576770293368139,,50.0,0.16497509027551824,0.16497509027551824,2.349075187271481,2.563613907713115e-07,0.0,"{""1"": 50, ""2"": 15, ""3"": 1}",0.16497509027551824,0.16497164508644782,39.766274166754364,1e-05,True,80,development_isotonic_frozen
s1-i7,development,1,structural,p_saps_projection,4,0.01,96824edfd60ea30b,"[[1, 4, 11], [0, 5, 7], [2, 3, 10], [6, 8, 9]]",2.3411901796498706,-0.7454922587869839,1.7312403902857376,-0.05576770293368139,,50.0,0.16497509027551824,0.16497509027551824,2.349075187271481,2.563613907713115e-07,0.0,"{""1"": 50, ""2"": 15, ""3"": 1}",0.16497509027551824,0.16497164508644782,39.766274166754364,1e-05,True,640,development_isotonic_frozen
s1-i7,development,1,structural,b_saps_budgeted,4,0.01,1adac60962423856,"[[1, 2, 5], [0, 8, 9], [4, 10, 11], [3, 6, 7]]",2.3411901796498706,-0.7678259934424433,1.6801600203563216,-0.2969113771998001,,44.0,0.1146599674325687,0.1146599674325687,2.385214805537196,0.0,-1.0070671814481713,"{""1"": 44, ""2"": 22}",0.1146599674325687,0.11462156625328442,43.46169085989449,1e-05,True,40,development_isotonic_frozen
s1-i7,development,1,structural,random_balanced,4,0.05,6bfbb0f0a11c302a,"[[2, 5, 6], [0, 8, 9], [4, 10, 11], [1, 3, 7]]",6.562147222051397,-0.8386335437576274,1.6017095864213993,-0.4637399520783978,,40.0,0.1260755292349347,0.1260755292349347,6.122188801584164,-0.0005587596497868205,0.0020215590893942767,"{""1"": 40, ""2"": 22, ""3"": 4}",0.1260755292349347,0.12607032783521846,53.08991048263704,1e-05,True,40,development_isotonic_frozen
s1-i7,development,1,structural,confidence,4,0.05,d914df47c08ba448,"[[1, 3, 10], [0, 4, 9], [2, 5, 6], [7, 8, 11]]",6.562147222051397,-0.6331288038035786,1.8368989463955856,-0.44992945463942075,,39.0,0.1631493043502761,0.1631493043502761,6.259819661047501,0.00015054573003371507,0.003259580072461467,"{""1"": 39, ""2"": 25, ""3"": 2}",0.1631493043502761,0.16314467253222617,31.961075676157304,1e-05,True,40,development_isotonic_frozen
s1-i7,development,1,structural,entropy,4,0.05,8b7d152fcd64901f,"[[3, 4, 10], [1, 2, 9], [0, 5, 8], [6, 7, 11]]",6.562147222051397,-0.6400424078315116,1.846906985939352,-0.03825723134055064,,49.0,0.10654065568864611,0.10654065568864611,6.684942826714047,-3.140959262458835e-05,-0.018941913744389607,"{""1"": 49, ""2"": 17}",0.10654065568864611,0.10653721153874773,29.652752044323325,1e-05,True,40,development_isotonic_frozen
s1-i7,development,1,structural,dependency_cmi,4,0.05,8948e75104d0d5ed,"[[2, 7, 10], [1, 6, 11], [3, 5, 9], [0, 4, 8]]",6.562147222051397,-0.7678866116045829,1.6907072887514591,-0.007329193429357035,,60.0,0.08571986202091658,0.08571986202091658,6.972435132917255,8.75770060993346e-06,0.05159042057071313,"{""1"": 60, ""2"": 6}",0.08571986202091658,0.08571866768218807,32.913255937559995,1e-05,True,40,development_isotonic_frozen
s1-i7,development,1,structural,min_within_batch_tc,4,0.05,cbd0946369633715,"[[7, 10, 11], [6, 8, 9], [3, 4, 5], [0, 1, 2]]",6.562147222051397,-0.8133560863096597,1.6578570972262996,-0.23797980506981525,,33.0,0.14160335902353655,0.14160335902353655,5.611706104854865,0.00010739807673061639,-1.0283495516265813,"{""2"": 25, ""3"": 8, ""1"": 33}",0.14160335902353655,0.14158753712018293,52.870590359448755,1e-05,True,40,development_isotonic_frozen
s1-i7,development,1,structural,dprm_myopic,4,0.05,9282eaea00fe8dc6,"[[2, 5, 9], [0, 3, 4], [1, 6, 10], [7, 8, 11]]",6.562147222051397,-0.7312221731910186,1.7153258934843514,-0.23517101451481956,,49.0,0.12237624790095897,0.12237624790095897,6.684942826714047,0.0008105253404575008,0.04433611653520657,"{""1"": 49, ""2"": 17}",0.12237624790095897,0.12237395927091868,40.54085984182112,1e-05,True,40,development_isotonic_frozen
s1-i7,development,1,structural,dprm_rollout,4,0.05,33c2e274e88b9619,"[[1, 2, 5], [0, 3, 4], [6, 8, 10], [7, 9, 11]]",6.562147222051397,-0.7127165266936805,1.7477103384575023,-0.2338099071870324,,49.0,0.12926976500895515,0.12926976500895515,6.684942826714047,1.7852216745933306e-05,0.045927822694155546,"{""1"": 49, ""2"": 17}",0.12926976500895515,0.1292538126316939,29.608953509522433,1e-05,True,40,development_isotonic_frozen
s1-i7,development,1,structural,subset_exact,4,0.05,2c32844fc890e8af,"[[1, 7, 8], [0, 3, 10], [2, 4, 9], [5, 6, 11]]",6.562147222051397,-0.7261834675256008,1.7401478122209042,-0.1818578013317113,,43.0,0.1257108151798927,0.1257108151798927,6.4462455796804825,0.0,0.01579223166890112,"{""1"": 43, ""2"": 22, ""3"": 1}",0.1257108151798927,0.12571000406249727,31.444610398933644,1e-05,True,40,development_isotonic_frozen
s1-i7,development,1,structural,subset_beam_8,4,0.05,0cd9fbe4930b957e,"[[6, 8, 11], [1, 3, 10], [0, 4, 9], [2, 5, 7]]",6.562147222051397,-0.774589910929217,1.6987745503975409,-0.32788214619226846,,46.0,0.12307253957823328,0.12307253957823328,6.524652572281357,0.0,1.0099241529501413,"{""1"": 46, ""2"": 19, ""3"": 1}",0.12307253957823328,0.12306736541855329,46.488603005667606,1e-05,True,40,development_isotonic_frozen
s1-i7,development,1,structural,subset_beam_32,4,0.05,0cd9fbe4930b957e,"[[6, 8, 11], [1, 3, 10], [0, 4, 9], [2, 5, 7]]",6.562147222051397,-0.774589910929217,1.6987745503975409,-0.32788214619226846,,46.0,0.12307253957823328,0.12307253957823328,6.524652572281357,0.0,1.0099241529501413,"{""1"": 46, ""2"": 19, ""3"": 1}",0.12307253957823328,0.12306736541855329,46.488603005667606,1e-05,True,40,development_isotonic_frozen
s1-i7,development,1,structural,saps_diagonal,4,0.05,ea83178d3c8f362e,"[[0, 3, 6], [2, 7, 9], [4, 8, 11], [1, 5, 10]]",6.562147222051397,-0.8056595289384055,1.6336723894759284,-0.026619302803351518,,62.0,0.06495479856335326,0.06495479856335326,7.024706461317837,-2.0226017317127332e-05,0.9826572591699654,"{""1"": 62, ""2"": 4}",0.06495479856335326,0.0649362423080587,51.69362932186616,1e-05,True,40,development_isotonic_frozen
s1-i7,development,1,structural,p_saps_residualized,4,0.05,96824edfd60ea30b,"[[1, 4, 11], [0, 5, 7], [2, 3, 10], [6, 8, 9]]",6.562147222051397,-0.7454922587869839,1.7312403902857376,-0.05576770293368139,,50.0,0.16497509027551824,0.16497509027551824,6.629195229082524,0.0,0.021188838744309102,"{""1"": 50, ""2"": 15, ""3"": 1}",0.16497509027551824,0.16497164508644782,39.766274166754364,1e-05,True,80,development_isotonic_frozen
s1-i7,development,1,structural,p_saps_projection,4,0.05,96824edfd60ea30b,"[[1, 4, 11], [0, 5, 7], [2, 3, 10], [6, 8, 9]]",6.562147222051397,-0.7454922587869839,1.7312403902857376,-0.05576770293368139,,50.0,0.16497509027551824,0.16497509027551824,6.629195229082524,0.0,0.021188838744309102,"{""1"": 50, ""2"": 15, ""3"": 1}",0.16497509027551824,0.16497164508644782,39.766274166754364,1e-05,True,640,development_isotonic_frozen
s1-i7,development,1,structural,b_saps_budgeted,4,0.05,ea83178d3c8f362e,"[[0, 3, 6], [2, 7, 9], [4, 8, 11], [1, 5, 10]]",6.562147222051397,-0.8056595289384055,1.6336723894759284,-0.026619302803351518,,62.0,0.06495479856335326,0.06495479856335326,7.024706461317837,-2.0226017317127332e-05,0.9826572591699654,"{""1"": 62, ""2"": 4}",0.06495479856335326,0.0649362423080587,51.69362932186616,1e-05,True,40,development_isotonic_frozen
s1-i7,development,1,structural,random_balanced,4,0.15,6bfbb0f0a11c302a,"[[2, 5, 6], [0, 8, 9], [4, 10, 11], [1, 3, 7]]",13.33084409571429,-0.8386335437576274,1.6017095864213993,-0.4637399520783978,,40.0,0.1260755292349347,0.1260755292349347,12.794818291736645,-0.0009596231076724225,0.03729617723842352,"{""1"": 40, ""2"": 22, ""3"": 4}",0.1260755292349347,0.12607032783521846,53.08991048263704,1e-05,True,40,development_isotonic_frozen
s1-i7,development,1,structural,confidence,4,0.15,d914df47c08ba448,"[[1, 3, 10], [0, 4, 9], [2, 5, 6], [7, 8, 11]]",13.33084409571429,-0.6331288038035786,1.8368989463955856,-0.44992945463942075,,39.0,0.1631493043502761,0.1631493043502761,13.180196320740182,-0.0002231013361206371,1.048898574834625,"{""1"": 39, ""2"": 25, ""3"": 2}",0.1631493043502761,0.16314467253222617,31.961075676157304,1e-05,True,40,development_isotonic_frozen
s1-i7,development,1,structural,entropy,4,0.15,8b7d152fcd64901f,"[[3, 4, 10], [1, 2, 9], [0, 5, 8], [6, 7, 11]]",13.33084409571429,-0.6400424078315116,1.846906985939352,-0.03825723134055064,,49.0,0.10654065568864611,0.10654065568864611,13.565574349743716,-0.1202700851768154,1.0320316684059794,"{""1"": 49, ""2"": 17}",0.10654065568864611,0.10653721153874773,29.652752044323325,1e-05,True,40,development_isotonic_frozen
s1-i7,development,1,structural,dependency_cmi,4,0.15,8948e75104d0d5ed,"[[2, 7, 10], [1, 6, 11], [3, 5, 9], [0, 4, 8]]",13.33084409571429,-0.7678866116045829,1.6907072887514591,-0.007329193429357035,,60.0,0.08571986202091658,0.08571986202091658,13.565574349743716,9.629683272610751e-06,1.0205989766919425,"{""1"": 60, ""2"": 6}",0.08571986202091658,0.08571866768218807,32.913255937559995,1e-05,True,40,development_isotonic_frozen
s1-i7,development,1,structural,min_within_batch_tc,4,0.15,cbd0946369633715,"[[7, 10, 11], [6, 8, 9], [3, 4, 5], [0, 1, 2]]",13.33084409571429,-0.8133560863096597,1.6578570972262996,-0.23797980506981525,,33.0,0.14160335902353655,0.14160335902353655,12.024062233729573,0.0,-0.01939216444139373,"{""2"": 25, ""3"": 8, ""1"": 33}",0.14160335902353655,0.14158753712018293,52.870590359448755,1e-05,True,40,development_isotonic_frozen
s1-i7,development,1,structural,dprm_myopic,4,0.15,9282eaea00fe8dc6,"[[2, 5, 9], [0, 3, 4], [1, 6, 10], [7, 8, 11]]",13.33084409571429,-0.7312221731910186,1.7153258934843514,-0.23517101451481956,,49.0,0.12237624790095897,0.12237624790095897,13.565574349743716,3.0976252761456476e-05,0.03213685901851749,"{""1"": 49, ""2"": 17}",0.12237624790095897,0.12237395927091868,40.54085984182112,1e-05,True,40,development_isotonic_frozen
s1-i7,development,1,structural,dprm_rollout,4,0.15,b66934431c474abc,"[[1, 6, 7], [0, 3, 10], [4, 5, 8], [2, 9, 11]]",13.33084409571429,-0.7358863131617719,1.7208980676993317,-0.03488890364403622,,51.0,0.11466541120135784,0.11466541120135784,13.565574349743716,1.6712504874748364e-05,0.025766493061159947,"{""1"": 51, ""2"": 15}",0.11466541120135784,0.11466323639209305,35.67272780098446,1e-05,True,40,development_isotonic_frozen
s1-i7,development,1,structural,subset_exact,4,0.15,86bfa856980b3561,"[[2, 3, 9], [0, 1, 10], [4, 5, 6], [7, 8, 11]]",13.33084409571429,-0.6826252668918936,1.7675594657303855,-0.15703157194211145,,46.0,0.1641237043084787,0.1641237043084787,13.180196320740182,0.0008355564296408567,1.02528982747628,"{""2"": 18, ""1"": 46, ""3"": 2}",0.1641237043084787,0.164114284081381,34.99251136613473,1e-05,True,40,development_isotonic_frozen
s1-i7,development,1,structural,subset_beam_8,4,0.15,86bfa856980b3561,"[[2, 3, 9], [0, 1, 10], [4, 5, 6], [7, 8, 11]]",13.33084409571429,-0.6826252668918936,1.7675594657303855,-0.15703157194211145,,46.0,0.1641237043084787,0.1641237043084787,13.180196320740182,0.0008355564296408567,1.02528982747628,"{""2"": 18, ""1"": 46, ""3"": 2}",0.1641237043084787,0.164114284081381,34.99251136613473,1e-05,True,40,development_isotonic_frozen
s1-i7,development,1,structural,subset_beam_32,4,0.15,86bfa856980b3561,"[[2, 3, 9], [0, 1, 10], [4, 5, 6], [7, 8, 11]]",13.33084409571429,-0.6826252668918936,1.7675594657303855,-0.15703157194211145,,46.0,0.1641237043084787,0.1641237043084787,13.180196320740182,0.0008355564296408567,1.02528982747628,"{""2"": 18, ""1"": 46, ""3"": 2}",0.1641237043084787,0.164114284081381,34.99251136613473,1e-05,True,40,development_isotonic_frozen
s1-i7,development,1,structural,saps_diagonal,4,0.15,ea83178d3c8f362e,"[[0, 3, 6], [2, 7, 9], [4, 8, 11], [1, 5, 10]]",13.33084409571429,-0.8056595289384055,1.6336723894759284,-0.026619302803351518,,62.0,0.06495479856335326,0.06495479856335326,13.565574349743716,-6.517287883477964e-05,0.03684811258927621,"{""1"": 62, ""2"": 4}",0.06495479856335326,0.0649362423080587,51.69362932186616,1e-05,True,40,development_isotonic_frozen
s1-i7,development,1,structural,p_saps_residualized,4,0.15,96824edfd60ea30b,"[[1, 4, 11], [0, 5, 7], [2, 3, 10], [6, 8, 9]]",13.33084409571429,-0.7454922587869839,1.7312403902857376,-0.05576770293368139,,50.0,0.16497509027551824,0.16497509027551824,13.37288533524195,9.658767323828939e-05,0.02699480510757518,"{""1"": 50, ""2"": 15, ""3"": 1}",0.16497509027551824,0.16497164508644782,39.766274166754364,1e-05,True,80,development_isotonic_frozen
s1-i7,development,1,structural,p_saps_projection,4,0.15,96824edfd60ea30b,"[[1, 4, 11], [0, 5, 7], [2, 3, 10], [6, 8, 9]]",13.33084409571429,-0.7454922587869839,1.7312403902857376,-0.05576770293368139,,50.0,0.16497509027551824,0.16497509027551824,13.37288533524195,9.658767323828939e-05,0.02699480510757518,"{""1"": 50, ""2"": 15, ""3"": 1}",0.16497509027551824,0.16497164508644782,39.766274166754364,1e-05,True,640,development_isotonic_frozen
s1-i7,development,1,structural,b_saps_budgeted,4,0.15,1adac60962423856,"[[1, 2, 5], [0, 8, 9], [4, 10, 11], [3, 6, 7]]",13.33084409571429,-0.7678259934424433,1.6801600203563216,-0.2969113771998001,,44.0,0.1146599674325687,0.1146599674325687,13.565574349743716,6.595426770960452e-05,1.0286571482073033,"{""1"": 44, ""2"": 22}",0.1146599674325687,0.11462156625328442,43.46169085989449,1e-05,True,40,development_isotonic_frozen
