example_id,seed,schedule_id,schedule,scheduler,score_diag_um,score_projection,score_residualized,score_budgeted,actual_response_power,actual_terminal_gain,frontier_width_histogram
s0-i0,0,2516301160cf1942,"[[0, 1, 2, 3, 4, 5, 6, 7, 8, 9, 10, 11]]",random_balanced,1.0,1.0,1.0,0.019933243911272918,6.613624818871097,2.571696875386191,"{""1"": 12}"
s0-i0,0,2516301160cf1942,"[[0, 1, 2, 3, 4, 5, 6, 7, 8, 9, 10, 11]]",confidence,1.0,1.0,1.0,0.019933243911272918,6.613624818871097,2.571696875386191,"{""1"": 12}"
s0-i0,0,2516301160cf1942,"[[0, 1, 2, 3, 4, 5, 6, 7, 8, 9, 10, 11]]",entropy,1.0,1.0,1.0,0.019933243911272918,6.613624818871097,2.571696875386191,"{""1"": 12}"
s0-i0,0,2516301160cf1942,"[[0, 1, 2, 3, 4, 5, 6, 7, 8, 9, 10, 11]]",dependency_cmi,1.0,1.0,1.0,0.019933243911272918,6.613624818871097,2.571696875386191,"{""1"": 12}"
s0-i0,0,2516301160cf1942,"[[0, 1, 2, 3, 4, 5, 6, 7, 8, 9, 10, 11]]",min_within_batch_tc,1.0,1.0,1.0,0.019933243911272918,6.613624818871097,2.571696875386191,"{""1"": 12}"
s0-i0,0,2516301160cf1942,"[[0, 1, 2, 3, 4, 5, 6, 7, 8, 9, 10, 11]]",dprm_myopic,1.0,1.0,1.0,0.019933243911272918,6.613624818871097,2.571696875386191,"{""1"": 12}"
s0-i0,0,2516301160cf1942,"[[0, 1, 2, 3, 4, 5, 6, 7, 8, 9, 10, 11]]",dprm_rollout,1.0,1.0,1.0,0.019933243911272918,6.613624818871097,2.571696875386191,"{""1"": 12}"
s0-i0,0,2516301160cf1942,"[[0, 1, 2, 3, 4, 5, 6, 7, 8, 9, 10, 11]]",subset_exact,1.0,1.0,1.0,0.019933243911272918,6.613624818871097,2.571696875386191,"{""1"": 12}"
s0-i0,0,2516301160cf1942,"[[0, 1, 2, 3, 4, 5, 6, 7, 8, 9, 10, 11]]",subset_beam_8,1.0,1.0,1.0,0.019933243911272918,6.613624818871097,2.571696875386191,"{""1"": 12}"
s0-i0,0,2516301160cf1942,"[[0, 1, 2, 3, 4, 5, 6, 7, 8, 9, 10, 11]]",subset_beam_32,1.0,1.0,1.0,0.019933243911272918,6.613624818871097,2.571696875386191,"{""1"": 12}"
s0-i0,0,2516301160cf1942,"[[0, 1, 2, 3, 4, 5, 6, 7, 8, 9, 10, 11]]",saps_diagonal,1.0,1.0,1.0,0.019933243911272918,6.613624818871097,2.571696875386191,"{""1"": 12}"
s0-i0,0,2516301160cf1942,"[[0, 1, 2, 3, 4, 5, 6, 7, 8, 9, 10, 11]]",p_saps_residualized,1.0,1.0,1.0,0.019933243911272918,6.613624818871097,2.571696875386191,"{""1"": 12}"
s0-i0,0,2516301160cf1942,"[[0, 1, 2, 3, 4, 5, 6, 7, 8, 9, 10, 11]]",p_saps_projection,1.0,1.0,1.0,0.019933243911272918,6.613624818871097,2.571696875386191,"{""1"": 12}"
s0-i0,0,2516301160cf1942,"[[0, 1, 2, 3, 4, 5, 6, 7, 8, 9, 10, 11]]",b_saps_budgeted,1.0,1.0,1.0,0.019933243911272918,6.613624818871097,2.571696875386191,"{""1"": 12}"
s0-i0,0,2516301160cf1942,"[[0, 1, 2, 3, 4, 5, 6, 7, 8, 9, 10, 11]]",random_balanced,1.0,1.0,1.0,0.09832187834349396,3.48784594330334,1.8675775601841387,"{""1"": 12}"
s0-i0,0,2516301160cf1942,"[[0, 1, 2, 3, 4, 5, 6, 7, 8, 9, 10, 11]]",confidence,1.0,1.0,1.0,0.09832187834349396,3.48784594330334,1.8675775601841387,"{""1"": 12}"
s0-i0,0,2516301160cf1942,"[[0, 1, 2, 3, 4, 5, 6, 7, 8, 9, 10, 11]]",entropy,1.0,1.0,1.0,0.09832187834349396,3.48784594330334,1.8675775601841387,"{""1"": 12}"
s0-i0,0,2516301160cf1942,"[[0, 1, 2, 3, 4, 5, 6, 7, 8, 9, 10, 11]]",dependency_cmi,1.0,1.0,1.0,0.09832187834349396,3.48784594330334,1.8675775601841387,"{""1"": 12}"
s0-i0,0,2516301160cf1942,"[[0, 1, 2, 3, 4, 5, 6, 7, 8, 9, 10, 11]]",min_within_batch_tc,1.0,1.0,1.0,0.09832187834349396,3.48784594330334,1.8675775601841387,"{""1"": 12}"
s0-i0,0,2516301160cf1942,"[[0, 1, 2, 3, 4, 5, 6, 7, 8, 9, 10, 11]]",dprm_myopic,1.0,1.0,1.0,0.09832187834349396,3.48784594330334,1.8675775601841387,"{""1"": 12}"
s0-i0,0,2516301160cf1942,"[[0, 1, 2, 3, 4, 5, 6, 7, 8, 9, 10, 11]]",dprm_rollout,1.0,1.0,1.0,0.09832187834349396,3.48784594330334,1.8675775601841387,"{""1"": 12}"
s0-i0,0,2516301160cf1942,"[[0, 1, 2, 3, 4, 5, 6, 7, 8, 9, 10, 11]]",subset_exact,1.0,1.0,1.0,0.09832187834349396,3.48784594330334,1.8675775601841387,"{""1"": 12}"
s0-i0,0,2516301160cf1942,"[[0, 1, 2, 3, 4, 5, 6, 7, 8, 9, 10, 11]]",subset_beam_8,1.0,1.0,1.0,0.09832187834349396,3.48784594330334,1.8675775601841387,"{""1"": 12}"
s0-i0,0,2516301160cf1942,"[[0, 1, 2, 3, 4, 5, 6, 7, 8, 9, 10, 11]]",subset_beam_32,1.0,1.0,1.0,0.09832187834349396,3.48784594330334,1.8675775601841387,"{""1"": 12}"
s0-i0,0,2516301160cf1942,"[[0, 1, 2, 3, 4, 5, 6, 7, 8, 9, 10, 11]]",saps_diagonal,1.0,1.0,1.0,0.09832187834349396,3.48784594330334,1.8675775601841387,"{""1"": 12}"
s0-i0,0,2516301160cf1942,"[[0, 1, 2, 3, 4, 5, 6, 7, 8, 9, 10, 11]]",p_saps_residualized,1.0,1.0,1.0,0.09832187834349396,3.48784594330334,1.8675775601841387,"{""1"": 12}"
s0-i0,0,2516301160cf1942,"[[0, 1, 2, 3, 4, 5, 6, 7, 8, 9, 10, 11]]",p_saps_projection,1.0,1.0,1.0,0.09832187834349396,3.48784594330334,1.8675775601841387,"{""1"": 12}"
s0-i0,0,2516301160cf1942,"[[0, 1, 2, 3, 4, 5, 6, 7, 8, 9, 10, 11]]",b_saps_budgeted,1.0,1.0,1.0,0.09832187834349396,3.48784594330334,1.8675775601841387,"{""1"": 12}"
s0-i0,0,2516301160cf1942,"[[0, 1, 2, 3, 4, 5, 6, 7, 8, 9, 10, 11]]",random_balanced,1.0,1.0,1.0,0.28466967854505804,2.722107585247605,1.649881082153379,"{""1"": 12}"
s0-i0,0,2516301160cf1942,"[[0, 1, 2, 3, 4, 5, 6, 7, 8, 9, 10, 11]]",confidence,1.0,1.0,1.0,0.28466967854505804,2.722107585247605,1.649881082153379,"{""1"": 12}"
s0-i0,0,2516301160cf1942,"[[0, 1, 2, 3, 4, 5, 6, 7, 8, 9, 10, 11]]",entropy,1.0,1.0,1.0,0.28466967854505804,2.722107585247605,1.649881082153379,"{""1"": 12}"
s0-i0,0,2516301160cf1942,"[[0, 1, 2, 3, 4, 5, 6, 7, 8, 9, 10, 11]]",dependency_cmi,1.0,1.0,1.0,0.28466967854505804,2.722107585247605,1.649881082153379,"{""1"": 12}"
s0-i0,0,2516301160cf1942,"[[0, 1, 2, 3, 4, 5, 6, 7, 8, 9, 10, 11]]",min_within_batch_tc,1.0,1.0,1.0,0.28466967854505804,2.722107585247605,1.649881082153379,"{""1"": 12}"
s0-i0,0,2516301160cf1942,"[[0, 1, 2, 3, 4, 5, 6, 7, 8, 9, 10, 11]]",dprm_myopic,1.0,1.0,1.0,0.28466967854505804,2.722107585247605,1.649881082153379,"{""1"": 12}"
s0-i0,0,2516301160cf1942,"[[0, 1, 2, 3, 4, 5, 6, 7, 8, 9, 10, 11]]",dprm_rollout,1.0,1.0,1.0,0.28466967854505804,2.722107585247605,1.649881082153379,"{""1"": 12}"
s0-i0,0,2516301160cf1942,"[[0, 1, 2, 3, 4, 5, 6, 7, 8, 9, 10, 11]]",subset_exact,1.0,1.0,1.0,0.28466967854505804,2.722107585247605,1.649881082153379,"{""1"": 12}"
s0-i0,0,2516301160cf1942,"[[0, 1, 2, 3, 4, 5, 6, 7, 8, 9, 10, 11]]",subset_beam_8,1.0,1.0,1.0,0.28466967854505804,2.722107585247605,1.649881082153379,"{""1"": 12}"
s0-i0,0,2516301160cf1942,"[[0, 1, 2, 3, 4, 5, 6, 7, 8, 9, 10, 11]]",subset_beam_32,1.0,1.0,1.0,0.28466967854505804,2.722107585247605,1.649881082153379,"{""1"": 12}"
s0-i0,0,2516301160cf1942,"[[0, 1, 2, 3, 4, 5, 6, 7, 8, 9, 10, 11]]",saps_diagonal,1.0,1.0,1.0,0.28466967854505804,2.722107585247605,1.649881082153379,"{""1"": 12}"
s0-i0,0,2516301160cf1942,"[[0, 1, 2, 3, 4, 5, 6, 7, 8, 9, 10, 11]]",p_saps_residualized,1.0,1.0,1.0,0.28466967854505804,2.722107585247605,1.649881082153379,"{""1"": 12}"
s0-i0,0,2516301160cf1942,"[[0, 1, 2, 3, 4, 5, 6, 7, 8, 9, 10, 11]]",p_saps_projection,1.0,1.0,1.0,0.28466967854505804,2.722107585247605,1.649881082153379,"{""1"": 12}"
s0-i0,0,2516301160cf1942,"[[0, 1, 2, 3, 4, 5, 6, 7, 8, 9, 10, 11]]",b_saps_budgeted,1.0,1.0,1.0,0.28466967854505804,2.722107585247605,1.649881082153379,"{""1"": 12}"
s0-i0,0,d03ca3a4cab186b0,"[[0, 2, 5, 6, 8, 9], [1, 3, 4, 7, 10, 11]]",random_balanced,1.0,1.0,1.0,0.019933243911272918,6.613624818871097,2.571696875386191,"{""1"": 12}"
s0-i0,0,98fe626c543ce1ac,"[[0, 5, 6, 7, 9, 11], [1, 2, 3, 4, 8, 10]]",confidence,1.0,1.0,1.0,0.019933243911272918,9.134175264735195,3.0222798124487404,"{""1"": 12}"
s0-i0,0,98fe626c543ce1ac,"[[0, 5, 6, 7, 9, 11], [1, 2, 3, 4, 8, 10]]",entropy,1.0,1.0,1.0,0.019933243911272918,9.134175264735195,3.0222798124487404,"{""1"": 12}"
s0-i0,0,66a5378658d6dc3b,"[[0, 1, 2, 3, 8, 11], [4, 5, 6, 7, 9, 10]]",dependency_cmi,1.0,1.0,1.0,0.019933243911272918,6.613624818871097,2.571696875386191,"{""1"": 12}"
s0-i0,0,54479e61c8474345,"[[1, 6, 8, 9, 10, 11], [0, 2, 3, 4, 5, 7]]",min_within_batch_tc,1.0,1.0,1.0,0.019933243911272918,6.613624818871097,2.571696875386191,"{""1"": 12}"
s0-i0,0,65cd73210213c5d5,"[[0, 1, 2, 3, 4, 5], [6, 7, 8, 9, 10, 11]]",dprm_myopic,1.0,1.0,1.0,0.019933243911272918,6.613624818871097,2.571696875386191,"{""1"": 12}"
s0-i0,0,65cd73210213c5d5,"[[0, 1, 2, 3, 4, 5], [6, 7, 8, 9, 10, 11]]",dprm_rollout,1.0,1.0,1.0,0.019933243911272918,6.613624818871097,2.571696875386191,"{""1"": 12}"
s0-i0,0,d03ca3a4cab186b0,"[[0, 2, 5, 6, 8, 9], [1, 3, 4, 7, 10, 11]]",subset_exact,1.0,1.0,1.0,0.019933243911272918,6.613624818871097,2.571696875386191,"{""1"": 12}"
s0-i0,0,d03ca3a4cab186b0,"[[0, 2, 5, 6, 8, 9], [1, 3, 4, 7, 10, 11]]",subset_beam_8,1.0,1.0,1.0,0.019933243911272918,6.613624818871097,2.571696875386191,"{""1"": 12}"
s0-i0,0,d03ca3a4cab186b0,"[[0, 2, 5, 6, 8, 9], [1, 3, 4, 7, 10, 11]]",subset_beam_32,1.0,1.0,1.0,0.019933243911272918,6.613624818871097,2.571696875386191,"{""1"": 12}"
s0-i0,0,d03ca3a4cab186b0,"[[0, 2, 5, 6, 8, 9], [1, 3, 4, 7, 10, 11]]",saps_diagonal,1.0,1.0,1.0,0.019933243911272918,6.613624818871097,2.571696875386191,"{""1"": 12}"
s0-i0,0,d03ca3a4cab186b0,"[[0, 2, 5, 6, 8, 9], [1, 3, 4, 7, 10, 11]]",p_saps_residualized,1.0,1.0,1.0,0.019933243911272918,6.613624818871097,2.571696875386191,"{""1"": 12}"
s0-i0,0,d03ca3a4cab186b0,"[[0, 2, 5, 6, 8, 9], [1, 3, 4, 7, 10, 11]]",p_saps_projection,1.0,1.0,1.0,0.019933243911272918,6.613624818871097,2.571696875386191,"{""1"": 12}"
s0-i0,0,d03ca3a4cab186b0,"[[0, 2, 5, 6, 8, 9], [1, 3, 4, 7, 10, 11]]",b_saps_budgeted,1.0,1.0,1.0,0.019933243911272918,6.613624818871097,2.571696875386191,"{""1"": 12}"
s0-i0,0,d03ca3a4cab186b0,"[[0, 2, 5, 6, 8, 9], [1, 3, 4, 7, 10, 11]]",random_balanced,1.0,1.0,1.0,0.09832187834349396,0.4255264867079676,0.6523239124146589,"{""1"": 12}"
s0-i0,0,98fe626c543ce1ac,"[[0, 5, 6, 7, 9, 11], [1, 2, 3, 4, 8, 10]]",confidence,1.0,1.0,1.0,0.09832187834349396,2.6939936962466735,1.641338994920511,"{""1"": 12}"
s0-i0,0,98fe626c543ce1ac,"[[0, 5, 6, 7, 9, 11], [1, 2, 3, 4, 8, 10]]",entropy,1.0,1.0,1.0,0.09832187834349396,2.6939936962466735,1.641338994920511,"{""1"": 12}"
s0-i0,0,66a5378658d6dc3b,"[[0, 1, 2, 3, 8, 11], [4, 5, 6, 7, 9, 10]]",dependency_cmi,1.0,1.0,1.0,0.09832187834349396,0.0,0.0,"{""1"": 12}"
s0-i0,0,54479e61c8474345,"[[1, 6, 8, 9, 10, 11], [0, 2, 3, 4, 5, 7]]",min_within_batch_tc,1.0,1.0,1.0,0.09832187834349396,3.48784594330334,1.8675775601841387,"{""1"": 12}"
s0-i0,0,65cd73210213c5d5,"[[0, 1, 2, 3, 4, 5], [6, 7, 8, 9, 10, 11]]",dprm_myopic,1.0,1.0,1.0,0.09832187834349396,0.0,0.0,"{""1"": 12}"
s0-i0,0,65cd73210213c5d5,"[[0, 1, 2, 3, 4, 5], [6, 7, 8, 9, 10, 11]]",dprm_rollout,1.0,1.0,1.0,0.09832187834349396,0.0,0.0,"{""1"": 12}"
s0-i0,0,d03ca3a4cab186b0,"[[0, 2, 5, 6, 8, 9], [1, 3, 4, 7, 10, 11]]",subset_exact,1.0,1.0,1.0,0.09832187834349396,0.4255264867079676,0.6523239124146589,"{""1"": 12}"
s0-i0,0,d03ca3a4cab186b0,"[[0, 2, 5, 6, 8, 9], [1, 3, 4, 7, 10, 11]]",subset_beam_8,1.0,1.0,1.0,0.09832187834349396,0.4255264867079676,0.6523239124146589,"{""1"": 12}"
s0-i0,0,d03ca3a4cab186b0,"[[0, 2, 5, 6, 8, 9], [1, 3, 4, 7, 10, 11]]",subset_beam_32,1.0,1.0,1.0,0.09832187834349396,0.4255264867079676,0.6523239124146589,"{""1"": 12}"
s0-i0,0,d03ca3a4cab186b0,"[[0, 2, 5, 6, 8, 9], [1, 3, 4, 7, 10, 11]]",saps_diagonal,1.0,1.0,1.0,0.09832187834349396,0.4255264867079676,0.6523239124146589,"{""1"": 12}"
s0-i0,0,d03ca3a4cab186b0,"[[0, 2, 5, 6, 8, 9], [1, 3, 4, 7, 10, 11]]",p_saps_residualized,1.0,1.0,1.0,0.09832187834349396,0.4255264867079676,0.6523239124146589,"{""1"": 12}"
s0-i0,0,d03ca3a4cab186b0,"[[0, 2, 5, 6, 8, 9], [1, 3, 4, 7, 10, 11]]",p_saps_projection,1.0,1.0,1.0,0.09832187834349396,0.4255264867079676,0.6523239124146589,"{""1"": 12}"
s0-i0,0,d03ca3a4cab186b0,"[[0, 2, 5, 6, 8, 9], [1, 3, 4, 7, 10, 11]]",b_saps_budgeted,1.0,1.0,1.0,0.09832187834349396,0.4255264867079676,0.6523239124146589,"{""1"": 12}"
s0-i0,0,d03ca3a4cab186b0,"[[0, 2, 5, 6, 8, 9], [1, 3, 4, 7, 10, 11]]",random_balanced,1.0,1.0,1.0,0.28466967854505804,1.0345313529893054,-1.0171191439498646,"{""1"": 12}"
s0-i0,0,98fe626c543ce1ac,"[[0, 5, 6, 7, 9, 11], [1, 2, 3, 4, 8, 10]]",confidence,1.0,1.0,1.0,0.28466967854505804,0.2547126324206523,-0.5046906304070369,"{""1"": 12}"
s0-i0,0,98fe626c543ce1ac,"[[0, 5, 6, 7, 9, 11], [1, 2, 3, 4, 8, 10]]",entropy,1.0,1.0,1.0,0.28466967854505804,0.2547126324206523,-0.5046906304070369,"{""1"": 12}"
s0-i0,0,66a5378658d6dc3b,"[[0, 1, 2, 3, 8, 11], [4, 5, 6, 7, 9, 10]]",dependency_cmi,1.0,1.0,1.0,0.28466967854505804,2.5219866155589648,1.5880763884520683,"{""1"": 12}"
s0-i0,0,54479e61c8474345,"[[1, 6, 8, 9, 10, 11], [0, 2, 3, 4, 5, 7]]",min_within_batch_tc,1.0,1.0,1.0,0.28466967854505804,2.722107585247605,1.649881082153379,"{""1"": 12}"
s0-i0,0,65cd73210213c5d5,"[[0, 1, 2, 3, 4, 5], [6, 7, 8, 9, 10, 11]]",dprm_myopic,1.0,1.0,1.0,0.28466967854505804,8.370830703870032,2.893238791366871,"{""1"": 12}"
s0-i0,0,65cd73210213c5d5,"[[0, 1, 2, 3, 4, 5], [6, 7, 8, 9, 10, 11]]",dprm_rollout,1.0,1.0,1.0,0.28466967854505804,8.370830703870032,2.893238791366871,"{""1"": 12}"
s0-i0,0,d03ca3a4cab186b0,"[[0, 2, 5, 6, 8, 9], [1, 3, 4, 7, 10, 11]]",subset_exact,1.0,1.0,1.0,0.28466967854505804,1.0345313529893054,-1.0171191439498646,"{""1"": 12}"
s0-i0,0,d03ca3a4cab186b0,"[[0, 2, 5, 6, 8, 9], [1, 3, 4, 7, 10, 11]]",subset_beam_8,1.0,1.0,1.0,0.28466967854505804,1.0345313529893054,-1.0171191439498646,"{""1"": 12}"
s0-i0,0,d03ca3a4cab186b0,"[[0, 2, 5, 6, 8, 9], [1, 3, 4, 7, 10, 11]]",subset_beam_32,1.0,1.0,1.0,0.28466967854505804,1.0345313529893054,-1.0171191439498646,"{""1"": 12}"
s0-i0,0,d03ca3a4cab186b0,"[[0, 2, 5, 6, 8, 9], [1, 3, 4, 7, 10, 11]]",saps_diagonal,1.0,1.0,1.0,0.28466967854505804,1.0345313529893054,-1.0171191439498646,"{""1"": 12}"
s0-i0,0,d03ca3a4cab186b0,"[[0, 2, 5, 6, 8, 9], [1, 3, 4, 7, 10, 11]]",p_saps_residualized,1.0,1.0,1.0,0.28466967854505804,1.0345313529893054,-1.0171191439498646,"{""1"": 12}"
s0-i0,0,d03ca3a4cab186b0,"[[0, 2, 5, 6, 8, 9], [1, 3, 4, 7, 10, 11]]",p_saps_projection,1.0,1.0,1.0,0.28466967854505804,1.0345313529893054,-1.0171191439498646,"{""1"": 12}"
s0-i0,0,d03ca3a4cab186b0,"[[0, 2, 5, 6, 8, 9], [1, 3, 4, 7, 10, 11]]",b_saps_budgeted,1.0,1.0,1.0,0.28466967854505804,1.0345313529893054,-1.0171191439498646,"{""1"": 12}"
s0-i0,0,1fae707c58fa8624,"[[0, 5, 6, 9], [2, 7, 8, 10], [1, 3, 4, 11]]",random_balanced,1.0,1.0,1.0,0.019933243911272918,6.613624818871097,2.571696875386191,"{""1"": 12}"
s0-i0,0,7800d4694add3068,"[[6, 7, 9, 11], [0, 3, 5, 10], [1, 2, 4, 8]]",confidence,1.0,1.0,1.0,0.019933243911272918,6.613624818871097,2.571696875386191,"{""1"": 12}"
s0-i0,0,5be313ecd234ef83,"[[5, 7, 9, 11], [0, 6, 8, 10], [1, 2, 3, 4]]",entropy,1.0,1.0,1.0,0.019933243911272918,6.613624818871097,2.571696875386191,"{""1"": 12}"
s0-i0,0,647e92db1e59c96b,"[[1, 2, 3, 8], [0, 5, 6, 7], [4, 9, 10, 11]]",dependency_cmi,1.0,1.0,1.0,0.019933243911272918,6.613624818871097,2.571696875386191,"{""1"": 12}"
s0-i0,0,b9c249e95a5579c4,"[[0, 1, 2, 7], [6, 8, 9, 10], [3, 4, 5, 11]]",min_within_batch_tc,1.0,1.0,1.0,0.019933243911272918,0.0,0.0,"{""1"": 12}"
s0-i0,0,50e10ab5b359ad31,"[[0, 1, 2, 3], [4, 5, 6, 7], [8, 9, 10, 11]]",dprm_myopic,1.0,1.0,1.0,0.019933243911272918,6.613624818871097,2.571696875386191,"{""1"": 12}"
s0-i0,0,50e10ab5b359ad31,"[[0, 1, 2, 3], [4, 5, 6, 7], [8, 9, 10, 11]]",dprm_rollout,1.0,1.0,1.0,0.019933243911272918,6.613624818871097,2.571696875386191,"{""1"": 12}"
s0-i0,0,1fae707c58fa8624,"[[0, 5, 6, 9], [2, 7, 8, 10], [1, 3, 4, 11]]",subset_exact,1.0,1.0,1.0,0.019933243911272918,6.613624818871097,2.571696875386191,"{""1"": 12}"
s0-i0,0,1fae707c58fa8624,"[[0, 5, 6, 9], [2, 7, 8, 10], [1, 3, 4, 11]]",subset_beam_8,1.0,1.0,1.0,0.019933243911272918,6.613624818871097,2.571696875386191,"{""1"": 12}"
s0-i0,0,1fae707c58fa8624,"[[0, 5, 6, 9], [2, 7, 8, 10], [1, 3, 4, 11]]",subset_beam_32,1.0,1.0,1.0,0.019933243911272918,6.613624818871097,2.571696875386191,"{""1"": 12}"
s0-i0,0,1fae707c58fa8624,"[[0, 5, 6, 9], [2, 7, 8, 10], [1, 3, 4, 11]]",saps_diagonal,1.0,1.0,1.0,0.019933243911272918,6.613624818871097,2.571696875386191,"{""1"": 12}"
s0-i0,0,1fae707c58fa8624,"[[0, 5, 6, 9], [2, 7, 8, 10], [1, 3, 4, 11]]",p_saps_residualized,1.0,1.0,1.0,0.019933243911272918,6.613624818871097,2.571696875386191,"{""1"": 12}"
s0-i0,0,1fae707c58fa8624,"[[0, 5, 6, 9], [2, 7, 8, 10], [1, 3, 4, 11]]",p_saps_projection,1.0,1.0,1.0,0.019933243911272918,6.613624818871097,2.571696875386191,"{""1"": 12}"
s0-i0,0,1fae707c58fa8624,"[[0, 5, 6, 9], [2, 7, 8, 10], [1, 3, 4, 11]]",b_saps_budgeted,1.0,1.0,1.0,0.019933243911272918,6.613624818871097,2.571696875386191,"{""1"": 12}"
s0-i0,0,1fae707c58fa8624,"[[0, 5, 6, 9], [2, 7, 8, 10], [1, 3, 4, 11]]",random_balanced,1.0,1.0,1.0,0.09832187834349396,3.48784594330334,1.8675775601841387,"{""1"": 12}"
s0-i0,0,7800d4694add3068,"[[6, 7, 9, 11], [0, 3, 5, 10], [1, 2, 4, 8]]",confidence,1.0,1.0,1.0,0.09832187834349396,0.1982013699522288,0.44519812438085227,"{""1"": 12}"
s0-i0,0,5be313ecd234ef83,"[[5, 7, 9, 11], [0, 6, 8, 10], [1, 2, 3, 4]]",entropy,1.0,1.0,1.0,0.09832187834349396,0.0,0.0,"{""1"": 12}"
s0-i0,0,647e92db1e59c96b,"[[1, 2, 3, 8], [0, 5, 6, 7], [4, 9, 10, 11]]",dependency_cmi,1.0,1.0,1.0,0.09832187834349396,3.7305512845510096,-1.9314635084699399,"{""1"": 12}"
s0-i0,0,b9c249e95a5579c4,"[[0, 1, 2, 7], [6, 8, 9, 10], [3, 4, 5, 11]]",min_within_batch_tc,1.0,1.0,1.0,0.09832187834349396,0.0,0.0,"{""1"": 12}"
s0-i0,0,50e10ab5b359ad31,"[[0, 1, 2, 3], [4, 5, 6, 7], [8, 9, 10, 11]]",dprm_myopic,1.0,1.0,1.0,0.09832187834349396,0.0,0.0,"{""1"": 12}"
s0-i0,0,50e10ab5b359ad31,"[[0, 1, 2, 3], [4, 5, 6, 7], [8, 9, 10, 11]]",dprm_rollout,1.0,1.0,1.0,0.09832187834349396,0.0,0.0,"{""1"": 12}"
s0-i0,0,1fae707c58fa8624,"[[0, 5, 6, 9], [2, 7, 8, 10], [1, 3, 4, 11]]",subset_exact,1.0,1.0,1.0,0.09832187834349396,3.48784594330334,1.8675775601841387,"{""1"": 12}"
s0-i0,0,1fae707c58fa8624,"[[0, 5, 6, 9], [2, 7, 8, 10], [1, 3, 4, 11]]",subset_beam_8,1.0,1.0,1.0,0.09832187834349396,3.48784594330334,1.8675775601841387,"{""1"": 12}"
s0-i0,0,1fae707c58fa8624,"[[0, 5, 6, 9], [2, 7, 8, 10], [1, 3, 4, 11]]",subset_beam_32,1.0,1.0,1.0,0.09832187834349396,3.48784594330334,1.8675775601841387,"{""1"": 12}"
s0-i0,0,1fae707c58fa8624,"[[0, 5, 6, 9], [2, 7, 8, 10], [1, 3, 4, 11]]",saps_diagonal,1.0,1.0,1.0,0.09832187834349396,3.48784594330334,1.8675775601841387,"{""1"": 12}"
s0-i0,0,1fae707c58fa8624,"[[0, 5, 6, 9], [2, 7, 8, 10], [1, 3, 4, 11]]",p_saps_residualized,1.0,1.0,1.0,0.09832187834349396,3.48784594330334,1.8675775601841387,"{""1"": 12}"
s0-i0,0,1fae707c58fa8624,"[[0, 5, 6, 9], [2, 7, 8, 10], [1, 3, 4, 11]]",p_saps_projection,1.0,1.0,1.0,0.09832187834349396,3.48784594330334,1.8675775601841387,"{""1"": 12}"
s0-i0,0,1fae707c58fa8624,"[[0, 5, 6, 9], [2, 7, 8, 10], [1, 3, 4, 11]]",b_saps_budgeted,1.0,1.0,1.0,0.09832187834349396,3.48784594330334,1.8675775601841387,"{""1"": 12}"
s0-i0,0,1fae707c58fa8624,"[[0, 5, 6, 9], [2, 7, 8, 10], [1, 3, 4, 11]]",random_balanced,1.0,1.0,1.0,0.28466967854505804,0.26254108415980193,0.5123876307638602,"{""1"": 12}"
s0-i0,0,7800d4694add3068,"[[6, 7, 9, 11], [0, 3, 5, 10], [1, 2, 4, 8]]",confidence,1.0,1.0,1.0,0.28466967854505804,0.0,0.0,"{""1"": 12}"
s0-i0,0,5be313ecd234ef83,"[[5, 7, 9, 11], [0, 6, 8, 10], [1, 2, 3, 4]]",entropy,1.0,1.0,1.0,0.28466967854505804,1.998380635568492,-1.4136409146485864,"{""1"": 12}"
s0-i0,0,647e92db1e59c96b,"[[1, 2, 3, 8], [0, 5, 6, 7], [4, 9, 10, 11]]",dependency_cmi,1.0,1.0,1.0,0.28466967854505804,2.722107585247605,1.649881082153379,"{""1"": 12}"
s0-i0,0,b9c249e95a5579c4,"[[0, 1, 2, 7], [6, 8, 9, 10], [3, 4, 5, 11]]",min_within_batch_tc,1.0,1.0,1.0,0.28466967854505804,0.08296891903514236,0.28804325896493804,"{""1"": 12}"
s0-i0,0,50e10ab5b359ad31,"[[0, 1, 2, 3], [4, 5, 6, 7], [8, 9, 10, 11]]",dprm_myopic,1.0,1.0,1.0,0.28466967854505804,5.413735162430216,2.3267434672585234,"{""1"": 12}"
s0-i0,0,50e10ab5b359ad31,"[[0, 1, 2, 3], [4, 5, 6, 7], [8, 9, 10, 11]]",dprm_rollout,1.0,1.0,1.0,0.28466967854505804,5.413735162430216,2.3267434672585234,"{""1"": 12}"
s0-i0,0,1fae707c58fa8624,"[[0, 5, 6, 9], [2, 7, 8, 10], [1, 3, 4, 11]]",subset_exact,1.0,1.0,1.0,0.28466967854505804,0.26254108415980193,0.5123876307638602,"{""1"": 12}"
s0-i0,0,1fae707c58fa8624,"[[0, 5, 6, 9], [2, 7, 8, 10], [1, 3, 4, 11]]",subset_beam_8,1.0,1.0,1.0,0.28466967854505804,0.26254108415980193,0.5123876307638602,"{""1"": 12}"
s0-i0,0,1fae707c58fa8624,"[[0, 5, 6, 9], [2, 7, 8, 10], [1, 3, 4, 11]]",subset_beam_32,1.0,1.0,1.0,0.28466967854505804,0.26254108415980193,0.5123876307638602,"{""1"": 12}"
s0-i0,0,1fae707c58fa8624,"[[0, 5, 6, 9], [2, 7, 8, 10], [1, 3, 4, 11]]",saps_diagonal,1.0,1.0,1.0,0.28466967854505804,0.26254108415980193,0.5123876307638602,"{""1"": 12}"
s0-i0,0,1fae707c58fa8624,"[[0, 5, 6, 9], [2, 7, 8, 10], [1, 3, 4, 11]]",p_saps_residualized,1.0,1.0,1.0,0.28466967854505804,0.26254108415980193,0.5123876307638602,"{""1"": 12}"
s0-i0,0,1fae707c58fa8624,"[[0, 5, 6, 9], [2, 7, 8, 10], [1, 3, 4, 11]]",p_saps_projection,1.0,1.0,1.0,0.28466967854505804,0.26254108415980193,0.5123876307638602,"{""1"": 12}"
s0-i0,0,1fae707c58fa8624,"[[0, 5, 6, 9], [2, 7, 8, 10], [1, 3, 4, 11]]",b_saps_budgeted,1.0,1.0,1.0,0.28466967854505804,0.26254108415980193,0.5123876307638602,"{""1"": 12}"
s0-i0,0,dd928c3be5378b41,"[[0, 6, 9], [2, 5, 8], [3, 7, 10], [1, 4, 11]]",random_balanced,1.0,1.0,1.0,0.019933243911272918,6.613624818871097,2.571696875386191,"{""1"": 12}"
s0-i0,0,f01103d7e0f6eb37,"[[7, 9, 11], [0, 5, 6], [3, 8, 10], [1, 2, 4]]",confidence,1.0,1.0,1.0,0.019933243911272918,6.613624818871097,2.571696875386191,"{""1"": 12}"
s0-i0,0,5c139e6fae4a132b,"[[7, 9, 11], [0, 5, 6], [2, 8, 10], [1, 3, 4]]",entropy,1.0,1.0,1.0,0.019933243911272918,6.613624818871097,2.571696875386191,"{""1"": 12}"
s0-i0,0,687709c2a92a9e97,"[[1, 2, 3], [0, 6, 7], [5, 9, 10], [4, 8, 11]]",dependency_cmi,1.0,1.0,1.0,0.019933243911272918,0.0,0.0,"{""1"": 12}"
s0-i0,0,c4f4e59e6ba62022,"[[0, 1, 2], [6, 8, 9], [4, 5, 10], [3, 7, 11]]",min_within_batch_tc,1.0,1.0,1.0,0.019933243911272918,6.613624818871097,2.571696875386191,"{""1"": 12}"
s0-i0,0,8f058866e4ab3ff8,"[[0, 1, 2], [3, 4, 5], [6, 7, 8], [9, 10, 11]]",dprm_myopic,1.0,1.0,1.0,0.019933243911272918,6.613624818871097,2.571696875386191,"{""1"": 12}"
s0-i0,0,8f058866e4ab3ff8,"[[0, 1, 2], [3, 4, 5], [6, 7, 8], [9, 10, 11]]",dprm_rollout,1.0,1.0,1.0,0.019933243911272918,6.613624818871097,2.571696875386191,"{""1"": 12}"
s0-i0,0,dd928c3be5378b41,"[[0, 6, 9], [2, 5, 8], [3, 7, 10], [1, 4, 11]]",subset_exact,1.0,1.0,1.0,0.019933243911272918,6.613624818871097,2.571696875386191,"{""1"": 12}"
s0-i0,0,dd928c3be5378b41,"[[0, 6, 9], [2, 5, 8], [3, 7, 10], [1, 4, 11]]",subset_beam_8,1.0,1.0,1.0,0.019933243911272918,6.613624818871097,2.571696875386191,"{""1"": 12}"
s0-i0,0,dd928c3be5378b41,"[[0, 6, 9], [2, 5, 8], [3, 7, 10], [1, 4, 11]]",subset_beam_32,1.0,1.0,1.0,0.019933243911272918,6.613624818871097,2.571696875386191,"{""1"": 12}"
s0-i0,0,dd928c3be5378b41,"[[0, 6, 9], [2, 5, 8], [3, 7, 10], [1, 4, 11]]",saps_diagonal,1.0,1.0,1.0,0.019933243911272918,6.613624818871097,2.571696875386191,"{""1"": 12}"
s0-i0,0,dd928c3be5378b41,"[[0, 6, 9], [2, 5, 8], [3, 7, 10], [1, 4, 11]]",p_saps_residualized,1.0,1.0,1.0,0.019933243911272918,6.613624818871097,2.571696875386191,"{""1"": 12}"
s0-i0,0,dd928c3be5378b41,"[[0, 6, 9], [2, 5, 8], [3, 7, 10], [1, 4, 11]]",p_saps_projection,1.0,1.0,1.0,0.019933243911272918,6.613624818871097,2.571696875386191,"{""1"": 12}"
s0-i0,0,dd928c3be5378b41,"[[0, 6, 9], [2, 5, 8], [3, 7, 10], [1, 4, 11]]",b_saps_budgeted,1.0,1.0,1.0,0.019933243911272918,6.613624818871097,2.571696875386191,"{""1"": 12}"
s0-i0,0,dd928c3be5378b41,"[[0, 6, 9], [2, 5, 8], [3, 7, 10], [1, 4, 11]]",random_balanced,1.0,1.0,1.0,0.09832187834349396,5.648520517064996,2.3766616328507926,"{""1"": 12}"
s0-i0,0,f01103d7e0f6eb37,"[[7, 9, 11], [0, 5, 6], [3, 8, 10], [1, 2, 4]]",confidence,1.0,1.0,1.0,0.09832187834349396,2.3042835463280027,1.5179866752801234,"{""1"": 12}"
s0-i0,0,5c139e6fae4a132b,"[[7, 9, 11], [0, 5, 6], [2, 8, 10], [1, 3, 4]]",entropy,1.0,1.0,1.0,0.09832187834349396,3.48784594330334,1.8675775601841387,"{""1"": 12}"
s0-i0,0,687709c2a92a9e97,"[[1, 2, 3], [0, 6, 7], [5, 9, 10], [4, 8, 11]]",dependency_cmi,1.0,1.0,1.0,0.09832187834349396,0.0,0.0,"{""1"": 12}"
s0-i0,0,c4f4e59e6ba62022,"[[0, 1, 2], [6, 8, 9], [4, 5, 10], [3, 7, 11]]",min_within_batch_tc,1.0,1.0,1.0,0.09832187834349396,5.648520517064996,2.3766616328507926,"{""1"": 12}"
s0-i0,0,8f058866e4ab3ff8,"[[0, 1, 2], [3, 4, 5], [6, 7, 8], [9, 10, 11]]",dprm_myopic,1.0,1.0,1.0,0.09832187834349396,3.413958484197975,-1.8476900400765208,"{""1"": 12}"
s0-i0,0,8f058866e4ab3ff8,"[[0, 1, 2], [3, 4, 5], [6, 7, 8], [9, 10, 11]]",dprm_rollout,1.0,1.0,1.0,0.09832187834349396,3.413958484197975,-1.8476900400765208,"{""1"": 12}"
s0-i0,0,dd928c3be5378b41,"[[0, 6, 9], [2, 5, 8], [3, 7, 10], [1, 4, 11]]",subset_exact,1.0,1.0,1.0,0.09832187834349396,5.648520517064996,2.3766616328507926,"{""1"": 12}"
s0-i0,0,dd928c3be5378b41,"[[0, 6, 9], [2, 5, 8], [3, 7, 10], [1, 4, 11]]",subset_beam_8,1.0,1.0,1.0,0.09832187834349396,5.648520517064996,2.3766616328507926,"{""1"": 12}"
s0-i0,0,dd928c3be5378b41,"[[0, 6, 9], [2, 5, 8], [3, 7, 10], [1, 4, 11]]",subset_beam_32,1.0,1.0,1.0,0.09832187834349396,5.648520517064996,2.3766616328507926,"{""1"": 12}"
s0-i0,0,dd928c3be5378b41,"[[0, 6, 9], [2, 5, 8], [3, 7, 10], [1, 4, 11]]",saps_diagonal,1.0,1.0,1.0,0.09832187834349396,5.648520517064996,2.3766616328507926,"{""1"": 12}"
s0-i0,0,dd928c3be5378b41,"[[0, 6, 9], [2, 5, 8], [3, 7, 10], [1, 4, 11]]",p_saps_residualized,1.0,1.0,1.0,0.09832187834349396,5.648520517064996,2.3766616328507926,"{""1"": 12}"
s0-i0,0,dd928c3be5378b41,"[[0, 6, 9], [2, 5, 8], [3, 7, 10], [1, 4, 11]]",p_saps_projection,1.0,1.0,1.0,0.09832187834349396,5.648520517064996,2.3766616328507926,"{""1"": 12}"
s0-i0,0,dd928c3be5378b41,"[[0, 6, 9], [2, 5, 8], [3, 7, 10], [1, 4, 11]]",b_saps_budgeted,1.0,1.0,1.0,0.09832187834349396,5.648520517064996,2.3766616328507926,"{""1"": 12}"
s0-i0,0,dd928c3be5378b41,"[[0, 6, 9], [2, 5, 8], [3, 7, 10], [1, 4, 11]]",random_balanced,1.0,1.0,1.0,0.28466967854505804,0.26254108415980193,0.5123876307638602,"{""1"": 12}"
s0-i0,0,f01103d7e0f6eb37,"[[7, 9, 11], [0, 5, 6], [3, 8, 10], [1, 2, 4]]",confidence,1.0,1.0,1.0,0.28466967854505804,0.2030249831719136,0.45058293706254965,"{""1"": 12}"
s0-i0,0,5c139e6fae4a132b,"[[7, 9, 11], [0, 5, 6], [2, 8, 10], [1, 3, 4]]",entropy,1.0,1.0,1.0,0.28466967854505804,0.26254108415980193,0.5123876307638602,"{""1"": 12}"
s0-i0,0,687709c2a92a9e97,"[[1, 2, 3], [0, 6, 7], [5, 9, 10], [4, 8, 11]]",dependency_cmi,1.0,1.0,1.0,0.28466967854505804,8.370830703870032,2.893238791366871,"{""1"": 12}"
s0-i0,0,c4f4e59e6ba62022,"[[0, 1, 2], [6, 8, 9], [4, 5, 10], [3, 7, 11]]",min_within_batch_tc,1.0,1.0,1.0,0.28466967854505804,0.05118388841254462,0.22623856526362746,"{""1"": 12}"
s0-i0,0,8f058866e4ab3ff8,"[[0, 1, 2], [3, 4, 5], [6, 7, 8], [9, 10, 11]]",dprm_myopic,1.0,1.0,1.0,0.28466967854505804,0.08296891903514236,0.28804325896493804,"{""1"": 12}"
s0-i0,0,8f058866e4ab3ff8,"[[0, 1, 2], [3, 4, 5], [6, 7, 8], [9, 10, 11]]",dprm_rollout,1.0,1.0,1.0,0.28466967854505804,0.08296891903514236,0.28804325896493804,"{""1"": 12}"
s0-i0,0,dd928c3be5378b41,"[[0, 6, 9], [2, 5, 8], [3, 7, 10], [1, 4, 11]]",subset_exact,1.0,1.0,1.0,0.28466967854505804,0.26254108415980193,0.5123876307638602,"{""1"": 12}"
s0-i0,0,dd928c3be5378b41,"[[0, 6, 9], [2, 5, 8], [3, 7, 10], [1, 4, 11]]",subset_beam_8,1.0,1.0,1.0,0.28466967854505804,0.26254108415980193,0.5123876307638602,"{""1"": 12}"
s0-i0,0,dd928c3be5378b41,"[[0, 6, 9], [2, 5, 8], [3, 7, 10], [1, 4, 11]]",subset_beam_32,1.0,1.0,1.0,0.28466967854505804,0.26254108415980193,0.5123876307638602,"{""1"": 12}"
s0-i0,0,dd928c3be5378b41,"[[0, 6, 9], [2, 5, 8], [3, 7, 10], [1, 4, 11]]",saps_diagonal,1.0,1.0,1.0,0.28466967854505804,0.26254108415980193,0.5123876307638602,"{""1"": 12}"
s0-i0,0,dd928c3be5378b41,"[[0, 6, 9], [2, 5, 8], [3, 7, 10], [1, 4, 11]]",p_saps_residualized,1.0,1.0,1.0,0.28466967854505804,0.26254108415980193,0.5123876307638602,"{""1"": 12}"
s0-i0,0,dd928c3be5378b41,"[[0, 6, 9], [2, 5, 8], [3, 7, 10], [1, 4, 11]]",p_saps_projection,1.0,1.0,1.0,0.28466967854505804,0.26254108415980193,0.5123876307638602,"{""1"": 12}"
s0-i0,0,dd928c3be5378b41,"[[0, 6, 9], [2, 5, 8], [3, 7, 10], [1, 4, 11]]",b_saps_budgeted,1.0,1.0,1.0,0.28466967854505804,0.26254108415980193,0.5123876307638602,"{""1"": 12}"
s0-i1,0,2516301160cf1942,"[[0, 1, 2, 3, 4, 5, 6, 7, 8, 9, 10, 11]]",random_balanced,0.0,0.0,0.0,9.966672193000835e-05,0.010844381646967174,-0.10413636083024591,"{""2"": 11}"
s0-i1,0,2516301160cf1942,"[[0, 1, 2, 3, 4, 5, 6, 7, 8, 9, 10, 11]]",confidence,0.0,0.0,0.0,9.966672193000835e-05,0.010844381646967174,-0.10413636083024591,"{""2"": 11}"
s0-i1,0,2516301160cf1942,"[[0, 1, 2, 3, 4, 5, 6, 7, 8, 9, 10, 11]]",entropy,0.0,0.0,0.0,9.966672193000835e-05,0.010844381646967174,-0.10413636083024591,"{""2"": 11}"
s0-i1,0,2516301160cf1942,"[[0, 1, 2, 3, 4, 5, 6, 7, 8, 9, 10, 11]]",dependency_cmi,0.0,0.0,0.0,9.966672193000835e-05,0.010844381646967174,-0.10413636083024591,"{""2"": 11}"
s0-i1,0,2516301160cf1942,"[[0, 1, 2, 3, 4, 5, 6, 7, 8, 9, 10, 11]]",min_within_batch_tc,0.0,0.0,0.0,9.966672193000835e-05,0.010844381646967174,-0.10413636083024591,"{""2"": 11}"
s0-i1,0,2516301160cf1942,"[[0, 1, 2, 3, 4, 5, 6, 7, 8, 9, 10, 11]]",dprm_myopic,0.0,0.0,0.0,9.966672193000835e-05,0.010844381646967174,-0.10413636083024591,"{""2"": 11}"
s0-i1,0,2516301160cf1942,"[[0, 1, 2, 3, 4, 5, 6, 7, 8, 9, 10, 11]]",dprm_rollout,0.0,0.0,0.0,9.966672193000835e-05,0.010844381646967174,-0.10413636083024591,"{""2"": 11}"
s0-i1,0,2516301160cf1942,"[[0, 1, 2, 3, 4, 5, 6, 7, 8, 9, 10, 11]]",subset_exact,0.0,0.0,0.0,9.966672193000835e-05,0.010844381646967174,-0.10413636083024591,"{""2"": 11}"
s0-i1,0,2516301160cf1942,"[[0, 1, 2, 3, 4, 5, 6, 7, 8, 9, 10, 11]]",subset_beam_8,0.0,0.0,0.0,9.966672193000835e-05,0.010844381646967174,-0.10413636083024591,"{""2"": 11}"
s0-i1,0,2516301160cf1942,"[[0, 1, 2, 3, 4, 5, 6, 7, 8, 9, 10, 11]]",subset_beam_32,0.0,0.0,0.0,9.966672193000835e-05,0.010844381646967174,-0.10413636083024591,"{""2"": 11}"
s0-i1,0,2516301160cf1942,"[[0, 1, 2, 3, 4, 5, 6, 7, 8, 9, 10, 11]]",saps_diagonal,0.0,0.0,0.0,9.966672193000835e-05,0.010844381646967174,-0.10413636083024591,"{""2"": 11}"
s0-i1,0,2516301160cf1942,"[[0, 1, 2, 3, 4, 5, 6, 7, 8, 9, 10, 11]]",p_saps_residualized,0.0,0.0,0.0,9.966672193000835e-05,0.010844381646967174,-0.10413636083024591,"{""2"": 11}"
s0-i1,0,2516301160cf1942,"[[0, 1, 2, 3, 4, 5, 6, 7, 8, 9, 10, 11]]",p_saps_projection,0.0,0.0,0.0,9.966672193000835e-05,0.010844381646967174,-0.10413636083024591,"{""2"": 11}"
s0-i1,0,2516301160cf1942,"[[0, 1, 2, 3, 4, 5, 6, 7, 8, 9, 10, 11]]",b_saps_budgeted,0.0,0.0,0.0,9.966672193000835e-05,0.010844381646967174,-0.10413636083024591,"{""2"": 11}"
s0-i1,0,2516301160cf1942,"[[0, 1, 2, 3, 4, 5, 6, 7, 8, 9, 10, 11]]",random_balanced,0.0,0.0,0.0,0.002458367125419222,6.016881600860192,-2.4529332646568665,"{""2"": 11}"
s0-i1,0,2516301160cf1942,"[[0, 1, 2, 3, 4, 5, 6, 7, 8, 9, 10, 11]]",confidence,0.0,0.0,0.0,0.002458367125419222,6.016881600860192,-2.4529332646568665,"{""2"": 11}"
s0-i1,0,2516301160cf1942,"[[0, 1, 2, 3, 4, 5, 6, 7, 8, 9, 10, 11]]",entropy,0.0,0.0,0.0,0.002458367125419222,6.016881600860192,-2.4529332646568665,"{""2"": 11}"
s0-i1,0,2516301160cf1942,"[[0, 1, 2, 3, 4, 5, 6, 7, 8, 9, 10, 11]]",dependency_cmi,0.0,0.0,0.0,0.002458367125419222,6.016881600860192,-2.4529332646568665,"{""2"": 11}"
s0-i1,0,2516301160cf1942,"[[0, 1, 2, 3, 4, 5, 6, 7, 8, 9, 10, 11]]",min_within_batch_tc,0.0,0.0,0.0,0.002458367125419222,6.016881600860192,-2.4529332646568665,"{""2"": 11}"
s0-i1,0,2516301160cf1942,"[[0, 1, 2, 3, 4, 5, 6, 7, 8, 9, 10, 11]]",dprm_myopic,0.0,0.0,0.0,0.002458367125419222,6.016881600860192,-2.4529332646568665,"{""2"": 11}"
s0-i1,0,2516301160cf1942,"[[0, 1, 2, 3, 4, 5, 6, 7, 8, 9, 10, 11]]",dprm_rollout,0.0,0.0,0.0,0.002458367125419222,6.016881600860192,-2.4529332646568665,"{""2"": 11}"
s0-i1,0,2516301160cf1942,"[[0, 1, 2, 3, 4, 5, 6, 7, 8, 9, 10, 11]]",subset_exact,0.0,0.0,0.0,0.002458367125419222,6.016881600860192,-2.4529332646568665,"{""2"": 11}"
s0-i1,0,2516301160cf1942,"[[0, 1, 2, 3, 4, 5, 6, 7, 8, 9, 10, 11]]",subset_beam_8,0.0,0.0,0.0,0.002458367125419222,6.016881600860192,-2.4529332646568665,"{""2"": 11}"
s0-i1,0,2516301160cf1942,"[[0, 1, 2, 3, 4, 5, 6, 7, 8, 9, 10, 11]]",subset_beam_32,0.0,0.0,0.0,0.002458367125419222,6.016881600860192,-2.4529332646568665,"{""2"": 11}"
s0-i1,0,2516301160cf1942,"[[0, 1, 2, 3, 4, 5, 6, 7, 8, 9, 10, 11]]",saps_diagonal,0.0,0.0,0.0,0.002458367125419222,6.016881600860192,-2.4529332646568665,"{""2"": 11}"
s0-i1,0,2516301160cf1942,"[[0, 1, 2, 3, 4, 5, 6, 7, 8, 9, 10, 11]]",p_saps_residualized,0.0,0.0,0.0,0.002458367125419222,6.016881600860192,-2.4529332646568665,"{""2"": 11}"
s0-i1,0,2516301160cf1942,"[[0, 1, 2, 3, 4, 5, 6, 7, 8, 9, 10, 11]]",p_saps_projection,0.0,0.0,0.0,0.002458367125419222,6.016881600860192,-2.4529332646568665,"{""2"": 11}"
s0-i1,0,2516301160cf1942,"[[0, 1, 2, 3, 4, 5, 6, 7, 8, 9, 10, 11]]",b_saps_budgeted,0.0,0.0,0.0,0.002458367125419222,6.016881600860192,-2.4529332646568665,"{""2"": 11}"
s0-i1,0,2516301160cf1942,"[[0, 1, 2, 3, 4, 5, 6, 7, 8, 9, 10, 11]]",random_balanced,0.0,0.0,0.0,0.02137757562180163,21.640393503717945,4.651923634768519,"{""2"": 11}"
s0-i1,0,2516301160cf1942,"[[0, 1, 2, 3, 4, 5, 6, 7, 8, 9, 10, 11]]",confidence,0.0,0.0,0.0,0.02137757562180163,21.640393503717945,4.651923634768519,"{""2"": 11}"
s0-i1,0,2516301160cf1942,"[[0, 1, 2, 3, 4, 5, 6, 7, 8, 9, 10, 11]]",entropy,0.0,0.0,0.0,0.02137757562180163,21.640393503717945,4.651923634768519,"{""2"": 11}"
s0-i1,0,2516301160cf1942,"[[0, 1, 2, 3, 4, 5, 6, 7, 8, 9, 10, 11]]",dependency_cmi,0.0,0.0,0.0,0.02137757562180163,21.640393503717945,4.651923634768519,"{""2"": 11}"
s0-i1,0,2516301160cf1942,"[[0, 1, 2, 3, 4, 5, 6, 7, 8, 9, 10, 11]]",min_within_batch_tc,0.0,0.0,0.0,0.02137757562180163,21.640393503717945,4.651923634768519,"{""2"": 11}"
s0-i1,0,2516301160cf1942,"[[0, 1, 2, 3, 4, 5, 6, 7, 8, 9, 10, 11]]",dprm_myopic,0.0,0.0,0.0,0.02137757562180163,21.640393503717945,4.651923634768519,"{""2"": 11}"
s0-i1,0,2516301160cf1942,"[[0, 1, 2, 3, 4, 5, 6, 7, 8, 9, 10, 11]]",dprm_rollout,0.0,0.0,0.0,0.02137757562180163,21.640393503717945,4.651923634768519,"{""2"": 11}"
s0-i1,0,2516301160cf1942,"[[0, 1, 2, 3, 4, 5, 6, 7, 8, 9, 10, 11]]",subset_exact,0.0,0.0,0.0,0.02137757562180163,21.640393503717945,4.651923634768519,"{""2"": 11}"
s0-i1,0,2516301160cf1942,"[[0, 1, 2, 3, 4, 5, 6, 7, 8, 9, 10, 11]]",subset_beam_8,0.0,0.0,0.0,0.02137757562180163,21.640393503717945,4.651923634768519,"{""2"": 11}"
s0-i1,0,2516301160cf1942,"[[0, 1, 2, 3, 4, 5, 6, 7, 8, 9, 10, 11]]",subset_beam_32,0.0,0.0,0.0,0.02137757562180163,21.640393503717945,4.651923634768519,"{""2"": 11}"
s0-i1,0,2516301160cf1942,"[[0, 1, 2, 3, 4, 5, 6, 7, 8, 9, 10, 11]]",saps_diagonal,0.0,0.0,0.0,0.02137757562180163,21.640393503717945,4.651923634768519,"{""2"": 11}"
s0-i1,0,2516301160cf1942,"[[0, 1, 2, 3, 4, 5, 6, 7, 8, 9, 10, 11]]",p_saps_residualized,0.0,0.0,0.0,0.02137757562180163,21.640393503717945,4.651923634768519,"{""2"": 11}"
s0-i1,0,2516301160cf1942,"[[0, 1, 2, 3, 4, 5, 6, 7, 8, 9, 10, 11]]",p_saps_projection,0.0,0.0,0.0,0.02137757562180163,21.640393503717945,4.651923634768519,"{""2"": 11}"
s0-i1,0,2516301160cf1942,"[[0, 1, 2, 3, 4, 5, 6, 7, 8, 9, 10, 11]]",b_saps_budgeted,0.0,0.0,0.0,0.02137757562180163,21.640393503717945,4.651923634768519,"{""2"": 11}"
s0-i1,0,1ba49b0076333aff,"[[0, 3, 4, 6, 9, 10], [1, 2, 5, 7, 8, 11]]",random_balanced,0.5686202577271325,0.5686202577271325,0.5686202577271325,0.011377440494985151,0.3795835027714467,0.6161034838170019,"{""1"": 7, ""2"": 4}"
s0-i1,0,80735b395278b3a8,"[[2, 3, 4, 5, 6, 9], [0, 1, 7, 8, 10, 11]]",confidence,0.6639870353290692,0.6639870353290692,0.6639870353290692,0.013268904839852061,0.856618163499866,0.925536689440168,"{""2"": 4, ""1"": 7}"
s0-i1,0,c042086b2dbc0d8d,"[[2, 3, 4, 5, 9, 11], [0, 1, 6, 7, 8, 10]]",entropy,0.5874411513209109,0.5874411513209109,0.5874411513209109,0.011750726140849762,0.856618163499866,0.925536689440168,"{""2"": 4, ""1"": 7}"
s0-i1,0,ed14ddfd7f83201e,"[[0, 4, 6, 7, 8, 11], [1, 2, 3, 5, 9, 10]]",dependency_cmi,0.7957717385412973,0.7957717385412973,0.7957717385412973,0.015882666923386433,0.0,0.0,"{""1"": 9, ""2"": 2}"
s0-i1,0,3696bfc6e8039c86,"[[0, 6, 8, 9, 10, 11], [1, 2, 3, 4, 5, 7]]",min_within_batch_tc,0.5660076617418051,0.5660076617418051,0.5660076617418051,0.011325623370845592,0.7262247159852869,-0.8521881928220356,"{""1"": 7, ""2"": 4}"
s0-i1,0,65cd73210213c5d5,"[[0, 1, 2, 3, 4, 5], [6, 7, 8, 9, 10, 11]]",dprm_myopic,0.4965837694349459,0.4965837694349459,0.4965837694349459,0.009948699243992871,0.856618163499866,0.925536689440168,"{""2"": 5, ""1"": 6}"
s0-i1,0,65cd73210213c5d5,"[[0, 1, 2, 3, 4, 5], [6, 7, 8, 9, 10, 11]]",dprm_rollout,0.4965837694349459,0.4965837694349459,0.4965837694349459,0.009948699243992871,0.856618163499866,0.925536689440168,"{""2"": 5, ""1"": 6}"
s0-i1,0,68e2075d3384ae62,"[[0, 3, 4, 5, 6, 7], [1, 2, 8, 9, 10, 11]]",subset_exact,0.9579683852872434,0.9579683852872434,0.9579683852872434,0.01909960663647474,0.0,0.0,"{""1"": 10, ""2"": 1}"
s0-i1,0,68e2075d3384ae62,"[[0, 3, 4, 5, 6, 7], [1, 2, 8, 9, 10, 11]]",subset_beam_8,0.9579683852872434,0.9579683852872434,0.9579683852872434,0.01909960663647474,0.0,0.0,"{""1"": 10, ""2"": 1}"
s0-i1,0,68e2075d3384ae62,"[[0, 3, 4, 5, 6, 7], [1, 2, 8, 9, 10, 11]]",subset_beam_32,0.9579683852872434,0.9579683852872434,0.9579683852872434,0.01909960663647474,0.0,0.0,"{""1"": 10, ""2"": 1}"
s0-i1,0,68e2075d3384ae62,"[[0, 3, 4, 5, 6, 7], [1, 2, 8, 9, 10, 11]]",saps_diagonal,0.9579683852872434,0.9579683852872434,0.9579683852872434,0.01909960663647474,0.0,0.0,"{""1"": 10, ""2"": 1}"
s0-i1,0,68e2075d3384ae62,"[[0, 3, 4, 5, 6, 7], [1, 2, 8, 9, 10, 11]]",p_saps_residualized,0.9579683852872434,0.9579683852872434,0.9579683852872434,0.01909960663647474,0.0,0.0,"{""1"": 10, ""2"": 1}"
s0-i1,0,68e2075d3384ae62,"[[0, 3, 4, 5, 6, 7], [1, 2, 8, 9, 10, 11]]",p_saps_projection,0.9579683852872434,0.9579683852872434,0.9579683852872434,0.01909960663647474,0.0,0.0,"{""1"": 10, ""2"": 1}"
s0-i1,0,68e2075d3384ae62,"[[0, 3, 4, 5, 6, 7], [1, 2, 8, 9, 10, 11]]",b_saps_budgeted,0.9579683852872434,0.9579683852872434,0.9579683852872434,0.01909960663647474,0.0,0.0,"{""1"": 10, ""2"": 1}"
s0-i1,0,1ba49b0076333aff,"[[0, 3, 4, 6, 9, 10], [1, 2, 5, 7, 8, 11]]",random_balanced,0.5686202577271325,0.5686202577271325,0.5686202577271325,0.05696830158086874,1.6413288676386661,-1.2811435780733813,"{""1"": 7, ""2"": 4}"
s0-i1,0,80735b395278b3a8,"[[2, 3, 4, 5, 6, 9], [0, 1, 7, 8, 10, 11]]",confidence,0.6639870353290692,0.6639870353290692,0.6639870353290692,0.06611049573534364,0.8998468365755377,-0.9486025704031893,"{""2"": 4, ""1"": 7}"
s0-i1,0,c042086b2dbc0d8d,"[[2, 3, 4, 5, 9, 11], [0, 1, 6, 7, 8, 10]]",entropy,0.5874411513209109,0.5874411513209109,0.5874411513209109,0.058772538525030095,6.827044421484534,-2.6128613475430598,"{""2"": 4, ""1"": 7}"
s0-i1,0,ed14ddfd7f83201e,"[[0, 4, 6, 7, 8, 11], [1, 2, 3, 5, 9, 10]]",dependency_cmi,0.7957717385412973,0.7957717385412973,0.7957717385412973,0.07874384011009972,5.292020037390592,2.3004390966488533,"{""1"": 9, ""2"": 2}"
s0-i1,0,3696bfc6e8039c86,"[[0, 6, 8, 9, 10, 11], [1, 2, 3, 4, 5, 7]]",min_within_batch_tc,0.5660076617418051,0.5660076617418051,0.5660076617418051,0.056717848956321,0.0535623435285112,0.23143539817519532,"{""1"": 7, ""2"": 4}"
s0-i1,0,65cd73210213c5d5,"[[0, 1, 2, 3, 4, 5], [6, 7, 8, 9, 10, 11]]",dprm_myopic,0.4965837694349459,0.4965837694349459,0.4965837694349459,0.050062630877359994,0.5447095329866244,0.7380443977069566,"{""2"": 5, ""1"": 6}"
s0-i1,0,65cd73210213c5d5,"[[0, 1, 2, 3, 4, 5], [6, 7, 8, 9, 10, 11]]",dprm_rollout,0.4965837694349459,0.4965837694349459,0.4965837694349459,0.050062630877359994,0.5447095329866244,0.7380443977069566,"{""2"": 5, ""1"": 6}"
s0-i1,0,68e2075d3384ae62,"[[0, 3, 4, 5, 6, 7], [1, 2, 8, 9, 10, 11]]",subset_exact,0.9579683852872434,0.9579683852872434,0.9579683852872434,0.09429258017496381,0.3342184734619389,0.5781163148207624,"{""1"": 10, ""2"": 1}"
s0-i1,0,68e2075d3384ae62,"[[0, 3, 4, 5, 6, 7], [1, 2, 8, 9, 10, 11]]",subset_beam_8,0.9579683852872434,0.9579683852872434,0.9579683852872434,0.09429258017496381,0.3342184734619389,0.5781163148207624,"{""1"": 10, ""2"": 1}"
s0-i1,0,68e2075d3384ae62,"[[0, 3, 4, 5, 6, 7], [1, 2, 8, 9, 10, 11]]",subset_beam_32,0.9579683852872434,0.9579683852872434,0.9579683852872434,0.09429258017496381,0.3342184734619389,0.5781163148207624,"{""1"": 10, ""2"": 1}"
s0-i1,0,68e2075d3384ae62,"[[0, 3, 4, 5, 6, 7], [1, 2, 8, 9, 10, 11]]",saps_diagonal,0.9579683852872434,0.9579683852872434,0.9579683852872434,0.09429258017496381,0.3342184734619389,0.5781163148207624,"{""1"": 10, ""2"": 1}"
s0-i1,0,68e2075d3384ae62,"[[0, 3, 4, 5, 6, 7], [1, 2, 8, 9, 10, 11]]",p_saps_residualized,0.9579683852872434,0.9579683852872434,0.9579683852872434,0.09429258017496381,0.3342184734619389,0.5781163148207624,"{""1"": 10, ""2"": 1}"
s0-i1,0,68e2075d3384ae62,"[[0, 3, 4, 5, 6, 7], [1, 2, 8, 9, 10, 11]]",p_saps_projection,0.9579683852872434,0.9579683852872434,0.9579683852872434,0.09429258017496381,0.3342184734619389,0.5781163148207624,"{""1"": 10, ""2"": 1}"
s0-i1,0,68e2075d3384ae62,"[[0, 3, 4, 5, 6, 7], [1, 2, 8, 9, 10, 11]]",b_saps_budgeted,0.9579683852872434,0.9579683852872434,0.9579683852872434,0.09429258017496381,0.3342184734619389,0.5781163148207624,"{""1"": 10, ""2"": 1}"
s0-i1,0,1ba49b0076333aff,"[[0, 3, 4, 6, 9, 10], [1, 2, 5, 7, 8, 11]]",random_balanced,0.5686202577271325,0.5686202577271325,0.5686202577271325,0.1710907990435424,28.285717649307784,5.318431878787937,"{""1"": 7, ""2"": 4}"
s0-i1,0,80735b395278b3a8,"[[2, 3, 4, 5, 6, 9], [0, 1, 7, 8, 10, 11]]",confidence,0.6639870353290692,0.6639870353290692,0.6639870353290692,0.19620011846737082,28.03747032435336,5.295042051235605,"{""2"": 4, ""1"": 7}"
s0-i1,0,c042086b2dbc0d8d,"[[2, 3, 4, 5, 9, 11], [0, 1, 6, 7, 8, 10]]",entropy,0.5874411513209109,0.5874411513209109,0.5874411513209109,0.17604619169674313,21.640393503717945,4.651923634768519,"{""2"": 4, ""1"": 7}"
s0-i1,0,ed14ddfd7f83201e,"[[0, 4, 6, 7, 8, 11], [1, 2, 3, 5, 9, 10]]",dependency_cmi,0.7957717385412973,0.7957717385412973,0.7957717385412973,0.2308979901092356,9.920124709709356,3.1496229472286608,"{""1"": 9, ""2"": 2}"
s0-i1,0,3696bfc6e8039c86,"[[0, 6, 8, 9, 10, 11], [1, 2, 3, 4, 5, 7]]",min_within_batch_tc,0.5660076617418051,0.5660076617418051,0.5660076617418051,0.17040292315247668,1.709590474479299,1.307513087689488,"{""1"": 7, ""2"": 4}"
s0-i1,0,65cd73210213c5d5,"[[0, 1, 2, 3, 4, 5], [6, 7, 8, 9, 10, 11]]",dprm_myopic,0.4965837694349459,0.4965837694349459,0.4965837694349459,0.15212416055388603,10.939250384121722,3.307453761448786,"{""2"": 5, ""1"": 6}"
s0-i1,0,65cd73210213c5d5,"[[0, 1, 2, 3, 4, 5], [6, 7, 8, 9, 10, 11]]",dprm_rollout,0.4965837694349459,0.4965837694349459,0.4965837694349459,0.15212416055388603,10.939250384121722,3.307453761448786,"{""2"": 5, ""1"": 6}"
s0-i1,0,68e2075d3384ae62,"[[0, 3, 4, 5, 6, 7], [1, 2, 8, 9, 10, 11]]",subset_exact,0.9579683852872434,0.9579683852872434,0.9579683852872434,0.2736030863180763,13.168214772685557,3.628803490502835,"{""1"": 10, ""2"": 1}"
s0-i1,0,68e2075d3384ae62,"[[0, 3, 4, 5, 6, 7], [1, 2, 8, 9, 10, 11]]",subset_beam_8,0.9579683852872434,0.9579683852872434,0.9579683852872434,0.2736030863180763,13.168214772685557,3.628803490502835,"{""1"": 10, ""2"": 1}"
s0-i1,0,68e2075d3384ae62,"[[0, 3, 4, 5, 6, 7], [1, 2, 8, 9, 10, 11]]",subset_beam_32,0.9579683852872434,0.9579683852872434,0.9579683852872434,0.2736030863180763,13.168214772685557,3.628803490502835,"{""1"": 10, ""2"": 1}"
s0-i1,0,68e2075d3384ae62,"[[0, 3, 4, 5, 6, 7], [1, 2, 8, 9, 10, 11]]",saps_diagonal,0.9579683852872434,0.9579683852872434,0.9579683852872434,0.2736030863180763,13.168214772685557,3.628803490502835,"{""1"": 10, ""2"": 1}"
s0-i1,0,68e2075d3384ae62,"[[0, 3, 4, 5, 6, 7], [1, 2, 8, 9, 10, 11]]",p_saps_residualized,0.9579683852872434,0.9579683852872434,0.9579683852872434,0.2736030863180763,13.168214772685557,3.628803490502835,"{""1"": 10, ""2"": 1}"
s0-i1,0,68e2075d3384ae62,"[[0, 3, 4, 5, 6, 7], [1, 2, 8, 9, 10, 11]]",p_saps_projection,0.9579683852872434,0.9579683852872434,0.9579683852872434,0.2736030863180763,13.168214772685557,3.628803490502835,"{""1"": 10, ""2"": 1}"
s0-i1,0,68e2075d3384ae62,"[[0, 3, 4, 5, 6, 7], [1, 2, 8, 9, 10, 11]]",b_saps_budgeted,0.9579683852872434,0.9579683852872434,0.9579683852872434,0.2736030863180763,13.168214772685557,3.628803490502835,"{""1"": 10, ""2"": 1}"
s0-i1,0,ab35e5193860a0b5,"[[0, 3, 6, 10], [4, 7, 8, 9], [1, 2, 5, 11]]",random_balanced,0.6462134191702807,0.6462134191702807,0.6462134191702807,0.012916390451832977,0.3795835027714467,0.6161034838170019,"{""1"": 8, ""2"": 3}"
s0-i1,0,27ddfdc427dd23b9,"[[2, 3, 5, 9], [1, 4, 6, 10], [0, 7, 8, 11]]",confidence,0.5868279191510166,0.5868279191510166,0.5868279191510166,0.011738563553273176,0.05102684853455957,0.2258912316460282,"{""1"": 8, ""2"": 3}"
s0-i1,0,8e0af5a3d2710c52,"[[2, 3, 5, 9], [4, 7, 8, 11], [0, 1, 6, 10]]",entropy,0.7933812748315304,0.7933812748315304,0.7933812748315304,0.015835255476880448,4.169443683812817,2.041921566518366,"{""2"": 2, ""1"": 9}"
s0-i1,0,bf13b81a72acb105,"[[4, 6, 8, 11], [1, 5, 7, 10], [0, 2, 3, 9]]",dependency_cmi,0.947316760829754,0.947316760829754,0.947316760829754,0.01888834682060523,0.0,0.0,"{""1"": 10, ""2"": 1}"
s0-i1,0,2c0cccc3d58d57d5,"[[6, 8, 10, 11], [0, 5, 7, 9], [1, 2, 3, 4]]",min_within_batch_tc,0.7558857337736614,0.7558857337736614,0.7558857337736614,0.015091584769053028,0.0,0.0,"{""1"": 9, ""2"": 2}"
s0-i1,0,308e8057e39b20e8,"[[1, 2, 3, 4], [0, 5, 6, 7], [8, 9, 10, 11]]",dprm_myopic,0.7558857337736614,0.7558857337736614,0.7558857337736614,0.015091584769053028,1.9996747075062586,1.4140985494322023,"{""1"": 9, ""2"": 2}"
s0-i1,0,308e8057e39b20e8,"[[1, 2, 3, 4], [0, 5, 6, 7], [8, 9, 10, 11]]",dprm_rollout,0.7558857337736614,0.7558857337736614,0.7558857337736614,0.015091584769053028,1.9996747075062586,1.4140985494322023,"{""1"": 9, ""2"": 2}"
s0-i1,0,c9e2001ad94b0b84,"[[0, 3, 6, 10], [4, 5, 7, 8], [1, 2, 9, 11]]",subset_exact,1.0,1.0,1.0,0.019933243911272918,0.3795835027714467,0.6161034838170019,"{""1"": 11}"
s0-i1,0,c9e2001ad94b0b84,"[[0, 3, 6, 10], [4, 5, 7, 8], [1, 2, 9, 11]]",subset_beam_8,1.0,1.0,1.0,0.019933243911272918,0.3795835027714467,0.6161034838170019,"{""1"": 11}"
s0-i1,0,c9e2001ad94b0b84,"[[0, 3, 6, 10], [4, 5, 7, 8], [1, 2, 9, 11]]",subset_beam_32,1.0,1.0,1.0,0.019933243911272918,0.3795835027714467,0.6161034838170019,"{""1"": 11}"
s0-i1,0,c9e2001ad94b0b84,"[[0, 3, 6, 10], [4, 5, 7, 8], [1, 2, 9, 11]]",saps_diagonal,1.0,1.0,1.0,0.019933243911272918,0.3795835027714467,0.6161034838170019,"{""1"": 11}"
s0-i1,0,c9e2001ad94b0b84,"[[0, 3, 6, 10], [4, 5, 7, 8], [1, 2, 9, 11]]",p_saps_residualized,1.0,1.0,1.0,0.019933243911272918,0.3795835027714467,0.6161034838170019,"{""1"": 11}"
s0-i1,0,c9e2001ad94b0b84,"[[0, 3, 6, 10], [4, 5, 7, 8], [1, 2, 9, 11]]",p_saps_projection,1.0,1.0,1.0,0.019933243911272918,0.3795835027714467,0.6161034838170019,"{""1"": 11}"
s0-i1,0,c9e2001ad94b0b84,"[[0, 3, 6, 10], [4, 5, 7, 8], [1, 2, 9, 11]]",b_saps_budgeted,1.0,1.0,1.0,0.019933243911272918,0.3795835027714467,0.6161034838170019,"{""1"": 11}"
s0-i1,0,ab35e5193860a0b5,"[[0, 3, 6, 10], [4, 7, 8, 9], [1, 2, 5, 11]]",random_balanced,0.6462134191702807,0.6462134191702807,0.6462134191702807,0.06440665448331986,5.846048100465724,-2.4178602317887865,"{""1"": 8, ""2"": 3}"
s0-i1,0,27ddfdc427dd23b9,"[[2, 3, 5, 9], [1, 4, 6, 10], [0, 7, 8, 11]]",confidence,0.5868279191510166,0.5868279191510166,0.5868279191510166,0.058713751936032156,0.3342184734619389,0.5781163148207624,"{""1"": 8, ""2"": 3}"
s0-i1,0,8e0af5a3d2710c52,"[[2, 3, 5, 9], [4, 7, 8, 11], [0, 1, 6, 10]]",entropy,0.7933812748315304,0.7933812748315304,0.7933812748315304,0.07851468186544208,0.8998468365755377,-0.9486025704031893,"{""2"": 2, ""1"": 9}"
s0-i1,0,bf13b81a72acb105,"[[4, 6, 8, 11], [1, 5, 7, 10], [0, 2, 3, 9]]",dependency_cmi,0.947316760829754,0.947316760829754,0.947316760829754,0.09327147805429258,3.557766784856715,1.886204332742536,"{""1"": 10, ""2"": 1}"
s0-i1,0,2c0cccc3d58d57d5,"[[6, 8, 10, 11], [0, 5, 7, 9], [1, 2, 3, 4]]",min_within_batch_tc,0.7558857337736614,0.7558857337736614,0.7558857337736614,0.07492022764461327,3.441216647432514,1.8550516562706587,"{""1"": 9, ""2"": 2}"
s0-i1,0,308e8057e39b20e8,"[[1, 2, 3, 4], [0, 5, 6, 7], [8, 9, 10, 11]]",dprm_myopic,0.7558857337736614,0.7558857337736614,0.7558857337736614,0.07492022764461327,0.6220074472601955,-0.7886744875169955,"{""1"": 9, ""2"": 2}"
s0-i1,0,308e8057e39b20e8,"[[1, 2, 3, 4], [0, 5, 6, 7], [8, 9, 10, 11]]",dprm_rollout,0.7558857337736614,0.7558857337736614,0.7558857337736614,0.07492022764461327,0.6220074472601955,-0.7886744875169955,"{""1"": 9, ""2"": 2}"
s0-i1,0,c9e2001ad94b0b84,"[[0, 3, 6, 10], [4, 5, 7, 8], [1, 2, 9, 11]]",subset_exact,1.0,1.0,1.0,0.09832187834349396,5.846048100465724,-2.4178602317887865,"{""1"": 11}"
s0-i1,0,c9e2001ad94b0b84,"[[0, 3, 6, 10], [4, 5, 7, 8], [1, 2, 9, 11]]",subset_beam_8,1.0,1.0,1.0,0.09832187834349396,5.846048100465724,-2.4178602317887865,"{""1"": 11}"
s0-i1,0,c9e2001ad94b0b84,"[[0, 3, 6, 10], [4, 5, 7, 8], [1, 2, 9, 11]]",subset_beam_32,1.0,1.0,1.0,0.09832187834349396,5.846048100465724,-2.4178602317887865,"{""1"": 11}"
s0-i1,0,c9e2001ad94b0b84,"[[0, 3, 6, 10], [4, 5, 7, 8], [1, 2, 9, 11]]",saps_diagonal,1.0,1.0,1.0,0.09832187834349396,5.846048100465724,-2.4178602317887865,"{""1"": 11}"
s0-i1,0,c9e2001ad94b0b84,"[[0, 3, 6, 10], [4, 5, 7, 8], [1, 2, 9, 11]]",p_saps_residualized,1.0,1.0,1.0,0.09832187834349396,5.846048100465724,-2.4178602317887865,"{""1"": 11}"
s0-i1,0,c9e2001ad94b0b84,"[[0, 3, 6, 10], [4, 5, 7, 8], [1, 2, 9, 11]]",p_saps_projection,1.0,1.0,1.0,0.09832187834349396,5.846048100465724,-2.4178602317887865,"{""1"": 11}"
s0-i1,0,c9e2001ad94b0b84,"[[0, 3, 6, 10], [4, 5, 7, 8], [1, 2, 9, 11]]",b_saps_budgeted,1.0,1.0,1.0,0.09832187834349396,5.846048100465724,-2.4178602317887865,"{""1"": 11}"
s0-i1,0,ab35e5193860a0b5,"[[0, 3, 6, 10], [4, 7, 8, 9], [1, 2, 5, 11]]",random_balanced,0.6462134191702807,0.6462134191702807,0.6462134191702807,0.19152046569237263,0.5145370760851403,0.7173123978331479,"{""1"": 8, ""2"": 3}"
s0-i1,0,27ddfdc427dd23b9,"[[2, 3, 5, 9], [1, 4, 6, 10], [0, 7, 8, 11]]",confidence,0.5868279191510166,0.5868279191510166,0.5868279191510166,0.1758847325091515,0.5145370760851403,0.7173123978331479,"{""1"": 8, ""2"": 3}"
s0-i1,0,8e0af5a3d2710c52,"[[2, 3, 5, 9], [4, 7, 8, 11], [0, 1, 6, 10]]",entropy,0.7933812748315304,0.7933812748315304,0.7933812748315304,0.23026859989212933,12.36515157535892,-3.5164117471307197,"{""2"": 2, ""1"": 9}"
s0-i1,0,bf13b81a72acb105,"[[4, 6, 8, 11], [1, 5, 7, 10], [0, 2, 3, 9]]",dependency_cmi,0.947316760829754,0.947316760829754,0.947316760829754,0.2707985977151151,9.086457012056659,3.014375061610061,"{""1"": 10, ""2"": 1}"
s0-i1,0,2c0cccc3d58d57d5,"[[6, 8, 10, 11], [0, 5, 7, 9], [1, 2, 3, 4]]",min_within_batch_tc,0.7558857337736614,0.7558857337736614,0.7558857337736614,0.2203963200367577,1.55031875823635,1.2451179696062338,"{""1"": 9, ""2"": 2}"
s0-i1,0,308e8057e39b20e8,"[[1, 2, 3, 4], [0, 5, 6, 7], [8, 9, 10, 11]]",dprm_myopic,0.7558857337736614,0.7558857337736614,0.7558857337736614,0.2203963200367577,15.607020532922956,3.950572177915872,"{""1"": 9, ""2"": 2}"
s0-i1,0,308e8057e39b20e8,"[[1, 2, 3, 4], [0, 5, 6, 7], [8, 9, 10, 11]]",dprm_rollout,0.7558857337736614,0.7558857337736614,0.7558857337736614,0.2203963200367577,15.607020532922956,3.950572177915872,"{""1"": 9, ""2"": 2}"
s0-i1,0,c9e2001ad94b0b84,"[[0, 3, 6, 10], [4, 5, 7, 8], [1, 2, 9, 11]]",subset_exact,1.0,1.0,1.0,0.28466967854505804,0.11550370142482622,0.33985835494338845,"{""1"": 11}"
s0-i1,0,c9e2001ad94b0b84,"[[0, 3, 6, 10], [4, 5, 7, 8], [1, 2, 9, 11]]",subset_beam_8,1.0,1.0,1.0,0.28466967854505804,0.11550370142482622,0.33985835494338845,"{""1"": 11}"
s0-i1,0,c9e2001ad94b0b84,"[[0, 3, 6, 10], [4, 5, 7, 8], [1, 2, 9, 11]]",subset_beam_32,1.0,1.0,1.0,0.28466967854505804,0.11550370142482622,0.33985835494338845,"{""1"": 11}"
s0-i1,0,c9e2001ad94b0b84,"[[0, 3, 6, 10], [4, 5, 7, 8], [1, 2, 9, 11]]",saps_diagonal,1.0,1.0,1.0,0.28466967854505804,0.11550370142482622,0.33985835494338845,"{""1"": 11}"
s0-i1,0,c9e2001ad94b0b84,"[[0, 3, 6, 10], [4, 5, 7, 8], [1, 2, 9, 11]]",p_saps_residualized,1.0,1.0,1.0,0.28466967854505804,0.11550370142482622,0.33985835494338845,"{""1"": 11}"
s0-i1,0,c9e2001ad94b0b84,"[[0, 3, 6, 10], [4, 5, 7, 8], [1, 2, 9, 11]]",p_saps_projection,1.0,1.0,1.0,0.28466967854505804,0.11550370142482622,0.33985835494338845,"{""1"": 11}"
s0-i1,0,c9e2001ad94b0b84,"[[0, 3, 6, 10], [4, 5, 7, 8], [1, 2, 9, 11]]",b_saps_budgeted,1.0,1.0,1.0,0.28466967854505804,0.11550370142482622,0.33985835494338845,"{""1"": 11}"
s0-i1,0,0d2acddd5c165035,"[[0, 3, 10], [4, 6, 9], [1, 7, 8], [2, 5, 11]]",random_balanced,0.6462134191702807,0.6462134191702807,0.6462134191702807,0.012916390451832977,0.3795835027714467,0.6161034838170019,"{""1"": 8, ""2"": 3}"
s0-i1,0,6a1c62c95b195ba8,"[[3, 5, 9], [2, 4, 6], [1, 8, 10], [0, 7, 11]]",confidence,0.9431312047110125,0.9431312047110125,0.9431312047110125,0.018805332270243842,0.08210138520085791,0.286533392819856,"{""1"": 10, ""2"": 1}"
s0-i1,0,57dd58d1bc421f68,"[[3, 5, 9], [2, 4, 11], [1, 7, 8], [0, 6, 10]]",entropy,1.0,1.0,1.0,0.019933243911272918,0.08210138520085791,0.286533392819856,"{""1"": 11}"
s0-i1,0,ae30a8ff3932b6e3,"[[4, 6, 11], [3, 5, 10], [0, 8, 9], [1, 2, 7]]",dependency_cmi,1.0,1.0,1.0,0.019933243911272918,1.0602265904531774,1.0296730502704134,"{""1"": 11}"
s0-i1,0,d50ce47f4429fa5d,"[[8, 10, 11], [6, 7, 9], [3, 4, 5], [0, 1, 2]]",min_within_batch_tc,0.8885444929803842,0.8885444929803842,0.8885444929803842,0.017722682509622018,0.0,0.0,"{""2"": 2, ""1"": 9}"
s0-i1,0,c24e4c616a375428,"[[1, 2, 3], [0, 4, 5], [6, 7, 8], [9, 10, 11]]",dprm_myopic,0.943618195860397,0.943618195860397,0.943618195860397,0.01881499104679569,0.600772650931528,0.7750952528118902,"{""1"": 10, ""2"": 1}"
s0-i1,0,c24e4c616a375428,"[[1, 2, 3], [0, 4, 5], [6, 7, 8], [9, 10, 11]]",dprm_rollout,0.943618195860397,0.943618195860397,0.943618195860397,0.01881499104679569,0.600772650931528,0.7750952528118902,"{""1"": 10, ""2"": 1}"
s0-i1,0,f347800fd585340e,"[[0, 3, 10], [4, 5, 6], [1, 7, 8], [2, 9, 11]]",subset_exact,1.0,1.0,1.0,0.019933243911272918,0.3795835027714467,0.6161034838170019,"{""1"": 11}"
s0-i1,0,f347800fd585340e,"[[0, 3, 10], [4, 5, 6], [1, 7, 8], [2, 9, 11]]",subset_beam_8,1.0,1.0,1.0,0.019933243911272918,0.3795835027714467,0.6161034838170019,"{""1"": 11}"
s0-i1,0,f347800fd585340e,"[[0, 3, 10], [4, 5, 6], [1, 7, 8], [2, 9, 11]]",subset_beam_32,1.0,1.0,1.0,0.019933243911272918,0.3795835027714467,0.6161034838170019,"{""1"": 11}"
s0-i1,0,f347800fd585340e,"[[0, 3, 10], [4, 5, 6], [1, 7, 8], [2, 9, 11]]",saps_diagonal,1.0,1.0,1.0,0.019933243911272918,0.3795835027714467,0.6161034838170019,"{""1"": 11}"
s0-i1,0,f347800fd585340e,"[[0, 3, 10], [4, 5, 6], [1, 7, 8], [2, 9, 11]]",p_saps_residualized,1.0,1.0,1.0,0.019933243911272918,0.3795835027714467,0.6161034838170019,"{""1"": 11}"
s0-i1,0,f347800fd585340e,"[[0, 3, 10], [4, 5, 6], [1, 7, 8], [2, 9, 11]]",p_saps_projection,1.0,1.0,1.0,0.019933243911272918,0.3795835027714467,0.6161034838170019,"{""1"": 11}"
s0-i1,0,f347800fd585340e,"[[0, 3, 10], [4, 5, 6], [1, 7, 8], [2, 9, 11]]",b_saps_budgeted,1.0,1.0,1.0,0.019933243911272918,0.3795835027714467,0.6161034838170019,"{""1"": 11}"
s0-i1,0,0d2acddd5c165035,"[[0, 3, 10], [4, 6, 9], [1, 7, 8], [2, 5, 11]]",random_balanced,0.6462134191702807,0.6462134191702807,0.6462134191702807,0.06440665448331986,1.179705448452615,-1.086142462319108,"{""1"": 8, ""2"": 3}"
s0-i1,0,6a1c62c95b195ba8,"[[3, 5, 9], [2, 4, 6], [1, 8, 10], [0, 7, 11]]",confidence,0.9431312047110125,0.9431312047110125,0.9431312047110125,0.0928702359483497,0.5679151524489623,-0.753601454648916,"{""1"": 10, ""2"": 1}"
s0-i1,0,57dd58d1bc421f68,"[[3, 5, 9], [2, 4, 11], [1, 7, 8], [0, 6, 10]]",entropy,1.0,1.0,1.0,0.09832187834349396,0.8998468365755377,-0.9486025704031893,"{""1"": 11}"
s0-i1,0,ae30a8ff3932b6e3,"[[4, 6, 11], [3, 5, 10], [0, 8, 9], [1, 2, 7]]",dependency_cmi,1.0,1.0,1.0,0.09832187834349396,3.6557720811535477,1.9120073433837925,"{""1"": 11}"
s0-i1,0,d50ce47f4429fa5d,"[[8, 10, 11], [6, 7, 9], [3, 4, 5], [0, 1, 2]]",min_within_batch_tc,0.8885444929803842,0.8885444929803842,0.8885444929803842,0.08763736209600281,3.6557720811535477,1.9120073433837925,"{""2"": 2, ""1"": 9}"
s0-i1,0,c24e4c616a375428,"[[1, 2, 3], [0, 4, 5], [6, 7, 8], [9, 10, 11]]",dprm_myopic,0.943618195860397,0.943618195860397,0.943618195860397,0.09291692062986183,0.5447095329866244,0.7380443977069566,"{""1"": 10, ""2"": 1}"
s0-i1,0,c24e4c616a375428,"[[1, 2, 3], [0, 4, 5], [6, 7, 8], [9, 10, 11]]",dprm_rollout,0.943618195860397,0.943618195860397,0.943618195860397,0.09291692062986183,0.5447095329866244,0.7380443977069566,"{""1"": 10, ""2"": 1}"
s0-i1,0,f347800fd585340e,"[[0, 3, 10], [4, 5, 6], [1, 7, 8], [2, 9, 11]]",subset_exact,1.0,1.0,1.0,0.09832187834349396,0.5679151524489623,-0.753601454648916,"{""1"": 11}"
s0-i1,0,f347800fd585340e,"[[0, 3, 10], [4, 5, 6], [1, 7, 8], [2, 9, 11]]",subset_beam_8,1.0,1.0,1.0,0.09832187834349396,0.5679151524489623,-0.753601454648916,"{""1"": 11}"
s0-i1,0,f347800fd585340e,"[[0, 3, 10], [4, 5, 6], [1, 7, 8], [2, 9, 11]]",subset_beam_32,1.0,1.0,1.0,0.09832187834349396,0.5679151524489623,-0.753601454648916,"{""1"": 11}"
s0-i1,0,f347800fd585340e,"[[0, 3, 10], [4, 5, 6], [1, 7, 8], [2, 9, 11]]",saps_diagonal,1.0,1.0,1.0,0.09832187834349396,0.5679151524489623,-0.753601454648916,"{""1"": 11}"
s0-i1,0,f347800fd585340e,"[[0, 3, 10], [4, 5, 6], [1, 7, 8], [2, 9, 11]]",p_saps_residualized,1.0,1.0,1.0,0.09832187834349396,0.5679151524489623,-0.753601454648916,"{""1"": 11}"
s0-i1,0,f347800fd585340e,"[[0, 3, 10], [4, 5, 6], [1, 7, 8], [2, 9, 11]]",p_saps_projection,1.0,1.0,1.0,0.09832187834349396,0.5679151524489623,-0.753601454648916,"{""1"": 11}"
s0-i1,0,f347800fd585340e,"[[0, 3, 10], [4, 5, 6], [1, 7, 8], [2, 9, 11]]",b_saps_budgeted,1.0,1.0,1.0,0.09832187834349396,0.5679151524489623,-0.753601454648916,"{""1"": 11}"
s0-i1,0,0d2acddd5c165035,"[[0, 3, 10], [4, 6, 9], [1, 7, 8], [2, 5, 11]]",random_balanced,0.6462134191702807,0.6462134191702807,0.6462134191702807,0.19152046569237263,0.10015232882906407,0.3164685273910568,"{""1"": 8, ""2"": 3}"
s0-i1,0,6a1c62c95b195ba8,"[[3, 5, 9], [2, 4, 6], [1, 8, 10], [0, 7, 11]]",confidence,0.9431312047110125,0.9431312047110125,0.9431312047110125,0.26969657384270834,0.5486397866910018,0.7407022253854796,"{""1"": 10, ""2"": 1}"
s0-i1,0,57dd58d1bc421f68,"[[3, 5, 9], [2, 4, 11], [1, 7, 8], [0, 6, 10]]",entropy,1.0,1.0,1.0,0.28466967854505804,1.9149595688172478,1.383820641852566,"{""1"": 11}"
s0-i1,0,ae30a8ff3932b6e3,"[[4, 6, 11], [3, 5, 10], [0, 8, 9], [1, 2, 7]]",dependency_cmi,1.0,1.0,1.0,0.28466967854505804,19.53981840532701,4.420386680520949,"{""1"": 11}"
s0-i1,0,d50ce47f4429fa5d,"[[8, 10, 11], [6, 7, 9], [3, 4, 5], [0, 1, 2]]",min_within_batch_tc,0.8885444929803842,0.8885444929803842,0.8885444929803842,0.2553243237194856,9.46753144803399,3.07693539874239,"{""2"": 2, ""1"": 9}"
s0-i1,0,c24e4c616a375428,"[[1, 2, 3], [0, 4, 5], [6, 7, 8], [9, 10, 11]]",dprm_myopic,0.943618195860397,0.943618195860397,0.943618195860397,0.2698247947665348,10.939250384121722,3.307453761448786,"{""1"": 10, ""2"": 1}"
s0-i1,0,c24e4c616a375428,"[[1, 2, 3], [0, 4, 5], [6, 7, 8], [9, 10, 11]]",dprm_rollout,0.943618195860397,0.943618195860397,0.943618195860397,0.2698247947665348,10.939250384121722,3.307453761448786,"{""1"": 10, ""2"": 1}"
s0-i1,0,f347800fd585340e,"[[0, 3, 10], [4, 5, 6], [1, 7, 8], [2, 9, 11]]",subset_exact,1.0,1.0,1.0,0.28466967854505804,1.1166460277611105,1.05671473338887,"{""1"": 11}"
s0-i1,0,f347800fd585340e,"[[0, 3, 10], [4, 5, 6], [1, 7, 8], [2, 9, 11]]",subset_beam_8,1.0,1.0,1.0,0.28466967854505804,1.1166460277611105,1.05671473338887,"{""1"": 11}"
s0-i1,0,f347800fd585340e,"[[0, 3, 10], [4, 5, 6], [1, 7, 8], [2, 9, 11]]",subset_beam_32,1.0,1.0,1.0,0.28466967854505804,1.1166460277611105,1.05671473338887,"{""1"": 11}"
s0-i1,0,f347800fd585340e,"[[0, 3, 10], [4, 5, 6], [1, 7, 8], [2, 9, 11]]",saps_diagonal,1.0,1.0,1.0,0.28466967854505804,1.1166460277611105,1.05671473338887,"{""1"": 11}"
s0-i1,0,f347800fd585340e,"[[0, 3, 10], [4, 5, 6], [1, 7, 8], [2, 9, 11]]",p_saps_residualized,1.0,1.0,1.0,0.28466967854505804,1.1166460277611105,1.05671473338887,"{""1"": 11}"
s0-i1,0,f347800fd585340e,"[[0, 3, 10], [4, 5, 6], [1, 7, 8], [2, 9, 11]]",p_saps_projection,1.0,1.0,1.0,0.28466967854505804,1.1166460277611105,1.05671473338887,"{""1"": 11}"
s0-i1,0,f347800fd585340e,"[[0, 3, 10], [4, 5, 6], [1, 7, 8], [2, 9, 11]]",b_saps_budgeted,1.0,1.0,1.0,0.28466967854505804,1.1166460277611105,1.05671473338887,"{""1"": 11}"
s0-i2,0,2516301160cf1942,"[[0, 1, 2, 3, 4, 5, 6, 7, 8, 9, 10, 11]]",random_balanced,0.0,0.0,0.0,2.953093001089847e-07,0.0,0.0,"{""3"": 1}"
s0-i2,0,2516301160cf1942,"[[0, 1, 2, 3, 4, 5, 6, 7, 8, 9, 10, 11]]",confidence,0.0,0.0,0.0,2.953093001089847e-07,0.0,0.0,"{""3"": 1}"
s0-i2,0,2516301160cf1942,"[[0, 1, 2, 3, 4, 5, 6, 7, 8, 9, 10, 11]]",entropy,0.0,0.0,0.0,2.953093001089847e-07,0.0,0.0,"{""3"": 1}"
s0-i2,0,2516301160cf1942,"[[0, 1, 2, 3, 4, 5, 6, 7, 8, 9, 10, 11]]",dependency_cmi,0.0,0.0,0.0,2.953093001089847e-07,0.0,0.0,"{""3"": 1}"
s0-i2,0,2516301160cf1942,"[[0, 1, 2, 3, 4, 5, 6, 7, 8, 9, 10, 11]]",min_within_batch_tc,0.0,0.0,0.0,2.953093001089847e-07,0.0,0.0,"{""3"": 1}"
s0-i2,0,2516301160cf1942,"[[0, 1, 2, 3, 4, 5, 6, 7, 8, 9, 10, 11]]",dprm_myopic,0.0,0.0,0.0,2.953093001089847e-07,0.0,0.0,"{""3"": 1}"
s0-i2,0,2516301160cf1942,"[[0, 1, 2, 3, 4, 5, 6, 7, 8, 9, 10, 11]]",dprm_rollout,0.0,0.0,0.0,2.953093001089847e-07,0.0,0.0,"{""3"": 1}"
s0-i2,0,2516301160cf1942,"[[0, 1, 2, 3, 4, 5, 6, 7, 8, 9, 10, 11]]",subset_exact,0.0,0.0,0.0,2.953093001089847e-07,0.0,0.0,"{""3"": 1}"
s0-i2,0,2516301160cf1942,"[[0, 1, 2, 3, 4, 5, 6, 7, 8, 9, 10, 11]]",subset_beam_8,0.0,0.0,0.0,2.953093001089847e-07,0.0,0.0,"{""3"": 1}"
s0-i2,0,2516301160cf1942,"[[0, 1, 2, 3, 4, 5, 6, 7, 8, 9, 10, 11]]",subset_beam_32,0.0,0.0,0.0,2.953093001089847e-07,0.0,0.0,"{""3"": 1}"
s0-i2,0,2516301160cf1942,"[[0, 1, 2, 3, 4, 5, 6, 7, 8, 9, 10, 11]]",saps_diagonal,0.0,0.0,0.0,2.953093001089847e-07,0.0,0.0,"{""3"": 1}"
s0-i2,0,2516301160cf1942,"[[0, 1, 2, 3, 4, 5, 6, 7, 8, 9, 10, 11]]",p_saps_residualized,0.0,0.0,0.0,2.953093001089847e-07,0.0,0.0,"{""3"": 1}"
s0-i2,0,2516301160cf1942,"[[0, 1, 2, 3, 4, 5, 6, 7, 8, 9, 10, 11]]",p_saps_projection,0.0,0.0,0.0,2.953093001089847e-07,0.0,0.0,"{""3"": 1}"
s0-i2,0,2516301160cf1942,"[[0, 1, 2, 3, 4, 5, 6, 7, 8, 9, 10, 11]]",b_saps_budgeted,0.0,0.0,0.0,2.953093001089847e-07,0.0,0.0,"{""3"": 1}"
s0-i2,0,2516301160cf1942,"[[0, 1, 2, 3, 4, 5, 6, 7, 8, 9, 10, 11]]",random_balanced,0.0,0.0,0.0,3.642180593392726e-05,0.0,0.0,"{""3"": 1}"
s0-i2,0,2516301160cf1942,"[[0, 1, 2, 3, 4, 5, 6, 7, 8, 9, 10, 11]]",confidence,0.0,0.0,0.0,3.642180593392726e-05,0.0,0.0,"{""3"": 1}"
s0-i2,0,2516301160cf1942,"[[0, 1, 2, 3, 4, 5, 6, 7, 8, 9, 10, 11]]",entropy,0.0,0.0,0.0,3.642180593392726e-05,0.0,0.0,"{""3"": 1}"
s0-i2,0,2516301160cf1942,"[[0, 1, 2, 3, 4, 5, 6, 7, 8, 9, 10, 11]]",dependency_cmi,0.0,0.0,0.0,3.642180593392726e-05,0.0,0.0,"{""3"": 1}"
s0-i2,0,2516301160cf1942,"[[0, 1, 2, 3, 4, 5, 6, 7, 8, 9, 10, 11]]",min_within_batch_tc,0.0,0.0,0.0,3.642180593392726e-05,0.0,0.0,"{""3"": 1}"
s0-i2,0,2516301160cf1942,"[[0, 1, 2, 3, 4, 5, 6, 7, 8, 9, 10, 11]]",dprm_myopic,0.0,0.0,0.0,3.642180593392726e-05,0.0,0.0,"{""3"": 1}"
s0-i2,0,2516301160cf1942,"[[0, 1, 2, 3, 4, 5, 6, 7, 8, 9, 10, 11]]",dprm_rollout,0.0,0.0,0.0,3.642180593392726e-05,0.0,0.0,"{""3"": 1}"
s0-i2,0,2516301160cf1942,"[[0, 1, 2, 3, 4, 5, 6, 7, 8, 9, 10, 11]]",subset_exact,0.0,0.0,0.0,3.642180593392726e-05,0.0,0.0,"{""3"": 1}"
s0-i2,0,2516301160cf1942,"[[0, 1, 2, 3, 4, 5, 6, 7, 8, 9, 10, 11]]",subset_beam_8,0.0,0.0,0.0,3.642180593392726e-05,0.0,0.0,"{""3"": 1}"
s0-i2,0,2516301160cf1942,"[[0, 1, 2, 3, 4, 5, 6, 7, 8, 9, 10, 11]]",subset_beam_32,0.0,0.0,0.0,3.642180593392726e-05,0.0,0.0,"{""3"": 1}"
s0-i2,0,2516301160cf1942,"[[0, 1, 2, 3, 4, 5, 6, 7, 8, 9, 10, 11]]",saps_diagonal,0.0,0.0,0.0,3.642180593392726e-05,0.0,0.0,"{""3"": 1}"
s0-i2,0,2516301160cf1942,"[[0, 1, 2, 3, 4, 5, 6, 7, 8, 9, 10, 11]]",p_saps_residualized,0.0,0.0,0.0,3.642180593392726e-05,0.0,0.0,"{""3"": 1}"
s0-i2,0,2516301160cf1942,"[[0, 1, 2, 3, 4, 5, 6, 7, 8, 9, 10, 11]]",p_saps_projection,0.0,0.0,0.0,3.642180593392726e-05,0.0,0.0,"{""3"": 1}"
s0-i2,0,2516301160cf1942,"[[0, 1, 2, 3, 4, 5, 6, 7, 8, 9, 10, 11]]",b_saps_budgeted,0.0,0.0,0.0,3.642180593392726e-05,0.0,0.0,"{""3"": 1}"
s0-i2,0,2516301160cf1942,"[[0, 1, 2, 3, 4, 5, 6, 7, 8, 9, 10, 11]]",random_balanced,0.0,0.0,0.0,0.000950496452247564,0.0,0.0,"{""3"": 1}"
s0-i2,0,2516301160cf1942,"[[0, 1, 2, 3, 4, 5, 6, 7, 8, 9, 10, 11]]",confidence,0.0,0.0,0.0,0.000950496452247564,0.0,0.0,"{""3"": 1}"
s0-i2,0,2516301160cf1942,"[[0, 1, 2, 3, 4, 5, 6, 7, 8, 9, 10, 11]]",entropy,0.0,0.0,0.0,0.000950496452247564,0.0,0.0,"{""3"": 1}"
s0-i2,0,2516301160cf1942,"[[0, 1, 2, 3, 4, 5, 6, 7, 8, 9, 10, 11]]",dependency_cmi,0.0,0.0,0.0,0.000950496452247564,0.0,0.0,"{""3"": 1}"
s0-i2,0,2516301160cf1942,"[[0, 1, 2, 3, 4, 5, 6, 7, 8, 9, 10, 11]]",min_within_batch_tc,0.0,0.0,0.0,0.000950496452247564,0.0,0.0,"{""3"": 1}"
s0-i2,0,2516301160cf1942,"[[0, 1, 2, 3, 4, 5, 6, 7, 8, 9, 10, 11]]",dprm_myopic,0.0,0.0,0.0,0.000950496452247564,0.0,0.0,"{""3"": 1}"
s0-i2,0,2516301160cf1942,"[[0, 1, 2, 3, 4, 5, 6, 7, 8, 9, 10, 11]]",dprm_rollout,0.0,0.0,0.0,0.000950496452247564,0.0,0.0,"{""3"": 1}"
s0-i2,0,2516301160cf1942,"[[0, 1, 2, 3, 4, 5, 6, 7, 8, 9, 10, 11]]",subset_exact,0.0,0.0,0.0,0.000950496452247564,0.0,0.0,"{""3"": 1}"
s0-i2,0,2516301160cf1942,"[[0, 1, 2, 3, 4, 5, 6, 7, 8, 9, 10, 11]]",subset_beam_8,0.0,0.0,0.0,0.000950496452247564,0.0,0.0,"{""3"": 1}"
s0-i2,0,2516301160cf1942,"[[0, 1, 2, 3, 4, 5, 6, 7, 8, 9, 10, 11]]",subset_beam_32,0.0,0.0,0.0,0.000950496452247564,0.0,0.0,"{""3"": 1}"
s0-i2,0,2516301160cf1942,"[[0, 1, 2, 3, 4, 5, 6, 7, 8, 9, 10, 11]]",saps_diagonal,0.0,0.0,0.0,0.000950496452247564,0.0,0.0,"{""3"": 1}"
s0-i2,0,2516301160cf1942,"[[0, 1, 2, 3, 4, 5, 6, 7, 8, 9, 10, 11]]",p_saps_residualized,0.0,0.0,0.0,0.000950496452247564,0.0,0.0,"{""3"": 1}"
s0-i2,0,2516301160cf1942,"[[0, 1, 2, 3, 4, 5, 6, 7, 8, 9, 10, 11]]",p_saps_projection,0.0,0.0,0.0,0.000950496452247564,0.0,0.0,"{""3"": 1}"
s0-i2,0,2516301160cf1942,"[[0, 1, 2, 3, 4, 5, 6, 7, 8, 9, 10, 11]]",b_saps_budgeted,0.0,0.0,0.0,0.000950496452247564,0.0,0.0,"{""3"": 1}"
s0-i2,0,eff4bab92d7a2b66,"[[0, 1, 2, 4, 8, 10], [3, 5, 6, 7, 9, 11]]",random_balanced,0.0,0.0,0.0,9.966672193000835e-05,0.0,0.0,"{""2"": 1}"
s0-i2,0,eb201a7d4d93cb02,"[[3, 5, 6, 7, 9, 10], [0, 1, 2, 4, 8, 11]]",confidence,0.0,0.0,0.0,9.966672193000835e-05,0.0,0.0,"{""2"": 1}"
s0-i2,0,eb201a7d4d93cb02,"[[3, 5, 6, 7, 9, 10], [0, 1, 2, 4, 8, 11]]",entropy,0.0,0.0,0.0,9.966672193000835e-05,0.0,0.0,"{""2"": 1}"
s0-i2,0,b197076da0c14209,"[[0, 5, 6, 8, 10, 11], [1, 2, 3, 4, 7, 9]]",dependency_cmi,1.0,1.0,1.0,0.019933243911272918,0.0,0.0,"{""1"": 1}"
s0-i2,0,09c86f23eae2afd6,"[[3, 5, 6, 8, 10, 11], [0, 1, 2, 4, 7, 9]]",min_within_batch_tc,1.0,1.0,1.0,0.019933243911272918,0.0,0.0,"{""1"": 1}"
s0-i2,0,98e72e45ee596150,"[[0, 1, 2, 3, 5, 11], [4, 6, 7, 8, 9, 10]]",dprm_myopic,0.0,0.0,0.0,2.953093001089847e-07,0.0,0.0,"{""3"": 1}"
s0-i2,0,98e72e45ee596150,"[[0, 1, 2, 3, 5, 11], [4, 6, 7, 8, 9, 10]]",dprm_rollout,0.0,0.0,0.0,2.953093001089847e-07,0.0,0.0,"{""3"": 1}"
s0-i2,0,3bf580e324c05e72,"[[0, 1, 2, 4, 5, 8], [3, 6, 7, 9, 10, 11]]",subset_exact,1.0,1.0,1.0,0.019933243911272918,0.0,0.0,"{""1"": 1}"
s0-i2,0,3bf580e324c05e72,"[[0, 1, 2, 4, 5, 8], [3, 6, 7, 9, 10, 11]]",subset_beam_8,1.0,1.0,1.0,0.019933243911272918,0.0,0.0,"{""1"": 1}"
s0-i2,0,3bf580e324c05e72,"[[0, 1, 2, 4, 5, 8], [3, 6, 7, 9, 10, 11]]",subset_beam_32,1.0,1.0,1.0,0.019933243911272918,0.0,0.0,"{""1"": 1}"
s0-i2,0,3bf580e324c05e72,"[[0, 1, 2, 4, 5, 8], [3, 6, 7, 9, 10, 11]]",saps_diagonal,1.0,1.0,1.0,0.019933243911272918,0.0,0.0,"{""1"": 1}"
s0-i2,0,3bf580e324c05e72,"[[0, 1, 2, 4, 5, 8], [3, 6, 7, 9, 10, 11]]",p_saps_residualized,1.0,1.0,1.0,0.019933243911272918,0.0,0.0,"{""1"": 1}"
s0-i2,0,3bf580e324c05e72,"[[0, 1, 2, 4, 5, 8], [3, 6, 7, 9, 10, 11]]",p_saps_projection,1.0,1.0,1.0,0.019933243911272918,0.0,0.0,"{""1"": 1}"
s0-i2,0,3bf580e324c05e72,"[[0, 1, 2, 4, 5, 8], [3, 6, 7, 9, 10, 11]]",b_saps_budgeted,1.0,1.0,1.0,0.019933243911272918,0.0,0.0,"{""1"": 1}"
s0-i2,0,eff4bab92d7a2b66,"[[0, 1, 2, 4, 8, 10], [3, 5, 6, 7, 9, 11]]",random_balanced,0.0,0.0,0.0,0.002458367125419222,0.0,0.0,"{""2"": 1}"
s0-i2,0,eb201a7d4d93cb02,"[[3, 5, 6, 7, 9, 10], [0, 1, 2, 4, 8, 11]]",confidence,0.0,0.0,0.0,0.002458367125419222,0.0,0.0,"{""2"": 1}"
s0-i2,0,eb201a7d4d93cb02,"[[3, 5, 6, 7, 9, 10], [0, 1, 2, 4, 8, 11]]",entropy,0.0,0.0,0.0,0.002458367125419222,0.0,0.0,"{""2"": 1}"
s0-i2,0,b197076da0c14209,"[[0, 5, 6, 8, 10, 11], [1, 2, 3, 4, 7, 9]]",dependency_cmi,1.0,1.0,1.0,0.09832187834349396,0.0,0.0,"{""1"": 1}"
s0-i2,0,09c86f23eae2afd6,"[[3, 5, 6, 8, 10, 11], [0, 1, 2, 4, 7, 9]]",min_within_batch_tc,1.0,1.0,1.0,0.09832187834349396,0.0,0.0,"{""1"": 1}"
s0-i2,0,98e72e45ee596150,"[[0, 1, 2, 3, 5, 11], [4, 6, 7, 8, 9, 10]]",dprm_myopic,0.0,0.0,0.0,3.642180593392726e-05,0.0,0.0,"{""3"": 1}"
s0-i2,0,98e72e45ee596150,"[[0, 1, 2, 3, 5, 11], [4, 6, 7, 8, 9, 10]]",dprm_rollout,0.0,0.0,0.0,3.642180593392726e-05,0.0,0.0,"{""3"": 1}"
s0-i2,0,3bf580e324c05e72,"[[0, 1, 2, 4, 5, 8], [3, 6, 7, 9, 10, 11]]",subset_exact,1.0,1.0,1.0,0.09832187834349396,0.0,0.0,"{""1"": 1}"
s0-i2,0,3bf580e324c05e72,"[[0, 1, 2, 4, 5, 8], [3, 6, 7, 9, 10, 11]]",subset_beam_8,1.0,1.0,1.0,0.09832187834349396,0.0,0.0,"{""1"": 1}"
s0-i2,0,3bf580e324c05e72,"[[0, 1, 2, 4, 5, 8], [3, 6, 7, 9, 10, 11]]",subset_beam_32,1.0,1.0,1.0,0.09832187834349396,0.0,0.0,"{""1"": 1}"
s0-i2,0,3bf580e324c05e72,"[[0, 1, 2, 4, 5, 8], [3, 6, 7, 9, 10, 11]]",saps_diagonal,1.0,1.0,1.0,0.09832187834349396,0.0,0.0,"{""1"": 1}"
s0-i2,0,3bf580e324c05e72,"[[0, 1, 2, 4, 5, 8], [3, 6, 7, 9, 10, 11]]",p_saps_residualized,1.0,1.0,1.0,0.09832187834349396,0.0,0.0,"{""1"": 1}"
s0-i2,0,3bf580e324c05e72,"[[0, 1, 2, 4, 5, 8], [3, 6, 7, 9, 10, 11]]",p_saps_projection,1.0,1.0,1.0,0.09832187834349396,0.0,0.0,"{""1"": 1}"
s0-i2,0,3bf580e324c05e72,"[[0, 1, 2, 4, 5, 8], [3, 6, 7, 9, 10, 11]]",b_saps_budgeted,1.0,1.0,1.0,0.09832187834349396,0.0,0.0,"{""1"": 1}"
s0-i2,0,eff4bab92d7a2b66,"[[0, 1, 2, 4, 8, 10], [3, 5, 6, 7, 9, 11]]",random_balanced,0.0,0.0,0.0,0.02137757562180163,1.0,1.0,"{""2"": 1}"
s0-i2,0,eb201a7d4d93cb02,"[[3, 5, 6, 7, 9, 10], [0, 1, 2, 4, 8, 11]]",confidence,0.0,0.0,0.0,0.02137757562180163,1.0,1.0,"{""2"": 1}"
s0-i2,0,eb201a7d4d93cb02,"[[3, 5, 6, 7, 9, 10], [0, 1, 2, 4, 8, 11]]",entropy,0.0,0.0,0.0,0.02137757562180163,1.0,1.0,"{""2"": 1}"
s0-i2,0,b197076da0c14209,"[[0, 5, 6, 8, 10, 11], [1, 2, 3, 4, 7, 9]]",dependency_cmi,1.0,1.0,1.0,0.28466967854505804,0.0,0.0,"{""1"": 1}"
s0-i2,0,09c86f23eae2afd6,"[[3, 5, 6, 8, 10, 11], [0, 1, 2, 4, 7, 9]]",min_within_batch_tc,1.0,1.0,1.0,0.28466967854505804,0.0,0.0,"{""1"": 1}"
s0-i2,0,98e72e45ee596150,"[[0, 1, 2, 3, 5, 11], [4, 6, 7, 8, 9, 10]]",dprm_myopic,0.0,0.0,0.0,0.000950496452247564,0.0,0.0,"{""3"": 1}"
s0-i2,0,98e72e45ee596150,"[[0, 1, 2, 3, 5, 11], [4, 6, 7, 8, 9, 10]]",dprm_rollout,0.0,0.0,0.0,0.000950496452247564,0.0,0.0,"{""3"": 1}"
s0-i2,0,3bf580e324c05e72,"[[0, 1, 2, 4, 5, 8], [3, 6, 7, 9, 10, 11]]",subset_exact,1.0,1.0,1.0,0.28466967854505804,0.0,0.0,"{""1"": 1}"
s0-i2,0,3bf580e324c05e72,"[[0, 1, 2, 4, 5, 8], [3, 6, 7, 9, 10, 11]]",subset_beam_8,1.0,1.0,1.0,0.28466967854505804,0.0,0.0,"{""1"": 1}"
s0-i2,0,3bf580e324c05e72,"[[0, 1, 2, 4, 5, 8], [3, 6, 7, 9, 10, 11]]",subset_beam_32,1.0,1.0,1.0,0.28466967854505804,0.0,0.0,"{""1"": 1}"
s0-i2,0,3bf580e324c05e72,"[[0, 1, 2, 4, 5, 8], [3, 6, 7, 9, 10, 11]]",saps_diagonal,1.0,1.0,1.0,0.28466967854505804,0.0,0.0,"{""1"": 1}"
s0-i2,0,3bf580e324c05e72,"[[0, 1, 2, 4, 5, 8], [3, 6, 7, 9, 10, 11]]",p_saps_residualized,1.0,1.0,1.0,0.28466967854505804,0.0,0.0,"{""1"": 1}"
s0-i2,0,3bf580e324c05e72,"[[0, 1, 2, 4, 5, 8], [3, 6, 7, 9, 10, 11]]",p_saps_projection,1.0,1.0,1.0,0.28466967854505804,0.0,0.0,"{""1"": 1}"
s0-i2,0,3bf580e324c05e72,"[[0, 1, 2, 4, 5, 8], [3, 6, 7, 9, 10, 11]]",b_saps_budgeted,1.0,1.0,1.0,0.28466967854505804,0.0,0.0,"{""1"": 1}"
s0-i2,0,666be34dec463307,"[[0, 4, 8, 10], [1, 2, 3, 6], [5, 7, 9, 11]]",random_balanced,0.0,0.0,0.0,9.966672193000835e-05,0.0,0.0,"{""2"": 1}"
s0-i2,0,ba0d934e442c060f,"[[5, 6, 7, 9], [3, 4, 8, 10], [0, 1, 2, 11]]",confidence,0.0,0.0,0.0,9.966672193000835e-05,0.0,0.0,"{""2"": 1}"
s0-i2,0,ba0d934e442c060f,"[[5, 6, 7, 9], [3, 4, 8, 10], [0, 1, 2, 11]]",entropy,0.0,0.0,0.0,9.966672193000835e-05,0.0,0.0,"{""2"": 1}"
s0-i2,0,c278e3e45a7330eb,"[[0, 6, 8, 10], [1, 2, 5, 9], [3, 4, 7, 11]]",dependency_cmi,1.0,1.0,1.0,0.019933243911272918,0.0,0.0,"{""1"": 1}"
s0-i2,0,0982df3f416eefe9,"[[5, 6, 8, 9], [1, 3, 10, 11], [0, 2, 4, 7]]",min_within_batch_tc,1.0,1.0,1.0,0.019933243911272918,0.0,0.0,"{""1"": 1}"
s0-i2,0,857ea4b354a41214,"[[0, 2, 5, 11], [1, 3, 4, 6], [7, 8, 9, 10]]",dprm_myopic,0.0,0.0,0.0,2.953093001089847e-07,0.0,0.0,"{""3"": 1}"
s0-i2,0,857ea4b354a41214,"[[0, 2, 5, 11], [1, 3, 4, 6], [7, 8, 9, 10]]",dprm_rollout,0.0,0.0,0.0,2.953093001089847e-07,0.0,0.0,"{""3"": 1}"
s0-i2,0,fdf04bf243c521cf,"[[0, 4, 5, 8], [1, 2, 3, 6], [7, 9, 10, 11]]",subset_exact,1.0,1.0,1.0,0.019933243911272918,0.0,0.0,"{""1"": 1}"
s0-i2,0,fdf04bf243c521cf,"[[0, 4, 5, 8], [1, 2, 3, 6], [7, 9, 10, 11]]",subset_beam_8,1.0,1.0,1.0,0.019933243911272918,0.0,0.0,"{""1"": 1}"
s0-i2,0,fdf04bf243c521cf,"[[0, 4, 5, 8], [1, 2, 3, 6], [7, 9, 10, 11]]",subset_beam_32,1.0,1.0,1.0,0.019933243911272918,0.0,0.0,"{""1"": 1}"
s0-i2,0,fdf04bf243c521cf,"[[0, 4, 5, 8], [1, 2, 3, 6], [7, 9, 10, 11]]",saps_diagonal,1.0,1.0,1.0,0.019933243911272918,0.0,0.0,"{""1"": 1}"
s0-i2,0,fdf04bf243c521cf,"[[0, 4, 5, 8], [1, 2, 3, 6], [7, 9, 10, 11]]",p_saps_residualized,1.0,1.0,1.0,0.019933243911272918,0.0,0.0,"{""1"": 1}"
s0-i2,0,fdf04bf243c521cf,"[[0, 4, 5, 8], [1, 2, 3, 6], [7, 9, 10, 11]]",p_saps_projection,1.0,1.0,1.0,0.019933243911272918,0.0,0.0,"{""1"": 1}"
s0-i2,0,fdf04bf243c521cf,"[[0, 4, 5, 8], [1, 2, 3, 6], [7, 9, 10, 11]]",b_saps_budgeted,1.0,1.0,1.0,0.019933243911272918,0.0,0.0,"{""1"": 1}"
s0-i2,0,666be34dec463307,"[[0, 4, 8, 10], [1, 2, 3, 6], [5, 7, 9, 11]]",random_balanced,0.0,0.0,0.0,0.002458367125419222,0.0,0.0,"{""2"": 1}"
s0-i2,0,ba0d934e442c060f,"[[5, 6, 7, 9], [3, 4, 8, 10], [0, 1, 2, 11]]",confidence,0.0,0.0,0.0,0.002458367125419222,0.0,0.0,"{""2"": 1}"
s0-i2,0,ba0d934e442c060f,"[[5, 6, 7, 9], [3, 4, 8, 10], [0, 1, 2, 11]]",entropy,0.0,0.0,0.0,0.002458367125419222,0.0,0.0,"{""2"": 1}"
s0-i2,0,c278e3e45a7330eb,"[[0, 6, 8, 10], [1, 2, 5, 9], [3, 4, 7, 11]]",dependency_cmi,1.0,1.0,1.0,0.09832187834349396,0.0,0.0,"{""1"": 1}"
s0-i2,0,0982df3f416eefe9,"[[5, 6, 8, 9], [1, 3, 10, 11], [0, 2, 4, 7]]",min_within_batch_tc,1.0,1.0,1.0,0.09832187834349396,0.0,0.0,"{""1"": 1}"
s0-i2,0,857ea4b354a41214,"[[0, 2, 5, 11], [1, 3, 4, 6], [7, 8, 9, 10]]",dprm_myopic,0.0,0.0,0.0,3.642180593392726e-05,0.0,0.0,"{""3"": 1}"
s0-i2,0,857ea4b354a41214,"[[0, 2, 5, 11], [1, 3, 4, 6], [7, 8, 9, 10]]",dprm_rollout,0.0,0.0,0.0,3.642180593392726e-05,0.0,0.0,"{""3"": 1}"
s0-i2,0,fdf04bf243c521cf,"[[0, 4, 5, 8], [1, 2, 3, 6], [7, 9, 10, 11]]",subset_exact,1.0,1.0,1.0,0.09832187834349396,0.0,0.0,"{""1"": 1}"
s0-i2,0,fdf04bf243c521cf,"[[0, 4, 5, 8], [1, 2, 3, 6], [7, 9, 10, 11]]",subset_beam_8,1.0,1.0,1.0,0.09832187834349396,0.0,0.0,"{""1"": 1}"
s0-i2,0,fdf04bf243c521cf,"[[0, 4, 5, 8], [1, 2, 3, 6], [7, 9, 10, 11]]",subset_beam_32,1.0,1.0,1.0,0.09832187834349396,0.0,0.0,"{""1"": 1}"
s0-i2,0,fdf04bf243c521cf,"[[0, 4, 5, 8], [1, 2, 3, 6], [7, 9, 10, 11]]",saps_diagonal,1.0,1.0,1.0,0.09832187834349396,0.0,0.0,"{""1"": 1}"
s0-i2,0,fdf04bf243c521cf,"[[0, 4, 5, 8], [1, 2, 3, 6], [7, 9, 10, 11]]",p_saps_residualized,1.0,1.0,1.0,0.09832187834349396,0.0,0.0,"{""1"": 1}"
s0-i2,0,fdf04bf243c521cf,"[[0, 4, 5, 8], [1, 2, 3, 6], [7, 9, 10, 11]]",p_saps_projection,1.0,1.0,1.0,0.09832187834349396,0.0,0.0,"{""1"": 1}"
s0-i2,0,fdf04bf243c521cf,"[[0, 4, 5, 8], [1, 2, 3, 6], [7, 9, 10, 11]]",b_saps_budgeted,1.0,1.0,1.0,0.09832187834349396,0.0,0.0,"{""1"": 1}"
s0-i2,0,666be34dec463307,"[[0, 4, 8, 10], [1, 2, 3, 6], [5, 7, 9, 11]]",random_balanced,0.0,0.0,0.0,0.02137757562180163,1.0,1.0,"{""2"": 1}"
s0-i2,0,ba0d934e442c060f,"[[5, 6, 7, 9], [3, 4, 8, 10], [0, 1, 2, 11]]",confidence,0.0,0.0,0.0,0.02137757562180163,1.0,1.0,"{""2"": 1}"
s0-i2,0,ba0d934e442c060f,"[[5, 6, 7, 9], [3, 4, 8, 10], [0, 1, 2, 11]]",entropy,0.0,0.0,0.0,0.02137757562180163,1.0,1.0,"{""2"": 1}"
s0-i2,0,c278e3e45a7330eb,"[[0, 6, 8, 10], [1, 2, 5, 9], [3, 4, 7, 11]]",dependency_cmi,1.0,1.0,1.0,0.28466967854505804,1.0,1.0,"{""1"": 1}"
s0-i2,0,0982df3f416eefe9,"[[5, 6, 8, 9], [1, 3, 10, 11], [0, 2, 4, 7]]",min_within_batch_tc,1.0,1.0,1.0,0.28466967854505804,1.0,1.0,"{""1"": 1}"
s0-i2,0,857ea4b354a41214,"[[0, 2, 5, 11], [1, 3, 4, 6], [7, 8, 9, 10]]",dprm_myopic,0.0,0.0,0.0,0.000950496452247564,0.0,0.0,"{""3"": 1}"
s0-i2,0,857ea4b354a41214,"[[0, 2, 5, 11], [1, 3, 4, 6], [7, 8, 9, 10]]",dprm_rollout,0.0,0.0,0.0,0.000950496452247564,0.0,0.0,"{""3"": 1}"
s0-i2,0,fdf04bf243c521cf,"[[0, 4, 5, 8], [1, 2, 3, 6], [7, 9, 10, 11]]",subset_exact,1.0,1.0,1.0,0.28466967854505804,1.0,1.0,"{""1"": 1}"
s0-i2,0,fdf04bf243c521cf,"[[0, 4, 5, 8], [1, 2, 3, 6], [7, 9, 10, 11]]",subset_beam_8,1.0,1.0,1.0,0.28466967854505804,1.0,1.0,"{""1"": 1}"
s0-i2,0,fdf04bf243c521cf,"[[0, 4, 5, 8], [1, 2, 3, 6], [7, 9, 10, 11]]",subset_beam_32,1.0,1.0,1.0,0.28466967854505804,1.0,1.0,"{""1"": 1}"
s0-i2,0,fdf04bf243c521cf,"[[0, 4, 5, 8], [1, 2, 3, 6], [7, 9, 10, 11]]",saps_diagonal,1.0,1.0,1.0,0.28466967854505804,1.0,1.0,"{""1"": 1}"
s0-i2,0,fdf04bf243c521cf,"[[0, 4, 5, 8], [1, 2, 3, 6], [7, 9, 10, 11]]",p_saps_residualized,1.0,1.0,1.0,0.28466967854505804,1.0,1.0,"{""1"": 1}"
s0-i2,0,fdf04bf243c521cf,"[[0, 4, 5, 8], [1, 2, 3, 6], [7, 9, 10, 11]]",p_saps_projection,1.0,1.0,1.0,0.28466967854505804,1.0,1.0,"{""1"": 1}"
s0-i2,0,fdf04bf243c521cf,"[[0, 4, 5, 8], [1, 2, 3, 6], [7, 9, 10, 11]]",b_saps_budgeted,1.0,1.0,1.0,0.28466967854505804,1.0,1.0,"{""1"": 1}"
s0-i2,0,8cd62172f81480f6,"[[0, 4, 10], [1, 2, 8], [3, 6, 9], [5, 7, 11]]",random_balanced,0.0,0.0,0.0,9.966672193000835e-05,0.0,0.0,"{""2"": 1}"
s0-i2,0,9528f20c34f13a1a,"[[5, 6, 7], [3, 9, 10], [1, 4, 8], [0, 2, 11]]",confidence,0.0,0.0,0.0,9.966672193000835e-05,0.0,0.0,"{""2"": 1}"
s0-i2,0,284d159e60a413ef,"[[5, 6, 7], [3, 9, 10], [0, 4, 8], [1, 2, 11]]",entropy,0.0,0.0,0.0,9.966672193000835e-05,0.0,0.0,"{""2"": 1}"
s0-i2,0,4ef8f11721580732,"[[0, 6, 10], [1, 2, 9], [3, 4, 11], [5, 7, 8]]",dependency_cmi,1.0,1.0,1.0,0.019933243911272918,0.0,0.0,"{""1"": 1}"
s0-i2,0,f1b9dc1b15a9ad8d,"[[5, 6, 7], [8, 10, 11], [1, 3, 4], [0, 2, 9]]",min_within_batch_tc,1.0,1.0,1.0,0.019933243911272918,0.0,0.0,"{""1"": 1}"
s0-i2,0,1d8a934b131b276d,"[[2, 5, 11], [0, 1, 3], [4, 6, 7], [8, 9, 10]]",dprm_myopic,0.0,0.0,0.0,2.953093001089847e-07,0.0,0.0,"{""3"": 1}"
s0-i2,0,1d8a934b131b276d,"[[2, 5, 11], [0, 1, 3], [4, 6, 7], [8, 9, 10]]",dprm_rollout,0.0,0.0,0.0,2.953093001089847e-07,0.0,0.0,"{""3"": 1}"
s0-i2,0,c1ef432e625ac5f4,"[[0, 4, 5], [1, 2, 8], [3, 6, 9], [7, 10, 11]]",subset_exact,1.0,1.0,1.0,0.019933243911272918,0.0,0.0,"{""1"": 1}"
s0-i2,0,c1ef432e625ac5f4,"[[0, 4, 5], [1, 2, 8], [3, 6, 9], [7, 10, 11]]",subset_beam_8,1.0,1.0,1.0,0.019933243911272918,0.0,0.0,"{""1"": 1}"
s0-i2,0,c1ef432e625ac5f4,"[[0, 4, 5], [1, 2, 8], [3, 6, 9], [7, 10, 11]]",subset_beam_32,1.0,1.0,1.0,0.019933243911272918,0.0,0.0,"{""1"": 1}"
s0-i2,0,c1ef432e625ac5f4,"[[0, 4, 5], [1, 2, 8], [3, 6, 9], [7, 10, 11]]",saps_diagonal,1.0,1.0,1.0,0.019933243911272918,0.0,0.0,"{""1"": 1}"
s0-i2,0,c1ef432e625ac5f4,"[[0, 4, 5], [1, 2, 8], [3, 6, 9], [7, 10, 11]]",p_saps_residualized,1.0,1.0,1.0,0.019933243911272918,0.0,0.0,"{""1"": 1}"
s0-i2,0,c1ef432e625ac5f4,"[[0, 4, 5], [1, 2, 8], [3, 6, 9], [7, 10, 11]]",p_saps_projection,1.0,1.0,1.0,0.019933243911272918,0.0,0.0,"{""1"": 1}"
s0-i2,0,c1ef432e625ac5f4,"[[0, 4, 5], [1, 2, 8], [3, 6, 9], [7, 10, 11]]",b_saps_budgeted,1.0,1.0,1.0,0.019933243911272918,0.0,0.0,"{""1"": 1}"
s0-i2,0,8cd62172f81480f6,"[[0, 4, 10], [1, 2, 8], [3, 6, 9], [5, 7, 11]]",random_balanced,0.0,0.0,0.0,0.002458367125419222,0.0,0.0,"{""2"": 1}"
s0-i2,0,9528f20c34f13a1a,"[[5, 6, 7], [3, 9, 10], [1, 4, 8], [0, 2, 11]]",confidence,0.0,0.0,0.0,0.002458367125419222,0.0,0.0,"{""2"": 1}"
s0-i2,0,284d159e60a413ef,"[[5, 6, 7], [3, 9, 10], [0, 4, 8], [1, 2, 11]]",entropy,0.0,0.0,0.0,0.002458367125419222,0.0,0.0,"{""2"": 1}"
s0-i2,0,4ef8f11721580732,"[[0, 6, 10], [1, 2, 9], [3, 4, 11], [5, 7, 8]]",dependency_cmi,1.0,1.0,1.0,0.09832187834349396,0.0,0.0,"{""1"": 1}"
s0-i2,0,f1b9dc1b15a9ad8d,"[[5, 6, 7], [8, 10, 11], [1, 3, 4], [0, 2, 9]]",min_within_batch_tc,1.0,1.0,1.0,0.09832187834349396,0.0,0.0,"{""1"": 1}"
s0-i2,0,1d8a934b131b276d,"[[2, 5, 11], [0, 1, 3], [4, 6, 7], [8, 9, 10]]",dprm_myopic,0.0,0.0,0.0,3.642180593392726e-05,0.0,0.0,"{""3"": 1}"
s0-i2,0,1d8a934b131b276d,"[[2, 5, 11], [0, 1, 3], [4, 6, 7], [8, 9, 10]]",dprm_rollout,0.0,0.0,0.0,3.642180593392726e-05,0.0,0.0,"{""3"": 1}"
s0-i2,0,c1ef432e625ac5f4,"[[0, 4, 5], [1, 2, 8], [3, 6, 9], [7, 10, 11]]",subset_exact,1.0,1.0,1.0,0.09832187834349396,0.0,0.0,"{""1"": 1}"
s0-i2,0,c1ef432e625ac5f4,"[[0, 4, 5], [1, 2, 8], [3, 6, 9], [7, 10, 11]]",subset_beam_8,1.0,1.0,1.0,0.09832187834349396,0.0,0.0,"{""1"": 1}"
s0-i2,0,c1ef432e625ac5f4,"[[0, 4, 5], [1, 2, 8], [3, 6, 9], [7, 10, 11]]",subset_beam_32,1.0,1.0,1.0,0.09832187834349396,0.0,0.0,"{""1"": 1}"
s0-i2,0,c1ef432e625ac5f4,"[[0, 4, 5], [1, 2, 8], [3, 6, 9], [7, 10, 11]]",saps_diagonal,1.0,1.0,1.0,0.09832187834349396,0.0,0.0,"{""1"": 1}"
s0-i2,0,c1ef432e625ac5f4,"[[0, 4, 5], [1, 2, 8], [3, 6, 9], [7, 10, 11]]",p_saps_residualized,1.0,1.0,1.0,0.09832187834349396,0.0,0.0,"{""1"": 1}"
s0-i2,0,c1ef432e625ac5f4,"[[0, 4, 5], [1, 2, 8], [3, 6, 9], [7, 10, 11]]",p_saps_projection,1.0,1.0,1.0,0.09832187834349396,0.0,0.0,"{""1"": 1}"
s0-i2,0,c1ef432e625ac5f4,"[[0, 4, 5], [1, 2, 8], [3, 6, 9], [7, 10, 11]]",b_saps_budgeted,1.0,1.0,1.0,0.09832187834349396,0.0,0.0,"{""1"": 1}"
s0-i2,0,8cd62172f81480f6,"[[0, 4, 10], [1, 2, 8], [3, 6, 9], [5, 7, 11]]",random_balanced,0.0,0.0,0.0,0.02137757562180163,0.0,0.0,"{""2"": 1}"
s0-i2,0,9528f20c34f13a1a,"[[5, 6, 7], [3, 9, 10], [1, 4, 8], [0, 2, 11]]",confidence,0.0,0.0,0.0,0.02137757562180163,1.0,1.0,"{""2"": 1}"
s0-i2,0,284d159e60a413ef,"[[5, 6, 7], [3, 9, 10], [0, 4, 8], [1, 2, 11]]",entropy,0.0,0.0,0.0,0.02137757562180163,0.0,0.0,"{""2"": 1}"
s0-i2,0,4ef8f11721580732,"[[0, 6, 10], [1, 2, 9], [3, 4, 11], [5, 7, 8]]",dependency_cmi,1.0,1.0,1.0,0.28466967854505804,1.0,1.0,"{""1"": 1}"
s0-i2,0,f1b9dc1b15a9ad8d,"[[5, 6, 7], [8, 10, 11], [1, 3, 4], [0, 2, 9]]",min_within_batch_tc,1.0,1.0,1.0,0.28466967854505804,1.0,1.0,"{""1"": 1}"
s0-i2,0,1d8a934b131b276d,"[[2, 5, 11], [0, 1, 3], [4, 6, 7], [8, 9, 10]]",dprm_myopic,0.0,0.0,0.0,0.000950496452247564,0.0,0.0,"{""3"": 1}"
s0-i2,0,1d8a934b131b276d,"[[2, 5, 11], [0, 1, 3], [4, 6, 7], [8, 9, 10]]",dprm_rollout,0.0,0.0,0.0,0.000950496452247564,0.0,0.0,"{""3"": 1}"
s0-i2,0,c1ef432e625ac5f4,"[[0, 4, 5], [1, 2, 8], [3, 6, 9], [7, 10, 11]]",subset_exact,1.0,1.0,1.0,0.28466967854505804,0.0,0.0,"{""1"": 1}"
s0-i2,0,c1ef432e625ac5f4,"[[0, 4, 5], [1, 2, 8], [3, 6, 9], [7, 10, 11]]",subset_beam_8,1.0,1.0,1.0,0.28466967854505804,0.0,0.0,"{""1"": 1}"
s0-i2,0,c1ef432e625ac5f4,"[[0, 4, 5], [1, 2, 8], [3, 6, 9], [7, 10, 11]]",subset_beam_32,1.0,1.0,1.0,0.28466967854505804,0.0,0.0,"{""1"": 1}"
s0-i2,0,c1ef432e625ac5f4,"[[0, 4, 5], [1, 2, 8], [3, 6, 9], [7, 10, 11]]",saps_diagonal,1.0,1.0,1.0,0.28466967854505804,0.0,0.0,"{""1"": 1}"
s0-i2,0,c1ef432e625ac5f4,"[[0, 4, 5], [1, 2, 8], [3, 6, 9], [7, 10, 11]]",p_saps_residualized,1.0,1.0,1.0,0.28466967854505804,0.0,0.0,"{""1"": 1}"
s0-i2,0,c1ef432e625ac5f4,"[[0, 4, 5], [1, 2, 8], [3, 6, 9], [7, 10, 11]]",p_saps_projection,1.0,1.0,1.0,0.28466967854505804,0.0,0.0,"{""1"": 1}"
s0-i2,0,c1ef432e625ac5f4,"[[0, 4, 5], [1, 2, 8], [3, 6, 9], [7, 10, 11]]",b_saps_budgeted,1.0,1.0,1.0,0.28466967854505804,0.0,0.0,"{""1"": 1}"
s0-i3,0,2516301160cf1942,"[[0, 1, 2, 3, 4, 5, 6, 7, 8, 9, 10, 11]]",random_balanced,0.004864693957035052,0.004864693957035052,0.004864693957035052,9.72630039100164e-05,0.0007640330426616865,0.027641147636480047,"{""1"": 12, ""3"": 1}"
s0-i3,0,2516301160cf1942,"[[0, 1, 2, 3, 4, 5, 6, 7, 8, 9, 10, 11]]",confidence,0.004864693957035052,0.004864693957035052,0.004864693957035052,9.72630039100164e-05,0.0007640330426616865,0.027641147636480047,"{""1"": 12, ""3"": 1}"
s0-i3,0,2516301160cf1942,"[[0, 1, 2, 3, 4, 5, 6, 7, 8, 9, 10, 11]]",entropy,0.004864693957035052,0.004864693957035052,0.004864693957035052,9.72630039100164e-05,0.0007640330426616865,0.027641147636480047,"{""1"": 12, ""3"": 1}"
s0-i3,0,2516301160cf1942,"[[0, 1, 2, 3, 4, 5, 6, 7, 8, 9, 10, 11]]",dependency_cmi,0.004864693957035052,0.004864693957035052,0.004864693957035052,9.72630039100164e-05,0.0007640330426616865,0.027641147636480047,"{""1"": 12, ""3"": 1}"
s0-i3,0,2516301160cf1942,"[[0, 1, 2, 3, 4, 5, 6, 7, 8, 9, 10, 11]]",min_within_batch_tc,0.004864693957035052,0.004864693957035052,0.004864693957035052,9.72630039100164e-05,0.0007640330426616865,0.027641147636480047,"{""1"": 12, ""3"": 1}"
s0-i3,0,2516301160cf1942,"[[0, 1, 2, 3, 4, 5, 6, 7, 8, 9, 10, 11]]",dprm_myopic,0.004864693957035052,0.004864693957035052,0.004864693957035052,9.72630039100164e-05,0.0007640330426616865,0.027641147636480047,"{""1"": 12, ""3"": 1}"
s0-i3,0,2516301160cf1942,"[[0, 1, 2, 3, 4, 5, 6, 7, 8, 9, 10, 11]]",dprm_rollout,0.004864693957035052,0.004864693957035052,0.004864693957035052,9.72630039100164e-05,0.0007640330426616865,0.027641147636480047,"{""1"": 12, ""3"": 1}"
s0-i3,0,2516301160cf1942,"[[0, 1, 2, 3, 4, 5, 6, 7, 8, 9, 10, 11]]",subset_exact,0.004864693957035052,0.004864693957035052,0.004864693957035052,9.72630039100164e-05,0.0007640330426616865,0.027641147636480047,"{""1"": 12, ""3"": 1}"
s0-i3,0,2516301160cf1942,"[[0, 1, 2, 3, 4, 5, 6, 7, 8, 9, 10, 11]]",subset_beam_8,0.004864693957035052,0.004864693957035052,0.004864693957035052,9.72630039100164e-05,0.0007640330426616865,0.027641147636480047,"{""1"": 12, ""3"": 1}"
s0-i3,0,2516301160cf1942,"[[0, 1, 2, 3, 4, 5, 6, 7, 8, 9, 10, 11]]",subset_beam_32,0.004864693957035052,0.004864693957035052,0.004864693957035052,9.72630039100164e-05,0.0007640330426616865,0.027641147636480047,"{""1"": 12, ""3"": 1}"
s0-i3,0,2516301160cf1942,"[[0, 1, 2, 3, 4, 5, 6, 7, 8, 9, 10, 11]]",saps_diagonal,0.004864693957035052,0.004864693957035052,0.004864693957035052,9.72630039100164e-05,0.0007640330426616865,0.027641147636480047,"{""1"": 12, ""3"": 1}"
s0-i3,0,2516301160cf1942,"[[0, 1, 2, 3, 4, 5, 6, 7, 8, 9, 10, 11]]",p_saps_residualized,0.004864693957035052,0.004864693957035052,0.004864693957035052,9.72630039100164e-05,0.0007640330426616865,0.027641147636480047,"{""1"": 12, ""3"": 1}"
s0-i3,0,2516301160cf1942,"[[0, 1, 2, 3, 4, 5, 6, 7, 8, 9, 10, 11]]",p_saps_projection,0.004864693957035052,0.004864693957035052,0.004864693957035052,9.72630039100164e-05,0.0007640330426616865,0.027641147636480047,"{""1"": 12, ""3"": 1}"
s0-i3,0,2516301160cf1942,"[[0, 1, 2, 3, 4, 5, 6, 7, 8, 9, 10, 11]]",b_saps_budgeted,0.004864693957035052,0.004864693957035052,0.004864693957035052,9.72630039100164e-05,0.0007640330426616865,0.027641147636480047,"{""1"": 12, ""3"": 1}"
s0-i3,0,2516301160cf1942,"[[0, 1, 2, 3, 4, 5, 6, 7, 8, 9, 10, 11]]",random_balanced,0.004864693957035052,0.004864693957035052,0.004864693957035052,0.0005145504724166268,0.0007560056168525213,-0.0274955563110209,"{""1"": 12, ""3"": 1}"
s0-i3,0,2516301160cf1942,"[[0, 1, 2, 3, 4, 5, 6, 7, 8, 9, 10, 11]]",confidence,0.004864693957035052,0.004864693957035052,0.004864693957035052,0.0005145504724166268,0.0007560056168525213,-0.0274955563110209,"{""1"": 12, ""3"": 1}"
s0-i3,0,2516301160cf1942,"[[0, 1, 2, 3, 4, 5, 6, 7, 8, 9, 10, 11]]",entropy,0.004864693957035052,0.004864693957035052,0.004864693957035052,0.0005145504724166268,0.0007560056168525213,-0.0274955563110209,"{""1"": 12, ""3"": 1}"
s0-i3,0,2516301160cf1942,"[[0, 1, 2, 3, 4, 5, 6, 7, 8, 9, 10, 11]]",dependency_cmi,0.004864693957035052,0.004864693957035052,0.004864693957035052,0.0005145504724166268,0.0007560056168525213,-0.0274955563110209,"{""1"": 12, ""3"": 1}"
s0-i3,0,2516301160cf1942,"[[0, 1, 2, 3, 4, 5, 6, 7, 8, 9, 10, 11]]",min_within_batch_tc,0.004864693957035052,0.004864693957035052,0.004864693957035052,0.0005145504724166268,0.0007560056168525213,-0.0274955563110209,"{""1"": 12, ""3"": 1}"
s0-i3,0,2516301160cf1942,"[[0, 1, 2, 3, 4, 5, 6, 7, 8, 9, 10, 11]]",dprm_myopic,0.004864693957035052,0.004864693957035052,0.004864693957035052,0.0005145504724166268,0.0007560056168525213,-0.0274955563110209,"{""1"": 12, ""3"": 1}"
s0-i3,0,2516301160cf1942,"[[0, 1, 2, 3, 4, 5, 6, 7, 8, 9, 10, 11]]",dprm_rollout,0.004864693957035052,0.004864693957035052,0.004864693957035052,0.0005145504724166268,0.0007560056168525213,-0.0274955563110209,"{""1"": 12, ""3"": 1}"
s0-i3,0,2516301160cf1942,"[[0, 1, 2, 3, 4, 5, 6, 7, 8, 9, 10, 11]]",subset_exact,0.004864693957035052,0.004864693957035052,0.004864693957035052,0.0005145504724166268,0.0007560056168525213,-0.0274955563110209,"{""1"": 12, ""3"": 1}"
s0-i3,0,2516301160cf1942,"[[0, 1, 2, 3, 4, 5, 6, 7, 8, 9, 10, 11]]",subset_beam_8,0.004864693957035052,0.004864693957035052,0.004864693957035052,0.0005145504724166268,0.0007560056168525213,-0.0274955563110209,"{""1"": 12, ""3"": 1}"
s0-i3,0,2516301160cf1942,"[[0, 1, 2, 3, 4, 5, 6, 7, 8, 9, 10, 11]]",subset_beam_32,0.004864693957035052,0.004864693957035052,0.004864693957035052,0.0005145504724166268,0.0007560056168525213,-0.0274955563110209,"{""1"": 12, ""3"": 1}"
s0-i3,0,2516301160cf1942,"[[0, 1, 2, 3, 4, 5, 6, 7, 8, 9, 10, 11]]",saps_diagonal,0.004864693957035052,0.004864693957035052,0.004864693957035052,0.0005145504724166268,0.0007560056168525213,-0.0274955563110209,"{""1"": 12, ""3"": 1}"
s0-i3,0,2516301160cf1942,"[[0, 1, 2, 3, 4, 5, 6, 7, 8, 9, 10, 11]]",p_saps_residualized,0.004864693957035052,0.004864693957035052,0.004864693957035052,0.0005145504724166268,0.0007560056168525213,-0.0274955563110209,"{""1"": 12, ""3"": 1}"
s0-i3,0,2516301160cf1942,"[[0, 1, 2, 3, 4, 5, 6, 7, 8, 9, 10, 11]]",p_saps_projection,0.004864693957035052,0.004864693957035052,0.004864693957035052,0.0005145504724166268,0.0007560056168525213,-0.0274955563110209,"{""1"": 12, ""3"": 1}"
s0-i3,0,2516301160cf1942,"[[0, 1, 2, 3, 4, 5, 6, 7, 8, 9, 10, 11]]",b_saps_budgeted,0.004864693957035052,0.004864693957035052,0.004864693957035052,0.0005145504724166268,0.0007560056168525213,-0.0274955563110209,"{""1"": 12, ""3"": 1}"
s0-i3,0,2516301160cf1942,"[[0, 1, 2, 3, 4, 5, 6, 7, 8, 9, 10, 11]]",random_balanced,0.004864693957035052,0.004864693957035052,0.004864693957035052,0.002330703442869387,0.0012078989405072491,-0.0347548405334746,"{""1"": 12, ""3"": 1}"
s0-i3,0,2516301160cf1942,"[[0, 1, 2, 3, 4, 5, 6, 7, 8, 9, 10, 11]]",confidence,0.004864693957035052,0.004864693957035052,0.004864693957035052,0.002330703442869387,0.0012078989405072491,-0.0347548405334746,"{""1"": 12, ""3"": 1}"
s0-i3,0,2516301160cf1942,"[[0, 1, 2, 3, 4, 5, 6, 7, 8, 9, 10, 11]]",entropy,0.004864693957035052,0.004864693957035052,0.004864693957035052,0.002330703442869387,0.0012078989405072491,-0.0347548405334746,"{""1"": 12, ""3"": 1}"
s0-i3,0,2516301160cf1942,"[[0, 1, 2, 3, 4, 5, 6, 7, 8, 9, 10, 11]]",dependency_cmi,0.004864693957035052,0.004864693957035052,0.004864693957035052,0.002330703442869387,0.0012078989405072491,-0.0347548405334746,"{""1"": 12, ""3"": 1}"
s0-i3,0,2516301160cf1942,"[[0, 1, 2, 3, 4, 5, 6, 7, 8, 9, 10, 11]]",min_within_batch_tc,0.004864693957035052,0.004864693957035052,0.004864693957035052,0.002330703442869387,0.0012078989405072491,-0.0347548405334746,"{""1"": 12, ""3"": 1}"
s0-i3,0,2516301160cf1942,"[[0, 1, 2, 3, 4, 5, 6, 7, 8, 9, 10, 11]]",dprm_myopic,0.004864693957035052,0.004864693957035052,0.004864693957035052,0.002330703442869387,0.0012078989405072491,-0.0347548405334746,"{""1"": 12, ""3"": 1}"
s0-i3,0,2516301160cf1942,"[[0, 1, 2, 3, 4, 5, 6, 7, 8, 9, 10, 11]]",dprm_rollout,0.004864693957035052,0.004864693957035052,0.004864693957035052,0.002330703442869387,0.0012078989405072491,-0.0347548405334746,"{""1"": 12, ""3"": 1}"
s0-i3,0,2516301160cf1942,"[[0, 1, 2, 3, 4, 5, 6, 7, 8, 9, 10, 11]]",subset_exact,0.004864693957035052,0.004864693957035052,0.004864693957035052,0.002330703442869387,0.0012078989405072491,-0.0347548405334746,"{""1"": 12, ""3"": 1}"
s0-i3,0,2516301160cf1942,"[[0, 1, 2, 3, 4, 5, 6, 7, 8, 9, 10, 11]]",subset_beam_8,0.004864693957035052,0.004864693957035052,0.004864693957035052,0.002330703442869387,0.0012078989405072491,-0.0347548405334746,"{""1"": 12, ""3"": 1}"
s0-i3,0,2516301160cf1942,"[[0, 1, 2, 3, 4, 5, 6, 7, 8, 9, 10, 11]]",subset_beam_32,0.004864693957035052,0.004864693957035052,0.004864693957035052,0.002330703442869387,0.0012078989405072491,-0.0347548405334746,"{""1"": 12, ""3"": 1}"
s0-i3,0,2516301160cf1942,"[[0, 1, 2, 3, 4, 5, 6, 7, 8, 9, 10, 11]]",saps_diagonal,0.004864693957035052,0.004864693957035052,0.004864693957035052,0.002330703442869387,0.0012078989405072491,-0.0347548405334746,"{""1"": 12, ""3"": 1}"
s0-i3,0,2516301160cf1942,"[[0, 1, 2, 3, 4, 5, 6, 7, 8, 9, 10, 11]]",p_saps_residualized,0.004864693957035052,0.004864693957035052,0.004864693957035052,0.002330703442869387,0.0012078989405072491,-0.0347548405334746,"{""1"": 12, ""3"": 1}"
s0-i3,0,2516301160cf1942,"[[0, 1, 2, 3, 4, 5, 6, 7, 8, 9, 10, 11]]",p_saps_projection,0.004864693957035052,0.004864693957035052,0.004864693957035052,0.002330703442869387,0.0012078989405072491,-0.0347548405334746,"{""1"": 12, ""3"": 1}"
s0-i3,0,2516301160cf1942,"[[0, 1, 2, 3, 4, 5, 6, 7, 8, 9, 10, 11]]",b_saps_budgeted,0.004864693957035052,0.004864693957035052,0.004864693957035052,0.002330703442869387,0.0012078989405072491,-0.0347548405334746,"{""1"": 12, ""3"": 1}"
s0-i3,0,3cc58c5d7060976d,"[[1, 3, 4, 5, 8, 10], [0, 2, 6, 7, 9, 11]]",random_balanced,0.004864693957035052,0.004864693957035052,0.004864693957035052,9.72630039100164e-05,0.0007640330426616865,0.027641147636480047,"{""1"": 12, ""3"": 1}"
s0-i3,0,7c8116af10988e3f,"[[0, 1, 2, 5, 7, 11], [3, 4, 6, 8, 9, 10]]",confidence,0.004864693957035052,0.004864693957035052,0.004864693957035052,9.72630039100164e-05,0.0007640330426616865,0.027641147636480047,"{""1"": 12, ""3"": 1}"
s0-i3,0,d783713300064e2a,"[[0, 2, 3, 5, 7, 11], [1, 4, 6, 8, 9, 10]]",entropy,0.004864693957035052,0.004864693957035052,0.004864693957035052,0.00019615100502939307,0.00033657928491568007,0.0183460972666036,"{""1"": 12, ""2"": 1}"
s0-i3,0,7f20e0ac11b17c8d,"[[0, 1, 2, 3, 6, 11], [4, 5, 7, 8, 9, 10]]",dependency_cmi,0.004864693957035052,0.004864693957035052,0.004864693957035052,0.00019615100502939307,8.639796137854026e-05,0.009295050369876446,"{""1"": 12, ""2"": 1}"
s0-i3,0,f722d2349deaa236,"[[0, 2, 4, 5, 6, 7], [1, 3, 8, 9, 10, 11]]",min_within_batch_tc,0.004864693957035052,0.004864693957035052,0.004864693957035052,0.00019615100502939307,0.00033657928491568007,0.0183460972666036,"{""1"": 12, ""2"": 1}"
s0-i3,0,1ed5cf55ad0129ba,"[[0, 1, 2, 3, 4, 8], [5, 6, 7, 9, 10, 11]]",dprm_myopic,0.004864693957035052,0.004864693957035052,0.004864693957035052,9.72630039100164e-05,0.0008492853324369157,0.02914250044929082,"{""1"": 12, ""3"": 1}"
s0-i3,0,1ed5cf55ad0129ba,"[[0, 1, 2, 3, 4, 8], [5, 6, 7, 9, 10, 11]]",dprm_rollout,0.004864693957035052,0.004864693957035052,0.004864693957035052,9.72630039100164e-05,0.0008492853324369157,0.02914250044929082,"{""1"": 12, ""3"": 1}"
s0-i3,0,859fe3badbffe0f0,"[[0, 1, 3, 4, 5, 10], [2, 6, 7, 8, 9, 11]]",subset_exact,1.0000000000000002,1.0000000000000002,1.0000000000000002,0.019933243911272925,8.639796137854026e-05,0.009295050369876446,"{""1"": 13}"
s0-i3,0,859fe3badbffe0f0,"[[0, 1, 3, 4, 5, 10], [2, 6, 7, 8, 9, 11]]",subset_beam_8,1.0000000000000002,1.0000000000000002,1.0000000000000002,0.019933243911272925,8.639796137854026e-05,0.009295050369876446,"{""1"": 13}"
s0-i3,0,859fe3badbffe0f0,"[[0, 1, 3, 4, 5, 10], [2, 6, 7, 8, 9, 11]]",subset_beam_32,1.0000000000000002,1.0000000000000002,1.0000000000000002,0.019933243911272925,8.639796137854026e-05,0.009295050369876446,"{""1"": 13}"
s0-i3,0,859fe3badbffe0f0,"[[0, 1, 3, 4, 5, 10], [2, 6, 7, 8, 9, 11]]",saps_diagonal,1.0000000000000002,1.0000000000000002,1.0000000000000002,0.019933243911272925,8.639796137854026e-05,0.009295050369876446,"{""1"": 13}"
s0-i3,0,859fe3badbffe0f0,"[[0, 1, 3, 4, 5, 10], [2, 6, 7, 8, 9, 11]]",p_saps_residualized,1.0000000000000002,1.0000000000000002,1.0000000000000002,0.019933243911272925,8.639796137854026e-05,0.009295050369876446,"{""1"": 13}"
s0-i3,0,859fe3badbffe0f0,"[[0, 1, 3, 4, 5, 10], [2, 6, 7, 8, 9, 11]]",p_saps_projection,1.0000000000000002,1.0000000000000002,1.0000000000000002,0.019933243911272925,8.639796137854026e-05,0.009295050369876446,"{""1"": 13}"
s0-i3,0,859fe3badbffe0f0,"[[0, 1, 3, 4, 5, 10], [2, 6, 7, 8, 9, 11]]",b_saps_budgeted,1.0000000000000002,1.0000000000000002,1.0000000000000002,0.019933243911272925,8.639796137854026e-05,0.009295050369876446,"{""1"": 13}"
s0-i3,0,3cc58c5d7060976d,"[[1, 3, 4, 5, 8, 10], [0, 2, 6, 7, 9, 11]]",random_balanced,0.004864693957035052,0.004864693957035052,0.004864693957035052,0.0005145504724166268,0.001200028988461444,-0.03464143456125113,"{""1"": 12, ""3"": 1}"
s0-i3,0,7c8116af10988e3f,"[[0, 1, 2, 5, 7, 11], [3, 4, 6, 8, 9, 10]]",confidence,0.004864693957035052,0.004864693957035052,0.004864693957035052,0.0005145504724166268,0.0007560056168525213,-0.0274955563110209,"{""1"": 12, ""3"": 1}"
s0-i3,0,d783713300064e2a,"[[0, 2, 3, 5, 7, 11], [1, 4, 6, 8, 9, 10]]",entropy,0.004864693957035052,0.004864693957035052,0.004864693957035052,0.002924713769141952,5.106357596711336e-05,0.007145878250230223,"{""1"": 12, ""2"": 1}"
s0-i3,0,7f20e0ac11b17c8d,"[[0, 1, 2, 3, 6, 11], [4, 5, 7, 8, 9, 10]]",dependency_cmi,0.004864693957035052,0.004864693957035052,0.004864693957035052,0.002924713769141952,0.0007560056168525213,-0.0274955563110209,"{""1"": 12, ""2"": 1}"
s0-i3,0,f722d2349deaa236,"[[0, 2, 4, 5, 6, 7], [1, 3, 8, 9, 10, 11]]",min_within_batch_tc,0.004864693957035052,0.004864693957035052,0.004864693957035052,0.002924713769141952,0.00026258962448263523,0.01620461738155626,"{""1"": 12, ""2"": 1}"
s0-i3,0,1ed5cf55ad0129ba,"[[0, 1, 2, 3, 4, 8], [5, 6, 7, 9, 10, 11]]",dprm_myopic,0.004864693957035052,0.004864693957035052,0.004864693957035052,0.0005145504724166268,0.0007560056168525213,-0.0274955563110209,"{""1"": 12, ""3"": 1}"
s0-i3,0,1ed5cf55ad0129ba,"[[0, 1, 2, 3, 4, 8], [5, 6, 7, 9, 10, 11]]",dprm_rollout,0.004864693957035052,0.004864693957035052,0.004864693957035052,0.0005145504724166268,0.0007560056168525213,-0.0274955563110209,"{""1"": 12, ""3"": 1}"
s0-i3,0,859fe3badbffe0f0,"[[0, 1, 3, 4, 5, 10], [2, 6, 7, 8, 9, 11]]",subset_exact,1.0000000000000002,1.0000000000000002,1.0000000000000002,0.09832187834349398,7.521806239223091e-07,-0.0008672834737975289,"{""1"": 13}"
s0-i3,0,859fe3badbffe0f0,"[[0, 1, 3, 4, 5, 10], [2, 6, 7, 8, 9, 11]]",subset_beam_8,1.0000000000000002,1.0000000000000002,1.0000000000000002,0.09832187834349398,7.521806239223091e-07,-0.0008672834737975289,"{""1"": 13}"
s0-i3,0,859fe3badbffe0f0,"[[0, 1, 3, 4, 5, 10], [2, 6, 7, 8, 9, 11]]",subset_beam_32,1.0000000000000002,1.0000000000000002,1.0000000000000002,0.09832187834349398,7.521806239223091e-07,-0.0008672834737975289,"{""1"": 13}"
s0-i3,0,859fe3badbffe0f0,"[[0, 1, 3, 4, 5, 10], [2, 6, 7, 8, 9, 11]]",saps_diagonal,1.0000000000000002,1.0000000000000002,1.0000000000000002,0.09832187834349398,7.521806239223091e-07,-0.0008672834737975289,"{""1"": 13}"
s0-i3,0,859fe3badbffe0f0,"[[0, 1, 3, 4, 5, 10], [2, 6, 7, 8, 9, 11]]",p_saps_residualized,1.0000000000000002,1.0000000000000002,1.0000000000000002,0.09832187834349398,7.521806239223091e-07,-0.0008672834737975289,"{""1"": 13}"
s0-i3,0,859fe3badbffe0f0,"[[0, 1, 3, 4, 5, 10], [2, 6, 7, 8, 9, 11]]",p_saps_projection,1.0000000000000002,1.0000000000000002,1.0000000000000002,0.09832187834349398,7.521806239223091e-07,-0.0008672834737975289,"{""1"": 13}"
s0-i3,0,859fe3badbffe0f0,"[[0, 1, 3, 4, 5, 10], [2, 6, 7, 8, 9, 11]]",b_saps_budgeted,1.0000000000000002,1.0000000000000002,1.0000000000000002,0.09832187834349398,7.521806239223091e-07,-0.0008672834737975289,"{""1"": 13}"
s0-i3,0,3cc58c5d7060976d,"[[1, 3, 4, 5, 8, 10], [0, 2, 6, 7, 9, 11]]",random_balanced,0.004864693957035052,0.004864693957035052,0.004864693957035052,0.002330703442869387,0.0012216355272200617,-0.03495190305577168,"{""1"": 12, ""3"": 1}"
s0-i3,0,7c8116af10988e3f,"[[0, 1, 2, 5, 7, 11], [3, 4, 6, 8, 9, 10]]",confidence,0.004864693957035052,0.004864693957035052,0.004864693957035052,0.002330703442869387,1.393339086167463e-05,-0.003732745753687844,"{""1"": 12, ""3"": 1}"
s0-i3,0,d783713300064e2a,"[[0, 2, 3, 5, 7, 11], [1, 4, 6, 8, 9, 10]]",entropy,0.004864693957035052,0.004864693957035052,0.004864693957035052,0.02265841112382745,0.9773205460601492,0.9885952387403801,"{""1"": 12, ""2"": 1}"
s0-i3,0,7f20e0ac11b17c8d,"[[0, 1, 2, 3, 6, 11], [4, 5, 7, 8, 9, 10]]",dependency_cmi,0.004864693957035052,0.004864693957035052,0.004864693957035052,0.02265841112382745,1.039336119023269,1.0194783563289949,"{""1"": 12, ""2"": 1}"
s0-i3,0,f722d2349deaa236,"[[0, 2, 4, 5, 6, 7], [1, 3, 8, 9, 10, 11]]",min_within_batch_tc,0.004864693957035052,0.004864693957035052,0.004864693957035052,0.02265841112382745,0.9980395828597475,0.999019310553979,"{""1"": 12, ""2"": 1}"
s0-i3,0,1ed5cf55ad0129ba,"[[0, 1, 2, 3, 4, 8], [5, 6, 7, 9, 10, 11]]",dprm_myopic,0.004864693957035052,0.004864693957035052,0.004864693957035052,0.002330703442869387,0.0003151654101666606,-0.017752898641254632,"{""1"": 12, ""3"": 1}"
s0-i3,0,1ed5cf55ad0129ba,"[[0, 1, 2, 3, 4, 8], [5, 6, 7, 9, 10, 11]]",dprm_rollout,0.004864693957035052,0.004864693957035052,0.004864693957035052,0.002330703442869387,0.0003151654101666606,-0.017752898641254632,"{""1"": 12, ""3"": 1}"
s0-i3,0,859fe3badbffe0f0,"[[0, 1, 3, 4, 5, 10], [2, 6, 7, 8, 9, 11]]",subset_exact,1.0000000000000002,1.0000000000000002,1.0000000000000002,0.2846696785450581,1.0550391528250311,1.0271509883288976,"{""1"": 13}"
s0-i3,0,859fe3badbffe0f0,"[[0, 1, 3, 4, 5, 10], [2, 6, 7, 8, 9, 11]]",subset_beam_8,1.0000000000000002,1.0000000000000002,1.0000000000000002,0.2846696785450581,1.0550391528250311,1.0271509883288976,"{""1"": 13}"
s0-i3,0,859fe3badbffe0f0,"[[0, 1, 3, 4, 5, 10], [2, 6, 7, 8, 9, 11]]",subset_beam_32,1.0000000000000002,1.0000000000000002,1.0000000000000002,0.2846696785450581,1.0550391528250311,1.0271509883288976,"{""1"": 13}"
s0-i3,0,859fe3badbffe0f0,"[[0, 1, 3, 4, 5, 10], [2, 6, 7, 8, 9, 11]]",saps_diagonal,1.0000000000000002,1.0000000000000002,1.0000000000000002,0.2846696785450581,1.0550391528250311,1.0271509883288976,"{""1"": 13}"
s0-i3,0,859fe3badbffe0f0,"[[0, 1, 3, 4, 5, 10], [2, 6, 7, 8, 9, 11]]",p_saps_residualized,1.0000000000000002,1.0000000000000002,1.0000000000000002,0.2846696785450581,1.0550391528250311,1.0271509883288976,"{""1"": 13}"
s0-i3,0,859fe3badbffe0f0,"[[0, 1, 3, 4, 5, 10], [2, 6, 7, 8, 9, 11]]",p_saps_projection,1.0000000000000002,1.0000000000000002,1.0000000000000002,0.2846696785450581,1.0550391528250311,1.0271509883288976,"{""1"": 13}"
s0-i3,0,859fe3badbffe0f0,"[[0, 1, 3, 4, 5, 10], [2, 6, 7, 8, 9, 11]]",b_saps_budgeted,1.0000000000000002,1.0000000000000002,1.0000000000000002,0.2846696785450581,1.0550391528250311,1.0271509883288976,"{""1"": 13}"
s0-i3,0,6527dbba812267ab,"[[3, 4, 5, 10], [1, 6, 8, 9], [0, 2, 7, 11]]",random_balanced,1.0000000000000002,1.0000000000000002,1.0000000000000002,0.019933243911272925,0.00033657928491568007,0.0183460972666036,"{""1"": 13}"
s0-i3,0,4f719f1f51d4e1ba,"[[0, 5, 7, 11], [1, 2, 3, 6], [4, 8, 9, 10]]",confidence,0.004864693957035052,0.004864693957035052,0.004864693957035052,0.00019615100502939307,0.00033657928491568007,0.0183460972666036,"{""1"": 12, ""2"": 1}"
s0-i3,0,d302aa043092ab1d,"[[0, 2, 7, 11], [1, 3, 4, 5], [6, 8, 9, 10]]",entropy,1.0000000000000002,1.0000000000000002,1.0000000000000002,0.019933243911272925,0.0005294947173971449,0.023010752212762296,"{""1"": 13}"
s0-i3,0,bf8506f4b57edf55,"[[0, 1, 2, 3], [4, 5, 6, 8], [7, 9, 10, 11]]",dependency_cmi,0.004864693957035052,0.004864693957035052,0.004864693957035052,0.00019615100502939307,0.0007640330426616865,0.027641147636480047,"{""1"": 12, ""2"": 1}"
s0-i3,0,7c9b7206d9e7f1b6,"[[0, 2, 3, 6], [4, 5, 8, 11], [1, 7, 9, 10]]",min_within_batch_tc,0.004864693957035052,0.004864693957035052,0.004864693957035052,0.00019615100502939307,0.0,0.0,"{""1"": 12, ""2"": 1}"
s0-i3,0,c204ae07fb5a9032,"[[0, 3, 4, 8], [1, 2, 5, 6], [7, 9, 10, 11]]",dprm_myopic,0.004864693957035052,0.004864693957035052,0.004864693957035052,9.72630039100164e-05,0.0,0.0,"{""1"": 12, ""3"": 1}"
s0-i3,0,c204ae07fb5a9032,"[[0, 3, 4, 8], [1, 2, 5, 6], [7, 9, 10, 11]]",dprm_rollout,0.004864693957035052,0.004864693957035052,0.004864693957035052,9.72630039100164e-05,0.0,0.0,"{""1"": 12, ""3"": 1}"
s0-i3,0,6527dbba812267ab,"[[3, 4, 5, 10], [1, 6, 8, 9], [0, 2, 7, 11]]",subset_exact,1.0000000000000002,1.0000000000000002,1.0000000000000002,0.019933243911272925,0.00033657928491568007,0.0183460972666036,"{""1"": 13}"
s0-i3,0,6527dbba812267ab,"[[3, 4, 5, 10], [1, 6, 8, 9], [0, 2, 7, 11]]",subset_beam_8,1.0000000000000002,1.0000000000000002,1.0000000000000002,0.019933243911272925,0.00033657928491568007,0.0183460972666036,"{""1"": 13}"
s0-i3,0,6527dbba812267ab,"[[3, 4, 5, 10], [1, 6, 8, 9], [0, 2, 7, 11]]",subset_beam_32,1.0000000000000002,1.0000000000000002,1.0000000000000002,0.019933243911272925,0.00033657928491568007,0.0183460972666036,"{""1"": 13}"
s0-i3,0,6527dbba812267ab,"[[3, 4, 5, 10], [1, 6, 8, 9], [0, 2, 7, 11]]",saps_diagonal,1.0000000000000002,1.0000000000000002,1.0000000000000002,0.019933243911272925,0.00033657928491568007,0.0183460972666036,"{""1"": 13}"
s0-i3,0,6527dbba812267ab,"[[3, 4, 5, 10], [1, 6, 8, 9], [0, 2, 7, 11]]",p_saps_residualized,1.0000000000000002,1.0000000000000002,1.0000000000000002,0.019933243911272925,0.00033657928491568007,0.0183460972666036,"{""1"": 13}"
s0-i3,0,6527dbba812267ab,"[[3, 4, 5, 10], [1, 6, 8, 9], [0, 2, 7, 11]]",p_saps_projection,1.0000000000000002,1.0000000000000002,1.0000000000000002,0.019933243911272925,0.00033657928491568007,0.0183460972666036,"{""1"": 13}"
s0-i3,0,6527dbba812267ab,"[[3, 4, 5, 10], [1, 6, 8, 9], [0, 2, 7, 11]]",b_saps_budgeted,1.0000000000000002,1.0000000000000002,1.0000000000000002,0.019933243911272925,0.00033657928491568007,0.0183460972666036,"{""1"": 13}"
s0-i3,0,6527dbba812267ab,"[[3, 4, 5, 10], [1, 6, 8, 9], [0, 2, 7, 11]]",random_balanced,1.0000000000000002,1.0000000000000002,1.0000000000000002,0.09832187834349398,3.942075236664792e-05,0.006278594776432694,"{""1"": 13}"
s0-i3,0,4f719f1f51d4e1ba,"[[0, 5, 7, 11], [1, 2, 3, 6], [4, 8, 9, 10]]",confidence,0.004864693957035052,0.004864693957035052,0.004864693957035052,0.002924713769141952,0.00026258962448263523,0.01620461738155626,"{""1"": 12, ""2"": 1}"
s0-i3,0,d302aa043092ab1d,"[[0, 2, 7, 11], [1, 3, 4, 5], [6, 8, 9, 10]]",entropy,1.0000000000000002,1.0000000000000002,1.0000000000000002,0.09832187834349398,0.00013948869438300469,0.01181053319638892,"{""1"": 13}"
s0-i3,0,bf8506f4b57edf55,"[[0, 1, 2, 3], [4, 5, 6, 8], [7, 9, 10, 11]]",dependency_cmi,0.004864693957035052,0.004864693957035052,0.004864693957035052,0.002924713769141952,0.0007560056168525213,-0.0274955563110209,"{""1"": 12, ""2"": 1}"
s0-i3,0,7c9b7206d9e7f1b6,"[[0, 2, 3, 6], [4, 5, 8, 11], [1, 7, 9, 10]]",min_within_batch_tc,0.004864693957035052,0.004864693957035052,0.004864693957035052,0.002924713769141952,5.106357596711336e-05,0.007145878250230223,"{""1"": 12, ""2"": 1}"
s0-i3,0,c204ae07fb5a9032,"[[0, 3, 4, 8], [1, 2, 5, 6], [7, 9, 10, 11]]",dprm_myopic,0.004864693957035052,0.004864693957035052,0.004864693957035052,0.0005145504724166268,0.0007090649142936081,-0.026628272837223372,"{""1"": 12, ""3"": 1}"
s0-i3,0,c204ae07fb5a9032,"[[0, 3, 4, 8], [1, 2, 5, 6], [7, 9, 10, 11]]",dprm_rollout,0.004864693957035052,0.004864693957035052,0.004864693957035052,0.0005145504724166268,0.0007090649142936081,-0.026628272837223372,"{""1"": 12, ""3"": 1}"
s0-i3,0,6527dbba812267ab,"[[3, 4, 5, 10], [1, 6, 8, 9], [0, 2, 7, 11]]",subset_exact,1.0000000000000002,1.0000000000000002,1.0000000000000002,0.09832187834349398,3.942075236664792e-05,0.006278594776432694,"{""1"": 13}"
s0-i3,0,6527dbba812267ab,"[[3, 4, 5, 10], [1, 6, 8, 9], [0, 2, 7, 11]]",subset_beam_8,1.0000000000000002,1.0000000000000002,1.0000000000000002,0.09832187834349398,3.942075236664792e-05,0.006278594776432694,"{""1"": 13}"
s0-i3,0,6527dbba812267ab,"[[3, 4, 5, 10], [1, 6, 8, 9], [0, 2, 7, 11]]",subset_beam_32,1.0000000000000002,1.0000000000000002,1.0000000000000002,0.09832187834349398,3.942075236664792e-05,0.006278594776432694,"{""1"": 13}"
s0-i3,0,6527dbba812267ab,"[[3, 4, 5, 10], [1, 6, 8, 9], [0, 2, 7, 11]]",saps_diagonal,1.0000000000000002,1.0000000000000002,1.0000000000000002,0.09832187834349398,3.942075236664792e-05,0.006278594776432694,"{""1"": 13}"
s0-i3,0,6527dbba812267ab,"[[3, 4, 5, 10], [1, 6, 8, 9], [0, 2, 7, 11]]",p_saps_residualized,1.0000000000000002,1.0000000000000002,1.0000000000000002,0.09832187834349398,3.942075236664792e-05,0.006278594776432694,"{""1"": 13}"
s0-i3,0,6527dbba812267ab,"[[3, 4, 5, 10], [1, 6, 8, 9], [0, 2, 7, 11]]",p_saps_projection,1.0000000000000002,1.0000000000000002,1.0000000000000002,0.09832187834349398,3.942075236664792e-05,0.006278594776432694,"{""1"": 13}"
s0-i3,0,6527dbba812267ab,"[[3, 4, 5, 10], [1, 6, 8, 9], [0, 2, 7, 11]]",b_saps_budgeted,1.0000000000000002,1.0000000000000002,1.0000000000000002,0.09832187834349398,3.942075236664792e-05,0.006278594776432694,"{""1"": 13}"
s0-i3,0,6527dbba812267ab,"[[3, 4, 5, 10], [1, 6, 8, 9], [0, 2, 7, 11]]",random_balanced,1.0000000000000002,1.0000000000000002,1.0000000000000002,0.2846696785450581,1.0561400307852866,1.0276867376712062,"{""1"": 13}"
s0-i3,0,4f719f1f51d4e1ba,"[[0, 5, 7, 11], [1, 2, 3, 6], [4, 8, 9, 10]]",confidence,0.004864693957035052,0.004864693957035052,0.004864693957035052,0.02265841112382745,1.021886245342864,1.0108838931068513,"{""1"": 12, ""2"": 1}"
s0-i3,0,d302aa043092ab1d,"[[0, 2, 7, 11], [1, 3, 4, 5], [6, 8, 9, 10]]",entropy,1.0000000000000002,1.0000000000000002,1.0000000000000002,0.2846696785450581,1.393339086167463e-05,-0.003732745753687844,"{""1"": 13}"
s0-i3,0,bf8506f4b57edf55,"[[0, 1, 2, 3], [4, 5, 6, 8], [7, 9, 10, 11]]",dependency_cmi,0.004864693957035052,0.004864693957035052,0.004864693957035052,0.02265841112382745,0.00011448387293007762,-0.010699713684490703,"{""1"": 12, ""2"": 1}"
s0-i3,0,7c9b7206d9e7f1b6,"[[0, 2, 3, 6], [4, 5, 8, 11], [1, 7, 9, 10]]",min_within_batch_tc,0.004864693957035052,0.004864693957035052,0.004864693957035052,0.02265841112382745,0.0003561992410243196,-0.018873241402163,"{""1"": 12, ""2"": 1}"
s0-i3,0,c204ae07fb5a9032,"[[0, 3, 4, 8], [1, 2, 5, 6], [7, 9, 10, 11]]",dprm_myopic,0.004864693957035052,0.004864693957035052,0.004864693957035052,0.002330703442869387,0.0005025467088445483,-0.02241755358741333,"{""1"": 12, ""3"": 1}"
s0-i3,0,c204ae07fb5a9032,"[[0, 3, 4, 8], [1, 2, 5, 6], [7, 9, 10, 11]]",dprm_rollout,0.004864693957035052,0.004864693957035052,0.004864693957035052,0.002330703442869387,0.0005025467088445483,-0.02241755358741333,"{""1"": 12, ""3"": 1}"
s0-i3,0,6527dbba812267ab,"[[3, 4, 5, 10], [1, 6, 8, 9], [0, 2, 7, 11]]",subset_exact,1.0000000000000002,1.0000000000000002,1.0000000000000002,0.2846696785450581,1.0561400307852866,1.0276867376712062,"{""1"": 13}"
s0-i3,0,6527dbba812267ab,"[[3, 4, 5, 10], [1, 6, 8, 9], [0, 2, 7, 11]]",subset_beam_8,1.0000000000000002,1.0000000000000002,1.0000000000000002,0.2846696785450581,1.0561400307852866,1.0276867376712062,"{""1"": 13}"
s0-i3,0,6527dbba812267ab,"[[3, 4, 5, 10], [1, 6, 8, 9], [0, 2, 7, 11]]",subset_beam_32,1.0000000000000002,1.0000000000000002,1.0000000000000002,0.2846696785450581,1.0561400307852866,1.0276867376712062,"{""1"": 13}"
s0-i3,0,6527dbba812267ab,"[[3, 4, 5, 10], [1, 6, 8, 9], [0, 2, 7, 11]]",saps_diagonal,1.0000000000000002,1.0000000000000002,1.0000000000000002,0.2846696785450581,1.0561400307852866,1.0276867376712062,"{""1"": 13}"
s0-i3,0,6527dbba812267ab,"[[3, 4, 5, 10], [1, 6, 8, 9], [0, 2, 7, 11]]",p_saps_residualized,1.0000000000000002,1.0000000000000002,1.0000000000000002,0.2846696785450581,1.0561400307852866,1.0276867376712062,"{""1"": 13}"
s0-i3,0,6527dbba812267ab,"[[3, 4, 5, 10], [1, 6, 8, 9], [0, 2, 7, 11]]",p_saps_projection,1.0000000000000002,1.0000000000000002,1.0000000000000002,0.2846696785450581,1.0561400307852866,1.0276867376712062,"{""1"": 13}"
s0-i3,0,6527dbba812267ab,"[[3, 4, 5, 10], [1, 6, 8, 9], [0, 2, 7, 11]]",b_saps_budgeted,1.0000000000000002,1.0000000000000002,1.0000000000000002,0.2846696785450581,1.0561400307852866,1.0276867376712062,"{""1"": 13}"
s0-i3,0,b92af94830a71268,"[[3, 4, 10], [1, 5, 8], [6, 7, 9], [0, 2, 11]]",random_balanced,1.0000000000000002,1.0000000000000002,1.0000000000000002,0.019933243911272925,0.00033657928491568007,0.0183460972666036,"{""1"": 13}"
s0-i3,0,82d786ce95f0ffe0,"[[0, 5, 7], [1, 2, 11], [3, 6, 9], [4, 8, 10]]",confidence,0.004864693957035052,0.004864693957035052,0.004864693957035052,0.00019615100502939307,0.0007640330426616865,0.027641147636480047,"{""1"": 12, ""2"": 1}"
s0-i3,0,9cbed0e0083751f1,"[[0, 2, 7], [3, 5, 11], [1, 4, 10], [6, 8, 9]]",entropy,1.0000000000000002,1.0000000000000002,1.0000000000000002,0.019933243911272925,0.0005294947173971449,0.023010752212762296,"{""1"": 13}"
s0-i3,0,ddf6dc109cb9c4af,"[[0, 1, 3], [2, 4, 8], [5, 6, 7], [9, 10, 11]]",dependency_cmi,0.004864693957035052,0.004864693957035052,0.004864693957035052,0.00019615100502939307,0.00019487337251053986,0.013959705316035144,"{""1"": 12, ""2"": 1}"
s0-i3,0,fd53ff288f669742,"[[0, 2, 3], [4, 5, 6], [9, 10, 11], [1, 7, 8]]",min_within_batch_tc,1.0000000000000002,1.0000000000000002,1.0000000000000002,0.019933243911272925,2.1759005766722782e-05,0.0046646549461586955,"{""1"": 13}"
s0-i3,0,b941bd465f95f183,"[[3, 4, 8], [0, 1, 2], [5, 6, 7], [9, 10, 11]]",dprm_myopic,0.004864693957035052,0.004864693957035052,0.004864693957035052,9.72630039100164e-05,0.00019487337251053986,0.013959705316035144,"{""1"": 12, ""3"": 1}"
s0-i3,0,b941bd465f95f183,"[[3, 4, 8], [0, 1, 2], [5, 6, 7], [9, 10, 11]]",dprm_rollout,0.004864693957035052,0.004864693957035052,0.004864693957035052,9.72630039100164e-05,0.00019487337251053986,0.013959705316035144,"{""1"": 12, ""3"": 1}"
s0-i3,0,b92af94830a71268,"[[3, 4, 10], [1, 5, 8], [6, 7, 9], [0, 2, 11]]",subset_exact,1.0000000000000002,1.0000000000000002,1.0000000000000002,0.019933243911272925,0.00033657928491568007,0.0183460972666036,"{""1"": 13}"
s0-i3,0,b92af94830a71268,"[[3, 4, 10], [1, 5, 8], [6, 7, 9], [0, 2, 11]]",subset_beam_8,1.0000000000000002,1.0000000000000002,1.0000000000000002,0.019933243911272925,0.00033657928491568007,0.0183460972666036,"{""1"": 13}"
s0-i3,0,b92af94830a71268,"[[3, 4, 10], [1, 5, 8], [6, 7, 9], [0, 2, 11]]",subset_beam_32,1.0000000000000002,1.0000000000000002,1.0000000000000002,0.019933243911272925,0.00033657928491568007,0.0183460972666036,"{""1"": 13}"
s0-i3,0,b92af94830a71268,"[[3, 4, 10], [1, 5, 8], [6, 7, 9], [0, 2, 11]]",saps_diagonal,1.0000000000000002,1.0000000000000002,1.0000000000000002,0.019933243911272925,0.00033657928491568007,0.0183460972666036,"{""1"": 13}"
s0-i3,0,b92af94830a71268,"[[3, 4, 10], [1, 5, 8], [6, 7, 9], [0, 2, 11]]",p_saps_residualized,1.0000000000000002,1.0000000000000002,1.0000000000000002,0.019933243911272925,0.00033657928491568007,0.0183460972666036,"{""1"": 13}"
s0-i3,0,b92af94830a71268,"[[3, 4, 10], [1, 5, 8], [6, 7, 9], [0, 2, 11]]",p_saps_projection,1.0000000000000002,1.0000000000000002,1.0000000000000002,0.019933243911272925,0.00033657928491568007,0.0183460972666036,"{""1"": 13}"
s0-i3,0,b92af94830a71268,"[[3, 4, 10], [1, 5, 8], [6, 7, 9], [0, 2, 11]]",b_saps_budgeted,1.0000000000000002,1.0000000000000002,1.0000000000000002,0.019933243911272925,0.00033657928491568007,0.0183460972666036,"{""1"": 13}"
s0-i3,0,b92af94830a71268,"[[3, 4, 10], [1, 5, 8], [6, 7, 9], [0, 2, 11]]",random_balanced,1.0000000000000002,1.0000000000000002,1.0000000000000002,0.09832187834349398,2.17590057667228e-05,0.004664654946158697,"{""1"": 13}"
s0-i3,0,82d786ce95f0ffe0,"[[0, 5, 7], [1, 2, 11], [3, 6, 9], [4, 8, 10]]",confidence,0.004864693957035052,0.004864693957035052,0.004864693957035052,0.002924713769141952,5.106357596711336e-05,0.007145878250230223,"{""1"": 12, ""2"": 1}"
s0-i3,0,9cbed0e0083751f1,"[[0, 2, 7], [3, 5, 11], [1, 4, 10], [6, 8, 9]]",entropy,1.0000000000000002,1.0000000000000002,1.0000000000000002,0.09832187834349398,0.9651696211028479,0.9824304662941026,"{""1"": 13}"
s0-i3,0,ddf6dc109cb9c4af,"[[0, 1, 3], [2, 4, 8], [5, 6, 7], [9, 10, 11]]",dependency_cmi,0.004864693957035052,0.004864693957035052,0.004864693957035052,0.002924713769141952,3.942075236664792e-05,0.006278594776432694,"{""1"": 12, ""2"": 1}"
s0-i3,0,fd53ff288f669742,"[[0, 2, 3], [4, 5, 6], [9, 10, 11], [1, 7, 8]]",min_within_batch_tc,1.0000000000000002,1.0000000000000002,1.0000000000000002,0.09832187834349398,0.00013948869438300469,0.01181053319638892,"{""1"": 13}"
s0-i3,0,b941bd465f95f183,"[[3, 4, 8], [0, 1, 2], [5, 6, 7], [9, 10, 11]]",dprm_myopic,0.004864693957035052,0.004864693957035052,0.004864693957035052,0.0005145504724166268,0.0007560056168525213,-0.0274955563110209,"{""1"": 12, ""3"": 1}"
s0-i3,0,b941bd465f95f183,"[[3, 4, 8], [0, 1, 2], [5, 6, 7], [9, 10, 11]]",dprm_rollout,0.004864693957035052,0.004864693957035052,0.004864693957035052,0.0005145504724166268,0.0007560056168525213,-0.0274955563110209,"{""1"": 12, ""3"": 1}"
s0-i3,0,b92af94830a71268,"[[3, 4, 10], [1, 5, 8], [6, 7, 9], [0, 2, 11]]",subset_exact,1.0000000000000002,1.0000000000000002,1.0000000000000002,0.09832187834349398,2.17590057667228e-05,0.004664654946158697,"{""1"": 13}"
s0-i3,0,b92af94830a71268,"[[3, 4, 10], [1, 5, 8], [6, 7, 9], [0, 2, 11]]",subset_beam_8,1.0000000000000002,1.0000000000000002,1.0000000000000002,0.09832187834349398,2.17590057667228e-05,0.004664654946158697,"{""1"": 13}"
s0-i3,0,b92af94830a71268,"[[3, 4, 10], [1, 5, 8], [6, 7, 9], [0, 2, 11]]",subset_beam_32,1.0000000000000002,1.0000000000000002,1.0000000000000002,0.09832187834349398,2.17590057667228e-05,0.004664654946158697,"{""1"": 13}"
s0-i3,0,b92af94830a71268,"[[3, 4, 10], [1, 5, 8], [6, 7, 9], [0, 2, 11]]",saps_diagonal,1.0000000000000002,1.0000000000000002,1.0000000000000002,0.09832187834349398,2.17590057667228e-05,0.004664654946158697,"{""1"": 13}"
s0-i3,0,b92af94830a71268,"[[3, 4, 10], [1, 5, 8], [6, 7, 9], [0, 2, 11]]",p_saps_residualized,1.0000000000000002,1.0000000000000002,1.0000000000000002,0.09832187834349398,2.17590057667228e-05,0.004664654946158697,"{""1"": 13}"
s0-i3,0,b92af94830a71268,"[[3, 4, 10], [1, 5, 8], [6, 7, 9], [0, 2, 11]]",p_saps_projection,1.0000000000000002,1.0000000000000002,1.0000000000000002,0.09832187834349398,2.17590057667228e-05,0.004664654946158697,"{""1"": 13}"
s0-i3,0,b92af94830a71268,"[[3, 4, 10], [1, 5, 8], [6, 7, 9], [0, 2, 11]]",b_saps_budgeted,1.0000000000000002,1.0000000000000002,1.0000000000000002,0.09832187834349398,2.17590057667228e-05,0.004664654946158697,"{""1"": 13}"
s0-i3,0,b92af94830a71268,"[[3, 4, 10], [1, 5, 8], [6, 7, 9], [0, 2, 11]]",random_balanced,1.0000000000000002,1.0000000000000002,1.0000000000000002,0.2846696785450581,1.0239261215981164,1.0118923468423489,"{""1"": 13}"
s0-i3,0,82d786ce95f0ffe0,"[[0, 5, 7], [1, 2, 11], [3, 6, 9], [4, 8, 10]]",confidence,0.004864693957035052,0.004864693957035052,0.004864693957035052,0.02265841112382745,0.994372451885237,0.997182256102282,"{""1"": 12, ""2"": 1}"
s0-i3,0,9cbed0e0083751f1,"[[0, 2, 7], [3, 5, 11], [1, 4, 10], [6, 8, 9]]",entropy,1.0000000000000002,1.0000000000000002,1.0000000000000002,0.2846696785450581,1.0181905490988779,1.009054284515396,"{""1"": 13}"
s0-i3,0,ddf6dc109cb9c4af,"[[0, 1, 3], [2, 4, 8], [5, 6, 7], [9, 10, 11]]",dependency_cmi,0.004864693957035052,0.004864693957035052,0.004864693957035052,0.02265841112382745,7.59784409887029e-08,-0.0002756418708917477,"{""1"": 12, ""2"": 1}"
s0-i3,0,fd53ff288f669742,"[[0, 2, 3], [4, 5, 6], [9, 10, 11], [1, 7, 8]]",min_within_batch_tc,1.0000000000000002,1.0000000000000002,1.0000000000000002,0.2846696785450581,1.057111838306168,1.028159442064395,"{""1"": 13}"
s0-i3,0,b941bd465f95f183,"[[3, 4, 8], [0, 1, 2], [5, 6, 7], [9, 10, 11]]",dprm_myopic,0.004864693957035052,0.004864693957035052,0.004864693957035052,0.002330703442869387,0.0003321726059691147,-0.018225603034443462,"{""1"": 12, ""3"": 1}"
s0-i3,0,b941bd465f95f183,"[[3, 4, 8], [0, 1, 2], [5, 6, 7], [9, 10, 11]]",dprm_rollout,0.004864693957035052,0.004864693957035052,0.004864693957035052,0.002330703442869387,0.0003321726059691147,-0.018225603034443462,"{""1"": 12, ""3"": 1}"
s0-i3,0,b92af94830a71268,"[[3, 4, 10], [1, 5, 8], [6, 7, 9], [0, 2, 11]]",subset_exact,1.0000000000000002,1.0000000000000002,1.0000000000000002,0.2846696785450581,1.0239261215981164,1.0118923468423489,"{""1"": 13}"
s0-i3,0,b92af94830a71268,"[[3, 4, 10], [1, 5, 8], [6, 7, 9], [0, 2, 11]]",subset_beam_8,1.0000000000000002,1.0000000000000002,1.0000000000000002,0.2846696785450581,1.0239261215981164,1.0118923468423489,"{""1"": 13}"
s0-i3,0,b92af94830a71268,"[[3, 4, 10], [1, 5, 8], [6, 7, 9], [0, 2, 11]]",subset_beam_32,1.0000000000000002,1.0000000000000002,1.0000000000000002,0.2846696785450581,1.0239261215981164,1.0118923468423489,"{""1"": 13}"
s0-i3,0,b92af94830a71268,"[[3, 4, 10], [1, 5, 8], [6, 7, 9], [0, 2, 11]]",saps_diagonal,1.0000000000000002,1.0000000000000002,1.0000000000000002,0.2846696785450581,1.0239261215981164,1.0118923468423489,"{""1"": 13}"
s0-i3,0,b92af94830a71268,"[[3, 4, 10], [1, 5, 8], [6, 7, 9], [0, 2, 11]]",p_saps_residualized,1.0000000000000002,1.0000000000000002,1.0000000000000002,0.2846696785450581,1.0239261215981164,1.0118923468423489,"{""1"": 13}"
s0-i3,0,b92af94830a71268,"[[3, 4, 10], [1, 5, 8], [6, 7, 9], [0, 2, 11]]",p_saps_projection,1.0000000000000002,1.0000000000000002,1.0000000000000002,0.2846696785450581,1.0239261215981164,1.0118923468423489,"{""1"": 13}"
s0-i3,0,b92af94830a71268,"[[3, 4, 10], [1, 5, 8], [6, 7, 9], [0, 2, 11]]",b_saps_budgeted,1.0000000000000002,1.0000000000000002,1.0000000000000002,0.2846696785450581,1.0239261215981164,1.0118923468423489,"{""1"": 13}"
s0-i4,0,2516301160cf1942,"[[0, 1, 2, 3, 4, 5, 6, 7, 8, 9, 10, 11]]",random_balanced,1.0,1.0,1.0,0.019933243911272918,0.0,0.0,"{""1"": 12}"
s0-i4,0,2516301160cf1942,"[[0, 1, 2, 3, 4, 5, 6, 7, 8, 9, 10, 11]]",confidence,1.0,1.0,1.0,0.019933243911272918,0.0,0.0,"{""1"": 12}"
s0-i4,0,2516301160cf1942,"[[0, 1, 2, 3, 4, 5, 6, 7, 8, 9, 10, 11]]",entropy,1.0,1.0,1.0,0.019933243911272918,0.0,0.0,"{""1"": 12}"
s0-i4,0,2516301160cf1942,"[[0, 1, 2, 3, 4, 5, 6, 7, 8, 9, 10, 11]]",dependency_cmi,1.0,1.0,1.0,0.019933243911272918,0.0,0.0,"{""1"": 12}"
s0-i4,0,2516301160cf1942,"[[0, 1, 2, 3, 4, 5, 6, 7, 8, 9, 10, 11]]",min_within_batch_tc,1.0,1.0,1.0,0.019933243911272918,0.0,0.0,"{""1"": 12}"
s0-i4,0,2516301160cf1942,"[[0, 1, 2, 3, 4, 5, 6, 7, 8, 9, 10, 11]]",dprm_myopic,1.0,1.0,1.0,0.019933243911272918,0.0,0.0,"{""1"": 12}"
s0-i4,0,2516301160cf1942,"[[0, 1, 2, 3, 4, 5, 6, 7, 8, 9, 10, 11]]",dprm_rollout,1.0,1.0,1.0,0.019933243911272918,0.0,0.0,"{""1"": 12}"
s0-i4,0,2516301160cf1942,"[[0, 1, 2, 3, 4, 5, 6, 7, 8, 9, 10, 11]]",subset_exact,1.0,1.0,1.0,0.019933243911272918,0.0,0.0,"{""1"": 12}"
s0-i4,0,2516301160cf1942,"[[0, 1, 2, 3, 4, 5, 6, 7, 8, 9, 10, 11]]",subset_beam_8,1.0,1.0,1.0,0.019933243911272918,0.0,0.0,"{""1"": 12}"
s0-i4,0,2516301160cf1942,"[[0, 1, 2, 3, 4, 5, 6, 7, 8, 9, 10, 11]]",subset_beam_32,1.0,1.0,1.0,0.019933243911272918,0.0,0.0,"{""1"": 12}"
s0-i4,0,2516301160cf1942,"[[0, 1, 2, 3, 4, 5, 6, 7, 8, 9, 10, 11]]",saps_diagonal,1.0,1.0,1.0,0.019933243911272918,0.0,0.0,"{""1"": 12}"
s0-i4,0,2516301160cf1942,"[[0, 1, 2, 3, 4, 5, 6, 7, 8, 9, 10, 11]]",p_saps_residualized,1.0,1.0,1.0,0.019933243911272918,0.0,0.0,"{""1"": 12}"
s0-i4,0,2516301160cf1942,"[[0, 1, 2, 3, 4, 5, 6, 7, 8, 9, 10, 11]]",p_saps_projection,1.0,1.0,1.0,0.019933243911272918,0.0,0.0,"{""1"": 12}"
s0-i4,0,2516301160cf1942,"[[0, 1, 2, 3, 4, 5, 6, 7, 8, 9, 10, 11]]",b_saps_budgeted,1.0,1.0,1.0,0.019933243911272918,0.0,0.0,"{""1"": 12}"
s0-i4,0,2516301160cf1942,"[[0, 1, 2, 3, 4, 5, 6, 7, 8, 9, 10, 11]]",random_balanced,1.0,1.0,1.0,0.09832187834349396,11.944567278665057,3.456091329618628,"{""1"": 12}"
s0-i4,0,2516301160cf1942,"[[0, 1, 2, 3, 4, 5, 6, 7, 8, 9, 10, 11]]",confidence,1.0,1.0,1.0,0.09832187834349396,11.944567278665057,3.456091329618628,"{""1"": 12}"
s0-i4,0,2516301160cf1942,"[[0, 1, 2, 3, 4, 5, 6, 7, 8, 9, 10, 11]]",entropy,1.0,1.0,1.0,0.09832187834349396,11.944567278665057,3.456091329618628,"{""1"": 12}"
s0-i4,0,2516301160cf1942,"[[0, 1, 2, 3, 4, 5, 6, 7, 8, 9, 10, 11]]",dependency_cmi,1.0,1.0,1.0,0.09832187834349396,11.944567278665057,3.456091329618628,"{""1"": 12}"
s0-i4,0,2516301160cf1942,"[[0, 1, 2, 3, 4, 5, 6, 7, 8, 9, 10, 11]]",min_within_batch_tc,1.0,1.0,1.0,0.09832187834349396,11.944567278665057,3.456091329618628,"{""1"": 12}"
s0-i4,0,2516301160cf1942,"[[0, 1, 2, 3, 4, 5, 6, 7, 8, 9, 10, 11]]",dprm_myopic,1.0,1.0,1.0,0.09832187834349396,11.944567278665057,3.456091329618628,"{""1"": 12}"
s0-i4,0,2516301160cf1942,"[[0, 1, 2, 3, 4, 5, 6, 7, 8, 9, 10, 11]]",dprm_rollout,1.0,1.0,1.0,0.09832187834349396,11.944567278665057,3.456091329618628,"{""1"": 12}"
s0-i4,0,2516301160cf1942,"[[0, 1, 2, 3, 4, 5, 6, 7, 8, 9, 10, 11]]",subset_exact,1.0,1.0,1.0,0.09832187834349396,11.944567278665057,3.456091329618628,"{""1"": 12}"
s0-i4,0,2516301160cf1942,"[[0, 1, 2, 3, 4, 5, 6, 7, 8, 9, 10, 11]]",subset_beam_8,1.0,1.0,1.0,0.09832187834349396,11.944567278665057,3.456091329618628,"{""1"": 12}"
s0-i4,0,2516301160cf1942,"[[0, 1, 2, 3, 4, 5, 6, 7, 8, 9, 10, 11]]",subset_beam_32,1.0,1.0,1.0,0.09832187834349396,11.944567278665057,3.456091329618628,"{""1"": 12}"
s0-i4,0,2516301160cf1942,"[[0, 1, 2, 3, 4, 5, 6, 7, 8, 9, 10, 11]]",saps_diagonal,1.0,1.0,1.0,0.09832187834349396,11.944567278665057,3.456091329618628,"{""1"": 12}"
s0-i4,0,2516301160cf1942,"[[0, 1, 2, 3, 4, 5, 6, 7, 8, 9, 10, 11]]",p_saps_residualized,1.0,1.0,1.0,0.09832187834349396,11.944567278665057,3.456091329618628,"{""1"": 12}"
s0-i4,0,2516301160cf1942,"[[0, 1, 2, 3, 4, 5, 6, 7, 8, 9, 10, 11]]",p_saps_projection,1.0,1.0,1.0,0.09832187834349396,11.944567278665057,3.456091329618628,"{""1"": 12}"
s0-i4,0,2516301160cf1942,"[[0, 1, 2, 3, 4, 5, 6, 7, 8, 9, 10, 11]]",b_saps_budgeted,1.0,1.0,1.0,0.09832187834349396,11.944567278665057,3.456091329618628,"{""1"": 12}"
s0-i4,0,2516301160cf1942,"[[0, 1, 2, 3, 4, 5, 6, 7, 8, 9, 10, 11]]",random_balanced,1.0,1.0,1.0,0.28466967854505804,47.407109185968224,6.885282070181891,"{""1"": 12}"
s0-i4,0,2516301160cf1942,"[[0, 1, 2, 3, 4, 5, 6, 7, 8, 9, 10, 11]]",confidence,1.0,1.0,1.0,0.28466967854505804,47.407109185968224,6.885282070181891,"{""1"": 12}"
s0-i4,0,2516301160cf1942,"[[0, 1, 2, 3, 4, 5, 6, 7, 8, 9, 10, 11]]",entropy,1.0,1.0,1.0,0.28466967854505804,47.407109185968224,6.885282070181891,"{""1"": 12}"
s0-i4,0,2516301160cf1942,"[[0, 1, 2, 3, 4, 5, 6, 7, 8, 9, 10, 11]]",dependency_cmi,1.0,1.0,1.0,0.28466967854505804,47.407109185968224,6.885282070181891,"{""1"": 12}"
s0-i4,0,2516301160cf1942,"[[0, 1, 2, 3, 4, 5, 6, 7, 8, 9, 10, 11]]",min_within_batch_tc,1.0,1.0,1.0,0.28466967854505804,47.407109185968224,6.885282070181891,"{""1"": 12}"
s0-i4,0,2516301160cf1942,"[[0, 1, 2, 3, 4, 5, 6, 7, 8, 9, 10, 11]]",dprm_myopic,1.0,1.0,1.0,0.28466967854505804,47.407109185968224,6.885282070181891,"{""1"": 12}"
s0-i4,0,2516301160cf1942,"[[0, 1, 2, 3, 4, 5, 6, 7, 8, 9, 10, 11]]",dprm_rollout,1.0,1.0,1.0,0.28466967854505804,47.407109185968224,6.885282070181891,"{""1"": 12}"
s0-i4,0,2516301160cf1942,"[[0, 1, 2, 3, 4, 5, 6, 7, 8, 9, 10, 11]]",subset_exact,1.0,1.0,1.0,0.28466967854505804,47.407109185968224,6.885282070181891,"{""1"": 12}"
s0-i4,0,2516301160cf1942,"[[0, 1, 2, 3, 4, 5, 6, 7, 8, 9, 10, 11]]",subset_beam_8,1.0,1.0,1.0,0.28466967854505804,47.407109185968224,6.885282070181891,"{""1"": 12}"
s0-i4,0,2516301160cf1942,"[[0, 1, 2, 3, 4, 5, 6, 7, 8, 9, 10, 11]]",subset_beam_32,1.0,1.0,1.0,0.28466967854505804,47.407109185968224,6.885282070181891,"{""1"": 12}"
s0-i4,0,2516301160cf1942,"[[0, 1, 2, 3, 4, 5, 6, 7, 8, 9, 10, 11]]",saps_diagonal,1.0,1.0,1.0,0.28466967854505804,47.407109185968224,6.885282070181891,"{""1"": 12}"
s0-i4,0,2516301160cf1942,"[[0, 1, 2, 3, 4, 5, 6, 7, 8, 9, 10, 11]]",p_saps_residualized,1.0,1.0,1.0,0.28466967854505804,47.407109185968224,6.885282070181891,"{""1"": 12}"
s0-i4,0,2516301160cf1942,"[[0, 1, 2, 3, 4, 5, 6, 7, 8, 9, 10, 11]]",p_saps_projection,1.0,1.0,1.0,0.28466967854505804,47.407109185968224,6.885282070181891,"{""1"": 12}"
s0-i4,0,2516301160cf1942,"[[0, 1, 2, 3, 4, 5, 6, 7, 8, 9, 10, 11]]",b_saps_budgeted,1.0,1.0,1.0,0.28466967854505804,47.407109185968224,6.885282070181891,"{""1"": 12}"
s0-i4,0,87d80a6fc4716cb4,"[[3, 4, 5, 7, 8, 9], [0, 1, 2, 6, 10, 11]]",random_balanced,1.0,1.0,1.0,0.019933243911272918,0.0,0.0,"{""1"": 12}"
s0-i4,0,58258c208c3e9dc4,"[[4, 5, 6, 7, 8, 9], [0, 1, 2, 3, 10, 11]]",confidence,1.0,1.0,1.0,0.019933243911272918,0.0,0.0,"{""1"": 12}"
s0-i4,0,f26a45bb865dcfbc,"[[4, 5, 6, 7, 8, 10], [0, 1, 2, 3, 9, 11]]",entropy,1.0,1.0,1.0,0.019933243911272918,0.0,0.0,"{""1"": 12}"
s0-i4,0,c05bd7dc4afb455e,"[[0, 1, 2, 5, 10, 11], [3, 4, 6, 7, 8, 9]]",dependency_cmi,1.0,1.0,1.0,0.019933243911272918,0.0,0.0,"{""1"": 12}"
s0-i4,0,e2f495debaba635f,"[[1, 3, 5, 8, 10, 11], [0, 2, 4, 6, 7, 9]]",min_within_batch_tc,1.0,1.0,1.0,0.019933243911272918,0.0,0.0,"{""1"": 12}"
s0-i4,0,65cd73210213c5d5,"[[0, 1, 2, 3, 4, 5], [6, 7, 8, 9, 10, 11]]",dprm_myopic,1.0,1.0,1.0,0.019933243911272918,0.0,0.0,"{""1"": 12}"
s0-i4,0,65cd73210213c5d5,"[[0, 1, 2, 3, 4, 5], [6, 7, 8, 9, 10, 11]]",dprm_rollout,1.0,1.0,1.0,0.019933243911272918,0.0,0.0,"{""1"": 12}"
s0-i4,0,87d80a6fc4716cb4,"[[3, 4, 5, 7, 8, 9], [0, 1, 2, 6, 10, 11]]",subset_exact,1.0,1.0,1.0,0.019933243911272918,0.0,0.0,"{""1"": 12}"
s0-i4,0,87d80a6fc4716cb4,"[[3, 4, 5, 7, 8, 9], [0, 1, 2, 6, 10, 11]]",subset_beam_8,1.0,1.0,1.0,0.019933243911272918,0.0,0.0,"{""1"": 12}"
s0-i4,0,87d80a6fc4716cb4,"[[3, 4, 5, 7, 8, 9], [0, 1, 2, 6, 10, 11]]",subset_beam_32,1.0,1.0,1.0,0.019933243911272918,0.0,0.0,"{""1"": 12}"
s0-i4,0,87d80a6fc4716cb4,"[[3, 4, 5, 7, 8, 9], [0, 1, 2, 6, 10, 11]]",saps_diagonal,1.0,1.0,1.0,0.019933243911272918,0.0,0.0,"{""1"": 12}"
s0-i4,0,87d80a6fc4716cb4,"[[3, 4, 5, 7, 8, 9], [0, 1, 2, 6, 10, 11]]",p_saps_residualized,1.0,1.0,1.0,0.019933243911272918,0.0,0.0,"{""1"": 12}"
s0-i4,0,87d80a6fc4716cb4,"[[3, 4, 5, 7, 8, 9], [0, 1, 2, 6, 10, 11]]",p_saps_projection,1.0,1.0,1.0,0.019933243911272918,0.0,0.0,"{""1"": 12}"
s0-i4,0,87d80a6fc4716cb4,"[[3, 4, 5, 7, 8, 9], [0, 1, 2, 6, 10, 11]]",b_saps_budgeted,1.0,1.0,1.0,0.019933243911272918,0.0,0.0,"{""1"": 12}"
s0-i4,0,87d80a6fc4716cb4,"[[3, 4, 5, 7, 8, 9], [0, 1, 2, 6, 10, 11]]",random_balanced,1.0,1.0,1.0,0.09832187834349396,4.960873280174927,2.227301793690053,"{""1"": 12}"
s0-i4,0,58258c208c3e9dc4,"[[4, 5, 6, 7, 8, 9], [0, 1, 2, 3, 10, 11]]",confidence,1.0,1.0,1.0,0.09832187834349396,11.944567278665057,3.456091329618628,"{""1"": 12}"
s0-i4,0,f26a45bb865dcfbc,"[[4, 5, 6, 7, 8, 10], [0, 1, 2, 3, 9, 11]]",entropy,1.0,1.0,1.0,0.09832187834349396,11.51448178844526,3.3932995429883963,"{""1"": 12}"
s0-i4,0,c05bd7dc4afb455e,"[[0, 1, 2, 5, 10, 11], [3, 4, 6, 7, 8, 9]]",dependency_cmi,1.0,1.0,1.0,0.09832187834349396,3.8008193072819654,1.9495690055194161,"{""1"": 12}"
s0-i4,0,e2f495debaba635f,"[[1, 3, 5, 8, 10, 11], [0, 2, 4, 6, 7, 9]]",min_within_batch_tc,1.0,1.0,1.0,0.09832187834349396,11.944567278665057,3.456091329618628,"{""1"": 12}"
s0-i4,0,65cd73210213c5d5,"[[0, 1, 2, 3, 4, 5], [6, 7, 8, 9, 10, 11]]",dprm_myopic,1.0,1.0,1.0,0.09832187834349396,11.25460979788636,3.3547890839643495,"{""1"": 12}"
s0-i4,0,65cd73210213c5d5,"[[0, 1, 2, 3, 4, 5], [6, 7, 8, 9, 10, 11]]",dprm_rollout,1.0,1.0,1.0,0.09832187834349396,11.25460979788636,3.3547890839643495,"{""1"": 12}"
s0-i4,0,87d80a6fc4716cb4,"[[3, 4, 5, 7, 8, 9], [0, 1, 2, 6, 10, 11]]",subset_exact,1.0,1.0,1.0,0.09832187834349396,4.960873280174927,2.227301793690053,"{""1"": 12}"
s0-i4,0,87d80a6fc4716cb4,"[[3, 4, 5, 7, 8, 9], [0, 1, 2, 6, 10, 11]]",subset_beam_8,1.0,1.0,1.0,0.09832187834349396,4.960873280174927,2.227301793690053,"{""1"": 12}"
s0-i4,0,87d80a6fc4716cb4,"[[3, 4, 5, 7, 8, 9], [0, 1, 2, 6, 10, 11]]",subset_beam_32,1.0,1.0,1.0,0.09832187834349396,4.960873280174927,2.227301793690053,"{""1"": 12}"
s0-i4,0,87d80a6fc4716cb4,"[[3, 4, 5, 7, 8, 9], [0, 1, 2, 6, 10, 11]]",saps_diagonal,1.0,1.0,1.0,0.09832187834349396,4.960873280174927,2.227301793690053,"{""1"": 12}"
s0-i4,0,87d80a6fc4716cb4,"[[3, 4, 5, 7, 8, 9], [0, 1, 2, 6, 10, 11]]",p_saps_residualized,1.0,1.0,1.0,0.09832187834349396,4.960873280174927,2.227301793690053,"{""1"": 12}"
s0-i4,0,87d80a6fc4716cb4,"[[3, 4, 5, 7, 8, 9], [0, 1, 2, 6, 10, 11]]",p_saps_projection,1.0,1.0,1.0,0.09832187834349396,4.960873280174927,2.227301793690053,"{""1"": 12}"
s0-i4,0,87d80a6fc4716cb4,"[[3, 4, 5, 7, 8, 9], [0, 1, 2, 6, 10, 11]]",b_saps_budgeted,1.0,1.0,1.0,0.09832187834349396,4.960873280174927,2.227301793690053,"{""1"": 12}"
s0-i4,0,87d80a6fc4716cb4,"[[3, 4, 5, 7, 8, 9], [0, 1, 2, 6, 10, 11]]",random_balanced,1.0,1.0,1.0,0.28466967854505804,31.560745868166787,5.617895145707758,"{""1"": 12}"
s0-i4,0,58258c208c3e9dc4,"[[4, 5, 6, 7, 8, 9], [0, 1, 2, 3, 10, 11]]",confidence,1.0,1.0,1.0,0.28466967854505804,26.935474008010477,5.18993969213617,"{""1"": 12}"
s0-i4,0,f26a45bb865dcfbc,"[[4, 5, 6, 7, 8, 10], [0, 1, 2, 3, 9, 11]]",entropy,1.0,1.0,1.0,0.28466967854505804,34.91930868114469,5.909256186792437,"{""1"": 12}"
s0-i4,0,c05bd7dc4afb455e,"[[0, 1, 2, 5, 10, 11], [3, 4, 6, 7, 8, 9]]",dependency_cmi,1.0,1.0,1.0,0.28466967854505804,47.407109185968224,6.885282070181891,"{""1"": 12}"
s0-i4,0,e2f495debaba635f,"[[1, 3, 5, 8, 10, 11], [0, 2, 4, 6, 7, 9]]",min_within_batch_tc,1.0,1.0,1.0,0.28466967854505804,25.591636090190484,5.05881765733758,"{""1"": 12}"
s0-i4,0,65cd73210213c5d5,"[[0, 1, 2, 3, 4, 5], [6, 7, 8, 9, 10, 11]]",dprm_myopic,1.0,1.0,1.0,0.28466967854505804,47.407109185968224,6.885282070181891,"{""1"": 12}"
s0-i4,0,65cd73210213c5d5,"[[0, 1, 2, 3, 4, 5], [6, 7, 8, 9, 10, 11]]",dprm_rollout,1.0,1.0,1.0,0.28466967854505804,47.407109185968224,6.885282070181891,"{""1"": 12}"
s0-i4,0,87d80a6fc4716cb4,"[[3, 4, 5, 7, 8, 9], [0, 1, 2, 6, 10, 11]]",subset_exact,1.0,1.0,1.0,0.28466967854505804,31.560745868166787,5.617895145707758,"{""1"": 12}"
s0-i4,0,87d80a6fc4716cb4,"[[3, 4, 5, 7, 8, 9], [0, 1, 2, 6, 10, 11]]",subset_beam_8,1.0,1.0,1.0,0.28466967854505804,31.560745868166787,5.617895145707758,"{""1"": 12}"
s0-i4,0,87d80a6fc4716cb4,"[[3, 4, 5, 7, 8, 9], [0, 1, 2, 6, 10, 11]]",subset_beam_32,1.0,1.0,1.0,0.28466967854505804,31.560745868166787,5.617895145707758,"{""1"": 12}"
s0-i4,0,87d80a6fc4716cb4,"[[3, 4, 5, 7, 8, 9], [0, 1, 2, 6, 10, 11]]",saps_diagonal,1.0,1.0,1.0,0.28466967854505804,31.560745868166787,5.617895145707758,"{""1"": 12}"
s0-i4,0,87d80a6fc4716cb4,"[[3, 4, 5, 7, 8, 9], [0, 1, 2, 6, 10, 11]]",p_saps_residualized,1.0,1.0,1.0,0.28466967854505804,31.560745868166787,5.617895145707758,"{""1"": 12}"
s0-i4,0,87d80a6fc4716cb4,"[[3, 4, 5, 7, 8, 9], [0, 1, 2, 6, 10, 11]]",p_saps_projection,1.0,1.0,1.0,0.28466967854505804,31.560745868166787,5.617895145707758,"{""1"": 12}"
s0-i4,0,87d80a6fc4716cb4,"[[3, 4, 5, 7, 8, 9], [0, 1, 2, 6, 10, 11]]",b_saps_budgeted,1.0,1.0,1.0,0.28466967854505804,31.560745868166787,5.617895145707758,"{""1"": 12}"
s0-i4,0,d5a8944ebff302df,"[[3, 4, 7, 9], [0, 1, 5, 8], [2, 6, 10, 11]]",random_balanced,1.0,1.0,1.0,0.019933243911272918,0.0,0.0,"{""1"": 12}"
s0-i4,0,3492a10ed55efecb,"[[4, 5, 6, 7], [1, 8, 9, 10], [0, 2, 3, 11]]",confidence,1.0,1.0,1.0,0.019933243911272918,0.0,0.0,"{""1"": 12}"
s0-i4,0,3492a10ed55efecb,"[[4, 5, 6, 7], [1, 8, 9, 10], [0, 2, 3, 11]]",entropy,1.0,1.0,1.0,0.019933243911272918,0.0,0.0,"{""1"": 12}"
s0-i4,0,6db8fb2514a0e0d6,"[[0, 1, 2, 5], [3, 6, 7, 11], [4, 8, 9, 10]]",dependency_cmi,1.0,1.0,1.0,0.019933243911272918,0.0,0.0,"{""1"": 12}"
s0-i4,0,963e71facd3588d4,"[[1, 3, 5, 6], [0, 8, 10, 11], [2, 4, 7, 9]]",min_within_batch_tc,1.0,1.0,1.0,0.019933243911272918,0.0,0.0,"{""1"": 12}"
s0-i4,0,50e10ab5b359ad31,"[[0, 1, 2, 3], [4, 5, 6, 7], [8, 9, 10, 11]]",dprm_myopic,1.0,1.0,1.0,0.019933243911272918,0.0,0.0,"{""1"": 12}"
s0-i4,0,50e10ab5b359ad31,"[[0, 1, 2, 3], [4, 5, 6, 7], [8, 9, 10, 11]]",dprm_rollout,1.0,1.0,1.0,0.019933243911272918,0.0,0.0,"{""1"": 12}"
s0-i4,0,d5a8944ebff302df,"[[3, 4, 7, 9], [0, 1, 5, 8], [2, 6, 10, 11]]",subset_exact,1.0,1.0,1.0,0.019933243911272918,0.0,0.0,"{""1"": 12}"
s0-i4,0,d5a8944ebff302df,"[[3, 4, 7, 9], [0, 1, 5, 8], [2, 6, 10, 11]]",subset_beam_8,1.0,1.0,1.0,0.019933243911272918,0.0,0.0,"{""1"": 12}"
s0-i4,0,d5a8944ebff302df,"[[3, 4, 7, 9], [0, 1, 5, 8], [2, 6, 10, 11]]",subset_beam_32,1.0,1.0,1.0,0.019933243911272918,0.0,0.0,"{""1"": 12}"
s0-i4,0,d5a8944ebff302df,"[[3, 4, 7, 9], [0, 1, 5, 8], [2, 6, 10, 11]]",saps_diagonal,1.0,1.0,1.0,0.019933243911272918,0.0,0.0,"{""1"": 12}"
s0-i4,0,d5a8944ebff302df,"[[3, 4, 7, 9], [0, 1, 5, 8], [2, 6, 10, 11]]",p_saps_residualized,1.0,1.0,1.0,0.019933243911272918,0.0,0.0,"{""1"": 12}"
s0-i4,0,d5a8944ebff302df,"[[3, 4, 7, 9], [0, 1, 5, 8], [2, 6, 10, 11]]",p_saps_projection,1.0,1.0,1.0,0.019933243911272918,0.0,0.0,"{""1"": 12}"
s0-i4,0,d5a8944ebff302df,"[[3, 4, 7, 9], [0, 1, 5, 8], [2, 6, 10, 11]]",b_saps_budgeted,1.0,1.0,1.0,0.019933243911272918,0.0,0.0,"{""1"": 12}"
s0-i4,0,d5a8944ebff302df,"[[3, 4, 7, 9], [0, 1, 5, 8], [2, 6, 10, 11]]",random_balanced,1.0,1.0,1.0,0.09832187834349396,11.944567278665057,3.456091329618628,"{""1"": 12}"
s0-i4,0,3492a10ed55efecb,"[[4, 5, 6, 7], [1, 8, 9, 10], [0, 2, 3, 11]]",confidence,1.0,1.0,1.0,0.09832187834349396,10.646279724756193,3.26286373064463,"{""1"": 12}"
s0-i4,0,3492a10ed55efecb,"[[4, 5, 6, 7], [1, 8, 9, 10], [0, 2, 3, 11]]",entropy,1.0,1.0,1.0,0.09832187834349396,10.646279724756193,3.26286373064463,"{""1"": 12}"
s0-i4,0,6db8fb2514a0e0d6,"[[0, 1, 2, 5], [3, 6, 7, 11], [4, 8, 9, 10]]",dependency_cmi,1.0,1.0,1.0,0.09832187834349396,3.4160900156223746,1.8482667598651377,"{""1"": 12}"
s0-i4,0,963e71facd3588d4,"[[1, 3, 5, 6], [0, 8, 10, 11], [2, 4, 7, 9]]",min_within_batch_tc,1.0,1.0,1.0,0.09832187834349396,11.944567278665057,3.456091329618628,"{""1"": 12}"
s0-i4,0,50e10ab5b359ad31,"[[0, 1, 2, 3], [4, 5, 6, 7], [8, 9, 10, 11]]",dprm_myopic,1.0,1.0,1.0,0.09832187834349396,11.944567278665057,3.456091329618628,"{""1"": 12}"
s0-i4,0,50e10ab5b359ad31,"[[0, 1, 2, 3], [4, 5, 6, 7], [8, 9, 10, 11]]",dprm_rollout,1.0,1.0,1.0,0.09832187834349396,11.944567278665057,3.456091329618628,"{""1"": 12}"
s0-i4,0,d5a8944ebff302df,"[[3, 4, 7, 9], [0, 1, 5, 8], [2, 6, 10, 11]]",subset_exact,1.0,1.0,1.0,0.09832187834349396,11.944567278665057,3.456091329618628,"{""1"": 12}"
s0-i4,0,d5a8944ebff302df,"[[3, 4, 7, 9], [0, 1, 5, 8], [2, 6, 10, 11]]",subset_beam_8,1.0,1.0,1.0,0.09832187834349396,11.944567278665057,3.456091329618628,"{""1"": 12}"
s0-i4,0,d5a8944ebff302df,"[[3, 4, 7, 9], [0, 1, 5, 8], [2, 6, 10, 11]]",subset_beam_32,1.0,1.0,1.0,0.09832187834349396,11.944567278665057,3.456091329618628,"{""1"": 12}"
s0-i4,0,d5a8944ebff302df,"[[3, 4, 7, 9], [0, 1, 5, 8], [2, 6, 10, 11]]",saps_diagonal,1.0,1.0,1.0,0.09832187834349396,11.944567278665057,3.456091329618628,"{""1"": 12}"
s0-i4,0,d5a8944ebff302df,"[[3, 4, 7, 9], [0, 1, 5, 8], [2, 6, 10, 11]]",p_saps_residualized,1.0,1.0,1.0,0.09832187834349396,11.944567278665057,3.456091329618628,"{""1"": 12}"
s0-i4,0,d5a8944ebff302df,"[[3, 4, 7, 9], [0, 1, 5, 8], [2, 6, 10, 11]]",p_saps_projection,1.0,1.0,1.0,0.09832187834349396,11.944567278665057,3.456091329618628,"{""1"": 12}"
s0-i4,0,d5a8944ebff302df,"[[3, 4, 7, 9], [0, 1, 5, 8], [2, 6, 10, 11]]",b_saps_budgeted,1.0,1.0,1.0,0.09832187834349396,11.944567278665057,3.456091329618628,"{""1"": 12}"
s0-i4,0,d5a8944ebff302df,"[[3, 4, 7, 9], [0, 1, 5, 8], [2, 6, 10, 11]]",random_balanced,1.0,1.0,1.0,0.28466967854505804,28.078642822974384,5.298928459884544,"{""1"": 12}"
s0-i4,0,3492a10ed55efecb,"[[4, 5, 6, 7], [1, 8, 9, 10], [0, 2, 3, 11]]",confidence,1.0,1.0,1.0,0.28466967854505804,38.59096363016682,6.212162556643767,"{""1"": 12}"
s0-i4,0,3492a10ed55efecb,"[[4, 5, 6, 7], [1, 8, 9, 10], [0, 2, 3, 11]]",entropy,1.0,1.0,1.0,0.28466967854505804,38.59096363016682,6.212162556643767,"{""1"": 12}"
s0-i4,0,6db8fb2514a0e0d6,"[[0, 1, 2, 5], [3, 6, 7, 11], [4, 8, 9, 10]]",dependency_cmi,1.0,1.0,1.0,0.28466967854505804,16.86188728913758,4.106322842780092,"{""1"": 12}"
s0-i4,0,963e71facd3588d4,"[[1, 3, 5, 6], [0, 8, 10, 11], [2, 4, 7, 9]]",min_within_batch_tc,1.0,1.0,1.0,0.28466967854505804,48.04540183861122,6.931479051300034,"{""1"": 12}"
s0-i4,0,50e10ab5b359ad31,"[[0, 1, 2, 3], [4, 5, 6, 7], [8, 9, 10, 11]]",dprm_myopic,1.0,1.0,1.0,0.28466967854505804,28.403195158764703,5.3294648097876305,"{""1"": 12}"
s0-i4,0,50e10ab5b359ad31,"[[0, 1, 2, 3], [4, 5, 6, 7], [8, 9, 10, 11]]",dprm_rollout,1.0,1.0,1.0,0.28466967854505804,28.403195158764703,5.3294648097876305,"{""1"": 12}"
s0-i4,0,d5a8944ebff302df,"[[3, 4, 7, 9], [0, 1, 5, 8], [2, 6, 10, 11]]",subset_exact,1.0,1.0,1.0,0.28466967854505804,28.078642822974384,5.298928459884544,"{""1"": 12}"
s0-i4,0,d5a8944ebff302df,"[[3, 4, 7, 9], [0, 1, 5, 8], [2, 6, 10, 11]]",subset_beam_8,1.0,1.0,1.0,0.28466967854505804,28.078642822974384,5.298928459884544,"{""1"": 12}"
s0-i4,0,d5a8944ebff302df,"[[3, 4, 7, 9], [0, 1, 5, 8], [2, 6, 10, 11]]",subset_beam_32,1.0,1.0,1.0,0.28466967854505804,28.078642822974384,5.298928459884544,"{""1"": 12}"
s0-i4,0,d5a8944ebff302df,"[[3, 4, 7, 9], [0, 1, 5, 8], [2, 6, 10, 11]]",saps_diagonal,1.0,1.0,1.0,0.28466967854505804,28.078642822974384,5.298928459884544,"{""1"": 12}"
s0-i4,0,d5a8944ebff302df,"[[3, 4, 7, 9], [0, 1, 5, 8], [2, 6, 10, 11]]",p_saps_residualized,1.0,1.0,1.0,0.28466967854505804,28.078642822974384,5.298928459884544,"{""1"": 12}"
s0-i4,0,d5a8944ebff302df,"[[3, 4, 7, 9], [0, 1, 5, 8], [2, 6, 10, 11]]",p_saps_projection,1.0,1.0,1.0,0.28466967854505804,28.078642822974384,5.298928459884544,"{""1"": 12}"
s0-i4,0,d5a8944ebff302df,"[[3, 4, 7, 9], [0, 1, 5, 8], [2, 6, 10, 11]]",b_saps_budgeted,1.0,1.0,1.0,0.28466967854505804,28.078642822974384,5.298928459884544,"{""1"": 12}"
s0-i4,0,30a45572f4376b98,"[[4, 7, 9], [3, 5, 8], [0, 1, 6], [2, 10, 11]]",random_balanced,1.0,1.0,1.0,0.019933243911272918,0.0,0.0,"{""1"": 12}"
s0-i4,0,229330496dfd1c91,"[[4, 5, 7], [6, 8, 9], [0, 1, 10], [2, 3, 11]]",confidence,1.0,1.0,1.0,0.019933243911272918,0.0,0.0,"{""1"": 12}"
s0-i4,0,2965ddb1dcc72a3a,"[[4, 5, 7], [6, 8, 10], [0, 1, 9], [2, 3, 11]]",entropy,1.0,1.0,1.0,0.019933243911272918,0.0,0.0,"{""1"": 12}"
s0-i4,0,545040df65ab732e,"[[0, 1, 2], [3, 4, 5], [6, 7, 11], [8, 9, 10]]",dependency_cmi,1.0,1.0,1.0,0.019933243911272918,0.0,0.0,"{""1"": 12}"
s0-i4,0,21e0ac1425b9daae,"[[1, 3, 4], [8, 10, 11], [0, 5, 6], [2, 7, 9]]",min_within_batch_tc,1.0,1.0,1.0,0.019933243911272918,0.0,0.0,"{""1"": 12}"
s0-i4,0,8f058866e4ab3ff8,"[[0, 1, 2], [3, 4, 5], [6, 7, 8], [9, 10, 11]]",dprm_myopic,1.0,1.0,1.0,0.019933243911272918,0.0,0.0,"{""1"": 12}"
s0-i4,0,8f058866e4ab3ff8,"[[0, 1, 2], [3, 4, 5], [6, 7, 8], [9, 10, 11]]",dprm_rollout,1.0,1.0,1.0,0.019933243911272918,0.0,0.0,"{""1"": 12}"
s0-i4,0,30a45572f4376b98,"[[4, 7, 9], [3, 5, 8], [0, 1, 6], [2, 10, 11]]",subset_exact,1.0,1.0,1.0,0.019933243911272918,0.0,0.0,"{""1"": 12}"
s0-i4,0,30a45572f4376b98,"[[4, 7, 9], [3, 5, 8], [0, 1, 6], [2, 10, 11]]",subset_beam_8,1.0,1.0,1.0,0.019933243911272918,0.0,0.0,"{""1"": 12}"
s0-i4,0,30a45572f4376b98,"[[4, 7, 9], [3, 5, 8], [0, 1, 6], [2, 10, 11]]",subset_beam_32,1.0,1.0,1.0,0.019933243911272918,0.0,0.0,"{""1"": 12}"
s0-i4,0,30a45572f4376b98,"[[4, 7, 9], [3, 5, 8], [0, 1, 6], [2, 10, 11]]",saps_diagonal,1.0,1.0,1.0,0.019933243911272918,0.0,0.0,"{""1"": 12}"
s0-i4,0,30a45572f4376b98,"[[4, 7, 9], [3, 5, 8], [0, 1, 6], [2, 10, 11]]",p_saps_residualized,1.0,1.0,1.0,0.019933243911272918,0.0,0.0,"{""1"": 12}"
s0-i4,0,30a45572f4376b98,"[[4, 7, 9], [3, 5, 8], [0, 1, 6], [2, 10, 11]]",p_saps_projection,1.0,1.0,1.0,0.019933243911272918,0.0,0.0,"{""1"": 12}"
s0-i4,0,30a45572f4376b98,"[[4, 7, 9], [3, 5, 8], [0, 1, 6], [2, 10, 11]]",b_saps_budgeted,1.0,1.0,1.0,0.019933243911272918,0.0,0.0,"{""1"": 12}"
s0-i4,0,30a45572f4376b98,"[[4, 7, 9], [3, 5, 8], [0, 1, 6], [2, 10, 11]]",random_balanced,1.0,1.0,1.0,0.09832187834349396,4.960873280174927,2.227301793690053,"{""1"": 12}"
s0-i4,0,229330496dfd1c91,"[[4, 5, 7], [6, 8, 9], [0, 1, 10], [2, 3, 11]]",confidence,1.0,1.0,1.0,0.09832187834349396,11.944567278665057,3.456091329618628,"{""1"": 12}"
s0-i4,0,2965ddb1dcc72a3a,"[[4, 5, 7], [6, 8, 10], [0, 1, 9], [2, 3, 11]]",entropy,1.0,1.0,1.0,0.09832187834349396,11.944567278665057,3.456091329618628,"{""1"": 12}"
s0-i4,0,545040df65ab732e,"[[0, 1, 2], [3, 4, 5], [6, 7, 11], [8, 9, 10]]",dependency_cmi,1.0,1.0,1.0,0.09832187834349396,11.944567278665057,3.456091329618628,"{""1"": 12}"
s0-i4,0,21e0ac1425b9daae,"[[1, 3, 4], [8, 10, 11], [0, 5, 6], [2, 7, 9]]",min_within_batch_tc,1.0,1.0,1.0,0.09832187834349396,11.944567278665057,3.456091329618628,"{""1"": 12}"
s0-i4,0,8f058866e4ab3ff8,"[[0, 1, 2], [3, 4, 5], [6, 7, 8], [9, 10, 11]]",dprm_myopic,1.0,1.0,1.0,0.09832187834349396,11.944567278665057,3.456091329618628,"{""1"": 12}"
s0-i4,0,8f058866e4ab3ff8,"[[0, 1, 2], [3, 4, 5], [6, 7, 8], [9, 10, 11]]",dprm_rollout,1.0,1.0,1.0,0.09832187834349396,11.944567278665057,3.456091329618628,"{""1"": 12}"
s0-i4,0,30a45572f4376b98,"[[4, 7, 9], [3, 5, 8], [0, 1, 6], [2, 10, 11]]",subset_exact,1.0,1.0,1.0,0.09832187834349396,4.960873280174927,2.227301793690053,"{""1"": 12}"
s0-i4,0,30a45572f4376b98,"[[4, 7, 9], [3, 5, 8], [0, 1, 6], [2, 10, 11]]",subset_beam_8,1.0,1.0,1.0,0.09832187834349396,4.960873280174927,2.227301793690053,"{""1"": 12}"
s0-i4,0,30a45572f4376b98,"[[4, 7, 9], [3, 5, 8], [0, 1, 6], [2, 10, 11]]",subset_beam_32,1.0,1.0,1.0,0.09832187834349396,4.960873280174927,2.227301793690053,"{""1"": 12}"
s0-i4,0,30a45572f4376b98,"[[4, 7, 9], [3, 5, 8], [0, 1, 6], [2, 10, 11]]",saps_diagonal,1.0,1.0,1.0,0.09832187834349396,4.960873280174927,2.227301793690053,"{""1"": 12}"
s0-i4,0,30a45572f4376b98,"[[4, 7, 9], [3, 5, 8], [0, 1, 6], [2, 10, 11]]",p_saps_residualized,1.0,1.0,1.0,0.09832187834349396,4.960873280174927,2.227301793690053,"{""1"": 12}"
s0-i4,0,30a45572f4376b98,"[[4, 7, 9], [3, 5, 8], [0, 1, 6], [2, 10, 11]]",p_saps_projection,1.0,1.0,1.0,0.09832187834349396,4.960873280174927,2.227301793690053,"{""1"": 12}"
s0-i4,0,30a45572f4376b98,"[[4, 7, 9], [3, 5, 8], [0, 1, 6], [2, 10, 11]]",b_saps_budgeted,1.0,1.0,1.0,0.09832187834349396,4.960873280174927,2.227301793690053,"{""1"": 12}"
s0-i4,0,30a45572f4376b98,"[[4, 7, 9], [3, 5, 8], [0, 1, 6], [2, 10, 11]]",random_balanced,1.0,1.0,1.0,0.28466967854505804,35.6653569968618,5.972047973422669,"{""1"": 12}"
s0-i4,0,229330496dfd1c91,"[[4, 5, 7], [6, 8, 9], [0, 1, 10], [2, 3, 11]]",confidence,1.0,1.0,1.0,0.28466967854505804,26.935474008010477,5.18993969213617,"{""1"": 12}"
s0-i4,0,2965ddb1dcc72a3a,"[[4, 5, 7], [6, 8, 10], [0, 1, 9], [2, 3, 11]]",entropy,1.0,1.0,1.0,0.28466967854505804,31.043820437291277,5.571698164589614,"{""1"": 12}"
s0-i4,0,545040df65ab732e,"[[0, 1, 2], [3, 4, 5], [6, 7, 11], [8, 9, 10]]",dependency_cmi,1.0,1.0,1.0,0.28466967854505804,47.407109185968224,6.885282070181891,"{""1"": 12}"
s0-i4,0,21e0ac1425b9daae,"[[1, 3, 4], [8, 10, 11], [0, 5, 6], [2, 7, 9]]",min_within_batch_tc,1.0,1.0,1.0,0.28466967854505804,36.21927233285593,6.018244954540811,"{""1"": 12}"
s0-i4,0,8f058866e4ab3ff8,"[[0, 1, 2], [3, 4, 5], [6, 7, 8], [9, 10, 11]]",dprm_myopic,1.0,1.0,1.0,0.28466967854505804,17.381516793163186,4.169114629410324,"{""1"": 12}"
s0-i4,0,8f058866e4ab3ff8,"[[0, 1, 2], [3, 4, 5], [6, 7, 8], [9, 10, 11]]",dprm_rollout,1.0,1.0,1.0,0.28466967854505804,17.381516793163186,4.169114629410324,"{""1"": 12}"
s0-i4,0,30a45572f4376b98,"[[4, 7, 9], [3, 5, 8], [0, 1, 6], [2, 10, 11]]",subset_exact,1.0,1.0,1.0,0.28466967854505804,35.6653569968618,5.972047973422669,"{""1"": 12}"
s0-i4,0,30a45572f4376b98,"[[4, 7, 9], [3, 5, 8], [0, 1, 6], [2, 10, 11]]",subset_beam_8,1.0,1.0,1.0,0.28466967854505804,35.6653569968618,5.972047973422669,"{""1"": 12}"
s0-i4,0,30a45572f4376b98,"[[4, 7, 9], [3, 5, 8], [0, 1, 6], [2, 10, 11]]",subset_beam_32,1.0,1.0,1.0,0.28466967854505804,35.6653569968618,5.972047973422669,"{""1"": 12}"
s0-i4,0,30a45572f4376b98,"[[4, 7, 9], [3, 5, 8], [0, 1, 6], [2, 10, 11]]",saps_diagonal,1.0,1.0,1.0,0.28466967854505804,35.6653569968618,5.972047973422669,"{""1"": 12}"
s0-i4,0,30a45572f4376b98,"[[4, 7, 9], [3, 5, 8], [0, 1, 6], [2, 10, 11]]",p_saps_residualized,1.0,1.0,1.0,0.28466967854505804,35.6653569968618,5.972047973422669,"{""1"": 12}"
s0-i4,0,30a45572f4376b98,"[[4, 7, 9], [3, 5, 8], [0, 1, 6], [2, 10, 11]]",p_saps_projection,1.0,1.0,1.0,0.28466967854505804,35.6653569968618,5.972047973422669,"{""1"": 12}"
s0-i4,0,30a45572f4376b98,"[[4, 7, 9], [3, 5, 8], [0, 1, 6], [2, 10, 11]]",b_saps_budgeted,1.0,1.0,1.0,0.28466967854505804,35.6653569968618,5.972047973422669,"{""1"": 12}"
s0-i5,0,2516301160cf1942,"[[0, 1, 2, 3, 4, 5, 6, 7, 8, 9, 10, 11]]",random_balanced,0.0,0.0,0.0,9.966672193000835e-05,0.09036556780389231,0.3006086622236497,"{""2"": 11}"
s0-i5,0,2516301160cf1942,"[[0, 1, 2, 3, 4, 5, 6, 7, 8, 9, 10, 11]]",confidence,0.0,0.0,0.0,9.966672193000835e-05,0.09036556780389231,0.3006086622236497,"{""2"": 11}"
s0-i5,0,2516301160cf1942,"[[0, 1, 2, 3, 4, 5, 6, 7, 8, 9, 10, 11]]",entropy,0.0,0.0,0.0,9.966672193000835e-05,0.09036556780389231,0.3006086622236497,"{""2"": 11}"
s0-i5,0,2516301160cf1942,"[[0, 1, 2, 3, 4, 5, 6, 7, 8, 9, 10, 11]]",dependency_cmi,0.0,0.0,0.0,9.966672193000835e-05,0.09036556780389231,0.3006086622236497,"{""2"": 11}"
s0-i5,0,2516301160cf1942,"[[0, 1, 2, 3, 4, 5, 6, 7, 8, 9, 10, 11]]",min_within_batch_tc,0.0,0.0,0.0,9.966672193000835e-05,0.09036556780389231,0.3006086622236497,"{""2"": 11}"
s0-i5,0,2516301160cf1942,"[[0, 1, 2, 3, 4, 5, 6, 7, 8, 9, 10, 11]]",dprm_myopic,0.0,0.0,0.0,9.966672193000835e-05,0.09036556780389231,0.3006086622236497,"{""2"": 11}"
s0-i5,0,2516301160cf1942,"[[0, 1, 2, 3, 4, 5, 6, 7, 8, 9, 10, 11]]",dprm_rollout,0.0,0.0,0.0,9.966672193000835e-05,0.09036556780389231,0.3006086622236497,"{""2"": 11}"
s0-i5,0,2516301160cf1942,"[[0, 1, 2, 3, 4, 5, 6, 7, 8, 9, 10, 11]]",subset_exact,0.0,0.0,0.0,9.966672193000835e-05,0.09036556780389231,0.3006086622236497,"{""2"": 11}"
s0-i5,0,2516301160cf1942,"[[0, 1, 2, 3, 4, 5, 6, 7, 8, 9, 10, 11]]",subset_beam_8,0.0,0.0,0.0,9.966672193000835e-05,0.09036556780389231,0.3006086622236497,"{""2"": 11}"
s0-i5,0,2516301160cf1942,"[[0, 1, 2, 3, 4, 5, 6, 7, 8, 9, 10, 11]]",subset_beam_32,0.0,0.0,0.0,9.966672193000835e-05,0.09036556780389231,0.3006086622236497,"{""2"": 11}"
s0-i5,0,2516301160cf1942,"[[0, 1, 2, 3, 4, 5, 6, 7, 8, 9, 10, 11]]",saps_diagonal,0.0,0.0,0.0,9.966672193000835e-05,0.09036556780389231,0.3006086622236497,"{""2"": 11}"
s0-i5,0,2516301160cf1942,"[[0, 1, 2, 3, 4, 5, 6, 7, 8, 9, 10, 11]]",p_saps_residualized,0.0,0.0,0.0,9.966672193000835e-05,0.09036556780389231,0.3006086622236497,"{""2"": 11}"
s0-i5,0,2516301160cf1942,"[[0, 1, 2, 3, 4, 5, 6, 7, 8, 9, 10, 11]]",p_saps_projection,0.0,0.0,0.0,9.966672193000835e-05,0.09036556780389231,0.3006086622236497,"{""2"": 11}"
s0-i5,0,2516301160cf1942,"[[0, 1, 2, 3, 4, 5, 6, 7, 8, 9, 10, 11]]",b_saps_budgeted,0.0,0.0,0.0,9.966672193000835e-05,0.09036556780389231,0.3006086622236497,"{""2"": 11}"
s0-i5,0,2516301160cf1942,"[[0, 1, 2, 3, 4, 5, 6, 7, 8, 9, 10, 11]]",random_balanced,0.0,0.0,0.0,0.002458367125419222,15.587163414688384,3.9480581827891523,"{""2"": 11}"
s0-i5,0,2516301160cf1942,"[[0, 1, 2, 3, 4, 5, 6, 7, 8, 9, 10, 11]]",confidence,0.0,0.0,0.0,0.002458367125419222,15.587163414688384,3.9480581827891523,"{""2"": 11}"
s0-i5,0,2516301160cf1942,"[[0, 1, 2, 3, 4, 5, 6, 7, 8, 9, 10, 11]]",entropy,0.0,0.0,0.0,0.002458367125419222,15.587163414688384,3.9480581827891523,"{""2"": 11}"
s0-i5,0,2516301160cf1942,"[[0, 1, 2, 3, 4, 5, 6, 7, 8, 9, 10, 11]]",dependency_cmi,0.0,0.0,0.0,0.002458367125419222,15.587163414688384,3.9480581827891523,"{""2"": 11}"
s0-i5,0,2516301160cf1942,"[[0, 1, 2, 3, 4, 5, 6, 7, 8, 9, 10, 11]]",min_within_batch_tc,0.0,0.0,0.0,0.002458367125419222,15.587163414688384,3.9480581827891523,"{""2"": 11}"
s0-i5,0,2516301160cf1942,"[[0, 1, 2, 3, 4, 5, 6, 7, 8, 9, 10, 11]]",dprm_myopic,0.0,0.0,0.0,0.002458367125419222,15.587163414688384,3.9480581827891523,"{""2"": 11}"
s0-i5,0,2516301160cf1942,"[[0, 1, 2, 3, 4, 5, 6, 7, 8, 9, 10, 11]]",dprm_rollout,0.0,0.0,0.0,0.002458367125419222,15.587163414688384,3.9480581827891523,"{""2"": 11}"
s0-i5,0,2516301160cf1942,"[[0, 1, 2, 3, 4, 5, 6, 7, 8, 9, 10, 11]]",subset_exact,0.0,0.0,0.0,0.002458367125419222,15.587163414688384,3.9480581827891523,"{""2"": 11}"
s0-i5,0,2516301160cf1942,"[[0, 1, 2, 3, 4, 5, 6, 7, 8, 9, 10, 11]]",subset_beam_8,0.0,0.0,0.0,0.002458367125419222,15.587163414688384,3.9480581827891523,"{""2"": 11}"
s0-i5,0,2516301160cf1942,"[[0, 1, 2, 3, 4, 5, 6, 7, 8, 9, 10, 11]]",subset_beam_32,0.0,0.0,0.0,0.002458367125419222,15.587163414688384,3.9480581827891523,"{""2"": 11}"
s0-i5,0,2516301160cf1942,"[[0, 1, 2, 3, 4, 5, 6, 7, 8, 9, 10, 11]]",saps_diagonal,0.0,0.0,0.0,0.002458367125419222,15.587163414688384,3.9480581827891523,"{""2"": 11}"
s0-i5,0,2516301160cf1942,"[[0, 1, 2, 3, 4, 5, 6, 7, 8, 9, 10, 11]]",p_saps_residualized,0.0,0.0,0.0,0.002458367125419222,15.587163414688384,3.9480581827891523,"{""2"": 11}"
s0-i5,0,2516301160cf1942,"[[0, 1, 2, 3, 4, 5, 6, 7, 8, 9, 10, 11]]",p_saps_projection,0.0,0.0,0.0,0.002458367125419222,15.587163414688384,3.9480581827891523,"{""2"": 11}"
s0-i5,0,2516301160cf1942,"[[0, 1, 2, 3, 4, 5, 6, 7, 8, 9, 10, 11]]",b_saps_budgeted,0.0,0.0,0.0,0.002458367125419222,15.587163414688384,3.9480581827891523,"{""2"": 11}"
s0-i5,0,2516301160cf1942,"[[0, 1, 2, 3, 4, 5, 6, 7, 8, 9, 10, 11]]",random_balanced,0.0,0.0,0.0,0.02137757562180163,6.652564957666726,-2.579256667659643,"{""2"": 11}"
s0-i5,0,2516301160cf1942,"[[0, 1, 2, 3, 4, 5, 6, 7, 8, 9, 10, 11]]",confidence,0.0,0.0,0.0,0.02137757562180163,6.652564957666726,-2.579256667659643,"{""2"": 11}"
s0-i5,0,2516301160cf1942,"[[0, 1, 2, 3, 4, 5, 6, 7, 8, 9, 10, 11]]",entropy,0.0,0.0,0.0,0.02137757562180163,6.652564957666726,-2.579256667659643,"{""2"": 11}"
s0-i5,0,2516301160cf1942,"[[0, 1, 2, 3, 4, 5, 6, 7, 8, 9, 10, 11]]",dependency_cmi,0.0,0.0,0.0,0.02137757562180163,6.652564957666726,-2.579256667659643,"{""2"": 11}"
s0-i5,0,2516301160cf1942,"[[0, 1, 2, 3, 4, 5, 6, 7, 8, 9, 10, 11]]",min_within_batch_tc,0.0,0.0,0.0,0.02137757562180163,6.652564957666726,-2.579256667659643,"{""2"": 11}"
s0-i5,0,2516301160cf1942,"[[0, 1, 2, 3, 4, 5, 6, 7, 8, 9, 10, 11]]",dprm_myopic,0.0,0.0,0.0,0.02137757562180163,6.652564957666726,-2.579256667659643,"{""2"": 11}"
s0-i5,0,2516301160cf1942,"[[0, 1, 2, 3, 4, 5, 6, 7, 8, 9, 10, 11]]",dprm_rollout,0.0,0.0,0.0,0.02137757562180163,6.652564957666726,-2.579256667659643,"{""2"": 11}"
s0-i5,0,2516301160cf1942,"[[0, 1, 2, 3, 4, 5, 6, 7, 8, 9, 10, 11]]",subset_exact,0.0,0.0,0.0,0.02137757562180163,6.652564957666726,-2.579256667659643,"{""2"": 11}"
s0-i5,0,2516301160cf1942,"[[0, 1, 2, 3, 4, 5, 6, 7, 8, 9, 10, 11]]",subset_beam_8,0.0,0.0,0.0,0.02137757562180163,6.652564957666726,-2.579256667659643,"{""2"": 11}"
s0-i5,0,2516301160cf1942,"[[0, 1, 2, 3, 4, 5, 6, 7, 8, 9, 10, 11]]",subset_beam_32,0.0,0.0,0.0,0.02137757562180163,6.652564957666726,-2.579256667659643,"{""2"": 11}"
s0-i5,0,2516301160cf1942,"[[0, 1, 2, 3, 4, 5, 6, 7, 8, 9, 10, 11]]",saps_diagonal,0.0,0.0,0.0,0.02137757562180163,6.652564957666726,-2.579256667659643,"{""2"": 11}"
s0-i5,0,2516301160cf1942,"[[0, 1, 2, 3, 4, 5, 6, 7, 8, 9, 10, 11]]",p_saps_residualized,0.0,0.0,0.0,0.02137757562180163,6.652564957666726,-2.579256667659643,"{""2"": 11}"
s0-i5,0,2516301160cf1942,"[[0, 1, 2, 3, 4, 5, 6, 7, 8, 9, 10, 11]]",p_saps_projection,0.0,0.0,0.0,0.02137757562180163,6.652564957666726,-2.579256667659643,"{""2"": 11}"
s0-i5,0,2516301160cf1942,"[[0, 1, 2, 3, 4, 5, 6, 7, 8, 9, 10, 11]]",b_saps_budgeted,0.0,0.0,0.0,0.02137757562180163,6.652564957666726,-2.579256667659643,"{""2"": 11}"
s0-i5,0,b0ebff8308d40122,"[[0, 3, 4, 7, 9, 11], [1, 2, 5, 6, 8, 10]]",random_balanced,0.5751480030243018,0.5751480030243018,0.5751480030243018,0.011506909035208925,0.0,0.0,"{""1"": 7, ""2"": 4}"
s0-i5,0,5ee0aff9889abd00,"[[0, 4, 7, 8, 10, 11], [1, 2, 3, 5, 6, 9]]",confidence,0.6559486061287145,0.6559486061287145,0.6559486061287145,0.013109474033825758,0.02231623216671959,0.14938618465815234,"{""1"": 7, ""2"": 4}"
s0-i5,0,73b78e981e5c0d98,"[[0, 2, 3, 4, 8, 11], [1, 5, 6, 7, 9, 10]]",entropy,0.8011147096803346,0.8011147096803346,0.8011147096803346,0.01598863715389296,4.258179072539199,-2.0635355757871485,"{""1"": 9, ""2"": 2}"
s0-i5,0,ed14ddfd7f83201e,"[[0, 4, 6, 7, 8, 11], [1, 2, 3, 5, 9, 10]]",dependency_cmi,0.8011775512817446,0.8011775512817446,0.8011775512817446,0.015989883527645226,10.047171682479965,-3.1697273829905255,"{""1"": 9, ""2"": 2}"
s0-i5,0,d6b36891afd03b9d,"[[0, 6, 7, 9, 10, 11], [1, 2, 3, 4, 5, 8]]",min_within_batch_tc,0.6121134848552701,0.6121134848552701,0.6121134848552701,0.012240066772444689,0.0,0.0,"{""1"": 7, ""2"": 4}"
s0-i5,0,65cd73210213c5d5,"[[0, 1, 2, 3, 4, 5], [6, 7, 8, 9, 10, 11]]",dprm_myopic,0.5674262895096316,0.5674262895096316,0.5674262895096316,0.011353759834181723,14.47708873580622,3.8048769672364204,"{""2"": 5, ""1"": 6}"
s0-i5,0,65cd73210213c5d5,"[[0, 1, 2, 3, 4, 5], [6, 7, 8, 9, 10, 11]]",dprm_rollout,0.5674262895096316,0.5674262895096316,0.5674262895096316,0.011353759834181723,14.47708873580622,3.8048769672364204,"{""2"": 5, ""1"": 6}"
s0-i5,0,a1764d2b9d783f13,"[[0, 2, 3, 4, 10, 11], [1, 5, 6, 7, 8, 9]]",subset_exact,0.8803709935745339,0.8803709935745339,0.8803709935745339,0.017560572778249035,0.0,0.0,"{""1"": 9, ""2"": 2}"
s0-i5,0,a1764d2b9d783f13,"[[0, 2, 3, 4, 10, 11], [1, 5, 6, 7, 8, 9]]",subset_beam_8,0.8803709935745339,0.8803709935745339,0.8803709935745339,0.017560572778249035,0.0,0.0,"{""1"": 9, ""2"": 2}"
s0-i5,0,a1764d2b9d783f13,"[[0, 2, 3, 4, 10, 11], [1, 5, 6, 7, 8, 9]]",subset_beam_32,0.8803709935745339,0.8803709935745339,0.8803709935745339,0.017560572778249035,0.0,0.0,"{""1"": 9, ""2"": 2}"
s0-i5,0,a1764d2b9d783f13,"[[0, 2, 3, 4, 10, 11], [1, 5, 6, 7, 8, 9]]",saps_diagonal,0.8803709935745339,0.8803709935745339,0.8803709935745339,0.017560572778249035,0.0,0.0,"{""1"": 9, ""2"": 2}"
s0-i5,0,a1764d2b9d783f13,"[[0, 2, 3, 4, 10, 11], [1, 5, 6, 7, 8, 9]]",p_saps_residualized,0.8803709935745339,0.8803709935745339,0.8803709935745339,0.017560572778249035,0.0,0.0,"{""1"": 9, ""2"": 2}"
s0-i5,0,a1764d2b9d783f13,"[[0, 2, 3, 4, 10, 11], [1, 5, 6, 7, 8, 9]]",p_saps_projection,0.8803709935745339,0.8803709935745339,0.8803709935745339,0.017560572778249035,0.0,0.0,"{""1"": 9, ""2"": 2}"
s0-i5,0,a1764d2b9d783f13,"[[0, 2, 3, 4, 10, 11], [1, 5, 6, 7, 8, 9]]",b_saps_budgeted,0.8803709935745339,0.8803709935745339,0.8803709935745339,0.017560572778249035,0.0,0.0,"{""1"": 9, ""2"": 2}"
s0-i5,0,b0ebff8308d40122,"[[0, 3, 4, 7, 9, 11], [1, 2, 5, 6, 8, 10]]",random_balanced,0.5751480030243018,0.5751480030243018,0.5751480030243018,0.05759407416539266,13.441871766144455,3.6663158301139926,"{""1"": 7, ""2"": 4}"
s0-i5,0,5ee0aff9889abd00,"[[0, 4, 7, 8, 10, 11], [1, 2, 3, 5, 6, 9]]",confidence,0.6559486061287145,0.6559486061287145,0.6559486061287145,0.06533990368751974,1.4835528397587845,1.2180118389239016,"{""1"": 7, ""2"": 4}"
s0-i5,0,73b78e981e5c0d98,"[[0, 2, 3, 4, 8, 11], [1, 5, 6, 7, 9, 10]]",entropy,0.8011147096803346,0.8011147096803346,0.8011147096803346,0.07925603608382466,33.020500438985955,5.746346703688001,"{""1"": 9, ""2"": 2}"
s0-i5,0,ed14ddfd7f83201e,"[[0, 4, 6, 7, 8, 11], [1, 2, 3, 5, 9, 10]]",dependency_cmi,0.8011775512817446,0.8011775512817446,0.8011775512817446,0.07926206030038639,0.28816960909332284,0.5368143152835279,"{""1"": 9, ""2"": 2}"
s0-i5,0,d6b36891afd03b9d,"[[0, 6, 7, 9, 10, 11], [1, 2, 3, 4, 5, 8]]",min_within_batch_tc,0.6121134848552701,0.6121134848552701,0.6121134848552701,0.06113771504757722,0.5277848277358578,0.7264880093544956,"{""1"": 7, ""2"": 4}"
s0-i5,0,65cd73210213c5d5,"[[0, 1, 2, 3, 4, 5], [6, 7, 8, 9, 10, 11]]",dprm_myopic,0.5674262895096316,0.5674262895096316,0.5674262895096316,0.05685384359525631,7.906175709223286,2.811792259258014,"{""2"": 5, ""1"": 6}"
s0-i5,0,65cd73210213c5d5,"[[0, 1, 2, 3, 4, 5], [6, 7, 8, 9, 10, 11]]",dprm_rollout,0.5674262895096316,0.5674262895096316,0.5674262895096316,0.05685384359525631,7.906175709223286,2.811792259258014,"{""2"": 5, ""1"": 6}"
s0-i5,0,a1764d2b9d783f13,"[[0, 2, 3, 4, 10, 11], [1, 5, 6, 7, 8, 9]]",subset_exact,0.8803709935745339,0.8803709935745339,0.8803709935745339,0.08685382174401915,24.28120285984391,4.927596052827779,"{""1"": 9, ""2"": 2}"
s0-i5,0,a1764d2b9d783f13,"[[0, 2, 3, 4, 10, 11], [1, 5, 6, 7, 8, 9]]",subset_beam_8,0.8803709935745339,0.8803709935745339,0.8803709935745339,0.08685382174401915,24.28120285984391,4.927596052827779,"{""1"": 9, ""2"": 2}"
s0-i5,0,a1764d2b9d783f13,"[[0, 2, 3, 4, 10, 11], [1, 5, 6, 7, 8, 9]]",subset_beam_32,0.8803709935745339,0.8803709935745339,0.8803709935745339,0.08685382174401915,24.28120285984391,4.927596052827779,"{""1"": 9, ""2"": 2}"
s0-i5,0,a1764d2b9d783f13,"[[0, 2, 3, 4, 10, 11], [1, 5, 6, 7, 8, 9]]",saps_diagonal,0.8803709935745339,0.8803709935745339,0.8803709935745339,0.08685382174401915,24.28120285984391,4.927596052827779,"{""1"": 9, ""2"": 2}"
s0-i5,0,a1764d2b9d783f13,"[[0, 2, 3, 4, 10, 11], [1, 5, 6, 7, 8, 9]]",p_saps_residualized,0.8803709935745339,0.8803709935745339,0.8803709935745339,0.08685382174401915,24.28120285984391,4.927596052827779,"{""1"": 9, ""2"": 2}"
s0-i5,0,a1764d2b9d783f13,"[[0, 2, 3, 4, 10, 11], [1, 5, 6, 7, 8, 9]]",p_saps_projection,0.8803709935745339,0.8803709935745339,0.8803709935745339,0.08685382174401915,24.28120285984391,4.927596052827779,"{""1"": 9, ""2"": 2}"
s0-i5,0,a1764d2b9d783f13,"[[0, 2, 3, 4, 10, 11], [1, 5, 6, 7, 8, 9]]",b_saps_budgeted,0.8803709935745339,0.8803709935745339,0.8803709935745339,0.08685382174401915,24.28120285984391,4.927596052827779,"{""1"": 9, ""2"": 2}"
s0-i5,0,b0ebff8308d40122,"[[0, 3, 4, 7, 9, 11], [1, 2, 5, 6, 8, 10]]",random_balanced,0.5751480030243018,0.5751480030243018,0.5751480030243018,0.17280950283018148,0.23667490094611396,-0.48649244695690186,"{""1"": 7, ""2"": 4}"
s0-i5,0,5ee0aff9889abd00,"[[0, 4, 7, 8, 10, 11], [1, 2, 3, 5, 6, 9]]",confidence,0.6559486061287145,0.6559486061287145,0.6559486061287145,0.19408366353900972,2.041267260566999,-1.42872924676686,"{""1"": 7, ""2"": 4}"
s0-i5,0,73b78e981e5c0d98,"[[0, 2, 3, 4, 8, 11], [1, 5, 6, 7, 9, 10]]",entropy,0.8011147096803346,0.8011147096803346,0.8011147096803346,0.23230475221629096,0.0,0.0,"{""1"": 9, ""2"": 2}"
s0-i5,0,ed14ddfd7f83201e,"[[0, 4, 6, 7, 8, 11], [1, 2, 3, 5, 9, 10]]",dependency_cmi,0.8011775512817446,0.8011775512817446,0.8011775512817446,0.23232129791367725,0.15812891540881335,-0.39765426617705657,"{""1"": 9, ""2"": 2}"
s0-i5,0,d6b36891afd03b9d,"[[0, 6, 7, 9, 10, 11], [1, 2, 3, 4, 5, 8]]",min_within_batch_tc,0.6121134848552701,0.6121134848552701,0.6121134848552701,0.18254222227702854,0.7786649155739227,-0.882419920204617,"{""1"": 7, ""2"": 4}"
s0-i5,0,65cd73210213c5d5,"[[0, 1, 2, 3, 4, 5], [6, 7, 8, 9, 10, 11]]",dprm_myopic,0.5674262895096316,0.5674262895096316,0.5674262895096316,0.17077643664073303,0.02726825745454564,0.16513103116781425,"{""2"": 5, ""1"": 6}"
s0-i5,0,65cd73210213c5d5,"[[0, 1, 2, 3, 4, 5], [6, 7, 8, 9, 10, 11]]",dprm_rollout,0.5674262895096316,0.5674262895096316,0.5674262895096316,0.17077643664073303,0.02726825745454564,0.16513103116781425,"{""2"": 5, ""1"": 6}"
s0-i5,0,a1764d2b9d783f13,"[[0, 2, 3, 4, 10, 11], [1, 5, 6, 7, 8, 9]]",subset_exact,0.8803709935745339,0.8803709935745339,0.8803709935745339,0.2531723058726773,1.0631156155982635,-1.0310749805898034,"{""1"": 9, ""2"": 2}"
s0-i5,0,a1764d2b9d783f13,"[[0, 2, 3, 4, 10, 11], [1, 5, 6, 7, 8, 9]]",subset_beam_8,0.8803709935745339,0.8803709935745339,0.8803709935745339,0.2531723058726773,1.0631156155982635,-1.0310749805898034,"{""1"": 9, ""2"": 2}"
s0-i5,0,a1764d2b9d783f13,"[[0, 2, 3, 4, 10, 11], [1, 5, 6, 7, 8, 9]]",subset_beam_32,0.8803709935745339,0.8803709935745339,0.8803709935745339,0.2531723058726773,1.0631156155982635,-1.0310749805898034,"{""1"": 9, ""2"": 2}"
s0-i5,0,a1764d2b9d783f13,"[[0, 2, 3, 4, 10, 11], [1, 5, 6, 7, 8, 9]]",saps_diagonal,0.8803709935745339,0.8803709935745339,0.8803709935745339,0.2531723058726773,1.0631156155982635,-1.0310749805898034,"{""1"": 9, ""2"": 2}"
s0-i5,0,a1764d2b9d783f13,"[[0, 2, 3, 4, 10, 11], [1, 5, 6, 7, 8, 9]]",p_saps_residualized,0.8803709935745339,0.8803709935745339,0.8803709935745339,0.2531723058726773,1.0631156155982635,-1.0310749805898034,"{""1"": 9, ""2"": 2}"
s0-i5,0,a1764d2b9d783f13,"[[0, 2, 3, 4, 10, 11], [1, 5, 6, 7, 8, 9]]",p_saps_projection,0.8803709935745339,0.8803709935745339,0.8803709935745339,0.2531723058726773,1.0631156155982635,-1.0310749805898034,"{""1"": 9, ""2"": 2}"
s0-i5,0,a1764d2b9d783f13,"[[0, 2, 3, 4, 10, 11], [1, 5, 6, 7, 8, 9]]",b_saps_budgeted,0.8803709935745339,0.8803709935745339,0.8803709935745339,0.2531723058726773,1.0631156155982635,-1.0310749805898034,"{""1"": 9, ""2"": 2}"
s0-i5,0,ba0e272c0a92f292,"[[0, 3, 7, 11], [4, 5, 8, 9], [1, 2, 6, 10]]",random_balanced,0.6924444869998013,0.6924444869998013,0.6924444869998013,0.013833317904175519,8.800829222393968,-2.9666191569518943,"{""1"": 8, ""2"": 3}"
s0-i5,0,0fa2e63c338956ee,"[[0, 4, 8, 11], [2, 6, 7, 10], [1, 3, 5, 9]]",confidence,0.8266033476779501,0.8266033476779501,0.8266033476779501,0.016494168023069886,2.8816487234830928,-1.6975419651611245,"{""1"": 9, ""2"": 2}"
s0-i5,0,24fec8653929cc2e,"[[0, 2, 8, 11], [3, 4, 5, 10], [1, 6, 7, 9]]",entropy,0.8803709935745339,0.8803709935745339,0.8803709935745339,0.017560572778249035,11.295462466312403,3.360872277595863,"{""1"": 9, ""2"": 2}"
s0-i5,0,81a8ad09a76be273,"[[4, 6, 7, 11], [3, 5, 9, 10], [0, 1, 2, 8]]",dependency_cmi,0.8226982631864262,0.8226982631864262,0.8226982631864262,0.01641671622837634,0.0,0.0,"{""2"": 2, ""1"": 9}"
s0-i5,0,17aa832521895745,"[[0, 7, 10, 11], [5, 6, 8, 9], [1, 2, 3, 4]]",min_within_batch_tc,0.8620245102987049,0.8620245102987049,0.8620245102987049,0.01719669638604489,31.985441910206614,-5.655567337606954,"{""1"": 9, ""2"": 2}"
s0-i5,0,308e8057e39b20e8,"[[1, 2, 3, 4], [0, 5, 6, 7], [8, 9, 10, 11]]",dprm_myopic,0.8620245102987049,0.8620245102987049,0.8620245102987049,0.01719669638604489,11.72875485790316,3.4247269756731207,"{""1"": 9, ""2"": 2}"
s0-i5,0,308e8057e39b20e8,"[[1, 2, 3, 4], [0, 5, 6, 7], [8, 9, 10, 11]]",dprm_rollout,0.8620245102987049,0.8620245102987049,0.8620245102987049,0.01719669638604489,11.72875485790316,3.4247269756731207,"{""1"": 9, ""2"": 2}"
s0-i5,0,93ad12cbf5a3cb95,"[[0, 3, 4, 6], [5, 7, 8, 9], [1, 2, 10, 11]]",subset_exact,1.0,1.0,1.0,0.019933243911272918,2.075710797061909,1.4407327292256218,"{""1"": 11}"
s0-i5,0,93ad12cbf5a3cb95,"[[0, 3, 4, 6], [5, 7, 8, 9], [1, 2, 10, 11]]",subset_beam_8,1.0,1.0,1.0,0.019933243911272918,2.075710797061909,1.4407327292256218,"{""1"": 11}"
s0-i5,0,93ad12cbf5a3cb95,"[[0, 3, 4, 6], [5, 7, 8, 9], [1, 2, 10, 11]]",subset_beam_32,1.0,1.0,1.0,0.019933243911272918,2.075710797061909,1.4407327292256218,"{""1"": 11}"
s0-i5,0,93ad12cbf5a3cb95,"[[0, 3, 4, 6], [5, 7, 8, 9], [1, 2, 10, 11]]",saps_diagonal,1.0,1.0,1.0,0.019933243911272918,2.075710797061909,1.4407327292256218,"{""1"": 11}"
s0-i5,0,93ad12cbf5a3cb95,"[[0, 3, 4, 6], [5, 7, 8, 9], [1, 2, 10, 11]]",p_saps_residualized,1.0,1.0,1.0,0.019933243911272918,2.075710797061909,1.4407327292256218,"{""1"": 11}"
s0-i5,0,93ad12cbf5a3cb95,"[[0, 3, 4, 6], [5, 7, 8, 9], [1, 2, 10, 11]]",p_saps_projection,1.0,1.0,1.0,0.019933243911272918,2.075710797061909,1.4407327292256218,"{""1"": 11}"
s0-i5,0,93ad12cbf5a3cb95,"[[0, 3, 4, 6], [5, 7, 8, 9], [1, 2, 10, 11]]",b_saps_budgeted,1.0,1.0,1.0,0.019933243911272918,2.075710797061909,1.4407327292256218,"{""1"": 11}"
s0-i5,0,ba0e272c0a92f292,"[[0, 3, 7, 11], [4, 5, 8, 9], [1, 2, 6, 10]]",random_balanced,0.6924444869998013,0.6924444869998013,0.6924444869998013,0.06883852697281868,0.03757651343407652,-0.19384662347865778,"{""1"": 8, ""2"": 3}"
s0-i5,0,0fa2e63c338956ee,"[[0, 4, 8, 11], [2, 6, 7, 10], [1, 3, 5, 9]]",confidence,0.8266033476779501,0.8266033476779501,0.8266033476779501,0.08169946641844253,36.82104761760194,6.068034905766606,"{""1"": 9, ""2"": 2}"
s0-i5,0,24fec8653929cc2e,"[[0, 2, 8, 11], [3, 4, 5, 10], [1, 6, 7, 9]]",entropy,0.8803709935745339,0.8803709935745339,0.8803709935745339,0.08685382174401915,27.571013263505634,5.250810724403007,"{""1"": 9, ""2"": 2}"
s0-i5,0,81a8ad09a76be273,"[[4, 6, 7, 11], [3, 5, 9, 10], [0, 1, 2, 8]]",dependency_cmi,0.8226982631864262,0.8226982631864262,0.8226982631864262,0.0813251113074818,0.5277848277358578,0.7264880093544956,"{""2"": 2, ""1"": 9}"
s0-i5,0,17aa832521895745,"[[0, 7, 10, 11], [5, 6, 8, 9], [1, 2, 3, 4]]",min_within_batch_tc,0.8620245102987049,0.8620245102987049,0.8620245102987049,0.0850950634386945,0.028051726989672697,-0.16748649793243842,"{""1"": 9, ""2"": 2}"
s0-i5,0,308e8057e39b20e8,"[[1, 2, 3, 4], [0, 5, 6, 7], [8, 9, 10, 11]]",dprm_myopic,0.8620245102987049,0.8620245102987049,0.8620245102987049,0.0850950634386945,7.34522890626458,2.7102082772850835,"{""1"": 9, ""2"": 2}"
s0-i5,0,308e8057e39b20e8,"[[1, 2, 3, 4], [0, 5, 6, 7], [8, 9, 10, 11]]",dprm_rollout,0.8620245102987049,0.8620245102987049,0.8620245102987049,0.0850950634386945,7.34522890626458,2.7102082772850835,"{""1"": 9, ""2"": 2}"
s0-i5,0,93ad12cbf5a3cb95,"[[0, 3, 4, 6], [5, 7, 8, 9], [1, 2, 10, 11]]",subset_exact,1.0,1.0,1.0,0.09832187834349396,4.02490210902211,-2.0062158680017737,"{""1"": 11}"
s0-i5,0,93ad12cbf5a3cb95,"[[0, 3, 4, 6], [5, 7, 8, 9], [1, 2, 10, 11]]",subset_beam_8,1.0,1.0,1.0,0.09832187834349396,4.02490210902211,-2.0062158680017737,"{""1"": 11}"
s0-i5,0,93ad12cbf5a3cb95,"[[0, 3, 4, 6], [5, 7, 8, 9], [1, 2, 10, 11]]",subset_beam_32,1.0,1.0,1.0,0.09832187834349396,4.02490210902211,-2.0062158680017737,"{""1"": 11}"
s0-i5,0,93ad12cbf5a3cb95,"[[0, 3, 4, 6], [5, 7, 8, 9], [1, 2, 10, 11]]",saps_diagonal,1.0,1.0,1.0,0.09832187834349396,4.02490210902211,-2.0062158680017737,"{""1"": 11}"
s0-i5,0,93ad12cbf5a3cb95,"[[0, 3, 4, 6], [5, 7, 8, 9], [1, 2, 10, 11]]",p_saps_residualized,1.0,1.0,1.0,0.09832187834349396,4.02490210902211,-2.0062158680017737,"{""1"": 11}"
s0-i5,0,93ad12cbf5a3cb95,"[[0, 3, 4, 6], [5, 7, 8, 9], [1, 2, 10, 11]]",p_saps_projection,1.0,1.0,1.0,0.09832187834349396,4.02490210902211,-2.0062158680017737,"{""1"": 11}"
s0-i5,0,93ad12cbf5a3cb95,"[[0, 3, 4, 6], [5, 7, 8, 9], [1, 2, 10, 11]]",b_saps_budgeted,1.0,1.0,1.0,0.09832187834349396,4.02490210902211,-2.0062158680017737,"{""1"": 11}"
s0-i5,0,ba0e272c0a92f292,"[[0, 3, 7, 11], [4, 5, 8, 9], [1, 2, 6, 10]]",random_balanced,0.6924444869998013,0.6924444869998013,0.6924444869998013,0.2036927407615948,0.0028181186402534714,0.05308595520713055,"{""1"": 8, ""2"": 3}"
s0-i5,0,0fa2e63c338956ee,"[[0, 4, 8, 11], [2, 6, 7, 10], [1, 3, 5, 9]]",confidence,0.8266033476779501,0.8266033476779501,0.8266033476779501,0.23901570931533278,0.216705149477137,-0.465516003459749,"{""1"": 9, ""2"": 2}"
s0-i5,0,24fec8653929cc2e,"[[0, 2, 8, 11], [3, 4, 5, 10], [1, 6, 7, 9]]",entropy,0.8803709935745339,0.8803709935745339,0.8803709935745339,0.2531723058726773,1.7444105221616275,1.3207613418637099,"{""1"": 9, ""2"": 2}"
s0-i5,0,81a8ad09a76be273,"[[4, 6, 7, 11], [3, 5, 9, 10], [0, 1, 2, 8]]",dependency_cmi,0.8226982631864262,0.8226982631864262,0.8226982631864262,0.23798753140746645,0.23667490094611396,-0.48649244695690186,"{""2"": 2, ""1"": 9}"
s0-i5,0,17aa832521895745,"[[0, 7, 10, 11], [5, 6, 8, 9], [1, 2, 3, 4]]",min_within_batch_tc,0.8620245102987049,0.8620245102987049,0.8620245102987049,0.24834182170973793,5.398689251197321e-05,0.007347577322626364,"{""1"": 9, ""2"": 2}"
s0-i5,0,308e8057e39b20e8,"[[1, 2, 3, 4], [0, 5, 6, 7], [8, 9, 10, 11]]",dprm_myopic,0.8620245102987049,0.8620245102987049,0.8620245102987049,0.24834182170973793,0.6369352173331535,-0.7980822121392968,"{""1"": 9, ""2"": 2}"
s0-i5,0,308e8057e39b20e8,"[[1, 2, 3, 4], [0, 5, 6, 7], [8, 9, 10, 11]]",dprm_rollout,0.8620245102987049,0.8620245102987049,0.8620245102987049,0.24834182170973793,0.6369352173331535,-0.7980822121392968,"{""1"": 9, ""2"": 2}"
s0-i5,0,93ad12cbf5a3cb95,"[[0, 3, 4, 6], [5, 7, 8, 9], [1, 2, 10, 11]]",subset_exact,1.0,1.0,1.0,0.28466967854505804,0.06948866519709601,0.2636070279736411,"{""1"": 11}"
s0-i5,0,93ad12cbf5a3cb95,"[[0, 3, 4, 6], [5, 7, 8, 9], [1, 2, 10, 11]]",subset_beam_8,1.0,1.0,1.0,0.28466967854505804,0.06948866519709601,0.2636070279736411,"{""1"": 11}"
s0-i5,0,93ad12cbf5a3cb95,"[[0, 3, 4, 6], [5, 7, 8, 9], [1, 2, 10, 11]]",subset_beam_32,1.0,1.0,1.0,0.28466967854505804,0.06948866519709601,0.2636070279736411,"{""1"": 11}"
s0-i5,0,93ad12cbf5a3cb95,"[[0, 3, 4, 6], [5, 7, 8, 9], [1, 2, 10, 11]]",saps_diagonal,1.0,1.0,1.0,0.28466967854505804,0.06948866519709601,0.2636070279736411,"{""1"": 11}"
s0-i5,0,93ad12cbf5a3cb95,"[[0, 3, 4, 6], [5, 7, 8, 9], [1, 2, 10, 11]]",p_saps_residualized,1.0,1.0,1.0,0.28466967854505804,0.06948866519709601,0.2636070279736411,"{""1"": 11}"
s0-i5,0,93ad12cbf5a3cb95,"[[0, 3, 4, 6], [5, 7, 8, 9], [1, 2, 10, 11]]",p_saps_projection,1.0,1.0,1.0,0.28466967854505804,0.06948866519709601,0.2636070279736411,"{""1"": 11}"
s0-i5,0,93ad12cbf5a3cb95,"[[0, 3, 4, 6], [5, 7, 8, 9], [1, 2, 10, 11]]",b_saps_budgeted,1.0,1.0,1.0,0.28466967854505804,0.06948866519709601,0.2636070279736411,"{""1"": 11}"
s0-i5,0,e4417e73ff7f267b,"[[0, 3, 11], [4, 7, 9], [1, 5, 8], [2, 6, 10]]",random_balanced,0.7989018119130762,0.7989018119130762,0.7989018119130762,0.015944747475213916,8.800829222393968,-2.9666191569518943,"{""1"": 9, ""2"": 2}"
s0-i5,0,0d2a62b4f8d78a65,"[[0, 8, 11], [4, 7, 10], [2, 3, 6], [1, 5, 9]]",confidence,0.8547710548469699,0.8547710548469699,0.8547710548469699,0.01705283441745345,1.685730720048071,1.2983569309123246,"{""1"": 9, ""2"": 2}"
s0-i5,0,2168d3bd8646bcd5,"[[0, 2, 11], [3, 4, 8], [5, 6, 10], [1, 7, 9]]",entropy,0.8011147096803346,0.8011147096803346,0.8011147096803346,0.01598863715389296,0.0,0.0,"{""1"": 9, ""2"": 2}"
s0-i5,0,51ef8aee22fda2c1,"[[4, 7, 11], [3, 5, 10], [2, 8, 9], [0, 1, 6]]",dependency_cmi,0.8889690120381563,0.8889690120381563,0.8889690120381563,0.017731102241122686,0.0,0.0,"{""2"": 1, ""1"": 10}"
s0-i5,0,8144be9bdeca90a5,"[[7, 10, 11], [5, 8, 9], [0, 4, 6], [1, 2, 3]]",min_within_batch_tc,0.9184740352572441,0.9184740352572441,0.9184740352572441,0.01831629239661182,10.047171682479965,-3.1697273829905255,"{""1"": 10, ""2"": 1}"
s0-i5,0,c24e4c616a375428,"[[1, 2, 3], [0, 4, 5], [6, 7, 8], [9, 10, 11]]",dprm_myopic,0.9184740352572441,0.9184740352572441,0.9184740352572441,0.01831629239661182,18.82018735627115,4.338223986410931,"{""1"": 10, ""2"": 1}"
s0-i5,0,c24e4c616a375428,"[[1, 2, 3], [0, 4, 5], [6, 7, 8], [9, 10, 11]]",dprm_rollout,0.9184740352572441,0.9184740352572441,0.9184740352572441,0.01831629239661182,18.82018735627115,4.338223986410931,"{""1"": 10, ""2"": 1}"
s0-i5,0,2b5990633df9f263,"[[0, 3, 11], [2, 4, 7], [1, 5, 8], [6, 9, 10]]",subset_exact,1.0,1.0,1.0,0.019933243911272918,0.8344767886269149,0.9134970107378102,"{""1"": 11}"
s0-i5,0,2b5990633df9f263,"[[0, 3, 11], [2, 4, 7], [1, 5, 8], [6, 9, 10]]",subset_beam_8,1.0,1.0,1.0,0.019933243911272918,0.8344767886269149,0.9134970107378102,"{""1"": 11}"
s0-i5,0,2b5990633df9f263,"[[0, 3, 11], [2, 4, 7], [1, 5, 8], [6, 9, 10]]",subset_beam_32,1.0,1.0,1.0,0.019933243911272918,0.8344767886269149,0.9134970107378102,"{""1"": 11}"
s0-i5,0,2b5990633df9f263,"[[0, 3, 11], [2, 4, 7], [1, 5, 8], [6, 9, 10]]",saps_diagonal,1.0,1.0,1.0,0.019933243911272918,0.8344767886269149,0.9134970107378102,"{""1"": 11}"
s0-i5,0,2b5990633df9f263,"[[0, 3, 11], [2, 4, 7], [1, 5, 8], [6, 9, 10]]",p_saps_residualized,1.0,1.0,1.0,0.019933243911272918,0.8344767886269149,0.9134970107378102,"{""1"": 11}"
s0-i5,0,2b5990633df9f263,"[[0, 3, 11], [2, 4, 7], [1, 5, 8], [6, 9, 10]]",p_saps_projection,1.0,1.0,1.0,0.019933243911272918,0.8344767886269149,0.9134970107378102,"{""1"": 11}"
s0-i5,0,2b5990633df9f263,"[[0, 3, 11], [2, 4, 7], [1, 5, 8], [6, 9, 10]]",b_saps_budgeted,1.0,1.0,1.0,0.019933243911272918,0.8344767886269149,0.9134970107378102,"{""1"": 11}"
s0-i5,0,e4417e73ff7f267b,"[[0, 3, 11], [4, 7, 9], [1, 5, 8], [2, 6, 10]]",random_balanced,0.7989018119130762,0.7989018119130762,0.7989018119130762,0.07904389993388863,0.5277848277358578,0.7264880093544956,"{""1"": 9, ""2"": 2}"
s0-i5,0,0d2a62b4f8d78a65,"[[0, 8, 11], [4, 7, 10], [2, 3, 6], [1, 5, 9]]",confidence,0.8547710548469699,0.8547710548469699,0.8547710548469699,0.0843997217306273,15.295831755963043,3.9109885906204127,"{""1"": 9, ""2"": 2}"
s0-i5,0,2168d3bd8646bcd5,"[[0, 2, 11], [3, 4, 8], [5, 6, 10], [1, 7, 9]]",entropy,0.8011147096803346,0.8011147096803346,0.8011147096803346,0.07925603608382466,0.01274860144948727,-0.11290970485076679,"{""1"": 9, ""2"": 2}"
s0-i5,0,51ef8aee22fda2c1,"[[4, 7, 11], [3, 5, 10], [2, 8, 9], [0, 1, 6]]",dependency_cmi,0.8889690120381563,0.8889690120381563,0.8889690120381563,0.08767805798345983,23.848126363156066,-4.883454347401649,"{""2"": 1, ""1"": 10}"
s0-i5,0,8144be9bdeca90a5,"[[7, 10, 11], [5, 8, 9], [0, 4, 6], [1, 2, 3]]",min_within_batch_tc,0.9184740352572441,0.9184740352572441,0.9184740352572441,0.09050651310781241,6.338471988365569,2.517632218646236,"{""1"": 10, ""2"": 1}"
s0-i5,0,c24e4c616a375428,"[[1, 2, 3], [0, 4, 5], [6, 7, 8], [9, 10, 11]]",dprm_myopic,0.9184740352572441,0.9184740352572441,0.9184740352572441,0.09050651310781241,7.906175709223286,2.811792259258014,"{""1"": 10, ""2"": 1}"
s0-i5,0,c24e4c616a375428,"[[1, 2, 3], [0, 4, 5], [6, 7, 8], [9, 10, 11]]",dprm_rollout,0.9184740352572441,0.9184740352572441,0.9184740352572441,0.09050651310781241,7.906175709223286,2.811792259258014,"{""1"": 10, ""2"": 1}"
s0-i5,0,2b5990633df9f263,"[[0, 3, 11], [2, 4, 7], [1, 5, 8], [6, 9, 10]]",subset_exact,1.0,1.0,1.0,0.09832187834349396,29.86190071310848,5.4646043510128415,"{""1"": 11}"
s0-i5,0,2b5990633df9f263,"[[0, 3, 11], [2, 4, 7], [1, 5, 8], [6, 9, 10]]",subset_beam_8,1.0,1.0,1.0,0.09832187834349396,29.86190071310848,5.4646043510128415,"{""1"": 11}"
s0-i5,0,2b5990633df9f263,"[[0, 3, 11], [2, 4, 7], [1, 5, 8], [6, 9, 10]]",subset_beam_32,1.0,1.0,1.0,0.09832187834349396,29.86190071310848,5.4646043510128415,"{""1"": 11}"
s0-i5,0,2b5990633df9f263,"[[0, 3, 11], [2, 4, 7], [1, 5, 8], [6, 9, 10]]",saps_diagonal,1.0,1.0,1.0,0.09832187834349396,29.86190071310848,5.4646043510128415,"{""1"": 11}"
s0-i5,0,2b5990633df9f263,"[[0, 3, 11], [2, 4, 7], [1, 5, 8], [6, 9, 10]]",p_saps_residualized,1.0,1.0,1.0,0.09832187834349396,29.86190071310848,5.4646043510128415,"{""1"": 11}"
s0-i5,0,2b5990633df9f263,"[[0, 3, 11], [2, 4, 7], [1, 5, 8], [6, 9, 10]]",p_saps_projection,1.0,1.0,1.0,0.09832187834349396,29.86190071310848,5.4646043510128415,"{""1"": 11}"
s0-i5,0,2b5990633df9f263,"[[0, 3, 11], [2, 4, 7], [1, 5, 8], [6, 9, 10]]",b_saps_budgeted,1.0,1.0,1.0,0.09832187834349396,29.86190071310848,5.4646043510128415,"{""1"": 11}"
s0-i5,0,e4417e73ff7f267b,"[[0, 3, 11], [4, 7, 9], [1, 5, 8], [2, 6, 10]]",random_balanced,0.7989018119130762,0.7989018119130762,0.7989018119130762,0.2317221137095953,16.01156371501857,4.001445203300749,"{""1"": 9, ""2"": 2}"
s0-i5,0,0d2a62b4f8d78a65,"[[0, 8, 11], [4, 7, 10], [2, 3, 6], [1, 5, 9]]",confidence,0.8547710548469699,0.8547710548469699,0.8547710548469699,0.2464320441703905,3.707863646605577,1.9255813788582339,"{""1"": 9, ""2"": 2}"
s0-i5,0,2168d3bd8646bcd5,"[[0, 2, 11], [3, 4, 8], [5, 6, 10], [1, 7, 9]]",entropy,0.8011147096803346,0.8011147096803346,0.8011147096803346,0.23230475221629096,10.773353664181426,3.2822787304221173,"{""1"": 9, ""2"": 2}"
s0-i5,0,51ef8aee22fda2c1,"[[4, 7, 11], [3, 5, 10], [2, 8, 9], [0, 1, 6]]",dependency_cmi,0.8889690120381563,0.8889690120381563,0.8889690120381563,0.25543609623493746,0.15812891540881335,-0.39765426617705657,"{""2"": 1, ""1"": 10}"
s0-i5,0,8144be9bdeca90a5,"[[7, 10, 11], [5, 8, 9], [0, 4, 6], [1, 2, 3]]",min_within_batch_tc,0.9184740352572441,0.9184740352572441,0.9184740352572441,0.26320453584509057,8.321058299721104,2.8846244642450607,"{""1"": 10, ""2"": 1}"
s0-i5,0,c24e4c616a375428,"[[1, 2, 3], [0, 4, 5], [6, 7, 8], [9, 10, 11]]",dprm_myopic,0.9184740352572441,0.9184740352572441,0.9184740352572441,0.26320453584509057,0.6369352173331535,-0.7980822121392968,"{""1"": 10, ""2"": 1}"
s0-i5,0,c24e4c616a375428,"[[1, 2, 3], [0, 4, 5], [6, 7, 8], [9, 10, 11]]",dprm_rollout,0.9184740352572441,0.9184740352572441,0.9184740352572441,0.26320453584509057,0.6369352173331535,-0.7980822121392968,"{""1"": 10, ""2"": 1}"
s0-i5,0,2b5990633df9f263,"[[0, 3, 11], [2, 4, 7], [1, 5, 8], [6, 9, 10]]",subset_exact,1.0,1.0,1.0,0.28466967854505804,2.9696917766849724,1.7232793669875388,"{""1"": 11}"
s0-i5,0,2b5990633df9f263,"[[0, 3, 11], [2, 4, 7], [1, 5, 8], [6, 9, 10]]",subset_beam_8,1.0,1.0,1.0,0.28466967854505804,2.9696917766849724,1.7232793669875388,"{""1"": 11}"
s0-i5,0,2b5990633df9f263,"[[0, 3, 11], [2, 4, 7], [1, 5, 8], [6, 9, 10]]",subset_beam_32,1.0,1.0,1.0,0.28466967854505804,2.9696917766849724,1.7232793669875388,"{""1"": 11}"
s0-i5,0,2b5990633df9f263,"[[0, 3, 11], [2, 4, 7], [1, 5, 8], [6, 9, 10]]",saps_diagonal,1.0,1.0,1.0,0.28466967854505804,2.9696917766849724,1.7232793669875388,"{""1"": 11}"
s0-i5,0,2b5990633df9f263,"[[0, 3, 11], [2, 4, 7], [1, 5, 8], [6, 9, 10]]",p_saps_residualized,1.0,1.0,1.0,0.28466967854505804,2.9696917766849724,1.7232793669875388,"{""1"": 11}"
s0-i5,0,2b5990633df9f263,"[[0, 3, 11], [2, 4, 7], [1, 5, 8], [6, 9, 10]]",p_saps_projection,1.0,1.0,1.0,0.28466967854505804,2.9696917766849724,1.7232793669875388,"{""1"": 11}"
s0-i5,0,2b5990633df9f263,"[[0, 3, 11], [2, 4, 7], [1, 5, 8], [6, 9, 10]]",b_saps_budgeted,1.0,1.0,1.0,0.28466967854505804,2.9696917766849724,1.7232793669875388,"{""1"": 11}"
s0-i6,0,2516301160cf1942,"[[0, 1, 2, 3, 4, 5, 6, 7, 8, 9, 10, 11]]",random_balanced,0.0,0.0,0.0,2.953093001089847e-07,0.0,0.0,"{""3"": 1}"
s0-i6,0,2516301160cf1942,"[[0, 1, 2, 3, 4, 5, 6, 7, 8, 9, 10, 11]]",confidence,0.0,0.0,0.0,2.953093001089847e-07,0.0,0.0,"{""3"": 1}"
s0-i6,0,2516301160cf1942,"[[0, 1, 2, 3, 4, 5, 6, 7, 8, 9, 10, 11]]",entropy,0.0,0.0,0.0,2.953093001089847e-07,0.0,0.0,"{""3"": 1}"
s0-i6,0,2516301160cf1942,"[[0, 1, 2, 3, 4, 5, 6, 7, 8, 9, 10, 11]]",dependency_cmi,0.0,0.0,0.0,2.953093001089847e-07,0.0,0.0,"{""3"": 1}"
s0-i6,0,2516301160cf1942,"[[0, 1, 2, 3, 4, 5, 6, 7, 8, 9, 10, 11]]",min_within_batch_tc,0.0,0.0,0.0,2.953093001089847e-07,0.0,0.0,"{""3"": 1}"
s0-i6,0,2516301160cf1942,"[[0, 1, 2, 3, 4, 5, 6, 7, 8, 9, 10, 11]]",dprm_myopic,0.0,0.0,0.0,2.953093001089847e-07,0.0,0.0,"{""3"": 1}"
s0-i6,0,2516301160cf1942,"[[0, 1, 2, 3, 4, 5, 6, 7, 8, 9, 10, 11]]",dprm_rollout,0.0,0.0,0.0,2.953093001089847e-07,0.0,0.0,"{""3"": 1}"
s0-i6,0,2516301160cf1942,"[[0, 1, 2, 3, 4, 5, 6, 7, 8, 9, 10, 11]]",subset_exact,0.0,0.0,0.0,2.953093001089847e-07,0.0,0.0,"{""3"": 1}"
s0-i6,0,2516301160cf1942,"[[0, 1, 2, 3, 4, 5, 6, 7, 8, 9, 10, 11]]",subset_beam_8,0.0,0.0,0.0,2.953093001089847e-07,0.0,0.0,"{""3"": 1}"
s0-i6,0,2516301160cf1942,"[[0, 1, 2, 3, 4, 5, 6, 7, 8, 9, 10, 11]]",subset_beam_32,0.0,0.0,0.0,2.953093001089847e-07,0.0,0.0,"{""3"": 1}"
s0-i6,0,2516301160cf1942,"[[0, 1, 2, 3, 4, 5, 6, 7, 8, 9, 10, 11]]",saps_diagonal,0.0,0.0,0.0,2.953093001089847e-07,0.0,0.0,"{""3"": 1}"
s0-i6,0,2516301160cf1942,"[[0, 1, 2, 3, 4, 5, 6, 7, 8, 9, 10, 11]]",p_saps_residualized,0.0,0.0,0.0,2.953093001089847e-07,0.0,0.0,"{""3"": 1}"
s0-i6,0,2516301160cf1942,"[[0, 1, 2, 3, 4, 5, 6, 7, 8, 9, 10, 11]]",p_saps_projection,0.0,0.0,0.0,2.953093001089847e-07,0.0,0.0,"{""3"": 1}"
s0-i6,0,2516301160cf1942,"[[0, 1, 2, 3, 4, 5, 6, 7, 8, 9, 10, 11]]",b_saps_budgeted,0.0,0.0,0.0,2.953093001089847e-07,0.0,0.0,"{""3"": 1}"
s0-i6,0,2516301160cf1942,"[[0, 1, 2, 3, 4, 5, 6, 7, 8, 9, 10, 11]]",random_balanced,0.0,0.0,0.0,3.642180593392726e-05,1.0,1.0,"{""3"": 1}"
s0-i6,0,2516301160cf1942,"[[0, 1, 2, 3, 4, 5, 6, 7, 8, 9, 10, 11]]",confidence,0.0,0.0,0.0,3.642180593392726e-05,1.0,1.0,"{""3"": 1}"
s0-i6,0,2516301160cf1942,"[[0, 1, 2, 3, 4, 5, 6, 7, 8, 9, 10, 11]]",entropy,0.0,0.0,0.0,3.642180593392726e-05,1.0,1.0,"{""3"": 1}"
s0-i6,0,2516301160cf1942,"[[0, 1, 2, 3, 4, 5, 6, 7, 8, 9, 10, 11]]",dependency_cmi,0.0,0.0,0.0,3.642180593392726e-05,1.0,1.0,"{""3"": 1}"
s0-i6,0,2516301160cf1942,"[[0, 1, 2, 3, 4, 5, 6, 7, 8, 9, 10, 11]]",min_within_batch_tc,0.0,0.0,0.0,3.642180593392726e-05,1.0,1.0,"{""3"": 1}"
s0-i6,0,2516301160cf1942,"[[0, 1, 2, 3, 4, 5, 6, 7, 8, 9, 10, 11]]",dprm_myopic,0.0,0.0,0.0,3.642180593392726e-05,1.0,1.0,"{""3"": 1}"
s0-i6,0,2516301160cf1942,"[[0, 1, 2, 3, 4, 5, 6, 7, 8, 9, 10, 11]]",dprm_rollout,0.0,0.0,0.0,3.642180593392726e-05,1.0,1.0,"{""3"": 1}"
s0-i6,0,2516301160cf1942,"[[0, 1, 2, 3, 4, 5, 6, 7, 8, 9, 10, 11]]",subset_exact,0.0,0.0,0.0,3.642180593392726e-05,1.0,1.0,"{""3"": 1}"
s0-i6,0,2516301160cf1942,"[[0, 1, 2, 3, 4, 5, 6, 7, 8, 9, 10, 11]]",subset_beam_8,0.0,0.0,0.0,3.642180593392726e-05,1.0,1.0,"{""3"": 1}"
s0-i6,0,2516301160cf1942,"[[0, 1, 2, 3, 4, 5, 6, 7, 8, 9, 10, 11]]",subset_beam_32,0.0,0.0,0.0,3.642180593392726e-05,1.0,1.0,"{""3"": 1}"
s0-i6,0,2516301160cf1942,"[[0, 1, 2, 3, 4, 5, 6, 7, 8, 9, 10, 11]]",saps_diagonal,0.0,0.0,0.0,3.642180593392726e-05,1.0,1.0,"{""3"": 1}"
s0-i6,0,2516301160cf1942,"[[0, 1, 2, 3, 4, 5, 6, 7, 8, 9, 10, 11]]",p_saps_residualized,0.0,0.0,0.0,3.642180593392726e-05,1.0,1.0,"{""3"": 1}"
s0-i6,0,2516301160cf1942,"[[0, 1, 2, 3, 4, 5, 6, 7, 8, 9, 10, 11]]",p_saps_projection,0.0,0.0,0.0,3.642180593392726e-05,1.0,1.0,"{""3"": 1}"
s0-i6,0,2516301160cf1942,"[[0, 1, 2, 3, 4, 5, 6, 7, 8, 9, 10, 11]]",b_saps_budgeted,0.0,0.0,0.0,3.642180593392726e-05,1.0,1.0,"{""3"": 1}"
s0-i6,0,2516301160cf1942,"[[0, 1, 2, 3, 4, 5, 6, 7, 8, 9, 10, 11]]",random_balanced,0.0,0.0,0.0,0.000950496452247564,1.0,-1.0,"{""3"": 1}"
s0-i6,0,2516301160cf1942,"[[0, 1, 2, 3, 4, 5, 6, 7, 8, 9, 10, 11]]",confidence,0.0,0.0,0.0,0.000950496452247564,1.0,-1.0,"{""3"": 1}"
s0-i6,0,2516301160cf1942,"[[0, 1, 2, 3, 4, 5, 6, 7, 8, 9, 10, 11]]",entropy,0.0,0.0,0.0,0.000950496452247564,1.0,-1.0,"{""3"": 1}"
s0-i6,0,2516301160cf1942,"[[0, 1, 2, 3, 4, 5, 6, 7, 8, 9, 10, 11]]",dependency_cmi,0.0,0.0,0.0,0.000950496452247564,1.0,-1.0,"{""3"": 1}"
s0-i6,0,2516301160cf1942,"[[0, 1, 2, 3, 4, 5, 6, 7, 8, 9, 10, 11]]",min_within_batch_tc,0.0,0.0,0.0,0.000950496452247564,1.0,-1.0,"{""3"": 1}"
s0-i6,0,2516301160cf1942,"[[0, 1, 2, 3, 4, 5, 6, 7, 8, 9, 10, 11]]",dprm_myopic,0.0,0.0,0.0,0.000950496452247564,1.0,-1.0,"{""3"": 1}"
s0-i6,0,2516301160cf1942,"[[0, 1, 2, 3, 4, 5, 6, 7, 8, 9, 10, 11]]",dprm_rollout,0.0,0.0,0.0,0.000950496452247564,1.0,-1.0,"{""3"": 1}"
s0-i6,0,2516301160cf1942,"[[0, 1, 2, 3, 4, 5, 6, 7, 8, 9, 10, 11]]",subset_exact,0.0,0.0,0.0,0.000950496452247564,1.0,-1.0,"{""3"": 1}"
s0-i6,0,2516301160cf1942,"[[0, 1, 2, 3, 4, 5, 6, 7, 8, 9, 10, 11]]",subset_beam_8,0.0,0.0,0.0,0.000950496452247564,1.0,-1.0,"{""3"": 1}"
s0-i6,0,2516301160cf1942,"[[0, 1, 2, 3, 4, 5, 6, 7, 8, 9, 10, 11]]",subset_beam_32,0.0,0.0,0.0,0.000950496452247564,1.0,-1.0,"{""3"": 1}"
s0-i6,0,2516301160cf1942,"[[0, 1, 2, 3, 4, 5, 6, 7, 8, 9, 10, 11]]",saps_diagonal,0.0,0.0,0.0,0.000950496452247564,1.0,-1.0,"{""3"": 1}"
s0-i6,0,2516301160cf1942,"[[0, 1, 2, 3, 4, 5, 6, 7, 8, 9, 10, 11]]",p_saps_residualized,0.0,0.0,0.0,0.000950496452247564,1.0,-1.0,"{""3"": 1}"
s0-i6,0,2516301160cf1942,"[[0, 1, 2, 3, 4, 5, 6, 7, 8, 9, 10, 11]]",p_saps_projection,0.0,0.0,0.0,0.000950496452247564,1.0,-1.0,"{""3"": 1}"
s0-i6,0,2516301160cf1942,"[[0, 1, 2, 3, 4, 5, 6, 7, 8, 9, 10, 11]]",b_saps_budgeted,0.0,0.0,0.0,0.000950496452247564,1.0,-1.0,"{""3"": 1}"
s0-i6,0,771ced94db49c513,"[[1, 3, 4, 7, 10, 11], [0, 2, 5, 6, 8, 9]]",random_balanced,1.0,1.0,1.0,0.019933243911272918,0.0,0.0,"{""1"": 1}"
s0-i6,0,7888182dd57bc480,"[[1, 2, 5, 7, 8, 10], [0, 3, 4, 6, 9, 11]]",confidence,0.0,0.0,0.0,2.953093001089847e-07,0.0,0.0,"{""3"": 1}"
s0-i6,0,73b1f4ab0e942af4,"[[1, 2, 5, 7, 8, 9], [0, 3, 4, 6, 10, 11]]",entropy,1.0,1.0,1.0,0.019933243911272918,0.0,0.0,"{""1"": 1}"
s0-i6,0,3bf580e324c05e72,"[[0, 1, 2, 4, 5, 8], [3, 6, 7, 9, 10, 11]]",dependency_cmi,1.0,1.0,1.0,0.019933243911272918,0.0,0.0,"{""1"": 1}"
s0-i6,0,edfe1051c3001a2d,"[[0, 6, 7, 8, 9, 11], [1, 2, 3, 4, 5, 10]]",min_within_batch_tc,0.0,0.0,0.0,2.953093001089847e-07,0.0,0.0,"{""3"": 1}"
s0-i6,0,2e18ac60f271cb38,"[[0, 1, 2, 3, 5, 10], [4, 6, 7, 8, 9, 11]]",dprm_myopic,0.0,0.0,0.0,2.953093001089847e-07,0.0,0.0,"{""3"": 1}"
s0-i6,0,2e18ac60f271cb38,"[[0, 1, 2, 3, 5, 10], [4, 6, 7, 8, 9, 11]]",dprm_rollout,0.0,0.0,0.0,2.953093001089847e-07,0.0,0.0,"{""3"": 1}"
s0-i6,0,771ced94db49c513,"[[1, 3, 4, 7, 10, 11], [0, 2, 5, 6, 8, 9]]",subset_exact,1.0,1.0,1.0,0.019933243911272918,0.0,0.0,"{""1"": 1}"
s0-i6,0,771ced94db49c513,"[[1, 3, 4, 7, 10, 11], [0, 2, 5, 6, 8, 9]]",subset_beam_8,1.0,1.0,1.0,0.019933243911272918,0.0,0.0,"{""1"": 1}"
s0-i6,0,771ced94db49c513,"[[1, 3, 4, 7, 10, 11], [0, 2, 5, 6, 8, 9]]",subset_beam_32,1.0,1.0,1.0,0.019933243911272918,0.0,0.0,"{""1"": 1}"
s0-i6,0,771ced94db49c513,"[[1, 3, 4, 7, 10, 11], [0, 2, 5, 6, 8, 9]]",saps_diagonal,1.0,1.0,1.0,0.019933243911272918,0.0,0.0,"{""1"": 1}"
s0-i6,0,771ced94db49c513,"[[1, 3, 4, 7, 10, 11], [0, 2, 5, 6, 8, 9]]",p_saps_residualized,1.0,1.0,1.0,0.019933243911272918,0.0,0.0,"{""1"": 1}"
s0-i6,0,771ced94db49c513,"[[1, 3, 4, 7, 10, 11], [0, 2, 5, 6, 8, 9]]",p_saps_projection,1.0,1.0,1.0,0.019933243911272918,0.0,0.0,"{""1"": 1}"
s0-i6,0,771ced94db49c513,"[[1, 3, 4, 7, 10, 11], [0, 2, 5, 6, 8, 9]]",b_saps_budgeted,1.0,1.0,1.0,0.019933243911272918,0.0,0.0,"{""1"": 1}"
s0-i6,0,771ced94db49c513,"[[1, 3, 4, 7, 10, 11], [0, 2, 5, 6, 8, 9]]",random_balanced,1.0,1.0,1.0,0.09832187834349396,1.0,1.0,"{""1"": 1}"
s0-i6,0,7888182dd57bc480,"[[1, 2, 5, 7, 8, 10], [0, 3, 4, 6, 9, 11]]",confidence,0.0,0.0,0.0,3.642180593392726e-05,1.0,1.0,"{""3"": 1}"
s0-i6,0,73b1f4ab0e942af4,"[[1, 2, 5, 7, 8, 9], [0, 3, 4, 6, 10, 11]]",entropy,1.0,1.0,1.0,0.09832187834349396,1.0,1.0,"{""1"": 1}"
s0-i6,0,3bf580e324c05e72,"[[0, 1, 2, 4, 5, 8], [3, 6, 7, 9, 10, 11]]",dependency_cmi,1.0,1.0,1.0,0.09832187834349396,1.0,1.0,"{""1"": 1}"
s0-i6,0,edfe1051c3001a2d,"[[0, 6, 7, 8, 9, 11], [1, 2, 3, 4, 5, 10]]",min_within_batch_tc,0.0,0.0,0.0,3.642180593392726e-05,1.0,1.0,"{""3"": 1}"
s0-i6,0,2e18ac60f271cb38,"[[0, 1, 2, 3, 5, 10], [4, 6, 7, 8, 9, 11]]",dprm_myopic,0.0,0.0,0.0,3.642180593392726e-05,1.0,1.0,"{""3"": 1}"
s0-i6,0,2e18ac60f271cb38,"[[0, 1, 2, 3, 5, 10], [4, 6, 7, 8, 9, 11]]",dprm_rollout,0.0,0.0,0.0,3.642180593392726e-05,1.0,1.0,"{""3"": 1}"
s0-i6,0,771ced94db49c513,"[[1, 3, 4, 7, 10, 11], [0, 2, 5, 6, 8, 9]]",subset_exact,1.0,1.0,1.0,0.09832187834349396,1.0,1.0,"{""1"": 1}"
s0-i6,0,771ced94db49c513,"[[1, 3, 4, 7, 10, 11], [0, 2, 5, 6, 8, 9]]",subset_beam_8,1.0,1.0,1.0,0.09832187834349396,1.0,1.0,"{""1"": 1}"
s0-i6,0,771ced94db49c513,"[[1, 3, 4, 7, 10, 11], [0, 2, 5, 6, 8, 9]]",subset_beam_32,1.0,1.0,1.0,0.09832187834349396,1.0,1.0,"{""1"": 1}"
s0-i6,0,771ced94db49c513,"[[1, 3, 4, 7, 10, 11], [0, 2, 5, 6, 8, 9]]",saps_diagonal,1.0,1.0,1.0,0.09832187834349396,1.0,1.0,"{""1"": 1}"
s0-i6,0,771ced94db49c513,"[[1, 3, 4, 7, 10, 11], [0, 2, 5, 6, 8, 9]]",p_saps_residualized,1.0,1.0,1.0,0.09832187834349396,1.0,1.0,"{""1"": 1}"
s0-i6,0,771ced94db49c513,"[[1, 3, 4, 7, 10, 11], [0, 2, 5, 6, 8, 9]]",p_saps_projection,1.0,1.0,1.0,0.09832187834349396,1.0,1.0,"{""1"": 1}"
s0-i6,0,771ced94db49c513,"[[1, 3, 4, 7, 10, 11], [0, 2, 5, 6, 8, 9]]",b_saps_budgeted,1.0,1.0,1.0,0.09832187834349396,1.0,1.0,"{""1"": 1}"
s0-i6,0,771ced94db49c513,"[[1, 3, 4, 7, 10, 11], [0, 2, 5, 6, 8, 9]]",random_balanced,1.0,1.0,1.0,0.28466967854505804,1.0,-1.0,"{""1"": 1}"
s0-i6,0,7888182dd57bc480,"[[1, 2, 5, 7, 8, 10], [0, 3, 4, 6, 9, 11]]",confidence,0.0,0.0,0.0,0.000950496452247564,1.0,-1.0,"{""3"": 1}"
s0-i6,0,73b1f4ab0e942af4,"[[1, 2, 5, 7, 8, 9], [0, 3, 4, 6, 10, 11]]",entropy,1.0,1.0,1.0,0.28466967854505804,0.0,0.0,"{""1"": 1}"
s0-i6,0,3bf580e324c05e72,"[[0, 1, 2, 4, 5, 8], [3, 6, 7, 9, 10, 11]]",dependency_cmi,1.0,1.0,1.0,0.28466967854505804,0.0,0.0,"{""1"": 1}"
s0-i6,0,edfe1051c3001a2d,"[[0, 6, 7, 8, 9, 11], [1, 2, 3, 4, 5, 10]]",min_within_batch_tc,0.0,0.0,0.0,0.000950496452247564,1.0,-1.0,"{""3"": 1}"
s0-i6,0,2e18ac60f271cb38,"[[0, 1, 2, 3, 5, 10], [4, 6, 7, 8, 9, 11]]",dprm_myopic,0.0,0.0,0.0,0.000950496452247564,1.0,-1.0,"{""3"": 1}"
s0-i6,0,2e18ac60f271cb38,"[[0, 1, 2, 3, 5, 10], [4, 6, 7, 8, 9, 11]]",dprm_rollout,0.0,0.0,0.0,0.000950496452247564,1.0,-1.0,"{""3"": 1}"
s0-i6,0,771ced94db49c513,"[[1, 3, 4, 7, 10, 11], [0, 2, 5, 6, 8, 9]]",subset_exact,1.0,1.0,1.0,0.28466967854505804,1.0,-1.0,"{""1"": 1}"
s0-i6,0,771ced94db49c513,"[[1, 3, 4, 7, 10, 11], [0, 2, 5, 6, 8, 9]]",subset_beam_8,1.0,1.0,1.0,0.28466967854505804,1.0,-1.0,"{""1"": 1}"
s0-i6,0,771ced94db49c513,"[[1, 3, 4, 7, 10, 11], [0, 2, 5, 6, 8, 9]]",subset_beam_32,1.0,1.0,1.0,0.28466967854505804,1.0,-1.0,"{""1"": 1}"
s0-i6,0,771ced94db49c513,"[[1, 3, 4, 7, 10, 11], [0, 2, 5, 6, 8, 9]]",saps_diagonal,1.0,1.0,1.0,0.28466967854505804,1.0,-1.0,"{""1"": 1}"
s0-i6,0,771ced94db49c513,"[[1, 3, 4, 7, 10, 11], [0, 2, 5, 6, 8, 9]]",p_saps_residualized,1.0,1.0,1.0,0.28466967854505804,1.0,-1.0,"{""1"": 1}"
s0-i6,0,771ced94db49c513,"[[1, 3, 4, 7, 10, 11], [0, 2, 5, 6, 8, 9]]",p_saps_projection,1.0,1.0,1.0,0.28466967854505804,1.0,-1.0,"{""1"": 1}"
s0-i6,0,771ced94db49c513,"[[1, 3, 4, 7, 10, 11], [0, 2, 5, 6, 8, 9]]",b_saps_budgeted,1.0,1.0,1.0,0.28466967854505804,1.0,-1.0,"{""1"": 1}"
s0-i6,0,5817aa13d46669d0,"[[1, 4, 10, 11], [2, 3, 7, 8], [0, 5, 6, 9]]",random_balanced,1.0,1.0,1.0,0.019933243911272918,0.0,0.0,"{""1"": 1}"
s0-i6,0,5998db79b32cc6f3,"[[1, 2, 5, 7], [0, 8, 9, 10], [3, 4, 6, 11]]",confidence,1.0,1.0,1.0,0.019933243911272918,0.0,0.0,"{""1"": 1}"
s0-i6,0,1156ded12a7d0530,"[[1, 2, 5, 9], [7, 8, 10, 11], [0, 3, 4, 6]]",entropy,1.0,1.0,1.0,0.019933243911272918,0.0,0.0,"{""1"": 1}"
s0-i6,0,34192c1039996bfb,"[[0, 1, 2, 4], [3, 6, 10, 11], [5, 7, 8, 9]]",dependency_cmi,1.0,1.0,1.0,0.019933243911272918,0.0,0.0,"{""1"": 1}"
s0-i6,0,3cf4db7d6b6a3fc3,"[[0, 2, 8, 9], [1, 5, 6, 7], [3, 4, 10, 11]]",min_within_batch_tc,1.0,1.0,1.0,0.019933243911272918,0.0,0.0,"{""1"": 1}"
s0-i6,0,5b3fc86f23dc6447,"[[0, 1, 5, 10], [2, 3, 4, 6], [7, 8, 9, 11]]",dprm_myopic,0.0,0.0,0.0,2.953093001089847e-07,0.0,0.0,"{""3"": 1}"
s0-i6,0,5b3fc86f23dc6447,"[[0, 1, 5, 10], [2, 3, 4, 6], [7, 8, 9, 11]]",dprm_rollout,0.0,0.0,0.0,2.953093001089847e-07,0.0,0.0,"{""3"": 1}"
s0-i6,0,5817aa13d46669d0,"[[1, 4, 10, 11], [2, 3, 7, 8], [0, 5, 6, 9]]",subset_exact,1.0,1.0,1.0,0.019933243911272918,0.0,0.0,"{""1"": 1}"
s0-i6,0,5817aa13d46669d0,"[[1, 4, 10, 11], [2, 3, 7, 8], [0, 5, 6, 9]]",subset_beam_8,1.0,1.0,1.0,0.019933243911272918,0.0,0.0,"{""1"": 1}"
s0-i6,0,5817aa13d46669d0,"[[1, 4, 10, 11], [2, 3, 7, 8], [0, 5, 6, 9]]",subset_beam_32,1.0,1.0,1.0,0.019933243911272918,0.0,0.0,"{""1"": 1}"
s0-i6,0,5817aa13d46669d0,"[[1, 4, 10, 11], [2, 3, 7, 8], [0, 5, 6, 9]]",saps_diagonal,1.0,1.0,1.0,0.019933243911272918,0.0,0.0,"{""1"": 1}"
s0-i6,0,5817aa13d46669d0,"[[1, 4, 10, 11], [2, 3, 7, 8], [0, 5, 6, 9]]",p_saps_residualized,1.0,1.0,1.0,0.019933243911272918,0.0,0.0,"{""1"": 1}"
s0-i6,0,5817aa13d46669d0,"[[1, 4, 10, 11], [2, 3, 7, 8], [0, 5, 6, 9]]",p_saps_projection,1.0,1.0,1.0,0.019933243911272918,0.0,0.0,"{""1"": 1}"
s0-i6,0,5817aa13d46669d0,"[[1, 4, 10, 11], [2, 3, 7, 8], [0, 5, 6, 9]]",b_saps_budgeted,1.0,1.0,1.0,0.019933243911272918,0.0,0.0,"{""1"": 1}"
s0-i6,0,5817aa13d46669d0,"[[1, 4, 10, 11], [2, 3, 7, 8], [0, 5, 6, 9]]",random_balanced,1.0,1.0,1.0,0.09832187834349396,1.0,1.0,"{""1"": 1}"
s0-i6,0,5998db79b32cc6f3,"[[1, 2, 5, 7], [0, 8, 9, 10], [3, 4, 6, 11]]",confidence,1.0,1.0,1.0,0.09832187834349396,1.0,1.0,"{""1"": 1}"
s0-i6,0,1156ded12a7d0530,"[[1, 2, 5, 9], [7, 8, 10, 11], [0, 3, 4, 6]]",entropy,1.0,1.0,1.0,0.09832187834349396,1.0,1.0,"{""1"": 1}"
s0-i6,0,34192c1039996bfb,"[[0, 1, 2, 4], [3, 6, 10, 11], [5, 7, 8, 9]]",dependency_cmi,1.0,1.0,1.0,0.09832187834349396,1.0,1.0,"{""1"": 1}"
s0-i6,0,3cf4db7d6b6a3fc3,"[[0, 2, 8, 9], [1, 5, 6, 7], [3, 4, 10, 11]]",min_within_batch_tc,1.0,1.0,1.0,0.09832187834349396,1.0,1.0,"{""1"": 1}"
s0-i6,0,5b3fc86f23dc6447,"[[0, 1, 5, 10], [2, 3, 4, 6], [7, 8, 9, 11]]",dprm_myopic,0.0,0.0,0.0,3.642180593392726e-05,1.0,1.0,"{""3"": 1}"
s0-i6,0,5b3fc86f23dc6447,"[[0, 1, 5, 10], [2, 3, 4, 6], [7, 8, 9, 11]]",dprm_rollout,0.0,0.0,0.0,3.642180593392726e-05,1.0,1.0,"{""3"": 1}"
s0-i6,0,5817aa13d46669d0,"[[1, 4, 10, 11], [2, 3, 7, 8], [0, 5, 6, 9]]",subset_exact,1.0,1.0,1.0,0.09832187834349396,1.0,1.0,"{""1"": 1}"
s0-i6,0,5817aa13d46669d0,"[[1, 4, 10, 11], [2, 3, 7, 8], [0, 5, 6, 9]]",subset_beam_8,1.0,1.0,1.0,0.09832187834349396,1.0,1.0,"{""1"": 1}"
s0-i6,0,5817aa13d46669d0,"[[1, 4, 10, 11], [2, 3, 7, 8], [0, 5, 6, 9]]",subset_beam_32,1.0,1.0,1.0,0.09832187834349396,1.0,1.0,"{""1"": 1}"
s0-i6,0,5817aa13d46669d0,"[[1, 4, 10, 11], [2, 3, 7, 8], [0, 5, 6, 9]]",saps_diagonal,1.0,1.0,1.0,0.09832187834349396,1.0,1.0,"{""1"": 1}"
s0-i6,0,5817aa13d46669d0,"[[1, 4, 10, 11], [2, 3, 7, 8], [0, 5, 6, 9]]",p_saps_residualized,1.0,1.0,1.0,0.09832187834349396,1.0,1.0,"{""1"": 1}"
s0-i6,0,5817aa13d46669d0,"[[1, 4, 10, 11], [2, 3, 7, 8], [0, 5, 6, 9]]",p_saps_projection,1.0,1.0,1.0,0.09832187834349396,1.0,1.0,"{""1"": 1}"
s0-i6,0,5817aa13d46669d0,"[[1, 4, 10, 11], [2, 3, 7, 8], [0, 5, 6, 9]]",b_saps_budgeted,1.0,1.0,1.0,0.09832187834349396,1.0,1.0,"{""1"": 1}"
s0-i6,0,5817aa13d46669d0,"[[1, 4, 10, 11], [2, 3, 7, 8], [0, 5, 6, 9]]",random_balanced,1.0,1.0,1.0,0.28466967854505804,1.0,-1.0,"{""1"": 1}"
s0-i6,0,5998db79b32cc6f3,"[[1, 2, 5, 7], [0, 8, 9, 10], [3, 4, 6, 11]]",confidence,1.0,1.0,1.0,0.28466967854505804,0.0,0.0,"{""1"": 1}"
s0-i6,0,1156ded12a7d0530,"[[1, 2, 5, 9], [7, 8, 10, 11], [0, 3, 4, 6]]",entropy,1.0,1.0,1.0,0.28466967854505804,0.0,0.0,"{""1"": 1}"
s0-i6,0,34192c1039996bfb,"[[0, 1, 2, 4], [3, 6, 10, 11], [5, 7, 8, 9]]",dependency_cmi,1.0,1.0,1.0,0.28466967854505804,0.0,0.0,"{""1"": 1}"
s0-i6,0,3cf4db7d6b6a3fc3,"[[0, 2, 8, 9], [1, 5, 6, 7], [3, 4, 10, 11]]",min_within_batch_tc,1.0,1.0,1.0,0.28466967854505804,1.0,-1.0,"{""1"": 1}"
s0-i6,0,5b3fc86f23dc6447,"[[0, 1, 5, 10], [2, 3, 4, 6], [7, 8, 9, 11]]",dprm_myopic,0.0,0.0,0.0,0.000950496452247564,1.0,-1.0,"{""3"": 1}"
s0-i6,0,5b3fc86f23dc6447,"[[0, 1, 5, 10], [2, 3, 4, 6], [7, 8, 9, 11]]",dprm_rollout,0.0,0.0,0.0,0.000950496452247564,1.0,-1.0,"{""3"": 1}"
s0-i6,0,5817aa13d46669d0,"[[1, 4, 10, 11], [2, 3, 7, 8], [0, 5, 6, 9]]",subset_exact,1.0,1.0,1.0,0.28466967854505804,1.0,-1.0,"{""1"": 1}"
s0-i6,0,5817aa13d46669d0,"[[1, 4, 10, 11], [2, 3, 7, 8], [0, 5, 6, 9]]",subset_beam_8,1.0,1.0,1.0,0.28466967854505804,1.0,-1.0,"{""1"": 1}"
s0-i6,0,5817aa13d46669d0,"[[1, 4, 10, 11], [2, 3, 7, 8], [0, 5, 6, 9]]",subset_beam_32,1.0,1.0,1.0,0.28466967854505804,1.0,-1.0,"{""1"": 1}"
s0-i6,0,5817aa13d46669d0,"[[1, 4, 10, 11], [2, 3, 7, 8], [0, 5, 6, 9]]",saps_diagonal,1.0,1.0,1.0,0.28466967854505804,1.0,-1.0,"{""1"": 1}"
s0-i6,0,5817aa13d46669d0,"[[1, 4, 10, 11], [2, 3, 7, 8], [0, 5, 6, 9]]",p_saps_residualized,1.0,1.0,1.0,0.28466967854505804,1.0,-1.0,"{""1"": 1}"
s0-i6,0,5817aa13d46669d0,"[[1, 4, 10, 11], [2, 3, 7, 8], [0, 5, 6, 9]]",p_saps_projection,1.0,1.0,1.0,0.28466967854505804,1.0,-1.0,"{""1"": 1}"
s0-i6,0,5817aa13d46669d0,"[[1, 4, 10, 11], [2, 3, 7, 8], [0, 5, 6, 9]]",b_saps_budgeted,1.0,1.0,1.0,0.28466967854505804,1.0,-1.0,"{""1"": 1}"
s0-i6,0,f6695a37ffb271dd,"[[1, 4, 11], [3, 7, 10], [2, 8, 9], [0, 5, 6]]",random_balanced,1.0,1.0,1.0,0.019933243911272918,0.0,0.0,"{""1"": 1}"
s0-i6,0,e3376ee936153c62,"[[1, 2, 5], [7, 8, 10], [0, 9, 11], [3, 4, 6]]",confidence,1.0,1.0,1.0,0.019933243911272918,0.0,0.0,"{""1"": 1}"
s0-i6,0,c1cf0b9f58c66ad7,"[[1, 2, 9], [5, 7, 8], [0, 10, 11], [3, 4, 6]]",entropy,1.0,1.0,1.0,0.019933243911272918,0.0,0.0,"{""1"": 1}"
s0-i6,0,887acbfe31eabf5c,"[[0, 2, 4], [1, 3, 11], [5, 6, 7], [8, 9, 10]]",dependency_cmi,1.0,1.0,1.0,0.019933243911272918,0.0,0.0,"{""1"": 1}"
s0-i6,0,cabe29b59d1801b3,"[[0, 2, 3], [1, 5, 6], [7, 8, 9], [4, 10, 11]]",min_within_batch_tc,1.0,1.0,1.0,0.019933243911272918,0.0,0.0,"{""1"": 1}"
s0-i6,0,352557ea5e8e8ffc,"[[1, 5, 10], [0, 2, 3], [4, 6, 7], [8, 9, 11]]",dprm_myopic,0.0,0.0,0.0,2.953093001089847e-07,0.0,0.0,"{""3"": 1}"
s0-i6,0,352557ea5e8e8ffc,"[[1, 5, 10], [0, 2, 3], [4, 6, 7], [8, 9, 11]]",dprm_rollout,0.0,0.0,0.0,2.953093001089847e-07,0.0,0.0,"{""3"": 1}"
s0-i6,0,f6695a37ffb271dd,"[[1, 4, 11], [3, 7, 10], [2, 8, 9], [0, 5, 6]]",subset_exact,1.0,1.0,1.0,0.019933243911272918,0.0,0.0,"{""1"": 1}"
s0-i6,0,f6695a37ffb271dd,"[[1, 4, 11], [3, 7, 10], [2, 8, 9], [0, 5, 6]]",subset_beam_8,1.0,1.0,1.0,0.019933243911272918,0.0,0.0,"{""1"": 1}"
s0-i6,0,f6695a37ffb271dd,"[[1, 4, 11], [3, 7, 10], [2, 8, 9], [0, 5, 6]]",subset_beam_32,1.0,1.0,1.0,0.019933243911272918,0.0,0.0,"{""1"": 1}"
s0-i6,0,f6695a37ffb271dd,"[[1, 4, 11], [3, 7, 10], [2, 8, 9], [0, 5, 6]]",saps_diagonal,1.0,1.0,1.0,0.019933243911272918,0.0,0.0,"{""1"": 1}"
s0-i6,0,f6695a37ffb271dd,"[[1, 4, 11], [3, 7, 10], [2, 8, 9], [0, 5, 6]]",p_saps_residualized,1.0,1.0,1.0,0.019933243911272918,0.0,0.0,"{""1"": 1}"
s0-i6,0,f6695a37ffb271dd,"[[1, 4, 11], [3, 7, 10], [2, 8, 9], [0, 5, 6]]",p_saps_projection,1.0,1.0,1.0,0.019933243911272918,0.0,0.0,"{""1"": 1}"
s0-i6,0,f6695a37ffb271dd,"[[1, 4, 11], [3, 7, 10], [2, 8, 9], [0, 5, 6]]",b_saps_budgeted,1.0,1.0,1.0,0.019933243911272918,0.0,0.0,"{""1"": 1}"
s0-i6,0,f6695a37ffb271dd,"[[1, 4, 11], [3, 7, 10], [2, 8, 9], [0, 5, 6]]",random_balanced,1.0,1.0,1.0,0.09832187834349396,1.0,1.0,"{""1"": 1}"
s0-i6,0,e3376ee936153c62,"[[1, 2, 5], [7, 8, 10], [0, 9, 11], [3, 4, 6]]",confidence,1.0,1.0,1.0,0.09832187834349396,1.0,1.0,"{""1"": 1}"
s0-i6,0,c1cf0b9f58c66ad7,"[[1, 2, 9], [5, 7, 8], [0, 10, 11], [3, 4, 6]]",entropy,1.0,1.0,1.0,0.09832187834349396,1.0,1.0,"{""1"": 1}"
s0-i6,0,887acbfe31eabf5c,"[[0, 2, 4], [1, 3, 11], [5, 6, 7], [8, 9, 10]]",dependency_cmi,1.0,1.0,1.0,0.09832187834349396,1.0,1.0,"{""1"": 1}"
s0-i6,0,cabe29b59d1801b3,"[[0, 2, 3], [1, 5, 6], [7, 8, 9], [4, 10, 11]]",min_within_batch_tc,1.0,1.0,1.0,0.09832187834349396,1.0,1.0,"{""1"": 1}"
s0-i6,0,352557ea5e8e8ffc,"[[1, 5, 10], [0, 2, 3], [4, 6, 7], [8, 9, 11]]",dprm_myopic,0.0,0.0,0.0,3.642180593392726e-05,1.0,1.0,"{""3"": 1}"
s0-i6,0,352557ea5e8e8ffc,"[[1, 5, 10], [0, 2, 3], [4, 6, 7], [8, 9, 11]]",dprm_rollout,0.0,0.0,0.0,3.642180593392726e-05,1.0,1.0,"{""3"": 1}"
s0-i6,0,f6695a37ffb271dd,"[[1, 4, 11], [3, 7, 10], [2, 8, 9], [0, 5, 6]]",subset_exact,1.0,1.0,1.0,0.09832187834349396,1.0,1.0,"{""1"": 1}"
s0-i6,0,f6695a37ffb271dd,"[[1, 4, 11], [3, 7, 10], [2, 8, 9], [0, 5, 6]]",subset_beam_8,1.0,1.0,1.0,0.09832187834349396,1.0,1.0,"{""1"": 1}"
s0-i6,0,f6695a37ffb271dd,"[[1, 4, 11], [3, 7, 10], [2, 8, 9], [0, 5, 6]]",subset_beam_32,1.0,1.0,1.0,0.09832187834349396,1.0,1.0,"{""1"": 1}"
s0-i6,0,f6695a37ffb271dd,"[[1, 4, 11], [3, 7, 10], [2, 8, 9], [0, 5, 6]]",saps_diagonal,1.0,1.0,1.0,0.09832187834349396,1.0,1.0,"{""1"": 1}"
s0-i6,0,f6695a37ffb271dd,"[[1, 4, 11], [3, 7, 10], [2, 8, 9], [0, 5, 6]]",p_saps_residualized,1.0,1.0,1.0,0.09832187834349396,1.0,1.0,"{""1"": 1}"
s0-i6,0,f6695a37ffb271dd,"[[1, 4, 11], [3, 7, 10], [2, 8, 9], [0, 5, 6]]",p_saps_projection,1.0,1.0,1.0,0.09832187834349396,1.0,1.0,"{""1"": 1}"
s0-i6,0,f6695a37ffb271dd,"[[1, 4, 11], [3, 7, 10], [2, 8, 9], [0, 5, 6]]",b_saps_budgeted,1.0,1.0,1.0,0.09832187834349396,1.0,1.0,"{""1"": 1}"
s0-i6,0,f6695a37ffb271dd,"[[1, 4, 11], [3, 7, 10], [2, 8, 9], [0, 5, 6]]",random_balanced,1.0,1.0,1.0,0.28466967854505804,0.0,0.0,"{""1"": 1}"
s0-i6,0,e3376ee936153c62,"[[1, 2, 5], [7, 8, 10], [0, 9, 11], [3, 4, 6]]",confidence,1.0,1.0,1.0,0.28466967854505804,0.0,0.0,"{""1"": 1}"
s0-i6,0,c1cf0b9f58c66ad7,"[[1, 2, 9], [5, 7, 8], [0, 10, 11], [3, 4, 6]]",entropy,1.0,1.0,1.0,0.28466967854505804,0.0,0.0,"{""1"": 1}"
s0-i6,0,887acbfe31eabf5c,"[[0, 2, 4], [1, 3, 11], [5, 6, 7], [8, 9, 10]]",dependency_cmi,1.0,1.0,1.0,0.28466967854505804,0.0,0.0,"{""1"": 1}"
s0-i6,0,cabe29b59d1801b3,"[[0, 2, 3], [1, 5, 6], [7, 8, 9], [4, 10, 11]]",min_within_batch_tc,1.0,1.0,1.0,0.28466967854505804,0.0,0.0,"{""1"": 1}"
s0-i6,0,352557ea5e8e8ffc,"[[1, 5, 10], [0, 2, 3], [4, 6, 7], [8, 9, 11]]",dprm_myopic,0.0,0.0,0.0,0.000950496452247564,1.0,-1.0,"{""3"": 1}"
s0-i6,0,352557ea5e8e8ffc,"[[1, 5, 10], [0, 2, 3], [4, 6, 7], [8, 9, 11]]",dprm_rollout,0.0,0.0,0.0,0.000950496452247564,1.0,-1.0,"{""3"": 1}"
s0-i6,0,f6695a37ffb271dd,"[[1, 4, 11], [3, 7, 10], [2, 8, 9], [0, 5, 6]]",subset_exact,1.0,1.0,1.0,0.28466967854505804,0.0,0.0,"{""1"": 1}"
s0-i6,0,f6695a37ffb271dd,"[[1, 4, 11], [3, 7, 10], [2, 8, 9], [0, 5, 6]]",subset_beam_8,1.0,1.0,1.0,0.28466967854505804,0.0,0.0,"{""1"": 1}"
s0-i6,0,f6695a37ffb271dd,"[[1, 4, 11], [3, 7, 10], [2, 8, 9], [0, 5, 6]]",subset_beam_32,1.0,1.0,1.0,0.28466967854505804,0.0,0.0,"{""1"": 1}"
s0-i6,0,f6695a37ffb271dd,"[[1, 4, 11], [3, 7, 10], [2, 8, 9], [0, 5, 6]]",saps_diagonal,1.0,1.0,1.0,0.28466967854505804,0.0,0.0,"{""1"": 1}"
s0-i6,0,f6695a37ffb271dd,"[[1, 4, 11], [3, 7, 10], [2, 8, 9], [0, 5, 6]]",p_saps_residualized,1.0,1.0,1.0,0.28466967854505804,0.0,0.0,"{""1"": 1}"
s0-i6,0,f6695a37ffb271dd,"[[1, 4, 11], [3, 7, 10], [2, 8, 9], [0, 5, 6]]",p_saps_projection,1.0,1.0,1.0,0.28466967854505804,0.0,0.0,"{""1"": 1}"
s0-i6,0,f6695a37ffb271dd,"[[1, 4, 11], [3, 7, 10], [2, 8, 9], [0, 5, 6]]",b_saps_budgeted,1.0,1.0,1.0,0.28466967854505804,0.0,0.0,"{""1"": 1}"
s0-i7,0,2516301160cf1942,"[[0, 1, 2, 3, 4, 5, 6, 7, 8, 9, 10, 11]]",random_balanced,0.0036579073160826737,0.0036579073160826737,0.0036579073160826737,7.29139597531627e-05,0.000245806516513652,0.015678217899801367,"{""1"": 12, ""5"": 1}"
s0-i7,0,2516301160cf1942,"[[0, 1, 2, 3, 4, 5, 6, 7, 8, 9, 10, 11]]",confidence,0.0036579073160826737,0.0036579073160826737,0.0036579073160826737,7.29139597531627e-05,0.000245806516513652,0.015678217899801367,"{""1"": 12, ""5"": 1}"
s0-i7,0,2516301160cf1942,"[[0, 1, 2, 3, 4, 5, 6, 7, 8, 9, 10, 11]]",entropy,0.0036579073160826737,0.0036579073160826737,0.0036579073160826737,7.29139597531627e-05,0.000245806516513652,0.015678217899801367,"{""1"": 12, ""5"": 1}"
s0-i7,0,2516301160cf1942,"[[0, 1, 2, 3, 4, 5, 6, 7, 8, 9, 10, 11]]",dependency_cmi,0.0036579073160826737,0.0036579073160826737,0.0036579073160826737,7.29139597531627e-05,0.000245806516513652,0.015678217899801367,"{""1"": 12, ""5"": 1}"
s0-i7,0,2516301160cf1942,"[[0, 1, 2, 3, 4, 5, 6, 7, 8, 9, 10, 11]]",min_within_batch_tc,0.0036579073160826737,0.0036579073160826737,0.0036579073160826737,7.29139597531627e-05,0.000245806516513652,0.015678217899801367,"{""1"": 12, ""5"": 1}"
s0-i7,0,2516301160cf1942,"[[0, 1, 2, 3, 4, 5, 6, 7, 8, 9, 10, 11]]",dprm_myopic,0.0036579073160826737,0.0036579073160826737,0.0036579073160826737,7.29139597531627e-05,0.000245806516513652,0.015678217899801367,"{""1"": 12, ""5"": 1}"
s0-i7,0,2516301160cf1942,"[[0, 1, 2, 3, 4, 5, 6, 7, 8, 9, 10, 11]]",dprm_rollout,0.0036579073160826737,0.0036579073160826737,0.0036579073160826737,7.29139597531627e-05,0.000245806516513652,0.015678217899801367,"{""1"": 12, ""5"": 1}"
s0-i7,0,2516301160cf1942,"[[0, 1, 2, 3, 4, 5, 6, 7, 8, 9, 10, 11]]",subset_exact,0.0036579073160826737,0.0036579073160826737,0.0036579073160826737,7.29139597531627e-05,0.000245806516513652,0.015678217899801367,"{""1"": 12, ""5"": 1}"
s0-i7,0,2516301160cf1942,"[[0, 1, 2, 3, 4, 5, 6, 7, 8, 9, 10, 11]]",subset_beam_8,0.0036579073160826737,0.0036579073160826737,0.0036579073160826737,7.29139597531627e-05,0.000245806516513652,0.015678217899801367,"{""1"": 12, ""5"": 1}"
s0-i7,0,2516301160cf1942,"[[0, 1, 2, 3, 4, 5, 6, 7, 8, 9, 10, 11]]",subset_beam_32,0.0036579073160826737,0.0036579073160826737,0.0036579073160826737,7.29139597531627e-05,0.000245806516513652,0.015678217899801367,"{""1"": 12, ""5"": 1}"
s0-i7,0,2516301160cf1942,"[[0, 1, 2, 3, 4, 5, 6, 7, 8, 9, 10, 11]]",saps_diagonal,0.0036579073160826737,0.0036579073160826737,0.0036579073160826737,7.29139597531627e-05,0.000245806516513652,0.015678217899801367,"{""1"": 12, ""5"": 1}"
s0-i7,0,2516301160cf1942,"[[0, 1, 2, 3, 4, 5, 6, 7, 8, 9, 10, 11]]",p_saps_residualized,0.0036579073160826737,0.0036579073160826737,0.0036579073160826737,7.29139597531627e-05,0.000245806516513652,0.015678217899801367,"{""1"": 12, ""5"": 1}"
s0-i7,0,2516301160cf1942,"[[0, 1, 2, 3, 4, 5, 6, 7, 8, 9, 10, 11]]",p_saps_projection,0.0036579073160826737,0.0036579073160826737,0.0036579073160826737,7.29139597531627e-05,0.000245806516513652,0.015678217899801367,"{""1"": 12, ""5"": 1}"
s0-i7,0,2516301160cf1942,"[[0, 1, 2, 3, 4, 5, 6, 7, 8, 9, 10, 11]]",b_saps_budgeted,0.0036579073160826737,0.0036579073160826737,0.0036579073160826737,7.29139597531627e-05,0.000245806516513652,0.015678217899801367,"{""1"": 12, ""5"": 1}"
s0-i7,0,2516301160cf1942,"[[0, 1, 2, 3, 4, 5, 6, 7, 8, 9, 10, 11]]",random_balanced,0.0036579073160826737,0.0036579073160826737,0.0036579073160826737,0.00035965545356285515,2.1076030324943877e-05,-0.004590863788541746,"{""1"": 12, ""5"": 1}"
s0-i7,0,2516301160cf1942,"[[0, 1, 2, 3, 4, 5, 6, 7, 8, 9, 10, 11]]",confidence,0.0036579073160826737,0.0036579073160826737,0.0036579073160826737,0.00035965545356285515,2.1076030324943877e-05,-0.004590863788541746,"{""1"": 12, ""5"": 1}"
s0-i7,0,2516301160cf1942,"[[0, 1, 2, 3, 4, 5, 6, 7, 8, 9, 10, 11]]",entropy,0.0036579073160826737,0.0036579073160826737,0.0036579073160826737,0.00035965545356285515,2.1076030324943877e-05,-0.004590863788541746,"{""1"": 12, ""5"": 1}"
s0-i7,0,2516301160cf1942,"[[0, 1, 2, 3, 4, 5, 6, 7, 8, 9, 10, 11]]",dependency_cmi,0.0036579073160826737,0.0036579073160826737,0.0036579073160826737,0.00035965545356285515,2.1076030324943877e-05,-0.004590863788541746,"{""1"": 12, ""5"": 1}"
s0-i7,0,2516301160cf1942,"[[0, 1, 2, 3, 4, 5, 6, 7, 8, 9, 10, 11]]",min_within_batch_tc,0.0036579073160826737,0.0036579073160826737,0.0036579073160826737,0.00035965545356285515,2.1076030324943877e-05,-0.004590863788541746,"{""1"": 12, ""5"": 1}"
s0-i7,0,2516301160cf1942,"[[0, 1, 2, 3, 4, 5, 6, 7, 8, 9, 10, 11]]",dprm_myopic,0.0036579073160826737,0.0036579073160826737,0.0036579073160826737,0.00035965545356285515,2.1076030324943877e-05,-0.004590863788541746,"{""1"": 12, ""5"": 1}"
s0-i7,0,2516301160cf1942,"[[0, 1, 2, 3, 4, 5, 6, 7, 8, 9, 10, 11]]",dprm_rollout,0.0036579073160826737,0.0036579073160826737,0.0036579073160826737,0.00035965545356285515,2.1076030324943877e-05,-0.004590863788541746,"{""1"": 12, ""5"": 1}"
s0-i7,0,2516301160cf1942,"[[0, 1, 2, 3, 4, 5, 6, 7, 8, 9, 10, 11]]",subset_exact,0.0036579073160826737,0.0036579073160826737,0.0036579073160826737,0.00035965545356285515,2.1076030324943877e-05,-0.004590863788541746,"{""1"": 12, ""5"": 1}"
s0-i7,0,2516301160cf1942,"[[0, 1, 2, 3, 4, 5, 6, 7, 8, 9, 10, 11]]",subset_beam_8,0.0036579073160826737,0.0036579073160826737,0.0036579073160826737,0.00035965545356285515,2.1076030324943877e-05,-0.004590863788541746,"{""1"": 12, ""5"": 1}"
s0-i7,0,2516301160cf1942,"[[0, 1, 2, 3, 4, 5, 6, 7, 8, 9, 10, 11]]",subset_beam_32,0.0036579073160826737,0.0036579073160826737,0.0036579073160826737,0.00035965545356285515,2.1076030324943877e-05,-0.004590863788541746,"{""1"": 12, ""5"": 1}"
s0-i7,0,2516301160cf1942,"[[0, 1, 2, 3, 4, 5, 6, 7, 8, 9, 10, 11]]",saps_diagonal,0.0036579073160826737,0.0036579073160826737,0.0036579073160826737,0.00035965545356285515,2.1076030324943877e-05,-0.004590863788541746,"{""1"": 12, ""5"": 1}"
s0-i7,0,2516301160cf1942,"[[0, 1, 2, 3, 4, 5, 6, 7, 8, 9, 10, 11]]",p_saps_residualized,0.0036579073160826737,0.0036579073160826737,0.0036579073160826737,0.00035965545356285515,2.1076030324943877e-05,-0.004590863788541746,"{""1"": 12, ""5"": 1}"
s0-i7,0,2516301160cf1942,"[[0, 1, 2, 3, 4, 5, 6, 7, 8, 9, 10, 11]]",p_saps_projection,0.0036579073160826737,0.0036579073160826737,0.0036579073160826737,0.00035965545356285515,2.1076030324943877e-05,-0.004590863788541746,"{""1"": 12, ""5"": 1}"
s0-i7,0,2516301160cf1942,"[[0, 1, 2, 3, 4, 5, 6, 7, 8, 9, 10, 11]]",b_saps_budgeted,0.0036579073160826737,0.0036579073160826737,0.0036579073160826737,0.00035965545356285515,2.1076030324943877e-05,-0.004590863788541746,"{""1"": 12, ""5"": 1}"
s0-i7,0,2516301160cf1942,"[[0, 1, 2, 3, 4, 5, 6, 7, 8, 9, 10, 11]]",random_balanced,0.0036579073160826737,0.0036579073160826737,0.0036579073160826737,0.0010420319331409262,0.0003749843208768685,0.0193645118935869,"{""1"": 12, ""5"": 1}"
s0-i7,0,2516301160cf1942,"[[0, 1, 2, 3, 4, 5, 6, 7, 8, 9, 10, 11]]",confidence,0.0036579073160826737,0.0036579073160826737,0.0036579073160826737,0.0010420319331409262,0.0003749843208768685,0.0193645118935869,"{""1"": 12, ""5"": 1}"
s0-i7,0,2516301160cf1942,"[[0, 1, 2, 3, 4, 5, 6, 7, 8, 9, 10, 11]]",entropy,0.0036579073160826737,0.0036579073160826737,0.0036579073160826737,0.0010420319331409262,0.0003749843208768685,0.0193645118935869,"{""1"": 12, ""5"": 1}"
s0-i7,0,2516301160cf1942,"[[0, 1, 2, 3, 4, 5, 6, 7, 8, 9, 10, 11]]",dependency_cmi,0.0036579073160826737,0.0036579073160826737,0.0036579073160826737,0.0010420319331409262,0.0003749843208768685,0.0193645118935869,"{""1"": 12, ""5"": 1}"
s0-i7,0,2516301160cf1942,"[[0, 1, 2, 3, 4, 5, 6, 7, 8, 9, 10, 11]]",min_within_batch_tc,0.0036579073160826737,0.0036579073160826737,0.0036579073160826737,0.0010420319331409262,0.0003749843208768685,0.0193645118935869,"{""1"": 12, ""5"": 1}"
s0-i7,0,2516301160cf1942,"[[0, 1, 2, 3, 4, 5, 6, 7, 8, 9, 10, 11]]",dprm_myopic,0.0036579073160826737,0.0036579073160826737,0.0036579073160826737,0.0010420319331409262,0.0003749843208768685,0.0193645118935869,"{""1"": 12, ""5"": 1}"
s0-i7,0,2516301160cf1942,"[[0, 1, 2, 3, 4, 5, 6, 7, 8, 9, 10, 11]]",dprm_rollout,0.0036579073160826737,0.0036579073160826737,0.0036579073160826737,0.0010420319331409262,0.0003749843208768685,0.0193645118935869,"{""1"": 12, ""5"": 1}"
s0-i7,0,2516301160cf1942,"[[0, 1, 2, 3, 4, 5, 6, 7, 8, 9, 10, 11]]",subset_exact,0.0036579073160826737,0.0036579073160826737,0.0036579073160826737,0.0010420319331409262,0.0003749843208768685,0.0193645118935869,"{""1"": 12, ""5"": 1}"
s0-i7,0,2516301160cf1942,"[[0, 1, 2, 3, 4, 5, 6, 7, 8, 9, 10, 11]]",subset_beam_8,0.0036579073160826737,0.0036579073160826737,0.0036579073160826737,0.0010420319331409262,0.0003749843208768685,0.0193645118935869,"{""1"": 12, ""5"": 1}"
s0-i7,0,2516301160cf1942,"[[0, 1, 2, 3, 4, 5, 6, 7, 8, 9, 10, 11]]",subset_beam_32,0.0036579073160826737,0.0036579073160826737,0.0036579073160826737,0.0010420319331409262,0.0003749843208768685,0.0193645118935869,"{""1"": 12, ""5"": 1}"
s0-i7,0,2516301160cf1942,"[[0, 1, 2, 3, 4, 5, 6, 7, 8, 9, 10, 11]]",saps_diagonal,0.0036579073160826737,0.0036579073160826737,0.0036579073160826737,0.0010420319331409262,0.0003749843208768685,0.0193645118935869,"{""1"": 12, ""5"": 1}"
s0-i7,0,2516301160cf1942,"[[0, 1, 2, 3, 4, 5, 6, 7, 8, 9, 10, 11]]",p_saps_residualized,0.0036579073160826737,0.0036579073160826737,0.0036579073160826737,0.0010420319331409262,0.0003749843208768685,0.0193645118935869,"{""1"": 12, ""5"": 1}"
s0-i7,0,2516301160cf1942,"[[0, 1, 2, 3, 4, 5, 6, 7, 8, 9, 10, 11]]",p_saps_projection,0.0036579073160826737,0.0036579073160826737,0.0036579073160826737,0.0010420319331409262,0.0003749843208768685,0.0193645118935869,"{""1"": 12, ""5"": 1}"
s0-i7,0,2516301160cf1942,"[[0, 1, 2, 3, 4, 5, 6, 7, 8, 9, 10, 11]]",b_saps_budgeted,0.0036579073160826737,0.0036579073160826737,0.0036579073160826737,0.0010420319331409262,0.0003749843208768685,0.0193645118935869,"{""1"": 12, ""5"": 1}"
s0-i7,0,6dda37ad97f87a9b,"[[0, 2, 3, 4, 7, 11], [1, 5, 6, 8, 9, 10]]",random_balanced,0.0036579073160826737,0.0036579073160826737,0.0036579073160826737,7.320818782236523e-05,1.0627323270205191,1.0308890954028562,"{""1"": 12, ""3"": 1}"
s0-i7,0,566e3b5363a74fde,"[[1, 3, 4, 7, 9, 11], [0, 2, 5, 6, 8, 10]]",confidence,0.0036579073160826737,0.0036579073160826737,0.0036579073160826737,7.320818782236523e-05,0.00011497532166855163,0.010722654599890441,"{""1"": 12, ""3"": 1}"
s0-i7,0,3935551c0b62bfa7,"[[1, 3, 4, 5, 9, 11], [0, 2, 6, 7, 8, 10]]",entropy,0.0036579073160826737,0.0036579073160826737,0.0036579073160826737,0.00017221610903499622,0.000245806516513652,0.015678217899801367,"{""1"": 12, ""2"": 1}"
s0-i7,0,bb8416efa8d08403,"[[0, 5, 7, 8, 9, 10], [1, 2, 3, 4, 6, 11]]",dependency_cmi,0.0036579073160826737,0.0036579073160826737,0.0036579073160826737,7.320818782236523e-05,0.00016893938785769212,-0.01299766855469442,"{""1"": 12, ""3"": 1}"
s0-i7,0,edfe1051c3001a2d,"[[0, 6, 7, 8, 9, 11], [1, 2, 3, 4, 5, 10]]",min_within_batch_tc,0.0036579073160826737,0.0036579073160826737,0.0036579073160826737,7.320818782236523e-05,3.2853913774327166e-05,-0.005731833369379048,"{""1"": 12, ""3"": 1}"
s0-i7,0,313f72b6ec4cbfbd,"[[0, 2, 3, 5, 6, 9], [1, 4, 7, 8, 10, 11]]",dprm_myopic,0.0036579073160826737,0.0036579073160826737,0.0036579073160826737,7.29139597531627e-05,0.0007522889249481424,0.02742788590008611,"{""1"": 12, ""5"": 1}"
s0-i7,0,313f72b6ec4cbfbd,"[[0, 2, 3, 5, 6, 9], [1, 4, 7, 8, 10, 11]]",dprm_rollout,0.0036579073160826737,0.0036579073160826737,0.0036579073160826737,7.29139597531627e-05,0.0007522889249481424,0.02742788590008611,"{""1"": 12, ""5"": 1}"
s0-i7,0,bfe8dba1cf91d63b,"[[0, 2, 3, 4, 5, 6], [1, 7, 8, 9, 10, 11]]",subset_exact,1.0000000000000002,1.0000000000000002,1.0000000000000002,0.01993324391127292,0.0007522889249481424,0.02742788590008611,"{""1"": 13}"
s0-i7,0,bfe8dba1cf91d63b,"[[0, 2, 3, 4, 5, 6], [1, 7, 8, 9, 10, 11]]",subset_beam_8,1.0000000000000002,1.0000000000000002,1.0000000000000002,0.01993324391127292,0.0007522889249481424,0.02742788590008611,"{""1"": 13}"
s0-i7,0,bfe8dba1cf91d63b,"[[0, 2, 3, 4, 5, 6], [1, 7, 8, 9, 10, 11]]",subset_beam_32,1.0000000000000002,1.0000000000000002,1.0000000000000002,0.01993324391127292,0.0007522889249481424,0.02742788590008611,"{""1"": 13}"
s0-i7,0,6dda37ad97f87a9b,"[[0, 2, 3, 4, 7, 11], [1, 5, 6, 8, 9, 10]]",saps_diagonal,0.0036579073160826737,0.0036579073160826737,0.0036579073160826737,7.320818782236523e-05,1.0627323270205191,1.0308890954028562,"{""1"": 12, ""3"": 1}"
s0-i7,0,bfe8dba1cf91d63b,"[[0, 2, 3, 4, 5, 6], [1, 7, 8, 9, 10, 11]]",p_saps_residualized,1.0000000000000002,1.0000000000000002,1.0000000000000002,0.01993324391127292,0.0007522889249481424,0.02742788590008611,"{""1"": 13}"
s0-i7,0,bfe8dba1cf91d63b,"[[0, 2, 3, 4, 5, 6], [1, 7, 8, 9, 10, 11]]",p_saps_projection,1.0000000000000002,1.0000000000000002,1.0000000000000002,0.01993324391127292,0.0007522889249481424,0.02742788590008611,"{""1"": 13}"
s0-i7,0,bfe8dba1cf91d63b,"[[0, 2, 3, 4, 5, 6], [1, 7, 8, 9, 10, 11]]",b_saps_budgeted,1.0000000000000002,1.0000000000000002,1.0000000000000002,0.01993324391127292,0.0007522889249481424,0.02742788590008611,"{""1"": 13}"
s0-i7,0,6dda37ad97f87a9b,"[[0, 2, 3, 4, 7, 11], [1, 5, 6, 8, 9, 10]]",random_balanced,0.0036579073160826737,0.0036579073160826737,0.0036579073160826737,0.0003959408964671937,2.1076030324943846e-05,-0.004590863788541743,"{""1"": 12, ""3"": 1}"
s0-i7,0,566e3b5363a74fde,"[[1, 3, 4, 7, 9, 11], [0, 2, 5, 6, 8, 10]]",confidence,0.0036579073160826737,0.0036579073160826737,0.0036579073160826737,0.0003959408964671937,0.0,0.0,"{""1"": 12, ""3"": 1}"
s0-i7,0,3935551c0b62bfa7,"[[1, 3, 4, 5, 9, 11], [0, 2, 6, 7, 8, 10]]",entropy,0.0036579073160826737,0.0036579073160826737,0.0036579073160826737,0.002809026964449191,2.107603032494426e-05,0.004590863788541788,"{""1"": 12, ""2"": 1}"
s0-i7,0,bb8416efa8d08403,"[[0, 5, 7, 8, 9, 10], [1, 2, 3, 4, 6, 11]]",dependency_cmi,0.0036579073160826737,0.0036579073160826737,0.0036579073160826737,0.0003959408964671937,0.9965663798664878,0.998281713679304,"{""1"": 12, ""3"": 1}"
s0-i7,0,edfe1051c3001a2d,"[[0, 6, 7, 8, 9, 11], [1, 2, 3, 4, 5, 10]]",min_within_batch_tc,0.0036579073160826737,0.0036579073160826737,0.0036579073160826737,0.0003959408964671937,0.0008614995747766522,-0.029351312999193958,"{""1"": 12, ""3"": 1}"
s0-i7,0,313f72b6ec4cbfbd,"[[0, 2, 3, 5, 6, 9], [1, 4, 7, 8, 10, 11]]",dprm_myopic,0.0036579073160826737,0.0036579073160826737,0.0036579073160826737,0.00035965545356285515,0.0005799595724473272,0.024082349811580413,"{""1"": 12, ""5"": 1}"
s0-i7,0,313f72b6ec4cbfbd,"[[0, 2, 3, 5, 6, 9], [1, 4, 7, 8, 10, 11]]",dprm_rollout,0.0036579073160826737,0.0036579073160826737,0.0036579073160826737,0.00035965545356285515,0.0005799595724473272,0.024082349811580413,"{""1"": 12, ""5"": 1}"
s0-i7,0,bfe8dba1cf91d63b,"[[0, 2, 3, 4, 5, 6], [1, 7, 8, 9, 10, 11]]",subset_exact,1.0000000000000002,1.0000000000000002,1.0000000000000002,0.09832187834349397,2.107603032494324e-05,-0.004590863788541677,"{""1"": 13}"
s0-i7,0,bfe8dba1cf91d63b,"[[0, 2, 3, 4, 5, 6], [1, 7, 8, 9, 10, 11]]",subset_beam_8,1.0000000000000002,1.0000000000000002,1.0000000000000002,0.09832187834349397,2.107603032494324e-05,-0.004590863788541677,"{""1"": 13}"
s0-i7,0,bfe8dba1cf91d63b,"[[0, 2, 3, 4, 5, 6], [1, 7, 8, 9, 10, 11]]",subset_beam_32,1.0000000000000002,1.0000000000000002,1.0000000000000002,0.09832187834349397,2.107603032494324e-05,-0.004590863788541677,"{""1"": 13}"
s0-i7,0,6dda37ad97f87a9b,"[[0, 2, 3, 4, 7, 11], [1, 5, 6, 8, 9, 10]]",saps_diagonal,0.0036579073160826737,0.0036579073160826737,0.0036579073160826737,0.0003959408964671937,2.1076030324943846e-05,-0.004590863788541743,"{""1"": 12, ""3"": 1}"
s0-i7,0,bfe8dba1cf91d63b,"[[0, 2, 3, 4, 5, 6], [1, 7, 8, 9, 10, 11]]",p_saps_residualized,1.0000000000000002,1.0000000000000002,1.0000000000000002,0.09832187834349397,2.107603032494324e-05,-0.004590863788541677,"{""1"": 13}"
s0-i7,0,bfe8dba1cf91d63b,"[[0, 2, 3, 4, 5, 6], [1, 7, 8, 9, 10, 11]]",p_saps_projection,1.0000000000000002,1.0000000000000002,1.0000000000000002,0.09832187834349397,2.107603032494324e-05,-0.004590863788541677,"{""1"": 13}"
s0-i7,0,bfe8dba1cf91d63b,"[[0, 2, 3, 4, 5, 6], [1, 7, 8, 9, 10, 11]]",b_saps_budgeted,1.0000000000000002,1.0000000000000002,1.0000000000000002,0.09832187834349397,2.107603032494324e-05,-0.004590863788541677,"{""1"": 13}"
s0-i7,0,6dda37ad97f87a9b,"[[0, 2, 3, 4, 7, 11], [1, 5, 6, 8, 9, 10]]",random_balanced,0.0036579073160826737,0.0036579073160826737,0.0036579073160826737,0.001988314924137848,0.9668322943927393,-0.9832763062297084,"{""1"": 12, ""3"": 1}"
s0-i7,0,566e3b5363a74fde,"[[1, 3, 4, 7, 9, 11], [0, 2, 5, 6, 8, 10]]",confidence,0.0036579073160826737,0.0036579073160826737,0.0036579073160826737,0.001988314924137848,0.9310817583272594,-0.9649257786624106,"{""1"": 12, ""3"": 1}"
s0-i7,0,3935551c0b62bfa7,"[[1, 3, 4, 5, 9, 11], [0, 2, 6, 7, 8, 10]]",entropy,0.0036579073160826737,0.0036579073160826737,0.0036579073160826737,0.022340673731351405,1.0696459329632213,1.034236884356394,"{""1"": 12, ""2"": 1}"
s0-i7,0,bb8416efa8d08403,"[[0, 5, 7, 8, 9, 10], [1, 2, 3, 4, 6, 11]]",dependency_cmi,0.0036579073160826737,0.0036579073160826737,0.0036579073160826737,0.001988314924137848,0.0007596273863541713,0.02756133861687729,"{""1"": 12, ""3"": 1}"
s0-i7,0,edfe1051c3001a2d,"[[0, 6, 7, 8, 9, 11], [1, 2, 3, 4, 5, 10]]",min_within_batch_tc,0.0036579073160826737,0.0036579073160826737,0.0036579073160826737,0.001988314924137848,1.0696087543972608,1.034218910287982,"{""1"": 12, ""3"": 1}"
s0-i7,0,313f72b6ec4cbfbd,"[[0, 2, 3, 5, 6, 9], [1, 4, 7, 8, 10, 11]]",dprm_myopic,0.0036579073160826737,0.0036579073160826737,0.0036579073160826737,0.0010420319331409262,1.1979971222066593e-05,-0.0034612095027701795,"{""1"": 12, ""5"": 1}"
s0-i7,0,313f72b6ec4cbfbd,"[[0, 2, 3, 5, 6, 9], [1, 4, 7, 8, 10, 11]]",dprm_rollout,0.0036579073160826737,0.0036579073160826737,0.0036579073160826737,0.0010420319331409262,1.1979971222066593e-05,-0.0034612095027701795,"{""1"": 12, ""5"": 1}"
s0-i7,0,bfe8dba1cf91d63b,"[[0, 2, 3, 4, 5, 6], [1, 7, 8, 9, 10, 11]]",subset_exact,1.0000000000000002,1.0000000000000002,1.0000000000000002,0.2846696785450581,5.95484969123017e-06,0.002440256070831537,"{""1"": 13}"
s0-i7,0,bfe8dba1cf91d63b,"[[0, 2, 3, 4, 5, 6], [1, 7, 8, 9, 10, 11]]",subset_beam_8,1.0000000000000002,1.0000000000000002,1.0000000000000002,0.2846696785450581,5.95484969123017e-06,0.002440256070831537,"{""1"": 13}"
s0-i7,0,bfe8dba1cf91d63b,"[[0, 2, 3, 4, 5, 6], [1, 7, 8, 9, 10, 11]]",subset_beam_32,1.0000000000000002,1.0000000000000002,1.0000000000000002,0.2846696785450581,5.95484969123017e-06,0.002440256070831537,"{""1"": 13}"
s0-i7,0,6dda37ad97f87a9b,"[[0, 2, 3, 4, 7, 11], [1, 5, 6, 8, 9, 10]]",saps_diagonal,0.0036579073160826737,0.0036579073160826737,0.0036579073160826737,0.001988314924137848,0.9668322943927393,-0.9832763062297084,"{""1"": 12, ""3"": 1}"
s0-i7,0,bfe8dba1cf91d63b,"[[0, 2, 3, 4, 5, 6], [1, 7, 8, 9, 10, 11]]",p_saps_residualized,1.0000000000000002,1.0000000000000002,1.0000000000000002,0.2846696785450581,5.95484969123017e-06,0.002440256070831537,"{""1"": 13}"
s0-i7,0,bfe8dba1cf91d63b,"[[0, 2, 3, 4, 5, 6], [1, 7, 8, 9, 10, 11]]",p_saps_projection,1.0000000000000002,1.0000000000000002,1.0000000000000002,0.2846696785450581,5.95484969123017e-06,0.002440256070831537,"{""1"": 13}"
s0-i7,0,bfe8dba1cf91d63b,"[[0, 2, 3, 4, 5, 6], [1, 7, 8, 9, 10, 11]]",b_saps_budgeted,1.0000000000000002,1.0000000000000002,1.0000000000000002,0.2846696785450581,5.95484969123017e-06,0.002440256070831537,"{""1"": 13}"
s0-i7,0,749ca3f4f0439bb7,"[[0, 2, 3, 11], [1, 4, 5, 7], [6, 8, 9, 10]]",random_balanced,0.0036579073160826737,0.0036579073160826737,0.0036579073160826737,0.00017221610903499622,1.0575866924229127,1.0283903404947523,"{""1"": 12, ""2"": 1}"
s0-i7,0,9ff9f4eac9a58d04,"[[1, 3, 9, 11], [4, 5, 7, 10], [0, 2, 6, 8]]",confidence,0.0036579073160826737,0.0036579073160826737,0.0036579073160826737,0.00017221610903499622,0.000245806516513652,0.015678217899801367,"{""1"": 12, ""2"": 1}"
s0-i7,0,8a6bfa7e317ac766,"[[1, 3, 9, 11], [0, 4, 5, 7], [2, 6, 8, 10]]",entropy,0.0036579073160826737,0.0036579073160826737,0.0036579073160826737,0.00017221610903499622,0.0005300190103542232,-0.023022141741250383,"{""1"": 12, ""2"": 1}"
s0-i7,0,bd683e97d6ee8079,"[[5, 7, 8, 9], [1, 6, 10, 11], [0, 2, 3, 4]]",dependency_cmi,0.0036579073160826737,0.0036579073160826737,0.0036579073160826737,0.00017221610903499622,0.0,0.0,"{""1"": 12, ""2"": 1}"
s0-i7,0,09b8f5906248ef18,"[[0, 7, 9, 11], [5, 6, 8, 10], [1, 2, 3, 4]]",min_within_batch_tc,0.0036579073160826737,0.0036579073160826737,0.0036579073160826737,0.00017221610903499622,1.0536680703811554,1.0264833512440206,"{""1"": 12, ""2"": 1}"
s0-i7,0,f892abe37043edf6,"[[2, 3, 5, 6], [0, 1, 4, 9], [7, 8, 10, 11]]",dprm_myopic,1.0000000000000002,1.0000000000000002,1.0000000000000002,0.01993324391127292,0.0007004190541818983,0.026465431305419874,"{""1"": 13}"
s0-i7,0,f892abe37043edf6,"[[2, 3, 5, 6], [0, 1, 4, 9], [7, 8, 10, 11]]",dprm_rollout,1.0000000000000002,1.0000000000000002,1.0000000000000002,0.01993324391127292,0.0007004190541818983,0.026465431305419874,"{""1"": 13}"
s0-i7,0,7643fd17bf8a54b4,"[[0, 2, 3, 6], [1, 4, 5, 7], [8, 9, 10, 11]]",subset_exact,1.0000000000000002,1.0000000000000002,1.0000000000000002,0.01993324391127292,1.02535244158217,1.012596880096996,"{""1"": 13}"
s0-i7,0,7643fd17bf8a54b4,"[[0, 2, 3, 6], [1, 4, 5, 7], [8, 9, 10, 11]]",subset_beam_8,1.0000000000000002,1.0000000000000002,1.0000000000000002,0.01993324391127292,1.02535244158217,1.012596880096996,"{""1"": 13}"
s0-i7,0,7643fd17bf8a54b4,"[[0, 2, 3, 6], [1, 4, 5, 7], [8, 9, 10, 11]]",subset_beam_32,1.0000000000000002,1.0000000000000002,1.0000000000000002,0.01993324391127292,1.02535244158217,1.012596880096996,"{""1"": 13}"
s0-i7,0,7643fd17bf8a54b4,"[[0, 2, 3, 6], [1, 4, 5, 7], [8, 9, 10, 11]]",saps_diagonal,1.0000000000000002,1.0000000000000002,1.0000000000000002,0.01993324391127292,1.02535244158217,1.012596880096996,"{""1"": 13}"
s0-i7,0,7643fd17bf8a54b4,"[[0, 2, 3, 6], [1, 4, 5, 7], [8, 9, 10, 11]]",p_saps_residualized,1.0000000000000002,1.0000000000000002,1.0000000000000002,0.01993324391127292,1.02535244158217,1.012596880096996,"{""1"": 13}"
s0-i7,0,7643fd17bf8a54b4,"[[0, 2, 3, 6], [1, 4, 5, 7], [8, 9, 10, 11]]",p_saps_projection,1.0000000000000002,1.0000000000000002,1.0000000000000002,0.01993324391127292,1.02535244158217,1.012596880096996,"{""1"": 13}"
s0-i7,0,7643fd17bf8a54b4,"[[0, 2, 3, 6], [1, 4, 5, 7], [8, 9, 10, 11]]",b_saps_budgeted,1.0000000000000002,1.0000000000000002,1.0000000000000002,0.01993324391127292,1.02535244158217,1.012596880096996,"{""1"": 13}"
s0-i7,0,749ca3f4f0439bb7,"[[0, 2, 3, 11], [1, 4, 5, 7], [6, 8, 9, 10]]",random_balanced,0.0036579073160826737,0.0036579073160826737,0.0036579073160826737,0.002809026964449191,1.0330267351262432,1.0163792280080517,"{""1"": 12, ""2"": 1}"
s0-i7,0,9ff9f4eac9a58d04,"[[1, 3, 9, 11], [4, 5, 7, 10], [0, 2, 6, 8]]",confidence,0.0036579073160826737,0.0036579073160826737,0.0036579073160826737,0.002809026964449191,2.107603032494426e-05,0.004590863788541788,"{""1"": 12, ""2"": 1}"
s0-i7,0,8a6bfa7e317ac766,"[[1, 3, 9, 11], [0, 4, 5, 7], [2, 6, 8, 10]]",entropy,0.0036579073160826737,0.0036579073160826737,0.0036579073160826737,0.002809026964449191,0.0,0.0,"{""1"": 12, ""2"": 1}"
s0-i7,0,bd683e97d6ee8079,"[[5, 7, 8, 9], [1, 6, 10, 11], [0, 2, 3, 4]]",dependency_cmi,0.0036579073160826737,0.0036579073160826737,0.0036579073160826737,0.002809026964449191,0.0004990076854638226,0.022338479927332178,"{""1"": 12, ""2"": 1}"
s0-i7,0,09b8f5906248ef18,"[[0, 7, 9, 11], [5, 6, 8, 10], [1, 2, 3, 4]]",min_within_batch_tc,0.0036579073160826737,0.0036579073160826737,0.0036579073160826737,0.002809026964449191,0.9371808770695547,-0.968081028152889,"{""1"": 12, ""2"": 1}"
s0-i7,0,f892abe37043edf6,"[[2, 3, 5, 6], [0, 1, 4, 9], [7, 8, 10, 11]]",dprm_myopic,1.0000000000000002,1.0000000000000002,1.0000000000000002,0.09832187834349397,1.025988143537115,1.0129107283157361,"{""1"": 13}"
s0-i7,0,f892abe37043edf6,"[[2, 3, 5, 6], [0, 1, 4, 9], [7, 8, 10, 11]]",dprm_rollout,1.0000000000000002,1.0000000000000002,1.0000000000000002,0.09832187834349397,1.025988143537115,1.0129107283157361,"{""1"": 13}"
s0-i7,0,7643fd17bf8a54b4,"[[0, 2, 3, 6], [1, 4, 5, 7], [8, 9, 10, 11]]",subset_exact,1.0000000000000002,1.0000000000000002,1.0000000000000002,0.09832187834349397,2.107603032494324e-05,-0.004590863788541677,"{""1"": 13}"
s0-i7,0,7643fd17bf8a54b4,"[[0, 2, 3, 6], [1, 4, 5, 7], [8, 9, 10, 11]]",subset_beam_8,1.0000000000000002,1.0000000000000002,1.0000000000000002,0.09832187834349397,2.107603032494324e-05,-0.004590863788541677,"{""1"": 13}"
s0-i7,0,7643fd17bf8a54b4,"[[0, 2, 3, 6], [1, 4, 5, 7], [8, 9, 10, 11]]",subset_beam_32,1.0000000000000002,1.0000000000000002,1.0000000000000002,0.09832187834349397,2.107603032494324e-05,-0.004590863788541677,"{""1"": 13}"
s0-i7,0,7643fd17bf8a54b4,"[[0, 2, 3, 6], [1, 4, 5, 7], [8, 9, 10, 11]]",saps_diagonal,1.0000000000000002,1.0000000000000002,1.0000000000000002,0.09832187834349397,2.107603032494324e-05,-0.004590863788541677,"{""1"": 13}"
s0-i7,0,7643fd17bf8a54b4,"[[0, 2, 3, 6], [1, 4, 5, 7], [8, 9, 10, 11]]",p_saps_residualized,1.0000000000000002,1.0000000000000002,1.0000000000000002,0.09832187834349397,2.107603032494324e-05,-0.004590863788541677,"{""1"": 13}"
s0-i7,0,7643fd17bf8a54b4,"[[0, 2, 3, 6], [1, 4, 5, 7], [8, 9, 10, 11]]",p_saps_projection,1.0000000000000002,1.0000000000000002,1.0000000000000002,0.09832187834349397,2.107603032494324e-05,-0.004590863788541677,"{""1"": 13}"
s0-i7,0,7643fd17bf8a54b4,"[[0, 2, 3, 6], [1, 4, 5, 7], [8, 9, 10, 11]]",b_saps_budgeted,1.0000000000000002,1.0000000000000002,1.0000000000000002,0.09832187834349397,2.107603032494324e-05,-0.004590863788541677,"{""1"": 13}"
s0-i7,0,749ca3f4f0439bb7,"[[0, 2, 3, 11], [1, 4, 5, 7], [6, 8, 9, 10]]",random_balanced,0.0036579073160826737,0.0036579073160826737,0.0036579073160826737,0.022340673731351405,9.041882341268352e-05,-0.009508881291334093,"{""1"": 12, ""2"": 1}"
s0-i7,0,9ff9f4eac9a58d04,"[[1, 3, 9, 11], [4, 5, 7, 10], [0, 2, 6, 8]]",confidence,0.0036579073160826737,0.0036579073160826737,0.0036579073160826737,0.022340673731351405,0.0009641103171786156,0.03105012588023784,"{""1"": 12, ""2"": 1}"
s0-i7,0,8a6bfa7e317ac766,"[[1, 3, 9, 11], [0, 4, 5, 7], [2, 6, 8, 10]]",entropy,0.0036579073160826737,0.0036579073160826737,0.0036579073160826737,0.022340673731351405,1.0299779280510548,1.0148782823822051,"{""1"": 12, ""2"": 1}"
s0-i7,0,bd683e97d6ee8079,"[[5, 7, 8, 9], [1, 6, 10, 11], [0, 2, 3, 4]]",dependency_cmi,0.0036579073160826737,0.0036579073160826737,0.0036579073160826737,0.022340673731351405,7.110827552850799e-05,0.0084325722960736,"{""1"": 12, ""2"": 1}"
s0-i7,0,09b8f5906248ef18,"[[0, 7, 9, 11], [5, 6, 8, 10], [1, 2, 3, 4]]",min_within_batch_tc,0.0036579073160826737,0.0036579073160826737,0.0036579073160826737,0.022340673731351405,0.9897953987654472,0.9948846158049923,"{""1"": 12, ""2"": 1}"
s0-i7,0,f892abe37043edf6,"[[2, 3, 5, 6], [0, 1, 4, 9], [7, 8, 10, 11]]",dprm_myopic,1.0000000000000002,1.0000000000000002,1.0000000000000002,0.2846696785450581,0.00024994244200366236,0.015809568052406187,"{""1"": 13}"
s0-i7,0,f892abe37043edf6,"[[2, 3, 5, 6], [0, 1, 4, 9], [7, 8, 10, 11]]",dprm_rollout,1.0000000000000002,1.0000000000000002,1.0000000000000002,0.2846696785450581,0.00024994244200366236,0.015809568052406187,"{""1"": 13}"
s0-i7,0,7643fd17bf8a54b4,"[[0, 2, 3, 6], [1, 4, 5, 7], [8, 9, 10, 11]]",subset_exact,1.0000000000000002,1.0000000000000002,1.0000000000000002,0.2846696785450581,0.0005239960544006768,0.022890960102203595,"{""1"": 13}"
s0-i7,0,7643fd17bf8a54b4,"[[0, 2, 3, 6], [1, 4, 5, 7], [8, 9, 10, 11]]",subset_beam_8,1.0000000000000002,1.0000000000000002,1.0000000000000002,0.2846696785450581,0.0005239960544006768,0.022890960102203595,"{""1"": 13}"
s0-i7,0,7643fd17bf8a54b4,"[[0, 2, 3, 6], [1, 4, 5, 7], [8, 9, 10, 11]]",subset_beam_32,1.0000000000000002,1.0000000000000002,1.0000000000000002,0.2846696785450581,0.0005239960544006768,0.022890960102203595,"{""1"": 13}"
s0-i7,0,7643fd17bf8a54b4,"[[0, 2, 3, 6], [1, 4, 5, 7], [8, 9, 10, 11]]",saps_diagonal,1.0000000000000002,1.0000000000000002,1.0000000000000002,0.2846696785450581,0.0005239960544006768,0.022890960102203595,"{""1"": 13}"
s0-i7,0,7643fd17bf8a54b4,"[[0, 2, 3, 6], [1, 4, 5, 7], [8, 9, 10, 11]]",p_saps_residualized,1.0000000000000002,1.0000000000000002,1.0000000000000002,0.2846696785450581,0.0005239960544006768,0.022890960102203595,"{""1"": 13}"
s0-i7,0,7643fd17bf8a54b4,"[[0, 2, 3, 6], [1, 4, 5, 7], [8, 9, 10, 11]]",p_saps_projection,1.0000000000000002,1.0000000000000002,1.0000000000000002,0.2846696785450581,0.0005239960544006768,0.022890960102203595,"{""1"": 13}"
s0-i7,0,7643fd17bf8a54b4,"[[0, 2, 3, 6], [1, 4, 5, 7], [8, 9, 10, 11]]",b_saps_budgeted,1.0000000000000002,1.0000000000000002,1.0000000000000002,0.2846696785450581,0.0005239960544006768,0.022890960102203595,"{""1"": 13}"
s0-i7,0,413bc3024dd2c6ab,"[[0, 3, 11], [2, 4, 7], [1, 5, 10], [6, 8, 9]]",random_balanced,0.0036579073160826737,0.0036579073160826737,0.0036579073160826737,0.00017221610903499622,0.0002313707944129396,0.015210877503054832,"{""1"": 12, ""2"": 1}"
s0-i7,0,495e07c828ad1c5a,"[[1, 3, 9], [4, 7, 11], [2, 5, 10], [0, 6, 8]]",confidence,1.0000000000000002,1.0000000000000002,1.0000000000000002,0.01993324391127292,0.00011497532166855163,0.010722654599890441,"{""1"": 13}"
s0-i7,0,74eeb6a2fd9fdba8,"[[1, 3, 9], [4, 5, 11], [0, 7, 10], [2, 6, 8]]",entropy,0.0036579073160826737,0.0036579073160826737,0.0036579073160826737,0.00017221610903499622,0.000245806516513652,-0.015678217899801367,"{""1"": 12, ""2"": 1}"
s0-i7,0,42794c8575b40dee,"[[5, 7, 9], [1, 6, 11], [2, 3, 10], [0, 4, 8]]",dependency_cmi,0.0036579073160826737,0.0036579073160826737,0.0036579073160826737,0.00017221610903499622,0.9917274373248549,0.9958551286833115,"{""1"": 12, ""2"": 1}"
s0-i7,0,650e93483baf420f,"[[7, 9, 11], [6, 8, 10], [3, 4, 5], [0, 1, 2]]",min_within_batch_tc,1.0000000000000002,1.0000000000000002,1.0000000000000002,0.01993324391127292,1.044748323754741,1.0221293087250463,"{""1"": 13}"
s0-i7,0,cd99c5d2adfda879,"[[2, 3, 5], [0, 6, 9], [1, 4, 7], [8, 10, 11]]",dprm_myopic,0.0036579073160826737,0.0036579073160826737,0.0036579073160826737,0.00017221610903499622,0.0007522889249481424,0.02742788590008611,"{""1"": 12, ""2"": 1}"
s0-i7,0,cd99c5d2adfda879,"[[2, 3, 5], [0, 6, 9], [1, 4, 7], [8, 10, 11]]",dprm_rollout,0.0036579073160826737,0.0036579073160826737,0.0036579073160826737,0.00017221610903499622,0.0007522889249481424,0.02742788590008611,"{""1"": 12, ""2"": 1}"
s0-i7,0,51dba45c33819a30,"[[0, 3, 6], [2, 4, 7], [1, 5, 10], [8, 9, 11]]",subset_exact,1.0000000000000002,1.0000000000000002,1.0000000000000002,0.01993324391127292,1.1979971222065055e-05,0.0034612095027699574,"{""1"": 13}"
s0-i7,0,51dba45c33819a30,"[[0, 3, 6], [2, 4, 7], [1, 5, 10], [8, 9, 11]]",subset_beam_8,1.0000000000000002,1.0000000000000002,1.0000000000000002,0.01993324391127292,1.1979971222065055e-05,0.0034612095027699574,"{""1"": 13}"
s0-i7,0,51dba45c33819a30,"[[0, 3, 6], [2, 4, 7], [1, 5, 10], [8, 9, 11]]",subset_beam_32,1.0000000000000002,1.0000000000000002,1.0000000000000002,0.01993324391127292,1.1979971222065055e-05,0.0034612095027699574,"{""1"": 13}"
s0-i7,0,51dba45c33819a30,"[[0, 3, 6], [2, 4, 7], [1, 5, 10], [8, 9, 11]]",saps_diagonal,1.0000000000000002,1.0000000000000002,1.0000000000000002,0.01993324391127292,1.1979971222065055e-05,0.0034612095027699574,"{""1"": 13}"
s0-i7,0,51dba45c33819a30,"[[0, 3, 6], [2, 4, 7], [1, 5, 10], [8, 9, 11]]",p_saps_residualized,1.0000000000000002,1.0000000000000002,1.0000000000000002,0.01993324391127292,1.1979971222065055e-05,0.0034612095027699574,"{""1"": 13}"
s0-i7,0,51dba45c33819a30,"[[0, 3, 6], [2, 4, 7], [1, 5, 10], [8, 9, 11]]",p_saps_projection,1.0000000000000002,1.0000000000000002,1.0000000000000002,0.01993324391127292,1.1979971222065055e-05,0.0034612095027699574,"{""1"": 13}"
s0-i7,0,51dba45c33819a30,"[[0, 3, 6], [2, 4, 7], [1, 5, 10], [8, 9, 11]]",b_saps_budgeted,1.0000000000000002,1.0000000000000002,1.0000000000000002,0.01993324391127292,1.1979971222065055e-05,0.0034612095027699574,"{""1"": 13}"
s0-i7,0,413bc3024dd2c6ab,"[[0, 3, 11], [2, 4, 7], [1, 5, 10], [6, 8, 9]]",random_balanced,0.0036579073160826737,0.0036579073160826737,0.0036579073160826737,0.002809026964449191,1.0466152670505597,1.0230421628899562,"{""1"": 12, ""2"": 1}"
s0-i7,0,495e07c828ad1c5a,"[[1, 3, 9], [4, 7, 11], [2, 5, 10], [0, 6, 8]]",confidence,1.0000000000000002,1.0000000000000002,1.0000000000000002,0.09832187834349397,0.0004990076854638206,0.022338479927332133,"{""1"": 13}"
s0-i7,0,74eeb6a2fd9fdba8,"[[1, 3, 9], [4, 5, 11], [0, 7, 10], [2, 6, 8]]",entropy,0.0036579073160826737,0.0036579073160826737,0.0036579073160826737,0.002809026964449191,0.0007251895529676747,0.026929343715873855,"{""1"": 12, ""2"": 1}"
s0-i7,0,42794c8575b40dee,"[[5, 7, 9], [1, 6, 11], [2, 3, 10], [0, 4, 8]]",dependency_cmi,0.0036579073160826737,0.0036579073160826737,0.0036579073160826737,0.002809026964449191,0.0004990076854638226,0.022338479927332178,"{""1"": 12, ""2"": 1}"
s0-i7,0,650e93483baf420f,"[[7, 9, 11], [6, 8, 10], [3, 4, 5], [0, 1, 2]]",min_within_batch_tc,1.0000000000000002,1.0000000000000002,1.0000000000000002,0.09832187834349397,0.0,0.0,"{""1"": 13}"
s0-i7,0,cd99c5d2adfda879,"[[2, 3, 5], [0, 6, 9], [1, 4, 7], [8, 10, 11]]",dprm_myopic,0.0036579073160826737,0.0036579073160826737,0.0036579073160826737,0.002809026964449191,1.0430895033804757,1.021317533081889,"{""1"": 12, ""2"": 1}"
s0-i7,0,cd99c5d2adfda879,"[[2, 3, 5], [0, 6, 9], [1, 4, 7], [8, 10, 11]]",dprm_rollout,0.0036579073160826737,0.0036579073160826737,0.0036579073160826737,0.002809026964449191,1.0430895033804757,1.021317533081889,"{""1"": 12, ""2"": 1}"
s0-i7,0,51dba45c33819a30,"[[0, 3, 6], [2, 4, 7], [1, 5, 10], [8, 9, 11]]",subset_exact,1.0000000000000002,1.0000000000000002,1.0000000000000002,0.09832187834349397,0.00010076447244500261,-0.010038150847890392,"{""1"": 13}"
s0-i7,0,51dba45c33819a30,"[[0, 3, 6], [2, 4, 7], [1, 5, 10], [8, 9, 11]]",subset_beam_8,1.0000000000000002,1.0000000000000002,1.0000000000000002,0.09832187834349397,0.00010076447244500261,-0.010038150847890392,"{""1"": 13}"
s0-i7,0,51dba45c33819a30,"[[0, 3, 6], [2, 4, 7], [1, 5, 10], [8, 9, 11]]",subset_beam_32,1.0000000000000002,1.0000000000000002,1.0000000000000002,0.09832187834349397,0.00010076447244500261,-0.010038150847890392,"{""1"": 13}"
s0-i7,0,51dba45c33819a30,"[[0, 3, 6], [2, 4, 7], [1, 5, 10], [8, 9, 11]]",saps_diagonal,1.0000000000000002,1.0000000000000002,1.0000000000000002,0.09832187834349397,0.00010076447244500261,-0.010038150847890392,"{""1"": 13}"
s0-i7,0,51dba45c33819a30,"[[0, 3, 6], [2, 4, 7], [1, 5, 10], [8, 9, 11]]",p_saps_residualized,1.0000000000000002,1.0000000000000002,1.0000000000000002,0.09832187834349397,0.00010076447244500261,-0.010038150847890392,"{""1"": 13}"
s0-i7,0,51dba45c33819a30,"[[0, 3, 6], [2, 4, 7], [1, 5, 10], [8, 9, 11]]",p_saps_projection,1.0000000000000002,1.0000000000000002,1.0000000000000002,0.09832187834349397,0.00010076447244500261,-0.010038150847890392,"{""1"": 13}"
s0-i7,0,51dba45c33819a30,"[[0, 3, 6], [2, 4, 7], [1, 5, 10], [8, 9, 11]]",b_saps_budgeted,1.0000000000000002,1.0000000000000002,1.0000000000000002,0.09832187834349397,0.00010076447244500261,-0.010038150847890392,"{""1"": 13}"
s0-i7,0,413bc3024dd2c6ab,"[[0, 3, 11], [2, 4, 7], [1, 5, 10], [6, 8, 9]]",random_balanced,0.0036579073160826737,0.0036579073160826737,0.0036579073160826737,0.022340673731351405,4.761244777353045e-05,-0.006900177372613725,"{""1"": 12, ""2"": 1}"
s0-i7,0,495e07c828ad1c5a,"[[1, 3, 9], [4, 7, 11], [2, 5, 10], [0, 6, 8]]",confidence,1.0000000000000002,1.0000000000000002,1.0000000000000002,0.2846696785450581,1.1718027102379265e-06,-0.001082498365004736,"{""1"": 13}"
s0-i7,0,74eeb6a2fd9fdba8,"[[1, 3, 9], [4, 5, 11], [0, 7, 10], [2, 6, 8]]",entropy,0.0036579073160826737,0.0036579073160826737,0.0036579073160826737,0.022340673731351405,0.0005676609166047727,0.023825635702007464,"{""1"": 12, ""2"": 1}"
s0-i7,0,42794c8575b40dee,"[[5, 7, 9], [1, 6, 11], [2, 3, 10], [0, 4, 8]]",dependency_cmi,0.0036579073160826737,0.0036579073160826737,0.0036579073160826737,0.022340673731351405,0.0008053221868644883,0.028378199147664186,"{""1"": 12, ""2"": 1}"
s0-i7,0,650e93483baf420f,"[[7, 9, 11], [6, 8, 10], [3, 4, 5], [0, 1, 2]]",min_within_batch_tc,1.0000000000000002,1.0000000000000002,1.0000000000000002,0.2846696785450581,0.00030723753765249823,0.01752819265219601,"{""1"": 13}"
s0-i7,0,cd99c5d2adfda879,"[[2, 3, 5], [0, 6, 9], [1, 4, 7], [8, 10, 11]]",dprm_myopic,0.0036579073160826737,0.0036579073160826737,0.0036579073160826737,0.022340673731351405,1.2285878217871084e-05,-0.003505121712276349,"{""1"": 12, ""2"": 1}"
s0-i7,0,cd99c5d2adfda879,"[[2, 3, 5], [0, 6, 9], [1, 4, 7], [8, 10, 11]]",dprm_rollout,0.0036579073160826737,0.0036579073160826737,0.0036579073160826737,0.022340673731351405,1.2285878217871084e-05,-0.003505121712276349,"{""1"": 12, ""2"": 1}"
s0-i7,0,51dba45c33819a30,"[[0, 3, 6], [2, 4, 7], [1, 5, 10], [8, 9, 11]]",subset_exact,1.0000000000000002,1.0000000000000002,1.0000000000000002,0.2846696785450581,0.9834294910913621,0.9916801354728056,"{""1"": 13}"
s0-i7,0,51dba45c33819a30,"[[0, 3, 6], [2, 4, 7], [1, 5, 10], [8, 9, 11]]",subset_beam_8,1.0000000000000002,1.0000000000000002,1.0000000000000002,0.2846696785450581,0.9834294910913621,0.9916801354728056,"{""1"": 13}"
s0-i7,0,51dba45c33819a30,"[[0, 3, 6], [2, 4, 7], [1, 5, 10], [8, 9, 11]]",subset_beam_32,1.0000000000000002,1.0000000000000002,1.0000000000000002,0.2846696785450581,0.9834294910913621,0.9916801354728056,"{""1"": 13}"
s0-i7,0,51dba45c33819a30,"[[0, 3, 6], [2, 4, 7], [1, 5, 10], [8, 9, 11]]",saps_diagonal,1.0000000000000002,1.0000000000000002,1.0000000000000002,0.2846696785450581,0.9834294910913621,0.9916801354728056,"{""1"": 13}"
s0-i7,0,51dba45c33819a30,"[[0, 3, 6], [2, 4, 7], [1, 5, 10], [8, 9, 11]]",p_saps_residualized,1.0000000000000002,1.0000000000000002,1.0000000000000002,0.2846696785450581,0.9834294910913621,0.9916801354728056,"{""1"": 13}"
s0-i7,0,51dba45c33819a30,"[[0, 3, 6], [2, 4, 7], [1, 5, 10], [8, 9, 11]]",p_saps_projection,1.0000000000000002,1.0000000000000002,1.0000000000000002,0.2846696785450581,0.9834294910913621,0.9916801354728056,"{""1"": 13}"
s0-i7,0,51dba45c33819a30,"[[0, 3, 6], [2, 4, 7], [1, 5, 10], [8, 9, 11]]",b_saps_budgeted,1.0000000000000002,1.0000000000000002,1.0000000000000002,0.2846696785450581,0.9834294910913621,0.9916801354728056,"{""1"": 13}"
s0-i8,0,2516301160cf1942,"[[0, 1, 2, 3, 4, 5, 6, 7, 8, 9, 10, 11]]",random_balanced,1.0,1.0,1.0,0.019933243911272918,15.067217140577634,3.8816513419648646,"{""1"": 12}"
s0-i8,0,2516301160cf1942,"[[0, 1, 2, 3, 4, 5, 6, 7, 8, 9, 10, 11]]",confidence,1.0,1.0,1.0,0.019933243911272918,15.067217140577634,3.8816513419648646,"{""1"": 12}"
s0-i8,0,2516301160cf1942,"[[0, 1, 2, 3, 4, 5, 6, 7, 8, 9, 10, 11]]",entropy,1.0,1.0,1.0,0.019933243911272918,15.067217140577634,3.8816513419648646,"{""1"": 12}"
s0-i8,0,2516301160cf1942,"[[0, 1, 2, 3, 4, 5, 6, 7, 8, 9, 10, 11]]",dependency_cmi,1.0,1.0,1.0,0.019933243911272918,15.067217140577634,3.8816513419648646,"{""1"": 12}"
s0-i8,0,2516301160cf1942,"[[0, 1, 2, 3, 4, 5, 6, 7, 8, 9, 10, 11]]",min_within_batch_tc,1.0,1.0,1.0,0.019933243911272918,15.067217140577634,3.8816513419648646,"{""1"": 12}"
s0-i8,0,2516301160cf1942,"[[0, 1, 2, 3, 4, 5, 6, 7, 8, 9, 10, 11]]",dprm_myopic,1.0,1.0,1.0,0.019933243911272918,15.067217140577634,3.8816513419648646,"{""1"": 12}"
s0-i8,0,2516301160cf1942,"[[0, 1, 2, 3, 4, 5, 6, 7, 8, 9, 10, 11]]",dprm_rollout,1.0,1.0,1.0,0.019933243911272918,15.067217140577634,3.8816513419648646,"{""1"": 12}"
s0-i8,0,2516301160cf1942,"[[0, 1, 2, 3, 4, 5, 6, 7, 8, 9, 10, 11]]",subset_exact,1.0,1.0,1.0,0.019933243911272918,15.067217140577634,3.8816513419648646,"{""1"": 12}"
s0-i8,0,2516301160cf1942,"[[0, 1, 2, 3, 4, 5, 6, 7, 8, 9, 10, 11]]",subset_beam_8,1.0,1.0,1.0,0.019933243911272918,15.067217140577634,3.8816513419648646,"{""1"": 12}"
s0-i8,0,2516301160cf1942,"[[0, 1, 2, 3, 4, 5, 6, 7, 8, 9, 10, 11]]",subset_beam_32,1.0,1.0,1.0,0.019933243911272918,15.067217140577634,3.8816513419648646,"{""1"": 12}"
s0-i8,0,2516301160cf1942,"[[0, 1, 2, 3, 4, 5, 6, 7, 8, 9, 10, 11]]",saps_diagonal,1.0,1.0,1.0,0.019933243911272918,15.067217140577634,3.8816513419648646,"{""1"": 12}"
s0-i8,0,2516301160cf1942,"[[0, 1, 2, 3, 4, 5, 6, 7, 8, 9, 10, 11]]",p_saps_residualized,1.0,1.0,1.0,0.019933243911272918,15.067217140577634,3.8816513419648646,"{""1"": 12}"
s0-i8,0,2516301160cf1942,"[[0, 1, 2, 3, 4, 5, 6, 7, 8, 9, 10, 11]]",p_saps_projection,1.0,1.0,1.0,0.019933243911272918,15.067217140577634,3.8816513419648646,"{""1"": 12}"
s0-i8,0,2516301160cf1942,"[[0, 1, 2, 3, 4, 5, 6, 7, 8, 9, 10, 11]]",b_saps_budgeted,1.0,1.0,1.0,0.019933243911272918,15.067217140577634,3.8816513419648646,"{""1"": 12}"
s0-i8,0,2516301160cf1942,"[[0, 1, 2, 3, 4, 5, 6, 7, 8, 9, 10, 11]]",random_balanced,1.0,1.0,1.0,0.09832187834349396,7.352478169075551,2.7115453470439235,"{""1"": 12}"
s0-i8,0,2516301160cf1942,"[[0, 1, 2, 3, 4, 5, 6, 7, 8, 9, 10, 11]]",confidence,1.0,1.0,1.0,0.09832187834349396,7.352478169075551,2.7115453470439235,"{""1"": 12}"
s0-i8,0,2516301160cf1942,"[[0, 1, 2, 3, 4, 5, 6, 7, 8, 9, 10, 11]]",entropy,1.0,1.0,1.0,0.09832187834349396,7.352478169075551,2.7115453470439235,"{""1"": 12}"
s0-i8,0,2516301160cf1942,"[[0, 1, 2, 3, 4, 5, 6, 7, 8, 9, 10, 11]]",dependency_cmi,1.0,1.0,1.0,0.09832187834349396,7.352478169075551,2.7115453470439235,"{""1"": 12}"
s0-i8,0,2516301160cf1942,"[[0, 1, 2, 3, 4, 5, 6, 7, 8, 9, 10, 11]]",min_within_batch_tc,1.0,1.0,1.0,0.09832187834349396,7.352478169075551,2.7115453470439235,"{""1"": 12}"
s0-i8,0,2516301160cf1942,"[[0, 1, 2, 3, 4, 5, 6, 7, 8, 9, 10, 11]]",dprm_myopic,1.0,1.0,1.0,0.09832187834349396,7.352478169075551,2.7115453470439235,"{""1"": 12}"
s0-i8,0,2516301160cf1942,"[[0, 1, 2, 3, 4, 5, 6, 7, 8, 9, 10, 11]]",dprm_rollout,1.0,1.0,1.0,0.09832187834349396,7.352478169075551,2.7115453470439235,"{""1"": 12}"
s0-i8,0,2516301160cf1942,"[[0, 1, 2, 3, 4, 5, 6, 7, 8, 9, 10, 11]]",subset_exact,1.0,1.0,1.0,0.09832187834349396,7.352478169075551,2.7115453470439235,"{""1"": 12}"
s0-i8,0,2516301160cf1942,"[[0, 1, 2, 3, 4, 5, 6, 7, 8, 9, 10, 11]]",subset_beam_8,1.0,1.0,1.0,0.09832187834349396,7.352478169075551,2.7115453470439235,"{""1"": 12}"
s0-i8,0,2516301160cf1942,"[[0, 1, 2, 3, 4, 5, 6, 7, 8, 9, 10, 11]]",subset_beam_32,1.0,1.0,1.0,0.09832187834349396,7.352478169075551,2.7115453470439235,"{""1"": 12}"
s0-i8,0,2516301160cf1942,"[[0, 1, 2, 3, 4, 5, 6, 7, 8, 9, 10, 11]]",saps_diagonal,1.0,1.0,1.0,0.09832187834349396,7.352478169075551,2.7115453470439235,"{""1"": 12}"
s0-i8,0,2516301160cf1942,"[[0, 1, 2, 3, 4, 5, 6, 7, 8, 9, 10, 11]]",p_saps_residualized,1.0,1.0,1.0,0.09832187834349396,7.352478169075551,2.7115453470439235,"{""1"": 12}"
s0-i8,0,2516301160cf1942,"[[0, 1, 2, 3, 4, 5, 6, 7, 8, 9, 10, 11]]",p_saps_projection,1.0,1.0,1.0,0.09832187834349396,7.352478169075551,2.7115453470439235,"{""1"": 12}"
s0-i8,0,2516301160cf1942,"[[0, 1, 2, 3, 4, 5, 6, 7, 8, 9, 10, 11]]",b_saps_budgeted,1.0,1.0,1.0,0.09832187834349396,7.352478169075551,2.7115453470439235,"{""1"": 12}"
s0-i8,0,2516301160cf1942,"[[0, 1, 2, 3, 4, 5, 6, 7, 8, 9, 10, 11]]",random_balanced,1.0,1.0,1.0,0.28466967854505804,106.1122084801263,10.301078025145053,"{""1"": 12}"
s0-i8,0,2516301160cf1942,"[[0, 1, 2, 3, 4, 5, 6, 7, 8, 9, 10, 11]]",confidence,1.0,1.0,1.0,0.28466967854505804,106.1122084801263,10.301078025145053,"{""1"": 12}"
s0-i8,0,2516301160cf1942,"[[0, 1, 2, 3, 4, 5, 6, 7, 8, 9, 10, 11]]",entropy,1.0,1.0,1.0,0.28466967854505804,106.1122084801263,10.301078025145053,"{""1"": 12}"
s0-i8,0,2516301160cf1942,"[[0, 1, 2, 3, 4, 5, 6, 7, 8, 9, 10, 11]]",dependency_cmi,1.0,1.0,1.0,0.28466967854505804,106.1122084801263,10.301078025145053,"{""1"": 12}"
s0-i8,0,2516301160cf1942,"[[0, 1, 2, 3, 4, 5, 6, 7, 8, 9, 10, 11]]",min_within_batch_tc,1.0,1.0,1.0,0.28466967854505804,106.1122084801263,10.301078025145053,"{""1"": 12}"
s0-i8,0,2516301160cf1942,"[[0, 1, 2, 3, 4, 5, 6, 7, 8, 9, 10, 11]]",dprm_myopic,1.0,1.0,1.0,0.28466967854505804,106.1122084801263,10.301078025145053,"{""1"": 12}"
s0-i8,0,2516301160cf1942,"[[0, 1, 2, 3, 4, 5, 6, 7, 8, 9, 10, 11]]",dprm_rollout,1.0,1.0,1.0,0.28466967854505804,106.1122084801263,10.301078025145053,"{""1"": 12}"
s0-i8,0,2516301160cf1942,"[[0, 1, 2, 3, 4, 5, 6, 7, 8, 9, 10, 11]]",subset_exact,1.0,1.0,1.0,0.28466967854505804,106.1122084801263,10.301078025145053,"{""1"": 12}"
s0-i8,0,2516301160cf1942,"[[0, 1, 2, 3, 4, 5, 6, 7, 8, 9, 10, 11]]",subset_beam_8,1.0,1.0,1.0,0.28466967854505804,106.1122084801263,10.301078025145053,"{""1"": 12}"
s0-i8,0,2516301160cf1942,"[[0, 1, 2, 3, 4, 5, 6, 7, 8, 9, 10, 11]]",subset_beam_32,1.0,1.0,1.0,0.28466967854505804,106.1122084801263,10.301078025145053,"{""1"": 12}"
s0-i8,0,2516301160cf1942,"[[0, 1, 2, 3, 4, 5, 6, 7, 8, 9, 10, 11]]",saps_diagonal,1.0,1.0,1.0,0.28466967854505804,106.1122084801263,10.301078025145053,"{""1"": 12}"
s0-i8,0,2516301160cf1942,"[[0, 1, 2, 3, 4, 5, 6, 7, 8, 9, 10, 11]]",p_saps_residualized,1.0,1.0,1.0,0.28466967854505804,106.1122084801263,10.301078025145053,"{""1"": 12}"
s0-i8,0,2516301160cf1942,"[[0, 1, 2, 3, 4, 5, 6, 7, 8, 9, 10, 11]]",p_saps_projection,1.0,1.0,1.0,0.28466967854505804,106.1122084801263,10.301078025145053,"{""1"": 12}"
s0-i8,0,2516301160cf1942,"[[0, 1, 2, 3, 4, 5, 6, 7, 8, 9, 10, 11]]",b_saps_budgeted,1.0,1.0,1.0,0.28466967854505804,106.1122084801263,10.301078025145053,"{""1"": 12}"
s0-i8,0,c5291904e86c0604,"[[1, 4, 5, 7, 10, 11], [0, 2, 3, 6, 8, 9]]",random_balanced,1.0,1.0,1.0,0.019933243911272918,11.171546855857631,3.3423864013392635,"{""1"": 12}"
s0-i8,0,0b8ce4c53121f6aa,"[[0, 1, 4, 6, 7, 8], [2, 3, 5, 9, 10, 11]]",confidence,1.0,1.0,1.0,0.019933243911272918,15.067217140577634,3.8816513419648646,"{""1"": 12}"
s0-i8,0,0b8ce4c53121f6aa,"[[0, 1, 4, 6, 7, 8], [2, 3, 5, 9, 10, 11]]",entropy,1.0,1.0,1.0,0.019933243911272918,15.067217140577634,3.8816513419648646,"{""1"": 12}"
s0-i8,0,492020b301d83b27,"[[0, 2, 3, 4, 6, 7], [1, 5, 8, 9, 10, 11]]",dependency_cmi,1.0,1.0,1.0,0.019933243911272918,5.012075237201278,2.238766454367511,"{""1"": 12}"
s0-i8,0,492020b301d83b27,"[[0, 2, 3, 4, 6, 7], [1, 5, 8, 9, 10, 11]]",min_within_batch_tc,1.0,1.0,1.0,0.019933243911272918,5.012075237201278,2.238766454367511,"{""1"": 12}"
s0-i8,0,65cd73210213c5d5,"[[0, 1, 2, 3, 4, 5], [6, 7, 8, 9, 10, 11]]",dprm_myopic,1.0,1.0,1.0,0.019933243911272918,5.012075237201278,2.238766454367511,"{""1"": 12}"
s0-i8,0,65cd73210213c5d5,"[[0, 1, 2, 3, 4, 5], [6, 7, 8, 9, 10, 11]]",dprm_rollout,1.0,1.0,1.0,0.019933243911272918,5.012075237201278,2.238766454367511,"{""1"": 12}"
s0-i8,0,c5291904e86c0604,"[[1, 4, 5, 7, 10, 11], [0, 2, 3, 6, 8, 9]]",subset_exact,1.0,1.0,1.0,0.019933243911272918,11.171546855857631,3.3423864013392635,"{""1"": 12}"
s0-i8,0,c5291904e86c0604,"[[1, 4, 5, 7, 10, 11], [0, 2, 3, 6, 8, 9]]",subset_beam_8,1.0,1.0,1.0,0.019933243911272918,11.171546855857631,3.3423864013392635,"{""1"": 12}"
s0-i8,0,c5291904e86c0604,"[[1, 4, 5, 7, 10, 11], [0, 2, 3, 6, 8, 9]]",subset_beam_32,1.0,1.0,1.0,0.019933243911272918,11.171546855857631,3.3423864013392635,"{""1"": 12}"
s0-i8,0,c5291904e86c0604,"[[1, 4, 5, 7, 10, 11], [0, 2, 3, 6, 8, 9]]",saps_diagonal,1.0,1.0,1.0,0.019933243911272918,11.171546855857631,3.3423864013392635,"{""1"": 12}"
s0-i8,0,c5291904e86c0604,"[[1, 4, 5, 7, 10, 11], [0, 2, 3, 6, 8, 9]]",p_saps_residualized,1.0,1.0,1.0,0.019933243911272918,11.171546855857631,3.3423864013392635,"{""1"": 12}"
s0-i8,0,c5291904e86c0604,"[[1, 4, 5, 7, 10, 11], [0, 2, 3, 6, 8, 9]]",p_saps_projection,1.0,1.0,1.0,0.019933243911272918,11.171546855857631,3.3423864013392635,"{""1"": 12}"
s0-i8,0,c5291904e86c0604,"[[1, 4, 5, 7, 10, 11], [0, 2, 3, 6, 8, 9]]",b_saps_budgeted,1.0,1.0,1.0,0.019933243911272918,11.171546855857631,3.3423864013392635,"{""1"": 12}"
s0-i8,0,c5291904e86c0604,"[[1, 4, 5, 7, 10, 11], [0, 2, 3, 6, 8, 9]]",random_balanced,1.0,1.0,1.0,0.09832187834349396,8.408161358751554,2.8996829755598377,"{""1"": 12}"
s0-i8,0,0b8ce4c53121f6aa,"[[0, 1, 4, 6, 7, 8], [2, 3, 5, 9, 10, 11]]",confidence,1.0,1.0,1.0,0.09832187834349396,2.586697426460502,1.608321306972118,"{""1"": 12}"
s0-i8,0,0b8ce4c53121f6aa,"[[0, 1, 4, 6, 7, 8], [2, 3, 5, 9, 10, 11]]",entropy,1.0,1.0,1.0,0.09832187834349396,2.586697426460502,1.608321306972118,"{""1"": 12}"
s0-i8,0,492020b301d83b27,"[[0, 2, 3, 4, 6, 7], [1, 5, 8, 9, 10, 11]]",dependency_cmi,1.0,1.0,1.0,0.09832187834349396,1.983029391199918,1.4082007638117222,"{""1"": 12}"
s0-i8,0,492020b301d83b27,"[[0, 2, 3, 4, 6, 7], [1, 5, 8, 9, 10, 11]]",min_within_batch_tc,1.0,1.0,1.0,0.09832187834349396,1.983029391199918,1.4082007638117222,"{""1"": 12}"
s0-i8,0,65cd73210213c5d5,"[[0, 1, 2, 3, 4, 5], [6, 7, 8, 9, 10, 11]]",dprm_myopic,1.0,1.0,1.0,0.09832187834349396,18.83905690648513,4.340398242844213,"{""1"": 12}"
s0-i8,0,65cd73210213c5d5,"[[0, 1, 2, 3, 4, 5], [6, 7, 8, 9, 10, 11]]",dprm_rollout,1.0,1.0,1.0,0.09832187834349396,18.83905690648513,4.340398242844213,"{""1"": 12}"
s0-i8,0,c5291904e86c0604,"[[1, 4, 5, 7, 10, 11], [0, 2, 3, 6, 8, 9]]",subset_exact,1.0,1.0,1.0,0.09832187834349396,8.408161358751554,2.8996829755598377,"{""1"": 12}"
s0-i8,0,c5291904e86c0604,"[[1, 4, 5, 7, 10, 11], [0, 2, 3, 6, 8, 9]]",subset_beam_8,1.0,1.0,1.0,0.09832187834349396,8.408161358751554,2.8996829755598377,"{""1"": 12}"
s0-i8,0,c5291904e86c0604,"[[1, 4, 5, 7, 10, 11], [0, 2, 3, 6, 8, 9]]",subset_beam_32,1.0,1.0,1.0,0.09832187834349396,8.408161358751554,2.8996829755598377,"{""1"": 12}"
s0-i8,0,c5291904e86c0604,"[[1, 4, 5, 7, 10, 11], [0, 2, 3, 6, 8, 9]]",saps_diagonal,1.0,1.0,1.0,0.09832187834349396,8.408161358751554,2.8996829755598377,"{""1"": 12}"
s0-i8,0,c5291904e86c0604,"[[1, 4, 5, 7, 10, 11], [0, 2, 3, 6, 8, 9]]",p_saps_residualized,1.0,1.0,1.0,0.09832187834349396,8.408161358751554,2.8996829755598377,"{""1"": 12}"
s0-i8,0,c5291904e86c0604,"[[1, 4, 5, 7, 10, 11], [0, 2, 3, 6, 8, 9]]",p_saps_projection,1.0,1.0,1.0,0.09832187834349396,8.408161358751554,2.8996829755598377,"{""1"": 12}"
s0-i8,0,c5291904e86c0604,"[[1, 4, 5, 7, 10, 11], [0, 2, 3, 6, 8, 9]]",b_saps_budgeted,1.0,1.0,1.0,0.09832187834349396,8.408161358751554,2.8996829755598377,"{""1"": 12}"
s0-i8,0,c5291904e86c0604,"[[1, 4, 5, 7, 10, 11], [0, 2, 3, 6, 8, 9]]",random_balanced,1.0,1.0,1.0,0.28466967854505804,102.7994284018231,10.139005296468836,"{""1"": 12}"
s0-i8,0,0b8ce4c53121f6aa,"[[0, 1, 4, 6, 7, 8], [2, 3, 5, 9, 10, 11]]",confidence,1.0,1.0,1.0,0.28466967854505804,81.82738005234317,9.045848774567435,"{""1"": 12}"
s0-i8,0,0b8ce4c53121f6aa,"[[0, 1, 4, 6, 7, 8], [2, 3, 5, 9, 10, 11]]",entropy,1.0,1.0,1.0,0.28466967854505804,81.82738005234317,9.045848774567435,"{""1"": 12}"
s0-i8,0,492020b301d83b27,"[[0, 2, 3, 4, 6, 7], [1, 5, 8, 9, 10, 11]]",dependency_cmi,1.0,1.0,1.0,0.28466967854505804,70.76702411258492,8.412313838212702,"{""1"": 12}"
s0-i8,0,492020b301d83b27,"[[0, 2, 3, 4, 6, 7], [1, 5, 8, 9, 10, 11]]",min_within_batch_tc,1.0,1.0,1.0,0.28466967854505804,70.76702411258492,8.412313838212702,"{""1"": 12}"
s0-i8,0,65cd73210213c5d5,"[[0, 1, 2, 3, 4, 5], [6, 7, 8, 9, 10, 11]]",dprm_myopic,1.0,1.0,1.0,0.28466967854505804,60.69854188846229,7.790926895335515,"{""1"": 12}"
s0-i8,0,65cd73210213c5d5,"[[0, 1, 2, 3, 4, 5], [6, 7, 8, 9, 10, 11]]",dprm_rollout,1.0,1.0,1.0,0.28466967854505804,60.69854188846229,7.790926895335515,"{""1"": 12}"
s0-i8,0,c5291904e86c0604,"[[1, 4, 5, 7, 10, 11], [0, 2, 3, 6, 8, 9]]",subset_exact,1.0,1.0,1.0,0.28466967854505804,102.7994284018231,10.139005296468836,"{""1"": 12}"
s0-i8,0,c5291904e86c0604,"[[1, 4, 5, 7, 10, 11], [0, 2, 3, 6, 8, 9]]",subset_beam_8,1.0,1.0,1.0,0.28466967854505804,102.7994284018231,10.139005296468836,"{""1"": 12}"
s0-i8,0,c5291904e86c0604,"[[1, 4, 5, 7, 10, 11], [0, 2, 3, 6, 8, 9]]",subset_beam_32,1.0,1.0,1.0,0.28466967854505804,102.7994284018231,10.139005296468836,"{""1"": 12}"
s0-i8,0,c5291904e86c0604,"[[1, 4, 5, 7, 10, 11], [0, 2, 3, 6, 8, 9]]",saps_diagonal,1.0,1.0,1.0,0.28466967854505804,102.7994284018231,10.139005296468836,"{""1"": 12}"
s0-i8,0,c5291904e86c0604,"[[1, 4, 5, 7, 10, 11], [0, 2, 3, 6, 8, 9]]",p_saps_residualized,1.0,1.0,1.0,0.28466967854505804,102.7994284018231,10.139005296468836,"{""1"": 12}"
s0-i8,0,c5291904e86c0604,"[[1, 4, 5, 7, 10, 11], [0, 2, 3, 6, 8, 9]]",p_saps_projection,1.0,1.0,1.0,0.28466967854505804,102.7994284018231,10.139005296468836,"{""1"": 12}"
s0-i8,0,c5291904e86c0604,"[[1, 4, 5, 7, 10, 11], [0, 2, 3, 6, 8, 9]]",b_saps_budgeted,1.0,1.0,1.0,0.28466967854505804,102.7994284018231,10.139005296468836,"{""1"": 12}"
s0-i8,0,a97c45440b0696aa,"[[4, 5, 7, 10], [0, 1, 2, 11], [3, 6, 8, 9]]",random_balanced,1.0,1.0,1.0,0.019933243911272918,4.356224971975481,2.087157150761648,"{""1"": 12}"
s0-i8,0,8c0fcf9f4c1b3176,"[[0, 1, 4, 7], [3, 6, 8, 11], [2, 5, 9, 10]]",confidence,1.0,1.0,1.0,0.019933243911272918,6.898093002126972,2.626422091387249,"{""1"": 12}"
s0-i8,0,8c0fcf9f4c1b3176,"[[0, 1, 4, 7], [3, 6, 8, 11], [2, 5, 9, 10]]",entropy,1.0,1.0,1.0,0.019933243911272918,6.898093002126972,2.626422091387249,"{""1"": 12}"
s0-i8,0,824872ed12610002,"[[0, 2, 3, 7], [1, 4, 5, 8], [6, 9, 10, 11]]",dependency_cmi,1.0,1.0,1.0,0.019933243911272918,12.208005986174992,3.4939957049451267,"{""1"": 12}"
s0-i8,0,222280b795240211,"[[0, 2, 3, 4], [6, 9, 10, 11], [1, 5, 7, 8]]",min_within_batch_tc,1.0,1.0,1.0,0.019933243911272918,12.208005986174992,3.4939957049451267,"{""1"": 12}"
s0-i8,0,50e10ab5b359ad31,"[[0, 1, 2, 3], [4, 5, 6, 7], [8, 9, 10, 11]]",dprm_myopic,1.0,1.0,1.0,0.019933243911272918,6.898093002126972,2.626422091387249,"{""1"": 12}"
s0-i8,0,50e10ab5b359ad31,"[[0, 1, 2, 3], [4, 5, 6, 7], [8, 9, 10, 11]]",dprm_rollout,1.0,1.0,1.0,0.019933243911272918,6.898093002126972,2.626422091387249,"{""1"": 12}"
s0-i8,0,a97c45440b0696aa,"[[4, 5, 7, 10], [0, 1, 2, 11], [3, 6, 8, 9]]",subset_exact,1.0,1.0,1.0,0.019933243911272918,4.356224971975481,2.087157150761648,"{""1"": 12}"
s0-i8,0,a97c45440b0696aa,"[[4, 5, 7, 10], [0, 1, 2, 11], [3, 6, 8, 9]]",subset_beam_8,1.0,1.0,1.0,0.019933243911272918,4.356224971975481,2.087157150761648,"{""1"": 12}"
s0-i8,0,a97c45440b0696aa,"[[4, 5, 7, 10], [0, 1, 2, 11], [3, 6, 8, 9]]",subset_beam_32,1.0,1.0,1.0,0.019933243911272918,4.356224971975481,2.087157150761648,"{""1"": 12}"
s0-i8,0,a97c45440b0696aa,"[[4, 5, 7, 10], [0, 1, 2, 11], [3, 6, 8, 9]]",saps_diagonal,1.0,1.0,1.0,0.019933243911272918,4.356224971975481,2.087157150761648,"{""1"": 12}"
s0-i8,0,a97c45440b0696aa,"[[4, 5, 7, 10], [0, 1, 2, 11], [3, 6, 8, 9]]",p_saps_residualized,1.0,1.0,1.0,0.019933243911272918,4.356224971975481,2.087157150761648,"{""1"": 12}"
s0-i8,0,a97c45440b0696aa,"[[4, 5, 7, 10], [0, 1, 2, 11], [3, 6, 8, 9]]",p_saps_projection,1.0,1.0,1.0,0.019933243911272918,4.356224971975481,2.087157150761648,"{""1"": 12}"
s0-i8,0,a97c45440b0696aa,"[[4, 5, 7, 10], [0, 1, 2, 11], [3, 6, 8, 9]]",b_saps_budgeted,1.0,1.0,1.0,0.019933243911272918,4.356224971975481,2.087157150761648,"{""1"": 12}"
s0-i8,0,a97c45440b0696aa,"[[4, 5, 7, 10], [0, 1, 2, 11], [3, 6, 8, 9]]",random_balanced,1.0,1.0,1.0,0.09832187834349396,7.278217608917197,2.6978171933837913,"{""1"": 12}"
s0-i8,0,8c0fcf9f4c1b3176,"[[0, 1, 4, 7], [3, 6, 8, 11], [2, 5, 9, 10]]",confidence,1.0,1.0,1.0,0.09832187834349396,5.418091000908104,2.327679316595846,"{""1"": 12}"
s0-i8,0,8c0fcf9f4c1b3176,"[[0, 1, 4, 7], [3, 6, 8, 11], [2, 5, 9, 10]]",entropy,1.0,1.0,1.0,0.09832187834349396,5.418091000908104,2.327679316595846,"{""1"": 12}"
s0-i8,0,824872ed12610002,"[[0, 2, 3, 7], [1, 4, 5, 8], [6, 9, 10, 11]]",dependency_cmi,1.0,1.0,1.0,0.09832187834349396,0.8109374598708765,0.9005206604353264,"{""1"": 12}"
s0-i8,0,222280b795240211,"[[0, 2, 3, 4], [6, 9, 10, 11], [1, 5, 7, 8]]",min_within_batch_tc,1.0,1.0,1.0,0.09832187834349396,8.519974796224437,2.918899586526477,"{""1"": 12}"
s0-i8,0,50e10ab5b359ad31,"[[0, 1, 2, 3], [4, 5, 6, 7], [8, 9, 10, 11]]",dprm_myopic,1.0,1.0,1.0,0.09832187834349396,0.09118487576922499,0.3019683357062872,"{""1"": 12}"
s0-i8,0,50e10ab5b359ad31,"[[0, 1, 2, 3], [4, 5, 6, 7], [8, 9, 10, 11]]",dprm_rollout,1.0,1.0,1.0,0.09832187834349396,0.09118487576922499,0.3019683357062872,"{""1"": 12}"
s0-i8,0,a97c45440b0696aa,"[[4, 5, 7, 10], [0, 1, 2, 11], [3, 6, 8, 9]]",subset_exact,1.0,1.0,1.0,0.09832187834349396,7.278217608917197,2.6978171933837913,"{""1"": 12}"
s0-i8,0,a97c45440b0696aa,"[[4, 5, 7, 10], [0, 1, 2, 11], [3, 6, 8, 9]]",subset_beam_8,1.0,1.0,1.0,0.09832187834349396,7.278217608917197,2.6978171933837913,"{""1"": 12}"
s0-i8,0,a97c45440b0696aa,"[[4, 5, 7, 10], [0, 1, 2, 11], [3, 6, 8, 9]]",subset_beam_32,1.0,1.0,1.0,0.09832187834349396,7.278217608917197,2.6978171933837913,"{""1"": 12}"
s0-i8,0,a97c45440b0696aa,"[[4, 5, 7, 10], [0, 1, 2, 11], [3, 6, 8, 9]]",saps_diagonal,1.0,1.0,1.0,0.09832187834349396,7.278217608917197,2.6978171933837913,"{""1"": 12}"
s0-i8,0,a97c45440b0696aa,"[[4, 5, 7, 10], [0, 1, 2, 11], [3, 6, 8, 9]]",p_saps_residualized,1.0,1.0,1.0,0.09832187834349396,7.278217608917197,2.6978171933837913,"{""1"": 12}"
s0-i8,0,a97c45440b0696aa,"[[4, 5, 7, 10], [0, 1, 2, 11], [3, 6, 8, 9]]",p_saps_projection,1.0,1.0,1.0,0.09832187834349396,7.278217608917197,2.6978171933837913,"{""1"": 12}"
s0-i8,0,a97c45440b0696aa,"[[4, 5, 7, 10], [0, 1, 2, 11], [3, 6, 8, 9]]",b_saps_budgeted,1.0,1.0,1.0,0.09832187834349396,7.278217608917197,2.6978171933837913,"{""1"": 12}"
s0-i8,0,a97c45440b0696aa,"[[4, 5, 7, 10], [0, 1, 2, 11], [3, 6, 8, 9]]",random_balanced,1.0,1.0,1.0,0.28466967854505804,102.7994284018231,10.139005296468836,"{""1"": 12}"
s0-i8,0,8c0fcf9f4c1b3176,"[[0, 1, 4, 7], [3, 6, 8, 11], [2, 5, 9, 10]]",confidence,1.0,1.0,1.0,0.28466967854505804,38.75781652471458,6.225577605709737,"{""1"": 12}"
s0-i8,0,8c0fcf9f4c1b3176,"[[0, 1, 4, 7], [3, 6, 8, 11], [2, 5, 9, 10]]",entropy,1.0,1.0,1.0,0.28466967854505804,38.75781652471458,6.225577605709737,"{""1"": 12}"
s0-i8,0,824872ed12610002,"[[0, 2, 3, 7], [1, 4, 5, 8], [6, 9, 10, 11]]",dependency_cmi,1.0,1.0,1.0,0.28466967854505804,72.08100569119398,8.490053338536454,"{""1"": 12}"
s0-i8,0,222280b795240211,"[[0, 2, 3, 4], [6, 9, 10, 11], [1, 5, 7, 8]]",min_within_batch_tc,1.0,1.0,1.0,0.28466967854505804,90.28759695332319,9.501978580975816,"{""1"": 12}"
s0-i8,0,50e10ab5b359ad31,"[[0, 1, 2, 3], [4, 5, 6, 7], [8, 9, 10, 11]]",dprm_myopic,1.0,1.0,1.0,0.28466967854505804,88.26290807398765,9.394834116363505,"{""1"": 12}"
s0-i8,0,50e10ab5b359ad31,"[[0, 1, 2, 3], [4, 5, 6, 7], [8, 9, 10, 11]]",dprm_rollout,1.0,1.0,1.0,0.28466967854505804,88.26290807398765,9.394834116363505,"{""1"": 12}"
s0-i8,0,a97c45440b0696aa,"[[4, 5, 7, 10], [0, 1, 2, 11], [3, 6, 8, 9]]",subset_exact,1.0,1.0,1.0,0.28466967854505804,102.7994284018231,10.139005296468836,"{""1"": 12}"
s0-i8,0,a97c45440b0696aa,"[[4, 5, 7, 10], [0, 1, 2, 11], [3, 6, 8, 9]]",subset_beam_8,1.0,1.0,1.0,0.28466967854505804,102.7994284018231,10.139005296468836,"{""1"": 12}"
s0-i8,0,a97c45440b0696aa,"[[4, 5, 7, 10], [0, 1, 2, 11], [3, 6, 8, 9]]",subset_beam_32,1.0,1.0,1.0,0.28466967854505804,102.7994284018231,10.139005296468836,"{""1"": 12}"
s0-i8,0,a97c45440b0696aa,"[[4, 5, 7, 10], [0, 1, 2, 11], [3, 6, 8, 9]]",saps_diagonal,1.0,1.0,1.0,0.28466967854505804,102.7994284018231,10.139005296468836,"{""1"": 12}"
s0-i8,0,a97c45440b0696aa,"[[4, 5, 7, 10], [0, 1, 2, 11], [3, 6, 8, 9]]",p_saps_residualized,1.0,1.0,1.0,0.28466967854505804,102.7994284018231,10.139005296468836,"{""1"": 12}"
s0-i8,0,a97c45440b0696aa,"[[4, 5, 7, 10], [0, 1, 2, 11], [3, 6, 8, 9]]",p_saps_projection,1.0,1.0,1.0,0.28466967854505804,102.7994284018231,10.139005296468836,"{""1"": 12}"
s0-i8,0,a97c45440b0696aa,"[[4, 5, 7, 10], [0, 1, 2, 11], [3, 6, 8, 9]]",b_saps_budgeted,1.0,1.0,1.0,0.28466967854505804,102.7994284018231,10.139005296468836,"{""1"": 12}"
s0-i8,0,4ab702c40a68ab28,"[[4, 7, 10], [1, 5, 11], [0, 2, 3], [6, 8, 9]]",random_balanced,1.0,1.0,1.0,0.019933243911272918,11.171546855857631,3.3423864013392635,"{""1"": 12}"
s0-i8,0,e71603355c70ddda,"[[1, 4, 7], [0, 6, 8], [3, 5, 11], [2, 9, 10]]",confidence,1.0,1.0,1.0,0.019933243911272918,12.208005986174992,3.4939957049451267,"{""1"": 12}"
s0-i8,0,f6b8c1e559d47506,"[[1, 4, 7], [0, 6, 8], [2, 3, 11], [5, 9, 10]]",entropy,1.0,1.0,1.0,0.019933243911272918,12.208005986174992,3.4939957049451267,"{""1"": 12}"
s0-i8,0,61551cdc2216cb12,"[[0, 2, 7], [3, 4, 5], [6, 8, 9], [1, 10, 11]]",dependency_cmi,1.0,1.0,1.0,0.019933243911272918,11.171546855857631,3.3423864013392635,"{""1"": 12}"
s0-i8,0,8a10d919161d7038,"[[0, 2, 3], [4, 6, 7], [9, 10, 11], [1, 5, 8]]",min_within_batch_tc,1.0,1.0,1.0,0.019933243911272918,5.012075237201278,2.238766454367511,"{""1"": 12}"
s0-i8,0,8f058866e4ab3ff8,"[[0, 1, 2], [3, 4, 5], [6, 7, 8], [9, 10, 11]]",dprm_myopic,1.0,1.0,1.0,0.019933243911272918,5.012075237201278,2.238766454367511,"{""1"": 12}"
s0-i8,0,8f058866e4ab3ff8,"[[0, 1, 2], [3, 4, 5], [6, 7, 8], [9, 10, 11]]",dprm_rollout,1.0,1.0,1.0,0.019933243911272918,5.012075237201278,2.238766454367511,"{""1"": 12}"
s0-i8,0,4ab702c40a68ab28,"[[4, 7, 10], [1, 5, 11], [0, 2, 3], [6, 8, 9]]",subset_exact,1.0,1.0,1.0,0.019933243911272918,11.171546855857631,3.3423864013392635,"{""1"": 12}"
s0-i8,0,4ab702c40a68ab28,"[[4, 7, 10], [1, 5, 11], [0, 2, 3], [6, 8, 9]]",subset_beam_8,1.0,1.0,1.0,0.019933243911272918,11.171546855857631,3.3423864013392635,"{""1"": 12}"
s0-i8,0,4ab702c40a68ab28,"[[4, 7, 10], [1, 5, 11], [0, 2, 3], [6, 8, 9]]",subset_beam_32,1.0,1.0,1.0,0.019933243911272918,11.171546855857631,3.3423864013392635,"{""1"": 12}"
s0-i8,0,4ab702c40a68ab28,"[[4, 7, 10], [1, 5, 11], [0, 2, 3], [6, 8, 9]]",saps_diagonal,1.0,1.0,1.0,0.019933243911272918,11.171546855857631,3.3423864013392635,"{""1"": 12}"
s0-i8,0,4ab702c40a68ab28,"[[4, 7, 10], [1, 5, 11], [0, 2, 3], [6, 8, 9]]",p_saps_residualized,1.0,1.0,1.0,0.019933243911272918,11.171546855857631,3.3423864013392635,"{""1"": 12}"
s0-i8,0,4ab702c40a68ab28,"[[4, 7, 10], [1, 5, 11], [0, 2, 3], [6, 8, 9]]",p_saps_projection,1.0,1.0,1.0,0.019933243911272918,11.171546855857631,3.3423864013392635,"{""1"": 12}"
s0-i8,0,4ab702c40a68ab28,"[[4, 7, 10], [1, 5, 11], [0, 2, 3], [6, 8, 9]]",b_saps_budgeted,1.0,1.0,1.0,0.019933243911272918,11.171546855857631,3.3423864013392635,"{""1"": 12}"
s0-i8,0,4ab702c40a68ab28,"[[4, 7, 10], [1, 5, 11], [0, 2, 3], [6, 8, 9]]",random_balanced,1.0,1.0,1.0,0.09832187834349396,17.263295606906485,4.154912226137453,"{""1"": 12}"
s0-i8,0,e71603355c70ddda,"[[1, 4, 7], [0, 6, 8], [3, 5, 11], [2, 9, 10]]",confidence,1.0,1.0,1.0,0.09832187834349396,4.506469031400194,2.1228445612903912,"{""1"": 12}"
s0-i8,0,f6b8c1e559d47506,"[[1, 4, 7], [0, 6, 8], [2, 3, 11], [5, 9, 10]]",entropy,1.0,1.0,1.0,0.09832187834349396,1.8783847900225,1.3705417870398917,"{""1"": 12}"
s0-i8,0,61551cdc2216cb12,"[[0, 2, 7], [3, 4, 5], [6, 8, 9], [1, 10, 11]]",dependency_cmi,1.0,1.0,1.0,0.09832187834349396,0.041957276981045455,-0.20483475530545459,"{""1"": 12}"
s0-i8,0,8a10d919161d7038,"[[0, 2, 3], [4, 6, 7], [9, 10, 11], [1, 5, 8]]",min_within_batch_tc,1.0,1.0,1.0,0.09832187834349396,5.678824095802431,2.383028345572589,"{""1"": 12}"
s0-i8,0,8f058866e4ab3ff8,"[[0, 1, 2], [3, 4, 5], [6, 7, 8], [9, 10, 11]]",dprm_myopic,1.0,1.0,1.0,0.09832187834349396,5.728983136800702,2.3935294309451685,"{""1"": 12}"
s0-i8,0,8f058866e4ab3ff8,"[[0, 1, 2], [3, 4, 5], [6, 7, 8], [9, 10, 11]]",dprm_rollout,1.0,1.0,1.0,0.09832187834349396,5.728983136800702,2.3935294309451685,"{""1"": 12}"
s0-i8,0,4ab702c40a68ab28,"[[4, 7, 10], [1, 5, 11], [0, 2, 3], [6, 8, 9]]",subset_exact,1.0,1.0,1.0,0.09832187834349396,17.263295606906485,4.154912226137453,"{""1"": 12}"
s0-i8,0,4ab702c40a68ab28,"[[4, 7, 10], [1, 5, 11], [0, 2, 3], [6, 8, 9]]",subset_beam_8,1.0,1.0,1.0,0.09832187834349396,17.263295606906485,4.154912226137453,"{""1"": 12}"
s0-i8,0,4ab702c40a68ab28,"[[4, 7, 10], [1, 5, 11], [0, 2, 3], [6, 8, 9]]",subset_beam_32,1.0,1.0,1.0,0.09832187834349396,17.263295606906485,4.154912226137453,"{""1"": 12}"
s0-i8,0,4ab702c40a68ab28,"[[4, 7, 10], [1, 5, 11], [0, 2, 3], [6, 8, 9]]",saps_diagonal,1.0,1.0,1.0,0.09832187834349396,17.263295606906485,4.154912226137453,"{""1"": 12}"
s0-i8,0,4ab702c40a68ab28,"[[4, 7, 10], [1, 5, 11], [0, 2, 3], [6, 8, 9]]",p_saps_residualized,1.0,1.0,1.0,0.09832187834349396,17.263295606906485,4.154912226137453,"{""1"": 12}"
s0-i8,0,4ab702c40a68ab28,"[[4, 7, 10], [1, 5, 11], [0, 2, 3], [6, 8, 9]]",p_saps_projection,1.0,1.0,1.0,0.09832187834349396,17.263295606906485,4.154912226137453,"{""1"": 12}"
s0-i8,0,4ab702c40a68ab28,"[[4, 7, 10], [1, 5, 11], [0, 2, 3], [6, 8, 9]]",b_saps_budgeted,1.0,1.0,1.0,0.09832187834349396,17.263295606906485,4.154912226137453,"{""1"": 12}"
s0-i8,0,4ab702c40a68ab28,"[[4, 7, 10], [1, 5, 11], [0, 2, 3], [6, 8, 9]]",random_balanced,1.0,1.0,1.0,0.28466967854505804,102.7994284018231,10.139005296468836,"{""1"": 12}"
s0-i8,0,e71603355c70ddda,"[[1, 4, 7], [0, 6, 8], [3, 5, 11], [2, 9, 10]]",confidence,1.0,1.0,1.0,0.28466967854505804,82.45029075169097,9.080214245913528,"{""1"": 12}"
s0-i8,0,f6b8c1e559d47506,"[[1, 4, 7], [0, 6, 8], [2, 3, 11], [5, 9, 10]]",entropy,1.0,1.0,1.0,0.28466967854505804,71.34639135852863,8.446679309558794,"{""1"": 12}"
s0-i8,0,61551cdc2216cb12,"[[0, 2, 7], [3, 4, 5], [6, 8, 9], [1, 10, 11]]",dependency_cmi,1.0,1.0,1.0,0.28466967854505804,99.24345961862349,9.962101164845873,"{""1"": 12}"
s0-i8,0,8a10d919161d7038,"[[0, 2, 3], [4, 6, 7], [9, 10, 11], [1, 5, 8]]",min_within_batch_tc,1.0,1.0,1.0,0.28466967854505804,4.082466181906368,2.0205113664383005,"{""1"": 12}"
s0-i8,0,8f058866e4ab3ff8,"[[0, 1, 2], [3, 4, 5], [6, 7, 8], [9, 10, 11]]",dprm_myopic,1.0,1.0,1.0,0.28466967854505804,114.55795955610229,10.703175209072413,"{""1"": 12}"
s0-i8,0,8f058866e4ab3ff8,"[[0, 1, 2], [3, 4, 5], [6, 7, 8], [9, 10, 11]]",dprm_rollout,1.0,1.0,1.0,0.28466967854505804,114.55795955610229,10.703175209072413,"{""1"": 12}"
s0-i8,0,4ab702c40a68ab28,"[[4, 7, 10], [1, 5, 11], [0, 2, 3], [6, 8, 9]]",subset_exact,1.0,1.0,1.0,0.28466967854505804,102.7994284018231,10.139005296468836,"{""1"": 12}"
s0-i8,0,4ab702c40a68ab28,"[[4, 7, 10], [1, 5, 11], [0, 2, 3], [6, 8, 9]]",subset_beam_8,1.0,1.0,1.0,0.28466967854505804,102.7994284018231,10.139005296468836,"{""1"": 12}"
s0-i8,0,4ab702c40a68ab28,"[[4, 7, 10], [1, 5, 11], [0, 2, 3], [6, 8, 9]]",subset_beam_32,1.0,1.0,1.0,0.28466967854505804,102.7994284018231,10.139005296468836,"{""1"": 12}"
s0-i8,0,4ab702c40a68ab28,"[[4, 7, 10], [1, 5, 11], [0, 2, 3], [6, 8, 9]]",saps_diagonal,1.0,1.0,1.0,0.28466967854505804,102.7994284018231,10.139005296468836,"{""1"": 12}"
s0-i8,0,4ab702c40a68ab28,"[[4, 7, 10], [1, 5, 11], [0, 2, 3], [6, 8, 9]]",p_saps_residualized,1.0,1.0,1.0,0.28466967854505804,102.7994284018231,10.139005296468836,"{""1"": 12}"
s0-i8,0,4ab702c40a68ab28,"[[4, 7, 10], [1, 5, 11], [0, 2, 3], [6, 8, 9]]",p_saps_projection,1.0,1.0,1.0,0.28466967854505804,102.7994284018231,10.139005296468836,"{""1"": 12}"
s0-i8,0,4ab702c40a68ab28,"[[4, 7, 10], [1, 5, 11], [0, 2, 3], [6, 8, 9]]",b_saps_budgeted,1.0,1.0,1.0,0.28466967854505804,102.7994284018231,10.139005296468836,"{""1"": 12}"
s0-i9,0,2516301160cf1942,"[[0, 1, 2, 3, 4, 5, 6, 7, 8, 9, 10, 11]]",random_balanced,0.0,0.0,0.0,9.966672193000835e-05,1.6722565684410629,1.2931575961347723,"{""2"": 11}"
s0-i9,0,2516301160cf1942,"[[0, 1, 2, 3, 4, 5, 6, 7, 8, 9, 10, 11]]",confidence,0.0,0.0,0.0,9.966672193000835e-05,1.6722565684410629,1.2931575961347723,"{""2"": 11}"
s0-i9,0,2516301160cf1942,"[[0, 1, 2, 3, 4, 5, 6, 7, 8, 9, 10, 11]]",entropy,0.0,0.0,0.0,9.966672193000835e-05,1.6722565684410629,1.2931575961347723,"{""2"": 11}"
s0-i9,0,2516301160cf1942,"[[0, 1, 2, 3, 4, 5, 6, 7, 8, 9, 10, 11]]",dependency_cmi,0.0,0.0,0.0,9.966672193000835e-05,1.6722565684410629,1.2931575961347723,"{""2"": 11}"
s0-i9,0,2516301160cf1942,"[[0, 1, 2, 3, 4, 5, 6, 7, 8, 9, 10, 11]]",min_within_batch_tc,0.0,0.0,0.0,9.966672193000835e-05,1.6722565684410629,1.2931575961347723,"{""2"": 11}"
s0-i9,0,2516301160cf1942,"[[0, 1, 2, 3, 4, 5, 6, 7, 8, 9, 10, 11]]",dprm_myopic,0.0,0.0,0.0,9.966672193000835e-05,1.6722565684410629,1.2931575961347723,"{""2"": 11}"
s0-i9,0,2516301160cf1942,"[[0, 1, 2, 3, 4, 5, 6, 7, 8, 9, 10, 11]]",dprm_rollout,0.0,0.0,0.0,9.966672193000835e-05,1.6722565684410629,1.2931575961347723,"{""2"": 11}"
s0-i9,0,2516301160cf1942,"[[0, 1, 2, 3, 4, 5, 6, 7, 8, 9, 10, 11]]",subset_exact,0.0,0.0,0.0,9.966672193000835e-05,1.6722565684410629,1.2931575961347723,"{""2"": 11}"
s0-i9,0,2516301160cf1942,"[[0, 1, 2, 3, 4, 5, 6, 7, 8, 9, 10, 11]]",subset_beam_8,0.0,0.0,0.0,9.966672193000835e-05,1.6722565684410629,1.2931575961347723,"{""2"": 11}"
s0-i9,0,2516301160cf1942,"[[0, 1, 2, 3, 4, 5, 6, 7, 8, 9, 10, 11]]",subset_beam_32,0.0,0.0,0.0,9.966672193000835e-05,1.6722565684410629,1.2931575961347723,"{""2"": 11}"
s0-i9,0,2516301160cf1942,"[[0, 1, 2, 3, 4, 5, 6, 7, 8, 9, 10, 11]]",saps_diagonal,0.0,0.0,0.0,9.966672193000835e-05,1.6722565684410629,1.2931575961347723,"{""2"": 11}"
s0-i9,0,2516301160cf1942,"[[0, 1, 2, 3, 4, 5, 6, 7, 8, 9, 10, 11]]",p_saps_residualized,0.0,0.0,0.0,9.966672193000835e-05,1.6722565684410629,1.2931575961347723,"{""2"": 11}"
s0-i9,0,2516301160cf1942,"[[0, 1, 2, 3, 4, 5, 6, 7, 8, 9, 10, 11]]",p_saps_projection,0.0,0.0,0.0,9.966672193000835e-05,1.6722565684410629,1.2931575961347723,"{""2"": 11}"
s0-i9,0,2516301160cf1942,"[[0, 1, 2, 3, 4, 5, 6, 7, 8, 9, 10, 11]]",b_saps_budgeted,0.0,0.0,0.0,9.966672193000835e-05,1.6722565684410629,1.2931575961347723,"{""2"": 11}"
s0-i9,0,2516301160cf1942,"[[0, 1, 2, 3, 4, 5, 6, 7, 8, 9, 10, 11]]",random_balanced,0.0,0.0,0.0,0.002458367125419222,6.732374817718229,2.5946820263219594,"{""2"": 11}"
s0-i9,0,2516301160cf1942,"[[0, 1, 2, 3, 4, 5, 6, 7, 8, 9, 10, 11]]",confidence,0.0,0.0,0.0,0.002458367125419222,6.732374817718229,2.5946820263219594,"{""2"": 11}"
s0-i9,0,2516301160cf1942,"[[0, 1, 2, 3, 4, 5, 6, 7, 8, 9, 10, 11]]",entropy,0.0,0.0,0.0,0.002458367125419222,6.732374817718229,2.5946820263219594,"{""2"": 11}"
s0-i9,0,2516301160cf1942,"[[0, 1, 2, 3, 4, 5, 6, 7, 8, 9, 10, 11]]",dependency_cmi,0.0,0.0,0.0,0.002458367125419222,6.732374817718229,2.5946820263219594,"{""2"": 11}"
s0-i9,0,2516301160cf1942,"[[0, 1, 2, 3, 4, 5, 6, 7, 8, 9, 10, 11]]",min_within_batch_tc,0.0,0.0,0.0,0.002458367125419222,6.732374817718229,2.5946820263219594,"{""2"": 11}"
s0-i9,0,2516301160cf1942,"[[0, 1, 2, 3, 4, 5, 6, 7, 8, 9, 10, 11]]",dprm_myopic,0.0,0.0,0.0,0.002458367125419222,6.732374817718229,2.5946820263219594,"{""2"": 11}"
s0-i9,0,2516301160cf1942,"[[0, 1, 2, 3, 4, 5, 6, 7, 8, 9, 10, 11]]",dprm_rollout,0.0,0.0,0.0,0.002458367125419222,6.732374817718229,2.5946820263219594,"{""2"": 11}"
s0-i9,0,2516301160cf1942,"[[0, 1, 2, 3, 4, 5, 6, 7, 8, 9, 10, 11]]",subset_exact,0.0,0.0,0.0,0.002458367125419222,6.732374817718229,2.5946820263219594,"{""2"": 11}"
s0-i9,0,2516301160cf1942,"[[0, 1, 2, 3, 4, 5, 6, 7, 8, 9, 10, 11]]",subset_beam_8,0.0,0.0,0.0,0.002458367125419222,6.732374817718229,2.5946820263219594,"{""2"": 11}"
s0-i9,0,2516301160cf1942,"[[0, 1, 2, 3, 4, 5, 6, 7, 8, 9, 10, 11]]",subset_beam_32,0.0,0.0,0.0,0.002458367125419222,6.732374817718229,2.5946820263219594,"{""2"": 11}"
s0-i9,0,2516301160cf1942,"[[0, 1, 2, 3, 4, 5, 6, 7, 8, 9, 10, 11]]",saps_diagonal,0.0,0.0,0.0,0.002458367125419222,6.732374817718229,2.5946820263219594,"{""2"": 11}"
s0-i9,0,2516301160cf1942,"[[0, 1, 2, 3, 4, 5, 6, 7, 8, 9, 10, 11]]",p_saps_residualized,0.0,0.0,0.0,0.002458367125419222,6.732374817718229,2.5946820263219594,"{""2"": 11}"
s0-i9,0,2516301160cf1942,"[[0, 1, 2, 3, 4, 5, 6, 7, 8, 9, 10, 11]]",p_saps_projection,0.0,0.0,0.0,0.002458367125419222,6.732374817718229,2.5946820263219594,"{""2"": 11}"
s0-i9,0,2516301160cf1942,"[[0, 1, 2, 3, 4, 5, 6, 7, 8, 9, 10, 11]]",b_saps_budgeted,0.0,0.0,0.0,0.002458367125419222,6.732374817718229,2.5946820263219594,"{""2"": 11}"
s0-i9,0,2516301160cf1942,"[[0, 1, 2, 3, 4, 5, 6, 7, 8, 9, 10, 11]]",random_balanced,0.0,0.0,0.0,0.02137757562180163,14.778505891608937,3.8442822336047255,"{""2"": 11}"
s0-i9,0,2516301160cf1942,"[[0, 1, 2, 3, 4, 5, 6, 7, 8, 9, 10, 11]]",confidence,0.0,0.0,0.0,0.02137757562180163,14.778505891608937,3.8442822336047255,"{""2"": 11}"
s0-i9,0,2516301160cf1942,"[[0, 1, 2, 3, 4, 5, 6, 7, 8, 9, 10, 11]]",entropy,0.0,0.0,0.0,0.02137757562180163,14.778505891608937,3.8442822336047255,"{""2"": 11}"
s0-i9,0,2516301160cf1942,"[[0, 1, 2, 3, 4, 5, 6, 7, 8, 9, 10, 11]]",dependency_cmi,0.0,0.0,0.0,0.02137757562180163,14.778505891608937,3.8442822336047255,"{""2"": 11}"
s0-i9,0,2516301160cf1942,"[[0, 1, 2, 3, 4, 5, 6, 7, 8, 9, 10, 11]]",min_within_batch_tc,0.0,0.0,0.0,0.02137757562180163,14.778505891608937,3.8442822336047255,"{""2"": 11}"
s0-i9,0,2516301160cf1942,"[[0, 1, 2, 3, 4, 5, 6, 7, 8, 9, 10, 11]]",dprm_myopic,0.0,0.0,0.0,0.02137757562180163,14.778505891608937,3.8442822336047255,"{""2"": 11}"
s0-i9,0,2516301160cf1942,"[[0, 1, 2, 3, 4, 5, 6, 7, 8, 9, 10, 11]]",dprm_rollout,0.0,0.0,0.0,0.02137757562180163,14.778505891608937,3.8442822336047255,"{""2"": 11}"
s0-i9,0,2516301160cf1942,"[[0, 1, 2, 3, 4, 5, 6, 7, 8, 9, 10, 11]]",subset_exact,0.0,0.0,0.0,0.02137757562180163,14.778505891608937,3.8442822336047255,"{""2"": 11}"
s0-i9,0,2516301160cf1942,"[[0, 1, 2, 3, 4, 5, 6, 7, 8, 9, 10, 11]]",subset_beam_8,0.0,0.0,0.0,0.02137757562180163,14.778505891608937,3.8442822336047255,"{""2"": 11}"
s0-i9,0,2516301160cf1942,"[[0, 1, 2, 3, 4, 5, 6, 7, 8, 9, 10, 11]]",subset_beam_32,0.0,0.0,0.0,0.02137757562180163,14.778505891608937,3.8442822336047255,"{""2"": 11}"
s0-i9,0,2516301160cf1942,"[[0, 1, 2, 3, 4, 5, 6, 7, 8, 9, 10, 11]]",saps_diagonal,0.0,0.0,0.0,0.02137757562180163,14.778505891608937,3.8442822336047255,"{""2"": 11}"
s0-i9,0,2516301160cf1942,"[[0, 1, 2, 3, 4, 5, 6, 7, 8, 9, 10, 11]]",p_saps_residualized,0.0,0.0,0.0,0.02137757562180163,14.778505891608937,3.8442822336047255,"{""2"": 11}"
s0-i9,0,2516301160cf1942,"[[0, 1, 2, 3, 4, 5, 6, 7, 8, 9, 10, 11]]",p_saps_projection,0.0,0.0,0.0,0.02137757562180163,14.778505891608937,3.8442822336047255,"{""2"": 11}"
s0-i9,0,2516301160cf1942,"[[0, 1, 2, 3, 4, 5, 6, 7, 8, 9, 10, 11]]",b_saps_budgeted,0.0,0.0,0.0,0.02137757562180163,14.778505891608937,3.8442822336047255,"{""2"": 11}"
s0-i9,0,742806f18f2fe874,"[[1, 2, 3, 6, 8, 11], [0, 4, 5, 7, 9, 10]]",random_balanced,0.6514361892450765,0.6514361892450765,0.6514361892450765,0.013019976665253629,0.0,0.0,"{""1"": 7, ""2"": 4}"
s0-i9,0,b62024da5157c168,"[[1, 2, 4, 9, 10, 11], [0, 3, 5, 6, 7, 8]]",confidence,0.47197812017406326,0.47197812017406326,0.47197812017406326,0.009460681200083256,1.6722565684410629,1.2931575961347723,"{""1"": 5, ""2"": 6}"
s0-i9,0,8565edfc9fd04528,"[[0, 1, 2, 4, 9, 11], [3, 5, 6, 7, 8, 10]]",entropy,0.5785207596134926,0.5785207596134926,0.5785207596134926,0.011573802863361508,0.0,0.0,"{""2"": 5, ""1"": 6}"
s0-i9,0,505a651bb3736814,"[[0, 1, 2, 5, 9, 11], [3, 4, 6, 7, 8, 10]]",dependency_cmi,0.5175368172378999,0.5175368172378999,0.5175368172378999,0.01036427313494475,0.0,0.0,"{""2"": 5, ""1"": 6}"
s0-i9,0,908d4fe90d05ed3f,"[[1, 2, 3, 4, 5, 7], [0, 6, 8, 9, 10, 11]]",min_within_batch_tc,0.34088858740644445,0.34088858740644445,0.34088858740644445,0.006860706833221791,1.6722565684410629,1.2931575961347723,"{""1"": 4, ""2"": 7}"
s0-i9,0,bfeb31f6a7ace4d8,"[[1, 2, 3, 4, 5, 6], [0, 7, 8, 9, 10, 11]]",dprm_myopic,0.12843328765624887,0.12843328765624887,0.12843328765624887,0.002646958246341302,0.0,0.0,"{""1"": 2, ""2"": 9}"
s0-i9,0,bfeb31f6a7ace4d8,"[[1, 2, 3, 4, 5, 6], [0, 7, 8, 9, 10, 11]]",dprm_rollout,0.12843328765624887,0.12843328765624887,0.12843328765624887,0.002646958246341302,0.0,0.0,"{""1"": 2, ""2"": 9}"
s0-i9,0,6849bae5dc9cbf3e,"[[1, 3, 5, 7, 8, 10], [0, 2, 4, 6, 9, 11]]",subset_exact,0.9020670849165743,0.9020670849165743,0.9020670849165743,0.017990883880588428,0.39532480801787445,-0.628748604784038,"{""1"": 10, ""2"": 1}"
s0-i9,0,6849bae5dc9cbf3e,"[[1, 3, 5, 7, 8, 10], [0, 2, 4, 6, 9, 11]]",subset_beam_8,0.9020670849165743,0.9020670849165743,0.9020670849165743,0.017990883880588428,0.39532480801787445,-0.628748604784038,"{""1"": 10, ""2"": 1}"
s0-i9,0,6849bae5dc9cbf3e,"[[1, 3, 5, 7, 8, 10], [0, 2, 4, 6, 9, 11]]",subset_beam_32,0.9020670849165743,0.9020670849165743,0.9020670849165743,0.017990883880588428,0.39532480801787445,-0.628748604784038,"{""1"": 10, ""2"": 1}"
s0-i9,0,6849bae5dc9cbf3e,"[[1, 3, 5, 7, 8, 10], [0, 2, 4, 6, 9, 11]]",saps_diagonal,0.9020670849165743,0.9020670849165743,0.9020670849165743,0.017990883880588428,0.39532480801787445,-0.628748604784038,"{""1"": 10, ""2"": 1}"
s0-i9,0,6849bae5dc9cbf3e,"[[1, 3, 5, 7, 8, 10], [0, 2, 4, 6, 9, 11]]",p_saps_residualized,0.9020670849165743,0.9020670849165743,0.9020670849165743,0.017990883880588428,0.39532480801787445,-0.628748604784038,"{""1"": 10, ""2"": 1}"
s0-i9,0,6849bae5dc9cbf3e,"[[1, 3, 5, 7, 8, 10], [0, 2, 4, 6, 9, 11]]",p_saps_projection,0.9020670849165743,0.9020670849165743,0.9020670849165743,0.017990883880588428,0.39532480801787445,-0.628748604784038,"{""1"": 10, ""2"": 1}"
s0-i9,0,6849bae5dc9cbf3e,"[[1, 3, 5, 7, 8, 10], [0, 2, 4, 6, 9, 11]]",b_saps_budgeted,0.9020670849165743,0.9020670849165743,0.9020670849165743,0.017990883880588428,0.39532480801787445,-0.628748604784038,"{""1"": 10, ""2"": 1}"
s0-i9,0,742806f18f2fe874,"[[1, 2, 3, 6, 8, 11], [0, 4, 5, 7, 9, 10]]",random_balanced,0.6514361892450765,0.6514361892450765,0.6514361892450765,0.06490732756097448,0.8688457840535964,0.932118975267426,"{""1"": 7, ""2"": 4}"
s0-i9,0,b62024da5157c168,"[[1, 2, 4, 9, 10, 11], [0, 3, 5, 6, 7, 8]]",confidence,0.47197812017406326,0.47197812017406326,0.47197812017406326,0.047703846943411364,27.754095854260235,5.268215623364351,"{""1"": 5, ""2"": 6}"
s0-i9,0,8565edfc9fd04528,"[[0, 1, 2, 4, 9, 11], [3, 5, 6, 7, 8, 10]]",entropy,0.5785207596134926,0.5785207596134926,0.5785207596134926,0.057917398454516385,39.33085739115968,6.271431845373087,"{""2"": 5, ""1"": 6}"
s0-i9,0,505a651bb3736814,"[[0, 1, 2, 5, 9, 11], [3, 4, 6, 7, 8, 10]]",dependency_cmi,0.5175368172378999,0.5175368172378999,0.5175368172378999,0.052071263610471326,58.82780806093568,7.669928817201349,"{""2"": 5, ""1"": 6}"
s0-i9,0,908d4fe90d05ed3f,"[[1, 2, 3, 4, 5, 7], [0, 6, 8, 9, 10, 11]]",min_within_batch_tc,0.34088858740644445,0.34088858740644445,0.34088858740644445,0.03513714404837056,5.431770692856733,2.3306159470956884,"{""1"": 4, ""2"": 7}"
s0-i9,0,bfeb31f6a7ace4d8,"[[1, 2, 3, 4, 5, 6], [0, 7, 8, 9, 10, 11]]",dprm_myopic,0.12843328765624887,0.12843328765624887,0.12843328765624887,0.014770433037428254,13.518489231892499,-3.6767498190511274,"{""1"": 2, ""2"": 9}"
s0-i9,0,bfeb31f6a7ace4d8,"[[1, 2, 3, 4, 5, 6], [0, 7, 8, 9, 10, 11]]",dprm_rollout,0.12843328765624887,0.12843328765624887,0.12843328765624887,0.014770433037428254,13.518489231892499,-3.6767498190511274,"{""1"": 2, ""2"": 9}"
s0-i9,0,6849bae5dc9cbf3e,"[[1, 3, 5, 7, 8, 10], [0, 2, 4, 6, 9, 11]]",subset_exact,0.9020670849165743,0.9020670849165743,0.9020670849165743,0.08893368523977521,5.431770692856733,2.3306159470956884,"{""1"": 10, ""2"": 1}"
s0-i9,0,6849bae5dc9cbf3e,"[[1, 3, 5, 7, 8, 10], [0, 2, 4, 6, 9, 11]]",subset_beam_8,0.9020670849165743,0.9020670849165743,0.9020670849165743,0.08893368523977521,5.431770692856733,2.3306159470956884,"{""1"": 10, ""2"": 1}"
s0-i9,0,6849bae5dc9cbf3e,"[[1, 3, 5, 7, 8, 10], [0, 2, 4, 6, 9, 11]]",subset_beam_32,0.9020670849165743,0.9020670849165743,0.9020670849165743,0.08893368523977521,5.431770692856733,2.3306159470956884,"{""1"": 10, ""2"": 1}"
s0-i9,0,6849bae5dc9cbf3e,"[[1, 3, 5, 7, 8, 10], [0, 2, 4, 6, 9, 11]]",saps_diagonal,0.9020670849165743,0.9020670849165743,0.9020670849165743,0.08893368523977521,5.431770692856733,2.3306159470956884,"{""1"": 10, ""2"": 1}"
s0-i9,0,6849bae5dc9cbf3e,"[[1, 3, 5, 7, 8, 10], [0, 2, 4, 6, 9, 11]]",p_saps_residualized,0.9020670849165743,0.9020670849165743,0.9020670849165743,0.08893368523977521,5.431770692856733,2.3306159470956884,"{""1"": 10, ""2"": 1}"
s0-i9,0,6849bae5dc9cbf3e,"[[1, 3, 5, 7, 8, 10], [0, 2, 4, 6, 9, 11]]",p_saps_projection,0.9020670849165743,0.9020670849165743,0.9020670849165743,0.08893368523977521,5.431770692856733,2.3306159470956884,"{""1"": 10, ""2"": 1}"
s0-i9,0,6849bae5dc9cbf3e,"[[1, 3, 5, 7, 8, 10], [0, 2, 4, 6, 9, 11]]",b_saps_budgeted,0.9020670849165743,0.9020670849165743,0.9020670849165743,0.08893368523977521,5.431770692856733,2.3306159470956884,"{""1"": 10, ""2"": 1}"
s0-i9,0,742806f18f2fe874,"[[1, 2, 3, 6, 8, 11], [0, 4, 5, 7, 9, 10]]",random_balanced,0.6514361892450765,0.6514361892450765,0.6514361892450765,0.19289557980845026,17.91296780458076,4.232371416189836,"{""1"": 7, ""2"": 4}"
s0-i9,0,b62024da5157c168,"[[1, 2, 4, 9, 10, 11], [0, 3, 5, 6, 7, 8]]",confidence,0.47197812017406326,0.47197812017406326,0.47197812017406326,0.14564568741619618,17.91296780458076,4.232371416189836,"{""1"": 5, ""2"": 6}"
s0-i9,0,8565edfc9fd04528,"[[0, 1, 2, 4, 9, 11], [3, 5, 6, 7, 8, 10]]",entropy,0.5785207596134926,0.5785207596134926,0.5785207596134926,0.1736975230051978,22.92402902317914,4.787904450088696,"{""2"": 5, ""1"": 6}"
s0-i9,0,505a651bb3736814,"[[0, 1, 2, 5, 9, 11], [3, 4, 6, 7, 8, 10]]",dependency_cmi,0.5175368172378999,0.5175368172378999,0.5175368172378999,0.1576409325725773,5.631708063485796,2.373122007711739,"{""2"": 5, ""1"": 6}"
s0-i9,0,908d4fe90d05ed3f,"[[1, 2, 3, 4, 5, 7], [0, 6, 8, 9, 10, 11]]",min_within_batch_tc,0.34088858740644445,0.34088858740644445,0.34088858740644445,0.11113084866258269,2.433605728688598,1.5600018361170598,"{""1"": 4, ""2"": 7}"
s0-i9,0,bfeb31f6a7ace4d8,"[[1, 2, 3, 4, 5, 6], [0, 7, 8, 9, 10, 11]]",dprm_myopic,0.12843328765624887,0.12843328765624887,0.12843328765624887,0.0551930460141629,1.685370214503935,1.298218092041524,"{""1"": 2, ""2"": 9}"
s0-i9,0,bfeb31f6a7ace4d8,"[[1, 2, 3, 4, 5, 6], [0, 7, 8, 9, 10, 11]]",dprm_rollout,0.12843328765624887,0.12843328765624887,0.12843328765624887,0.0551930460141629,1.685370214503935,1.298218092041524,"{""1"": 2, ""2"": 9}"
s0-i9,0,6849bae5dc9cbf3e,"[[1, 3, 5, 7, 8, 10], [0, 2, 4, 6, 9, 11]]",subset_exact,0.9020670849165743,0.9020670849165743,0.9020670849165743,0.25888471538733815,1.0020109152741326,-1.0010049526721296,"{""1"": 10, ""2"": 1}"
s0-i9,0,6849bae5dc9cbf3e,"[[1, 3, 5, 7, 8, 10], [0, 2, 4, 6, 9, 11]]",subset_beam_8,0.9020670849165743,0.9020670849165743,0.9020670849165743,0.25888471538733815,1.0020109152741326,-1.0010049526721296,"{""1"": 10, ""2"": 1}"
s0-i9,0,6849bae5dc9cbf3e,"[[1, 3, 5, 7, 8, 10], [0, 2, 4, 6, 9, 11]]",subset_beam_32,0.9020670849165743,0.9020670849165743,0.9020670849165743,0.25888471538733815,1.0020109152741326,-1.0010049526721296,"{""1"": 10, ""2"": 1}"
s0-i9,0,6849bae5dc9cbf3e,"[[1, 3, 5, 7, 8, 10], [0, 2, 4, 6, 9, 11]]",saps_diagonal,0.9020670849165743,0.9020670849165743,0.9020670849165743,0.25888471538733815,1.0020109152741326,-1.0010049526721296,"{""1"": 10, ""2"": 1}"
s0-i9,0,6849bae5dc9cbf3e,"[[1, 3, 5, 7, 8, 10], [0, 2, 4, 6, 9, 11]]",p_saps_residualized,0.9020670849165743,0.9020670849165743,0.9020670849165743,0.25888471538733815,1.0020109152741326,-1.0010049526721296,"{""1"": 10, ""2"": 1}"
s0-i9,0,6849bae5dc9cbf3e,"[[1, 3, 5, 7, 8, 10], [0, 2, 4, 6, 9, 11]]",p_saps_projection,0.9020670849165743,0.9020670849165743,0.9020670849165743,0.25888471538733815,1.0020109152741326,-1.0010049526721296,"{""1"": 10, ""2"": 1}"
s0-i9,0,6849bae5dc9cbf3e,"[[1, 3, 5, 7, 8, 10], [0, 2, 4, 6, 9, 11]]",b_saps_budgeted,0.9020670849165743,0.9020670849165743,0.9020670849165743,0.25888471538733815,1.0020109152741326,-1.0010049526721296,"{""1"": 10, ""2"": 1}"
s0-i9,0,be4683df5910c528,"[[1, 2, 3, 6], [4, 8, 9, 11], [0, 5, 7, 10]]",random_balanced,0.738328458658576,0.738328458658576,0.738328458658576,0.01474336119782345,0.0,0.0,"{""1"": 8, ""2"": 3}"
s0-i9,0,68eca53aa517d1b6,"[[1, 2, 4, 10], [0, 6, 9, 11], [3, 5, 7, 8]]",confidence,0.8214764319365113,0.8214764319365113,0.8214764319365113,0.016392482943968802,2.849170234774187,1.6879485284730062,"{""1"": 9, ""2"": 2}"
s0-i9,0,542076bc53c0c813,"[[0, 2, 4, 11], [1, 7, 9, 10], [3, 5, 6, 8]]",entropy,0.7862051685694299,0.7862051685694299,0.7862051685694299,0.01569292761941215,1.6628448144925336,1.2895134022151664,"{""1"": 9, ""2"": 2}"
s0-i9,0,6f3dbfaf604865e5,"[[0, 1, 5, 9], [3, 4, 6, 10], [2, 7, 8, 11]]",dependency_cmi,0.6668267287832899,0.6668267287832899,0.6668267287832899,0.013325226119170417,1.6722565684410629,1.2931575961347723,"{""2"": 3, ""1"": 8}"
s0-i9,0,5b7168e717703194,"[[1, 2, 4, 7], [5, 6, 9, 10], [0, 3, 8, 11]]",min_within_batch_tc,0.7056145155893669,0.7056145155893669,0.7056145155893669,0.014094526682792523,1.6628448144925336,1.2895134022151664,"{""1"": 8, ""2"": 3}"
s0-i9,0,011fea97cdcae28b,"[[1, 2, 3, 4], [5, 6, 7, 8], [0, 9, 10, 11]]",dprm_myopic,0.1834279578000581,0.1834279578000581,0.1834279578000581,0.003737699281640995,0.0,0.0,"{""1"": 3, ""2"": 8}"
s0-i9,0,011fea97cdcae28b,"[[1, 2, 3, 4], [5, 6, 7, 8], [0, 9, 10, 11]]",dprm_rollout,0.1834279578000581,0.1834279578000581,0.1834279578000581,0.003737699281640995,0.0,0.0,"{""1"": 3, ""2"": 8}"
s0-i9,0,1fa18536435efeb1,"[[1, 3, 6, 8], [2, 4, 9, 11], [0, 5, 7, 10]]",subset_exact,1.0,1.0,1.0,0.019933243911272918,0.0,0.0,"{""1"": 11}"
s0-i9,0,1fa18536435efeb1,"[[1, 3, 6, 8], [2, 4, 9, 11], [0, 5, 7, 10]]",subset_beam_8,1.0,1.0,1.0,0.019933243911272918,0.0,0.0,"{""1"": 11}"
s0-i9,0,1fa18536435efeb1,"[[1, 3, 6, 8], [2, 4, 9, 11], [0, 5, 7, 10]]",subset_beam_32,1.0,1.0,1.0,0.019933243911272918,0.0,0.0,"{""1"": 11}"
s0-i9,0,1fa18536435efeb1,"[[1, 3, 6, 8], [2, 4, 9, 11], [0, 5, 7, 10]]",saps_diagonal,1.0,1.0,1.0,0.019933243911272918,0.0,0.0,"{""1"": 11}"
s0-i9,0,1fa18536435efeb1,"[[1, 3, 6, 8], [2, 4, 9, 11], [0, 5, 7, 10]]",p_saps_residualized,1.0,1.0,1.0,0.019933243911272918,0.0,0.0,"{""1"": 11}"
s0-i9,0,1fa18536435efeb1,"[[1, 3, 6, 8], [2, 4, 9, 11], [0, 5, 7, 10]]",p_saps_projection,1.0,1.0,1.0,0.019933243911272918,0.0,0.0,"{""1"": 11}"
s0-i9,0,1fa18536435efeb1,"[[1, 3, 6, 8], [2, 4, 9, 11], [0, 5, 7, 10]]",b_saps_budgeted,1.0,1.0,1.0,0.019933243911272918,0.0,0.0,"{""1"": 11}"
s0-i9,0,be4683df5910c528,"[[1, 2, 3, 6], [4, 8, 9, 11], [0, 5, 7, 10]]",random_balanced,0.738328458658576,0.738328458658576,0.738328458658576,0.07323712560465945,3.1869660716014403,1.7852075710128052,"{""1"": 8, ""2"": 3}"
s0-i9,0,68eca53aa517d1b6,"[[1, 2, 4, 10], [0, 6, 9, 11], [3, 5, 7, 8]]",confidence,0.8214764319365113,0.8214764319365113,0.8214764319365113,0.08120798227374898,40.55204397845018,6.3680486790264235,"{""1"": 9, ""2"": 2}"
s0-i9,0,542076bc53c0c813,"[[0, 2, 4, 11], [1, 7, 9, 10], [3, 5, 6, 8]]",entropy,0.7862051685694299,0.7862051685694299,0.7862051685694299,0.0778267551222831,58.82780806093568,7.669928817201349,"{""1"": 9, ""2"": 2}"
s0-i9,0,6f3dbfaf604865e5,"[[0, 1, 5, 9], [3, 4, 6, 10], [2, 7, 8, 11]]",dependency_cmi,0.6668267287832899,0.6668267287832899,0.6668267287832899,0.06638271872064821,58.82780806093568,7.669928817201349,"{""2"": 3, ""1"": 8}"
s0-i9,0,5b7168e717703194,"[[1, 2, 4, 7], [5, 6, 9, 10], [0, 3, 8, 11]]",min_within_batch_tc,0.7056145155893669,0.7056145155893669,0.7056145155893669,0.07010105215625687,61.49072414725436,7.841602141606928,"{""1"": 8, ""2"": 3}"
s0-i9,0,011fea97cdcae28b,"[[1, 2, 3, 4], [5, 6, 7, 8], [0, 9, 10, 11]]",dprm_myopic,0.1834279578000581,0.1834279578000581,0.1834279578000581,0.02004241521569363,0.1242136318915113,-0.3524395435979216,"{""1"": 3, ""2"": 8}"
s0-i9,0,011fea97cdcae28b,"[[1, 2, 3, 4], [5, 6, 7, 8], [0, 9, 10, 11]]",dprm_rollout,0.1834279578000581,0.1834279578000581,0.1834279578000581,0.02004241521569363,0.1242136318915113,-0.3524395435979216,"{""1"": 3, ""2"": 8}"
s0-i9,0,1fa18536435efeb1,"[[1, 3, 6, 8], [2, 4, 9, 11], [0, 5, 7, 10]]",subset_exact,1.0,1.0,1.0,0.09832187834349396,6.732374817718229,2.5946820263219594,"{""1"": 11}"
s0-i9,0,1fa18536435efeb1,"[[1, 3, 6, 8], [2, 4, 9, 11], [0, 5, 7, 10]]",subset_beam_8,1.0,1.0,1.0,0.09832187834349396,6.732374817718229,2.5946820263219594,"{""1"": 11}"
s0-i9,0,1fa18536435efeb1,"[[1, 3, 6, 8], [2, 4, 9, 11], [0, 5, 7, 10]]",subset_beam_32,1.0,1.0,1.0,0.09832187834349396,6.732374817718229,2.5946820263219594,"{""1"": 11}"
s0-i9,0,1fa18536435efeb1,"[[1, 3, 6, 8], [2, 4, 9, 11], [0, 5, 7, 10]]",saps_diagonal,1.0,1.0,1.0,0.09832187834349396,6.732374817718229,2.5946820263219594,"{""1"": 11}"
s0-i9,0,1fa18536435efeb1,"[[1, 3, 6, 8], [2, 4, 9, 11], [0, 5, 7, 10]]",p_saps_residualized,1.0,1.0,1.0,0.09832187834349396,6.732374817718229,2.5946820263219594,"{""1"": 11}"
s0-i9,0,1fa18536435efeb1,"[[1, 3, 6, 8], [2, 4, 9, 11], [0, 5, 7, 10]]",p_saps_projection,1.0,1.0,1.0,0.09832187834349396,6.732374817718229,2.5946820263219594,"{""1"": 11}"
s0-i9,0,1fa18536435efeb1,"[[1, 3, 6, 8], [2, 4, 9, 11], [0, 5, 7, 10]]",b_saps_budgeted,1.0,1.0,1.0,0.09832187834349396,6.732374817718229,2.5946820263219594,"{""1"": 11}"
s0-i9,0,be4683df5910c528,"[[1, 2, 3, 6], [4, 8, 9, 11], [0, 5, 7, 10]]",random_balanced,0.738328458658576,0.738328458658576,0.738328458658576,0.21577362815010467,13.864449142951747,3.723499582778511,"{""1"": 8, ""2"": 3}"
s0-i9,0,68eca53aa517d1b6,"[[1, 2, 4, 10], [0, 6, 9, 11], [3, 5, 7, 8]]",confidence,0.8214764319365113,0.8214764319365113,0.8214764319365113,0.23766583288825902,30.56742133189407,5.528781179599539,"{""1"": 9, ""2"": 2}"
s0-i9,0,542076bc53c0c813,"[[0, 2, 4, 11], [1, 7, 9, 10], [3, 5, 6, 8]]",entropy,0.7862051685694299,0.7862051685694299,0.7862051685694299,0.2283791877835801,2.3803104781220132,1.5428254853099923,"{""1"": 9, ""2"": 2}"
s0-i9,0,6f3dbfaf604865e5,"[[0, 1, 5, 9], [3, 4, 6, 10], [2, 7, 8, 11]]",dependency_cmi,0.6668267287832899,0.6668267287832899,0.6668267287832899,0.19694778732858997,53.32457095115271,7.302367489462079,"{""2"": 3, ""1"": 8}"
s0-i9,0,5b7168e717703194,"[[1, 2, 4, 7], [5, 6, 9, 10], [0, 3, 8, 11]]",min_within_batch_tc,0.7056145155893669,0.7056145155893669,0.7056145155893669,0.20716030528450094,16.54039773364555,4.066988779631135,"{""1"": 8, ""2"": 3}"
s0-i9,0,011fea97cdcae28b,"[[1, 2, 3, 4], [5, 6, 7, 8], [0, 9, 10, 11]]",dprm_myopic,0.1834279578000581,0.1834279578000581,0.1834279578000581,0.06967270836589727,4.650209433386504,-2.1564344259416988,"{""1"": 3, ""2"": 8}"
s0-i9,0,011fea97cdcae28b,"[[1, 2, 3, 4], [5, 6, 7, 8], [0, 9, 10, 11]]",dprm_rollout,0.1834279578000581,0.1834279578000581,0.1834279578000581,0.06967270836589727,4.650209433386504,-2.1564344259416988,"{""1"": 3, ""2"": 8}"
s0-i9,0,1fa18536435efeb1,"[[1, 3, 6, 8], [2, 4, 9, 11], [0, 5, 7, 10]]",subset_exact,1.0,1.0,1.0,0.28466967854505804,21.05177932465655,4.588221804213104,"{""1"": 11}"
s0-i9,0,1fa18536435efeb1,"[[1, 3, 6, 8], [2, 4, 9, 11], [0, 5, 7, 10]]",subset_beam_8,1.0,1.0,1.0,0.28466967854505804,21.05177932465655,4.588221804213104,"{""1"": 11}"
s0-i9,0,1fa18536435efeb1,"[[1, 3, 6, 8], [2, 4, 9, 11], [0, 5, 7, 10]]",subset_beam_32,1.0,1.0,1.0,0.28466967854505804,21.05177932465655,4.588221804213104,"{""1"": 11}"
s0-i9,0,1fa18536435efeb1,"[[1, 3, 6, 8], [2, 4, 9, 11], [0, 5, 7, 10]]",saps_diagonal,1.0,1.0,1.0,0.28466967854505804,21.05177932465655,4.588221804213104,"{""1"": 11}"
s0-i9,0,1fa18536435efeb1,"[[1, 3, 6, 8], [2, 4, 9, 11], [0, 5, 7, 10]]",p_saps_residualized,1.0,1.0,1.0,0.28466967854505804,21.05177932465655,4.588221804213104,"{""1"": 11}"
s0-i9,0,1fa18536435efeb1,"[[1, 3, 6, 8], [2, 4, 9, 11], [0, 5, 7, 10]]",p_saps_projection,1.0,1.0,1.0,0.28466967854505804,21.05177932465655,4.588221804213104,"{""1"": 11}"
s0-i9,0,1fa18536435efeb1,"[[1, 3, 6, 8], [2, 4, 9, 11], [0, 5, 7, 10]]",b_saps_budgeted,1.0,1.0,1.0,0.28466967854505804,21.05177932465655,4.588221804213104,"{""1"": 11}"
s0-i9,0,7732f4bac0277dd7,"[[1, 3, 6], [2, 8, 11], [4, 5, 9], [0, 7, 10]]",random_balanced,0.9443431243205822,0.9443431243205822,0.9443431243205822,0.018829368971367524,0.1587505498361009,0.39843512625784,"{""1"": 10, ""2"": 1}"
s0-i9,0,a6b10bb20622df45,"[[1, 2, 4], [9, 10, 11], [0, 3, 6], [5, 7, 8]]",confidence,0.6551997634061603,0.6551997634061603,0.6551997634061603,0.0130946218038853,0.0,0.0,"{""1"": 7, ""2"": 4}"
s0-i9,0,af22ceca32294a03,"[[2, 4, 11], [0, 1, 9], [3, 7, 10], [5, 6, 8]]",entropy,0.8257435862423084,0.8257435862423084,0.8257435862423084,0.016477115878271664,9.455004675647446,3.0748991325972703,"{""2"": 2, ""1"": 9}"
s0-i9,0,e5250be6f62d8957,"[[0, 5, 9], [4, 6, 10], [1, 2, 7], [3, 8, 11]]",dependency_cmi,0.919409347019937,0.919409347019937,0.919409347019937,0.018334842974653293,1.6722565684410629,1.2931575961347723,"{""1"": 10, ""2"": 1}"
s0-i9,0,5f14c6b872a3b2e7,"[[1, 3, 4], [5, 6, 7], [2, 9, 10], [0, 8, 11]]",min_within_batch_tc,0.5419995829617401,0.5419995829617401,0.5419995829617401,0.010849457287193347,0.12081679599470448,0.3475871056220361,"{""1"": 7, ""2"": 4}"
s0-i9,0,9d847cd969dfd1be,"[[1, 2, 3], [4, 5, 6], [7, 8, 9], [0, 10, 11]]",dprm_myopic,0.40321206146241173,0.40321206146241173,0.40321206146241173,0.008096804266618829,0.0,0.0,"{""1"": 4, ""2"": 7}"
s0-i9,0,9d847cd969dfd1be,"[[1, 2, 3], [4, 5, 6], [7, 8, 9], [0, 10, 11]]",dprm_rollout,0.40321206146241173,0.40321206146241173,0.40321206146241173,0.008096804266618829,0.0,0.0,"{""1"": 4, ""2"": 7}"
s0-i9,0,7956e475588d71bb,"[[1, 3, 5], [2, 8, 11], [4, 6, 9], [0, 7, 10]]",subset_exact,1.0,1.0,1.0,0.019933243911272918,1.0551064173171134,-1.027183731041878,"{""1"": 11}"
s0-i9,0,7956e475588d71bb,"[[1, 3, 5], [2, 8, 11], [4, 6, 9], [0, 7, 10]]",subset_beam_8,1.0,1.0,1.0,0.019933243911272918,1.0551064173171134,-1.027183731041878,"{""1"": 11}"
s0-i9,0,7956e475588d71bb,"[[1, 3, 5], [2, 8, 11], [4, 6, 9], [0, 7, 10]]",subset_beam_32,1.0,1.0,1.0,0.019933243911272918,1.0551064173171134,-1.027183731041878,"{""1"": 11}"
s0-i9,0,7956e475588d71bb,"[[1, 3, 5], [2, 8, 11], [4, 6, 9], [0, 7, 10]]",saps_diagonal,1.0,1.0,1.0,0.019933243911272918,1.0551064173171134,-1.027183731041878,"{""1"": 11}"
s0-i9,0,7956e475588d71bb,"[[1, 3, 5], [2, 8, 11], [4, 6, 9], [0, 7, 10]]",p_saps_residualized,1.0,1.0,1.0,0.019933243911272918,1.0551064173171134,-1.027183731041878,"{""1"": 11}"
s0-i9,0,7956e475588d71bb,"[[1, 3, 5], [2, 8, 11], [4, 6, 9], [0, 7, 10]]",p_saps_projection,1.0,1.0,1.0,0.019933243911272918,1.0551064173171134,-1.027183731041878,"{""1"": 11}"
s0-i9,0,7956e475588d71bb,"[[1, 3, 5], [2, 8, 11], [4, 6, 9], [0, 7, 10]]",b_saps_budgeted,1.0,1.0,1.0,0.019933243911272918,1.0551064173171134,-1.027183731041878,"{""1"": 11}"
s0-i9,0,7732f4bac0277dd7,"[[1, 3, 6], [2, 8, 11], [4, 5, 9], [0, 7, 10]]",random_balanced,0.9443431243205822,0.9443431243205822,0.9443431243205822,0.0929864148174371,0.8688457840535964,0.932118975267426,"{""1"": 10, ""2"": 1}"
s0-i9,0,a6b10bb20622df45,"[[1, 2, 4], [9, 10, 11], [0, 3, 6], [5, 7, 8]]",confidence,0.6551997634061603,0.6551997634061603,0.6551997634061603,0.06526811699478557,57.419052776679344,7.5775360623806565,"{""1"": 7, ""2"": 4}"
s0-i9,0,af22ceca32294a03,"[[2, 4, 11], [0, 1, 9], [3, 7, 10], [5, 6, 8]]",entropy,0.8257435862423084,0.8257435862423084,0.8257435862423084,0.081617046668412,39.33085739115968,6.271431845373087,"{""2"": 2, ""1"": 9}"
s0-i9,0,e5250be6f62d8957,"[[0, 5, 9], [4, 6, 10], [1, 2, 7], [3, 8, 11]]",dependency_cmi,0.919409347019937,0.919409347019937,0.919409347019937,0.09059617537746772,15.942431334648894,3.9927974322082624,"{""1"": 10, ""2"": 1}"
s0-i9,0,5f14c6b872a3b2e7,"[[1, 3, 4], [5, 6, 7], [2, 9, 10], [0, 8, 11]]",min_within_batch_tc,0.5419995829617401,0.5419995829617401,0.5419995829617401,0.05441635022686383,1.4308586845940887,1.196185054493697,"{""1"": 7, ""2"": 4}"
s0-i9,0,9d847cd969dfd1be,"[[1, 2, 3], [4, 5, 6], [7, 8, 9], [0, 10, 11]]",dprm_myopic,0.40321206146241173,0.40321206146241173,0.40321206146241173,0.041111691102684166,1.4314687594822535,1.1964400358907477,"{""1"": 4, ""2"": 7}"
s0-i9,0,9d847cd969dfd1be,"[[1, 2, 3], [4, 5, 6], [7, 8, 9], [0, 10, 11]]",dprm_rollout,0.40321206146241173,0.40321206146241173,0.40321206146241173,0.041111691102684166,1.4314687594822535,1.1964400358907477,"{""1"": 4, ""2"": 7}"
s0-i9,0,7956e475588d71bb,"[[1, 3, 5], [2, 8, 11], [4, 6, 9], [0, 7, 10]]",subset_exact,1.0,1.0,1.0,0.09832187834349396,3.1869660716014403,1.7852075710128052,"{""1"": 11}"
s0-i9,0,7956e475588d71bb,"[[1, 3, 5], [2, 8, 11], [4, 6, 9], [0, 7, 10]]",subset_beam_8,1.0,1.0,1.0,0.09832187834349396,3.1869660716014403,1.7852075710128052,"{""1"": 11}"
s0-i9,0,7956e475588d71bb,"[[1, 3, 5], [2, 8, 11], [4, 6, 9], [0, 7, 10]]",subset_beam_32,1.0,1.0,1.0,0.09832187834349396,3.1869660716014403,1.7852075710128052,"{""1"": 11}"
s0-i9,0,7956e475588d71bb,"[[1, 3, 5], [2, 8, 11], [4, 6, 9], [0, 7, 10]]",saps_diagonal,1.0,1.0,1.0,0.09832187834349396,3.1869660716014403,1.7852075710128052,"{""1"": 11}"
s0-i9,0,7956e475588d71bb,"[[1, 3, 5], [2, 8, 11], [4, 6, 9], [0, 7, 10]]",p_saps_residualized,1.0,1.0,1.0,0.09832187834349396,3.1869660716014403,1.7852075710128052,"{""1"": 11}"
s0-i9,0,7956e475588d71bb,"[[1, 3, 5], [2, 8, 11], [4, 6, 9], [0, 7, 10]]",p_saps_projection,1.0,1.0,1.0,0.09832187834349396,3.1869660716014403,1.7852075710128052,"{""1"": 11}"
s0-i9,0,7956e475588d71bb,"[[1, 3, 5], [2, 8, 11], [4, 6, 9], [0, 7, 10]]",b_saps_budgeted,1.0,1.0,1.0,0.09832187834349396,3.1869660716014403,1.7852075710128052,"{""1"": 11}"
s0-i9,0,7732f4bac0277dd7,"[[1, 3, 6], [2, 8, 11], [4, 5, 9], [0, 7, 10]]",random_balanced,0.9443431243205822,0.9443431243205822,0.9443431243205822,0.2700156627052859,0.4609683650405866,0.678946511177859,"{""1"": 10, ""2"": 1}"
s0-i9,0,a6b10bb20622df45,"[[1, 2, 4], [9, 10, 11], [0, 3, 6], [5, 7, 8]]",confidence,0.6551997634061603,0.6551997634061603,0.6551997634061603,0.19388649916382963,7.4890994239163815,2.7366219000651846,"{""1"": 7, ""2"": 4}"
s0-i9,0,af22ceca32294a03,"[[2, 4, 11], [0, 1, 9], [3, 7, 10], [5, 6, 8]]",entropy,0.8257435862423084,0.8257435862423084,0.8257435862423084,0.23878934091893034,31.330517024238908,5.597366972446858,"{""2"": 2, ""1"": 9}"
s0-i9,0,e5250be6f62d8957,"[[0, 5, 9], [4, 6, 10], [1, 2, 7], [3, 8, 11]]",dependency_cmi,0.919409347019937,0.919409347019937,0.919409347019937,0.2634507960459789,0.571592527445032,-0.7560373849519824,"{""1"": 10, ""2"": 1}"
s0-i9,0,5f14c6b872a3b2e7,"[[1, 3, 4], [5, 6, 7], [2, 9, 10], [0, 8, 11]]",min_within_batch_tc,0.5419995829617401,0.5419995829617401,0.5419995829617401,0.16408178560332617,16.18908396345976,4.023566075443494,"{""1"": 7, ""2"": 4}"
s0-i9,0,9d847cd969dfd1be,"[[1, 2, 3], [4, 5, 6], [7, 8, 9], [0, 10, 11]]",dprm_myopic,0.40321206146241173,0.40321206146241173,0.40321206146241173,0.12754012720826133,18.749807797178665,4.33010482519519,"{""1"": 4, ""2"": 7}"
s0-i9,0,9d847cd969dfd1be,"[[1, 2, 3], [4, 5, 6], [7, 8, 9], [0, 10, 11]]",dprm_rollout,0.40321206146241173,0.40321206146241173,0.40321206146241173,0.12754012720826133,18.749807797178665,4.33010482519519,"{""1"": 4, ""2"": 7}"
s0-i9,0,7956e475588d71bb,"[[1, 3, 5], [2, 8, 11], [4, 6, 9], [0, 7, 10]]",subset_exact,1.0,1.0,1.0,0.28466967854505804,30.222990157062117,5.4975440113801834,"{""1"": 11}"
s0-i9,0,7956e475588d71bb,"[[1, 3, 5], [2, 8, 11], [4, 6, 9], [0, 7, 10]]",subset_beam_8,1.0,1.0,1.0,0.28466967854505804,30.222990157062117,5.4975440113801834,"{""1"": 11}"
s0-i9,0,7956e475588d71bb,"[[1, 3, 5], [2, 8, 11], [4, 6, 9], [0, 7, 10]]",subset_beam_32,1.0,1.0,1.0,0.28466967854505804,30.222990157062117,5.4975440113801834,"{""1"": 11}"
s0-i9,0,7956e475588d71bb,"[[1, 3, 5], [2, 8, 11], [4, 6, 9], [0, 7, 10]]",saps_diagonal,1.0,1.0,1.0,0.28466967854505804,30.222990157062117,5.4975440113801834,"{""1"": 11}"
s0-i9,0,7956e475588d71bb,"[[1, 3, 5], [2, 8, 11], [4, 6, 9], [0, 7, 10]]",p_saps_residualized,1.0,1.0,1.0,0.28466967854505804,30.222990157062117,5.4975440113801834,"{""1"": 11}"
s0-i9,0,7956e475588d71bb,"[[1, 3, 5], [2, 8, 11], [4, 6, 9], [0, 7, 10]]",p_saps_projection,1.0,1.0,1.0,0.28466967854505804,30.222990157062117,5.4975440113801834,"{""1"": 11}"
s0-i9,0,7956e475588d71bb,"[[1, 3, 5], [2, 8, 11], [4, 6, 9], [0, 7, 10]]",b_saps_budgeted,1.0,1.0,1.0,0.28466967854505804,30.222990157062117,5.4975440113801834,"{""1"": 11}"
s0-i10,0,2516301160cf1942,"[[0, 1, 2, 3, 4, 5, 6, 7, 8, 9, 10, 11]]",random_balanced,0.0,0.0,0.0,2.953093001089847e-07,0.0,0.0,"{""3"": 1}"
s0-i10,0,2516301160cf1942,"[[0, 1, 2, 3, 4, 5, 6, 7, 8, 9, 10, 11]]",confidence,0.0,0.0,0.0,2.953093001089847e-07,0.0,0.0,"{""3"": 1}"
s0-i10,0,2516301160cf1942,"[[0, 1, 2, 3, 4, 5, 6, 7, 8, 9, 10, 11]]",entropy,0.0,0.0,0.0,2.953093001089847e-07,0.0,0.0,"{""3"": 1}"
s0-i10,0,2516301160cf1942,"[[0, 1, 2, 3, 4, 5, 6, 7, 8, 9, 10, 11]]",dependency_cmi,0.0,0.0,0.0,2.953093001089847e-07,0.0,0.0,"{""3"": 1}"
s0-i10,0,2516301160cf1942,"[[0, 1, 2, 3, 4, 5, 6, 7, 8, 9, 10, 11]]",min_within_batch_tc,0.0,0.0,0.0,2.953093001089847e-07,0.0,0.0,"{""3"": 1}"
s0-i10,0,2516301160cf1942,"[[0, 1, 2, 3, 4, 5, 6, 7, 8, 9, 10, 11]]",dprm_myopic,0.0,0.0,0.0,2.953093001089847e-07,0.0,0.0,"{""3"": 1}"
s0-i10,0,2516301160cf1942,"[[0, 1, 2, 3, 4, 5, 6, 7, 8, 9, 10, 11]]",dprm_rollout,0.0,0.0,0.0,2.953093001089847e-07,0.0,0.0,"{""3"": 1}"
s0-i10,0,2516301160cf1942,"[[0, 1, 2, 3, 4, 5, 6, 7, 8, 9, 10, 11]]",subset_exact,0.0,0.0,0.0,2.953093001089847e-07,0.0,0.0,"{""3"": 1}"
s0-i10,0,2516301160cf1942,"[[0, 1, 2, 3, 4, 5, 6, 7, 8, 9, 10, 11]]",subset_beam_8,0.0,0.0,0.0,2.953093001089847e-07,0.0,0.0,"{""3"": 1}"
s0-i10,0,2516301160cf1942,"[[0, 1, 2, 3, 4, 5, 6, 7, 8, 9, 10, 11]]",subset_beam_32,0.0,0.0,0.0,2.953093001089847e-07,0.0,0.0,"{""3"": 1}"
s0-i10,0,2516301160cf1942,"[[0, 1, 2, 3, 4, 5, 6, 7, 8, 9, 10, 11]]",saps_diagonal,0.0,0.0,0.0,2.953093001089847e-07,0.0,0.0,"{""3"": 1}"
s0-i10,0,2516301160cf1942,"[[0, 1, 2, 3, 4, 5, 6, 7, 8, 9, 10, 11]]",p_saps_residualized,0.0,0.0,0.0,2.953093001089847e-07,0.0,0.0,"{""3"": 1}"
s0-i10,0,2516301160cf1942,"[[0, 1, 2, 3, 4, 5, 6, 7, 8, 9, 10, 11]]",p_saps_projection,0.0,0.0,0.0,2.953093001089847e-07,0.0,0.0,"{""3"": 1}"
s0-i10,0,2516301160cf1942,"[[0, 1, 2, 3, 4, 5, 6, 7, 8, 9, 10, 11]]",b_saps_budgeted,0.0,0.0,0.0,2.953093001089847e-07,0.0,0.0,"{""3"": 1}"
s0-i10,0,2516301160cf1942,"[[0, 1, 2, 3, 4, 5, 6, 7, 8, 9, 10, 11]]",random_balanced,0.0,0.0,0.0,3.642180593392726e-05,0.0,0.0,"{""3"": 1}"
s0-i10,0,2516301160cf1942,"[[0, 1, 2, 3, 4, 5, 6, 7, 8, 9, 10, 11]]",confidence,0.0,0.0,0.0,3.642180593392726e-05,0.0,0.0,"{""3"": 1}"
s0-i10,0,2516301160cf1942,"[[0, 1, 2, 3, 4, 5, 6, 7, 8, 9, 10, 11]]",entropy,0.0,0.0,0.0,3.642180593392726e-05,0.0,0.0,"{""3"": 1}"
s0-i10,0,2516301160cf1942,"[[0, 1, 2, 3, 4, 5, 6, 7, 8, 9, 10, 11]]",dependency_cmi,0.0,0.0,0.0,3.642180593392726e-05,0.0,0.0,"{""3"": 1}"
s0-i10,0,2516301160cf1942,"[[0, 1, 2, 3, 4, 5, 6, 7, 8, 9, 10, 11]]",min_within_batch_tc,0.0,0.0,0.0,3.642180593392726e-05,0.0,0.0,"{""3"": 1}"
s0-i10,0,2516301160cf1942,"[[0, 1, 2, 3, 4, 5, 6, 7, 8, 9, 10, 11]]",dprm_myopic,0.0,0.0,0.0,3.642180593392726e-05,0.0,0.0,"{""3"": 1}"
s0-i10,0,2516301160cf1942,"[[0, 1, 2, 3, 4, 5, 6, 7, 8, 9, 10, 11]]",dprm_rollout,0.0,0.0,0.0,3.642180593392726e-05,0.0,0.0,"{""3"": 1}"
s0-i10,0,2516301160cf1942,"[[0, 1, 2, 3, 4, 5, 6, 7, 8, 9, 10, 11]]",subset_exact,0.0,0.0,0.0,3.642180593392726e-05,0.0,0.0,"{""3"": 1}"
s0-i10,0,2516301160cf1942,"[[0, 1, 2, 3, 4, 5, 6, 7, 8, 9, 10, 11]]",subset_beam_8,0.0,0.0,0.0,3.642180593392726e-05,0.0,0.0,"{""3"": 1}"
s0-i10,0,2516301160cf1942,"[[0, 1, 2, 3, 4, 5, 6, 7, 8, 9, 10, 11]]",subset_beam_32,0.0,0.0,0.0,3.642180593392726e-05,0.0,0.0,"{""3"": 1}"
s0-i10,0,2516301160cf1942,"[[0, 1, 2, 3, 4, 5, 6, 7, 8, 9, 10, 11]]",saps_diagonal,0.0,0.0,0.0,3.642180593392726e-05,0.0,0.0,"{""3"": 1}"
s0-i10,0,2516301160cf1942,"[[0, 1, 2, 3, 4, 5, 6, 7, 8, 9, 10, 11]]",p_saps_residualized,0.0,0.0,0.0,3.642180593392726e-05,0.0,0.0,"{""3"": 1}"
s0-i10,0,2516301160cf1942,"[[0, 1, 2, 3, 4, 5, 6, 7, 8, 9, 10, 11]]",p_saps_projection,0.0,0.0,0.0,3.642180593392726e-05,0.0,0.0,"{""3"": 1}"
s0-i10,0,2516301160cf1942,"[[0, 1, 2, 3, 4, 5, 6, 7, 8, 9, 10, 11]]",b_saps_budgeted,0.0,0.0,0.0,3.642180593392726e-05,0.0,0.0,"{""3"": 1}"
s0-i10,0,2516301160cf1942,"[[0, 1, 2, 3, 4, 5, 6, 7, 8, 9, 10, 11]]",random_balanced,0.0,0.0,0.0,0.000950496452247564,1.0,1.0,"{""3"": 1}"
s0-i10,0,2516301160cf1942,"[[0, 1, 2, 3, 4, 5, 6, 7, 8, 9, 10, 11]]",confidence,0.0,0.0,0.0,0.000950496452247564,1.0,1.0,"{""3"": 1}"
s0-i10,0,2516301160cf1942,"[[0, 1, 2, 3, 4, 5, 6, 7, 8, 9, 10, 11]]",entropy,0.0,0.0,0.0,0.000950496452247564,1.0,1.0,"{""3"": 1}"
s0-i10,0,2516301160cf1942,"[[0, 1, 2, 3, 4, 5, 6, 7, 8, 9, 10, 11]]",dependency_cmi,0.0,0.0,0.0,0.000950496452247564,1.0,1.0,"{""3"": 1}"
s0-i10,0,2516301160cf1942,"[[0, 1, 2, 3, 4, 5, 6, 7, 8, 9, 10, 11]]",min_within_batch_tc,0.0,0.0,0.0,0.000950496452247564,1.0,1.0,"{""3"": 1}"
s0-i10,0,2516301160cf1942,"[[0, 1, 2, 3, 4, 5, 6, 7, 8, 9, 10, 11]]",dprm_myopic,0.0,0.0,0.0,0.000950496452247564,1.0,1.0,"{""3"": 1}"
s0-i10,0,2516301160cf1942,"[[0, 1, 2, 3, 4, 5, 6, 7, 8, 9, 10, 11]]",dprm_rollout,0.0,0.0,0.0,0.000950496452247564,1.0,1.0,"{""3"": 1}"
s0-i10,0,2516301160cf1942,"[[0, 1, 2, 3, 4, 5, 6, 7, 8, 9, 10, 11]]",subset_exact,0.0,0.0,0.0,0.000950496452247564,1.0,1.0,"{""3"": 1}"
s0-i10,0,2516301160cf1942,"[[0, 1, 2, 3, 4, 5, 6, 7, 8, 9, 10, 11]]",subset_beam_8,0.0,0.0,0.0,0.000950496452247564,1.0,1.0,"{""3"": 1}"
s0-i10,0,2516301160cf1942,"[[0, 1, 2, 3, 4, 5, 6, 7, 8, 9, 10, 11]]",subset_beam_32,0.0,0.0,0.0,0.000950496452247564,1.0,1.0,"{""3"": 1}"
s0-i10,0,2516301160cf1942,"[[0, 1, 2, 3, 4, 5, 6, 7, 8, 9, 10, 11]]",saps_diagonal,0.0,0.0,0.0,0.000950496452247564,1.0,1.0,"{""3"": 1}"
s0-i10,0,2516301160cf1942,"[[0, 1, 2, 3, 4, 5, 6, 7, 8, 9, 10, 11]]",p_saps_residualized,0.0,0.0,0.0,0.000950496452247564,1.0,1.0,"{""3"": 1}"
s0-i10,0,2516301160cf1942,"[[0, 1, 2, 3, 4, 5, 6, 7, 8, 9, 10, 11]]",p_saps_projection,0.0,0.0,0.0,0.000950496452247564,1.0,1.0,"{""3"": 1}"
s0-i10,0,2516301160cf1942,"[[0, 1, 2, 3, 4, 5, 6, 7, 8, 9, 10, 11]]",b_saps_budgeted,0.0,0.0,0.0,0.000950496452247564,1.0,1.0,"{""3"": 1}"
s0-i10,0,340fbadd05f13d26,"[[0, 1, 6, 9, 10, 11], [2, 3, 4, 5, 7, 8]]",random_balanced,0.0,0.0,0.0,2.953093001089847e-07,0.0,0.0,"{""3"": 1}"
s0-i10,0,6a9075b799ec9cd5,"[[0, 4, 8, 9, 10, 11], [1, 2, 3, 5, 6, 7]]",confidence,0.0,0.0,0.0,9.966672193000835e-05,0.0,0.0,"{""2"": 1}"
s0-i10,0,1ca6a2cfd1dcac19,"[[0, 3, 4, 8, 9, 11], [1, 2, 5, 6, 7, 10]]",entropy,0.0,0.0,0.0,9.966672193000835e-05,0.0,0.0,"{""2"": 1}"
s0-i10,0,c3e1da29044d6850,"[[0, 1, 3, 5, 6, 7], [2, 4, 8, 9, 10, 11]]",dependency_cmi,0.0,0.0,0.0,9.966672193000835e-05,0.0,0.0,"{""2"": 1}"
s0-i10,0,842a0bcdb02ff2b6,"[[0, 1, 5, 6, 9, 10], [2, 3, 4, 7, 8, 11]]",min_within_batch_tc,0.0,0.0,0.0,9.966672193000835e-05,0.0,0.0,"{""2"": 1}"
s0-i10,0,18933cb4b13a2b91,"[[0, 1, 2, 3, 5, 8], [4, 6, 7, 9, 10, 11]]",dprm_myopic,0.0,0.0,0.0,2.953093001089847e-07,0.0,0.0,"{""3"": 1}"
s0-i10,0,18933cb4b13a2b91,"[[0, 1, 2, 3, 5, 8], [4, 6, 7, 9, 10, 11]]",dprm_rollout,0.0,0.0,0.0,2.953093001089847e-07,0.0,0.0,"{""3"": 1}"
s0-i10,0,5f434b9cba04815c,"[[0, 1, 2, 5, 6, 9], [3, 4, 7, 8, 10, 11]]",subset_exact,1.0,1.0,1.0,0.019933243911272918,0.0,0.0,"{""1"": 1}"
s0-i10,0,5f434b9cba04815c,"[[0, 1, 2, 5, 6, 9], [3, 4, 7, 8, 10, 11]]",subset_beam_8,1.0,1.0,1.0,0.019933243911272918,0.0,0.0,"{""1"": 1}"
s0-i10,0,5f434b9cba04815c,"[[0, 1, 2, 5, 6, 9], [3, 4, 7, 8, 10, 11]]",subset_beam_32,1.0,1.0,1.0,0.019933243911272918,0.0,0.0,"{""1"": 1}"
s0-i10,0,340fbadd05f13d26,"[[0, 1, 6, 9, 10, 11], [2, 3, 4, 5, 7, 8]]",saps_diagonal,0.0,0.0,0.0,2.953093001089847e-07,0.0,0.0,"{""3"": 1}"
s0-i10,0,5f434b9cba04815c,"[[0, 1, 2, 5, 6, 9], [3, 4, 7, 8, 10, 11]]",p_saps_residualized,1.0,1.0,1.0,0.019933243911272918,0.0,0.0,"{""1"": 1}"
s0-i10,0,5f434b9cba04815c,"[[0, 1, 2, 5, 6, 9], [3, 4, 7, 8, 10, 11]]",p_saps_projection,1.0,1.0,1.0,0.019933243911272918,0.0,0.0,"{""1"": 1}"
s0-i10,0,5f434b9cba04815c,"[[0, 1, 2, 5, 6, 9], [3, 4, 7, 8, 10, 11]]",b_saps_budgeted,1.0,1.0,1.0,0.019933243911272918,0.0,0.0,"{""1"": 1}"
s0-i10,0,340fbadd05f13d26,"[[0, 1, 6, 9, 10, 11], [2, 3, 4, 5, 7, 8]]",random_balanced,0.0,0.0,0.0,3.642180593392726e-05,1.0,-1.0,"{""3"": 1}"
s0-i10,0,6a9075b799ec9cd5,"[[0, 4, 8, 9, 10, 11], [1, 2, 3, 5, 6, 7]]",confidence,0.0,0.0,0.0,0.002458367125419222,0.0,0.0,"{""2"": 1}"
s0-i10,0,1ca6a2cfd1dcac19,"[[0, 3, 4, 8, 9, 11], [1, 2, 5, 6, 7, 10]]",entropy,0.0,0.0,0.0,0.002458367125419222,0.0,0.0,"{""2"": 1}"
s0-i10,0,c3e1da29044d6850,"[[0, 1, 3, 5, 6, 7], [2, 4, 8, 9, 10, 11]]",dependency_cmi,0.0,0.0,0.0,0.002458367125419222,0.0,0.0,"{""2"": 1}"
s0-i10,0,842a0bcdb02ff2b6,"[[0, 1, 5, 6, 9, 10], [2, 3, 4, 7, 8, 11]]",min_within_batch_tc,0.0,0.0,0.0,0.002458367125419222,0.0,0.0,"{""2"": 1}"
s0-i10,0,18933cb4b13a2b91,"[[0, 1, 2, 3, 5, 8], [4, 6, 7, 9, 10, 11]]",dprm_myopic,0.0,0.0,0.0,3.642180593392726e-05,0.0,0.0,"{""3"": 1}"
s0-i10,0,18933cb4b13a2b91,"[[0, 1, 2, 3, 5, 8], [4, 6, 7, 9, 10, 11]]",dprm_rollout,0.0,0.0,0.0,3.642180593392726e-05,0.0,0.0,"{""3"": 1}"
s0-i10,0,5f434b9cba04815c,"[[0, 1, 2, 5, 6, 9], [3, 4, 7, 8, 10, 11]]",subset_exact,1.0,1.0,1.0,0.09832187834349396,0.0,0.0,"{""1"": 1}"
s0-i10,0,5f434b9cba04815c,"[[0, 1, 2, 5, 6, 9], [3, 4, 7, 8, 10, 11]]",subset_beam_8,1.0,1.0,1.0,0.09832187834349396,0.0,0.0,"{""1"": 1}"
s0-i10,0,5f434b9cba04815c,"[[0, 1, 2, 5, 6, 9], [3, 4, 7, 8, 10, 11]]",subset_beam_32,1.0,1.0,1.0,0.09832187834349396,0.0,0.0,"{""1"": 1}"
s0-i10,0,340fbadd05f13d26,"[[0, 1, 6, 9, 10, 11], [2, 3, 4, 5, 7, 8]]",saps_diagonal,0.0,0.0,0.0,3.642180593392726e-05,1.0,-1.0,"{""3"": 1}"
s0-i10,0,5f434b9cba04815c,"[[0, 1, 2, 5, 6, 9], [3, 4, 7, 8, 10, 11]]",p_saps_residualized,1.0,1.0,1.0,0.09832187834349396,0.0,0.0,"{""1"": 1}"
s0-i10,0,5f434b9cba04815c,"[[0, 1, 2, 5, 6, 9], [3, 4, 7, 8, 10, 11]]",p_saps_projection,1.0,1.0,1.0,0.09832187834349396,0.0,0.0,"{""1"": 1}"
s0-i10,0,5f434b9cba04815c,"[[0, 1, 2, 5, 6, 9], [3, 4, 7, 8, 10, 11]]",b_saps_budgeted,1.0,1.0,1.0,0.09832187834349396,0.0,0.0,"{""1"": 1}"
s0-i10,0,340fbadd05f13d26,"[[0, 1, 6, 9, 10, 11], [2, 3, 4, 5, 7, 8]]",random_balanced,0.0,0.0,0.0,0.000950496452247564,0.0,0.0,"{""3"": 1}"
s0-i10,0,6a9075b799ec9cd5,"[[0, 4, 8, 9, 10, 11], [1, 2, 3, 5, 6, 7]]",confidence,0.0,0.0,0.0,0.02137757562180163,0.0,0.0,"{""2"": 1}"
s0-i10,0,1ca6a2cfd1dcac19,"[[0, 3, 4, 8, 9, 11], [1, 2, 5, 6, 7, 10]]",entropy,0.0,0.0,0.0,0.02137757562180163,1.0,1.0,"{""2"": 1}"
s0-i10,0,c3e1da29044d6850,"[[0, 1, 3, 5, 6, 7], [2, 4, 8, 9, 10, 11]]",dependency_cmi,0.0,0.0,0.0,0.02137757562180163,0.0,0.0,"{""2"": 1}"
s0-i10,0,842a0bcdb02ff2b6,"[[0, 1, 5, 6, 9, 10], [2, 3, 4, 7, 8, 11]]",min_within_batch_tc,0.0,0.0,0.0,0.02137757562180163,0.0,0.0,"{""2"": 1}"
s0-i10,0,18933cb4b13a2b91,"[[0, 1, 2, 3, 5, 8], [4, 6, 7, 9, 10, 11]]",dprm_myopic,0.0,0.0,0.0,0.000950496452247564,1.0,1.0,"{""3"": 1}"
s0-i10,0,18933cb4b13a2b91,"[[0, 1, 2, 3, 5, 8], [4, 6, 7, 9, 10, 11]]",dprm_rollout,0.0,0.0,0.0,0.000950496452247564,1.0,1.0,"{""3"": 1}"
s0-i10,0,5f434b9cba04815c,"[[0, 1, 2, 5, 6, 9], [3, 4, 7, 8, 10, 11]]",subset_exact,1.0,1.0,1.0,0.28466967854505804,1.0,1.0,"{""1"": 1}"
s0-i10,0,5f434b9cba04815c,"[[0, 1, 2, 5, 6, 9], [3, 4, 7, 8, 10, 11]]",subset_beam_8,1.0,1.0,1.0,0.28466967854505804,1.0,1.0,"{""1"": 1}"
s0-i10,0,5f434b9cba04815c,"[[0, 1, 2, 5, 6, 9], [3, 4, 7, 8, 10, 11]]",subset_beam_32,1.0,1.0,1.0,0.28466967854505804,1.0,1.0,"{""1"": 1}"
s0-i10,0,340fbadd05f13d26,"[[0, 1, 6, 9, 10, 11], [2, 3, 4, 5, 7, 8]]",saps_diagonal,0.0,0.0,0.0,0.000950496452247564,0.0,0.0,"{""3"": 1}"
s0-i10,0,5f434b9cba04815c,"[[0, 1, 2, 5, 6, 9], [3, 4, 7, 8, 10, 11]]",p_saps_residualized,1.0,1.0,1.0,0.28466967854505804,1.0,1.0,"{""1"": 1}"
s0-i10,0,5f434b9cba04815c,"[[0, 1, 2, 5, 6, 9], [3, 4, 7, 8, 10, 11]]",p_saps_projection,1.0,1.0,1.0,0.28466967854505804,1.0,1.0,"{""1"": 1}"
s0-i10,0,5f434b9cba04815c,"[[0, 1, 2, 5, 6, 9], [3, 4, 7, 8, 10, 11]]",b_saps_budgeted,1.0,1.0,1.0,0.28466967854505804,1.0,1.0,"{""1"": 1}"
s0-i10,0,68177c47f3da076e,"[[0, 9, 10, 11], [1, 3, 6, 7], [2, 4, 5, 8]]",random_balanced,0.0,0.0,0.0,2.953093001089847e-07,0.0,0.0,"{""3"": 1}"
s0-i10,0,9d88aaad9366cf12,"[[0, 4, 8, 11], [2, 5, 9, 10], [1, 3, 6, 7]]",confidence,0.0,0.0,0.0,9.966672193000835e-05,0.0,0.0,"{""2"": 1}"
s0-i10,0,871355d7d62a0db7,"[[0, 4, 8, 11], [3, 5, 9, 10], [1, 2, 6, 7]]",entropy,1.0,1.0,1.0,0.019933243911272918,0.0,0.0,"{""1"": 1}"
s0-i10,0,3679849039c584ce,"[[0, 1, 5, 7], [3, 4, 6, 8], [2, 9, 10, 11]]",dependency_cmi,1.0,1.0,1.0,0.019933243911272918,0.0,0.0,"{""1"": 1}"
s0-i10,0,5861052e7215752a,"[[0, 1, 5, 6], [3, 9, 10, 11], [2, 4, 7, 8]]",min_within_batch_tc,0.0,0.0,0.0,9.966672193000835e-05,0.0,0.0,"{""2"": 1}"
s0-i10,0,c69b4ee96f425115,"[[0, 2, 5, 8], [1, 3, 4, 6], [7, 9, 10, 11]]",dprm_myopic,0.0,0.0,0.0,2.953093001089847e-07,0.0,0.0,"{""3"": 1}"
s0-i10,0,c69b4ee96f425115,"[[0, 2, 5, 8], [1, 3, 4, 6], [7, 9, 10, 11]]",dprm_rollout,0.0,0.0,0.0,2.953093001089847e-07,0.0,0.0,"{""3"": 1}"
s0-i10,0,9f4a350c24ecb143,"[[0, 2, 5, 9], [1, 3, 6, 7], [4, 8, 10, 11]]",subset_exact,1.0,1.0,1.0,0.019933243911272918,0.0,0.0,"{""1"": 1}"
s0-i10,0,9f4a350c24ecb143,"[[0, 2, 5, 9], [1, 3, 6, 7], [4, 8, 10, 11]]",subset_beam_8,1.0,1.0,1.0,0.019933243911272918,0.0,0.0,"{""1"": 1}"
s0-i10,0,9f4a350c24ecb143,"[[0, 2, 5, 9], [1, 3, 6, 7], [4, 8, 10, 11]]",subset_beam_32,1.0,1.0,1.0,0.019933243911272918,0.0,0.0,"{""1"": 1}"
s0-i10,0,68177c47f3da076e,"[[0, 9, 10, 11], [1, 3, 6, 7], [2, 4, 5, 8]]",saps_diagonal,0.0,0.0,0.0,2.953093001089847e-07,0.0,0.0,"{""3"": 1}"
s0-i10,0,9f4a350c24ecb143,"[[0, 2, 5, 9], [1, 3, 6, 7], [4, 8, 10, 11]]",p_saps_residualized,1.0,1.0,1.0,0.019933243911272918,0.0,0.0,"{""1"": 1}"
s0-i10,0,9f4a350c24ecb143,"[[0, 2, 5, 9], [1, 3, 6, 7], [4, 8, 10, 11]]",p_saps_projection,1.0,1.0,1.0,0.019933243911272918,0.0,0.0,"{""1"": 1}"
s0-i10,0,9f4a350c24ecb143,"[[0, 2, 5, 9], [1, 3, 6, 7], [4, 8, 10, 11]]",b_saps_budgeted,1.0,1.0,1.0,0.019933243911272918,0.0,0.0,"{""1"": 1}"
s0-i10,0,68177c47f3da076e,"[[0, 9, 10, 11], [1, 3, 6, 7], [2, 4, 5, 8]]",random_balanced,0.0,0.0,0.0,3.642180593392726e-05,0.0,0.0,"{""3"": 1}"
s0-i10,0,9d88aaad9366cf12,"[[0, 4, 8, 11], [2, 5, 9, 10], [1, 3, 6, 7]]",confidence,0.0,0.0,0.0,0.002458367125419222,0.0,0.0,"{""2"": 1}"
s0-i10,0,871355d7d62a0db7,"[[0, 4, 8, 11], [3, 5, 9, 10], [1, 2, 6, 7]]",entropy,1.0,1.0,1.0,0.09832187834349396,0.0,0.0,"{""1"": 1}"
s0-i10,0,3679849039c584ce,"[[0, 1, 5, 7], [3, 4, 6, 8], [2, 9, 10, 11]]",dependency_cmi,1.0,1.0,1.0,0.09832187834349396,0.0,0.0,"{""1"": 1}"
s0-i10,0,5861052e7215752a,"[[0, 1, 5, 6], [3, 9, 10, 11], [2, 4, 7, 8]]",min_within_batch_tc,0.0,0.0,0.0,0.002458367125419222,0.0,0.0,"{""2"": 1}"
s0-i10,0,c69b4ee96f425115,"[[0, 2, 5, 8], [1, 3, 4, 6], [7, 9, 10, 11]]",dprm_myopic,0.0,0.0,0.0,3.642180593392726e-05,0.0,0.0,"{""3"": 1}"
s0-i10,0,c69b4ee96f425115,"[[0, 2, 5, 8], [1, 3, 4, 6], [7, 9, 10, 11]]",dprm_rollout,0.0,0.0,0.0,3.642180593392726e-05,0.0,0.0,"{""3"": 1}"
s0-i10,0,9f4a350c24ecb143,"[[0, 2, 5, 9], [1, 3, 6, 7], [4, 8, 10, 11]]",subset_exact,1.0,1.0,1.0,0.09832187834349396,0.0,0.0,"{""1"": 1}"
s0-i10,0,9f4a350c24ecb143,"[[0, 2, 5, 9], [1, 3, 6, 7], [4, 8, 10, 11]]",subset_beam_8,1.0,1.0,1.0,0.09832187834349396,0.0,0.0,"{""1"": 1}"
s0-i10,0,9f4a350c24ecb143,"[[0, 2, 5, 9], [1, 3, 6, 7], [4, 8, 10, 11]]",subset_beam_32,1.0,1.0,1.0,0.09832187834349396,0.0,0.0,"{""1"": 1}"
s0-i10,0,68177c47f3da076e,"[[0, 9, 10, 11], [1, 3, 6, 7], [2, 4, 5, 8]]",saps_diagonal,0.0,0.0,0.0,3.642180593392726e-05,0.0,0.0,"{""3"": 1}"
s0-i10,0,9f4a350c24ecb143,"[[0, 2, 5, 9], [1, 3, 6, 7], [4, 8, 10, 11]]",p_saps_residualized,1.0,1.0,1.0,0.09832187834349396,0.0,0.0,"{""1"": 1}"
s0-i10,0,9f4a350c24ecb143,"[[0, 2, 5, 9], [1, 3, 6, 7], [4, 8, 10, 11]]",p_saps_projection,1.0,1.0,1.0,0.09832187834349396,0.0,0.0,"{""1"": 1}"
s0-i10,0,9f4a350c24ecb143,"[[0, 2, 5, 9], [1, 3, 6, 7], [4, 8, 10, 11]]",b_saps_budgeted,1.0,1.0,1.0,0.09832187834349396,0.0,0.0,"{""1"": 1}"
s0-i10,0,68177c47f3da076e,"[[0, 9, 10, 11], [1, 3, 6, 7], [2, 4, 5, 8]]",random_balanced,0.0,0.0,0.0,0.000950496452247564,0.0,0.0,"{""3"": 1}"
s0-i10,0,9d88aaad9366cf12,"[[0, 4, 8, 11], [2, 5, 9, 10], [1, 3, 6, 7]]",confidence,0.0,0.0,0.0,0.02137757562180163,0.0,0.0,"{""2"": 1}"
s0-i10,0,871355d7d62a0db7,"[[0, 4, 8, 11], [3, 5, 9, 10], [1, 2, 6, 7]]",entropy,1.0,1.0,1.0,0.28466967854505804,1.0,1.0,"{""1"": 1}"
s0-i10,0,3679849039c584ce,"[[0, 1, 5, 7], [3, 4, 6, 8], [2, 9, 10, 11]]",dependency_cmi,1.0,1.0,1.0,0.28466967854505804,1.0,1.0,"{""1"": 1}"
s0-i10,0,5861052e7215752a,"[[0, 1, 5, 6], [3, 9, 10, 11], [2, 4, 7, 8]]",min_within_batch_tc,0.0,0.0,0.0,0.02137757562180163,1.0,1.0,"{""2"": 1}"
s0-i10,0,c69b4ee96f425115,"[[0, 2, 5, 8], [1, 3, 4, 6], [7, 9, 10, 11]]",dprm_myopic,0.0,0.0,0.0,0.000950496452247564,1.0,1.0,"{""3"": 1}"
s0-i10,0,c69b4ee96f425115,"[[0, 2, 5, 8], [1, 3, 4, 6], [7, 9, 10, 11]]",dprm_rollout,0.0,0.0,0.0,0.000950496452247564,1.0,1.0,"{""3"": 1}"
s0-i10,0,9f4a350c24ecb143,"[[0, 2, 5, 9], [1, 3, 6, 7], [4, 8, 10, 11]]",subset_exact,1.0,1.0,1.0,0.28466967854505804,1.0,1.0,"{""1"": 1}"
s0-i10,0,9f4a350c24ecb143,"[[0, 2, 5, 9], [1, 3, 6, 7], [4, 8, 10, 11]]",subset_beam_8,1.0,1.0,1.0,0.28466967854505804,1.0,1.0,"{""1"": 1}"
s0-i10,0,9f4a350c24ecb143,"[[0, 2, 5, 9], [1, 3, 6, 7], [4, 8, 10, 11]]",subset_beam_32,1.0,1.0,1.0,0.28466967854505804,1.0,1.0,"{""1"": 1}"
s0-i10,0,68177c47f3da076e,"[[0, 9, 10, 11], [1, 3, 6, 7], [2, 4, 5, 8]]",saps_diagonal,0.0,0.0,0.0,0.000950496452247564,0.0,0.0,"{""3"": 1}"
s0-i10,0,9f4a350c24ecb143,"[[0, 2, 5, 9], [1, 3, 6, 7], [4, 8, 10, 11]]",p_saps_residualized,1.0,1.0,1.0,0.28466967854505804,1.0,1.0,"{""1"": 1}"
s0-i10,0,9f4a350c24ecb143,"[[0, 2, 5, 9], [1, 3, 6, 7], [4, 8, 10, 11]]",p_saps_projection,1.0,1.0,1.0,0.28466967854505804,1.0,1.0,"{""1"": 1}"
s0-i10,0,9f4a350c24ecb143,"[[0, 2, 5, 9], [1, 3, 6, 7], [4, 8, 10, 11]]",b_saps_budgeted,1.0,1.0,1.0,0.28466967854505804,1.0,1.0,"{""1"": 1}"
s0-i10,0,2ac5eff59b69963c,"[[9, 10, 11], [0, 1, 6], [3, 5, 7], [2, 4, 8]]",random_balanced,0.0,0.0,0.0,9.966672193000835e-05,0.0,0.0,"{""2"": 1}"
s0-i10,0,ead5bf00fbe1cfc2,"[[0, 4, 11], [8, 9, 10], [2, 3, 5], [1, 6, 7]]",confidence,0.0,0.0,0.0,9.966672193000835e-05,0.0,0.0,"{""2"": 1}"
s0-i10,0,1300ebea388991f9,"[[0, 4, 11], [3, 8, 9], [5, 6, 10], [1, 2, 7]]",entropy,1.0,1.0,1.0,0.019933243911272918,0.0,0.0,"{""1"": 1}"
s0-i10,0,45a1b878cd95ffe1,"[[0, 1, 7], [5, 6, 8], [2, 3, 10], [4, 9, 11]]",dependency_cmi,1.0,1.0,1.0,0.019933243911272918,0.0,0.0,"{""1"": 1}"
s0-i10,0,93633b916a827168,"[[0, 1, 2], [5, 6, 7], [9, 10, 11], [3, 4, 8]]",min_within_batch_tc,1.0,1.0,1.0,0.019933243911272918,0.0,0.0,"{""1"": 1}"
s0-i10,0,b25b25d437cdf211,"[[2, 5, 8], [0, 1, 3], [4, 6, 7], [9, 10, 11]]",dprm_myopic,0.0,0.0,0.0,2.953093001089847e-07,0.0,0.0,"{""3"": 1}"
s0-i10,0,b25b25d437cdf211,"[[2, 5, 8], [0, 1, 3], [4, 6, 7], [9, 10, 11]]",dprm_rollout,0.0,0.0,0.0,2.953093001089847e-07,0.0,0.0,"{""3"": 1}"
s0-i10,0,6af0e5de5437ce44,"[[2, 9, 10], [0, 1, 6], [3, 5, 7], [4, 8, 11]]",subset_exact,1.0,1.0,1.0,0.019933243911272918,0.0,0.0,"{""1"": 1}"
s0-i10,0,6af0e5de5437ce44,"[[2, 9, 10], [0, 1, 6], [3, 5, 7], [4, 8, 11]]",subset_beam_8,1.0,1.0,1.0,0.019933243911272918,0.0,0.0,"{""1"": 1}"
s0-i10,0,6af0e5de5437ce44,"[[2, 9, 10], [0, 1, 6], [3, 5, 7], [4, 8, 11]]",subset_beam_32,1.0,1.0,1.0,0.019933243911272918,0.0,0.0,"{""1"": 1}"
s0-i10,0,6af0e5de5437ce44,"[[2, 9, 10], [0, 1, 6], [3, 5, 7], [4, 8, 11]]",saps_diagonal,1.0,1.0,1.0,0.019933243911272918,0.0,0.0,"{""1"": 1}"
s0-i10,0,6af0e5de5437ce44,"[[2, 9, 10], [0, 1, 6], [3, 5, 7], [4, 8, 11]]",p_saps_residualized,1.0,1.0,1.0,0.019933243911272918,0.0,0.0,"{""1"": 1}"
s0-i10,0,6af0e5de5437ce44,"[[2, 9, 10], [0, 1, 6], [3, 5, 7], [4, 8, 11]]",p_saps_projection,1.0,1.0,1.0,0.019933243911272918,0.0,0.0,"{""1"": 1}"
s0-i10,0,6af0e5de5437ce44,"[[2, 9, 10], [0, 1, 6], [3, 5, 7], [4, 8, 11]]",b_saps_budgeted,1.0,1.0,1.0,0.019933243911272918,0.0,0.0,"{""1"": 1}"
s0-i10,0,2ac5eff59b69963c,"[[9, 10, 11], [0, 1, 6], [3, 5, 7], [2, 4, 8]]",random_balanced,0.0,0.0,0.0,0.002458367125419222,0.0,0.0,"{""2"": 1}"
s0-i10,0,ead5bf00fbe1cfc2,"[[0, 4, 11], [8, 9, 10], [2, 3, 5], [1, 6, 7]]",confidence,0.0,0.0,0.0,0.002458367125419222,0.0,0.0,"{""2"": 1}"
s0-i10,0,1300ebea388991f9,"[[0, 4, 11], [3, 8, 9], [5, 6, 10], [1, 2, 7]]",entropy,1.0,1.0,1.0,0.09832187834349396,0.0,0.0,"{""1"": 1}"
s0-i10,0,45a1b878cd95ffe1,"[[0, 1, 7], [5, 6, 8], [2, 3, 10], [4, 9, 11]]",dependency_cmi,1.0,1.0,1.0,0.09832187834349396,0.0,0.0,"{""1"": 1}"
s0-i10,0,93633b916a827168,"[[0, 1, 2], [5, 6, 7], [9, 10, 11], [3, 4, 8]]",min_within_batch_tc,1.0,1.0,1.0,0.09832187834349396,0.0,0.0,"{""1"": 1}"
s0-i10,0,b25b25d437cdf211,"[[2, 5, 8], [0, 1, 3], [4, 6, 7], [9, 10, 11]]",dprm_myopic,0.0,0.0,0.0,3.642180593392726e-05,0.0,0.0,"{""3"": 1}"
s0-i10,0,b25b25d437cdf211,"[[2, 5, 8], [0, 1, 3], [4, 6, 7], [9, 10, 11]]",dprm_rollout,0.0,0.0,0.0,3.642180593392726e-05,0.0,0.0,"{""3"": 1}"
s0-i10,0,6af0e5de5437ce44,"[[2, 9, 10], [0, 1, 6], [3, 5, 7], [4, 8, 11]]",subset_exact,1.0,1.0,1.0,0.09832187834349396,0.0,0.0,"{""1"": 1}"
s0-i10,0,6af0e5de5437ce44,"[[2, 9, 10], [0, 1, 6], [3, 5, 7], [4, 8, 11]]",subset_beam_8,1.0,1.0,1.0,0.09832187834349396,0.0,0.0,"{""1"": 1}"
s0-i10,0,6af0e5de5437ce44,"[[2, 9, 10], [0, 1, 6], [3, 5, 7], [4, 8, 11]]",subset_beam_32,1.0,1.0,1.0,0.09832187834349396,0.0,0.0,"{""1"": 1}"
s0-i10,0,6af0e5de5437ce44,"[[2, 9, 10], [0, 1, 6], [3, 5, 7], [4, 8, 11]]",saps_diagonal,1.0,1.0,1.0,0.09832187834349396,0.0,0.0,"{""1"": 1}"
s0-i10,0,6af0e5de5437ce44,"[[2, 9, 10], [0, 1, 6], [3, 5, 7], [4, 8, 11]]",p_saps_residualized,1.0,1.0,1.0,0.09832187834349396,0.0,0.0,"{""1"": 1}"
s0-i10,0,6af0e5de5437ce44,"[[2, 9, 10], [0, 1, 6], [3, 5, 7], [4, 8, 11]]",p_saps_projection,1.0,1.0,1.0,0.09832187834349396,0.0,0.0,"{""1"": 1}"
s0-i10,0,6af0e5de5437ce44,"[[2, 9, 10], [0, 1, 6], [3, 5, 7], [4, 8, 11]]",b_saps_budgeted,1.0,1.0,1.0,0.09832187834349396,0.0,0.0,"{""1"": 1}"
s0-i10,0,2ac5eff59b69963c,"[[9, 10, 11], [0, 1, 6], [3, 5, 7], [2, 4, 8]]",random_balanced,0.0,0.0,0.0,0.02137757562180163,1.0,1.0,"{""2"": 1}"
s0-i10,0,ead5bf00fbe1cfc2,"[[0, 4, 11], [8, 9, 10], [2, 3, 5], [1, 6, 7]]",confidence,0.0,0.0,0.0,0.02137757562180163,0.0,0.0,"{""2"": 1}"
s0-i10,0,1300ebea388991f9,"[[0, 4, 11], [3, 8, 9], [5, 6, 10], [1, 2, 7]]",entropy,1.0,1.0,1.0,0.28466967854505804,1.0,1.0,"{""1"": 1}"
s0-i10,0,45a1b878cd95ffe1,"[[0, 1, 7], [5, 6, 8], [2, 3, 10], [4, 9, 11]]",dependency_cmi,1.0,1.0,1.0,0.28466967854505804,1.0,1.0,"{""1"": 1}"
s0-i10,0,93633b916a827168,"[[0, 1, 2], [5, 6, 7], [9, 10, 11], [3, 4, 8]]",min_within_batch_tc,1.0,1.0,1.0,0.28466967854505804,1.0,1.0,"{""1"": 1}"
s0-i10,0,b25b25d437cdf211,"[[2, 5, 8], [0, 1, 3], [4, 6, 7], [9, 10, 11]]",dprm_myopic,0.0,0.0,0.0,0.000950496452247564,1.0,1.0,"{""3"": 1}"
s0-i10,0,b25b25d437cdf211,"[[2, 5, 8], [0, 1, 3], [4, 6, 7], [9, 10, 11]]",dprm_rollout,0.0,0.0,0.0,0.000950496452247564,1.0,1.0,"{""3"": 1}"
s0-i10,0,6af0e5de5437ce44,"[[2, 9, 10], [0, 1, 6], [3, 5, 7], [4, 8, 11]]",subset_exact,1.0,1.0,1.0,0.28466967854505804,1.0,1.0,"{""1"": 1}"
s0-i10,0,6af0e5de5437ce44,"[[2, 9, 10], [0, 1, 6], [3, 5, 7], [4, 8, 11]]",subset_beam_8,1.0,1.0,1.0,0.28466967854505804,1.0,1.0,"{""1"": 1}"
s0-i10,0,6af0e5de5437ce44,"[[2, 9, 10], [0, 1, 6], [3, 5, 7], [4, 8, 11]]",subset_beam_32,1.0,1.0,1.0,0.28466967854505804,1.0,1.0,"{""1"": 1}"
s0-i10,0,6af0e5de5437ce44,"[[2, 9, 10], [0, 1, 6], [3, 5, 7], [4, 8, 11]]",saps_diagonal,1.0,1.0,1.0,0.28466967854505804,1.0,1.0,"{""1"": 1}"
s0-i10,0,6af0e5de5437ce44,"[[2, 9, 10], [0, 1, 6], [3, 5, 7], [4, 8, 11]]",p_saps_residualized,1.0,1.0,1.0,0.28466967854505804,1.0,1.0,"{""1"": 1}"
s0-i10,0,6af0e5de5437ce44,"[[2, 9, 10], [0, 1, 6], [3, 5, 7], [4, 8, 11]]",p_saps_projection,1.0,1.0,1.0,0.28466967854505804,1.0,1.0,"{""1"": 1}"
s0-i10,0,6af0e5de5437ce44,"[[2, 9, 10], [0, 1, 6], [3, 5, 7], [4, 8, 11]]",b_saps_budgeted,1.0,1.0,1.0,0.28466967854505804,1.0,1.0,"{""1"": 1}"
s0-i11,0,2516301160cf1942,"[[0, 1, 2, 3, 4, 5, 6, 7, 8, 9, 10, 11]]",random_balanced,0.005326310161571086,0.005326310161571086,0.005326310161571086,0.00010646437598887094,0.0001349303559530818,0.011615952649399092,"{""1"": 12, ""3"": 1}"
s0-i11,0,2516301160cf1942,"[[0, 1, 2, 3, 4, 5, 6, 7, 8, 9, 10, 11]]",confidence,0.005326310161571086,0.005326310161571086,0.005326310161571086,0.00010646437598887094,0.0001349303559530818,0.011615952649399092,"{""1"": 12, ""3"": 1}"
s0-i11,0,2516301160cf1942,"[[0, 1, 2, 3, 4, 5, 6, 7, 8, 9, 10, 11]]",entropy,0.005326310161571086,0.005326310161571086,0.005326310161571086,0.00010646437598887094,0.0001349303559530818,0.011615952649399092,"{""1"": 12, ""3"": 1}"
s0-i11,0,2516301160cf1942,"[[0, 1, 2, 3, 4, 5, 6, 7, 8, 9, 10, 11]]",dependency_cmi,0.005326310161571086,0.005326310161571086,0.005326310161571086,0.00010646437598887094,0.0001349303559530818,0.011615952649399092,"{""1"": 12, ""3"": 1}"
s0-i11,0,2516301160cf1942,"[[0, 1, 2, 3, 4, 5, 6, 7, 8, 9, 10, 11]]",min_within_batch_tc,0.005326310161571086,0.005326310161571086,0.005326310161571086,0.00010646437598887094,0.0001349303559530818,0.011615952649399092,"{""1"": 12, ""3"": 1}"
s0-i11,0,2516301160cf1942,"[[0, 1, 2, 3, 4, 5, 6, 7, 8, 9, 10, 11]]",dprm_myopic,0.005326310161571086,0.005326310161571086,0.005326310161571086,0.00010646437598887094,0.0001349303559530818,0.011615952649399092,"{""1"": 12, ""3"": 1}"
s0-i11,0,2516301160cf1942,"[[0, 1, 2, 3, 4, 5, 6, 7, 8, 9, 10, 11]]",dprm_rollout,0.005326310161571086,0.005326310161571086,0.005326310161571086,0.00010646437598887094,0.0001349303559530818,0.011615952649399092,"{""1"": 12, ""3"": 1}"
s0-i11,0,2516301160cf1942,"[[0, 1, 2, 3, 4, 5, 6, 7, 8, 9, 10, 11]]",subset_exact,0.005326310161571086,0.005326310161571086,0.005326310161571086,0.00010646437598887094,0.0001349303559530818,0.011615952649399092,"{""1"": 12, ""3"": 1}"
s0-i11,0,2516301160cf1942,"[[0, 1, 2, 3, 4, 5, 6, 7, 8, 9, 10, 11]]",subset_beam_8,0.005326310161571086,0.005326310161571086,0.005326310161571086,0.00010646437598887094,0.0001349303559530818,0.011615952649399092,"{""1"": 12, ""3"": 1}"
s0-i11,0,2516301160cf1942,"[[0, 1, 2, 3, 4, 5, 6, 7, 8, 9, 10, 11]]",subset_beam_32,0.005326310161571086,0.005326310161571086,0.005326310161571086,0.00010646437598887094,0.0001349303559530818,0.011615952649399092,"{""1"": 12, ""3"": 1}"
s0-i11,0,2516301160cf1942,"[[0, 1, 2, 3, 4, 5, 6, 7, 8, 9, 10, 11]]",saps_diagonal,0.005326310161571086,0.005326310161571086,0.005326310161571086,0.00010646437598887094,0.0001349303559530818,0.011615952649399092,"{""1"": 12, ""3"": 1}"
s0-i11,0,2516301160cf1942,"[[0, 1, 2, 3, 4, 5, 6, 7, 8, 9, 10, 11]]",p_saps_residualized,0.005326310161571086,0.005326310161571086,0.005326310161571086,0.00010646437598887094,0.0001349303559530818,0.011615952649399092,"{""1"": 12, ""3"": 1}"
s0-i11,0,2516301160cf1942,"[[0, 1, 2, 3, 4, 5, 6, 7, 8, 9, 10, 11]]",p_saps_projection,0.005326310161571086,0.005326310161571086,0.005326310161571086,0.00010646437598887094,0.0001349303559530818,0.011615952649399092,"{""1"": 12, ""3"": 1}"
s0-i11,0,2516301160cf1942,"[[0, 1, 2, 3, 4, 5, 6, 7, 8, 9, 10, 11]]",b_saps_budgeted,0.005326310161571086,0.005326310161571086,0.005326310161571086,0.00010646437598887094,0.0001349303559530818,0.011615952649399092,"{""1"": 12, ""3"": 1}"
s0-i11,0,2516301160cf1942,"[[0, 1, 2, 3, 4, 5, 6, 7, 8, 9, 10, 11]]",random_balanced,0.005326310161571086,0.005326310161571086,0.005326310161571086,0.0005599206318245867,0.00088590117886427,0.02976409210549299,"{""1"": 12, ""3"": 1}"
s0-i11,0,2516301160cf1942,"[[0, 1, 2, 3, 4, 5, 6, 7, 8, 9, 10, 11]]",confidence,0.005326310161571086,0.005326310161571086,0.005326310161571086,0.0005599206318245867,0.00088590117886427,0.02976409210549299,"{""1"": 12, ""3"": 1}"
s0-i11,0,2516301160cf1942,"[[0, 1, 2, 3, 4, 5, 6, 7, 8, 9, 10, 11]]",entropy,0.005326310161571086,0.005326310161571086,0.005326310161571086,0.0005599206318245867,0.00088590117886427,0.02976409210549299,"{""1"": 12, ""3"": 1}"
s0-i11,0,2516301160cf1942,"[[0, 1, 2, 3, 4, 5, 6, 7, 8, 9, 10, 11]]",dependency_cmi,0.005326310161571086,0.005326310161571086,0.005326310161571086,0.0005599206318245867,0.00088590117886427,0.02976409210549299,"{""1"": 12, ""3"": 1}"
s0-i11,0,2516301160cf1942,"[[0, 1, 2, 3, 4, 5, 6, 7, 8, 9, 10, 11]]",min_within_batch_tc,0.005326310161571086,0.005326310161571086,0.005326310161571086,0.0005599206318245867,0.00088590117886427,0.02976409210549299,"{""1"": 12, ""3"": 1}"
s0-i11,0,2516301160cf1942,"[[0, 1, 2, 3, 4, 5, 6, 7, 8, 9, 10, 11]]",dprm_myopic,0.005326310161571086,0.005326310161571086,0.005326310161571086,0.0005599206318245867,0.00088590117886427,0.02976409210549299,"{""1"": 12, ""3"": 1}"
s0-i11,0,2516301160cf1942,"[[0, 1, 2, 3, 4, 5, 6, 7, 8, 9, 10, 11]]",dprm_rollout,0.005326310161571086,0.005326310161571086,0.005326310161571086,0.0005599206318245867,0.00088590117886427,0.02976409210549299,"{""1"": 12, ""3"": 1}"
s0-i11,0,2516301160cf1942,"[[0, 1, 2, 3, 4, 5, 6, 7, 8, 9, 10, 11]]",subset_exact,0.005326310161571086,0.005326310161571086,0.005326310161571086,0.0005599206318245867,0.00088590117886427,0.02976409210549299,"{""1"": 12, ""3"": 1}"
s0-i11,0,2516301160cf1942,"[[0, 1, 2, 3, 4, 5, 6, 7, 8, 9, 10, 11]]",subset_beam_8,0.005326310161571086,0.005326310161571086,0.005326310161571086,0.0005599206318245867,0.00088590117886427,0.02976409210549299,"{""1"": 12, ""3"": 1}"
s0-i11,0,2516301160cf1942,"[[0, 1, 2, 3, 4, 5, 6, 7, 8, 9, 10, 11]]",subset_beam_32,0.005326310161571086,0.005326310161571086,0.005326310161571086,0.0005599206318245867,0.00088590117886427,0.02976409210549299,"{""1"": 12, ""3"": 1}"
s0-i11,0,2516301160cf1942,"[[0, 1, 2, 3, 4, 5, 6, 7, 8, 9, 10, 11]]",saps_diagonal,0.005326310161571086,0.005326310161571086,0.005326310161571086,0.0005599206318245867,0.00088590117886427,0.02976409210549299,"{""1"": 12, ""3"": 1}"
s0-i11,0,2516301160cf1942,"[[0, 1, 2, 3, 4, 5, 6, 7, 8, 9, 10, 11]]",p_saps_residualized,0.005326310161571086,0.005326310161571086,0.005326310161571086,0.0005599206318245867,0.00088590117886427,0.02976409210549299,"{""1"": 12, ""3"": 1}"
s0-i11,0,2516301160cf1942,"[[0, 1, 2, 3, 4, 5, 6, 7, 8, 9, 10, 11]]",p_saps_projection,0.005326310161571086,0.005326310161571086,0.005326310161571086,0.0005599206318245867,0.00088590117886427,0.02976409210549299,"{""1"": 12, ""3"": 1}"
s0-i11,0,2516301160cf1942,"[[0, 1, 2, 3, 4, 5, 6, 7, 8, 9, 10, 11]]",b_saps_budgeted,0.005326310161571086,0.005326310161571086,0.005326310161571086,0.0005599206318245867,0.00088590117886427,0.02976409210549299,"{""1"": 12, ""3"": 1}"
s0-i11,0,2516301160cf1942,"[[0, 1, 2, 3, 4, 5, 6, 7, 8, 9, 10, 11]]",random_balanced,0.005326310161571086,0.005326310161571086,0.005326310161571086,0.002461672814861138,0.00011313049908637257,-0.01063628220227221,"{""1"": 12, ""3"": 1}"
s0-i11,0,2516301160cf1942,"[[0, 1, 2, 3, 4, 5, 6, 7, 8, 9, 10, 11]]",confidence,0.005326310161571086,0.005326310161571086,0.005326310161571086,0.002461672814861138,0.00011313049908637257,-0.01063628220227221,"{""1"": 12, ""3"": 1}"
s0-i11,0,2516301160cf1942,"[[0, 1, 2, 3, 4, 5, 6, 7, 8, 9, 10, 11]]",entropy,0.005326310161571086,0.005326310161571086,0.005326310161571086,0.002461672814861138,0.00011313049908637257,-0.01063628220227221,"{""1"": 12, ""3"": 1}"
s0-i11,0,2516301160cf1942,"[[0, 1, 2, 3, 4, 5, 6, 7, 8, 9, 10, 11]]",dependency_cmi,0.005326310161571086,0.005326310161571086,0.005326310161571086,0.002461672814861138,0.00011313049908637257,-0.01063628220227221,"{""1"": 12, ""3"": 1}"
s0-i11,0,2516301160cf1942,"[[0, 1, 2, 3, 4, 5, 6, 7, 8, 9, 10, 11]]",min_within_batch_tc,0.005326310161571086,0.005326310161571086,0.005326310161571086,0.002461672814861138,0.00011313049908637257,-0.01063628220227221,"{""1"": 12, ""3"": 1}"
s0-i11,0,2516301160cf1942,"[[0, 1, 2, 3, 4, 5, 6, 7, 8, 9, 10, 11]]",dprm_myopic,0.005326310161571086,0.005326310161571086,0.005326310161571086,0.002461672814861138,0.00011313049908637257,-0.01063628220227221,"{""1"": 12, ""3"": 1}"
s0-i11,0,2516301160cf1942,"[[0, 1, 2, 3, 4, 5, 6, 7, 8, 9, 10, 11]]",dprm_rollout,0.005326310161571086,0.005326310161571086,0.005326310161571086,0.002461672814861138,0.00011313049908637257,-0.01063628220227221,"{""1"": 12, ""3"": 1}"
s0-i11,0,2516301160cf1942,"[[0, 1, 2, 3, 4, 5, 6, 7, 8, 9, 10, 11]]",subset_exact,0.005326310161571086,0.005326310161571086,0.005326310161571086,0.002461672814861138,0.00011313049908637257,-0.01063628220227221,"{""1"": 12, ""3"": 1}"
s0-i11,0,2516301160cf1942,"[[0, 1, 2, 3, 4, 5, 6, 7, 8, 9, 10, 11]]",subset_beam_8,0.005326310161571086,0.005326310161571086,0.005326310161571086,0.002461672814861138,0.00011313049908637257,-0.01063628220227221,"{""1"": 12, ""3"": 1}"
s0-i11,0,2516301160cf1942,"[[0, 1, 2, 3, 4, 5, 6, 7, 8, 9, 10, 11]]",subset_beam_32,0.005326310161571086,0.005326310161571086,0.005326310161571086,0.002461672814861138,0.00011313049908637257,-0.01063628220227221,"{""1"": 12, ""3"": 1}"
s0-i11,0,2516301160cf1942,"[[0, 1, 2, 3, 4, 5, 6, 7, 8, 9, 10, 11]]",saps_diagonal,0.005326310161571086,0.005326310161571086,0.005326310161571086,0.002461672814861138,0.00011313049908637257,-0.01063628220227221,"{""1"": 12, ""3"": 1}"
s0-i11,0,2516301160cf1942,"[[0, 1, 2, 3, 4, 5, 6, 7, 8, 9, 10, 11]]",p_saps_residualized,0.005326310161571086,0.005326310161571086,0.005326310161571086,0.002461672814861138,0.00011313049908637257,-0.01063628220227221,"{""1"": 12, ""3"": 1}"
s0-i11,0,2516301160cf1942,"[[0, 1, 2, 3, 4, 5, 6, 7, 8, 9, 10, 11]]",p_saps_projection,0.005326310161571086,0.005326310161571086,0.005326310161571086,0.002461672814861138,0.00011313049908637257,-0.01063628220227221,"{""1"": 12, ""3"": 1}"
s0-i11,0,2516301160cf1942,"[[0, 1, 2, 3, 4, 5, 6, 7, 8, 9, 10, 11]]",b_saps_budgeted,0.005326310161571086,0.005326310161571086,0.005326310161571086,0.002461672814861138,0.00011313049908637257,-0.01063628220227221,"{""1"": 12, ""3"": 1}"
s0-i11,0,d2b1a09aa3cbc625,"[[0, 2, 3, 4, 9, 10], [1, 5, 6, 7, 8, 11]]",random_balanced,1.0,1.0,1.0,0.019933243911272918,0.0,0.0,"{""1"": 13}"
s0-i11,0,be730bd7a3f4e4db,"[[0, 4, 5, 8, 9, 10], [1, 2, 3, 6, 7, 11]]",confidence,1.0,1.0,1.0,0.019933243911272918,0.0001349303559530818,0.011615952649399092,"{""1"": 13}"
s0-i11,0,78718552d3c31f2a,"[[0, 4, 5, 9, 10, 11], [1, 2, 3, 6, 7, 8]]",entropy,1.0,1.0,1.0,0.019933243911272918,0.0,0.0,"{""1"": 13}"
s0-i11,0,554a1026528617bb,"[[2, 7, 8, 9, 10, 11], [0, 1, 3, 4, 5, 6]]",dependency_cmi,0.005326310161571086,0.005326310161571086,0.005326310161571086,0.00020530650565391,3.4587703082285863e-06,-0.0018597769512037152,"{""1"": 12, ""2"": 1}"
s0-i11,0,b9946e3f4919f7d4,"[[0, 7, 8, 9, 10, 11], [1, 2, 3, 4, 5, 6]]",min_within_batch_tc,0.005326310161571086,0.005326310161571086,0.005326310161571086,0.00010646437598887094,6.483898632758946e-06,-0.002546350060922289,"{""1"": 12, ""3"": 1}"
s0-i11,0,65cd73210213c5d5,"[[0, 1, 2, 3, 4, 5], [6, 7, 8, 9, 10, 11]]",dprm_myopic,0.005326310161571086,0.005326310161571086,0.005326310161571086,0.00010646437598887094,0.0,0.0,"{""1"": 12, ""3"": 1}"
s0-i11,0,65cd73210213c5d5,"[[0, 1, 2, 3, 4, 5], [6, 7, 8, 9, 10, 11]]",dprm_rollout,0.005326310161571086,0.005326310161571086,0.005326310161571086,0.00010646437598887094,0.0,0.0,"{""1"": 12, ""3"": 1}"
s0-i11,0,d2b1a09aa3cbc625,"[[0, 2, 3, 4, 9, 10], [1, 5, 6, 7, 8, 11]]",subset_exact,1.0,1.0,1.0,0.019933243911272918,0.0,0.0,"{""1"": 13}"
s0-i11,0,d2b1a09aa3cbc625,"[[0, 2, 3, 4, 9, 10], [1, 5, 6, 7, 8, 11]]",subset_beam_8,1.0,1.0,1.0,0.019933243911272918,0.0,0.0,"{""1"": 13}"
s0-i11,0,d2b1a09aa3cbc625,"[[0, 2, 3, 4, 9, 10], [1, 5, 6, 7, 8, 11]]",subset_beam_32,1.0,1.0,1.0,0.019933243911272918,0.0,0.0,"{""1"": 13}"
s0-i11,0,d2b1a09aa3cbc625,"[[0, 2, 3, 4, 9, 10], [1, 5, 6, 7, 8, 11]]",saps_diagonal,1.0,1.0,1.0,0.019933243911272918,0.0,0.0,"{""1"": 13}"
s0-i11,0,d2b1a09aa3cbc625,"[[0, 2, 3, 4, 9, 10], [1, 5, 6, 7, 8, 11]]",p_saps_residualized,1.0,1.0,1.0,0.019933243911272918,0.0,0.0,"{""1"": 13}"
s0-i11,0,d2b1a09aa3cbc625,"[[0, 2, 3, 4, 9, 10], [1, 5, 6, 7, 8, 11]]",p_saps_projection,1.0,1.0,1.0,0.019933243911272918,0.0,0.0,"{""1"": 13}"
s0-i11,0,d2b1a09aa3cbc625,"[[0, 2, 3, 4, 9, 10], [1, 5, 6, 7, 8, 11]]",b_saps_budgeted,1.0,1.0,1.0,0.019933243911272918,0.0,0.0,"{""1"": 13}"
s0-i11,0,d2b1a09aa3cbc625,"[[0, 2, 3, 4, 9, 10], [1, 5, 6, 7, 8, 11]]",random_balanced,1.0,1.0,1.0,0.09832187834349397,0.000238645452998406,0.015448153708401725,"{""1"": 13}"
s0-i11,0,be730bd7a3f4e4db,"[[0, 4, 5, 8, 9, 10], [1, 2, 3, 6, 7, 11]]",confidence,1.0,1.0,1.0,0.09832187834349397,0.0019295281615148033,0.04392639481581437,"{""1"": 13}"
s0-i11,0,78718552d3c31f2a,"[[0, 4, 5, 9, 10, 11], [1, 2, 3, 6, 7, 8]]",entropy,1.0,1.0,1.0,0.09832187834349397,0.0019295281615148033,0.04392639481581437,"{""1"": 13}"
s0-i11,0,554a1026528617bb,"[[2, 7, 8, 9, 10, 11], [0, 1, 3, 4, 5, 6]]",dependency_cmi,0.005326310161571086,0.005326310161571086,0.005326310161571086,0.0029689659193439374,2.1902361578249724e-05,0.00467999589511035,"{""1"": 12, ""2"": 1}"
s0-i11,0,b9946e3f4919f7d4,"[[0, 7, 8, 9, 10, 11], [1, 2, 3, 4, 5, 6]]",min_within_batch_tc,0.005326310161571086,0.005326310161571086,0.005326310161571086,0.0005599206318245867,0.8855322529893286,-0.9410272328627522,"{""1"": 12, ""3"": 1}"
s0-i11,0,65cd73210213c5d5,"[[0, 1, 2, 3, 4, 5], [6, 7, 8, 9, 10, 11]]",dprm_myopic,0.005326310161571086,0.005326310161571086,0.005326310161571086,0.0005599206318245867,0.0008353558378181752,0.02890252303550981,"{""1"": 12, ""3"": 1}"
s0-i11,0,65cd73210213c5d5,"[[0, 1, 2, 3, 4, 5], [6, 7, 8, 9, 10, 11]]",dprm_rollout,0.005326310161571086,0.005326310161571086,0.005326310161571086,0.0005599206318245867,0.0008353558378181752,0.02890252303550981,"{""1"": 12, ""3"": 1}"
s0-i11,0,d2b1a09aa3cbc625,"[[0, 2, 3, 4, 9, 10], [1, 5, 6, 7, 8, 11]]",subset_exact,1.0,1.0,1.0,0.09832187834349397,0.000238645452998406,0.015448153708401725,"{""1"": 13}"
s0-i11,0,d2b1a09aa3cbc625,"[[0, 2, 3, 4, 9, 10], [1, 5, 6, 7, 8, 11]]",subset_beam_8,1.0,1.0,1.0,0.09832187834349397,0.000238645452998406,0.015448153708401725,"{""1"": 13}"
s0-i11,0,d2b1a09aa3cbc625,"[[0, 2, 3, 4, 9, 10], [1, 5, 6, 7, 8, 11]]",subset_beam_32,1.0,1.0,1.0,0.09832187834349397,0.000238645452998406,0.015448153708401725,"{""1"": 13}"
s0-i11,0,d2b1a09aa3cbc625,"[[0, 2, 3, 4, 9, 10], [1, 5, 6, 7, 8, 11]]",saps_diagonal,1.0,1.0,1.0,0.09832187834349397,0.000238645452998406,0.015448153708401725,"{""1"": 13}"
s0-i11,0,d2b1a09aa3cbc625,"[[0, 2, 3, 4, 9, 10], [1, 5, 6, 7, 8, 11]]",p_saps_residualized,1.0,1.0,1.0,0.09832187834349397,0.000238645452998406,0.015448153708401725,"{""1"": 13}"
s0-i11,0,d2b1a09aa3cbc625,"[[0, 2, 3, 4, 9, 10], [1, 5, 6, 7, 8, 11]]",p_saps_projection,1.0,1.0,1.0,0.09832187834349397,0.000238645452998406,0.015448153708401725,"{""1"": 13}"
s0-i11,0,d2b1a09aa3cbc625,"[[0, 2, 3, 4, 9, 10], [1, 5, 6, 7, 8, 11]]",b_saps_budgeted,1.0,1.0,1.0,0.09832187834349397,0.000238645452998406,0.015448153708401725,"{""1"": 13}"
s0-i11,0,d2b1a09aa3cbc625,"[[0, 2, 3, 4, 9, 10], [1, 5, 6, 7, 8, 11]]",random_balanced,1.0,1.0,1.0,0.28466967854505804,0.9902878779782107,0.99513209071872,"{""1"": 13}"
s0-i11,0,be730bd7a3f4e4db,"[[0, 4, 5, 8, 9, 10], [1, 2, 3, 6, 7, 11]]",confidence,1.0,1.0,1.0,0.28466967854505804,1.0734786320970175,-1.0360881391546848,"{""1"": 13}"
s0-i11,0,78718552d3c31f2a,"[[0, 4, 5, 9, 10, 11], [1, 2, 3, 6, 7, 8]]",entropy,1.0,1.0,1.0,0.28466967854505804,1.0447603573446256,-1.0221351952381963,"{""1"": 13}"
s0-i11,0,554a1026528617bb,"[[2, 7, 8, 9, 10, 11], [0, 1, 3, 4, 5, 6]]",dependency_cmi,0.005326310161571086,0.005326310161571086,0.005326310161571086,0.02277995102506319,1.0315350027490546,1.0156451165387714,"{""1"": 12, ""2"": 1}"
s0-i11,0,b9946e3f4919f7d4,"[[0, 7, 8, 9, 10, 11], [1, 2, 3, 4, 5, 6]]",min_within_batch_tc,0.005326310161571086,0.005326310161571086,0.005326310161571086,0.002461672814861138,1.0368419279071701,1.0182543532473456,"{""1"": 12, ""3"": 1}"
s0-i11,0,65cd73210213c5d5,"[[0, 1, 2, 3, 4, 5], [6, 7, 8, 9, 10, 11]]",dprm_myopic,0.005326310161571086,0.005326310161571086,0.005326310161571086,0.002461672814861138,0.00012156564588710509,-0.011025681198325348,"{""1"": 12, ""3"": 1}"
s0-i11,0,65cd73210213c5d5,"[[0, 1, 2, 3, 4, 5], [6, 7, 8, 9, 10, 11]]",dprm_rollout,0.005326310161571086,0.005326310161571086,0.005326310161571086,0.002461672814861138,0.00012156564588710509,-0.011025681198325348,"{""1"": 12, ""3"": 1}"
s0-i11,0,d2b1a09aa3cbc625,"[[0, 2, 3, 4, 9, 10], [1, 5, 6, 7, 8, 11]]",subset_exact,1.0,1.0,1.0,0.28466967854505804,0.9902878779782107,0.99513209071872,"{""1"": 13}"
s0-i11,0,d2b1a09aa3cbc625,"[[0, 2, 3, 4, 9, 10], [1, 5, 6, 7, 8, 11]]",subset_beam_8,1.0,1.0,1.0,0.28466967854505804,0.9902878779782107,0.99513209071872,"{""1"": 13}"
s0-i11,0,d2b1a09aa3cbc625,"[[0, 2, 3, 4, 9, 10], [1, 5, 6, 7, 8, 11]]",subset_beam_32,1.0,1.0,1.0,0.28466967854505804,0.9902878779782107,0.99513209071872,"{""1"": 13}"
s0-i11,0,d2b1a09aa3cbc625,"[[0, 2, 3, 4, 9, 10], [1, 5, 6, 7, 8, 11]]",saps_diagonal,1.0,1.0,1.0,0.28466967854505804,0.9902878779782107,0.99513209071872,"{""1"": 13}"
s0-i11,0,d2b1a09aa3cbc625,"[[0, 2, 3, 4, 9, 10], [1, 5, 6, 7, 8, 11]]",p_saps_residualized,1.0,1.0,1.0,0.28466967854505804,0.9902878779782107,0.99513209071872,"{""1"": 13}"
s0-i11,0,d2b1a09aa3cbc625,"[[0, 2, 3, 4, 9, 10], [1, 5, 6, 7, 8, 11]]",p_saps_projection,1.0,1.0,1.0,0.28466967854505804,0.9902878779782107,0.99513209071872,"{""1"": 13}"
s0-i11,0,d2b1a09aa3cbc625,"[[0, 2, 3, 4, 9, 10], [1, 5, 6, 7, 8, 11]]",b_saps_budgeted,1.0,1.0,1.0,0.28466967854505804,0.9902878779782107,0.99513209071872,"{""1"": 13}"
s0-i11,0,a88b1a6866de7769,"[[2, 3, 4, 9], [0, 5, 7, 10], [1, 6, 8, 11]]",random_balanced,1.0,1.0,1.0,0.019933243911272918,0.0,0.0,"{""1"": 13}"
s0-i11,0,215dc13cd9649bb5,"[[0, 4, 9, 10], [2, 5, 7, 8], [1, 3, 6, 11]]",confidence,0.005326310161571086,0.005326310161571086,0.005326310161571086,0.00020530650565391,0.0001349303559530818,0.011615952649399092,"{""1"": 12, ""2"": 1}"
s0-i11,0,da730bc2292f2419,"[[0, 4, 9, 10], [5, 6, 8, 11], [1, 2, 3, 7]]",entropy,1.0,1.0,1.0,0.019933243911272918,0.0001349303559530818,0.011615952649399092,"{""1"": 13}"
s0-i11,0,67540dd6c90dc194,"[[2, 8, 9, 10], [3, 4, 6, 11], [0, 1, 5, 7]]",dependency_cmi,1.0,1.0,1.0,0.019933243911272918,0.0005042156067080264,0.02245474575024234,"{""1"": 13}"
s0-i11,0,7a29889e50955762,"[[8, 9, 10, 11], [0, 4, 5, 7], [1, 2, 3, 6]]",min_within_batch_tc,1.0,1.0,1.0,0.019933243911272918,0.0001349303559530818,0.011615952649399092,"{""1"": 13}"
s0-i11,0,907fff147698703e,"[[0, 2, 4, 5], [1, 3, 6, 7], [8, 9, 10, 11]]",dprm_myopic,0.005326310161571086,0.005326310161571086,0.005326310161571086,0.00010646437598887094,0.0,0.0,"{""1"": 12, ""3"": 1}"
s0-i11,0,907fff147698703e,"[[0, 2, 4, 5], [1, 3, 6, 7], [8, 9, 10, 11]]",dprm_rollout,0.005326310161571086,0.005326310161571086,0.005326310161571086,0.00010646437598887094,0.0,0.0,"{""1"": 12, ""3"": 1}"
s0-i11,0,a88b1a6866de7769,"[[2, 3, 4, 9], [0, 5, 7, 10], [1, 6, 8, 11]]",subset_exact,1.0,1.0,1.0,0.019933243911272918,0.0,0.0,"{""1"": 13}"
s0-i11,0,a88b1a6866de7769,"[[2, 3, 4, 9], [0, 5, 7, 10], [1, 6, 8, 11]]",subset_beam_8,1.0,1.0,1.0,0.019933243911272918,0.0,0.0,"{""1"": 13}"
s0-i11,0,a88b1a6866de7769,"[[2, 3, 4, 9], [0, 5, 7, 10], [1, 6, 8, 11]]",subset_beam_32,1.0,1.0,1.0,0.019933243911272918,0.0,0.0,"{""1"": 13}"
s0-i11,0,a88b1a6866de7769,"[[2, 3, 4, 9], [0, 5, 7, 10], [1, 6, 8, 11]]",saps_diagonal,1.0,1.0,1.0,0.019933243911272918,0.0,0.0,"{""1"": 13}"
s0-i11,0,a88b1a6866de7769,"[[2, 3, 4, 9], [0, 5, 7, 10], [1, 6, 8, 11]]",p_saps_residualized,1.0,1.0,1.0,0.019933243911272918,0.0,0.0,"{""1"": 13}"
s0-i11,0,a88b1a6866de7769,"[[2, 3, 4, 9], [0, 5, 7, 10], [1, 6, 8, 11]]",p_saps_projection,1.0,1.0,1.0,0.019933243911272918,0.0,0.0,"{""1"": 13}"
s0-i11,0,a88b1a6866de7769,"[[2, 3, 4, 9], [0, 5, 7, 10], [1, 6, 8, 11]]",b_saps_budgeted,1.0,1.0,1.0,0.019933243911272918,0.0,0.0,"{""1"": 13}"
s0-i11,0,a88b1a6866de7769,"[[2, 3, 4, 9], [0, 5, 7, 10], [1, 6, 8, 11]]",random_balanced,1.0,1.0,1.0,0.09832187834349397,0.0005663564751848692,-0.023798245212302296,"{""1"": 13}"
s0-i11,0,215dc13cd9649bb5,"[[0, 4, 9, 10], [2, 5, 7, 8], [1, 3, 6, 11]]",confidence,0.005326310161571086,0.005326310161571086,0.005326310161571086,0.0029689659193439374,0.0019295281615148033,0.04392639481581437,"{""1"": 12, ""2"": 1}"
s0-i11,0,da730bc2292f2419,"[[0, 4, 9, 10], [5, 6, 8, 11], [1, 2, 3, 7]]",entropy,1.0,1.0,1.0,0.09832187834349397,1.1226917876742413,1.0595715113545858,"{""1"": 13}"
s0-i11,0,67540dd6c90dc194,"[[2, 8, 9, 10], [3, 4, 6, 11], [0, 1, 5, 7]]",dependency_cmi,1.0,1.0,1.0,0.09832187834349397,0.9790132069963847,0.9894509624010605,"{""1"": 13}"
s0-i11,0,7a29889e50955762,"[[8, 9, 10, 11], [0, 4, 5, 7], [1, 2, 3, 6]]",min_within_batch_tc,1.0,1.0,1.0,0.09832187834349397,0.001964456590647286,0.04432219072481962,"{""1"": 13}"
s0-i11,0,907fff147698703e,"[[0, 2, 4, 5], [1, 3, 6, 7], [8, 9, 10, 11]]",dprm_myopic,0.005326310161571086,0.005326310161571086,0.005326310161571086,0.0005599206318245867,0.0015402798282430383,0.03924639892070403,"{""1"": 12, ""3"": 1}"
s0-i11,0,907fff147698703e,"[[0, 2, 4, 5], [1, 3, 6, 7], [8, 9, 10, 11]]",dprm_rollout,0.005326310161571086,0.005326310161571086,0.005326310161571086,0.0005599206318245867,0.0015402798282430383,0.03924639892070403,"{""1"": 12, ""3"": 1}"
s0-i11,0,a88b1a6866de7769,"[[2, 3, 4, 9], [0, 5, 7, 10], [1, 6, 8, 11]]",subset_exact,1.0,1.0,1.0,0.09832187834349397,0.0005663564751848692,-0.023798245212302296,"{""1"": 13}"
s0-i11,0,a88b1a6866de7769,"[[2, 3, 4, 9], [0, 5, 7, 10], [1, 6, 8, 11]]",subset_beam_8,1.0,1.0,1.0,0.09832187834349397,0.0005663564751848692,-0.023798245212302296,"{""1"": 13}"
s0-i11,0,a88b1a6866de7769,"[[2, 3, 4, 9], [0, 5, 7, 10], [1, 6, 8, 11]]",subset_beam_32,1.0,1.0,1.0,0.09832187834349397,0.0005663564751848692,-0.023798245212302296,"{""1"": 13}"
s0-i11,0,a88b1a6866de7769,"[[2, 3, 4, 9], [0, 5, 7, 10], [1, 6, 8, 11]]",saps_diagonal,1.0,1.0,1.0,0.09832187834349397,0.0005663564751848692,-0.023798245212302296,"{""1"": 13}"
s0-i11,0,a88b1a6866de7769,"[[2, 3, 4, 9], [0, 5, 7, 10], [1, 6, 8, 11]]",p_saps_residualized,1.0,1.0,1.0,0.09832187834349397,0.0005663564751848692,-0.023798245212302296,"{""1"": 13}"
s0-i11,0,a88b1a6866de7769,"[[2, 3, 4, 9], [0, 5, 7, 10], [1, 6, 8, 11]]",p_saps_projection,1.0,1.0,1.0,0.09832187834349397,0.0005663564751848692,-0.023798245212302296,"{""1"": 13}"
s0-i11,0,a88b1a6866de7769,"[[2, 3, 4, 9], [0, 5, 7, 10], [1, 6, 8, 11]]",b_saps_budgeted,1.0,1.0,1.0,0.09832187834349397,0.0005663564751848692,-0.023798245212302296,"{""1"": 13}"
s0-i11,0,a88b1a6866de7769,"[[2, 3, 4, 9], [0, 5, 7, 10], [1, 6, 8, 11]]",random_balanced,1.0,1.0,1.0,0.28466967854505804,0.986595400408948,0.9932750879836603,"{""1"": 13}"
s0-i11,0,215dc13cd9649bb5,"[[0, 4, 9, 10], [2, 5, 7, 8], [1, 3, 6, 11]]",confidence,0.005326310161571086,0.005326310161571086,0.005326310161571086,0.02277995102506319,1.0434636022995905,1.021500661918332,"{""1"": 12, ""2"": 1}"
s0-i11,0,da730bc2292f2419,"[[0, 4, 9, 10], [5, 6, 8, 11], [1, 2, 3, 7]]",entropy,1.0,1.0,1.0,0.28466967854505804,7.769674498891217e-06,-0.002787413585905618,"{""1"": 13}"
s0-i11,0,67540dd6c90dc194,"[[2, 8, 9, 10], [3, 4, 6, 11], [0, 1, 5, 7]]",dependency_cmi,1.0,1.0,1.0,0.28466967854505804,1.0315350027490546,1.0156451165387714,"{""1"": 13}"
s0-i11,0,7a29889e50955762,"[[8, 9, 10, 11], [0, 4, 5, 7], [1, 2, 3, 6]]",min_within_batch_tc,1.0,1.0,1.0,0.28466967854505804,7.769674498891217e-06,0.002787413585905618,"{""1"": 13}"
s0-i11,0,907fff147698703e,"[[0, 2, 4, 5], [1, 3, 6, 7], [8, 9, 10, 11]]",dprm_myopic,0.005326310161571086,0.005326310161571086,0.005326310161571086,0.002461672814861138,0.0003737674063700128,0.019333065105409768,"{""1"": 12, ""3"": 1}"
s0-i11,0,907fff147698703e,"[[0, 2, 4, 5], [1, 3, 6, 7], [8, 9, 10, 11]]",dprm_rollout,0.005326310161571086,0.005326310161571086,0.005326310161571086,0.002461672814861138,0.0003737674063700128,0.019333065105409768,"{""1"": 12, ""3"": 1}"
s0-i11,0,a88b1a6866de7769,"[[2, 3, 4, 9], [0, 5, 7, 10], [1, 6, 8, 11]]",subset_exact,1.0,1.0,1.0,0.28466967854505804,0.986595400408948,0.9932750879836603,"{""1"": 13}"
s0-i11,0,a88b1a6866de7769,"[[2, 3, 4, 9], [0, 5, 7, 10], [1, 6, 8, 11]]",subset_beam_8,1.0,1.0,1.0,0.28466967854505804,0.986595400408948,0.9932750879836603,"{""1"": 13}"
s0-i11,0,a88b1a6866de7769,"[[2, 3, 4, 9], [0, 5, 7, 10], [1, 6, 8, 11]]",subset_beam_32,1.0,1.0,1.0,0.28466967854505804,0.986595400408948,0.9932750879836603,"{""1"": 13}"
s0-i11,0,a88b1a6866de7769,"[[2, 3, 4, 9], [0, 5, 7, 10], [1, 6, 8, 11]]",saps_diagonal,1.0,1.0,1.0,0.28466967854505804,0.986595400408948,0.9932750879836603,"{""1"": 13}"
s0-i11,0,a88b1a6866de7769,"[[2, 3, 4, 9], [0, 5, 7, 10], [1, 6, 8, 11]]",p_saps_residualized,1.0,1.0,1.0,0.28466967854505804,0.986595400408948,0.9932750879836603,"{""1"": 13}"
s0-i11,0,a88b1a6866de7769,"[[2, 3, 4, 9], [0, 5, 7, 10], [1, 6, 8, 11]]",p_saps_projection,1.0,1.0,1.0,0.28466967854505804,0.986595400408948,0.9932750879836603,"{""1"": 13}"
s0-i11,0,a88b1a6866de7769,"[[2, 3, 4, 9], [0, 5, 7, 10], [1, 6, 8, 11]]",b_saps_budgeted,1.0,1.0,1.0,0.28466967854505804,0.986595400408948,0.9932750879836603,"{""1"": 13}"
s0-i11,0,93e2bd15d6f6ee2a,"[[2, 3, 4], [0, 9, 10], [5, 7, 11], [1, 6, 8]]",random_balanced,1.0,1.0,1.0,0.019933243911272918,0.0,0.0,"{""1"": 13}"
s0-i11,0,309b1867b673572a,"[[0, 9, 10], [4, 5, 8], [2, 7, 11], [1, 3, 6]]",confidence,1.0,1.0,1.0,0.019933243911272918,1.001373617602072,1.0006865731097185,"{""1"": 13}"
s0-i11,0,e187635bb715a8c5,"[[4, 9, 10], [0, 5, 11], [6, 7, 8], [1, 2, 3]]",entropy,1.0,1.0,1.0,0.019933243911272918,0.0,0.0,"{""1"": 13}"
s0-i11,0,4bfd285fbd2e814f,"[[2, 8, 10], [3, 9, 11], [1, 5, 7], [0, 4, 6]]",dependency_cmi,1.0,1.0,1.0,0.019933243911272918,4.810749609736363e-05,0.006935956754288743,"{""1"": 13}"
s0-i11,0,18be12ba83e40713,"[[8, 10, 11], [5, 7, 9], [3, 4, 6], [0, 1, 2]]",min_within_batch_tc,1.0,1.0,1.0,0.019933243911272918,0.00029804402227961714,-0.017263951525639115,"{""1"": 13}"
s0-i11,0,dfc226df4546e64b,"[[2, 4, 5], [0, 1, 3], [6, 7, 8], [9, 10, 11]]",dprm_myopic,0.005326310161571086,0.005326310161571086,0.005326310161571086,0.00010646437598887094,0.0,0.0,"{""1"": 12, ""3"": 1}"
s0-i11,0,dfc226df4546e64b,"[[2, 4, 5], [0, 1, 3], [6, 7, 8], [9, 10, 11]]",dprm_rollout,0.005326310161571086,0.005326310161571086,0.005326310161571086,0.00010646437598887094,0.0,0.0,"{""1"": 12, ""3"": 1}"
s0-i11,0,93e2bd15d6f6ee2a,"[[2, 3, 4], [0, 9, 10], [5, 7, 11], [1, 6, 8]]",subset_exact,1.0,1.0,1.0,0.019933243911272918,0.0,0.0,"{""1"": 13}"
s0-i11,0,93e2bd15d6f6ee2a,"[[2, 3, 4], [0, 9, 10], [5, 7, 11], [1, 6, 8]]",subset_beam_8,1.0,1.0,1.0,0.019933243911272918,0.0,0.0,"{""1"": 13}"
s0-i11,0,93e2bd15d6f6ee2a,"[[2, 3, 4], [0, 9, 10], [5, 7, 11], [1, 6, 8]]",subset_beam_32,1.0,1.0,1.0,0.019933243911272918,0.0,0.0,"{""1"": 13}"
s0-i11,0,93e2bd15d6f6ee2a,"[[2, 3, 4], [0, 9, 10], [5, 7, 11], [1, 6, 8]]",saps_diagonal,1.0,1.0,1.0,0.019933243911272918,0.0,0.0,"{""1"": 13}"
s0-i11,0,93e2bd15d6f6ee2a,"[[2, 3, 4], [0, 9, 10], [5, 7, 11], [1, 6, 8]]",p_saps_residualized,1.0,1.0,1.0,0.019933243911272918,0.0,0.0,"{""1"": 13}"
s0-i11,0,93e2bd15d6f6ee2a,"[[2, 3, 4], [0, 9, 10], [5, 7, 11], [1, 6, 8]]",p_saps_projection,1.0,1.0,1.0,0.019933243911272918,0.0,0.0,"{""1"": 13}"
s0-i11,0,93e2bd15d6f6ee2a,"[[2, 3, 4], [0, 9, 10], [5, 7, 11], [1, 6, 8]]",b_saps_budgeted,1.0,1.0,1.0,0.019933243911272918,0.0,0.0,"{""1"": 13}"
s0-i11,0,93e2bd15d6f6ee2a,"[[2, 3, 4], [0, 9, 10], [5, 7, 11], [1, 6, 8]]",random_balanced,1.0,1.0,1.0,0.09832187834349397,0.00014717385232231096,-0.012131523083368838,"{""1"": 13}"
s0-i11,0,309b1867b673572a,"[[0, 9, 10], [4, 5, 8], [2, 7, 11], [1, 3, 6]]",confidence,1.0,1.0,1.0,0.09832187834349397,0.0022923599760534584,0.047878596220581264,"{""1"": 13}"
s0-i11,0,e187635bb715a8c5,"[[4, 9, 10], [0, 5, 11], [6, 7, 8], [1, 2, 3]]",entropy,1.0,1.0,1.0,0.09832187834349397,1.0410633350632132,1.0203251124338817,"{""1"": 13}"
s0-i11,0,4bfd285fbd2e814f,"[[2, 8, 10], [3, 9, 11], [1, 5, 7], [0, 4, 6]]",dependency_cmi,1.0,1.0,1.0,0.09832187834349397,0.00014717385232231113,-0.012131523083368845,"{""1"": 13}"
s0-i11,0,18be12ba83e40713,"[[8, 10, 11], [5, 7, 9], [3, 4, 6], [0, 1, 2]]",min_within_batch_tc,1.0,1.0,1.0,0.09832187834349397,4.0214232387320634e-05,0.006341469260930044,"{""1"": 13}"
s0-i11,0,dfc226df4546e64b,"[[2, 4, 5], [0, 1, 3], [6, 7, 8], [9, 10, 11]]",dprm_myopic,0.005326310161571086,0.005326310161571086,0.005326310161571086,0.0005599206318245867,0.0006292118826917326,0.02508409621038264,"{""1"": 12, ""3"": 1}"
s0-i11,0,dfc226df4546e64b,"[[2, 4, 5], [0, 1, 3], [6, 7, 8], [9, 10, 11]]",dprm_rollout,0.005326310161571086,0.005326310161571086,0.005326310161571086,0.0005599206318245867,0.0006292118826917326,0.02508409621038264,"{""1"": 12, ""3"": 1}"
s0-i11,0,93e2bd15d6f6ee2a,"[[2, 3, 4], [0, 9, 10], [5, 7, 11], [1, 6, 8]]",subset_exact,1.0,1.0,1.0,0.09832187834349397,0.00014717385232231096,-0.012131523083368838,"{""1"": 13}"
s0-i11,0,93e2bd15d6f6ee2a,"[[2, 3, 4], [0, 9, 10], [5, 7, 11], [1, 6, 8]]",subset_beam_8,1.0,1.0,1.0,0.09832187834349397,0.00014717385232231096,-0.012131523083368838,"{""1"": 13}"
s0-i11,0,93e2bd15d6f6ee2a,"[[2, 3, 4], [0, 9, 10], [5, 7, 11], [1, 6, 8]]",subset_beam_32,1.0,1.0,1.0,0.09832187834349397,0.00014717385232231096,-0.012131523083368838,"{""1"": 13}"
s0-i11,0,93e2bd15d6f6ee2a,"[[2, 3, 4], [0, 9, 10], [5, 7, 11], [1, 6, 8]]",saps_diagonal,1.0,1.0,1.0,0.09832187834349397,0.00014717385232231096,-0.012131523083368838,"{""1"": 13}"
s0-i11,0,93e2bd15d6f6ee2a,"[[2, 3, 4], [0, 9, 10], [5, 7, 11], [1, 6, 8]]",p_saps_residualized,1.0,1.0,1.0,0.09832187834349397,0.00014717385232231096,-0.012131523083368838,"{""1"": 13}"
s0-i11,0,93e2bd15d6f6ee2a,"[[2, 3, 4], [0, 9, 10], [5, 7, 11], [1, 6, 8]]",p_saps_projection,1.0,1.0,1.0,0.09832187834349397,0.00014717385232231096,-0.012131523083368838,"{""1"": 13}"
s0-i11,0,93e2bd15d6f6ee2a,"[[2, 3, 4], [0, 9, 10], [5, 7, 11], [1, 6, 8]]",b_saps_budgeted,1.0,1.0,1.0,0.09832187834349397,0.00014717385232231096,-0.012131523083368838,"{""1"": 13}"
s0-i11,0,93e2bd15d6f6ee2a,"[[2, 3, 4], [0, 9, 10], [5, 7, 11], [1, 6, 8]]",random_balanced,1.0,1.0,1.0,0.28466967854505804,0.9958433370715897,0.9979195043046256,"{""1"": 13}"
s0-i11,0,309b1867b673572a,"[[0, 9, 10], [4, 5, 8], [2, 7, 11], [1, 3, 6]]",confidence,1.0,1.0,1.0,0.28466967854505804,7.769674498891217e-06,0.002787413585905618,"{""1"": 13}"
s0-i11,0,e187635bb715a8c5,"[[4, 9, 10], [0, 5, 11], [6, 7, 8], [1, 2, 3]]",entropy,1.0,1.0,1.0,0.28466967854505804,0.0,0.0,"{""1"": 13}"
s0-i11,0,4bfd285fbd2e814f,"[[2, 8, 10], [3, 9, 11], [1, 5, 7], [0, 4, 6]]",dependency_cmi,1.0,1.0,1.0,0.28466967854505804,1.0315350027490546,1.0156451165387714,"{""1"": 13}"
s0-i11,0,18be12ba83e40713,"[[8, 10, 11], [5, 7, 9], [3, 4, 6], [0, 1, 2]]",min_within_batch_tc,1.0,1.0,1.0,0.28466967854505804,0.9945010032068042,-0.9972467113040806,"{""1"": 13}"
s0-i11,0,dfc226df4546e64b,"[[2, 4, 5], [0, 1, 3], [6, 7, 8], [9, 10, 11]]",dprm_myopic,0.005326310161571086,0.005326310161571086,0.005326310161571086,0.002461672814861138,0.000287148690574096,0.01694546224138179,"{""1"": 12, ""3"": 1}"
s0-i11,0,dfc226df4546e64b,"[[2, 4, 5], [0, 1, 3], [6, 7, 8], [9, 10, 11]]",dprm_rollout,0.005326310161571086,0.005326310161571086,0.005326310161571086,0.002461672814861138,0.000287148690574096,0.01694546224138179,"{""1"": 12, ""3"": 1}"
s0-i11,0,93e2bd15d6f6ee2a,"[[2, 3, 4], [0, 9, 10], [5, 7, 11], [1, 6, 8]]",subset_exact,1.0,1.0,1.0,0.28466967854505804,0.9958433370715897,0.9979195043046256,"{""1"": 13}"
s0-i11,0,93e2bd15d6f6ee2a,"[[2, 3, 4], [0, 9, 10], [5, 7, 11], [1, 6, 8]]",subset_beam_8,1.0,1.0,1.0,0.28466967854505804,0.9958433370715897,0.9979195043046256,"{""1"": 13}"
s0-i11,0,93e2bd15d6f6ee2a,"[[2, 3, 4], [0, 9, 10], [5, 7, 11], [1, 6, 8]]",subset_beam_32,1.0,1.0,1.0,0.28466967854505804,0.9958433370715897,0.9979195043046256,"{""1"": 13}"
s0-i11,0,93e2bd15d6f6ee2a,"[[2, 3, 4], [0, 9, 10], [5, 7, 11], [1, 6, 8]]",saps_diagonal,1.0,1.0,1.0,0.28466967854505804,0.9958433370715897,0.9979195043046256,"{""1"": 13}"
s0-i11,0,93e2bd15d6f6ee2a,"[[2, 3, 4], [0, 9, 10], [5, 7, 11], [1, 6, 8]]",p_saps_residualized,1.0,1.0,1.0,0.28466967854505804,0.9958433370715897,0.9979195043046256,"{""1"": 13}"
s0-i11,0,93e2bd15d6f6ee2a,"[[2, 3, 4], [0, 9, 10], [5, 7, 11], [1, 6, 8]]",p_saps_projection,1.0,1.0,1.0,0.28466967854505804,0.9958433370715897,0.9979195043046256,"{""1"": 13}"
s0-i11,0,93e2bd15d6f6ee2a,"[[2, 3, 4], [0, 9, 10], [5, 7, 11], [1, 6, 8]]",b_saps_budgeted,1.0,1.0,1.0,0.28466967854505804,0.9958433370715897,0.9979195043046256,"{""1"": 13}"
s0-i12,0,2516301160cf1942,"[[0, 1, 2, 3, 4, 5, 6, 7, 8, 9, 10, 11]]",random_balanced,1.0000000000000002,1.0000000000000002,1.0000000000000002,0.01993324391127292,4.596909533948428,2.1440404692888677,"{""1"": 12}"
s0-i12,0,2516301160cf1942,"[[0, 1, 2, 3, 4, 5, 6, 7, 8, 9, 10, 11]]",confidence,1.0000000000000002,1.0000000000000002,1.0000000000000002,0.01993324391127292,4.596909533948428,2.1440404692888677,"{""1"": 12}"
s0-i12,0,2516301160cf1942,"[[0, 1, 2, 3, 4, 5, 6, 7, 8, 9, 10, 11]]",entropy,1.0000000000000002,1.0000000000000002,1.0000000000000002,0.01993324391127292,4.596909533948428,2.1440404692888677,"{""1"": 12}"
s0-i12,0,2516301160cf1942,"[[0, 1, 2, 3, 4, 5, 6, 7, 8, 9, 10, 11]]",dependency_cmi,1.0000000000000002,1.0000000000000002,1.0000000000000002,0.01993324391127292,4.596909533948428,2.1440404692888677,"{""1"": 12}"
s0-i12,0,2516301160cf1942,"[[0, 1, 2, 3, 4, 5, 6, 7, 8, 9, 10, 11]]",min_within_batch_tc,1.0000000000000002,1.0000000000000002,1.0000000000000002,0.01993324391127292,4.596909533948428,2.1440404692888677,"{""1"": 12}"
s0-i12,0,2516301160cf1942,"[[0, 1, 2, 3, 4, 5, 6, 7, 8, 9, 10, 11]]",dprm_myopic,1.0000000000000002,1.0000000000000002,1.0000000000000002,0.01993324391127292,4.596909533948428,2.1440404692888677,"{""1"": 12}"
s0-i12,0,2516301160cf1942,"[[0, 1, 2, 3, 4, 5, 6, 7, 8, 9, 10, 11]]",dprm_rollout,1.0000000000000002,1.0000000000000002,1.0000000000000002,0.01993324391127292,4.596909533948428,2.1440404692888677,"{""1"": 12}"
s0-i12,0,2516301160cf1942,"[[0, 1, 2, 3, 4, 5, 6, 7, 8, 9, 10, 11]]",subset_exact,1.0000000000000002,1.0000000000000002,1.0000000000000002,0.01993324391127292,4.596909533948428,2.1440404692888677,"{""1"": 12}"
s0-i12,0,2516301160cf1942,"[[0, 1, 2, 3, 4, 5, 6, 7, 8, 9, 10, 11]]",subset_beam_8,1.0000000000000002,1.0000000000000002,1.0000000000000002,0.01993324391127292,4.596909533948428,2.1440404692888677,"{""1"": 12}"
s0-i12,0,2516301160cf1942,"[[0, 1, 2, 3, 4, 5, 6, 7, 8, 9, 10, 11]]",subset_beam_32,1.0000000000000002,1.0000000000000002,1.0000000000000002,0.01993324391127292,4.596909533948428,2.1440404692888677,"{""1"": 12}"
s0-i12,0,2516301160cf1942,"[[0, 1, 2, 3, 4, 5, 6, 7, 8, 9, 10, 11]]",saps_diagonal,1.0000000000000002,1.0000000000000002,1.0000000000000002,0.01993324391127292,4.596909533948428,2.1440404692888677,"{""1"": 12}"
s0-i12,0,2516301160cf1942,"[[0, 1, 2, 3, 4, 5, 6, 7, 8, 9, 10, 11]]",p_saps_residualized,1.0000000000000002,1.0000000000000002,1.0000000000000002,0.01993324391127292,4.596909533948428,2.1440404692888677,"{""1"": 12}"
s0-i12,0,2516301160cf1942,"[[0, 1, 2, 3, 4, 5, 6, 7, 8, 9, 10, 11]]",p_saps_projection,1.0000000000000002,1.0000000000000002,1.0000000000000002,0.01993324391127292,4.596909533948428,2.1440404692888677,"{""1"": 12}"
s0-i12,0,2516301160cf1942,"[[0, 1, 2, 3, 4, 5, 6, 7, 8, 9, 10, 11]]",b_saps_budgeted,1.0000000000000002,1.0000000000000002,1.0000000000000002,0.01993324391127292,4.596909533948428,2.1440404692888677,"{""1"": 12}"
s0-i12,0,2516301160cf1942,"[[0, 1, 2, 3, 4, 5, 6, 7, 8, 9, 10, 11]]",random_balanced,1.0000000000000002,1.0000000000000002,1.0000000000000002,0.09832187834349397,5.600428026276515,-2.3665223485689957,"{""1"": 12}"
s0-i12,0,2516301160cf1942,"[[0, 1, 2, 3, 4, 5, 6, 7, 8, 9, 10, 11]]",confidence,1.0000000000000002,1.0000000000000002,1.0000000000000002,0.09832187834349397,5.600428026276515,-2.3665223485689957,"{""1"": 12}"
s0-i12,0,2516301160cf1942,"[[0, 1, 2, 3, 4, 5, 6, 7, 8, 9, 10, 11]]",entropy,1.0000000000000002,1.0000000000000002,1.0000000000000002,0.09832187834349397,5.600428026276515,-2.3665223485689957,"{""1"": 12}"
s0-i12,0,2516301160cf1942,"[[0, 1, 2, 3, 4, 5, 6, 7, 8, 9, 10, 11]]",dependency_cmi,1.0000000000000002,1.0000000000000002,1.0000000000000002,0.09832187834349397,5.600428026276515,-2.3665223485689957,"{""1"": 12}"
s0-i12,0,2516301160cf1942,"[[0, 1, 2, 3, 4, 5, 6, 7, 8, 9, 10, 11]]",min_within_batch_tc,1.0000000000000002,1.0000000000000002,1.0000000000000002,0.09832187834349397,5.600428026276515,-2.3665223485689957,"{""1"": 12}"
s0-i12,0,2516301160cf1942,"[[0, 1, 2, 3, 4, 5, 6, 7, 8, 9, 10, 11]]",dprm_myopic,1.0000000000000002,1.0000000000000002,1.0000000000000002,0.09832187834349397,5.600428026276515,-2.3665223485689957,"{""1"": 12}"
s0-i12,0,2516301160cf1942,"[[0, 1, 2, 3, 4, 5, 6, 7, 8, 9, 10, 11]]",dprm_rollout,1.0000000000000002,1.0000000000000002,1.0000000000000002,0.09832187834349397,5.600428026276515,-2.3665223485689957,"{""1"": 12}"
s0-i12,0,2516301160cf1942,"[[0, 1, 2, 3, 4, 5, 6, 7, 8, 9, 10, 11]]",subset_exact,1.0000000000000002,1.0000000000000002,1.0000000000000002,0.09832187834349397,5.600428026276515,-2.3665223485689957,"{""1"": 12}"
s0-i12,0,2516301160cf1942,"[[0, 1, 2, 3, 4, 5, 6, 7, 8, 9, 10, 11]]",subset_beam_8,1.0000000000000002,1.0000000000000002,1.0000000000000002,0.09832187834349397,5.600428026276515,-2.3665223485689957,"{""1"": 12}"
s0-i12,0,2516301160cf1942,"[[0, 1, 2, 3, 4, 5, 6, 7, 8, 9, 10, 11]]",subset_beam_32,1.0000000000000002,1.0000000000000002,1.0000000000000002,0.09832187834349397,5.600428026276515,-2.3665223485689957,"{""1"": 12}"
s0-i12,0,2516301160cf1942,"[[0, 1, 2, 3, 4, 5, 6, 7, 8, 9, 10, 11]]",saps_diagonal,1.0000000000000002,1.0000000000000002,1.0000000000000002,0.09832187834349397,5.600428026276515,-2.3665223485689957,"{""1"": 12}"
s0-i12,0,2516301160cf1942,"[[0, 1, 2, 3, 4, 5, 6, 7, 8, 9, 10, 11]]",p_saps_residualized,1.0000000000000002,1.0000000000000002,1.0000000000000002,0.09832187834349397,5.600428026276515,-2.3665223485689957,"{""1"": 12}"
s0-i12,0,2516301160cf1942,"[[0, 1, 2, 3, 4, 5, 6, 7, 8, 9, 10, 11]]",p_saps_projection,1.0000000000000002,1.0000000000000002,1.0000000000000002,0.09832187834349397,5.600428026276515,-2.3665223485689957,"{""1"": 12}"
s0-i12,0,2516301160cf1942,"[[0, 1, 2, 3, 4, 5, 6, 7, 8, 9, 10, 11]]",b_saps_budgeted,1.0000000000000002,1.0000000000000002,1.0000000000000002,0.09832187834349397,5.600428026276515,-2.3665223485689957,"{""1"": 12}"
s0-i12,0,2516301160cf1942,"[[0, 1, 2, 3, 4, 5, 6, 7, 8, 9, 10, 11]]",random_balanced,1.0000000000000002,1.0000000000000002,1.0000000000000002,0.2846696785450581,1.2518494942990952,-1.118860802021009,"{""1"": 12}"
s0-i12,0,2516301160cf1942,"[[0, 1, 2, 3, 4, 5, 6, 7, 8, 9, 10, 11]]",confidence,1.0000000000000002,1.0000000000000002,1.0000000000000002,0.2846696785450581,1.2518494942990952,-1.118860802021009,"{""1"": 12}"
s0-i12,0,2516301160cf1942,"[[0, 1, 2, 3, 4, 5, 6, 7, 8, 9, 10, 11]]",entropy,1.0000000000000002,1.0000000000000002,1.0000000000000002,0.2846696785450581,1.2518494942990952,-1.118860802021009,"{""1"": 12}"
s0-i12,0,2516301160cf1942,"[[0, 1, 2, 3, 4, 5, 6, 7, 8, 9, 10, 11]]",dependency_cmi,1.0000000000000002,1.0000000000000002,1.0000000000000002,0.2846696785450581,1.2518494942990952,-1.118860802021009,"{""1"": 12}"
s0-i12,0,2516301160cf1942,"[[0, 1, 2, 3, 4, 5, 6, 7, 8, 9, 10, 11]]",min_within_batch_tc,1.0000000000000002,1.0000000000000002,1.0000000000000002,0.2846696785450581,1.2518494942990952,-1.118860802021009,"{""1"": 12}"
s0-i12,0,2516301160cf1942,"[[0, 1, 2, 3, 4, 5, 6, 7, 8, 9, 10, 11]]",dprm_myopic,1.0000000000000002,1.0000000000000002,1.0000000000000002,0.2846696785450581,1.2518494942990952,-1.118860802021009,"{""1"": 12}"
s0-i12,0,2516301160cf1942,"[[0, 1, 2, 3, 4, 5, 6, 7, 8, 9, 10, 11]]",dprm_rollout,1.0000000000000002,1.0000000000000002,1.0000000000000002,0.2846696785450581,1.2518494942990952,-1.118860802021009,"{""1"": 12}"
s0-i12,0,2516301160cf1942,"[[0, 1, 2, 3, 4, 5, 6, 7, 8, 9, 10, 11]]",subset_exact,1.0000000000000002,1.0000000000000002,1.0000000000000002,0.2846696785450581,1.2518494942990952,-1.118860802021009,"{""1"": 12}"
s0-i12,0,2516301160cf1942,"[[0, 1, 2, 3, 4, 5, 6, 7, 8, 9, 10, 11]]",subset_beam_8,1.0000000000000002,1.0000000000000002,1.0000000000000002,0.2846696785450581,1.2518494942990952,-1.118860802021009,"{""1"": 12}"
s0-i12,0,2516301160cf1942,"[[0, 1, 2, 3, 4, 5, 6, 7, 8, 9, 10, 11]]",subset_beam_32,1.0000000000000002,1.0000000000000002,1.0000000000000002,0.2846696785450581,1.2518494942990952,-1.118860802021009,"{""1"": 12}"
s0-i12,0,2516301160cf1942,"[[0, 1, 2, 3, 4, 5, 6, 7, 8, 9, 10, 11]]",saps_diagonal,1.0000000000000002,1.0000000000000002,1.0000000000000002,0.2846696785450581,1.2518494942990952,-1.118860802021009,"{""1"": 12}"
s0-i12,0,2516301160cf1942,"[[0, 1, 2, 3, 4, 5, 6, 7, 8, 9, 10, 11]]",p_saps_residualized,1.0000000000000002,1.0000000000000002,1.0000000000000002,0.2846696785450581,1.2518494942990952,-1.118860802021009,"{""1"": 12}"
s0-i12,0,2516301160cf1942,"[[0, 1, 2, 3, 4, 5, 6, 7, 8, 9, 10, 11]]",p_saps_projection,1.0000000000000002,1.0000000000000002,1.0000000000000002,0.2846696785450581,1.2518494942990952,-1.118860802021009,"{""1"": 12}"
s0-i12,0,2516301160cf1942,"[[0, 1, 2, 3, 4, 5, 6, 7, 8, 9, 10, 11]]",b_saps_budgeted,1.0000000000000002,1.0000000000000002,1.0000000000000002,0.2846696785450581,1.2518494942990952,-1.118860802021009,"{""1"": 12}"
s0-i12,0,efc5ffff75da33c3,"[[1, 4, 6, 7, 9, 11], [0, 2, 3, 5, 8, 10]]",random_balanced,1.0000000000000002,1.0000000000000002,1.0000000000000002,0.01993324391127292,4.596909533948428,2.1440404692888677,"{""1"": 12}"
s0-i12,0,98704f9f014420c8,"[[0, 1, 3, 4, 9, 11], [2, 5, 6, 7, 8, 10]]",confidence,1.0000000000000002,1.0000000000000002,1.0000000000000002,0.01993324391127292,4.596909533948428,2.1440404692888677,"{""1"": 12}"
s0-i12,0,98704f9f014420c8,"[[0, 1, 3, 4, 9, 11], [2, 5, 6, 7, 8, 10]]",entropy,1.0000000000000002,1.0000000000000002,1.0000000000000002,0.01993324391127292,4.596909533948428,2.1440404692888677,"{""1"": 12}"
s0-i12,0,8160704a7b4547e3,"[[0, 1, 2, 3, 7, 10], [4, 5, 6, 8, 9, 11]]",dependency_cmi,1.0000000000000002,1.0000000000000002,1.0000000000000002,0.01993324391127292,4.596909533948428,2.1440404692888677,"{""1"": 12}"
s0-i12,0,db449c3e0ba94681,"[[0, 1, 2, 7, 10, 11], [3, 4, 5, 6, 8, 9]]",min_within_batch_tc,1.0000000000000002,1.0000000000000002,1.0000000000000002,0.01993324391127292,4.596909533948428,2.1440404692888677,"{""1"": 12}"
s0-i12,0,65cd73210213c5d5,"[[0, 1, 2, 3, 4, 5], [6, 7, 8, 9, 10, 11]]",dprm_myopic,1.0000000000000002,1.0000000000000002,1.0000000000000002,0.01993324391127292,4.596909533948428,2.1440404692888677,"{""1"": 12}"
s0-i12,0,65cd73210213c5d5,"[[0, 1, 2, 3, 4, 5], [6, 7, 8, 9, 10, 11]]",dprm_rollout,1.0000000000000002,1.0000000000000002,1.0000000000000002,0.01993324391127292,4.596909533948428,2.1440404692888677,"{""1"": 12}"
s0-i12,0,efc5ffff75da33c3,"[[1, 4, 6, 7, 9, 11], [0, 2, 3, 5, 8, 10]]",subset_exact,1.0000000000000002,1.0000000000000002,1.0000000000000002,0.01993324391127292,4.596909533948428,2.1440404692888677,"{""1"": 12}"
s0-i12,0,efc5ffff75da33c3,"[[1, 4, 6, 7, 9, 11], [0, 2, 3, 5, 8, 10]]",subset_beam_8,1.0000000000000002,1.0000000000000002,1.0000000000000002,0.01993324391127292,4.596909533948428,2.1440404692888677,"{""1"": 12}"
s0-i12,0,efc5ffff75da33c3,"[[1, 4, 6, 7, 9, 11], [0, 2, 3, 5, 8, 10]]",subset_beam_32,1.0000000000000002,1.0000000000000002,1.0000000000000002,0.01993324391127292,4.596909533948428,2.1440404692888677,"{""1"": 12}"
s0-i12,0,efc5ffff75da33c3,"[[1, 4, 6, 7, 9, 11], [0, 2, 3, 5, 8, 10]]",saps_diagonal,1.0000000000000002,1.0000000000000002,1.0000000000000002,0.01993324391127292,4.596909533948428,2.1440404692888677,"{""1"": 12}"
s0-i12,0,efc5ffff75da33c3,"[[1, 4, 6, 7, 9, 11], [0, 2, 3, 5, 8, 10]]",p_saps_residualized,1.0000000000000002,1.0000000000000002,1.0000000000000002,0.01993324391127292,4.596909533948428,2.1440404692888677,"{""1"": 12}"
s0-i12,0,efc5ffff75da33c3,"[[1, 4, 6, 7, 9, 11], [0, 2, 3, 5, 8, 10]]",p_saps_projection,1.0000000000000002,1.0000000000000002,1.0000000000000002,0.01993324391127292,4.596909533948428,2.1440404692888677,"{""1"": 12}"
s0-i12,0,efc5ffff75da33c3,"[[1, 4, 6, 7, 9, 11], [0, 2, 3, 5, 8, 10]]",b_saps_budgeted,1.0000000000000002,1.0000000000000002,1.0000000000000002,0.01993324391127292,4.596909533948428,2.1440404692888677,"{""1"": 12}"
s0-i12,0,efc5ffff75da33c3,"[[1, 4, 6, 7, 9, 11], [0, 2, 3, 5, 8, 10]]",random_balanced,1.0000000000000002,1.0000000000000002,1.0000000000000002,0.09832187834349397,0.049498186608017435,-0.22248187928012797,"{""1"": 12}"
s0-i12,0,98704f9f014420c8,"[[0, 1, 3, 4, 9, 11], [2, 5, 6, 7, 8, 10]]",confidence,1.0000000000000002,1.0000000000000002,1.0000000000000002,0.09832187834349397,3.3178715079452745,1.8215025412953105,"{""1"": 12}"
s0-i12,0,98704f9f014420c8,"[[0, 1, 3, 4, 9, 11], [2, 5, 6, 7, 8, 10]]",entropy,1.0000000000000002,1.0000000000000002,1.0000000000000002,0.09832187834349397,3.3178715079452745,1.8215025412953105,"{""1"": 12}"
s0-i12,0,8160704a7b4547e3,"[[0, 1, 2, 3, 7, 10], [4, 5, 6, 8, 9, 11]]",dependency_cmi,1.0000000000000002,1.0000000000000002,1.0000000000000002,0.09832187834349397,1.3958891542667804,1.181477530157379,"{""1"": 12}"
s0-i12,0,db449c3e0ba94681,"[[0, 1, 2, 7, 10, 11], [3, 4, 5, 6, 8, 9]]",min_within_batch_tc,1.0000000000000002,1.0000000000000002,1.0000000000000002,0.09832187834349397,4.823925667779458,2.1963437043822305,"{""1"": 12}"
s0-i12,0,65cd73210213c5d5,"[[0, 1, 2, 3, 4, 5], [6, 7, 8, 9, 10, 11]]",dprm_myopic,1.0000000000000002,1.0000000000000002,1.0000000000000002,0.09832187834349397,4.823925667779458,2.1963437043822305,"{""1"": 12}"
s0-i12,0,65cd73210213c5d5,"[[0, 1, 2, 3, 4, 5], [6, 7, 8, 9, 10, 11]]",dprm_rollout,1.0000000000000002,1.0000000000000002,1.0000000000000002,0.09832187834349397,4.823925667779458,2.1963437043822305,"{""1"": 12}"
s0-i12,0,efc5ffff75da33c3,"[[1, 4, 6, 7, 9, 11], [0, 2, 3, 5, 8, 10]]",subset_exact,1.0000000000000002,1.0000000000000002,1.0000000000000002,0.09832187834349397,0.049498186608017435,-0.22248187928012797,"{""1"": 12}"
s0-i12,0,efc5ffff75da33c3,"[[1, 4, 6, 7, 9, 11], [0, 2, 3, 5, 8, 10]]",subset_beam_8,1.0000000000000002,1.0000000000000002,1.0000000000000002,0.09832187834349397,0.049498186608017435,-0.22248187928012797,"{""1"": 12}"
s0-i12,0,efc5ffff75da33c3,"[[1, 4, 6, 7, 9, 11], [0, 2, 3, 5, 8, 10]]",subset_beam_32,1.0000000000000002,1.0000000000000002,1.0000000000000002,0.09832187834349397,0.049498186608017435,-0.22248187928012797,"{""1"": 12}"
s0-i12,0,efc5ffff75da33c3,"[[1, 4, 6, 7, 9, 11], [0, 2, 3, 5, 8, 10]]",saps_diagonal,1.0000000000000002,1.0000000000000002,1.0000000000000002,0.09832187834349397,0.049498186608017435,-0.22248187928012797,"{""1"": 12}"
s0-i12,0,efc5ffff75da33c3,"[[1, 4, 6, 7, 9, 11], [0, 2, 3, 5, 8, 10]]",p_saps_residualized,1.0000000000000002,1.0000000000000002,1.0000000000000002,0.09832187834349397,0.049498186608017435,-0.22248187928012797,"{""1"": 12}"
s0-i12,0,efc5ffff75da33c3,"[[1, 4, 6, 7, 9, 11], [0, 2, 3, 5, 8, 10]]",p_saps_projection,1.0000000000000002,1.0000000000000002,1.0000000000000002,0.09832187834349397,0.049498186608017435,-0.22248187928012797,"{""1"": 12}"
s0-i12,0,efc5ffff75da33c3,"[[1, 4, 6, 7, 9, 11], [0, 2, 3, 5, 8, 10]]",b_saps_budgeted,1.0000000000000002,1.0000000000000002,1.0000000000000002,0.09832187834349397,0.049498186608017435,-0.22248187928012797,"{""1"": 12}"
s0-i12,0,efc5ffff75da33c3,"[[1, 4, 6, 7, 9, 11], [0, 2, 3, 5, 8, 10]]",random_balanced,1.0000000000000002,1.0000000000000002,1.0000000000000002,0.2846696785450581,5.577374937720063,2.3616466581010935,"{""1"": 12}"
s0-i12,0,98704f9f014420c8,"[[0, 1, 3, 4, 9, 11], [2, 5, 6, 7, 8, 10]]",confidence,1.0000000000000002,1.0000000000000002,1.0000000000000002,0.2846696785450581,3.626305941154249,-1.9042862025321323,"{""1"": 12}"
s0-i12,0,98704f9f014420c8,"[[0, 1, 3, 4, 9, 11], [2, 5, 6, 7, 8, 10]]",entropy,1.0000000000000002,1.0000000000000002,1.0000000000000002,0.2846696785450581,3.626305941154249,-1.9042862025321323,"{""1"": 12}"
s0-i12,0,8160704a7b4547e3,"[[0, 1, 2, 3, 7, 10], [4, 5, 6, 8, 9, 11]]",dependency_cmi,1.0000000000000002,1.0000000000000002,1.0000000000000002,0.2846696785450581,1.415840352990665,-1.1898908996167106,"{""1"": 12}"
s0-i12,0,db449c3e0ba94681,"[[0, 1, 2, 7, 10, 11], [3, 4, 5, 6, 8, 9]]",min_within_batch_tc,1.0000000000000002,1.0000000000000002,1.0000000000000002,0.2846696785450581,2.507632555003444,-1.5835506164955524,"{""1"": 12}"
s0-i12,0,65cd73210213c5d5,"[[0, 1, 2, 3, 4, 5], [6, 7, 8, 9, 10, 11]]",dprm_myopic,1.0000000000000002,1.0000000000000002,1.0000000000000002,0.2846696785450581,0.2754698734069936,-0.5248522395941486,"{""1"": 12}"
s0-i12,0,65cd73210213c5d5,"[[0, 1, 2, 3, 4, 5], [6, 7, 8, 9, 10, 11]]",dprm_rollout,1.0000000000000002,1.0000000000000002,1.0000000000000002,0.2846696785450581,0.2754698734069936,-0.5248522395941486,"{""1"": 12}"
s0-i12,0,efc5ffff75da33c3,"[[1, 4, 6, 7, 9, 11], [0, 2, 3, 5, 8, 10]]",subset_exact,1.0000000000000002,1.0000000000000002,1.0000000000000002,0.2846696785450581,5.577374937720063,2.3616466581010935,"{""1"": 12}"
s0-i12,0,efc5ffff75da33c3,"[[1, 4, 6, 7, 9, 11], [0, 2, 3, 5, 8, 10]]",subset_beam_8,1.0000000000000002,1.0000000000000002,1.0000000000000002,0.2846696785450581,5.577374937720063,2.3616466581010935,"{""1"": 12}"
s0-i12,0,efc5ffff75da33c3,"[[1, 4, 6, 7, 9, 11], [0, 2, 3, 5, 8, 10]]",subset_beam_32,1.0000000000000002,1.0000000000000002,1.0000000000000002,0.2846696785450581,5.577374937720063,2.3616466581010935,"{""1"": 12}"
s0-i12,0,efc5ffff75da33c3,"[[1, 4, 6, 7, 9, 11], [0, 2, 3, 5, 8, 10]]",saps_diagonal,1.0000000000000002,1.0000000000000002,1.0000000000000002,0.2846696785450581,5.577374937720063,2.3616466581010935,"{""1"": 12}"
s0-i12,0,efc5ffff75da33c3,"[[1, 4, 6, 7, 9, 11], [0, 2, 3, 5, 8, 10]]",p_saps_residualized,1.0000000000000002,1.0000000000000002,1.0000000000000002,0.2846696785450581,5.577374937720063,2.3616466581010935,"{""1"": 12}"
s0-i12,0,efc5ffff75da33c3,"[[1, 4, 6, 7, 9, 11], [0, 2, 3, 5, 8, 10]]",p_saps_projection,1.0000000000000002,1.0000000000000002,1.0000000000000002,0.2846696785450581,5.577374937720063,2.3616466581010935,"{""1"": 12}"
s0-i12,0,efc5ffff75da33c3,"[[1, 4, 6, 7, 9, 11], [0, 2, 3, 5, 8, 10]]",b_saps_budgeted,1.0000000000000002,1.0000000000000002,1.0000000000000002,0.2846696785450581,5.577374937720063,2.3616466581010935,"{""1"": 12}"
s0-i12,0,e312cf1ce19ca3b4,"[[4, 6, 7, 11], [0, 1, 8, 9], [2, 3, 5, 10]]",random_balanced,1.0000000000000002,1.0000000000000002,1.0000000000000002,0.01993324391127292,4.596909533948428,2.1440404692888677,"{""1"": 12}"
s0-i12,0,400eb3564f243035,"[[0, 1, 4, 9], [2, 3, 8, 11], [5, 6, 7, 10]]",confidence,1.0000000000000002,1.0000000000000002,1.0000000000000002,0.01993324391127292,4.596909533948428,2.1440404692888677,"{""1"": 12}"
s0-i12,0,f3682d749f1643e3,"[[0, 1, 4, 9], [2, 3, 10, 11], [5, 6, 7, 8]]",entropy,1.0000000000000002,1.0000000000000002,1.0000000000000002,0.01993324391127292,4.596909533948428,2.1440404692888677,"{""1"": 12}"
s0-i12,0,d86df09d30a12cf9,"[[0, 2, 3, 10], [1, 7, 8, 11], [4, 5, 6, 9]]",dependency_cmi,1.0000000000000002,1.0000000000000002,1.0000000000000002,0.01993324391127292,4.596909533948428,2.1440404692888677,"{""1"": 12}"
s0-i12,0,7b6cf8d338d18fd2,"[[0, 1, 2, 7], [4, 5, 8, 9], [3, 6, 10, 11]]",min_within_batch_tc,1.0000000000000002,1.0000000000000002,1.0000000000000002,0.01993324391127292,4.596909533948428,2.1440404692888677,"{""1"": 12}"
s0-i12,0,50e10ab5b359ad31,"[[0, 1, 2, 3], [4, 5, 6, 7], [8, 9, 10, 11]]",dprm_myopic,1.0000000000000002,1.0000000000000002,1.0000000000000002,0.01993324391127292,4.596909533948428,2.1440404692888677,"{""1"": 12}"
s0-i12,0,50e10ab5b359ad31,"[[0, 1, 2, 3], [4, 5, 6, 7], [8, 9, 10, 11]]",dprm_rollout,1.0000000000000002,1.0000000000000002,1.0000000000000002,0.01993324391127292,4.596909533948428,2.1440404692888677,"{""1"": 12}"
s0-i12,0,e312cf1ce19ca3b4,"[[4, 6, 7, 11], [0, 1, 8, 9], [2, 3, 5, 10]]",subset_exact,1.0000000000000002,1.0000000000000002,1.0000000000000002,0.01993324391127292,4.596909533948428,2.1440404692888677,"{""1"": 12}"
s0-i12,0,e312cf1ce19ca3b4,"[[4, 6, 7, 11], [0, 1, 8, 9], [2, 3, 5, 10]]",subset_beam_8,1.0000000000000002,1.0000000000000002,1.0000000000000002,0.01993324391127292,4.596909533948428,2.1440404692888677,"{""1"": 12}"
s0-i12,0,e312cf1ce19ca3b4,"[[4, 6, 7, 11], [0, 1, 8, 9], [2, 3, 5, 10]]",subset_beam_32,1.0000000000000002,1.0000000000000002,1.0000000000000002,0.01993324391127292,4.596909533948428,2.1440404692888677,"{""1"": 12}"
s0-i12,0,e312cf1ce19ca3b4,"[[4, 6, 7, 11], [0, 1, 8, 9], [2, 3, 5, 10]]",saps_diagonal,1.0000000000000002,1.0000000000000002,1.0000000000000002,0.01993324391127292,4.596909533948428,2.1440404692888677,"{""1"": 12}"
s0-i12,0,e312cf1ce19ca3b4,"[[4, 6, 7, 11], [0, 1, 8, 9], [2, 3, 5, 10]]",p_saps_residualized,1.0000000000000002,1.0000000000000002,1.0000000000000002,0.01993324391127292,4.596909533948428,2.1440404692888677,"{""1"": 12}"
s0-i12,0,e312cf1ce19ca3b4,"[[4, 6, 7, 11], [0, 1, 8, 9], [2, 3, 5, 10]]",p_saps_projection,1.0000000000000002,1.0000000000000002,1.0000000000000002,0.01993324391127292,4.596909533948428,2.1440404692888677,"{""1"": 12}"
s0-i12,0,e312cf1ce19ca3b4,"[[4, 6, 7, 11], [0, 1, 8, 9], [2, 3, 5, 10]]",b_saps_budgeted,1.0000000000000002,1.0000000000000002,1.0000000000000002,0.01993324391127292,4.596909533948428,2.1440404692888677,"{""1"": 12}"
s0-i12,0,e312cf1ce19ca3b4,"[[4, 6, 7, 11], [0, 1, 8, 9], [2, 3, 5, 10]]",random_balanced,1.0000000000000002,1.0000000000000002,1.0000000000000002,0.09832187834349397,3.4872008611720604,1.86740484661791,"{""1"": 12}"
s0-i12,0,400eb3564f243035,"[[0, 1, 4, 9], [2, 3, 8, 11], [5, 6, 7, 10]]",confidence,1.0000000000000002,1.0000000000000002,1.0000000000000002,0.09832187834349397,18.838934775054543,4.340384173671098,"{""1"": 12}"
s0-i12,0,f3682d749f1643e3,"[[0, 1, 4, 9], [2, 3, 10, 11], [5, 6, 7, 8]]",entropy,1.0000000000000002,1.0000000000000002,1.0000000000000002,0.09832187834349397,0.049498186608017435,-0.22248187928012797,"{""1"": 12}"
s0-i12,0,d86df09d30a12cf9,"[[0, 2, 3, 10], [1, 7, 8, 11], [4, 5, 6, 9]]",dependency_cmi,1.0000000000000002,1.0000000000000002,1.0000000000000002,0.09832187834349397,31.485761058472782,5.61121743104585,"{""1"": 12}"
s0-i12,0,7b6cf8d338d18fd2,"[[0, 1, 2, 7], [4, 5, 8, 9], [3, 6, 10, 11]]",min_within_batch_tc,1.0000000000000002,1.0000000000000002,1.0000000000000002,0.09832187834349397,4.823925667779458,2.1963437043822305,"{""1"": 12}"
s0-i12,0,50e10ab5b359ad31,"[[0, 1, 2, 3], [4, 5, 6, 7], [8, 9, 10, 11]]",dprm_myopic,1.0000000000000002,1.0000000000000002,1.0000000000000002,0.09832187834349397,4.823925667779458,2.1963437043822305,"{""1"": 12}"
s0-i12,0,50e10ab5b359ad31,"[[0, 1, 2, 3], [4, 5, 6, 7], [8, 9, 10, 11]]",dprm_rollout,1.0000000000000002,1.0000000000000002,1.0000000000000002,0.09832187834349397,4.823925667779458,2.1963437043822305,"{""1"": 12}"
s0-i12,0,e312cf1ce19ca3b4,"[[4, 6, 7, 11], [0, 1, 8, 9], [2, 3, 5, 10]]",subset_exact,1.0000000000000002,1.0000000000000002,1.0000000000000002,0.09832187834349397,3.4872008611720604,1.86740484661791,"{""1"": 12}"
s0-i12,0,e312cf1ce19ca3b4,"[[4, 6, 7, 11], [0, 1, 8, 9], [2, 3, 5, 10]]",subset_beam_8,1.0000000000000002,1.0000000000000002,1.0000000000000002,0.09832187834349397,3.4872008611720604,1.86740484661791,"{""1"": 12}"
s0-i12,0,e312cf1ce19ca3b4,"[[4, 6, 7, 11], [0, 1, 8, 9], [2, 3, 5, 10]]",subset_beam_32,1.0000000000000002,1.0000000000000002,1.0000000000000002,0.09832187834349397,3.4872008611720604,1.86740484661791,"{""1"": 12}"
s0-i12,0,e312cf1ce19ca3b4,"[[4, 6, 7, 11], [0, 1, 8, 9], [2, 3, 5, 10]]",saps_diagonal,1.0000000000000002,1.0000000000000002,1.0000000000000002,0.09832187834349397,3.4872008611720604,1.86740484661791,"{""1"": 12}"
s0-i12,0,e312cf1ce19ca3b4,"[[4, 6, 7, 11], [0, 1, 8, 9], [2, 3, 5, 10]]",p_saps_residualized,1.0000000000000002,1.0000000000000002,1.0000000000000002,0.09832187834349397,3.4872008611720604,1.86740484661791,"{""1"": 12}"
s0-i12,0,e312cf1ce19ca3b4,"[[4, 6, 7, 11], [0, 1, 8, 9], [2, 3, 5, 10]]",p_saps_projection,1.0000000000000002,1.0000000000000002,1.0000000000000002,0.09832187834349397,3.4872008611720604,1.86740484661791,"{""1"": 12}"
s0-i12,0,e312cf1ce19ca3b4,"[[4, 6, 7, 11], [0, 1, 8, 9], [2, 3, 5, 10]]",b_saps_budgeted,1.0000000000000002,1.0000000000000002,1.0000000000000002,0.09832187834349397,3.4872008611720604,1.86740484661791,"{""1"": 12}"
s0-i12,0,e312cf1ce19ca3b4,"[[4, 6, 7, 11], [0, 1, 8, 9], [2, 3, 5, 10]]",random_balanced,1.0000000000000002,1.0000000000000002,1.0000000000000002,0.2846696785450581,11.503642564231782,3.3917020158368545,"{""1"": 12}"
s0-i12,0,400eb3564f243035,"[[0, 1, 4, 9], [2, 3, 8, 11], [5, 6, 7, 10]]",confidence,1.0000000000000002,1.0000000000000002,1.0000000000000002,0.2846696785450581,6.49502661286142,-2.5485342086896576,"{""1"": 12}"
s0-i12,0,f3682d749f1643e3,"[[0, 1, 4, 9], [2, 3, 10, 11], [5, 6, 7, 8]]",entropy,1.0000000000000002,1.0000000000000002,1.0000000000000002,0.2846696785450581,1.415840352990665,-1.1898908996167106,"{""1"": 12}"
s0-i12,0,d86df09d30a12cf9,"[[0, 2, 3, 10], [1, 7, 8, 11], [4, 5, 6, 9]]",dependency_cmi,1.0000000000000002,1.0000000000000002,1.0000000000000002,0.2846696785450581,2.7889665377857087,1.6700199213739064,"{""1"": 12}"
s0-i12,0,7b6cf8d338d18fd2,"[[0, 1, 2, 7], [4, 5, 8, 9], [3, 6, 10, 11]]",min_within_batch_tc,1.0000000000000002,1.0000000000000002,1.0000000000000002,0.2846696785450581,0.3236864266509996,0.5689344660424429,"{""1"": 12}"
s0-i12,0,50e10ab5b359ad31,"[[0, 1, 2, 3], [4, 5, 6, 7], [8, 9, 10, 11]]",dprm_myopic,1.0000000000000002,1.0000000000000002,1.0000000000000002,0.2846696785450581,0.2754698734069936,-0.5248522395941486,"{""1"": 12}"
s0-i12,0,50e10ab5b359ad31,"[[0, 1, 2, 3], [4, 5, 6, 7], [8, 9, 10, 11]]",dprm_rollout,1.0000000000000002,1.0000000000000002,1.0000000000000002,0.2846696785450581,0.2754698734069936,-0.5248522395941486,"{""1"": 12}"
s0-i12,0,e312cf1ce19ca3b4,"[[4, 6, 7, 11], [0, 1, 8, 9], [2, 3, 5, 10]]",subset_exact,1.0000000000000002,1.0000000000000002,1.0000000000000002,0.2846696785450581,11.503642564231782,3.3917020158368545,"{""1"": 12}"
s0-i12,0,e312cf1ce19ca3b4,"[[4, 6, 7, 11], [0, 1, 8, 9], [2, 3, 5, 10]]",subset_beam_8,1.0000000000000002,1.0000000000000002,1.0000000000000002,0.2846696785450581,11.503642564231782,3.3917020158368545,"{""1"": 12}"
s0-i12,0,e312cf1ce19ca3b4,"[[4, 6, 7, 11], [0, 1, 8, 9], [2, 3, 5, 10]]",subset_beam_32,1.0000000000000002,1.0000000000000002,1.0000000000000002,0.2846696785450581,11.503642564231782,3.3917020158368545,"{""1"": 12}"
s0-i12,0,e312cf1ce19ca3b4,"[[4, 6, 7, 11], [0, 1, 8, 9], [2, 3, 5, 10]]",saps_diagonal,1.0000000000000002,1.0000000000000002,1.0000000000000002,0.2846696785450581,11.503642564231782,3.3917020158368545,"{""1"": 12}"
s0-i12,0,e312cf1ce19ca3b4,"[[4, 6, 7, 11], [0, 1, 8, 9], [2, 3, 5, 10]]",p_saps_residualized,1.0000000000000002,1.0000000000000002,1.0000000000000002,0.2846696785450581,11.503642564231782,3.3917020158368545,"{""1"": 12}"
s0-i12,0,e312cf1ce19ca3b4,"[[4, 6, 7, 11], [0, 1, 8, 9], [2, 3, 5, 10]]",p_saps_projection,1.0000000000000002,1.0000000000000002,1.0000000000000002,0.2846696785450581,11.503642564231782,3.3917020158368545,"{""1"": 12}"
s0-i12,0,e312cf1ce19ca3b4,"[[4, 6, 7, 11], [0, 1, 8, 9], [2, 3, 5, 10]]",b_saps_budgeted,1.0000000000000002,1.0000000000000002,1.0000000000000002,0.2846696785450581,11.503642564231782,3.3917020158368545,"{""1"": 12}"
s0-i12,0,c121f3b804f05135,"[[4, 7, 11], [1, 6, 9], [0, 3, 8], [2, 5, 10]]",random_balanced,1.0000000000000002,1.0000000000000002,1.0000000000000002,0.01993324391127292,4.596909533948428,2.1440404692888677,"{""1"": 12}"
s0-i12,0,ce66c6ce90a00361,"[[1, 4, 9], [0, 3, 11], [2, 8, 10], [5, 6, 7]]",confidence,1.0000000000000002,1.0000000000000002,1.0000000000000002,0.01993324391127292,4.596909533948428,2.1440404692888677,"{""1"": 12}"
s0-i12,0,7ca0125500a033f0,"[[0, 1, 4], [3, 9, 11], [2, 8, 10], [5, 6, 7]]",entropy,1.0000000000000002,1.0000000000000002,1.0000000000000002,0.01993324391127292,4.596909533948428,2.1440404692888677,"{""1"": 12}"
s0-i12,0,8d19ab1d8f37449b,"[[0, 2, 3], [1, 7, 9], [4, 5, 8], [6, 10, 11]]",dependency_cmi,1.0000000000000002,1.0000000000000002,1.0000000000000002,0.01993324391127292,4.596909533948428,2.1440404692888677,"{""1"": 12}"
s0-i12,0,285fe205f949f467,"[[0, 1, 2], [4, 5, 7], [6, 8, 9], [3, 10, 11]]",min_within_batch_tc,1.0000000000000002,1.0000000000000002,1.0000000000000002,0.01993324391127292,4.596909533948428,2.1440404692888677,"{""1"": 12}"
s0-i12,0,8f058866e4ab3ff8,"[[0, 1, 2], [3, 4, 5], [6, 7, 8], [9, 10, 11]]",dprm_myopic,1.0000000000000002,1.0000000000000002,1.0000000000000002,0.01993324391127292,4.596909533948428,2.1440404692888677,"{""1"": 12}"
s0-i12,0,8f058866e4ab3ff8,"[[0, 1, 2], [3, 4, 5], [6, 7, 8], [9, 10, 11]]",dprm_rollout,1.0000000000000002,1.0000000000000002,1.0000000000000002,0.01993324391127292,4.596909533948428,2.1440404692888677,"{""1"": 12}"
s0-i12,0,c121f3b804f05135,"[[4, 7, 11], [1, 6, 9], [0, 3, 8], [2, 5, 10]]",subset_exact,1.0000000000000002,1.0000000000000002,1.0000000000000002,0.01993324391127292,4.596909533948428,2.1440404692888677,"{""1"": 12}"
s0-i12,0,c121f3b804f05135,"[[4, 7, 11], [1, 6, 9], [0, 3, 8], [2, 5, 10]]",subset_beam_8,1.0000000000000002,1.0000000000000002,1.0000000000000002,0.01993324391127292,4.596909533948428,2.1440404692888677,"{""1"": 12}"
s0-i12,0,c121f3b804f05135,"[[4, 7, 11], [1, 6, 9], [0, 3, 8], [2, 5, 10]]",subset_beam_32,1.0000000000000002,1.0000000000000002,1.0000000000000002,0.01993324391127292,4.596909533948428,2.1440404692888677,"{""1"": 12}"
s0-i12,0,c121f3b804f05135,"[[4, 7, 11], [1, 6, 9], [0, 3, 8], [2, 5, 10]]",saps_diagonal,1.0000000000000002,1.0000000000000002,1.0000000000000002,0.01993324391127292,4.596909533948428,2.1440404692888677,"{""1"": 12}"
s0-i12,0,c121f3b804f05135,"[[4, 7, 11], [1, 6, 9], [0, 3, 8], [2, 5, 10]]",p_saps_residualized,1.0000000000000002,1.0000000000000002,1.0000000000000002,0.01993324391127292,4.596909533948428,2.1440404692888677,"{""1"": 12}"
s0-i12,0,c121f3b804f05135,"[[4, 7, 11], [1, 6, 9], [0, 3, 8], [2, 5, 10]]",p_saps_projection,1.0000000000000002,1.0000000000000002,1.0000000000000002,0.01993324391127292,4.596909533948428,2.1440404692888677,"{""1"": 12}"
s0-i12,0,c121f3b804f05135,"[[4, 7, 11], [1, 6, 9], [0, 3, 8], [2, 5, 10]]",b_saps_budgeted,1.0000000000000002,1.0000000000000002,1.0000000000000002,0.01993324391127292,4.596909533948428,2.1440404692888677,"{""1"": 12}"
s0-i12,0,c121f3b804f05135,"[[4, 7, 11], [1, 6, 9], [0, 3, 8], [2, 5, 10]]",random_balanced,1.0000000000000002,1.0000000000000002,1.0000000000000002,0.09832187834349397,60.14402510070405,7.755257900334717,"{""1"": 12}"
s0-i12,0,ce66c6ce90a00361,"[[1, 4, 9], [0, 3, 11], [2, 8, 10], [5, 6, 7]]",confidence,1.0000000000000002,1.0000000000000002,1.0000000000000002,0.09832187834349397,3.3178715079452745,1.8215025412953105,"{""1"": 12}"
s0-i12,0,7ca0125500a033f0,"[[0, 1, 4], [3, 9, 11], [2, 8, 10], [5, 6, 7]]",entropy,1.0000000000000002,1.0000000000000002,1.0000000000000002,0.09832187834349397,3.3178715079452745,1.8215025412953105,"{""1"": 12}"
s0-i12,0,8d19ab1d8f37449b,"[[0, 2, 3], [1, 7, 9], [4, 5, 8], [6, 10, 11]]",dependency_cmi,1.0000000000000002,1.0000000000000002,1.0000000000000002,0.09832187834349397,16.67018614312591,4.082913927959529,"{""1"": 12}"
s0-i12,0,285fe205f949f467,"[[0, 1, 2], [4, 5, 7], [6, 8, 9], [3, 10, 11]]",min_within_batch_tc,1.0000000000000002,1.0000000000000002,1.0000000000000002,0.09832187834349397,3.0568955775286026,1.7483980031813702,"{""1"": 12}"
s0-i12,0,8f058866e4ab3ff8,"[[0, 1, 2], [3, 4, 5], [6, 7, 8], [9, 10, 11]]",dprm_myopic,1.0000000000000002,1.0000000000000002,1.0000000000000002,0.09832187834349397,2.946000053802731,1.7163915793905338,"{""1"": 12}"
s0-i12,0,8f058866e4ab3ff8,"[[0, 1, 2], [3, 4, 5], [6, 7, 8], [9, 10, 11]]",dprm_rollout,1.0000000000000002,1.0000000000000002,1.0000000000000002,0.09832187834349397,2.946000053802731,1.7163915793905338,"{""1"": 12}"
s0-i12,0,c121f3b804f05135,"[[4, 7, 11], [1, 6, 9], [0, 3, 8], [2, 5, 10]]",subset_exact,1.0000000000000002,1.0000000000000002,1.0000000000000002,0.09832187834349397,60.14402510070405,7.755257900334717,"{""1"": 12}"
s0-i12,0,c121f3b804f05135,"[[4, 7, 11], [1, 6, 9], [0, 3, 8], [2, 5, 10]]",subset_beam_8,1.0000000000000002,1.0000000000000002,1.0000000000000002,0.09832187834349397,60.14402510070405,7.755257900334717,"{""1"": 12}"
s0-i12,0,c121f3b804f05135,"[[4, 7, 11], [1, 6, 9], [0, 3, 8], [2, 5, 10]]",subset_beam_32,1.0000000000000002,1.0000000000000002,1.0000000000000002,0.09832187834349397,60.14402510070405,7.755257900334717,"{""1"": 12}"
s0-i12,0,c121f3b804f05135,"[[4, 7, 11], [1, 6, 9], [0, 3, 8], [2, 5, 10]]",saps_diagonal,1.0000000000000002,1.0000000000000002,1.0000000000000002,0.09832187834349397,60.14402510070405,7.755257900334717,"{""1"": 12}"
s0-i12,0,c121f3b804f05135,"[[4, 7, 11], [1, 6, 9], [0, 3, 8], [2, 5, 10]]",p_saps_residualized,1.0000000000000002,1.0000000000000002,1.0000000000000002,0.09832187834349397,60.14402510070405,7.755257900334717,"{""1"": 12}"
s0-i12,0,c121f3b804f05135,"[[4, 7, 11], [1, 6, 9], [0, 3, 8], [2, 5, 10]]",p_saps_projection,1.0000000000000002,1.0000000000000002,1.0000000000000002,0.09832187834349397,60.14402510070405,7.755257900334717,"{""1"": 12}"
s0-i12,0,c121f3b804f05135,"[[4, 7, 11], [1, 6, 9], [0, 3, 8], [2, 5, 10]]",b_saps_budgeted,1.0000000000000002,1.0000000000000002,1.0000000000000002,0.09832187834349397,60.14402510070405,7.755257900334717,"{""1"": 12}"
s0-i12,0,c121f3b804f05135,"[[4, 7, 11], [1, 6, 9], [0, 3, 8], [2, 5, 10]]",random_balanced,1.0000000000000002,1.0000000000000002,1.0000000000000002,0.2846696785450581,7.496912500079433,2.7380490317157276,"{""1"": 12}"
s0-i12,0,ce66c6ce90a00361,"[[1, 4, 9], [0, 3, 11], [2, 8, 10], [5, 6, 7]]",confidence,1.0000000000000002,1.0000000000000002,1.0000000000000002,0.2846696785450581,5.577374937720063,2.3616466581010935,"{""1"": 12}"
s0-i12,0,7ca0125500a033f0,"[[0, 1, 4], [3, 9, 11], [2, 8, 10], [5, 6, 7]]",entropy,1.0000000000000002,1.0000000000000002,1.0000000000000002,0.2846696785450581,7.270092493187413,-2.696310904400198,"{""1"": 12}"
s0-i12,0,8d19ab1d8f37449b,"[[0, 2, 3], [1, 7, 9], [4, 5, 8], [6, 10, 11]]",dependency_cmi,1.0000000000000002,1.0000000000000002,1.0000000000000002,0.2846696785450581,1.384461566663554,1.176631448952285,"{""1"": 12}"
s0-i12,0,285fe205f949f467,"[[0, 1, 2], [4, 5, 7], [6, 8, 9], [3, 10, 11]]",min_within_batch_tc,1.0000000000000002,1.0000000000000002,1.0000000000000002,0.2846696785450581,0.4166039089920056,-0.6454486106515418,"{""1"": 12}"
s0-i12,0,8f058866e4ab3ff8,"[[0, 1, 2], [3, 4, 5], [6, 7, 8], [9, 10, 11]]",dprm_myopic,1.0000000000000002,1.0000000000000002,1.0000000000000002,0.2846696785450581,3.651483408973401,-1.9108855038890742,"{""1"": 12}"
s0-i12,0,8f058866e4ab3ff8,"[[0, 1, 2], [3, 4, 5], [6, 7, 8], [9, 10, 11]]",dprm_rollout,1.0000000000000002,1.0000000000000002,1.0000000000000002,0.2846696785450581,3.651483408973401,-1.9108855038890742,"{""1"": 12}"
s0-i12,0,c121f3b804f05135,"[[4, 7, 11], [1, 6, 9], [0, 3, 8], [2, 5, 10]]",subset_exact,1.0000000000000002,1.0000000000000002,1.0000000000000002,0.2846696785450581,7.496912500079433,2.7380490317157276,"{""1"": 12}"
s0-i12,0,c121f3b804f05135,"[[4, 7, 11], [1, 6, 9], [0, 3, 8], [2, 5, 10]]",subset_beam_8,1.0000000000000002,1.0000000000000002,1.0000000000000002,0.2846696785450581,7.496912500079433,2.7380490317157276,"{""1"": 12}"
s0-i12,0,c121f3b804f05135,"[[4, 7, 11], [1, 6, 9], [0, 3, 8], [2, 5, 10]]",subset_beam_32,1.0000000000000002,1.0000000000000002,1.0000000000000002,0.2846696785450581,7.496912500079433,2.7380490317157276,"{""1"": 12}"
s0-i12,0,c121f3b804f05135,"[[4, 7, 11], [1, 6, 9], [0, 3, 8], [2, 5, 10]]",saps_diagonal,1.0000000000000002,1.0000000000000002,1.0000000000000002,0.2846696785450581,7.496912500079433,2.7380490317157276,"{""1"": 12}"
s0-i12,0,c121f3b804f05135,"[[4, 7, 11], [1, 6, 9], [0, 3, 8], [2, 5, 10]]",p_saps_residualized,1.0000000000000002,1.0000000000000002,1.0000000000000002,0.2846696785450581,7.496912500079433,2.7380490317157276,"{""1"": 12}"
s0-i12,0,c121f3b804f05135,"[[4, 7, 11], [1, 6, 9], [0, 3, 8], [2, 5, 10]]",p_saps_projection,1.0000000000000002,1.0000000000000002,1.0000000000000002,0.2846696785450581,7.496912500079433,2.7380490317157276,"{""1"": 12}"
s0-i12,0,c121f3b804f05135,"[[4, 7, 11], [1, 6, 9], [0, 3, 8], [2, 5, 10]]",b_saps_budgeted,1.0000000000000002,1.0000000000000002,1.0000000000000002,0.2846696785450581,7.496912500079433,2.7380490317157276,"{""1"": 12}"
s0-i13,0,2516301160cf1942,"[[0, 1, 2, 3, 4, 5, 6, 7, 8, 9, 10, 11]]",random_balanced,0.0,0.0,0.0,9.966672193000836e-05,0.0,0.0,"{""2"": 11}"
s0-i13,0,2516301160cf1942,"[[0, 1, 2, 3, 4, 5, 6, 7, 8, 9, 10, 11]]",confidence,0.0,0.0,0.0,9.966672193000836e-05,0.0,0.0,"{""2"": 11}"
s0-i13,0,2516301160cf1942,"[[0, 1, 2, 3, 4, 5, 6, 7, 8, 9, 10, 11]]",entropy,0.0,0.0,0.0,9.966672193000836e-05,0.0,0.0,"{""2"": 11}"
s0-i13,0,2516301160cf1942,"[[0, 1, 2, 3, 4, 5, 6, 7, 8, 9, 10, 11]]",dependency_cmi,0.0,0.0,0.0,9.966672193000836e-05,0.0,0.0,"{""2"": 11}"
s0-i13,0,2516301160cf1942,"[[0, 1, 2, 3, 4, 5, 6, 7, 8, 9, 10, 11]]",min_within_batch_tc,0.0,0.0,0.0,9.966672193000836e-05,0.0,0.0,"{""2"": 11}"
s0-i13,0,2516301160cf1942,"[[0, 1, 2, 3, 4, 5, 6, 7, 8, 9, 10, 11]]",dprm_myopic,0.0,0.0,0.0,9.966672193000836e-05,0.0,0.0,"{""2"": 11}"
s0-i13,0,2516301160cf1942,"[[0, 1, 2, 3, 4, 5, 6, 7, 8, 9, 10, 11]]",dprm_rollout,0.0,0.0,0.0,9.966672193000836e-05,0.0,0.0,"{""2"": 11}"
s0-i13,0,2516301160cf1942,"[[0, 1, 2, 3, 4, 5, 6, 7, 8, 9, 10, 11]]",subset_exact,0.0,0.0,0.0,9.966672193000836e-05,0.0,0.0,"{""2"": 11}"
s0-i13,0,2516301160cf1942,"[[0, 1, 2, 3, 4, 5, 6, 7, 8, 9, 10, 11]]",subset_beam_8,0.0,0.0,0.0,9.966672193000836e-05,0.0,0.0,"{""2"": 11}"
s0-i13,0,2516301160cf1942,"[[0, 1, 2, 3, 4, 5, 6, 7, 8, 9, 10, 11]]",subset_beam_32,0.0,0.0,0.0,9.966672193000836e-05,0.0,0.0,"{""2"": 11}"
s0-i13,0,2516301160cf1942,"[[0, 1, 2, 3, 4, 5, 6, 7, 8, 9, 10, 11]]",saps_diagonal,0.0,0.0,0.0,9.966672193000836e-05,0.0,0.0,"{""2"": 11}"
s0-i13,0,2516301160cf1942,"[[0, 1, 2, 3, 4, 5, 6, 7, 8, 9, 10, 11]]",p_saps_residualized,0.0,0.0,0.0,9.966672193000836e-05,0.0,0.0,"{""2"": 11}"
s0-i13,0,2516301160cf1942,"[[0, 1, 2, 3, 4, 5, 6, 7, 8, 9, 10, 11]]",p_saps_projection,0.0,0.0,0.0,9.966672193000836e-05,0.0,0.0,"{""2"": 11}"
s0-i13,0,2516301160cf1942,"[[0, 1, 2, 3, 4, 5, 6, 7, 8, 9, 10, 11]]",b_saps_budgeted,0.0,0.0,0.0,9.966672193000836e-05,0.0,0.0,"{""2"": 11}"
s0-i13,0,2516301160cf1942,"[[0, 1, 2, 3, 4, 5, 6, 7, 8, 9, 10, 11]]",random_balanced,0.0,0.0,0.0,0.0024583671254192222,0.0,0.0,"{""2"": 11}"
s0-i13,0,2516301160cf1942,"[[0, 1, 2, 3, 4, 5, 6, 7, 8, 9, 10, 11]]",confidence,0.0,0.0,0.0,0.0024583671254192222,0.0,0.0,"{""2"": 11}"
s0-i13,0,2516301160cf1942,"[[0, 1, 2, 3, 4, 5, 6, 7, 8, 9, 10, 11]]",entropy,0.0,0.0,0.0,0.0024583671254192222,0.0,0.0,"{""2"": 11}"
s0-i13,0,2516301160cf1942,"[[0, 1, 2, 3, 4, 5, 6, 7, 8, 9, 10, 11]]",dependency_cmi,0.0,0.0,0.0,0.0024583671254192222,0.0,0.0,"{""2"": 11}"
s0-i13,0,2516301160cf1942,"[[0, 1, 2, 3, 4, 5, 6, 7, 8, 9, 10, 11]]",min_within_batch_tc,0.0,0.0,0.0,0.0024583671254192222,0.0,0.0,"{""2"": 11}"
s0-i13,0,2516301160cf1942,"[[0, 1, 2, 3, 4, 5, 6, 7, 8, 9, 10, 11]]",dprm_myopic,0.0,0.0,0.0,0.0024583671254192222,0.0,0.0,"{""2"": 11}"
s0-i13,0,2516301160cf1942,"[[0, 1, 2, 3, 4, 5, 6, 7, 8, 9, 10, 11]]",dprm_rollout,0.0,0.0,0.0,0.0024583671254192222,0.0,0.0,"{""2"": 11}"
s0-i13,0,2516301160cf1942,"[[0, 1, 2, 3, 4, 5, 6, 7, 8, 9, 10, 11]]",subset_exact,0.0,0.0,0.0,0.0024583671254192222,0.0,0.0,"{""2"": 11}"
s0-i13,0,2516301160cf1942,"[[0, 1, 2, 3, 4, 5, 6, 7, 8, 9, 10, 11]]",subset_beam_8,0.0,0.0,0.0,0.0024583671254192222,0.0,0.0,"{""2"": 11}"
s0-i13,0,2516301160cf1942,"[[0, 1, 2, 3, 4, 5, 6, 7, 8, 9, 10, 11]]",subset_beam_32,0.0,0.0,0.0,0.0024583671254192222,0.0,0.0,"{""2"": 11}"
s0-i13,0,2516301160cf1942,"[[0, 1, 2, 3, 4, 5, 6, 7, 8, 9, 10, 11]]",saps_diagonal,0.0,0.0,0.0,0.0024583671254192222,0.0,0.0,"{""2"": 11}"
s0-i13,0,2516301160cf1942,"[[0, 1, 2, 3, 4, 5, 6, 7, 8, 9, 10, 11]]",p_saps_residualized,0.0,0.0,0.0,0.0024583671254192222,0.0,0.0,"{""2"": 11}"
s0-i13,0,2516301160cf1942,"[[0, 1, 2, 3, 4, 5, 6, 7, 8, 9, 10, 11]]",p_saps_projection,0.0,0.0,0.0,0.0024583671254192222,0.0,0.0,"{""2"": 11}"
s0-i13,0,2516301160cf1942,"[[0, 1, 2, 3, 4, 5, 6, 7, 8, 9, 10, 11]]",b_saps_budgeted,0.0,0.0,0.0,0.0024583671254192222,0.0,0.0,"{""2"": 11}"
s0-i13,0,2516301160cf1942,"[[0, 1, 2, 3, 4, 5, 6, 7, 8, 9, 10, 11]]",random_balanced,0.0,0.0,0.0,0.021377575621801634,0.6438870052254773,-0.8024257007508404,"{""2"": 11}"
s0-i13,0,2516301160cf1942,"[[0, 1, 2, 3, 4, 5, 6, 7, 8, 9, 10, 11]]",confidence,0.0,0.0,0.0,0.021377575621801634,0.6438870052254773,-0.8024257007508404,"{""2"": 11}"
s0-i13,0,2516301160cf1942,"[[0, 1, 2, 3, 4, 5, 6, 7, 8, 9, 10, 11]]",entropy,0.0,0.0,0.0,0.021377575621801634,0.6438870052254773,-0.8024257007508404,"{""2"": 11}"
s0-i13,0,2516301160cf1942,"[[0, 1, 2, 3, 4, 5, 6, 7, 8, 9, 10, 11]]",dependency_cmi,0.0,0.0,0.0,0.021377575621801634,0.6438870052254773,-0.8024257007508404,"{""2"": 11}"
s0-i13,0,2516301160cf1942,"[[0, 1, 2, 3, 4, 5, 6, 7, 8, 9, 10, 11]]",min_within_batch_tc,0.0,0.0,0.0,0.021377575621801634,0.6438870052254773,-0.8024257007508404,"{""2"": 11}"
s0-i13,0,2516301160cf1942,"[[0, 1, 2, 3, 4, 5, 6, 7, 8, 9, 10, 11]]",dprm_myopic,0.0,0.0,0.0,0.021377575621801634,0.6438870052254773,-0.8024257007508404,"{""2"": 11}"
s0-i13,0,2516301160cf1942,"[[0, 1, 2, 3, 4, 5, 6, 7, 8, 9, 10, 11]]",dprm_rollout,0.0,0.0,0.0,0.021377575621801634,0.6438870052254773,-0.8024257007508404,"{""2"": 11}"
s0-i13,0,2516301160cf1942,"[[0, 1, 2, 3, 4, 5, 6, 7, 8, 9, 10, 11]]",subset_exact,0.0,0.0,0.0,0.021377575621801634,0.6438870052254773,-0.8024257007508404,"{""2"": 11}"
s0-i13,0,2516301160cf1942,"[[0, 1, 2, 3, 4, 5, 6, 7, 8, 9, 10, 11]]",subset_beam_8,0.0,0.0,0.0,0.021377575621801634,0.6438870052254773,-0.8024257007508404,"{""2"": 11}"
s0-i13,0,2516301160cf1942,"[[0, 1, 2, 3, 4, 5, 6, 7, 8, 9, 10, 11]]",subset_beam_32,0.0,0.0,0.0,0.021377575621801634,0.6438870052254773,-0.8024257007508404,"{""2"": 11}"
s0-i13,0,2516301160cf1942,"[[0, 1, 2, 3, 4, 5, 6, 7, 8, 9, 10, 11]]",saps_diagonal,0.0,0.0,0.0,0.021377575621801634,0.6438870052254773,-0.8024257007508404,"{""2"": 11}"
s0-i13,0,2516301160cf1942,"[[0, 1, 2, 3, 4, 5, 6, 7, 8, 9, 10, 11]]",p_saps_residualized,0.0,0.0,0.0,0.021377575621801634,0.6438870052254773,-0.8024257007508404,"{""2"": 11}"
s0-i13,0,2516301160cf1942,"[[0, 1, 2, 3, 4, 5, 6, 7, 8, 9, 10, 11]]",p_saps_projection,0.0,0.0,0.0,0.021377575621801634,0.6438870052254773,-0.8024257007508404,"{""2"": 11}"
s0-i13,0,2516301160cf1942,"[[0, 1, 2, 3, 4, 5, 6, 7, 8, 9, 10, 11]]",b_saps_budgeted,0.0,0.0,0.0,0.021377575621801634,0.6438870052254773,-0.8024257007508404,"{""2"": 11}"
s0-i13,0,d7445d59dee6f151,"[[0, 2, 4, 5, 7, 11], [1, 3, 6, 8, 9, 10]]",random_balanced,0.5488048800455442,0.5488048800455442,0.5488048800455442,0.010984430672201385,0.0,0.0,"{""1"": 6, ""2"": 5}"
s0-i13,0,3f406689d23fc5d0,"[[0, 1, 2, 4, 5, 6], [3, 7, 8, 9, 10, 11]]",confidence,0.3228114949555766,0.3228114949555766,0.3228114949555766,0.006502173424738617,0.0,0.0,"{""2"": 7, ""1"": 4}"
s0-i13,0,3f406689d23fc5d0,"[[0, 1, 2, 4, 5, 6], [3, 7, 8, 9, 10, 11]]",entropy,0.3228114949555766,0.3228114949555766,0.3228114949555766,0.006502173424738617,0.0,0.0,"{""2"": 7, ""1"": 4}"
s0-i13,0,554a1026528617bb,"[[2, 7, 8, 9, 10, 11], [0, 1, 3, 4, 5, 6]]",dependency_cmi,0.7719161210080839,0.7719161210080839,0.7719161210080839,0.015409524691642003,0.0,0.0,"{""2"": 3, ""1"": 8}"
s0-i13,0,b4e14d5f34c417a0,"[[6, 7, 8, 9, 10, 11], [0, 1, 2, 3, 4, 5]]",min_within_batch_tc,0.613893528043813,0.613893528043813,0.613893528043813,0.012275371396425021,0.0,0.0,"{""2"": 5, ""1"": 6}"
s0-i13,0,65cd73210213c5d5,"[[0, 1, 2, 3, 4, 5], [6, 7, 8, 9, 10, 11]]",dprm_myopic,0.613893528043813,0.613893528043813,0.613893528043813,0.012275371396425021,0.0,0.0,"{""2"": 5, ""1"": 6}"
s0-i13,0,65cd73210213c5d5,"[[0, 1, 2, 3, 4, 5], [6, 7, 8, 9, 10, 11]]",dprm_rollout,0.613893528043813,0.613893528043813,0.613893528043813,0.012275371396425021,0.0,0.0,"{""2"": 5, ""1"": 6}"
s0-i13,0,94ad7379f2a0c810,"[[1, 2, 4, 7, 8, 11], [0, 3, 5, 6, 9, 10]]",subset_exact,0.9577433419856306,0.9577433419856306,0.9577433419856306,0.019095143222781257,0.0,0.0,"{""1"": 10, ""2"": 1}"
s0-i13,0,94ad7379f2a0c810,"[[1, 2, 4, 7, 8, 11], [0, 3, 5, 6, 9, 10]]",subset_beam_8,0.9577433419856306,0.9577433419856306,0.9577433419856306,0.019095143222781257,0.0,0.0,"{""1"": 10, ""2"": 1}"
s0-i13,0,94ad7379f2a0c810,"[[1, 2, 4, 7, 8, 11], [0, 3, 5, 6, 9, 10]]",subset_beam_32,0.9577433419856306,0.9577433419856306,0.9577433419856306,0.019095143222781257,0.0,0.0,"{""1"": 10, ""2"": 1}"
s0-i13,0,94ad7379f2a0c810,"[[1, 2, 4, 7, 8, 11], [0, 3, 5, 6, 9, 10]]",saps_diagonal,0.9577433419856306,0.9577433419856306,0.9577433419856306,0.019095143222781257,0.0,0.0,"{""1"": 10, ""2"": 1}"
s0-i13,0,94ad7379f2a0c810,"[[1, 2, 4, 7, 8, 11], [0, 3, 5, 6, 9, 10]]",p_saps_residualized,0.9577433419856306,0.9577433419856306,0.9577433419856306,0.019095143222781257,0.0,0.0,"{""1"": 10, ""2"": 1}"
s0-i13,0,94ad7379f2a0c810,"[[1, 2, 4, 7, 8, 11], [0, 3, 5, 6, 9, 10]]",p_saps_projection,0.9577433419856306,0.9577433419856306,0.9577433419856306,0.019095143222781257,0.0,0.0,"{""1"": 10, ""2"": 1}"
s0-i13,0,94ad7379f2a0c810,"[[1, 2, 4, 7, 8, 11], [0, 3, 5, 6, 9, 10]]",b_saps_budgeted,0.9577433419856306,0.9577433419856306,0.9577433419856306,0.019095143222781257,0.0,0.0,"{""1"": 10, ""2"": 1}"
s0-i13,0,d7445d59dee6f151,"[[0, 2, 4, 5, 7, 11], [1, 3, 6, 8, 9, 10]]",random_balanced,0.5488048800455442,0.5488048800455442,0.5488048800455442,0.055068729900199405,10.346320379863158,3.2165696603467424,"{""1"": 6, ""2"": 5}"
s0-i13,0,3f406689d23fc5d0,"[[0, 1, 2, 4, 5, 6], [3, 7, 8, 9, 10, 11]]",confidence,0.3228114949555766,0.3228114949555766,0.3228114949555766,0.03340421049341662,0.19827111675088163,-0.4452764498049292,"{""2"": 7, ""1"": 4}"
s0-i13,0,3f406689d23fc5d0,"[[0, 1, 2, 4, 5, 6], [3, 7, 8, 9, 10, 11]]",entropy,0.3228114949555766,0.3228114949555766,0.3228114949555766,0.03340421049341662,0.19827111675088163,-0.4452764498049292,"{""2"": 7, ""1"": 4}"
s0-i13,0,554a1026528617bb,"[[2, 7, 8, 9, 10, 11], [0, 1, 3, 4, 5, 6]]",dependency_cmi,0.7719161210080839,0.7719161210080839,0.7719161210080839,0.07645695685109041,0.0,0.0,"{""2"": 3, ""1"": 8}"
s0-i13,0,b4e14d5f34c417a0,"[[6, 7, 8, 9, 10, 11], [0, 1, 2, 3, 4, 5]]",min_within_batch_tc,0.613893528043813,0.613893528043813,0.613893528043813,0.06130835623775077,0.0,0.0,"{""2"": 5, ""1"": 6}"
s0-i13,0,65cd73210213c5d5,"[[0, 1, 2, 3, 4, 5], [6, 7, 8, 9, 10, 11]]",dprm_myopic,0.613893528043813,0.613893528043813,0.613893528043813,0.06130835623775077,2.4948997007062017,1.5795251503873566,"{""2"": 5, ""1"": 6}"
s0-i13,0,65cd73210213c5d5,"[[0, 1, 2, 3, 4, 5], [6, 7, 8, 9, 10, 11]]",dprm_rollout,0.613893528043813,0.613893528043813,0.613893528043813,0.06130835623775077,2.4948997007062017,1.5795251503873566,"{""2"": 5, ""1"": 6}"
s0-i13,0,94ad7379f2a0c810,"[[1, 2, 4, 7, 8, 11], [0, 3, 5, 6, 9, 10]]",subset_exact,0.9577433419856306,0.9577433419856306,0.9577433419856306,0.09427100673389512,17.560155046326642,4.190483867804128,"{""1"": 10, ""2"": 1}"
s0-i13,0,94ad7379f2a0c810,"[[1, 2, 4, 7, 8, 11], [0, 3, 5, 6, 9, 10]]",subset_beam_8,0.9577433419856306,0.9577433419856306,0.9577433419856306,0.09427100673389512,17.560155046326642,4.190483867804128,"{""1"": 10, ""2"": 1}"
s0-i13,0,94ad7379f2a0c810,"[[1, 2, 4, 7, 8, 11], [0, 3, 5, 6, 9, 10]]",subset_beam_32,0.9577433419856306,0.9577433419856306,0.9577433419856306,0.09427100673389512,17.560155046326642,4.190483867804128,"{""1"": 10, ""2"": 1}"
s0-i13,0,94ad7379f2a0c810,"[[1, 2, 4, 7, 8, 11], [0, 3, 5, 6, 9, 10]]",saps_diagonal,0.9577433419856306,0.9577433419856306,0.9577433419856306,0.09427100673389512,17.560155046326642,4.190483867804128,"{""1"": 10, ""2"": 1}"
s0-i13,0,94ad7379f2a0c810,"[[1, 2, 4, 7, 8, 11], [0, 3, 5, 6, 9, 10]]",p_saps_residualized,0.9577433419856306,0.9577433419856306,0.9577433419856306,0.09427100673389512,17.560155046326642,4.190483867804128,"{""1"": 10, ""2"": 1}"
s0-i13,0,94ad7379f2a0c810,"[[1, 2, 4, 7, 8, 11], [0, 3, 5, 6, 9, 10]]",p_saps_projection,0.9577433419856306,0.9577433419856306,0.9577433419856306,0.09427100673389512,17.560155046326642,4.190483867804128,"{""1"": 10, ""2"": 1}"
s0-i13,0,94ad7379f2a0c810,"[[1, 2, 4, 7, 8, 11], [0, 3, 5, 6, 9, 10]]",b_saps_budgeted,0.9577433419856306,0.9577433419856306,0.9577433419856306,0.09427100673389512,17.560155046326642,4.190483867804128,"{""1"": 10, ""2"": 1}"
s0-i13,0,d7445d59dee6f151,"[[0, 2, 4, 5, 7, 11], [1, 3, 6, 8, 9, 10]]",random_balanced,0.5488048800455442,0.5488048800455442,0.5488048800455442,0.1658735665835384,50.63571272962427,7.115877509458989,"{""1"": 6, ""2"": 5}"
s0-i13,0,3f406689d23fc5d0,"[[0, 1, 2, 4, 5, 6], [3, 7, 8, 9, 10, 11]]",confidence,0.3228114949555766,0.3228114949555766,0.3228114949555766,0.10637129297645558,5.994684304293633,2.4484044405068444,"{""2"": 7, ""1"": 4}"
s0-i13,0,3f406689d23fc5d0,"[[0, 1, 2, 4, 5, 6], [3, 7, 8, 9, 10, 11]]",entropy,0.3228114949555766,0.3228114949555766,0.3228114949555766,0.10637129297645558,5.994684304293633,2.4484044405068444,"{""2"": 7, ""1"": 4}"
s0-i13,0,554a1026528617bb,"[[2, 7, 8, 9, 10, 11], [0, 1, 3, 4, 5, 6]]",dependency_cmi,0.7719161210080839,0.7719161210080839,0.7719161210080839,0.22461699440238292,0.2129090784687298,-0.46142071742470536,"{""2"": 3, ""1"": 8}"
s0-i13,0,b4e14d5f34c417a0,"[[6, 7, 8, 9, 10, 11], [0, 1, 2, 3, 4, 5]]",min_within_batch_tc,0.613893528043813,0.613893528043813,0.613893528043813,0.18301089359143424,32.32388173122918,5.6854095482409335,"{""2"": 5, ""1"": 6}"
s0-i13,0,65cd73210213c5d5,"[[0, 1, 2, 3, 4, 5], [6, 7, 8, 9, 10, 11]]",dprm_myopic,0.613893528043813,0.613893528043813,0.613893528043813,0.18301089359143424,7.679306958672546,2.771156249415133,"{""2"": 5, ""1"": 6}"
s0-i13,0,65cd73210213c5d5,"[[0, 1, 2, 3, 4, 5], [6, 7, 8, 9, 10, 11]]",dprm_rollout,0.613893528043813,0.613893528043813,0.613893528043813,0.18301089359143424,7.679306958672546,2.771156249415133,"{""2"": 5, ""1"": 6}"
s0-i13,0,94ad7379f2a0c810,"[[1, 2, 4, 7, 8, 11], [0, 3, 5, 6, 9, 10]]",subset_exact,0.9577433419856306,0.9577433419856306,0.9577433419856306,0.27354383419394585,0.028408465902222225,0.16854811153561533,"{""1"": 10, ""2"": 1}"
s0-i13,0,94ad7379f2a0c810,"[[1, 2, 4, 7, 8, 11], [0, 3, 5, 6, 9, 10]]",subset_beam_8,0.9577433419856306,0.9577433419856306,0.9577433419856306,0.27354383419394585,0.028408465902222225,0.16854811153561533,"{""1"": 10, ""2"": 1}"
s0-i13,0,94ad7379f2a0c810,"[[1, 2, 4, 7, 8, 11], [0, 3, 5, 6, 9, 10]]",subset_beam_32,0.9577433419856306,0.9577433419856306,0.9577433419856306,0.27354383419394585,0.028408465902222225,0.16854811153561533,"{""1"": 10, ""2"": 1}"
s0-i13,0,94ad7379f2a0c810,"[[1, 2, 4, 7, 8, 11], [0, 3, 5, 6, 9, 10]]",saps_diagonal,0.9577433419856306,0.9577433419856306,0.9577433419856306,0.27354383419394585,0.028408465902222225,0.16854811153561533,"{""1"": 10, ""2"": 1}"
s0-i13,0,94ad7379f2a0c810,"[[1, 2, 4, 7, 8, 11], [0, 3, 5, 6, 9, 10]]",p_saps_residualized,0.9577433419856306,0.9577433419856306,0.9577433419856306,0.27354383419394585,0.028408465902222225,0.16854811153561533,"{""1"": 10, ""2"": 1}"
s0-i13,0,94ad7379f2a0c810,"[[1, 2, 4, 7, 8, 11], [0, 3, 5, 6, 9, 10]]",p_saps_projection,0.9577433419856306,0.9577433419856306,0.9577433419856306,0.27354383419394585,0.028408465902222225,0.16854811153561533,"{""1"": 10, ""2"": 1}"
s0-i13,0,94ad7379f2a0c810,"[[1, 2, 4, 7, 8, 11], [0, 3, 5, 6, 9, 10]]",b_saps_budgeted,0.9577433419856306,0.9577433419856306,0.9577433419856306,0.27354383419394585,0.028408465902222225,0.16854811153561533,"{""1"": 10, ""2"": 1}"
s0-i13,0,e29b2056c160a3e1,"[[0, 2, 5, 7], [3, 4, 9, 11], [1, 6, 8, 10]]",random_balanced,0.7768093626481506,0.7768093626481506,0.7768093626481506,0.015506575177416373,0.0,0.0,"{""1"": 8, ""2"": 3}"
s0-i13,0,13f9a133f5c1ad34,"[[2, 4, 5, 6], [0, 1, 8, 11], [3, 7, 9, 10]]",confidence,0.5525855005451485,0.5525855005451485,0.5525855005451485,0.011059413900703901,0.0,0.0,"{""2"": 4, ""1"": 7}"
s0-i13,0,6337b9c3c424ec70,"[[2, 4, 5, 6], [0, 1, 3, 11], [7, 8, 9, 10]]",entropy,0.5559215795509322,0.5559215795509322,0.5559215795509322,0.011125580281174857,0.0,0.0,"{""2"": 4, ""1"": 7}"
s0-i13,0,2bc09a2e0453c12f,"[[2, 7, 9, 10], [1, 6, 8, 11], [0, 3, 4, 5]]",dependency_cmi,1.0000000000000002,1.0000000000000002,1.0000000000000002,0.01993324391127292,0.0,0.0,"{""1"": 11}"
s0-i13,0,04422af60b70aa9e,"[[8, 9, 10, 11], [4, 5, 6, 7], [0, 1, 2, 3]]",min_within_batch_tc,0.7514125120183331,0.7514125120183331,0.7514125120183331,0.015002864780083676,3.958963170356852,-1.989714343908907,"{""2"": 3, ""1"": 8}"
s0-i13,0,308e8057e39b20e8,"[[1, 2, 3, 4], [0, 5, 6, 7], [8, 9, 10, 11]]",dprm_myopic,0.9062179904074303,0.9062179904074303,0.9062179904074303,0.01807321118504699,0.0,0.0,"{""1"": 9, ""2"": 2}"
s0-i13,0,308e8057e39b20e8,"[[1, 2, 3, 4], [0, 5, 6, 7], [8, 9, 10, 11]]",dprm_rollout,0.9062179904074303,0.9062179904074303,0.9062179904074303,0.01807321118504699,0.0,0.0,"{""1"": 9, ""2"": 2}"
s0-i13,0,0a54fb01e553abae,"[[0, 4, 5, 7], [2, 3, 9, 11], [1, 6, 8, 10]]",subset_exact,1.0000000000000002,1.0000000000000002,1.0000000000000002,0.01993324391127292,0.0,0.0,"{""1"": 11}"
s0-i13,0,0a54fb01e553abae,"[[0, 4, 5, 7], [2, 3, 9, 11], [1, 6, 8, 10]]",subset_beam_8,1.0000000000000002,1.0000000000000002,1.0000000000000002,0.01993324391127292,0.0,0.0,"{""1"": 11}"
s0-i13,0,0a54fb01e553abae,"[[0, 4, 5, 7], [2, 3, 9, 11], [1, 6, 8, 10]]",subset_beam_32,1.0000000000000002,1.0000000000000002,1.0000000000000002,0.01993324391127292,0.0,0.0,"{""1"": 11}"
s0-i13,0,0a54fb01e553abae,"[[0, 4, 5, 7], [2, 3, 9, 11], [1, 6, 8, 10]]",saps_diagonal,1.0000000000000002,1.0000000000000002,1.0000000000000002,0.01993324391127292,0.0,0.0,"{""1"": 11}"
s0-i13,0,0a54fb01e553abae,"[[0, 4, 5, 7], [2, 3, 9, 11], [1, 6, 8, 10]]",p_saps_residualized,1.0000000000000002,1.0000000000000002,1.0000000000000002,0.01993324391127292,0.0,0.0,"{""1"": 11}"
s0-i13,0,0a54fb01e553abae,"[[0, 4, 5, 7], [2, 3, 9, 11], [1, 6, 8, 10]]",p_saps_projection,1.0000000000000002,1.0000000000000002,1.0000000000000002,0.01993324391127292,0.0,0.0,"{""1"": 11}"
s0-i13,0,0a54fb01e553abae,"[[0, 4, 5, 7], [2, 3, 9, 11], [1, 6, 8, 10]]",b_saps_budgeted,1.0000000000000002,1.0000000000000002,1.0000000000000002,0.01993324391127292,0.0,0.0,"{""1"": 11}"
s0-i13,0,e29b2056c160a3e1,"[[0, 2, 5, 7], [3, 4, 9, 11], [1, 6, 8, 10]]",random_balanced,0.7768093626481506,0.7768093626481506,0.7768093626481506,0.07692604017594569,5.846587091128919,2.4179716894804453,"{""1"": 8, ""2"": 3}"
s0-i13,0,13f9a133f5c1ad34,"[[2, 4, 5, 6], [0, 1, 8, 11], [3, 7, 9, 10]]",confidence,0.5525855005451485,0.5525855005451485,0.5525855005451485,0.05543115345587451,14.026578603836226,-3.745207417999199,"{""2"": 4, ""1"": 7}"
s0-i13,0,6337b9c3c424ec70,"[[2, 4, 5, 6], [0, 1, 3, 11], [7, 8, 9, 10]]",entropy,0.5559215795509322,0.5559215795509322,0.5559215795509322,0.05575096170306984,1.5395422232091496,-1.240782907365003,"{""2"": 4, ""1"": 7}"
s0-i13,0,2bc09a2e0453c12f,"[[2, 7, 9, 10], [1, 6, 8, 11], [0, 3, 4, 5]]",dependency_cmi,1.0000000000000002,1.0000000000000002,1.0000000000000002,0.09832187834349397,33.29300407001106,5.770009018191485,"{""1"": 11}"
s0-i13,0,04422af60b70aa9e,"[[8, 9, 10, 11], [4, 5, 6, 7], [0, 1, 2, 3]]",min_within_batch_tc,0.7514125120183331,0.7514125120183331,0.7514125120183331,0.07449140890069042,0.0,0.0,"{""2"": 3, ""1"": 8}"
s0-i13,0,308e8057e39b20e8,"[[1, 2, 3, 4], [0, 5, 6, 7], [8, 9, 10, 11]]",dprm_myopic,0.9062179904074303,0.9062179904074303,0.9062179904074303,0.08933160561486306,17.560155046326642,4.190483867804128,"{""1"": 9, ""2"": 2}"
s0-i13,0,308e8057e39b20e8,"[[1, 2, 3, 4], [0, 5, 6, 7], [8, 9, 10, 11]]",dprm_rollout,0.9062179904074303,0.9062179904074303,0.9062179904074303,0.08933160561486306,17.560155046326642,4.190483867804128,"{""1"": 9, ""2"": 2}"
s0-i13,0,0a54fb01e553abae,"[[0, 4, 5, 7], [2, 3, 9, 11], [1, 6, 8, 10]]",subset_exact,1.0000000000000002,1.0000000000000002,1.0000000000000002,0.09832187834349397,5.846587091128919,2.4179716894804453,"{""1"": 11}"
s0-i13,0,0a54fb01e553abae,"[[0, 4, 5, 7], [2, 3, 9, 11], [1, 6, 8, 10]]",subset_beam_8,1.0000000000000002,1.0000000000000002,1.0000000000000002,0.09832187834349397,5.846587091128919,2.4179716894804453,"{""1"": 11}"
s0-i13,0,0a54fb01e553abae,"[[0, 4, 5, 7], [2, 3, 9, 11], [1, 6, 8, 10]]",subset_beam_32,1.0000000000000002,1.0000000000000002,1.0000000000000002,0.09832187834349397,5.846587091128919,2.4179716894804453,"{""1"": 11}"
s0-i13,0,0a54fb01e553abae,"[[0, 4, 5, 7], [2, 3, 9, 11], [1, 6, 8, 10]]",saps_diagonal,1.0000000000000002,1.0000000000000002,1.0000000000000002,0.09832187834349397,5.846587091128919,2.4179716894804453,"{""1"": 11}"
s0-i13,0,0a54fb01e553abae,"[[0, 4, 5, 7], [2, 3, 9, 11], [1, 6, 8, 10]]",p_saps_residualized,1.0000000000000002,1.0000000000000002,1.0000000000000002,0.09832187834349397,5.846587091128919,2.4179716894804453,"{""1"": 11}"
s0-i13,0,0a54fb01e553abae,"[[0, 4, 5, 7], [2, 3, 9, 11], [1, 6, 8, 10]]",p_saps_projection,1.0000000000000002,1.0000000000000002,1.0000000000000002,0.09832187834349397,5.846587091128919,2.4179716894804453,"{""1"": 11}"
s0-i13,0,0a54fb01e553abae,"[[0, 4, 5, 7], [2, 3, 9, 11], [1, 6, 8, 10]]",b_saps_budgeted,1.0000000000000002,1.0000000000000002,1.0000000000000002,0.09832187834349397,5.846587091128919,2.4179716894804453,"{""1"": 11}"
s0-i13,0,e29b2056c160a3e1,"[[0, 2, 5, 7], [3, 4, 9, 11], [1, 6, 8, 10]]",random_balanced,0.7768093626481506,0.7768093626481506,0.7768093626481506,0.22590534628390774,49.29915607100022,7.021335775406288,"{""1"": 8, ""2"": 3}"
s0-i13,0,13f9a133f5c1ad34,"[[2, 4, 5, 6], [0, 1, 8, 11], [3, 7, 9, 10]]",confidence,0.5525855005451485,0.5525855005451485,0.5525855005451485,0.16686897410523405,140.19571603353762,11.840427189655685,"{""2"": 4, ""1"": 7}"
s0-i13,0,6337b9c3c424ec70,"[[2, 4, 5, 6], [0, 1, 3, 11], [7, 8, 9, 10]]",entropy,0.5559215795509322,0.5559215795509322,0.5559215795509322,0.16774733736218495,91.07442771395793,9.54329228903516,"{""2"": 4, ""1"": 7}"
s0-i13,0,2bc09a2e0453c12f,"[[2, 7, 9, 10], [1, 6, 8, 11], [0, 3, 4, 5]]",dependency_cmi,1.0000000000000002,1.0000000000000002,1.0000000000000002,0.2846696785450581,0.009457673682672002,-0.09725057163159506,"{""1"": 11}"
s0-i13,0,04422af60b70aa9e,"[[8, 9, 10, 11], [4, 5, 6, 7], [0, 1, 2, 3]]",min_within_batch_tc,0.7514125120183331,0.7514125120183331,0.7514125120183331,0.21921855607395524,31.68564188201706,5.629000078345803,"{""2"": 3, ""1"": 8}"
s0-i13,0,308e8057e39b20e8,"[[1, 2, 3, 4], [0, 5, 6, 7], [8, 9, 10, 11]]",dprm_myopic,0.9062179904074303,0.9062179904074303,0.9062179904074303,0.25997761602306135,27.906400185576942,5.282650867280266,"{""1"": 9, ""2"": 2}"
s0-i13,0,308e8057e39b20e8,"[[1, 2, 3, 4], [0, 5, 6, 7], [8, 9, 10, 11]]",dprm_rollout,0.9062179904074303,0.9062179904074303,0.9062179904074303,0.25997761602306135,27.906400185576942,5.282650867280266,"{""1"": 9, ""2"": 2}"
s0-i13,0,0a54fb01e553abae,"[[0, 4, 5, 7], [2, 3, 9, 11], [1, 6, 8, 10]]",subset_exact,1.0000000000000002,1.0000000000000002,1.0000000000000002,0.2846696785450581,66.07033840106037,8.128366281182238,"{""1"": 11}"
s0-i13,0,0a54fb01e553abae,"[[0, 4, 5, 7], [2, 3, 9, 11], [1, 6, 8, 10]]",subset_beam_8,1.0000000000000002,1.0000000000000002,1.0000000000000002,0.2846696785450581,66.07033840106037,8.128366281182238,"{""1"": 11}"
s0-i13,0,0a54fb01e553abae,"[[0, 4, 5, 7], [2, 3, 9, 11], [1, 6, 8, 10]]",subset_beam_32,1.0000000000000002,1.0000000000000002,1.0000000000000002,0.2846696785450581,66.07033840106037,8.128366281182238,"{""1"": 11}"
s0-i13,0,0a54fb01e553abae,"[[0, 4, 5, 7], [2, 3, 9, 11], [1, 6, 8, 10]]",saps_diagonal,1.0000000000000002,1.0000000000000002,1.0000000000000002,0.2846696785450581,66.07033840106037,8.128366281182238,"{""1"": 11}"
s0-i13,0,0a54fb01e553abae,"[[0, 4, 5, 7], [2, 3, 9, 11], [1, 6, 8, 10]]",p_saps_residualized,1.0000000000000002,1.0000000000000002,1.0000000000000002,0.2846696785450581,66.07033840106037,8.128366281182238,"{""1"": 11}"
s0-i13,0,0a54fb01e553abae,"[[0, 4, 5, 7], [2, 3, 9, 11], [1, 6, 8, 10]]",p_saps_projection,1.0000000000000002,1.0000000000000002,1.0000000000000002,0.2846696785450581,66.07033840106037,8.128366281182238,"{""1"": 11}"
s0-i13,0,0a54fb01e553abae,"[[0, 4, 5, 7], [2, 3, 9, 11], [1, 6, 8, 10]]",b_saps_budgeted,1.0000000000000002,1.0000000000000002,1.0000000000000002,0.2846696785450581,66.07033840106037,8.128366281182238,"{""1"": 11}"
s0-i13,0,d332e539dc529ecc,"[[2, 5, 7], [0, 4, 11], [3, 8, 9], [1, 6, 10]]",random_balanced,0.7799805934687675,0.7799805934687675,0.7799805934687675,0.0155694720286823,0.0,0.0,"{""1"": 9, ""2"": 2}"
s0-i13,0,7594d7a26e3fb019,"[[4, 5, 6], [0, 1, 2], [3, 8, 11], [7, 9, 10]]",confidence,0.6781807830254514,0.6781807830254514,0.6781807830254514,0.013550417630394314,0.0,0.0,"{""2"": 3, ""1"": 8}"
s0-i13,0,7594d7a26e3fb019,"[[4, 5, 6], [0, 1, 2], [3, 8, 11], [7, 9, 10]]",entropy,0.6781807830254514,0.6781807830254514,0.6781807830254514,0.013550417630394314,0.0,0.0,"{""2"": 3, ""1"": 8}"
s0-i13,0,31108c9f3a30710d,"[[2, 7, 10], [1, 6, 11], [3, 5, 9], [0, 4, 8]]",dependency_cmi,1.0000000000000002,1.0000000000000002,1.0000000000000002,0.01993324391127292,0.0,0.0,"{""1"": 11}"
s0-i13,0,d50ce47f4429fa5d,"[[8, 10, 11], [6, 7, 9], [3, 4, 5], [0, 1, 2]]",min_within_batch_tc,0.8029378635965334,0.8029378635965334,0.8029378635965334,0.016024796817817943,0.0,0.0,"{""2"": 2, ""1"": 9}"
s0-i13,0,c24e4c616a375428,"[[1, 2, 3], [0, 4, 5], [6, 7, 8], [9, 10, 11]]",dprm_myopic,0.9484746484217998,0.9484746484217998,0.9484746484217998,0.018911311873538655,0.0,0.0,"{""1"": 10, ""2"": 1}"
s0-i13,0,c24e4c616a375428,"[[1, 2, 3], [0, 4, 5], [6, 7, 8], [9, 10, 11]]",dprm_rollout,0.9484746484217998,0.9484746484217998,0.9484746484217998,0.018911311873538655,0.0,0.0,"{""1"": 10, ""2"": 1}"
s0-i13,0,4a70660b01538766,"[[2, 7, 8], [0, 4, 11], [3, 5, 9], [1, 6, 10]]",subset_exact,1.0000000000000002,1.0000000000000002,1.0000000000000002,0.01993324391127292,0.0,0.0,"{""1"": 11}"
s0-i13,0,4a70660b01538766,"[[2, 7, 8], [0, 4, 11], [3, 5, 9], [1, 6, 10]]",subset_beam_8,1.0000000000000002,1.0000000000000002,1.0000000000000002,0.01993324391127292,0.0,0.0,"{""1"": 11}"
s0-i13,0,4a70660b01538766,"[[2, 7, 8], [0, 4, 11], [3, 5, 9], [1, 6, 10]]",subset_beam_32,1.0000000000000002,1.0000000000000002,1.0000000000000002,0.01993324391127292,0.0,0.0,"{""1"": 11}"
s0-i13,0,4a70660b01538766,"[[2, 7, 8], [0, 4, 11], [3, 5, 9], [1, 6, 10]]",saps_diagonal,1.0000000000000002,1.0000000000000002,1.0000000000000002,0.01993324391127292,0.0,0.0,"{""1"": 11}"
s0-i13,0,4a70660b01538766,"[[2, 7, 8], [0, 4, 11], [3, 5, 9], [1, 6, 10]]",p_saps_residualized,1.0000000000000002,1.0000000000000002,1.0000000000000002,0.01993324391127292,0.0,0.0,"{""1"": 11}"
s0-i13,0,4a70660b01538766,"[[2, 7, 8], [0, 4, 11], [3, 5, 9], [1, 6, 10]]",p_saps_projection,1.0000000000000002,1.0000000000000002,1.0000000000000002,0.01993324391127292,0.0,0.0,"{""1"": 11}"
s0-i13,0,4a70660b01538766,"[[2, 7, 8], [0, 4, 11], [3, 5, 9], [1, 6, 10]]",b_saps_budgeted,1.0000000000000002,1.0000000000000002,1.0000000000000002,0.01993324391127292,0.0,0.0,"{""1"": 11}"
s0-i13,0,d332e539dc529ecc,"[[2, 5, 7], [0, 4, 11], [3, 8, 9], [1, 6, 10]]",random_balanced,0.7799805934687675,0.7799805934687675,0.7799805934687675,0.077230045497293,15.66297984202308,3.957648271641011,"{""1"": 9, ""2"": 2}"
s0-i13,0,7594d7a26e3fb019,"[[4, 5, 6], [0, 1, 2], [3, 8, 11], [7, 9, 10]]",confidence,0.6781807830254514,0.6781807830254514,0.6781807830254514,0.06747115822686228,0.19827111675088163,-0.4452764498049292,"{""2"": 3, ""1"": 8}"
s0-i13,0,7594d7a26e3fb019,"[[4, 5, 6], [0, 1, 2], [3, 8, 11], [7, 9, 10]]",entropy,0.6781807830254514,0.6781807830254514,0.6781807830254514,0.06747115822686228,0.19827111675088163,-0.4452764498049292,"{""2"": 3, ""1"": 8}"
s0-i13,0,31108c9f3a30710d,"[[2, 7, 10], [1, 6, 11], [3, 5, 9], [0, 4, 8]]",dependency_cmi,1.0000000000000002,1.0000000000000002,1.0000000000000002,0.09832187834349397,17.560155046326642,4.190483867804128,"{""1"": 11}"
s0-i13,0,d50ce47f4429fa5d,"[[8, 10, 11], [6, 7, 9], [3, 4, 5], [0, 1, 2]]",min_within_batch_tc,0.8029378635965334,0.8029378635965334,0.8029378635965334,0.07943081001972246,0.0,0.0,"{""2"": 2, ""1"": 9}"
s0-i13,0,c24e4c616a375428,"[[1, 2, 3], [0, 4, 5], [6, 7, 8], [9, 10, 11]]",dprm_myopic,0.9484746484217998,0.9484746484217998,0.9484746484217998,0.09338247722446193,33.29300407001106,5.770009018191485,"{""1"": 10, ""2"": 1}"
s0-i13,0,c24e4c616a375428,"[[1, 2, 3], [0, 4, 5], [6, 7, 8], [9, 10, 11]]",dprm_rollout,0.9484746484217998,0.9484746484217998,0.9484746484217998,0.09338247722446193,33.29300407001106,5.770009018191485,"{""1"": 10, ""2"": 1}"
s0-i13,0,4a70660b01538766,"[[2, 7, 8], [0, 4, 11], [3, 5, 9], [1, 6, 10]]",subset_exact,1.0000000000000002,1.0000000000000002,1.0000000000000002,0.09832187834349397,5.846587091128919,2.4179716894804453,"{""1"": 11}"
s0-i13,0,4a70660b01538766,"[[2, 7, 8], [0, 4, 11], [3, 5, 9], [1, 6, 10]]",subset_beam_8,1.0000000000000002,1.0000000000000002,1.0000000000000002,0.09832187834349397,5.846587091128919,2.4179716894804453,"{""1"": 11}"
s0-i13,0,4a70660b01538766,"[[2, 7, 8], [0, 4, 11], [3, 5, 9], [1, 6, 10]]",subset_beam_32,1.0000000000000002,1.0000000000000002,1.0000000000000002,0.09832187834349397,5.846587091128919,2.4179716894804453,"{""1"": 11}"
s0-i13,0,4a70660b01538766,"[[2, 7, 8], [0, 4, 11], [3, 5, 9], [1, 6, 10]]",saps_diagonal,1.0000000000000002,1.0000000000000002,1.0000000000000002,0.09832187834349397,5.846587091128919,2.4179716894804453,"{""1"": 11}"
s0-i13,0,4a70660b01538766,"[[2, 7, 8], [0, 4, 11], [3, 5, 9], [1, 6, 10]]",p_saps_residualized,1.0000000000000002,1.0000000000000002,1.0000000000000002,0.09832187834349397,5.846587091128919,2.4179716894804453,"{""1"": 11}"
s0-i13,0,4a70660b01538766,"[[2, 7, 8], [0, 4, 11], [3, 5, 9], [1, 6, 10]]",p_saps_projection,1.0000000000000002,1.0000000000000002,1.0000000000000002,0.09832187834349397,5.846587091128919,2.4179716894804453,"{""1"": 11}"
s0-i13,0,4a70660b01538766,"[[2, 7, 8], [0, 4, 11], [3, 5, 9], [1, 6, 10]]",b_saps_budgeted,1.0000000000000002,1.0000000000000002,1.0000000000000002,0.09832187834349397,5.846587091128919,2.4179716894804453,"{""1"": 11}"
s0-i13,0,d332e539dc529ecc,"[[2, 5, 7], [0, 4, 11], [3, 8, 9], [1, 6, 10]]",random_balanced,0.7799805934687675,0.7799805934687675,0.7799805934687675,0.22674030631552297,87.5833922732016,9.358599909879768,"{""1"": 9, ""2"": 2}"
s0-i13,0,7594d7a26e3fb019,"[[4, 5, 6], [0, 1, 2], [3, 8, 11], [7, 9, 10]]",confidence,0.6781807830254514,0.6781807830254514,0.6781807830254514,0.1999372201467134,10.401001319555698,3.2250583435894145,"{""2"": 3, ""1"": 8}"
s0-i13,0,7594d7a26e3fb019,"[[4, 5, 6], [0, 1, 2], [3, 8, 11], [7, 9, 10]]",entropy,0.6781807830254514,0.6781807830254514,0.6781807830254514,0.1999372201467134,10.401001319555698,3.2250583435894145,"{""2"": 3, ""1"": 8}"
s0-i13,0,31108c9f3a30710d,"[[2, 7, 10], [1, 6, 11], [3, 5, 9], [0, 4, 8]]",dependency_cmi,1.0000000000000002,1.0000000000000002,1.0000000000000002,0.2846696785450581,30.373870755093836,5.511249473131645,"{""1"": 11}"
s0-i13,0,d50ce47f4429fa5d,"[[8, 10, 11], [6, 7, 9], [3, 4, 5], [0, 1, 2]]",min_within_batch_tc,0.8029378635965334,0.8029378635965334,0.8029378635965334,0.23278477424483973,9.59213944711338,3.0971179259294246,"{""2"": 2, ""1"": 9}"
s0-i13,0,c24e4c616a375428,"[[1, 2, 3], [0, 4, 5], [6, 7, 8], [9, 10, 11]]",dprm_myopic,0.9484746484217998,0.9484746484217998,0.9484746484217998,0.2711034603741736,14.638211739104364,3.8259916020692417,"{""1"": 10, ""2"": 1}"
s0-i13,0,c24e4c616a375428,"[[1, 2, 3], [0, 4, 5], [6, 7, 8], [9, 10, 11]]",dprm_rollout,0.9484746484217998,0.9484746484217998,0.9484746484217998,0.2711034603741736,14.638211739104364,3.8259916020692417,"{""1"": 10, ""2"": 1}"
s0-i13,0,4a70660b01538766,"[[2, 7, 8], [0, 4, 11], [3, 5, 9], [1, 6, 10]]",subset_exact,1.0000000000000002,1.0000000000000002,1.0000000000000002,0.2846696785450581,77.11617968644812,8.781581844203703,"{""1"": 11}"
s0-i13,0,4a70660b01538766,"[[2, 7, 8], [0, 4, 11], [3, 5, 9], [1, 6, 10]]",subset_beam_8,1.0000000000000002,1.0000000000000002,1.0000000000000002,0.2846696785450581,77.11617968644812,8.781581844203703,"{""1"": 11}"
s0-i13,0,4a70660b01538766,"[[2, 7, 8], [0, 4, 11], [3, 5, 9], [1, 6, 10]]",subset_beam_32,1.0000000000000002,1.0000000000000002,1.0000000000000002,0.2846696785450581,77.11617968644812,8.781581844203703,"{""1"": 11}"
s0-i13,0,4a70660b01538766,"[[2, 7, 8], [0, 4, 11], [3, 5, 9], [1, 6, 10]]",saps_diagonal,1.0000000000000002,1.0000000000000002,1.0000000000000002,0.2846696785450581,77.11617968644812,8.781581844203703,"{""1"": 11}"
s0-i13,0,4a70660b01538766,"[[2, 7, 8], [0, 4, 11], [3, 5, 9], [1, 6, 10]]",p_saps_residualized,1.0000000000000002,1.0000000000000002,1.0000000000000002,0.2846696785450581,77.11617968644812,8.781581844203703,"{""1"": 11}"
s0-i13,0,4a70660b01538766,"[[2, 7, 8], [0, 4, 11], [3, 5, 9], [1, 6, 10]]",p_saps_projection,1.0000000000000002,1.0000000000000002,1.0000000000000002,0.2846696785450581,77.11617968644812,8.781581844203703,"{""1"": 11}"
s0-i13,0,4a70660b01538766,"[[2, 7, 8], [0, 4, 11], [3, 5, 9], [1, 6, 10]]",b_saps_budgeted,1.0000000000000002,1.0000000000000002,1.0000000000000002,0.2846696785450581,77.11617968644812,8.781581844203703,"{""1"": 11}"
s0-i14,0,2516301160cf1942,"[[0, 1, 2, 3, 4, 5, 6, 7, 8, 9, 10, 11]]",random_balanced,0.0,0.0,0.0,2.953093001089847e-07,0.0,0.0,"{""3"": 1}"
s0-i14,0,2516301160cf1942,"[[0, 1, 2, 3, 4, 5, 6, 7, 8, 9, 10, 11]]",confidence,0.0,0.0,0.0,2.953093001089847e-07,0.0,0.0,"{""3"": 1}"
s0-i14,0,2516301160cf1942,"[[0, 1, 2, 3, 4, 5, 6, 7, 8, 9, 10, 11]]",entropy,0.0,0.0,0.0,2.953093001089847e-07,0.0,0.0,"{""3"": 1}"
s0-i14,0,2516301160cf1942,"[[0, 1, 2, 3, 4, 5, 6, 7, 8, 9, 10, 11]]",dependency_cmi,0.0,0.0,0.0,2.953093001089847e-07,0.0,0.0,"{""3"": 1}"
s0-i14,0,2516301160cf1942,"[[0, 1, 2, 3, 4, 5, 6, 7, 8, 9, 10, 11]]",min_within_batch_tc,0.0,0.0,0.0,2.953093001089847e-07,0.0,0.0,"{""3"": 1}"
s0-i14,0,2516301160cf1942,"[[0, 1, 2, 3, 4, 5, 6, 7, 8, 9, 10, 11]]",dprm_myopic,0.0,0.0,0.0,2.953093001089847e-07,0.0,0.0,"{""3"": 1}"
s0-i14,0,2516301160cf1942,"[[0, 1, 2, 3, 4, 5, 6, 7, 8, 9, 10, 11]]",dprm_rollout,0.0,0.0,0.0,2.953093001089847e-07,0.0,0.0,"{""3"": 1}"
s0-i14,0,2516301160cf1942,"[[0, 1, 2, 3, 4, 5, 6, 7, 8, 9, 10, 11]]",subset_exact,0.0,0.0,0.0,2.953093001089847e-07,0.0,0.0,"{""3"": 1}"
s0-i14,0,2516301160cf1942,"[[0, 1, 2, 3, 4, 5, 6, 7, 8, 9, 10, 11]]",subset_beam_8,0.0,0.0,0.0,2.953093001089847e-07,0.0,0.0,"{""3"": 1}"
s0-i14,0,2516301160cf1942,"[[0, 1, 2, 3, 4, 5, 6, 7, 8, 9, 10, 11]]",subset_beam_32,0.0,0.0,0.0,2.953093001089847e-07,0.0,0.0,"{""3"": 1}"
s0-i14,0,2516301160cf1942,"[[0, 1, 2, 3, 4, 5, 6, 7, 8, 9, 10, 11]]",saps_diagonal,0.0,0.0,0.0,2.953093001089847e-07,0.0,0.0,"{""3"": 1}"
s0-i14,0,2516301160cf1942,"[[0, 1, 2, 3, 4, 5, 6, 7, 8, 9, 10, 11]]",p_saps_residualized,0.0,0.0,0.0,2.953093001089847e-07,0.0,0.0,"{""3"": 1}"
s0-i14,0,2516301160cf1942,"[[0, 1, 2, 3, 4, 5, 6, 7, 8, 9, 10, 11]]",p_saps_projection,0.0,0.0,0.0,2.953093001089847e-07,0.0,0.0,"{""3"": 1}"
s0-i14,0,2516301160cf1942,"[[0, 1, 2, 3, 4, 5, 6, 7, 8, 9, 10, 11]]",b_saps_budgeted,0.0,0.0,0.0,2.953093001089847e-07,0.0,0.0,"{""3"": 1}"
s0-i14,0,2516301160cf1942,"[[0, 1, 2, 3, 4, 5, 6, 7, 8, 9, 10, 11]]",random_balanced,0.0,0.0,0.0,3.642180593392726e-05,0.0,0.0,"{""3"": 1}"
s0-i14,0,2516301160cf1942,"[[0, 1, 2, 3, 4, 5, 6, 7, 8, 9, 10, 11]]",confidence,0.0,0.0,0.0,3.642180593392726e-05,0.0,0.0,"{""3"": 1}"
s0-i14,0,2516301160cf1942,"[[0, 1, 2, 3, 4, 5, 6, 7, 8, 9, 10, 11]]",entropy,0.0,0.0,0.0,3.642180593392726e-05,0.0,0.0,"{""3"": 1}"
s0-i14,0,2516301160cf1942,"[[0, 1, 2, 3, 4, 5, 6, 7, 8, 9, 10, 11]]",dependency_cmi,0.0,0.0,0.0,3.642180593392726e-05,0.0,0.0,"{""3"": 1}"
s0-i14,0,2516301160cf1942,"[[0, 1, 2, 3, 4, 5, 6, 7, 8, 9, 10, 11]]",min_within_batch_tc,0.0,0.0,0.0,3.642180593392726e-05,0.0,0.0,"{""3"": 1}"
s0-i14,0,2516301160cf1942,"[[0, 1, 2, 3, 4, 5, 6, 7, 8, 9, 10, 11]]",dprm_myopic,0.0,0.0,0.0,3.642180593392726e-05,0.0,0.0,"{""3"": 1}"
s0-i14,0,2516301160cf1942,"[[0, 1, 2, 3, 4, 5, 6, 7, 8, 9, 10, 11]]",dprm_rollout,0.0,0.0,0.0,3.642180593392726e-05,0.0,0.0,"{""3"": 1}"
s0-i14,0,2516301160cf1942,"[[0, 1, 2, 3, 4, 5, 6, 7, 8, 9, 10, 11]]",subset_exact,0.0,0.0,0.0,3.642180593392726e-05,0.0,0.0,"{""3"": 1}"
s0-i14,0,2516301160cf1942,"[[0, 1, 2, 3, 4, 5, 6, 7, 8, 9, 10, 11]]",subset_beam_8,0.0,0.0,0.0,3.642180593392726e-05,0.0,0.0,"{""3"": 1}"
s0-i14,0,2516301160cf1942,"[[0, 1, 2, 3, 4, 5, 6, 7, 8, 9, 10, 11]]",subset_beam_32,0.0,0.0,0.0,3.642180593392726e-05,0.0,0.0,"{""3"": 1}"
s0-i14,0,2516301160cf1942,"[[0, 1, 2, 3, 4, 5, 6, 7, 8, 9, 10, 11]]",saps_diagonal,0.0,0.0,0.0,3.642180593392726e-05,0.0,0.0,"{""3"": 1}"
s0-i14,0,2516301160cf1942,"[[0, 1, 2, 3, 4, 5, 6, 7, 8, 9, 10, 11]]",p_saps_residualized,0.0,0.0,0.0,3.642180593392726e-05,0.0,0.0,"{""3"": 1}"
s0-i14,0,2516301160cf1942,"[[0, 1, 2, 3, 4, 5, 6, 7, 8, 9, 10, 11]]",p_saps_projection,0.0,0.0,0.0,3.642180593392726e-05,0.0,0.0,"{""3"": 1}"
s0-i14,0,2516301160cf1942,"[[0, 1, 2, 3, 4, 5, 6, 7, 8, 9, 10, 11]]",b_saps_budgeted,0.0,0.0,0.0,3.642180593392726e-05,0.0,0.0,"{""3"": 1}"
s0-i14,0,2516301160cf1942,"[[0, 1, 2, 3, 4, 5, 6, 7, 8, 9, 10, 11]]",random_balanced,0.0,0.0,0.0,0.000950496452247564,0.0,0.0,"{""3"": 1}"
s0-i14,0,2516301160cf1942,"[[0, 1, 2, 3, 4, 5, 6, 7, 8, 9, 10, 11]]",confidence,0.0,0.0,0.0,0.000950496452247564,0.0,0.0,"{""3"": 1}"
s0-i14,0,2516301160cf1942,"[[0, 1, 2, 3, 4, 5, 6, 7, 8, 9, 10, 11]]",entropy,0.0,0.0,0.0,0.000950496452247564,0.0,0.0,"{""3"": 1}"
s0-i14,0,2516301160cf1942,"[[0, 1, 2, 3, 4, 5, 6, 7, 8, 9, 10, 11]]",dependency_cmi,0.0,0.0,0.0,0.000950496452247564,0.0,0.0,"{""3"": 1}"
s0-i14,0,2516301160cf1942,"[[0, 1, 2, 3, 4, 5, 6, 7, 8, 9, 10, 11]]",min_within_batch_tc,0.0,0.0,0.0,0.000950496452247564,0.0,0.0,"{""3"": 1}"
s0-i14,0,2516301160cf1942,"[[0, 1, 2, 3, 4, 5, 6, 7, 8, 9, 10, 11]]",dprm_myopic,0.0,0.0,0.0,0.000950496452247564,0.0,0.0,"{""3"": 1}"
s0-i14,0,2516301160cf1942,"[[0, 1, 2, 3, 4, 5, 6, 7, 8, 9, 10, 11]]",dprm_rollout,0.0,0.0,0.0,0.000950496452247564,0.0,0.0,"{""3"": 1}"
s0-i14,0,2516301160cf1942,"[[0, 1, 2, 3, 4, 5, 6, 7, 8, 9, 10, 11]]",subset_exact,0.0,0.0,0.0,0.000950496452247564,0.0,0.0,"{""3"": 1}"
s0-i14,0,2516301160cf1942,"[[0, 1, 2, 3, 4, 5, 6, 7, 8, 9, 10, 11]]",subset_beam_8,0.0,0.0,0.0,0.000950496452247564,0.0,0.0,"{""3"": 1}"
s0-i14,0,2516301160cf1942,"[[0, 1, 2, 3, 4, 5, 6, 7, 8, 9, 10, 11]]",subset_beam_32,0.0,0.0,0.0,0.000950496452247564,0.0,0.0,"{""3"": 1}"
s0-i14,0,2516301160cf1942,"[[0, 1, 2, 3, 4, 5, 6, 7, 8, 9, 10, 11]]",saps_diagonal,0.0,0.0,0.0,0.000950496452247564,0.0,0.0,"{""3"": 1}"
s0-i14,0,2516301160cf1942,"[[0, 1, 2, 3, 4, 5, 6, 7, 8, 9, 10, 11]]",p_saps_residualized,0.0,0.0,0.0,0.000950496452247564,0.0,0.0,"{""3"": 1}"
s0-i14,0,2516301160cf1942,"[[0, 1, 2, 3, 4, 5, 6, 7, 8, 9, 10, 11]]",p_saps_projection,0.0,0.0,0.0,0.000950496452247564,0.0,0.0,"{""3"": 1}"
s0-i14,0,2516301160cf1942,"[[0, 1, 2, 3, 4, 5, 6, 7, 8, 9, 10, 11]]",b_saps_budgeted,0.0,0.0,0.0,0.000950496452247564,0.0,0.0,"{""3"": 1}"
s0-i14,0,17a644ec2eda96d2,"[[0, 4, 5, 6, 8, 10], [1, 2, 3, 7, 9, 11]]",random_balanced,1.0,1.0,1.0,0.019933243911272918,0.0,0.0,"{""1"": 1}"
s0-i14,0,ec07873d936d238e,"[[2, 3, 4, 6, 9, 11], [0, 1, 5, 7, 8, 10]]",confidence,1.0,1.0,1.0,0.019933243911272918,0.0,0.0,"{""1"": 1}"
s0-i14,0,041c11d054f6a398,"[[1, 2, 3, 4, 9, 11], [0, 5, 6, 7, 8, 10]]",entropy,1.0,1.0,1.0,0.019933243911272918,0.0,0.0,"{""1"": 1}"
s0-i14,0,8e310bfa0e071c10,"[[0, 1, 2, 5, 6, 8], [3, 4, 7, 9, 10, 11]]",dependency_cmi,0.0,0.0,0.0,2.953093001089847e-07,0.0,0.0,"{""3"": 1}"
s0-i14,0,c13dd8cadec10613,"[[1, 3, 5, 6, 8, 9], [0, 2, 4, 7, 10, 11]]",min_within_batch_tc,0.0,0.0,0.0,9.966672193000835e-05,0.0,0.0,"{""2"": 1}"
s0-i14,0,7f48742953ab4a12,"[[0, 1, 2, 4, 9, 10], [3, 5, 6, 7, 8, 11]]",dprm_myopic,0.0,0.0,0.0,2.953093001089847e-07,0.0,0.0,"{""3"": 1}"
s0-i14,0,7f48742953ab4a12,"[[0, 1, 2, 4, 9, 10], [3, 5, 6, 7, 8, 11]]",dprm_rollout,0.0,0.0,0.0,2.953093001089847e-07,0.0,0.0,"{""3"": 1}"
s0-i14,0,17a644ec2eda96d2,"[[0, 4, 5, 6, 8, 10], [1, 2, 3, 7, 9, 11]]",subset_exact,1.0,1.0,1.0,0.019933243911272918,0.0,0.0,"{""1"": 1}"
s0-i14,0,17a644ec2eda96d2,"[[0, 4, 5, 6, 8, 10], [1, 2, 3, 7, 9, 11]]",subset_beam_8,1.0,1.0,1.0,0.019933243911272918,0.0,0.0,"{""1"": 1}"
s0-i14,0,17a644ec2eda96d2,"[[0, 4, 5, 6, 8, 10], [1, 2, 3, 7, 9, 11]]",subset_beam_32,1.0,1.0,1.0,0.019933243911272918,0.0,0.0,"{""1"": 1}"
s0-i14,0,17a644ec2eda96d2,"[[0, 4, 5, 6, 8, 10], [1, 2, 3, 7, 9, 11]]",saps_diagonal,1.0,1.0,1.0,0.019933243911272918,0.0,0.0,"{""1"": 1}"
s0-i14,0,17a644ec2eda96d2,"[[0, 4, 5, 6, 8, 10], [1, 2, 3, 7, 9, 11]]",p_saps_residualized,1.0,1.0,1.0,0.019933243911272918,0.0,0.0,"{""1"": 1}"
s0-i14,0,17a644ec2eda96d2,"[[0, 4, 5, 6, 8, 10], [1, 2, 3, 7, 9, 11]]",p_saps_projection,1.0,1.0,1.0,0.019933243911272918,0.0,0.0,"{""1"": 1}"
s0-i14,0,17a644ec2eda96d2,"[[0, 4, 5, 6, 8, 10], [1, 2, 3, 7, 9, 11]]",b_saps_budgeted,1.0,1.0,1.0,0.019933243911272918,0.0,0.0,"{""1"": 1}"
s0-i14,0,17a644ec2eda96d2,"[[0, 4, 5, 6, 8, 10], [1, 2, 3, 7, 9, 11]]",random_balanced,1.0,1.0,1.0,0.09832187834349396,1.0,1.0,"{""1"": 1}"
s0-i14,0,ec07873d936d238e,"[[2, 3, 4, 6, 9, 11], [0, 1, 5, 7, 8, 10]]",confidence,1.0,1.0,1.0,0.09832187834349396,1.0,1.0,"{""1"": 1}"
s0-i14,0,041c11d054f6a398,"[[1, 2, 3, 4, 9, 11], [0, 5, 6, 7, 8, 10]]",entropy,1.0,1.0,1.0,0.09832187834349396,1.0,1.0,"{""1"": 1}"
s0-i14,0,8e310bfa0e071c10,"[[0, 1, 2, 5, 6, 8], [3, 4, 7, 9, 10, 11]]",dependency_cmi,0.0,0.0,0.0,3.642180593392726e-05,0.0,0.0,"{""3"": 1}"
s0-i14,0,c13dd8cadec10613,"[[1, 3, 5, 6, 8, 9], [0, 2, 4, 7, 10, 11]]",min_within_batch_tc,0.0,0.0,0.0,0.002458367125419222,0.0,0.0,"{""2"": 1}"
s0-i14,0,7f48742953ab4a12,"[[0, 1, 2, 4, 9, 10], [3, 5, 6, 7, 8, 11]]",dprm_myopic,0.0,0.0,0.0,3.642180593392726e-05,0.0,0.0,"{""3"": 1}"
s0-i14,0,7f48742953ab4a12,"[[0, 1, 2, 4, 9, 10], [3, 5, 6, 7, 8, 11]]",dprm_rollout,0.0,0.0,0.0,3.642180593392726e-05,0.0,0.0,"{""3"": 1}"
s0-i14,0,17a644ec2eda96d2,"[[0, 4, 5, 6, 8, 10], [1, 2, 3, 7, 9, 11]]",subset_exact,1.0,1.0,1.0,0.09832187834349396,1.0,1.0,"{""1"": 1}"
s0-i14,0,17a644ec2eda96d2,"[[0, 4, 5, 6, 8, 10], [1, 2, 3, 7, 9, 11]]",subset_beam_8,1.0,1.0,1.0,0.09832187834349396,1.0,1.0,"{""1"": 1}"
s0-i14,0,17a644ec2eda96d2,"[[0, 4, 5, 6, 8, 10], [1, 2, 3, 7, 9, 11]]",subset_beam_32,1.0,1.0,1.0,0.09832187834349396,1.0,1.0,"{""1"": 1}"
s0-i14,0,17a644ec2eda96d2,"[[0, 4, 5, 6, 8, 10], [1, 2, 3, 7, 9, 11]]",saps_diagonal,1.0,1.0,1.0,0.09832187834349396,1.0,1.0,"{""1"": 1}"
s0-i14,0,17a644ec2eda96d2,"[[0, 4, 5, 6, 8, 10], [1, 2, 3, 7, 9, 11]]",p_saps_residualized,1.0,1.0,1.0,0.09832187834349396,1.0,1.0,"{""1"": 1}"
s0-i14,0,17a644ec2eda96d2,"[[0, 4, 5, 6, 8, 10], [1, 2, 3, 7, 9, 11]]",p_saps_projection,1.0,1.0,1.0,0.09832187834349396,1.0,1.0,"{""1"": 1}"
s0-i14,0,17a644ec2eda96d2,"[[0, 4, 5, 6, 8, 10], [1, 2, 3, 7, 9, 11]]",b_saps_budgeted,1.0,1.0,1.0,0.09832187834349396,1.0,1.0,"{""1"": 1}"
s0-i14,0,17a644ec2eda96d2,"[[0, 4, 5, 6, 8, 10], [1, 2, 3, 7, 9, 11]]",random_balanced,1.0,1.0,1.0,0.28466967854505804,0.0,0.0,"{""1"": 1}"
s0-i14,0,ec07873d936d238e,"[[2, 3, 4, 6, 9, 11], [0, 1, 5, 7, 8, 10]]",confidence,1.0,1.0,1.0,0.28466967854505804,1.0,1.0,"{""1"": 1}"
s0-i14,0,041c11d054f6a398,"[[1, 2, 3, 4, 9, 11], [0, 5, 6, 7, 8, 10]]",entropy,1.0,1.0,1.0,0.28466967854505804,1.0,1.0,"{""1"": 1}"
s0-i14,0,8e310bfa0e071c10,"[[0, 1, 2, 5, 6, 8], [3, 4, 7, 9, 10, 11]]",dependency_cmi,0.0,0.0,0.0,0.000950496452247564,0.0,0.0,"{""3"": 1}"
s0-i14,0,c13dd8cadec10613,"[[1, 3, 5, 6, 8, 9], [0, 2, 4, 7, 10, 11]]",min_within_batch_tc,0.0,0.0,0.0,0.02137757562180163,1.0,1.0,"{""2"": 1}"
s0-i14,0,7f48742953ab4a12,"[[0, 1, 2, 4, 9, 10], [3, 5, 6, 7, 8, 11]]",dprm_myopic,0.0,0.0,0.0,0.000950496452247564,0.0,0.0,"{""3"": 1}"
s0-i14,0,7f48742953ab4a12,"[[0, 1, 2, 4, 9, 10], [3, 5, 6, 7, 8, 11]]",dprm_rollout,0.0,0.0,0.0,0.000950496452247564,0.0,0.0,"{""3"": 1}"
s0-i14,0,17a644ec2eda96d2,"[[0, 4, 5, 6, 8, 10], [1, 2, 3, 7, 9, 11]]",subset_exact,1.0,1.0,1.0,0.28466967854505804,0.0,0.0,"{""1"": 1}"
s0-i14,0,17a644ec2eda96d2,"[[0, 4, 5, 6, 8, 10], [1, 2, 3, 7, 9, 11]]",subset_beam_8,1.0,1.0,1.0,0.28466967854505804,0.0,0.0,"{""1"": 1}"
s0-i14,0,17a644ec2eda96d2,"[[0, 4, 5, 6, 8, 10], [1, 2, 3, 7, 9, 11]]",subset_beam_32,1.0,1.0,1.0,0.28466967854505804,0.0,0.0,"{""1"": 1}"
s0-i14,0,17a644ec2eda96d2,"[[0, 4, 5, 6, 8, 10], [1, 2, 3, 7, 9, 11]]",saps_diagonal,1.0,1.0,1.0,0.28466967854505804,0.0,0.0,"{""1"": 1}"
s0-i14,0,17a644ec2eda96d2,"[[0, 4, 5, 6, 8, 10], [1, 2, 3, 7, 9, 11]]",p_saps_residualized,1.0,1.0,1.0,0.28466967854505804,0.0,0.0,"{""1"": 1}"
s0-i14,0,17a644ec2eda96d2,"[[0, 4, 5, 6, 8, 10], [1, 2, 3, 7, 9, 11]]",p_saps_projection,1.0,1.0,1.0,0.28466967854505804,0.0,0.0,"{""1"": 1}"
s0-i14,0,17a644ec2eda96d2,"[[0, 4, 5, 6, 8, 10], [1, 2, 3, 7, 9, 11]]",b_saps_budgeted,1.0,1.0,1.0,0.28466967854505804,0.0,0.0,"{""1"": 1}"
s0-i14,0,de3f05d9b3da7a92,"[[4, 5, 6, 10], [0, 3, 7, 8], [1, 2, 9, 11]]",random_balanced,1.0,1.0,1.0,0.019933243911272918,0.0,0.0,"{""1"": 1}"
s0-i14,0,19ced13857ebd1cc,"[[2, 4, 9, 11], [3, 6, 7, 8], [0, 1, 5, 10]]",confidence,1.0,1.0,1.0,0.019933243911272918,0.0,0.0,"{""1"": 1}"
s0-i14,0,d86aee4ace8e1c5c,"[[2, 4, 9, 11], [0, 1, 3, 6], [5, 7, 8, 10]]",entropy,1.0,1.0,1.0,0.019933243911272918,0.0,0.0,"{""1"": 1}"
s0-i14,0,d37039942ffa8713,"[[0, 1, 2, 5], [3, 4, 8, 10], [6, 7, 9, 11]]",dependency_cmi,1.0,1.0,1.0,0.019933243911272918,0.0,0.0,"{""1"": 1}"
s0-i14,0,c9aa9e5dc41d44d4,"[[1, 3, 5, 6], [8, 9, 10, 11], [0, 2, 4, 7]]",min_within_batch_tc,1.0,1.0,1.0,0.019933243911272918,0.0,0.0,"{""1"": 1}"
s0-i14,0,08753c4b54e821da,"[[0, 4, 9, 10], [1, 2, 3, 5], [6, 7, 8, 11]]",dprm_myopic,0.0,0.0,0.0,2.953093001089847e-07,0.0,0.0,"{""3"": 1}"
s0-i14,0,08753c4b54e821da,"[[0, 4, 9, 10], [1, 2, 3, 5], [6, 7, 8, 11]]",dprm_rollout,0.0,0.0,0.0,2.953093001089847e-07,0.0,0.0,"{""3"": 1}"
s0-i14,0,de3f05d9b3da7a92,"[[4, 5, 6, 10], [0, 3, 7, 8], [1, 2, 9, 11]]",subset_exact,1.0,1.0,1.0,0.019933243911272918,0.0,0.0,"{""1"": 1}"
s0-i14,0,de3f05d9b3da7a92,"[[4, 5, 6, 10], [0, 3, 7, 8], [1, 2, 9, 11]]",subset_beam_8,1.0,1.0,1.0,0.019933243911272918,0.0,0.0,"{""1"": 1}"
s0-i14,0,de3f05d9b3da7a92,"[[4, 5, 6, 10], [0, 3, 7, 8], [1, 2, 9, 11]]",subset_beam_32,1.0,1.0,1.0,0.019933243911272918,0.0,0.0,"{""1"": 1}"
s0-i14,0,de3f05d9b3da7a92,"[[4, 5, 6, 10], [0, 3, 7, 8], [1, 2, 9, 11]]",saps_diagonal,1.0,1.0,1.0,0.019933243911272918,0.0,0.0,"{""1"": 1}"
s0-i14,0,de3f05d9b3da7a92,"[[4, 5, 6, 10], [0, 3, 7, 8], [1, 2, 9, 11]]",p_saps_residualized,1.0,1.0,1.0,0.019933243911272918,0.0,0.0,"{""1"": 1}"
s0-i14,0,de3f05d9b3da7a92,"[[4, 5, 6, 10], [0, 3, 7, 8], [1, 2, 9, 11]]",p_saps_projection,1.0,1.0,1.0,0.019933243911272918,0.0,0.0,"{""1"": 1}"
s0-i14,0,de3f05d9b3da7a92,"[[4, 5, 6, 10], [0, 3, 7, 8], [1, 2, 9, 11]]",b_saps_budgeted,1.0,1.0,1.0,0.019933243911272918,0.0,0.0,"{""1"": 1}"
s0-i14,0,de3f05d9b3da7a92,"[[4, 5, 6, 10], [0, 3, 7, 8], [1, 2, 9, 11]]",random_balanced,1.0,1.0,1.0,0.09832187834349396,1.0,1.0,"{""1"": 1}"
s0-i14,0,19ced13857ebd1cc,"[[2, 4, 9, 11], [3, 6, 7, 8], [0, 1, 5, 10]]",confidence,1.0,1.0,1.0,0.09832187834349396,1.0,1.0,"{""1"": 1}"
s0-i14,0,d86aee4ace8e1c5c,"[[2, 4, 9, 11], [0, 1, 3, 6], [5, 7, 8, 10]]",entropy,1.0,1.0,1.0,0.09832187834349396,1.0,1.0,"{""1"": 1}"
s0-i14,0,d37039942ffa8713,"[[0, 1, 2, 5], [3, 4, 8, 10], [6, 7, 9, 11]]",dependency_cmi,1.0,1.0,1.0,0.09832187834349396,1.0,1.0,"{""1"": 1}"
s0-i14,0,c9aa9e5dc41d44d4,"[[1, 3, 5, 6], [8, 9, 10, 11], [0, 2, 4, 7]]",min_within_batch_tc,1.0,1.0,1.0,0.09832187834349396,1.0,1.0,"{""1"": 1}"
s0-i14,0,08753c4b54e821da,"[[0, 4, 9, 10], [1, 2, 3, 5], [6, 7, 8, 11]]",dprm_myopic,0.0,0.0,0.0,3.642180593392726e-05,0.0,0.0,"{""3"": 1}"
s0-i14,0,08753c4b54e821da,"[[0, 4, 9, 10], [1, 2, 3, 5], [6, 7, 8, 11]]",dprm_rollout,0.0,0.0,0.0,3.642180593392726e-05,0.0,0.0,"{""3"": 1}"
s0-i14,0,de3f05d9b3da7a92,"[[4, 5, 6, 10], [0, 3, 7, 8], [1, 2, 9, 11]]",subset_exact,1.0,1.0,1.0,0.09832187834349396,1.0,1.0,"{""1"": 1}"
s0-i14,0,de3f05d9b3da7a92,"[[4, 5, 6, 10], [0, 3, 7, 8], [1, 2, 9, 11]]",subset_beam_8,1.0,1.0,1.0,0.09832187834349396,1.0,1.0,"{""1"": 1}"
s0-i14,0,de3f05d9b3da7a92,"[[4, 5, 6, 10], [0, 3, 7, 8], [1, 2, 9, 11]]",subset_beam_32,1.0,1.0,1.0,0.09832187834349396,1.0,1.0,"{""1"": 1}"
s0-i14,0,de3f05d9b3da7a92,"[[4, 5, 6, 10], [0, 3, 7, 8], [1, 2, 9, 11]]",saps_diagonal,1.0,1.0,1.0,0.09832187834349396,1.0,1.0,"{""1"": 1}"
s0-i14,0,de3f05d9b3da7a92,"[[4, 5, 6, 10], [0, 3, 7, 8], [1, 2, 9, 11]]",p_saps_residualized,1.0,1.0,1.0,0.09832187834349396,1.0,1.0,"{""1"": 1}"
s0-i14,0,de3f05d9b3da7a92,"[[4, 5, 6, 10], [0, 3, 7, 8], [1, 2, 9, 11]]",p_saps_projection,1.0,1.0,1.0,0.09832187834349396,1.0,1.0,"{""1"": 1}"
s0-i14,0,de3f05d9b3da7a92,"[[4, 5, 6, 10], [0, 3, 7, 8], [1, 2, 9, 11]]",b_saps_budgeted,1.0,1.0,1.0,0.09832187834349396,1.0,1.0,"{""1"": 1}"
s0-i14,0,de3f05d9b3da7a92,"[[4, 5, 6, 10], [0, 3, 7, 8], [1, 2, 9, 11]]",random_balanced,1.0,1.0,1.0,0.28466967854505804,0.0,0.0,"{""1"": 1}"
s0-i14,0,19ced13857ebd1cc,"[[2, 4, 9, 11], [3, 6, 7, 8], [0, 1, 5, 10]]",confidence,1.0,1.0,1.0,0.28466967854505804,1.0,1.0,"{""1"": 1}"
s0-i14,0,d86aee4ace8e1c5c,"[[2, 4, 9, 11], [0, 1, 3, 6], [5, 7, 8, 10]]",entropy,1.0,1.0,1.0,0.28466967854505804,1.0,1.0,"{""1"": 1}"
s0-i14,0,d37039942ffa8713,"[[0, 1, 2, 5], [3, 4, 8, 10], [6, 7, 9, 11]]",dependency_cmi,1.0,1.0,1.0,0.28466967854505804,0.0,0.0,"{""1"": 1}"
s0-i14,0,c9aa9e5dc41d44d4,"[[1, 3, 5, 6], [8, 9, 10, 11], [0, 2, 4, 7]]",min_within_batch_tc,1.0,1.0,1.0,0.28466967854505804,0.0,0.0,"{""1"": 1}"
s0-i14,0,08753c4b54e821da,"[[0, 4, 9, 10], [1, 2, 3, 5], [6, 7, 8, 11]]",dprm_myopic,0.0,0.0,0.0,0.000950496452247564,0.0,0.0,"{""3"": 1}"
s0-i14,0,08753c4b54e821da,"[[0, 4, 9, 10], [1, 2, 3, 5], [6, 7, 8, 11]]",dprm_rollout,0.0,0.0,0.0,0.000950496452247564,0.0,0.0,"{""3"": 1}"
s0-i14,0,de3f05d9b3da7a92,"[[4, 5, 6, 10], [0, 3, 7, 8], [1, 2, 9, 11]]",subset_exact,1.0,1.0,1.0,0.28466967854505804,0.0,0.0,"{""1"": 1}"
s0-i14,0,de3f05d9b3da7a92,"[[4, 5, 6, 10], [0, 3, 7, 8], [1, 2, 9, 11]]",subset_beam_8,1.0,1.0,1.0,0.28466967854505804,0.0,0.0,"{""1"": 1}"
s0-i14,0,de3f05d9b3da7a92,"[[4, 5, 6, 10], [0, 3, 7, 8], [1, 2, 9, 11]]",subset_beam_32,1.0,1.0,1.0,0.28466967854505804,0.0,0.0,"{""1"": 1}"
s0-i14,0,de3f05d9b3da7a92,"[[4, 5, 6, 10], [0, 3, 7, 8], [1, 2, 9, 11]]",saps_diagonal,1.0,1.0,1.0,0.28466967854505804,0.0,0.0,"{""1"": 1}"
s0-i14,0,de3f05d9b3da7a92,"[[4, 5, 6, 10], [0, 3, 7, 8], [1, 2, 9, 11]]",p_saps_residualized,1.0,1.0,1.0,0.28466967854505804,0.0,0.0,"{""1"": 1}"
s0-i14,0,de3f05d9b3da7a92,"[[4, 5, 6, 10], [0, 3, 7, 8], [1, 2, 9, 11]]",p_saps_projection,1.0,1.0,1.0,0.28466967854505804,0.0,0.0,"{""1"": 1}"
s0-i14,0,de3f05d9b3da7a92,"[[4, 5, 6, 10], [0, 3, 7, 8], [1, 2, 9, 11]]",b_saps_budgeted,1.0,1.0,1.0,0.28466967854505804,0.0,0.0,"{""1"": 1}"
s0-i14,0,46bc53405cd794fb,"[[4, 6, 10], [0, 5, 8], [3, 7, 9], [1, 2, 11]]",random_balanced,1.0,1.0,1.0,0.019933243911272918,0.0,0.0,"{""1"": 1}"
s0-i14,0,9443be85e9ae16ff,"[[2, 9, 11], [3, 4, 6], [5, 7, 8], [0, 1, 10]]",confidence,1.0,1.0,1.0,0.019933243911272918,0.0,0.0,"{""1"": 1}"
s0-i14,0,8a7f236a7cf8c8e3,"[[2, 9, 11], [1, 3, 4], [0, 5, 6], [7, 8, 10]]",entropy,1.0,1.0,1.0,0.019933243911272918,0.0,0.0,"{""1"": 1}"
s0-i14,0,7ce594d1fed4de54,"[[0, 1, 2], [3, 4, 8], [5, 6, 10], [7, 9, 11]]",dependency_cmi,1.0,1.0,1.0,0.019933243911272918,0.0,0.0,"{""1"": 1}"
s0-i14,0,ecb45d4d7775ed4d,"[[1, 3, 4], [5, 6, 7], [8, 9, 10], [0, 2, 11]]",min_within_batch_tc,0.0,0.0,0.0,9.966672193000835e-05,0.0,0.0,"{""2"": 1}"
s0-i14,0,7c3a945bb3e01b40,"[[4, 9, 10], [0, 1, 2], [3, 5, 6], [7, 8, 11]]",dprm_myopic,0.0,0.0,0.0,2.953093001089847e-07,0.0,0.0,"{""3"": 1}"
s0-i14,0,7c3a945bb3e01b40,"[[4, 9, 10], [0, 1, 2], [3, 5, 6], [7, 8, 11]]",dprm_rollout,0.0,0.0,0.0,2.953093001089847e-07,0.0,0.0,"{""3"": 1}"
s0-i14,0,46bc53405cd794fb,"[[4, 6, 10], [0, 5, 8], [3, 7, 9], [1, 2, 11]]",subset_exact,1.0,1.0,1.0,0.019933243911272918,0.0,0.0,"{""1"": 1}"
s0-i14,0,46bc53405cd794fb,"[[4, 6, 10], [0, 5, 8], [3, 7, 9], [1, 2, 11]]",subset_beam_8,1.0,1.0,1.0,0.019933243911272918,0.0,0.0,"{""1"": 1}"
s0-i14,0,46bc53405cd794fb,"[[4, 6, 10], [0, 5, 8], [3, 7, 9], [1, 2, 11]]",subset_beam_32,1.0,1.0,1.0,0.019933243911272918,0.0,0.0,"{""1"": 1}"
s0-i14,0,46bc53405cd794fb,"[[4, 6, 10], [0, 5, 8], [3, 7, 9], [1, 2, 11]]",saps_diagonal,1.0,1.0,1.0,0.019933243911272918,0.0,0.0,"{""1"": 1}"
s0-i14,0,46bc53405cd794fb,"[[4, 6, 10], [0, 5, 8], [3, 7, 9], [1, 2, 11]]",p_saps_residualized,1.0,1.0,1.0,0.019933243911272918,0.0,0.0,"{""1"": 1}"
s0-i14,0,46bc53405cd794fb,"[[4, 6, 10], [0, 5, 8], [3, 7, 9], [1, 2, 11]]",p_saps_projection,1.0,1.0,1.0,0.019933243911272918,0.0,0.0,"{""1"": 1}"
s0-i14,0,46bc53405cd794fb,"[[4, 6, 10], [0, 5, 8], [3, 7, 9], [1, 2, 11]]",b_saps_budgeted,1.0,1.0,1.0,0.019933243911272918,0.0,0.0,"{""1"": 1}"
s0-i14,0,46bc53405cd794fb,"[[4, 6, 10], [0, 5, 8], [3, 7, 9], [1, 2, 11]]",random_balanced,1.0,1.0,1.0,0.09832187834349396,1.0,1.0,"{""1"": 1}"
s0-i14,0,9443be85e9ae16ff,"[[2, 9, 11], [3, 4, 6], [5, 7, 8], [0, 1, 10]]",confidence,1.0,1.0,1.0,0.09832187834349396,1.0,1.0,"{""1"": 1}"
s0-i14,0,8a7f236a7cf8c8e3,"[[2, 9, 11], [1, 3, 4], [0, 5, 6], [7, 8, 10]]",entropy,1.0,1.0,1.0,0.09832187834349396,1.0,1.0,"{""1"": 1}"
s0-i14,0,7ce594d1fed4de54,"[[0, 1, 2], [3, 4, 8], [5, 6, 10], [7, 9, 11]]",dependency_cmi,1.0,1.0,1.0,0.09832187834349396,1.0,1.0,"{""1"": 1}"
s0-i14,0,ecb45d4d7775ed4d,"[[1, 3, 4], [5, 6, 7], [8, 9, 10], [0, 2, 11]]",min_within_batch_tc,0.0,0.0,0.0,0.002458367125419222,0.0,0.0,"{""2"": 1}"
s0-i14,0,7c3a945bb3e01b40,"[[4, 9, 10], [0, 1, 2], [3, 5, 6], [7, 8, 11]]",dprm_myopic,0.0,0.0,0.0,3.642180593392726e-05,0.0,0.0,"{""3"": 1}"
s0-i14,0,7c3a945bb3e01b40,"[[4, 9, 10], [0, 1, 2], [3, 5, 6], [7, 8, 11]]",dprm_rollout,0.0,0.0,0.0,3.642180593392726e-05,0.0,0.0,"{""3"": 1}"
s0-i14,0,46bc53405cd794fb,"[[4, 6, 10], [0, 5, 8], [3, 7, 9], [1, 2, 11]]",subset_exact,1.0,1.0,1.0,0.09832187834349396,1.0,1.0,"{""1"": 1}"
s0-i14,0,46bc53405cd794fb,"[[4, 6, 10], [0, 5, 8], [3, 7, 9], [1, 2, 11]]",subset_beam_8,1.0,1.0,1.0,0.09832187834349396,1.0,1.0,"{""1"": 1}"
s0-i14,0,46bc53405cd794fb,"[[4, 6, 10], [0, 5, 8], [3, 7, 9], [1, 2, 11]]",subset_beam_32,1.0,1.0,1.0,0.09832187834349396,1.0,1.0,"{""1"": 1}"
s0-i14,0,46bc53405cd794fb,"[[4, 6, 10], [0, 5, 8], [3, 7, 9], [1, 2, 11]]",saps_diagonal,1.0,1.0,1.0,0.09832187834349396,1.0,1.0,"{""1"": 1}"
s0-i14,0,46bc53405cd794fb,"[[4, 6, 10], [0, 5, 8], [3, 7, 9], [1, 2, 11]]",p_saps_residualized,1.0,1.0,1.0,0.09832187834349396,1.0,1.0,"{""1"": 1}"
s0-i14,0,46bc53405cd794fb,"[[4, 6, 10], [0, 5, 8], [3, 7, 9], [1, 2, 11]]",p_saps_projection,1.0,1.0,1.0,0.09832187834349396,1.0,1.0,"{""1"": 1}"
s0-i14,0,46bc53405cd794fb,"[[4, 6, 10], [0, 5, 8], [3, 7, 9], [1, 2, 11]]",b_saps_budgeted,1.0,1.0,1.0,0.09832187834349396,1.0,1.0,"{""1"": 1}"
s0-i14,0,46bc53405cd794fb,"[[4, 6, 10], [0, 5, 8], [3, 7, 9], [1, 2, 11]]",random_balanced,1.0,1.0,1.0,0.28466967854505804,0.0,0.0,"{""1"": 1}"
s0-i14,0,9443be85e9ae16ff,"[[2, 9, 11], [3, 4, 6], [5, 7, 8], [0, 1, 10]]",confidence,1.0,1.0,1.0,0.28466967854505804,1.0,1.0,"{""1"": 1}"
s0-i14,0,8a7f236a7cf8c8e3,"[[2, 9, 11], [1, 3, 4], [0, 5, 6], [7, 8, 10]]",entropy,1.0,1.0,1.0,0.28466967854505804,1.0,1.0,"{""1"": 1}"
s0-i14,0,7ce594d1fed4de54,"[[0, 1, 2], [3, 4, 8], [5, 6, 10], [7, 9, 11]]",dependency_cmi,1.0,1.0,1.0,0.28466967854505804,1.0,1.0,"{""1"": 1}"
s0-i14,0,ecb45d4d7775ed4d,"[[1, 3, 4], [5, 6, 7], [8, 9, 10], [0, 2, 11]]",min_within_batch_tc,0.0,0.0,0.0,0.02137757562180163,1.0,1.0,"{""2"": 1}"
s0-i14,0,7c3a945bb3e01b40,"[[4, 9, 10], [0, 1, 2], [3, 5, 6], [7, 8, 11]]",dprm_myopic,0.0,0.0,0.0,0.000950496452247564,0.0,0.0,"{""3"": 1}"
s0-i14,0,7c3a945bb3e01b40,"[[4, 9, 10], [0, 1, 2], [3, 5, 6], [7, 8, 11]]",dprm_rollout,0.0,0.0,0.0,0.000950496452247564,0.0,0.0,"{""3"": 1}"
s0-i14,0,46bc53405cd794fb,"[[4, 6, 10], [0, 5, 8], [3, 7, 9], [1, 2, 11]]",subset_exact,1.0,1.0,1.0,0.28466967854505804,0.0,0.0,"{""1"": 1}"
s0-i14,0,46bc53405cd794fb,"[[4, 6, 10], [0, 5, 8], [3, 7, 9], [1, 2, 11]]",subset_beam_8,1.0,1.0,1.0,0.28466967854505804,0.0,0.0,"{""1"": 1}"
s0-i14,0,46bc53405cd794fb,"[[4, 6, 10], [0, 5, 8], [3, 7, 9], [1, 2, 11]]",subset_beam_32,1.0,1.0,1.0,0.28466967854505804,0.0,0.0,"{""1"": 1}"
s0-i14,0,46bc53405cd794fb,"[[4, 6, 10], [0, 5, 8], [3, 7, 9], [1, 2, 11]]",saps_diagonal,1.0,1.0,1.0,0.28466967854505804,0.0,0.0,"{""1"": 1}"
s0-i14,0,46bc53405cd794fb,"[[4, 6, 10], [0, 5, 8], [3, 7, 9], [1, 2, 11]]",p_saps_residualized,1.0,1.0,1.0,0.28466967854505804,0.0,0.0,"{""1"": 1}"
s0-i14,0,46bc53405cd794fb,"[[4, 6, 10], [0, 5, 8], [3, 7, 9], [1, 2, 11]]",p_saps_projection,1.0,1.0,1.0,0.28466967854505804,0.0,0.0,"{""1"": 1}"
s0-i14,0,46bc53405cd794fb,"[[4, 6, 10], [0, 5, 8], [3, 7, 9], [1, 2, 11]]",b_saps_budgeted,1.0,1.0,1.0,0.28466967854505804,0.0,0.0,"{""1"": 1}"
s0-i15,0,2516301160cf1942,"[[0, 1, 2, 3, 4, 5, 6, 7, 8, 9, 10, 11]]",random_balanced,0.0029592397501872697,0.0029592397501872697,0.0029592397501872697,5.898786880762742e-05,0.0001976057811411269,-0.014057232342859206,"{""1"": 12, ""4"": 1}"
s0-i15,0,2516301160cf1942,"[[0, 1, 2, 3, 4, 5, 6, 7, 8, 9, 10, 11]]",confidence,0.0029592397501872697,0.0029592397501872697,0.0029592397501872697,5.898786880762742e-05,0.0001976057811411269,-0.014057232342859206,"{""1"": 12, ""4"": 1}"
s0-i15,0,2516301160cf1942,"[[0, 1, 2, 3, 4, 5, 6, 7, 8, 9, 10, 11]]",entropy,0.0029592397501872697,0.0029592397501872697,0.0029592397501872697,5.898786880762742e-05,0.0001976057811411269,-0.014057232342859206,"{""1"": 12, ""4"": 1}"
s0-i15,0,2516301160cf1942,"[[0, 1, 2, 3, 4, 5, 6, 7, 8, 9, 10, 11]]",dependency_cmi,0.0029592397501872697,0.0029592397501872697,0.0029592397501872697,5.898786880762742e-05,0.0001976057811411269,-0.014057232342859206,"{""1"": 12, ""4"": 1}"
s0-i15,0,2516301160cf1942,"[[0, 1, 2, 3, 4, 5, 6, 7, 8, 9, 10, 11]]",min_within_batch_tc,0.0029592397501872697,0.0029592397501872697,0.0029592397501872697,5.898786880762742e-05,0.0001976057811411269,-0.014057232342859206,"{""1"": 12, ""4"": 1}"
s0-i15,0,2516301160cf1942,"[[0, 1, 2, 3, 4, 5, 6, 7, 8, 9, 10, 11]]",dprm_myopic,0.0029592397501872697,0.0029592397501872697,0.0029592397501872697,5.898786880762742e-05,0.0001976057811411269,-0.014057232342859206,"{""1"": 12, ""4"": 1}"
s0-i15,0,2516301160cf1942,"[[0, 1, 2, 3, 4, 5, 6, 7, 8, 9, 10, 11]]",dprm_rollout,0.0029592397501872697,0.0029592397501872697,0.0029592397501872697,5.898786880762742e-05,0.0001976057811411269,-0.014057232342859206,"{""1"": 12, ""4"": 1}"
s0-i15,0,2516301160cf1942,"[[0, 1, 2, 3, 4, 5, 6, 7, 8, 9, 10, 11]]",subset_exact,0.0029592397501872697,0.0029592397501872697,0.0029592397501872697,5.898786880762742e-05,0.0001976057811411269,-0.014057232342859206,"{""1"": 12, ""4"": 1}"
s0-i15,0,2516301160cf1942,"[[0, 1, 2, 3, 4, 5, 6, 7, 8, 9, 10, 11]]",subset_beam_8,0.0029592397501872697,0.0029592397501872697,0.0029592397501872697,5.898786880762742e-05,0.0001976057811411269,-0.014057232342859206,"{""1"": 12, ""4"": 1}"
s0-i15,0,2516301160cf1942,"[[0, 1, 2, 3, 4, 5, 6, 7, 8, 9, 10, 11]]",subset_beam_32,0.0029592397501872697,0.0029592397501872697,0.0029592397501872697,5.898786880762742e-05,0.0001976057811411269,-0.014057232342859206,"{""1"": 12, ""4"": 1}"
s0-i15,0,2516301160cf1942,"[[0, 1, 2, 3, 4, 5, 6, 7, 8, 9, 10, 11]]",saps_diagonal,0.0029592397501872697,0.0029592397501872697,0.0029592397501872697,5.898786880762742e-05,0.0001976057811411269,-0.014057232342859206,"{""1"": 12, ""4"": 1}"
s0-i15,0,2516301160cf1942,"[[0, 1, 2, 3, 4, 5, 6, 7, 8, 9, 10, 11]]",p_saps_residualized,0.0029592397501872697,0.0029592397501872697,0.0029592397501872697,5.898786880762742e-05,0.0001976057811411269,-0.014057232342859206,"{""1"": 12, ""4"": 1}"
s0-i15,0,2516301160cf1942,"[[0, 1, 2, 3, 4, 5, 6, 7, 8, 9, 10, 11]]",p_saps_projection,0.0029592397501872697,0.0029592397501872697,0.0029592397501872697,5.898786880762742e-05,0.0001976057811411269,-0.014057232342859206,"{""1"": 12, ""4"": 1}"
s0-i15,0,2516301160cf1942,"[[0, 1, 2, 3, 4, 5, 6, 7, 8, 9, 10, 11]]",b_saps_budgeted,0.0029592397501872697,0.0029592397501872697,0.0029592397501872697,5.898786880762742e-05,0.0001976057811411269,-0.014057232342859206,"{""1"": 12, ""4"": 1}"
s0-i15,0,2516301160cf1942,"[[0, 1, 2, 3, 4, 5, 6, 7, 8, 9, 10, 11]]",random_balanced,0.0029592397501872697,0.0029592397501872697,0.0029592397501872697,0.00029134101829638885,0.00023362121662084284,0.01528467260430667,"{""1"": 12, ""4"": 1}"
s0-i15,0,2516301160cf1942,"[[0, 1, 2, 3, 4, 5, 6, 7, 8, 9, 10, 11]]",confidence,0.0029592397501872697,0.0029592397501872697,0.0029592397501872697,0.00029134101829638885,0.00023362121662084284,0.01528467260430667,"{""1"": 12, ""4"": 1}"
s0-i15,0,2516301160cf1942,"[[0, 1, 2, 3, 4, 5, 6, 7, 8, 9, 10, 11]]",entropy,0.0029592397501872697,0.0029592397501872697,0.0029592397501872697,0.00029134101829638885,0.00023362121662084284,0.01528467260430667,"{""1"": 12, ""4"": 1}"
s0-i15,0,2516301160cf1942,"[[0, 1, 2, 3, 4, 5, 6, 7, 8, 9, 10, 11]]",dependency_cmi,0.0029592397501872697,0.0029592397501872697,0.0029592397501872697,0.00029134101829638885,0.00023362121662084284,0.01528467260430667,"{""1"": 12, ""4"": 1}"
s0-i15,0,2516301160cf1942,"[[0, 1, 2, 3, 4, 5, 6, 7, 8, 9, 10, 11]]",min_within_batch_tc,0.0029592397501872697,0.0029592397501872697,0.0029592397501872697,0.00029134101829638885,0.00023362121662084284,0.01528467260430667,"{""1"": 12, ""4"": 1}"
s0-i15,0,2516301160cf1942,"[[0, 1, 2, 3, 4, 5, 6, 7, 8, 9, 10, 11]]",dprm_myopic,0.0029592397501872697,0.0029592397501872697,0.0029592397501872697,0.00029134101829638885,0.00023362121662084284,0.01528467260430667,"{""1"": 12, ""4"": 1}"
s0-i15,0,2516301160cf1942,"[[0, 1, 2, 3, 4, 5, 6, 7, 8, 9, 10, 11]]",dprm_rollout,0.0029592397501872697,0.0029592397501872697,0.0029592397501872697,0.00029134101829638885,0.00023362121662084284,0.01528467260430667,"{""1"": 12, ""4"": 1}"
s0-i15,0,2516301160cf1942,"[[0, 1, 2, 3, 4, 5, 6, 7, 8, 9, 10, 11]]",subset_exact,0.0029592397501872697,0.0029592397501872697,0.0029592397501872697,0.00029134101829638885,0.00023362121662084284,0.01528467260430667,"{""1"": 12, ""4"": 1}"
s0-i15,0,2516301160cf1942,"[[0, 1, 2, 3, 4, 5, 6, 7, 8, 9, 10, 11]]",subset_beam_8,0.0029592397501872697,0.0029592397501872697,0.0029592397501872697,0.00029134101829638885,0.00023362121662084284,0.01528467260430667,"{""1"": 12, ""4"": 1}"
s0-i15,0,2516301160cf1942,"[[0, 1, 2, 3, 4, 5, 6, 7, 8, 9, 10, 11]]",subset_beam_32,0.0029592397501872697,0.0029592397501872697,0.0029592397501872697,0.00029134101829638885,0.00023362121662084284,0.01528467260430667,"{""1"": 12, ""4"": 1}"
s0-i15,0,2516301160cf1942,"[[0, 1, 2, 3, 4, 5, 6, 7, 8, 9, 10, 11]]",saps_diagonal,0.0029592397501872697,0.0029592397501872697,0.0029592397501872697,0.00029134101829638885,0.00023362121662084284,0.01528467260430667,"{""1"": 12, ""4"": 1}"
s0-i15,0,2516301160cf1942,"[[0, 1, 2, 3, 4, 5, 6, 7, 8, 9, 10, 11]]",p_saps_residualized,0.0029592397501872697,0.0029592397501872697,0.0029592397501872697,0.00029134101829638885,0.00023362121662084284,0.01528467260430667,"{""1"": 12, ""4"": 1}"
s0-i15,0,2516301160cf1942,"[[0, 1, 2, 3, 4, 5, 6, 7, 8, 9, 10, 11]]",p_saps_projection,0.0029592397501872697,0.0029592397501872697,0.0029592397501872697,0.00029134101829638885,0.00023362121662084284,0.01528467260430667,"{""1"": 12, ""4"": 1}"
s0-i15,0,2516301160cf1942,"[[0, 1, 2, 3, 4, 5, 6, 7, 8, 9, 10, 11]]",b_saps_budgeted,0.0029592397501872697,0.0029592397501872697,0.0029592397501872697,0.00029134101829638885,0.00023362121662084284,0.01528467260430667,"{""1"": 12, ""4"": 1}"
s0-i15,0,2516301160cf1942,"[[0, 1, 2, 3, 4, 5, 6, 7, 8, 9, 10, 11]]",random_balanced,0.0029592397501872697,0.0029592397501872697,0.0029592397501872697,0.0008723970327428977,0.9631194046863205,-0.9813864706048889,"{""1"": 12, ""4"": 1}"
s0-i15,0,2516301160cf1942,"[[0, 1, 2, 3, 4, 5, 6, 7, 8, 9, 10, 11]]",confidence,0.0029592397501872697,0.0029592397501872697,0.0029592397501872697,0.0008723970327428977,0.9631194046863205,-0.9813864706048889,"{""1"": 12, ""4"": 1}"
s0-i15,0,2516301160cf1942,"[[0, 1, 2, 3, 4, 5, 6, 7, 8, 9, 10, 11]]",entropy,0.0029592397501872697,0.0029592397501872697,0.0029592397501872697,0.0008723970327428977,0.9631194046863205,-0.9813864706048889,"{""1"": 12, ""4"": 1}"
s0-i15,0,2516301160cf1942,"[[0, 1, 2, 3, 4, 5, 6, 7, 8, 9, 10, 11]]",dependency_cmi,0.0029592397501872697,0.0029592397501872697,0.0029592397501872697,0.0008723970327428977,0.9631194046863205,-0.9813864706048889,"{""1"": 12, ""4"": 1}"
s0-i15,0,2516301160cf1942,"[[0, 1, 2, 3, 4, 5, 6, 7, 8, 9, 10, 11]]",min_within_batch_tc,0.0029592397501872697,0.0029592397501872697,0.0029592397501872697,0.0008723970327428977,0.9631194046863205,-0.9813864706048889,"{""1"": 12, ""4"": 1}"
s0-i15,0,2516301160cf1942,"[[0, 1, 2, 3, 4, 5, 6, 7, 8, 9, 10, 11]]",dprm_myopic,0.0029592397501872697,0.0029592397501872697,0.0029592397501872697,0.0008723970327428977,0.9631194046863205,-0.9813864706048889,"{""1"": 12, ""4"": 1}"
s0-i15,0,2516301160cf1942,"[[0, 1, 2, 3, 4, 5, 6, 7, 8, 9, 10, 11]]",dprm_rollout,0.0029592397501872697,0.0029592397501872697,0.0029592397501872697,0.0008723970327428977,0.9631194046863205,-0.9813864706048889,"{""1"": 12, ""4"": 1}"
s0-i15,0,2516301160cf1942,"[[0, 1, 2, 3, 4, 5, 6, 7, 8, 9, 10, 11]]",subset_exact,0.0029592397501872697,0.0029592397501872697,0.0029592397501872697,0.0008723970327428977,0.9631194046863205,-0.9813864706048889,"{""1"": 12, ""4"": 1}"
s0-i15,0,2516301160cf1942,"[[0, 1, 2, 3, 4, 5, 6, 7, 8, 9, 10, 11]]",subset_beam_8,0.0029592397501872697,0.0029592397501872697,0.0029592397501872697,0.0008723970327428977,0.9631194046863205,-0.9813864706048889,"{""1"": 12, ""4"": 1}"
s0-i15,0,2516301160cf1942,"[[0, 1, 2, 3, 4, 5, 6, 7, 8, 9, 10, 11]]",subset_beam_32,0.0029592397501872697,0.0029592397501872697,0.0029592397501872697,0.0008723970327428977,0.9631194046863205,-0.9813864706048889,"{""1"": 12, ""4"": 1}"
s0-i15,0,2516301160cf1942,"[[0, 1, 2, 3, 4, 5, 6, 7, 8, 9, 10, 11]]",saps_diagonal,0.0029592397501872697,0.0029592397501872697,0.0029592397501872697,0.0008723970327428977,0.9631194046863205,-0.9813864706048889,"{""1"": 12, ""4"": 1}"
s0-i15,0,2516301160cf1942,"[[0, 1, 2, 3, 4, 5, 6, 7, 8, 9, 10, 11]]",p_saps_residualized,0.0029592397501872697,0.0029592397501872697,0.0029592397501872697,0.0008723970327428977,0.9631194046863205,-0.9813864706048889,"{""1"": 12, ""4"": 1}"
s0-i15,0,2516301160cf1942,"[[0, 1, 2, 3, 4, 5, 6, 7, 8, 9, 10, 11]]",p_saps_projection,0.0029592397501872697,0.0029592397501872697,0.0029592397501872697,0.0008723970327428977,0.9631194046863205,-0.9813864706048889,"{""1"": 12, ""4"": 1}"
s0-i15,0,2516301160cf1942,"[[0, 1, 2, 3, 4, 5, 6, 7, 8, 9, 10, 11]]",b_saps_budgeted,0.0029592397501872697,0.0029592397501872697,0.0029592397501872697,0.0008723970327428977,0.9631194046863205,-0.9813864706048889,"{""1"": 12, ""4"": 1}"
s0-i15,0,e5e47407921edb3d,"[[0, 1, 3, 4, 6, 10], [2, 5, 7, 8, 9, 11]]",random_balanced,0.0029592397501872697,0.0029592397501872697,0.0029592397501872697,0.0001583590319371194,0.0,0.0,"{""1"": 12, ""2"": 1}"
s0-i15,0,c73078bd1876de1a,"[[0, 2, 3, 4, 6, 9], [1, 5, 7, 8, 10, 11]]",confidence,0.0029592397501872697,0.0029592397501872697,0.0029592397501872697,5.928168314150669e-05,0.0,0.0,"{""1"": 12, ""3"": 1}"
s0-i15,0,c73078bd1876de1a,"[[0, 2, 3, 4, 6, 9], [1, 5, 7, 8, 10, 11]]",entropy,0.0029592397501872697,0.0029592397501872697,0.0029592397501872697,5.928168314150669e-05,0.0,0.0,"{""1"": 12, ""3"": 1}"
s0-i15,0,7c8116af10988e3f,"[[0, 1, 2, 5, 7, 11], [3, 4, 6, 8, 9, 10]]",dependency_cmi,0.0029592397501872697,0.0029592397501872697,0.0029592397501872697,0.0001583590319371194,0.0001170007487938226,0.010816688439343282,"{""1"": 12, ""2"": 1}"
s0-i15,0,e06f2c4f711f274c,"[[2, 4, 5, 7, 8, 11], [0, 1, 3, 6, 9, 10]]",min_within_batch_tc,0.0029592397501872697,0.0029592397501872697,0.0029592397501872697,0.0001583590319371194,0.0011638241098062179,-0.03411486640463682,"{""1"": 12, ""2"": 1}"
s0-i15,0,5f3cbaad1f15c070,"[[0, 1, 2, 5, 8, 10], [3, 4, 6, 7, 9, 11]]",dprm_myopic,0.0029592397501872697,0.0029592397501872697,0.0029592397501872697,5.898786880762742e-05,0.0006187119350792848,-0.024873920782202488,"{""1"": 12, ""4"": 1}"
s0-i15,0,5f3cbaad1f15c070,"[[0, 1, 2, 5, 8, 10], [3, 4, 6, 7, 9, 11]]",dprm_rollout,0.0029592397501872697,0.0029592397501872697,0.0029592397501872697,5.898786880762742e-05,0.0006187119350792848,-0.024873920782202488,"{""1"": 12, ""4"": 1}"
s0-i15,0,859fe3badbffe0f0,"[[0, 1, 3, 4, 5, 10], [2, 6, 7, 8, 9, 11]]",subset_exact,1.0,1.0,1.0,0.01993324391127292,0.0,0.0,"{""1"": 13}"
s0-i15,0,859fe3badbffe0f0,"[[0, 1, 3, 4, 5, 10], [2, 6, 7, 8, 9, 11]]",subset_beam_8,1.0,1.0,1.0,0.01993324391127292,0.0,0.0,"{""1"": 13}"
s0-i15,0,859fe3badbffe0f0,"[[0, 1, 3, 4, 5, 10], [2, 6, 7, 8, 9, 11]]",subset_beam_32,1.0,1.0,1.0,0.01993324391127292,0.0,0.0,"{""1"": 13}"
s0-i15,0,859fe3badbffe0f0,"[[0, 1, 3, 4, 5, 10], [2, 6, 7, 8, 9, 11]]",saps_diagonal,1.0,1.0,1.0,0.01993324391127292,0.0,0.0,"{""1"": 13}"
s0-i15,0,859fe3badbffe0f0,"[[0, 1, 3, 4, 5, 10], [2, 6, 7, 8, 9, 11]]",p_saps_residualized,1.0,1.0,1.0,0.01993324391127292,0.0,0.0,"{""1"": 13}"
s0-i15,0,859fe3badbffe0f0,"[[0, 1, 3, 4, 5, 10], [2, 6, 7, 8, 9, 11]]",p_saps_projection,1.0,1.0,1.0,0.01993324391127292,0.0,0.0,"{""1"": 13}"
s0-i15,0,859fe3badbffe0f0,"[[0, 1, 3, 4, 5, 10], [2, 6, 7, 8, 9, 11]]",b_saps_budgeted,1.0,1.0,1.0,0.01993324391127292,0.0,0.0,"{""1"": 13}"
s0-i15,0,e5e47407921edb3d,"[[0, 1, 3, 4, 6, 10], [2, 5, 7, 8, 9, 11]]",random_balanced,0.0029592397501872697,0.0029592397501872697,0.0029592397501872697,0.002742050238408272,1.0361933108552177,1.017935808808796,"{""1"": 12, ""2"": 1}"
s0-i15,0,c73078bd1876de1a,"[[0, 2, 3, 4, 6, 9], [1, 5, 7, 8, 10, 11]]",confidence,0.0029592397501872697,0.0029592397501872697,0.0029592397501872697,0.0003272720357851782,0.00022041091641486138,0.01484624250155107,"{""1"": 12, ""3"": 1}"
s0-i15,0,c73078bd1876de1a,"[[0, 2, 3, 4, 6, 9], [1, 5, 7, 8, 10, 11]]",entropy,0.0029592397501872697,0.0029592397501872697,0.0029592397501872697,0.0003272720357851782,0.00022041091641486138,0.01484624250155107,"{""1"": 12, ""3"": 1}"
s0-i15,0,7c8116af10988e3f,"[[0, 1, 2, 5, 7, 11], [3, 4, 6, 8, 9, 10]]",dependency_cmi,0.0029592397501872697,0.0029592397501872697,0.0029592397501872697,0.002742050238408272,0.0010349796464000996,0.03217109955223942,"{""1"": 12, ""2"": 1}"
s0-i15,0,e06f2c4f711f274c,"[[2, 4, 5, 7, 8, 11], [0, 1, 3, 6, 9, 10]]",min_within_batch_tc,0.0029592397501872697,0.0029592397501872697,0.0029592397501872697,0.002742050238408272,1.4600456029702365e-06,0.0012083234678554565,"{""1"": 12, ""2"": 1}"
s0-i15,0,5f3cbaad1f15c070,"[[0, 1, 2, 5, 8, 10], [3, 4, 6, 7, 9, 11]]",dprm_myopic,0.0029592397501872697,0.0029592397501872697,0.0029592397501872697,0.00029134101829638885,2.232591615032895e-05,0.004725030809458172,"{""1"": 12, ""4"": 1}"
s0-i15,0,5f3cbaad1f15c070,"[[0, 1, 2, 5, 8, 10], [3, 4, 6, 7, 9, 11]]",dprm_rollout,0.0029592397501872697,0.0029592397501872697,0.0029592397501872697,0.00029134101829638885,2.232591615032895e-05,0.004725030809458172,"{""1"": 12, ""4"": 1}"
s0-i15,0,859fe3badbffe0f0,"[[0, 1, 3, 4, 5, 10], [2, 6, 7, 8, 9, 11]]",subset_exact,1.0,1.0,1.0,0.09832187834349396,0.00011104520402621029,-0.010537798822629434,"{""1"": 13}"
s0-i15,0,859fe3badbffe0f0,"[[0, 1, 3, 4, 5, 10], [2, 6, 7, 8, 9, 11]]",subset_beam_8,1.0,1.0,1.0,0.09832187834349396,0.00011104520402621029,-0.010537798822629434,"{""1"": 13}"
s0-i15,0,859fe3badbffe0f0,"[[0, 1, 3, 4, 5, 10], [2, 6, 7, 8, 9, 11]]",subset_beam_32,1.0,1.0,1.0,0.09832187834349396,0.00011104520402621029,-0.010537798822629434,"{""1"": 13}"
s0-i15,0,859fe3badbffe0f0,"[[0, 1, 3, 4, 5, 10], [2, 6, 7, 8, 9, 11]]",saps_diagonal,1.0,1.0,1.0,0.09832187834349396,0.00011104520402621029,-0.010537798822629434,"{""1"": 13}"
s0-i15,0,859fe3badbffe0f0,"[[0, 1, 3, 4, 5, 10], [2, 6, 7, 8, 9, 11]]",p_saps_residualized,1.0,1.0,1.0,0.09832187834349396,0.00011104520402621029,-0.010537798822629434,"{""1"": 13}"
s0-i15,0,859fe3badbffe0f0,"[[0, 1, 3, 4, 5, 10], [2, 6, 7, 8, 9, 11]]",p_saps_projection,1.0,1.0,1.0,0.09832187834349396,0.00011104520402621029,-0.010537798822629434,"{""1"": 13}"
s0-i15,0,859fe3badbffe0f0,"[[0, 1, 3, 4, 5, 10], [2, 6, 7, 8, 9, 11]]",b_saps_budgeted,1.0,1.0,1.0,0.09832187834349396,0.00011104520402621029,-0.010537798822629434,"{""1"": 13}"
s0-i15,0,e5e47407921edb3d,"[[0, 1, 3, 4, 6, 10], [2, 5, 7, 8, 9, 11]]",random_balanced,0.0029592397501872697,0.0029592397501872697,0.0029592397501872697,0.02215672007868253,1.0285955257771349,-1.0141969856872652,"{""1"": 12, ""2"": 1}"
s0-i15,0,c73078bd1876de1a,"[[0, 2, 3, 4, 6, 9], [1, 5, 7, 8, 10, 11]]",confidence,0.0029592397501872697,0.0029592397501872697,0.0029592397501872697,0.0017900895337872292,0.994906341687853,-0.9974499193883636,"{""1"": 12, ""3"": 1}"
s0-i15,0,c73078bd1876de1a,"[[0, 2, 3, 4, 6, 9], [1, 5, 7, 8, 10, 11]]",entropy,0.0029592397501872697,0.0029592397501872697,0.0029592397501872697,0.0017900895337872292,0.994906341687853,-0.9974499193883636,"{""1"": 12, ""3"": 1}"
s0-i15,0,7c8116af10988e3f,"[[0, 1, 2, 5, 7, 11], [3, 4, 6, 8, 9, 10]]",dependency_cmi,0.0029592397501872697,0.0029592397501872697,0.0029592397501872697,0.02215672007868253,0.9631194046863205,-0.9813864706048889,"{""1"": 12, ""2"": 1}"
s0-i15,0,e06f2c4f711f274c,"[[2, 4, 5, 7, 8, 11], [0, 1, 3, 6, 9, 10]]",min_within_batch_tc,0.0029592397501872697,0.0029592397501872697,0.0029592397501872697,0.02215672007868253,0.9403733715848148,-0.9697285040591592,"{""1"": 12, ""2"": 1}"
s0-i15,0,5f3cbaad1f15c070,"[[0, 1, 2, 5, 8, 10], [3, 4, 6, 7, 9, 11]]",dprm_myopic,0.0029592397501872697,0.0029592397501872697,0.0029592397501872697,0.0008723970327428977,0.9475590284658001,-0.9734264371105811,"{""1"": 12, ""4"": 1}"
s0-i15,0,5f3cbaad1f15c070,"[[0, 1, 2, 5, 8, 10], [3, 4, 6, 7, 9, 11]]",dprm_rollout,0.0029592397501872697,0.0029592397501872697,0.0029592397501872697,0.0008723970327428977,0.9475590284658001,-0.9734264371105811,"{""1"": 12, ""4"": 1}"
s0-i15,0,859fe3badbffe0f0,"[[0, 1, 3, 4, 5, 10], [2, 6, 7, 8, 9, 11]]",subset_exact,1.0,1.0,1.0,0.28466967854505804,0.9475590284658001,-0.9734264371105811,"{""1"": 13}"
s0-i15,0,859fe3badbffe0f0,"[[0, 1, 3, 4, 5, 10], [2, 6, 7, 8, 9, 11]]",subset_beam_8,1.0,1.0,1.0,0.28466967854505804,0.9475590284658001,-0.9734264371105811,"{""1"": 13}"
s0-i15,0,859fe3badbffe0f0,"[[0, 1, 3, 4, 5, 10], [2, 6, 7, 8, 9, 11]]",subset_beam_32,1.0,1.0,1.0,0.28466967854505804,0.9475590284658001,-0.9734264371105811,"{""1"": 13}"
s0-i15,0,859fe3badbffe0f0,"[[0, 1, 3, 4, 5, 10], [2, 6, 7, 8, 9, 11]]",saps_diagonal,1.0,1.0,1.0,0.28466967854505804,0.9475590284658001,-0.9734264371105811,"{""1"": 13}"
s0-i15,0,859fe3badbffe0f0,"[[0, 1, 3, 4, 5, 10], [2, 6, 7, 8, 9, 11]]",p_saps_residualized,1.0,1.0,1.0,0.28466967854505804,0.9475590284658001,-0.9734264371105811,"{""1"": 13}"
s0-i15,0,859fe3badbffe0f0,"[[0, 1, 3, 4, 5, 10], [2, 6, 7, 8, 9, 11]]",p_saps_projection,1.0,1.0,1.0,0.28466967854505804,0.9475590284658001,-0.9734264371105811,"{""1"": 13}"
s0-i15,0,859fe3badbffe0f0,"[[0, 1, 3, 4, 5, 10], [2, 6, 7, 8, 9, 11]]",b_saps_budgeted,1.0,1.0,1.0,0.28466967854505804,0.9475590284658001,-0.9734264371105811,"{""1"": 13}"
s0-i15,0,29af5d0e543d1cba,"[[0, 3, 4, 6], [1, 2, 7, 10], [5, 8, 9, 11]]",random_balanced,0.0029592397501872697,0.0029592397501872697,0.0029592397501872697,0.0001583590319371194,0.0,0.0,"{""1"": 12, ""2"": 1}"
s0-i15,0,e5c417694ad23c9d,"[[0, 3, 4, 9], [1, 2, 5, 6], [7, 8, 10, 11]]",confidence,0.0029592397501872697,0.0029592397501872697,0.0029592397501872697,0.0001583590319371194,0.00040230868415618145,-0.020057634061777612,"{""1"": 12, ""2"": 1}"
s0-i15,0,cc68efe12c4fe1d6,"[[2, 3, 4, 9], [0, 1, 6, 8], [5, 7, 10, 11]]",entropy,0.0029592397501872697,0.0029592397501872697,0.0029592397501872697,0.0001583590319371194,0.0,0.0,"{""1"": 12, ""2"": 1}"
s0-i15,0,b6f8882245b2d7d2,"[[0, 1, 2, 11], [3, 4, 6, 9], [5, 7, 8, 10]]",dependency_cmi,0.0029592397501872697,0.0029592397501872697,0.0029592397501872697,5.928168314150669e-05,0.000504106658936485,0.02245231967829794,"{""1"": 12, ""3"": 1}"
s0-i15,0,887059e93b218d53,"[[2, 4, 5, 7], [6, 9, 10, 11], [0, 1, 3, 8]]",min_within_batch_tc,0.0029592397501872697,0.0029592397501872697,0.0029592397501872697,0.0001583590319371194,0.00040230868415618145,-0.020057634061777612,"{""1"": 12, ""2"": 1}"
s0-i15,0,0f0b3f0704da3e55,"[[0, 5, 8, 10], [1, 2, 3, 4], [6, 7, 9, 11]]",dprm_myopic,0.0029592397501872697,0.0029592397501872697,0.0029592397501872697,5.898786880762742e-05,6.261669002463385e-05,0.007913070834046278,"{""1"": 12, ""4"": 1}"
s0-i15,0,0f0b3f0704da3e55,"[[0, 5, 8, 10], [1, 2, 3, 4], [6, 7, 9, 11]]",dprm_rollout,0.0029592397501872697,0.0029592397501872697,0.0029592397501872697,5.898786880762742e-05,6.261669002463385e-05,0.007913070834046278,"{""1"": 12, ""4"": 1}"
s0-i15,0,3cc2bdc0b426f12f,"[[0, 3, 4, 5], [1, 2, 7, 10], [6, 8, 9, 11]]",subset_exact,1.0,1.0,1.0,0.01993324391127292,0.0,0.0,"{""1"": 13}"
s0-i15,0,3cc2bdc0b426f12f,"[[0, 3, 4, 5], [1, 2, 7, 10], [6, 8, 9, 11]]",subset_beam_8,1.0,1.0,1.0,0.01993324391127292,0.0,0.0,"{""1"": 13}"
s0-i15,0,3cc2bdc0b426f12f,"[[0, 3, 4, 5], [1, 2, 7, 10], [6, 8, 9, 11]]",subset_beam_32,1.0,1.0,1.0,0.01993324391127292,0.0,0.0,"{""1"": 13}"
s0-i15,0,3cc2bdc0b426f12f,"[[0, 3, 4, 5], [1, 2, 7, 10], [6, 8, 9, 11]]",saps_diagonal,1.0,1.0,1.0,0.01993324391127292,0.0,0.0,"{""1"": 13}"
s0-i15,0,3cc2bdc0b426f12f,"[[0, 3, 4, 5], [1, 2, 7, 10], [6, 8, 9, 11]]",p_saps_residualized,1.0,1.0,1.0,0.01993324391127292,0.0,0.0,"{""1"": 13}"
s0-i15,0,3cc2bdc0b426f12f,"[[0, 3, 4, 5], [1, 2, 7, 10], [6, 8, 9, 11]]",p_saps_projection,1.0,1.0,1.0,0.01993324391127292,0.0,0.0,"{""1"": 13}"
s0-i15,0,3cc2bdc0b426f12f,"[[0, 3, 4, 5], [1, 2, 7, 10], [6, 8, 9, 11]]",b_saps_budgeted,1.0,1.0,1.0,0.01993324391127292,0.0,0.0,"{""1"": 13}"
s0-i15,0,29af5d0e543d1cba,"[[0, 3, 4, 6], [1, 2, 7, 10], [5, 8, 9, 11]]",random_balanced,0.0029592397501872697,0.0029592397501872697,0.0029592397501872697,0.002742050238408272,1.2283547886082647e-05,-0.0035047892784135608,"{""1"": 12, ""2"": 1}"
s0-i15,0,e5c417694ad23c9d,"[[0, 3, 4, 9], [1, 2, 5, 6], [7, 8, 10, 11]]",confidence,0.0029592397501872697,0.0029592397501872697,0.0029592397501872697,0.002742050238408272,0.0,0.0,"{""1"": 12, ""2"": 1}"
s0-i15,0,cc68efe12c4fe1d6,"[[2, 3, 4, 9], [0, 1, 6, 8], [5, 7, 10, 11]]",entropy,0.0029592397501872697,0.0029592397501872697,0.0029592397501872697,0.002742050238408272,0.00022041091641486138,0.01484624250155107,"{""1"": 12, ""2"": 1}"
s0-i15,0,b6f8882245b2d7d2,"[[0, 1, 2, 11], [3, 4, 6, 9], [5, 7, 8, 10]]",dependency_cmi,0.0029592397501872697,0.0029592397501872697,0.0029592397501872697,0.0003272720357851782,0.00044512106269163626,0.021097892375581885,"{""1"": 12, ""3"": 1}"
s0-i15,0,887059e93b218d53,"[[2, 4, 5, 7], [6, 9, 10, 11], [0, 1, 3, 8]]",min_within_batch_tc,0.0029592397501872697,0.0029592397501872697,0.0029592397501872697,0.002742050238408272,1.870194183195801e-06,0.0013675504316827958,"{""1"": 12, ""2"": 1}"
s0-i15,0,0f0b3f0704da3e55,"[[0, 5, 8, 10], [1, 2, 3, 4], [6, 7, 9, 11]]",dprm_myopic,0.0029592397501872697,0.0029592397501872697,0.0029592397501872697,0.00029134101829638885,0.000744554624305843,0.0272865282567395,"{""1"": 12, ""4"": 1}"
s0-i15,0,0f0b3f0704da3e55,"[[0, 5, 8, 10], [1, 2, 3, 4], [6, 7, 9, 11]]",dprm_rollout,0.0029592397501872697,0.0029592397501872697,0.0029592397501872697,0.00029134101829638885,0.000744554624305843,0.0272865282567395,"{""1"": 12, ""4"": 1}"
s0-i15,0,3cc2bdc0b426f12f,"[[0, 3, 4, 5], [1, 2, 7, 10], [6, 8, 9, 11]]",subset_exact,1.0,1.0,1.0,0.09832187834349396,0.0,0.0,"{""1"": 13}"
s0-i15,0,3cc2bdc0b426f12f,"[[0, 3, 4, 5], [1, 2, 7, 10], [6, 8, 9, 11]]",subset_beam_8,1.0,1.0,1.0,0.09832187834349396,0.0,0.0,"{""1"": 13}"
s0-i15,0,3cc2bdc0b426f12f,"[[0, 3, 4, 5], [1, 2, 7, 10], [6, 8, 9, 11]]",subset_beam_32,1.0,1.0,1.0,0.09832187834349396,0.0,0.0,"{""1"": 13}"
s0-i15,0,3cc2bdc0b426f12f,"[[0, 3, 4, 5], [1, 2, 7, 10], [6, 8, 9, 11]]",saps_diagonal,1.0,1.0,1.0,0.09832187834349396,0.0,0.0,"{""1"": 13}"
s0-i15,0,3cc2bdc0b426f12f,"[[0, 3, 4, 5], [1, 2, 7, 10], [6, 8, 9, 11]]",p_saps_residualized,1.0,1.0,1.0,0.09832187834349396,0.0,0.0,"{""1"": 13}"
s0-i15,0,3cc2bdc0b426f12f,"[[0, 3, 4, 5], [1, 2, 7, 10], [6, 8, 9, 11]]",p_saps_projection,1.0,1.0,1.0,0.09832187834349396,0.0,0.0,"{""1"": 13}"
s0-i15,0,3cc2bdc0b426f12f,"[[0, 3, 4, 5], [1, 2, 7, 10], [6, 8, 9, 11]]",b_saps_budgeted,1.0,1.0,1.0,0.09832187834349396,0.0,0.0,"{""1"": 13}"
s0-i15,0,29af5d0e543d1cba,"[[0, 3, 4, 6], [1, 2, 7, 10], [5, 8, 9, 11]]",random_balanced,0.0029592397501872697,0.0029592397501872697,0.0029592397501872697,0.02215672007868253,0.9618691682091944,-0.9807492891708841,"{""1"": 12, ""2"": 1}"
s0-i15,0,e5c417694ad23c9d,"[[0, 3, 4, 9], [1, 2, 5, 6], [7, 8, 10, 11]]",confidence,0.0029592397501872697,0.0029592397501872697,0.0029592397501872697,0.02215672007868253,1.0009452015959046,-1.0004724891749421,"{""1"": 12, ""2"": 1}"
s0-i15,0,cc68efe12c4fe1d6,"[[2, 3, 4, 9], [0, 1, 6, 8], [5, 7, 10, 11]]",entropy,0.0029592397501872697,0.0029592397501872697,0.0029592397501872697,0.02215672007868253,0.00042289775995493664,0.02056447811044415,"{""1"": 12, ""2"": 1}"
s0-i15,0,b6f8882245b2d7d2,"[[0, 1, 2, 11], [3, 4, 6, 9], [5, 7, 8, 10]]",dependency_cmi,0.0029592397501872697,0.0029592397501872697,0.0029592397501872697,0.0017900895337872292,0.9143028895983546,-0.9561918686112921,"{""1"": 12, ""3"": 1}"
s0-i15,0,887059e93b218d53,"[[2, 4, 5, 7], [6, 9, 10, 11], [0, 1, 3, 8]]",min_within_batch_tc,0.0029592397501872697,0.0029592397501872697,0.0029592397501872697,0.02215672007868253,0.9628728565705621,-0.9812608504218244,"{""1"": 12, ""2"": 1}"
s0-i15,0,0f0b3f0704da3e55,"[[0, 5, 8, 10], [1, 2, 3, 4], [6, 7, 9, 11]]",dprm_myopic,0.0029592397501872697,0.0029592397501872697,0.0029592397501872697,0.0008723970327428977,0.9682352072305351,-0.983989434511639,"{""1"": 12, ""4"": 1}"
s0-i15,0,0f0b3f0704da3e55,"[[0, 5, 8, 10], [1, 2, 3, 4], [6, 7, 9, 11]]",dprm_rollout,0.0029592397501872697,0.0029592397501872697,0.0029592397501872697,0.0008723970327428977,0.9682352072305351,-0.983989434511639,"{""1"": 12, ""4"": 1}"
s0-i15,0,3cc2bdc0b426f12f,"[[0, 3, 4, 5], [1, 2, 7, 10], [6, 8, 9, 11]]",subset_exact,1.0,1.0,1.0,0.28466967854505804,1.0396475336027529,-1.019631077205257,"{""1"": 13}"
s0-i15,0,3cc2bdc0b426f12f,"[[0, 3, 4, 5], [1, 2, 7, 10], [6, 8, 9, 11]]",subset_beam_8,1.0,1.0,1.0,0.28466967854505804,1.0396475336027529,-1.019631077205257,"{""1"": 13}"
s0-i15,0,3cc2bdc0b426f12f,"[[0, 3, 4, 5], [1, 2, 7, 10], [6, 8, 9, 11]]",subset_beam_32,1.0,1.0,1.0,0.28466967854505804,1.0396475336027529,-1.019631077205257,"{""1"": 13}"
s0-i15,0,3cc2bdc0b426f12f,"[[0, 3, 4, 5], [1, 2, 7, 10], [6, 8, 9, 11]]",saps_diagonal,1.0,1.0,1.0,0.28466967854505804,1.0396475336027529,-1.019631077205257,"{""1"": 13}"
s0-i15,0,3cc2bdc0b426f12f,"[[0, 3, 4, 5], [1, 2, 7, 10], [6, 8, 9, 11]]",p_saps_residualized,1.0,1.0,1.0,0.28466967854505804,1.0396475336027529,-1.019631077205257,"{""1"": 13}"
s0-i15,0,3cc2bdc0b426f12f,"[[0, 3, 4, 5], [1, 2, 7, 10], [6, 8, 9, 11]]",p_saps_projection,1.0,1.0,1.0,0.28466967854505804,1.0396475336027529,-1.019631077205257,"{""1"": 13}"
s0-i15,0,3cc2bdc0b426f12f,"[[0, 3, 4, 5], [1, 2, 7, 10], [6, 8, 9, 11]]",b_saps_budgeted,1.0,1.0,1.0,0.28466967854505804,1.0396475336027529,-1.019631077205257,"{""1"": 13}"
s0-i15,0,4a26bb1d7237a3b4,"[[0, 4, 6], [1, 3, 10], [2, 7, 9], [5, 8, 11]]",random_balanced,0.0029592397501872697,0.0029592397501872697,0.0029592397501872697,0.0001583590319371194,0.00040230868415618145,-0.020057634061777612,"{""1"": 12, ""2"": 1}"
s0-i15,0,c68d3bf248375e9c,"[[0, 4, 9], [2, 3, 6], [1, 5, 10], [7, 8, 11]]",confidence,1.0,1.0,1.0,0.01993324391127292,0.0,0.0,"{""1"": 13}"
s0-i15,0,2a6a18546acdf6e1,"[[3, 4, 9], [0, 2, 6], [1, 8, 11], [5, 7, 10]]",entropy,0.0029592397501872697,0.0029592397501872697,0.0029592397501872697,0.0001583590319371194,0.0,0.0,"{""1"": 12, ""2"": 1}"
s0-i15,0,a420085c349b13dc,"[[0, 1, 2], [3, 4, 6], [5, 7, 8], [9, 10, 11]]",dependency_cmi,1.0,1.0,1.0,0.01993324391127292,0.0,0.0,"{""1"": 13}"
s0-i15,0,827943cf62e6220e,"[[2, 4, 5], [6, 7, 8], [9, 10, 11], [0, 1, 3]]",min_within_batch_tc,1.0,1.0,1.0,0.01993324391127292,0.0,0.0,"{""1"": 13}"
s0-i15,0,2e673b3a616dc3c8,"[[0, 5, 8], [1, 2, 10], [3, 4, 6], [7, 9, 11]]",dprm_myopic,1.0,1.0,1.0,0.01993324391127292,0.000527219078118737,-0.02296125166707462,"{""1"": 13}"
s0-i15,0,2e673b3a616dc3c8,"[[0, 5, 8], [1, 2, 10], [3, 4, 6], [7, 9, 11]]",dprm_rollout,1.0,1.0,1.0,0.01993324391127292,0.000527219078118737,-0.02296125166707462,"{""1"": 13}"
s0-i15,0,9bc60e1a239de5ea,"[[0, 4, 5], [1, 3, 10], [2, 7, 9], [6, 8, 11]]",subset_exact,1.0,1.0,1.0,0.01993324391127292,7.093013154763785e-05,-0.008422002822822957,"{""1"": 13}"
s0-i15,0,9bc60e1a239de5ea,"[[0, 4, 5], [1, 3, 10], [2, 7, 9], [6, 8, 11]]",subset_beam_8,1.0,1.0,1.0,0.01993324391127292,7.093013154763785e-05,-0.008422002822822957,"{""1"": 13}"
s0-i15,0,9bc60e1a239de5ea,"[[0, 4, 5], [1, 3, 10], [2, 7, 9], [6, 8, 11]]",subset_beam_32,1.0,1.0,1.0,0.01993324391127292,7.093013154763785e-05,-0.008422002822822957,"{""1"": 13}"
s0-i15,0,9bc60e1a239de5ea,"[[0, 4, 5], [1, 3, 10], [2, 7, 9], [6, 8, 11]]",saps_diagonal,1.0,1.0,1.0,0.01993324391127292,7.093013154763785e-05,-0.008422002822822957,"{""1"": 13}"
s0-i15,0,9bc60e1a239de5ea,"[[0, 4, 5], [1, 3, 10], [2, 7, 9], [6, 8, 11]]",p_saps_residualized,1.0,1.0,1.0,0.01993324391127292,7.093013154763785e-05,-0.008422002822822957,"{""1"": 13}"
s0-i15,0,9bc60e1a239de5ea,"[[0, 4, 5], [1, 3, 10], [2, 7, 9], [6, 8, 11]]",p_saps_projection,1.0,1.0,1.0,0.01993324391127292,7.093013154763785e-05,-0.008422002822822957,"{""1"": 13}"
s0-i15,0,9bc60e1a239de5ea,"[[0, 4, 5], [1, 3, 10], [2, 7, 9], [6, 8, 11]]",b_saps_budgeted,1.0,1.0,1.0,0.01993324391127292,7.093013154763785e-05,-0.008422002822822957,"{""1"": 13}"
s0-i15,0,4a26bb1d7237a3b4,"[[0, 4, 6], [1, 3, 10], [2, 7, 9], [5, 8, 11]]",random_balanced,0.0029592397501872697,0.0029592397501872697,0.0029592397501872697,0.002742050238408272,4.7545327996484986e-05,0.006895312030393185,"{""1"": 12, ""2"": 1}"
s0-i15,0,c68d3bf248375e9c,"[[0, 4, 9], [2, 3, 6], [1, 5, 10], [7, 8, 11]]",confidence,1.0,1.0,1.0,0.09832187834349396,0.00022041091641486138,0.01484624250155107,"{""1"": 13}"
s0-i15,0,2a6a18546acdf6e1,"[[3, 4, 9], [0, 2, 6], [1, 8, 11], [5, 7, 10]]",entropy,0.0029592397501872697,0.0029592397501872697,0.0029592397501872697,0.002742050238408272,1.0303672081135595,1.0150700508406105,"{""1"": 12, ""2"": 1}"
s0-i15,0,a420085c349b13dc,"[[0, 1, 2], [3, 4, 6], [5, 7, 8], [9, 10, 11]]",dependency_cmi,1.0,1.0,1.0,0.09832187834349396,1.6414434956647426e-05,-0.004051473183503431,"{""1"": 13}"
s0-i15,0,827943cf62e6220e,"[[2, 4, 5], [6, 7, 8], [9, 10, 11], [0, 1, 3]]",min_within_batch_tc,1.0,1.0,1.0,0.09832187834349396,4.362897103421398e-05,-0.006605223011694153,"{""1"": 13}"
s0-i15,0,2e673b3a616dc3c8,"[[0, 5, 8], [1, 2, 10], [3, 4, 6], [7, 9, 11]]",dprm_myopic,1.0,1.0,1.0,0.09832187834349396,0.00023393710771447472,0.015295002703970821,"{""1"": 13}"
s0-i15,0,2e673b3a616dc3c8,"[[0, 5, 8], [1, 2, 10], [3, 4, 6], [7, 9, 11]]",dprm_rollout,1.0,1.0,1.0,0.09832187834349396,0.00023393710771447472,0.015295002703970821,"{""1"": 13}"
s0-i15,0,9bc60e1a239de5ea,"[[0, 4, 5], [1, 3, 10], [2, 7, 9], [6, 8, 11]]",subset_exact,1.0,1.0,1.0,0.09832187834349396,0.00010816210723344383,0.010400101308806748,"{""1"": 13}"
s0-i15,0,9bc60e1a239de5ea,"[[0, 4, 5], [1, 3, 10], [2, 7, 9], [6, 8, 11]]",subset_beam_8,1.0,1.0,1.0,0.09832187834349396,0.00010816210723344383,0.010400101308806748,"{""1"": 13}"
s0-i15,0,9bc60e1a239de5ea,"[[0, 4, 5], [1, 3, 10], [2, 7, 9], [6, 8, 11]]",subset_beam_32,1.0,1.0,1.0,0.09832187834349396,0.00010816210723344383,0.010400101308806748,"{""1"": 13}"
s0-i15,0,9bc60e1a239de5ea,"[[0, 4, 5], [1, 3, 10], [2, 7, 9], [6, 8, 11]]",saps_diagonal,1.0,1.0,1.0,0.09832187834349396,0.00010816210723344383,0.010400101308806748,"{""1"": 13}"
s0-i15,0,9bc60e1a239de5ea,"[[0, 4, 5], [1, 3, 10], [2, 7, 9], [6, 8, 11]]",p_saps_residualized,1.0,1.0,1.0,0.09832187834349396,0.00010816210723344383,0.010400101308806748,"{""1"": 13}"
s0-i15,0,9bc60e1a239de5ea,"[[0, 4, 5], [1, 3, 10], [2, 7, 9], [6, 8, 11]]",p_saps_projection,1.0,1.0,1.0,0.09832187834349396,0.00010816210723344383,0.010400101308806748,"{""1"": 13}"
s0-i15,0,9bc60e1a239de5ea,"[[0, 4, 5], [1, 3, 10], [2, 7, 9], [6, 8, 11]]",b_saps_budgeted,1.0,1.0,1.0,0.09832187834349396,0.00010816210723344383,0.010400101308806748,"{""1"": 13}"
s0-i15,0,4a26bb1d7237a3b4,"[[0, 4, 6], [1, 3, 10], [2, 7, 9], [5, 8, 11]]",random_balanced,0.0029592397501872697,0.0029592397501872697,0.0029592397501872697,0.02215672007868253,1.0025202856471547,-1.0012593498425644,"{""1"": 12, ""2"": 1}"
s0-i15,0,c68d3bf248375e9c,"[[0, 4, 9], [2, 3, 6], [1, 5, 10], [7, 8, 11]]",confidence,1.0,1.0,1.0,0.28466967854505804,0.9824981583200828,-0.9912104510748879,"{""1"": 13}"
s0-i15,0,2a6a18546acdf6e1,"[[3, 4, 9], [0, 2, 6], [1, 8, 11], [5, 7, 10]]",entropy,0.0029592397501872697,0.0029592397501872697,0.0029592397501872697,0.02215672007868253,0.9631194046863205,-0.9813864706048889,"{""1"": 12, ""2"": 1}"
s0-i15,0,a420085c349b13dc,"[[0, 1, 2], [3, 4, 6], [5, 7, 8], [9, 10, 11]]",dependency_cmi,1.0,1.0,1.0,0.28466967854505804,1.0593268096119552,-1.0292360320217881,"{""1"": 13}"
s0-i15,0,827943cf62e6220e,"[[2, 4, 5], [6, 7, 8], [9, 10, 11], [0, 1, 3]]",min_within_batch_tc,1.0,1.0,1.0,0.28466967854505804,0.0002236389987456209,-0.01495456447863397,"{""1"": 13}"
s0-i15,0,2e673b3a616dc3c8,"[[0, 5, 8], [1, 2, 10], [3, 4, 6], [7, 9, 11]]",dprm_myopic,1.0,1.0,1.0,0.28466967854505804,0.9858516396396285,-0.9929006192160565,"{""1"": 13}"
s0-i15,0,2e673b3a616dc3c8,"[[0, 5, 8], [1, 2, 10], [3, 4, 6], [7, 9, 11]]",dprm_rollout,1.0,1.0,1.0,0.28466967854505804,0.9858516396396285,-0.9929006192160565,"{""1"": 13}"
s0-i15,0,9bc60e1a239de5ea,"[[0, 4, 5], [1, 3, 10], [2, 7, 9], [6, 8, 11]]",subset_exact,1.0,1.0,1.0,0.28466967854505804,0.9905018046540416,-0.9952395714872081,"{""1"": 13}"
s0-i15,0,9bc60e1a239de5ea,"[[0, 4, 5], [1, 3, 10], [2, 7, 9], [6, 8, 11]]",subset_beam_8,1.0,1.0,1.0,0.28466967854505804,0.9905018046540416,-0.9952395714872081,"{""1"": 13}"
s0-i15,0,9bc60e1a239de5ea,"[[0, 4, 5], [1, 3, 10], [2, 7, 9], [6, 8, 11]]",subset_beam_32,1.0,1.0,1.0,0.28466967854505804,0.9905018046540416,-0.9952395714872081,"{""1"": 13}"
s0-i15,0,9bc60e1a239de5ea,"[[0, 4, 5], [1, 3, 10], [2, 7, 9], [6, 8, 11]]",saps_diagonal,1.0,1.0,1.0,0.28466967854505804,0.9905018046540416,-0.9952395714872081,"{""1"": 13}"
s0-i15,0,9bc60e1a239de5ea,"[[0, 4, 5], [1, 3, 10], [2, 7, 9], [6, 8, 11]]",p_saps_residualized,1.0,1.0,1.0,0.28466967854505804,0.9905018046540416,-0.9952395714872081,"{""1"": 13}"
s0-i15,0,9bc60e1a239de5ea,"[[0, 4, 5], [1, 3, 10], [2, 7, 9], [6, 8, 11]]",p_saps_projection,1.0,1.0,1.0,0.28466967854505804,0.9905018046540416,-0.9952395714872081,"{""1"": 13}"
s0-i15,0,9bc60e1a239de5ea,"[[0, 4, 5], [1, 3, 10], [2, 7, 9], [6, 8, 11]]",b_saps_budgeted,1.0,1.0,1.0,0.28466967854505804,0.9905018046540416,-0.9952395714872081,"{""1"": 13}"
s1-i0,1,2516301160cf1942,"[[0, 1, 2, 3, 4, 5, 6, 7, 8, 9, 10, 11]]",random_balanced,0.9999999999999999,0.9999999999999999,0.9999999999999999,0.019933243911272918,3.574014035815557,1.8905062908690775,"{""1"": 12}"
s1-i0,1,2516301160cf1942,"[[0, 1, 2, 3, 4, 5, 6, 7, 8, 9, 10, 11]]",confidence,0.9999999999999999,0.9999999999999999,0.9999999999999999,0.019933243911272918,3.574014035815557,1.8905062908690775,"{""1"": 12}"
s1-i0,1,2516301160cf1942,"[[0, 1, 2, 3, 4, 5, 6, 7, 8, 9, 10, 11]]",entropy,0.9999999999999999,0.9999999999999999,0.9999999999999999,0.019933243911272918,3.574014035815557,1.8905062908690775,"{""1"": 12}"
s1-i0,1,2516301160cf1942,"[[0, 1, 2, 3, 4, 5, 6, 7, 8, 9, 10, 11]]",dependency_cmi,0.9999999999999999,0.9999999999999999,0.9999999999999999,0.019933243911272918,3.574014035815557,1.8905062908690775,"{""1"": 12}"
s1-i0,1,2516301160cf1942,"[[0, 1, 2, 3, 4, 5, 6, 7, 8, 9, 10, 11]]",min_within_batch_tc,0.9999999999999999,0.9999999999999999,0.9999999999999999,0.019933243911272918,3.574014035815557,1.8905062908690775,"{""1"": 12}"
s1-i0,1,2516301160cf1942,"[[0, 1, 2, 3, 4, 5, 6, 7, 8, 9, 10, 11]]",dprm_myopic,0.9999999999999999,0.9999999999999999,0.9999999999999999,0.019933243911272918,3.574014035815557,1.8905062908690775,"{""1"": 12}"
s1-i0,1,2516301160cf1942,"[[0, 1, 2, 3, 4, 5, 6, 7, 8, 9, 10, 11]]",dprm_rollout,0.9999999999999999,0.9999999999999999,0.9999999999999999,0.019933243911272918,3.574014035815557,1.8905062908690775,"{""1"": 12}"
s1-i0,1,2516301160cf1942,"[[0, 1, 2, 3, 4, 5, 6, 7, 8, 9, 10, 11]]",subset_exact,0.9999999999999999,0.9999999999999999,0.9999999999999999,0.019933243911272918,3.574014035815557,1.8905062908690775,"{""1"": 12}"
s1-i0,1,2516301160cf1942,"[[0, 1, 2, 3, 4, 5, 6, 7, 8, 9, 10, 11]]",subset_beam_8,0.9999999999999999,0.9999999999999999,0.9999999999999999,0.019933243911272918,3.574014035815557,1.8905062908690775,"{""1"": 12}"
s1-i0,1,2516301160cf1942,"[[0, 1, 2, 3, 4, 5, 6, 7, 8, 9, 10, 11]]",subset_beam_32,0.9999999999999999,0.9999999999999999,0.9999999999999999,0.019933243911272918,3.574014035815557,1.8905062908690775,"{""1"": 12}"
s1-i0,1,2516301160cf1942,"[[0, 1, 2, 3, 4, 5, 6, 7, 8, 9, 10, 11]]",saps_diagonal,0.9999999999999999,0.9999999999999999,0.9999999999999999,0.019933243911272918,3.574014035815557,1.8905062908690775,"{""1"": 12}"
s1-i0,1,2516301160cf1942,"[[0, 1, 2, 3, 4, 5, 6, 7, 8, 9, 10, 11]]",p_saps_residualized,0.9999999999999999,0.9999999999999999,0.9999999999999999,0.019933243911272918,3.574014035815557,1.8905062908690775,"{""1"": 12}"
s1-i0,1,2516301160cf1942,"[[0, 1, 2, 3, 4, 5, 6, 7, 8, 9, 10, 11]]",p_saps_projection,0.9999999999999999,0.9999999999999999,0.9999999999999999,0.019933243911272918,3.574014035815557,1.8905062908690775,"{""1"": 12}"
s1-i0,1,2516301160cf1942,"[[0, 1, 2, 3, 4, 5, 6, 7, 8, 9, 10, 11]]",b_saps_budgeted,0.9999999999999999,0.9999999999999999,0.9999999999999999,0.019933243911272918,3.574014035815557,1.8905062908690775,"{""1"": 12}"
s1-i0,1,2516301160cf1942,"[[0, 1, 2, 3, 4, 5, 6, 7, 8, 9, 10, 11]]",random_balanced,0.9999999999999999,0.9999999999999999,0.9999999999999999,0.09832187834349394,14.389876086657669,3.7933990149544865,"{""1"": 12}"
s1-i0,1,2516301160cf1942,"[[0, 1, 2, 3, 4, 5, 6, 7, 8, 9, 10, 11]]",confidence,0.9999999999999999,0.9999999999999999,0.9999999999999999,0.09832187834349394,14.389876086657669,3.7933990149544865,"{""1"": 12}"
s1-i0,1,2516301160cf1942,"[[0, 1, 2, 3, 4, 5, 6, 7, 8, 9, 10, 11]]",entropy,0.9999999999999999,0.9999999999999999,0.9999999999999999,0.09832187834349394,14.389876086657669,3.7933990149544865,"{""1"": 12}"
s1-i0,1,2516301160cf1942,"[[0, 1, 2, 3, 4, 5, 6, 7, 8, 9, 10, 11]]",dependency_cmi,0.9999999999999999,0.9999999999999999,0.9999999999999999,0.09832187834349394,14.389876086657669,3.7933990149544865,"{""1"": 12}"
s1-i0,1,2516301160cf1942,"[[0, 1, 2, 3, 4, 5, 6, 7, 8, 9, 10, 11]]",min_within_batch_tc,0.9999999999999999,0.9999999999999999,0.9999999999999999,0.09832187834349394,14.389876086657669,3.7933990149544865,"{""1"": 12}"
s1-i0,1,2516301160cf1942,"[[0, 1, 2, 3, 4, 5, 6, 7, 8, 9, 10, 11]]",dprm_myopic,0.9999999999999999,0.9999999999999999,0.9999999999999999,0.09832187834349394,14.389876086657669,3.7933990149544865,"{""1"": 12}"
s1-i0,1,2516301160cf1942,"[[0, 1, 2, 3, 4, 5, 6, 7, 8, 9, 10, 11]]",dprm_rollout,0.9999999999999999,0.9999999999999999,0.9999999999999999,0.09832187834349394,14.389876086657669,3.7933990149544865,"{""1"": 12}"
s1-i0,1,2516301160cf1942,"[[0, 1, 2, 3, 4, 5, 6, 7, 8, 9, 10, 11]]",subset_exact,0.9999999999999999,0.9999999999999999,0.9999999999999999,0.09832187834349394,14.389876086657669,3.7933990149544865,"{""1"": 12}"
s1-i0,1,2516301160cf1942,"[[0, 1, 2, 3, 4, 5, 6, 7, 8, 9, 10, 11]]",subset_beam_8,0.9999999999999999,0.9999999999999999,0.9999999999999999,0.09832187834349394,14.389876086657669,3.7933990149544865,"{""1"": 12}"
s1-i0,1,2516301160cf1942,"[[0, 1, 2, 3, 4, 5, 6, 7, 8, 9, 10, 11]]",subset_beam_32,0.9999999999999999,0.9999999999999999,0.9999999999999999,0.09832187834349394,14.389876086657669,3.7933990149544865,"{""1"": 12}"
s1-i0,1,2516301160cf1942,"[[0, 1, 2, 3, 4, 5, 6, 7, 8, 9, 10, 11]]",saps_diagonal,0.9999999999999999,0.9999999999999999,0.9999999999999999,0.09832187834349394,14.389876086657669,3.7933990149544865,"{""1"": 12}"
s1-i0,1,2516301160cf1942,"[[0, 1, 2, 3, 4, 5, 6, 7, 8, 9, 10, 11]]",p_saps_residualized,0.9999999999999999,0.9999999999999999,0.9999999999999999,0.09832187834349394,14.389876086657669,3.7933990149544865,"{""1"": 12}"
s1-i0,1,2516301160cf1942,"[[0, 1, 2, 3, 4, 5, 6, 7, 8, 9, 10, 11]]",p_saps_projection,0.9999999999999999,0.9999999999999999,0.9999999999999999,0.09832187834349394,14.389876086657669,3.7933990149544865,"{""1"": 12}"
s1-i0,1,2516301160cf1942,"[[0, 1, 2, 3, 4, 5, 6, 7, 8, 9, 10, 11]]",b_saps_budgeted,0.9999999999999999,0.9999999999999999,0.9999999999999999,0.09832187834349394,14.389876086657669,3.7933990149544865,"{""1"": 12}"
s1-i0,1,2516301160cf1942,"[[0, 1, 2, 3, 4, 5, 6, 7, 8, 9, 10, 11]]",random_balanced,0.9999999999999999,0.9999999999999999,0.9999999999999999,0.28466967854505804,1.6009950486182116,1.265304330435256,"{""1"": 12}"
s1-i0,1,2516301160cf1942,"[[0, 1, 2, 3, 4, 5, 6, 7, 8, 9, 10, 11]]",confidence,0.9999999999999999,0.9999999999999999,0.9999999999999999,0.28466967854505804,1.6009950486182116,1.265304330435256,"{""1"": 12}"
s1-i0,1,2516301160cf1942,"[[0, 1, 2, 3, 4, 5, 6, 7, 8, 9, 10, 11]]",entropy,0.9999999999999999,0.9999999999999999,0.9999999999999999,0.28466967854505804,1.6009950486182116,1.265304330435256,"{""1"": 12}"
s1-i0,1,2516301160cf1942,"[[0, 1, 2, 3, 4, 5, 6, 7, 8, 9, 10, 11]]",dependency_cmi,0.9999999999999999,0.9999999999999999,0.9999999999999999,0.28466967854505804,1.6009950486182116,1.265304330435256,"{""1"": 12}"
s1-i0,1,2516301160cf1942,"[[0, 1, 2, 3, 4, 5, 6, 7, 8, 9, 10, 11]]",min_within_batch_tc,0.9999999999999999,0.9999999999999999,0.9999999999999999,0.28466967854505804,1.6009950486182116,1.265304330435256,"{""1"": 12}"
s1-i0,1,2516301160cf1942,"[[0, 1, 2, 3, 4, 5, 6, 7, 8, 9, 10, 11]]",dprm_myopic,0.9999999999999999,0.9999999999999999,0.9999999999999999,0.28466967854505804,1.6009950486182116,1.265304330435256,"{""1"": 12}"
s1-i0,1,2516301160cf1942,"[[0, 1, 2, 3, 4, 5, 6, 7, 8, 9, 10, 11]]",dprm_rollout,0.9999999999999999,0.9999999999999999,0.9999999999999999,0.28466967854505804,1.6009950486182116,1.265304330435256,"{""1"": 12}"
s1-i0,1,2516301160cf1942,"[[0, 1, 2, 3, 4, 5, 6, 7, 8, 9, 10, 11]]",subset_exact,0.9999999999999999,0.9999999999999999,0.9999999999999999,0.28466967854505804,1.6009950486182116,1.265304330435256,"{""1"": 12}"
s1-i0,1,2516301160cf1942,"[[0, 1, 2, 3, 4, 5, 6, 7, 8, 9, 10, 11]]",subset_beam_8,0.9999999999999999,0.9999999999999999,0.9999999999999999,0.28466967854505804,1.6009950486182116,1.265304330435256,"{""1"": 12}"
s1-i0,1,2516301160cf1942,"[[0, 1, 2, 3, 4, 5, 6, 7, 8, 9, 10, 11]]",subset_beam_32,0.9999999999999999,0.9999999999999999,0.9999999999999999,0.28466967854505804,1.6009950486182116,1.265304330435256,"{""1"": 12}"
s1-i0,1,2516301160cf1942,"[[0, 1, 2, 3, 4, 5, 6, 7, 8, 9, 10, 11]]",saps_diagonal,0.9999999999999999,0.9999999999999999,0.9999999999999999,0.28466967854505804,1.6009950486182116,1.265304330435256,"{""1"": 12}"
s1-i0,1,2516301160cf1942,"[[0, 1, 2, 3, 4, 5, 6, 7, 8, 9, 10, 11]]",p_saps_residualized,0.9999999999999999,0.9999999999999999,0.9999999999999999,0.28466967854505804,1.6009950486182116,1.265304330435256,"{""1"": 12}"
s1-i0,1,2516301160cf1942,"[[0, 1, 2, 3, 4, 5, 6, 7, 8, 9, 10, 11]]",p_saps_projection,0.9999999999999999,0.9999999999999999,0.9999999999999999,0.28466967854505804,1.6009950486182116,1.265304330435256,"{""1"": 12}"
s1-i0,1,2516301160cf1942,"[[0, 1, 2, 3, 4, 5, 6, 7, 8, 9, 10, 11]]",b_saps_budgeted,0.9999999999999999,0.9999999999999999,0.9999999999999999,0.28466967854505804,1.6009950486182116,1.265304330435256,"{""1"": 12}"
s1-i0,1,a680a689e0742c7e,"[[0, 3, 5, 7, 8, 10], [1, 2, 4, 6, 9, 11]]",random_balanced,0.9999999999999999,0.9999999999999999,0.9999999999999999,0.019933243911272918,3.574014035815557,1.8905062908690775,"{""1"": 12}"
s1-i0,1,5f63b9c50d4f8b71,"[[0, 4, 6, 9, 10, 11], [1, 2, 3, 5, 7, 8]]",confidence,0.9999999999999999,0.9999999999999999,0.9999999999999999,0.019933243911272918,0.0,0.0,"{""1"": 12}"
s1-i0,1,4aecd0182a00725c,"[[0, 4, 7, 9, 10, 11], [1, 2, 3, 5, 6, 8]]",entropy,0.9999999999999999,0.9999999999999999,0.9999999999999999,0.019933243911272918,0.0,0.0,"{""1"": 12}"
s1-i0,1,bfeb31f6a7ace4d8,"[[1, 2, 3, 4, 5, 6], [0, 7, 8, 9, 10, 11]]",dependency_cmi,0.9999999999999999,0.9999999999999999,0.9999999999999999,0.019933243911272918,13.306630721484012,3.647825478484958,"{""1"": 12}"
s1-i0,1,1c394e17a0eb4456,"[[1, 7, 8, 9, 10, 11], [0, 2, 3, 4, 5, 6]]",min_within_batch_tc,0.9999999999999999,0.9999999999999999,0.9999999999999999,0.019933243911272918,3.574014035815557,1.8905062908690775,"{""1"": 12}"
s1-i0,1,65cd73210213c5d5,"[[0, 1, 2, 3, 4, 5], [6, 7, 8, 9, 10, 11]]",dprm_myopic,0.9999999999999999,0.9999999999999999,0.9999999999999999,0.019933243911272918,3.574014035815557,1.8905062908690775,"{""1"": 12}"
s1-i0,1,65cd73210213c5d5,"[[0, 1, 2, 3, 4, 5], [6, 7, 8, 9, 10, 11]]",dprm_rollout,0.9999999999999999,0.9999999999999999,0.9999999999999999,0.019933243911272918,3.574014035815557,1.8905062908690775,"{""1"": 12}"
s1-i0,1,a680a689e0742c7e,"[[0, 3, 5, 7, 8, 10], [1, 2, 4, 6, 9, 11]]",subset_exact,0.9999999999999999,0.9999999999999999,0.9999999999999999,0.019933243911272918,3.574014035815557,1.8905062908690775,"{""1"": 12}"
s1-i0,1,a680a689e0742c7e,"[[0, 3, 5, 7, 8, 10], [1, 2, 4, 6, 9, 11]]",subset_beam_8,0.9999999999999999,0.9999999999999999,0.9999999999999999,0.019933243911272918,3.574014035815557,1.8905062908690775,"{""1"": 12}"
s1-i0,1,a680a689e0742c7e,"[[0, 3, 5, 7, 8, 10], [1, 2, 4, 6, 9, 11]]",subset_beam_32,0.9999999999999999,0.9999999999999999,0.9999999999999999,0.019933243911272918,3.574014035815557,1.8905062908690775,"{""1"": 12}"
s1-i0,1,a680a689e0742c7e,"[[0, 3, 5, 7, 8, 10], [1, 2, 4, 6, 9, 11]]",saps_diagonal,0.9999999999999999,0.9999999999999999,0.9999999999999999,0.019933243911272918,3.574014035815557,1.8905062908690775,"{""1"": 12}"
s1-i0,1,a680a689e0742c7e,"[[0, 3, 5, 7, 8, 10], [1, 2, 4, 6, 9, 11]]",p_saps_residualized,0.9999999999999999,0.9999999999999999,0.9999999999999999,0.019933243911272918,3.574014035815557,1.8905062908690775,"{""1"": 12}"
s1-i0,1,a680a689e0742c7e,"[[0, 3, 5, 7, 8, 10], [1, 2, 4, 6, 9, 11]]",p_saps_projection,0.9999999999999999,0.9999999999999999,0.9999999999999999,0.019933243911272918,3.574014035815557,1.8905062908690775,"{""1"": 12}"
s1-i0,1,a680a689e0742c7e,"[[0, 3, 5, 7, 8, 10], [1, 2, 4, 6, 9, 11]]",b_saps_budgeted,0.9999999999999999,0.9999999999999999,0.9999999999999999,0.019933243911272918,3.574014035815557,1.8905062908690775,"{""1"": 12}"
s1-i0,1,a680a689e0742c7e,"[[0, 3, 5, 7, 8, 10], [1, 2, 4, 6, 9, 11]]",random_balanced,0.9999999999999999,0.9999999999999999,0.9999999999999999,0.09832187834349394,14.389876086657669,3.7933990149544865,"{""1"": 12}"
s1-i0,1,5f63b9c50d4f8b71,"[[0, 4, 6, 9, 10, 11], [1, 2, 3, 5, 7, 8]]",confidence,0.9999999999999999,0.9999999999999999,0.9999999999999999,0.09832187834349394,4.564302892712851,2.1364229199090827,"{""1"": 12}"
s1-i0,1,4aecd0182a00725c,"[[0, 4, 7, 9, 10, 11], [1, 2, 3, 5, 6, 8]]",entropy,0.9999999999999999,0.9999999999999999,0.9999999999999999,0.09832187834349394,16.3260972563775,4.040556552800307,"{""1"": 12}"
s1-i0,1,bfeb31f6a7ace4d8,"[[1, 2, 3, 4, 5, 6], [0, 7, 8, 9, 10, 11]]",dependency_cmi,0.9999999999999999,0.9999999999999999,0.9999999999999999,0.09832187834349394,28.626474524804657,5.350371438022285,"{""1"": 12}"
s1-i0,1,1c394e17a0eb4456,"[[1, 7, 8, 9, 10, 11], [0, 2, 3, 4, 5, 6]]",min_within_batch_tc,0.9999999999999999,0.9999999999999999,0.9999999999999999,0.09832187834349394,14.389876086657669,3.7933990149544865,"{""1"": 12}"
s1-i0,1,65cd73210213c5d5,"[[0, 1, 2, 3, 4, 5], [6, 7, 8, 9, 10, 11]]",dprm_myopic,0.9999999999999999,0.9999999999999999,0.9999999999999999,0.09832187834349394,44.09371424773357,6.640309800584125,"{""1"": 12}"
s1-i0,1,65cd73210213c5d5,"[[0, 1, 2, 3, 4, 5], [6, 7, 8, 9, 10, 11]]",dprm_rollout,0.9999999999999999,0.9999999999999999,0.9999999999999999,0.09832187834349394,44.09371424773357,6.640309800584125,"{""1"": 12}"
s1-i0,1,a680a689e0742c7e,"[[0, 3, 5, 7, 8, 10], [1, 2, 4, 6, 9, 11]]",subset_exact,0.9999999999999999,0.9999999999999999,0.9999999999999999,0.09832187834349394,14.389876086657669,3.7933990149544865,"{""1"": 12}"
s1-i0,1,a680a689e0742c7e,"[[0, 3, 5, 7, 8, 10], [1, 2, 4, 6, 9, 11]]",subset_beam_8,0.9999999999999999,0.9999999999999999,0.9999999999999999,0.09832187834349394,14.389876086657669,3.7933990149544865,"{""1"": 12}"
s1-i0,1,a680a689e0742c7e,"[[0, 3, 5, 7, 8, 10], [1, 2, 4, 6, 9, 11]]",subset_beam_32,0.9999999999999999,0.9999999999999999,0.9999999999999999,0.09832187834349394,14.389876086657669,3.7933990149544865,"{""1"": 12}"
s1-i0,1,a680a689e0742c7e,"[[0, 3, 5, 7, 8, 10], [1, 2, 4, 6, 9, 11]]",saps_diagonal,0.9999999999999999,0.9999999999999999,0.9999999999999999,0.09832187834349394,14.389876086657669,3.7933990149544865,"{""1"": 12}"
s1-i0,1,a680a689e0742c7e,"[[0, 3, 5, 7, 8, 10], [1, 2, 4, 6, 9, 11]]",p_saps_residualized,0.9999999999999999,0.9999999999999999,0.9999999999999999,0.09832187834349394,14.389876086657669,3.7933990149544865,"{""1"": 12}"
s1-i0,1,a680a689e0742c7e,"[[0, 3, 5, 7, 8, 10], [1, 2, 4, 6, 9, 11]]",p_saps_projection,0.9999999999999999,0.9999999999999999,0.9999999999999999,0.09832187834349394,14.389876086657669,3.7933990149544865,"{""1"": 12}"
s1-i0,1,a680a689e0742c7e,"[[0, 3, 5, 7, 8, 10], [1, 2, 4, 6, 9, 11]]",b_saps_budgeted,0.9999999999999999,0.9999999999999999,0.9999999999999999,0.09832187834349394,14.389876086657669,3.7933990149544865,"{""1"": 12}"
s1-i0,1,a680a689e0742c7e,"[[0, 3, 5, 7, 8, 10], [1, 2, 4, 6, 9, 11]]",random_balanced,0.9999999999999999,0.9999999999999999,0.9999999999999999,0.28466967854505804,1.8519993717975198,1.3608818360892028,"{""1"": 12}"
s1-i0,1,5f63b9c50d4f8b71,"[[0, 4, 6, 9, 10, 11], [1, 2, 3, 5, 7, 8]]",confidence,0.9999999999999999,0.9999999999999999,0.9999999999999999,0.28466967854505804,0.8068828809957062,0.8982665979516917,"{""1"": 12}"
s1-i0,1,4aecd0182a00725c,"[[0, 4, 7, 9, 10, 11], [1, 2, 3, 5, 6, 8]]",entropy,0.9999999999999999,0.9999999999999999,0.9999999999999999,0.28466967854505804,1.6009950486182116,1.265304330435256,"{""1"": 12}"
s1-i0,1,bfeb31f6a7ace4d8,"[[1, 2, 3, 4, 5, 6], [0, 7, 8, 9, 10, 11]]",dependency_cmi,0.9999999999999999,0.9999999999999999,0.9999999999999999,0.28466967854505804,0.009135059587030136,-0.09557750565394629,"{""1"": 12}"
s1-i0,1,1c394e17a0eb4456,"[[1, 7, 8, 9, 10, 11], [0, 2, 3, 4, 5, 6]]",min_within_batch_tc,0.9999999999999999,0.9999999999999999,0.9999999999999999,0.28466967854505804,2.291033060594487,1.5136158893835936,"{""1"": 12}"
s1-i0,1,65cd73210213c5d5,"[[0, 1, 2, 3, 4, 5], [6, 7, 8, 9, 10, 11]]",dprm_myopic,0.9999999999999999,0.9999999999999999,0.9999999999999999,0.28466967854505804,0.0,0.0,"{""1"": 12}"
s1-i0,1,65cd73210213c5d5,"[[0, 1, 2, 3, 4, 5], [6, 7, 8, 9, 10, 11]]",dprm_rollout,0.9999999999999999,0.9999999999999999,0.9999999999999999,0.28466967854505804,0.0,0.0,"{""1"": 12}"
s1-i0,1,a680a689e0742c7e,"[[0, 3, 5, 7, 8, 10], [1, 2, 4, 6, 9, 11]]",subset_exact,0.9999999999999999,0.9999999999999999,0.9999999999999999,0.28466967854505804,1.8519993717975198,1.3608818360892028,"{""1"": 12}"
s1-i0,1,a680a689e0742c7e,"[[0, 3, 5, 7, 8, 10], [1, 2, 4, 6, 9, 11]]",subset_beam_8,0.9999999999999999,0.9999999999999999,0.9999999999999999,0.28466967854505804,1.8519993717975198,1.3608818360892028,"{""1"": 12}"
s1-i0,1,a680a689e0742c7e,"[[0, 3, 5, 7, 8, 10], [1, 2, 4, 6, 9, 11]]",subset_beam_32,0.9999999999999999,0.9999999999999999,0.9999999999999999,0.28466967854505804,1.8519993717975198,1.3608818360892028,"{""1"": 12}"
s1-i0,1,a680a689e0742c7e,"[[0, 3, 5, 7, 8, 10], [1, 2, 4, 6, 9, 11]]",saps_diagonal,0.9999999999999999,0.9999999999999999,0.9999999999999999,0.28466967854505804,1.8519993717975198,1.3608818360892028,"{""1"": 12}"
s1-i0,1,a680a689e0742c7e,"[[0, 3, 5, 7, 8, 10], [1, 2, 4, 6, 9, 11]]",p_saps_residualized,0.9999999999999999,0.9999999999999999,0.9999999999999999,0.28466967854505804,1.8519993717975198,1.3608818360892028,"{""1"": 12}"
s1-i0,1,a680a689e0742c7e,"[[0, 3, 5, 7, 8, 10], [1, 2, 4, 6, 9, 11]]",p_saps_projection,0.9999999999999999,0.9999999999999999,0.9999999999999999,0.28466967854505804,1.8519993717975198,1.3608818360892028,"{""1"": 12}"
s1-i0,1,a680a689e0742c7e,"[[0, 3, 5, 7, 8, 10], [1, 2, 4, 6, 9, 11]]",b_saps_budgeted,0.9999999999999999,0.9999999999999999,0.9999999999999999,0.28466967854505804,1.8519993717975198,1.3608818360892028,"{""1"": 12}"
s1-i0,1,94b6630f7485885e,"[[3, 5, 7, 8], [0, 4, 10, 11], [1, 2, 6, 9]]",random_balanced,0.9999999999999999,0.9999999999999999,0.9999999999999999,0.019933243911272918,3.0881707271629364,1.75731918761588,"{""1"": 12}"
s1-i0,1,4b4650a049e43791,"[[0, 4, 9, 11], [3, 6, 7, 10], [1, 2, 5, 8]]",confidence,0.9999999999999999,0.9999999999999999,0.9999999999999999,0.019933243911272918,3.012620650880265,1.7356902519978226,"{""1"": 12}"
s1-i0,1,0510e5afc3620367,"[[0, 7, 9, 11], [3, 4, 6, 10], [1, 2, 5, 8]]",entropy,0.9999999999999999,0.9999999999999999,0.9999999999999999,0.019933243911272918,3.012620650880265,1.7356902519978226,"{""1"": 12}"
s1-i0,1,6d45d1ae93e9d263,"[[1, 2, 3, 5], [0, 4, 7, 11], [6, 8, 9, 10]]",dependency_cmi,0.9999999999999999,0.9999999999999999,0.9999999999999999,0.019933243911272918,13.306630721484012,3.647825478484958,"{""1"": 12}"
s1-i0,1,351361c5f74347b4,"[[1, 9, 10, 11], [2, 3, 4, 6], [0, 5, 7, 8]]",min_within_batch_tc,0.9999999999999999,0.9999999999999999,0.9999999999999999,0.019933243911272918,3.574014035815557,1.8905062908690775,"{""1"": 12}"
s1-i0,1,50e10ab5b359ad31,"[[0, 1, 2, 3], [4, 5, 6, 7], [8, 9, 10, 11]]",dprm_myopic,0.9999999999999999,0.9999999999999999,0.9999999999999999,0.019933243911272918,3.574014035815557,1.8905062908690775,"{""1"": 12}"
s1-i0,1,50e10ab5b359ad31,"[[0, 1, 2, 3], [4, 5, 6, 7], [8, 9, 10, 11]]",dprm_rollout,0.9999999999999999,0.9999999999999999,0.9999999999999999,0.019933243911272918,3.574014035815557,1.8905062908690775,"{""1"": 12}"
s1-i0,1,94b6630f7485885e,"[[3, 5, 7, 8], [0, 4, 10, 11], [1, 2, 6, 9]]",subset_exact,0.9999999999999999,0.9999999999999999,0.9999999999999999,0.019933243911272918,3.0881707271629364,1.75731918761588,"{""1"": 12}"
s1-i0,1,94b6630f7485885e,"[[3, 5, 7, 8], [0, 4, 10, 11], [1, 2, 6, 9]]",subset_beam_8,0.9999999999999999,0.9999999999999999,0.9999999999999999,0.019933243911272918,3.0881707271629364,1.75731918761588,"{""1"": 12}"
s1-i0,1,94b6630f7485885e,"[[3, 5, 7, 8], [0, 4, 10, 11], [1, 2, 6, 9]]",subset_beam_32,0.9999999999999999,0.9999999999999999,0.9999999999999999,0.019933243911272918,3.0881707271629364,1.75731918761588,"{""1"": 12}"
s1-i0,1,94b6630f7485885e,"[[3, 5, 7, 8], [0, 4, 10, 11], [1, 2, 6, 9]]",saps_diagonal,0.9999999999999999,0.9999999999999999,0.9999999999999999,0.019933243911272918,3.0881707271629364,1.75731918761588,"{""1"": 12}"
s1-i0,1,94b6630f7485885e,"[[3, 5, 7, 8], [0, 4, 10, 11], [1, 2, 6, 9]]",p_saps_residualized,0.9999999999999999,0.9999999999999999,0.9999999999999999,0.019933243911272918,3.0881707271629364,1.75731918761588,"{""1"": 12}"
s1-i0,1,94b6630f7485885e,"[[3, 5, 7, 8], [0, 4, 10, 11], [1, 2, 6, 9]]",p_saps_projection,0.9999999999999999,0.9999999999999999,0.9999999999999999,0.019933243911272918,3.0881707271629364,1.75731918761588,"{""1"": 12}"
s1-i0,1,94b6630f7485885e,"[[3, 5, 7, 8], [0, 4, 10, 11], [1, 2, 6, 9]]",b_saps_budgeted,0.9999999999999999,0.9999999999999999,0.9999999999999999,0.019933243911272918,3.0881707271629364,1.75731918761588,"{""1"": 12}"
s1-i0,1,94b6630f7485885e,"[[3, 5, 7, 8], [0, 4, 10, 11], [1, 2, 6, 9]]",random_balanced,0.9999999999999999,0.9999999999999999,0.9999999999999999,0.09832187834349394,46.3789242888578,6.810207360195268,"{""1"": 12}"
s1-i0,1,4b4650a049e43791,"[[0, 4, 9, 11], [3, 6, 7, 10], [1, 2, 5, 8]]",confidence,0.9999999999999999,0.9999999999999999,0.9999999999999999,0.09832187834349394,4.564302892712851,2.1364229199090827,"{""1"": 12}"
s1-i0,1,0510e5afc3620367,"[[0, 7, 9, 11], [3, 4, 6, 10], [1, 2, 5, 8]]",entropy,0.9999999999999999,0.9999999999999999,0.9999999999999999,0.09832187834349394,4.564302892712851,2.1364229199090827,"{""1"": 12}"
s1-i0,1,6d45d1ae93e9d263,"[[1, 2, 3, 5], [0, 4, 7, 11], [6, 8, 9, 10]]",dependency_cmi,0.9999999999999999,0.9999999999999999,0.9999999999999999,0.09832187834349394,38.31016475159335,6.189520559105798,"{""1"": 12}"
s1-i0,1,351361c5f74347b4,"[[1, 9, 10, 11], [2, 3, 4, 6], [0, 5, 7, 8]]",min_within_batch_tc,0.9999999999999999,0.9999999999999999,0.9999999999999999,0.09832187834349394,12.933077659253442,3.596258842082066,"{""1"": 12}"
s1-i0,1,50e10ab5b359ad31,"[[0, 1, 2, 3], [4, 5, 6, 7], [8, 9, 10, 11]]",dprm_myopic,0.9999999999999999,0.9999999999999999,0.9999999999999999,0.09832187834349394,24.833614820758278,4.983333705538721,"{""1"": 12}"
s1-i0,1,50e10ab5b359ad31,"[[0, 1, 2, 3], [4, 5, 6, 7], [8, 9, 10, 11]]",dprm_rollout,0.9999999999999999,0.9999999999999999,0.9999999999999999,0.09832187834349394,24.833614820758278,4.983333705538721,"{""1"": 12}"
s1-i0,1,94b6630f7485885e,"[[3, 5, 7, 8], [0, 4, 10, 11], [1, 2, 6, 9]]",subset_exact,0.9999999999999999,0.9999999999999999,0.9999999999999999,0.09832187834349394,46.3789242888578,6.810207360195268,"{""1"": 12}"
s1-i0,1,94b6630f7485885e,"[[3, 5, 7, 8], [0, 4, 10, 11], [1, 2, 6, 9]]",subset_beam_8,0.9999999999999999,0.9999999999999999,0.9999999999999999,0.09832187834349394,46.3789242888578,6.810207360195268,"{""1"": 12}"
s1-i0,1,94b6630f7485885e,"[[3, 5, 7, 8], [0, 4, 10, 11], [1, 2, 6, 9]]",subset_beam_32,0.9999999999999999,0.9999999999999999,0.9999999999999999,0.09832187834349394,46.3789242888578,6.810207360195268,"{""1"": 12}"
s1-i0,1,94b6630f7485885e,"[[3, 5, 7, 8], [0, 4, 10, 11], [1, 2, 6, 9]]",saps_diagonal,0.9999999999999999,0.9999999999999999,0.9999999999999999,0.09832187834349394,46.3789242888578,6.810207360195268,"{""1"": 12}"
s1-i0,1,94b6630f7485885e,"[[3, 5, 7, 8], [0, 4, 10, 11], [1, 2, 6, 9]]",p_saps_residualized,0.9999999999999999,0.9999999999999999,0.9999999999999999,0.09832187834349394,46.3789242888578,6.810207360195268,"{""1"": 12}"
s1-i0,1,94b6630f7485885e,"[[3, 5, 7, 8], [0, 4, 10, 11], [1, 2, 6, 9]]",p_saps_projection,0.9999999999999999,0.9999999999999999,0.9999999999999999,0.09832187834349394,46.3789242888578,6.810207360195268,"{""1"": 12}"
s1-i0,1,94b6630f7485885e,"[[3, 5, 7, 8], [0, 4, 10, 11], [1, 2, 6, 9]]",b_saps_budgeted,0.9999999999999999,0.9999999999999999,0.9999999999999999,0.09832187834349394,46.3789242888578,6.810207360195268,"{""1"": 12}"
s1-i0,1,94b6630f7485885e,"[[3, 5, 7, 8], [0, 4, 10, 11], [1, 2, 6, 9]]",random_balanced,0.9999999999999999,0.9999999999999999,0.9999999999999999,0.28466967854505804,1.6009950486182116,1.265304330435256,"{""1"": 12}"
s1-i0,1,4b4650a049e43791,"[[0, 4, 9, 11], [3, 6, 7, 10], [1, 2, 5, 8]]",confidence,0.9999999999999999,0.9999999999999999,0.9999999999999999,0.28466967854505804,1.6009950486182116,1.265304330435256,"{""1"": 12}"
s1-i0,1,0510e5afc3620367,"[[0, 7, 9, 11], [3, 4, 6, 10], [1, 2, 5, 8]]",entropy,0.9999999999999999,0.9999999999999999,0.9999999999999999,0.28466967854505804,1.6009950486182116,1.265304330435256,"{""1"": 12}"
s1-i0,1,6d45d1ae93e9d263,"[[1, 2, 3, 5], [0, 4, 7, 11], [6, 8, 9, 10]]",dependency_cmi,0.9999999999999999,0.9999999999999999,0.9999999999999999,0.28466967854505804,0.0,0.0,"{""1"": 12}"
s1-i0,1,351361c5f74347b4,"[[1, 9, 10, 11], [2, 3, 4, 6], [0, 5, 7, 8]]",min_within_batch_tc,0.9999999999999999,0.9999999999999999,0.9999999999999999,0.28466967854505804,0.21135990416528253,0.45973895219491956,"{""1"": 12}"
s1-i0,1,50e10ab5b359ad31,"[[0, 1, 2, 3], [4, 5, 6, 7], [8, 9, 10, 11]]",dprm_myopic,0.9999999999999999,0.9999999999999999,0.9999999999999999,0.28466967854505804,2.360984245060117,1.5365494606618157,"{""1"": 12}"
s1-i0,1,50e10ab5b359ad31,"[[0, 1, 2, 3], [4, 5, 6, 7], [8, 9, 10, 11]]",dprm_rollout,0.9999999999999999,0.9999999999999999,0.9999999999999999,0.28466967854505804,2.360984245060117,1.5365494606618157,"{""1"": 12}"
s1-i0,1,94b6630f7485885e,"[[3, 5, 7, 8], [0, 4, 10, 11], [1, 2, 6, 9]]",subset_exact,0.9999999999999999,0.9999999999999999,0.9999999999999999,0.28466967854505804,1.6009950486182116,1.265304330435256,"{""1"": 12}"
s1-i0,1,94b6630f7485885e,"[[3, 5, 7, 8], [0, 4, 10, 11], [1, 2, 6, 9]]",subset_beam_8,0.9999999999999999,0.9999999999999999,0.9999999999999999,0.28466967854505804,1.6009950486182116,1.265304330435256,"{""1"": 12}"
s1-i0,1,94b6630f7485885e,"[[3, 5, 7, 8], [0, 4, 10, 11], [1, 2, 6, 9]]",subset_beam_32,0.9999999999999999,0.9999999999999999,0.9999999999999999,0.28466967854505804,1.6009950486182116,1.265304330435256,"{""1"": 12}"
s1-i0,1,94b6630f7485885e,"[[3, 5, 7, 8], [0, 4, 10, 11], [1, 2, 6, 9]]",saps_diagonal,0.9999999999999999,0.9999999999999999,0.9999999999999999,0.28466967854505804,1.6009950486182116,1.265304330435256,"{""1"": 12}"
s1-i0,1,94b6630f7485885e,"[[3, 5, 7, 8], [0, 4, 10, 11], [1, 2, 6, 9]]",p_saps_residualized,0.9999999999999999,0.9999999999999999,0.9999999999999999,0.28466967854505804,1.6009950486182116,1.265304330435256,"{""1"": 12}"
s1-i0,1,94b6630f7485885e,"[[3, 5, 7, 8], [0, 4, 10, 11], [1, 2, 6, 9]]",p_saps_projection,0.9999999999999999,0.9999999999999999,0.9999999999999999,0.28466967854505804,1.6009950486182116,1.265304330435256,"{""1"": 12}"
s1-i0,1,94b6630f7485885e,"[[3, 5, 7, 8], [0, 4, 10, 11], [1, 2, 6, 9]]",b_saps_budgeted,0.9999999999999999,0.9999999999999999,0.9999999999999999,0.28466967854505804,1.6009950486182116,1.265304330435256,"{""1"": 12}"
s1-i0,1,4101e95f5a94265c,"[[3, 7, 8], [0, 5, 10], [1, 4, 11], [2, 6, 9]]",random_balanced,0.9999999999999999,0.9999999999999999,0.9999999999999999,0.019933243911272918,13.306630721484012,3.647825478484958,"{""1"": 12}"
s1-i0,1,18f7a57900c69d54,"[[0, 9, 11], [4, 6, 10], [1, 3, 7], [2, 5, 8]]",confidence,0.9999999999999999,0.9999999999999999,0.9999999999999999,0.019933243911272918,3.0881707271629364,1.75731918761588,"{""1"": 12}"
s1-i0,1,e06a314f90f45188,"[[0, 9, 11], [4, 7, 10], [3, 5, 6], [1, 2, 8]]",entropy,0.9999999999999999,0.9999999999999999,0.9999999999999999,0.019933243911272918,13.306630721484012,3.647825478484958,"{""1"": 12}"
s1-i0,1,e863a0ca9ae00177,"[[1, 2, 5], [0, 3, 4], [6, 7, 9], [8, 10, 11]]",dependency_cmi,0.9999999999999999,0.9999999999999999,0.9999999999999999,0.019933243911272918,13.306630721484012,3.647825478484958,"{""1"": 12}"
s1-i0,1,906141ab3e443a56,"[[1, 2, 5], [9, 10, 11], [3, 7, 8], [0, 4, 6]]",min_within_batch_tc,0.9999999999999999,0.9999999999999999,0.9999999999999999,0.019933243911272918,11.464282381305802,3.385894620525837,"{""1"": 12}"
s1-i0,1,8f058866e4ab3ff8,"[[0, 1, 2], [3, 4, 5], [6, 7, 8], [9, 10, 11]]",dprm_myopic,0.9999999999999999,0.9999999999999999,0.9999999999999999,0.019933243911272918,13.306630721484012,3.647825478484958,"{""1"": 12}"
s1-i0,1,8f058866e4ab3ff8,"[[0, 1, 2], [3, 4, 5], [6, 7, 8], [9, 10, 11]]",dprm_rollout,0.9999999999999999,0.9999999999999999,0.9999999999999999,0.019933243911272918,13.306630721484012,3.647825478484958,"{""1"": 12}"
s1-i0,1,4101e95f5a94265c,"[[3, 7, 8], [0, 5, 10], [1, 4, 11], [2, 6, 9]]",subset_exact,0.9999999999999999,0.9999999999999999,0.9999999999999999,0.019933243911272918,13.306630721484012,3.647825478484958,"{""1"": 12}"
s1-i0,1,4101e95f5a94265c,"[[3, 7, 8], [0, 5, 10], [1, 4, 11], [2, 6, 9]]",subset_beam_8,0.9999999999999999,0.9999999999999999,0.9999999999999999,0.019933243911272918,13.306630721484012,3.647825478484958,"{""1"": 12}"
s1-i0,1,4101e95f5a94265c,"[[3, 7, 8], [0, 5, 10], [1, 4, 11], [2, 6, 9]]",subset_beam_32,0.9999999999999999,0.9999999999999999,0.9999999999999999,0.019933243911272918,13.306630721484012,3.647825478484958,"{""1"": 12}"
s1-i0,1,4101e95f5a94265c,"[[3, 7, 8], [0, 5, 10], [1, 4, 11], [2, 6, 9]]",saps_diagonal,0.9999999999999999,0.9999999999999999,0.9999999999999999,0.019933243911272918,13.306630721484012,3.647825478484958,"{""1"": 12}"
s1-i0,1,4101e95f5a94265c,"[[3, 7, 8], [0, 5, 10], [1, 4, 11], [2, 6, 9]]",p_saps_residualized,0.9999999999999999,0.9999999999999999,0.9999999999999999,0.019933243911272918,13.306630721484012,3.647825478484958,"{""1"": 12}"
s1-i0,1,4101e95f5a94265c,"[[3, 7, 8], [0, 5, 10], [1, 4, 11], [2, 6, 9]]",p_saps_projection,0.9999999999999999,0.9999999999999999,0.9999999999999999,0.019933243911272918,13.306630721484012,3.647825478484958,"{""1"": 12}"
s1-i0,1,4101e95f5a94265c,"[[3, 7, 8], [0, 5, 10], [1, 4, 11], [2, 6, 9]]",b_saps_budgeted,0.9999999999999999,0.9999999999999999,0.9999999999999999,0.019933243911272918,13.306630721484012,3.647825478484958,"{""1"": 12}"
s1-i0,1,4101e95f5a94265c,"[[3, 7, 8], [0, 5, 10], [1, 4, 11], [2, 6, 9]]",random_balanced,0.9999999999999999,0.9999999999999999,0.9999999999999999,0.09832187834349394,46.3789242888578,6.810207360195268,"{""1"": 12}"
s1-i0,1,18f7a57900c69d54,"[[0, 9, 11], [4, 6, 10], [1, 3, 7], [2, 5, 8]]",confidence,0.9999999999999999,0.9999999999999999,0.9999999999999999,0.09832187834349394,11.739951638015782,3.426361282470922,"{""1"": 12}"
s1-i0,1,e06a314f90f45188,"[[0, 9, 11], [4, 7, 10], [3, 5, 6], [1, 2, 8]]",entropy,0.9999999999999999,0.9999999999999999,0.9999999999999999,0.09832187834349394,16.3260972563775,4.040556552800307,"{""1"": 12}"
s1-i0,1,e863a0ca9ae00177,"[[1, 2, 5], [0, 3, 4], [6, 7, 9], [8, 10, 11]]",dependency_cmi,0.9999999999999999,0.9999999999999999,0.9999999999999999,0.09832187834349394,55.12175442014141,7.424402630524654,"{""1"": 12}"
s1-i0,1,906141ab3e443a56,"[[1, 2, 5], [9, 10, 11], [3, 7, 8], [0, 4, 6]]",min_within_batch_tc,0.9999999999999999,0.9999999999999999,0.9999999999999999,0.09832187834349394,46.290549087706886,6.803715829435183,"{""1"": 12}"
s1-i0,1,8f058866e4ab3ff8,"[[0, 1, 2], [3, 4, 5], [6, 7, 8], [9, 10, 11]]",dprm_myopic,0.9999999999999999,0.9999999999999999,0.9999999999999999,0.09832187834349394,24.833614820758278,4.983333705538721,"{""1"": 12}"
s1-i0,1,8f058866e4ab3ff8,"[[0, 1, 2], [3, 4, 5], [6, 7, 8], [9, 10, 11]]",dprm_rollout,0.9999999999999999,0.9999999999999999,0.9999999999999999,0.09832187834349394,24.833614820758278,4.983333705538721,"{""1"": 12}"
s1-i0,1,4101e95f5a94265c,"[[3, 7, 8], [0, 5, 10], [1, 4, 11], [2, 6, 9]]",subset_exact,0.9999999999999999,0.9999999999999999,0.9999999999999999,0.09832187834349394,46.3789242888578,6.810207360195268,"{""1"": 12}"
s1-i0,1,4101e95f5a94265c,"[[3, 7, 8], [0, 5, 10], [1, 4, 11], [2, 6, 9]]",subset_beam_8,0.9999999999999999,0.9999999999999999,0.9999999999999999,0.09832187834349394,46.3789242888578,6.810207360195268,"{""1"": 12}"
s1-i0,1,4101e95f5a94265c,"[[3, 7, 8], [0, 5, 10], [1, 4, 11], [2, 6, 9]]",subset_beam_32,0.9999999999999999,0.9999999999999999,0.9999999999999999,0.09832187834349394,46.3789242888578,6.810207360195268,"{""1"": 12}"
s1-i0,1,4101e95f5a94265c,"[[3, 7, 8], [0, 5, 10], [1, 4, 11], [2, 6, 9]]",saps_diagonal,0.9999999999999999,0.9999999999999999,0.9999999999999999,0.09832187834349394,46.3789242888578,6.810207360195268,"{""1"": 12}"
s1-i0,1,4101e95f5a94265c,"[[3, 7, 8], [0, 5, 10], [1, 4, 11], [2, 6, 9]]",p_saps_residualized,0.9999999999999999,0.9999999999999999,0.9999999999999999,0.09832187834349394,46.3789242888578,6.810207360195268,"{""1"": 12}"
s1-i0,1,4101e95f5a94265c,"[[3, 7, 8], [0, 5, 10], [1, 4, 11], [2, 6, 9]]",p_saps_projection,0.9999999999999999,0.9999999999999999,0.9999999999999999,0.09832187834349394,46.3789242888578,6.810207360195268,"{""1"": 12}"
s1-i0,1,4101e95f5a94265c,"[[3, 7, 8], [0, 5, 10], [1, 4, 11], [2, 6, 9]]",b_saps_budgeted,0.9999999999999999,0.9999999999999999,0.9999999999999999,0.09832187834349394,46.3789242888578,6.810207360195268,"{""1"": 12}"
s1-i0,1,4101e95f5a94265c,"[[3, 7, 8], [0, 5, 10], [1, 4, 11], [2, 6, 9]]",random_balanced,0.9999999999999999,0.9999999999999999,0.9999999999999999,0.28466967854505804,6.402891590086148,2.5303935642674538,"{""1"": 12}"
s1-i0,1,18f7a57900c69d54,"[[0, 9, 11], [4, 6, 10], [1, 3, 7], [2, 5, 8]]",confidence,0.9999999999999999,0.9999999999999999,0.9999999999999999,0.28466967854505804,1.6009950486182116,1.265304330435256,"{""1"": 12}"
s1-i0,1,e06a314f90f45188,"[[0, 9, 11], [4, 7, 10], [3, 5, 6], [1, 2, 8]]",entropy,0.9999999999999999,0.9999999999999999,0.9999999999999999,0.28466967854505804,0.21401285855702565,-0.4626152381375106,"{""1"": 12}"
s1-i0,1,e863a0ca9ae00177,"[[1, 2, 5], [0, 3, 4], [6, 7, 9], [8, 10, 11]]",dependency_cmi,0.9999999999999999,0.9999999999999999,0.9999999999999999,0.28466967854505804,0.0,0.0,"{""1"": 12}"
s1-i0,1,906141ab3e443a56,"[[1, 2, 5], [9, 10, 11], [3, 7, 8], [0, 4, 6]]",min_within_batch_tc,0.9999999999999999,0.9999999999999999,0.9999999999999999,0.28466967854505804,0.5037773935270844,-0.7097727759833314,"{""1"": 12}"
s1-i0,1,8f058866e4ab3ff8,"[[0, 1, 2], [3, 4, 5], [6, 7, 8], [9, 10, 11]]",dprm_myopic,0.9999999999999999,0.9999999999999999,0.9999999999999999,0.28466967854505804,1.7774064906214895,-1.3331940933793134,"{""1"": 12}"
s1-i0,1,8f058866e4ab3ff8,"[[0, 1, 2], [3, 4, 5], [6, 7, 8], [9, 10, 11]]",dprm_rollout,0.9999999999999999,0.9999999999999999,0.9999999999999999,0.28466967854505804,1.7774064906214895,-1.3331940933793134,"{""1"": 12}"
s1-i0,1,4101e95f5a94265c,"[[3, 7, 8], [0, 5, 10], [1, 4, 11], [2, 6, 9]]",subset_exact,0.9999999999999999,0.9999999999999999,0.9999999999999999,0.28466967854505804,6.402891590086148,2.5303935642674538,"{""1"": 12}"
s1-i0,1,4101e95f5a94265c,"[[3, 7, 8], [0, 5, 10], [1, 4, 11], [2, 6, 9]]",subset_beam_8,0.9999999999999999,0.9999999999999999,0.9999999999999999,0.28466967854505804,6.402891590086148,2.5303935642674538,"{""1"": 12}"
s1-i0,1,4101e95f5a94265c,"[[3, 7, 8], [0, 5, 10], [1, 4, 11], [2, 6, 9]]",subset_beam_32,0.9999999999999999,0.9999999999999999,0.9999999999999999,0.28466967854505804,6.402891590086148,2.5303935642674538,"{""1"": 12}"
s1-i0,1,4101e95f5a94265c,"[[3, 7, 8], [0, 5, 10], [1, 4, 11], [2, 6, 9]]",saps_diagonal,0.9999999999999999,0.9999999999999999,0.9999999999999999,0.28466967854505804,6.402891590086148,2.5303935642674538,"{""1"": 12}"
s1-i0,1,4101e95f5a94265c,"[[3, 7, 8], [0, 5, 10], [1, 4, 11], [2, 6, 9]]",p_saps_residualized,0.9999999999999999,0.9999999999999999,0.9999999999999999,0.28466967854505804,6.402891590086148,2.5303935642674538,"{""1"": 12}"
s1-i0,1,4101e95f5a94265c,"[[3, 7, 8], [0, 5, 10], [1, 4, 11], [2, 6, 9]]",p_saps_projection,0.9999999999999999,0.9999999999999999,0.9999999999999999,0.28466967854505804,6.402891590086148,2.5303935642674538,"{""1"": 12}"
s1-i0,1,4101e95f5a94265c,"[[3, 7, 8], [0, 5, 10], [1, 4, 11], [2, 6, 9]]",b_saps_budgeted,0.9999999999999999,0.9999999999999999,0.9999999999999999,0.28466967854505804,6.402891590086148,2.5303935642674538,"{""1"": 12}"
s1-i1,1,2516301160cf1942,"[[0, 1, 2, 3, 4, 5, 6, 7, 8, 9, 10, 11]]",random_balanced,0.0,0.0,0.0,9.966672193000833e-05,6.6301629279642444,2.574910275711417,"{""2"": 11}"
s1-i1,1,2516301160cf1942,"[[0, 1, 2, 3, 4, 5, 6, 7, 8, 9, 10, 11]]",confidence,0.0,0.0,0.0,9.966672193000833e-05,6.6301629279642444,2.574910275711417,"{""2"": 11}"
s1-i1,1,2516301160cf1942,"[[0, 1, 2, 3, 4, 5, 6, 7, 8, 9, 10, 11]]",entropy,0.0,0.0,0.0,9.966672193000833e-05,6.6301629279642444,2.574910275711417,"{""2"": 11}"
s1-i1,1,2516301160cf1942,"[[0, 1, 2, 3, 4, 5, 6, 7, 8, 9, 10, 11]]",dependency_cmi,0.0,0.0,0.0,9.966672193000833e-05,6.6301629279642444,2.574910275711417,"{""2"": 11}"
s1-i1,1,2516301160cf1942,"[[0, 1, 2, 3, 4, 5, 6, 7, 8, 9, 10, 11]]",min_within_batch_tc,0.0,0.0,0.0,9.966672193000833e-05,6.6301629279642444,2.574910275711417,"{""2"": 11}"
s1-i1,1,2516301160cf1942,"[[0, 1, 2, 3, 4, 5, 6, 7, 8, 9, 10, 11]]",dprm_myopic,0.0,0.0,0.0,9.966672193000833e-05,6.6301629279642444,2.574910275711417,"{""2"": 11}"
s1-i1,1,2516301160cf1942,"[[0, 1, 2, 3, 4, 5, 6, 7, 8, 9, 10, 11]]",dprm_rollout,0.0,0.0,0.0,9.966672193000833e-05,6.6301629279642444,2.574910275711417,"{""2"": 11}"
s1-i1,1,2516301160cf1942,"[[0, 1, 2, 3, 4, 5, 6, 7, 8, 9, 10, 11]]",subset_exact,0.0,0.0,0.0,9.966672193000833e-05,6.6301629279642444,2.574910275711417,"{""2"": 11}"
s1-i1,1,2516301160cf1942,"[[0, 1, 2, 3, 4, 5, 6, 7, 8, 9, 10, 11]]",subset_beam_8,0.0,0.0,0.0,9.966672193000833e-05,6.6301629279642444,2.574910275711417,"{""2"": 11}"
s1-i1,1,2516301160cf1942,"[[0, 1, 2, 3, 4, 5, 6, 7, 8, 9, 10, 11]]",subset_beam_32,0.0,0.0,0.0,9.966672193000833e-05,6.6301629279642444,2.574910275711417,"{""2"": 11}"
s1-i1,1,2516301160cf1942,"[[0, 1, 2, 3, 4, 5, 6, 7, 8, 9, 10, 11]]",saps_diagonal,0.0,0.0,0.0,9.966672193000833e-05,6.6301629279642444,2.574910275711417,"{""2"": 11}"
s1-i1,1,2516301160cf1942,"[[0, 1, 2, 3, 4, 5, 6, 7, 8, 9, 10, 11]]",p_saps_residualized,0.0,0.0,0.0,9.966672193000833e-05,6.6301629279642444,2.574910275711417,"{""2"": 11}"
s1-i1,1,2516301160cf1942,"[[0, 1, 2, 3, 4, 5, 6, 7, 8, 9, 10, 11]]",p_saps_projection,0.0,0.0,0.0,9.966672193000833e-05,6.6301629279642444,2.574910275711417,"{""2"": 11}"
s1-i1,1,2516301160cf1942,"[[0, 1, 2, 3, 4, 5, 6, 7, 8, 9, 10, 11]]",b_saps_budgeted,0.0,0.0,0.0,9.966672193000833e-05,6.6301629279642444,2.574910275711417,"{""2"": 11}"
s1-i1,1,2516301160cf1942,"[[0, 1, 2, 3, 4, 5, 6, 7, 8, 9, 10, 11]]",random_balanced,0.0,0.0,0.0,0.0024583671254192214,2.2439083876475414,1.497968086324786,"{""2"": 11}"
s1-i1,1,2516301160cf1942,"[[0, 1, 2, 3, 4, 5, 6, 7, 8, 9, 10, 11]]",confidence,0.0,0.0,0.0,0.0024583671254192214,2.2439083876475414,1.497968086324786,"{""2"": 11}"
s1-i1,1,2516301160cf1942,"[[0, 1, 2, 3, 4, 5, 6, 7, 8, 9, 10, 11]]",entropy,0.0,0.0,0.0,0.0024583671254192214,2.2439083876475414,1.497968086324786,"{""2"": 11}"
s1-i1,1,2516301160cf1942,"[[0, 1, 2, 3, 4, 5, 6, 7, 8, 9, 10, 11]]",dependency_cmi,0.0,0.0,0.0,0.0024583671254192214,2.2439083876475414,1.497968086324786,"{""2"": 11}"
s1-i1,1,2516301160cf1942,"[[0, 1, 2, 3, 4, 5, 6, 7, 8, 9, 10, 11]]",min_within_batch_tc,0.0,0.0,0.0,0.0024583671254192214,2.2439083876475414,1.497968086324786,"{""2"": 11}"
s1-i1,1,2516301160cf1942,"[[0, 1, 2, 3, 4, 5, 6, 7, 8, 9, 10, 11]]",dprm_myopic,0.0,0.0,0.0,0.0024583671254192214,2.2439083876475414,1.497968086324786,"{""2"": 11}"
s1-i1,1,2516301160cf1942,"[[0, 1, 2, 3, 4, 5, 6, 7, 8, 9, 10, 11]]",dprm_rollout,0.0,0.0,0.0,0.0024583671254192214,2.2439083876475414,1.497968086324786,"{""2"": 11}"
s1-i1,1,2516301160cf1942,"[[0, 1, 2, 3, 4, 5, 6, 7, 8, 9, 10, 11]]",subset_exact,0.0,0.0,0.0,0.0024583671254192214,2.2439083876475414,1.497968086324786,"{""2"": 11}"
s1-i1,1,2516301160cf1942,"[[0, 1, 2, 3, 4, 5, 6, 7, 8, 9, 10, 11]]",subset_beam_8,0.0,0.0,0.0,0.0024583671254192214,2.2439083876475414,1.497968086324786,"{""2"": 11}"
s1-i1,1,2516301160cf1942,"[[0, 1, 2, 3, 4, 5, 6, 7, 8, 9, 10, 11]]",subset_beam_32,0.0,0.0,0.0,0.0024583671254192214,2.2439083876475414,1.497968086324786,"{""2"": 11}"
s1-i1,1,2516301160cf1942,"[[0, 1, 2, 3, 4, 5, 6, 7, 8, 9, 10, 11]]",saps_diagonal,0.0,0.0,0.0,0.0024583671254192214,2.2439083876475414,1.497968086324786,"{""2"": 11}"
s1-i1,1,2516301160cf1942,"[[0, 1, 2, 3, 4, 5, 6, 7, 8, 9, 10, 11]]",p_saps_residualized,0.0,0.0,0.0,0.0024583671254192214,2.2439083876475414,1.497968086324786,"{""2"": 11}"
s1-i1,1,2516301160cf1942,"[[0, 1, 2, 3, 4, 5, 6, 7, 8, 9, 10, 11]]",p_saps_projection,0.0,0.0,0.0,0.0024583671254192214,2.2439083876475414,1.497968086324786,"{""2"": 11}"
s1-i1,1,2516301160cf1942,"[[0, 1, 2, 3, 4, 5, 6, 7, 8, 9, 10, 11]]",b_saps_budgeted,0.0,0.0,0.0,0.0024583671254192214,2.2439083876475414,1.497968086324786,"{""2"": 11}"
s1-i1,1,2516301160cf1942,"[[0, 1, 2, 3, 4, 5, 6, 7, 8, 9, 10, 11]]",random_balanced,0.0,0.0,0.0,0.021377575621801627,3.300718601751143,-1.8167879903145394,"{""2"": 11}"
s1-i1,1,2516301160cf1942,"[[0, 1, 2, 3, 4, 5, 6, 7, 8, 9, 10, 11]]",confidence,0.0,0.0,0.0,0.021377575621801627,3.300718601751143,-1.8167879903145394,"{""2"": 11}"
s1-i1,1,2516301160cf1942,"[[0, 1, 2, 3, 4, 5, 6, 7, 8, 9, 10, 11]]",entropy,0.0,0.0,0.0,0.021377575621801627,3.300718601751143,-1.8167879903145394,"{""2"": 11}"
s1-i1,1,2516301160cf1942,"[[0, 1, 2, 3, 4, 5, 6, 7, 8, 9, 10, 11]]",dependency_cmi,0.0,0.0,0.0,0.021377575621801627,3.300718601751143,-1.8167879903145394,"{""2"": 11}"
s1-i1,1,2516301160cf1942,"[[0, 1, 2, 3, 4, 5, 6, 7, 8, 9, 10, 11]]",min_within_batch_tc,0.0,0.0,0.0,0.021377575621801627,3.300718601751143,-1.8167879903145394,"{""2"": 11}"
s1-i1,1,2516301160cf1942,"[[0, 1, 2, 3, 4, 5, 6, 7, 8, 9, 10, 11]]",dprm_myopic,0.0,0.0,0.0,0.021377575621801627,3.300718601751143,-1.8167879903145394,"{""2"": 11}"
s1-i1,1,2516301160cf1942,"[[0, 1, 2, 3, 4, 5, 6, 7, 8, 9, 10, 11]]",dprm_rollout,0.0,0.0,0.0,0.021377575621801627,3.300718601751143,-1.8167879903145394,"{""2"": 11}"
s1-i1,1,2516301160cf1942,"[[0, 1, 2, 3, 4, 5, 6, 7, 8, 9, 10, 11]]",subset_exact,0.0,0.0,0.0,0.021377575621801627,3.300718601751143,-1.8167879903145394,"{""2"": 11}"
s1-i1,1,2516301160cf1942,"[[0, 1, 2, 3, 4, 5, 6, 7, 8, 9, 10, 11]]",subset_beam_8,0.0,0.0,0.0,0.021377575621801627,3.300718601751143,-1.8167879903145394,"{""2"": 11}"
s1-i1,1,2516301160cf1942,"[[0, 1, 2, 3, 4, 5, 6, 7, 8, 9, 10, 11]]",subset_beam_32,0.0,0.0,0.0,0.021377575621801627,3.300718601751143,-1.8167879903145394,"{""2"": 11}"
s1-i1,1,2516301160cf1942,"[[0, 1, 2, 3, 4, 5, 6, 7, 8, 9, 10, 11]]",saps_diagonal,0.0,0.0,0.0,0.021377575621801627,3.300718601751143,-1.8167879903145394,"{""2"": 11}"
s1-i1,1,2516301160cf1942,"[[0, 1, 2, 3, 4, 5, 6, 7, 8, 9, 10, 11]]",p_saps_residualized,0.0,0.0,0.0,0.021377575621801627,3.300718601751143,-1.8167879903145394,"{""2"": 11}"
s1-i1,1,2516301160cf1942,"[[0, 1, 2, 3, 4, 5, 6, 7, 8, 9, 10, 11]]",p_saps_projection,0.0,0.0,0.0,0.021377575621801627,3.300718601751143,-1.8167879903145394,"{""2"": 11}"
s1-i1,1,2516301160cf1942,"[[0, 1, 2, 3, 4, 5, 6, 7, 8, 9, 10, 11]]",b_saps_budgeted,0.0,0.0,0.0,0.021377575621801627,3.300718601751143,-1.8167879903145394,"{""2"": 11}"
s1-i1,1,c3b01b84b8045b47,"[[0, 4, 5, 6, 7, 10], [1, 2, 3, 8, 9, 11]]",random_balanced,0.7353828672199115,0.7353828672199115,0.7353828672199115,0.014684939582656433,2.036881735930159,1.4271936574726498,"{""1"": 8, ""2"": 3}"
s1-i1,1,a401d2d64d01748f,"[[3, 4, 6, 8, 9, 11], [0, 1, 2, 5, 7, 10]]",confidence,0.6205513736470238,0.6205513736470238,0.6205513736470238,0.01240742029111103,3.4721501573308244,1.8633706441099753,"{""2"": 5, ""1"": 6}"
s1-i1,1,0824853d4e062143,"[[1, 3, 4, 6, 8, 9], [0, 2, 5, 7, 10, 11]]",entropy,0.4229290718252168,0.4229290718252168,0.4229290718252168,0.008487863113592597,0.37285118282384255,0.610615413188893,"{""1"": 4, ""2"": 7}"
s1-i1,1,c55ba1cf9da7fb4f,"[[1, 2, 7, 8, 9, 10], [0, 3, 4, 5, 6, 11]]",dependency_cmi,0.9448684789325317,0.9448684789325317,0.9448684789325317,0.0188397886326154,18.75343277172327,4.3305233831170185,"{""1"": 10, ""2"": 1}"
s1-i1,1,73da8b773d318188,"[[1, 6, 7, 8, 9, 11], [0, 2, 3, 4, 5, 10]]",min_within_batch_tc,0.7705386106512448,0.7705386106512448,0.7705386106512448,0.015382203733650516,8.500195638602364,2.9155094989730976,"{""1"": 8, ""2"": 3}"
s1-i1,1,65cd73210213c5d5,"[[0, 1, 2, 3, 4, 5], [6, 7, 8, 9, 10, 11]]",dprm_myopic,0.5430037955785896,0.5430037955785896,0.5430037955785896,0.010869374415644143,0.2371237377089512,0.48695352725794194,"{""2"": 5, ""1"": 6}"
s1-i1,1,65cd73210213c5d5,"[[0, 1, 2, 3, 4, 5], [6, 7, 8, 9, 10, 11]]",dprm_rollout,0.5430037955785896,0.5430037955785896,0.5430037955785896,0.010869374415644143,0.2371237377089512,0.48695352725794194,"{""2"": 5, ""1"": 6}"
s1-i1,1,2c765bcfeb4a9cd5,"[[0, 3, 4, 5, 6, 11], [1, 2, 7, 8, 9, 10]]",subset_exact,0.9448684789325317,0.9448684789325317,0.9448684789325317,0.0188397886326154,0.43660786240253385,-0.6607630909808249,"{""1"": 10, ""2"": 1}"
s1-i1,1,2c765bcfeb4a9cd5,"[[0, 3, 4, 5, 6, 11], [1, 2, 7, 8, 9, 10]]",subset_beam_8,0.9448684789325317,0.9448684789325317,0.9448684789325317,0.0188397886326154,0.43660786240253385,-0.6607630909808249,"{""1"": 10, ""2"": 1}"
s1-i1,1,2c765bcfeb4a9cd5,"[[0, 3, 4, 5, 6, 11], [1, 2, 7, 8, 9, 10]]",subset_beam_32,0.9448684789325317,0.9448684789325317,0.9448684789325317,0.0188397886326154,0.43660786240253385,-0.6607630909808249,"{""1"": 10, ""2"": 1}"
s1-i1,1,2c765bcfeb4a9cd5,"[[0, 3, 4, 5, 6, 11], [1, 2, 7, 8, 9, 10]]",saps_diagonal,0.9448684789325317,0.9448684789325317,0.9448684789325317,0.0188397886326154,0.43660786240253385,-0.6607630909808249,"{""1"": 10, ""2"": 1}"
s1-i1,1,2c765bcfeb4a9cd5,"[[0, 3, 4, 5, 6, 11], [1, 2, 7, 8, 9, 10]]",p_saps_residualized,0.9448684789325317,0.9448684789325317,0.9448684789325317,0.0188397886326154,0.43660786240253385,-0.6607630909808249,"{""1"": 10, ""2"": 1}"
s1-i1,1,2c765bcfeb4a9cd5,"[[0, 3, 4, 5, 6, 11], [1, 2, 7, 8, 9, 10]]",p_saps_projection,0.9448684789325317,0.9448684789325317,0.9448684789325317,0.0188397886326154,0.43660786240253385,-0.6607630909808249,"{""1"": 10, ""2"": 1}"
s1-i1,1,2c765bcfeb4a9cd5,"[[0, 3, 4, 5, 6, 11], [1, 2, 7, 8, 9, 10]]",b_saps_budgeted,0.9448684789325317,0.9448684789325317,0.9448684789325317,0.0188397886326154,0.43660786240253385,-0.6607630909808249,"{""1"": 10, ""2"": 1}"
s1-i1,1,c3b01b84b8045b47,"[[0, 4, 5, 6, 7, 10], [1, 2, 3, 8, 9, 11]]",random_balanced,0.7353828672199115,0.7353828672199115,0.7353828672199115,0.07295475086673517,0.11636849082747673,-0.3411282615490495,"{""1"": 8, ""2"": 3}"
s1-i1,1,a401d2d64d01748f,"[[3, 4, 6, 8, 9, 11], [0, 1, 2, 5, 7, 10]]",confidence,0.6205513736470238,0.6205513736470238,0.6205513736470238,0.06194660069442238,8.524017553156884,2.9195920182718824,"{""2"": 5, ""1"": 6}"
s1-i1,1,0824853d4e062143,"[[1, 3, 4, 6, 8, 9], [0, 2, 5, 7, 10, 11]]",entropy,0.4229290718252168,0.4229290718252168,0.4229290718252168,0.04300183294678583,10.073299248741714,3.1738461287122464,"{""1"": 4, ""2"": 7}"
s1-i1,1,c55ba1cf9da7fb4f,"[[1, 2, 7, 8, 9, 10], [0, 3, 4, 5, 6, 11]]",dependency_cmi,0.9448684789325317,0.9448684789325317,0.9448684789325317,0.09303677715517318,13.923392401791206,3.731406223100241,"{""1"": 10, ""2"": 1}"
s1-i1,1,73da8b773d318188,"[[1, 6, 7, 8, 9, 11], [0, 2, 3, 4, 5, 10]]",min_within_batch_tc,0.7705386106512448,0.7705386106512448,0.7705386106512448,0.07632490387154456,15.86864887671004,3.983547273060788,"{""1"": 8, ""2"": 3}"
s1-i1,1,65cd73210213c5d5,"[[0, 1, 2, 3, 4, 5], [6, 7, 8, 9, 10, 11]]",dprm_myopic,0.5430037955785896,0.5430037955785896,0.5430037955785896,0.054512617574324504,0.0022309699332179527,0.04723314443500404,"{""2"": 5, ""1"": 6}"
s1-i1,1,65cd73210213c5d5,"[[0, 1, 2, 3, 4, 5], [6, 7, 8, 9, 10, 11]]",dprm_rollout,0.5430037955785896,0.5430037955785896,0.5430037955785896,0.054512617574324504,0.0022309699332179527,0.04723314443500404,"{""2"": 5, ""1"": 6}"
s1-i1,1,2c765bcfeb4a9cd5,"[[0, 3, 4, 5, 6, 11], [1, 2, 7, 8, 9, 10]]",subset_exact,0.9448684789325317,0.9448684789325317,0.9448684789325317,0.09303677715517318,12.155831116663238,3.4865213489470044,"{""1"": 10, ""2"": 1}"
s1-i1,1,2c765bcfeb4a9cd5,"[[0, 3, 4, 5, 6, 11], [1, 2, 7, 8, 9, 10]]",subset_beam_8,0.9448684789325317,0.9448684789325317,0.9448684789325317,0.09303677715517318,12.155831116663238,3.4865213489470044,"{""1"": 10, ""2"": 1}"
s1-i1,1,2c765bcfeb4a9cd5,"[[0, 3, 4, 5, 6, 11], [1, 2, 7, 8, 9, 10]]",subset_beam_32,0.9448684789325317,0.9448684789325317,0.9448684789325317,0.09303677715517318,12.155831116663238,3.4865213489470044,"{""1"": 10, ""2"": 1}"
s1-i1,1,2c765bcfeb4a9cd5,"[[0, 3, 4, 5, 6, 11], [1, 2, 7, 8, 9, 10]]",saps_diagonal,0.9448684789325317,0.9448684789325317,0.9448684789325317,0.09303677715517318,12.155831116663238,3.4865213489470044,"{""1"": 10, ""2"": 1}"
s1-i1,1,2c765bcfeb4a9cd5,"[[0, 3, 4, 5, 6, 11], [1, 2, 7, 8, 9, 10]]",p_saps_residualized,0.9448684789325317,0.9448684789325317,0.9448684789325317,0.09303677715517318,12.155831116663238,3.4865213489470044,"{""1"": 10, ""2"": 1}"
s1-i1,1,2c765bcfeb4a9cd5,"[[0, 3, 4, 5, 6, 11], [1, 2, 7, 8, 9, 10]]",p_saps_projection,0.9448684789325317,0.9448684789325317,0.9448684789325317,0.09303677715517318,12.155831116663238,3.4865213489470044,"{""1"": 10, ""2"": 1}"
s1-i1,1,2c765bcfeb4a9cd5,"[[0, 3, 4, 5, 6, 11], [1, 2, 7, 8, 9, 10]]",b_saps_budgeted,0.9448684789325317,0.9448684789325317,0.9448684789325317,0.09303677715517318,12.155831116663238,3.4865213489470044,"{""1"": 10, ""2"": 1}"
s1-i1,1,c3b01b84b8045b47,"[[0, 4, 5, 6, 7, 10], [1, 2, 3, 8, 9, 11]]",random_balanced,0.7353828672199115,0.7353828672199115,0.7353828672199115,0.214998077185866,0.021795573098669526,-0.14763323846163345,"{""1"": 8, ""2"": 3}"
s1-i1,1,a401d2d64d01748f,"[[3, 4, 6, 8, 9, 11], [0, 1, 2, 5, 7, 10]]",confidence,0.6205513736470238,0.6205513736470238,0.6205513736470238,0.18476385176124197,14.447601467825928,-3.801000061539848,"{""2"": 5, ""1"": 6}"
s1-i1,1,0824853d4e062143,"[[1, 3, 4, 6, 8, 9], [0, 2, 5, 7, 10, 11]]",entropy,0.4229290718252168,0.4229290718252168,0.4229290718252168,0.1327314603300439,0.44939379911261884,-0.6703684055149219,"{""1"": 4, ""2"": 7}"
s1-i1,1,c55ba1cf9da7fb4f,"[[1, 2, 7, 8, 9, 10], [0, 3, 4, 5, 6, 11]]",dependency_cmi,0.9448684789325317,0.9448684789325317,0.9448684789325317,0.2701539844258465,1.858366866400197,1.3632193023868893,"{""1"": 10, ""2"": 1}"
s1-i1,1,73da8b773d318188,"[[1, 6, 7, 8, 9, 11], [0, 2, 3, 4, 5, 10]]",min_within_batch_tc,0.7705386106512448,0.7705386106512448,0.7705386106512448,0.22425430680373218,8.98831194527776,-2.998051358012027,"{""1"": 8, ""2"": 3}"
s1-i1,1,65cd73210213c5d5,"[[0, 1, 2, 3, 4, 5], [6, 7, 8, 9, 10, 11]]",dprm_myopic,0.5430037955785896,0.5430037955785896,0.5430037955785896,0.16434618685499852,1.5407264409903316,1.241260021506506,"{""2"": 5, ""1"": 6}"
s1-i1,1,65cd73210213c5d5,"[[0, 1, 2, 3, 4, 5], [6, 7, 8, 9, 10, 11]]",dprm_rollout,0.5430037955785896,0.5430037955785896,0.5430037955785896,0.16434618685499852,1.5407264409903316,1.241260021506506,"{""2"": 5, ""1"": 6}"
s1-i1,1,2c765bcfeb4a9cd5,"[[0, 3, 4, 5, 6, 11], [1, 2, 7, 8, 9, 10]]",subset_exact,0.9448684789325317,0.9448684789325317,0.9448684789325317,0.2701539844258465,0.02592171055077475,0.16100220666430243,"{""1"": 10, ""2"": 1}"
s1-i1,1,2c765bcfeb4a9cd5,"[[0, 3, 4, 5, 6, 11], [1, 2, 7, 8, 9, 10]]",subset_beam_8,0.9448684789325317,0.9448684789325317,0.9448684789325317,0.2701539844258465,0.02592171055077475,0.16100220666430243,"{""1"": 10, ""2"": 1}"
s1-i1,1,2c765bcfeb4a9cd5,"[[0, 3, 4, 5, 6, 11], [1, 2, 7, 8, 9, 10]]",subset_beam_32,0.9448684789325317,0.9448684789325317,0.9448684789325317,0.2701539844258465,0.02592171055077475,0.16100220666430243,"{""1"": 10, ""2"": 1}"
s1-i1,1,2c765bcfeb4a9cd5,"[[0, 3, 4, 5, 6, 11], [1, 2, 7, 8, 9, 10]]",saps_diagonal,0.9448684789325317,0.9448684789325317,0.9448684789325317,0.2701539844258465,0.02592171055077475,0.16100220666430243,"{""1"": 10, ""2"": 1}"
s1-i1,1,2c765bcfeb4a9cd5,"[[0, 3, 4, 5, 6, 11], [1, 2, 7, 8, 9, 10]]",p_saps_residualized,0.9448684789325317,0.9448684789325317,0.9448684789325317,0.2701539844258465,0.02592171055077475,0.16100220666430243,"{""1"": 10, ""2"": 1}"
s1-i1,1,2c765bcfeb4a9cd5,"[[0, 3, 4, 5, 6, 11], [1, 2, 7, 8, 9, 10]]",p_saps_projection,0.9448684789325317,0.9448684789325317,0.9448684789325317,0.2701539844258465,0.02592171055077475,0.16100220666430243,"{""1"": 10, ""2"": 1}"
s1-i1,1,2c765bcfeb4a9cd5,"[[0, 3, 4, 5, 6, 11], [1, 2, 7, 8, 9, 10]]",b_saps_budgeted,0.9448684789325317,0.9448684789325317,0.9448684789325317,0.2701539844258465,0.02592171055077475,0.16100220666430243,"{""1"": 10, ""2"": 1}"
s1-i1,1,b0bfcf3f33f8ebfe,"[[0, 6, 7, 10], [4, 5, 8, 11], [1, 2, 3, 9]]",random_balanced,0.8249329055032288,0.8249329055032288,0.8249329055032288,0.016461037179257218,0.23054763562941952,0.48015376248595565,"{""1"": 9, ""2"": 2}"
s1-i1,1,b585c6367b50e541,"[[3, 6, 8, 9], [1, 4, 7, 11], [0, 2, 5, 10]]",confidence,0.6838593944953708,0.6838593944953708,0.6838593944953708,0.01366304480931125,5.0291051109061735,2.242566634663544,"{""1"": 7, ""2"": 4}"
s1-i1,1,ca41581c8d073e93,"[[3, 4, 8, 9], [0, 1, 2, 6], [5, 7, 10, 11]]",entropy,0.4796688146557766,0.4796688146557766,0.4796688146557766,0.009613215182725971,0.23712373770895165,0.4869535272579424,"{""2"": 6, ""1"": 5}"
s1-i1,1,27b31ad1d5411661,"[[2, 7, 8, 9], [3, 5, 6, 10], [0, 1, 4, 11]]",dependency_cmi,0.8103477132372437,0.8103477132372437,0.8103477132372437,0.016171760642628395,80.35429107053304,8.96405550353929,"{""2"": 2, ""1"": 9}"
s1-i1,1,f9509769f064725b,"[[6, 7, 9, 11], [1, 5, 8, 10], [0, 2, 3, 4]]",min_within_batch_tc,0.9139128828434924,0.9139128828434924,0.9139128828434924,0.018225828428141317,18.753432771723258,4.330523383117018,"{""1"": 10, ""2"": 1}"
s1-i1,1,308e8057e39b20e8,"[[1, 2, 3, 4], [0, 5, 6, 7], [8, 9, 10, 11]]",dprm_myopic,0.7739606795268009,0.7739606795268009,0.7739606795268009,0.015450075600841105,0.0,0.0,"{""1"": 9, ""2"": 2}"
s1-i1,1,308e8057e39b20e8,"[[1, 2, 3, 4], [0, 5, 6, 7], [8, 9, 10, 11]]",dprm_rollout,0.7739606795268009,0.7739606795268009,0.7739606795268009,0.015450075600841105,0.0,0.0,"{""1"": 9, ""2"": 2}"
s1-i1,1,304ed1db7142d727,"[[0, 3, 5, 10], [4, 6, 8, 11], [1, 2, 7, 9]]",subset_exact,0.9999999999999998,0.9999999999999998,0.9999999999999998,0.019933243911272915,0.6240555252285241,0.7899718509089575,"{""1"": 11}"
s1-i1,1,304ed1db7142d727,"[[0, 3, 5, 10], [4, 6, 8, 11], [1, 2, 7, 9]]",subset_beam_8,0.9999999999999998,0.9999999999999998,0.9999999999999998,0.019933243911272915,0.6240555252285241,0.7899718509089575,"{""1"": 11}"
s1-i1,1,304ed1db7142d727,"[[0, 3, 5, 10], [4, 6, 8, 11], [1, 2, 7, 9]]",subset_beam_32,0.9999999999999998,0.9999999999999998,0.9999999999999998,0.019933243911272915,0.6240555252285241,0.7899718509089575,"{""1"": 11}"
s1-i1,1,304ed1db7142d727,"[[0, 3, 5, 10], [4, 6, 8, 11], [1, 2, 7, 9]]",saps_diagonal,0.9999999999999998,0.9999999999999998,0.9999999999999998,0.019933243911272915,0.6240555252285241,0.7899718509089575,"{""1"": 11}"
s1-i1,1,304ed1db7142d727,"[[0, 3, 5, 10], [4, 6, 8, 11], [1, 2, 7, 9]]",p_saps_residualized,0.9999999999999998,0.9999999999999998,0.9999999999999998,0.019933243911272915,0.6240555252285241,0.7899718509089575,"{""1"": 11}"
s1-i1,1,304ed1db7142d727,"[[0, 3, 5, 10], [4, 6, 8, 11], [1, 2, 7, 9]]",p_saps_projection,0.9999999999999998,0.9999999999999998,0.9999999999999998,0.019933243911272915,0.6240555252285241,0.7899718509089575,"{""1"": 11}"
s1-i1,1,304ed1db7142d727,"[[0, 3, 5, 10], [4, 6, 8, 11], [1, 2, 7, 9]]",b_saps_budgeted,0.9999999999999998,0.9999999999999998,0.9999999999999998,0.019933243911272915,0.6240555252285241,0.7899718509089575,"{""1"": 11}"
s1-i1,1,b0bfcf3f33f8ebfe,"[[0, 6, 7, 10], [4, 5, 8, 11], [1, 2, 3, 9]]",random_balanced,0.8249329055032288,0.8249329055032288,0.8249329055032288,0.08153933196628697,12.155831116663238,3.4865213489470044,"{""1"": 9, ""2"": 2}"
s1-i1,1,b585c6367b50e541,"[[3, 6, 8, 9], [1, 4, 7, 11], [0, 2, 5, 10]]",confidence,0.6838593944953708,0.6838593944953708,0.6838593944953708,0.068015529861212,11.673278164231668,3.416617942385667,"{""1"": 7, ""2"": 4}"
s1-i1,1,ca41581c8d073e93,"[[3, 4, 8, 9], [0, 1, 2, 6], [5, 7, 10, 11]]",entropy,0.4796688146557766,0.4796688146557766,0.4796688146557766,0.04844110392013387,2.2439083876475414,1.497968086324786,"{""2"": 6, ""1"": 5}"
s1-i1,1,27b31ad1d5411661,"[[2, 7, 8, 9], [3, 5, 6, 10], [0, 1, 4, 11]]",dependency_cmi,0.8103477132372437,0.8103477132372437,0.8103477132372437,0.08014114422387894,2.9369114730246655,1.7137419505353382,"{""2"": 2, ""1"": 9}"
s1-i1,1,f9509769f064725b,"[[6, 7, 9, 11], [1, 5, 8, 10], [0, 2, 3, 4]]",min_within_batch_tc,0.9139128828434924,0.9139128828434924,0.9139128828434924,0.09006926502222937,25.02081999993236,5.002081566701243,"{""1"": 10, ""2"": 1}"
s1-i1,1,308e8057e39b20e8,"[[1, 2, 3, 4], [0, 5, 6, 7], [8, 9, 10, 11]]",dprm_myopic,0.7739606795268009,0.7739606795268009,0.7739606795268009,0.07665295540958544,1.2237654441881158,1.1062393250052702,"{""1"": 9, ""2"": 2}"
s1-i1,1,308e8057e39b20e8,"[[1, 2, 3, 4], [0, 5, 6, 7], [8, 9, 10, 11]]",dprm_rollout,0.7739606795268009,0.7739606795268009,0.7739606795268009,0.07665295540958544,1.2237654441881158,1.1062393250052702,"{""1"": 9, ""2"": 2}"
s1-i1,1,304ed1db7142d727,"[[0, 3, 5, 10], [4, 6, 8, 11], [1, 2, 7, 9]]",subset_exact,0.9999999999999998,0.9999999999999998,0.9999999999999998,0.09832187834349394,13.8686411465012,3.7240624520140906,"{""1"": 11}"
s1-i1,1,304ed1db7142d727,"[[0, 3, 5, 10], [4, 6, 8, 11], [1, 2, 7, 9]]",subset_beam_8,0.9999999999999998,0.9999999999999998,0.9999999999999998,0.09832187834349394,13.8686411465012,3.7240624520140906,"{""1"": 11}"
s1-i1,1,304ed1db7142d727,"[[0, 3, 5, 10], [4, 6, 8, 11], [1, 2, 7, 9]]",subset_beam_32,0.9999999999999998,0.9999999999999998,0.9999999999999998,0.09832187834349394,13.8686411465012,3.7240624520140906,"{""1"": 11}"
s1-i1,1,304ed1db7142d727,"[[0, 3, 5, 10], [4, 6, 8, 11], [1, 2, 7, 9]]",saps_diagonal,0.9999999999999998,0.9999999999999998,0.9999999999999998,0.09832187834349394,13.8686411465012,3.7240624520140906,"{""1"": 11}"
s1-i1,1,304ed1db7142d727,"[[0, 3, 5, 10], [4, 6, 8, 11], [1, 2, 7, 9]]",p_saps_residualized,0.9999999999999998,0.9999999999999998,0.9999999999999998,0.09832187834349394,13.8686411465012,3.7240624520140906,"{""1"": 11}"
s1-i1,1,304ed1db7142d727,"[[0, 3, 5, 10], [4, 6, 8, 11], [1, 2, 7, 9]]",p_saps_projection,0.9999999999999998,0.9999999999999998,0.9999999999999998,0.09832187834349394,13.8686411465012,3.7240624520140906,"{""1"": 11}"
s1-i1,1,304ed1db7142d727,"[[0, 3, 5, 10], [4, 6, 8, 11], [1, 2, 7, 9]]",b_saps_budgeted,0.9999999999999998,0.9999999999999998,0.9999999999999998,0.09832187834349394,13.8686411465012,3.7240624520140906,"{""1"": 11}"
s1-i1,1,b0bfcf3f33f8ebfe,"[[0, 6, 7, 10], [4, 5, 8, 11], [1, 2, 3, 9]]",random_balanced,0.8249329055032288,0.8249329055032288,0.8249329055032288,0.2385758950823387,0.09374708283357853,0.306181454098021,"{""1"": 9, ""2"": 2}"
s1-i1,1,b585c6367b50e541,"[[3, 6, 8, 9], [1, 4, 7, 11], [0, 2, 5, 10]]",confidence,0.6838593944953708,0.6838593944953708,0.6838593944953708,0.2014323537023126,3.6598946696957926,-1.9130851182568414,"{""1"": 7, ""2"": 4}"
s1-i1,1,ca41581c8d073e93,"[[3, 4, 8, 9], [0, 1, 2, 6], [5, 7, 10, 11]]",entropy,0.4796688146557766,0.4796688146557766,0.4796688146557766,0.14767058653922677,0.44939379911261884,-0.6703684055149219,"{""2"": 6, ""1"": 5}"
s1-i1,1,27b31ad1d5411661,"[[2, 7, 8, 9], [3, 5, 6, 10], [0, 1, 4, 11]]",dependency_cmi,0.8103477132372437,0.8103477132372437,0.8103477132372437,0.23473572913908747,3.6522385592682762,-1.911083085391181,"{""2"": 2, ""1"": 9}"
s1-i1,1,f9509769f064725b,"[[6, 7, 9, 11], [1, 5, 8, 10], [0, 2, 3, 4]]",min_within_batch_tc,0.9139128828434924,0.9139128828434924,0.9139128828434924,0.2620036204343204,2.491375956498953,1.5784093120920673,"{""1"": 10, ""2"": 1}"
s1-i1,1,308e8057e39b20e8,"[[1, 2, 3, 4], [0, 5, 6, 7], [8, 9, 10, 11]]",dprm_myopic,0.7739606795268009,0.7739606795268009,0.7739606795268009,0.22515531051432555,5.701013902370165,2.3876796063061234,"{""1"": 9, ""2"": 2}"
s1-i1,1,308e8057e39b20e8,"[[1, 2, 3, 4], [0, 5, 6, 7], [8, 9, 10, 11]]",dprm_rollout,0.7739606795268009,0.7739606795268009,0.7739606795268009,0.22515531051432555,5.701013902370165,2.3876796063061234,"{""1"": 9, ""2"": 2}"
s1-i1,1,304ed1db7142d727,"[[0, 3, 5, 10], [4, 6, 8, 11], [1, 2, 7, 9]]",subset_exact,0.9999999999999998,0.9999999999999998,0.9999999999999998,0.284669678545058,20.577162040944287,4.536205687680431,"{""1"": 11}"
s1-i1,1,304ed1db7142d727,"[[0, 3, 5, 10], [4, 6, 8, 11], [1, 2, 7, 9]]",subset_beam_8,0.9999999999999998,0.9999999999999998,0.9999999999999998,0.284669678545058,20.577162040944287,4.536205687680431,"{""1"": 11}"
s1-i1,1,304ed1db7142d727,"[[0, 3, 5, 10], [4, 6, 8, 11], [1, 2, 7, 9]]",subset_beam_32,0.9999999999999998,0.9999999999999998,0.9999999999999998,0.284669678545058,20.577162040944287,4.536205687680431,"{""1"": 11}"
s1-i1,1,304ed1db7142d727,"[[0, 3, 5, 10], [4, 6, 8, 11], [1, 2, 7, 9]]",saps_diagonal,0.9999999999999998,0.9999999999999998,0.9999999999999998,0.284669678545058,20.577162040944287,4.536205687680431,"{""1"": 11}"
s1-i1,1,304ed1db7142d727,"[[0, 3, 5, 10], [4, 6, 8, 11], [1, 2, 7, 9]]",p_saps_residualized,0.9999999999999998,0.9999999999999998,0.9999999999999998,0.284669678545058,20.577162040944287,4.536205687680431,"{""1"": 11}"
s1-i1,1,304ed1db7142d727,"[[0, 3, 5, 10], [4, 6, 8, 11], [1, 2, 7, 9]]",p_saps_projection,0.9999999999999998,0.9999999999999998,0.9999999999999998,0.284669678545058,20.577162040944287,4.536205687680431,"{""1"": 11}"
s1-i1,1,304ed1db7142d727,"[[0, 3, 5, 10], [4, 6, 8, 11], [1, 2, 7, 9]]",b_saps_budgeted,0.9999999999999998,0.9999999999999998,0.9999999999999998,0.284669678545058,20.577162040944287,4.536205687680431,"{""1"": 11}"
s1-i1,1,16e5ad9c616970ae,"[[0, 6, 7], [4, 5, 10], [8, 9, 11], [1, 2, 3]]",random_balanced,0.7980113814512932,0.7980113814512932,0.7980113814512932,0.0159270870539184,0.19129100123698056,-0.4373682672954001,"{""1"": 9, ""2"": 2}"
s1-i1,1,b672bc6643e3d263,"[[3, 8, 9], [4, 6, 11], [0, 1, 7], [2, 5, 10]]",confidence,0.7925017189769143,0.7925017189769143,0.7925017189769143,0.01581781073794558,5.029105110906171,2.2425666346635436,"{""2"": 3, ""1"": 8}"
s1-i1,1,9336d42248f66f8f,"[[4, 8, 9], [1, 3, 6], [0, 2, 11], [5, 7, 10]]",entropy,0.7081140812408064,0.7081140812408064,0.7081140812408064,0.014144102011080179,9.826652222640261,3.134749148279693,"{""1"": 8, ""2"": 3}"
s1-i1,1,3694d874c12d5078,"[[2, 7, 9], [5, 8, 10], [1, 6, 11], [0, 3, 4]]",dependency_cmi,0.9999999999999998,0.9999999999999998,0.9999999999999998,0.019933243911272915,54.88159850464115,7.408211559117433,"{""1"": 11}"
s1-i1,1,650e93483baf420f,"[[7, 9, 11], [6, 8, 10], [3, 4, 5], [0, 1, 2]]",min_within_batch_tc,0.8303643431246323,0.8303643431246323,0.8303643431246323,0.016568762016570426,34.649320314717144,5.886367327538874,"{""2"": 2, ""1"": 9}"
s1-i1,1,c24e4c616a375428,"[[1, 2, 3], [0, 4, 5], [6, 7, 8], [9, 10, 11]]",dprm_myopic,0.880064426570697,0.880064426570697,0.880064426570697,0.017554492457914732,2.104631871619949,1.450734941889782,"{""1"": 10, ""2"": 1}"
s1-i1,1,c24e4c616a375428,"[[1, 2, 3], [0, 4, 5], [6, 7, 8], [9, 10, 11]]",dprm_rollout,0.880064426570697,0.880064426570697,0.880064426570697,0.017554492457914732,2.104631871619949,1.450734941889782,"{""1"": 10, ""2"": 1}"
s1-i1,1,aced731dc58f9ea3,"[[0, 6, 7], [1, 5, 10], [8, 9, 11], [2, 3, 4]]",subset_exact,0.9999999999999998,0.9999999999999998,0.9999999999999998,0.019933243911272915,3.519441279425035,1.8760173984867612,"{""1"": 11}"
s1-i1,1,aced731dc58f9ea3,"[[0, 6, 7], [1, 5, 10], [8, 9, 11], [2, 3, 4]]",subset_beam_8,0.9999999999999998,0.9999999999999998,0.9999999999999998,0.019933243911272915,3.519441279425035,1.8760173984867612,"{""1"": 11}"
s1-i1,1,aced731dc58f9ea3,"[[0, 6, 7], [1, 5, 10], [8, 9, 11], [2, 3, 4]]",subset_beam_32,0.9999999999999998,0.9999999999999998,0.9999999999999998,0.019933243911272915,3.519441279425035,1.8760173984867612,"{""1"": 11}"
s1-i1,1,aced731dc58f9ea3,"[[0, 6, 7], [1, 5, 10], [8, 9, 11], [2, 3, 4]]",saps_diagonal,0.9999999999999998,0.9999999999999998,0.9999999999999998,0.019933243911272915,3.519441279425035,1.8760173984867612,"{""1"": 11}"
s1-i1,1,aced731dc58f9ea3,"[[0, 6, 7], [1, 5, 10], [8, 9, 11], [2, 3, 4]]",p_saps_residualized,0.9999999999999998,0.9999999999999998,0.9999999999999998,0.019933243911272915,3.519441279425035,1.8760173984867612,"{""1"": 11}"
s1-i1,1,aced731dc58f9ea3,"[[0, 6, 7], [1, 5, 10], [8, 9, 11], [2, 3, 4]]",p_saps_projection,0.9999999999999998,0.9999999999999998,0.9999999999999998,0.019933243911272915,3.519441279425035,1.8760173984867612,"{""1"": 11}"
s1-i1,1,aced731dc58f9ea3,"[[0, 6, 7], [1, 5, 10], [8, 9, 11], [2, 3, 4]]",b_saps_budgeted,0.9999999999999998,0.9999999999999998,0.9999999999999998,0.019933243911272915,3.519441279425035,1.8760173984867612,"{""1"": 11}"
s1-i1,1,16e5ad9c616970ae,"[[0, 6, 7], [4, 5, 10], [8, 9, 11], [1, 2, 3]]",random_balanced,0.7980113814512932,0.7980113814512932,0.7980113814512932,0.07895854014332658,2.1575411108377733,1.468857076382101,"{""1"": 9, ""2"": 2}"
s1-i1,1,b672bc6643e3d263,"[[3, 8, 9], [4, 6, 11], [0, 1, 7], [2, 5, 10]]",confidence,0.7925017189769143,0.7925017189769143,0.7925017189769143,0.07843036455290617,4.070969116784859,2.017664272564903,"{""2"": 3, ""1"": 8}"
s1-i1,1,9336d42248f66f8f,"[[4, 8, 9], [1, 3, 6], [0, 2, 11], [5, 7, 10]]",entropy,0.7081140812408064,0.7081140812408064,0.7081140812408064,0.07034066929612395,1.9583281425118417,1.3994027806574638,"{""1"": 8, ""2"": 3}"
s1-i1,1,3694d874c12d5078,"[[2, 7, 9], [5, 8, 10], [1, 6, 11], [0, 3, 4]]",dependency_cmi,0.9999999999999998,0.9999999999999998,0.9999999999999998,0.09832187834349394,5.194645950381965,2.279176594821464,"{""1"": 11}"
s1-i1,1,650e93483baf420f,"[[7, 9, 11], [6, 8, 10], [3, 4, 5], [0, 1, 2]]",min_within_batch_tc,0.8303643431246323,0.8303643431246323,0.8303643431246323,0.08206000864763667,19.325463338930035,4.39607362756017,"{""2"": 2, ""1"": 9}"
s1-i1,1,c24e4c616a375428,"[[1, 2, 3], [0, 4, 5], [6, 7, 8], [9, 10, 11]]",dprm_myopic,0.880064426570697,0.880064426570697,0.880064426570697,0.08682443315460774,5.201461492938158,2.2806712812104593,"{""1"": 10, ""2"": 1}"
s1-i1,1,c24e4c616a375428,"[[1, 2, 3], [0, 4, 5], [6, 7, 8], [9, 10, 11]]",dprm_rollout,0.880064426570697,0.880064426570697,0.880064426570697,0.08682443315460774,5.201461492938158,2.2806712812104593,"{""1"": 10, ""2"": 1}"
s1-i1,1,aced731dc58f9ea3,"[[0, 6, 7], [1, 5, 10], [8, 9, 11], [2, 3, 4]]",subset_exact,0.9999999999999998,0.9999999999999998,0.9999999999999998,0.09832187834349394,2.1575411108377733,1.468857076382101,"{""1"": 11}"
s1-i1,1,aced731dc58f9ea3,"[[0, 6, 7], [1, 5, 10], [8, 9, 11], [2, 3, 4]]",subset_beam_8,0.9999999999999998,0.9999999999999998,0.9999999999999998,0.09832187834349394,2.1575411108377733,1.468857076382101,"{""1"": 11}"
s1-i1,1,aced731dc58f9ea3,"[[0, 6, 7], [1, 5, 10], [8, 9, 11], [2, 3, 4]]",subset_beam_32,0.9999999999999998,0.9999999999999998,0.9999999999999998,0.09832187834349394,2.1575411108377733,1.468857076382101,"{""1"": 11}"
s1-i1,1,aced731dc58f9ea3,"[[0, 6, 7], [1, 5, 10], [8, 9, 11], [2, 3, 4]]",saps_diagonal,0.9999999999999998,0.9999999999999998,0.9999999999999998,0.09832187834349394,2.1575411108377733,1.468857076382101,"{""1"": 11}"
s1-i1,1,aced731dc58f9ea3,"[[0, 6, 7], [1, 5, 10], [8, 9, 11], [2, 3, 4]]",p_saps_residualized,0.9999999999999998,0.9999999999999998,0.9999999999999998,0.09832187834349394,2.1575411108377733,1.468857076382101,"{""1"": 11}"
s1-i1,1,aced731dc58f9ea3,"[[0, 6, 7], [1, 5, 10], [8, 9, 11], [2, 3, 4]]",p_saps_projection,0.9999999999999998,0.9999999999999998,0.9999999999999998,0.09832187834349394,2.1575411108377733,1.468857076382101,"{""1"": 11}"
s1-i1,1,aced731dc58f9ea3,"[[0, 6, 7], [1, 5, 10], [8, 9, 11], [2, 3, 4]]",b_saps_budgeted,0.9999999999999998,0.9999999999999998,0.9999999999999998,0.09832187834349394,2.1575411108377733,1.468857076382101,"{""1"": 11}"
s1-i1,1,16e5ad9c616970ae,"[[0, 6, 7], [4, 5, 10], [8, 9, 11], [1, 2, 3]]",random_balanced,0.7980113814512932,0.7980113814512932,0.7980113814512932,0.23148767040080556,0.1368180447096874,0.3698892330275205,"{""1"": 9, ""2"": 2}"
s1-i1,1,b672bc6643e3d263,"[[3, 8, 9], [4, 6, 11], [0, 1, 7], [2, 5, 10]]",confidence,0.7925017189769143,0.7925017189769143,0.7925017189769143,0.230037019781529,15.591265249259187,-3.9485776235575245,"{""2"": 3, ""1"": 8}"
s1-i1,1,9336d42248f66f8f,"[[4, 8, 9], [1, 3, 6], [0, 2, 11], [5, 7, 10]]",entropy,0.7081140812408064,0.7081140812408064,0.7081140812408064,0.20781842118126317,0.13730443063593112,0.37054612484268556,"{""1"": 8, ""2"": 3}"
s1-i1,1,3694d874c12d5078,"[[2, 7, 9], [5, 8, 10], [1, 6, 11], [0, 3, 4]]",dependency_cmi,0.9999999999999998,0.9999999999999998,0.9999999999999998,0.284669678545058,3.2368176115959466,1.7991157860448967,"{""1"": 11}"
s1-i1,1,650e93483baf420f,"[[7, 9, 11], [6, 8, 10], [3, 4, 5], [0, 1, 2]]",min_within_batch_tc,0.8303643431246323,0.8303643431246323,0.8303643431246323,0.2400059497155745,33.3711479147362,5.776776602460597,"{""2"": 2, ""1"": 9}"
s1-i1,1,c24e4c616a375428,"[[1, 2, 3], [0, 4, 5], [6, 7, 8], [9, 10, 11]]",dprm_myopic,0.880064426570697,0.880064426570697,0.880064426570697,0.2530915892015502,0.6012796278714609,0.7754222255464831,"{""1"": 10, ""2"": 1}"
s1-i1,1,c24e4c616a375428,"[[1, 2, 3], [0, 4, 5], [6, 7, 8], [9, 10, 11]]",dprm_rollout,0.880064426570697,0.880064426570697,0.880064426570697,0.2530915892015502,0.6012796278714609,0.7754222255464831,"{""1"": 10, ""2"": 1}"
s1-i1,1,aced731dc58f9ea3,"[[0, 6, 7], [1, 5, 10], [8, 9, 11], [2, 3, 4]]",subset_exact,0.9999999999999998,0.9999999999999998,0.9999999999999998,0.284669678545058,0.1368180447096874,0.3698892330275205,"{""1"": 11}"
s1-i1,1,aced731dc58f9ea3,"[[0, 6, 7], [1, 5, 10], [8, 9, 11], [2, 3, 4]]",subset_beam_8,0.9999999999999998,0.9999999999999998,0.9999999999999998,0.284669678545058,0.1368180447096874,0.3698892330275205,"{""1"": 11}"
s1-i1,1,aced731dc58f9ea3,"[[0, 6, 7], [1, 5, 10], [8, 9, 11], [2, 3, 4]]",subset_beam_32,0.9999999999999998,0.9999999999999998,0.9999999999999998,0.284669678545058,0.1368180447096874,0.3698892330275205,"{""1"": 11}"
s1-i1,1,aced731dc58f9ea3,"[[0, 6, 7], [1, 5, 10], [8, 9, 11], [2, 3, 4]]",saps_diagonal,0.9999999999999998,0.9999999999999998,0.9999999999999998,0.284669678545058,0.1368180447096874,0.3698892330275205,"{""1"": 11}"
s1-i1,1,aced731dc58f9ea3,"[[0, 6, 7], [1, 5, 10], [8, 9, 11], [2, 3, 4]]",p_saps_residualized,0.9999999999999998,0.9999999999999998,0.9999999999999998,0.284669678545058,0.1368180447096874,0.3698892330275205,"{""1"": 11}"
s1-i1,1,aced731dc58f9ea3,"[[0, 6, 7], [1, 5, 10], [8, 9, 11], [2, 3, 4]]",p_saps_projection,0.9999999999999998,0.9999999999999998,0.9999999999999998,0.284669678545058,0.1368180447096874,0.3698892330275205,"{""1"": 11}"
s1-i1,1,aced731dc58f9ea3,"[[0, 6, 7], [1, 5, 10], [8, 9, 11], [2, 3, 4]]",b_saps_budgeted,0.9999999999999998,0.9999999999999998,0.9999999999999998,0.284669678545058,0.1368180447096874,0.3698892330275205,"{""1"": 11}"
s1-i2,1,2516301160cf1942,"[[0, 1, 2, 3, 4, 5, 6, 7, 8, 9, 10, 11]]",random_balanced,0.0,0.0,0.0,2.953093001089847e-07,0.0,0.0,"{""3"": 1}"
s1-i2,1,2516301160cf1942,"[[0, 1, 2, 3, 4, 5, 6, 7, 8, 9, 10, 11]]",confidence,0.0,0.0,0.0,2.953093001089847e-07,0.0,0.0,"{""3"": 1}"
s1-i2,1,2516301160cf1942,"[[0, 1, 2, 3, 4, 5, 6, 7, 8, 9, 10, 11]]",entropy,0.0,0.0,0.0,2.953093001089847e-07,0.0,0.0,"{""3"": 1}"
s1-i2,1,2516301160cf1942,"[[0, 1, 2, 3, 4, 5, 6, 7, 8, 9, 10, 11]]",dependency_cmi,0.0,0.0,0.0,2.953093001089847e-07,0.0,0.0,"{""3"": 1}"
s1-i2,1,2516301160cf1942,"[[0, 1, 2, 3, 4, 5, 6, 7, 8, 9, 10, 11]]",min_within_batch_tc,0.0,0.0,0.0,2.953093001089847e-07,0.0,0.0,"{""3"": 1}"
s1-i2,1,2516301160cf1942,"[[0, 1, 2, 3, 4, 5, 6, 7, 8, 9, 10, 11]]",dprm_myopic,0.0,0.0,0.0,2.953093001089847e-07,0.0,0.0,"{""3"": 1}"
s1-i2,1,2516301160cf1942,"[[0, 1, 2, 3, 4, 5, 6, 7, 8, 9, 10, 11]]",dprm_rollout,0.0,0.0,0.0,2.953093001089847e-07,0.0,0.0,"{""3"": 1}"
s1-i2,1,2516301160cf1942,"[[0, 1, 2, 3, 4, 5, 6, 7, 8, 9, 10, 11]]",subset_exact,0.0,0.0,0.0,2.953093001089847e-07,0.0,0.0,"{""3"": 1}"
s1-i2,1,2516301160cf1942,"[[0, 1, 2, 3, 4, 5, 6, 7, 8, 9, 10, 11]]",subset_beam_8,0.0,0.0,0.0,2.953093001089847e-07,0.0,0.0,"{""3"": 1}"
s1-i2,1,2516301160cf1942,"[[0, 1, 2, 3, 4, 5, 6, 7, 8, 9, 10, 11]]",subset_beam_32,0.0,0.0,0.0,2.953093001089847e-07,0.0,0.0,"{""3"": 1}"
s1-i2,1,2516301160cf1942,"[[0, 1, 2, 3, 4, 5, 6, 7, 8, 9, 10, 11]]",saps_diagonal,0.0,0.0,0.0,2.953093001089847e-07,0.0,0.0,"{""3"": 1}"
s1-i2,1,2516301160cf1942,"[[0, 1, 2, 3, 4, 5, 6, 7, 8, 9, 10, 11]]",p_saps_residualized,0.0,0.0,0.0,2.953093001089847e-07,0.0,0.0,"{""3"": 1}"
s1-i2,1,2516301160cf1942,"[[0, 1, 2, 3, 4, 5, 6, 7, 8, 9, 10, 11]]",p_saps_projection,0.0,0.0,0.0,2.953093001089847e-07,0.0,0.0,"{""3"": 1}"
s1-i2,1,2516301160cf1942,"[[0, 1, 2, 3, 4, 5, 6, 7, 8, 9, 10, 11]]",b_saps_budgeted,0.0,0.0,0.0,2.953093001089847e-07,0.0,0.0,"{""3"": 1}"
s1-i2,1,2516301160cf1942,"[[0, 1, 2, 3, 4, 5, 6, 7, 8, 9, 10, 11]]",random_balanced,0.0,0.0,0.0,3.642180593392726e-05,0.0,0.0,"{""3"": 1}"
s1-i2,1,2516301160cf1942,"[[0, 1, 2, 3, 4, 5, 6, 7, 8, 9, 10, 11]]",confidence,0.0,0.0,0.0,3.642180593392726e-05,0.0,0.0,"{""3"": 1}"
s1-i2,1,2516301160cf1942,"[[0, 1, 2, 3, 4, 5, 6, 7, 8, 9, 10, 11]]",entropy,0.0,0.0,0.0,3.642180593392726e-05,0.0,0.0,"{""3"": 1}"
s1-i2,1,2516301160cf1942,"[[0, 1, 2, 3, 4, 5, 6, 7, 8, 9, 10, 11]]",dependency_cmi,0.0,0.0,0.0,3.642180593392726e-05,0.0,0.0,"{""3"": 1}"
s1-i2,1,2516301160cf1942,"[[0, 1, 2, 3, 4, 5, 6, 7, 8, 9, 10, 11]]",min_within_batch_tc,0.0,0.0,0.0,3.642180593392726e-05,0.0,0.0,"{""3"": 1}"
s1-i2,1,2516301160cf1942,"[[0, 1, 2, 3, 4, 5, 6, 7, 8, 9, 10, 11]]",dprm_myopic,0.0,0.0,0.0,3.642180593392726e-05,0.0,0.0,"{""3"": 1}"
s1-i2,1,2516301160cf1942,"[[0, 1, 2, 3, 4, 5, 6, 7, 8, 9, 10, 11]]",dprm_rollout,0.0,0.0,0.0,3.642180593392726e-05,0.0,0.0,"{""3"": 1}"
s1-i2,1,2516301160cf1942,"[[0, 1, 2, 3, 4, 5, 6, 7, 8, 9, 10, 11]]",subset_exact,0.0,0.0,0.0,3.642180593392726e-05,0.0,0.0,"{""3"": 1}"
s1-i2,1,2516301160cf1942,"[[0, 1, 2, 3, 4, 5, 6, 7, 8, 9, 10, 11]]",subset_beam_8,0.0,0.0,0.0,3.642180593392726e-05,0.0,0.0,"{""3"": 1}"
s1-i2,1,2516301160cf1942,"[[0, 1, 2, 3, 4, 5, 6, 7, 8, 9, 10, 11]]",subset_beam_32,0.0,0.0,0.0,3.642180593392726e-05,0.0,0.0,"{""3"": 1}"
s1-i2,1,2516301160cf1942,"[[0, 1, 2, 3, 4, 5, 6, 7, 8, 9, 10, 11]]",saps_diagonal,0.0,0.0,0.0,3.642180593392726e-05,0.0,0.0,"{""3"": 1}"
s1-i2,1,2516301160cf1942,"[[0, 1, 2, 3, 4, 5, 6, 7, 8, 9, 10, 11]]",p_saps_residualized,0.0,0.0,0.0,3.642180593392726e-05,0.0,0.0,"{""3"": 1}"
s1-i2,1,2516301160cf1942,"[[0, 1, 2, 3, 4, 5, 6, 7, 8, 9, 10, 11]]",p_saps_projection,0.0,0.0,0.0,3.642180593392726e-05,0.0,0.0,"{""3"": 1}"
s1-i2,1,2516301160cf1942,"[[0, 1, 2, 3, 4, 5, 6, 7, 8, 9, 10, 11]]",b_saps_budgeted,0.0,0.0,0.0,3.642180593392726e-05,0.0,0.0,"{""3"": 1}"
s1-i2,1,2516301160cf1942,"[[0, 1, 2, 3, 4, 5, 6, 7, 8, 9, 10, 11]]",random_balanced,0.0,0.0,0.0,0.000950496452247564,0.0,0.0,"{""3"": 1}"
s1-i2,1,2516301160cf1942,"[[0, 1, 2, 3, 4, 5, 6, 7, 8, 9, 10, 11]]",confidence,0.0,0.0,0.0,0.000950496452247564,0.0,0.0,"{""3"": 1}"
s1-i2,1,2516301160cf1942,"[[0, 1, 2, 3, 4, 5, 6, 7, 8, 9, 10, 11]]",entropy,0.0,0.0,0.0,0.000950496452247564,0.0,0.0,"{""3"": 1}"
s1-i2,1,2516301160cf1942,"[[0, 1, 2, 3, 4, 5, 6, 7, 8, 9, 10, 11]]",dependency_cmi,0.0,0.0,0.0,0.000950496452247564,0.0,0.0,"{""3"": 1}"
s1-i2,1,2516301160cf1942,"[[0, 1, 2, 3, 4, 5, 6, 7, 8, 9, 10, 11]]",min_within_batch_tc,0.0,0.0,0.0,0.000950496452247564,0.0,0.0,"{""3"": 1}"
s1-i2,1,2516301160cf1942,"[[0, 1, 2, 3, 4, 5, 6, 7, 8, 9, 10, 11]]",dprm_myopic,0.0,0.0,0.0,0.000950496452247564,0.0,0.0,"{""3"": 1}"
s1-i2,1,2516301160cf1942,"[[0, 1, 2, 3, 4, 5, 6, 7, 8, 9, 10, 11]]",dprm_rollout,0.0,0.0,0.0,0.000950496452247564,0.0,0.0,"{""3"": 1}"
s1-i2,1,2516301160cf1942,"[[0, 1, 2, 3, 4, 5, 6, 7, 8, 9, 10, 11]]",subset_exact,0.0,0.0,0.0,0.000950496452247564,0.0,0.0,"{""3"": 1}"
s1-i2,1,2516301160cf1942,"[[0, 1, 2, 3, 4, 5, 6, 7, 8, 9, 10, 11]]",subset_beam_8,0.0,0.0,0.0,0.000950496452247564,0.0,0.0,"{""3"": 1}"
s1-i2,1,2516301160cf1942,"[[0, 1, 2, 3, 4, 5, 6, 7, 8, 9, 10, 11]]",subset_beam_32,0.0,0.0,0.0,0.000950496452247564,0.0,0.0,"{""3"": 1}"
s1-i2,1,2516301160cf1942,"[[0, 1, 2, 3, 4, 5, 6, 7, 8, 9, 10, 11]]",saps_diagonal,0.0,0.0,0.0,0.000950496452247564,0.0,0.0,"{""3"": 1}"
s1-i2,1,2516301160cf1942,"[[0, 1, 2, 3, 4, 5, 6, 7, 8, 9, 10, 11]]",p_saps_residualized,0.0,0.0,0.0,0.000950496452247564,0.0,0.0,"{""3"": 1}"
s1-i2,1,2516301160cf1942,"[[0, 1, 2, 3, 4, 5, 6, 7, 8, 9, 10, 11]]",p_saps_projection,0.0,0.0,0.0,0.000950496452247564,0.0,0.0,"{""3"": 1}"
s1-i2,1,2516301160cf1942,"[[0, 1, 2, 3, 4, 5, 6, 7, 8, 9, 10, 11]]",b_saps_budgeted,0.0,0.0,0.0,0.000950496452247564,0.0,0.0,"{""3"": 1}"
s1-i2,1,2fcf00623c64cd64,"[[1, 2, 4, 7, 10, 11], [0, 3, 5, 6, 8, 9]]",random_balanced,0.0,0.0,0.0,9.966672193000835e-05,1.0,1.0,"{""2"": 1}"
s1-i2,1,25a931bf58c3cdfb,"[[0, 1, 2, 5, 7, 10], [3, 4, 6, 8, 9, 11]]",confidence,1.0,1.0,1.0,0.019933243911272918,1.0,1.0,"{""1"": 1}"
s1-i2,1,25a931bf58c3cdfb,"[[0, 1, 2, 5, 7, 10], [3, 4, 6, 8, 9, 11]]",entropy,1.0,1.0,1.0,0.019933243911272918,1.0,1.0,"{""1"": 1}"
s1-i2,1,a9b53a210306f405,"[[1, 2, 3, 5, 6, 9], [0, 4, 7, 8, 10, 11]]",dependency_cmi,0.0,0.0,0.0,2.953093001089847e-07,1.0,1.0,"{""3"": 1}"
s1-i2,1,ef6b794700fddd66,"[[1, 2, 5, 6, 7, 8], [0, 3, 4, 9, 10, 11]]",min_within_batch_tc,1.0,1.0,1.0,0.019933243911272918,0.0,0.0,"{""1"": 1}"
s1-i2,1,d58fd1faeef91009,"[[0, 1, 2, 3, 7, 8], [4, 5, 6, 9, 10, 11]]",dprm_myopic,0.0,0.0,0.0,2.953093001089847e-07,0.0,0.0,"{""3"": 1}"
s1-i2,1,d58fd1faeef91009,"[[0, 1, 2, 3, 7, 8], [4, 5, 6, 9, 10, 11]]",dprm_rollout,0.0,0.0,0.0,2.953093001089847e-07,0.0,0.0,"{""3"": 1}"
s1-i2,1,fab31b7c35ba9623,"[[0, 1, 2, 4, 7, 10], [3, 5, 6, 8, 9, 11]]",subset_exact,1.0,1.0,1.0,0.019933243911272918,1.0,1.0,"{""1"": 1}"
s1-i2,1,fab31b7c35ba9623,"[[0, 1, 2, 4, 7, 10], [3, 5, 6, 8, 9, 11]]",subset_beam_8,1.0,1.0,1.0,0.019933243911272918,1.0,1.0,"{""1"": 1}"
s1-i2,1,fab31b7c35ba9623,"[[0, 1, 2, 4, 7, 10], [3, 5, 6, 8, 9, 11]]",subset_beam_32,1.0,1.0,1.0,0.019933243911272918,1.0,1.0,"{""1"": 1}"
s1-i2,1,fab31b7c35ba9623,"[[0, 1, 2, 4, 7, 10], [3, 5, 6, 8, 9, 11]]",saps_diagonal,1.0,1.0,1.0,0.019933243911272918,1.0,1.0,"{""1"": 1}"
s1-i2,1,fab31b7c35ba9623,"[[0, 1, 2, 4, 7, 10], [3, 5, 6, 8, 9, 11]]",p_saps_residualized,1.0,1.0,1.0,0.019933243911272918,1.0,1.0,"{""1"": 1}"
s1-i2,1,fab31b7c35ba9623,"[[0, 1, 2, 4, 7, 10], [3, 5, 6, 8, 9, 11]]",p_saps_projection,1.0,1.0,1.0,0.019933243911272918,1.0,1.0,"{""1"": 1}"
s1-i2,1,fab31b7c35ba9623,"[[0, 1, 2, 4, 7, 10], [3, 5, 6, 8, 9, 11]]",b_saps_budgeted,1.0,1.0,1.0,0.019933243911272918,1.0,1.0,"{""1"": 1}"
s1-i2,1,2fcf00623c64cd64,"[[1, 2, 4, 7, 10, 11], [0, 3, 5, 6, 8, 9]]",random_balanced,0.0,0.0,0.0,0.002458367125419222,0.0,0.0,"{""2"": 1}"
s1-i2,1,25a931bf58c3cdfb,"[[0, 1, 2, 5, 7, 10], [3, 4, 6, 8, 9, 11]]",confidence,1.0,1.0,1.0,0.09832187834349396,0.0,0.0,"{""1"": 1}"
s1-i2,1,25a931bf58c3cdfb,"[[0, 1, 2, 5, 7, 10], [3, 4, 6, 8, 9, 11]]",entropy,1.0,1.0,1.0,0.09832187834349396,0.0,0.0,"{""1"": 1}"
s1-i2,1,a9b53a210306f405,"[[1, 2, 3, 5, 6, 9], [0, 4, 7, 8, 10, 11]]",dependency_cmi,0.0,0.0,0.0,3.642180593392726e-05,0.0,0.0,"{""3"": 1}"
s1-i2,1,ef6b794700fddd66,"[[1, 2, 5, 6, 7, 8], [0, 3, 4, 9, 10, 11]]",min_within_batch_tc,1.0,1.0,1.0,0.09832187834349396,0.0,0.0,"{""1"": 1}"
s1-i2,1,d58fd1faeef91009,"[[0, 1, 2, 3, 7, 8], [4, 5, 6, 9, 10, 11]]",dprm_myopic,0.0,0.0,0.0,3.642180593392726e-05,0.0,0.0,"{""3"": 1}"
s1-i2,1,d58fd1faeef91009,"[[0, 1, 2, 3, 7, 8], [4, 5, 6, 9, 10, 11]]",dprm_rollout,0.0,0.0,0.0,3.642180593392726e-05,0.0,0.0,"{""3"": 1}"
s1-i2,1,fab31b7c35ba9623,"[[0, 1, 2, 4, 7, 10], [3, 5, 6, 8, 9, 11]]",subset_exact,1.0,1.0,1.0,0.09832187834349396,0.0,0.0,"{""1"": 1}"
s1-i2,1,fab31b7c35ba9623,"[[0, 1, 2, 4, 7, 10], [3, 5, 6, 8, 9, 11]]",subset_beam_8,1.0,1.0,1.0,0.09832187834349396,0.0,0.0,"{""1"": 1}"
s1-i2,1,fab31b7c35ba9623,"[[0, 1, 2, 4, 7, 10], [3, 5, 6, 8, 9, 11]]",subset_beam_32,1.0,1.0,1.0,0.09832187834349396,0.0,0.0,"{""1"": 1}"
s1-i2,1,fab31b7c35ba9623,"[[0, 1, 2, 4, 7, 10], [3, 5, 6, 8, 9, 11]]",saps_diagonal,1.0,1.0,1.0,0.09832187834349396,0.0,0.0,"{""1"": 1}"
s1-i2,1,fab31b7c35ba9623,"[[0, 1, 2, 4, 7, 10], [3, 5, 6, 8, 9, 11]]",p_saps_residualized,1.0,1.0,1.0,0.09832187834349396,0.0,0.0,"{""1"": 1}"
s1-i2,1,fab31b7c35ba9623,"[[0, 1, 2, 4, 7, 10], [3, 5, 6, 8, 9, 11]]",p_saps_projection,1.0,1.0,1.0,0.09832187834349396,0.0,0.0,"{""1"": 1}"
s1-i2,1,fab31b7c35ba9623,"[[0, 1, 2, 4, 7, 10], [3, 5, 6, 8, 9, 11]]",b_saps_budgeted,1.0,1.0,1.0,0.09832187834349396,0.0,0.0,"{""1"": 1}"
s1-i2,1,2fcf00623c64cd64,"[[1, 2, 4, 7, 10, 11], [0, 3, 5, 6, 8, 9]]",random_balanced,0.0,0.0,0.0,0.02137757562180163,0.0,0.0,"{""2"": 1}"
s1-i2,1,25a931bf58c3cdfb,"[[0, 1, 2, 5, 7, 10], [3, 4, 6, 8, 9, 11]]",confidence,1.0,1.0,1.0,0.28466967854505804,0.0,0.0,"{""1"": 1}"
s1-i2,1,25a931bf58c3cdfb,"[[0, 1, 2, 5, 7, 10], [3, 4, 6, 8, 9, 11]]",entropy,1.0,1.0,1.0,0.28466967854505804,0.0,0.0,"{""1"": 1}"
s1-i2,1,a9b53a210306f405,"[[1, 2, 3, 5, 6, 9], [0, 4, 7, 8, 10, 11]]",dependency_cmi,0.0,0.0,0.0,0.000950496452247564,0.0,0.0,"{""3"": 1}"
s1-i2,1,ef6b794700fddd66,"[[1, 2, 5, 6, 7, 8], [0, 3, 4, 9, 10, 11]]",min_within_batch_tc,1.0,1.0,1.0,0.28466967854505804,0.0,0.0,"{""1"": 1}"
s1-i2,1,d58fd1faeef91009,"[[0, 1, 2, 3, 7, 8], [4, 5, 6, 9, 10, 11]]",dprm_myopic,0.0,0.0,0.0,0.000950496452247564,0.0,0.0,"{""3"": 1}"
s1-i2,1,d58fd1faeef91009,"[[0, 1, 2, 3, 7, 8], [4, 5, 6, 9, 10, 11]]",dprm_rollout,0.0,0.0,0.0,0.000950496452247564,0.0,0.0,"{""3"": 1}"
s1-i2,1,fab31b7c35ba9623,"[[0, 1, 2, 4, 7, 10], [3, 5, 6, 8, 9, 11]]",subset_exact,1.0,1.0,1.0,0.28466967854505804,0.0,0.0,"{""1"": 1}"
s1-i2,1,fab31b7c35ba9623,"[[0, 1, 2, 4, 7, 10], [3, 5, 6, 8, 9, 11]]",subset_beam_8,1.0,1.0,1.0,0.28466967854505804,0.0,0.0,"{""1"": 1}"
s1-i2,1,fab31b7c35ba9623,"[[0, 1, 2, 4, 7, 10], [3, 5, 6, 8, 9, 11]]",subset_beam_32,1.0,1.0,1.0,0.28466967854505804,0.0,0.0,"{""1"": 1}"
s1-i2,1,fab31b7c35ba9623,"[[0, 1, 2, 4, 7, 10], [3, 5, 6, 8, 9, 11]]",saps_diagonal,1.0,1.0,1.0,0.28466967854505804,0.0,0.0,"{""1"": 1}"
s1-i2,1,fab31b7c35ba9623,"[[0, 1, 2, 4, 7, 10], [3, 5, 6, 8, 9, 11]]",p_saps_residualized,1.0,1.0,1.0,0.28466967854505804,0.0,0.0,"{""1"": 1}"
s1-i2,1,fab31b7c35ba9623,"[[0, 1, 2, 4, 7, 10], [3, 5, 6, 8, 9, 11]]",p_saps_projection,1.0,1.0,1.0,0.28466967854505804,0.0,0.0,"{""1"": 1}"
s1-i2,1,fab31b7c35ba9623,"[[0, 1, 2, 4, 7, 10], [3, 5, 6, 8, 9, 11]]",b_saps_budgeted,1.0,1.0,1.0,0.28466967854505804,0.0,0.0,"{""1"": 1}"
s1-i2,1,74fb66c6ecb31cab,"[[1, 4, 10, 11], [2, 6, 7, 9], [0, 3, 5, 8]]",random_balanced,0.0,0.0,0.0,9.966672193000835e-05,1.0,1.0,"{""2"": 1}"
s1-i2,1,d95ac42432cf00d7,"[[1, 2, 5, 7], [0, 3, 4, 10], [6, 8, 9, 11]]",confidence,1.0,1.0,1.0,0.019933243911272918,1.0,1.0,"{""1"": 1}"
s1-i2,1,6eff993cacfce139,"[[0, 1, 2, 7], [3, 4, 5, 10], [6, 8, 9, 11]]",entropy,1.0,1.0,1.0,0.019933243911272918,1.0,1.0,"{""1"": 1}"
s1-i2,1,667d80babde5b55c,"[[1, 2, 3, 9], [0, 5, 7, 8], [4, 6, 10, 11]]",dependency_cmi,0.0,0.0,0.0,2.953093001089847e-07,1.0,1.0,"{""3"": 1}"
s1-i2,1,04c6e63498b9a05e,"[[1, 2, 5, 6], [7, 8, 10, 11], [0, 3, 4, 9]]",min_within_batch_tc,1.0,1.0,1.0,0.019933243911272918,1.0,1.0,"{""1"": 1}"
s1-i2,1,efc62a747d2d2726,"[[0, 1, 7, 8], [2, 3, 4, 5], [6, 9, 10, 11]]",dprm_myopic,0.0,0.0,0.0,2.953093001089847e-07,0.0,0.0,"{""3"": 1}"
s1-i2,1,efc62a747d2d2726,"[[0, 1, 7, 8], [2, 3, 4, 5], [6, 9, 10, 11]]",dprm_rollout,0.0,0.0,0.0,2.953093001089847e-07,0.0,0.0,"{""3"": 1}"
s1-i2,1,4f282755c1e16c4b,"[[0, 1, 4, 10], [2, 6, 7, 9], [3, 5, 8, 11]]",subset_exact,1.0,1.0,1.0,0.019933243911272918,1.0,1.0,"{""1"": 1}"
s1-i2,1,4f282755c1e16c4b,"[[0, 1, 4, 10], [2, 6, 7, 9], [3, 5, 8, 11]]",subset_beam_8,1.0,1.0,1.0,0.019933243911272918,1.0,1.0,"{""1"": 1}"
s1-i2,1,4f282755c1e16c4b,"[[0, 1, 4, 10], [2, 6, 7, 9], [3, 5, 8, 11]]",subset_beam_32,1.0,1.0,1.0,0.019933243911272918,1.0,1.0,"{""1"": 1}"
s1-i2,1,4f282755c1e16c4b,"[[0, 1, 4, 10], [2, 6, 7, 9], [3, 5, 8, 11]]",saps_diagonal,1.0,1.0,1.0,0.019933243911272918,1.0,1.0,"{""1"": 1}"
s1-i2,1,4f282755c1e16c4b,"[[0, 1, 4, 10], [2, 6, 7, 9], [3, 5, 8, 11]]",p_saps_residualized,1.0,1.0,1.0,0.019933243911272918,1.0,1.0,"{""1"": 1}"
s1-i2,1,4f282755c1e16c4b,"[[0, 1, 4, 10], [2, 6, 7, 9], [3, 5, 8, 11]]",p_saps_projection,1.0,1.0,1.0,0.019933243911272918,1.0,1.0,"{""1"": 1}"
s1-i2,1,4f282755c1e16c4b,"[[0, 1, 4, 10], [2, 6, 7, 9], [3, 5, 8, 11]]",b_saps_budgeted,1.0,1.0,1.0,0.019933243911272918,1.0,1.0,"{""1"": 1}"
s1-i2,1,74fb66c6ecb31cab,"[[1, 4, 10, 11], [2, 6, 7, 9], [0, 3, 5, 8]]",random_balanced,0.0,0.0,0.0,0.002458367125419222,0.0,0.0,"{""2"": 1}"
s1-i2,1,d95ac42432cf00d7,"[[1, 2, 5, 7], [0, 3, 4, 10], [6, 8, 9, 11]]",confidence,1.0,1.0,1.0,0.09832187834349396,0.0,0.0,"{""1"": 1}"
s1-i2,1,6eff993cacfce139,"[[0, 1, 2, 7], [3, 4, 5, 10], [6, 8, 9, 11]]",entropy,1.0,1.0,1.0,0.09832187834349396,0.0,0.0,"{""1"": 1}"
s1-i2,1,667d80babde5b55c,"[[1, 2, 3, 9], [0, 5, 7, 8], [4, 6, 10, 11]]",dependency_cmi,0.0,0.0,0.0,3.642180593392726e-05,0.0,0.0,"{""3"": 1}"
s1-i2,1,04c6e63498b9a05e,"[[1, 2, 5, 6], [7, 8, 10, 11], [0, 3, 4, 9]]",min_within_batch_tc,1.0,1.0,1.0,0.09832187834349396,0.0,0.0,"{""1"": 1}"
s1-i2,1,efc62a747d2d2726,"[[0, 1, 7, 8], [2, 3, 4, 5], [6, 9, 10, 11]]",dprm_myopic,0.0,0.0,0.0,3.642180593392726e-05,0.0,0.0,"{""3"": 1}"
s1-i2,1,efc62a747d2d2726,"[[0, 1, 7, 8], [2, 3, 4, 5], [6, 9, 10, 11]]",dprm_rollout,0.0,0.0,0.0,3.642180593392726e-05,0.0,0.0,"{""3"": 1}"
s1-i2,1,4f282755c1e16c4b,"[[0, 1, 4, 10], [2, 6, 7, 9], [3, 5, 8, 11]]",subset_exact,1.0,1.0,1.0,0.09832187834349396,0.0,0.0,"{""1"": 1}"
s1-i2,1,4f282755c1e16c4b,"[[0, 1, 4, 10], [2, 6, 7, 9], [3, 5, 8, 11]]",subset_beam_8,1.0,1.0,1.0,0.09832187834349396,0.0,0.0,"{""1"": 1}"
s1-i2,1,4f282755c1e16c4b,"[[0, 1, 4, 10], [2, 6, 7, 9], [3, 5, 8, 11]]",subset_beam_32,1.0,1.0,1.0,0.09832187834349396,0.0,0.0,"{""1"": 1}"
s1-i2,1,4f282755c1e16c4b,"[[0, 1, 4, 10], [2, 6, 7, 9], [3, 5, 8, 11]]",saps_diagonal,1.0,1.0,1.0,0.09832187834349396,0.0,0.0,"{""1"": 1}"
s1-i2,1,4f282755c1e16c4b,"[[0, 1, 4, 10], [2, 6, 7, 9], [3, 5, 8, 11]]",p_saps_residualized,1.0,1.0,1.0,0.09832187834349396,0.0,0.0,"{""1"": 1}"
s1-i2,1,4f282755c1e16c4b,"[[0, 1, 4, 10], [2, 6, 7, 9], [3, 5, 8, 11]]",p_saps_projection,1.0,1.0,1.0,0.09832187834349396,0.0,0.0,"{""1"": 1}"
s1-i2,1,4f282755c1e16c4b,"[[0, 1, 4, 10], [2, 6, 7, 9], [3, 5, 8, 11]]",b_saps_budgeted,1.0,1.0,1.0,0.09832187834349396,0.0,0.0,"{""1"": 1}"
s1-i2,1,74fb66c6ecb31cab,"[[1, 4, 10, 11], [2, 6, 7, 9], [0, 3, 5, 8]]",random_balanced,0.0,0.0,0.0,0.02137757562180163,0.0,0.0,"{""2"": 1}"
s1-i2,1,d95ac42432cf00d7,"[[1, 2, 5, 7], [0, 3, 4, 10], [6, 8, 9, 11]]",confidence,1.0,1.0,1.0,0.28466967854505804,0.0,0.0,"{""1"": 1}"
s1-i2,1,6eff993cacfce139,"[[0, 1, 2, 7], [3, 4, 5, 10], [6, 8, 9, 11]]",entropy,1.0,1.0,1.0,0.28466967854505804,0.0,0.0,"{""1"": 1}"
s1-i2,1,667d80babde5b55c,"[[1, 2, 3, 9], [0, 5, 7, 8], [4, 6, 10, 11]]",dependency_cmi,0.0,0.0,0.0,0.000950496452247564,0.0,0.0,"{""3"": 1}"
s1-i2,1,04c6e63498b9a05e,"[[1, 2, 5, 6], [7, 8, 10, 11], [0, 3, 4, 9]]",min_within_batch_tc,1.0,1.0,1.0,0.28466967854505804,0.0,0.0,"{""1"": 1}"
s1-i2,1,efc62a747d2d2726,"[[0, 1, 7, 8], [2, 3, 4, 5], [6, 9, 10, 11]]",dprm_myopic,0.0,0.0,0.0,0.000950496452247564,0.0,0.0,"{""3"": 1}"
s1-i2,1,efc62a747d2d2726,"[[0, 1, 7, 8], [2, 3, 4, 5], [6, 9, 10, 11]]",dprm_rollout,0.0,0.0,0.0,0.000950496452247564,0.0,0.0,"{""3"": 1}"
s1-i2,1,4f282755c1e16c4b,"[[0, 1, 4, 10], [2, 6, 7, 9], [3, 5, 8, 11]]",subset_exact,1.0,1.0,1.0,0.28466967854505804,0.0,0.0,"{""1"": 1}"
s1-i2,1,4f282755c1e16c4b,"[[0, 1, 4, 10], [2, 6, 7, 9], [3, 5, 8, 11]]",subset_beam_8,1.0,1.0,1.0,0.28466967854505804,0.0,0.0,"{""1"": 1}"
s1-i2,1,4f282755c1e16c4b,"[[0, 1, 4, 10], [2, 6, 7, 9], [3, 5, 8, 11]]",subset_beam_32,1.0,1.0,1.0,0.28466967854505804,0.0,0.0,"{""1"": 1}"
s1-i2,1,4f282755c1e16c4b,"[[0, 1, 4, 10], [2, 6, 7, 9], [3, 5, 8, 11]]",saps_diagonal,1.0,1.0,1.0,0.28466967854505804,0.0,0.0,"{""1"": 1}"
s1-i2,1,4f282755c1e16c4b,"[[0, 1, 4, 10], [2, 6, 7, 9], [3, 5, 8, 11]]",p_saps_residualized,1.0,1.0,1.0,0.28466967854505804,0.0,0.0,"{""1"": 1}"
s1-i2,1,4f282755c1e16c4b,"[[0, 1, 4, 10], [2, 6, 7, 9], [3, 5, 8, 11]]",p_saps_projection,1.0,1.0,1.0,0.28466967854505804,0.0,0.0,"{""1"": 1}"
s1-i2,1,4f282755c1e16c4b,"[[0, 1, 4, 10], [2, 6, 7, 9], [3, 5, 8, 11]]",b_saps_budgeted,1.0,1.0,1.0,0.28466967854505804,0.0,0.0,"{""1"": 1}"
s1-i2,1,fa39571a779caf2c,"[[4, 10, 11], [1, 2, 7], [5, 6, 9], [0, 3, 8]]",random_balanced,0.0,0.0,0.0,9.966672193000835e-05,1.0,1.0,"{""2"": 1}"
s1-i2,1,833f54b64d37bfff,"[[1, 2, 7], [0, 5, 10], [3, 4, 11], [6, 8, 9]]",confidence,1.0,1.0,1.0,0.019933243911272918,1.0,1.0,"{""1"": 1}"
s1-i2,1,204d609feccb7f49,"[[1, 2, 7], [0, 5, 10], [3, 4, 6], [8, 9, 11]]",entropy,1.0,1.0,1.0,0.019933243911272918,1.0,1.0,"{""1"": 1}"
s1-i2,1,f5a6e8befc0f4e09,"[[1, 2, 3], [0, 5, 8], [4, 6, 9], [7, 10, 11]]",dependency_cmi,1.0,1.0,1.0,0.019933243911272918,1.0,1.0,"{""1"": 1}"
s1-i2,1,f1155daad79b002f,"[[1, 2, 3], [5, 6, 7], [8, 10, 11], [0, 4, 9]]",min_within_batch_tc,1.0,1.0,1.0,0.019933243911272918,1.0,1.0,"{""1"": 1}"
s1-i2,1,292e7cdb22fff0c5,"[[0, 7, 8], [1, 2, 3], [4, 5, 6], [9, 10, 11]]",dprm_myopic,0.0,0.0,0.0,2.953093001089847e-07,0.0,0.0,"{""3"": 1}"
s1-i2,1,292e7cdb22fff0c5,"[[0, 7, 8], [1, 2, 3], [4, 5, 6], [9, 10, 11]]",dprm_rollout,0.0,0.0,0.0,2.953093001089847e-07,0.0,0.0,"{""3"": 1}"
s1-i2,1,ba99425c3a87dc0d,"[[0, 4, 10], [1, 2, 7], [5, 6, 9], [3, 8, 11]]",subset_exact,1.0,1.0,1.0,0.019933243911272918,1.0,1.0,"{""1"": 1}"
s1-i2,1,ba99425c3a87dc0d,"[[0, 4, 10], [1, 2, 7], [5, 6, 9], [3, 8, 11]]",subset_beam_8,1.0,1.0,1.0,0.019933243911272918,1.0,1.0,"{""1"": 1}"
s1-i2,1,ba99425c3a87dc0d,"[[0, 4, 10], [1, 2, 7], [5, 6, 9], [3, 8, 11]]",subset_beam_32,1.0,1.0,1.0,0.019933243911272918,1.0,1.0,"{""1"": 1}"
s1-i2,1,ba99425c3a87dc0d,"[[0, 4, 10], [1, 2, 7], [5, 6, 9], [3, 8, 11]]",saps_diagonal,1.0,1.0,1.0,0.019933243911272918,1.0,1.0,"{""1"": 1}"
s1-i2,1,ba99425c3a87dc0d,"[[0, 4, 10], [1, 2, 7], [5, 6, 9], [3, 8, 11]]",p_saps_residualized,1.0,1.0,1.0,0.019933243911272918,1.0,1.0,"{""1"": 1}"
s1-i2,1,ba99425c3a87dc0d,"[[0, 4, 10], [1, 2, 7], [5, 6, 9], [3, 8, 11]]",p_saps_projection,1.0,1.0,1.0,0.019933243911272918,1.0,1.0,"{""1"": 1}"
s1-i2,1,ba99425c3a87dc0d,"[[0, 4, 10], [1, 2, 7], [5, 6, 9], [3, 8, 11]]",b_saps_budgeted,1.0,1.0,1.0,0.019933243911272918,1.0,1.0,"{""1"": 1}"
s1-i2,1,fa39571a779caf2c,"[[4, 10, 11], [1, 2, 7], [5, 6, 9], [0, 3, 8]]",random_balanced,0.0,0.0,0.0,0.002458367125419222,0.0,0.0,"{""2"": 1}"
s1-i2,1,833f54b64d37bfff,"[[1, 2, 7], [0, 5, 10], [3, 4, 11], [6, 8, 9]]",confidence,1.0,1.0,1.0,0.09832187834349396,0.0,0.0,"{""1"": 1}"
s1-i2,1,204d609feccb7f49,"[[1, 2, 7], [0, 5, 10], [3, 4, 6], [8, 9, 11]]",entropy,1.0,1.0,1.0,0.09832187834349396,0.0,0.0,"{""1"": 1}"
s1-i2,1,f5a6e8befc0f4e09,"[[1, 2, 3], [0, 5, 8], [4, 6, 9], [7, 10, 11]]",dependency_cmi,1.0,1.0,1.0,0.09832187834349396,1.0,1.0,"{""1"": 1}"
s1-i2,1,f1155daad79b002f,"[[1, 2, 3], [5, 6, 7], [8, 10, 11], [0, 4, 9]]",min_within_batch_tc,1.0,1.0,1.0,0.09832187834349396,0.0,0.0,"{""1"": 1}"
s1-i2,1,292e7cdb22fff0c5,"[[0, 7, 8], [1, 2, 3], [4, 5, 6], [9, 10, 11]]",dprm_myopic,0.0,0.0,0.0,3.642180593392726e-05,0.0,0.0,"{""3"": 1}"
s1-i2,1,292e7cdb22fff0c5,"[[0, 7, 8], [1, 2, 3], [4, 5, 6], [9, 10, 11]]",dprm_rollout,0.0,0.0,0.0,3.642180593392726e-05,0.0,0.0,"{""3"": 1}"
s1-i2,1,ba99425c3a87dc0d,"[[0, 4, 10], [1, 2, 7], [5, 6, 9], [3, 8, 11]]",subset_exact,1.0,1.0,1.0,0.09832187834349396,0.0,0.0,"{""1"": 1}"
s1-i2,1,ba99425c3a87dc0d,"[[0, 4, 10], [1, 2, 7], [5, 6, 9], [3, 8, 11]]",subset_beam_8,1.0,1.0,1.0,0.09832187834349396,0.0,0.0,"{""1"": 1}"
s1-i2,1,ba99425c3a87dc0d,"[[0, 4, 10], [1, 2, 7], [5, 6, 9], [3, 8, 11]]",subset_beam_32,1.0,1.0,1.0,0.09832187834349396,0.0,0.0,"{""1"": 1}"
s1-i2,1,ba99425c3a87dc0d,"[[0, 4, 10], [1, 2, 7], [5, 6, 9], [3, 8, 11]]",saps_diagonal,1.0,1.0,1.0,0.09832187834349396,0.0,0.0,"{""1"": 1}"
s1-i2,1,ba99425c3a87dc0d,"[[0, 4, 10], [1, 2, 7], [5, 6, 9], [3, 8, 11]]",p_saps_residualized,1.0,1.0,1.0,0.09832187834349396,0.0,0.0,"{""1"": 1}"
s1-i2,1,ba99425c3a87dc0d,"[[0, 4, 10], [1, 2, 7], [5, 6, 9], [3, 8, 11]]",p_saps_projection,1.0,1.0,1.0,0.09832187834349396,0.0,0.0,"{""1"": 1}"
s1-i2,1,ba99425c3a87dc0d,"[[0, 4, 10], [1, 2, 7], [5, 6, 9], [3, 8, 11]]",b_saps_budgeted,1.0,1.0,1.0,0.09832187834349396,0.0,0.0,"{""1"": 1}"
s1-i2,1,fa39571a779caf2c,"[[4, 10, 11], [1, 2, 7], [5, 6, 9], [0, 3, 8]]",random_balanced,0.0,0.0,0.0,0.02137757562180163,0.0,0.0,"{""2"": 1}"
s1-i2,1,833f54b64d37bfff,"[[1, 2, 7], [0, 5, 10], [3, 4, 11], [6, 8, 9]]",confidence,1.0,1.0,1.0,0.28466967854505804,0.0,0.0,"{""1"": 1}"
s1-i2,1,204d609feccb7f49,"[[1, 2, 7], [0, 5, 10], [3, 4, 6], [8, 9, 11]]",entropy,1.0,1.0,1.0,0.28466967854505804,0.0,0.0,"{""1"": 1}"
s1-i2,1,f5a6e8befc0f4e09,"[[1, 2, 3], [0, 5, 8], [4, 6, 9], [7, 10, 11]]",dependency_cmi,1.0,1.0,1.0,0.28466967854505804,0.0,0.0,"{""1"": 1}"
s1-i2,1,f1155daad79b002f,"[[1, 2, 3], [5, 6, 7], [8, 10, 11], [0, 4, 9]]",min_within_batch_tc,1.0,1.0,1.0,0.28466967854505804,0.0,0.0,"{""1"": 1}"
s1-i2,1,292e7cdb22fff0c5,"[[0, 7, 8], [1, 2, 3], [4, 5, 6], [9, 10, 11]]",dprm_myopic,0.0,0.0,0.0,0.000950496452247564,0.0,0.0,"{""3"": 1}"
s1-i2,1,292e7cdb22fff0c5,"[[0, 7, 8], [1, 2, 3], [4, 5, 6], [9, 10, 11]]",dprm_rollout,0.0,0.0,0.0,0.000950496452247564,0.0,0.0,"{""3"": 1}"
s1-i2,1,ba99425c3a87dc0d,"[[0, 4, 10], [1, 2, 7], [5, 6, 9], [3, 8, 11]]",subset_exact,1.0,1.0,1.0,0.28466967854505804,0.0,0.0,"{""1"": 1}"
s1-i2,1,ba99425c3a87dc0d,"[[0, 4, 10], [1, 2, 7], [5, 6, 9], [3, 8, 11]]",subset_beam_8,1.0,1.0,1.0,0.28466967854505804,0.0,0.0,"{""1"": 1}"
s1-i2,1,ba99425c3a87dc0d,"[[0, 4, 10], [1, 2, 7], [5, 6, 9], [3, 8, 11]]",subset_beam_32,1.0,1.0,1.0,0.28466967854505804,0.0,0.0,"{""1"": 1}"
s1-i2,1,ba99425c3a87dc0d,"[[0, 4, 10], [1, 2, 7], [5, 6, 9], [3, 8, 11]]",saps_diagonal,1.0,1.0,1.0,0.28466967854505804,0.0,0.0,"{""1"": 1}"
s1-i2,1,ba99425c3a87dc0d,"[[0, 4, 10], [1, 2, 7], [5, 6, 9], [3, 8, 11]]",p_saps_residualized,1.0,1.0,1.0,0.28466967854505804,0.0,0.0,"{""1"": 1}"
s1-i2,1,ba99425c3a87dc0d,"[[0, 4, 10], [1, 2, 7], [5, 6, 9], [3, 8, 11]]",p_saps_projection,1.0,1.0,1.0,0.28466967854505804,0.0,0.0,"{""1"": 1}"
s1-i2,1,ba99425c3a87dc0d,"[[0, 4, 10], [1, 2, 7], [5, 6, 9], [3, 8, 11]]",b_saps_budgeted,1.0,1.0,1.0,0.28466967854505804,0.0,0.0,"{""1"": 1}"
s1-i3,1,2516301160cf1942,"[[0, 1, 2, 3, 4, 5, 6, 7, 8, 9, 10, 11]]",random_balanced,0.005602464331142238,0.005602464331142238,0.005602464331142238,0.0001116752890317372,3.40260061488462e-05,-0.005833181477448323,"{""1"": 12, ""5"": 1}"
s1-i3,1,2516301160cf1942,"[[0, 1, 2, 3, 4, 5, 6, 7, 8, 9, 10, 11]]",confidence,0.005602464331142238,0.005602464331142238,0.005602464331142238,0.0001116752890317372,3.40260061488462e-05,-0.005833181477448323,"{""1"": 12, ""5"": 1}"
s1-i3,1,2516301160cf1942,"[[0, 1, 2, 3, 4, 5, 6, 7, 8, 9, 10, 11]]",entropy,0.005602464331142238,0.005602464331142238,0.005602464331142238,0.0001116752890317372,3.40260061488462e-05,-0.005833181477448323,"{""1"": 12, ""5"": 1}"
s1-i3,1,2516301160cf1942,"[[0, 1, 2, 3, 4, 5, 6, 7, 8, 9, 10, 11]]",dependency_cmi,0.005602464331142238,0.005602464331142238,0.005602464331142238,0.0001116752890317372,3.40260061488462e-05,-0.005833181477448323,"{""1"": 12, ""5"": 1}"
s1-i3,1,2516301160cf1942,"[[0, 1, 2, 3, 4, 5, 6, 7, 8, 9, 10, 11]]",min_within_batch_tc,0.005602464331142238,0.005602464331142238,0.005602464331142238,0.0001116752890317372,3.40260061488462e-05,-0.005833181477448323,"{""1"": 12, ""5"": 1}"
s1-i3,1,2516301160cf1942,"[[0, 1, 2, 3, 4, 5, 6, 7, 8, 9, 10, 11]]",dprm_myopic,0.005602464331142238,0.005602464331142238,0.005602464331142238,0.0001116752890317372,3.40260061488462e-05,-0.005833181477448323,"{""1"": 12, ""5"": 1}"
s1-i3,1,2516301160cf1942,"[[0, 1, 2, 3, 4, 5, 6, 7, 8, 9, 10, 11]]",dprm_rollout,0.005602464331142238,0.005602464331142238,0.005602464331142238,0.0001116752890317372,3.40260061488462e-05,-0.005833181477448323,"{""1"": 12, ""5"": 1}"
s1-i3,1,2516301160cf1942,"[[0, 1, 2, 3, 4, 5, 6, 7, 8, 9, 10, 11]]",subset_exact,0.005602464331142238,0.005602464331142238,0.005602464331142238,0.0001116752890317372,3.40260061488462e-05,-0.005833181477448323,"{""1"": 12, ""5"": 1}"
s1-i3,1,2516301160cf1942,"[[0, 1, 2, 3, 4, 5, 6, 7, 8, 9, 10, 11]]",subset_beam_8,0.005602464331142238,0.005602464331142238,0.005602464331142238,0.0001116752890317372,3.40260061488462e-05,-0.005833181477448323,"{""1"": 12, ""5"": 1}"
s1-i3,1,2516301160cf1942,"[[0, 1, 2, 3, 4, 5, 6, 7, 8, 9, 10, 11]]",subset_beam_32,0.005602464331142238,0.005602464331142238,0.005602464331142238,0.0001116752890317372,3.40260061488462e-05,-0.005833181477448323,"{""1"": 12, ""5"": 1}"
s1-i3,1,2516301160cf1942,"[[0, 1, 2, 3, 4, 5, 6, 7, 8, 9, 10, 11]]",saps_diagonal,0.005602464331142238,0.005602464331142238,0.005602464331142238,0.0001116752890317372,3.40260061488462e-05,-0.005833181477448323,"{""1"": 12, ""5"": 1}"
s1-i3,1,2516301160cf1942,"[[0, 1, 2, 3, 4, 5, 6, 7, 8, 9, 10, 11]]",p_saps_residualized,0.005602464331142238,0.005602464331142238,0.005602464331142238,0.0001116752890317372,3.40260061488462e-05,-0.005833181477448323,"{""1"": 12, ""5"": 1}"
s1-i3,1,2516301160cf1942,"[[0, 1, 2, 3, 4, 5, 6, 7, 8, 9, 10, 11]]",p_saps_projection,0.005602464331142238,0.005602464331142238,0.005602464331142238,0.0001116752890317372,3.40260061488462e-05,-0.005833181477448323,"{""1"": 12, ""5"": 1}"
s1-i3,1,2516301160cf1942,"[[0, 1, 2, 3, 4, 5, 6, 7, 8, 9, 10, 11]]",b_saps_budgeted,0.005602464331142238,0.005602464331142238,0.005602464331142238,0.0001116752890317372,3.40260061488462e-05,-0.005833181477448323,"{""1"": 12, ""5"": 1}"
s1-i3,1,2516301160cf1942,"[[0, 1, 2, 3, 4, 5, 6, 7, 8, 9, 10, 11]]",random_balanced,0.005602464331142238,0.005602464331142238,0.005602464331142238,0.0005508479457101048,1.1133754447047381,1.0551660744663554,"{""1"": 12, ""5"": 1}"
s1-i3,1,2516301160cf1942,"[[0, 1, 2, 3, 4, 5, 6, 7, 8, 9, 10, 11]]",confidence,0.005602464331142238,0.005602464331142238,0.005602464331142238,0.0005508479457101048,1.1133754447047381,1.0551660744663554,"{""1"": 12, ""5"": 1}"
s1-i3,1,2516301160cf1942,"[[0, 1, 2, 3, 4, 5, 6, 7, 8, 9, 10, 11]]",entropy,0.005602464331142238,0.005602464331142238,0.005602464331142238,0.0005508479457101048,1.1133754447047381,1.0551660744663554,"{""1"": 12, ""5"": 1}"
s1-i3,1,2516301160cf1942,"[[0, 1, 2, 3, 4, 5, 6, 7, 8, 9, 10, 11]]",dependency_cmi,0.005602464331142238,0.005602464331142238,0.005602464331142238,0.0005508479457101048,1.1133754447047381,1.0551660744663554,"{""1"": 12, ""5"": 1}"
s1-i3,1,2516301160cf1942,"[[0, 1, 2, 3, 4, 5, 6, 7, 8, 9, 10, 11]]",min_within_batch_tc,0.005602464331142238,0.005602464331142238,0.005602464331142238,0.0005508479457101048,1.1133754447047381,1.0551660744663554,"{""1"": 12, ""5"": 1}"
s1-i3,1,2516301160cf1942,"[[0, 1, 2, 3, 4, 5, 6, 7, 8, 9, 10, 11]]",dprm_myopic,0.005602464331142238,0.005602464331142238,0.005602464331142238,0.0005508479457101048,1.1133754447047381,1.0551660744663554,"{""1"": 12, ""5"": 1}"
s1-i3,1,2516301160cf1942,"[[0, 1, 2, 3, 4, 5, 6, 7, 8, 9, 10, 11]]",dprm_rollout,0.005602464331142238,0.005602464331142238,0.005602464331142238,0.0005508479457101048,1.1133754447047381,1.0551660744663554,"{""1"": 12, ""5"": 1}"
s1-i3,1,2516301160cf1942,"[[0, 1, 2, 3, 4, 5, 6, 7, 8, 9, 10, 11]]",subset_exact,0.005602464331142238,0.005602464331142238,0.005602464331142238,0.0005508479457101048,1.1133754447047381,1.0551660744663554,"{""1"": 12, ""5"": 1}"
s1-i3,1,2516301160cf1942,"[[0, 1, 2, 3, 4, 5, 6, 7, 8, 9, 10, 11]]",subset_beam_8,0.005602464331142238,0.005602464331142238,0.005602464331142238,0.0005508479457101048,1.1133754447047381,1.0551660744663554,"{""1"": 12, ""5"": 1}"
s1-i3,1,2516301160cf1942,"[[0, 1, 2, 3, 4, 5, 6, 7, 8, 9, 10, 11]]",subset_beam_32,0.005602464331142238,0.005602464331142238,0.005602464331142238,0.0005508479457101048,1.1133754447047381,1.0551660744663554,"{""1"": 12, ""5"": 1}"
s1-i3,1,2516301160cf1942,"[[0, 1, 2, 3, 4, 5, 6, 7, 8, 9, 10, 11]]",saps_diagonal,0.005602464331142238,0.005602464331142238,0.005602464331142238,0.0005508479457101048,1.1133754447047381,1.0551660744663554,"{""1"": 12, ""5"": 1}"
s1-i3,1,2516301160cf1942,"[[0, 1, 2, 3, 4, 5, 6, 7, 8, 9, 10, 11]]",p_saps_residualized,0.005602464331142238,0.005602464331142238,0.005602464331142238,0.0005508479457101048,1.1133754447047381,1.0551660744663554,"{""1"": 12, ""5"": 1}"
s1-i3,1,2516301160cf1942,"[[0, 1, 2, 3, 4, 5, 6, 7, 8, 9, 10, 11]]",p_saps_projection,0.005602464331142238,0.005602464331142238,0.005602464331142238,0.0005508479457101048,1.1133754447047381,1.0551660744663554,"{""1"": 12, ""5"": 1}"
s1-i3,1,2516301160cf1942,"[[0, 1, 2, 3, 4, 5, 6, 7, 8, 9, 10, 11]]",b_saps_budgeted,0.005602464331142238,0.005602464331142238,0.005602464331142238,0.0005508479457101048,1.1133754447047381,1.0551660744663554,"{""1"": 12, ""5"": 1}"
s1-i3,1,2516301160cf1942,"[[0, 1, 2, 3, 4, 5, 6, 7, 8, 9, 10, 11]]",random_balanced,0.005602464331142238,0.005602464331142238,0.005602464331142238,0.0015955869158460556,0.0017415598903770555,0.04173200079527766,"{""1"": 12, ""5"": 1}"
s1-i3,1,2516301160cf1942,"[[0, 1, 2, 3, 4, 5, 6, 7, 8, 9, 10, 11]]",confidence,0.005602464331142238,0.005602464331142238,0.005602464331142238,0.0015955869158460556,0.0017415598903770555,0.04173200079527766,"{""1"": 12, ""5"": 1}"
s1-i3,1,2516301160cf1942,"[[0, 1, 2, 3, 4, 5, 6, 7, 8, 9, 10, 11]]",entropy,0.005602464331142238,0.005602464331142238,0.005602464331142238,0.0015955869158460556,0.0017415598903770555,0.04173200079527766,"{""1"": 12, ""5"": 1}"
s1-i3,1,2516301160cf1942,"[[0, 1, 2, 3, 4, 5, 6, 7, 8, 9, 10, 11]]",dependency_cmi,0.005602464331142238,0.005602464331142238,0.005602464331142238,0.0015955869158460556,0.0017415598903770555,0.04173200079527766,"{""1"": 12, ""5"": 1}"
s1-i3,1,2516301160cf1942,"[[0, 1, 2, 3, 4, 5, 6, 7, 8, 9, 10, 11]]",min_within_batch_tc,0.005602464331142238,0.005602464331142238,0.005602464331142238,0.0015955869158460556,0.0017415598903770555,0.04173200079527766,"{""1"": 12, ""5"": 1}"
s1-i3,1,2516301160cf1942,"[[0, 1, 2, 3, 4, 5, 6, 7, 8, 9, 10, 11]]",dprm_myopic,0.005602464331142238,0.005602464331142238,0.005602464331142238,0.0015955869158460556,0.0017415598903770555,0.04173200079527766,"{""1"": 12, ""5"": 1}"
s1-i3,1,2516301160cf1942,"[[0, 1, 2, 3, 4, 5, 6, 7, 8, 9, 10, 11]]",dprm_rollout,0.005602464331142238,0.005602464331142238,0.005602464331142238,0.0015955869158460556,0.0017415598903770555,0.04173200079527766,"{""1"": 12, ""5"": 1}"
s1-i3,1,2516301160cf1942,"[[0, 1, 2, 3, 4, 5, 6, 7, 8, 9, 10, 11]]",subset_exact,0.005602464331142238,0.005602464331142238,0.005602464331142238,0.0015955869158460556,0.0017415598903770555,0.04173200079527766,"{""1"": 12, ""5"": 1}"
s1-i3,1,2516301160cf1942,"[[0, 1, 2, 3, 4, 5, 6, 7, 8, 9, 10, 11]]",subset_beam_8,0.005602464331142238,0.005602464331142238,0.005602464331142238,0.0015955869158460556,0.0017415598903770555,0.04173200079527766,"{""1"": 12, ""5"": 1}"
s1-i3,1,2516301160cf1942,"[[0, 1, 2, 3, 4, 5, 6, 7, 8, 9, 10, 11]]",subset_beam_32,0.005602464331142238,0.005602464331142238,0.005602464331142238,0.0015955869158460556,0.0017415598903770555,0.04173200079527766,"{""1"": 12, ""5"": 1}"
s1-i3,1,2516301160cf1942,"[[0, 1, 2, 3, 4, 5, 6, 7, 8, 9, 10, 11]]",saps_diagonal,0.005602464331142238,0.005602464331142238,0.005602464331142238,0.0015955869158460556,0.0017415598903770555,0.04173200079527766,"{""1"": 12, ""5"": 1}"
s1-i3,1,2516301160cf1942,"[[0, 1, 2, 3, 4, 5, 6, 7, 8, 9, 10, 11]]",p_saps_residualized,0.005602464331142238,0.005602464331142238,0.005602464331142238,0.0015955869158460556,0.0017415598903770555,0.04173200079527766,"{""1"": 12, ""5"": 1}"
s1-i3,1,2516301160cf1942,"[[0, 1, 2, 3, 4, 5, 6, 7, 8, 9, 10, 11]]",p_saps_projection,0.005602464331142238,0.005602464331142238,0.005602464331142238,0.0015955869158460556,0.0017415598903770555,0.04173200079527766,"{""1"": 12, ""5"": 1}"
s1-i3,1,2516301160cf1942,"[[0, 1, 2, 3, 4, 5, 6, 7, 8, 9, 10, 11]]",b_saps_budgeted,0.005602464331142238,0.005602464331142238,0.005602464331142238,0.0015955869158460556,0.0017415598903770555,0.04173200079527766,"{""1"": 12, ""5"": 1}"
s1-i3,1,7034e32b0bd004bf,"[[0, 1, 5, 6, 7, 11], [2, 3, 4, 8, 9, 10]]",random_balanced,0.005602464331142238,0.005602464331142238,0.005602464331142238,0.00021078363069225832,0.00033538080353509857,0.01831340502296333,"{""1"": 12, ""2"": 1}"
s1-i3,1,6e725e0d0757035d,"[[0, 1, 2, 6, 9, 11], [3, 4, 5, 7, 8, 10]]",confidence,0.005602464331142238,0.005602464331142238,0.005602464331142238,0.00021078363069225832,0.0,0.0,"{""1"": 12, ""2"": 1}"
s1-i3,1,6e725e0d0757035d,"[[0, 1, 2, 6, 9, 11], [3, 4, 5, 7, 8, 10]]",entropy,0.005602464331142238,0.005602464331142238,0.005602464331142238,0.00021078363069225832,0.0,0.0,"{""1"": 12, ""2"": 1}"
s1-i3,1,fb5a90263696317c,"[[1, 3, 4, 5, 6, 8], [0, 2, 7, 9, 10, 11]]",dependency_cmi,0.005602464331142238,0.005602464331142238,0.005602464331142238,0.00011196894285715319,3.566147318082037e-05,0.005971722798390793,"{""1"": 12, ""3"": 1}"
s1-i3,1,68ae7df79eb9080f,"[[1, 4, 5, 8, 10, 11], [0, 2, 3, 6, 7, 9]]",min_within_batch_tc,0.005602464331142238,0.005602464331142238,0.005602464331142238,0.00011196894285715319,0.00027311789493515297,-0.016526278919803846,"{""1"": 12, ""3"": 1}"
s1-i3,1,569823a218a6e255,"[[0, 1, 3, 5, 9, 11], [2, 4, 6, 7, 8, 10]]",dprm_myopic,0.005602464331142238,0.005602464331142238,0.005602464331142238,0.0001116752890317372,3.566147318082037e-05,0.005971722798390793,"{""1"": 12, ""5"": 1}"
s1-i3,1,569823a218a6e255,"[[0, 1, 3, 5, 9, 11], [2, 4, 6, 7, 8, 10]]",dprm_rollout,0.005602464331142238,0.005602464331142238,0.005602464331142238,0.0001116752890317372,3.566147318082037e-05,0.005971722798390793,"{""1"": 12, ""5"": 1}"
s1-i3,1,4c9b8bfc49aa0a34,"[[0, 1, 3, 5, 6, 11], [2, 4, 7, 8, 9, 10]]",subset_exact,0.9999999999999999,0.9999999999999999,0.9999999999999999,0.019933243911272918,3.566147318082037e-05,0.005971722798390793,"{""1"": 13}"
s1-i3,1,4c9b8bfc49aa0a34,"[[0, 1, 3, 5, 6, 11], [2, 4, 7, 8, 9, 10]]",subset_beam_8,0.9999999999999999,0.9999999999999999,0.9999999999999999,0.019933243911272918,3.566147318082037e-05,0.005971722798390793,"{""1"": 13}"
s1-i3,1,4c9b8bfc49aa0a34,"[[0, 1, 3, 5, 6, 11], [2, 4, 7, 8, 9, 10]]",subset_beam_32,0.9999999999999999,0.9999999999999999,0.9999999999999999,0.019933243911272918,3.566147318082037e-05,0.005971722798390793,"{""1"": 13}"
s1-i3,1,4c9b8bfc49aa0a34,"[[0, 1, 3, 5, 6, 11], [2, 4, 7, 8, 9, 10]]",saps_diagonal,0.9999999999999999,0.9999999999999999,0.9999999999999999,0.019933243911272918,3.566147318082037e-05,0.005971722798390793,"{""1"": 13}"
s1-i3,1,4c9b8bfc49aa0a34,"[[0, 1, 3, 5, 6, 11], [2, 4, 7, 8, 9, 10]]",p_saps_residualized,0.9999999999999999,0.9999999999999999,0.9999999999999999,0.019933243911272918,3.566147318082037e-05,0.005971722798390793,"{""1"": 13}"
s1-i3,1,4c9b8bfc49aa0a34,"[[0, 1, 3, 5, 6, 11], [2, 4, 7, 8, 9, 10]]",p_saps_projection,0.9999999999999999,0.9999999999999999,0.9999999999999999,0.019933243911272918,3.566147318082037e-05,0.005971722798390793,"{""1"": 13}"
s1-i3,1,4c9b8bfc49aa0a34,"[[0, 1, 3, 5, 6, 11], [2, 4, 7, 8, 9, 10]]",b_saps_budgeted,0.9999999999999999,0.9999999999999999,0.9999999999999999,0.019933243911272918,3.566147318082037e-05,0.005971722798390793,"{""1"": 13}"
s1-i3,1,7034e32b0bd004bf,"[[0, 1, 5, 6, 7, 11], [2, 3, 4, 8, 9, 10]]",random_balanced,0.005602464331142238,0.005602464331142238,0.005602464331142238,0.002995439027676539,1.0908878971380958,1.0444557899394764,"{""1"": 12, ""2"": 1}"
s1-i3,1,6e725e0d0757035d,"[[0, 1, 2, 6, 9, 11], [3, 4, 5, 7, 8, 10]]",confidence,0.005602464331142238,0.005602464331142238,0.005602464331142238,0.002995439027676539,1.1133754447047381,1.0551660744663554,"{""1"": 12, ""2"": 1}"
s1-i3,1,6e725e0d0757035d,"[[0, 1, 2, 6, 9, 11], [3, 4, 5, 7, 8, 10]]",entropy,0.005602464331142238,0.005602464331142238,0.005602464331142238,0.002995439027676539,1.1133754447047381,1.0551660744663554,"{""1"": 12, ""2"": 1}"
s1-i3,1,fb5a90263696317c,"[[1, 3, 4, 5, 6, 8], [0, 2, 7, 9, 10, 11]]",dependency_cmi,0.005602464331142238,0.005602464331142238,0.005602464331142238,0.0005870625704556381,1.1183571298572303,1.0575240563964634,"{""1"": 12, ""3"": 1}"
s1-i3,1,68ae7df79eb9080f,"[[1, 4, 5, 8, 10, 11], [0, 2, 3, 6, 7, 9]]",min_within_batch_tc,0.005602464331142238,0.005602464331142238,0.005602464331142238,0.0005870625704556381,9.87698678333131e-05,0.009938303066082916,"{""1"": 12, ""3"": 1}"
s1-i3,1,569823a218a6e255,"[[0, 1, 3, 5, 9, 11], [2, 4, 6, 7, 8, 10]]",dprm_myopic,0.005602464331142238,0.005602464331142238,0.005602464331142238,0.0005508479457101048,1.1183571298572303,1.0575240563964634,"{""1"": 12, ""5"": 1}"
s1-i3,1,569823a218a6e255,"[[0, 1, 3, 5, 9, 11], [2, 4, 6, 7, 8, 10]]",dprm_rollout,0.005602464331142238,0.005602464331142238,0.005602464331142238,0.0005508479457101048,1.1183571298572303,1.0575240563964634,"{""1"": 12, ""5"": 1}"
s1-i3,1,4c9b8bfc49aa0a34,"[[0, 1, 3, 5, 6, 11], [2, 4, 7, 8, 9, 10]]",subset_exact,0.9999999999999999,0.9999999999999999,0.9999999999999999,0.09832187834349394,1.1133754447047381,1.0551660744663554,"{""1"": 13}"
s1-i3,1,4c9b8bfc49aa0a34,"[[0, 1, 3, 5, 6, 11], [2, 4, 7, 8, 9, 10]]",subset_beam_8,0.9999999999999999,0.9999999999999999,0.9999999999999999,0.09832187834349394,1.1133754447047381,1.0551660744663554,"{""1"": 13}"
s1-i3,1,4c9b8bfc49aa0a34,"[[0, 1, 3, 5, 6, 11], [2, 4, 7, 8, 9, 10]]",subset_beam_32,0.9999999999999999,0.9999999999999999,0.9999999999999999,0.09832187834349394,1.1133754447047381,1.0551660744663554,"{""1"": 13}"
s1-i3,1,4c9b8bfc49aa0a34,"[[0, 1, 3, 5, 6, 11], [2, 4, 7, 8, 9, 10]]",saps_diagonal,0.9999999999999999,0.9999999999999999,0.9999999999999999,0.09832187834349394,1.1133754447047381,1.0551660744663554,"{""1"": 13}"
s1-i3,1,4c9b8bfc49aa0a34,"[[0, 1, 3, 5, 6, 11], [2, 4, 7, 8, 9, 10]]",p_saps_residualized,0.9999999999999999,0.9999999999999999,0.9999999999999999,0.09832187834349394,1.1133754447047381,1.0551660744663554,"{""1"": 13}"
s1-i3,1,4c9b8bfc49aa0a34,"[[0, 1, 3, 5, 6, 11], [2, 4, 7, 8, 9, 10]]",p_saps_projection,0.9999999999999999,0.9999999999999999,0.9999999999999999,0.09832187834349394,1.1133754447047381,1.0551660744663554,"{""1"": 13}"
s1-i3,1,4c9b8bfc49aa0a34,"[[0, 1, 3, 5, 6, 11], [2, 4, 7, 8, 9, 10]]",b_saps_budgeted,0.9999999999999999,0.9999999999999999,0.9999999999999999,0.09832187834349394,1.1133754447047381,1.0551660744663554,"{""1"": 13}"
s1-i3,1,7034e32b0bd004bf,"[[0, 1, 5, 6, 7, 11], [2, 3, 4, 8, 9, 10]]",random_balanced,0.005602464331142238,0.005602464331142238,0.005602464331142238,0.022852660237100603,0.002476955447797988,0.04976902096483301,"{""1"": 12, ""2"": 1}"
s1-i3,1,6e725e0d0757035d,"[[0, 1, 2, 6, 9, 11], [3, 4, 5, 7, 8, 10]]",confidence,0.005602464331142238,0.005602464331142238,0.005602464331142238,0.022852660237100603,0.002395708297290088,0.04894597324898227,"{""1"": 12, ""2"": 1}"
s1-i3,1,6e725e0d0757035d,"[[0, 1, 2, 6, 9, 11], [3, 4, 5, 7, 8, 10]]",entropy,0.005602464331142238,0.005602464331142238,0.005602464331142238,0.022852660237100603,0.002395708297290088,0.04894597324898227,"{""1"": 12, ""2"": 1}"
s1-i3,1,fb5a90263696317c,"[[1, 3, 4, 5, 6, 8], [0, 2, 7, 9, 10, 11]]",dependency_cmi,0.005602464331142238,0.005602464331142238,0.005602464331142238,0.0025400230499833844,0.0003495860779224026,0.0186972211283496,"{""1"": 12, ""3"": 1}"
s1-i3,1,68ae7df79eb9080f,"[[1, 4, 5, 8, 10, 11], [0, 2, 3, 6, 7, 9]]",min_within_batch_tc,0.005602464331142238,0.005602464331142238,0.005602464331142238,0.0025400230499833844,9.280345619217878e-06,0.003046365969350675,"{""1"": 12, ""3"": 1}"
s1-i3,1,569823a218a6e255,"[[0, 1, 3, 5, 9, 11], [2, 4, 6, 7, 8, 10]]",dprm_myopic,0.005602464331142238,0.005602464331142238,0.005602464331142238,0.0015955869158460556,0.002395708297290088,0.04894597324898227,"{""1"": 12, ""5"": 1}"
s1-i3,1,569823a218a6e255,"[[0, 1, 3, 5, 9, 11], [2, 4, 6, 7, 8, 10]]",dprm_rollout,0.005602464331142238,0.005602464331142238,0.005602464331142238,0.0015955869158460556,0.002395708297290088,0.04894597324898227,"{""1"": 12, ""5"": 1}"
s1-i3,1,4c9b8bfc49aa0a34,"[[0, 1, 3, 5, 6, 11], [2, 4, 7, 8, 9, 10]]",subset_exact,0.9999999999999999,0.9999999999999999,0.9999999999999999,0.284669678545058,6.379115627591255e-05,0.007986936601470714,"{""1"": 13}"
s1-i3,1,4c9b8bfc49aa0a34,"[[0, 1, 3, 5, 6, 11], [2, 4, 7, 8, 9, 10]]",subset_beam_8,0.9999999999999999,0.9999999999999999,0.9999999999999999,0.284669678545058,6.379115627591255e-05,0.007986936601470714,"{""1"": 13}"
s1-i3,1,4c9b8bfc49aa0a34,"[[0, 1, 3, 5, 6, 11], [2, 4, 7, 8, 9, 10]]",subset_beam_32,0.9999999999999999,0.9999999999999999,0.9999999999999999,0.284669678545058,6.379115627591255e-05,0.007986936601470714,"{""1"": 13}"
s1-i3,1,4c9b8bfc49aa0a34,"[[0, 1, 3, 5, 6, 11], [2, 4, 7, 8, 9, 10]]",saps_diagonal,0.9999999999999999,0.9999999999999999,0.9999999999999999,0.284669678545058,6.379115627591255e-05,0.007986936601470714,"{""1"": 13}"
s1-i3,1,4c9b8bfc49aa0a34,"[[0, 1, 3, 5, 6, 11], [2, 4, 7, 8, 9, 10]]",p_saps_residualized,0.9999999999999999,0.9999999999999999,0.9999999999999999,0.284669678545058,6.379115627591255e-05,0.007986936601470714,"{""1"": 13}"
s1-i3,1,4c9b8bfc49aa0a34,"[[0, 1, 3, 5, 6, 11], [2, 4, 7, 8, 9, 10]]",p_saps_projection,0.9999999999999999,0.9999999999999999,0.9999999999999999,0.284669678545058,6.379115627591255e-05,0.007986936601470714,"{""1"": 13}"
s1-i3,1,4c9b8bfc49aa0a34,"[[0, 1, 3, 5, 6, 11], [2, 4, 7, 8, 9, 10]]",b_saps_budgeted,0.9999999999999999,0.9999999999999999,0.9999999999999999,0.284669678545058,6.379115627591255e-05,0.007986936601470714,"{""1"": 13}"
s1-i3,1,39bb199b96b1604c,"[[0, 5, 7, 11], [1, 6, 8, 9], [2, 3, 4, 10]]",random_balanced,0.9999999999999999,0.9999999999999999,0.9999999999999999,0.019933243911272918,0.00029042654086040327,0.01704190543514437,"{""1"": 13}"
s1-i3,1,af3f43c96e87724c,"[[0, 1, 2, 6], [3, 9, 10, 11], [4, 5, 7, 8]]",confidence,0.9999999999999999,0.9999999999999999,0.9999999999999999,0.019933243911272918,0.0,0.0,"{""1"": 13}"
s1-i3,1,e192ad9354d09a1e,"[[0, 2, 9, 11], [1, 3, 4, 6], [5, 7, 8, 10]]",entropy,0.9999999999999999,0.9999999999999999,0.9999999999999999,0.019933243911272918,0.0005306010743039224,-0.02303477966692806,"{""1"": 13}"
s1-i3,1,2932376dc624315b,"[[1, 3, 4, 6], [0, 2, 5, 10], [7, 8, 9, 11]]",dependency_cmi,0.005602464331142238,0.005602464331142238,0.005602464331142238,0.00021078363069225832,0.0002911479096989368,-0.017063056868537266,"{""1"": 12, ""2"": 1}"
s1-i3,1,4ab8b9c58aa3daaf,"[[1, 3, 4, 5], [7, 8, 9, 10], [0, 2, 6, 11]]",min_within_batch_tc,0.005602464331142238,0.005602464331142238,0.005602464331142238,0.00021078363069225832,3.566147318082037e-05,0.005971722798390793,"{""1"": 12, ""2"": 1}"
s1-i3,1,30b6bbb3f1ff655f,"[[0, 3, 5, 9], [1, 2, 4, 11], [6, 7, 8, 10]]",dprm_myopic,0.9999999999999999,0.9999999999999999,0.9999999999999999,0.019933243911272918,3.566147318082037e-05,0.005971722798390793,"{""1"": 13}"
s1-i3,1,30b6bbb3f1ff655f,"[[0, 3, 5, 9], [1, 2, 4, 11], [6, 7, 8, 10]]",dprm_rollout,0.9999999999999999,0.9999999999999999,0.9999999999999999,0.019933243911272918,3.566147318082037e-05,0.005971722798390793,"{""1"": 13}"
s1-i3,1,39bb199b96b1604c,"[[0, 5, 7, 11], [1, 6, 8, 9], [2, 3, 4, 10]]",subset_exact,0.9999999999999999,0.9999999999999999,0.9999999999999999,0.019933243911272918,0.00029042654086040327,0.01704190543514437,"{""1"": 13}"
s1-i3,1,39bb199b96b1604c,"[[0, 5, 7, 11], [1, 6, 8, 9], [2, 3, 4, 10]]",subset_beam_8,0.9999999999999999,0.9999999999999999,0.9999999999999999,0.019933243911272918,0.00029042654086040327,0.01704190543514437,"{""1"": 13}"
s1-i3,1,39bb199b96b1604c,"[[0, 5, 7, 11], [1, 6, 8, 9], [2, 3, 4, 10]]",subset_beam_32,0.9999999999999999,0.9999999999999999,0.9999999999999999,0.019933243911272918,0.00029042654086040327,0.01704190543514437,"{""1"": 13}"
s1-i3,1,39bb199b96b1604c,"[[0, 5, 7, 11], [1, 6, 8, 9], [2, 3, 4, 10]]",saps_diagonal,0.9999999999999999,0.9999999999999999,0.9999999999999999,0.019933243911272918,0.00029042654086040327,0.01704190543514437,"{""1"": 13}"
s1-i3,1,39bb199b96b1604c,"[[0, 5, 7, 11], [1, 6, 8, 9], [2, 3, 4, 10]]",p_saps_residualized,0.9999999999999999,0.9999999999999999,0.9999999999999999,0.019933243911272918,0.00029042654086040327,0.01704190543514437,"{""1"": 13}"
s1-i3,1,39bb199b96b1604c,"[[0, 5, 7, 11], [1, 6, 8, 9], [2, 3, 4, 10]]",p_saps_projection,0.9999999999999999,0.9999999999999999,0.9999999999999999,0.019933243911272918,0.00029042654086040327,0.01704190543514437,"{""1"": 13}"
s1-i3,1,39bb199b96b1604c,"[[0, 5, 7, 11], [1, 6, 8, 9], [2, 3, 4, 10]]",b_saps_budgeted,0.9999999999999999,0.9999999999999999,0.9999999999999999,0.019933243911272918,0.00029042654086040327,0.01704190543514437,"{""1"": 13}"
s1-i3,1,39bb199b96b1604c,"[[0, 5, 7, 11], [1, 6, 8, 9], [2, 3, 4, 10]]",random_balanced,0.9999999999999999,0.9999999999999999,0.9999999999999999,0.09832187834349394,1.036962190849462,1.0183134050229634,"{""1"": 13}"
s1-i3,1,af3f43c96e87724c,"[[0, 1, 2, 6], [3, 9, 10, 11], [4, 5, 7, 8]]",confidence,0.9999999999999999,0.9999999999999999,0.9999999999999999,0.09832187834349394,1.1133754447047381,1.0551660744663554,"{""1"": 13}"
s1-i3,1,e192ad9354d09a1e,"[[0, 2, 9, 11], [1, 3, 4, 6], [5, 7, 8, 10]]",entropy,0.9999999999999999,0.9999999999999999,0.9999999999999999,0.09832187834349394,1.0551207838153571,1.0271907241673073,"{""1"": 13}"
s1-i3,1,2932376dc624315b,"[[1, 3, 4, 6], [0, 2, 5, 10], [7, 8, 9, 11]]",dependency_cmi,0.005602464331142238,0.005602464331142238,0.005602464331142238,0.002995439027676539,1.0908878971380958,1.0444557899394764,"{""1"": 12, ""2"": 1}"
s1-i3,1,4ab8b9c58aa3daaf,"[[1, 3, 4, 5], [7, 8, 9, 10], [0, 2, 6, 11]]",min_within_batch_tc,0.005602464331142238,0.005602464331142238,0.005602464331142238,0.002995439027676539,1.1183571298572303,1.0575240563964634,"{""1"": 12, ""2"": 1}"
s1-i3,1,30b6bbb3f1ff655f,"[[0, 3, 5, 9], [1, 2, 4, 11], [6, 7, 8, 10]]",dprm_myopic,0.9999999999999999,0.9999999999999999,0.9999999999999999,0.09832187834349394,1.122237299592469,1.0593570217789983,"{""1"": 13}"
s1-i3,1,30b6bbb3f1ff655f,"[[0, 3, 5, 9], [1, 2, 4, 11], [6, 7, 8, 10]]",dprm_rollout,0.9999999999999999,0.9999999999999999,0.9999999999999999,0.09832187834349394,1.122237299592469,1.0593570217789983,"{""1"": 13}"
s1-i3,1,39bb199b96b1604c,"[[0, 5, 7, 11], [1, 6, 8, 9], [2, 3, 4, 10]]",subset_exact,0.9999999999999999,0.9999999999999999,0.9999999999999999,0.09832187834349394,1.036962190849462,1.0183134050229634,"{""1"": 13}"
s1-i3,1,39bb199b96b1604c,"[[0, 5, 7, 11], [1, 6, 8, 9], [2, 3, 4, 10]]",subset_beam_8,0.9999999999999999,0.9999999999999999,0.9999999999999999,0.09832187834349394,1.036962190849462,1.0183134050229634,"{""1"": 13}"
s1-i3,1,39bb199b96b1604c,"[[0, 5, 7, 11], [1, 6, 8, 9], [2, 3, 4, 10]]",subset_beam_32,0.9999999999999999,0.9999999999999999,0.9999999999999999,0.09832187834349394,1.036962190849462,1.0183134050229634,"{""1"": 13}"
s1-i3,1,39bb199b96b1604c,"[[0, 5, 7, 11], [1, 6, 8, 9], [2, 3, 4, 10]]",saps_diagonal,0.9999999999999999,0.9999999999999999,0.9999999999999999,0.09832187834349394,1.036962190849462,1.0183134050229634,"{""1"": 13}"
s1-i3,1,39bb199b96b1604c,"[[0, 5, 7, 11], [1, 6, 8, 9], [2, 3, 4, 10]]",p_saps_residualized,0.9999999999999999,0.9999999999999999,0.9999999999999999,0.09832187834349394,1.036962190849462,1.0183134050229634,"{""1"": 13}"
s1-i3,1,39bb199b96b1604c,"[[0, 5, 7, 11], [1, 6, 8, 9], [2, 3, 4, 10]]",p_saps_projection,0.9999999999999999,0.9999999999999999,0.9999999999999999,0.09832187834349394,1.036962190849462,1.0183134050229634,"{""1"": 13}"
s1-i3,1,39bb199b96b1604c,"[[0, 5, 7, 11], [1, 6, 8, 9], [2, 3, 4, 10]]",b_saps_budgeted,0.9999999999999999,0.9999999999999999,0.9999999999999999,0.09832187834349394,1.036962190849462,1.0183134050229634,"{""1"": 13}"
s1-i3,1,39bb199b96b1604c,"[[0, 5, 7, 11], [1, 6, 8, 9], [2, 3, 4, 10]]",random_balanced,0.9999999999999999,0.9999999999999999,0.9999999999999999,0.284669678545058,0.001745742573747124,0.041782084363362296,"{""1"": 13}"
s1-i3,1,af3f43c96e87724c,"[[0, 1, 2, 6], [3, 9, 10, 11], [4, 5, 7, 8]]",confidence,0.9999999999999999,0.9999999999999999,0.9999999999999999,0.284669678545058,1.4731480275388128e-07,0.00038381610538626605,"{""1"": 13}"
s1-i3,1,e192ad9354d09a1e,"[[0, 2, 9, 11], [1, 3, 4, 6], [5, 7, 8, 10]]",entropy,0.9999999999999999,0.9999999999999999,0.9999999999999999,0.284669678545058,0.0010281566576392537,-0.03206488199945937,"{""1"": 13}"
s1-i3,1,2932376dc624315b,"[[1, 3, 4, 6], [0, 2, 5, 10], [7, 8, 9, 11]]",dependency_cmi,0.005602464331142238,0.005602464331142238,0.005602464331142238,0.022852660237100603,0.0007991462841374349,0.028269175512162268,"{""1"": 12, ""2"": 1}"
s1-i3,1,4ab8b9c58aa3daaf,"[[1, 3, 4, 5], [7, 8, 9, 10], [0, 2, 6, 11]]",min_within_batch_tc,0.005602464331142238,0.005602464331142238,0.005602464331142238,0.022852660237100603,0.0005912324646495878,0.024315272251192004,"{""1"": 12, ""2"": 1}"
s1-i3,1,30b6bbb3f1ff655f,"[[0, 3, 5, 9], [1, 2, 4, 11], [6, 7, 8, 10]]",dprm_myopic,0.9999999999999999,0.9999999999999999,0.9999999999999999,0.284669678545058,2.2819260634951134e-05,0.004776950976821003,"{""1"": 13}"
s1-i3,1,30b6bbb3f1ff655f,"[[0, 3, 5, 9], [1, 2, 4, 11], [6, 7, 8, 10]]",dprm_rollout,0.9999999999999999,0.9999999999999999,0.9999999999999999,0.284669678545058,2.2819260634951134e-05,0.004776950976821003,"{""1"": 13}"
s1-i3,1,39bb199b96b1604c,"[[0, 5, 7, 11], [1, 6, 8, 9], [2, 3, 4, 10]]",subset_exact,0.9999999999999999,0.9999999999999999,0.9999999999999999,0.284669678545058,0.001745742573747124,0.041782084363362296,"{""1"": 13}"
s1-i3,1,39bb199b96b1604c,"[[0, 5, 7, 11], [1, 6, 8, 9], [2, 3, 4, 10]]",subset_beam_8,0.9999999999999999,0.9999999999999999,0.9999999999999999,0.284669678545058,0.001745742573747124,0.041782084363362296,"{""1"": 13}"
s1-i3,1,39bb199b96b1604c,"[[0, 5, 7, 11], [1, 6, 8, 9], [2, 3, 4, 10]]",subset_beam_32,0.9999999999999999,0.9999999999999999,0.9999999999999999,0.284669678545058,0.001745742573747124,0.041782084363362296,"{""1"": 13}"
s1-i3,1,39bb199b96b1604c,"[[0, 5, 7, 11], [1, 6, 8, 9], [2, 3, 4, 10]]",saps_diagonal,0.9999999999999999,0.9999999999999999,0.9999999999999999,0.284669678545058,0.001745742573747124,0.041782084363362296,"{""1"": 13}"
s1-i3,1,39bb199b96b1604c,"[[0, 5, 7, 11], [1, 6, 8, 9], [2, 3, 4, 10]]",p_saps_residualized,0.9999999999999999,0.9999999999999999,0.9999999999999999,0.284669678545058,0.001745742573747124,0.041782084363362296,"{""1"": 13}"
s1-i3,1,39bb199b96b1604c,"[[0, 5, 7, 11], [1, 6, 8, 9], [2, 3, 4, 10]]",p_saps_projection,0.9999999999999999,0.9999999999999999,0.9999999999999999,0.284669678545058,0.001745742573747124,0.041782084363362296,"{""1"": 13}"
s1-i3,1,39bb199b96b1604c,"[[0, 5, 7, 11], [1, 6, 8, 9], [2, 3, 4, 10]]",b_saps_budgeted,0.9999999999999999,0.9999999999999999,0.9999999999999999,0.284669678545058,0.001745742573747124,0.041782084363362296,"{""1"": 13}"
s1-i3,1,a7fe1a6fae74e136,"[[0, 7, 11], [1, 5, 6], [2, 8, 9], [3, 4, 10]]",random_balanced,0.9999999999999999,0.9999999999999999,0.9999999999999999,0.019933243911272918,0.00013935576496172466,-0.011804904275839117,"{""1"": 13}"
s1-i3,1,814d7479a0b9f315,"[[0, 1, 2], [6, 9, 11], [3, 8, 10], [4, 5, 7]]",confidence,0.9999999999999999,0.9999999999999999,0.9999999999999999,0.019933243911272918,0.0,0.0,"{""1"": 13}"
s1-i3,1,80f49594152e2669,"[[0, 2, 9], [1, 6, 11], [3, 4, 5], [7, 8, 10]]",entropy,0.005602464331142238,0.005602464331142238,0.005602464331142238,0.00021078363069225832,0.0,0.0,"{""1"": 12, ""2"": 1}"
s1-i3,1,e274f7c96fd9f08f,"[[1, 3, 6], [0, 2, 10], [4, 5, 8], [7, 9, 11]]",dependency_cmi,0.005602464331142238,0.005602464331142238,0.005602464331142238,0.00021078363069225832,0.9304985702729597,0.9646235381084994,"{""1"": 12, ""2"": 1}"
s1-i3,1,9d847cd969dfd1be,"[[1, 2, 3], [4, 5, 6], [7, 8, 9], [0, 10, 11]]",min_within_batch_tc,0.005602464331142238,0.005602464331142238,0.005602464331142238,0.00021078363069225832,0.975468952670987,0.9876583177754273,"{""1"": 12, ""2"": 1}"
s1-i3,1,9d982e8c875997c4,"[[0, 3, 5], [1, 9, 11], [2, 4, 6], [7, 8, 10]]",dprm_myopic,0.005602464331142238,0.005602464331142238,0.005602464331142238,0.00021078363069225832,3.566147318082037e-05,0.005971722798390793,"{""1"": 12, ""2"": 1}"
s1-i3,1,9d982e8c875997c4,"[[0, 3, 5], [1, 9, 11], [2, 4, 6], [7, 8, 10]]",dprm_rollout,0.005602464331142238,0.005602464331142238,0.005602464331142238,0.00021078363069225832,3.566147318082037e-05,0.005971722798390793,"{""1"": 12, ""2"": 1}"
s1-i3,1,a7fe1a6fae74e136,"[[0, 7, 11], [1, 5, 6], [2, 8, 9], [3, 4, 10]]",subset_exact,0.9999999999999999,0.9999999999999999,0.9999999999999999,0.019933243911272918,0.00013935576496172466,-0.011804904275839117,"{""1"": 13}"
s1-i3,1,a7fe1a6fae74e136,"[[0, 7, 11], [1, 5, 6], [2, 8, 9], [3, 4, 10]]",subset_beam_8,0.9999999999999999,0.9999999999999999,0.9999999999999999,0.019933243911272918,0.00013935576496172466,-0.011804904275839117,"{""1"": 13}"
s1-i3,1,a7fe1a6fae74e136,"[[0, 7, 11], [1, 5, 6], [2, 8, 9], [3, 4, 10]]",subset_beam_32,0.9999999999999999,0.9999999999999999,0.9999999999999999,0.019933243911272918,0.00013935576496172466,-0.011804904275839117,"{""1"": 13}"
s1-i3,1,a7fe1a6fae74e136,"[[0, 7, 11], [1, 5, 6], [2, 8, 9], [3, 4, 10]]",saps_diagonal,0.9999999999999999,0.9999999999999999,0.9999999999999999,0.019933243911272918,0.00013935576496172466,-0.011804904275839117,"{""1"": 13}"
s1-i3,1,a7fe1a6fae74e136,"[[0, 7, 11], [1, 5, 6], [2, 8, 9], [3, 4, 10]]",p_saps_residualized,0.9999999999999999,0.9999999999999999,0.9999999999999999,0.019933243911272918,0.00013935576496172466,-0.011804904275839117,"{""1"": 13}"
s1-i3,1,a7fe1a6fae74e136,"[[0, 7, 11], [1, 5, 6], [2, 8, 9], [3, 4, 10]]",p_saps_projection,0.9999999999999999,0.9999999999999999,0.9999999999999999,0.019933243911272918,0.00013935576496172466,-0.011804904275839117,"{""1"": 13}"
s1-i3,1,a7fe1a6fae74e136,"[[0, 7, 11], [1, 5, 6], [2, 8, 9], [3, 4, 10]]",b_saps_budgeted,0.9999999999999999,0.9999999999999999,0.9999999999999999,0.019933243911272918,0.00013935576496172466,-0.011804904275839117,"{""1"": 13}"
s1-i3,1,a7fe1a6fae74e136,"[[0, 7, 11], [1, 5, 6], [2, 8, 9], [3, 4, 10]]",random_balanced,0.9999999999999999,0.9999999999999999,0.9999999999999999,0.09832187834349394,7.880679519053476e-05,0.008877319144343903,"{""1"": 13}"
s1-i3,1,814d7479a0b9f315,"[[0, 1, 2], [6, 9, 11], [3, 8, 10], [4, 5, 7]]",confidence,0.9999999999999999,0.9999999999999999,0.9999999999999999,0.09832187834349394,1.0670688975377025,1.0329902698175344,"{""1"": 13}"
s1-i3,1,80f49594152e2669,"[[0, 2, 9], [1, 6, 11], [3, 4, 5], [7, 8, 10]]",entropy,0.005602464331142238,0.005602464331142238,0.005602464331142238,0.002995439027676539,1.0551207838153571,1.0271907241673073,"{""1"": 12, ""2"": 1}"
s1-i3,1,e274f7c96fd9f08f,"[[1, 3, 6], [0, 2, 10], [4, 5, 8], [7, 9, 11]]",dependency_cmi,0.005602464331142238,0.005602464331142238,0.005602464331142238,0.002995439027676539,0.0010202869283304535,0.031941930566740225,"{""1"": 12, ""2"": 1}"
s1-i3,1,9d847cd969dfd1be,"[[1, 2, 3], [4, 5, 6], [7, 8, 9], [0, 10, 11]]",min_within_batch_tc,0.005602464331142238,0.005602464331142238,0.005602464331142238,0.002995439027676539,0.0018192114523923495,0.042652215093619106,"{""1"": 12, ""2"": 1}"
s1-i3,1,9d982e8c875997c4,"[[0, 3, 5], [1, 9, 11], [2, 4, 6], [7, 8, 10]]",dprm_myopic,0.005602464331142238,0.005602464331142238,0.005602464331142238,0.002995439027676539,1.094720159513284,1.0462887553220115,"{""1"": 12, ""2"": 1}"
s1-i3,1,9d982e8c875997c4,"[[0, 3, 5], [1, 9, 11], [2, 4, 6], [7, 8, 10]]",dprm_rollout,0.005602464331142238,0.005602464331142238,0.005602464331142238,0.002995439027676539,1.094720159513284,1.0462887553220115,"{""1"": 12, ""2"": 1}"
s1-i3,1,a7fe1a6fae74e136,"[[0, 7, 11], [1, 5, 6], [2, 8, 9], [3, 4, 10]]",subset_exact,0.9999999999999999,0.9999999999999999,0.9999999999999999,0.09832187834349394,7.880679519053476e-05,0.008877319144343903,"{""1"": 13}"
s1-i3,1,a7fe1a6fae74e136,"[[0, 7, 11], [1, 5, 6], [2, 8, 9], [3, 4, 10]]",subset_beam_8,0.9999999999999999,0.9999999999999999,0.9999999999999999,0.09832187834349394,7.880679519053476e-05,0.008877319144343903,"{""1"": 13}"
s1-i3,1,a7fe1a6fae74e136,"[[0, 7, 11], [1, 5, 6], [2, 8, 9], [3, 4, 10]]",subset_beam_32,0.9999999999999999,0.9999999999999999,0.9999999999999999,0.09832187834349394,7.880679519053476e-05,0.008877319144343903,"{""1"": 13}"
s1-i3,1,a7fe1a6fae74e136,"[[0, 7, 11], [1, 5, 6], [2, 8, 9], [3, 4, 10]]",saps_diagonal,0.9999999999999999,0.9999999999999999,0.9999999999999999,0.09832187834349394,7.880679519053476e-05,0.008877319144343903,"{""1"": 13}"
s1-i3,1,a7fe1a6fae74e136,"[[0, 7, 11], [1, 5, 6], [2, 8, 9], [3, 4, 10]]",p_saps_residualized,0.9999999999999999,0.9999999999999999,0.9999999999999999,0.09832187834349394,7.880679519053476e-05,0.008877319144343903,"{""1"": 13}"
s1-i3,1,a7fe1a6fae74e136,"[[0, 7, 11], [1, 5, 6], [2, 8, 9], [3, 4, 10]]",p_saps_projection,0.9999999999999999,0.9999999999999999,0.9999999999999999,0.09832187834349394,7.880679519053476e-05,0.008877319144343903,"{""1"": 13}"
s1-i3,1,a7fe1a6fae74e136,"[[0, 7, 11], [1, 5, 6], [2, 8, 9], [3, 4, 10]]",b_saps_budgeted,0.9999999999999999,0.9999999999999999,0.9999999999999999,0.09832187834349394,7.880679519053476e-05,0.008877319144343903,"{""1"": 13}"
s1-i3,1,a7fe1a6fae74e136,"[[0, 7, 11], [1, 5, 6], [2, 8, 9], [3, 4, 10]]",random_balanced,0.9999999999999999,0.9999999999999999,0.9999999999999999,0.284669678545058,9.09144205447128e-07,0.0009534905376809609,"{""1"": 13}"
s1-i3,1,814d7479a0b9f315,"[[0, 1, 2], [6, 9, 11], [3, 8, 10], [4, 5, 7]]",confidence,0.9999999999999999,0.9999999999999999,0.9999999999999999,0.284669678545058,5.7726390988652204e-05,0.0075977885590908754,"{""1"": 13}"
s1-i3,1,80f49594152e2669,"[[0, 2, 9], [1, 6, 11], [3, 4, 5], [7, 8, 10]]",entropy,0.005602464331142238,0.005602464331142238,0.005602464331142238,0.022852660237100603,0.0005128246316747387,0.022645631624548225,"{""1"": 12, ""2"": 1}"
s1-i3,1,e274f7c96fd9f08f,"[[1, 3, 6], [0, 2, 10], [4, 5, 8], [7, 9, 11]]",dependency_cmi,0.005602464331142238,0.005602464331142238,0.005602464331142238,0.022852660237100603,0.00030573439498106836,0.017485262222256444,"{""1"": 12, ""2"": 1}"
s1-i3,1,9d847cd969dfd1be,"[[1, 2, 3], [4, 5, 6], [7, 8, 9], [0, 10, 11]]",min_within_batch_tc,0.005602464331142238,0.005602464331142238,0.005602464331142238,0.022852660237100603,0.0007253425656041442,0.026932184567987502,"{""1"": 12, ""2"": 1}"
s1-i3,1,9d982e8c875997c4,"[[0, 3, 5], [1, 9, 11], [2, 4, 6], [7, 8, 10]]",dprm_myopic,0.005602464331142238,0.005602464331142238,0.005602464331142238,0.022852660237100603,1.570756920907014e-05,0.003963277584155586,"{""1"": 12, ""2"": 1}"
s1-i3,1,9d982e8c875997c4,"[[0, 3, 5], [1, 9, 11], [2, 4, 6], [7, 8, 10]]",dprm_rollout,0.005602464331142238,0.005602464331142238,0.005602464331142238,0.022852660237100603,1.570756920907014e-05,0.003963277584155586,"{""1"": 12, ""2"": 1}"
s1-i3,1,a7fe1a6fae74e136,"[[0, 7, 11], [1, 5, 6], [2, 8, 9], [3, 4, 10]]",subset_exact,0.9999999999999999,0.9999999999999999,0.9999999999999999,0.284669678545058,9.09144205447128e-07,0.0009534905376809609,"{""1"": 13}"
s1-i3,1,a7fe1a6fae74e136,"[[0, 7, 11], [1, 5, 6], [2, 8, 9], [3, 4, 10]]",subset_beam_8,0.9999999999999999,0.9999999999999999,0.9999999999999999,0.284669678545058,9.09144205447128e-07,0.0009534905376809609,"{""1"": 13}"
s1-i3,1,a7fe1a6fae74e136,"[[0, 7, 11], [1, 5, 6], [2, 8, 9], [3, 4, 10]]",subset_beam_32,0.9999999999999999,0.9999999999999999,0.9999999999999999,0.284669678545058,9.09144205447128e-07,0.0009534905376809609,"{""1"": 13}"
s1-i3,1,a7fe1a6fae74e136,"[[0, 7, 11], [1, 5, 6], [2, 8, 9], [3, 4, 10]]",saps_diagonal,0.9999999999999999,0.9999999999999999,0.9999999999999999,0.284669678545058,9.09144205447128e-07,0.0009534905376809609,"{""1"": 13}"
s1-i3,1,a7fe1a6fae74e136,"[[0, 7, 11], [1, 5, 6], [2, 8, 9], [3, 4, 10]]",p_saps_residualized,0.9999999999999999,0.9999999999999999,0.9999999999999999,0.284669678545058,9.09144205447128e-07,0.0009534905376809609,"{""1"": 13}"
s1-i3,1,a7fe1a6fae74e136,"[[0, 7, 11], [1, 5, 6], [2, 8, 9], [3, 4, 10]]",p_saps_projection,0.9999999999999999,0.9999999999999999,0.9999999999999999,0.284669678545058,9.09144205447128e-07,0.0009534905376809609,"{""1"": 13}"
s1-i3,1,a7fe1a6fae74e136,"[[0, 7, 11], [1, 5, 6], [2, 8, 9], [3, 4, 10]]",b_saps_budgeted,0.9999999999999999,0.9999999999999999,0.9999999999999999,0.284669678545058,9.09144205447128e-07,0.0009534905376809609,"{""1"": 13}"
s1-i4,1,2516301160cf1942,"[[0, 1, 2, 3, 4, 5, 6, 7, 8, 9, 10, 11]]",random_balanced,0.9999999999999999,0.9999999999999999,0.9999999999999999,0.019933243911272915,8.699550845365023,2.9495001009264303,"{""1"": 12}"
s1-i4,1,2516301160cf1942,"[[0, 1, 2, 3, 4, 5, 6, 7, 8, 9, 10, 11]]",confidence,0.9999999999999999,0.9999999999999999,0.9999999999999999,0.019933243911272915,8.699550845365023,2.9495001009264303,"{""1"": 12}"
s1-i4,1,2516301160cf1942,"[[0, 1, 2, 3, 4, 5, 6, 7, 8, 9, 10, 11]]",entropy,0.9999999999999999,0.9999999999999999,0.9999999999999999,0.019933243911272915,8.699550845365023,2.9495001009264303,"{""1"": 12}"
s1-i4,1,2516301160cf1942,"[[0, 1, 2, 3, 4, 5, 6, 7, 8, 9, 10, 11]]",dependency_cmi,0.9999999999999999,0.9999999999999999,0.9999999999999999,0.019933243911272915,8.699550845365023,2.9495001009264303,"{""1"": 12}"
s1-i4,1,2516301160cf1942,"[[0, 1, 2, 3, 4, 5, 6, 7, 8, 9, 10, 11]]",min_within_batch_tc,0.9999999999999999,0.9999999999999999,0.9999999999999999,0.019933243911272915,8.699550845365023,2.9495001009264303,"{""1"": 12}"
s1-i4,1,2516301160cf1942,"[[0, 1, 2, 3, 4, 5, 6, 7, 8, 9, 10, 11]]",dprm_myopic,0.9999999999999999,0.9999999999999999,0.9999999999999999,0.019933243911272915,8.699550845365023,2.9495001009264303,"{""1"": 12}"
s1-i4,1,2516301160cf1942,"[[0, 1, 2, 3, 4, 5, 6, 7, 8, 9, 10, 11]]",dprm_rollout,0.9999999999999999,0.9999999999999999,0.9999999999999999,0.019933243911272915,8.699550845365023,2.9495001009264303,"{""1"": 12}"
s1-i4,1,2516301160cf1942,"[[0, 1, 2, 3, 4, 5, 6, 7, 8, 9, 10, 11]]",subset_exact,0.9999999999999999,0.9999999999999999,0.9999999999999999,0.019933243911272915,8.699550845365023,2.9495001009264303,"{""1"": 12}"
s1-i4,1,2516301160cf1942,"[[0, 1, 2, 3, 4, 5, 6, 7, 8, 9, 10, 11]]",subset_beam_8,0.9999999999999999,0.9999999999999999,0.9999999999999999,0.019933243911272915,8.699550845365023,2.9495001009264303,"{""1"": 12}"
s1-i4,1,2516301160cf1942,"[[0, 1, 2, 3, 4, 5, 6, 7, 8, 9, 10, 11]]",subset_beam_32,0.9999999999999999,0.9999999999999999,0.9999999999999999,0.019933243911272915,8.699550845365023,2.9495001009264303,"{""1"": 12}"
s1-i4,1,2516301160cf1942,"[[0, 1, 2, 3, 4, 5, 6, 7, 8, 9, 10, 11]]",saps_diagonal,0.9999999999999999,0.9999999999999999,0.9999999999999999,0.019933243911272915,8.699550845365023,2.9495001009264303,"{""1"": 12}"
s1-i4,1,2516301160cf1942,"[[0, 1, 2, 3, 4, 5, 6, 7, 8, 9, 10, 11]]",p_saps_residualized,0.9999999999999999,0.9999999999999999,0.9999999999999999,0.019933243911272915,8.699550845365023,2.9495001009264303,"{""1"": 12}"
s1-i4,1,2516301160cf1942,"[[0, 1, 2, 3, 4, 5, 6, 7, 8, 9, 10, 11]]",p_saps_projection,0.9999999999999999,0.9999999999999999,0.9999999999999999,0.019933243911272915,8.699550845365023,2.9495001009264303,"{""1"": 12}"
s1-i4,1,2516301160cf1942,"[[0, 1, 2, 3, 4, 5, 6, 7, 8, 9, 10, 11]]",b_saps_budgeted,0.9999999999999999,0.9999999999999999,0.9999999999999999,0.019933243911272915,8.699550845365023,2.9495001009264303,"{""1"": 12}"
s1-i4,1,2516301160cf1942,"[[0, 1, 2, 3, 4, 5, 6, 7, 8, 9, 10, 11]]",random_balanced,0.9999999999999999,0.9999999999999999,0.9999999999999999,0.09832187834349394,11.34591767364883,3.368370180613887,"{""1"": 12}"
s1-i4,1,2516301160cf1942,"[[0, 1, 2, 3, 4, 5, 6, 7, 8, 9, 10, 11]]",confidence,0.9999999999999999,0.9999999999999999,0.9999999999999999,0.09832187834349394,11.34591767364883,3.368370180613887,"{""1"": 12}"
s1-i4,1,2516301160cf1942,"[[0, 1, 2, 3, 4, 5, 6, 7, 8, 9, 10, 11]]",entropy,0.9999999999999999,0.9999999999999999,0.9999999999999999,0.09832187834349394,11.34591767364883,3.368370180613887,"{""1"": 12}"
s1-i4,1,2516301160cf1942,"[[0, 1, 2, 3, 4, 5, 6, 7, 8, 9, 10, 11]]",dependency_cmi,0.9999999999999999,0.9999999999999999,0.9999999999999999,0.09832187834349394,11.34591767364883,3.368370180613887,"{""1"": 12}"
s1-i4,1,2516301160cf1942,"[[0, 1, 2, 3, 4, 5, 6, 7, 8, 9, 10, 11]]",min_within_batch_tc,0.9999999999999999,0.9999999999999999,0.9999999999999999,0.09832187834349394,11.34591767364883,3.368370180613887,"{""1"": 12}"
s1-i4,1,2516301160cf1942,"[[0, 1, 2, 3, 4, 5, 6, 7, 8, 9, 10, 11]]",dprm_myopic,0.9999999999999999,0.9999999999999999,0.9999999999999999,0.09832187834349394,11.34591767364883,3.368370180613887,"{""1"": 12}"
s1-i4,1,2516301160cf1942,"[[0, 1, 2, 3, 4, 5, 6, 7, 8, 9, 10, 11]]",dprm_rollout,0.9999999999999999,0.9999999999999999,0.9999999999999999,0.09832187834349394,11.34591767364883,3.368370180613887,"{""1"": 12}"
s1-i4,1,2516301160cf1942,"[[0, 1, 2, 3, 4, 5, 6, 7, 8, 9, 10, 11]]",subset_exact,0.9999999999999999,0.9999999999999999,0.9999999999999999,0.09832187834349394,11.34591767364883,3.368370180613887,"{""1"": 12}"
s1-i4,1,2516301160cf1942,"[[0, 1, 2, 3, 4, 5, 6, 7, 8, 9, 10, 11]]",subset_beam_8,0.9999999999999999,0.9999999999999999,0.9999999999999999,0.09832187834349394,11.34591767364883,3.368370180613887,"{""1"": 12}"
s1-i4,1,2516301160cf1942,"[[0, 1, 2, 3, 4, 5, 6, 7, 8, 9, 10, 11]]",subset_beam_32,0.9999999999999999,0.9999999999999999,0.9999999999999999,0.09832187834349394,11.34591767364883,3.368370180613887,"{""1"": 12}"
s1-i4,1,2516301160cf1942,"[[0, 1, 2, 3, 4, 5, 6, 7, 8, 9, 10, 11]]",saps_diagonal,0.9999999999999999,0.9999999999999999,0.9999999999999999,0.09832187834349394,11.34591767364883,3.368370180613887,"{""1"": 12}"
s1-i4,1,2516301160cf1942,"[[0, 1, 2, 3, 4, 5, 6, 7, 8, 9, 10, 11]]",p_saps_residualized,0.9999999999999999,0.9999999999999999,0.9999999999999999,0.09832187834349394,11.34591767364883,3.368370180613887,"{""1"": 12}"
s1-i4,1,2516301160cf1942,"[[0, 1, 2, 3, 4, 5, 6, 7, 8, 9, 10, 11]]",p_saps_projection,0.9999999999999999,0.9999999999999999,0.9999999999999999,0.09832187834349394,11.34591767364883,3.368370180613887,"{""1"": 12}"
s1-i4,1,2516301160cf1942,"[[0, 1, 2, 3, 4, 5, 6, 7, 8, 9, 10, 11]]",b_saps_budgeted,0.9999999999999999,0.9999999999999999,0.9999999999999999,0.09832187834349394,11.34591767364883,3.368370180613887,"{""1"": 12}"
s1-i4,1,2516301160cf1942,"[[0, 1, 2, 3, 4, 5, 6, 7, 8, 9, 10, 11]]",random_balanced,0.9999999999999999,0.9999999999999999,0.9999999999999999,0.284669678545058,37.30630493308913,6.107888745965265,"{""1"": 12}"
s1-i4,1,2516301160cf1942,"[[0, 1, 2, 3, 4, 5, 6, 7, 8, 9, 10, 11]]",confidence,0.9999999999999999,0.9999999999999999,0.9999999999999999,0.284669678545058,37.30630493308913,6.107888745965265,"{""1"": 12}"
s1-i4,1,2516301160cf1942,"[[0, 1, 2, 3, 4, 5, 6, 7, 8, 9, 10, 11]]",entropy,0.9999999999999999,0.9999999999999999,0.9999999999999999,0.284669678545058,37.30630493308913,6.107888745965265,"{""1"": 12}"
s1-i4,1,2516301160cf1942,"[[0, 1, 2, 3, 4, 5, 6, 7, 8, 9, 10, 11]]",dependency_cmi,0.9999999999999999,0.9999999999999999,0.9999999999999999,0.284669678545058,37.30630493308913,6.107888745965265,"{""1"": 12}"
s1-i4,1,2516301160cf1942,"[[0, 1, 2, 3, 4, 5, 6, 7, 8, 9, 10, 11]]",min_within_batch_tc,0.9999999999999999,0.9999999999999999,0.9999999999999999,0.284669678545058,37.30630493308913,6.107888745965265,"{""1"": 12}"
s1-i4,1,2516301160cf1942,"[[0, 1, 2, 3, 4, 5, 6, 7, 8, 9, 10, 11]]",dprm_myopic,0.9999999999999999,0.9999999999999999,0.9999999999999999,0.284669678545058,37.30630493308913,6.107888745965265,"{""1"": 12}"
s1-i4,1,2516301160cf1942,"[[0, 1, 2, 3, 4, 5, 6, 7, 8, 9, 10, 11]]",dprm_rollout,0.9999999999999999,0.9999999999999999,0.9999999999999999,0.284669678545058,37.30630493308913,6.107888745965265,"{""1"": 12}"
s1-i4,1,2516301160cf1942,"[[0, 1, 2, 3, 4, 5, 6, 7, 8, 9, 10, 11]]",subset_exact,0.9999999999999999,0.9999999999999999,0.9999999999999999,0.284669678545058,37.30630493308913,6.107888745965265,"{""1"": 12}"
s1-i4,1,2516301160cf1942,"[[0, 1, 2, 3, 4, 5, 6, 7, 8, 9, 10, 11]]",subset_beam_8,0.9999999999999999,0.9999999999999999,0.9999999999999999,0.284669678545058,37.30630493308913,6.107888745965265,"{""1"": 12}"
s1-i4,1,2516301160cf1942,"[[0, 1, 2, 3, 4, 5, 6, 7, 8, 9, 10, 11]]",subset_beam_32,0.9999999999999999,0.9999999999999999,0.9999999999999999,0.284669678545058,37.30630493308913,6.107888745965265,"{""1"": 12}"
s1-i4,1,2516301160cf1942,"[[0, 1, 2, 3, 4, 5, 6, 7, 8, 9, 10, 11]]",saps_diagonal,0.9999999999999999,0.9999999999999999,0.9999999999999999,0.284669678545058,37.30630493308913,6.107888745965265,"{""1"": 12}"
s1-i4,1,2516301160cf1942,"[[0, 1, 2, 3, 4, 5, 6, 7, 8, 9, 10, 11]]",p_saps_residualized,0.9999999999999999,0.9999999999999999,0.9999999999999999,0.284669678545058,37.30630493308913,6.107888745965265,"{""1"": 12}"
s1-i4,1,2516301160cf1942,"[[0, 1, 2, 3, 4, 5, 6, 7, 8, 9, 10, 11]]",p_saps_projection,0.9999999999999999,0.9999999999999999,0.9999999999999999,0.284669678545058,37.30630493308913,6.107888745965265,"{""1"": 12}"
s1-i4,1,2516301160cf1942,"[[0, 1, 2, 3, 4, 5, 6, 7, 8, 9, 10, 11]]",b_saps_budgeted,0.9999999999999999,0.9999999999999999,0.9999999999999999,0.284669678545058,37.30630493308913,6.107888745965265,"{""1"": 12}"
s1-i4,1,169308d73b42462b,"[[0, 1, 3, 4, 5, 9], [2, 6, 7, 8, 10, 11]]",random_balanced,0.9999999999999999,0.9999999999999999,0.9999999999999999,0.019933243911272915,8.699550845365023,2.9495001009264303,"{""1"": 12}"
s1-i4,1,22fcb7efedaaaa64,"[[0, 2, 4, 5, 7, 10], [1, 3, 6, 8, 9, 11]]",confidence,0.9999999999999999,0.9999999999999999,0.9999999999999999,0.019933243911272915,8.699550845365023,2.9495001009264303,"{""1"": 12}"
s1-i4,1,4fed669c787091ba,"[[0, 3, 4, 5, 7, 10], [1, 2, 6, 8, 9, 11]]",entropy,0.9999999999999999,0.9999999999999999,0.9999999999999999,0.019933243911272915,8.699550845365023,2.9495001009264303,"{""1"": 12}"
s1-i4,1,060a2b55f9115bb0,"[[0, 2, 4, 6, 8, 9], [1, 3, 5, 7, 10, 11]]",dependency_cmi,0.9999999999999999,0.9999999999999999,0.9999999999999999,0.019933243911272915,0.0,0.0,"{""1"": 12}"
s1-i4,1,060a2b55f9115bb0,"[[0, 2, 4, 6, 8, 9], [1, 3, 5, 7, 10, 11]]",min_within_batch_tc,0.9999999999999999,0.9999999999999999,0.9999999999999999,0.019933243911272915,0.0,0.0,"{""1"": 12}"
s1-i4,1,65cd73210213c5d5,"[[0, 1, 2, 3, 4, 5], [6, 7, 8, 9, 10, 11]]",dprm_myopic,0.9999999999999999,0.9999999999999999,0.9999999999999999,0.019933243911272915,8.699550845365023,2.9495001009264303,"{""1"": 12}"
s1-i4,1,65cd73210213c5d5,"[[0, 1, 2, 3, 4, 5], [6, 7, 8, 9, 10, 11]]",dprm_rollout,0.9999999999999999,0.9999999999999999,0.9999999999999999,0.019933243911272915,8.699550845365023,2.9495001009264303,"{""1"": 12}"
s1-i4,1,169308d73b42462b,"[[0, 1, 3, 4, 5, 9], [2, 6, 7, 8, 10, 11]]",subset_exact,0.9999999999999999,0.9999999999999999,0.9999999999999999,0.019933243911272915,8.699550845365023,2.9495001009264303,"{""1"": 12}"
s1-i4,1,169308d73b42462b,"[[0, 1, 3, 4, 5, 9], [2, 6, 7, 8, 10, 11]]",subset_beam_8,0.9999999999999999,0.9999999999999999,0.9999999999999999,0.019933243911272915,8.699550845365023,2.9495001009264303,"{""1"": 12}"
s1-i4,1,169308d73b42462b,"[[0, 1, 3, 4, 5, 9], [2, 6, 7, 8, 10, 11]]",subset_beam_32,0.9999999999999999,0.9999999999999999,0.9999999999999999,0.019933243911272915,8.699550845365023,2.9495001009264303,"{""1"": 12}"
s1-i4,1,169308d73b42462b,"[[0, 1, 3, 4, 5, 9], [2, 6, 7, 8, 10, 11]]",saps_diagonal,0.9999999999999999,0.9999999999999999,0.9999999999999999,0.019933243911272915,8.699550845365023,2.9495001009264303,"{""1"": 12}"
s1-i4,1,169308d73b42462b,"[[0, 1, 3, 4, 5, 9], [2, 6, 7, 8, 10, 11]]",p_saps_residualized,0.9999999999999999,0.9999999999999999,0.9999999999999999,0.019933243911272915,8.699550845365023,2.9495001009264303,"{""1"": 12}"
s1-i4,1,169308d73b42462b,"[[0, 1, 3, 4, 5, 9], [2, 6, 7, 8, 10, 11]]",p_saps_projection,0.9999999999999999,0.9999999999999999,0.9999999999999999,0.019933243911272915,8.699550845365023,2.9495001009264303,"{""1"": 12}"
s1-i4,1,169308d73b42462b,"[[0, 1, 3, 4, 5, 9], [2, 6, 7, 8, 10, 11]]",b_saps_budgeted,0.9999999999999999,0.9999999999999999,0.9999999999999999,0.019933243911272915,8.699550845365023,2.9495001009264303,"{""1"": 12}"
s1-i4,1,169308d73b42462b,"[[0, 1, 3, 4, 5, 9], [2, 6, 7, 8, 10, 11]]",random_balanced,0.9999999999999999,0.9999999999999999,0.9999999999999999,0.09832187834349394,0.4204080692890518,0.6483888256972445,"{""1"": 12}"
s1-i4,1,22fcb7efedaaaa64,"[[0, 2, 4, 5, 7, 10], [1, 3, 6, 8, 9, 11]]",confidence,0.9999999999999999,0.9999999999999999,0.9999999999999999,0.09832187834349394,11.34591767364883,3.368370180613887,"{""1"": 12}"
s1-i4,1,4fed669c787091ba,"[[0, 3, 4, 5, 7, 10], [1, 2, 6, 8, 9, 11]]",entropy,0.9999999999999999,0.9999999999999999,0.9999999999999999,0.09832187834349394,11.34591767364883,3.368370180613887,"{""1"": 12}"
s1-i4,1,060a2b55f9115bb0,"[[0, 2, 4, 6, 8, 9], [1, 3, 5, 7, 10, 11]]",dependency_cmi,0.9999999999999999,0.9999999999999999,0.9999999999999999,0.09832187834349394,20.376661032581897,4.514051509739549,"{""1"": 12}"
s1-i4,1,060a2b55f9115bb0,"[[0, 2, 4, 6, 8, 9], [1, 3, 5, 7, 10, 11]]",min_within_batch_tc,0.9999999999999999,0.9999999999999999,0.9999999999999999,0.09832187834349394,20.376661032581897,4.514051509739549,"{""1"": 12}"
s1-i4,1,65cd73210213c5d5,"[[0, 1, 2, 3, 4, 5], [6, 7, 8, 9, 10, 11]]",dprm_myopic,0.9999999999999999,0.9999999999999999,0.9999999999999999,0.09832187834349394,11.34591767364883,3.368370180613887,"{""1"": 12}"
s1-i4,1,65cd73210213c5d5,"[[0, 1, 2, 3, 4, 5], [6, 7, 8, 9, 10, 11]]",dprm_rollout,0.9999999999999999,0.9999999999999999,0.9999999999999999,0.09832187834349394,11.34591767364883,3.368370180613887,"{""1"": 12}"
s1-i4,1,169308d73b42462b,"[[0, 1, 3, 4, 5, 9], [2, 6, 7, 8, 10, 11]]",subset_exact,0.9999999999999999,0.9999999999999999,0.9999999999999999,0.09832187834349394,0.4204080692890518,0.6483888256972445,"{""1"": 12}"
s1-i4,1,169308d73b42462b,"[[0, 1, 3, 4, 5, 9], [2, 6, 7, 8, 10, 11]]",subset_beam_8,0.9999999999999999,0.9999999999999999,0.9999999999999999,0.09832187834349394,0.4204080692890518,0.6483888256972445,"{""1"": 12}"
s1-i4,1,169308d73b42462b,"[[0, 1, 3, 4, 5, 9], [2, 6, 7, 8, 10, 11]]",subset_beam_32,0.9999999999999999,0.9999999999999999,0.9999999999999999,0.09832187834349394,0.4204080692890518,0.6483888256972445,"{""1"": 12}"
s1-i4,1,169308d73b42462b,"[[0, 1, 3, 4, 5, 9], [2, 6, 7, 8, 10, 11]]",saps_diagonal,0.9999999999999999,0.9999999999999999,0.9999999999999999,0.09832187834349394,0.4204080692890518,0.6483888256972445,"{""1"": 12}"
s1-i4,1,169308d73b42462b,"[[0, 1, 3, 4, 5, 9], [2, 6, 7, 8, 10, 11]]",p_saps_residualized,0.9999999999999999,0.9999999999999999,0.9999999999999999,0.09832187834349394,0.4204080692890518,0.6483888256972445,"{""1"": 12}"
s1-i4,1,169308d73b42462b,"[[0, 1, 3, 4, 5, 9], [2, 6, 7, 8, 10, 11]]",p_saps_projection,0.9999999999999999,0.9999999999999999,0.9999999999999999,0.09832187834349394,0.4204080692890518,0.6483888256972445,"{""1"": 12}"
s1-i4,1,169308d73b42462b,"[[0, 1, 3, 4, 5, 9], [2, 6, 7, 8, 10, 11]]",b_saps_budgeted,0.9999999999999999,0.9999999999999999,0.9999999999999999,0.09832187834349394,0.4204080692890518,0.6483888256972445,"{""1"": 12}"
s1-i4,1,169308d73b42462b,"[[0, 1, 3, 4, 5, 9], [2, 6, 7, 8, 10, 11]]",random_balanced,0.9999999999999999,0.9999999999999999,0.9999999999999999,0.284669678545058,23.119082739058907,4.808230728558989,"{""1"": 12}"
s1-i4,1,22fcb7efedaaaa64,"[[0, 2, 4, 5, 7, 10], [1, 3, 6, 8, 9, 11]]",confidence,0.9999999999999999,0.9999999999999999,0.9999999999999999,0.284669678545058,47.31903424552562,6.87888321208651,"{""1"": 12}"
s1-i4,1,4fed669c787091ba,"[[0, 3, 4, 5, 7, 10], [1, 2, 6, 8, 9, 11]]",entropy,0.9999999999999999,0.9999999999999999,0.9999999999999999,0.284669678545058,12.106141896160679,3.4793881496838894,"{""1"": 12}"
s1-i4,1,060a2b55f9115bb0,"[[0, 2, 4, 6, 8, 9], [1, 3, 5, 7, 10, 11]]",dependency_cmi,0.9999999999999999,0.9999999999999999,0.9999999999999999,0.284669678545058,31.68204494191031,5.628680568473424,"{""1"": 12}"
s1-i4,1,060a2b55f9115bb0,"[[0, 2, 4, 6, 8, 9], [1, 3, 5, 7, 10, 11]]",min_within_batch_tc,0.9999999999999999,0.9999999999999999,0.9999999999999999,0.284669678545058,31.68204494191031,5.628680568473424,"{""1"": 12}"
s1-i4,1,65cd73210213c5d5,"[[0, 1, 2, 3, 4, 5], [6, 7, 8, 9, 10, 11]]",dprm_myopic,0.9999999999999999,0.9999999999999999,0.9999999999999999,0.284669678545058,22.797803984840744,4.774704596604982,"{""1"": 12}"
s1-i4,1,65cd73210213c5d5,"[[0, 1, 2, 3, 4, 5], [6, 7, 8, 9, 10, 11]]",dprm_rollout,0.9999999999999999,0.9999999999999999,0.9999999999999999,0.284669678545058,22.797803984840744,4.774704596604982,"{""1"": 12}"
s1-i4,1,169308d73b42462b,"[[0, 1, 3, 4, 5, 9], [2, 6, 7, 8, 10, 11]]",subset_exact,0.9999999999999999,0.9999999999999999,0.9999999999999999,0.284669678545058,23.119082739058907,4.808230728558989,"{""1"": 12}"
s1-i4,1,169308d73b42462b,"[[0, 1, 3, 4, 5, 9], [2, 6, 7, 8, 10, 11]]",subset_beam_8,0.9999999999999999,0.9999999999999999,0.9999999999999999,0.284669678545058,23.119082739058907,4.808230728558989,"{""1"": 12}"
s1-i4,1,169308d73b42462b,"[[0, 1, 3, 4, 5, 9], [2, 6, 7, 8, 10, 11]]",subset_beam_32,0.9999999999999999,0.9999999999999999,0.9999999999999999,0.284669678545058,23.119082739058907,4.808230728558989,"{""1"": 12}"
s1-i4,1,169308d73b42462b,"[[0, 1, 3, 4, 5, 9], [2, 6, 7, 8, 10, 11]]",saps_diagonal,0.9999999999999999,0.9999999999999999,0.9999999999999999,0.284669678545058,23.119082739058907,4.808230728558989,"{""1"": 12}"
s1-i4,1,169308d73b42462b,"[[0, 1, 3, 4, 5, 9], [2, 6, 7, 8, 10, 11]]",p_saps_residualized,0.9999999999999999,0.9999999999999999,0.9999999999999999,0.284669678545058,23.119082739058907,4.808230728558989,"{""1"": 12}"
s1-i4,1,169308d73b42462b,"[[0, 1, 3, 4, 5, 9], [2, 6, 7, 8, 10, 11]]",p_saps_projection,0.9999999999999999,0.9999999999999999,0.9999999999999999,0.284669678545058,23.119082739058907,4.808230728558989,"{""1"": 12}"
s1-i4,1,169308d73b42462b,"[[0, 1, 3, 4, 5, 9], [2, 6, 7, 8, 10, 11]]",b_saps_budgeted,0.9999999999999999,0.9999999999999999,0.9999999999999999,0.284669678545058,23.119082739058907,4.808230728558989,"{""1"": 12}"
s1-i4,1,892233818fa0589a,"[[1, 4, 5, 9], [0, 3, 10, 11], [2, 6, 7, 8]]",random_balanced,0.9999999999999999,0.9999999999999999,0.9999999999999999,0.019933243911272915,0.0,0.0,"{""1"": 12}"
s1-i4,1,be6fde110d0e7533,"[[0, 4, 5, 10], [1, 2, 3, 7], [6, 8, 9, 11]]",confidence,0.9999999999999999,0.9999999999999999,0.9999999999999999,0.019933243911272915,8.699550845365023,2.9495001009264303,"{""1"": 12}"
s1-i4,1,be6fde110d0e7533,"[[0, 4, 5, 10], [1, 2, 3, 7], [6, 8, 9, 11]]",entropy,0.9999999999999999,0.9999999999999999,0.9999999999999999,0.019933243911272915,8.699550845365023,2.9495001009264303,"{""1"": 12}"
s1-i4,1,19f38b10bd1ab6a7,"[[0, 2, 4, 9], [3, 6, 8, 10], [1, 5, 7, 11]]",dependency_cmi,0.9999999999999999,0.9999999999999999,0.9999999999999999,0.019933243911272915,8.699550845365023,2.9495001009264303,"{""1"": 12}"
s1-i4,1,840542a6c5ecb723,"[[0, 2, 4, 5], [3, 6, 8, 11], [1, 7, 9, 10]]",min_within_batch_tc,0.9999999999999999,0.9999999999999999,0.9999999999999999,0.019933243911272915,8.699550845365023,2.9495001009264303,"{""1"": 12}"
s1-i4,1,50e10ab5b359ad31,"[[0, 1, 2, 3], [4, 5, 6, 7], [8, 9, 10, 11]]",dprm_myopic,0.9999999999999999,0.9999999999999999,0.9999999999999999,0.019933243911272915,8.699550845365023,2.9495001009264303,"{""1"": 12}"
s1-i4,1,50e10ab5b359ad31,"[[0, 1, 2, 3], [4, 5, 6, 7], [8, 9, 10, 11]]",dprm_rollout,0.9999999999999999,0.9999999999999999,0.9999999999999999,0.019933243911272915,8.699550845365023,2.9495001009264303,"{""1"": 12}"
s1-i4,1,892233818fa0589a,"[[1, 4, 5, 9], [0, 3, 10, 11], [2, 6, 7, 8]]",subset_exact,0.9999999999999999,0.9999999999999999,0.9999999999999999,0.019933243911272915,0.0,0.0,"{""1"": 12}"
s1-i4,1,892233818fa0589a,"[[1, 4, 5, 9], [0, 3, 10, 11], [2, 6, 7, 8]]",subset_beam_8,0.9999999999999999,0.9999999999999999,0.9999999999999999,0.019933243911272915,0.0,0.0,"{""1"": 12}"
s1-i4,1,892233818fa0589a,"[[1, 4, 5, 9], [0, 3, 10, 11], [2, 6, 7, 8]]",subset_beam_32,0.9999999999999999,0.9999999999999999,0.9999999999999999,0.019933243911272915,0.0,0.0,"{""1"": 12}"
s1-i4,1,892233818fa0589a,"[[1, 4, 5, 9], [0, 3, 10, 11], [2, 6, 7, 8]]",saps_diagonal,0.9999999999999999,0.9999999999999999,0.9999999999999999,0.019933243911272915,0.0,0.0,"{""1"": 12}"
s1-i4,1,892233818fa0589a,"[[1, 4, 5, 9], [0, 3, 10, 11], [2, 6, 7, 8]]",p_saps_residualized,0.9999999999999999,0.9999999999999999,0.9999999999999999,0.019933243911272915,0.0,0.0,"{""1"": 12}"
s1-i4,1,892233818fa0589a,"[[1, 4, 5, 9], [0, 3, 10, 11], [2, 6, 7, 8]]",p_saps_projection,0.9999999999999999,0.9999999999999999,0.9999999999999999,0.019933243911272915,0.0,0.0,"{""1"": 12}"
s1-i4,1,892233818fa0589a,"[[1, 4, 5, 9], [0, 3, 10, 11], [2, 6, 7, 8]]",b_saps_budgeted,0.9999999999999999,0.9999999999999999,0.9999999999999999,0.019933243911272915,0.0,0.0,"{""1"": 12}"
s1-i4,1,892233818fa0589a,"[[1, 4, 5, 9], [0, 3, 10, 11], [2, 6, 7, 8]]",random_balanced,0.9999999999999999,0.9999999999999999,0.9999999999999999,0.09832187834349394,5.566839735133272,2.3594151256473017,"{""1"": 12}"
s1-i4,1,be6fde110d0e7533,"[[0, 4, 5, 10], [1, 2, 3, 7], [6, 8, 9, 11]]",confidence,0.9999999999999999,0.9999999999999999,0.9999999999999999,0.09832187834349394,5.265251800862506,2.2946136495851555,"{""1"": 12}"
s1-i4,1,be6fde110d0e7533,"[[0, 4, 5, 10], [1, 2, 3, 7], [6, 8, 9, 11]]",entropy,0.9999999999999999,0.9999999999999999,0.9999999999999999,0.09832187834349394,5.265251800862506,2.2946136495851555,"{""1"": 12}"
s1-i4,1,19f38b10bd1ab6a7,"[[0, 2, 4, 9], [3, 6, 8, 10], [1, 5, 7, 11]]",dependency_cmi,0.9999999999999999,0.9999999999999999,0.9999999999999999,0.09832187834349394,11.34591767364883,3.368370180613887,"{""1"": 12}"
s1-i4,1,840542a6c5ecb723,"[[0, 2, 4, 5], [3, 6, 8, 11], [1, 7, 9, 10]]",min_within_batch_tc,0.9999999999999999,0.9999999999999999,0.9999999999999999,0.09832187834349394,11.34591767364883,3.368370180613887,"{""1"": 12}"
s1-i4,1,50e10ab5b359ad31,"[[0, 1, 2, 3], [4, 5, 6, 7], [8, 9, 10, 11]]",dprm_myopic,0.9999999999999999,0.9999999999999999,0.9999999999999999,0.09832187834349394,7.479793747690718,2.734921159318988,"{""1"": 12}"
s1-i4,1,50e10ab5b359ad31,"[[0, 1, 2, 3], [4, 5, 6, 7], [8, 9, 10, 11]]",dprm_rollout,0.9999999999999999,0.9999999999999999,0.9999999999999999,0.09832187834349394,7.479793747690718,2.734921159318988,"{""1"": 12}"
s1-i4,1,892233818fa0589a,"[[1, 4, 5, 9], [0, 3, 10, 11], [2, 6, 7, 8]]",subset_exact,0.9999999999999999,0.9999999999999999,0.9999999999999999,0.09832187834349394,5.566839735133272,2.3594151256473017,"{""1"": 12}"
s1-i4,1,892233818fa0589a,"[[1, 4, 5, 9], [0, 3, 10, 11], [2, 6, 7, 8]]",subset_beam_8,0.9999999999999999,0.9999999999999999,0.9999999999999999,0.09832187834349394,5.566839735133272,2.3594151256473017,"{""1"": 12}"
s1-i4,1,892233818fa0589a,"[[1, 4, 5, 9], [0, 3, 10, 11], [2, 6, 7, 8]]",subset_beam_32,0.9999999999999999,0.9999999999999999,0.9999999999999999,0.09832187834349394,5.566839735133272,2.3594151256473017,"{""1"": 12}"
s1-i4,1,892233818fa0589a,"[[1, 4, 5, 9], [0, 3, 10, 11], [2, 6, 7, 8]]",saps_diagonal,0.9999999999999999,0.9999999999999999,0.9999999999999999,0.09832187834349394,5.566839735133272,2.3594151256473017,"{""1"": 12}"
s1-i4,1,892233818fa0589a,"[[1, 4, 5, 9], [0, 3, 10, 11], [2, 6, 7, 8]]",p_saps_residualized,0.9999999999999999,0.9999999999999999,0.9999999999999999,0.09832187834349394,5.566839735133272,2.3594151256473017,"{""1"": 12}"
s1-i4,1,892233818fa0589a,"[[1, 4, 5, 9], [0, 3, 10, 11], [2, 6, 7, 8]]",p_saps_projection,0.9999999999999999,0.9999999999999999,0.9999999999999999,0.09832187834349394,5.566839735133272,2.3594151256473017,"{""1"": 12}"
s1-i4,1,892233818fa0589a,"[[1, 4, 5, 9], [0, 3, 10, 11], [2, 6, 7, 8]]",b_saps_budgeted,0.9999999999999999,0.9999999999999999,0.9999999999999999,0.09832187834349394,5.566839735133272,2.3594151256473017,"{""1"": 12}"
s1-i4,1,892233818fa0589a,"[[1, 4, 5, 9], [0, 3, 10, 11], [2, 6, 7, 8]]",random_balanced,0.9999999999999999,0.9999999999999999,0.9999999999999999,0.284669678545058,26.516232404298197,5.149391459609397,"{""1"": 12}"
s1-i4,1,be6fde110d0e7533,"[[0, 4, 5, 10], [1, 2, 3, 7], [6, 8, 9, 11]]",confidence,0.9999999999999999,0.9999999999999999,0.9999999999999999,0.284669678545058,0.02214042218357615,0.1487965798786254,"{""1"": 12}"
s1-i4,1,be6fde110d0e7533,"[[0, 4, 5, 10], [1, 2, 3, 7], [6, 8, 9, 11]]",entropy,0.9999999999999999,0.9999999999999999,0.9999999999999999,0.284669678545058,0.02214042218357615,0.1487965798786254,"{""1"": 12}"
s1-i4,1,19f38b10bd1ab6a7,"[[0, 2, 4, 9], [3, 6, 8, 10], [1, 5, 7, 11]]",dependency_cmi,0.9999999999999999,0.9999999999999999,0.9999999999999999,0.284669678545058,12.422114016643688,3.524501952991896,"{""1"": 12}"
s1-i4,1,840542a6c5ecb723,"[[0, 2, 4, 5], [3, 6, 8, 11], [1, 7, 9, 10]]",min_within_batch_tc,0.9999999999999999,0.9999999999999999,0.9999999999999999,0.284669678545058,20.097282179992618,4.4829992393477625,"{""1"": 12}"
s1-i4,1,50e10ab5b359ad31,"[[0, 1, 2, 3], [4, 5, 6, 7], [8, 9, 10, 11]]",dprm_myopic,0.9999999999999999,0.9999999999999999,0.9999999999999999,0.284669678545058,29.07728679635888,5.392335931334293,"{""1"": 12}"
s1-i4,1,50e10ab5b359ad31,"[[0, 1, 2, 3], [4, 5, 6, 7], [8, 9, 10, 11]]",dprm_rollout,0.9999999999999999,0.9999999999999999,0.9999999999999999,0.284669678545058,29.07728679635888,5.392335931334293,"{""1"": 12}"
s1-i4,1,892233818fa0589a,"[[1, 4, 5, 9], [0, 3, 10, 11], [2, 6, 7, 8]]",subset_exact,0.9999999999999999,0.9999999999999999,0.9999999999999999,0.284669678545058,26.516232404298197,5.149391459609397,"{""1"": 12}"
s1-i4,1,892233818fa0589a,"[[1, 4, 5, 9], [0, 3, 10, 11], [2, 6, 7, 8]]",subset_beam_8,0.9999999999999999,0.9999999999999999,0.9999999999999999,0.284669678545058,26.516232404298197,5.149391459609397,"{""1"": 12}"
s1-i4,1,892233818fa0589a,"[[1, 4, 5, 9], [0, 3, 10, 11], [2, 6, 7, 8]]",subset_beam_32,0.9999999999999999,0.9999999999999999,0.9999999999999999,0.284669678545058,26.516232404298197,5.149391459609397,"{""1"": 12}"
s1-i4,1,892233818fa0589a,"[[1, 4, 5, 9], [0, 3, 10, 11], [2, 6, 7, 8]]",saps_diagonal,0.9999999999999999,0.9999999999999999,0.9999999999999999,0.284669678545058,26.516232404298197,5.149391459609397,"{""1"": 12}"
s1-i4,1,892233818fa0589a,"[[1, 4, 5, 9], [0, 3, 10, 11], [2, 6, 7, 8]]",p_saps_residualized,0.9999999999999999,0.9999999999999999,0.9999999999999999,0.284669678545058,26.516232404298197,5.149391459609397,"{""1"": 12}"
s1-i4,1,892233818fa0589a,"[[1, 4, 5, 9], [0, 3, 10, 11], [2, 6, 7, 8]]",p_saps_projection,0.9999999999999999,0.9999999999999999,0.9999999999999999,0.284669678545058,26.516232404298197,5.149391459609397,"{""1"": 12}"
s1-i4,1,892233818fa0589a,"[[1, 4, 5, 9], [0, 3, 10, 11], [2, 6, 7, 8]]",b_saps_budgeted,0.9999999999999999,0.9999999999999999,0.9999999999999999,0.284669678545058,26.516232404298197,5.149391459609397,"{""1"": 12}"
s1-i4,1,00ad75012c329d18,"[[1, 4, 5], [0, 3, 9], [7, 10, 11], [2, 6, 8]]",random_balanced,0.9999999999999999,0.9999999999999999,0.9999999999999999,0.019933243911272915,8.699550845365023,2.9495001009264303,"{""1"": 12}"
s1-i4,1,f76aa93c2caa0296,"[[0, 4, 5], [2, 7, 10], [1, 3, 6], [8, 9, 11]]",confidence,0.9999999999999999,0.9999999999999999,0.9999999999999999,0.019933243911272915,8.699550845365023,2.9495001009264303,"{""1"": 12}"
s1-i4,1,fbe77a5355c76240,"[[0, 4, 10], [3, 5, 7], [1, 2, 6], [8, 9, 11]]",entropy,0.9999999999999999,0.9999999999999999,0.9999999999999999,0.019933243911272915,8.699550845365023,2.9495001009264303,"{""1"": 12}"
s1-i4,1,f4a474c413c4dc9a,"[[0, 2, 9], [4, 6, 10], [3, 7, 11], [1, 5, 8]]",dependency_cmi,0.9999999999999999,0.9999999999999999,0.9999999999999999,0.019933243911272915,0.0,0.0,"{""1"": 12}"
s1-i4,1,52c55b020eab80b8,"[[0, 2, 3], [4, 6, 7], [1, 8, 9], [5, 10, 11]]",min_within_batch_tc,0.9999999999999999,0.9999999999999999,0.9999999999999999,0.019933243911272915,8.699550845365023,2.9495001009264303,"{""1"": 12}"
s1-i4,1,8f058866e4ab3ff8,"[[0, 1, 2], [3, 4, 5], [6, 7, 8], [9, 10, 11]]",dprm_myopic,0.9999999999999999,0.9999999999999999,0.9999999999999999,0.019933243911272915,8.699550845365023,2.9495001009264303,"{""1"": 12}"
s1-i4,1,8f058866e4ab3ff8,"[[0, 1, 2], [3, 4, 5], [6, 7, 8], [9, 10, 11]]",dprm_rollout,0.9999999999999999,0.9999999999999999,0.9999999999999999,0.019933243911272915,8.699550845365023,2.9495001009264303,"{""1"": 12}"
s1-i4,1,00ad75012c329d18,"[[1, 4, 5], [0, 3, 9], [7, 10, 11], [2, 6, 8]]",subset_exact,0.9999999999999999,0.9999999999999999,0.9999999999999999,0.019933243911272915,8.699550845365023,2.9495001009264303,"{""1"": 12}"
s1-i4,1,00ad75012c329d18,"[[1, 4, 5], [0, 3, 9], [7, 10, 11], [2, 6, 8]]",subset_beam_8,0.9999999999999999,0.9999999999999999,0.9999999999999999,0.019933243911272915,8.699550845365023,2.9495001009264303,"{""1"": 12}"
s1-i4,1,00ad75012c329d18,"[[1, 4, 5], [0, 3, 9], [7, 10, 11], [2, 6, 8]]",subset_beam_32,0.9999999999999999,0.9999999999999999,0.9999999999999999,0.019933243911272915,8.699550845365023,2.9495001009264303,"{""1"": 12}"
s1-i4,1,00ad75012c329d18,"[[1, 4, 5], [0, 3, 9], [7, 10, 11], [2, 6, 8]]",saps_diagonal,0.9999999999999999,0.9999999999999999,0.9999999999999999,0.019933243911272915,8.699550845365023,2.9495001009264303,"{""1"": 12}"
s1-i4,1,00ad75012c329d18,"[[1, 4, 5], [0, 3, 9], [7, 10, 11], [2, 6, 8]]",p_saps_residualized,0.9999999999999999,0.9999999999999999,0.9999999999999999,0.019933243911272915,8.699550845365023,2.9495001009264303,"{""1"": 12}"
s1-i4,1,00ad75012c329d18,"[[1, 4, 5], [0, 3, 9], [7, 10, 11], [2, 6, 8]]",p_saps_projection,0.9999999999999999,0.9999999999999999,0.9999999999999999,0.019933243911272915,8.699550845365023,2.9495001009264303,"{""1"": 12}"
s1-i4,1,00ad75012c329d18,"[[1, 4, 5], [0, 3, 9], [7, 10, 11], [2, 6, 8]]",b_saps_budgeted,0.9999999999999999,0.9999999999999999,0.9999999999999999,0.019933243911272915,8.699550845365023,2.9495001009264303,"{""1"": 12}"
s1-i4,1,00ad75012c329d18,"[[1, 4, 5], [0, 3, 9], [7, 10, 11], [2, 6, 8]]",random_balanced,0.9999999999999999,0.9999999999999999,0.9999999999999999,0.09832187834349394,1.7996781356616072,-1.3415208293804488,"{""1"": 12}"
s1-i4,1,f76aa93c2caa0296,"[[0, 4, 5], [2, 7, 10], [1, 3, 6], [8, 9, 11]]",confidence,0.9999999999999999,0.9999999999999999,0.9999999999999999,0.09832187834349394,0.24729983396610217,-0.497292503428417,"{""1"": 12}"
s1-i4,1,fbe77a5355c76240,"[[0, 4, 10], [3, 5, 7], [1, 2, 6], [8, 9, 11]]",entropy,0.9999999999999999,0.9999999999999999,0.9999999999999999,0.09832187834349394,9.16399705152642,3.027209449563479,"{""1"": 12}"
s1-i4,1,f4a474c413c4dc9a,"[[0, 2, 9], [4, 6, 10], [3, 7, 11], [1, 5, 8]]",dependency_cmi,0.9999999999999999,0.9999999999999999,0.9999999999999999,0.09832187834349394,1.5577014377173968,1.2480790991429176,"{""1"": 12}"
s1-i4,1,52c55b020eab80b8,"[[0, 2, 3], [4, 6, 7], [1, 8, 9], [5, 10, 11]]",min_within_batch_tc,0.9999999999999999,0.9999999999999999,0.9999999999999999,0.09832187834349394,1.5577014377173968,1.2480790991429176,"{""1"": 12}"
s1-i4,1,8f058866e4ab3ff8,"[[0, 1, 2], [3, 4, 5], [6, 7, 8], [9, 10, 11]]",dprm_myopic,0.9999999999999999,0.9999999999999999,0.9999999999999999,0.09832187834349394,1.5577014377173968,1.2480790991429176,"{""1"": 12}"
s1-i4,1,8f058866e4ab3ff8,"[[0, 1, 2], [3, 4, 5], [6, 7, 8], [9, 10, 11]]",dprm_rollout,0.9999999999999999,0.9999999999999999,0.9999999999999999,0.09832187834349394,1.5577014377173968,1.2480790991429176,"{""1"": 12}"
s1-i4,1,00ad75012c329d18,"[[1, 4, 5], [0, 3, 9], [7, 10, 11], [2, 6, 8]]",subset_exact,0.9999999999999999,0.9999999999999999,0.9999999999999999,0.09832187834349394,1.7996781356616072,-1.3415208293804488,"{""1"": 12}"
s1-i4,1,00ad75012c329d18,"[[1, 4, 5], [0, 3, 9], [7, 10, 11], [2, 6, 8]]",subset_beam_8,0.9999999999999999,0.9999999999999999,0.9999999999999999,0.09832187834349394,1.7996781356616072,-1.3415208293804488,"{""1"": 12}"
s1-i4,1,00ad75012c329d18,"[[1, 4, 5], [0, 3, 9], [7, 10, 11], [2, 6, 8]]",subset_beam_32,0.9999999999999999,0.9999999999999999,0.9999999999999999,0.09832187834349394,1.7996781356616072,-1.3415208293804488,"{""1"": 12}"
s1-i4,1,00ad75012c329d18,"[[1, 4, 5], [0, 3, 9], [7, 10, 11], [2, 6, 8]]",saps_diagonal,0.9999999999999999,0.9999999999999999,0.9999999999999999,0.09832187834349394,1.7996781356616072,-1.3415208293804488,"{""1"": 12}"
s1-i4,1,00ad75012c329d18,"[[1, 4, 5], [0, 3, 9], [7, 10, 11], [2, 6, 8]]",p_saps_residualized,0.9999999999999999,0.9999999999999999,0.9999999999999999,0.09832187834349394,1.7996781356616072,-1.3415208293804488,"{""1"": 12}"
s1-i4,1,00ad75012c329d18,"[[1, 4, 5], [0, 3, 9], [7, 10, 11], [2, 6, 8]]",p_saps_projection,0.9999999999999999,0.9999999999999999,0.9999999999999999,0.09832187834349394,1.7996781356616072,-1.3415208293804488,"{""1"": 12}"
s1-i4,1,00ad75012c329d18,"[[1, 4, 5], [0, 3, 9], [7, 10, 11], [2, 6, 8]]",b_saps_budgeted,0.9999999999999999,0.9999999999999999,0.9999999999999999,0.09832187834349394,1.7996781356616072,-1.3415208293804488,"{""1"": 12}"
s1-i4,1,00ad75012c329d18,"[[1, 4, 5], [0, 3, 9], [7, 10, 11], [2, 6, 8]]",random_balanced,0.9999999999999999,0.9999999999999999,0.9999999999999999,0.284669678545058,26.516232404298197,5.149391459609397,"{""1"": 12}"
s1-i4,1,f76aa93c2caa0296,"[[0, 4, 5], [2, 7, 10], [1, 3, 6], [8, 9, 11]]",confidence,0.9999999999999999,0.9999999999999999,0.9999999999999999,0.284669678545058,12.307779346145823,3.5082444820944025,"{""1"": 12}"
s1-i4,1,fbe77a5355c76240,"[[0, 4, 10], [3, 5, 7], [1, 2, 6], [8, 9, 11]]",entropy,0.9999999999999999,0.9999999999999999,0.9999999999999999,0.284669678545058,27.957866031141915,5.287519837423016,"{""1"": 12}"
s1-i4,1,f4a474c413c4dc9a,"[[0, 2, 9], [4, 6, 10], [3, 7, 11], [1, 5, 8]]",dependency_cmi,0.9999999999999999,0.9999999999999999,0.9999999999999999,0.284669678545058,62.58786959002021,7.911249559331333,"{""1"": 12}"
s1-i4,1,52c55b020eab80b8,"[[0, 2, 3], [4, 6, 7], [1, 8, 9], [5, 10, 11]]",min_within_batch_tc,0.9999999999999999,0.9999999999999999,0.9999999999999999,0.284669678545058,21.828124243420596,4.67205781678915,"{""1"": 12}"
s1-i4,1,8f058866e4ab3ff8,"[[0, 1, 2], [3, 4, 5], [6, 7, 8], [9, 10, 11]]",dprm_myopic,0.9999999999999999,0.9999999999999999,0.9999999999999999,0.284669678545058,52.964270058874135,7.277655533128381,"{""1"": 12}"
s1-i4,1,8f058866e4ab3ff8,"[[0, 1, 2], [3, 4, 5], [6, 7, 8], [9, 10, 11]]",dprm_rollout,0.9999999999999999,0.9999999999999999,0.9999999999999999,0.284669678545058,52.964270058874135,7.277655533128381,"{""1"": 12}"
s1-i4,1,00ad75012c329d18,"[[1, 4, 5], [0, 3, 9], [7, 10, 11], [2, 6, 8]]",subset_exact,0.9999999999999999,0.9999999999999999,0.9999999999999999,0.284669678545058,26.516232404298197,5.149391459609397,"{""1"": 12}"
s1-i4,1,00ad75012c329d18,"[[1, 4, 5], [0, 3, 9], [7, 10, 11], [2, 6, 8]]",subset_beam_8,0.9999999999999999,0.9999999999999999,0.9999999999999999,0.284669678545058,26.516232404298197,5.149391459609397,"{""1"": 12}"
s1-i4,1,00ad75012c329d18,"[[1, 4, 5], [0, 3, 9], [7, 10, 11], [2, 6, 8]]",subset_beam_32,0.9999999999999999,0.9999999999999999,0.9999999999999999,0.284669678545058,26.516232404298197,5.149391459609397,"{""1"": 12}"
s1-i4,1,00ad75012c329d18,"[[1, 4, 5], [0, 3, 9], [7, 10, 11], [2, 6, 8]]",saps_diagonal,0.9999999999999999,0.9999999999999999,0.9999999999999999,0.284669678545058,26.516232404298197,5.149391459609397,"{""1"": 12}"
s1-i4,1,00ad75012c329d18,"[[1, 4, 5], [0, 3, 9], [7, 10, 11], [2, 6, 8]]",p_saps_residualized,0.9999999999999999,0.9999999999999999,0.9999999999999999,0.284669678545058,26.516232404298197,5.149391459609397,"{""1"": 12}"
s1-i4,1,00ad75012c329d18,"[[1, 4, 5], [0, 3, 9], [7, 10, 11], [2, 6, 8]]",p_saps_projection,0.9999999999999999,0.9999999999999999,0.9999999999999999,0.284669678545058,26.516232404298197,5.149391459609397,"{""1"": 12}"
s1-i4,1,00ad75012c329d18,"[[1, 4, 5], [0, 3, 9], [7, 10, 11], [2, 6, 8]]",b_saps_budgeted,0.9999999999999999,0.9999999999999999,0.9999999999999999,0.284669678545058,26.516232404298197,5.149391459609397,"{""1"": 12}"
s1-i5,1,2516301160cf1942,"[[0, 1, 2, 3, 4, 5, 6, 7, 8, 9, 10, 11]]",random_balanced,0.0,0.0,0.0,9.966672193000833e-05,0.06571825144233284,0.2563557127163989,"{""2"": 11}"
s1-i5,1,2516301160cf1942,"[[0, 1, 2, 3, 4, 5, 6, 7, 8, 9, 10, 11]]",confidence,0.0,0.0,0.0,9.966672193000833e-05,0.06571825144233284,0.2563557127163989,"{""2"": 11}"
s1-i5,1,2516301160cf1942,"[[0, 1, 2, 3, 4, 5, 6, 7, 8, 9, 10, 11]]",entropy,0.0,0.0,0.0,9.966672193000833e-05,0.06571825144233284,0.2563557127163989,"{""2"": 11}"
s1-i5,1,2516301160cf1942,"[[0, 1, 2, 3, 4, 5, 6, 7, 8, 9, 10, 11]]",dependency_cmi,0.0,0.0,0.0,9.966672193000833e-05,0.06571825144233284,0.2563557127163989,"{""2"": 11}"
s1-i5,1,2516301160cf1942,"[[0, 1, 2, 3, 4, 5, 6, 7, 8, 9, 10, 11]]",min_within_batch_tc,0.0,0.0,0.0,9.966672193000833e-05,0.06571825144233284,0.2563557127163989,"{""2"": 11}"
s1-i5,1,2516301160cf1942,"[[0, 1, 2, 3, 4, 5, 6, 7, 8, 9, 10, 11]]",dprm_myopic,0.0,0.0,0.0,9.966672193000833e-05,0.06571825144233284,0.2563557127163989,"{""2"": 11}"
s1-i5,1,2516301160cf1942,"[[0, 1, 2, 3, 4, 5, 6, 7, 8, 9, 10, 11]]",dprm_rollout,0.0,0.0,0.0,9.966672193000833e-05,0.06571825144233284,0.2563557127163989,"{""2"": 11}"
s1-i5,1,2516301160cf1942,"[[0, 1, 2, 3, 4, 5, 6, 7, 8, 9, 10, 11]]",subset_exact,0.0,0.0,0.0,9.966672193000833e-05,0.06571825144233284,0.2563557127163989,"{""2"": 11}"
s1-i5,1,2516301160cf1942,"[[0, 1, 2, 3, 4, 5, 6, 7, 8, 9, 10, 11]]",subset_beam_8,0.0,0.0,0.0,9.966672193000833e-05,0.06571825144233284,0.2563557127163989,"{""2"": 11}"
s1-i5,1,2516301160cf1942,"[[0, 1, 2, 3, 4, 5, 6, 7, 8, 9, 10, 11]]",subset_beam_32,0.0,0.0,0.0,9.966672193000833e-05,0.06571825144233284,0.2563557127163989,"{""2"": 11}"
s1-i5,1,2516301160cf1942,"[[0, 1, 2, 3, 4, 5, 6, 7, 8, 9, 10, 11]]",saps_diagonal,0.0,0.0,0.0,9.966672193000833e-05,0.06571825144233284,0.2563557127163989,"{""2"": 11}"
s1-i5,1,2516301160cf1942,"[[0, 1, 2, 3, 4, 5, 6, 7, 8, 9, 10, 11]]",p_saps_residualized,0.0,0.0,0.0,9.966672193000833e-05,0.06571825144233284,0.2563557127163989,"{""2"": 11}"
s1-i5,1,2516301160cf1942,"[[0, 1, 2, 3, 4, 5, 6, 7, 8, 9, 10, 11]]",p_saps_projection,0.0,0.0,0.0,9.966672193000833e-05,0.06571825144233284,0.2563557127163989,"{""2"": 11}"
s1-i5,1,2516301160cf1942,"[[0, 1, 2, 3, 4, 5, 6, 7, 8, 9, 10, 11]]",b_saps_budgeted,0.0,0.0,0.0,9.966672193000833e-05,0.06571825144233284,0.2563557127163989,"{""2"": 11}"
s1-i5,1,2516301160cf1942,"[[0, 1, 2, 3, 4, 5, 6, 7, 8, 9, 10, 11]]",random_balanced,0.0,0.0,0.0,0.0024583671254192214,12.588457255476635,-3.5480215973802407,"{""2"": 11}"
s1-i5,1,2516301160cf1942,"[[0, 1, 2, 3, 4, 5, 6, 7, 8, 9, 10, 11]]",confidence,0.0,0.0,0.0,0.0024583671254192214,12.588457255476635,-3.5480215973802407,"{""2"": 11}"
s1-i5,1,2516301160cf1942,"[[0, 1, 2, 3, 4, 5, 6, 7, 8, 9, 10, 11]]",entropy,0.0,0.0,0.0,0.0024583671254192214,12.588457255476635,-3.5480215973802407,"{""2"": 11}"
s1-i5,1,2516301160cf1942,"[[0, 1, 2, 3, 4, 5, 6, 7, 8, 9, 10, 11]]",dependency_cmi,0.0,0.0,0.0,0.0024583671254192214,12.588457255476635,-3.5480215973802407,"{""2"": 11}"
s1-i5,1,2516301160cf1942,"[[0, 1, 2, 3, 4, 5, 6, 7, 8, 9, 10, 11]]",min_within_batch_tc,0.0,0.0,0.0,0.0024583671254192214,12.588457255476635,-3.5480215973802407,"{""2"": 11}"
s1-i5,1,2516301160cf1942,"[[0, 1, 2, 3, 4, 5, 6, 7, 8, 9, 10, 11]]",dprm_myopic,0.0,0.0,0.0,0.0024583671254192214,12.588457255476635,-3.5480215973802407,"{""2"": 11}"
s1-i5,1,2516301160cf1942,"[[0, 1, 2, 3, 4, 5, 6, 7, 8, 9, 10, 11]]",dprm_rollout,0.0,0.0,0.0,0.0024583671254192214,12.588457255476635,-3.5480215973802407,"{""2"": 11}"
s1-i5,1,2516301160cf1942,"[[0, 1, 2, 3, 4, 5, 6, 7, 8, 9, 10, 11]]",subset_exact,0.0,0.0,0.0,0.0024583671254192214,12.588457255476635,-3.5480215973802407,"{""2"": 11}"
s1-i5,1,2516301160cf1942,"[[0, 1, 2, 3, 4, 5, 6, 7, 8, 9, 10, 11]]",subset_beam_8,0.0,0.0,0.0,0.0024583671254192214,12.588457255476635,-3.5480215973802407,"{""2"": 11}"
s1-i5,1,2516301160cf1942,"[[0, 1, 2, 3, 4, 5, 6, 7, 8, 9, 10, 11]]",subset_beam_32,0.0,0.0,0.0,0.0024583671254192214,12.588457255476635,-3.5480215973802407,"{""2"": 11}"
s1-i5,1,2516301160cf1942,"[[0, 1, 2, 3, 4, 5, 6, 7, 8, 9, 10, 11]]",saps_diagonal,0.0,0.0,0.0,0.0024583671254192214,12.588457255476635,-3.5480215973802407,"{""2"": 11}"
s1-i5,1,2516301160cf1942,"[[0, 1, 2, 3, 4, 5, 6, 7, 8, 9, 10, 11]]",p_saps_residualized,0.0,0.0,0.0,0.0024583671254192214,12.588457255476635,-3.5480215973802407,"{""2"": 11}"
s1-i5,1,2516301160cf1942,"[[0, 1, 2, 3, 4, 5, 6, 7, 8, 9, 10, 11]]",p_saps_projection,0.0,0.0,0.0,0.0024583671254192214,12.588457255476635,-3.5480215973802407,"{""2"": 11}"
s1-i5,1,2516301160cf1942,"[[0, 1, 2, 3, 4, 5, 6, 7, 8, 9, 10, 11]]",b_saps_budgeted,0.0,0.0,0.0,0.0024583671254192214,12.588457255476635,-3.5480215973802407,"{""2"": 11}"
s1-i5,1,2516301160cf1942,"[[0, 1, 2, 3, 4, 5, 6, 7, 8, 9, 10, 11]]",random_balanced,0.0,0.0,0.0,0.021377575621801627,0.20520320474312967,-0.4529936034240767,"{""2"": 11}"
s1-i5,1,2516301160cf1942,"[[0, 1, 2, 3, 4, 5, 6, 7, 8, 9, 10, 11]]",confidence,0.0,0.0,0.0,0.021377575621801627,0.20520320474312967,-0.4529936034240767,"{""2"": 11}"
s1-i5,1,2516301160cf1942,"[[0, 1, 2, 3, 4, 5, 6, 7, 8, 9, 10, 11]]",entropy,0.0,0.0,0.0,0.021377575621801627,0.20520320474312967,-0.4529936034240767,"{""2"": 11}"
s1-i5,1,2516301160cf1942,"[[0, 1, 2, 3, 4, 5, 6, 7, 8, 9, 10, 11]]",dependency_cmi,0.0,0.0,0.0,0.021377575621801627,0.20520320474312967,-0.4529936034240767,"{""2"": 11}"
s1-i5,1,2516301160cf1942,"[[0, 1, 2, 3, 4, 5, 6, 7, 8, 9, 10, 11]]",min_within_batch_tc,0.0,0.0,0.0,0.021377575621801627,0.20520320474312967,-0.4529936034240767,"{""2"": 11}"
s1-i5,1,2516301160cf1942,"[[0, 1, 2, 3, 4, 5, 6, 7, 8, 9, 10, 11]]",dprm_myopic,0.0,0.0,0.0,0.021377575621801627,0.20520320474312967,-0.4529936034240767,"{""2"": 11}"
s1-i5,1,2516301160cf1942,"[[0, 1, 2, 3, 4, 5, 6, 7, 8, 9, 10, 11]]",dprm_rollout,0.0,0.0,0.0,0.021377575621801627,0.20520320474312967,-0.4529936034240767,"{""2"": 11}"
s1-i5,1,2516301160cf1942,"[[0, 1, 2, 3, 4, 5, 6, 7, 8, 9, 10, 11]]",subset_exact,0.0,0.0,0.0,0.021377575621801627,0.20520320474312967,-0.4529936034240767,"{""2"": 11}"
s1-i5,1,2516301160cf1942,"[[0, 1, 2, 3, 4, 5, 6, 7, 8, 9, 10, 11]]",subset_beam_8,0.0,0.0,0.0,0.021377575621801627,0.20520320474312967,-0.4529936034240767,"{""2"": 11}"
s1-i5,1,2516301160cf1942,"[[0, 1, 2, 3, 4, 5, 6, 7, 8, 9, 10, 11]]",subset_beam_32,0.0,0.0,0.0,0.021377575621801627,0.20520320474312967,-0.4529936034240767,"{""2"": 11}"
s1-i5,1,2516301160cf1942,"[[0, 1, 2, 3, 4, 5, 6, 7, 8, 9, 10, 11]]",saps_diagonal,0.0,0.0,0.0,0.021377575621801627,0.20520320474312967,-0.4529936034240767,"{""2"": 11}"
s1-i5,1,2516301160cf1942,"[[0, 1, 2, 3, 4, 5, 6, 7, 8, 9, 10, 11]]",p_saps_residualized,0.0,0.0,0.0,0.021377575621801627,0.20520320474312967,-0.4529936034240767,"{""2"": 11}"
s1-i5,1,2516301160cf1942,"[[0, 1, 2, 3, 4, 5, 6, 7, 8, 9, 10, 11]]",p_saps_projection,0.0,0.0,0.0,0.021377575621801627,0.20520320474312967,-0.4529936034240767,"{""2"": 11}"
s1-i5,1,2516301160cf1942,"[[0, 1, 2, 3, 4, 5, 6, 7, 8, 9, 10, 11]]",b_saps_budgeted,0.0,0.0,0.0,0.021377575621801627,0.20520320474312967,-0.4529936034240767,"{""2"": 11}"
s1-i5,1,b9c97e8f52a41e6a,"[[0, 4, 6, 8, 10, 11], [1, 2, 3, 5, 7, 9]]",random_balanced,0.6368608756093431,0.6368608756093431,0.6368608756093431,0.012730896057200429,3.530085846586922,1.8788522684306295,"{""1"": 7, ""2"": 4}"
s1-i5,1,921fdb9f38896bd2,"[[3, 4, 5, 8, 9, 11], [0, 1, 2, 6, 7, 10]]",confidence,0.444485476832402,0.444485476832402,0.444485476832402,0.008915403736227344,10.415365327396886,3.227284512929854,"{""2"": 6, ""1"": 5}"
s1-i5,1,6356b1d09f6e819b,"[[2, 4, 5, 6, 8, 9], [0, 1, 3, 7, 10, 11]]",entropy,0.4024121261460963,0.4024121261460963,0.4024121261460963,0.008080938687776205,0.06571825144233284,-0.2563557127163989,"{""2"": 6, ""1"": 5}"
s1-i5,1,d8bb7525846bcf6d,"[[1, 6, 7, 8, 10, 11], [0, 2, 3, 4, 5, 9]]",dependency_cmi,0.7045569829065033,0.7045569829065033,0.7045569829065033,0.014073552026696693,0.06571825144233295,0.2563557127163991,"{""1"": 8, ""2"": 3}"
s1-i5,1,b4e14d5f34c417a0,"[[6, 7, 8, 9, 10, 11], [0, 1, 2, 3, 4, 5]]",min_within_batch_tc,0.4888227976831782,0.4888227976831782,0.4888227976831782,0.009794771411689876,8.310452026804985,-2.8827854631944057,"{""2"": 5, ""1"": 6}"
s1-i5,1,65cd73210213c5d5,"[[0, 1, 2, 3, 4, 5], [6, 7, 8, 9, 10, 11]]",dprm_myopic,0.4888227976831782,0.4888227976831782,0.4888227976831782,0.009794771411689876,0.06571825144233308,-0.25635571271639934,"{""2"": 5, ""1"": 6}"
s1-i5,1,65cd73210213c5d5,"[[0, 1, 2, 3, 4, 5], [6, 7, 8, 9, 10, 11]]",dprm_rollout,0.4888227976831782,0.4888227976831782,0.4888227976831782,0.009794771411689876,0.06571825144233308,-0.25635571271639934,"{""2"": 5, ""1"": 6}"
s1-i5,1,4fec6b651b7ccea9,"[[0, 3, 4, 5, 6, 10], [1, 2, 7, 8, 9, 11]]",subset_exact,0.9571650735490359,0.9571650735490359,0.9571650735490359,0.019083674091107897,0.06571825144233308,0.25635571271639934,"{""1"": 10, ""2"": 1}"
s1-i5,1,4fec6b651b7ccea9,"[[0, 3, 4, 5, 6, 10], [1, 2, 7, 8, 9, 11]]",subset_beam_8,0.9571650735490359,0.9571650735490359,0.9571650735490359,0.019083674091107897,0.06571825144233308,0.25635571271639934,"{""1"": 10, ""2"": 1}"
s1-i5,1,4fec6b651b7ccea9,"[[0, 3, 4, 5, 6, 10], [1, 2, 7, 8, 9, 11]]",subset_beam_32,0.9571650735490359,0.9571650735490359,0.9571650735490359,0.019083674091107897,0.06571825144233308,0.25635571271639934,"{""1"": 10, ""2"": 1}"
s1-i5,1,4fec6b651b7ccea9,"[[0, 3, 4, 5, 6, 10], [1, 2, 7, 8, 9, 11]]",saps_diagonal,0.9571650735490359,0.9571650735490359,0.9571650735490359,0.019083674091107897,0.06571825144233308,0.25635571271639934,"{""1"": 10, ""2"": 1}"
s1-i5,1,4fec6b651b7ccea9,"[[0, 3, 4, 5, 6, 10], [1, 2, 7, 8, 9, 11]]",p_saps_residualized,0.9571650735490359,0.9571650735490359,0.9571650735490359,0.019083674091107897,0.06571825144233308,0.25635571271639934,"{""1"": 10, ""2"": 1}"
s1-i5,1,4fec6b651b7ccea9,"[[0, 3, 4, 5, 6, 10], [1, 2, 7, 8, 9, 11]]",p_saps_projection,0.9571650735490359,0.9571650735490359,0.9571650735490359,0.019083674091107897,0.06571825144233308,0.25635571271639934,"{""1"": 10, ""2"": 1}"
s1-i5,1,4fec6b651b7ccea9,"[[0, 3, 4, 5, 6, 10], [1, 2, 7, 8, 9, 11]]",b_saps_budgeted,0.9571650735490359,0.9571650735490359,0.9571650735490359,0.019083674091107897,0.06571825144233308,0.25635571271639934,"{""1"": 10, ""2"": 1}"
s1-i5,1,b9c97e8f52a41e6a,"[[0, 4, 6, 8, 10, 11], [1, 2, 3, 5, 7, 9]]",random_balanced,0.6368608756093431,0.6368608756093431,0.6368608756093431,0.06351008681874838,50.71421541971371,7.121391396329352,"{""1"": 7, ""2"": 4}"
s1-i5,1,921fdb9f38896bd2,"[[3, 4, 5, 8, 9, 11], [0, 1, 2, 6, 7, 10]]",confidence,0.444485476832402,0.444485476832402,0.444485476832402,0.04506830562001349,1.4917309530431662,-1.2213643817645765,"{""2"": 6, ""1"": 5}"
s1-i5,1,6356b1d09f6e819b,"[[2, 4, 5, 6, 8, 9], [0, 1, 3, 7, 10, 11]]",entropy,0.4024121261460963,0.4024121261460963,0.4024121261460963,0.04103500649451483,0.2009823426519277,-0.4483105426508813,"{""2"": 6, ""1"": 5}"
s1-i5,1,d8bb7525846bcf6d,"[[1, 6, 7, 8, 10, 11], [0, 2, 3, 4, 5, 9]]",dependency_cmi,0.7045569829065033,0.7045569829065033,0.7045569829065033,0.06999967336004968,3.4231145898930246,-1.8501660979201366,"{""1"": 8, ""2"": 3}"
s1-i5,1,b4e14d5f34c417a0,"[[6, 7, 8, 9, 10, 11], [0, 1, 2, 3, 4, 5]]",min_within_batch_tc,0.4888227976831782,0.4888227976831782,0.4888227976831782,0.04931863687477125,0.399985187555428,-0.6324438216596222,"{""2"": 5, ""1"": 6}"
s1-i5,1,65cd73210213c5d5,"[[0, 1, 2, 3, 4, 5], [6, 7, 8, 9, 10, 11]]",dprm_myopic,0.4888227976831782,0.4888227976831782,0.4888227976831782,0.04931863687477125,4.028682643793603,-2.007157852236242,"{""2"": 5, ""1"": 6}"
s1-i5,1,65cd73210213c5d5,"[[0, 1, 2, 3, 4, 5], [6, 7, 8, 9, 10, 11]]",dprm_rollout,0.4888227976831782,0.4888227976831782,0.4888227976831782,0.04931863687477125,4.028682643793603,-2.007157852236242,"{""2"": 5, ""1"": 6}"
s1-i5,1,4fec6b651b7ccea9,"[[0, 3, 4, 5, 6, 10], [1, 2, 7, 8, 9, 11]]",subset_exact,0.9571650735490359,0.9571650735490359,0.9571650735490359,0.09421557189113655,46.45618130750235,-6.815877148797677,"{""1"": 10, ""2"": 1}"
s1-i5,1,4fec6b651b7ccea9,"[[0, 3, 4, 5, 6, 10], [1, 2, 7, 8, 9, 11]]",subset_beam_8,0.9571650735490359,0.9571650735490359,0.9571650735490359,0.09421557189113655,46.45618130750235,-6.815877148797677,"{""1"": 10, ""2"": 1}"
s1-i5,1,4fec6b651b7ccea9,"[[0, 3, 4, 5, 6, 10], [1, 2, 7, 8, 9, 11]]",subset_beam_32,0.9571650735490359,0.9571650735490359,0.9571650735490359,0.09421557189113655,46.45618130750235,-6.815877148797677,"{""1"": 10, ""2"": 1}"
s1-i5,1,4fec6b651b7ccea9,"[[0, 3, 4, 5, 6, 10], [1, 2, 7, 8, 9, 11]]",saps_diagonal,0.9571650735490359,0.9571650735490359,0.9571650735490359,0.09421557189113655,46.45618130750235,-6.815877148797677,"{""1"": 10, ""2"": 1}"
s1-i5,1,4fec6b651b7ccea9,"[[0, 3, 4, 5, 6, 10], [1, 2, 7, 8, 9, 11]]",p_saps_residualized,0.9571650735490359,0.9571650735490359,0.9571650735490359,0.09421557189113655,46.45618130750235,-6.815877148797677,"{""1"": 10, ""2"": 1}"
s1-i5,1,4fec6b651b7ccea9,"[[0, 3, 4, 5, 6, 10], [1, 2, 7, 8, 9, 11]]",p_saps_projection,0.9571650735490359,0.9571650735490359,0.9571650735490359,0.09421557189113655,46.45618130750235,-6.815877148797677,"{""1"": 10, ""2"": 1}"
s1-i5,1,4fec6b651b7ccea9,"[[0, 3, 4, 5, 6, 10], [1, 2, 7, 8, 9, 11]]",b_saps_budgeted,0.9571650735490359,0.9571650735490359,0.9571650735490359,0.09421557189113655,46.45618130750235,-6.815877148797677,"{""1"": 10, ""2"": 1}"
s1-i5,1,b9c97e8f52a41e6a,"[[0, 4, 6, 8, 10, 11], [1, 2, 3, 5, 7, 9]]",random_balanced,0.6368608756093431,0.6368608756093431,0.6368608756093431,0.18905801483053197,0.28362797048265953,-0.5325673389184316,"{""1"": 7, ""2"": 4}"
s1-i5,1,921fdb9f38896bd2,"[[3, 4, 5, 8, 9, 11], [0, 1, 2, 6, 7, 10]]",confidence,0.444485476832402,0.444485476832402,0.444485476832402,0.13840709153585112,0.09661970404503446,0.31083710210500043,"{""2"": 6, ""1"": 5}"
s1-i5,1,6356b1d09f6e819b,"[[2, 4, 5, 6, 8, 9], [0, 1, 3, 7, 10, 11]]",entropy,0.4024121261460963,0.4024121261460963,0.4024121261460963,0.12732951055662606,1.2934715108048922,-1.1373088897941896,"{""2"": 6, ""1"": 5}"
s1-i5,1,d8bb7525846bcf6d,"[[1, 6, 7, 8, 10, 11], [0, 2, 3, 4, 5, 9]]",dependency_cmi,0.7045569829065033,0.7045569829065033,0.7045569829065033,0.2068818652805197,0.8861058064616332,0.9413319321374545,"{""1"": 8, ""2"": 3}"
s1-i5,1,b4e14d5f34c417a0,"[[6, 7, 8, 9, 10, 11], [0, 1, 2, 3, 4, 5]]",min_within_batch_tc,0.4888227976831782,0.4888227976831782,0.4888227976831782,0.1500807579806351,3.259780018452823,-1.8054860892437867,"{""2"": 5, ""1"": 6}"
s1-i5,1,65cd73210213c5d5,"[[0, 1, 2, 3, 4, 5], [6, 7, 8, 9, 10, 11]]",dprm_myopic,0.4888227976831782,0.4888227976831782,0.4888227976831782,0.1500807579806351,0.9538193963020106,-0.9766367780818059,"{""2"": 5, ""1"": 6}"
s1-i5,1,65cd73210213c5d5,"[[0, 1, 2, 3, 4, 5], [6, 7, 8, 9, 10, 11]]",dprm_rollout,0.4888227976831782,0.4888227976831782,0.4888227976831782,0.1500807579806351,0.9538193963020106,-0.9766367780818059,"{""2"": 5, ""1"": 6}"
s1-i5,1,4fec6b651b7ccea9,"[[0, 3, 4, 5, 6, 10], [1, 2, 7, 8, 9, 11]]",subset_exact,0.9571650735490359,0.9571650735490359,0.9571650735490359,0.27339158068122066,1.0601947095348285,-1.029657569065963,"{""1"": 10, ""2"": 1}"
s1-i5,1,4fec6b651b7ccea9,"[[0, 3, 4, 5, 6, 10], [1, 2, 7, 8, 9, 11]]",subset_beam_8,0.9571650735490359,0.9571650735490359,0.9571650735490359,0.27339158068122066,1.0601947095348285,-1.029657569065963,"{""1"": 10, ""2"": 1}"
s1-i5,1,4fec6b651b7ccea9,"[[0, 3, 4, 5, 6, 10], [1, 2, 7, 8, 9, 11]]",subset_beam_32,0.9571650735490359,0.9571650735490359,0.9571650735490359,0.27339158068122066,1.0601947095348285,-1.029657569065963,"{""1"": 10, ""2"": 1}"
s1-i5,1,4fec6b651b7ccea9,"[[0, 3, 4, 5, 6, 10], [1, 2, 7, 8, 9, 11]]",saps_diagonal,0.9571650735490359,0.9571650735490359,0.9571650735490359,0.27339158068122066,1.0601947095348285,-1.029657569065963,"{""1"": 10, ""2"": 1}"
s1-i5,1,4fec6b651b7ccea9,"[[0, 3, 4, 5, 6, 10], [1, 2, 7, 8, 9, 11]]",p_saps_residualized,0.9571650735490359,0.9571650735490359,0.9571650735490359,0.27339158068122066,1.0601947095348285,-1.029657569065963,"{""1"": 10, ""2"": 1}"
s1-i5,1,4fec6b651b7ccea9,"[[0, 3, 4, 5, 6, 10], [1, 2, 7, 8, 9, 11]]",p_saps_projection,0.9571650735490359,0.9571650735490359,0.9571650735490359,0.27339158068122066,1.0601947095348285,-1.029657569065963,"{""1"": 10, ""2"": 1}"
s1-i5,1,4fec6b651b7ccea9,"[[0, 3, 4, 5, 6, 10], [1, 2, 7, 8, 9, 11]]",b_saps_budgeted,0.9571650735490359,0.9571650735490359,0.9571650735490359,0.27339158068122066,1.0601947095348285,-1.029657569065963,"{""1"": 10, ""2"": 1}"
s1-i5,1,ef82c7a5966670fb,"[[0, 4, 8, 11], [3, 6, 9, 10], [1, 2, 5, 7]]",random_balanced,0.9186312794681071,0.9186312794681071,0.9186312794681071,0.018319411111805548,0.0,0.0,"{""1"": 10, ""2"": 1}"
s1-i5,1,eb00ce918ec23521,"[[4, 5, 8, 9], [1, 2, 3, 11], [0, 6, 7, 10]]",confidence,0.7610391500025281,0.7610391500025281,0.7610391500025281,0.015193795447617066,2.1936120871362115,-1.4810847670326677,"{""1"": 9, ""2"": 2}"
s1-i5,1,31a69675df845df8,"[[4, 5, 8, 9], [2, 3, 6, 11], [0, 1, 7, 10]]",entropy,0.7227163240857891,0.7227163240857891,0.7227163240857891,0.014433716721683674,3.0492135525713997,1.7461997458971867,"{""2"": 3, ""1"": 8}"
s1-i5,1,9b60e75c15e2418a,"[[1, 6, 8, 11], [2, 4, 5, 7], [0, 3, 9, 10]]",dependency_cmi,0.9186312794681071,0.9186312794681071,0.9186312794681071,0.018319411111805548,12.3952179118573,3.520684295965388,"{""1"": 10, ""2"": 1}"
s1-i5,1,2c0cccc3d58d57d5,"[[6, 8, 10, 11], [0, 5, 7, 9], [1, 2, 3, 4]]",min_within_batch_tc,0.7916427787844537,0.7916427787844537,0.7916427787844537,0.015800774881337385,0.06571825144233284,0.2563557127163989,"{""1"": 9, ""2"": 2}"
s1-i5,1,308e8057e39b20e8,"[[1, 2, 3, 4], [0, 5, 6, 7], [8, 9, 10, 11]]",dprm_myopic,0.7916427787844537,0.7916427787844537,0.7916427787844537,0.015800774881337385,0.06571825144233308,-0.25635571271639934,"{""1"": 9, ""2"": 2}"
s1-i5,1,308e8057e39b20e8,"[[1, 2, 3, 4], [0, 5, 6, 7], [8, 9, 10, 11]]",dprm_rollout,0.7916427787844537,0.7916427787844537,0.7916427787844537,0.015800774881337385,0.06571825144233308,-0.25635571271639934,"{""1"": 9, ""2"": 2}"
s1-i5,1,47f3f1a77b71d092,"[[0, 4, 5, 8], [3, 6, 9, 10], [1, 2, 7, 11]]",subset_exact,0.9999999999999999,0.9999999999999999,0.9999999999999999,0.019933243911272915,0.06571825144233301,-0.25635571271639923,"{""1"": 11}"
s1-i5,1,47f3f1a77b71d092,"[[0, 4, 5, 8], [3, 6, 9, 10], [1, 2, 7, 11]]",subset_beam_8,0.9999999999999999,0.9999999999999999,0.9999999999999999,0.019933243911272915,0.06571825144233301,-0.25635571271639923,"{""1"": 11}"
s1-i5,1,47f3f1a77b71d092,"[[0, 4, 5, 8], [3, 6, 9, 10], [1, 2, 7, 11]]",subset_beam_32,0.9999999999999999,0.9999999999999999,0.9999999999999999,0.019933243911272915,0.06571825144233301,-0.25635571271639923,"{""1"": 11}"
s1-i5,1,47f3f1a77b71d092,"[[0, 4, 5, 8], [3, 6, 9, 10], [1, 2, 7, 11]]",saps_diagonal,0.9999999999999999,0.9999999999999999,0.9999999999999999,0.019933243911272915,0.06571825144233301,-0.25635571271639923,"{""1"": 11}"
s1-i5,1,47f3f1a77b71d092,"[[0, 4, 5, 8], [3, 6, 9, 10], [1, 2, 7, 11]]",p_saps_residualized,0.9999999999999999,0.9999999999999999,0.9999999999999999,0.019933243911272915,0.06571825144233301,-0.25635571271639923,"{""1"": 11}"
s1-i5,1,47f3f1a77b71d092,"[[0, 4, 5, 8], [3, 6, 9, 10], [1, 2, 7, 11]]",p_saps_projection,0.9999999999999999,0.9999999999999999,0.9999999999999999,0.019933243911272915,0.06571825144233301,-0.25635571271639923,"{""1"": 11}"
s1-i5,1,47f3f1a77b71d092,"[[0, 4, 5, 8], [3, 6, 9, 10], [1, 2, 7, 11]]",b_saps_budgeted,0.9999999999999999,0.9999999999999999,0.9999999999999999,0.019933243911272915,0.06571825144233301,-0.25635571271639923,"{""1"": 11}"
s1-i5,1,ef82c7a5966670fb,"[[0, 4, 8, 11], [3, 6, 9, 10], [1, 2, 5, 7]]",random_balanced,0.9186312794681071,0.9186312794681071,0.9186312794681071,0.09052158708998445,4.498493748952969,2.1209652870693025,"{""1"": 10, ""2"": 1}"
s1-i5,1,eb00ce918ec23521,"[[4, 5, 8, 9], [1, 2, 3, 11], [0, 6, 7, 10]]",confidence,0.7610391500025281,0.7610391500025281,0.7610391500025281,0.07541425221908063,0.10576881911437949,0.32522118491017693,"{""1"": 9, ""2"": 2}"
s1-i5,1,31a69675df845df8,"[[4, 5, 8, 9], [2, 3, 6, 11], [0, 1, 7, 10]]",entropy,0.7227163240857891,0.7227163240857891,0.7227163240857891,0.071740491566903,1.2437009764188034,-1.1152134219147487,"{""2"": 3, ""1"": 8}"
s1-i5,1,9b60e75c15e2418a,"[[1, 6, 8, 11], [2, 4, 5, 7], [0, 3, 9, 10]]",dependency_cmi,0.9186312794681071,0.9186312794681071,0.9186312794681071,0.09052158708998445,0.2622260833059447,0.5120801532045005,"{""1"": 10, ""2"": 1}"
s1-i5,1,2c0cccc3d58d57d5,"[[6, 8, 10, 11], [0, 5, 7, 9], [1, 2, 3, 4]]",min_within_batch_tc,0.7916427787844537,0.7916427787844537,0.7916427787844537,0.07834802353013055,0.0,0.0,"{""1"": 9, ""2"": 2}"
s1-i5,1,308e8057e39b20e8,"[[1, 2, 3, 4], [0, 5, 6, 7], [8, 9, 10, 11]]",dprm_myopic,0.7916427787844537,0.7916427787844537,0.7916427787844537,0.07834802353013055,0.5907197817724511,0.7685829699989788,"{""1"": 9, ""2"": 2}"
s1-i5,1,308e8057e39b20e8,"[[1, 2, 3, 4], [0, 5, 6, 7], [8, 9, 10, 11]]",dprm_rollout,0.7916427787844537,0.7916427787844537,0.7916427787844537,0.07834802353013055,0.5907197817724511,0.7685829699989788,"{""1"": 9, ""2"": 2}"
s1-i5,1,47f3f1a77b71d092,"[[0, 4, 5, 8], [3, 6, 9, 10], [1, 2, 7, 11]]",subset_exact,0.9999999999999999,0.9999999999999999,0.9999999999999999,0.09832187834349394,46.45618130750235,-6.815877148797677,"{""1"": 11}"
s1-i5,1,47f3f1a77b71d092,"[[0, 4, 5, 8], [3, 6, 9, 10], [1, 2, 7, 11]]",subset_beam_8,0.9999999999999999,0.9999999999999999,0.9999999999999999,0.09832187834349394,46.45618130750235,-6.815877148797677,"{""1"": 11}"
s1-i5,1,47f3f1a77b71d092,"[[0, 4, 5, 8], [3, 6, 9, 10], [1, 2, 7, 11]]",subset_beam_32,0.9999999999999999,0.9999999999999999,0.9999999999999999,0.09832187834349394,46.45618130750235,-6.815877148797677,"{""1"": 11}"
s1-i5,1,47f3f1a77b71d092,"[[0, 4, 5, 8], [3, 6, 9, 10], [1, 2, 7, 11]]",saps_diagonal,0.9999999999999999,0.9999999999999999,0.9999999999999999,0.09832187834349394,46.45618130750235,-6.815877148797677,"{""1"": 11}"
s1-i5,1,47f3f1a77b71d092,"[[0, 4, 5, 8], [3, 6, 9, 10], [1, 2, 7, 11]]",p_saps_residualized,0.9999999999999999,0.9999999999999999,0.9999999999999999,0.09832187834349394,46.45618130750235,-6.815877148797677,"{""1"": 11}"
s1-i5,1,47f3f1a77b71d092,"[[0, 4, 5, 8], [3, 6, 9, 10], [1, 2, 7, 11]]",p_saps_projection,0.9999999999999999,0.9999999999999999,0.9999999999999999,0.09832187834349394,46.45618130750235,-6.815877148797677,"{""1"": 11}"
s1-i5,1,47f3f1a77b71d092,"[[0, 4, 5, 8], [3, 6, 9, 10], [1, 2, 7, 11]]",b_saps_budgeted,0.9999999999999999,0.9999999999999999,0.9999999999999999,0.09832187834349394,46.45618130750235,-6.815877148797677,"{""1"": 11}"
s1-i5,1,ef82c7a5966670fb,"[[0, 4, 8, 11], [3, 6, 9, 10], [1, 2, 5, 7]]",random_balanced,0.9186312794681071,0.9186312794681071,0.9186312794681071,0.2632459370040412,36.22869720029582,6.019027928187061,"{""1"": 10, ""2"": 1}"
s1-i5,1,eb00ce918ec23521,"[[4, 5, 8, 9], [1, 2, 3, 11], [0, 6, 7, 10]]",confidence,0.7610391500025281,0.7610391500025281,0.7610391500025281,0.2217531738328948,4.607234560022941,-2.1464469618471687,"{""1"": 9, ""2"": 2}"
s1-i5,1,31a69675df845df8,"[[4, 5, 8, 9], [2, 3, 6, 11], [0, 1, 7, 10]]",entropy,0.7227163240857891,0.7227163240857891,0.7227163240857891,0.21166307640731474,1.257020688055167,-1.121169339598246,"{""2"": 3, ""1"": 8}"
s1-i5,1,9b60e75c15e2418a,"[[1, 6, 8, 11], [2, 4, 5, 7], [0, 3, 9, 10]]",dependency_cmi,0.9186312794681071,0.9186312794681071,0.9186312794681071,0.2632459370040412,0.12835180810206917,0.3582622057963541,"{""1"": 10, ""2"": 1}"
s1-i5,1,2c0cccc3d58d57d5,"[[6, 8, 10, 11], [0, 5, 7, 9], [1, 2, 3, 4]]",min_within_batch_tc,0.7916427787844537,0.7916427787844537,0.7916427787844537,0.2298108676119707,1.5447262456167927,1.242870164424584,"{""1"": 9, ""2"": 2}"
s1-i5,1,308e8057e39b20e8,"[[1, 2, 3, 4], [0, 5, 6, 7], [8, 9, 10, 11]]",dprm_myopic,0.7916427787844537,0.7916427787844537,0.7916427787844537,0.2298108676119707,4.563684530885455,2.1362781960422326,"{""1"": 9, ""2"": 2}"
s1-i5,1,308e8057e39b20e8,"[[1, 2, 3, 4], [0, 5, 6, 7], [8, 9, 10, 11]]",dprm_rollout,0.7916427787844537,0.7916427787844537,0.7916427787844537,0.2298108676119707,4.563684530885455,2.1362781960422326,"{""1"": 9, ""2"": 2}"
s1-i5,1,47f3f1a77b71d092,"[[0, 4, 5, 8], [3, 6, 9, 10], [1, 2, 7, 11]]",subset_exact,0.9999999999999999,0.9999999999999999,0.9999999999999999,0.284669678545058,0.24596981371813167,-0.4959534390627125,"{""1"": 11}"
s1-i5,1,47f3f1a77b71d092,"[[0, 4, 5, 8], [3, 6, 9, 10], [1, 2, 7, 11]]",subset_beam_8,0.9999999999999999,0.9999999999999999,0.9999999999999999,0.284669678545058,0.24596981371813167,-0.4959534390627125,"{""1"": 11}"
s1-i5,1,47f3f1a77b71d092,"[[0, 4, 5, 8], [3, 6, 9, 10], [1, 2, 7, 11]]",subset_beam_32,0.9999999999999999,0.9999999999999999,0.9999999999999999,0.284669678545058,0.24596981371813167,-0.4959534390627125,"{""1"": 11}"
s1-i5,1,47f3f1a77b71d092,"[[0, 4, 5, 8], [3, 6, 9, 10], [1, 2, 7, 11]]",saps_diagonal,0.9999999999999999,0.9999999999999999,0.9999999999999999,0.284669678545058,0.24596981371813167,-0.4959534390627125,"{""1"": 11}"
s1-i5,1,47f3f1a77b71d092,"[[0, 4, 5, 8], [3, 6, 9, 10], [1, 2, 7, 11]]",p_saps_residualized,0.9999999999999999,0.9999999999999999,0.9999999999999999,0.284669678545058,0.24596981371813167,-0.4959534390627125,"{""1"": 11}"
s1-i5,1,47f3f1a77b71d092,"[[0, 4, 5, 8], [3, 6, 9, 10], [1, 2, 7, 11]]",p_saps_projection,0.9999999999999999,0.9999999999999999,0.9999999999999999,0.284669678545058,0.24596981371813167,-0.4959534390627125,"{""1"": 11}"
s1-i5,1,47f3f1a77b71d092,"[[0, 4, 5, 8], [3, 6, 9, 10], [1, 2, 7, 11]]",b_saps_budgeted,0.9999999999999999,0.9999999999999999,0.9999999999999999,0.284669678545058,0.24596981371813167,-0.4959534390627125,"{""1"": 11}"
s1-i5,1,d014a538104c992b,"[[0, 4, 11], [6, 8, 10], [3, 7, 9], [1, 2, 5]]",random_balanced,0.806706670834108,0.806706670834108,0.806706670834108,0.016099545747076133,0.019997293978119064,0.14141178868156312,"{""1"": 9, ""2"": 2}"
s1-i5,1,77d0644c5c91609e,"[[5, 8, 9], [3, 4, 11], [1, 2, 10], [0, 6, 7]]",confidence,0.9999999999999999,0.9999999999999999,0.9999999999999999,0.019933243911272915,3.049213552571399,1.7461997458971865,"{""1"": 11}"
s1-i5,1,6653e266c402bb00,"[[4, 5, 8], [2, 6, 9], [0, 3, 11], [1, 7, 10]]",entropy,0.9539932505409097,0.9539932505409097,0.9539932505409097,0.01902076549464529,0.0,0.0,"{""1"": 10, ""2"": 1}"
s1-i5,1,beb5d7e22f5630c0,"[[1, 6, 11], [4, 5, 8], [2, 3, 10], [0, 7, 9]]",dependency_cmi,0.9999999999999999,0.9999999999999999,0.9999999999999999,0.019933243911272915,0.0,0.0,"{""1"": 11}"
s1-i5,1,1f213b522a3b5867,"[[8, 10, 11], [5, 7, 9], [0, 4, 6], [1, 2, 3]]",min_within_batch_tc,0.8729891312261989,0.8729891312261989,0.8729891312261989,0.017414164041562232,70.51407546232487,8.39726595162526,"{""1"": 10, ""2"": 1}"
s1-i5,1,c24e4c616a375428,"[[1, 2, 3], [0, 4, 5], [6, 7, 8], [9, 10, 11]]",dprm_myopic,0.8729891312261989,0.8729891312261989,0.8729891312261989,0.017414164041562232,0.06571825144233308,-0.25635571271639934,"{""1"": 10, ""2"": 1}"
s1-i5,1,c24e4c616a375428,"[[1, 2, 3], [0, 4, 5], [6, 7, 8], [9, 10, 11]]",dprm_rollout,0.8729891312261989,0.8729891312261989,0.8729891312261989,0.017414164041562232,0.06571825144233308,-0.25635571271639934,"{""1"": 10, ""2"": 1}"
s1-i5,1,82ab7453d8602f1c,"[[0, 4, 11], [6, 8, 10], [2, 3, 9], [1, 5, 7]]",subset_exact,0.9999999999999999,0.9999999999999999,0.9999999999999999,0.019933243911272915,2.19361208713621,-1.4810847670326672,"{""1"": 11}"
s1-i5,1,82ab7453d8602f1c,"[[0, 4, 11], [6, 8, 10], [2, 3, 9], [1, 5, 7]]",subset_beam_8,0.9999999999999999,0.9999999999999999,0.9999999999999999,0.019933243911272915,2.19361208713621,-1.4810847670326672,"{""1"": 11}"
s1-i5,1,82ab7453d8602f1c,"[[0, 4, 11], [6, 8, 10], [2, 3, 9], [1, 5, 7]]",subset_beam_32,0.9999999999999999,0.9999999999999999,0.9999999999999999,0.019933243911272915,2.19361208713621,-1.4810847670326672,"{""1"": 11}"
s1-i5,1,82ab7453d8602f1c,"[[0, 4, 11], [6, 8, 10], [2, 3, 9], [1, 5, 7]]",saps_diagonal,0.9999999999999999,0.9999999999999999,0.9999999999999999,0.019933243911272915,2.19361208713621,-1.4810847670326672,"{""1"": 11}"
s1-i5,1,82ab7453d8602f1c,"[[0, 4, 11], [6, 8, 10], [2, 3, 9], [1, 5, 7]]",p_saps_residualized,0.9999999999999999,0.9999999999999999,0.9999999999999999,0.019933243911272915,2.19361208713621,-1.4810847670326672,"{""1"": 11}"
s1-i5,1,82ab7453d8602f1c,"[[0, 4, 11], [6, 8, 10], [2, 3, 9], [1, 5, 7]]",p_saps_projection,0.9999999999999999,0.9999999999999999,0.9999999999999999,0.019933243911272915,2.19361208713621,-1.4810847670326672,"{""1"": 11}"
s1-i5,1,82ab7453d8602f1c,"[[0, 4, 11], [6, 8, 10], [2, 3, 9], [1, 5, 7]]",b_saps_budgeted,0.9999999999999999,0.9999999999999999,0.9999999999999999,0.019933243911272915,2.19361208713621,-1.4810847670326672,"{""1"": 11}"
s1-i5,1,d014a538104c992b,"[[0, 4, 11], [6, 8, 10], [3, 7, 9], [1, 2, 5]]",random_balanced,0.806706670834108,0.806706670834108,0.806706670834108,0.07979210111462046,0.0,0.0,"{""1"": 9, ""2"": 2}"
s1-i5,1,77d0644c5c91609e,"[[5, 8, 9], [3, 4, 11], [1, 2, 10], [0, 6, 7]]",confidence,0.9999999999999999,0.9999999999999999,0.9999999999999999,0.09832187834349394,0.02850199482573782,-0.16882533822189671,"{""1"": 11}"
s1-i5,1,6653e266c402bb00,"[[4, 5, 8], [2, 6, 9], [0, 3, 11], [1, 7, 10]]",entropy,0.9539932505409097,0.9539932505409097,0.9539932505409097,0.0939115098006153,0.2009823426519277,-0.4483105426508813,"{""1"": 10, ""2"": 1}"
s1-i5,1,beb5d7e22f5630c0,"[[1, 6, 11], [4, 5, 8], [2, 3, 10], [0, 7, 9]]",dependency_cmi,0.9999999999999999,0.9999999999999999,0.9999999999999999,0.09832187834349394,0.0,0.0,"{""1"": 11}"
s1-i5,1,1f213b522a3b5867,"[[8, 10, 11], [5, 7, 9], [0, 4, 6], [1, 2, 3]]",min_within_batch_tc,0.8729891312261989,0.8729891312261989,0.8729891312261989,0.08614617049997925,6.0165866679194515,2.4528731455008943,"{""1"": 10, ""2"": 1}"
s1-i5,1,c24e4c616a375428,"[[1, 2, 3], [0, 4, 5], [6, 7, 8], [9, 10, 11]]",dprm_myopic,0.8729891312261989,0.8729891312261989,0.8729891312261989,0.08614617049997925,1.8381183491845368,-1.3557722335202682,"{""1"": 10, ""2"": 1}"
s1-i5,1,c24e4c616a375428,"[[1, 2, 3], [0, 4, 5], [6, 7, 8], [9, 10, 11]]",dprm_rollout,0.8729891312261989,0.8729891312261989,0.8729891312261989,0.08614617049997925,1.8381183491845368,-1.3557722335202682,"{""1"": 10, ""2"": 1}"
s1-i5,1,82ab7453d8602f1c,"[[0, 4, 11], [6, 8, 10], [2, 3, 9], [1, 5, 7]]",subset_exact,0.9999999999999999,0.9999999999999999,0.9999999999999999,0.09832187834349394,22.724488107403715,4.767020883885838,"{""1"": 11}"
s1-i5,1,82ab7453d8602f1c,"[[0, 4, 11], [6, 8, 10], [2, 3, 9], [1, 5, 7]]",subset_beam_8,0.9999999999999999,0.9999999999999999,0.9999999999999999,0.09832187834349394,22.724488107403715,4.767020883885838,"{""1"": 11}"
s1-i5,1,82ab7453d8602f1c,"[[0, 4, 11], [6, 8, 10], [2, 3, 9], [1, 5, 7]]",subset_beam_32,0.9999999999999999,0.9999999999999999,0.9999999999999999,0.09832187834349394,22.724488107403715,4.767020883885838,"{""1"": 11}"
s1-i5,1,82ab7453d8602f1c,"[[0, 4, 11], [6, 8, 10], [2, 3, 9], [1, 5, 7]]",saps_diagonal,0.9999999999999999,0.9999999999999999,0.9999999999999999,0.09832187834349394,22.724488107403715,4.767020883885838,"{""1"": 11}"
s1-i5,1,82ab7453d8602f1c,"[[0, 4, 11], [6, 8, 10], [2, 3, 9], [1, 5, 7]]",p_saps_residualized,0.9999999999999999,0.9999999999999999,0.9999999999999999,0.09832187834349394,22.724488107403715,4.767020883885838,"{""1"": 11}"
s1-i5,1,82ab7453d8602f1c,"[[0, 4, 11], [6, 8, 10], [2, 3, 9], [1, 5, 7]]",p_saps_projection,0.9999999999999999,0.9999999999999999,0.9999999999999999,0.09832187834349394,22.724488107403715,4.767020883885838,"{""1"": 11}"
s1-i5,1,82ab7453d8602f1c,"[[0, 4, 11], [6, 8, 10], [2, 3, 9], [1, 5, 7]]",b_saps_budgeted,0.9999999999999999,0.9999999999999999,0.9999999999999999,0.09832187834349394,22.724488107403715,4.767020883885838,"{""1"": 11}"
s1-i5,1,d014a538104c992b,"[[0, 4, 11], [6, 8, 10], [3, 7, 9], [1, 2, 5]]",random_balanced,0.806706670834108,0.806706670834108,0.806706670834108,0.2337770714279331,13.120217741498674,3.622184112037746,"{""1"": 9, ""2"": 2}"
s1-i5,1,77d0644c5c91609e,"[[5, 8, 9], [3, 4, 11], [1, 2, 10], [0, 6, 7]]",confidence,0.9999999999999999,0.9999999999999999,0.9999999999999999,0.284669678545058,3.566133899152501,1.8884210068606262,"{""1"": 11}"
s1-i5,1,6653e266c402bb00,"[[4, 5, 8], [2, 6, 9], [0, 3, 11], [1, 7, 10]]",entropy,0.9539932505409097,0.9539932505409097,0.9539932505409097,0.27255646473131073,14.32443543984727,3.784763591011633,"{""1"": 10, ""2"": 1}"
s1-i5,1,beb5d7e22f5630c0,"[[1, 6, 11], [4, 5, 8], [2, 3, 10], [0, 7, 9]]",dependency_cmi,0.9999999999999999,0.9999999999999999,0.9999999999999999,0.284669678545058,2.3230920925894645,1.524169312310632,"{""1"": 11}"
s1-i5,1,1f213b522a3b5867,"[[8, 10, 11], [5, 7, 9], [0, 4, 6], [1, 2, 3]]",min_within_batch_tc,0.8729891312261989,0.8729891312261989,0.8729891312261989,0.25122871981149414,0.10140452528031232,-0.3184407720131207,"{""1"": 10, ""2"": 1}"
s1-i5,1,c24e4c616a375428,"[[1, 2, 3], [0, 4, 5], [6, 7, 8], [9, 10, 11]]",dprm_myopic,0.8729891312261989,0.8729891312261989,0.8729891312261989,0.25122871981149414,0.5883549411680269,-0.7670429852153182,"{""1"": 10, ""2"": 1}"
s1-i5,1,c24e4c616a375428,"[[1, 2, 3], [0, 4, 5], [6, 7, 8], [9, 10, 11]]",dprm_rollout,0.8729891312261989,0.8729891312261989,0.8729891312261989,0.25122871981149414,0.5883549411680269,-0.7670429852153182,"{""1"": 10, ""2"": 1}"
s1-i5,1,82ab7453d8602f1c,"[[0, 4, 11], [6, 8, 10], [2, 3, 9], [1, 5, 7]]",subset_exact,0.9999999999999999,0.9999999999999999,0.9999999999999999,0.284669678545058,5.832399567519359,2.4150361420731077,"{""1"": 11}"
s1-i5,1,82ab7453d8602f1c,"[[0, 4, 11], [6, 8, 10], [2, 3, 9], [1, 5, 7]]",subset_beam_8,0.9999999999999999,0.9999999999999999,0.9999999999999999,0.284669678545058,5.832399567519359,2.4150361420731077,"{""1"": 11}"
s1-i5,1,82ab7453d8602f1c,"[[0, 4, 11], [6, 8, 10], [2, 3, 9], [1, 5, 7]]",subset_beam_32,0.9999999999999999,0.9999999999999999,0.9999999999999999,0.284669678545058,5.832399567519359,2.4150361420731077,"{""1"": 11}"
s1-i5,1,82ab7453d8602f1c,"[[0, 4, 11], [6, 8, 10], [2, 3, 9], [1, 5, 7]]",saps_diagonal,0.9999999999999999,0.9999999999999999,0.9999999999999999,0.284669678545058,5.832399567519359,2.4150361420731077,"{""1"": 11}"
s1-i5,1,82ab7453d8602f1c,"[[0, 4, 11], [6, 8, 10], [2, 3, 9], [1, 5, 7]]",p_saps_residualized,0.9999999999999999,0.9999999999999999,0.9999999999999999,0.284669678545058,5.832399567519359,2.4150361420731077,"{""1"": 11}"
s1-i5,1,82ab7453d8602f1c,"[[0, 4, 11], [6, 8, 10], [2, 3, 9], [1, 5, 7]]",p_saps_projection,0.9999999999999999,0.9999999999999999,0.9999999999999999,0.284669678545058,5.832399567519359,2.4150361420731077,"{""1"": 11}"
s1-i5,1,82ab7453d8602f1c,"[[0, 4, 11], [6, 8, 10], [2, 3, 9], [1, 5, 7]]",b_saps_budgeted,0.9999999999999999,0.9999999999999999,0.9999999999999999,0.284669678545058,5.832399567519359,2.4150361420731077,"{""1"": 11}"
s1-i6,1,2516301160cf1942,"[[0, 1, 2, 3, 4, 5, 6, 7, 8, 9, 10, 11]]",random_balanced,0.0,0.0,0.0,2.953093001089847e-07,0.0,0.0,"{""3"": 1}"
s1-i6,1,2516301160cf1942,"[[0, 1, 2, 3, 4, 5, 6, 7, 8, 9, 10, 11]]",confidence,0.0,0.0,0.0,2.953093001089847e-07,0.0,0.0,"{""3"": 1}"
s1-i6,1,2516301160cf1942,"[[0, 1, 2, 3, 4, 5, 6, 7, 8, 9, 10, 11]]",entropy,0.0,0.0,0.0,2.953093001089847e-07,0.0,0.0,"{""3"": 1}"
s1-i6,1,2516301160cf1942,"[[0, 1, 2, 3, 4, 5, 6, 7, 8, 9, 10, 11]]",dependency_cmi,0.0,0.0,0.0,2.953093001089847e-07,0.0,0.0,"{""3"": 1}"
s1-i6,1,2516301160cf1942,"[[0, 1, 2, 3, 4, 5, 6, 7, 8, 9, 10, 11]]",min_within_batch_tc,0.0,0.0,0.0,2.953093001089847e-07,0.0,0.0,"{""3"": 1}"
s1-i6,1,2516301160cf1942,"[[0, 1, 2, 3, 4, 5, 6, 7, 8, 9, 10, 11]]",dprm_myopic,0.0,0.0,0.0,2.953093001089847e-07,0.0,0.0,"{""3"": 1}"
s1-i6,1,2516301160cf1942,"[[0, 1, 2, 3, 4, 5, 6, 7, 8, 9, 10, 11]]",dprm_rollout,0.0,0.0,0.0,2.953093001089847e-07,0.0,0.0,"{""3"": 1}"
s1-i6,1,2516301160cf1942,"[[0, 1, 2, 3, 4, 5, 6, 7, 8, 9, 10, 11]]",subset_exact,0.0,0.0,0.0,2.953093001089847e-07,0.0,0.0,"{""3"": 1}"
s1-i6,1,2516301160cf1942,"[[0, 1, 2, 3, 4, 5, 6, 7, 8, 9, 10, 11]]",subset_beam_8,0.0,0.0,0.0,2.953093001089847e-07,0.0,0.0,"{""3"": 1}"
s1-i6,1,2516301160cf1942,"[[0, 1, 2, 3, 4, 5, 6, 7, 8, 9, 10, 11]]",subset_beam_32,0.0,0.0,0.0,2.953093001089847e-07,0.0,0.0,"{""3"": 1}"
s1-i6,1,2516301160cf1942,"[[0, 1, 2, 3, 4, 5, 6, 7, 8, 9, 10, 11]]",saps_diagonal,0.0,0.0,0.0,2.953093001089847e-07,0.0,0.0,"{""3"": 1}"
s1-i6,1,2516301160cf1942,"[[0, 1, 2, 3, 4, 5, 6, 7, 8, 9, 10, 11]]",p_saps_residualized,0.0,0.0,0.0,2.953093001089847e-07,0.0,0.0,"{""3"": 1}"
s1-i6,1,2516301160cf1942,"[[0, 1, 2, 3, 4, 5, 6, 7, 8, 9, 10, 11]]",p_saps_projection,0.0,0.0,0.0,2.953093001089847e-07,0.0,0.0,"{""3"": 1}"
s1-i6,1,2516301160cf1942,"[[0, 1, 2, 3, 4, 5, 6, 7, 8, 9, 10, 11]]",b_saps_budgeted,0.0,0.0,0.0,2.953093001089847e-07,0.0,0.0,"{""3"": 1}"
s1-i6,1,2516301160cf1942,"[[0, 1, 2, 3, 4, 5, 6, 7, 8, 9, 10, 11]]",random_balanced,0.0,0.0,0.0,3.642180593392726e-05,0.0,0.0,"{""3"": 1}"
s1-i6,1,2516301160cf1942,"[[0, 1, 2, 3, 4, 5, 6, 7, 8, 9, 10, 11]]",confidence,0.0,0.0,0.0,3.642180593392726e-05,0.0,0.0,"{""3"": 1}"
s1-i6,1,2516301160cf1942,"[[0, 1, 2, 3, 4, 5, 6, 7, 8, 9, 10, 11]]",entropy,0.0,0.0,0.0,3.642180593392726e-05,0.0,0.0,"{""3"": 1}"
s1-i6,1,2516301160cf1942,"[[0, 1, 2, 3, 4, 5, 6, 7, 8, 9, 10, 11]]",dependency_cmi,0.0,0.0,0.0,3.642180593392726e-05,0.0,0.0,"{""3"": 1}"
s1-i6,1,2516301160cf1942,"[[0, 1, 2, 3, 4, 5, 6, 7, 8, 9, 10, 11]]",min_within_batch_tc,0.0,0.0,0.0,3.642180593392726e-05,0.0,0.0,"{""3"": 1}"
s1-i6,1,2516301160cf1942,"[[0, 1, 2, 3, 4, 5, 6, 7, 8, 9, 10, 11]]",dprm_myopic,0.0,0.0,0.0,3.642180593392726e-05,0.0,0.0,"{""3"": 1}"
s1-i6,1,2516301160cf1942,"[[0, 1, 2, 3, 4, 5, 6, 7, 8, 9, 10, 11]]",dprm_rollout,0.0,0.0,0.0,3.642180593392726e-05,0.0,0.0,"{""3"": 1}"
s1-i6,1,2516301160cf1942,"[[0, 1, 2, 3, 4, 5, 6, 7, 8, 9, 10, 11]]",subset_exact,0.0,0.0,0.0,3.642180593392726e-05,0.0,0.0,"{""3"": 1}"
s1-i6,1,2516301160cf1942,"[[0, 1, 2, 3, 4, 5, 6, 7, 8, 9, 10, 11]]",subset_beam_8,0.0,0.0,0.0,3.642180593392726e-05,0.0,0.0,"{""3"": 1}"
s1-i6,1,2516301160cf1942,"[[0, 1, 2, 3, 4, 5, 6, 7, 8, 9, 10, 11]]",subset_beam_32,0.0,0.0,0.0,3.642180593392726e-05,0.0,0.0,"{""3"": 1}"
s1-i6,1,2516301160cf1942,"[[0, 1, 2, 3, 4, 5, 6, 7, 8, 9, 10, 11]]",saps_diagonal,0.0,0.0,0.0,3.642180593392726e-05,0.0,0.0,"{""3"": 1}"
s1-i6,1,2516301160cf1942,"[[0, 1, 2, 3, 4, 5, 6, 7, 8, 9, 10, 11]]",p_saps_residualized,0.0,0.0,0.0,3.642180593392726e-05,0.0,0.0,"{""3"": 1}"
s1-i6,1,2516301160cf1942,"[[0, 1, 2, 3, 4, 5, 6, 7, 8, 9, 10, 11]]",p_saps_projection,0.0,0.0,0.0,3.642180593392726e-05,0.0,0.0,"{""3"": 1}"
s1-i6,1,2516301160cf1942,"[[0, 1, 2, 3, 4, 5, 6, 7, 8, 9, 10, 11]]",b_saps_budgeted,0.0,0.0,0.0,3.642180593392726e-05,0.0,0.0,"{""3"": 1}"
s1-i6,1,2516301160cf1942,"[[0, 1, 2, 3, 4, 5, 6, 7, 8, 9, 10, 11]]",random_balanced,0.0,0.0,0.0,0.000950496452247564,0.0,0.0,"{""3"": 1}"
s1-i6,1,2516301160cf1942,"[[0, 1, 2, 3, 4, 5, 6, 7, 8, 9, 10, 11]]",confidence,0.0,0.0,0.0,0.000950496452247564,0.0,0.0,"{""3"": 1}"
s1-i6,1,2516301160cf1942,"[[0, 1, 2, 3, 4, 5, 6, 7, 8, 9, 10, 11]]",entropy,0.0,0.0,0.0,0.000950496452247564,0.0,0.0,"{""3"": 1}"
s1-i6,1,2516301160cf1942,"[[0, 1, 2, 3, 4, 5, 6, 7, 8, 9, 10, 11]]",dependency_cmi,0.0,0.0,0.0,0.000950496452247564,0.0,0.0,"{""3"": 1}"
s1-i6,1,2516301160cf1942,"[[0, 1, 2, 3, 4, 5, 6, 7, 8, 9, 10, 11]]",min_within_batch_tc,0.0,0.0,0.0,0.000950496452247564,0.0,0.0,"{""3"": 1}"
s1-i6,1,2516301160cf1942,"[[0, 1, 2, 3, 4, 5, 6, 7, 8, 9, 10, 11]]",dprm_myopic,0.0,0.0,0.0,0.000950496452247564,0.0,0.0,"{""3"": 1}"
s1-i6,1,2516301160cf1942,"[[0, 1, 2, 3, 4, 5, 6, 7, 8, 9, 10, 11]]",dprm_rollout,0.0,0.0,0.0,0.000950496452247564,0.0,0.0,"{""3"": 1}"
s1-i6,1,2516301160cf1942,"[[0, 1, 2, 3, 4, 5, 6, 7, 8, 9, 10, 11]]",subset_exact,0.0,0.0,0.0,0.000950496452247564,0.0,0.0,"{""3"": 1}"
s1-i6,1,2516301160cf1942,"[[0, 1, 2, 3, 4, 5, 6, 7, 8, 9, 10, 11]]",subset_beam_8,0.0,0.0,0.0,0.000950496452247564,0.0,0.0,"{""3"": 1}"
s1-i6,1,2516301160cf1942,"[[0, 1, 2, 3, 4, 5, 6, 7, 8, 9, 10, 11]]",subset_beam_32,0.0,0.0,0.0,0.000950496452247564,0.0,0.0,"{""3"": 1}"
s1-i6,1,2516301160cf1942,"[[0, 1, 2, 3, 4, 5, 6, 7, 8, 9, 10, 11]]",saps_diagonal,0.0,0.0,0.0,0.000950496452247564,0.0,0.0,"{""3"": 1}"
s1-i6,1,2516301160cf1942,"[[0, 1, 2, 3, 4, 5, 6, 7, 8, 9, 10, 11]]",p_saps_residualized,0.0,0.0,0.0,0.000950496452247564,0.0,0.0,"{""3"": 1}"
s1-i6,1,2516301160cf1942,"[[0, 1, 2, 3, 4, 5, 6, 7, 8, 9, 10, 11]]",p_saps_projection,0.0,0.0,0.0,0.000950496452247564,0.0,0.0,"{""3"": 1}"
s1-i6,1,2516301160cf1942,"[[0, 1, 2, 3, 4, 5, 6, 7, 8, 9, 10, 11]]",b_saps_budgeted,0.0,0.0,0.0,0.000950496452247564,0.0,0.0,"{""3"": 1}"
s1-i6,1,23f76bfe65f3a667,"[[2, 4, 5, 7, 8, 9], [0, 1, 3, 6, 10, 11]]",random_balanced,1.0,1.0,1.0,0.019933243911272918,0.0,0.0,"{""1"": 1}"
s1-i6,1,a1764d2b9d783f13,"[[0, 2, 3, 4, 10, 11], [1, 5, 6, 7, 8, 9]]",confidence,1.0,1.0,1.0,0.019933243911272918,0.0,0.0,"{""1"": 1}"
s1-i6,1,e5ed1fbf9357cd25,"[[0, 2, 3, 5, 10, 11], [1, 4, 6, 7, 8, 9]]",entropy,1.0,1.0,1.0,0.019933243911272918,0.0,0.0,"{""1"": 1}"
s1-i6,1,6e23ff5fc843bc6c,"[[0, 1, 4, 7, 8, 11], [2, 3, 5, 6, 9, 10]]",dependency_cmi,0.0,0.0,0.0,9.966672193000835e-05,0.0,0.0,"{""2"": 1}"
s1-i6,1,b1cb91fe71d84e6a,"[[0, 4, 6, 7, 8, 9], [1, 2, 3, 5, 10, 11]]",min_within_batch_tc,0.0,0.0,0.0,9.966672193000835e-05,0.0,0.0,"{""2"": 1}"
s1-i6,1,5147acc704cec078,"[[0, 1, 2, 3, 8, 10], [4, 5, 6, 7, 9, 11]]",dprm_myopic,0.0,0.0,0.0,2.953093001089847e-07,0.0,0.0,"{""3"": 1}"
s1-i6,1,5147acc704cec078,"[[0, 1, 2, 3, 8, 10], [4, 5, 6, 7, 9, 11]]",dprm_rollout,0.0,0.0,0.0,2.953093001089847e-07,0.0,0.0,"{""3"": 1}"
s1-i6,1,23f76bfe65f3a667,"[[2, 4, 5, 7, 8, 9], [0, 1, 3, 6, 10, 11]]",subset_exact,1.0,1.0,1.0,0.019933243911272918,0.0,0.0,"{""1"": 1}"
s1-i6,1,23f76bfe65f3a667,"[[2, 4, 5, 7, 8, 9], [0, 1, 3, 6, 10, 11]]",subset_beam_8,1.0,1.0,1.0,0.019933243911272918,0.0,0.0,"{""1"": 1}"
s1-i6,1,23f76bfe65f3a667,"[[2, 4, 5, 7, 8, 9], [0, 1, 3, 6, 10, 11]]",subset_beam_32,1.0,1.0,1.0,0.019933243911272918,0.0,0.0,"{""1"": 1}"
s1-i6,1,23f76bfe65f3a667,"[[2, 4, 5, 7, 8, 9], [0, 1, 3, 6, 10, 11]]",saps_diagonal,1.0,1.0,1.0,0.019933243911272918,0.0,0.0,"{""1"": 1}"
s1-i6,1,23f76bfe65f3a667,"[[2, 4, 5, 7, 8, 9], [0, 1, 3, 6, 10, 11]]",p_saps_residualized,1.0,1.0,1.0,0.019933243911272918,0.0,0.0,"{""1"": 1}"
s1-i6,1,23f76bfe65f3a667,"[[2, 4, 5, 7, 8, 9], [0, 1, 3, 6, 10, 11]]",p_saps_projection,1.0,1.0,1.0,0.019933243911272918,0.0,0.0,"{""1"": 1}"
s1-i6,1,23f76bfe65f3a667,"[[2, 4, 5, 7, 8, 9], [0, 1, 3, 6, 10, 11]]",b_saps_budgeted,1.0,1.0,1.0,0.019933243911272918,0.0,0.0,"{""1"": 1}"
s1-i6,1,23f76bfe65f3a667,"[[2, 4, 5, 7, 8, 9], [0, 1, 3, 6, 10, 11]]",random_balanced,1.0,1.0,1.0,0.09832187834349396,0.0,0.0,"{""1"": 1}"
s1-i6,1,a1764d2b9d783f13,"[[0, 2, 3, 4, 10, 11], [1, 5, 6, 7, 8, 9]]",confidence,1.0,1.0,1.0,0.09832187834349396,0.0,0.0,"{""1"": 1}"
s1-i6,1,e5ed1fbf9357cd25,"[[0, 2, 3, 5, 10, 11], [1, 4, 6, 7, 8, 9]]",entropy,1.0,1.0,1.0,0.09832187834349396,0.0,0.0,"{""1"": 1}"
s1-i6,1,6e23ff5fc843bc6c,"[[0, 1, 4, 7, 8, 11], [2, 3, 5, 6, 9, 10]]",dependency_cmi,0.0,0.0,0.0,0.002458367125419222,0.0,0.0,"{""2"": 1}"
s1-i6,1,b1cb91fe71d84e6a,"[[0, 4, 6, 7, 8, 9], [1, 2, 3, 5, 10, 11]]",min_within_batch_tc,0.0,0.0,0.0,0.002458367125419222,0.0,0.0,"{""2"": 1}"
s1-i6,1,5147acc704cec078,"[[0, 1, 2, 3, 8, 10], [4, 5, 6, 7, 9, 11]]",dprm_myopic,0.0,0.0,0.0,3.642180593392726e-05,0.0,0.0,"{""3"": 1}"
s1-i6,1,5147acc704cec078,"[[0, 1, 2, 3, 8, 10], [4, 5, 6, 7, 9, 11]]",dprm_rollout,0.0,0.0,0.0,3.642180593392726e-05,0.0,0.0,"{""3"": 1}"
s1-i6,1,23f76bfe65f3a667,"[[2, 4, 5, 7, 8, 9], [0, 1, 3, 6, 10, 11]]",subset_exact,1.0,1.0,1.0,0.09832187834349396,0.0,0.0,"{""1"": 1}"
s1-i6,1,23f76bfe65f3a667,"[[2, 4, 5, 7, 8, 9], [0, 1, 3, 6, 10, 11]]",subset_beam_8,1.0,1.0,1.0,0.09832187834349396,0.0,0.0,"{""1"": 1}"
s1-i6,1,23f76bfe65f3a667,"[[2, 4, 5, 7, 8, 9], [0, 1, 3, 6, 10, 11]]",subset_beam_32,1.0,1.0,1.0,0.09832187834349396,0.0,0.0,"{""1"": 1}"
s1-i6,1,23f76bfe65f3a667,"[[2, 4, 5, 7, 8, 9], [0, 1, 3, 6, 10, 11]]",saps_diagonal,1.0,1.0,1.0,0.09832187834349396,0.0,0.0,"{""1"": 1}"
s1-i6,1,23f76bfe65f3a667,"[[2, 4, 5, 7, 8, 9], [0, 1, 3, 6, 10, 11]]",p_saps_residualized,1.0,1.0,1.0,0.09832187834349396,0.0,0.0,"{""1"": 1}"
s1-i6,1,23f76bfe65f3a667,"[[2, 4, 5, 7, 8, 9], [0, 1, 3, 6, 10, 11]]",p_saps_projection,1.0,1.0,1.0,0.09832187834349396,0.0,0.0,"{""1"": 1}"
s1-i6,1,23f76bfe65f3a667,"[[2, 4, 5, 7, 8, 9], [0, 1, 3, 6, 10, 11]]",b_saps_budgeted,1.0,1.0,1.0,0.09832187834349396,0.0,0.0,"{""1"": 1}"
s1-i6,1,23f76bfe65f3a667,"[[2, 4, 5, 7, 8, 9], [0, 1, 3, 6, 10, 11]]",random_balanced,1.0,1.0,1.0,0.28466967854505804,1.0,1.0,"{""1"": 1}"
s1-i6,1,a1764d2b9d783f13,"[[0, 2, 3, 4, 10, 11], [1, 5, 6, 7, 8, 9]]",confidence,1.0,1.0,1.0,0.28466967854505804,0.0,0.0,"{""1"": 1}"
s1-i6,1,e5ed1fbf9357cd25,"[[0, 2, 3, 5, 10, 11], [1, 4, 6, 7, 8, 9]]",entropy,1.0,1.0,1.0,0.28466967854505804,0.0,0.0,"{""1"": 1}"
s1-i6,1,6e23ff5fc843bc6c,"[[0, 1, 4, 7, 8, 11], [2, 3, 5, 6, 9, 10]]",dependency_cmi,0.0,0.0,0.0,0.02137757562180163,0.0,0.0,"{""2"": 1}"
s1-i6,1,b1cb91fe71d84e6a,"[[0, 4, 6, 7, 8, 9], [1, 2, 3, 5, 10, 11]]",min_within_batch_tc,0.0,0.0,0.0,0.02137757562180163,0.0,0.0,"{""2"": 1}"
s1-i6,1,5147acc704cec078,"[[0, 1, 2, 3, 8, 10], [4, 5, 6, 7, 9, 11]]",dprm_myopic,0.0,0.0,0.0,0.000950496452247564,0.0,0.0,"{""3"": 1}"
s1-i6,1,5147acc704cec078,"[[0, 1, 2, 3, 8, 10], [4, 5, 6, 7, 9, 11]]",dprm_rollout,0.0,0.0,0.0,0.000950496452247564,0.0,0.0,"{""3"": 1}"
s1-i6,1,23f76bfe65f3a667,"[[2, 4, 5, 7, 8, 9], [0, 1, 3, 6, 10, 11]]",subset_exact,1.0,1.0,1.0,0.28466967854505804,1.0,1.0,"{""1"": 1}"
s1-i6,1,23f76bfe65f3a667,"[[2, 4, 5, 7, 8, 9], [0, 1, 3, 6, 10, 11]]",subset_beam_8,1.0,1.0,1.0,0.28466967854505804,1.0,1.0,"{""1"": 1}"
s1-i6,1,23f76bfe65f3a667,"[[2, 4, 5, 7, 8, 9], [0, 1, 3, 6, 10, 11]]",subset_beam_32,1.0,1.0,1.0,0.28466967854505804,1.0,1.0,"{""1"": 1}"
s1-i6,1,23f76bfe65f3a667,"[[2, 4, 5, 7, 8, 9], [0, 1, 3, 6, 10, 11]]",saps_diagonal,1.0,1.0,1.0,0.28466967854505804,1.0,1.0,"{""1"": 1}"
s1-i6,1,23f76bfe65f3a667,"[[2, 4, 5, 7, 8, 9], [0, 1, 3, 6, 10, 11]]",p_saps_residualized,1.0,1.0,1.0,0.28466967854505804,1.0,1.0,"{""1"": 1}"
s1-i6,1,23f76bfe65f3a667,"[[2, 4, 5, 7, 8, 9], [0, 1, 3, 6, 10, 11]]",p_saps_projection,1.0,1.0,1.0,0.28466967854505804,1.0,1.0,"{""1"": 1}"
s1-i6,1,23f76bfe65f3a667,"[[2, 4, 5, 7, 8, 9], [0, 1, 3, 6, 10, 11]]",b_saps_budgeted,1.0,1.0,1.0,0.28466967854505804,1.0,1.0,"{""1"": 1}"
s1-i6,1,ac034e6ad54f8310,"[[4, 5, 8, 9], [0, 1, 2, 7], [3, 6, 10, 11]]",random_balanced,1.0,1.0,1.0,0.019933243911272918,0.0,0.0,"{""1"": 1}"
s1-i6,1,26411eb58af30eb7,"[[0, 2, 4, 11], [3, 6, 7, 10], [1, 5, 8, 9]]",confidence,1.0,1.0,1.0,0.019933243911272918,0.0,0.0,"{""1"": 1}"
s1-i6,1,b6ac399e6211a88d,"[[0, 2, 3, 11], [4, 5, 7, 10], [1, 6, 8, 9]]",entropy,1.0,1.0,1.0,0.019933243911272918,0.0,0.0,"{""1"": 1}"
s1-i6,1,03a7bf29b68e67b7,"[[0, 1, 4, 11], [3, 5, 8, 9], [2, 6, 7, 10]]",dependency_cmi,0.0,0.0,0.0,9.966672193000835e-05,0.0,0.0,"{""2"": 1}"
s1-i6,1,97c42053a17a18e1,"[[0, 2, 4, 7], [6, 8, 10, 11], [1, 3, 5, 9]]",min_within_batch_tc,0.0,0.0,0.0,9.966672193000835e-05,0.0,0.0,"{""2"": 1}"
s1-i6,1,6d0611b96e120248,"[[0, 2, 8, 10], [1, 3, 4, 5], [6, 7, 9, 11]]",dprm_myopic,0.0,0.0,0.0,2.953093001089847e-07,0.0,0.0,"{""3"": 1}"
s1-i6,1,6d0611b96e120248,"[[0, 2, 8, 10], [1, 3, 4, 5], [6, 7, 9, 11]]",dprm_rollout,0.0,0.0,0.0,2.953093001089847e-07,0.0,0.0,"{""3"": 1}"
s1-i6,1,ac034e6ad54f8310,"[[4, 5, 8, 9], [0, 1, 2, 7], [3, 6, 10, 11]]",subset_exact,1.0,1.0,1.0,0.019933243911272918,0.0,0.0,"{""1"": 1}"
s1-i6,1,ac034e6ad54f8310,"[[4, 5, 8, 9], [0, 1, 2, 7], [3, 6, 10, 11]]",subset_beam_8,1.0,1.0,1.0,0.019933243911272918,0.0,0.0,"{""1"": 1}"
s1-i6,1,ac034e6ad54f8310,"[[4, 5, 8, 9], [0, 1, 2, 7], [3, 6, 10, 11]]",subset_beam_32,1.0,1.0,1.0,0.019933243911272918,0.0,0.0,"{""1"": 1}"
s1-i6,1,ac034e6ad54f8310,"[[4, 5, 8, 9], [0, 1, 2, 7], [3, 6, 10, 11]]",saps_diagonal,1.0,1.0,1.0,0.019933243911272918,0.0,0.0,"{""1"": 1}"
s1-i6,1,ac034e6ad54f8310,"[[4, 5, 8, 9], [0, 1, 2, 7], [3, 6, 10, 11]]",p_saps_residualized,1.0,1.0,1.0,0.019933243911272918,0.0,0.0,"{""1"": 1}"
s1-i6,1,ac034e6ad54f8310,"[[4, 5, 8, 9], [0, 1, 2, 7], [3, 6, 10, 11]]",p_saps_projection,1.0,1.0,1.0,0.019933243911272918,0.0,0.0,"{""1"": 1}"
s1-i6,1,ac034e6ad54f8310,"[[4, 5, 8, 9], [0, 1, 2, 7], [3, 6, 10, 11]]",b_saps_budgeted,1.0,1.0,1.0,0.019933243911272918,0.0,0.0,"{""1"": 1}"
s1-i6,1,ac034e6ad54f8310,"[[4, 5, 8, 9], [0, 1, 2, 7], [3, 6, 10, 11]]",random_balanced,1.0,1.0,1.0,0.09832187834349396,0.0,0.0,"{""1"": 1}"
s1-i6,1,26411eb58af30eb7,"[[0, 2, 4, 11], [3, 6, 7, 10], [1, 5, 8, 9]]",confidence,1.0,1.0,1.0,0.09832187834349396,0.0,0.0,"{""1"": 1}"
s1-i6,1,b6ac399e6211a88d,"[[0, 2, 3, 11], [4, 5, 7, 10], [1, 6, 8, 9]]",entropy,1.0,1.0,1.0,0.09832187834349396,0.0,0.0,"{""1"": 1}"
s1-i6,1,03a7bf29b68e67b7,"[[0, 1, 4, 11], [3, 5, 8, 9], [2, 6, 7, 10]]",dependency_cmi,0.0,0.0,0.0,0.002458367125419222,0.0,0.0,"{""2"": 1}"
s1-i6,1,97c42053a17a18e1,"[[0, 2, 4, 7], [6, 8, 10, 11], [1, 3, 5, 9]]",min_within_batch_tc,0.0,0.0,0.0,0.002458367125419222,0.0,0.0,"{""2"": 1}"
s1-i6,1,6d0611b96e120248,"[[0, 2, 8, 10], [1, 3, 4, 5], [6, 7, 9, 11]]",dprm_myopic,0.0,0.0,0.0,3.642180593392726e-05,0.0,0.0,"{""3"": 1}"
s1-i6,1,6d0611b96e120248,"[[0, 2, 8, 10], [1, 3, 4, 5], [6, 7, 9, 11]]",dprm_rollout,0.0,0.0,0.0,3.642180593392726e-05,0.0,0.0,"{""3"": 1}"
s1-i6,1,ac034e6ad54f8310,"[[4, 5, 8, 9], [0, 1, 2, 7], [3, 6, 10, 11]]",subset_exact,1.0,1.0,1.0,0.09832187834349396,0.0,0.0,"{""1"": 1}"
s1-i6,1,ac034e6ad54f8310,"[[4, 5, 8, 9], [0, 1, 2, 7], [3, 6, 10, 11]]",subset_beam_8,1.0,1.0,1.0,0.09832187834349396,0.0,0.0,"{""1"": 1}"
s1-i6,1,ac034e6ad54f8310,"[[4, 5, 8, 9], [0, 1, 2, 7], [3, 6, 10, 11]]",subset_beam_32,1.0,1.0,1.0,0.09832187834349396,0.0,0.0,"{""1"": 1}"
s1-i6,1,ac034e6ad54f8310,"[[4, 5, 8, 9], [0, 1, 2, 7], [3, 6, 10, 11]]",saps_diagonal,1.0,1.0,1.0,0.09832187834349396,0.0,0.0,"{""1"": 1}"
s1-i6,1,ac034e6ad54f8310,"[[4, 5, 8, 9], [0, 1, 2, 7], [3, 6, 10, 11]]",p_saps_residualized,1.0,1.0,1.0,0.09832187834349396,0.0,0.0,"{""1"": 1}"
s1-i6,1,ac034e6ad54f8310,"[[4, 5, 8, 9], [0, 1, 2, 7], [3, 6, 10, 11]]",p_saps_projection,1.0,1.0,1.0,0.09832187834349396,0.0,0.0,"{""1"": 1}"
s1-i6,1,ac034e6ad54f8310,"[[4, 5, 8, 9], [0, 1, 2, 7], [3, 6, 10, 11]]",b_saps_budgeted,1.0,1.0,1.0,0.09832187834349396,0.0,0.0,"{""1"": 1}"
s1-i6,1,ac034e6ad54f8310,"[[4, 5, 8, 9], [0, 1, 2, 7], [3, 6, 10, 11]]",random_balanced,1.0,1.0,1.0,0.28466967854505804,1.0,1.0,"{""1"": 1}"
s1-i6,1,26411eb58af30eb7,"[[0, 2, 4, 11], [3, 6, 7, 10], [1, 5, 8, 9]]",confidence,1.0,1.0,1.0,0.28466967854505804,0.0,0.0,"{""1"": 1}"
s1-i6,1,b6ac399e6211a88d,"[[0, 2, 3, 11], [4, 5, 7, 10], [1, 6, 8, 9]]",entropy,1.0,1.0,1.0,0.28466967854505804,0.0,0.0,"{""1"": 1}"
s1-i6,1,03a7bf29b68e67b7,"[[0, 1, 4, 11], [3, 5, 8, 9], [2, 6, 7, 10]]",dependency_cmi,0.0,0.0,0.0,0.02137757562180163,0.0,0.0,"{""2"": 1}"
s1-i6,1,97c42053a17a18e1,"[[0, 2, 4, 7], [6, 8, 10, 11], [1, 3, 5, 9]]",min_within_batch_tc,0.0,0.0,0.0,0.02137757562180163,0.0,0.0,"{""2"": 1}"
s1-i6,1,6d0611b96e120248,"[[0, 2, 8, 10], [1, 3, 4, 5], [6, 7, 9, 11]]",dprm_myopic,0.0,0.0,0.0,0.000950496452247564,0.0,0.0,"{""3"": 1}"
s1-i6,1,6d0611b96e120248,"[[0, 2, 8, 10], [1, 3, 4, 5], [6, 7, 9, 11]]",dprm_rollout,0.0,0.0,0.0,0.000950496452247564,0.0,0.0,"{""3"": 1}"
s1-i6,1,ac034e6ad54f8310,"[[4, 5, 8, 9], [0, 1, 2, 7], [3, 6, 10, 11]]",subset_exact,1.0,1.0,1.0,0.28466967854505804,1.0,1.0,"{""1"": 1}"
s1-i6,1,ac034e6ad54f8310,"[[4, 5, 8, 9], [0, 1, 2, 7], [3, 6, 10, 11]]",subset_beam_8,1.0,1.0,1.0,0.28466967854505804,1.0,1.0,"{""1"": 1}"
s1-i6,1,ac034e6ad54f8310,"[[4, 5, 8, 9], [0, 1, 2, 7], [3, 6, 10, 11]]",subset_beam_32,1.0,1.0,1.0,0.28466967854505804,1.0,1.0,"{""1"": 1}"
s1-i6,1,ac034e6ad54f8310,"[[4, 5, 8, 9], [0, 1, 2, 7], [3, 6, 10, 11]]",saps_diagonal,1.0,1.0,1.0,0.28466967854505804,1.0,1.0,"{""1"": 1}"
s1-i6,1,ac034e6ad54f8310,"[[4, 5, 8, 9], [0, 1, 2, 7], [3, 6, 10, 11]]",p_saps_residualized,1.0,1.0,1.0,0.28466967854505804,1.0,1.0,"{""1"": 1}"
s1-i6,1,ac034e6ad54f8310,"[[4, 5, 8, 9], [0, 1, 2, 7], [3, 6, 10, 11]]",p_saps_projection,1.0,1.0,1.0,0.28466967854505804,1.0,1.0,"{""1"": 1}"
s1-i6,1,ac034e6ad54f8310,"[[4, 5, 8, 9], [0, 1, 2, 7], [3, 6, 10, 11]]",b_saps_budgeted,1.0,1.0,1.0,0.28466967854505804,1.0,1.0,"{""1"": 1}"
s1-i6,1,53fea1b9e4a101c4,"[[4, 5, 8], [2, 7, 9], [0, 1, 11], [3, 6, 10]]",random_balanced,1.0,1.0,1.0,0.019933243911272918,0.0,0.0,"{""1"": 1}"
s1-i6,1,1c9cd957019104a3,"[[0, 2, 11], [3, 4, 10], [5, 6, 7], [1, 8, 9]]",confidence,1.0,1.0,1.0,0.019933243911272918,0.0,0.0,"{""1"": 1}"
s1-i6,1,9348c3ec8574a9aa,"[[0, 2, 3], [5, 10, 11], [4, 6, 7], [1, 8, 9]]",entropy,1.0,1.0,1.0,0.019933243911272918,0.0,0.0,"{""1"": 1}"
s1-i6,1,d0b6c82f38ddf616,"[[0, 1, 11], [3, 5, 9], [2, 4, 7], [6, 8, 10]]",dependency_cmi,0.0,0.0,0.0,9.966672193000835e-05,0.0,0.0,"{""2"": 1}"
s1-i6,1,9ae232ce5def2522,"[[0, 2, 4], [3, 5, 9], [6, 7, 8], [1, 10, 11]]",min_within_batch_tc,1.0,1.0,1.0,0.019933243911272918,0.0,0.0,"{""1"": 1}"
s1-i6,1,9b3f56295d648d11,"[[2, 8, 10], [0, 1, 3], [4, 5, 6], [7, 9, 11]]",dprm_myopic,0.0,0.0,0.0,2.953093001089847e-07,0.0,0.0,"{""3"": 1}"
s1-i6,1,9b3f56295d648d11,"[[2, 8, 10], [0, 1, 3], [4, 5, 6], [7, 9, 11]]",dprm_rollout,0.0,0.0,0.0,2.953093001089847e-07,0.0,0.0,"{""3"": 1}"
s1-i6,1,53fea1b9e4a101c4,"[[4, 5, 8], [2, 7, 9], [0, 1, 11], [3, 6, 10]]",subset_exact,1.0,1.0,1.0,0.019933243911272918,0.0,0.0,"{""1"": 1}"
s1-i6,1,53fea1b9e4a101c4,"[[4, 5, 8], [2, 7, 9], [0, 1, 11], [3, 6, 10]]",subset_beam_8,1.0,1.0,1.0,0.019933243911272918,0.0,0.0,"{""1"": 1}"
s1-i6,1,53fea1b9e4a101c4,"[[4, 5, 8], [2, 7, 9], [0, 1, 11], [3, 6, 10]]",subset_beam_32,1.0,1.0,1.0,0.019933243911272918,0.0,0.0,"{""1"": 1}"
s1-i6,1,53fea1b9e4a101c4,"[[4, 5, 8], [2, 7, 9], [0, 1, 11], [3, 6, 10]]",saps_diagonal,1.0,1.0,1.0,0.019933243911272918,0.0,0.0,"{""1"": 1}"
s1-i6,1,53fea1b9e4a101c4,"[[4, 5, 8], [2, 7, 9], [0, 1, 11], [3, 6, 10]]",p_saps_residualized,1.0,1.0,1.0,0.019933243911272918,0.0,0.0,"{""1"": 1}"
s1-i6,1,53fea1b9e4a101c4,"[[4, 5, 8], [2, 7, 9], [0, 1, 11], [3, 6, 10]]",p_saps_projection,1.0,1.0,1.0,0.019933243911272918,0.0,0.0,"{""1"": 1}"
s1-i6,1,53fea1b9e4a101c4,"[[4, 5, 8], [2, 7, 9], [0, 1, 11], [3, 6, 10]]",b_saps_budgeted,1.0,1.0,1.0,0.019933243911272918,0.0,0.0,"{""1"": 1}"
s1-i6,1,53fea1b9e4a101c4,"[[4, 5, 8], [2, 7, 9], [0, 1, 11], [3, 6, 10]]",random_balanced,1.0,1.0,1.0,0.09832187834349396,0.0,0.0,"{""1"": 1}"
s1-i6,1,1c9cd957019104a3,"[[0, 2, 11], [3, 4, 10], [5, 6, 7], [1, 8, 9]]",confidence,1.0,1.0,1.0,0.09832187834349396,0.0,0.0,"{""1"": 1}"
s1-i6,1,9348c3ec8574a9aa,"[[0, 2, 3], [5, 10, 11], [4, 6, 7], [1, 8, 9]]",entropy,1.0,1.0,1.0,0.09832187834349396,0.0,0.0,"{""1"": 1}"
s1-i6,1,d0b6c82f38ddf616,"[[0, 1, 11], [3, 5, 9], [2, 4, 7], [6, 8, 10]]",dependency_cmi,0.0,0.0,0.0,0.002458367125419222,0.0,0.0,"{""2"": 1}"
s1-i6,1,9ae232ce5def2522,"[[0, 2, 4], [3, 5, 9], [6, 7, 8], [1, 10, 11]]",min_within_batch_tc,1.0,1.0,1.0,0.09832187834349396,0.0,0.0,"{""1"": 1}"
s1-i6,1,9b3f56295d648d11,"[[2, 8, 10], [0, 1, 3], [4, 5, 6], [7, 9, 11]]",dprm_myopic,0.0,0.0,0.0,3.642180593392726e-05,0.0,0.0,"{""3"": 1}"
s1-i6,1,9b3f56295d648d11,"[[2, 8, 10], [0, 1, 3], [4, 5, 6], [7, 9, 11]]",dprm_rollout,0.0,0.0,0.0,3.642180593392726e-05,0.0,0.0,"{""3"": 1}"
s1-i6,1,53fea1b9e4a101c4,"[[4, 5, 8], [2, 7, 9], [0, 1, 11], [3, 6, 10]]",subset_exact,1.0,1.0,1.0,0.09832187834349396,0.0,0.0,"{""1"": 1}"
s1-i6,1,53fea1b9e4a101c4,"[[4, 5, 8], [2, 7, 9], [0, 1, 11], [3, 6, 10]]",subset_beam_8,1.0,1.0,1.0,0.09832187834349396,0.0,0.0,"{""1"": 1}"
s1-i6,1,53fea1b9e4a101c4,"[[4, 5, 8], [2, 7, 9], [0, 1, 11], [3, 6, 10]]",subset_beam_32,1.0,1.0,1.0,0.09832187834349396,0.0,0.0,"{""1"": 1}"
s1-i6,1,53fea1b9e4a101c4,"[[4, 5, 8], [2, 7, 9], [0, 1, 11], [3, 6, 10]]",saps_diagonal,1.0,1.0,1.0,0.09832187834349396,0.0,0.0,"{""1"": 1}"
s1-i6,1,53fea1b9e4a101c4,"[[4, 5, 8], [2, 7, 9], [0, 1, 11], [3, 6, 10]]",p_saps_residualized,1.0,1.0,1.0,0.09832187834349396,0.0,0.0,"{""1"": 1}"
s1-i6,1,53fea1b9e4a101c4,"[[4, 5, 8], [2, 7, 9], [0, 1, 11], [3, 6, 10]]",p_saps_projection,1.0,1.0,1.0,0.09832187834349396,0.0,0.0,"{""1"": 1}"
s1-i6,1,53fea1b9e4a101c4,"[[4, 5, 8], [2, 7, 9], [0, 1, 11], [3, 6, 10]]",b_saps_budgeted,1.0,1.0,1.0,0.09832187834349396,0.0,0.0,"{""1"": 1}"
s1-i6,1,53fea1b9e4a101c4,"[[4, 5, 8], [2, 7, 9], [0, 1, 11], [3, 6, 10]]",random_balanced,1.0,1.0,1.0,0.28466967854505804,1.0,1.0,"{""1"": 1}"
s1-i6,1,1c9cd957019104a3,"[[0, 2, 11], [3, 4, 10], [5, 6, 7], [1, 8, 9]]",confidence,1.0,1.0,1.0,0.28466967854505804,1.0,1.0,"{""1"": 1}"
s1-i6,1,9348c3ec8574a9aa,"[[0, 2, 3], [5, 10, 11], [4, 6, 7], [1, 8, 9]]",entropy,1.0,1.0,1.0,0.28466967854505804,0.0,0.0,"{""1"": 1}"
s1-i6,1,d0b6c82f38ddf616,"[[0, 1, 11], [3, 5, 9], [2, 4, 7], [6, 8, 10]]",dependency_cmi,0.0,0.0,0.0,0.02137757562180163,0.0,0.0,"{""2"": 1}"
s1-i6,1,9ae232ce5def2522,"[[0, 2, 4], [3, 5, 9], [6, 7, 8], [1, 10, 11]]",min_within_batch_tc,1.0,1.0,1.0,0.28466967854505804,1.0,1.0,"{""1"": 1}"
s1-i6,1,9b3f56295d648d11,"[[2, 8, 10], [0, 1, 3], [4, 5, 6], [7, 9, 11]]",dprm_myopic,0.0,0.0,0.0,0.000950496452247564,0.0,0.0,"{""3"": 1}"
s1-i6,1,9b3f56295d648d11,"[[2, 8, 10], [0, 1, 3], [4, 5, 6], [7, 9, 11]]",dprm_rollout,0.0,0.0,0.0,0.000950496452247564,0.0,0.0,"{""3"": 1}"
s1-i6,1,53fea1b9e4a101c4,"[[4, 5, 8], [2, 7, 9], [0, 1, 11], [3, 6, 10]]",subset_exact,1.0,1.0,1.0,0.28466967854505804,1.0,1.0,"{""1"": 1}"
s1-i6,1,53fea1b9e4a101c4,"[[4, 5, 8], [2, 7, 9], [0, 1, 11], [3, 6, 10]]",subset_beam_8,1.0,1.0,1.0,0.28466967854505804,1.0,1.0,"{""1"": 1}"
s1-i6,1,53fea1b9e4a101c4,"[[4, 5, 8], [2, 7, 9], [0, 1, 11], [3, 6, 10]]",subset_beam_32,1.0,1.0,1.0,0.28466967854505804,1.0,1.0,"{""1"": 1}"
s1-i6,1,53fea1b9e4a101c4,"[[4, 5, 8], [2, 7, 9], [0, 1, 11], [3, 6, 10]]",saps_diagonal,1.0,1.0,1.0,0.28466967854505804,1.0,1.0,"{""1"": 1}"
s1-i6,1,53fea1b9e4a101c4,"[[4, 5, 8], [2, 7, 9], [0, 1, 11], [3, 6, 10]]",p_saps_residualized,1.0,1.0,1.0,0.28466967854505804,1.0,1.0,"{""1"": 1}"
s1-i6,1,53fea1b9e4a101c4,"[[4, 5, 8], [2, 7, 9], [0, 1, 11], [3, 6, 10]]",p_saps_projection,1.0,1.0,1.0,0.28466967854505804,1.0,1.0,"{""1"": 1}"
s1-i6,1,53fea1b9e4a101c4,"[[4, 5, 8], [2, 7, 9], [0, 1, 11], [3, 6, 10]]",b_saps_budgeted,1.0,1.0,1.0,0.28466967854505804,1.0,1.0,"{""1"": 1}"
s1-i7,1,2516301160cf1942,"[[0, 1, 2, 3, 4, 5, 6, 7, 8, 9, 10, 11]]",random_balanced,0.005154577855504753,0.005154577855504753,0.005154577855504753,0.00010304124475875244,1.0939272408885766e-05,0.003307457091012031,"{""1"": 12, ""3"": 1}"
s1-i7,1,2516301160cf1942,"[[0, 1, 2, 3, 4, 5, 6, 7, 8, 9, 10, 11]]",confidence,0.005154577855504753,0.005154577855504753,0.005154577855504753,0.00010304124475875244,1.0939272408885766e-05,0.003307457091012031,"{""1"": 12, ""3"": 1}"
s1-i7,1,2516301160cf1942,"[[0, 1, 2, 3, 4, 5, 6, 7, 8, 9, 10, 11]]",entropy,0.005154577855504753,0.005154577855504753,0.005154577855504753,0.00010304124475875244,1.0939272408885766e-05,0.003307457091012031,"{""1"": 12, ""3"": 1}"
s1-i7,1,2516301160cf1942,"[[0, 1, 2, 3, 4, 5, 6, 7, 8, 9, 10, 11]]",dependency_cmi,0.005154577855504753,0.005154577855504753,0.005154577855504753,0.00010304124475875244,1.0939272408885766e-05,0.003307457091012031,"{""1"": 12, ""3"": 1}"
s1-i7,1,2516301160cf1942,"[[0, 1, 2, 3, 4, 5, 6, 7, 8, 9, 10, 11]]",min_within_batch_tc,0.005154577855504753,0.005154577855504753,0.005154577855504753,0.00010304124475875244,1.0939272408885766e-05,0.003307457091012031,"{""1"": 12, ""3"": 1}"
s1-i7,1,2516301160cf1942,"[[0, 1, 2, 3, 4, 5, 6, 7, 8, 9, 10, 11]]",dprm_myopic,0.005154577855504753,0.005154577855504753,0.005154577855504753,0.00010304124475875244,1.0939272408885766e-05,0.003307457091012031,"{""1"": 12, ""3"": 1}"
s1-i7,1,2516301160cf1942,"[[0, 1, 2, 3, 4, 5, 6, 7, 8, 9, 10, 11]]",dprm_rollout,0.005154577855504753,0.005154577855504753,0.005154577855504753,0.00010304124475875244,1.0939272408885766e-05,0.003307457091012031,"{""1"": 12, ""3"": 1}"
s1-i7,1,2516301160cf1942,"[[0, 1, 2, 3, 4, 5, 6, 7, 8, 9, 10, 11]]",subset_exact,0.005154577855504753,0.005154577855504753,0.005154577855504753,0.00010304124475875244,1.0939272408885766e-05,0.003307457091012031,"{""1"": 12, ""3"": 1}"
s1-i7,1,2516301160cf1942,"[[0, 1, 2, 3, 4, 5, 6, 7, 8, 9, 10, 11]]",subset_beam_8,0.005154577855504753,0.005154577855504753,0.005154577855504753,0.00010304124475875244,1.0939272408885766e-05,0.003307457091012031,"{""1"": 12, ""3"": 1}"
s1-i7,1,2516301160cf1942,"[[0, 1, 2, 3, 4, 5, 6, 7, 8, 9, 10, 11]]",subset_beam_32,0.005154577855504753,0.005154577855504753,0.005154577855504753,0.00010304124475875244,1.0939272408885766e-05,0.003307457091012031,"{""1"": 12, ""3"": 1}"
s1-i7,1,2516301160cf1942,"[[0, 1, 2, 3, 4, 5, 6, 7, 8, 9, 10, 11]]",saps_diagonal,0.005154577855504753,0.005154577855504753,0.005154577855504753,0.00010304124475875244,1.0939272408885766e-05,0.003307457091012031,"{""1"": 12, ""3"": 1}"
s1-i7,1,2516301160cf1942,"[[0, 1, 2, 3, 4, 5, 6, 7, 8, 9, 10, 11]]",p_saps_residualized,0.005154577855504753,0.005154577855504753,0.005154577855504753,0.00010304124475875244,1.0939272408885766e-05,0.003307457091012031,"{""1"": 12, ""3"": 1}"
s1-i7,1,2516301160cf1942,"[[0, 1, 2, 3, 4, 5, 6, 7, 8, 9, 10, 11]]",p_saps_projection,0.005154577855504753,0.005154577855504753,0.005154577855504753,0.00010304124475875244,1.0939272408885766e-05,0.003307457091012031,"{""1"": 12, ""3"": 1}"
s1-i7,1,2516301160cf1942,"[[0, 1, 2, 3, 4, 5, 6, 7, 8, 9, 10, 11]]",b_saps_budgeted,0.005154577855504753,0.005154577855504753,0.005154577855504753,0.00010304124475875244,1.0939272408885766e-05,0.003307457091012031,"{""1"": 12, ""3"": 1}"
s1-i7,1,2516301160cf1942,"[[0, 1, 2, 3, 4, 5, 6, 7, 8, 9, 10, 11]]",random_balanced,0.005154577855504753,0.005154577855504753,0.005154577855504753,0.000543041843720609,0.0011756753260205725,0.03428812222943351,"{""1"": 12, ""3"": 1}"
s1-i7,1,2516301160cf1942,"[[0, 1, 2, 3, 4, 5, 6, 7, 8, 9, 10, 11]]",confidence,0.005154577855504753,0.005154577855504753,0.005154577855504753,0.000543041843720609,0.0011756753260205725,0.03428812222943351,"{""1"": 12, ""3"": 1}"
s1-i7,1,2516301160cf1942,"[[0, 1, 2, 3, 4, 5, 6, 7, 8, 9, 10, 11]]",entropy,0.005154577855504753,0.005154577855504753,0.005154577855504753,0.000543041843720609,0.0011756753260205725,0.03428812222943351,"{""1"": 12, ""3"": 1}"
s1-i7,1,2516301160cf1942,"[[0, 1, 2, 3, 4, 5, 6, 7, 8, 9, 10, 11]]",dependency_cmi,0.005154577855504753,0.005154577855504753,0.005154577855504753,0.000543041843720609,0.0011756753260205725,0.03428812222943351,"{""1"": 12, ""3"": 1}"
s1-i7,1,2516301160cf1942,"[[0, 1, 2, 3, 4, 5, 6, 7, 8, 9, 10, 11]]",min_within_batch_tc,0.005154577855504753,0.005154577855504753,0.005154577855504753,0.000543041843720609,0.0011756753260205725,0.03428812222943351,"{""1"": 12, ""3"": 1}"
s1-i7,1,2516301160cf1942,"[[0, 1, 2, 3, 4, 5, 6, 7, 8, 9, 10, 11]]",dprm_myopic,0.005154577855504753,0.005154577855504753,0.005154577855504753,0.000543041843720609,0.0011756753260205725,0.03428812222943351,"{""1"": 12, ""3"": 1}"
s1-i7,1,2516301160cf1942,"[[0, 1, 2, 3, 4, 5, 6, 7, 8, 9, 10, 11]]",dprm_rollout,0.005154577855504753,0.005154577855504753,0.005154577855504753,0.000543041843720609,0.0011756753260205725,0.03428812222943351,"{""1"": 12, ""3"": 1}"
s1-i7,1,2516301160cf1942,"[[0, 1, 2, 3, 4, 5, 6, 7, 8, 9, 10, 11]]",subset_exact,0.005154577855504753,0.005154577855504753,0.005154577855504753,0.000543041843720609,0.0011756753260205725,0.03428812222943351,"{""1"": 12, ""3"": 1}"
s1-i7,1,2516301160cf1942,"[[0, 1, 2, 3, 4, 5, 6, 7, 8, 9, 10, 11]]",subset_beam_8,0.005154577855504753,0.005154577855504753,0.005154577855504753,0.000543041843720609,0.0011756753260205725,0.03428812222943351,"{""1"": 12, ""3"": 1}"
s1-i7,1,2516301160cf1942,"[[0, 1, 2, 3, 4, 5, 6, 7, 8, 9, 10, 11]]",subset_beam_32,0.005154577855504753,0.005154577855504753,0.005154577855504753,0.000543041843720609,0.0011756753260205725,0.03428812222943351,"{""1"": 12, ""3"": 1}"
s1-i7,1,2516301160cf1942,"[[0, 1, 2, 3, 4, 5, 6, 7, 8, 9, 10, 11]]",saps_diagonal,0.005154577855504753,0.005154577855504753,0.005154577855504753,0.000543041843720609,0.0011756753260205725,0.03428812222943351,"{""1"": 12, ""3"": 1}"
s1-i7,1,2516301160cf1942,"[[0, 1, 2, 3, 4, 5, 6, 7, 8, 9, 10, 11]]",p_saps_residualized,0.005154577855504753,0.005154577855504753,0.005154577855504753,0.000543041843720609,0.0011756753260205725,0.03428812222943351,"{""1"": 12, ""3"": 1}"
s1-i7,1,2516301160cf1942,"[[0, 1, 2, 3, 4, 5, 6, 7, 8, 9, 10, 11]]",p_saps_projection,0.005154577855504753,0.005154577855504753,0.005154577855504753,0.000543041843720609,0.0011756753260205725,0.03428812222943351,"{""1"": 12, ""3"": 1}"
s1-i7,1,2516301160cf1942,"[[0, 1, 2, 3, 4, 5, 6, 7, 8, 9, 10, 11]]",b_saps_budgeted,0.005154577855504753,0.005154577855504753,0.005154577855504753,0.000543041843720609,0.0011756753260205725,0.03428812222943351,"{""1"": 12, ""3"": 1}"
s1-i7,1,2516301160cf1942,"[[0, 1, 2, 3, 4, 5, 6, 7, 8, 9, 10, 11]]",random_balanced,0.005154577855504753,0.005154577855504753,0.005154577855504753,0.0024129490654450853,0.9779948447741431,-0.9889362187594016,"{""1"": 12, ""3"": 1}"
s1-i7,1,2516301160cf1942,"[[0, 1, 2, 3, 4, 5, 6, 7, 8, 9, 10, 11]]",confidence,0.005154577855504753,0.005154577855504753,0.005154577855504753,0.0024129490654450853,0.9779948447741431,-0.9889362187594016,"{""1"": 12, ""3"": 1}"
s1-i7,1,2516301160cf1942,"[[0, 1, 2, 3, 4, 5, 6, 7, 8, 9, 10, 11]]",entropy,0.005154577855504753,0.005154577855504753,0.005154577855504753,0.0024129490654450853,0.9779948447741431,-0.9889362187594016,"{""1"": 12, ""3"": 1}"
s1-i7,1,2516301160cf1942,"[[0, 1, 2, 3, 4, 5, 6, 7, 8, 9, 10, 11]]",dependency_cmi,0.005154577855504753,0.005154577855504753,0.005154577855504753,0.0024129490654450853,0.9779948447741431,-0.9889362187594016,"{""1"": 12, ""3"": 1}"
s1-i7,1,2516301160cf1942,"[[0, 1, 2, 3, 4, 5, 6, 7, 8, 9, 10, 11]]",min_within_batch_tc,0.005154577855504753,0.005154577855504753,0.005154577855504753,0.0024129490654450853,0.9779948447741431,-0.9889362187594016,"{""1"": 12, ""3"": 1}"
s1-i7,1,2516301160cf1942,"[[0, 1, 2, 3, 4, 5, 6, 7, 8, 9, 10, 11]]",dprm_myopic,0.005154577855504753,0.005154577855504753,0.005154577855504753,0.0024129490654450853,0.9779948447741431,-0.9889362187594016,"{""1"": 12, ""3"": 1}"
s1-i7,1,2516301160cf1942,"[[0, 1, 2, 3, 4, 5, 6, 7, 8, 9, 10, 11]]",dprm_rollout,0.005154577855504753,0.005154577855504753,0.005154577855504753,0.0024129490654450853,0.9779948447741431,-0.9889362187594016,"{""1"": 12, ""3"": 1}"
s1-i7,1,2516301160cf1942,"[[0, 1, 2, 3, 4, 5, 6, 7, 8, 9, 10, 11]]",subset_exact,0.005154577855504753,0.005154577855504753,0.005154577855504753,0.0024129490654450853,0.9779948447741431,-0.9889362187594016,"{""1"": 12, ""3"": 1}"
s1-i7,1,2516301160cf1942,"[[0, 1, 2, 3, 4, 5, 6, 7, 8, 9, 10, 11]]",subset_beam_8,0.005154577855504753,0.005154577855504753,0.005154577855504753,0.0024129490654450853,0.9779948447741431,-0.9889362187594016,"{""1"": 12, ""3"": 1}"
s1-i7,1,2516301160cf1942,"[[0, 1, 2, 3, 4, 5, 6, 7, 8, 9, 10, 11]]",subset_beam_32,0.005154577855504753,0.005154577855504753,0.005154577855504753,0.0024129490654450853,0.9779948447741431,-0.9889362187594016,"{""1"": 12, ""3"": 1}"
s1-i7,1,2516301160cf1942,"[[0, 1, 2, 3, 4, 5, 6, 7, 8, 9, 10, 11]]",saps_diagonal,0.005154577855504753,0.005154577855504753,0.005154577855504753,0.0024129490654450853,0.9779948447741431,-0.9889362187594016,"{""1"": 12, ""3"": 1}"
s1-i7,1,2516301160cf1942,"[[0, 1, 2, 3, 4, 5, 6, 7, 8, 9, 10, 11]]",p_saps_residualized,0.005154577855504753,0.005154577855504753,0.005154577855504753,0.0024129490654450853,0.9779948447741431,-0.9889362187594016,"{""1"": 12, ""3"": 1}"
s1-i7,1,2516301160cf1942,"[[0, 1, 2, 3, 4, 5, 6, 7, 8, 9, 10, 11]]",p_saps_projection,0.005154577855504753,0.005154577855504753,0.005154577855504753,0.0024129490654450853,0.9779948447741431,-0.9889362187594016,"{""1"": 12, ""3"": 1}"
s1-i7,1,2516301160cf1942,"[[0, 1, 2, 3, 4, 5, 6, 7, 8, 9, 10, 11]]",b_saps_budgeted,0.005154577855504753,0.005154577855504753,0.005154577855504753,0.0024129490654450853,0.9779948447741431,-0.9889362187594016,"{""1"": 12, ""3"": 1}"
s1-i7,1,d03ca3a4cab186b0,"[[0, 2, 5, 6, 8, 9], [1, 3, 4, 7, 10, 11]]",random_balanced,1.0,1.0,1.0,0.01993324391127292,0.0,0.0,"{""1"": 13}"
s1-i7,1,2216ae7a4ca0b2bd,"[[0, 1, 3, 7, 10, 11], [2, 4, 5, 6, 8, 9]]",confidence,0.005154577855504753,0.005154577855504753,0.005154577855504753,0.0002019004397056395,1.0939272408885766e-05,0.003307457091012031,"{""1"": 12, ""2"": 1}"
s1-i7,1,2216ae7a4ca0b2bd,"[[0, 1, 3, 7, 10, 11], [2, 4, 5, 6, 8, 9]]",entropy,0.005154577855504753,0.005154577855504753,0.005154577855504753,0.0002019004397056395,1.0939272408885766e-05,0.003307457091012031,"{""1"": 12, ""2"": 1}"
s1-i7,1,ed14ddfd7f83201e,"[[0, 4, 6, 7, 8, 11], [1, 2, 3, 5, 9, 10]]",dependency_cmi,0.005154577855504753,0.005154577855504753,0.005154577855504753,0.0002019004397056395,3.370005803398341e-05,0.005805175107951819,"{""1"": 12, ""2"": 1}"
s1-i7,1,b1276e5e98fbe93c,"[[0, 6, 7, 8, 10, 11], [1, 2, 3, 4, 5, 9]]",min_within_batch_tc,0.005154577855504753,0.005154577855504753,0.005154577855504753,0.0002019004397056395,9.049738590134778e-05,0.009513011400253223,"{""1"": 12, ""2"": 1}"
s1-i7,1,18933cb4b13a2b91,"[[0, 1, 2, 3, 5, 8], [4, 6, 7, 9, 10, 11]]",dprm_myopic,0.005154577855504753,0.005154577855504753,0.005154577855504753,0.00010304124475875244,0.0,0.0,"{""1"": 12, ""3"": 1}"
s1-i7,1,18933cb4b13a2b91,"[[0, 1, 2, 3, 5, 8], [4, 6, 7, 9, 10, 11]]",dprm_rollout,0.005154577855504753,0.005154577855504753,0.005154577855504753,0.00010304124475875244,0.0,0.0,"{""1"": 12, ""3"": 1}"
s1-i7,1,d03ca3a4cab186b0,"[[0, 2, 5, 6, 8, 9], [1, 3, 4, 7, 10, 11]]",subset_exact,1.0,1.0,1.0,0.01993324391127292,0.0,0.0,"{""1"": 13}"
s1-i7,1,d03ca3a4cab186b0,"[[0, 2, 5, 6, 8, 9], [1, 3, 4, 7, 10, 11]]",subset_beam_8,1.0,1.0,1.0,0.01993324391127292,0.0,0.0,"{""1"": 13}"
s1-i7,1,d03ca3a4cab186b0,"[[0, 2, 5, 6, 8, 9], [1, 3, 4, 7, 10, 11]]",subset_beam_32,1.0,1.0,1.0,0.01993324391127292,0.0,0.0,"{""1"": 13}"
s1-i7,1,d03ca3a4cab186b0,"[[0, 2, 5, 6, 8, 9], [1, 3, 4, 7, 10, 11]]",saps_diagonal,1.0,1.0,1.0,0.01993324391127292,0.0,0.0,"{""1"": 13}"
s1-i7,1,d03ca3a4cab186b0,"[[0, 2, 5, 6, 8, 9], [1, 3, 4, 7, 10, 11]]",p_saps_residualized,1.0,1.0,1.0,0.01993324391127292,0.0,0.0,"{""1"": 13}"
s1-i7,1,d03ca3a4cab186b0,"[[0, 2, 5, 6, 8, 9], [1, 3, 4, 7, 10, 11]]",p_saps_projection,1.0,1.0,1.0,0.01993324391127292,0.0,0.0,"{""1"": 13}"
s1-i7,1,d03ca3a4cab186b0,"[[0, 2, 5, 6, 8, 9], [1, 3, 4, 7, 10, 11]]",b_saps_budgeted,1.0,1.0,1.0,0.01993324391127292,0.0,0.0,"{""1"": 13}"
s1-i7,1,d03ca3a4cab186b0,"[[0, 2, 5, 6, 8, 9], [1, 3, 4, 7, 10, 11]]",random_balanced,1.0,1.0,1.0,0.09832187834349397,0.0025141300974553943,0.05014110187715657,"{""1"": 13}"
s1-i7,1,2216ae7a4ca0b2bd,"[[0, 1, 3, 7, 10, 11], [2, 4, 5, 6, 8, 9]]",confidence,0.005154577855504753,0.005154577855504753,0.005154577855504753,0.0029525030574948413,1.0523577535697688,1.0258448974234695,"{""1"": 12, ""2"": 1}"
s1-i7,1,2216ae7a4ca0b2bd,"[[0, 1, 3, 7, 10, 11], [2, 4, 5, 6, 8, 9]]",entropy,0.005154577855504753,0.005154577855504753,0.005154577855504753,0.0029525030574948413,1.0523577535697688,1.0258448974234695,"{""1"": 12, ""2"": 1}"
s1-i7,1,ed14ddfd7f83201e,"[[0, 4, 6, 7, 8, 11], [1, 2, 3, 5, 9, 10]]",dependency_cmi,0.005154577855504753,0.005154577855504753,0.005154577855504753,0.0029525030574948413,1.063516156625859,1.0312691969732535,"{""1"": 12, ""2"": 1}"
s1-i7,1,b1276e5e98fbe93c,"[[0, 6, 7, 8, 10, 11], [1, 2, 3, 4, 5, 9]]",min_within_batch_tc,0.005154577855504753,0.005154577855504753,0.005154577855504753,0.0029525030574948413,3.927902206233262e-06,0.0019818935910470223,"{""1"": 12, ""2"": 1}"
s1-i7,1,18933cb4b13a2b91,"[[0, 1, 2, 3, 5, 8], [4, 6, 7, 9, 10, 11]]",dprm_myopic,0.005154577855504753,0.005154577855504753,0.005154577855504753,0.000543041843720609,0.0002791728171607554,0.01670846543404736,"{""1"": 12, ""3"": 1}"
s1-i7,1,18933cb4b13a2b91,"[[0, 1, 2, 3, 5, 8], [4, 6, 7, 9, 10, 11]]",dprm_rollout,0.005154577855504753,0.005154577855504753,0.005154577855504753,0.000543041843720609,0.0002791728171607554,0.01670846543404736,"{""1"": 12, ""3"": 1}"
s1-i7,1,d03ca3a4cab186b0,"[[0, 2, 5, 6, 8, 9], [1, 3, 4, 7, 10, 11]]",subset_exact,1.0,1.0,1.0,0.09832187834349397,0.0025141300974553943,0.05014110187715657,"{""1"": 13}"
s1-i7,1,d03ca3a4cab186b0,"[[0, 2, 5, 6, 8, 9], [1, 3, 4, 7, 10, 11]]",subset_beam_8,1.0,1.0,1.0,0.09832187834349397,0.0025141300974553943,0.05014110187715657,"{""1"": 13}"
s1-i7,1,d03ca3a4cab186b0,"[[0, 2, 5, 6, 8, 9], [1, 3, 4, 7, 10, 11]]",subset_beam_32,1.0,1.0,1.0,0.09832187834349397,0.0025141300974553943,0.05014110187715657,"{""1"": 13}"
s1-i7,1,d03ca3a4cab186b0,"[[0, 2, 5, 6, 8, 9], [1, 3, 4, 7, 10, 11]]",saps_diagonal,1.0,1.0,1.0,0.09832187834349397,0.0025141300974553943,0.05014110187715657,"{""1"": 13}"
s1-i7,1,d03ca3a4cab186b0,"[[0, 2, 5, 6, 8, 9], [1, 3, 4, 7, 10, 11]]",p_saps_residualized,1.0,1.0,1.0,0.09832187834349397,0.0025141300974553943,0.05014110187715657,"{""1"": 13}"
s1-i7,1,d03ca3a4cab186b0,"[[0, 2, 5, 6, 8, 9], [1, 3, 4, 7, 10, 11]]",p_saps_projection,1.0,1.0,1.0,0.09832187834349397,0.0025141300974553943,0.05014110187715657,"{""1"": 13}"
s1-i7,1,d03ca3a4cab186b0,"[[0, 2, 5, 6, 8, 9], [1, 3, 4, 7, 10, 11]]",b_saps_budgeted,1.0,1.0,1.0,0.09832187834349397,0.0025141300974553943,0.05014110187715657,"{""1"": 13}"
s1-i7,1,d03ca3a4cab186b0,"[[0, 2, 5, 6, 8, 9], [1, 3, 4, 7, 10, 11]]",random_balanced,1.0,1.0,1.0,0.28466967854505804,0.8912007833979102,-0.9440343126168191,"{""1"": 13}"
s1-i7,1,2216ae7a4ca0b2bd,"[[0, 1, 3, 7, 10, 11], [2, 4, 5, 6, 8, 9]]",confidence,0.005154577855504753,0.005154577855504753,0.005154577855504753,0.022734735265059126,1.0222499697365368,1.0110637812405985,"{""1"": 12, ""2"": 1}"
s1-i7,1,2216ae7a4ca0b2bd,"[[0, 1, 3, 7, 10, 11], [2, 4, 5, 6, 8, 9]]",entropy,0.005154577855504753,0.005154577855504753,0.005154577855504753,0.022734735265059126,1.0222499697365368,1.0110637812405985,"{""1"": 12, ""2"": 1}"
s1-i7,1,ed14ddfd7f83201e,"[[0, 4, 6, 7, 8, 11], [1, 2, 3, 5, 9, 10]]",dependency_cmi,0.005154577855504753,0.005154577855504753,0.005154577855504753,0.022734735265059126,1.0151911043490234,-1.0075669230125726,"{""1"": 12, ""2"": 1}"
s1-i7,1,b1276e5e98fbe93c,"[[0, 6, 7, 8, 10, 11], [1, 2, 3, 4, 5, 9]]",min_within_batch_tc,0.005154577855504753,0.005154577855504753,0.005154577855504753,0.022734735265059126,1.0185236479836397,-1.009219326005819,"{""1"": 12, ""2"": 1}"
s1-i7,1,18933cb4b13a2b91,"[[0, 1, 2, 3, 5, 8], [4, 6, 7, 9, 10, 11]]",dprm_myopic,0.005154577855504753,0.005154577855504753,0.005154577855504753,0.0024129490654450853,0.9643825829496723,-0.9820298279327733,"{""1"": 12, ""3"": 1}"
s1-i7,1,18933cb4b13a2b91,"[[0, 1, 2, 3, 5, 8], [4, 6, 7, 9, 10, 11]]",dprm_rollout,0.005154577855504753,0.005154577855504753,0.005154577855504753,0.0024129490654450853,0.9643825829496723,-0.9820298279327733,"{""1"": 12, ""3"": 1}"
s1-i7,1,d03ca3a4cab186b0,"[[0, 2, 5, 6, 8, 9], [1, 3, 4, 7, 10, 11]]",subset_exact,1.0,1.0,1.0,0.28466967854505804,0.8912007833979102,-0.9440343126168191,"{""1"": 13}"
s1-i7,1,d03ca3a4cab186b0,"[[0, 2, 5, 6, 8, 9], [1, 3, 4, 7, 10, 11]]",subset_beam_8,1.0,1.0,1.0,0.28466967854505804,0.8912007833979102,-0.9440343126168191,"{""1"": 13}"
s1-i7,1,d03ca3a4cab186b0,"[[0, 2, 5, 6, 8, 9], [1, 3, 4, 7, 10, 11]]",subset_beam_32,1.0,1.0,1.0,0.28466967854505804,0.8912007833979102,-0.9440343126168191,"{""1"": 13}"
s1-i7,1,d03ca3a4cab186b0,"[[0, 2, 5, 6, 8, 9], [1, 3, 4, 7, 10, 11]]",saps_diagonal,1.0,1.0,1.0,0.28466967854505804,0.8912007833979102,-0.9440343126168191,"{""1"": 13}"
s1-i7,1,d03ca3a4cab186b0,"[[0, 2, 5, 6, 8, 9], [1, 3, 4, 7, 10, 11]]",p_saps_residualized,1.0,1.0,1.0,0.28466967854505804,0.8912007833979102,-0.9440343126168191,"{""1"": 13}"
s1-i7,1,d03ca3a4cab186b0,"[[0, 2, 5, 6, 8, 9], [1, 3, 4, 7, 10, 11]]",p_saps_projection,1.0,1.0,1.0,0.28466967854505804,0.8912007833979102,-0.9440343126168191,"{""1"": 13}"
s1-i7,1,d03ca3a4cab186b0,"[[0, 2, 5, 6, 8, 9], [1, 3, 4, 7, 10, 11]]",b_saps_budgeted,1.0,1.0,1.0,0.28466967854505804,0.8912007833979102,-0.9440343126168191,"{""1"": 13}"
s1-i7,1,579c913701be2fe8,"[[2, 5, 6, 8], [0, 4, 9, 11], [1, 3, 7, 10]]",random_balanced,1.0,1.0,1.0,0.01993324391127292,0.0,0.0,"{""1"": 13}"
s1-i7,1,76d142d67d767134,"[[1, 3, 7, 11], [0, 4, 5, 10], [2, 6, 8, 9]]",confidence,1.0,1.0,1.0,0.01993324391127292,1.0939272408885766e-05,0.003307457091012031,"{""1"": 13}"
s1-i7,1,e9c6b4aaf4c5f929,"[[1, 3, 7, 11], [0, 2, 4, 10], [5, 6, 8, 9]]",entropy,0.005154577855504753,0.005154577855504753,0.005154577855504753,0.0002019004397056395,1.0939272408885766e-05,0.003307457091012031,"{""1"": 12, ""2"": 1}"
s1-i7,1,9a4eef1226ae4794,"[[4, 6, 8, 11], [0, 3, 5, 10], [1, 2, 7, 9]]",dependency_cmi,0.005154577855504753,0.005154577855504753,0.005154577855504753,0.0002019004397056395,1.0939272408885766e-05,0.003307457091012031,"{""1"": 12, ""2"": 1}"
s1-i7,1,2c0cccc3d58d57d5,"[[6, 8, 10, 11], [0, 5, 7, 9], [1, 2, 3, 4]]",min_within_batch_tc,1.0,1.0,1.0,0.01993324391127292,1.0939272408885755e-05,0.0033074570910120293,"{""1"": 13}"
s1-i7,1,427c845815094d60,"[[0, 3, 5, 8], [1, 2, 4, 6], [7, 9, 10, 11]]",dprm_myopic,0.005154577855504753,0.005154577855504753,0.005154577855504753,0.00010304124475875244,6.238595292145625e-06,0.0024977180169397876,"{""1"": 12, ""3"": 1}"
s1-i7,1,427c845815094d60,"[[0, 3, 5, 8], [1, 2, 4, 6], [7, 9, 10, 11]]",dprm_rollout,0.005154577855504753,0.005154577855504753,0.005154577855504753,0.00010304124475875244,6.238595292145625e-06,0.0024977180169397876,"{""1"": 12, ""3"": 1}"
s1-i7,1,579c913701be2fe8,"[[2, 5, 6, 8], [0, 4, 9, 11], [1, 3, 7, 10]]",subset_exact,1.0,1.0,1.0,0.01993324391127292,0.0,0.0,"{""1"": 13}"
s1-i7,1,579c913701be2fe8,"[[2, 5, 6, 8], [0, 4, 9, 11], [1, 3, 7, 10]]",subset_beam_8,1.0,1.0,1.0,0.01993324391127292,0.0,0.0,"{""1"": 13}"
s1-i7,1,579c913701be2fe8,"[[2, 5, 6, 8], [0, 4, 9, 11], [1, 3, 7, 10]]",subset_beam_32,1.0,1.0,1.0,0.01993324391127292,0.0,0.0,"{""1"": 13}"
s1-i7,1,579c913701be2fe8,"[[2, 5, 6, 8], [0, 4, 9, 11], [1, 3, 7, 10]]",saps_diagonal,1.0,1.0,1.0,0.01993324391127292,0.0,0.0,"{""1"": 13}"
s1-i7,1,579c913701be2fe8,"[[2, 5, 6, 8], [0, 4, 9, 11], [1, 3, 7, 10]]",p_saps_residualized,1.0,1.0,1.0,0.01993324391127292,0.0,0.0,"{""1"": 13}"
s1-i7,1,579c913701be2fe8,"[[2, 5, 6, 8], [0, 4, 9, 11], [1, 3, 7, 10]]",p_saps_projection,1.0,1.0,1.0,0.01993324391127292,0.0,0.0,"{""1"": 13}"
s1-i7,1,579c913701be2fe8,"[[2, 5, 6, 8], [0, 4, 9, 11], [1, 3, 7, 10]]",b_saps_budgeted,1.0,1.0,1.0,0.01993324391127292,0.0,0.0,"{""1"": 13}"
s1-i7,1,579c913701be2fe8,"[[2, 5, 6, 8], [0, 4, 9, 11], [1, 3, 7, 10]]",random_balanced,1.0,1.0,1.0,0.09832187834349397,0.0003698721237135363,0.01923205978863253,"{""1"": 13}"
s1-i7,1,76d142d67d767134,"[[1, 3, 7, 11], [0, 4, 5, 10], [2, 6, 8, 9]]",confidence,1.0,1.0,1.0,0.09832187834349397,0.0001729808972769096,-0.013152220241347452,"{""1"": 13}"
s1-i7,1,e9c6b4aaf4c5f929,"[[1, 3, 7, 11], [0, 2, 4, 10], [5, 6, 8, 9]]",entropy,0.005154577855504753,0.005154577855504753,0.005154577855504753,0.0029525030574948413,0.0002357639813377976,-0.015354607821035274,"{""1"": 12, ""2"": 1}"
s1-i7,1,9a4eef1226ae4794,"[[4, 6, 8, 11], [0, 3, 5, 10], [1, 2, 7, 9]]",dependency_cmi,0.005154577855504753,0.005154577855504753,0.005154577855504753,0.0029525030574948413,0.0004715941694530914,0.021716219041377608,"{""1"": 12, ""2"": 1}"
s1-i7,1,2c0cccc3d58d57d5,"[[6, 8, 10, 11], [0, 5, 7, 9], [1, 2, 3, 4]]",min_within_batch_tc,1.0,1.0,1.0,0.09832187834349397,0.0,0.0,"{""1"": 13}"
s1-i7,1,427c845815094d60,"[[0, 3, 5, 8], [1, 2, 4, 6], [7, 9, 10, 11]]",dprm_myopic,0.005154577855504753,0.005154577855504753,0.005154577855504753,0.000543041843720609,0.0011323131263470162,0.033649860718092374,"{""1"": 12, ""3"": 1}"
s1-i7,1,427c845815094d60,"[[0, 3, 5, 8], [1, 2, 4, 6], [7, 9, 10, 11]]",dprm_rollout,0.005154577855504753,0.005154577855504753,0.005154577855504753,0.000543041843720609,0.0011323131263470162,0.033649860718092374,"{""1"": 12, ""3"": 1}"
s1-i7,1,579c913701be2fe8,"[[2, 5, 6, 8], [0, 4, 9, 11], [1, 3, 7, 10]]",subset_exact,1.0,1.0,1.0,0.09832187834349397,0.0003698721237135363,0.01923205978863253,"{""1"": 13}"
s1-i7,1,579c913701be2fe8,"[[2, 5, 6, 8], [0, 4, 9, 11], [1, 3, 7, 10]]",subset_beam_8,1.0,1.0,1.0,0.09832187834349397,0.0003698721237135363,0.01923205978863253,"{""1"": 13}"
s1-i7,1,579c913701be2fe8,"[[2, 5, 6, 8], [0, 4, 9, 11], [1, 3, 7, 10]]",subset_beam_32,1.0,1.0,1.0,0.09832187834349397,0.0003698721237135363,0.01923205978863253,"{""1"": 13}"
s1-i7,1,579c913701be2fe8,"[[2, 5, 6, 8], [0, 4, 9, 11], [1, 3, 7, 10]]",saps_diagonal,1.0,1.0,1.0,0.09832187834349397,0.0003698721237135363,0.01923205978863253,"{""1"": 13}"
s1-i7,1,579c913701be2fe8,"[[2, 5, 6, 8], [0, 4, 9, 11], [1, 3, 7, 10]]",p_saps_residualized,1.0,1.0,1.0,0.09832187834349397,0.0003698721237135363,0.01923205978863253,"{""1"": 13}"
s1-i7,1,579c913701be2fe8,"[[2, 5, 6, 8], [0, 4, 9, 11], [1, 3, 7, 10]]",p_saps_projection,1.0,1.0,1.0,0.09832187834349397,0.0003698721237135363,0.01923205978863253,"{""1"": 13}"
s1-i7,1,579c913701be2fe8,"[[2, 5, 6, 8], [0, 4, 9, 11], [1, 3, 7, 10]]",b_saps_budgeted,1.0,1.0,1.0,0.09832187834349397,0.0003698721237135363,0.01923205978863253,"{""1"": 13}"
s1-i7,1,579c913701be2fe8,"[[2, 5, 6, 8], [0, 4, 9, 11], [1, 3, 7, 10]]",random_balanced,1.0,1.0,1.0,0.28466967854505804,0.9772951859400336,-0.9885824123157531,"{""1"": 13}"
s1-i7,1,76d142d67d767134,"[[1, 3, 7, 11], [0, 4, 5, 10], [2, 6, 8, 9]]",confidence,1.0,1.0,1.0,0.28466967854505804,0.9727170009585061,0.9862641638823273,"{""1"": 13}"
s1-i7,1,e9c6b4aaf4c5f929,"[[1, 3, 7, 11], [0, 2, 4, 10], [5, 6, 8, 9]]",entropy,0.005154577855504753,0.005154577855504753,0.005154577855504753,0.022734735265059126,1.0110226558165611,1.00549622367096,"{""1"": 12, ""2"": 1}"
s1-i7,1,9a4eef1226ae4794,"[[4, 6, 8, 11], [0, 3, 5, 10], [1, 2, 7, 9]]",dependency_cmi,0.005154577855504753,0.005154577855504753,0.005154577855504753,0.022734735265059126,1.0116489689649495,1.005807620255956,"{""1"": 12, ""2"": 1}"
s1-i7,1,2c0cccc3d58d57d5,"[[6, 8, 10, 11], [0, 5, 7, 9], [1, 2, 3, 4]]",min_within_batch_tc,1.0,1.0,1.0,0.28466967854505804,0.0001088937048552729,0.010435214653052083,"{""1"": 13}"
s1-i7,1,427c845815094d60,"[[0, 3, 5, 8], [1, 2, 4, 6], [7, 9, 10, 11]]",dprm_myopic,0.005154577855504753,0.005154577855504753,0.005154577855504753,0.0024129490654450853,0.973937949689719,-0.9868829462959217,"{""1"": 12, ""3"": 1}"
s1-i7,1,427c845815094d60,"[[0, 3, 5, 8], [1, 2, 4, 6], [7, 9, 10, 11]]",dprm_rollout,0.005154577855504753,0.005154577855504753,0.005154577855504753,0.0024129490654450853,0.973937949689719,-0.9868829462959217,"{""1"": 12, ""3"": 1}"
s1-i7,1,579c913701be2fe8,"[[2, 5, 6, 8], [0, 4, 9, 11], [1, 3, 7, 10]]",subset_exact,1.0,1.0,1.0,0.28466967854505804,0.9772951859400336,-0.9885824123157531,"{""1"": 13}"
s1-i7,1,579c913701be2fe8,"[[2, 5, 6, 8], [0, 4, 9, 11], [1, 3, 7, 10]]",subset_beam_8,1.0,1.0,1.0,0.28466967854505804,0.9772951859400336,-0.9885824123157531,"{""1"": 13}"
s1-i7,1,579c913701be2fe8,"[[2, 5, 6, 8], [0, 4, 9, 11], [1, 3, 7, 10]]",subset_beam_32,1.0,1.0,1.0,0.28466967854505804,0.9772951859400336,-0.9885824123157531,"{""1"": 13}"
s1-i7,1,579c913701be2fe8,"[[2, 5, 6, 8], [0, 4, 9, 11], [1, 3, 7, 10]]",saps_diagonal,1.0,1.0,1.0,0.28466967854505804,0.9772951859400336,-0.9885824123157531,"{""1"": 13}"
s1-i7,1,579c913701be2fe8,"[[2, 5, 6, 8], [0, 4, 9, 11], [1, 3, 7, 10]]",p_saps_residualized,1.0,1.0,1.0,0.28466967854505804,0.9772951859400336,-0.9885824123157531,"{""1"": 13}"
s1-i7,1,579c913701be2fe8,"[[2, 5, 6, 8], [0, 4, 9, 11], [1, 3, 7, 10]]",p_saps_projection,1.0,1.0,1.0,0.28466967854505804,0.9772951859400336,-0.9885824123157531,"{""1"": 13}"
s1-i7,1,579c913701be2fe8,"[[2, 5, 6, 8], [0, 4, 9, 11], [1, 3, 7, 10]]",b_saps_budgeted,1.0,1.0,1.0,0.28466967854505804,0.9772951859400336,-0.9885824123157531,"{""1"": 13}"
s1-i7,1,c2a4f0d81d3e0949,"[[2, 5, 6], [0, 8, 9], [4, 10, 11], [1, 3, 7]]",random_balanced,1.0,1.0,1.0,0.01993324391127292,0.0,0.0,"{""1"": 13}"
s1-i7,1,47d61183f21dde97,"[[1, 3, 11], [0, 7, 10], [2, 4, 5], [6, 8, 9]]",confidence,1.0,1.0,1.0,0.01993324391127292,0.00013713249222756878,-0.011710358330451242,"{""1"": 13}"
s1-i7,1,0f542c9486a60a25,"[[1, 3, 7], [0, 10, 11], [2, 4, 5], [6, 8, 9]]",entropy,1.0,1.0,1.0,0.01993324391127292,0.0,0.0,"{""1"": 13}"
s1-i7,1,ae30a8ff3932b6e3,"[[4, 6, 11], [3, 5, 10], [0, 8, 9], [1, 2, 7]]",dependency_cmi,1.0,1.0,1.0,0.01993324391127292,1.0939272408885766e-05,0.003307457091012031,"{""1"": 13}"
s1-i7,1,d50ce47f4429fa5d,"[[8, 10, 11], [6, 7, 9], [3, 4, 5], [0, 1, 2]]",min_within_batch_tc,0.005154577855504753,0.005154577855504753,0.005154577855504753,0.0002019004397056395,0.9972594237040379,0.9986287717185189,"{""1"": 12, ""2"": 1}"
s1-i7,1,506d515298a70e53,"[[3, 5, 8], [0, 1, 2], [4, 6, 7], [9, 10, 11]]",dprm_myopic,0.005154577855504753,0.005154577855504753,0.005154577855504753,0.00010304124475875244,0.0,0.0,"{""1"": 12, ""3"": 1}"
s1-i7,1,506d515298a70e53,"[[3, 5, 8], [0, 1, 2], [4, 6, 7], [9, 10, 11]]",dprm_rollout,0.005154577855504753,0.005154577855504753,0.005154577855504753,0.00010304124475875244,0.0,0.0,"{""1"": 12, ""3"": 1}"
s1-i7,1,c2a4f0d81d3e0949,"[[2, 5, 6], [0, 8, 9], [4, 10, 11], [1, 3, 7]]",subset_exact,1.0,1.0,1.0,0.01993324391127292,0.0,0.0,"{""1"": 13}"
s1-i7,1,c2a4f0d81d3e0949,"[[2, 5, 6], [0, 8, 9], [4, 10, 11], [1, 3, 7]]",subset_beam_8,1.0,1.0,1.0,0.01993324391127292,0.0,0.0,"{""1"": 13}"
s1-i7,1,c2a4f0d81d3e0949,"[[2, 5, 6], [0, 8, 9], [4, 10, 11], [1, 3, 7]]",subset_beam_32,1.0,1.0,1.0,0.01993324391127292,0.0,0.0,"{""1"": 13}"
s1-i7,1,c2a4f0d81d3e0949,"[[2, 5, 6], [0, 8, 9], [4, 10, 11], [1, 3, 7]]",saps_diagonal,1.0,1.0,1.0,0.01993324391127292,0.0,0.0,"{""1"": 13}"
s1-i7,1,c2a4f0d81d3e0949,"[[2, 5, 6], [0, 8, 9], [4, 10, 11], [1, 3, 7]]",p_saps_residualized,1.0,1.0,1.0,0.01993324391127292,0.0,0.0,"{""1"": 13}"
s1-i7,1,c2a4f0d81d3e0949,"[[2, 5, 6], [0, 8, 9], [4, 10, 11], [1, 3, 7]]",p_saps_projection,1.0,1.0,1.0,0.01993324391127292,0.0,0.0,"{""1"": 13}"
s1-i7,1,c2a4f0d81d3e0949,"[[2, 5, 6], [0, 8, 9], [4, 10, 11], [1, 3, 7]]",b_saps_budgeted,1.0,1.0,1.0,0.01993324391127292,0.0,0.0,"{""1"": 13}"
s1-i7,1,c2a4f0d81d3e0949,"[[2, 5, 6], [0, 8, 9], [4, 10, 11], [1, 3, 7]]",random_balanced,1.0,1.0,1.0,0.09832187834349397,3.245404393586191e-10,-1.801500594944723e-05,"{""1"": 13}"
s1-i7,1,47d61183f21dde97,"[[1, 3, 11], [0, 7, 10], [2, 4, 5], [6, 8, 9]]",confidence,1.0,1.0,1.0,0.09832187834349397,1.0523577535697688,1.0258448974234695,"{""1"": 13}"
s1-i7,1,0f542c9486a60a25,"[[1, 3, 7], [0, 10, 11], [2, 4, 5], [6, 8, 9]]",entropy,1.0,1.0,1.0,0.09832187834349397,1.0485399784841172,1.0239824112181406,"{""1"": 13}"
s1-i7,1,ae30a8ff3932b6e3,"[[4, 6, 11], [3, 5, 10], [0, 8, 9], [1, 2, 7]]",dependency_cmi,1.0,1.0,1.0,0.09832187834349397,1.072361461502581,1.0355488696834065,"{""1"": 13}"
s1-i7,1,d50ce47f4429fa5d,"[[8, 10, 11], [6, 7, 9], [3, 4, 5], [0, 1, 2]]",min_within_batch_tc,0.005154577855504753,0.005154577855504753,0.005154577855504753,0.0029525030574948413,9.366001449010692e-06,-0.003060392368473476,"{""1"": 12, ""2"": 1}"
s1-i7,1,506d515298a70e53,"[[3, 5, 8], [0, 1, 2], [4, 6, 7], [9, 10, 11]]",dprm_myopic,0.005154577855504753,0.005154577855504753,0.005154577855504753,0.000543041843720609,6.695263678798531e-07,0.0008182459091739189,"{""1"": 12, ""3"": 1}"
s1-i7,1,506d515298a70e53,"[[3, 5, 8], [0, 1, 2], [4, 6, 7], [9, 10, 11]]",dprm_rollout,0.005154577855504753,0.005154577855504753,0.005154577855504753,0.000543041843720609,6.695263678798531e-07,0.0008182459091739189,"{""1"": 12, ""3"": 1}"
s1-i7,1,c2a4f0d81d3e0949,"[[2, 5, 6], [0, 8, 9], [4, 10, 11], [1, 3, 7]]",subset_exact,1.0,1.0,1.0,0.09832187834349397,3.245404393586191e-10,-1.801500594944723e-05,"{""1"": 13}"
s1-i7,1,c2a4f0d81d3e0949,"[[2, 5, 6], [0, 8, 9], [4, 10, 11], [1, 3, 7]]",subset_beam_8,1.0,1.0,1.0,0.09832187834349397,3.245404393586191e-10,-1.801500594944723e-05,"{""1"": 13}"
s1-i7,1,c2a4f0d81d3e0949,"[[2, 5, 6], [0, 8, 9], [4, 10, 11], [1, 3, 7]]",subset_beam_32,1.0,1.0,1.0,0.09832187834349397,3.245404393586191e-10,-1.801500594944723e-05,"{""1"": 13}"
s1-i7,1,c2a4f0d81d3e0949,"[[2, 5, 6], [0, 8, 9], [4, 10, 11], [1, 3, 7]]",saps_diagonal,1.0,1.0,1.0,0.09832187834349397,3.245404393586191e-10,-1.801500594944723e-05,"{""1"": 13}"
s1-i7,1,c2a4f0d81d3e0949,"[[2, 5, 6], [0, 8, 9], [4, 10, 11], [1, 3, 7]]",p_saps_residualized,1.0,1.0,1.0,0.09832187834349397,3.245404393586191e-10,-1.801500594944723e-05,"{""1"": 13}"
s1-i7,1,c2a4f0d81d3e0949,"[[2, 5, 6], [0, 8, 9], [4, 10, 11], [1, 3, 7]]",p_saps_projection,1.0,1.0,1.0,0.09832187834349397,3.245404393586191e-10,-1.801500594944723e-05,"{""1"": 13}"
s1-i7,1,c2a4f0d81d3e0949,"[[2, 5, 6], [0, 8, 9], [4, 10, 11], [1, 3, 7]]",b_saps_budgeted,1.0,1.0,1.0,0.09832187834349397,3.245404393586191e-10,-1.801500594944723e-05,"{""1"": 13}"
s1-i7,1,c2a4f0d81d3e0949,"[[2, 5, 6], [0, 8, 9], [4, 10, 11], [1, 3, 7]]",random_balanced,1.0,1.0,1.0,0.28466967854505804,0.000781056977580657,0.027947396615439102,"{""1"": 13}"
s1-i7,1,47d61183f21dde97,"[[1, 3, 11], [0, 7, 10], [2, 4, 5], [6, 8, 9]]",confidence,1.0,1.0,1.0,0.28466967854505804,1.032399676241235,1.0160707043514419,"{""1"": 13}"
s1-i7,1,0f542c9486a60a25,"[[1, 3, 7], [0, 10, 11], [2, 4, 5], [6, 8, 9]]",entropy,1.0,1.0,1.0,0.28466967854505804,1.1040772142193207,1.0507507859713077,"{""1"": 13}"
s1-i7,1,ae30a8ff3932b6e3,"[[4, 6, 11], [3, 5, 10], [0, 8, 9], [1, 2, 7]]",dependency_cmi,1.0,1.0,1.0,0.28466967854505804,1.0186556844047474,1.009284739013103,"{""1"": 13}"
s1-i7,1,d50ce47f4429fa5d,"[[8, 10, 11], [6, 7, 9], [3, 4, 5], [0, 1, 2]]",min_within_batch_tc,0.005154577855504753,0.005154577855504753,0.005154577855504753,0.022734735265059126,1.0232387926825899,-1.0115526643149084,"{""1"": 12, ""2"": 1}"
s1-i7,1,506d515298a70e53,"[[3, 5, 8], [0, 1, 2], [4, 6, 7], [9, 10, 11]]",dprm_myopic,0.005154577855504753,0.005154577855504753,0.005154577855504753,0.0024129490654450853,0.9451320511006184,-0.9721790221459309,"{""1"": 12, ""3"": 1}"
s1-i7,1,506d515298a70e53,"[[3, 5, 8], [0, 1, 2], [4, 6, 7], [9, 10, 11]]",dprm_rollout,0.005154577855504753,0.005154577855504753,0.005154577855504753,0.0024129490654450853,0.9451320511006184,-0.9721790221459309,"{""1"": 12, ""3"": 1}"
s1-i7,1,c2a4f0d81d3e0949,"[[2, 5, 6], [0, 8, 9], [4, 10, 11], [1, 3, 7]]",subset_exact,1.0,1.0,1.0,0.28466967854505804,0.000781056977580657,0.027947396615439102,"{""1"": 13}"
s1-i7,1,c2a4f0d81d3e0949,"[[2, 5, 6], [0, 8, 9], [4, 10, 11], [1, 3, 7]]",subset_beam_8,1.0,1.0,1.0,0.28466967854505804,0.000781056977580657,0.027947396615439102,"{""1"": 13}"
s1-i7,1,c2a4f0d81d3e0949,"[[2, 5, 6], [0, 8, 9], [4, 10, 11], [1, 3, 7]]",subset_beam_32,1.0,1.0,1.0,0.28466967854505804,0.000781056977580657,0.027947396615439102,"{""1"": 13}"
s1-i7,1,c2a4f0d81d3e0949,"[[2, 5, 6], [0, 8, 9], [4, 10, 11], [1, 3, 7]]",saps_diagonal,1.0,1.0,1.0,0.28466967854505804,0.000781056977580657,0.027947396615439102,"{""1"": 13}"
s1-i7,1,c2a4f0d81d3e0949,"[[2, 5, 6], [0, 8, 9], [4, 10, 11], [1, 3, 7]]",p_saps_residualized,1.0,1.0,1.0,0.28466967854505804,0.000781056977580657,0.027947396615439102,"{""1"": 13}"
s1-i7,1,c2a4f0d81d3e0949,"[[2, 5, 6], [0, 8, 9], [4, 10, 11], [1, 3, 7]]",p_saps_projection,1.0,1.0,1.0,0.28466967854505804,0.000781056977580657,0.027947396615439102,"{""1"": 13}"
s1-i7,1,c2a4f0d81d3e0949,"[[2, 5, 6], [0, 8, 9], [4, 10, 11], [1, 3, 7]]",b_saps_budgeted,1.0,1.0,1.0,0.28466967854505804,0.000781056977580657,0.027947396615439102,"{""1"": 13}"
s1-i8,1,2516301160cf1942,"[[0, 1, 2, 3, 4, 5, 6, 7, 8, 9, 10, 11]]",random_balanced,1.0,1.0,1.0,0.019933243911272918,0.32164076995747165,-0.5671338201495937,"{""1"": 12}"
s1-i8,1,2516301160cf1942,"[[0, 1, 2, 3, 4, 5, 6, 7, 8, 9, 10, 11]]",confidence,1.0,1.0,1.0,0.019933243911272918,0.32164076995747165,-0.5671338201495937,"{""1"": 12}"
s1-i8,1,2516301160cf1942,"[[0, 1, 2, 3, 4, 5, 6, 7, 8, 9, 10, 11]]",entropy,1.0,1.0,1.0,0.019933243911272918,0.32164076995747165,-0.5671338201495937,"{""1"": 12}"
s1-i8,1,2516301160cf1942,"[[0, 1, 2, 3, 4, 5, 6, 7, 8, 9, 10, 11]]",dependency_cmi,1.0,1.0,1.0,0.019933243911272918,0.32164076995747165,-0.5671338201495937,"{""1"": 12}"
s1-i8,1,2516301160cf1942,"[[0, 1, 2, 3, 4, 5, 6, 7, 8, 9, 10, 11]]",min_within_batch_tc,1.0,1.0,1.0,0.019933243911272918,0.32164076995747165,-0.5671338201495937,"{""1"": 12}"
s1-i8,1,2516301160cf1942,"[[0, 1, 2, 3, 4, 5, 6, 7, 8, 9, 10, 11]]",dprm_myopic,1.0,1.0,1.0,0.019933243911272918,0.32164076995747165,-0.5671338201495937,"{""1"": 12}"
s1-i8,1,2516301160cf1942,"[[0, 1, 2, 3, 4, 5, 6, 7, 8, 9, 10, 11]]",dprm_rollout,1.0,1.0,1.0,0.019933243911272918,0.32164076995747165,-0.5671338201495937,"{""1"": 12}"
s1-i8,1,2516301160cf1942,"[[0, 1, 2, 3, 4, 5, 6, 7, 8, 9, 10, 11]]",subset_exact,1.0,1.0,1.0,0.019933243911272918,0.32164076995747165,-0.5671338201495937,"{""1"": 12}"
s1-i8,1,2516301160cf1942,"[[0, 1, 2, 3, 4, 5, 6, 7, 8, 9, 10, 11]]",subset_beam_8,1.0,1.0,1.0,0.019933243911272918,0.32164076995747165,-0.5671338201495937,"{""1"": 12}"
s1-i8,1,2516301160cf1942,"[[0, 1, 2, 3, 4, 5, 6, 7, 8, 9, 10, 11]]",subset_beam_32,1.0,1.0,1.0,0.019933243911272918,0.32164076995747165,-0.5671338201495937,"{""1"": 12}"
s1-i8,1,2516301160cf1942,"[[0, 1, 2, 3, 4, 5, 6, 7, 8, 9, 10, 11]]",saps_diagonal,1.0,1.0,1.0,0.019933243911272918,0.32164076995747165,-0.5671338201495937,"{""1"": 12}"
s1-i8,1,2516301160cf1942,"[[0, 1, 2, 3, 4, 5, 6, 7, 8, 9, 10, 11]]",p_saps_residualized,1.0,1.0,1.0,0.019933243911272918,0.32164076995747165,-0.5671338201495937,"{""1"": 12}"
s1-i8,1,2516301160cf1942,"[[0, 1, 2, 3, 4, 5, 6, 7, 8, 9, 10, 11]]",p_saps_projection,1.0,1.0,1.0,0.019933243911272918,0.32164076995747165,-0.5671338201495937,"{""1"": 12}"
s1-i8,1,2516301160cf1942,"[[0, 1, 2, 3, 4, 5, 6, 7, 8, 9, 10, 11]]",b_saps_budgeted,1.0,1.0,1.0,0.019933243911272918,0.32164076995747165,-0.5671338201495937,"{""1"": 12}"
s1-i8,1,2516301160cf1942,"[[0, 1, 2, 3, 4, 5, 6, 7, 8, 9, 10, 11]]",random_balanced,1.0,1.0,1.0,0.09832187834349396,2.6462146601082304,1.6267189862137315,"{""1"": 12}"
s1-i8,1,2516301160cf1942,"[[0, 1, 2, 3, 4, 5, 6, 7, 8, 9, 10, 11]]",confidence,1.0,1.0,1.0,0.09832187834349396,2.6462146601082304,1.6267189862137315,"{""1"": 12}"
s1-i8,1,2516301160cf1942,"[[0, 1, 2, 3, 4, 5, 6, 7, 8, 9, 10, 11]]",entropy,1.0,1.0,1.0,0.09832187834349396,2.6462146601082304,1.6267189862137315,"{""1"": 12}"
s1-i8,1,2516301160cf1942,"[[0, 1, 2, 3, 4, 5, 6, 7, 8, 9, 10, 11]]",dependency_cmi,1.0,1.0,1.0,0.09832187834349396,2.6462146601082304,1.6267189862137315,"{""1"": 12}"
s1-i8,1,2516301160cf1942,"[[0, 1, 2, 3, 4, 5, 6, 7, 8, 9, 10, 11]]",min_within_batch_tc,1.0,1.0,1.0,0.09832187834349396,2.6462146601082304,1.6267189862137315,"{""1"": 12}"
s1-i8,1,2516301160cf1942,"[[0, 1, 2, 3, 4, 5, 6, 7, 8, 9, 10, 11]]",dprm_myopic,1.0,1.0,1.0,0.09832187834349396,2.6462146601082304,1.6267189862137315,"{""1"": 12}"
s1-i8,1,2516301160cf1942,"[[0, 1, 2, 3, 4, 5, 6, 7, 8, 9, 10, 11]]",dprm_rollout,1.0,1.0,1.0,0.09832187834349396,2.6462146601082304,1.6267189862137315,"{""1"": 12}"
s1-i8,1,2516301160cf1942,"[[0, 1, 2, 3, 4, 5, 6, 7, 8, 9, 10, 11]]",subset_exact,1.0,1.0,1.0,0.09832187834349396,2.6462146601082304,1.6267189862137315,"{""1"": 12}"
s1-i8,1,2516301160cf1942,"[[0, 1, 2, 3, 4, 5, 6, 7, 8, 9, 10, 11]]",subset_beam_8,1.0,1.0,1.0,0.09832187834349396,2.6462146601082304,1.6267189862137315,"{""1"": 12}"
s1-i8,1,2516301160cf1942,"[[0, 1, 2, 3, 4, 5, 6, 7, 8, 9, 10, 11]]",subset_beam_32,1.0,1.0,1.0,0.09832187834349396,2.6462146601082304,1.6267189862137315,"{""1"": 12}"
s1-i8,1,2516301160cf1942,"[[0, 1, 2, 3, 4, 5, 6, 7, 8, 9, 10, 11]]",saps_diagonal,1.0,1.0,1.0,0.09832187834349396,2.6462146601082304,1.6267189862137315,"{""1"": 12}"
s1-i8,1,2516301160cf1942,"[[0, 1, 2, 3, 4, 5, 6, 7, 8, 9, 10, 11]]",p_saps_residualized,1.0,1.0,1.0,0.09832187834349396,2.6462146601082304,1.6267189862137315,"{""1"": 12}"
s1-i8,1,2516301160cf1942,"[[0, 1, 2, 3, 4, 5, 6, 7, 8, 9, 10, 11]]",p_saps_projection,1.0,1.0,1.0,0.09832187834349396,2.6462146601082304,1.6267189862137315,"{""1"": 12}"
s1-i8,1,2516301160cf1942,"[[0, 1, 2, 3, 4, 5, 6, 7, 8, 9, 10, 11]]",b_saps_budgeted,1.0,1.0,1.0,0.09832187834349396,2.6462146601082304,1.6267189862137315,"{""1"": 12}"
s1-i8,1,2516301160cf1942,"[[0, 1, 2, 3, 4, 5, 6, 7, 8, 9, 10, 11]]",random_balanced,1.0,1.0,1.0,0.28466967854505804,2.807941639453122,-1.6756913914719267,"{""1"": 12}"
s1-i8,1,2516301160cf1942,"[[0, 1, 2, 3, 4, 5, 6, 7, 8, 9, 10, 11]]",confidence,1.0,1.0,1.0,0.28466967854505804,2.807941639453122,-1.6756913914719267,"{""1"": 12}"
s1-i8,1,2516301160cf1942,"[[0, 1, 2, 3, 4, 5, 6, 7, 8, 9, 10, 11]]",entropy,1.0,1.0,1.0,0.28466967854505804,2.807941639453122,-1.6756913914719267,"{""1"": 12}"
s1-i8,1,2516301160cf1942,"[[0, 1, 2, 3, 4, 5, 6, 7, 8, 9, 10, 11]]",dependency_cmi,1.0,1.0,1.0,0.28466967854505804,2.807941639453122,-1.6756913914719267,"{""1"": 12}"
s1-i8,1,2516301160cf1942,"[[0, 1, 2, 3, 4, 5, 6, 7, 8, 9, 10, 11]]",min_within_batch_tc,1.0,1.0,1.0,0.28466967854505804,2.807941639453122,-1.6756913914719267,"{""1"": 12}"
s1-i8,1,2516301160cf1942,"[[0, 1, 2, 3, 4, 5, 6, 7, 8, 9, 10, 11]]",dprm_myopic,1.0,1.0,1.0,0.28466967854505804,2.807941639453122,-1.6756913914719267,"{""1"": 12}"
s1-i8,1,2516301160cf1942,"[[0, 1, 2, 3, 4, 5, 6, 7, 8, 9, 10, 11]]",dprm_rollout,1.0,1.0,1.0,0.28466967854505804,2.807941639453122,-1.6756913914719267,"{""1"": 12}"
s1-i8,1,2516301160cf1942,"[[0, 1, 2, 3, 4, 5, 6, 7, 8, 9, 10, 11]]",subset_exact,1.0,1.0,1.0,0.28466967854505804,2.807941639453122,-1.6756913914719267,"{""1"": 12}"
s1-i8,1,2516301160cf1942,"[[0, 1, 2, 3, 4, 5, 6, 7, 8, 9, 10, 11]]",subset_beam_8,1.0,1.0,1.0,0.28466967854505804,2.807941639453122,-1.6756913914719267,"{""1"": 12}"
s1-i8,1,2516301160cf1942,"[[0, 1, 2, 3, 4, 5, 6, 7, 8, 9, 10, 11]]",subset_beam_32,1.0,1.0,1.0,0.28466967854505804,2.807941639453122,-1.6756913914719267,"{""1"": 12}"
s1-i8,1,2516301160cf1942,"[[0, 1, 2, 3, 4, 5, 6, 7, 8, 9, 10, 11]]",saps_diagonal,1.0,1.0,1.0,0.28466967854505804,2.807941639453122,-1.6756913914719267,"{""1"": 12}"
s1-i8,1,2516301160cf1942,"[[0, 1, 2, 3, 4, 5, 6, 7, 8, 9, 10, 11]]",p_saps_residualized,1.0,1.0,1.0,0.28466967854505804,2.807941639453122,-1.6756913914719267,"{""1"": 12}"
s1-i8,1,2516301160cf1942,"[[0, 1, 2, 3, 4, 5, 6, 7, 8, 9, 10, 11]]",p_saps_projection,1.0,1.0,1.0,0.28466967854505804,2.807941639453122,-1.6756913914719267,"{""1"": 12}"
s1-i8,1,2516301160cf1942,"[[0, 1, 2, 3, 4, 5, 6, 7, 8, 9, 10, 11]]",b_saps_budgeted,1.0,1.0,1.0,0.28466967854505804,2.807941639453122,-1.6756913914719267,"{""1"": 12}"
s1-i8,1,dce2be12c5bd4caa,"[[0, 1, 6, 8, 9, 11], [2, 3, 4, 5, 7, 10]]",random_balanced,1.0,1.0,1.0,0.019933243911272918,0.0,0.0,"{""1"": 12}"
s1-i8,1,24c7856bd409e871,"[[0, 1, 6, 7, 9, 10], [2, 3, 4, 5, 8, 11]]",confidence,1.0,1.0,1.0,0.019933243911272918,0.01946443273289576,0.1395149910686868,"{""1"": 12}"
s1-i8,1,53da903f9b8602bd,"[[0, 1, 3, 6, 9, 10], [2, 4, 5, 7, 8, 11]]",entropy,1.0,1.0,1.0,0.019933243911272918,0.32164076995747165,-0.5671338201495937,"{""1"": 12}"
s1-i8,1,695cf9cc4372c4d8,"[[0, 1, 3, 4, 8, 10], [2, 5, 6, 7, 9, 11]]",dependency_cmi,1.0,1.0,1.0,0.019933243911272918,0.32164076995747165,-0.5671338201495937,"{""1"": 12}"
s1-i8,1,30b35504934e9ccd,"[[0, 3, 7, 8, 10, 11], [1, 2, 4, 5, 6, 9]]",min_within_batch_tc,1.0,1.0,1.0,0.019933243911272918,0.32164076995747165,-0.5671338201495937,"{""1"": 12}"
s1-i8,1,65cd73210213c5d5,"[[0, 1, 2, 3, 4, 5], [6, 7, 8, 9, 10, 11]]",dprm_myopic,1.0,1.0,1.0,0.019933243911272918,0.32164076995747165,-0.5671338201495937,"{""1"": 12}"
s1-i8,1,65cd73210213c5d5,"[[0, 1, 2, 3, 4, 5], [6, 7, 8, 9, 10, 11]]",dprm_rollout,1.0,1.0,1.0,0.019933243911272918,0.32164076995747165,-0.5671338201495937,"{""1"": 12}"
s1-i8,1,dce2be12c5bd4caa,"[[0, 1, 6, 8, 9, 11], [2, 3, 4, 5, 7, 10]]",subset_exact,1.0,1.0,1.0,0.019933243911272918,0.0,0.0,"{""1"": 12}"
s1-i8,1,dce2be12c5bd4caa,"[[0, 1, 6, 8, 9, 11], [2, 3, 4, 5, 7, 10]]",subset_beam_8,1.0,1.0,1.0,0.019933243911272918,0.0,0.0,"{""1"": 12}"
s1-i8,1,dce2be12c5bd4caa,"[[0, 1, 6, 8, 9, 11], [2, 3, 4, 5, 7, 10]]",subset_beam_32,1.0,1.0,1.0,0.019933243911272918,0.0,0.0,"{""1"": 12}"
s1-i8,1,dce2be12c5bd4caa,"[[0, 1, 6, 8, 9, 11], [2, 3, 4, 5, 7, 10]]",saps_diagonal,1.0,1.0,1.0,0.019933243911272918,0.0,0.0,"{""1"": 12}"
s1-i8,1,dce2be12c5bd4caa,"[[0, 1, 6, 8, 9, 11], [2, 3, 4, 5, 7, 10]]",p_saps_residualized,1.0,1.0,1.0,0.019933243911272918,0.0,0.0,"{""1"": 12}"
s1-i8,1,dce2be12c5bd4caa,"[[0, 1, 6, 8, 9, 11], [2, 3, 4, 5, 7, 10]]",p_saps_projection,1.0,1.0,1.0,0.019933243911272918,0.0,0.0,"{""1"": 12}"
s1-i8,1,dce2be12c5bd4caa,"[[0, 1, 6, 8, 9, 11], [2, 3, 4, 5, 7, 10]]",b_saps_budgeted,1.0,1.0,1.0,0.019933243911272918,0.0,0.0,"{""1"": 12}"
s1-i8,1,dce2be12c5bd4caa,"[[0, 1, 6, 8, 9, 11], [2, 3, 4, 5, 7, 10]]",random_balanced,1.0,1.0,1.0,0.09832187834349396,2.6462146601082304,1.6267189862137315,"{""1"": 12}"
s1-i8,1,24c7856bd409e871,"[[0, 1, 6, 7, 9, 10], [2, 3, 4, 5, 8, 11]]",confidence,1.0,1.0,1.0,0.09832187834349396,0.4844323044949163,0.696011712900664,"{""1"": 12}"
s1-i8,1,53da903f9b8602bd,"[[0, 1, 3, 6, 9, 10], [2, 4, 5, 7, 8, 11]]",entropy,1.0,1.0,1.0,0.09832187834349396,2.6462146601082304,1.6267189862137315,"{""1"": 12}"
s1-i8,1,695cf9cc4372c4d8,"[[0, 1, 3, 4, 8, 10], [2, 5, 6, 7, 9, 11]]",dependency_cmi,1.0,1.0,1.0,0.09832187834349396,2.6462146601082304,1.6267189862137315,"{""1"": 12}"
s1-i8,1,30b35504934e9ccd,"[[0, 3, 7, 8, 10, 11], [1, 2, 4, 5, 6, 9]]",min_within_batch_tc,1.0,1.0,1.0,0.09832187834349396,0.0,0.0,"{""1"": 12}"
s1-i8,1,65cd73210213c5d5,"[[0, 1, 2, 3, 4, 5], [6, 7, 8, 9, 10, 11]]",dprm_myopic,1.0,1.0,1.0,0.09832187834349396,7.713750966484385,2.7773640320426822,"{""1"": 12}"
s1-i8,1,65cd73210213c5d5,"[[0, 1, 2, 3, 4, 5], [6, 7, 8, 9, 10, 11]]",dprm_rollout,1.0,1.0,1.0,0.09832187834349396,7.713750966484385,2.7773640320426822,"{""1"": 12}"
s1-i8,1,dce2be12c5bd4caa,"[[0, 1, 6, 8, 9, 11], [2, 3, 4, 5, 7, 10]]",subset_exact,1.0,1.0,1.0,0.09832187834349396,2.6462146601082304,1.6267189862137315,"{""1"": 12}"
s1-i8,1,dce2be12c5bd4caa,"[[0, 1, 6, 8, 9, 11], [2, 3, 4, 5, 7, 10]]",subset_beam_8,1.0,1.0,1.0,0.09832187834349396,2.6462146601082304,1.6267189862137315,"{""1"": 12}"
s1-i8,1,dce2be12c5bd4caa,"[[0, 1, 6, 8, 9, 11], [2, 3, 4, 5, 7, 10]]",subset_beam_32,1.0,1.0,1.0,0.09832187834349396,2.6462146601082304,1.6267189862137315,"{""1"": 12}"
s1-i8,1,dce2be12c5bd4caa,"[[0, 1, 6, 8, 9, 11], [2, 3, 4, 5, 7, 10]]",saps_diagonal,1.0,1.0,1.0,0.09832187834349396,2.6462146601082304,1.6267189862137315,"{""1"": 12}"
s1-i8,1,dce2be12c5bd4caa,"[[0, 1, 6, 8, 9, 11], [2, 3, 4, 5, 7, 10]]",p_saps_residualized,1.0,1.0,1.0,0.09832187834349396,2.6462146601082304,1.6267189862137315,"{""1"": 12}"
s1-i8,1,dce2be12c5bd4caa,"[[0, 1, 6, 8, 9, 11], [2, 3, 4, 5, 7, 10]]",p_saps_projection,1.0,1.0,1.0,0.09832187834349396,2.6462146601082304,1.6267189862137315,"{""1"": 12}"
s1-i8,1,dce2be12c5bd4caa,"[[0, 1, 6, 8, 9, 11], [2, 3, 4, 5, 7, 10]]",b_saps_budgeted,1.0,1.0,1.0,0.09832187834349396,2.6462146601082304,1.6267189862137315,"{""1"": 12}"
s1-i8,1,dce2be12c5bd4caa,"[[0, 1, 6, 8, 9, 11], [2, 3, 4, 5, 7, 10]]",random_balanced,1.0,1.0,1.0,0.28466967854505804,11.01479211337717,3.3188540361662744,"{""1"": 12}"
s1-i8,1,24c7856bd409e871,"[[0, 1, 6, 7, 9, 10], [2, 3, 4, 5, 8, 11]]",confidence,1.0,1.0,1.0,0.28466967854505804,0.30161137214130496,0.5491915623362261,"{""1"": 12}"
s1-i8,1,53da903f9b8602bd,"[[0, 1, 3, 6, 9, 10], [2, 4, 5, 7, 8, 11]]",entropy,1.0,1.0,1.0,0.28466967854505804,3.8304886714826467,-1.9571634248275351,"{""1"": 12}"
s1-i8,1,695cf9cc4372c4d8,"[[0, 1, 3, 4, 8, 10], [2, 5, 6, 7, 9, 11]]",dependency_cmi,1.0,1.0,1.0,0.28466967854505804,0.0913033936986357,-0.3021645142941767,"{""1"": 12}"
s1-i8,1,30b35504934e9ccd,"[[0, 3, 7, 8, 10, 11], [1, 2, 4, 5, 6, 9]]",min_within_batch_tc,1.0,1.0,1.0,0.28466967854505804,8.736040333498446,-2.9556793353641133,"{""1"": 12}"
s1-i8,1,65cd73210213c5d5,"[[0, 1, 2, 3, 4, 5], [6, 7, 8, 9, 10, 11]]",dprm_myopic,1.0,1.0,1.0,0.28466967854505804,1.8376305586065302,1.3555923275847095,"{""1"": 12}"
s1-i8,1,65cd73210213c5d5,"[[0, 1, 2, 3, 4, 5], [6, 7, 8, 9, 10, 11]]",dprm_rollout,1.0,1.0,1.0,0.28466967854505804,1.8376305586065302,1.3555923275847095,"{""1"": 12}"
s1-i8,1,dce2be12c5bd4caa,"[[0, 1, 6, 8, 9, 11], [2, 3, 4, 5, 7, 10]]",subset_exact,1.0,1.0,1.0,0.28466967854505804,11.01479211337717,3.3188540361662744,"{""1"": 12}"
s1-i8,1,dce2be12c5bd4caa,"[[0, 1, 6, 8, 9, 11], [2, 3, 4, 5, 7, 10]]",subset_beam_8,1.0,1.0,1.0,0.28466967854505804,11.01479211337717,3.3188540361662744,"{""1"": 12}"
s1-i8,1,dce2be12c5bd4caa,"[[0, 1, 6, 8, 9, 11], [2, 3, 4, 5, 7, 10]]",subset_beam_32,1.0,1.0,1.0,0.28466967854505804,11.01479211337717,3.3188540361662744,"{""1"": 12}"
s1-i8,1,dce2be12c5bd4caa,"[[0, 1, 6, 8, 9, 11], [2, 3, 4, 5, 7, 10]]",saps_diagonal,1.0,1.0,1.0,0.28466967854505804,11.01479211337717,3.3188540361662744,"{""1"": 12}"
s1-i8,1,dce2be12c5bd4caa,"[[0, 1, 6, 8, 9, 11], [2, 3, 4, 5, 7, 10]]",p_saps_residualized,1.0,1.0,1.0,0.28466967854505804,11.01479211337717,3.3188540361662744,"{""1"": 12}"
s1-i8,1,dce2be12c5bd4caa,"[[0, 1, 6, 8, 9, 11], [2, 3, 4, 5, 7, 10]]",p_saps_projection,1.0,1.0,1.0,0.28466967854505804,11.01479211337717,3.3188540361662744,"{""1"": 12}"
s1-i8,1,dce2be12c5bd4caa,"[[0, 1, 6, 8, 9, 11], [2, 3, 4, 5, 7, 10]]",b_saps_budgeted,1.0,1.0,1.0,0.28466967854505804,11.01479211337717,3.3188540361662744,"{""1"": 12}"
s1-i8,1,d1e37f61c4840bec,"[[0, 1, 8, 11], [2, 5, 6, 9], [3, 4, 7, 10]]",random_balanced,1.0,1.0,1.0,0.019933243911272918,0.0,0.0,"{""1"": 12}"
s1-i8,1,9f681faa1e1f5e79,"[[0, 1, 6, 10], [3, 5, 7, 9], [2, 4, 8, 11]]",confidence,1.0,1.0,1.0,0.019933243911272918,0.01946443273289576,0.1395149910686868,"{""1"": 12}"
s1-i8,1,2bd433c195dab903,"[[0, 6, 9, 10], [1, 3, 5, 7], [2, 4, 8, 11]]",entropy,1.0,1.0,1.0,0.019933243911272918,0.01946443273289576,0.1395149910686868,"{""1"": 12}"
s1-i8,1,decf160e2cd3c96d,"[[0, 1, 3, 4], [2, 5, 6, 11], [7, 8, 9, 10]]",dependency_cmi,1.0,1.0,1.0,0.019933243911272918,0.32164076995747165,-0.5671338201495937,"{""1"": 12}"
s1-i8,1,41996376a55f59e8,"[[0, 3, 7, 8], [1, 5, 10, 11], [2, 4, 6, 9]]",min_within_batch_tc,1.0,1.0,1.0,0.019933243911272918,0.4993525423962087,-0.7066488112182803,"{""1"": 12}"
s1-i8,1,50e10ab5b359ad31,"[[0, 1, 2, 3], [4, 5, 6, 7], [8, 9, 10, 11]]",dprm_myopic,1.0,1.0,1.0,0.019933243911272918,0.19713265634845356,0.4439962346106705,"{""1"": 12}"
s1-i8,1,50e10ab5b359ad31,"[[0, 1, 2, 3], [4, 5, 6, 7], [8, 9, 10, 11]]",dprm_rollout,1.0,1.0,1.0,0.019933243911272918,0.19713265634845356,0.4439962346106705,"{""1"": 12}"
s1-i8,1,d1e37f61c4840bec,"[[0, 1, 8, 11], [2, 5, 6, 9], [3, 4, 7, 10]]",subset_exact,1.0,1.0,1.0,0.019933243911272918,0.0,0.0,"{""1"": 12}"
s1-i8,1,d1e37f61c4840bec,"[[0, 1, 8, 11], [2, 5, 6, 9], [3, 4, 7, 10]]",subset_beam_8,1.0,1.0,1.0,0.019933243911272918,0.0,0.0,"{""1"": 12}"
s1-i8,1,d1e37f61c4840bec,"[[0, 1, 8, 11], [2, 5, 6, 9], [3, 4, 7, 10]]",subset_beam_32,1.0,1.0,1.0,0.019933243911272918,0.0,0.0,"{""1"": 12}"
s1-i8,1,d1e37f61c4840bec,"[[0, 1, 8, 11], [2, 5, 6, 9], [3, 4, 7, 10]]",saps_diagonal,1.0,1.0,1.0,0.019933243911272918,0.0,0.0,"{""1"": 12}"
s1-i8,1,d1e37f61c4840bec,"[[0, 1, 8, 11], [2, 5, 6, 9], [3, 4, 7, 10]]",p_saps_residualized,1.0,1.0,1.0,0.019933243911272918,0.0,0.0,"{""1"": 12}"
s1-i8,1,d1e37f61c4840bec,"[[0, 1, 8, 11], [2, 5, 6, 9], [3, 4, 7, 10]]",p_saps_projection,1.0,1.0,1.0,0.019933243911272918,0.0,0.0,"{""1"": 12}"
s1-i8,1,d1e37f61c4840bec,"[[0, 1, 8, 11], [2, 5, 6, 9], [3, 4, 7, 10]]",b_saps_budgeted,1.0,1.0,1.0,0.019933243911272918,0.0,0.0,"{""1"": 12}"
s1-i8,1,d1e37f61c4840bec,"[[0, 1, 8, 11], [2, 5, 6, 9], [3, 4, 7, 10]]",random_balanced,1.0,1.0,1.0,0.09832187834349396,0.4844323044949163,0.696011712900664,"{""1"": 12}"
s1-i8,1,9f681faa1e1f5e79,"[[0, 1, 6, 10], [3, 5, 7, 9], [2, 4, 8, 11]]",confidence,1.0,1.0,1.0,0.09832187834349396,2.6462146601082304,1.6267189862137315,"{""1"": 12}"
s1-i8,1,2bd433c195dab903,"[[0, 6, 9, 10], [1, 3, 5, 7], [2, 4, 8, 11]]",entropy,1.0,1.0,1.0,0.09832187834349396,1.3833292137812996,1.1761501663398681,"{""1"": 12}"
s1-i8,1,decf160e2cd3c96d,"[[0, 1, 3, 4], [2, 5, 6, 11], [7, 8, 9, 10]]",dependency_cmi,1.0,1.0,1.0,0.09832187834349396,2.6462146601082304,1.6267189862137315,"{""1"": 12}"
s1-i8,1,41996376a55f59e8,"[[0, 3, 7, 8], [1, 5, 10, 11], [2, 4, 6, 9]]",min_within_batch_tc,1.0,1.0,1.0,0.09832187834349396,0.0,0.0,"{""1"": 12}"
s1-i8,1,50e10ab5b359ad31,"[[0, 1, 2, 3], [4, 5, 6, 7], [8, 9, 10, 11]]",dprm_myopic,1.0,1.0,1.0,0.09832187834349396,7.713750966484385,2.7773640320426822,"{""1"": 12}"
s1-i8,1,50e10ab5b359ad31,"[[0, 1, 2, 3], [4, 5, 6, 7], [8, 9, 10, 11]]",dprm_rollout,1.0,1.0,1.0,0.09832187834349396,7.713750966484385,2.7773640320426822,"{""1"": 12}"
s1-i8,1,d1e37f61c4840bec,"[[0, 1, 8, 11], [2, 5, 6, 9], [3, 4, 7, 10]]",subset_exact,1.0,1.0,1.0,0.09832187834349396,0.4844323044949163,0.696011712900664,"{""1"": 12}"
s1-i8,1,d1e37f61c4840bec,"[[0, 1, 8, 11], [2, 5, 6, 9], [3, 4, 7, 10]]",subset_beam_8,1.0,1.0,1.0,0.09832187834349396,0.4844323044949163,0.696011712900664,"{""1"": 12}"
s1-i8,1,d1e37f61c4840bec,"[[0, 1, 8, 11], [2, 5, 6, 9], [3, 4, 7, 10]]",subset_beam_32,1.0,1.0,1.0,0.09832187834349396,0.4844323044949163,0.696011712900664,"{""1"": 12}"
s1-i8,1,d1e37f61c4840bec,"[[0, 1, 8, 11], [2, 5, 6, 9], [3, 4, 7, 10]]",saps_diagonal,1.0,1.0,1.0,0.09832187834349396,0.4844323044949163,0.696011712900664,"{""1"": 12}"
s1-i8,1,d1e37f61c4840bec,"[[0, 1, 8, 11], [2, 5, 6, 9], [3, 4, 7, 10]]",p_saps_residualized,1.0,1.0,1.0,0.09832187834349396,0.4844323044949163,0.696011712900664,"{""1"": 12}"
s1-i8,1,d1e37f61c4840bec,"[[0, 1, 8, 11], [2, 5, 6, 9], [3, 4, 7, 10]]",p_saps_projection,1.0,1.0,1.0,0.09832187834349396,0.4844323044949163,0.696011712900664,"{""1"": 12}"
s1-i8,1,d1e37f61c4840bec,"[[0, 1, 8, 11], [2, 5, 6, 9], [3, 4, 7, 10]]",b_saps_budgeted,1.0,1.0,1.0,0.09832187834349396,0.4844323044949163,0.696011712900664,"{""1"": 12}"
s1-i8,1,d1e37f61c4840bec,"[[0, 1, 8, 11], [2, 5, 6, 9], [3, 4, 7, 10]]",random_balanced,1.0,1.0,1.0,0.28466967854505804,30.670919025600053,5.53813317152992,"{""1"": 12}"
s1-i8,1,9f681faa1e1f5e79,"[[0, 1, 6, 10], [3, 5, 7, 9], [2, 4, 8, 11]]",confidence,1.0,1.0,1.0,0.28466967854505804,15.251128860869972,3.905269371102328,"{""1"": 12}"
s1-i8,1,2bd433c195dab903,"[[0, 6, 9, 10], [1, 3, 5, 7], [2, 4, 8, 11]]",entropy,1.0,1.0,1.0,0.28466967854505804,0.006009979189269937,-0.07752405555226027,"{""1"": 12}"
s1-i8,1,decf160e2cd3c96d,"[[0, 1, 3, 4], [2, 5, 6, 11], [7, 8, 9, 10]]",dependency_cmi,1.0,1.0,1.0,0.28466967854505804,35.33274640696916,5.944135463376416,"{""1"": 12}"
s1-i8,1,41996376a55f59e8,"[[0, 3, 7, 8], [1, 5, 10, 11], [2, 4, 6, 9]]",min_within_batch_tc,1.0,1.0,1.0,0.28466967854505804,12.293150316046725,3.5061589119785666,"{""1"": 12}"
s1-i8,1,50e10ab5b359ad31,"[[0, 1, 2, 3], [4, 5, 6, 7], [8, 9, 10, 11]]",dprm_myopic,1.0,1.0,1.0,0.28466967854505804,1.9074301611362534,1.381097448095627,"{""1"": 12}"
s1-i8,1,50e10ab5b359ad31,"[[0, 1, 2, 3], [4, 5, 6, 7], [8, 9, 10, 11]]",dprm_rollout,1.0,1.0,1.0,0.28466967854505804,1.9074301611362534,1.381097448095627,"{""1"": 12}"
s1-i8,1,d1e37f61c4840bec,"[[0, 1, 8, 11], [2, 5, 6, 9], [3, 4, 7, 10]]",subset_exact,1.0,1.0,1.0,0.28466967854505804,30.670919025600053,5.53813317152992,"{""1"": 12}"
s1-i8,1,d1e37f61c4840bec,"[[0, 1, 8, 11], [2, 5, 6, 9], [3, 4, 7, 10]]",subset_beam_8,1.0,1.0,1.0,0.28466967854505804,30.670919025600053,5.53813317152992,"{""1"": 12}"
s1-i8,1,d1e37f61c4840bec,"[[0, 1, 8, 11], [2, 5, 6, 9], [3, 4, 7, 10]]",subset_beam_32,1.0,1.0,1.0,0.28466967854505804,30.670919025600053,5.53813317152992,"{""1"": 12}"
s1-i8,1,d1e37f61c4840bec,"[[0, 1, 8, 11], [2, 5, 6, 9], [3, 4, 7, 10]]",saps_diagonal,1.0,1.0,1.0,0.28466967854505804,30.670919025600053,5.53813317152992,"{""1"": 12}"
s1-i8,1,d1e37f61c4840bec,"[[0, 1, 8, 11], [2, 5, 6, 9], [3, 4, 7, 10]]",p_saps_residualized,1.0,1.0,1.0,0.28466967854505804,30.670919025600053,5.53813317152992,"{""1"": 12}"
s1-i8,1,d1e37f61c4840bec,"[[0, 1, 8, 11], [2, 5, 6, 9], [3, 4, 7, 10]]",p_saps_projection,1.0,1.0,1.0,0.28466967854505804,30.670919025600053,5.53813317152992,"{""1"": 12}"
s1-i8,1,d1e37f61c4840bec,"[[0, 1, 8, 11], [2, 5, 6, 9], [3, 4, 7, 10]]",b_saps_budgeted,1.0,1.0,1.0,0.28466967854505804,30.670919025600053,5.53813317152992,"{""1"": 12}"
s1-i8,1,a50e3ae574e0de5e,"[[0, 1, 8], [6, 9, 11], [2, 5, 7], [3, 4, 10]]",random_balanced,1.0,1.0,1.0,0.019933243911272918,0.32164076995747165,-0.5671338201495937,"{""1"": 12}"
s1-i8,1,53259e303c211b49,"[[0, 1, 10], [6, 7, 9], [2, 3, 5], [4, 8, 11]]",confidence,1.0,1.0,1.0,0.019933243911272918,0.01946443273289576,0.1395149910686868,"{""1"": 12}"
s1-i8,1,b4523dac5c1df076,"[[0, 6, 10], [1, 3, 9], [2, 5, 7], [4, 8, 11]]",entropy,1.0,1.0,1.0,0.019933243911272918,0.01946443273289576,0.1395149910686868,"{""1"": 12}"
s1-i8,1,8df1694241579916,"[[0, 3, 4], [1, 5, 6], [2, 10, 11], [7, 8, 9]]",dependency_cmi,1.0,1.0,1.0,0.019933243911272918,0.32164076995747165,-0.5671338201495937,"{""1"": 12}"
s1-i8,1,b5b6de44cef5fede,"[[0, 3, 4], [7, 8, 9], [1, 10, 11], [2, 5, 6]]",min_within_batch_tc,1.0,1.0,1.0,0.019933243911272918,0.32164076995747165,-0.5671338201495937,"{""1"": 12}"
s1-i8,1,8f058866e4ab3ff8,"[[0, 1, 2], [3, 4, 5], [6, 7, 8], [9, 10, 11]]",dprm_myopic,1.0,1.0,1.0,0.019933243911272918,0.01946443273289576,0.1395149910686868,"{""1"": 12}"
s1-i8,1,8f058866e4ab3ff8,"[[0, 1, 2], [3, 4, 5], [6, 7, 8], [9, 10, 11]]",dprm_rollout,1.0,1.0,1.0,0.019933243911272918,0.01946443273289576,0.1395149910686868,"{""1"": 12}"
s1-i8,1,a50e3ae574e0de5e,"[[0, 1, 8], [6, 9, 11], [2, 5, 7], [3, 4, 10]]",subset_exact,1.0,1.0,1.0,0.019933243911272918,0.32164076995747165,-0.5671338201495937,"{""1"": 12}"
s1-i8,1,a50e3ae574e0de5e,"[[0, 1, 8], [6, 9, 11], [2, 5, 7], [3, 4, 10]]",subset_beam_8,1.0,1.0,1.0,0.019933243911272918,0.32164076995747165,-0.5671338201495937,"{""1"": 12}"
s1-i8,1,a50e3ae574e0de5e,"[[0, 1, 8], [6, 9, 11], [2, 5, 7], [3, 4, 10]]",subset_beam_32,1.0,1.0,1.0,0.019933243911272918,0.32164076995747165,-0.5671338201495937,"{""1"": 12}"
s1-i8,1,a50e3ae574e0de5e,"[[0, 1, 8], [6, 9, 11], [2, 5, 7], [3, 4, 10]]",saps_diagonal,1.0,1.0,1.0,0.019933243911272918,0.32164076995747165,-0.5671338201495937,"{""1"": 12}"
s1-i8,1,a50e3ae574e0de5e,"[[0, 1, 8], [6, 9, 11], [2, 5, 7], [3, 4, 10]]",p_saps_residualized,1.0,1.0,1.0,0.019933243911272918,0.32164076995747165,-0.5671338201495937,"{""1"": 12}"
s1-i8,1,a50e3ae574e0de5e,"[[0, 1, 8], [6, 9, 11], [2, 5, 7], [3, 4, 10]]",p_saps_projection,1.0,1.0,1.0,0.019933243911272918,0.32164076995747165,-0.5671338201495937,"{""1"": 12}"
s1-i8,1,a50e3ae574e0de5e,"[[0, 1, 8], [6, 9, 11], [2, 5, 7], [3, 4, 10]]",b_saps_budgeted,1.0,1.0,1.0,0.019933243911272918,0.32164076995747165,-0.5671338201495937,"{""1"": 12}"
s1-i8,1,a50e3ae574e0de5e,"[[0, 1, 8], [6, 9, 11], [2, 5, 7], [3, 4, 10]]",random_balanced,1.0,1.0,1.0,0.09832187834349396,2.6462146601082304,1.6267189862137315,"{""1"": 12}"
s1-i8,1,53259e303c211b49,"[[0, 1, 10], [6, 7, 9], [2, 3, 5], [4, 8, 11]]",confidence,1.0,1.0,1.0,0.09832187834349396,0.4844323044949163,0.696011712900664,"{""1"": 12}"
s1-i8,1,b4523dac5c1df076,"[[0, 6, 10], [1, 3, 9], [2, 5, 7], [4, 8, 11]]",entropy,1.0,1.0,1.0,0.09832187834349396,2.6462146601082304,1.6267189862137315,"{""1"": 12}"
s1-i8,1,8df1694241579916,"[[0, 3, 4], [1, 5, 6], [2, 10, 11], [7, 8, 9]]",dependency_cmi,1.0,1.0,1.0,0.09832187834349396,0.22133285158709956,0.47046025505572686,"{""1"": 12}"
s1-i8,1,b5b6de44cef5fede,"[[0, 3, 4], [7, 8, 9], [1, 10, 11], [2, 5, 6]]",min_within_batch_tc,1.0,1.0,1.0,0.09832187834349396,0.8662160285978453,-0.9307072733130677,"{""1"": 12}"
s1-i8,1,8f058866e4ab3ff8,"[[0, 1, 2], [3, 4, 5], [6, 7, 8], [9, 10, 11]]",dprm_myopic,1.0,1.0,1.0,0.09832187834349396,2.6462146601082304,1.6267189862137315,"{""1"": 12}"
s1-i8,1,8f058866e4ab3ff8,"[[0, 1, 2], [3, 4, 5], [6, 7, 8], [9, 10, 11]]",dprm_rollout,1.0,1.0,1.0,0.09832187834349396,2.6462146601082304,1.6267189862137315,"{""1"": 12}"
s1-i8,1,a50e3ae574e0de5e,"[[0, 1, 8], [6, 9, 11], [2, 5, 7], [3, 4, 10]]",subset_exact,1.0,1.0,1.0,0.09832187834349396,2.6462146601082304,1.6267189862137315,"{""1"": 12}"
s1-i8,1,a50e3ae574e0de5e,"[[0, 1, 8], [6, 9, 11], [2, 5, 7], [3, 4, 10]]",subset_beam_8,1.0,1.0,1.0,0.09832187834349396,2.6462146601082304,1.6267189862137315,"{""1"": 12}"
s1-i8,1,a50e3ae574e0de5e,"[[0, 1, 8], [6, 9, 11], [2, 5, 7], [3, 4, 10]]",subset_beam_32,1.0,1.0,1.0,0.09832187834349396,2.6462146601082304,1.6267189862137315,"{""1"": 12}"
s1-i8,1,a50e3ae574e0de5e,"[[0, 1, 8], [6, 9, 11], [2, 5, 7], [3, 4, 10]]",saps_diagonal,1.0,1.0,1.0,0.09832187834349396,2.6462146601082304,1.6267189862137315,"{""1"": 12}"
s1-i8,1,a50e3ae574e0de5e,"[[0, 1, 8], [6, 9, 11], [2, 5, 7], [3, 4, 10]]",p_saps_residualized,1.0,1.0,1.0,0.09832187834349396,2.6462146601082304,1.6267189862137315,"{""1"": 12}"
s1-i8,1,a50e3ae574e0de5e,"[[0, 1, 8], [6, 9, 11], [2, 5, 7], [3, 4, 10]]",p_saps_projection,1.0,1.0,1.0,0.09832187834349396,2.6462146601082304,1.6267189862137315,"{""1"": 12}"
s1-i8,1,a50e3ae574e0de5e,"[[0, 1, 8], [6, 9, 11], [2, 5, 7], [3, 4, 10]]",b_saps_budgeted,1.0,1.0,1.0,0.09832187834349396,2.6462146601082304,1.6267189862137315,"{""1"": 12}"
s1-i8,1,a50e3ae574e0de5e,"[[0, 1, 8], [6, 9, 11], [2, 5, 7], [3, 4, 10]]",random_balanced,1.0,1.0,1.0,0.28466967854505804,0.7226539104623527,0.8500905307450217,"{""1"": 12}"
s1-i8,1,53259e303c211b49,"[[0, 1, 10], [6, 7, 9], [2, 3, 5], [4, 8, 11]]",confidence,1.0,1.0,1.0,0.28466967854505804,20.68430278772259,4.547999866724117,"{""1"": 12}"
s1-i8,1,b4523dac5c1df076,"[[0, 6, 10], [1, 3, 9], [2, 5, 7], [4, 8, 11]]",entropy,1.0,1.0,1.0,0.28466967854505804,1.8865760823296627,-1.3735268771777502,"{""1"": 12}"
s1-i8,1,8df1694241579916,"[[0, 3, 4], [1, 5, 6], [2, 10, 11], [7, 8, 9]]",dependency_cmi,1.0,1.0,1.0,0.28466967854505804,4.532270375338786,2.128912956261666,"{""1"": 12}"
s1-i8,1,b5b6de44cef5fede,"[[0, 3, 4], [7, 8, 9], [1, 10, 11], [2, 5, 6]]",min_within_batch_tc,1.0,1.0,1.0,0.28466967854505804,30.954071044663092,5.563638292040838,"{""1"": 12}"
s1-i8,1,8f058866e4ab3ff8,"[[0, 1, 2], [3, 4, 5], [6, 7, 8], [9, 10, 11]]",dprm_myopic,1.0,1.0,1.0,0.28466967854505804,10.092603023529229,3.176885742913841,"{""1"": 12}"
s1-i8,1,8f058866e4ab3ff8,"[[0, 1, 2], [3, 4, 5], [6, 7, 8], [9, 10, 11]]",dprm_rollout,1.0,1.0,1.0,0.28466967854505804,10.092603023529229,3.176885742913841,"{""1"": 12}"
s1-i8,1,a50e3ae574e0de5e,"[[0, 1, 8], [6, 9, 11], [2, 5, 7], [3, 4, 10]]",subset_exact,1.0,1.0,1.0,0.28466967854505804,0.7226539104623527,0.8500905307450217,"{""1"": 12}"
s1-i8,1,a50e3ae574e0de5e,"[[0, 1, 8], [6, 9, 11], [2, 5, 7], [3, 4, 10]]",subset_beam_8,1.0,1.0,1.0,0.28466967854505804,0.7226539104623527,0.8500905307450217,"{""1"": 12}"
s1-i8,1,a50e3ae574e0de5e,"[[0, 1, 8], [6, 9, 11], [2, 5, 7], [3, 4, 10]]",subset_beam_32,1.0,1.0,1.0,0.28466967854505804,0.7226539104623527,0.8500905307450217,"{""1"": 12}"
s1-i8,1,a50e3ae574e0de5e,"[[0, 1, 8], [6, 9, 11], [2, 5, 7], [3, 4, 10]]",saps_diagonal,1.0,1.0,1.0,0.28466967854505804,0.7226539104623527,0.8500905307450217,"{""1"": 12}"
s1-i8,1,a50e3ae574e0de5e,"[[0, 1, 8], [6, 9, 11], [2, 5, 7], [3, 4, 10]]",p_saps_residualized,1.0,1.0,1.0,0.28466967854505804,0.7226539104623527,0.8500905307450217,"{""1"": 12}"
s1-i8,1,a50e3ae574e0de5e,"[[0, 1, 8], [6, 9, 11], [2, 5, 7], [3, 4, 10]]",p_saps_projection,1.0,1.0,1.0,0.28466967854505804,0.7226539104623527,0.8500905307450217,"{""1"": 12}"
s1-i8,1,a50e3ae574e0de5e,"[[0, 1, 8], [6, 9, 11], [2, 5, 7], [3, 4, 10]]",b_saps_budgeted,1.0,1.0,1.0,0.28466967854505804,0.7226539104623527,0.8500905307450217,"{""1"": 12}"
s1-i9,1,2516301160cf1942,"[[0, 1, 2, 3, 4, 5, 6, 7, 8, 9, 10, 11]]",random_balanced,0.0,0.0,0.0,9.966672193000836e-05,2.25040953612163,1.5001365058292628,"{""2"": 11}"
s1-i9,1,2516301160cf1942,"[[0, 1, 2, 3, 4, 5, 6, 7, 8, 9, 10, 11]]",confidence,0.0,0.0,0.0,9.966672193000836e-05,2.25040953612163,1.5001365058292628,"{""2"": 11}"
s1-i9,1,2516301160cf1942,"[[0, 1, 2, 3, 4, 5, 6, 7, 8, 9, 10, 11]]",entropy,0.0,0.0,0.0,9.966672193000836e-05,2.25040953612163,1.5001365058292628,"{""2"": 11}"
s1-i9,1,2516301160cf1942,"[[0, 1, 2, 3, 4, 5, 6, 7, 8, 9, 10, 11]]",dependency_cmi,0.0,0.0,0.0,9.966672193000836e-05,2.25040953612163,1.5001365058292628,"{""2"": 11}"
s1-i9,1,2516301160cf1942,"[[0, 1, 2, 3, 4, 5, 6, 7, 8, 9, 10, 11]]",min_within_batch_tc,0.0,0.0,0.0,9.966672193000836e-05,2.25040953612163,1.5001365058292628,"{""2"": 11}"
s1-i9,1,2516301160cf1942,"[[0, 1, 2, 3, 4, 5, 6, 7, 8, 9, 10, 11]]",dprm_myopic,0.0,0.0,0.0,9.966672193000836e-05,2.25040953612163,1.5001365058292628,"{""2"": 11}"
s1-i9,1,2516301160cf1942,"[[0, 1, 2, 3, 4, 5, 6, 7, 8, 9, 10, 11]]",dprm_rollout,0.0,0.0,0.0,9.966672193000836e-05,2.25040953612163,1.5001365058292628,"{""2"": 11}"
s1-i9,1,2516301160cf1942,"[[0, 1, 2, 3, 4, 5, 6, 7, 8, 9, 10, 11]]",subset_exact,0.0,0.0,0.0,9.966672193000836e-05,2.25040953612163,1.5001365058292628,"{""2"": 11}"
s1-i9,1,2516301160cf1942,"[[0, 1, 2, 3, 4, 5, 6, 7, 8, 9, 10, 11]]",subset_beam_8,0.0,0.0,0.0,9.966672193000836e-05,2.25040953612163,1.5001365058292628,"{""2"": 11}"
s1-i9,1,2516301160cf1942,"[[0, 1, 2, 3, 4, 5, 6, 7, 8, 9, 10, 11]]",subset_beam_32,0.0,0.0,0.0,9.966672193000836e-05,2.25040953612163,1.5001365058292628,"{""2"": 11}"
s1-i9,1,2516301160cf1942,"[[0, 1, 2, 3, 4, 5, 6, 7, 8, 9, 10, 11]]",saps_diagonal,0.0,0.0,0.0,9.966672193000836e-05,2.25040953612163,1.5001365058292628,"{""2"": 11}"
s1-i9,1,2516301160cf1942,"[[0, 1, 2, 3, 4, 5, 6, 7, 8, 9, 10, 11]]",p_saps_residualized,0.0,0.0,0.0,9.966672193000836e-05,2.25040953612163,1.5001365058292628,"{""2"": 11}"
s1-i9,1,2516301160cf1942,"[[0, 1, 2, 3, 4, 5, 6, 7, 8, 9, 10, 11]]",p_saps_projection,0.0,0.0,0.0,9.966672193000836e-05,2.25040953612163,1.5001365058292628,"{""2"": 11}"
s1-i9,1,2516301160cf1942,"[[0, 1, 2, 3, 4, 5, 6, 7, 8, 9, 10, 11]]",b_saps_budgeted,0.0,0.0,0.0,9.966672193000836e-05,2.25040953612163,1.5001365058292628,"{""2"": 11}"
s1-i9,1,2516301160cf1942,"[[0, 1, 2, 3, 4, 5, 6, 7, 8, 9, 10, 11]]",random_balanced,0.0,0.0,0.0,0.0024583671254192222,0.6411865073931062,-0.800741223737798,"{""2"": 11}"
s1-i9,1,2516301160cf1942,"[[0, 1, 2, 3, 4, 5, 6, 7, 8, 9, 10, 11]]",confidence,0.0,0.0,0.0,0.0024583671254192222,0.6411865073931062,-0.800741223737798,"{""2"": 11}"
s1-i9,1,2516301160cf1942,"[[0, 1, 2, 3, 4, 5, 6, 7, 8, 9, 10, 11]]",entropy,0.0,0.0,0.0,0.0024583671254192222,0.6411865073931062,-0.800741223737798,"{""2"": 11}"
s1-i9,1,2516301160cf1942,"[[0, 1, 2, 3, 4, 5, 6, 7, 8, 9, 10, 11]]",dependency_cmi,0.0,0.0,0.0,0.0024583671254192222,0.6411865073931062,-0.800741223737798,"{""2"": 11}"
s1-i9,1,2516301160cf1942,"[[0, 1, 2, 3, 4, 5, 6, 7, 8, 9, 10, 11]]",min_within_batch_tc,0.0,0.0,0.0,0.0024583671254192222,0.6411865073931062,-0.800741223737798,"{""2"": 11}"
s1-i9,1,2516301160cf1942,"[[0, 1, 2, 3, 4, 5, 6, 7, 8, 9, 10, 11]]",dprm_myopic,0.0,0.0,0.0,0.0024583671254192222,0.6411865073931062,-0.800741223737798,"{""2"": 11}"
s1-i9,1,2516301160cf1942,"[[0, 1, 2, 3, 4, 5, 6, 7, 8, 9, 10, 11]]",dprm_rollout,0.0,0.0,0.0,0.0024583671254192222,0.6411865073931062,-0.800741223737798,"{""2"": 11}"
s1-i9,1,2516301160cf1942,"[[0, 1, 2, 3, 4, 5, 6, 7, 8, 9, 10, 11]]",subset_exact,0.0,0.0,0.0,0.0024583671254192222,0.6411865073931062,-0.800741223737798,"{""2"": 11}"
s1-i9,1,2516301160cf1942,"[[0, 1, 2, 3, 4, 5, 6, 7, 8, 9, 10, 11]]",subset_beam_8,0.0,0.0,0.0,0.0024583671254192222,0.6411865073931062,-0.800741223737798,"{""2"": 11}"
s1-i9,1,2516301160cf1942,"[[0, 1, 2, 3, 4, 5, 6, 7, 8, 9, 10, 11]]",subset_beam_32,0.0,0.0,0.0,0.0024583671254192222,0.6411865073931062,-0.800741223737798,"{""2"": 11}"
s1-i9,1,2516301160cf1942,"[[0, 1, 2, 3, 4, 5, 6, 7, 8, 9, 10, 11]]",saps_diagonal,0.0,0.0,0.0,0.0024583671254192222,0.6411865073931062,-0.800741223737798,"{""2"": 11}"
s1-i9,1,2516301160cf1942,"[[0, 1, 2, 3, 4, 5, 6, 7, 8, 9, 10, 11]]",p_saps_residualized,0.0,0.0,0.0,0.0024583671254192222,0.6411865073931062,-0.800741223737798,"{""2"": 11}"
s1-i9,1,2516301160cf1942,"[[0, 1, 2, 3, 4, 5, 6, 7, 8, 9, 10, 11]]",p_saps_projection,0.0,0.0,0.0,0.0024583671254192222,0.6411865073931062,-0.800741223737798,"{""2"": 11}"
s1-i9,1,2516301160cf1942,"[[0, 1, 2, 3, 4, 5, 6, 7, 8, 9, 10, 11]]",b_saps_budgeted,0.0,0.0,0.0,0.0024583671254192222,0.6411865073931062,-0.800741223737798,"{""2"": 11}"
s1-i9,1,2516301160cf1942,"[[0, 1, 2, 3, 4, 5, 6, 7, 8, 9, 10, 11]]",random_balanced,0.0,0.0,0.0,0.021377575621801634,0.9468620411276528,-0.9730683640565306,"{""2"": 11}"
s1-i9,1,2516301160cf1942,"[[0, 1, 2, 3, 4, 5, 6, 7, 8, 9, 10, 11]]",confidence,0.0,0.0,0.0,0.021377575621801634,0.9468620411276528,-0.9730683640565306,"{""2"": 11}"
s1-i9,1,2516301160cf1942,"[[0, 1, 2, 3, 4, 5, 6, 7, 8, 9, 10, 11]]",entropy,0.0,0.0,0.0,0.021377575621801634,0.9468620411276528,-0.9730683640565306,"{""2"": 11}"
s1-i9,1,2516301160cf1942,"[[0, 1, 2, 3, 4, 5, 6, 7, 8, 9, 10, 11]]",dependency_cmi,0.0,0.0,0.0,0.021377575621801634,0.9468620411276528,-0.9730683640565306,"{""2"": 11}"
s1-i9,1,2516301160cf1942,"[[0, 1, 2, 3, 4, 5, 6, 7, 8, 9, 10, 11]]",min_within_batch_tc,0.0,0.0,0.0,0.021377575621801634,0.9468620411276528,-0.9730683640565306,"{""2"": 11}"
s1-i9,1,2516301160cf1942,"[[0, 1, 2, 3, 4, 5, 6, 7, 8, 9, 10, 11]]",dprm_myopic,0.0,0.0,0.0,0.021377575621801634,0.9468620411276528,-0.9730683640565306,"{""2"": 11}"
s1-i9,1,2516301160cf1942,"[[0, 1, 2, 3, 4, 5, 6, 7, 8, 9, 10, 11]]",dprm_rollout,0.0,0.0,0.0,0.021377575621801634,0.9468620411276528,-0.9730683640565306,"{""2"": 11}"
s1-i9,1,2516301160cf1942,"[[0, 1, 2, 3, 4, 5, 6, 7, 8, 9, 10, 11]]",subset_exact,0.0,0.0,0.0,0.021377575621801634,0.9468620411276528,-0.9730683640565306,"{""2"": 11}"
s1-i9,1,2516301160cf1942,"[[0, 1, 2, 3, 4, 5, 6, 7, 8, 9, 10, 11]]",subset_beam_8,0.0,0.0,0.0,0.021377575621801634,0.9468620411276528,-0.9730683640565306,"{""2"": 11}"
s1-i9,1,2516301160cf1942,"[[0, 1, 2, 3, 4, 5, 6, 7, 8, 9, 10, 11]]",subset_beam_32,0.0,0.0,0.0,0.021377575621801634,0.9468620411276528,-0.9730683640565306,"{""2"": 11}"
s1-i9,1,2516301160cf1942,"[[0, 1, 2, 3, 4, 5, 6, 7, 8, 9, 10, 11]]",saps_diagonal,0.0,0.0,0.0,0.021377575621801634,0.9468620411276528,-0.9730683640565306,"{""2"": 11}"
s1-i9,1,2516301160cf1942,"[[0, 1, 2, 3, 4, 5, 6, 7, 8, 9, 10, 11]]",p_saps_residualized,0.0,0.0,0.0,0.021377575621801634,0.9468620411276528,-0.9730683640565306,"{""2"": 11}"
s1-i9,1,2516301160cf1942,"[[0, 1, 2, 3, 4, 5, 6, 7, 8, 9, 10, 11]]",p_saps_projection,0.0,0.0,0.0,0.021377575621801634,0.9468620411276528,-0.9730683640565306,"{""2"": 11}"
s1-i9,1,2516301160cf1942,"[[0, 1, 2, 3, 4, 5, 6, 7, 8, 9, 10, 11]]",b_saps_budgeted,0.0,0.0,0.0,0.021377575621801634,0.9468620411276528,-0.9730683640565306,"{""2"": 11}"
s1-i9,1,39212f40e3a17a74,"[[0, 1, 2, 6, 9, 10], [3, 4, 5, 7, 8, 11]]",random_balanced,0.49008948386277823,0.49008948386277823,0.49008948386277823,0.009819894329807646,2.25040953612163,1.5001365058292628,"{""2"": 6, ""1"": 5}"
s1-i9,1,16dffaee94c1bfbc,"[[1, 2, 4, 5, 6, 8], [0, 3, 7, 9, 10, 11]]",confidence,0.5565321835918329,0.5565321835918329,0.5565321835918329,0.011137690743552186,2.25040953612163,1.5001365058292628,"{""1"": 6, ""2"": 5}"
s1-i9,1,16dffaee94c1bfbc,"[[1, 2, 4, 5, 6, 8], [0, 3, 7, 9, 10, 11]]",entropy,0.5565321835918329,0.5565321835918329,0.5565321835918329,0.011137690743552186,2.25040953612163,1.5001365058292628,"{""1"": 6, ""2"": 5}"
s1-i9,1,d58fd1faeef91009,"[[0, 1, 2, 3, 7, 8], [4, 5, 6, 9, 10, 11]]",dependency_cmi,0.34815125545978737,0.34815125545978737,0.34815125545978737,0.007004751520658343,2.25040953612163,1.5001365058292628,"{""2"": 8, ""1"": 3}"
s1-i9,1,4e56c83264038ab9,"[[0, 3, 4, 5, 7, 8], [1, 2, 6, 9, 10, 11]]",min_within_batch_tc,0.43059263564309747,0.43059263564309747,0.43059263564309747,0.00863985899811999,2.25040953612163,1.5001365058292628,"{""1"": 5, ""2"": 6}"
s1-i9,1,bfeb31f6a7ace4d8,"[[1, 2, 3, 4, 5, 6], [0, 7, 8, 9, 10, 11]]",dprm_myopic,0.1722945206076011,0.1722945206076011,0.1722945206076011,0.003516883395701697,2.25040953612163,1.5001365058292628,"{""1"": 2, ""2"": 9}"
s1-i9,1,bfeb31f6a7ace4d8,"[[1, 2, 3, 4, 5, 6], [0, 7, 8, 9, 10, 11]]",dprm_rollout,0.1722945206076011,0.1722945206076011,0.1722945206076011,0.003516883395701697,2.25040953612163,1.5001365058292628,"{""1"": 2, ""2"": 9}"
s1-i9,1,4974e687d58aaec9,"[[0, 2, 4, 6, 8, 10], [1, 3, 5, 7, 9, 11]]",subset_exact,1.0000000000000002,1.0000000000000002,1.0000000000000002,0.01993324391127292,2.25040953612163,1.5001365058292628,"{""1"": 11}"
s1-i9,1,4974e687d58aaec9,"[[0, 2, 4, 6, 8, 10], [1, 3, 5, 7, 9, 11]]",subset_beam_8,1.0000000000000002,1.0000000000000002,1.0000000000000002,0.01993324391127292,2.25040953612163,1.5001365058292628,"{""1"": 11}"
s1-i9,1,4974e687d58aaec9,"[[0, 2, 4, 6, 8, 10], [1, 3, 5, 7, 9, 11]]",subset_beam_32,1.0000000000000002,1.0000000000000002,1.0000000000000002,0.01993324391127292,2.25040953612163,1.5001365058292628,"{""1"": 11}"
s1-i9,1,4974e687d58aaec9,"[[0, 2, 4, 6, 8, 10], [1, 3, 5, 7, 9, 11]]",saps_diagonal,1.0000000000000002,1.0000000000000002,1.0000000000000002,0.01993324391127292,2.25040953612163,1.5001365058292628,"{""1"": 11}"
s1-i9,1,4974e687d58aaec9,"[[0, 2, 4, 6, 8, 10], [1, 3, 5, 7, 9, 11]]",p_saps_residualized,1.0000000000000002,1.0000000000000002,1.0000000000000002,0.01993324391127292,2.25040953612163,1.5001365058292628,"{""1"": 11}"
s1-i9,1,4974e687d58aaec9,"[[0, 2, 4, 6, 8, 10], [1, 3, 5, 7, 9, 11]]",p_saps_projection,1.0000000000000002,1.0000000000000002,1.0000000000000002,0.01993324391127292,2.25040953612163,1.5001365058292628,"{""1"": 11}"
s1-i9,1,4974e687d58aaec9,"[[0, 2, 4, 6, 8, 10], [1, 3, 5, 7, 9, 11]]",b_saps_budgeted,1.0000000000000002,1.0000000000000002,1.0000000000000002,0.01993324391127292,2.25040953612163,1.5001365058292628,"{""1"": 11}"
s1-i9,1,39212f40e3a17a74,"[[0, 1, 2, 6, 9, 10], [3, 4, 5, 7, 8, 11]]",random_balanced,0.49008948386277823,0.49008948386277823,0.49008948386277823,0.04944006585955912,0.3952890485480884,-0.6287201671237279,"{""2"": 6, ""1"": 5}"
s1-i9,1,16dffaee94c1bfbc,"[[1, 2, 4, 5, 6, 8], [0, 3, 7, 9, 10, 11]]",confidence,0.5565321835918329,0.5565321835918329,0.5565321835918329,0.055809496350394526,0.09990817895658101,-0.31608255085749515,"{""1"": 6, ""2"": 5}"
s1-i9,1,16dffaee94c1bfbc,"[[1, 2, 4, 5, 6, 8], [0, 3, 7, 9, 10, 11]]",entropy,0.5565321835918329,0.5565321835918329,0.5565321835918329,0.055809496350394526,0.09990817895658101,-0.31608255085749515,"{""1"": 6, ""2"": 5}"
s1-i9,1,d58fd1faeef91009,"[[0, 1, 2, 3, 7, 8], [4, 5, 6, 9, 10, 11]]",dependency_cmi,0.34815125545978737,0.34815125545978737,0.34815125545978737,0.03583336890877535,2.25040953612163,1.5001365058292628,"{""2"": 8, ""1"": 3}"
s1-i9,1,4e56c83264038ab9,"[[0, 3, 4, 5, 7, 8], [1, 2, 6, 9, 10, 11]]",min_within_batch_tc,0.43059263564309747,0.43059263564309747,0.43059263564309747,0.043736489082811664,2.25040953612163,1.5001365058292628,"{""1"": 5, ""2"": 6}"
s1-i9,1,bfeb31f6a7ace4d8,"[[1, 2, 3, 4, 5, 6], [0, 7, 8, 9, 10, 11]]",dprm_myopic,0.1722945206076011,0.1722945206076011,0.1722945206076011,0.018975124834498796,0.15036447352792204,0.38776858244050927,"{""1"": 2, ""2"": 9}"
s1-i9,1,bfeb31f6a7ace4d8,"[[1, 2, 3, 4, 5, 6], [0, 7, 8, 9, 10, 11]]",dprm_rollout,0.1722945206076011,0.1722945206076011,0.1722945206076011,0.018975124834498796,0.15036447352792204,0.38776858244050927,"{""1"": 2, ""2"": 9}"
s1-i9,1,4974e687d58aaec9,"[[0, 2, 4, 6, 8, 10], [1, 3, 5, 7, 9, 11]]",subset_exact,1.0000000000000002,1.0000000000000002,1.0000000000000002,0.09832187834349397,3.5468819057301704,-1.883316730061667,"{""1"": 11}"
s1-i9,1,4974e687d58aaec9,"[[0, 2, 4, 6, 8, 10], [1, 3, 5, 7, 9, 11]]",subset_beam_8,1.0000000000000002,1.0000000000000002,1.0000000000000002,0.09832187834349397,3.5468819057301704,-1.883316730061667,"{""1"": 11}"
s1-i9,1,4974e687d58aaec9,"[[0, 2, 4, 6, 8, 10], [1, 3, 5, 7, 9, 11]]",subset_beam_32,1.0000000000000002,1.0000000000000002,1.0000000000000002,0.09832187834349397,3.5468819057301704,-1.883316730061667,"{""1"": 11}"
s1-i9,1,4974e687d58aaec9,"[[0, 2, 4, 6, 8, 10], [1, 3, 5, 7, 9, 11]]",saps_diagonal,1.0000000000000002,1.0000000000000002,1.0000000000000002,0.09832187834349397,3.5468819057301704,-1.883316730061667,"{""1"": 11}"
s1-i9,1,4974e687d58aaec9,"[[0, 2, 4, 6, 8, 10], [1, 3, 5, 7, 9, 11]]",p_saps_residualized,1.0000000000000002,1.0000000000000002,1.0000000000000002,0.09832187834349397,3.5468819057301704,-1.883316730061667,"{""1"": 11}"
s1-i9,1,4974e687d58aaec9,"[[0, 2, 4, 6, 8, 10], [1, 3, 5, 7, 9, 11]]",p_saps_projection,1.0000000000000002,1.0000000000000002,1.0000000000000002,0.09832187834349397,3.5468819057301704,-1.883316730061667,"{""1"": 11}"
s1-i9,1,4974e687d58aaec9,"[[0, 2, 4, 6, 8, 10], [1, 3, 5, 7, 9, 11]]",b_saps_budgeted,1.0000000000000002,1.0000000000000002,1.0000000000000002,0.09832187834349397,3.5468819057301704,-1.883316730061667,"{""1"": 11}"
s1-i9,1,39212f40e3a17a74,"[[0, 1, 2, 6, 9, 10], [3, 4, 5, 7, 8, 11]]",random_balanced,0.49008948386277823,0.49008948386277823,0.49008948386277823,0.15041426644860584,5.9665166453390475,-2.4426454194866367,"{""2"": 6, ""1"": 5}"
s1-i9,1,16dffaee94c1bfbc,"[[1, 2, 4, 5, 6, 8], [0, 3, 7, 9, 10, 11]]",confidence,0.5565321835918329,0.5565321835918329,0.5565321835918329,0.16790810458416713,4.379151592226439,2.092642251371801,"{""1"": 6, ""2"": 5}"
s1-i9,1,16dffaee94c1bfbc,"[[1, 2, 4, 5, 6, 8], [0, 3, 7, 9, 10, 11]]",entropy,0.5565321835918329,0.5565321835918329,0.5565321835918329,0.16790810458416713,4.379151592226439,2.092642251371801,"{""1"": 6, ""2"": 5}"
s1-i9,1,d58fd1faeef91009,"[[0, 1, 2, 3, 7, 8], [4, 5, 6, 9, 10, 11]]",dependency_cmi,0.34815125545978737,0.34815125545978737,0.34815125545978737,0.11304305180718091,0.32649084871026957,-0.5713937772764677,"{""2"": 8, ""1"": 3}"
s1-i9,1,4e56c83264038ab9,"[[0, 3, 4, 5, 7, 8], [1, 2, 6, 9, 10, 11]]",min_within_batch_tc,0.43059263564309747,0.43059263564309747,0.43059263564309747,0.1347492161635403,47.84039785151668,6.916675346690538,"{""1"": 5, ""2"": 6}"
s1-i9,1,bfeb31f6a7ace4d8,"[[1, 2, 3, 4, 5, 6], [0, 7, 8, 9, 10, 11]]",dprm_myopic,0.1722945206076011,0.1722945206076011,0.1722945206076011,0.06674136227473125,4.631550968582406,2.1521038470720706,"{""1"": 2, ""2"": 9}"
s1-i9,1,bfeb31f6a7ace4d8,"[[1, 2, 3, 4, 5, 6], [0, 7, 8, 9, 10, 11]]",dprm_rollout,0.1722945206076011,0.1722945206076011,0.1722945206076011,0.06674136227473125,4.631550968582406,2.1521038470720706,"{""1"": 2, ""2"": 9}"
s1-i9,1,4974e687d58aaec9,"[[0, 2, 4, 6, 8, 10], [1, 3, 5, 7, 9, 11]]",subset_exact,1.0000000000000002,1.0000000000000002,1.0000000000000002,0.2846696785450581,36.05155564644205,6.0042947667850255,"{""1"": 11}"
s1-i9,1,4974e687d58aaec9,"[[0, 2, 4, 6, 8, 10], [1, 3, 5, 7, 9, 11]]",subset_beam_8,1.0000000000000002,1.0000000000000002,1.0000000000000002,0.2846696785450581,36.05155564644205,6.0042947667850255,"{""1"": 11}"
s1-i9,1,4974e687d58aaec9,"[[0, 2, 4, 6, 8, 10], [1, 3, 5, 7, 9, 11]]",subset_beam_32,1.0000000000000002,1.0000000000000002,1.0000000000000002,0.2846696785450581,36.05155564644205,6.0042947667850255,"{""1"": 11}"
s1-i9,1,4974e687d58aaec9,"[[0, 2, 4, 6, 8, 10], [1, 3, 5, 7, 9, 11]]",saps_diagonal,1.0000000000000002,1.0000000000000002,1.0000000000000002,0.2846696785450581,36.05155564644205,6.0042947667850255,"{""1"": 11}"
s1-i9,1,4974e687d58aaec9,"[[0, 2, 4, 6, 8, 10], [1, 3, 5, 7, 9, 11]]",p_saps_residualized,1.0000000000000002,1.0000000000000002,1.0000000000000002,0.2846696785450581,36.05155564644205,6.0042947667850255,"{""1"": 11}"
s1-i9,1,4974e687d58aaec9,"[[0, 2, 4, 6, 8, 10], [1, 3, 5, 7, 9, 11]]",p_saps_projection,1.0000000000000002,1.0000000000000002,1.0000000000000002,0.2846696785450581,36.05155564644205,6.0042947667850255,"{""1"": 11}"
s1-i9,1,4974e687d58aaec9,"[[0, 2, 4, 6, 8, 10], [1, 3, 5, 7, 9, 11]]",b_saps_budgeted,1.0000000000000002,1.0000000000000002,1.0000000000000002,0.2846696785450581,36.05155564644205,6.0042947667850255,"{""1"": 11}"
s1-i9,1,7514e5cf90626152,"[[0, 1, 2, 9], [4, 6, 7, 10], [3, 5, 8, 11]]",random_balanced,0.7603454830908695,0.7603454830908695,0.7603454830908695,0.015180037551380992,2.25040953612163,1.5001365058292628,"{""2"": 3, ""1"": 8}"
s1-i9,1,3a0ee805d4a6aed8,"[[1, 4, 5, 8], [0, 2, 6, 10], [3, 7, 9, 11]]",confidence,0.9083011504045414,0.9083011504045414,0.9083011504045414,0.018114527699647442,13.938388378827243,3.733415109363978,"{""1"": 10, ""2"": 1}"
s1-i9,1,29309710507eecf7,"[[1, 4, 5, 8], [0, 2, 6, 7], [3, 9, 10, 11]]",entropy,0.5897381354364409,0.5897381354364409,0.5897381354364409,0.011796283552607824,0.0,0.0,"{""1"": 7, ""2"": 4}"
s1-i9,1,113a1956e6ea9311,"[[0, 1, 2, 8], [3, 4, 5, 11], [6, 7, 9, 10]]",dependency_cmi,0.4831258465770973,0.4831258465770973,0.4831258465770973,0.009681780492183507,2.25040953612163,1.5001365058292628,"{""2"": 6, ""1"": 5}"
s1-i9,1,ab33dac69692c1af,"[[0, 3, 4, 5], [6, 7, 8, 9], [1, 2, 10, 11]]",min_within_batch_tc,0.2679621671016235,0.2679621671016235,0.2679621671016235,0.0054143150469636615,4.230781504300395,2.056886361542707,"{""1"": 4, ""2"": 7}"
s1-i9,1,011fea97cdcae28b,"[[1, 2, 3, 4], [5, 6, 7, 8], [0, 9, 10, 11]]",dprm_myopic,0.28208227502457134,0.28208227502457134,0.28208227502457134,0.005694367297375299,0.0,0.0,"{""1"": 3, ""2"": 8}"
s1-i9,1,011fea97cdcae28b,"[[1, 2, 3, 4], [5, 6, 7, 8], [0, 9, 10, 11]]",dprm_rollout,0.28208227502457134,0.28208227502457134,0.28208227502457134,0.005694367297375299,0.0,0.0,"{""1"": 3, ""2"": 8}"
s1-i9,1,baa1f5eaac162054,"[[0, 2, 6, 9], [1, 4, 7, 10], [3, 5, 8, 11]]",subset_exact,1.0000000000000002,1.0000000000000002,1.0000000000000002,0.01993324391127292,2.25040953612163,1.5001365058292628,"{""1"": 11}"
s1-i9,1,baa1f5eaac162054,"[[0, 2, 6, 9], [1, 4, 7, 10], [3, 5, 8, 11]]",subset_beam_8,1.0000000000000002,1.0000000000000002,1.0000000000000002,0.01993324391127292,2.25040953612163,1.5001365058292628,"{""1"": 11}"
s1-i9,1,baa1f5eaac162054,"[[0, 2, 6, 9], [1, 4, 7, 10], [3, 5, 8, 11]]",subset_beam_32,1.0000000000000002,1.0000000000000002,1.0000000000000002,0.01993324391127292,2.25040953612163,1.5001365058292628,"{""1"": 11}"
s1-i9,1,baa1f5eaac162054,"[[0, 2, 6, 9], [1, 4, 7, 10], [3, 5, 8, 11]]",saps_diagonal,1.0000000000000002,1.0000000000000002,1.0000000000000002,0.01993324391127292,2.25040953612163,1.5001365058292628,"{""1"": 11}"
s1-i9,1,baa1f5eaac162054,"[[0, 2, 6, 9], [1, 4, 7, 10], [3, 5, 8, 11]]",p_saps_residualized,1.0000000000000002,1.0000000000000002,1.0000000000000002,0.01993324391127292,2.25040953612163,1.5001365058292628,"{""1"": 11}"
s1-i9,1,baa1f5eaac162054,"[[0, 2, 6, 9], [1, 4, 7, 10], [3, 5, 8, 11]]",p_saps_projection,1.0000000000000002,1.0000000000000002,1.0000000000000002,0.01993324391127292,2.25040953612163,1.5001365058292628,"{""1"": 11}"
s1-i9,1,baa1f5eaac162054,"[[0, 2, 6, 9], [1, 4, 7, 10], [3, 5, 8, 11]]",b_saps_budgeted,1.0000000000000002,1.0000000000000002,1.0000000000000002,0.01993324391127292,2.25040953612163,1.5001365058292628,"{""1"": 11}"
s1-i9,1,7514e5cf90626152,"[[0, 1, 2, 9], [4, 6, 7, 10], [3, 5, 8, 11]]",random_balanced,0.7603454830908695,0.7603454830908695,0.7603454830908695,0.07534775487331323,0.6411865073931062,-0.800741223737798,"{""2"": 3, ""1"": 8}"
s1-i9,1,3a0ee805d4a6aed8,"[[1, 4, 5, 8], [0, 2, 6, 10], [3, 7, 9, 11]]",confidence,0.9083011504045414,0.9083011504045414,0.9083011504045414,0.08953130464661516,0.15036447352792204,0.38776858244050927,"{""1"": 10, ""2"": 1}"
s1-i9,1,29309710507eecf7,"[[1, 4, 5, 8], [0, 2, 6, 7], [3, 9, 10, 11]]",entropy,0.5897381354364409,0.5897381354364409,0.5897381354364409,0.05899273548755696,4.532030733976478,-2.128856672952991,"{""1"": 7, ""2"": 4}"
s1-i9,1,113a1956e6ea9311,"[[0, 1, 2, 8], [3, 4, 5, 11], [6, 7, 9, 10]]",dependency_cmi,0.4831258465770973,0.4831258465770973,0.4831258465770973,0.04877250713850464,1.983587516267308,-1.4083989194355795,"{""2"": 6, ""1"": 5}"
s1-i9,1,ab33dac69692c1af,"[[0, 3, 4, 5], [6, 7, 8, 9], [1, 2, 10, 11]]",min_within_batch_tc,0.2679621671016235,0.2679621671016235,0.2679621671016235,0.02814616133738532,3.0520776995959986,1.7470196620519183,"{""1"": 4, ""2"": 7}"
s1-i9,1,011fea97cdcae28b,"[[1, 2, 3, 4], [5, 6, 7, 8], [0, 9, 10, 11]]",dprm_myopic,0.28208227502457134,0.28208227502457134,0.28208227502457134,0.02949976446165726,2.25040953612163,1.5001365058292628,"{""1"": 3, ""2"": 8}"
s1-i9,1,011fea97cdcae28b,"[[1, 2, 3, 4], [5, 6, 7, 8], [0, 9, 10, 11]]",dprm_rollout,0.28208227502457134,0.28208227502457134,0.28208227502457134,0.02949976446165726,2.25040953612163,1.5001365058292628,"{""1"": 3, ""2"": 8}"
s1-i9,1,baa1f5eaac162054,"[[0, 2, 6, 9], [1, 4, 7, 10], [3, 5, 8, 11]]",subset_exact,1.0000000000000002,1.0000000000000002,1.0000000000000002,0.09832187834349397,0.6411865073931062,-0.800741223737798,"{""1"": 11}"
s1-i9,1,baa1f5eaac162054,"[[0, 2, 6, 9], [1, 4, 7, 10], [3, 5, 8, 11]]",subset_beam_8,1.0000000000000002,1.0000000000000002,1.0000000000000002,0.09832187834349397,0.6411865073931062,-0.800741223737798,"{""1"": 11}"
s1-i9,1,baa1f5eaac162054,"[[0, 2, 6, 9], [1, 4, 7, 10], [3, 5, 8, 11]]",subset_beam_32,1.0000000000000002,1.0000000000000002,1.0000000000000002,0.09832187834349397,0.6411865073931062,-0.800741223737798,"{""1"": 11}"
s1-i9,1,baa1f5eaac162054,"[[0, 2, 6, 9], [1, 4, 7, 10], [3, 5, 8, 11]]",saps_diagonal,1.0000000000000002,1.0000000000000002,1.0000000000000002,0.09832187834349397,0.6411865073931062,-0.800741223737798,"{""1"": 11}"
s1-i9,1,baa1f5eaac162054,"[[0, 2, 6, 9], [1, 4, 7, 10], [3, 5, 8, 11]]",p_saps_residualized,1.0000000000000002,1.0000000000000002,1.0000000000000002,0.09832187834349397,0.6411865073931062,-0.800741223737798,"{""1"": 11}"
s1-i9,1,baa1f5eaac162054,"[[0, 2, 6, 9], [1, 4, 7, 10], [3, 5, 8, 11]]",p_saps_projection,1.0000000000000002,1.0000000000000002,1.0000000000000002,0.09832187834349397,0.6411865073931062,-0.800741223737798,"{""1"": 11}"
s1-i9,1,baa1f5eaac162054,"[[0, 2, 6, 9], [1, 4, 7, 10], [3, 5, 8, 11]]",b_saps_budgeted,1.0000000000000002,1.0000000000000002,1.0000000000000002,0.09832187834349397,0.6411865073931062,-0.800741223737798,"{""1"": 11}"
s1-i9,1,7514e5cf90626152,"[[0, 1, 2, 9], [4, 6, 7, 10], [3, 5, 8, 11]]",random_balanced,0.7603454830908695,0.7603454830908695,0.7603454830908695,0.22157053681299593,1.5472530476364459,1.243886267966829,"{""2"": 3, ""1"": 8}"
s1-i9,1,3a0ee805d4a6aed8,"[[1, 4, 5, 8], [0, 2, 6, 10], [3, 7, 9, 11]]",confidence,0.9083011504045414,0.9083011504045414,0.9083011504045414,0.26052609559942635,18.75056149315084,4.330191854081161,"{""1"": 10, ""2"": 1}"
s1-i9,1,29309710507eecf7,"[[1, 4, 5, 8], [0, 2, 6, 7], [3, 9, 10, 11]]",entropy,0.5897381354364409,0.5897381354364409,0.5897381354364409,0.17665096947490236,31.59314163076522,5.620777671351645,"{""1"": 7, ""2"": 4}"
s1-i9,1,113a1956e6ea9311,"[[0, 1, 2, 8], [3, 4, 5, 11], [6, 7, 9, 10]]",dependency_cmi,0.4831258465770973,0.4831258465770973,0.4831258465770973,0.14858079574366412,3.2319717025073054,1.797768534185451,"{""2"": 6, ""1"": 5}"
s1-i9,1,ab33dac69692c1af,"[[0, 3, 4, 5], [6, 7, 8, 9], [1, 2, 10, 11]]",min_within_batch_tc,0.2679621671016235,0.2679621671016235,0.2679621671016235,0.09192989810186111,24.264820263803408,4.925933440862088,"{""1"": 4, ""2"": 7}"
s1-i9,1,011fea97cdcae28b,"[[1, 2, 3, 4], [5, 6, 7, 8], [0, 9, 10, 11]]",dprm_myopic,0.28208227502457134,0.28208227502457134,0.28208227502457134,0.09564761101039738,41.40285731681674,6.434505211499696,"{""1"": 3, ""2"": 8}"
s1-i9,1,011fea97cdcae28b,"[[1, 2, 3, 4], [5, 6, 7, 8], [0, 9, 10, 11]]",dprm_rollout,0.28208227502457134,0.28208227502457134,0.28208227502457134,0.09564761101039738,41.40285731681674,6.434505211499696,"{""1"": 3, ""2"": 8}"
s1-i9,1,baa1f5eaac162054,"[[0, 2, 6, 9], [1, 4, 7, 10], [3, 5, 8, 11]]",subset_exact,1.0000000000000002,1.0000000000000002,1.0000000000000002,0.2846696785450581,17.67032501509083,-4.203608570632003,"{""1"": 11}"
s1-i9,1,baa1f5eaac162054,"[[0, 2, 6, 9], [1, 4, 7, 10], [3, 5, 8, 11]]",subset_beam_8,1.0000000000000002,1.0000000000000002,1.0000000000000002,0.2846696785450581,17.67032501509083,-4.203608570632003,"{""1"": 11}"
s1-i9,1,baa1f5eaac162054,"[[0, 2, 6, 9], [1, 4, 7, 10], [3, 5, 8, 11]]",subset_beam_32,1.0000000000000002,1.0000000000000002,1.0000000000000002,0.2846696785450581,17.67032501509083,-4.203608570632003,"{""1"": 11}"
s1-i9,1,baa1f5eaac162054,"[[0, 2, 6, 9], [1, 4, 7, 10], [3, 5, 8, 11]]",saps_diagonal,1.0000000000000002,1.0000000000000002,1.0000000000000002,0.2846696785450581,17.67032501509083,-4.203608570632003,"{""1"": 11}"
s1-i9,1,baa1f5eaac162054,"[[0, 2, 6, 9], [1, 4, 7, 10], [3, 5, 8, 11]]",p_saps_residualized,1.0000000000000002,1.0000000000000002,1.0000000000000002,0.2846696785450581,17.67032501509083,-4.203608570632003,"{""1"": 11}"
s1-i9,1,baa1f5eaac162054,"[[0, 2, 6, 9], [1, 4, 7, 10], [3, 5, 8, 11]]",p_saps_projection,1.0000000000000002,1.0000000000000002,1.0000000000000002,0.2846696785450581,17.67032501509083,-4.203608570632003,"{""1"": 11}"
s1-i9,1,baa1f5eaac162054,"[[0, 2, 6, 9], [1, 4, 7, 10], [3, 5, 8, 11]]",b_saps_budgeted,1.0000000000000002,1.0000000000000002,1.0000000000000002,0.2846696785450581,17.67032501509083,-4.203608570632003,"{""1"": 11}"
s1-i9,1,c6bff1371c3fde12,"[[0, 2, 9], [1, 6, 10], [4, 7, 11], [3, 5, 8]]",random_balanced,1.0000000000000002,1.0000000000000002,1.0000000000000002,0.01993324391127292,2.25040953612163,1.5001365058292628,"{""1"": 11}"
s1-i9,1,e9a7954fdace88d2,"[[1, 5, 8], [2, 4, 6], [0, 7, 10], [3, 9, 11]]",confidence,1.0000000000000002,1.0000000000000002,1.0000000000000002,0.01993324391127292,0.30997040183694075,0.556749855713444,"{""1"": 11}"
s1-i9,1,47271638c4583aef,"[[1, 5, 8], [2, 4, 6], [0, 7, 11], [3, 9, 10]]",entropy,0.9132283538591816,0.9132283538591816,0.9132283538591816,0.018212251769692645,0.30997040183694075,0.556749855713444,"{""1"": 10, ""2"": 1}"
s1-i9,1,04c0b5125ce868ba,"[[0, 1, 2], [3, 4, 11], [5, 7, 10], [6, 8, 9]]",dependency_cmi,0.6435074374918632,0.6435074374918632,0.6435074374918632,0.012862721155341135,2.25040953612163,1.5001365058292628,"{""2"": 4, ""1"": 7}"
s1-i9,1,b4e2d3a438ac4f67,"[[0, 3, 4], [5, 6, 8], [7, 9, 10], [1, 2, 11]]",min_within_batch_tc,0.6656166563066881,0.6656166563066881,0.6656166563066881,0.013301226053301037,4.230781504300395,2.056886361542707,"{""1"": 7, ""2"": 4}"
s1-i9,1,9d847cd969dfd1be,"[[1, 2, 3], [4, 5, 6], [7, 8, 9], [0, 10, 11]]",dprm_myopic,0.35781530752591445,0.35781530752591445,0.35781530752591445,0.007196424243273703,2.25040953612163,1.5001365058292628,"{""1"": 4, ""2"": 7}"
s1-i9,1,9d847cd969dfd1be,"[[1, 2, 3], [4, 5, 6], [7, 8, 9], [0, 10, 11]]",dprm_rollout,0.35781530752591445,0.35781530752591445,0.35781530752591445,0.007196424243273703,2.25040953612163,1.5001365058292628,"{""1"": 4, ""2"": 7}"
s1-i9,1,c6bff1371c3fde12,"[[0, 2, 9], [1, 6, 10], [4, 7, 11], [3, 5, 8]]",subset_exact,1.0000000000000002,1.0000000000000002,1.0000000000000002,0.01993324391127292,2.25040953612163,1.5001365058292628,"{""1"": 11}"
s1-i9,1,c6bff1371c3fde12,"[[0, 2, 9], [1, 6, 10], [4, 7, 11], [3, 5, 8]]",subset_beam_8,1.0000000000000002,1.0000000000000002,1.0000000000000002,0.01993324391127292,2.25040953612163,1.5001365058292628,"{""1"": 11}"
s1-i9,1,c6bff1371c3fde12,"[[0, 2, 9], [1, 6, 10], [4, 7, 11], [3, 5, 8]]",subset_beam_32,1.0000000000000002,1.0000000000000002,1.0000000000000002,0.01993324391127292,2.25040953612163,1.5001365058292628,"{""1"": 11}"
s1-i9,1,c6bff1371c3fde12,"[[0, 2, 9], [1, 6, 10], [4, 7, 11], [3, 5, 8]]",saps_diagonal,1.0000000000000002,1.0000000000000002,1.0000000000000002,0.01993324391127292,2.25040953612163,1.5001365058292628,"{""1"": 11}"
s1-i9,1,c6bff1371c3fde12,"[[0, 2, 9], [1, 6, 10], [4, 7, 11], [3, 5, 8]]",p_saps_residualized,1.0000000000000002,1.0000000000000002,1.0000000000000002,0.01993324391127292,2.25040953612163,1.5001365058292628,"{""1"": 11}"
s1-i9,1,c6bff1371c3fde12,"[[0, 2, 9], [1, 6, 10], [4, 7, 11], [3, 5, 8]]",p_saps_projection,1.0000000000000002,1.0000000000000002,1.0000000000000002,0.01993324391127292,2.25040953612163,1.5001365058292628,"{""1"": 11}"
s1-i9,1,c6bff1371c3fde12,"[[0, 2, 9], [1, 6, 10], [4, 7, 11], [3, 5, 8]]",b_saps_budgeted,1.0000000000000002,1.0000000000000002,1.0000000000000002,0.01993324391127292,2.25040953612163,1.5001365058292628,"{""1"": 11}"
s1-i9,1,c6bff1371c3fde12,"[[0, 2, 9], [1, 6, 10], [4, 7, 11], [3, 5, 8]]",random_balanced,1.0000000000000002,1.0000000000000002,1.0000000000000002,0.09832187834349397,2.25040953612163,1.5001365058292628,"{""1"": 11}"
s1-i9,1,e9a7954fdace88d2,"[[1, 5, 8], [2, 4, 6], [0, 7, 10], [3, 9, 11]]",confidence,1.0000000000000002,1.0000000000000002,1.0000000000000002,0.09832187834349397,4.257858720257024,-2.06345795214175,"{""1"": 11}"
s1-i9,1,47271638c4583aef,"[[1, 5, 8], [2, 4, 6], [0, 7, 11], [3, 9, 10]]",entropy,0.9132283538591816,0.9132283538591816,0.9132283538591816,0.0900036436702628,5.638863794348357,-2.3746291909155746,"{""1"": 10, ""2"": 1}"
s1-i9,1,04c0b5125ce868ba,"[[0, 1, 2], [3, 4, 11], [5, 7, 10], [6, 8, 9]]",dependency_cmi,0.6435074374918632,0.6435074374918632,0.6435074374918632,0.06414724957833498,3.8140956191957853,-1.9529709724406519,"{""2"": 4, ""1"": 7}"
s1-i9,1,b4e2d3a438ac4f67,"[[0, 3, 4], [5, 6, 8], [7, 9, 10], [1, 2, 11]]",min_within_batch_tc,0.6656166563066881,0.6656166563066881,0.6656166563066881,0.06626671692421282,0.4877268158482632,-0.6983744095027131,"{""1"": 7, ""2"": 4}"
s1-i9,1,9d847cd969dfd1be,"[[1, 2, 3], [4, 5, 6], [7, 8, 9], [0, 10, 11]]",dprm_myopic,0.35781530752591445,0.35781530752591445,0.35781530752591445,0.036759798872428584,1.0201623223708463,1.0100308521876182,"{""1"": 4, ""2"": 7}"
s1-i9,1,9d847cd969dfd1be,"[[1, 2, 3], [4, 5, 6], [7, 8, 9], [0, 10, 11]]",dprm_rollout,0.35781530752591445,0.35781530752591445,0.35781530752591445,0.036759798872428584,1.0201623223708463,1.0100308521876182,"{""1"": 4, ""2"": 7}"
s1-i9,1,c6bff1371c3fde12,"[[0, 2, 9], [1, 6, 10], [4, 7, 11], [3, 5, 8]]",subset_exact,1.0000000000000002,1.0000000000000002,1.0000000000000002,0.09832187834349397,2.25040953612163,1.5001365058292628,"{""1"": 11}"
s1-i9,1,c6bff1371c3fde12,"[[0, 2, 9], [1, 6, 10], [4, 7, 11], [3, 5, 8]]",subset_beam_8,1.0000000000000002,1.0000000000000002,1.0000000000000002,0.09832187834349397,2.25040953612163,1.5001365058292628,"{""1"": 11}"
s1-i9,1,c6bff1371c3fde12,"[[0, 2, 9], [1, 6, 10], [4, 7, 11], [3, 5, 8]]",subset_beam_32,1.0000000000000002,1.0000000000000002,1.0000000000000002,0.09832187834349397,2.25040953612163,1.5001365058292628,"{""1"": 11}"
s1-i9,1,c6bff1371c3fde12,"[[0, 2, 9], [1, 6, 10], [4, 7, 11], [3, 5, 8]]",saps_diagonal,1.0000000000000002,1.0000000000000002,1.0000000000000002,0.09832187834349397,2.25040953612163,1.5001365058292628,"{""1"": 11}"
s1-i9,1,c6bff1371c3fde12,"[[0, 2, 9], [1, 6, 10], [4, 7, 11], [3, 5, 8]]",p_saps_residualized,1.0000000000000002,1.0000000000000002,1.0000000000000002,0.09832187834349397,2.25040953612163,1.5001365058292628,"{""1"": 11}"
s1-i9,1,c6bff1371c3fde12,"[[0, 2, 9], [1, 6, 10], [4, 7, 11], [3, 5, 8]]",p_saps_projection,1.0000000000000002,1.0000000000000002,1.0000000000000002,0.09832187834349397,2.25040953612163,1.5001365058292628,"{""1"": 11}"
s1-i9,1,c6bff1371c3fde12,"[[0, 2, 9], [1, 6, 10], [4, 7, 11], [3, 5, 8]]",b_saps_budgeted,1.0000000000000002,1.0000000000000002,1.0000000000000002,0.09832187834349397,2.25040953612163,1.5001365058292628,"{""1"": 11}"
s1-i9,1,c6bff1371c3fde12,"[[0, 2, 9], [1, 6, 10], [4, 7, 11], [3, 5, 8]]",random_balanced,1.0000000000000002,1.0000000000000002,1.0000000000000002,0.2846696785450581,2.4619675270418955,1.5690658134832636,"{""1"": 11}"
s1-i9,1,e9a7954fdace88d2,"[[1, 5, 8], [2, 4, 6], [0, 7, 10], [3, 9, 11]]",confidence,1.0000000000000002,1.0000000000000002,1.0000000000000002,0.2846696785450581,32.974666196082595,5.742357198579917,"{""1"": 11}"
s1-i9,1,47271638c4583aef,"[[1, 5, 8], [2, 4, 6], [0, 7, 11], [3, 9, 10]]",entropy,0.9132283538591816,0.9132283538591816,0.9132283538591816,0.2618233893585293,18.67295872646818,4.321221902016625,"{""1"": 10, ""2"": 1}"
s1-i9,1,04c0b5125ce868ba,"[[0, 1, 2], [3, 4, 11], [5, 7, 10], [6, 8, 9]]",dependency_cmi,0.6435074374918632,0.6435074374918632,0.6435074374918632,0.19080800208579027,32.734646790969116,5.721419997777573,"{""2"": 4, ""1"": 7}"
s1-i9,1,b4e2d3a438ac4f67,"[[0, 3, 4], [5, 6, 8], [7, 9, 10], [1, 2, 11]]",min_within_batch_tc,0.6656166563066881,0.6656166563066881,0.6656166563066881,0.19662918480153593,20.56561622268954,4.534932879623417,"{""1"": 7, ""2"": 4}"
s1-i9,1,9d847cd969dfd1be,"[[1, 2, 3], [4, 5, 6], [7, 8, 9], [0, 10, 11]]",dprm_myopic,0.35781530752591445,0.35781530752591445,0.35781530752591445,0.11558752039843134,2.500545308251225,-1.5813112622919072,"{""1"": 4, ""2"": 7}"
s1-i9,1,9d847cd969dfd1be,"[[1, 2, 3], [4, 5, 6], [7, 8, 9], [0, 10, 11]]",dprm_rollout,0.35781530752591445,0.35781530752591445,0.35781530752591445,0.11558752039843134,2.500545308251225,-1.5813112622919072,"{""1"": 4, ""2"": 7}"
s1-i9,1,c6bff1371c3fde12,"[[0, 2, 9], [1, 6, 10], [4, 7, 11], [3, 5, 8]]",subset_exact,1.0000000000000002,1.0000000000000002,1.0000000000000002,0.2846696785450581,2.4619675270418955,1.5690658134832636,"{""1"": 11}"
s1-i9,1,c6bff1371c3fde12,"[[0, 2, 9], [1, 6, 10], [4, 7, 11], [3, 5, 8]]",subset_beam_8,1.0000000000000002,1.0000000000000002,1.0000000000000002,0.2846696785450581,2.4619675270418955,1.5690658134832636,"{""1"": 11}"
s1-i9,1,c6bff1371c3fde12,"[[0, 2, 9], [1, 6, 10], [4, 7, 11], [3, 5, 8]]",subset_beam_32,1.0000000000000002,1.0000000000000002,1.0000000000000002,0.2846696785450581,2.4619675270418955,1.5690658134832636,"{""1"": 11}"
s1-i9,1,c6bff1371c3fde12,"[[0, 2, 9], [1, 6, 10], [4, 7, 11], [3, 5, 8]]",saps_diagonal,1.0000000000000002,1.0000000000000002,1.0000000000000002,0.2846696785450581,2.4619675270418955,1.5690658134832636,"{""1"": 11}"
s1-i9,1,c6bff1371c3fde12,"[[0, 2, 9], [1, 6, 10], [4, 7, 11], [3, 5, 8]]",p_saps_residualized,1.0000000000000002,1.0000000000000002,1.0000000000000002,0.2846696785450581,2.4619675270418955,1.5690658134832636,"{""1"": 11}"
s1-i9,1,c6bff1371c3fde12,"[[0, 2, 9], [1, 6, 10], [4, 7, 11], [3, 5, 8]]",p_saps_projection,1.0000000000000002,1.0000000000000002,1.0000000000000002,0.2846696785450581,2.4619675270418955,1.5690658134832636,"{""1"": 11}"
s1-i9,1,c6bff1371c3fde12,"[[0, 2, 9], [1, 6, 10], [4, 7, 11], [3, 5, 8]]",b_saps_budgeted,1.0000000000000002,1.0000000000000002,1.0000000000000002,0.2846696785450581,2.4619675270418955,1.5690658134832636,"{""1"": 11}"
s1-i10,1,2516301160cf1942,"[[0, 1, 2, 3, 4, 5, 6, 7, 8, 9, 10, 11]]",random_balanced,0.0,0.0,0.0,6.229185756433643e-10,0.0,0.0,"{""4"": 1}"
s1-i10,1,2516301160cf1942,"[[0, 1, 2, 3, 4, 5, 6, 7, 8, 9, 10, 11]]",confidence,0.0,0.0,0.0,6.229185756433643e-10,0.0,0.0,"{""4"": 1}"
s1-i10,1,2516301160cf1942,"[[0, 1, 2, 3, 4, 5, 6, 7, 8, 9, 10, 11]]",entropy,0.0,0.0,0.0,6.229185756433643e-10,0.0,0.0,"{""4"": 1}"
s1-i10,1,2516301160cf1942,"[[0, 1, 2, 3, 4, 5, 6, 7, 8, 9, 10, 11]]",dependency_cmi,0.0,0.0,0.0,6.229185756433643e-10,0.0,0.0,"{""4"": 1}"
s1-i10,1,2516301160cf1942,"[[0, 1, 2, 3, 4, 5, 6, 7, 8, 9, 10, 11]]",min_within_batch_tc,0.0,0.0,0.0,6.229185756433643e-10,0.0,0.0,"{""4"": 1}"
s1-i10,1,2516301160cf1942,"[[0, 1, 2, 3, 4, 5, 6, 7, 8, 9, 10, 11]]",dprm_myopic,0.0,0.0,0.0,6.229185756433643e-10,0.0,0.0,"{""4"": 1}"
s1-i10,1,2516301160cf1942,"[[0, 1, 2, 3, 4, 5, 6, 7, 8, 9, 10, 11]]",dprm_rollout,0.0,0.0,0.0,6.229185756433643e-10,0.0,0.0,"{""4"": 1}"
s1-i10,1,2516301160cf1942,"[[0, 1, 2, 3, 4, 5, 6, 7, 8, 9, 10, 11]]",subset_exact,0.0,0.0,0.0,6.229185756433643e-10,0.0,0.0,"{""4"": 1}"
s1-i10,1,2516301160cf1942,"[[0, 1, 2, 3, 4, 5, 6, 7, 8, 9, 10, 11]]",subset_beam_8,0.0,0.0,0.0,6.229185756433643e-10,0.0,0.0,"{""4"": 1}"
s1-i10,1,2516301160cf1942,"[[0, 1, 2, 3, 4, 5, 6, 7, 8, 9, 10, 11]]",subset_beam_32,0.0,0.0,0.0,6.229185756433643e-10,0.0,0.0,"{""4"": 1}"
s1-i10,1,2516301160cf1942,"[[0, 1, 2, 3, 4, 5, 6, 7, 8, 9, 10, 11]]",saps_diagonal,0.0,0.0,0.0,6.229185756433643e-10,0.0,0.0,"{""4"": 1}"
s1-i10,1,2516301160cf1942,"[[0, 1, 2, 3, 4, 5, 6, 7, 8, 9, 10, 11]]",p_saps_residualized,0.0,0.0,0.0,6.229185756433643e-10,0.0,0.0,"{""4"": 1}"
s1-i10,1,2516301160cf1942,"[[0, 1, 2, 3, 4, 5, 6, 7, 8, 9, 10, 11]]",p_saps_projection,0.0,0.0,0.0,6.229185756433643e-10,0.0,0.0,"{""4"": 1}"
s1-i10,1,2516301160cf1942,"[[0, 1, 2, 3, 4, 5, 6, 7, 8, 9, 10, 11]]",b_saps_budgeted,0.0,0.0,0.0,6.229185756433643e-10,0.0,0.0,"{""4"": 1}"
s1-i10,1,2516301160cf1942,"[[0, 1, 2, 3, 4, 5, 6, 7, 8, 9, 10, 11]]",random_balanced,0.0,0.0,0.0,3.841443645179585e-07,1.0,1.0,"{""4"": 1}"
s1-i10,1,2516301160cf1942,"[[0, 1, 2, 3, 4, 5, 6, 7, 8, 9, 10, 11]]",confidence,0.0,0.0,0.0,3.841443645179585e-07,1.0,1.0,"{""4"": 1}"
s1-i10,1,2516301160cf1942,"[[0, 1, 2, 3, 4, 5, 6, 7, 8, 9, 10, 11]]",entropy,0.0,0.0,0.0,3.841443645179585e-07,1.0,1.0,"{""4"": 1}"
s1-i10,1,2516301160cf1942,"[[0, 1, 2, 3, 4, 5, 6, 7, 8, 9, 10, 11]]",dependency_cmi,0.0,0.0,0.0,3.841443645179585e-07,1.0,1.0,"{""4"": 1}"
s1-i10,1,2516301160cf1942,"[[0, 1, 2, 3, 4, 5, 6, 7, 8, 9, 10, 11]]",min_within_batch_tc,0.0,0.0,0.0,3.841443645179585e-07,1.0,1.0,"{""4"": 1}"
s1-i10,1,2516301160cf1942,"[[0, 1, 2, 3, 4, 5, 6, 7, 8, 9, 10, 11]]",dprm_myopic,0.0,0.0,0.0,3.841443645179585e-07,1.0,1.0,"{""4"": 1}"
s1-i10,1,2516301160cf1942,"[[0, 1, 2, 3, 4, 5, 6, 7, 8, 9, 10, 11]]",dprm_rollout,0.0,0.0,0.0,3.841443645179585e-07,1.0,1.0,"{""4"": 1}"
s1-i10,1,2516301160cf1942,"[[0, 1, 2, 3, 4, 5, 6, 7, 8, 9, 10, 11]]",subset_exact,0.0,0.0,0.0,3.841443645179585e-07,1.0,1.0,"{""4"": 1}"
s1-i10,1,2516301160cf1942,"[[0, 1, 2, 3, 4, 5, 6, 7, 8, 9, 10, 11]]",subset_beam_8,0.0,0.0,0.0,3.841443645179585e-07,1.0,1.0,"{""4"": 1}"
s1-i10,1,2516301160cf1942,"[[0, 1, 2, 3, 4, 5, 6, 7, 8, 9, 10, 11]]",subset_beam_32,0.0,0.0,0.0,3.841443645179585e-07,1.0,1.0,"{""4"": 1}"
s1-i10,1,2516301160cf1942,"[[0, 1, 2, 3, 4, 5, 6, 7, 8, 9, 10, 11]]",saps_diagonal,0.0,0.0,0.0,3.841443645179585e-07,1.0,1.0,"{""4"": 1}"
s1-i10,1,2516301160cf1942,"[[0, 1, 2, 3, 4, 5, 6, 7, 8, 9, 10, 11]]",p_saps_residualized,0.0,0.0,0.0,3.841443645179585e-07,1.0,1.0,"{""4"": 1}"
s1-i10,1,2516301160cf1942,"[[0, 1, 2, 3, 4, 5, 6, 7, 8, 9, 10, 11]]",p_saps_projection,0.0,0.0,0.0,3.841443645179585e-07,1.0,1.0,"{""4"": 1}"
s1-i10,1,2516301160cf1942,"[[0, 1, 2, 3, 4, 5, 6, 7, 8, 9, 10, 11]]",b_saps_budgeted,0.0,0.0,0.0,3.841443645179585e-07,1.0,1.0,"{""4"": 1}"
s1-i10,1,2516301160cf1942,"[[0, 1, 2, 3, 4, 5, 6, 7, 8, 9, 10, 11]]",random_balanced,0.0,0.0,0.0,3.008021889878941e-05,1.0,-1.0,"{""4"": 1}"
s1-i10,1,2516301160cf1942,"[[0, 1, 2, 3, 4, 5, 6, 7, 8, 9, 10, 11]]",confidence,0.0,0.0,0.0,3.008021889878941e-05,1.0,-1.0,"{""4"": 1}"
s1-i10,1,2516301160cf1942,"[[0, 1, 2, 3, 4, 5, 6, 7, 8, 9, 10, 11]]",entropy,0.0,0.0,0.0,3.008021889878941e-05,1.0,-1.0,"{""4"": 1}"
s1-i10,1,2516301160cf1942,"[[0, 1, 2, 3, 4, 5, 6, 7, 8, 9, 10, 11]]",dependency_cmi,0.0,0.0,0.0,3.008021889878941e-05,1.0,-1.0,"{""4"": 1}"
s1-i10,1,2516301160cf1942,"[[0, 1, 2, 3, 4, 5, 6, 7, 8, 9, 10, 11]]",min_within_batch_tc,0.0,0.0,0.0,3.008021889878941e-05,1.0,-1.0,"{""4"": 1}"
s1-i10,1,2516301160cf1942,"[[0, 1, 2, 3, 4, 5, 6, 7, 8, 9, 10, 11]]",dprm_myopic,0.0,0.0,0.0,3.008021889878941e-05,1.0,-1.0,"{""4"": 1}"
s1-i10,1,2516301160cf1942,"[[0, 1, 2, 3, 4, 5, 6, 7, 8, 9, 10, 11]]",dprm_rollout,0.0,0.0,0.0,3.008021889878941e-05,1.0,-1.0,"{""4"": 1}"
s1-i10,1,2516301160cf1942,"[[0, 1, 2, 3, 4, 5, 6, 7, 8, 9, 10, 11]]",subset_exact,0.0,0.0,0.0,3.008021889878941e-05,1.0,-1.0,"{""4"": 1}"
s1-i10,1,2516301160cf1942,"[[0, 1, 2, 3, 4, 5, 6, 7, 8, 9, 10, 11]]",subset_beam_8,0.0,0.0,0.0,3.008021889878941e-05,1.0,-1.0,"{""4"": 1}"
s1-i10,1,2516301160cf1942,"[[0, 1, 2, 3, 4, 5, 6, 7, 8, 9, 10, 11]]",subset_beam_32,0.0,0.0,0.0,3.008021889878941e-05,1.0,-1.0,"{""4"": 1}"
s1-i10,1,2516301160cf1942,"[[0, 1, 2, 3, 4, 5, 6, 7, 8, 9, 10, 11]]",saps_diagonal,0.0,0.0,0.0,3.008021889878941e-05,1.0,-1.0,"{""4"": 1}"
s1-i10,1,2516301160cf1942,"[[0, 1, 2, 3, 4, 5, 6, 7, 8, 9, 10, 11]]",p_saps_residualized,0.0,0.0,0.0,3.008021889878941e-05,1.0,-1.0,"{""4"": 1}"
s1-i10,1,2516301160cf1942,"[[0, 1, 2, 3, 4, 5, 6, 7, 8, 9, 10, 11]]",p_saps_projection,0.0,0.0,0.0,3.008021889878941e-05,1.0,-1.0,"{""4"": 1}"
s1-i10,1,2516301160cf1942,"[[0, 1, 2, 3, 4, 5, 6, 7, 8, 9, 10, 11]]",b_saps_budgeted,0.0,0.0,0.0,3.008021889878941e-05,1.0,-1.0,"{""4"": 1}"
s1-i10,1,359e5cdf291da52a,"[[0, 2, 4, 5, 8, 11], [1, 3, 6, 7, 9, 10]]",random_balanced,0.0,0.0,0.0,9.966672193000835e-05,0.0,0.0,"{""2"": 1}"
s1-i10,1,b77d9f5ac9e36fa4,"[[2, 3, 4, 6, 8, 10], [0, 1, 5, 7, 9, 11]]",confidence,1.0,1.0,1.0,0.019933243911272918,0.0,0.0,"{""1"": 1}"
s1-i10,1,413c2be5c9d3d6a4,"[[2, 3, 4, 8, 10, 11], [0, 1, 5, 6, 7, 9]]",entropy,0.0,0.0,0.0,6.229185756433643e-10,0.0,0.0,"{""4"": 1}"
s1-i10,1,bfe8dba1cf91d63b,"[[0, 2, 3, 4, 5, 6], [1, 7, 8, 9, 10, 11]]",dependency_cmi,0.0,0.0,0.0,2.953093001089847e-07,0.0,0.0,"{""3"": 1}"
s1-i10,1,2c65c3eb01c0b0ed,"[[0, 3, 4, 6, 10, 11], [1, 2, 5, 7, 8, 9]]",min_within_batch_tc,1.0,1.0,1.0,0.019933243911272918,0.0,0.0,"{""1"": 1}"
s1-i10,1,f2506c252f4cea5a,"[[0, 1, 3, 8, 10, 11], [2, 4, 5, 6, 7, 9]]",dprm_myopic,0.0,0.0,0.0,6.229185756433643e-10,0.0,0.0,"{""4"": 1}"
s1-i10,1,f2506c252f4cea5a,"[[0, 1, 3, 8, 10, 11], [2, 4, 5, 6, 7, 9]]",dprm_rollout,0.0,0.0,0.0,6.229185756433643e-10,0.0,0.0,"{""4"": 1}"
s1-i10,1,73b78e981e5c0d98,"[[0, 2, 3, 4, 8, 11], [1, 5, 6, 7, 9, 10]]",subset_exact,1.0,1.0,1.0,0.019933243911272918,0.0,0.0,"{""1"": 1}"
s1-i10,1,73b78e981e5c0d98,"[[0, 2, 3, 4, 8, 11], [1, 5, 6, 7, 9, 10]]",subset_beam_8,1.0,1.0,1.0,0.019933243911272918,0.0,0.0,"{""1"": 1}"
s1-i10,1,73b78e981e5c0d98,"[[0, 2, 3, 4, 8, 11], [1, 5, 6, 7, 9, 10]]",subset_beam_32,1.0,1.0,1.0,0.019933243911272918,0.0,0.0,"{""1"": 1}"
s1-i10,1,73b78e981e5c0d98,"[[0, 2, 3, 4, 8, 11], [1, 5, 6, 7, 9, 10]]",saps_diagonal,1.0,1.0,1.0,0.019933243911272918,0.0,0.0,"{""1"": 1}"
s1-i10,1,73b78e981e5c0d98,"[[0, 2, 3, 4, 8, 11], [1, 5, 6, 7, 9, 10]]",p_saps_residualized,1.0,1.0,1.0,0.019933243911272918,0.0,0.0,"{""1"": 1}"
s1-i10,1,73b78e981e5c0d98,"[[0, 2, 3, 4, 8, 11], [1, 5, 6, 7, 9, 10]]",p_saps_projection,1.0,1.0,1.0,0.019933243911272918,0.0,0.0,"{""1"": 1}"
s1-i10,1,73b78e981e5c0d98,"[[0, 2, 3, 4, 8, 11], [1, 5, 6, 7, 9, 10]]",b_saps_budgeted,1.0,1.0,1.0,0.019933243911272918,0.0,0.0,"{""1"": 1}"
s1-i10,1,359e5cdf291da52a,"[[0, 2, 4, 5, 8, 11], [1, 3, 6, 7, 9, 10]]",random_balanced,0.0,0.0,0.0,0.002458367125419222,1.0,1.0,"{""2"": 1}"
s1-i10,1,b77d9f5ac9e36fa4,"[[2, 3, 4, 6, 8, 10], [0, 1, 5, 7, 9, 11]]",confidence,1.0,1.0,1.0,0.09832187834349396,1.0,1.0,"{""1"": 1}"
s1-i10,1,413c2be5c9d3d6a4,"[[2, 3, 4, 8, 10, 11], [0, 1, 5, 6, 7, 9]]",entropy,0.0,0.0,0.0,3.841443645179585e-07,1.0,1.0,"{""4"": 1}"
s1-i10,1,bfe8dba1cf91d63b,"[[0, 2, 3, 4, 5, 6], [1, 7, 8, 9, 10, 11]]",dependency_cmi,0.0,0.0,0.0,3.642180593392726e-05,0.0,0.0,"{""3"": 1}"
s1-i10,1,2c65c3eb01c0b0ed,"[[0, 3, 4, 6, 10, 11], [1, 2, 5, 7, 8, 9]]",min_within_batch_tc,1.0,1.0,1.0,0.09832187834349396,1.0,1.0,"{""1"": 1}"
s1-i10,1,f2506c252f4cea5a,"[[0, 1, 3, 8, 10, 11], [2, 4, 5, 6, 7, 9]]",dprm_myopic,0.0,0.0,0.0,3.841443645179585e-07,1.0,1.0,"{""4"": 1}"
s1-i10,1,f2506c252f4cea5a,"[[0, 1, 3, 8, 10, 11], [2, 4, 5, 6, 7, 9]]",dprm_rollout,0.0,0.0,0.0,3.841443645179585e-07,1.0,1.0,"{""4"": 1}"
s1-i10,1,73b78e981e5c0d98,"[[0, 2, 3, 4, 8, 11], [1, 5, 6, 7, 9, 10]]",subset_exact,1.0,1.0,1.0,0.09832187834349396,1.0,1.0,"{""1"": 1}"
s1-i10,1,73b78e981e5c0d98,"[[0, 2, 3, 4, 8, 11], [1, 5, 6, 7, 9, 10]]",subset_beam_8,1.0,1.0,1.0,0.09832187834349396,1.0,1.0,"{""1"": 1}"
s1-i10,1,73b78e981e5c0d98,"[[0, 2, 3, 4, 8, 11], [1, 5, 6, 7, 9, 10]]",subset_beam_32,1.0,1.0,1.0,0.09832187834349396,1.0,1.0,"{""1"": 1}"
s1-i10,1,73b78e981e5c0d98,"[[0, 2, 3, 4, 8, 11], [1, 5, 6, 7, 9, 10]]",saps_diagonal,1.0,1.0,1.0,0.09832187834349396,1.0,1.0,"{""1"": 1}"
s1-i10,1,73b78e981e5c0d98,"[[0, 2, 3, 4, 8, 11], [1, 5, 6, 7, 9, 10]]",p_saps_residualized,1.0,1.0,1.0,0.09832187834349396,1.0,1.0,"{""1"": 1}"
s1-i10,1,73b78e981e5c0d98,"[[0, 2, 3, 4, 8, 11], [1, 5, 6, 7, 9, 10]]",p_saps_projection,1.0,1.0,1.0,0.09832187834349396,1.0,1.0,"{""1"": 1}"
s1-i10,1,73b78e981e5c0d98,"[[0, 2, 3, 4, 8, 11], [1, 5, 6, 7, 9, 10]]",b_saps_budgeted,1.0,1.0,1.0,0.09832187834349396,1.0,1.0,"{""1"": 1}"
s1-i10,1,359e5cdf291da52a,"[[0, 2, 4, 5, 8, 11], [1, 3, 6, 7, 9, 10]]",random_balanced,0.0,0.0,0.0,0.02137757562180163,1.0,-1.0,"{""2"": 1}"
s1-i10,1,b77d9f5ac9e36fa4,"[[2, 3, 4, 6, 8, 10], [0, 1, 5, 7, 9, 11]]",confidence,1.0,1.0,1.0,0.28466967854505804,1.0,-1.0,"{""1"": 1}"
s1-i10,1,413c2be5c9d3d6a4,"[[2, 3, 4, 8, 10, 11], [0, 1, 5, 6, 7, 9]]",entropy,0.0,0.0,0.0,3.008021889878941e-05,1.0,-1.0,"{""4"": 1}"
s1-i10,1,bfe8dba1cf91d63b,"[[0, 2, 3, 4, 5, 6], [1, 7, 8, 9, 10, 11]]",dependency_cmi,0.0,0.0,0.0,0.000950496452247564,1.0,-1.0,"{""3"": 1}"
s1-i10,1,2c65c3eb01c0b0ed,"[[0, 3, 4, 6, 10, 11], [1, 2, 5, 7, 8, 9]]",min_within_batch_tc,1.0,1.0,1.0,0.28466967854505804,1.0,-1.0,"{""1"": 1}"
s1-i10,1,f2506c252f4cea5a,"[[0, 1, 3, 8, 10, 11], [2, 4, 5, 6, 7, 9]]",dprm_myopic,0.0,0.0,0.0,3.008021889878941e-05,1.0,-1.0,"{""4"": 1}"
s1-i10,1,f2506c252f4cea5a,"[[0, 1, 3, 8, 10, 11], [2, 4, 5, 6, 7, 9]]",dprm_rollout,0.0,0.0,0.0,3.008021889878941e-05,1.0,-1.0,"{""4"": 1}"
s1-i10,1,73b78e981e5c0d98,"[[0, 2, 3, 4, 8, 11], [1, 5, 6, 7, 9, 10]]",subset_exact,1.0,1.0,1.0,0.28466967854505804,0.0,0.0,"{""1"": 1}"
s1-i10,1,73b78e981e5c0d98,"[[0, 2, 3, 4, 8, 11], [1, 5, 6, 7, 9, 10]]",subset_beam_8,1.0,1.0,1.0,0.28466967854505804,0.0,0.0,"{""1"": 1}"
s1-i10,1,73b78e981e5c0d98,"[[0, 2, 3, 4, 8, 11], [1, 5, 6, 7, 9, 10]]",subset_beam_32,1.0,1.0,1.0,0.28466967854505804,0.0,0.0,"{""1"": 1}"
s1-i10,1,73b78e981e5c0d98,"[[0, 2, 3, 4, 8, 11], [1, 5, 6, 7, 9, 10]]",saps_diagonal,1.0,1.0,1.0,0.28466967854505804,0.0,0.0,"{""1"": 1}"
s1-i10,1,73b78e981e5c0d98,"[[0, 2, 3, 4, 8, 11], [1, 5, 6, 7, 9, 10]]",p_saps_residualized,1.0,1.0,1.0,0.28466967854505804,0.0,0.0,"{""1"": 1}"
s1-i10,1,73b78e981e5c0d98,"[[0, 2, 3, 4, 8, 11], [1, 5, 6, 7, 9, 10]]",p_saps_projection,1.0,1.0,1.0,0.28466967854505804,0.0,0.0,"{""1"": 1}"
s1-i10,1,73b78e981e5c0d98,"[[0, 2, 3, 4, 8, 11], [1, 5, 6, 7, 9, 10]]",b_saps_budgeted,1.0,1.0,1.0,0.28466967854505804,0.0,0.0,"{""1"": 1}"
s1-i10,1,5c0bd96b45738160,"[[2, 4, 8, 11], [0, 5, 7, 10], [1, 3, 6, 9]]",random_balanced,1.0,1.0,1.0,0.019933243911272918,0.0,0.0,"{""1"": 1}"
s1-i10,1,27900c0a49a2af11,"[[2, 3, 4, 10], [6, 7, 8, 11], [0, 1, 5, 9]]",confidence,0.0,0.0,0.0,9.966672193000835e-05,0.0,0.0,"{""2"": 1}"
s1-i10,1,d1479abbe7443dea,"[[2, 3, 10, 11], [0, 4, 6, 8], [1, 5, 7, 9]]",entropy,1.0,1.0,1.0,0.019933243911272918,0.0,0.0,"{""1"": 1}"
s1-i10,1,ab33dac69692c1af,"[[0, 3, 4, 5], [6, 7, 8, 9], [1, 2, 10, 11]]",dependency_cmi,0.0,0.0,0.0,9.966672193000835e-05,0.0,0.0,"{""2"": 1}"
s1-i10,1,1ae68da3761cd1b4,"[[0, 3, 4, 5], [6, 8, 10, 11], [1, 2, 7, 9]]",min_within_batch_tc,0.0,0.0,0.0,2.953093001089847e-07,0.0,0.0,"{""3"": 1}"
s1-i10,1,12c0e06e175c462d,"[[3, 8, 10, 11], [0, 1, 2, 4], [5, 6, 7, 9]]",dprm_myopic,0.0,0.0,0.0,6.229185756433643e-10,0.0,0.0,"{""4"": 1}"
s1-i10,1,12c0e06e175c462d,"[[3, 8, 10, 11], [0, 1, 2, 4], [5, 6, 7, 9]]",dprm_rollout,0.0,0.0,0.0,6.229185756433643e-10,0.0,0.0,"{""4"": 1}"
s1-i10,1,5c0bd96b45738160,"[[2, 4, 8, 11], [0, 5, 7, 10], [1, 3, 6, 9]]",subset_exact,1.0,1.0,1.0,0.019933243911272918,0.0,0.0,"{""1"": 1}"
s1-i10,1,5c0bd96b45738160,"[[2, 4, 8, 11], [0, 5, 7, 10], [1, 3, 6, 9]]",subset_beam_8,1.0,1.0,1.0,0.019933243911272918,0.0,0.0,"{""1"": 1}"
s1-i10,1,5c0bd96b45738160,"[[2, 4, 8, 11], [0, 5, 7, 10], [1, 3, 6, 9]]",subset_beam_32,1.0,1.0,1.0,0.019933243911272918,0.0,0.0,"{""1"": 1}"
s1-i10,1,5c0bd96b45738160,"[[2, 4, 8, 11], [0, 5, 7, 10], [1, 3, 6, 9]]",saps_diagonal,1.0,1.0,1.0,0.019933243911272918,0.0,0.0,"{""1"": 1}"
s1-i10,1,5c0bd96b45738160,"[[2, 4, 8, 11], [0, 5, 7, 10], [1, 3, 6, 9]]",p_saps_residualized,1.0,1.0,1.0,0.019933243911272918,0.0,0.0,"{""1"": 1}"
s1-i10,1,5c0bd96b45738160,"[[2, 4, 8, 11], [0, 5, 7, 10], [1, 3, 6, 9]]",p_saps_projection,1.0,1.0,1.0,0.019933243911272918,0.0,0.0,"{""1"": 1}"
s1-i10,1,5c0bd96b45738160,"[[2, 4, 8, 11], [0, 5, 7, 10], [1, 3, 6, 9]]",b_saps_budgeted,1.0,1.0,1.0,0.019933243911272918,0.0,0.0,"{""1"": 1}"
s1-i10,1,5c0bd96b45738160,"[[2, 4, 8, 11], [0, 5, 7, 10], [1, 3, 6, 9]]",random_balanced,1.0,1.0,1.0,0.09832187834349396,1.0,1.0,"{""1"": 1}"
s1-i10,1,27900c0a49a2af11,"[[2, 3, 4, 10], [6, 7, 8, 11], [0, 1, 5, 9]]",confidence,0.0,0.0,0.0,0.002458367125419222,1.0,1.0,"{""2"": 1}"
s1-i10,1,d1479abbe7443dea,"[[2, 3, 10, 11], [0, 4, 6, 8], [1, 5, 7, 9]]",entropy,1.0,1.0,1.0,0.09832187834349396,1.0,1.0,"{""1"": 1}"
s1-i10,1,ab33dac69692c1af,"[[0, 3, 4, 5], [6, 7, 8, 9], [1, 2, 10, 11]]",dependency_cmi,0.0,0.0,0.0,0.002458367125419222,0.0,0.0,"{""2"": 1}"
s1-i10,1,1ae68da3761cd1b4,"[[0, 3, 4, 5], [6, 8, 10, 11], [1, 2, 7, 9]]",min_within_batch_tc,0.0,0.0,0.0,3.642180593392726e-05,0.0,0.0,"{""3"": 1}"
s1-i10,1,12c0e06e175c462d,"[[3, 8, 10, 11], [0, 1, 2, 4], [5, 6, 7, 9]]",dprm_myopic,0.0,0.0,0.0,3.841443645179585e-07,1.0,1.0,"{""4"": 1}"
s1-i10,1,12c0e06e175c462d,"[[3, 8, 10, 11], [0, 1, 2, 4], [5, 6, 7, 9]]",dprm_rollout,0.0,0.0,0.0,3.841443645179585e-07,1.0,1.0,"{""4"": 1}"
s1-i10,1,5c0bd96b45738160,"[[2, 4, 8, 11], [0, 5, 7, 10], [1, 3, 6, 9]]",subset_exact,1.0,1.0,1.0,0.09832187834349396,1.0,1.0,"{""1"": 1}"
s1-i10,1,5c0bd96b45738160,"[[2, 4, 8, 11], [0, 5, 7, 10], [1, 3, 6, 9]]",subset_beam_8,1.0,1.0,1.0,0.09832187834349396,1.0,1.0,"{""1"": 1}"
s1-i10,1,5c0bd96b45738160,"[[2, 4, 8, 11], [0, 5, 7, 10], [1, 3, 6, 9]]",subset_beam_32,1.0,1.0,1.0,0.09832187834349396,1.0,1.0,"{""1"": 1}"
s1-i10,1,5c0bd96b45738160,"[[2, 4, 8, 11], [0, 5, 7, 10], [1, 3, 6, 9]]",saps_diagonal,1.0,1.0,1.0,0.09832187834349396,1.0,1.0,"{""1"": 1}"
s1-i10,1,5c0bd96b45738160,"[[2, 4, 8, 11], [0, 5, 7, 10], [1, 3, 6, 9]]",p_saps_residualized,1.0,1.0,1.0,0.09832187834349396,1.0,1.0,"{""1"": 1}"
s1-i10,1,5c0bd96b45738160,"[[2, 4, 8, 11], [0, 5, 7, 10], [1, 3, 6, 9]]",p_saps_projection,1.0,1.0,1.0,0.09832187834349396,1.0,1.0,"{""1"": 1}"
s1-i10,1,5c0bd96b45738160,"[[2, 4, 8, 11], [0, 5, 7, 10], [1, 3, 6, 9]]",b_saps_budgeted,1.0,1.0,1.0,0.09832187834349396,1.0,1.0,"{""1"": 1}"
s1-i10,1,5c0bd96b45738160,"[[2, 4, 8, 11], [0, 5, 7, 10], [1, 3, 6, 9]]",random_balanced,1.0,1.0,1.0,0.28466967854505804,0.0,0.0,"{""1"": 1}"
s1-i10,1,27900c0a49a2af11,"[[2, 3, 4, 10], [6, 7, 8, 11], [0, 1, 5, 9]]",confidence,0.0,0.0,0.0,0.02137757562180163,0.0,0.0,"{""2"": 1}"
s1-i10,1,d1479abbe7443dea,"[[2, 3, 10, 11], [0, 4, 6, 8], [1, 5, 7, 9]]",entropy,1.0,1.0,1.0,0.28466967854505804,1.0,-1.0,"{""1"": 1}"
s1-i10,1,ab33dac69692c1af,"[[0, 3, 4, 5], [6, 7, 8, 9], [1, 2, 10, 11]]",dependency_cmi,0.0,0.0,0.0,0.02137757562180163,1.0,-1.0,"{""2"": 1}"
s1-i10,1,1ae68da3761cd1b4,"[[0, 3, 4, 5], [6, 8, 10, 11], [1, 2, 7, 9]]",min_within_batch_tc,0.0,0.0,0.0,0.000950496452247564,1.0,-1.0,"{""3"": 1}"
s1-i10,1,12c0e06e175c462d,"[[3, 8, 10, 11], [0, 1, 2, 4], [5, 6, 7, 9]]",dprm_myopic,0.0,0.0,0.0,3.008021889878941e-05,1.0,-1.0,"{""4"": 1}"
s1-i10,1,12c0e06e175c462d,"[[3, 8, 10, 11], [0, 1, 2, 4], [5, 6, 7, 9]]",dprm_rollout,0.0,0.0,0.0,3.008021889878941e-05,1.0,-1.0,"{""4"": 1}"
s1-i10,1,5c0bd96b45738160,"[[2, 4, 8, 11], [0, 5, 7, 10], [1, 3, 6, 9]]",subset_exact,1.0,1.0,1.0,0.28466967854505804,0.0,0.0,"{""1"": 1}"
s1-i10,1,5c0bd96b45738160,"[[2, 4, 8, 11], [0, 5, 7, 10], [1, 3, 6, 9]]",subset_beam_8,1.0,1.0,1.0,0.28466967854505804,0.0,0.0,"{""1"": 1}"
s1-i10,1,5c0bd96b45738160,"[[2, 4, 8, 11], [0, 5, 7, 10], [1, 3, 6, 9]]",subset_beam_32,1.0,1.0,1.0,0.28466967854505804,0.0,0.0,"{""1"": 1}"
s1-i10,1,5c0bd96b45738160,"[[2, 4, 8, 11], [0, 5, 7, 10], [1, 3, 6, 9]]",saps_diagonal,1.0,1.0,1.0,0.28466967854505804,0.0,0.0,"{""1"": 1}"
s1-i10,1,5c0bd96b45738160,"[[2, 4, 8, 11], [0, 5, 7, 10], [1, 3, 6, 9]]",p_saps_residualized,1.0,1.0,1.0,0.28466967854505804,0.0,0.0,"{""1"": 1}"
s1-i10,1,5c0bd96b45738160,"[[2, 4, 8, 11], [0, 5, 7, 10], [1, 3, 6, 9]]",p_saps_projection,1.0,1.0,1.0,0.28466967854505804,0.0,0.0,"{""1"": 1}"
s1-i10,1,5c0bd96b45738160,"[[2, 4, 8, 11], [0, 5, 7, 10], [1, 3, 6, 9]]",b_saps_budgeted,1.0,1.0,1.0,0.28466967854505804,0.0,0.0,"{""1"": 1}"
s1-i10,1,53e76858f31a7a0b,"[[2, 4, 8], [0, 5, 11], [1, 7, 10], [3, 6, 9]]",random_balanced,1.0,1.0,1.0,0.019933243911272918,0.0,0.0,"{""1"": 1}"
s1-i10,1,4ca12e3fe7af16aa,"[[2, 3, 10], [4, 6, 8], [0, 7, 11], [1, 5, 9]]",confidence,1.0,1.0,1.0,0.019933243911272918,0.0,0.0,"{""1"": 1}"
s1-i10,1,b714d97a17f014ab,"[[3, 10, 11], [2, 4, 8], [0, 6, 7], [1, 5, 9]]",entropy,1.0,1.0,1.0,0.019933243911272918,0.0,0.0,"{""1"": 1}"
s1-i10,1,c3b357a9668286a6,"[[0, 3, 5], [1, 4, 10], [6, 7, 9], [2, 8, 11]]",dependency_cmi,0.0,0.0,0.0,9.966672193000835e-05,0.0,0.0,"{""2"": 1}"
s1-i10,1,d1326c691a1c1546,"[[0, 3, 4], [6, 10, 11], [2, 8, 9], [1, 5, 7]]",min_within_batch_tc,1.0,1.0,1.0,0.019933243911272918,0.0,0.0,"{""1"": 1}"
s1-i10,1,3df5a0dc1ef48183,"[[3, 8, 10], [0, 1, 11], [2, 4, 5], [6, 7, 9]]",dprm_myopic,1.0,1.0,1.0,0.019933243911272918,0.0,0.0,"{""1"": 1}"
s1-i10,1,3df5a0dc1ef48183,"[[3, 8, 10], [0, 1, 11], [2, 4, 5], [6, 7, 9]]",dprm_rollout,1.0,1.0,1.0,0.019933243911272918,0.0,0.0,"{""1"": 1}"
s1-i10,1,53e76858f31a7a0b,"[[2, 4, 8], [0, 5, 11], [1, 7, 10], [3, 6, 9]]",subset_exact,1.0,1.0,1.0,0.019933243911272918,0.0,0.0,"{""1"": 1}"
s1-i10,1,53e76858f31a7a0b,"[[2, 4, 8], [0, 5, 11], [1, 7, 10], [3, 6, 9]]",subset_beam_8,1.0,1.0,1.0,0.019933243911272918,0.0,0.0,"{""1"": 1}"
s1-i10,1,53e76858f31a7a0b,"[[2, 4, 8], [0, 5, 11], [1, 7, 10], [3, 6, 9]]",subset_beam_32,1.0,1.0,1.0,0.019933243911272918,0.0,0.0,"{""1"": 1}"
s1-i10,1,53e76858f31a7a0b,"[[2, 4, 8], [0, 5, 11], [1, 7, 10], [3, 6, 9]]",saps_diagonal,1.0,1.0,1.0,0.019933243911272918,0.0,0.0,"{""1"": 1}"
s1-i10,1,53e76858f31a7a0b,"[[2, 4, 8], [0, 5, 11], [1, 7, 10], [3, 6, 9]]",p_saps_residualized,1.0,1.0,1.0,0.019933243911272918,0.0,0.0,"{""1"": 1}"
s1-i10,1,53e76858f31a7a0b,"[[2, 4, 8], [0, 5, 11], [1, 7, 10], [3, 6, 9]]",p_saps_projection,1.0,1.0,1.0,0.019933243911272918,0.0,0.0,"{""1"": 1}"
s1-i10,1,53e76858f31a7a0b,"[[2, 4, 8], [0, 5, 11], [1, 7, 10], [3, 6, 9]]",b_saps_budgeted,1.0,1.0,1.0,0.019933243911272918,0.0,0.0,"{""1"": 1}"
s1-i10,1,53e76858f31a7a0b,"[[2, 4, 8], [0, 5, 11], [1, 7, 10], [3, 6, 9]]",random_balanced,1.0,1.0,1.0,0.09832187834349396,0.0,0.0,"{""1"": 1}"
s1-i10,1,4ca12e3fe7af16aa,"[[2, 3, 10], [4, 6, 8], [0, 7, 11], [1, 5, 9]]",confidence,1.0,1.0,1.0,0.09832187834349396,1.0,1.0,"{""1"": 1}"
s1-i10,1,b714d97a17f014ab,"[[3, 10, 11], [2, 4, 8], [0, 6, 7], [1, 5, 9]]",entropy,1.0,1.0,1.0,0.09832187834349396,1.0,1.0,"{""1"": 1}"
s1-i10,1,c3b357a9668286a6,"[[0, 3, 5], [1, 4, 10], [6, 7, 9], [2, 8, 11]]",dependency_cmi,0.0,0.0,0.0,0.002458367125419222,1.0,1.0,"{""2"": 1}"
s1-i10,1,d1326c691a1c1546,"[[0, 3, 4], [6, 10, 11], [2, 8, 9], [1, 5, 7]]",min_within_batch_tc,1.0,1.0,1.0,0.09832187834349396,0.0,0.0,"{""1"": 1}"
s1-i10,1,3df5a0dc1ef48183,"[[3, 8, 10], [0, 1, 11], [2, 4, 5], [6, 7, 9]]",dprm_myopic,1.0,1.0,1.0,0.09832187834349396,1.0,1.0,"{""1"": 1}"
s1-i10,1,3df5a0dc1ef48183,"[[3, 8, 10], [0, 1, 11], [2, 4, 5], [6, 7, 9]]",dprm_rollout,1.0,1.0,1.0,0.09832187834349396,1.0,1.0,"{""1"": 1}"
s1-i10,1,53e76858f31a7a0b,"[[2, 4, 8], [0, 5, 11], [1, 7, 10], [3, 6, 9]]",subset_exact,1.0,1.0,1.0,0.09832187834349396,0.0,0.0,"{""1"": 1}"
s1-i10,1,53e76858f31a7a0b,"[[2, 4, 8], [0, 5, 11], [1, 7, 10], [3, 6, 9]]",subset_beam_8,1.0,1.0,1.0,0.09832187834349396,0.0,0.0,"{""1"": 1}"
s1-i10,1,53e76858f31a7a0b,"[[2, 4, 8], [0, 5, 11], [1, 7, 10], [3, 6, 9]]",subset_beam_32,1.0,1.0,1.0,0.09832187834349396,0.0,0.0,"{""1"": 1}"
s1-i10,1,53e76858f31a7a0b,"[[2, 4, 8], [0, 5, 11], [1, 7, 10], [3, 6, 9]]",saps_diagonal,1.0,1.0,1.0,0.09832187834349396,0.0,0.0,"{""1"": 1}"
s1-i10,1,53e76858f31a7a0b,"[[2, 4, 8], [0, 5, 11], [1, 7, 10], [3, 6, 9]]",p_saps_residualized,1.0,1.0,1.0,0.09832187834349396,0.0,0.0,"{""1"": 1}"
s1-i10,1,53e76858f31a7a0b,"[[2, 4, 8], [0, 5, 11], [1, 7, 10], [3, 6, 9]]",p_saps_projection,1.0,1.0,1.0,0.09832187834349396,0.0,0.0,"{""1"": 1}"
s1-i10,1,53e76858f31a7a0b,"[[2, 4, 8], [0, 5, 11], [1, 7, 10], [3, 6, 9]]",b_saps_budgeted,1.0,1.0,1.0,0.09832187834349396,0.0,0.0,"{""1"": 1}"
s1-i10,1,53e76858f31a7a0b,"[[2, 4, 8], [0, 5, 11], [1, 7, 10], [3, 6, 9]]",random_balanced,1.0,1.0,1.0,0.28466967854505804,0.0,0.0,"{""1"": 1}"
s1-i10,1,4ca12e3fe7af16aa,"[[2, 3, 10], [4, 6, 8], [0, 7, 11], [1, 5, 9]]",confidence,1.0,1.0,1.0,0.28466967854505804,0.0,0.0,"{""1"": 1}"
s1-i10,1,b714d97a17f014ab,"[[3, 10, 11], [2, 4, 8], [0, 6, 7], [1, 5, 9]]",entropy,1.0,1.0,1.0,0.28466967854505804,1.0,-1.0,"{""1"": 1}"
s1-i10,1,c3b357a9668286a6,"[[0, 3, 5], [1, 4, 10], [6, 7, 9], [2, 8, 11]]",dependency_cmi,0.0,0.0,0.0,0.02137757562180163,1.0,-1.0,"{""2"": 1}"
s1-i10,1,d1326c691a1c1546,"[[0, 3, 4], [6, 10, 11], [2, 8, 9], [1, 5, 7]]",min_within_batch_tc,1.0,1.0,1.0,0.28466967854505804,1.0,-1.0,"{""1"": 1}"
s1-i10,1,3df5a0dc1ef48183,"[[3, 8, 10], [0, 1, 11], [2, 4, 5], [6, 7, 9]]",dprm_myopic,1.0,1.0,1.0,0.28466967854505804,1.0,-1.0,"{""1"": 1}"
s1-i10,1,3df5a0dc1ef48183,"[[3, 8, 10], [0, 1, 11], [2, 4, 5], [6, 7, 9]]",dprm_rollout,1.0,1.0,1.0,0.28466967854505804,1.0,-1.0,"{""1"": 1}"
s1-i10,1,53e76858f31a7a0b,"[[2, 4, 8], [0, 5, 11], [1, 7, 10], [3, 6, 9]]",subset_exact,1.0,1.0,1.0,0.28466967854505804,0.0,0.0,"{""1"": 1}"
s1-i10,1,53e76858f31a7a0b,"[[2, 4, 8], [0, 5, 11], [1, 7, 10], [3, 6, 9]]",subset_beam_8,1.0,1.0,1.0,0.28466967854505804,0.0,0.0,"{""1"": 1}"
s1-i10,1,53e76858f31a7a0b,"[[2, 4, 8], [0, 5, 11], [1, 7, 10], [3, 6, 9]]",subset_beam_32,1.0,1.0,1.0,0.28466967854505804,0.0,0.0,"{""1"": 1}"
s1-i10,1,53e76858f31a7a0b,"[[2, 4, 8], [0, 5, 11], [1, 7, 10], [3, 6, 9]]",saps_diagonal,1.0,1.0,1.0,0.28466967854505804,0.0,0.0,"{""1"": 1}"
s1-i10,1,53e76858f31a7a0b,"[[2, 4, 8], [0, 5, 11], [1, 7, 10], [3, 6, 9]]",p_saps_residualized,1.0,1.0,1.0,0.28466967854505804,0.0,0.0,"{""1"": 1}"
s1-i10,1,53e76858f31a7a0b,"[[2, 4, 8], [0, 5, 11], [1, 7, 10], [3, 6, 9]]",p_saps_projection,1.0,1.0,1.0,0.28466967854505804,0.0,0.0,"{""1"": 1}"
s1-i10,1,53e76858f31a7a0b,"[[2, 4, 8], [0, 5, 11], [1, 7, 10], [3, 6, 9]]",b_saps_budgeted,1.0,1.0,1.0,0.28466967854505804,0.0,0.0,"{""1"": 1}"
s1-i11,1,2516301160cf1942,"[[0, 1, 2, 3, 4, 5, 6, 7, 8, 9, 10, 11]]",random_balanced,0.006879493942131879,0.006879493942131879,0.006879493942131879,0.00013713063174820836,0.0,0.0,"{""1"": 12, ""5"": 1}"
s1-i11,1,2516301160cf1942,"[[0, 1, 2, 3, 4, 5, 6, 7, 8, 9, 10, 11]]",confidence,0.006879493942131879,0.006879493942131879,0.006879493942131879,0.00013713063174820836,0.0,0.0,"{""1"": 12, ""5"": 1}"
s1-i11,1,2516301160cf1942,"[[0, 1, 2, 3, 4, 5, 6, 7, 8, 9, 10, 11]]",entropy,0.006879493942131879,0.006879493942131879,0.006879493942131879,0.00013713063174820836,0.0,0.0,"{""1"": 12, ""5"": 1}"
s1-i11,1,2516301160cf1942,"[[0, 1, 2, 3, 4, 5, 6, 7, 8, 9, 10, 11]]",dependency_cmi,0.006879493942131879,0.006879493942131879,0.006879493942131879,0.00013713063174820836,0.0,0.0,"{""1"": 12, ""5"": 1}"
s1-i11,1,2516301160cf1942,"[[0, 1, 2, 3, 4, 5, 6, 7, 8, 9, 10, 11]]",min_within_batch_tc,0.006879493942131879,0.006879493942131879,0.006879493942131879,0.00013713063174820836,0.0,0.0,"{""1"": 12, ""5"": 1}"
s1-i11,1,2516301160cf1942,"[[0, 1, 2, 3, 4, 5, 6, 7, 8, 9, 10, 11]]",dprm_myopic,0.006879493942131879,0.006879493942131879,0.006879493942131879,0.00013713063174820836,0.0,0.0,"{""1"": 12, ""5"": 1}"
s1-i11,1,2516301160cf1942,"[[0, 1, 2, 3, 4, 5, 6, 7, 8, 9, 10, 11]]",dprm_rollout,0.006879493942131879,0.006879493942131879,0.006879493942131879,0.00013713063174820836,0.0,0.0,"{""1"": 12, ""5"": 1}"
s1-i11,1,2516301160cf1942,"[[0, 1, 2, 3, 4, 5, 6, 7, 8, 9, 10, 11]]",subset_exact,0.006879493942131879,0.006879493942131879,0.006879493942131879,0.00013713063174820836,0.0,0.0,"{""1"": 12, ""5"": 1}"
s1-i11,1,2516301160cf1942,"[[0, 1, 2, 3, 4, 5, 6, 7, 8, 9, 10, 11]]",subset_beam_8,0.006879493942131879,0.006879493942131879,0.006879493942131879,0.00013713063174820836,0.0,0.0,"{""1"": 12, ""5"": 1}"
s1-i11,1,2516301160cf1942,"[[0, 1, 2, 3, 4, 5, 6, 7, 8, 9, 10, 11]]",subset_beam_32,0.006879493942131879,0.006879493942131879,0.006879493942131879,0.00013713063174820836,0.0,0.0,"{""1"": 12, ""5"": 1}"
s1-i11,1,2516301160cf1942,"[[0, 1, 2, 3, 4, 5, 6, 7, 8, 9, 10, 11]]",saps_diagonal,0.006879493942131879,0.006879493942131879,0.006879493942131879,0.00013713063174820836,0.0,0.0,"{""1"": 12, ""5"": 1}"
s1-i11,1,2516301160cf1942,"[[0, 1, 2, 3, 4, 5, 6, 7, 8, 9, 10, 11]]",p_saps_residualized,0.006879493942131879,0.006879493942131879,0.006879493942131879,0.00013713063174820836,0.0,0.0,"{""1"": 12, ""5"": 1}"
s1-i11,1,2516301160cf1942,"[[0, 1, 2, 3, 4, 5, 6, 7, 8, 9, 10, 11]]",p_saps_projection,0.006879493942131879,0.006879493942131879,0.006879493942131879,0.00013713063174820836,0.0,0.0,"{""1"": 12, ""5"": 1}"
s1-i11,1,2516301160cf1942,"[[0, 1, 2, 3, 4, 5, 6, 7, 8, 9, 10, 11]]",b_saps_budgeted,0.006879493942131879,0.006879493942131879,0.006879493942131879,0.00013713063174820836,0.0,0.0,"{""1"": 12, ""5"": 1}"
s1-i11,1,2516301160cf1942,"[[0, 1, 2, 3, 4, 5, 6, 7, 8, 9, 10, 11]]",random_balanced,0.006879493942131879,0.006879493942131879,0.006879493942131879,0.0006764078917441187,0.0,0.0,"{""1"": 12, ""5"": 1}"
s1-i11,1,2516301160cf1942,"[[0, 1, 2, 3, 4, 5, 6, 7, 8, 9, 10, 11]]",confidence,0.006879493942131879,0.006879493942131879,0.006879493942131879,0.0006764078917441187,0.0,0.0,"{""1"": 12, ""5"": 1}"
s1-i11,1,2516301160cf1942,"[[0, 1, 2, 3, 4, 5, 6, 7, 8, 9, 10, 11]]",entropy,0.006879493942131879,0.006879493942131879,0.006879493942131879,0.0006764078917441187,0.0,0.0,"{""1"": 12, ""5"": 1}"
s1-i11,1,2516301160cf1942,"[[0, 1, 2, 3, 4, 5, 6, 7, 8, 9, 10, 11]]",dependency_cmi,0.006879493942131879,0.006879493942131879,0.006879493942131879,0.0006764078917441187,0.0,0.0,"{""1"": 12, ""5"": 1}"
s1-i11,1,2516301160cf1942,"[[0, 1, 2, 3, 4, 5, 6, 7, 8, 9, 10, 11]]",min_within_batch_tc,0.006879493942131879,0.006879493942131879,0.006879493942131879,0.0006764078917441187,0.0,0.0,"{""1"": 12, ""5"": 1}"
s1-i11,1,2516301160cf1942,"[[0, 1, 2, 3, 4, 5, 6, 7, 8, 9, 10, 11]]",dprm_myopic,0.006879493942131879,0.006879493942131879,0.006879493942131879,0.0006764078917441187,0.0,0.0,"{""1"": 12, ""5"": 1}"
s1-i11,1,2516301160cf1942,"[[0, 1, 2, 3, 4, 5, 6, 7, 8, 9, 10, 11]]",dprm_rollout,0.006879493942131879,0.006879493942131879,0.006879493942131879,0.0006764078917441187,0.0,0.0,"{""1"": 12, ""5"": 1}"
s1-i11,1,2516301160cf1942,"[[0, 1, 2, 3, 4, 5, 6, 7, 8, 9, 10, 11]]",subset_exact,0.006879493942131879,0.006879493942131879,0.006879493942131879,0.0006764078917441187,0.0,0.0,"{""1"": 12, ""5"": 1}"
s1-i11,1,2516301160cf1942,"[[0, 1, 2, 3, 4, 5, 6, 7, 8, 9, 10, 11]]",subset_beam_8,0.006879493942131879,0.006879493942131879,0.006879493942131879,0.0006764078917441187,0.0,0.0,"{""1"": 12, ""5"": 1}"
s1-i11,1,2516301160cf1942,"[[0, 1, 2, 3, 4, 5, 6, 7, 8, 9, 10, 11]]",subset_beam_32,0.006879493942131879,0.006879493942131879,0.006879493942131879,0.0006764078917441187,0.0,0.0,"{""1"": 12, ""5"": 1}"
s1-i11,1,2516301160cf1942,"[[0, 1, 2, 3, 4, 5, 6, 7, 8, 9, 10, 11]]",saps_diagonal,0.006879493942131879,0.006879493942131879,0.006879493942131879,0.0006764078917441187,0.0,0.0,"{""1"": 12, ""5"": 1}"
s1-i11,1,2516301160cf1942,"[[0, 1, 2, 3, 4, 5, 6, 7, 8, 9, 10, 11]]",p_saps_residualized,0.006879493942131879,0.006879493942131879,0.006879493942131879,0.0006764078917441187,0.0,0.0,"{""1"": 12, ""5"": 1}"
s1-i11,1,2516301160cf1942,"[[0, 1, 2, 3, 4, 5, 6, 7, 8, 9, 10, 11]]",p_saps_projection,0.006879493942131879,0.006879493942131879,0.006879493942131879,0.0006764078917441187,0.0,0.0,"{""1"": 12, ""5"": 1}"
s1-i11,1,2516301160cf1942,"[[0, 1, 2, 3, 4, 5, 6, 7, 8, 9, 10, 11]]",b_saps_budgeted,0.006879493942131879,0.006879493942131879,0.006879493942131879,0.0006764078917441187,0.0,0.0,"{""1"": 12, ""5"": 1}"
s1-i11,1,2516301160cf1942,"[[0, 1, 2, 3, 4, 5, 6, 7, 8, 9, 10, 11]]",random_balanced,0.006879493942131879,0.006879493942131879,0.006879493942131879,0.001959117580542794,0.0004417017956219207,-0.021016702777122788,"{""1"": 12, ""5"": 1}"
s1-i11,1,2516301160cf1942,"[[0, 1, 2, 3, 4, 5, 6, 7, 8, 9, 10, 11]]",confidence,0.006879493942131879,0.006879493942131879,0.006879493942131879,0.001959117580542794,0.0004417017956219207,-0.021016702777122788,"{""1"": 12, ""5"": 1}"
s1-i11,1,2516301160cf1942,"[[0, 1, 2, 3, 4, 5, 6, 7, 8, 9, 10, 11]]",entropy,0.006879493942131879,0.006879493942131879,0.006879493942131879,0.001959117580542794,0.0004417017956219207,-0.021016702777122788,"{""1"": 12, ""5"": 1}"
s1-i11,1,2516301160cf1942,"[[0, 1, 2, 3, 4, 5, 6, 7, 8, 9, 10, 11]]",dependency_cmi,0.006879493942131879,0.006879493942131879,0.006879493942131879,0.001959117580542794,0.0004417017956219207,-0.021016702777122788,"{""1"": 12, ""5"": 1}"
s1-i11,1,2516301160cf1942,"[[0, 1, 2, 3, 4, 5, 6, 7, 8, 9, 10, 11]]",min_within_batch_tc,0.006879493942131879,0.006879493942131879,0.006879493942131879,0.001959117580542794,0.0004417017956219207,-0.021016702777122788,"{""1"": 12, ""5"": 1}"
s1-i11,1,2516301160cf1942,"[[0, 1, 2, 3, 4, 5, 6, 7, 8, 9, 10, 11]]",dprm_myopic,0.006879493942131879,0.006879493942131879,0.006879493942131879,0.001959117580542794,0.0004417017956219207,-0.021016702777122788,"{""1"": 12, ""5"": 1}"
s1-i11,1,2516301160cf1942,"[[0, 1, 2, 3, 4, 5, 6, 7, 8, 9, 10, 11]]",dprm_rollout,0.006879493942131879,0.006879493942131879,0.006879493942131879,0.001959117580542794,0.0004417017956219207,-0.021016702777122788,"{""1"": 12, ""5"": 1}"
s1-i11,1,2516301160cf1942,"[[0, 1, 2, 3, 4, 5, 6, 7, 8, 9, 10, 11]]",subset_exact,0.006879493942131879,0.006879493942131879,0.006879493942131879,0.001959117580542794,0.0004417017956219207,-0.021016702777122788,"{""1"": 12, ""5"": 1}"
s1-i11,1,2516301160cf1942,"[[0, 1, 2, 3, 4, 5, 6, 7, 8, 9, 10, 11]]",subset_beam_8,0.006879493942131879,0.006879493942131879,0.006879493942131879,0.001959117580542794,0.0004417017956219207,-0.021016702777122788,"{""1"": 12, ""5"": 1}"
s1-i11,1,2516301160cf1942,"[[0, 1, 2, 3, 4, 5, 6, 7, 8, 9, 10, 11]]",subset_beam_32,0.006879493942131879,0.006879493942131879,0.006879493942131879,0.001959117580542794,0.0004417017956219207,-0.021016702777122788,"{""1"": 12, ""5"": 1}"
s1-i11,1,2516301160cf1942,"[[0, 1, 2, 3, 4, 5, 6, 7, 8, 9, 10, 11]]",saps_diagonal,0.006879493942131879,0.006879493942131879,0.006879493942131879,0.001959117580542794,0.0004417017956219207,-0.021016702777122788,"{""1"": 12, ""5"": 1}"
s1-i11,1,2516301160cf1942,"[[0, 1, 2, 3, 4, 5, 6, 7, 8, 9, 10, 11]]",p_saps_residualized,0.006879493942131879,0.006879493942131879,0.006879493942131879,0.001959117580542794,0.0004417017956219207,-0.021016702777122788,"{""1"": 12, ""5"": 1}"
s1-i11,1,2516301160cf1942,"[[0, 1, 2, 3, 4, 5, 6, 7, 8, 9, 10, 11]]",p_saps_projection,0.006879493942131879,0.006879493942131879,0.006879493942131879,0.001959117580542794,0.0004417017956219207,-0.021016702777122788,"{""1"": 12, ""5"": 1}"
s1-i11,1,2516301160cf1942,"[[0, 1, 2, 3, 4, 5, 6, 7, 8, 9, 10, 11]]",b_saps_budgeted,0.006879493942131879,0.006879493942131879,0.006879493942131879,0.001959117580542794,0.0004417017956219207,-0.021016702777122788,"{""1"": 12, ""5"": 1}"
s1-i11,1,23499cf32728a8c9,"[[0, 2, 3, 4, 6, 10], [1, 5, 7, 8, 9, 11]]",random_balanced,0.006879493942131879,0.006879493942131879,0.006879493942131879,0.00023611169605489794,0.0,0.0,"{""1"": 12, ""2"": 1}"
s1-i11,1,f3792d9ad92888ab,"[[0, 2, 3, 4, 5, 10], [1, 6, 7, 8, 9, 11]]",confidence,0.006879493942131879,0.006879493942131879,0.006879493942131879,0.00013742390845620703,0.9531521767382481,0.9762951278882058,"{""1"": 12, ""3"": 1}"
s1-i11,1,65cd73210213c5d5,"[[0, 1, 2, 3, 4, 5], [6, 7, 8, 9, 10, 11]]",entropy,0.006879493942131879,0.006879493942131879,0.006879493942131879,0.00013742390845620703,0.0,0.0,"{""1"": 12, ""3"": 1}"
s1-i11,1,0eede25b9de11efe,"[[1, 2, 7, 9, 10, 11], [0, 3, 4, 5, 6, 8]]",dependency_cmi,0.006879493942131879,0.006879493942131879,0.006879493942131879,0.00013742390845620703,0.0,0.0,"{""1"": 12, ""3"": 1}"
s1-i11,1,d6b36891afd03b9d,"[[0, 6, 7, 9, 10, 11], [1, 2, 3, 4, 5, 8]]",min_within_batch_tc,0.006879493942131879,0.006879493942131879,0.006879493942131879,0.00013742390845620703,0.0,0.0,"{""1"": 12, ""3"": 1}"
s1-i11,1,060a2b55f9115bb0,"[[0, 2, 4, 6, 8, 9], [1, 3, 5, 7, 10, 11]]",dprm_myopic,0.006879493942131879,0.006879493942131879,0.006879493942131879,0.00013713063174820836,0.0,0.0,"{""1"": 12, ""5"": 1}"
s1-i11,1,060a2b55f9115bb0,"[[0, 2, 4, 6, 8, 9], [1, 3, 5, 7, 10, 11]]",dprm_rollout,0.006879493942131879,0.006879493942131879,0.006879493942131879,0.00013713063174820836,0.0,0.0,"{""1"": 12, ""5"": 1}"
s1-i11,1,905444f619fdc940,"[[0, 2, 3, 4, 6, 8], [1, 5, 7, 9, 10, 11]]",subset_exact,1.0000000000000002,1.0000000000000002,1.0000000000000002,0.019933243911272925,0.0,0.0,"{""1"": 13}"
s1-i11,1,905444f619fdc940,"[[0, 2, 3, 4, 6, 8], [1, 5, 7, 9, 10, 11]]",subset_beam_8,1.0000000000000002,1.0000000000000002,1.0000000000000002,0.019933243911272925,0.0,0.0,"{""1"": 13}"
s1-i11,1,905444f619fdc940,"[[0, 2, 3, 4, 6, 8], [1, 5, 7, 9, 10, 11]]",subset_beam_32,1.0000000000000002,1.0000000000000002,1.0000000000000002,0.019933243911272925,0.0,0.0,"{""1"": 13}"
s1-i11,1,905444f619fdc940,"[[0, 2, 3, 4, 6, 8], [1, 5, 7, 9, 10, 11]]",saps_diagonal,1.0000000000000002,1.0000000000000002,1.0000000000000002,0.019933243911272925,0.0,0.0,"{""1"": 13}"
s1-i11,1,905444f619fdc940,"[[0, 2, 3, 4, 6, 8], [1, 5, 7, 9, 10, 11]]",p_saps_residualized,1.0000000000000002,1.0000000000000002,1.0000000000000002,0.019933243911272925,0.0,0.0,"{""1"": 13}"
s1-i11,1,905444f619fdc940,"[[0, 2, 3, 4, 6, 8], [1, 5, 7, 9, 10, 11]]",p_saps_projection,1.0000000000000002,1.0000000000000002,1.0000000000000002,0.019933243911272925,0.0,0.0,"{""1"": 13}"
s1-i11,1,905444f619fdc940,"[[0, 2, 3, 4, 6, 8], [1, 5, 7, 9, 10, 11]]",b_saps_budgeted,1.0000000000000002,1.0000000000000002,1.0000000000000002,0.019933243911272925,0.0,0.0,"{""1"": 13}"
s1-i11,1,23499cf32728a8c9,"[[0, 2, 3, 4, 6, 10], [1, 5, 7, 8, 9, 11]]",random_balanced,0.006879493942131879,0.006879493942131879,0.006879493942131879,0.003117859570115459,3.5605959426625056e-05,0.0059670729362582,"{""1"": 12, ""2"": 1}"
s1-i11,1,f3792d9ad92888ab,"[[0, 2, 3, 4, 5, 10], [1, 6, 7, 8, 9, 11]]",confidence,0.006879493942131879,0.006879493942131879,0.006879493942131879,0.0007125760087837375,1.0131474282243191,-1.0065522481343525,"{""1"": 12, ""3"": 1}"
s1-i11,1,65cd73210213c5d5,"[[0, 1, 2, 3, 4, 5], [6, 7, 8, 9, 10, 11]]",entropy,0.006879493942131879,0.006879493942131879,0.006879493942131879,0.0007125760087837375,0.0,0.0,"{""1"": 12, ""3"": 1}"
s1-i11,1,0eede25b9de11efe,"[[1, 2, 7, 9, 10, 11], [0, 3, 4, 5, 6, 8]]",dependency_cmi,0.006879493942131879,0.006879493942131879,0.006879493942131879,0.0007125760087837375,0.9685766157388912,-0.9841629010173525,"{""1"": 12, ""3"": 1}"
s1-i11,1,d6b36891afd03b9d,"[[0, 6, 7, 9, 10, 11], [1, 2, 3, 4, 5, 8]]",min_within_batch_tc,0.006879493942131879,0.006879493942131879,0.006879493942131879,0.0007125760087837375,0.0,0.0,"{""1"": 12, ""3"": 1}"
s1-i11,1,060a2b55f9115bb0,"[[0, 2, 4, 6, 8, 9], [1, 3, 5, 7, 10, 11]]",dprm_myopic,0.006879493942131879,0.006879493942131879,0.006879493942131879,0.0006764078917441187,3.5605959426624684e-05,0.0059670729362581686,"{""1"": 12, ""5"": 1}"
s1-i11,1,060a2b55f9115bb0,"[[0, 2, 4, 6, 8, 9], [1, 3, 5, 7, 10, 11]]",dprm_rollout,0.006879493942131879,0.006879493942131879,0.006879493942131879,0.0006764078917441187,3.5605959426624684e-05,0.0059670729362581686,"{""1"": 12, ""5"": 1}"
s1-i11,1,905444f619fdc940,"[[0, 2, 3, 4, 6, 8], [1, 5, 7, 9, 10, 11]]",subset_exact,1.0000000000000002,1.0000000000000002,1.0000000000000002,0.09832187834349398,3.5605959426624684e-05,0.0059670729362581686,"{""1"": 13}"
s1-i11,1,905444f619fdc940,"[[0, 2, 3, 4, 6, 8], [1, 5, 7, 9, 10, 11]]",subset_beam_8,1.0000000000000002,1.0000000000000002,1.0000000000000002,0.09832187834349398,3.5605959426624684e-05,0.0059670729362581686,"{""1"": 13}"
s1-i11,1,905444f619fdc940,"[[0, 2, 3, 4, 6, 8], [1, 5, 7, 9, 10, 11]]",subset_beam_32,1.0000000000000002,1.0000000000000002,1.0000000000000002,0.09832187834349398,3.5605959426624684e-05,0.0059670729362581686,"{""1"": 13}"
s1-i11,1,905444f619fdc940,"[[0, 2, 3, 4, 6, 8], [1, 5, 7, 9, 10, 11]]",saps_diagonal,1.0000000000000002,1.0000000000000002,1.0000000000000002,0.09832187834349398,3.5605959426624684e-05,0.0059670729362581686,"{""1"": 13}"
s1-i11,1,905444f619fdc940,"[[0, 2, 3, 4, 6, 8], [1, 5, 7, 9, 10, 11]]",p_saps_residualized,1.0000000000000002,1.0000000000000002,1.0000000000000002,0.09832187834349398,3.5605959426624684e-05,0.0059670729362581686,"{""1"": 13}"
s1-i11,1,905444f619fdc940,"[[0, 2, 3, 4, 6, 8], [1, 5, 7, 9, 10, 11]]",p_saps_projection,1.0000000000000002,1.0000000000000002,1.0000000000000002,0.09832187834349398,3.5605959426624684e-05,0.0059670729362581686,"{""1"": 13}"
s1-i11,1,905444f619fdc940,"[[0, 2, 3, 4, 6, 8], [1, 5, 7, 9, 10, 11]]",b_saps_budgeted,1.0000000000000002,1.0000000000000002,1.0000000000000002,0.09832187834349398,3.5605959426624684e-05,0.0059670729362581686,"{""1"": 13}"
s1-i11,1,23499cf32728a8c9,"[[0, 2, 3, 4, 6, 10], [1, 5, 7, 8, 9, 11]]",random_balanced,0.006879493942131879,0.006879493942131879,0.006879493942131879,0.023188892048873342,0.001490164015090239,-0.03860264259205889,"{""1"": 12, ""2"": 1}"
s1-i11,1,f3792d9ad92888ab,"[[0, 2, 3, 4, 5, 10], [1, 6, 7, 8, 9, 11]]",confidence,0.006879493942131879,0.006879493942131879,0.006879493942131879,0.0029023408467216657,3.0791147321444034e-06,-0.001754740645264822,"{""1"": 12, ""3"": 1}"
s1-i11,1,65cd73210213c5d5,"[[0, 1, 2, 3, 4, 5], [6, 7, 8, 9, 10, 11]]",entropy,0.006879493942131879,0.006879493942131879,0.006879493942131879,0.0029023408467216657,0.00011587619173373575,0.010764580425345697,"{""1"": 12, ""3"": 1}"
s1-i11,1,0eede25b9de11efe,"[[1, 2, 7, 9, 10, 11], [0, 3, 4, 5, 6, 8]]",dependency_cmi,0.006879493942131879,0.006879493942131879,0.006879493942131879,0.0029023408467216657,0.00013523653602732867,-0.011629124473808365,"{""1"": 12, ""3"": 1}"
s1-i11,1,d6b36891afd03b9d,"[[0, 6, 7, 9, 10, 11], [1, 2, 3, 4, 5, 8]]",min_within_batch_tc,0.006879493942131879,0.006879493942131879,0.006879493942131879,0.0029023408467216657,1.006568558412002,-1.0032789036015868,"{""1"": 12, ""3"": 1}"
s1-i11,1,060a2b55f9115bb0,"[[0, 2, 4, 6, 8, 9], [1, 3, 5, 7, 10, 11]]",dprm_myopic,0.006879493942131879,0.006879493942131879,0.006879493942131879,0.001959117580542794,2.0772677045161234e-05,-0.004557705238950983,"{""1"": 12, ""5"": 1}"
s1-i11,1,060a2b55f9115bb0,"[[0, 2, 4, 6, 8, 9], [1, 3, 5, 7, 10, 11]]",dprm_rollout,0.006879493942131879,0.006879493942131879,0.006879493942131879,0.001959117580542794,2.0772677045161234e-05,-0.004557705238950983,"{""1"": 12, ""5"": 1}"
s1-i11,1,905444f619fdc940,"[[0, 2, 3, 4, 6, 8], [1, 5, 7, 9, 10, 11]]",subset_exact,1.0000000000000002,1.0000000000000002,1.0000000000000002,0.2846696785450581,0.00016243028788393596,-0.012744814156508362,"{""1"": 13}"
s1-i11,1,905444f619fdc940,"[[0, 2, 3, 4, 6, 8], [1, 5, 7, 9, 10, 11]]",subset_beam_8,1.0000000000000002,1.0000000000000002,1.0000000000000002,0.2846696785450581,0.00016243028788393596,-0.012744814156508362,"{""1"": 13}"
s1-i11,1,905444f619fdc940,"[[0, 2, 3, 4, 6, 8], [1, 5, 7, 9, 10, 11]]",subset_beam_32,1.0000000000000002,1.0000000000000002,1.0000000000000002,0.2846696785450581,0.00016243028788393596,-0.012744814156508362,"{""1"": 13}"
s1-i11,1,905444f619fdc940,"[[0, 2, 3, 4, 6, 8], [1, 5, 7, 9, 10, 11]]",saps_diagonal,1.0000000000000002,1.0000000000000002,1.0000000000000002,0.2846696785450581,0.00016243028788393596,-0.012744814156508362,"{""1"": 13}"
s1-i11,1,905444f619fdc940,"[[0, 2, 3, 4, 6, 8], [1, 5, 7, 9, 10, 11]]",p_saps_residualized,1.0000000000000002,1.0000000000000002,1.0000000000000002,0.2846696785450581,0.00016243028788393596,-0.012744814156508362,"{""1"": 13}"
s1-i11,1,905444f619fdc940,"[[0, 2, 3, 4, 6, 8], [1, 5, 7, 9, 10, 11]]",p_saps_projection,1.0000000000000002,1.0000000000000002,1.0000000000000002,0.2846696785450581,0.00016243028788393596,-0.012744814156508362,"{""1"": 13}"
s1-i11,1,905444f619fdc940,"[[0, 2, 3, 4, 6, 8], [1, 5, 7, 9, 10, 11]]",b_saps_budgeted,1.0000000000000002,1.0000000000000002,1.0000000000000002,0.2846696785450581,0.00016243028788393596,-0.012744814156508362,"{""1"": 13}"
s1-i11,1,97d8d8fb9759642b,"[[0, 2, 6, 10], [1, 3, 4, 11], [5, 7, 8, 9]]",random_balanced,0.006879493942131879,0.006879493942131879,0.006879493942131879,0.00023611169605489794,0.9531521767382481,0.9762951278882058,"{""1"": 12, ""2"": 1}"
s1-i11,1,d40171f5fc9ace37,"[[0, 2, 3, 4], [1, 5, 9, 10], [6, 7, 8, 11]]",confidence,0.006879493942131879,0.006879493942131879,0.006879493942131879,0.00023611169605489794,0.0,0.0,"{""1"": 12, ""2"": 1}"
s1-i11,1,2ec2488d8ce45f3c,"[[0, 3, 4, 5], [1, 2, 8, 10], [6, 7, 9, 11]]",entropy,0.006879493942131879,0.006879493942131879,0.006879493942131879,0.00023611169605489794,0.0,0.0,"{""1"": 12, ""2"": 1}"
s1-i11,1,2d1b22680604eabb,"[[2, 7, 9, 10], [3, 4, 6, 11], [0, 1, 5, 8]]",dependency_cmi,1.0000000000000002,1.0000000000000002,1.0000000000000002,0.019933243911272925,0.0,0.0,"{""1"": 13}"
s1-i11,1,16f2069e50e1adcd,"[[0, 7, 9, 11], [1, 5, 8, 10], [2, 3, 4, 6]]",min_within_batch_tc,0.006879493942131879,0.006879493942131879,0.006879493942131879,0.00013742390845620703,0.00017995323925564416,0.013414665081754526,"{""1"": 12, ""3"": 1}"
s1-i11,1,106341aa0998db69,"[[2, 4, 6, 8], [0, 1, 3, 9], [5, 7, 10, 11]]",dprm_myopic,1.0000000000000002,1.0000000000000002,1.0000000000000002,0.019933243911272925,0.0,0.0,"{""1"": 13}"
s1-i11,1,106341aa0998db69,"[[2, 4, 6, 8], [0, 1, 3, 9], [5, 7, 10, 11]]",dprm_rollout,1.0000000000000002,1.0000000000000002,1.0000000000000002,0.019933243911272925,0.0,0.0,"{""1"": 13}"
s1-i11,1,2df3ae7566152e16,"[[0, 2, 6, 8], [1, 3, 4, 11], [5, 7, 9, 10]]",subset_exact,1.0000000000000002,1.0000000000000002,1.0000000000000002,0.019933243911272925,0.0,0.0,"{""1"": 13}"
s1-i11,1,2df3ae7566152e16,"[[0, 2, 6, 8], [1, 3, 4, 11], [5, 7, 9, 10]]",subset_beam_8,1.0000000000000002,1.0000000000000002,1.0000000000000002,0.019933243911272925,0.0,0.0,"{""1"": 13}"
s1-i11,1,2df3ae7566152e16,"[[0, 2, 6, 8], [1, 3, 4, 11], [5, 7, 9, 10]]",subset_beam_32,1.0000000000000002,1.0000000000000002,1.0000000000000002,0.019933243911272925,0.0,0.0,"{""1"": 13}"
s1-i11,1,2df3ae7566152e16,"[[0, 2, 6, 8], [1, 3, 4, 11], [5, 7, 9, 10]]",saps_diagonal,1.0000000000000002,1.0000000000000002,1.0000000000000002,0.019933243911272925,0.0,0.0,"{""1"": 13}"
s1-i11,1,2df3ae7566152e16,"[[0, 2, 6, 8], [1, 3, 4, 11], [5, 7, 9, 10]]",p_saps_residualized,1.0000000000000002,1.0000000000000002,1.0000000000000002,0.019933243911272925,0.0,0.0,"{""1"": 13}"
s1-i11,1,2df3ae7566152e16,"[[0, 2, 6, 8], [1, 3, 4, 11], [5, 7, 9, 10]]",p_saps_projection,1.0000000000000002,1.0000000000000002,1.0000000000000002,0.019933243911272925,0.0,0.0,"{""1"": 13}"
s1-i11,1,2df3ae7566152e16,"[[0, 2, 6, 8], [1, 3, 4, 11], [5, 7, 9, 10]]",b_saps_budgeted,1.0000000000000002,1.0000000000000002,1.0000000000000002,0.019933243911272925,0.0,0.0,"{""1"": 13}"
s1-i11,1,97d8d8fb9759642b,"[[0, 2, 6, 10], [1, 3, 4, 11], [5, 7, 8, 9]]",random_balanced,0.006879493942131879,0.006879493942131879,0.006879493942131879,0.003117859570115459,0.994023728070274,-0.9970073861663583,"{""1"": 12, ""2"": 1}"
s1-i11,1,d40171f5fc9ace37,"[[0, 2, 3, 4], [1, 5, 9, 10], [6, 7, 8, 11]]",confidence,0.006879493942131879,0.006879493942131879,0.006879493942131879,0.003117859570115459,0.0,0.0,"{""1"": 12, ""2"": 1}"
s1-i11,1,2ec2488d8ce45f3c,"[[0, 3, 4, 5], [1, 2, 8, 10], [6, 7, 9, 11]]",entropy,0.006879493942131879,0.006879493942131879,0.006879493942131879,0.003117859570115459,3.5605959426625056e-05,0.0059670729362582,"{""1"": 12, ""2"": 1}"
s1-i11,1,2d1b22680604eabb,"[[2, 7, 9, 10], [3, 4, 6, 11], [0, 1, 5, 8]]",dependency_cmi,1.0000000000000002,1.0000000000000002,1.0000000000000002,0.09832187834349398,0.982160902447215,-0.9910403132301001,"{""1"": 13}"
s1-i11,1,16f2069e50e1adcd,"[[0, 7, 9, 11], [1, 5, 8, 10], [2, 3, 4, 6]]",min_within_batch_tc,0.006879493942131879,0.006879493942131879,0.006879493942131879,0.0007125760087837375,0.0017102659629824012,0.04135536196169006,"{""1"": 12, ""3"": 1}"
s1-i11,1,106341aa0998db69,"[[2, 4, 6, 8], [0, 1, 3, 9], [5, 7, 10, 11]]",dprm_myopic,1.0000000000000002,1.0000000000000002,1.0000000000000002,0.09832187834349398,2.6559266309249776e-05,0.005153568308390777,"{""1"": 13}"
s1-i11,1,106341aa0998db69,"[[2, 4, 6, 8], [0, 1, 3, 9], [5, 7, 10, 11]]",dprm_rollout,1.0000000000000002,1.0000000000000002,1.0000000000000002,0.09832187834349398,2.6559266309249776e-05,0.005153568308390777,"{""1"": 13}"
s1-i11,1,2df3ae7566152e16,"[[0, 2, 6, 8], [1, 3, 4, 11], [5, 7, 9, 10]]",subset_exact,1.0000000000000002,1.0000000000000002,1.0000000000000002,0.09832187834349398,9.110438998805785e-05,0.009544861967993977,"{""1"": 13}"
s1-i11,1,2df3ae7566152e16,"[[0, 2, 6, 8], [1, 3, 4, 11], [5, 7, 9, 10]]",subset_beam_8,1.0000000000000002,1.0000000000000002,1.0000000000000002,0.09832187834349398,9.110438998805785e-05,0.009544861967993977,"{""1"": 13}"
s1-i11,1,2df3ae7566152e16,"[[0, 2, 6, 8], [1, 3, 4, 11], [5, 7, 9, 10]]",subset_beam_32,1.0000000000000002,1.0000000000000002,1.0000000000000002,0.09832187834349398,9.110438998805785e-05,0.009544861967993977,"{""1"": 13}"
s1-i11,1,2df3ae7566152e16,"[[0, 2, 6, 8], [1, 3, 4, 11], [5, 7, 9, 10]]",saps_diagonal,1.0000000000000002,1.0000000000000002,1.0000000000000002,0.09832187834349398,9.110438998805785e-05,0.009544861967993977,"{""1"": 13}"
s1-i11,1,2df3ae7566152e16,"[[0, 2, 6, 8], [1, 3, 4, 11], [5, 7, 9, 10]]",p_saps_residualized,1.0000000000000002,1.0000000000000002,1.0000000000000002,0.09832187834349398,9.110438998805785e-05,0.009544861967993977,"{""1"": 13}"
s1-i11,1,2df3ae7566152e16,"[[0, 2, 6, 8], [1, 3, 4, 11], [5, 7, 9, 10]]",p_saps_projection,1.0000000000000002,1.0000000000000002,1.0000000000000002,0.09832187834349398,9.110438998805785e-05,0.009544861967993977,"{""1"": 13}"
s1-i11,1,2df3ae7566152e16,"[[0, 2, 6, 8], [1, 3, 4, 11], [5, 7, 9, 10]]",b_saps_budgeted,1.0000000000000002,1.0000000000000002,1.0000000000000002,0.09832187834349398,9.110438998805785e-05,0.009544861967993977,"{""1"": 13}"
s1-i11,1,97d8d8fb9759642b,"[[0, 2, 6, 10], [1, 3, 4, 11], [5, 7, 8, 9]]",random_balanced,0.006879493942131879,0.006879493942131879,0.006879493942131879,0.023188892048873342,0.0021158156969968284,-0.04599799666286379,"{""1"": 12, ""2"": 1}"
s1-i11,1,d40171f5fc9ace37,"[[0, 2, 3, 4], [1, 5, 9, 10], [6, 7, 8, 11]]",confidence,0.006879493942131879,0.006879493942131879,0.006879493942131879,0.023188892048873342,1.083610465543389,1.040966121227482,"{""1"": 12, ""2"": 1}"
s1-i11,1,2ec2488d8ce45f3c,"[[0, 3, 4, 5], [1, 2, 8, 10], [6, 7, 9, 11]]",entropy,0.006879493942131879,0.006879493942131879,0.006879493942131879,0.023188892048873342,0.0003289150347855074,0.018136014854027535,"{""1"": 12, ""2"": 1}"
s1-i11,1,2d1b22680604eabb,"[[2, 7, 9, 10], [3, 4, 6, 11], [0, 1, 5, 8]]",dependency_cmi,1.0000000000000002,1.0000000000000002,1.0000000000000002,0.2846696785450581,1.0204071890755801,1.0101520623527827,"{""1"": 13}"
s1-i11,1,16f2069e50e1adcd,"[[0, 7, 9, 11], [1, 5, 8, 10], [2, 3, 4, 6]]",min_within_batch_tc,0.006879493942131879,0.006879493942131879,0.006879493942131879,0.0029023408467216657,0.9762267834928247,0.9880418935919796,"{""1"": 12, ""3"": 1}"
s1-i11,1,106341aa0998db69,"[[2, 4, 6, 8], [0, 1, 3, 9], [5, 7, 10, 11]]",dprm_myopic,1.0000000000000002,1.0000000000000002,1.0000000000000002,0.2846696785450581,3.165791979939187e-06,0.001779267259278152,"{""1"": 13}"
s1-i11,1,106341aa0998db69,"[[2, 4, 6, 8], [0, 1, 3, 9], [5, 7, 10, 11]]",dprm_rollout,1.0000000000000002,1.0000000000000002,1.0000000000000002,0.2846696785450581,3.165791979939187e-06,0.001779267259278152,"{""1"": 13}"
s1-i11,1,2df3ae7566152e16,"[[0, 2, 6, 8], [1, 3, 4, 11], [5, 7, 9, 10]]",subset_exact,1.0000000000000002,1.0000000000000002,1.0000000000000002,0.2846696785450581,0.0003501347185724427,-0.01871188709276653,"{""1"": 13}"
s1-i11,1,2df3ae7566152e16,"[[0, 2, 6, 8], [1, 3, 4, 11], [5, 7, 9, 10]]",subset_beam_8,1.0000000000000002,1.0000000000000002,1.0000000000000002,0.2846696785450581,0.0003501347185724427,-0.01871188709276653,"{""1"": 13}"
s1-i11,1,2df3ae7566152e16,"[[0, 2, 6, 8], [1, 3, 4, 11], [5, 7, 9, 10]]",subset_beam_32,1.0000000000000002,1.0000000000000002,1.0000000000000002,0.2846696785450581,0.0003501347185724427,-0.01871188709276653,"{""1"": 13}"
s1-i11,1,2df3ae7566152e16,"[[0, 2, 6, 8], [1, 3, 4, 11], [5, 7, 9, 10]]",saps_diagonal,1.0000000000000002,1.0000000000000002,1.0000000000000002,0.2846696785450581,0.0003501347185724427,-0.01871188709276653,"{""1"": 13}"
s1-i11,1,2df3ae7566152e16,"[[0, 2, 6, 8], [1, 3, 4, 11], [5, 7, 9, 10]]",p_saps_residualized,1.0000000000000002,1.0000000000000002,1.0000000000000002,0.2846696785450581,0.0003501347185724427,-0.01871188709276653,"{""1"": 13}"
s1-i11,1,2df3ae7566152e16,"[[0, 2, 6, 8], [1, 3, 4, 11], [5, 7, 9, 10]]",p_saps_projection,1.0000000000000002,1.0000000000000002,1.0000000000000002,0.2846696785450581,0.0003501347185724427,-0.01871188709276653,"{""1"": 13}"
s1-i11,1,2df3ae7566152e16,"[[0, 2, 6, 8], [1, 3, 4, 11], [5, 7, 9, 10]]",b_saps_budgeted,1.0000000000000002,1.0000000000000002,1.0000000000000002,0.2846696785450581,0.0003501347185724427,-0.01871188709276653,"{""1"": 13}"
s1-i11,1,ae361da77f7b6ba8,"[[0, 2, 10], [3, 4, 6], [1, 7, 11], [5, 8, 9]]",random_balanced,0.006879493942131879,0.006879493942131879,0.006879493942131879,0.00023611169605489794,0.0,0.0,"{""1"": 12, ""2"": 1}"
s1-i11,1,56302f37e18660a2,"[[0, 3, 4], [2, 5, 10], [1, 7, 9], [6, 8, 11]]",confidence,0.006879493942131879,0.006879493942131879,0.006879493942131879,0.00023611169605489794,0.0,0.0,"{""1"": 12, ""2"": 1}"
s1-i11,1,7369bcbc6bf7c1bd,"[[3, 4, 5], [0, 1, 2], [8, 9, 10], [6, 7, 11]]",entropy,1.0000000000000002,1.0000000000000002,1.0000000000000002,0.019933243911272925,0.0,0.0,"{""1"": 13}"
s1-i11,1,ee505a7f24bb7e30,"[[2, 7, 9], [3, 10, 11], [1, 5, 8], [0, 4, 6]]",dependency_cmi,0.006879493942131879,0.006879493942131879,0.006879493942131879,0.00023611169605489794,0.0,0.0,"{""1"": 12, ""2"": 1}"
s1-i11,1,997118475c07eab2,"[[7, 9, 11], [5, 8, 10], [3, 4, 6], [0, 1, 2]]",min_within_batch_tc,1.0000000000000002,1.0000000000000002,1.0000000000000002,0.019933243911272925,0.0,0.0,"{""1"": 13}"
s1-i11,1,cad66e6b48da991f,"[[2, 4, 6], [0, 8, 9], [1, 3, 5], [7, 10, 11]]",dprm_myopic,0.006879493942131879,0.006879493942131879,0.006879493942131879,0.00023611169605489794,0.0,0.0,"{""1"": 12, ""2"": 1}"
s1-i11,1,cad66e6b48da991f,"[[2, 4, 6], [0, 8, 9], [1, 3, 5], [7, 10, 11]]",dprm_rollout,0.006879493942131879,0.006879493942131879,0.006879493942131879,0.00023611169605489794,0.0,0.0,"{""1"": 12, ""2"": 1}"
s1-i11,1,2a47f1d8280ed1cb,"[[0, 2, 8], [3, 4, 6], [1, 7, 11], [5, 9, 10]]",subset_exact,1.0000000000000002,1.0000000000000002,1.0000000000000002,0.019933243911272925,0.0,0.0,"{""1"": 13}"
s1-i11,1,2a47f1d8280ed1cb,"[[0, 2, 8], [3, 4, 6], [1, 7, 11], [5, 9, 10]]",subset_beam_8,1.0000000000000002,1.0000000000000002,1.0000000000000002,0.019933243911272925,0.0,0.0,"{""1"": 13}"
s1-i11,1,2a47f1d8280ed1cb,"[[0, 2, 8], [3, 4, 6], [1, 7, 11], [5, 9, 10]]",subset_beam_32,1.0000000000000002,1.0000000000000002,1.0000000000000002,0.019933243911272925,0.0,0.0,"{""1"": 13}"
s1-i11,1,2a47f1d8280ed1cb,"[[0, 2, 8], [3, 4, 6], [1, 7, 11], [5, 9, 10]]",saps_diagonal,1.0000000000000002,1.0000000000000002,1.0000000000000002,0.019933243911272925,0.0,0.0,"{""1"": 13}"
s1-i11,1,2a47f1d8280ed1cb,"[[0, 2, 8], [3, 4, 6], [1, 7, 11], [5, 9, 10]]",p_saps_residualized,1.0000000000000002,1.0000000000000002,1.0000000000000002,0.019933243911272925,0.0,0.0,"{""1"": 13}"
s1-i11,1,2a47f1d8280ed1cb,"[[0, 2, 8], [3, 4, 6], [1, 7, 11], [5, 9, 10]]",p_saps_projection,1.0000000000000002,1.0000000000000002,1.0000000000000002,0.019933243911272925,0.0,0.0,"{""1"": 13}"
s1-i11,1,2a47f1d8280ed1cb,"[[0, 2, 8], [3, 4, 6], [1, 7, 11], [5, 9, 10]]",b_saps_budgeted,1.0000000000000002,1.0000000000000002,1.0000000000000002,0.019933243911272925,0.0,0.0,"{""1"": 13}"
s1-i11,1,ae361da77f7b6ba8,"[[0, 2, 10], [3, 4, 6], [1, 7, 11], [5, 8, 9]]",random_balanced,0.006879493942131879,0.006879493942131879,0.006879493942131879,0.003117859570115459,0.994023728070274,-0.9970073861663583,"{""1"": 12, ""2"": 1}"
s1-i11,1,56302f37e18660a2,"[[0, 3, 4], [2, 5, 10], [1, 7, 9], [6, 8, 11]]",confidence,0.006879493942131879,0.006879493942131879,0.006879493942131879,0.003117859570115459,0.0,0.0,"{""1"": 12, ""2"": 1}"
s1-i11,1,7369bcbc6bf7c1bd,"[[3, 4, 5], [0, 1, 2], [8, 9, 10], [6, 7, 11]]",entropy,1.0000000000000002,1.0000000000000002,1.0000000000000002,0.09832187834349398,0.0,0.0,"{""1"": 13}"
s1-i11,1,ee505a7f24bb7e30,"[[2, 7, 9], [3, 10, 11], [1, 5, 8], [0, 4, 6]]",dependency_cmi,0.006879493942131879,0.006879493942131879,0.006879493942131879,0.003117859570115459,8.366003199592769e-05,0.009146585810887453,"{""1"": 12, ""2"": 1}"
s1-i11,1,997118475c07eab2,"[[7, 9, 11], [5, 8, 10], [3, 4, 6], [0, 1, 2]]",min_within_batch_tc,1.0000000000000002,1.0000000000000002,1.0000000000000002,0.09832187834349398,3.5605959426624684e-05,0.0059670729362581686,"{""1"": 13}"
s1-i11,1,cad66e6b48da991f,"[[2, 4, 6], [0, 8, 9], [1, 3, 5], [7, 10, 11]]",dprm_myopic,0.006879493942131879,0.006879493942131879,0.006879493942131879,0.003117859570115459,3.5605959426624684e-05,0.0059670729362581686,"{""1"": 12, ""2"": 1}"
s1-i11,1,cad66e6b48da991f,"[[2, 4, 6], [0, 8, 9], [1, 3, 5], [7, 10, 11]]",dprm_rollout,0.006879493942131879,0.006879493942131879,0.006879493942131879,0.003117859570115459,3.5605959426624684e-05,0.0059670729362581686,"{""1"": 12, ""2"": 1}"
s1-i11,1,2a47f1d8280ed1cb,"[[0, 2, 8], [3, 4, 6], [1, 7, 11], [5, 9, 10]]",subset_exact,1.0000000000000002,1.0000000000000002,1.0000000000000002,0.09832187834349398,0.0003747086763217092,0.01935739332455972,"{""1"": 13}"
s1-i11,1,2a47f1d8280ed1cb,"[[0, 2, 8], [3, 4, 6], [1, 7, 11], [5, 9, 10]]",subset_beam_8,1.0000000000000002,1.0000000000000002,1.0000000000000002,0.09832187834349398,0.0003747086763217092,0.01935739332455972,"{""1"": 13}"
s1-i11,1,2a47f1d8280ed1cb,"[[0, 2, 8], [3, 4, 6], [1, 7, 11], [5, 9, 10]]",subset_beam_32,1.0000000000000002,1.0000000000000002,1.0000000000000002,0.09832187834349398,0.0003747086763217092,0.01935739332455972,"{""1"": 13}"
s1-i11,1,2a47f1d8280ed1cb,"[[0, 2, 8], [3, 4, 6], [1, 7, 11], [5, 9, 10]]",saps_diagonal,1.0000000000000002,1.0000000000000002,1.0000000000000002,0.09832187834349398,0.0003747086763217092,0.01935739332455972,"{""1"": 13}"
s1-i11,1,2a47f1d8280ed1cb,"[[0, 2, 8], [3, 4, 6], [1, 7, 11], [5, 9, 10]]",p_saps_residualized,1.0000000000000002,1.0000000000000002,1.0000000000000002,0.09832187834349398,0.0003747086763217092,0.01935739332455972,"{""1"": 13}"
s1-i11,1,2a47f1d8280ed1cb,"[[0, 2, 8], [3, 4, 6], [1, 7, 11], [5, 9, 10]]",p_saps_projection,1.0000000000000002,1.0000000000000002,1.0000000000000002,0.09832187834349398,0.0003747086763217092,0.01935739332455972,"{""1"": 13}"
s1-i11,1,2a47f1d8280ed1cb,"[[0, 2, 8], [3, 4, 6], [1, 7, 11], [5, 9, 10]]",b_saps_budgeted,1.0000000000000002,1.0000000000000002,1.0000000000000002,0.09832187834349398,0.0003747086763217092,0.01935739332455972,"{""1"": 13}"
s1-i11,1,ae361da77f7b6ba8,"[[0, 2, 10], [3, 4, 6], [1, 7, 11], [5, 8, 9]]",random_balanced,0.006879493942131879,0.006879493942131879,0.006879493942131879,0.023188892048873342,1.0370703571314497,1.018366514144809,"{""1"": 12, ""2"": 1}"
s1-i11,1,56302f37e18660a2,"[[0, 3, 4], [2, 5, 10], [1, 7, 9], [6, 8, 11]]",confidence,0.006879493942131879,0.006879493942131879,0.006879493942131879,0.023188892048873342,1.0640968052759743,1.031550679935782,"{""1"": 12, ""2"": 1}"
s1-i11,1,7369bcbc6bf7c1bd,"[[3, 4, 5], [0, 1, 2], [8, 9, 10], [6, 7, 11]]",entropy,1.0000000000000002,1.0000000000000002,1.0000000000000002,0.2846696785450581,1.0034249645843465,1.0017110185000195,"{""1"": 13}"
s1-i11,1,ee505a7f24bb7e30,"[[2, 7, 9], [3, 10, 11], [1, 5, 8], [0, 4, 6]]",dependency_cmi,0.006879493942131879,0.006879493942131879,0.006879493942131879,0.023188892048873342,0.00048100711774055264,-0.021931874469377957,"{""1"": 12, ""2"": 1}"
s1-i11,1,997118475c07eab2,"[[7, 9, 11], [5, 8, 10], [3, 4, 6], [0, 1, 2]]",min_within_batch_tc,1.0000000000000002,1.0000000000000002,1.0000000000000002,0.2846696785450581,0.0023840214141120884,-0.04882644175149453,"{""1"": 13}"
s1-i11,1,cad66e6b48da991f,"[[2, 4, 6], [0, 8, 9], [1, 3, 5], [7, 10, 11]]",dprm_myopic,0.006879493942131879,0.006879493942131879,0.006879493942131879,0.023188892048873342,0.0005568376021807457,0.023597406683378275,"{""1"": 12, ""2"": 1}"
s1-i11,1,cad66e6b48da991f,"[[2, 4, 6], [0, 8, 9], [1, 3, 5], [7, 10, 11]]",dprm_rollout,0.006879493942131879,0.006879493942131879,0.006879493942131879,0.023188892048873342,0.0005568376021807457,0.023597406683378275,"{""1"": 12, ""2"": 1}"
s1-i11,1,2a47f1d8280ed1cb,"[[0, 2, 8], [3, 4, 6], [1, 7, 11], [5, 9, 10]]",subset_exact,1.0000000000000002,1.0000000000000002,1.0000000000000002,0.2846696785450581,1.0370703571314497,1.018366514144809,"{""1"": 13}"
s1-i11,1,2a47f1d8280ed1cb,"[[0, 2, 8], [3, 4, 6], [1, 7, 11], [5, 9, 10]]",subset_beam_8,1.0000000000000002,1.0000000000000002,1.0000000000000002,0.2846696785450581,1.0370703571314497,1.018366514144809,"{""1"": 13}"
s1-i11,1,2a47f1d8280ed1cb,"[[0, 2, 8], [3, 4, 6], [1, 7, 11], [5, 9, 10]]",subset_beam_32,1.0000000000000002,1.0000000000000002,1.0000000000000002,0.2846696785450581,1.0370703571314497,1.018366514144809,"{""1"": 13}"
s1-i11,1,2a47f1d8280ed1cb,"[[0, 2, 8], [3, 4, 6], [1, 7, 11], [5, 9, 10]]",saps_diagonal,1.0000000000000002,1.0000000000000002,1.0000000000000002,0.2846696785450581,1.0370703571314497,1.018366514144809,"{""1"": 13}"
s1-i11,1,2a47f1d8280ed1cb,"[[0, 2, 8], [3, 4, 6], [1, 7, 11], [5, 9, 10]]",p_saps_residualized,1.0000000000000002,1.0000000000000002,1.0000000000000002,0.2846696785450581,1.0370703571314497,1.018366514144809,"{""1"": 13}"
s1-i11,1,2a47f1d8280ed1cb,"[[0, 2, 8], [3, 4, 6], [1, 7, 11], [5, 9, 10]]",p_saps_projection,1.0000000000000002,1.0000000000000002,1.0000000000000002,0.2846696785450581,1.0370703571314497,1.018366514144809,"{""1"": 13}"
s1-i11,1,2a47f1d8280ed1cb,"[[0, 2, 8], [3, 4, 6], [1, 7, 11], [5, 9, 10]]",b_saps_budgeted,1.0000000000000002,1.0000000000000002,1.0000000000000002,0.2846696785450581,1.0370703571314497,1.018366514144809,"{""1"": 13}"
s1-i12,1,2516301160cf1942,"[[0, 1, 2, 3, 4, 5, 6, 7, 8, 9, 10, 11]]",random_balanced,0.9999999999999999,0.9999999999999999,0.9999999999999999,0.019933243911272918,3.0352459994699372,-1.7421957408597741,"{""1"": 12}"
s1-i12,1,2516301160cf1942,"[[0, 1, 2, 3, 4, 5, 6, 7, 8, 9, 10, 11]]",confidence,0.9999999999999999,0.9999999999999999,0.9999999999999999,0.019933243911272918,3.0352459994699372,-1.7421957408597741,"{""1"": 12}"
s1-i12,1,2516301160cf1942,"[[0, 1, 2, 3, 4, 5, 6, 7, 8, 9, 10, 11]]",entropy,0.9999999999999999,0.9999999999999999,0.9999999999999999,0.019933243911272918,3.0352459994699372,-1.7421957408597741,"{""1"": 12}"
s1-i12,1,2516301160cf1942,"[[0, 1, 2, 3, 4, 5, 6, 7, 8, 9, 10, 11]]",dependency_cmi,0.9999999999999999,0.9999999999999999,0.9999999999999999,0.019933243911272918,3.0352459994699372,-1.7421957408597741,"{""1"": 12}"
s1-i12,1,2516301160cf1942,"[[0, 1, 2, 3, 4, 5, 6, 7, 8, 9, 10, 11]]",min_within_batch_tc,0.9999999999999999,0.9999999999999999,0.9999999999999999,0.019933243911272918,3.0352459994699372,-1.7421957408597741,"{""1"": 12}"
s1-i12,1,2516301160cf1942,"[[0, 1, 2, 3, 4, 5, 6, 7, 8, 9, 10, 11]]",dprm_myopic,0.9999999999999999,0.9999999999999999,0.9999999999999999,0.019933243911272918,3.0352459994699372,-1.7421957408597741,"{""1"": 12}"
s1-i12,1,2516301160cf1942,"[[0, 1, 2, 3, 4, 5, 6, 7, 8, 9, 10, 11]]",dprm_rollout,0.9999999999999999,0.9999999999999999,0.9999999999999999,0.019933243911272918,3.0352459994699372,-1.7421957408597741,"{""1"": 12}"
s1-i12,1,2516301160cf1942,"[[0, 1, 2, 3, 4, 5, 6, 7, 8, 9, 10, 11]]",subset_exact,0.9999999999999999,0.9999999999999999,0.9999999999999999,0.019933243911272918,3.0352459994699372,-1.7421957408597741,"{""1"": 12}"
s1-i12,1,2516301160cf1942,"[[0, 1, 2, 3, 4, 5, 6, 7, 8, 9, 10, 11]]",subset_beam_8,0.9999999999999999,0.9999999999999999,0.9999999999999999,0.019933243911272918,3.0352459994699372,-1.7421957408597741,"{""1"": 12}"
s1-i12,1,2516301160cf1942,"[[0, 1, 2, 3, 4, 5, 6, 7, 8, 9, 10, 11]]",subset_beam_32,0.9999999999999999,0.9999999999999999,0.9999999999999999,0.019933243911272918,3.0352459994699372,-1.7421957408597741,"{""1"": 12}"
s1-i12,1,2516301160cf1942,"[[0, 1, 2, 3, 4, 5, 6, 7, 8, 9, 10, 11]]",saps_diagonal,0.9999999999999999,0.9999999999999999,0.9999999999999999,0.019933243911272918,3.0352459994699372,-1.7421957408597741,"{""1"": 12}"
s1-i12,1,2516301160cf1942,"[[0, 1, 2, 3, 4, 5, 6, 7, 8, 9, 10, 11]]",p_saps_residualized,0.9999999999999999,0.9999999999999999,0.9999999999999999,0.019933243911272918,3.0352459994699372,-1.7421957408597741,"{""1"": 12}"
s1-i12,1,2516301160cf1942,"[[0, 1, 2, 3, 4, 5, 6, 7, 8, 9, 10, 11]]",p_saps_projection,0.9999999999999999,0.9999999999999999,0.9999999999999999,0.019933243911272918,3.0352459994699372,-1.7421957408597741,"{""1"": 12}"
s1-i12,1,2516301160cf1942,"[[0, 1, 2, 3, 4, 5, 6, 7, 8, 9, 10, 11]]",b_saps_budgeted,0.9999999999999999,0.9999999999999999,0.9999999999999999,0.019933243911272918,3.0352459994699372,-1.7421957408597741,"{""1"": 12}"
s1-i12,1,2516301160cf1942,"[[0, 1, 2, 3, 4, 5, 6, 7, 8, 9, 10, 11]]",random_balanced,0.9999999999999999,0.9999999999999999,0.9999999999999999,0.09832187834349396,4.128805251920425,2.031946173480101,"{""1"": 12}"
s1-i12,1,2516301160cf1942,"[[0, 1, 2, 3, 4, 5, 6, 7, 8, 9, 10, 11]]",confidence,0.9999999999999999,0.9999999999999999,0.9999999999999999,0.09832187834349396,4.128805251920425,2.031946173480101,"{""1"": 12}"
s1-i12,1,2516301160cf1942,"[[0, 1, 2, 3, 4, 5, 6, 7, 8, 9, 10, 11]]",entropy,0.9999999999999999,0.9999999999999999,0.9999999999999999,0.09832187834349396,4.128805251920425,2.031946173480101,"{""1"": 12}"
s1-i12,1,2516301160cf1942,"[[0, 1, 2, 3, 4, 5, 6, 7, 8, 9, 10, 11]]",dependency_cmi,0.9999999999999999,0.9999999999999999,0.9999999999999999,0.09832187834349396,4.128805251920425,2.031946173480101,"{""1"": 12}"
s1-i12,1,2516301160cf1942,"[[0, 1, 2, 3, 4, 5, 6, 7, 8, 9, 10, 11]]",min_within_batch_tc,0.9999999999999999,0.9999999999999999,0.9999999999999999,0.09832187834349396,4.128805251920425,2.031946173480101,"{""1"": 12}"
s1-i12,1,2516301160cf1942,"[[0, 1, 2, 3, 4, 5, 6, 7, 8, 9, 10, 11]]",dprm_myopic,0.9999999999999999,0.9999999999999999,0.9999999999999999,0.09832187834349396,4.128805251920425,2.031946173480101,"{""1"": 12}"
s1-i12,1,2516301160cf1942,"[[0, 1, 2, 3, 4, 5, 6, 7, 8, 9, 10, 11]]",dprm_rollout,0.9999999999999999,0.9999999999999999,0.9999999999999999,0.09832187834349396,4.128805251920425,2.031946173480101,"{""1"": 12}"
s1-i12,1,2516301160cf1942,"[[0, 1, 2, 3, 4, 5, 6, 7, 8, 9, 10, 11]]",subset_exact,0.9999999999999999,0.9999999999999999,0.9999999999999999,0.09832187834349396,4.128805251920425,2.031946173480101,"{""1"": 12}"
s1-i12,1,2516301160cf1942,"[[0, 1, 2, 3, 4, 5, 6, 7, 8, 9, 10, 11]]",subset_beam_8,0.9999999999999999,0.9999999999999999,0.9999999999999999,0.09832187834349396,4.128805251920425,2.031946173480101,"{""1"": 12}"
s1-i12,1,2516301160cf1942,"[[0, 1, 2, 3, 4, 5, 6, 7, 8, 9, 10, 11]]",subset_beam_32,0.9999999999999999,0.9999999999999999,0.9999999999999999,0.09832187834349396,4.128805251920425,2.031946173480101,"{""1"": 12}"
s1-i12,1,2516301160cf1942,"[[0, 1, 2, 3, 4, 5, 6, 7, 8, 9, 10, 11]]",saps_diagonal,0.9999999999999999,0.9999999999999999,0.9999999999999999,0.09832187834349396,4.128805251920425,2.031946173480101,"{""1"": 12}"
s1-i12,1,2516301160cf1942,"[[0, 1, 2, 3, 4, 5, 6, 7, 8, 9, 10, 11]]",p_saps_residualized,0.9999999999999999,0.9999999999999999,0.9999999999999999,0.09832187834349396,4.128805251920425,2.031946173480101,"{""1"": 12}"
s1-i12,1,2516301160cf1942,"[[0, 1, 2, 3, 4, 5, 6, 7, 8, 9, 10, 11]]",p_saps_projection,0.9999999999999999,0.9999999999999999,0.9999999999999999,0.09832187834349396,4.128805251920425,2.031946173480101,"{""1"": 12}"
s1-i12,1,2516301160cf1942,"[[0, 1, 2, 3, 4, 5, 6, 7, 8, 9, 10, 11]]",b_saps_budgeted,0.9999999999999999,0.9999999999999999,0.9999999999999999,0.09832187834349396,4.128805251920425,2.031946173480101,"{""1"": 12}"
s1-i12,1,2516301160cf1942,"[[0, 1, 2, 3, 4, 5, 6, 7, 8, 9, 10, 11]]",random_balanced,0.9999999999999999,0.9999999999999999,0.9999999999999999,0.28466967854505804,2.292576611648462,-1.5141256921565205,"{""1"": 12}"
s1-i12,1,2516301160cf1942,"[[0, 1, 2, 3, 4, 5, 6, 7, 8, 9, 10, 11]]",confidence,0.9999999999999999,0.9999999999999999,0.9999999999999999,0.28466967854505804,2.292576611648462,-1.5141256921565205,"{""1"": 12}"
s1-i12,1,2516301160cf1942,"[[0, 1, 2, 3, 4, 5, 6, 7, 8, 9, 10, 11]]",entropy,0.9999999999999999,0.9999999999999999,0.9999999999999999,0.28466967854505804,2.292576611648462,-1.5141256921565205,"{""1"": 12}"
s1-i12,1,2516301160cf1942,"[[0, 1, 2, 3, 4, 5, 6, 7, 8, 9, 10, 11]]",dependency_cmi,0.9999999999999999,0.9999999999999999,0.9999999999999999,0.28466967854505804,2.292576611648462,-1.5141256921565205,"{""1"": 12}"
s1-i12,1,2516301160cf1942,"[[0, 1, 2, 3, 4, 5, 6, 7, 8, 9, 10, 11]]",min_within_batch_tc,0.9999999999999999,0.9999999999999999,0.9999999999999999,0.28466967854505804,2.292576611648462,-1.5141256921565205,"{""1"": 12}"
s1-i12,1,2516301160cf1942,"[[0, 1, 2, 3, 4, 5, 6, 7, 8, 9, 10, 11]]",dprm_myopic,0.9999999999999999,0.9999999999999999,0.9999999999999999,0.28466967854505804,2.292576611648462,-1.5141256921565205,"{""1"": 12}"
s1-i12,1,2516301160cf1942,"[[0, 1, 2, 3, 4, 5, 6, 7, 8, 9, 10, 11]]",dprm_rollout,0.9999999999999999,0.9999999999999999,0.9999999999999999,0.28466967854505804,2.292576611648462,-1.5141256921565205,"{""1"": 12}"
s1-i12,1,2516301160cf1942,"[[0, 1, 2, 3, 4, 5, 6, 7, 8, 9, 10, 11]]",subset_exact,0.9999999999999999,0.9999999999999999,0.9999999999999999,0.28466967854505804,2.292576611648462,-1.5141256921565205,"{""1"": 12}"
s1-i12,1,2516301160cf1942,"[[0, 1, 2, 3, 4, 5, 6, 7, 8, 9, 10, 11]]",subset_beam_8,0.9999999999999999,0.9999999999999999,0.9999999999999999,0.28466967854505804,2.292576611648462,-1.5141256921565205,"{""1"": 12}"
s1-i12,1,2516301160cf1942,"[[0, 1, 2, 3, 4, 5, 6, 7, 8, 9, 10, 11]]",subset_beam_32,0.9999999999999999,0.9999999999999999,0.9999999999999999,0.28466967854505804,2.292576611648462,-1.5141256921565205,"{""1"": 12}"
s1-i12,1,2516301160cf1942,"[[0, 1, 2, 3, 4, 5, 6, 7, 8, 9, 10, 11]]",saps_diagonal,0.9999999999999999,0.9999999999999999,0.9999999999999999,0.28466967854505804,2.292576611648462,-1.5141256921565205,"{""1"": 12}"
s1-i12,1,2516301160cf1942,"[[0, 1, 2, 3, 4, 5, 6, 7, 8, 9, 10, 11]]",p_saps_residualized,0.9999999999999999,0.9999999999999999,0.9999999999999999,0.28466967854505804,2.292576611648462,-1.5141256921565205,"{""1"": 12}"
s1-i12,1,2516301160cf1942,"[[0, 1, 2, 3, 4, 5, 6, 7, 8, 9, 10, 11]]",p_saps_projection,0.9999999999999999,0.9999999999999999,0.9999999999999999,0.28466967854505804,2.292576611648462,-1.5141256921565205,"{""1"": 12}"
s1-i12,1,2516301160cf1942,"[[0, 1, 2, 3, 4, 5, 6, 7, 8, 9, 10, 11]]",b_saps_budgeted,0.9999999999999999,0.9999999999999999,0.9999999999999999,0.28466967854505804,2.292576611648462,-1.5141256921565205,"{""1"": 12}"
s1-i12,1,7becfae32a9f5bdf,"[[1, 3, 7, 8, 9, 11], [0, 2, 4, 5, 6, 10]]",random_balanced,0.9999999999999999,0.9999999999999999,0.9999999999999999,0.019933243911272918,3.0352459994699372,-1.7421957408597741,"{""1"": 12}"
s1-i12,1,d9e1686f3a88dacc,"[[0, 2, 3, 7, 8, 11], [1, 4, 5, 6, 9, 10]]",confidence,0.9999999999999999,0.9999999999999999,0.9999999999999999,0.019933243911272918,3.0352459994699372,-1.7421957408597741,"{""1"": 12}"
s1-i12,1,8160704a7b4547e3,"[[0, 1, 2, 3, 7, 10], [4, 5, 6, 8, 9, 11]]",entropy,0.9999999999999999,0.9999999999999999,0.9999999999999999,0.019933243911272918,3.0352459994699372,-1.7421957408597741,"{""1"": 12}"
s1-i12,1,469dfa2bba8fcf3b,"[[0, 1, 2, 3, 9, 11], [4, 5, 6, 7, 8, 10]]",dependency_cmi,0.9999999999999999,0.9999999999999999,0.9999999999999999,0.019933243911272918,1.0334078000513016,-1.0165666727034197,"{""1"": 12}"
s1-i12,1,21b72fbafe655009,"[[1, 2, 8, 9, 10, 11], [0, 3, 4, 5, 6, 7]]",min_within_batch_tc,0.9999999999999999,0.9999999999999999,0.9999999999999999,0.019933243911272918,3.0352459994699372,-1.7421957408597741,"{""1"": 12}"
s1-i12,1,65cd73210213c5d5,"[[0, 1, 2, 3, 4, 5], [6, 7, 8, 9, 10, 11]]",dprm_myopic,0.9999999999999999,0.9999999999999999,0.9999999999999999,0.019933243911272918,3.0352459994699372,-1.7421957408597741,"{""1"": 12}"
s1-i12,1,65cd73210213c5d5,"[[0, 1, 2, 3, 4, 5], [6, 7, 8, 9, 10, 11]]",dprm_rollout,0.9999999999999999,0.9999999999999999,0.9999999999999999,0.019933243911272918,3.0352459994699372,-1.7421957408597741,"{""1"": 12}"
s1-i12,1,7becfae32a9f5bdf,"[[1, 3, 7, 8, 9, 11], [0, 2, 4, 5, 6, 10]]",subset_exact,0.9999999999999999,0.9999999999999999,0.9999999999999999,0.019933243911272918,3.0352459994699372,-1.7421957408597741,"{""1"": 12}"
s1-i12,1,7becfae32a9f5bdf,"[[1, 3, 7, 8, 9, 11], [0, 2, 4, 5, 6, 10]]",subset_beam_8,0.9999999999999999,0.9999999999999999,0.9999999999999999,0.019933243911272918,3.0352459994699372,-1.7421957408597741,"{""1"": 12}"
s1-i12,1,7becfae32a9f5bdf,"[[1, 3, 7, 8, 9, 11], [0, 2, 4, 5, 6, 10]]",subset_beam_32,0.9999999999999999,0.9999999999999999,0.9999999999999999,0.019933243911272918,3.0352459994699372,-1.7421957408597741,"{""1"": 12}"
s1-i12,1,7becfae32a9f5bdf,"[[1, 3, 7, 8, 9, 11], [0, 2, 4, 5, 6, 10]]",saps_diagonal,0.9999999999999999,0.9999999999999999,0.9999999999999999,0.019933243911272918,3.0352459994699372,-1.7421957408597741,"{""1"": 12}"
s1-i12,1,7becfae32a9f5bdf,"[[1, 3, 7, 8, 9, 11], [0, 2, 4, 5, 6, 10]]",p_saps_residualized,0.9999999999999999,0.9999999999999999,0.9999999999999999,0.019933243911272918,3.0352459994699372,-1.7421957408597741,"{""1"": 12}"
s1-i12,1,7becfae32a9f5bdf,"[[1, 3, 7, 8, 9, 11], [0, 2, 4, 5, 6, 10]]",p_saps_projection,0.9999999999999999,0.9999999999999999,0.9999999999999999,0.019933243911272918,3.0352459994699372,-1.7421957408597741,"{""1"": 12}"
s1-i12,1,7becfae32a9f5bdf,"[[1, 3, 7, 8, 9, 11], [0, 2, 4, 5, 6, 10]]",b_saps_budgeted,0.9999999999999999,0.9999999999999999,0.9999999999999999,0.019933243911272918,3.0352459994699372,-1.7421957408597741,"{""1"": 12}"
s1-i12,1,7becfae32a9f5bdf,"[[1, 3, 7, 8, 9, 11], [0, 2, 4, 5, 6, 10]]",random_balanced,0.9999999999999999,0.9999999999999999,0.9999999999999999,0.09832187834349396,19.5525544191508,4.421827045368328,"{""1"": 12}"
s1-i12,1,d9e1686f3a88dacc,"[[0, 2, 3, 7, 8, 11], [1, 4, 5, 6, 9, 10]]",confidence,0.9999999999999999,0.9999999999999999,0.9999999999999999,0.09832187834349396,4.128805251920425,2.031946173480101,"{""1"": 12}"
s1-i12,1,8160704a7b4547e3,"[[0, 1, 2, 3, 7, 10], [4, 5, 6, 8, 9, 11]]",entropy,0.9999999999999999,0.9999999999999999,0.9999999999999999,0.09832187834349396,2.292576611648462,1.5141256921565205,"{""1"": 12}"
s1-i12,1,469dfa2bba8fcf3b,"[[0, 1, 2, 3, 9, 11], [4, 5, 6, 7, 8, 10]]",dependency_cmi,0.9999999999999999,0.9999999999999999,0.9999999999999999,0.09832187834349396,0.7866814845589255,0.8869506663613966,"{""1"": 12}"
s1-i12,1,21b72fbafe655009,"[[1, 2, 8, 9, 10, 11], [0, 3, 4, 5, 6, 7]]",min_within_batch_tc,0.9999999999999999,0.9999999999999999,0.9999999999999999,0.09832187834349396,12.875984562811228,3.588312216462111,"{""1"": 12}"
s1-i12,1,65cd73210213c5d5,"[[0, 1, 2, 3, 4, 5], [6, 7, 8, 9, 10, 11]]",dprm_myopic,0.9999999999999999,0.9999999999999999,0.9999999999999999,0.09832187834349396,2.4327325921920173,1.559721959899269,"{""1"": 12}"
s1-i12,1,65cd73210213c5d5,"[[0, 1, 2, 3, 4, 5], [6, 7, 8, 9, 10, 11]]",dprm_rollout,0.9999999999999999,0.9999999999999999,0.9999999999999999,0.09832187834349396,2.4327325921920173,1.559721959899269,"{""1"": 12}"
s1-i12,1,7becfae32a9f5bdf,"[[1, 3, 7, 8, 9, 11], [0, 2, 4, 5, 6, 10]]",subset_exact,0.9999999999999999,0.9999999999999999,0.9999999999999999,0.09832187834349396,19.5525544191508,4.421827045368328,"{""1"": 12}"
s1-i12,1,7becfae32a9f5bdf,"[[1, 3, 7, 8, 9, 11], [0, 2, 4, 5, 6, 10]]",subset_beam_8,0.9999999999999999,0.9999999999999999,0.9999999999999999,0.09832187834349396,19.5525544191508,4.421827045368328,"{""1"": 12}"
s1-i12,1,7becfae32a9f5bdf,"[[1, 3, 7, 8, 9, 11], [0, 2, 4, 5, 6, 10]]",subset_beam_32,0.9999999999999999,0.9999999999999999,0.9999999999999999,0.09832187834349396,19.5525544191508,4.421827045368328,"{""1"": 12}"
s1-i12,1,7becfae32a9f5bdf,"[[1, 3, 7, 8, 9, 11], [0, 2, 4, 5, 6, 10]]",saps_diagonal,0.9999999999999999,0.9999999999999999,0.9999999999999999,0.09832187834349396,19.5525544191508,4.421827045368328,"{""1"": 12}"
s1-i12,1,7becfae32a9f5bdf,"[[1, 3, 7, 8, 9, 11], [0, 2, 4, 5, 6, 10]]",p_saps_residualized,0.9999999999999999,0.9999999999999999,0.9999999999999999,0.09832187834349396,19.5525544191508,4.421827045368328,"{""1"": 12}"
s1-i12,1,7becfae32a9f5bdf,"[[1, 3, 7, 8, 9, 11], [0, 2, 4, 5, 6, 10]]",p_saps_projection,0.9999999999999999,0.9999999999999999,0.9999999999999999,0.09832187834349396,19.5525544191508,4.421827045368328,"{""1"": 12}"
s1-i12,1,7becfae32a9f5bdf,"[[1, 3, 7, 8, 9, 11], [0, 2, 4, 5, 6, 10]]",b_saps_budgeted,0.9999999999999999,0.9999999999999999,0.9999999999999999,0.09832187834349396,19.5525544191508,4.421827045368328,"{""1"": 12}"
s1-i12,1,7becfae32a9f5bdf,"[[1, 3, 7, 8, 9, 11], [0, 2, 4, 5, 6, 10]]",random_balanced,0.9999999999999999,0.9999999999999999,0.9999999999999999,0.28466967854505804,2.7153799803824357,-1.6478410057958977,"{""1"": 12}"
s1-i12,1,d9e1686f3a88dacc,"[[0, 2, 3, 7, 8, 11], [1, 4, 5, 6, 9, 10]]",confidence,0.9999999999999999,0.9999999999999999,0.9999999999999999,0.28466967854505804,0.0,0.0,"{""1"": 12}"
s1-i12,1,8160704a7b4547e3,"[[0, 1, 2, 3, 7, 10], [4, 5, 6, 8, 9, 11]]",entropy,0.9999999999999999,0.9999999999999999,0.9999999999999999,0.28466967854505804,1.3285866815939649,-1.1526433453562142,"{""1"": 12}"
s1-i12,1,469dfa2bba8fcf3b,"[[0, 1, 2, 3, 9, 11], [4, 5, 6, 7, 8, 10]]",dependency_cmi,0.9999999999999999,0.9999999999999999,0.9999999999999999,0.28466967854505804,0.62172692605966,-0.7884966240001665,"{""1"": 12}"
s1-i12,1,21b72fbafe655009,"[[1, 2, 8, 9, 10, 11], [0, 3, 4, 5, 6, 7]]",min_within_batch_tc,0.9999999999999999,0.9999999999999999,0.9999999999999999,0.28466967854505804,0.0,0.0,"{""1"": 12}"
s1-i12,1,65cd73210213c5d5,"[[0, 1, 2, 3, 4, 5], [6, 7, 8, 9, 10, 11]]",dprm_myopic,0.9999999999999999,0.9999999999999999,0.9999999999999999,0.28466967854505804,12.550836293310535,-3.542715948719363,"{""1"": 12}"
s1-i12,1,65cd73210213c5d5,"[[0, 1, 2, 3, 4, 5], [6, 7, 8, 9, 10, 11]]",dprm_rollout,0.9999999999999999,0.9999999999999999,0.9999999999999999,0.28466967854505804,12.550836293310535,-3.542715948719363,"{""1"": 12}"
s1-i12,1,7becfae32a9f5bdf,"[[1, 3, 7, 8, 9, 11], [0, 2, 4, 5, 6, 10]]",subset_exact,0.9999999999999999,0.9999999999999999,0.9999999999999999,0.28466967854505804,2.7153799803824357,-1.6478410057958977,"{""1"": 12}"
s1-i12,1,7becfae32a9f5bdf,"[[1, 3, 7, 8, 9, 11], [0, 2, 4, 5, 6, 10]]",subset_beam_8,0.9999999999999999,0.9999999999999999,0.9999999999999999,0.28466967854505804,2.7153799803824357,-1.6478410057958977,"{""1"": 12}"
s1-i12,1,7becfae32a9f5bdf,"[[1, 3, 7, 8, 9, 11], [0, 2, 4, 5, 6, 10]]",subset_beam_32,0.9999999999999999,0.9999999999999999,0.9999999999999999,0.28466967854505804,2.7153799803824357,-1.6478410057958977,"{""1"": 12}"
s1-i12,1,7becfae32a9f5bdf,"[[1, 3, 7, 8, 9, 11], [0, 2, 4, 5, 6, 10]]",saps_diagonal,0.9999999999999999,0.9999999999999999,0.9999999999999999,0.28466967854505804,2.7153799803824357,-1.6478410057958977,"{""1"": 12}"
s1-i12,1,7becfae32a9f5bdf,"[[1, 3, 7, 8, 9, 11], [0, 2, 4, 5, 6, 10]]",p_saps_residualized,0.9999999999999999,0.9999999999999999,0.9999999999999999,0.28466967854505804,2.7153799803824357,-1.6478410057958977,"{""1"": 12}"
s1-i12,1,7becfae32a9f5bdf,"[[1, 3, 7, 8, 9, 11], [0, 2, 4, 5, 6, 10]]",p_saps_projection,0.9999999999999999,0.9999999999999999,0.9999999999999999,0.28466967854505804,2.7153799803824357,-1.6478410057958977,"{""1"": 12}"
s1-i12,1,7becfae32a9f5bdf,"[[1, 3, 7, 8, 9, 11], [0, 2, 4, 5, 6, 10]]",b_saps_budgeted,0.9999999999999999,0.9999999999999999,0.9999999999999999,0.28466967854505804,2.7153799803824357,-1.6478410057958977,"{""1"": 12}"
s1-i12,1,78b8eb8450b6759d,"[[1, 7, 8, 11], [3, 5, 6, 9], [0, 2, 4, 10]]",random_balanced,0.9999999999999999,0.9999999999999999,0.9999999999999999,0.019933243911272918,1.097011719987795,1.0473832727267487,"{""1"": 12}"
s1-i12,1,f42bcabb71e9aadd,"[[0, 2, 7, 8], [1, 3, 10, 11], [4, 5, 6, 9]]",confidence,0.9999999999999999,0.9999999999999999,0.9999999999999999,0.019933243911272918,0.0,0.0,"{""1"": 12}"
s1-i12,1,f9ee8f6de9983bb4,"[[0, 2, 3, 7], [1, 8, 10, 11], [4, 5, 6, 9]]",entropy,0.9999999999999999,0.9999999999999999,0.9999999999999999,0.019933243911272918,0.0,0.0,"{""1"": 12}"
s1-i12,1,04e9e301fc210a4f,"[[0, 1, 2, 3], [4, 6, 7, 10], [5, 8, 9, 11]]",dependency_cmi,0.9999999999999999,0.9999999999999999,0.9999999999999999,0.019933243911272918,3.0352459994699372,-1.7421957408597741,"{""1"": 12}"
s1-i12,1,a60994facdddb4d5,"[[0, 1, 8, 9], [2, 6, 10, 11], [3, 4, 5, 7]]",min_within_batch_tc,0.9999999999999999,0.9999999999999999,0.9999999999999999,0.019933243911272918,3.0352459994699372,-1.7421957408597741,"{""1"": 12}"
s1-i12,1,50e10ab5b359ad31,"[[0, 1, 2, 3], [4, 5, 6, 7], [8, 9, 10, 11]]",dprm_myopic,0.9999999999999999,0.9999999999999999,0.9999999999999999,0.019933243911272918,0.5265375445534599,0.7256290681563549,"{""1"": 12}"
s1-i12,1,50e10ab5b359ad31,"[[0, 1, 2, 3], [4, 5, 6, 7], [8, 9, 10, 11]]",dprm_rollout,0.9999999999999999,0.9999999999999999,0.9999999999999999,0.019933243911272918,0.5265375445534599,0.7256290681563549,"{""1"": 12}"
s1-i12,1,78b8eb8450b6759d,"[[1, 7, 8, 11], [3, 5, 6, 9], [0, 2, 4, 10]]",subset_exact,0.9999999999999999,0.9999999999999999,0.9999999999999999,0.019933243911272918,1.097011719987795,1.0473832727267487,"{""1"": 12}"
s1-i12,1,78b8eb8450b6759d,"[[1, 7, 8, 11], [3, 5, 6, 9], [0, 2, 4, 10]]",subset_beam_8,0.9999999999999999,0.9999999999999999,0.9999999999999999,0.019933243911272918,1.097011719987795,1.0473832727267487,"{""1"": 12}"
s1-i12,1,78b8eb8450b6759d,"[[1, 7, 8, 11], [3, 5, 6, 9], [0, 2, 4, 10]]",subset_beam_32,0.9999999999999999,0.9999999999999999,0.9999999999999999,0.019933243911272918,1.097011719987795,1.0473832727267487,"{""1"": 12}"
s1-i12,1,78b8eb8450b6759d,"[[1, 7, 8, 11], [3, 5, 6, 9], [0, 2, 4, 10]]",saps_diagonal,0.9999999999999999,0.9999999999999999,0.9999999999999999,0.019933243911272918,1.097011719987795,1.0473832727267487,"{""1"": 12}"
s1-i12,1,78b8eb8450b6759d,"[[1, 7, 8, 11], [3, 5, 6, 9], [0, 2, 4, 10]]",p_saps_residualized,0.9999999999999999,0.9999999999999999,0.9999999999999999,0.019933243911272918,1.097011719987795,1.0473832727267487,"{""1"": 12}"
s1-i12,1,78b8eb8450b6759d,"[[1, 7, 8, 11], [3, 5, 6, 9], [0, 2, 4, 10]]",p_saps_projection,0.9999999999999999,0.9999999999999999,0.9999999999999999,0.019933243911272918,1.097011719987795,1.0473832727267487,"{""1"": 12}"
s1-i12,1,78b8eb8450b6759d,"[[1, 7, 8, 11], [3, 5, 6, 9], [0, 2, 4, 10]]",b_saps_budgeted,0.9999999999999999,0.9999999999999999,0.9999999999999999,0.019933243911272918,1.097011719987795,1.0473832727267487,"{""1"": 12}"
s1-i12,1,78b8eb8450b6759d,"[[1, 7, 8, 11], [3, 5, 6, 9], [0, 2, 4, 10]]",random_balanced,0.9999999999999999,0.9999999999999999,0.9999999999999999,0.09832187834349396,29.91226150355765,5.469210318095077,"{""1"": 12}"
s1-i12,1,f42bcabb71e9aadd,"[[0, 2, 7, 8], [1, 3, 10, 11], [4, 5, 6, 9]]",confidence,0.9999999999999999,0.9999999999999999,0.9999999999999999,0.09832187834349396,14.68867948363447,3.8325813081570064,"{""1"": 12}"
s1-i12,1,f9ee8f6de9983bb4,"[[0, 2, 3, 7], [1, 8, 10, 11], [4, 5, 6, 9]]",entropy,0.9999999999999999,0.9999999999999999,0.9999999999999999,0.09832187834349396,1.1262178355545605e-05,0.0033559169172590678,"{""1"": 12}"
s1-i12,1,04e9e301fc210a4f,"[[0, 1, 2, 3], [4, 6, 7, 10], [5, 8, 9, 11]]",dependency_cmi,0.9999999999999999,0.9999999999999999,0.9999999999999999,0.09832187834349396,2.4327325921920173,1.559721959899269,"{""1"": 12}"
s1-i12,1,a60994facdddb4d5,"[[0, 1, 8, 9], [2, 6, 10, 11], [3, 4, 5, 7]]",min_within_batch_tc,0.9999999999999999,0.9999999999999999,0.9999999999999999,0.09832187834349396,39.246497800298044,6.264702530870723,"{""1"": 12}"
s1-i12,1,50e10ab5b359ad31,"[[0, 1, 2, 3], [4, 5, 6, 7], [8, 9, 10, 11]]",dprm_myopic,0.9999999999999999,0.9999999999999999,0.9999999999999999,0.09832187834349396,2.4327325921920173,1.559721959899269,"{""1"": 12}"
s1-i12,1,50e10ab5b359ad31,"[[0, 1, 2, 3], [4, 5, 6, 7], [8, 9, 10, 11]]",dprm_rollout,0.9999999999999999,0.9999999999999999,0.9999999999999999,0.09832187834349396,2.4327325921920173,1.559721959899269,"{""1"": 12}"
s1-i12,1,78b8eb8450b6759d,"[[1, 7, 8, 11], [3, 5, 6, 9], [0, 2, 4, 10]]",subset_exact,0.9999999999999999,0.9999999999999999,0.9999999999999999,0.09832187834349396,29.91226150355765,5.469210318095077,"{""1"": 12}"
s1-i12,1,78b8eb8450b6759d,"[[1, 7, 8, 11], [3, 5, 6, 9], [0, 2, 4, 10]]",subset_beam_8,0.9999999999999999,0.9999999999999999,0.9999999999999999,0.09832187834349396,29.91226150355765,5.469210318095077,"{""1"": 12}"
s1-i12,1,78b8eb8450b6759d,"[[1, 7, 8, 11], [3, 5, 6, 9], [0, 2, 4, 10]]",subset_beam_32,0.9999999999999999,0.9999999999999999,0.9999999999999999,0.09832187834349396,29.91226150355765,5.469210318095077,"{""1"": 12}"
s1-i12,1,78b8eb8450b6759d,"[[1, 7, 8, 11], [3, 5, 6, 9], [0, 2, 4, 10]]",saps_diagonal,0.9999999999999999,0.9999999999999999,0.9999999999999999,0.09832187834349396,29.91226150355765,5.469210318095077,"{""1"": 12}"
s1-i12,1,78b8eb8450b6759d,"[[1, 7, 8, 11], [3, 5, 6, 9], [0, 2, 4, 10]]",p_saps_residualized,0.9999999999999999,0.9999999999999999,0.9999999999999999,0.09832187834349396,29.91226150355765,5.469210318095077,"{""1"": 12}"
s1-i12,1,78b8eb8450b6759d,"[[1, 7, 8, 11], [3, 5, 6, 9], [0, 2, 4, 10]]",p_saps_projection,0.9999999999999999,0.9999999999999999,0.9999999999999999,0.09832187834349396,29.91226150355765,5.469210318095077,"{""1"": 12}"
s1-i12,1,78b8eb8450b6759d,"[[1, 7, 8, 11], [3, 5, 6, 9], [0, 2, 4, 10]]",b_saps_budgeted,0.9999999999999999,0.9999999999999999,0.9999999999999999,0.09832187834349396,29.91226150355765,5.469210318095077,"{""1"": 12}"
s1-i12,1,78b8eb8450b6759d,"[[1, 7, 8, 11], [3, 5, 6, 9], [0, 2, 4, 10]]",random_balanced,0.9999999999999999,0.9999999999999999,0.9999999999999999,0.28466967854505804,0.85047485792488,-0.9222119376395428,"{""1"": 12}"
s1-i12,1,f42bcabb71e9aadd,"[[0, 2, 7, 8], [1, 3, 10, 11], [4, 5, 6, 9]]",confidence,0.9999999999999999,0.9999999999999999,0.9999999999999999,0.28466967854505804,0.03000876121300928,-0.17323037035407296,"{""1"": 12}"
s1-i12,1,f9ee8f6de9983bb4,"[[0, 2, 3, 7], [1, 8, 10, 11], [4, 5, 6, 9]]",entropy,0.9999999999999999,0.9999999999999999,0.9999999999999999,0.28466967854505804,0.0,0.0,"{""1"": 12}"
s1-i12,1,04e9e301fc210a4f,"[[0, 1, 2, 3], [4, 6, 7, 10], [5, 8, 9, 11]]",dependency_cmi,0.9999999999999999,0.9999999999999999,0.9999999999999999,0.28466967854505804,0.1794864062373427,-0.4236583602826016,"{""1"": 12}"
s1-i12,1,a60994facdddb4d5,"[[0, 1, 8, 9], [2, 6, 10, 11], [3, 4, 5, 7]]",min_within_batch_tc,0.9999999999999999,0.9999999999999999,0.9999999999999999,0.28466967854505804,1.3208615931678276,-1.1492874284389556,"{""1"": 12}"
s1-i12,1,50e10ab5b359ad31,"[[0, 1, 2, 3], [4, 5, 6, 7], [8, 9, 10, 11]]",dprm_myopic,0.9999999999999999,0.9999999999999999,0.9999999999999999,0.28466967854505804,0.1794864062373427,-0.4236583602826016,"{""1"": 12}"
s1-i12,1,50e10ab5b359ad31,"[[0, 1, 2, 3], [4, 5, 6, 7], [8, 9, 10, 11]]",dprm_rollout,0.9999999999999999,0.9999999999999999,0.9999999999999999,0.28466967854505804,0.1794864062373427,-0.4236583602826016,"{""1"": 12}"
s1-i12,1,78b8eb8450b6759d,"[[1, 7, 8, 11], [3, 5, 6, 9], [0, 2, 4, 10]]",subset_exact,0.9999999999999999,0.9999999999999999,0.9999999999999999,0.28466967854505804,0.85047485792488,-0.9222119376395428,"{""1"": 12}"
s1-i12,1,78b8eb8450b6759d,"[[1, 7, 8, 11], [3, 5, 6, 9], [0, 2, 4, 10]]",subset_beam_8,0.9999999999999999,0.9999999999999999,0.9999999999999999,0.28466967854505804,0.85047485792488,-0.9222119376395428,"{""1"": 12}"
s1-i12,1,78b8eb8450b6759d,"[[1, 7, 8, 11], [3, 5, 6, 9], [0, 2, 4, 10]]",subset_beam_32,0.9999999999999999,0.9999999999999999,0.9999999999999999,0.28466967854505804,0.85047485792488,-0.9222119376395428,"{""1"": 12}"
s1-i12,1,78b8eb8450b6759d,"[[1, 7, 8, 11], [3, 5, 6, 9], [0, 2, 4, 10]]",saps_diagonal,0.9999999999999999,0.9999999999999999,0.9999999999999999,0.28466967854505804,0.85047485792488,-0.9222119376395428,"{""1"": 12}"
s1-i12,1,78b8eb8450b6759d,"[[1, 7, 8, 11], [3, 5, 6, 9], [0, 2, 4, 10]]",p_saps_residualized,0.9999999999999999,0.9999999999999999,0.9999999999999999,0.28466967854505804,0.85047485792488,-0.9222119376395428,"{""1"": 12}"
s1-i12,1,78b8eb8450b6759d,"[[1, 7, 8, 11], [3, 5, 6, 9], [0, 2, 4, 10]]",p_saps_projection,0.9999999999999999,0.9999999999999999,0.9999999999999999,0.28466967854505804,0.85047485792488,-0.9222119376395428,"{""1"": 12}"
s1-i12,1,78b8eb8450b6759d,"[[1, 7, 8, 11], [3, 5, 6, 9], [0, 2, 4, 10]]",b_saps_budgeted,0.9999999999999999,0.9999999999999999,0.9999999999999999,0.28466967854505804,0.85047485792488,-0.9222119376395428,"{""1"": 12}"
s1-i12,1,21257768333a6d3b,"[[7, 8, 11], [1, 3, 9], [5, 6, 10], [0, 2, 4]]",random_balanced,0.9999999999999999,0.9999999999999999,0.9999999999999999,0.019933243911272918,0.0,0.0,"{""1"": 12}"
s1-i12,1,4500ac8ba9c11534,"[[0, 2, 7], [3, 8, 11], [1, 4, 10], [5, 6, 9]]",confidence,0.9999999999999999,0.9999999999999999,0.9999999999999999,0.019933243911272918,1.097011719987795,1.0473832727267487,"{""1"": 12}"
s1-i12,1,9685dc54f956f67e,"[[0, 2, 3], [1, 7, 10], [5, 8, 11], [4, 6, 9]]",entropy,0.9999999999999999,0.9999999999999999,0.9999999999999999,0.019933243911272918,1.0334078000513016,-1.0165666727034197,"{""1"": 12}"
s1-i12,1,d56d4aca81ea4b54,"[[0, 1, 3], [2, 4, 7], [5, 6, 8], [9, 10, 11]]",dependency_cmi,0.9999999999999999,0.9999999999999999,0.9999999999999999,0.019933243911272918,0.0,0.0,"{""1"": 12}"
s1-i12,1,c0013949d594c402,"[[0, 1, 3], [2, 8, 9], [6, 10, 11], [4, 5, 7]]",min_within_batch_tc,0.9999999999999999,0.9999999999999999,0.9999999999999999,0.019933243911272918,3.0352459994699372,-1.7421957408597741,"{""1"": 12}"
s1-i12,1,8f058866e4ab3ff8,"[[0, 1, 2], [3, 4, 5], [6, 7, 8], [9, 10, 11]]",dprm_myopic,0.9999999999999999,0.9999999999999999,0.9999999999999999,0.019933243911272918,0.0009496628369978122,0.030816600023328533,"{""1"": 12}"
s1-i12,1,8f058866e4ab3ff8,"[[0, 1, 2], [3, 4, 5], [6, 7, 8], [9, 10, 11]]",dprm_rollout,0.9999999999999999,0.9999999999999999,0.9999999999999999,0.019933243911272918,0.0009496628369978122,0.030816600023328533,"{""1"": 12}"
s1-i12,1,21257768333a6d3b,"[[7, 8, 11], [1, 3, 9], [5, 6, 10], [0, 2, 4]]",subset_exact,0.9999999999999999,0.9999999999999999,0.9999999999999999,0.019933243911272918,0.0,0.0,"{""1"": 12}"
s1-i12,1,21257768333a6d3b,"[[7, 8, 11], [1, 3, 9], [5, 6, 10], [0, 2, 4]]",subset_beam_8,0.9999999999999999,0.9999999999999999,0.9999999999999999,0.019933243911272918,0.0,0.0,"{""1"": 12}"
s1-i12,1,21257768333a6d3b,"[[7, 8, 11], [1, 3, 9], [5, 6, 10], [0, 2, 4]]",subset_beam_32,0.9999999999999999,0.9999999999999999,0.9999999999999999,0.019933243911272918,0.0,0.0,"{""1"": 12}"
s1-i12,1,21257768333a6d3b,"[[7, 8, 11], [1, 3, 9], [5, 6, 10], [0, 2, 4]]",saps_diagonal,0.9999999999999999,0.9999999999999999,0.9999999999999999,0.019933243911272918,0.0,0.0,"{""1"": 12}"
s1-i12,1,21257768333a6d3b,"[[7, 8, 11], [1, 3, 9], [5, 6, 10], [0, 2, 4]]",p_saps_residualized,0.9999999999999999,0.9999999999999999,0.9999999999999999,0.019933243911272918,0.0,0.0,"{""1"": 12}"
s1-i12,1,21257768333a6d3b,"[[7, 8, 11], [1, 3, 9], [5, 6, 10], [0, 2, 4]]",p_saps_projection,0.9999999999999999,0.9999999999999999,0.9999999999999999,0.019933243911272918,0.0,0.0,"{""1"": 12}"
s1-i12,1,21257768333a6d3b,"[[7, 8, 11], [1, 3, 9], [5, 6, 10], [0, 2, 4]]",b_saps_budgeted,0.9999999999999999,0.9999999999999999,0.9999999999999999,0.019933243911272918,0.0,0.0,"{""1"": 12}"
s1-i12,1,21257768333a6d3b,"[[7, 8, 11], [1, 3, 9], [5, 6, 10], [0, 2, 4]]",random_balanced,0.9999999999999999,0.9999999999999999,0.9999999999999999,0.09832187834349396,19.5525544191508,4.421827045368328,"{""1"": 12}"
s1-i12,1,4500ac8ba9c11534,"[[0, 2, 7], [3, 8, 11], [1, 4, 10], [5, 6, 9]]",confidence,0.9999999999999999,0.9999999999999999,0.9999999999999999,0.09832187834349396,2.3027504338771476,1.5174816090737797,"{""1"": 12}"
s1-i12,1,9685dc54f956f67e,"[[0, 2, 3], [1, 7, 10], [5, 8, 11], [4, 6, 9]]",entropy,0.9999999999999999,0.9999999999999999,0.9999999999999999,0.09832187834349396,26.000637158093237,5.0990819917013726,"{""1"": 12}"
s1-i12,1,d56d4aca81ea4b54,"[[0, 1, 3], [2, 4, 7], [5, 6, 8], [9, 10, 11]]",dependency_cmi,0.9999999999999999,0.9999999999999999,0.9999999999999999,0.09832187834349396,15.599362528863816,3.949602831787497,"{""1"": 12}"
s1-i12,1,c0013949d594c402,"[[0, 1, 3], [2, 8, 9], [6, 10, 11], [4, 5, 7]]",min_within_batch_tc,0.9999999999999999,0.9999999999999999,0.9999999999999999,0.09832187834349396,5.931548897665084,2.4354771396309767,"{""1"": 12}"
s1-i12,1,8f058866e4ab3ff8,"[[0, 1, 2], [3, 4, 5], [6, 7, 8], [9, 10, 11]]",dprm_myopic,0.9999999999999999,0.9999999999999999,0.9999999999999999,0.09832187834349396,2.42227525974748,1.55636604298201,"{""1"": 12}"
s1-i12,1,8f058866e4ab3ff8,"[[0, 1, 2], [3, 4, 5], [6, 7, 8], [9, 10, 11]]",dprm_rollout,0.9999999999999999,0.9999999999999999,0.9999999999999999,0.09832187834349396,2.42227525974748,1.55636604298201,"{""1"": 12}"
s1-i12,1,21257768333a6d3b,"[[7, 8, 11], [1, 3, 9], [5, 6, 10], [0, 2, 4]]",subset_exact,0.9999999999999999,0.9999999999999999,0.9999999999999999,0.09832187834349396,19.5525544191508,4.421827045368328,"{""1"": 12}"
s1-i12,1,21257768333a6d3b,"[[7, 8, 11], [1, 3, 9], [5, 6, 10], [0, 2, 4]]",subset_beam_8,0.9999999999999999,0.9999999999999999,0.9999999999999999,0.09832187834349396,19.5525544191508,4.421827045368328,"{""1"": 12}"
s1-i12,1,21257768333a6d3b,"[[7, 8, 11], [1, 3, 9], [5, 6, 10], [0, 2, 4]]",subset_beam_32,0.9999999999999999,0.9999999999999999,0.9999999999999999,0.09832187834349396,19.5525544191508,4.421827045368328,"{""1"": 12}"
s1-i12,1,21257768333a6d3b,"[[7, 8, 11], [1, 3, 9], [5, 6, 10], [0, 2, 4]]",saps_diagonal,0.9999999999999999,0.9999999999999999,0.9999999999999999,0.09832187834349396,19.5525544191508,4.421827045368328,"{""1"": 12}"
s1-i12,1,21257768333a6d3b,"[[7, 8, 11], [1, 3, 9], [5, 6, 10], [0, 2, 4]]",p_saps_residualized,0.9999999999999999,0.9999999999999999,0.9999999999999999,0.09832187834349396,19.5525544191508,4.421827045368328,"{""1"": 12}"
s1-i12,1,21257768333a6d3b,"[[7, 8, 11], [1, 3, 9], [5, 6, 10], [0, 2, 4]]",p_saps_projection,0.9999999999999999,0.9999999999999999,0.9999999999999999,0.09832187834349396,19.5525544191508,4.421827045368328,"{""1"": 12}"
s1-i12,1,21257768333a6d3b,"[[7, 8, 11], [1, 3, 9], [5, 6, 10], [0, 2, 4]]",b_saps_budgeted,0.9999999999999999,0.9999999999999999,0.9999999999999999,0.09832187834349396,19.5525544191508,4.421827045368328,"{""1"": 12}"
s1-i12,1,21257768333a6d3b,"[[7, 8, 11], [1, 3, 9], [5, 6, 10], [0, 2, 4]]",random_balanced,0.9999999999999999,0.9999999999999999,0.9999999999999999,0.28466967854505804,3.1435727609237794,1.7730123408831027,"{""1"": 12}"
s1-i12,1,4500ac8ba9c11534,"[[0, 2, 7], [3, 8, 11], [1, 4, 10], [5, 6, 9]]",confidence,0.9999999999999999,0.9999999999999999,0.9999999999999999,0.28466967854505804,4.115178429021698,-2.0285902565628424,"{""1"": 12}"
s1-i12,1,9685dc54f956f67e,"[[0, 2, 3], [1, 7, 10], [5, 8, 11], [4, 6, 9]]",entropy,0.9999999999999999,0.9999999999999999,0.9999999999999999,0.28466967854505804,1.6977078584936465,-1.3029611884064876,"{""1"": 12}"
s1-i12,1,d56d4aca81ea4b54,"[[0, 1, 3], [2, 4, 7], [5, 6, 8], [9, 10, 11]]",dependency_cmi,0.9999999999999999,0.9999999999999999,0.9999999999999999,0.28466967854505804,4.0915560498112304,-2.022759513588116,"{""1"": 12}"
s1-i12,1,c0013949d594c402,"[[0, 1, 3], [2, 8, 9], [6, 10, 11], [4, 5, 7]]",min_within_batch_tc,0.9999999999999999,0.9999999999999999,0.9999999999999999,0.28466967854505804,7.93597849264022,-2.817086880563008,"{""1"": 12}"
s1-i12,1,8f058866e4ab3ff8,"[[0, 1, 2], [3, 4, 5], [6, 7, 8], [9, 10, 11]]",dprm_myopic,0.9999999999999999,0.9999999999999999,0.9999999999999999,0.28466967854505804,7.915346744052294,-2.8134226031743426,"{""1"": 12}"
s1-i12,1,8f058866e4ab3ff8,"[[0, 1, 2], [3, 4, 5], [6, 7, 8], [9, 10, 11]]",dprm_rollout,0.9999999999999999,0.9999999999999999,0.9999999999999999,0.28466967854505804,7.915346744052294,-2.8134226031743426,"{""1"": 12}"
s1-i12,1,21257768333a6d3b,"[[7, 8, 11], [1, 3, 9], [5, 6, 10], [0, 2, 4]]",subset_exact,0.9999999999999999,0.9999999999999999,0.9999999999999999,0.28466967854505804,3.1435727609237794,1.7730123408831027,"{""1"": 12}"
s1-i12,1,21257768333a6d3b,"[[7, 8, 11], [1, 3, 9], [5, 6, 10], [0, 2, 4]]",subset_beam_8,0.9999999999999999,0.9999999999999999,0.9999999999999999,0.28466967854505804,3.1435727609237794,1.7730123408831027,"{""1"": 12}"
s1-i12,1,21257768333a6d3b,"[[7, 8, 11], [1, 3, 9], [5, 6, 10], [0, 2, 4]]",subset_beam_32,0.9999999999999999,0.9999999999999999,0.9999999999999999,0.28466967854505804,3.1435727609237794,1.7730123408831027,"{""1"": 12}"
s1-i12,1,21257768333a6d3b,"[[7, 8, 11], [1, 3, 9], [5, 6, 10], [0, 2, 4]]",saps_diagonal,0.9999999999999999,0.9999999999999999,0.9999999999999999,0.28466967854505804,3.1435727609237794,1.7730123408831027,"{""1"": 12}"
s1-i12,1,21257768333a6d3b,"[[7, 8, 11], [1, 3, 9], [5, 6, 10], [0, 2, 4]]",p_saps_residualized,0.9999999999999999,0.9999999999999999,0.9999999999999999,0.28466967854505804,3.1435727609237794,1.7730123408831027,"{""1"": 12}"
s1-i12,1,21257768333a6d3b,"[[7, 8, 11], [1, 3, 9], [5, 6, 10], [0, 2, 4]]",p_saps_projection,0.9999999999999999,0.9999999999999999,0.9999999999999999,0.28466967854505804,3.1435727609237794,1.7730123408831027,"{""1"": 12}"
s1-i12,1,21257768333a6d3b,"[[7, 8, 11], [1, 3, 9], [5, 6, 10], [0, 2, 4]]",b_saps_budgeted,0.9999999999999999,0.9999999999999999,0.9999999999999999,0.28466967854505804,3.1435727609237794,1.7730123408831027,"{""1"": 12}"
s1-i13,1,2516301160cf1942,"[[0, 1, 2, 3, 4, 5, 6, 7, 8, 9, 10, 11]]",random_balanced,0.0,0.0,0.0,9.966672193000835e-05,3.4977681167482166,-1.8702321023734505,"{""2"": 11}"
s1-i13,1,2516301160cf1942,"[[0, 1, 2, 3, 4, 5, 6, 7, 8, 9, 10, 11]]",confidence,0.0,0.0,0.0,9.966672193000835e-05,3.4977681167482166,-1.8702321023734505,"{""2"": 11}"
s1-i13,1,2516301160cf1942,"[[0, 1, 2, 3, 4, 5, 6, 7, 8, 9, 10, 11]]",entropy,0.0,0.0,0.0,9.966672193000835e-05,3.4977681167482166,-1.8702321023734505,"{""2"": 11}"
s1-i13,1,2516301160cf1942,"[[0, 1, 2, 3, 4, 5, 6, 7, 8, 9, 10, 11]]",dependency_cmi,0.0,0.0,0.0,9.966672193000835e-05,3.4977681167482166,-1.8702321023734505,"{""2"": 11}"
s1-i13,1,2516301160cf1942,"[[0, 1, 2, 3, 4, 5, 6, 7, 8, 9, 10, 11]]",min_within_batch_tc,0.0,0.0,0.0,9.966672193000835e-05,3.4977681167482166,-1.8702321023734505,"{""2"": 11}"
s1-i13,1,2516301160cf1942,"[[0, 1, 2, 3, 4, 5, 6, 7, 8, 9, 10, 11]]",dprm_myopic,0.0,0.0,0.0,9.966672193000835e-05,3.4977681167482166,-1.8702321023734505,"{""2"": 11}"
s1-i13,1,2516301160cf1942,"[[0, 1, 2, 3, 4, 5, 6, 7, 8, 9, 10, 11]]",dprm_rollout,0.0,0.0,0.0,9.966672193000835e-05,3.4977681167482166,-1.8702321023734505,"{""2"": 11}"
s1-i13,1,2516301160cf1942,"[[0, 1, 2, 3, 4, 5, 6, 7, 8, 9, 10, 11]]",subset_exact,0.0,0.0,0.0,9.966672193000835e-05,3.4977681167482166,-1.8702321023734505,"{""2"": 11}"
s1-i13,1,2516301160cf1942,"[[0, 1, 2, 3, 4, 5, 6, 7, 8, 9, 10, 11]]",subset_beam_8,0.0,0.0,0.0,9.966672193000835e-05,3.4977681167482166,-1.8702321023734505,"{""2"": 11}"
s1-i13,1,2516301160cf1942,"[[0, 1, 2, 3, 4, 5, 6, 7, 8, 9, 10, 11]]",subset_beam_32,0.0,0.0,0.0,9.966672193000835e-05,3.4977681167482166,-1.8702321023734505,"{""2"": 11}"
s1-i13,1,2516301160cf1942,"[[0, 1, 2, 3, 4, 5, 6, 7, 8, 9, 10, 11]]",saps_diagonal,0.0,0.0,0.0,9.966672193000835e-05,3.4977681167482166,-1.8702321023734505,"{""2"": 11}"
s1-i13,1,2516301160cf1942,"[[0, 1, 2, 3, 4, 5, 6, 7, 8, 9, 10, 11]]",p_saps_residualized,0.0,0.0,0.0,9.966672193000835e-05,3.4977681167482166,-1.8702321023734505,"{""2"": 11}"
s1-i13,1,2516301160cf1942,"[[0, 1, 2, 3, 4, 5, 6, 7, 8, 9, 10, 11]]",p_saps_projection,0.0,0.0,0.0,9.966672193000835e-05,3.4977681167482166,-1.8702321023734505,"{""2"": 11}"
s1-i13,1,2516301160cf1942,"[[0, 1, 2, 3, 4, 5, 6, 7, 8, 9, 10, 11]]",b_saps_budgeted,0.0,0.0,0.0,9.966672193000835e-05,3.4977681167482166,-1.8702321023734505,"{""2"": 11}"
s1-i13,1,2516301160cf1942,"[[0, 1, 2, 3, 4, 5, 6, 7, 8, 9, 10, 11]]",random_balanced,0.0,0.0,0.0,0.002458367125419222,0.10794338368122063,-0.32854738422519913,"{""2"": 11}"
s1-i13,1,2516301160cf1942,"[[0, 1, 2, 3, 4, 5, 6, 7, 8, 9, 10, 11]]",confidence,0.0,0.0,0.0,0.002458367125419222,0.10794338368122063,-0.32854738422519913,"{""2"": 11}"
s1-i13,1,2516301160cf1942,"[[0, 1, 2, 3, 4, 5, 6, 7, 8, 9, 10, 11]]",entropy,0.0,0.0,0.0,0.002458367125419222,0.10794338368122063,-0.32854738422519913,"{""2"": 11}"
s1-i13,1,2516301160cf1942,"[[0, 1, 2, 3, 4, 5, 6, 7, 8, 9, 10, 11]]",dependency_cmi,0.0,0.0,0.0,0.002458367125419222,0.10794338368122063,-0.32854738422519913,"{""2"": 11}"
s1-i13,1,2516301160cf1942,"[[0, 1, 2, 3, 4, 5, 6, 7, 8, 9, 10, 11]]",min_within_batch_tc,0.0,0.0,0.0,0.002458367125419222,0.10794338368122063,-0.32854738422519913,"{""2"": 11}"
s1-i13,1,2516301160cf1942,"[[0, 1, 2, 3, 4, 5, 6, 7, 8, 9, 10, 11]]",dprm_myopic,0.0,0.0,0.0,0.002458367125419222,0.10794338368122063,-0.32854738422519913,"{""2"": 11}"
s1-i13,1,2516301160cf1942,"[[0, 1, 2, 3, 4, 5, 6, 7, 8, 9, 10, 11]]",dprm_rollout,0.0,0.0,0.0,0.002458367125419222,0.10794338368122063,-0.32854738422519913,"{""2"": 11}"
s1-i13,1,2516301160cf1942,"[[0, 1, 2, 3, 4, 5, 6, 7, 8, 9, 10, 11]]",subset_exact,0.0,0.0,0.0,0.002458367125419222,0.10794338368122063,-0.32854738422519913,"{""2"": 11}"
s1-i13,1,2516301160cf1942,"[[0, 1, 2, 3, 4, 5, 6, 7, 8, 9, 10, 11]]",subset_beam_8,0.0,0.0,0.0,0.002458367125419222,0.10794338368122063,-0.32854738422519913,"{""2"": 11}"
s1-i13,1,2516301160cf1942,"[[0, 1, 2, 3, 4, 5, 6, 7, 8, 9, 10, 11]]",subset_beam_32,0.0,0.0,0.0,0.002458367125419222,0.10794338368122063,-0.32854738422519913,"{""2"": 11}"
s1-i13,1,2516301160cf1942,"[[0, 1, 2, 3, 4, 5, 6, 7, 8, 9, 10, 11]]",saps_diagonal,0.0,0.0,0.0,0.002458367125419222,0.10794338368122063,-0.32854738422519913,"{""2"": 11}"
s1-i13,1,2516301160cf1942,"[[0, 1, 2, 3, 4, 5, 6, 7, 8, 9, 10, 11]]",p_saps_residualized,0.0,0.0,0.0,0.002458367125419222,0.10794338368122063,-0.32854738422519913,"{""2"": 11}"
s1-i13,1,2516301160cf1942,"[[0, 1, 2, 3, 4, 5, 6, 7, 8, 9, 10, 11]]",p_saps_projection,0.0,0.0,0.0,0.002458367125419222,0.10794338368122063,-0.32854738422519913,"{""2"": 11}"
s1-i13,1,2516301160cf1942,"[[0, 1, 2, 3, 4, 5, 6, 7, 8, 9, 10, 11]]",b_saps_budgeted,0.0,0.0,0.0,0.002458367125419222,0.10794338368122063,-0.32854738422519913,"{""2"": 11}"
s1-i13,1,2516301160cf1942,"[[0, 1, 2, 3, 4, 5, 6, 7, 8, 9, 10, 11]]",random_balanced,0.0,0.0,0.0,0.02137757562180163,39.841819160605105,6.312037639352692,"{""2"": 11}"
s1-i13,1,2516301160cf1942,"[[0, 1, 2, 3, 4, 5, 6, 7, 8, 9, 10, 11]]",confidence,0.0,0.0,0.0,0.02137757562180163,39.841819160605105,6.312037639352692,"{""2"": 11}"
s1-i13,1,2516301160cf1942,"[[0, 1, 2, 3, 4, 5, 6, 7, 8, 9, 10, 11]]",entropy,0.0,0.0,0.0,0.02137757562180163,39.841819160605105,6.312037639352692,"{""2"": 11}"
s1-i13,1,2516301160cf1942,"[[0, 1, 2, 3, 4, 5, 6, 7, 8, 9, 10, 11]]",dependency_cmi,0.0,0.0,0.0,0.02137757562180163,39.841819160605105,6.312037639352692,"{""2"": 11}"
s1-i13,1,2516301160cf1942,"[[0, 1, 2, 3, 4, 5, 6, 7, 8, 9, 10, 11]]",min_within_batch_tc,0.0,0.0,0.0,0.02137757562180163,39.841819160605105,6.312037639352692,"{""2"": 11}"
s1-i13,1,2516301160cf1942,"[[0, 1, 2, 3, 4, 5, 6, 7, 8, 9, 10, 11]]",dprm_myopic,0.0,0.0,0.0,0.02137757562180163,39.841819160605105,6.312037639352692,"{""2"": 11}"
s1-i13,1,2516301160cf1942,"[[0, 1, 2, 3, 4, 5, 6, 7, 8, 9, 10, 11]]",dprm_rollout,0.0,0.0,0.0,0.02137757562180163,39.841819160605105,6.312037639352692,"{""2"": 11}"
s1-i13,1,2516301160cf1942,"[[0, 1, 2, 3, 4, 5, 6, 7, 8, 9, 10, 11]]",subset_exact,0.0,0.0,0.0,0.02137757562180163,39.841819160605105,6.312037639352692,"{""2"": 11}"
s1-i13,1,2516301160cf1942,"[[0, 1, 2, 3, 4, 5, 6, 7, 8, 9, 10, 11]]",subset_beam_8,0.0,0.0,0.0,0.02137757562180163,39.841819160605105,6.312037639352692,"{""2"": 11}"
s1-i13,1,2516301160cf1942,"[[0, 1, 2, 3, 4, 5, 6, 7, 8, 9, 10, 11]]",subset_beam_32,0.0,0.0,0.0,0.02137757562180163,39.841819160605105,6.312037639352692,"{""2"": 11}"
s1-i13,1,2516301160cf1942,"[[0, 1, 2, 3, 4, 5, 6, 7, 8, 9, 10, 11]]",saps_diagonal,0.0,0.0,0.0,0.02137757562180163,39.841819160605105,6.312037639352692,"{""2"": 11}"
s1-i13,1,2516301160cf1942,"[[0, 1, 2, 3, 4, 5, 6, 7, 8, 9, 10, 11]]",p_saps_residualized,0.0,0.0,0.0,0.02137757562180163,39.841819160605105,6.312037639352692,"{""2"": 11}"
s1-i13,1,2516301160cf1942,"[[0, 1, 2, 3, 4, 5, 6, 7, 8, 9, 10, 11]]",p_saps_projection,0.0,0.0,0.0,0.02137757562180163,39.841819160605105,6.312037639352692,"{""2"": 11}"
s1-i13,1,2516301160cf1942,"[[0, 1, 2, 3, 4, 5, 6, 7, 8, 9, 10, 11]]",b_saps_budgeted,0.0,0.0,0.0,0.02137757562180163,39.841819160605105,6.312037639352692,"{""2"": 11}"
s1-i13,1,32f9e1fef2ed3ad8,"[[0, 3, 8, 9, 10, 11], [1, 2, 4, 5, 6, 7]]",random_balanced,0.6606230969588244,0.6606230969588244,0.6606230969588244,0.013202185908525616,0.023848330189163665,0.15442904580798156,"{""1"": 7, ""2"": 4}"
s1-i13,1,88fc873b2ee022ff,"[[1, 2, 3, 4, 6, 11], [0, 5, 7, 8, 9, 10]]",confidence,0.7857846197401134,0.7857846197401134,0.7857846197401134,0.01568458663174401,6.728332496328609,-2.5939029465900627,"{""1"": 8, ""2"": 3}"
s1-i13,1,510017664eb913b0,"[[0, 2, 3, 4, 6, 11], [1, 5, 7, 8, 9, 10]]",entropy,0.8605797889948078,0.8605797889948078,0.8605797889948078,0.017168042394546962,11.738246790215733,-3.426112489428176,"{""1"": 9, ""2"": 2}"
s1-i13,1,d8bb7525846bcf6d,"[[1, 6, 7, 8, 10, 11], [0, 2, 3, 4, 5, 9]]",dependency_cmi,0.7204098389047587,0.7204098389047587,0.7204098389047587,0.01438797086980963,10.780693986460342,3.283396714754454,"{""1"": 8, ""2"": 3}"
s1-i13,1,b1276e5e98fbe93c,"[[0, 6, 7, 8, 10, 11], [1, 2, 3, 4, 5, 9]]",min_within_batch_tc,0.6456146696500643,0.6456146696500643,0.6456146696500643,0.012904515107006683,7.077878657344565,2.6604282845708442,"{""1"": 7, ""2"": 4}"
s1-i13,1,65cd73210213c5d5,"[[0, 1, 2, 3, 4, 5], [6, 7, 8, 9, 10, 11]]",dprm_myopic,0.5766755067750793,0.5766755067750793,0.5766755067750793,0.011537204898756984,13.517067051019257,-3.676556412054527,"{""2"": 5, ""1"": 6}"
s1-i13,1,65cd73210213c5d5,"[[0, 1, 2, 3, 4, 5], [6, 7, 8, 9, 10, 11]]",dprm_rollout,0.5766755067750793,0.5766755067750793,0.5766755067750793,0.011537204898756984,13.517067051019257,-3.676556412054527,"{""2"": 5, ""1"": 6}"
s1-i13,1,d7a2dd316a44c36b,"[[1, 2, 3, 9, 10, 11], [0, 4, 5, 6, 7, 8]]",subset_exact,0.9087835335435568,0.9087835335435568,0.9087835335435568,0.018124095082869943,6.5509555712454155,2.55948345789642,"{""1"": 10, ""2"": 1}"
s1-i13,1,d7a2dd316a44c36b,"[[1, 2, 3, 9, 10, 11], [0, 4, 5, 6, 7, 8]]",subset_beam_8,0.9087835335435568,0.9087835335435568,0.9087835335435568,0.018124095082869943,6.5509555712454155,2.55948345789642,"{""1"": 10, ""2"": 1}"
s1-i13,1,d7a2dd316a44c36b,"[[1, 2, 3, 9, 10, 11], [0, 4, 5, 6, 7, 8]]",subset_beam_32,0.9087835335435568,0.9087835335435568,0.9087835335435568,0.018124095082869943,6.5509555712454155,2.55948345789642,"{""1"": 10, ""2"": 1}"
s1-i13,1,d7a2dd316a44c36b,"[[1, 2, 3, 9, 10, 11], [0, 4, 5, 6, 7, 8]]",saps_diagonal,0.9087835335435568,0.9087835335435568,0.9087835335435568,0.018124095082869943,6.5509555712454155,2.55948345789642,"{""1"": 10, ""2"": 1}"
s1-i13,1,d7a2dd316a44c36b,"[[1, 2, 3, 9, 10, 11], [0, 4, 5, 6, 7, 8]]",p_saps_residualized,0.9087835335435568,0.9087835335435568,0.9087835335435568,0.018124095082869943,6.5509555712454155,2.55948345789642,"{""1"": 10, ""2"": 1}"
s1-i13,1,d7a2dd316a44c36b,"[[1, 2, 3, 9, 10, 11], [0, 4, 5, 6, 7, 8]]",p_saps_projection,0.9087835335435568,0.9087835335435568,0.9087835335435568,0.018124095082869943,6.5509555712454155,2.55948345789642,"{""1"": 10, ""2"": 1}"
s1-i13,1,d7a2dd316a44c36b,"[[1, 2, 3, 9, 10, 11], [0, 4, 5, 6, 7, 8]]",b_saps_budgeted,0.9087835335435568,0.9087835335435568,0.9087835335435568,0.018124095082869943,6.5509555712454155,2.55948345789642,"{""1"": 10, ""2"": 1}"
s1-i13,1,32f9e1fef2ed3ad8,"[[0, 3, 8, 9, 10, 11], [1, 2, 4, 5, 6, 7]]",random_balanced,0.6606230969588244,0.6606230969588244,0.6606230969588244,0.06578801679165075,0.324681064234715,0.5698079187188565,"{""1"": 7, ""2"": 4}"
s1-i13,1,88fc873b2ee022ff,"[[1, 2, 3, 4, 6, 11], [0, 5, 7, 8, 9, 10]]",confidence,0.7857846197401134,0.7857846197401134,0.7857846197401134,0.07778643983486618,0.0035221812512249793,-0.05934796754080951,"{""1"": 8, ""2"": 3}"
s1-i13,1,510017664eb913b0,"[[0, 2, 3, 4, 6, 11], [1, 5, 7, 8, 9, 10]]",entropy,0.8605797889948078,0.8605797889948078,0.8605797889948078,0.08495656738177136,0.09459066629175393,0.307555956358764,"{""1"": 9, ""2"": 2}"
s1-i13,1,d8bb7525846bcf6d,"[[1, 6, 7, 8, 10, 11], [0, 2, 3, 4, 5, 9]]",dependency_cmi,0.7204098389047587,0.7204098389047587,0.7204098389047587,0.07151938379887697,0.2824405682882823,0.5314513790444826,"{""1"": 8, ""2"": 3}"
s1-i13,1,b1276e5e98fbe93c,"[[0, 6, 7, 8, 10, 11], [1, 2, 3, 4, 5, 9]]",min_within_batch_tc,0.6456146696500643,0.6456146696500643,0.6456146696500643,0.06434925625197177,2.32557262231396,1.52498282689149,"{""1"": 7, ""2"": 4}"
s1-i13,1,65cd73210213c5d5,"[[0, 1, 2, 3, 4, 5], [6, 7, 8, 9, 10, 11]]",dprm_myopic,0.5766755067750793,0.5766755067750793,0.5766755067750793,0.057740506038340966,3.6108515177959934,-1.900224070418011,"{""2"": 5, ""1"": 6}"
s1-i13,1,65cd73210213c5d5,"[[0, 1, 2, 3, 4, 5], [6, 7, 8, 9, 10, 11]]",dprm_rollout,0.5766755067750793,0.5766755067750793,0.5766755067750793,0.057740506038340966,3.6108515177959934,-1.900224070418011,"{""2"": 5, ""1"": 6}"
s1-i13,1,d7a2dd316a44c36b,"[[1, 2, 3, 9, 10, 11], [0, 4, 5, 6, 7, 8]]",subset_exact,0.9087835335435568,0.9087835335435568,0.9087835335435568,0.08957754758807357,0.13461848937290402,0.3669039238995735,"{""1"": 10, ""2"": 1}"
s1-i13,1,d7a2dd316a44c36b,"[[1, 2, 3, 9, 10, 11], [0, 4, 5, 6, 7, 8]]",subset_beam_8,0.9087835335435568,0.9087835335435568,0.9087835335435568,0.08957754758807357,0.13461848937290402,0.3669039238995735,"{""1"": 10, ""2"": 1}"
s1-i13,1,d7a2dd316a44c36b,"[[1, 2, 3, 9, 10, 11], [0, 4, 5, 6, 7, 8]]",subset_beam_32,0.9087835335435568,0.9087835335435568,0.9087835335435568,0.08957754758807357,0.13461848937290402,0.3669039238995735,"{""1"": 10, ""2"": 1}"
s1-i13,1,d7a2dd316a44c36b,"[[1, 2, 3, 9, 10, 11], [0, 4, 5, 6, 7, 8]]",saps_diagonal,0.9087835335435568,0.9087835335435568,0.9087835335435568,0.08957754758807357,0.13461848937290402,0.3669039238995735,"{""1"": 10, ""2"": 1}"
s1-i13,1,d7a2dd316a44c36b,"[[1, 2, 3, 9, 10, 11], [0, 4, 5, 6, 7, 8]]",p_saps_residualized,0.9087835335435568,0.9087835335435568,0.9087835335435568,0.08957754758807357,0.13461848937290402,0.3669039238995735,"{""1"": 10, ""2"": 1}"
s1-i13,1,d7a2dd316a44c36b,"[[1, 2, 3, 9, 10, 11], [0, 4, 5, 6, 7, 8]]",p_saps_projection,0.9087835335435568,0.9087835335435568,0.9087835335435568,0.08957754758807357,0.13461848937290402,0.3669039238995735,"{""1"": 10, ""2"": 1}"
s1-i13,1,d7a2dd316a44c36b,"[[1, 2, 3, 9, 10, 11], [0, 4, 5, 6, 7, 8]]",b_saps_budgeted,0.9087835335435568,0.9087835335435568,0.9087835335435568,0.08957754758807357,0.13461848937290402,0.3669039238995735,"{""1"": 10, ""2"": 1}"
s1-i13,1,32f9e1fef2ed3ad8,"[[0, 3, 8, 9, 10, 11], [1, 2, 4, 5, 6, 7]]",random_balanced,0.6606230969588244,0.6606230969588244,0.6606230969588244,0.1953144200597648,63.95351993313216,7.997094468188566,"{""1"": 7, ""2"": 4}"
s1-i13,1,88fc873b2ee022ff,"[[1, 2, 3, 4, 6, 11], [0, 5, 7, 8, 9, 10]]",confidence,0.7857846197401134,0.7857846197401134,0.7857846197401134,0.22826846059792746,59.019729776987745,7.682429939608154,"{""1"": 8, ""2"": 3}"
s1-i13,1,510017664eb913b0,"[[0, 2, 3, 4, 6, 11], [1, 5, 7, 8, 9, 10]]",entropy,0.8605797889948078,0.8605797889948078,0.8605797889948078,0.24796143799949683,47.62510196642619,6.901094258624946,"{""1"": 9, ""2"": 2}"
s1-i13,1,d8bb7525846bcf6d,"[[1, 6, 7, 8, 10, 11], [0, 2, 3, 4, 5, 9]]",dependency_cmi,0.7204098389047587,0.7204098389047587,0.7204098389047587,0.21105579707363992,0.0,0.0,"{""1"": 8, ""2"": 3}"
s1-i13,1,b1276e5e98fbe93c,"[[0, 6, 7, 8, 10, 11], [1, 2, 3, 4, 5, 9]]",min_within_batch_tc,0.6456146696500643,0.6456146696500643,0.6456146696500643,0.19136281967207056,77.06083588388798,8.778430149171774,"{""1"": 7, ""2"": 4}"
s1-i13,1,65cd73210213c5d5,"[[0, 1, 2, 3, 4, 5], [6, 7, 8, 9, 10, 11]]",dprm_myopic,0.5766755067750793,0.5766755067750793,0.5766755067750793,0.17321168250494687,69.99346346703395,8.366209623660762,"{""2"": 5, ""1"": 6}"
s1-i13,1,65cd73210213c5d5,"[[0, 1, 2, 3, 4, 5], [6, 7, 8, 9, 10, 11]]",dprm_rollout,0.5766755067750793,0.5766755067750793,0.5766755067750793,0.17321168250494687,69.99346346703395,8.366209623660762,"{""2"": 5, ""1"": 6}"
s1-i13,1,d7a2dd316a44c36b,"[[1, 2, 3, 9, 10, 11], [0, 4, 5, 6, 7, 8]]",subset_exact,0.9087835335435568,0.9087835335435568,0.9087835335435568,0.26065310327051244,48.94146002245767,6.995817323405298,"{""1"": 10, ""2"": 1}"
s1-i13,1,d7a2dd316a44c36b,"[[1, 2, 3, 9, 10, 11], [0, 4, 5, 6, 7, 8]]",subset_beam_8,0.9087835335435568,0.9087835335435568,0.9087835335435568,0.26065310327051244,48.94146002245767,6.995817323405298,"{""1"": 10, ""2"": 1}"
s1-i13,1,d7a2dd316a44c36b,"[[1, 2, 3, 9, 10, 11], [0, 4, 5, 6, 7, 8]]",subset_beam_32,0.9087835335435568,0.9087835335435568,0.9087835335435568,0.26065310327051244,48.94146002245767,6.995817323405298,"{""1"": 10, ""2"": 1}"
s1-i13,1,d7a2dd316a44c36b,"[[1, 2, 3, 9, 10, 11], [0, 4, 5, 6, 7, 8]]",saps_diagonal,0.9087835335435568,0.9087835335435568,0.9087835335435568,0.26065310327051244,48.94146002245767,6.995817323405298,"{""1"": 10, ""2"": 1}"
s1-i13,1,d7a2dd316a44c36b,"[[1, 2, 3, 9, 10, 11], [0, 4, 5, 6, 7, 8]]",p_saps_residualized,0.9087835335435568,0.9087835335435568,0.9087835335435568,0.26065310327051244,48.94146002245767,6.995817323405298,"{""1"": 10, ""2"": 1}"
s1-i13,1,d7a2dd316a44c36b,"[[1, 2, 3, 9, 10, 11], [0, 4, 5, 6, 7, 8]]",p_saps_projection,0.9087835335435568,0.9087835335435568,0.9087835335435568,0.26065310327051244,48.94146002245767,6.995817323405298,"{""1"": 10, ""2"": 1}"
s1-i13,1,d7a2dd316a44c36b,"[[1, 2, 3, 9, 10, 11], [0, 4, 5, 6, 7, 8]]",b_saps_budgeted,0.9087835335435568,0.9087835335435568,0.9087835335435568,0.26065310327051244,48.94146002245767,6.995817323405298,"{""1"": 10, ""2"": 1}"
s1-i13,1,45a2b080c0310166,"[[3, 9, 10, 11], [0, 5, 7, 8], [1, 2, 4, 6]]",random_balanced,0.8770010861965566,0.8770010861965566,0.8770010861965566,0.017493735460146986,7.27169883218608,-2.6966087651318795,"{""1"": 9, ""2"": 2}"
s1-i13,1,491923bd03e578fb,"[[2, 3, 4, 11], [0, 1, 6, 7], [5, 8, 9, 10]]",confidence,0.9176006293966779,0.9176006293966779,0.9176006293966779,0.018298969634058655,84.37173278513728,-9.185408689064264,"{""2"": 1, ""1"": 10}"
s1-i13,1,0432ead2ab968be8,"[[2, 3, 4, 11], [0, 1, 6, 10], [5, 7, 8, 9]]",entropy,0.9176006293966779,0.9176006293966779,0.9176006293966779,0.018298969634058655,65.65464221357385,-8.1027552235998,"{""2"": 1, ""1"": 10}"
s1-i13,1,5d983c744c399558,"[[1, 6, 8, 11], [0, 4, 5, 7], [2, 3, 9, 10]]",dependency_cmi,1.0,1.0,1.0,0.019933243911272918,26.101897736945837,5.109001637986216,"{""1"": 11}"
s1-i13,1,ee90a098189aace4,"[[6, 8, 9, 11], [0, 5, 7, 10], [1, 2, 3, 4]]",min_within_batch_tc,0.8489124307086613,0.8489124307086613,0.8489124307086613,0.016936636943382957,6.500042950608385,2.549518180089796,"{""1"": 9, ""2"": 2}"
s1-i13,1,308e8057e39b20e8,"[[1, 2, 3, 4], [0, 5, 6, 7], [8, 9, 10, 11]]",dprm_myopic,0.8489124307086613,0.8489124307086613,0.8489124307086613,0.016936636943382957,6.7283324963286075,-2.5939029465900623,"{""1"": 9, ""2"": 2}"
s1-i13,1,308e8057e39b20e8,"[[1, 2, 3, 4], [0, 5, 6, 7], [8, 9, 10, 11]]",dprm_rollout,0.8489124307086613,0.8489124307086613,0.8489124307086613,0.016936636943382957,6.7283324963286075,-2.5939029465900623,"{""1"": 9, ""2"": 2}"
s1-i13,1,758cbc2b1c8e6b24,"[[1, 2, 9, 10], [0, 5, 7, 8], [3, 4, 6, 11]]",subset_exact,1.0,1.0,1.0,0.019933243911272918,26.101897736945837,5.109001637986216,"{""1"": 11}"
s1-i13,1,758cbc2b1c8e6b24,"[[1, 2, 9, 10], [0, 5, 7, 8], [3, 4, 6, 11]]",subset_beam_8,1.0,1.0,1.0,0.019933243911272918,26.101897736945837,5.109001637986216,"{""1"": 11}"
s1-i13,1,758cbc2b1c8e6b24,"[[1, 2, 9, 10], [0, 5, 7, 8], [3, 4, 6, 11]]",subset_beam_32,1.0,1.0,1.0,0.019933243911272918,26.101897736945837,5.109001637986216,"{""1"": 11}"
s1-i13,1,758cbc2b1c8e6b24,"[[1, 2, 9, 10], [0, 5, 7, 8], [3, 4, 6, 11]]",saps_diagonal,1.0,1.0,1.0,0.019933243911272918,26.101897736945837,5.109001637986216,"{""1"": 11}"
s1-i13,1,758cbc2b1c8e6b24,"[[1, 2, 9, 10], [0, 5, 7, 8], [3, 4, 6, 11]]",p_saps_residualized,1.0,1.0,1.0,0.019933243911272918,26.101897736945837,5.109001637986216,"{""1"": 11}"
s1-i13,1,758cbc2b1c8e6b24,"[[1, 2, 9, 10], [0, 5, 7, 8], [3, 4, 6, 11]]",p_saps_projection,1.0,1.0,1.0,0.019933243911272918,26.101897736945837,5.109001637986216,"{""1"": 11}"
s1-i13,1,758cbc2b1c8e6b24,"[[1, 2, 9, 10], [0, 5, 7, 8], [3, 4, 6, 11]]",b_saps_budgeted,1.0,1.0,1.0,0.019933243911272918,26.101897736945837,5.109001637986216,"{""1"": 11}"
s1-i13,1,45a2b080c0310166,"[[3, 9, 10, 11], [0, 5, 7, 8], [1, 2, 4, 6]]",random_balanced,0.8770010861965566,0.8770010861965566,0.8770010861965566,0.08653077059028655,0.2618759679365527,0.5117381829964935,"{""1"": 9, ""2"": 2}"
s1-i13,1,491923bd03e578fb,"[[2, 3, 4, 11], [0, 1, 6, 7], [5, 8, 9, 10]]",confidence,0.9176006293966779,0.9176006293966779,0.9176006293966779,0.09042278535530009,0.09459066629175393,0.307555956358764,"{""2"": 1, ""1"": 10}"
s1-i13,1,0432ead2ab968be8,"[[2, 3, 4, 11], [0, 1, 6, 10], [5, 7, 8, 9]]",entropy,0.9176006293966779,0.9176006293966779,0.9176006293966779,0.09042278535530009,3.6108515177959934,-1.900224070418011,"{""2"": 1, ""1"": 10}"
s1-i13,1,5d983c744c399558,"[[1, 6, 8, 11], [0, 4, 5, 7], [2, 3, 9, 10]]",dependency_cmi,1.0,1.0,1.0,0.09832187834349396,0.0035221812512249264,0.059347967540809066,"{""1"": 11}"
s1-i13,1,ee90a098189aace4,"[[6, 8, 9, 11], [0, 5, 7, 10], [1, 2, 3, 4]]",min_within_batch_tc,0.8489124307086613,0.8489124307086613,0.8489124307086613,0.08383809344982207,0.13061576685199794,-0.3614080337402559,"{""1"": 9, ""2"": 2}"
s1-i13,1,308e8057e39b20e8,"[[1, 2, 3, 4], [0, 5, 6, 7], [8, 9, 10, 11]]",dprm_myopic,0.8489124307086613,0.8489124307086613,0.8489124307086613,0.08383809344982207,2.2100593038153153,1.4866268206296143,"{""1"": 9, ""2"": 2}"
s1-i13,1,308e8057e39b20e8,"[[1, 2, 3, 4], [0, 5, 6, 7], [8, 9, 10, 11]]",dprm_rollout,0.8489124307086613,0.8489124307086613,0.8489124307086613,0.08383809344982207,2.2100593038153153,1.4866268206296143,"{""1"": 9, ""2"": 2}"
s1-i13,1,758cbc2b1c8e6b24,"[[1, 2, 9, 10], [0, 5, 7, 8], [3, 4, 6, 11]]",subset_exact,1.0,1.0,1.0,0.09832187834349396,2.4022268341561546,-1.5499118794809448,"{""1"": 11}"
s1-i13,1,758cbc2b1c8e6b24,"[[1, 2, 9, 10], [0, 5, 7, 8], [3, 4, 6, 11]]",subset_beam_8,1.0,1.0,1.0,0.09832187834349396,2.4022268341561546,-1.5499118794809448,"{""1"": 11}"
s1-i13,1,758cbc2b1c8e6b24,"[[1, 2, 9, 10], [0, 5, 7, 8], [3, 4, 6, 11]]",subset_beam_32,1.0,1.0,1.0,0.09832187834349396,2.4022268341561546,-1.5499118794809448,"{""1"": 11}"
s1-i13,1,758cbc2b1c8e6b24,"[[1, 2, 9, 10], [0, 5, 7, 8], [3, 4, 6, 11]]",saps_diagonal,1.0,1.0,1.0,0.09832187834349396,2.4022268341561546,-1.5499118794809448,"{""1"": 11}"
s1-i13,1,758cbc2b1c8e6b24,"[[1, 2, 9, 10], [0, 5, 7, 8], [3, 4, 6, 11]]",p_saps_residualized,1.0,1.0,1.0,0.09832187834349396,2.4022268341561546,-1.5499118794809448,"{""1"": 11}"
s1-i13,1,758cbc2b1c8e6b24,"[[1, 2, 9, 10], [0, 5, 7, 8], [3, 4, 6, 11]]",p_saps_projection,1.0,1.0,1.0,0.09832187834349396,2.4022268341561546,-1.5499118794809448,"{""1"": 11}"
s1-i13,1,758cbc2b1c8e6b24,"[[1, 2, 9, 10], [0, 5, 7, 8], [3, 4, 6, 11]]",b_saps_budgeted,1.0,1.0,1.0,0.09832187834349396,2.4022268341561546,-1.5499118794809448,"{""1"": 11}"
s1-i13,1,45a2b080c0310166,"[[3, 9, 10, 11], [0, 5, 7, 8], [1, 2, 4, 6]]",random_balanced,0.8770010861965566,0.8770010861965566,0.8770010861965566,0.2522850358724731,35.36399560025387,5.9467634558853835,"{""1"": 9, ""2"": 2}"
s1-i13,1,491923bd03e578fb,"[[2, 3, 4, 11], [0, 1, 6, 7], [5, 8, 9, 10]]",confidence,0.9176006293966779,0.9176006293966779,0.9176006293966779,0.2629745749793566,57.53031272630894,7.584873942677554,"{""2"": 1, ""1"": 10}"
s1-i13,1,0432ead2ab968be8,"[[2, 3, 4, 11], [0, 1, 6, 10], [5, 7, 8, 9]]",entropy,0.9176006293966779,0.9176006293966779,0.9176006293966779,0.2629745749793566,59.019729776987745,7.682429939608154,"{""2"": 1, ""1"": 10}"
s1-i13,1,5d983c744c399558,"[[1, 6, 8, 11], [0, 4, 5, 7], [2, 3, 9, 10]]",dependency_cmi,1.0,1.0,1.0,0.28466967854505804,87.74980835697394,9.367486768444028,"{""1"": 11}"
s1-i13,1,ee90a098189aace4,"[[6, 8, 9, 11], [0, 5, 7, 10], [1, 2, 3, 4]]",min_within_batch_tc,0.8489124307086613,0.8489124307086613,0.8489124307086613,0.24488951470077827,63.95351993313216,7.997094468188566,"{""1"": 9, ""2"": 2}"
s1-i13,1,308e8057e39b20e8,"[[1, 2, 3, 4], [0, 5, 6, 7], [8, 9, 10, 11]]",dprm_myopic,0.8489124307086613,0.8489124307086613,0.8489124307086613,0.24488951470077827,9.245765865315997,3.0406850980191944,"{""1"": 9, ""2"": 2}"
s1-i13,1,308e8057e39b20e8,"[[1, 2, 3, 4], [0, 5, 6, 7], [8, 9, 10, 11]]",dprm_rollout,0.8489124307086613,0.8489124307086613,0.8489124307086613,0.24488951470077827,9.245765865315997,3.0406850980191944,"{""1"": 9, ""2"": 2}"
s1-i13,1,758cbc2b1c8e6b24,"[[1, 2, 9, 10], [0, 5, 7, 8], [3, 4, 6, 11]]",subset_exact,1.0,1.0,1.0,0.28466967854505804,2.7813023652416144,1.6677237077050906,"{""1"": 11}"
s1-i13,1,758cbc2b1c8e6b24,"[[1, 2, 9, 10], [0, 5, 7, 8], [3, 4, 6, 11]]",subset_beam_8,1.0,1.0,1.0,0.28466967854505804,2.7813023652416144,1.6677237077050906,"{""1"": 11}"
s1-i13,1,758cbc2b1c8e6b24,"[[1, 2, 9, 10], [0, 5, 7, 8], [3, 4, 6, 11]]",subset_beam_32,1.0,1.0,1.0,0.28466967854505804,2.7813023652416144,1.6677237077050906,"{""1"": 11}"
s1-i13,1,758cbc2b1c8e6b24,"[[1, 2, 9, 10], [0, 5, 7, 8], [3, 4, 6, 11]]",saps_diagonal,1.0,1.0,1.0,0.28466967854505804,2.7813023652416144,1.6677237077050906,"{""1"": 11}"
s1-i13,1,758cbc2b1c8e6b24,"[[1, 2, 9, 10], [0, 5, 7, 8], [3, 4, 6, 11]]",p_saps_residualized,1.0,1.0,1.0,0.28466967854505804,2.7813023652416144,1.6677237077050906,"{""1"": 11}"
s1-i13,1,758cbc2b1c8e6b24,"[[1, 2, 9, 10], [0, 5, 7, 8], [3, 4, 6, 11]]",p_saps_projection,1.0,1.0,1.0,0.28466967854505804,2.7813023652416144,1.6677237077050906,"{""1"": 11}"
s1-i13,1,758cbc2b1c8e6b24,"[[1, 2, 9, 10], [0, 5, 7, 8], [3, 4, 6, 11]]",b_saps_budgeted,1.0,1.0,1.0,0.28466967854505804,2.7813023652416144,1.6677237077050906,"{""1"": 11}"
s1-i13,1,fab3e3923f5b62f9,"[[9, 10, 11], [0, 3, 8], [1, 5, 7], [2, 4, 6]]",random_balanced,0.8340393530873356,0.8340393530873356,0.8340393530873356,0.016641650610337302,0.0,0.0,"{""1"": 9, ""2"": 2}"
s1-i13,1,8d22e2770e9af68e,"[[3, 4, 11], [1, 2, 6], [0, 7, 9], [5, 8, 10]]",confidence,0.936872189031452,0.936872189031452,0.936872189031452,0.018681193599633973,77.31176042629485,-8.792710641565254,"{""1"": 10, ""2"": 1}"
s1-i13,1,c1300c4598fbdfa0,"[[2, 3, 4], [0, 6, 11], [1, 7, 10], [5, 8, 9]]",entropy,1.0,1.0,1.0,0.019933243911272918,65.65464221357385,-8.1027552235998,"{""1"": 11}"
s1-i13,1,beb5d7e22f5630c0,"[[1, 6, 11], [4, 5, 8], [2, 3, 10], [0, 7, 9]]",dependency_cmi,1.0,1.0,1.0,0.019933243911272918,48.64612073117902,6.974677105872287,"{""1"": 11}"
s1-i13,1,b8c45993d15a65d5,"[[8, 9, 11], [5, 7, 10], [3, 4, 6], [0, 1, 2]]",min_within_batch_tc,0.8413082293600337,0.8413082293600337,0.8413082293600337,0.016785818428971644,19.14170216921806,4.375123103321558,"{""2"": 2, ""1"": 9}"
s1-i13,1,c24e4c616a375428,"[[1, 2, 3], [0, 4, 5], [6, 7, 8], [9, 10, 11]]",dprm_myopic,0.9087835335435568,0.9087835335435568,0.9087835335435568,0.018124095082869943,19.582031518432444,4.42515892578249,"{""1"": 10, ""2"": 1}"
s1-i13,1,c24e4c616a375428,"[[1, 2, 3], [0, 4, 5], [6, 7, 8], [9, 10, 11]]",dprm_rollout,0.9087835335435568,0.9087835335435568,0.9087835335435568,0.018124095082869943,19.582031518432444,4.42515892578249,"{""1"": 10, ""2"": 1}"
s1-i13,1,fa74b516a49e3479,"[[9, 10, 11], [0, 3, 6], [1, 5, 7], [2, 4, 8]]",subset_exact,1.0,1.0,1.0,0.019933243911272918,0.0,0.0,"{""1"": 11}"
s1-i13,1,fa74b516a49e3479,"[[9, 10, 11], [0, 3, 6], [1, 5, 7], [2, 4, 8]]",subset_beam_8,1.0,1.0,1.0,0.019933243911272918,0.0,0.0,"{""1"": 11}"
s1-i13,1,fa74b516a49e3479,"[[9, 10, 11], [0, 3, 6], [1, 5, 7], [2, 4, 8]]",subset_beam_32,1.0,1.0,1.0,0.019933243911272918,0.0,0.0,"{""1"": 11}"
s1-i13,1,fa74b516a49e3479,"[[9, 10, 11], [0, 3, 6], [1, 5, 7], [2, 4, 8]]",saps_diagonal,1.0,1.0,1.0,0.019933243911272918,0.0,0.0,"{""1"": 11}"
s1-i13,1,fa74b516a49e3479,"[[9, 10, 11], [0, 3, 6], [1, 5, 7], [2, 4, 8]]",p_saps_residualized,1.0,1.0,1.0,0.019933243911272918,0.0,0.0,"{""1"": 11}"
s1-i13,1,fa74b516a49e3479,"[[9, 10, 11], [0, 3, 6], [1, 5, 7], [2, 4, 8]]",p_saps_projection,1.0,1.0,1.0,0.019933243911272918,0.0,0.0,"{""1"": 11}"
s1-i13,1,fa74b516a49e3479,"[[9, 10, 11], [0, 3, 6], [1, 5, 7], [2, 4, 8]]",b_saps_budgeted,1.0,1.0,1.0,0.019933243911272918,0.0,0.0,"{""1"": 11}"
s1-i13,1,fab3e3923f5b62f9,"[[9, 10, 11], [0, 3, 8], [1, 5, 7], [2, 4, 6]]",random_balanced,0.8340393530873356,0.8340393530873356,0.8340393530873356,0.08241230800642281,0.2766291762884324,-0.5259554888851645,"{""1"": 9, ""2"": 2}"
s1-i13,1,8d22e2770e9af68e,"[[3, 4, 11], [1, 2, 6], [0, 7, 9], [5, 8, 10]]",confidence,0.936872189031452,0.936872189031452,0.936872189031452,0.09227022472853805,5.139869342618472,-2.267127994317584,"{""1"": 10, ""2"": 1}"
s1-i13,1,c1300c4598fbdfa0,"[[2, 3, 4], [0, 6, 11], [1, 7, 10], [5, 8, 9]]",entropy,1.0,1.0,1.0,0.09832187834349396,2.344237886076037,1.5310904238731418,"{""1"": 11}"
s1-i13,1,beb5d7e22f5630c0,"[[1, 6, 11], [4, 5, 8], [2, 3, 10], [0, 7, 9]]",dependency_cmi,1.0,1.0,1.0,0.09832187834349396,12.252862708346017,3.5004089344455194,"{""1"": 11}"
s1-i13,1,b8c45993d15a65d5,"[[8, 9, 11], [5, 7, 10], [3, 4, 6], [0, 1, 2]]",min_within_batch_tc,0.8413082293600337,0.8413082293600337,0.8413082293600337,0.0831091280085334,7.482301522914513,2.735379593934727,"{""2"": 2, ""1"": 9}"
s1-i13,1,c24e4c616a375428,"[[1, 2, 3], [0, 4, 5], [6, 7, 8], [9, 10, 11]]",dprm_myopic,0.9087835335435568,0.9087835335435568,0.9087835335435568,0.08957754758807357,0.18169067495650407,0.426251891440383,"{""1"": 10, ""2"": 1}"
s1-i13,1,c24e4c616a375428,"[[1, 2, 3], [0, 4, 5], [6, 7, 8], [9, 10, 11]]",dprm_rollout,0.9087835335435568,0.9087835335435568,0.9087835335435568,0.08957754758807357,0.18169067495650407,0.426251891440383,"{""1"": 10, ""2"": 1}"
s1-i13,1,fa74b516a49e3479,"[[9, 10, 11], [0, 3, 6], [1, 5, 7], [2, 4, 8]]",subset_exact,1.0,1.0,1.0,0.09832187834349396,0.00020213178673204494,-0.014217305888671206,"{""1"": 11}"
s1-i13,1,fa74b516a49e3479,"[[9, 10, 11], [0, 3, 6], [1, 5, 7], [2, 4, 8]]",subset_beam_8,1.0,1.0,1.0,0.09832187834349396,0.00020213178673204494,-0.014217305888671206,"{""1"": 11}"
s1-i13,1,fa74b516a49e3479,"[[9, 10, 11], [0, 3, 6], [1, 5, 7], [2, 4, 8]]",subset_beam_32,1.0,1.0,1.0,0.09832187834349396,0.00020213178673204494,-0.014217305888671206,"{""1"": 11}"
s1-i13,1,fa74b516a49e3479,"[[9, 10, 11], [0, 3, 6], [1, 5, 7], [2, 4, 8]]",saps_diagonal,1.0,1.0,1.0,0.09832187834349396,0.00020213178673204494,-0.014217305888671206,"{""1"": 11}"
s1-i13,1,fa74b516a49e3479,"[[9, 10, 11], [0, 3, 6], [1, 5, 7], [2, 4, 8]]",p_saps_residualized,1.0,1.0,1.0,0.09832187834349396,0.00020213178673204494,-0.014217305888671206,"{""1"": 11}"
s1-i13,1,fa74b516a49e3479,"[[9, 10, 11], [0, 3, 6], [1, 5, 7], [2, 4, 8]]",p_saps_projection,1.0,1.0,1.0,0.09832187834349396,0.00020213178673204494,-0.014217305888671206,"{""1"": 11}"
s1-i13,1,fa74b516a49e3479,"[[9, 10, 11], [0, 3, 6], [1, 5, 7], [2, 4, 8]]",b_saps_budgeted,1.0,1.0,1.0,0.09832187834349396,0.00020213178673204494,-0.014217305888671206,"{""1"": 11}"
s1-i13,1,fab3e3923f5b62f9,"[[9, 10, 11], [0, 3, 8], [1, 5, 7], [2, 4, 6]]",random_balanced,0.8340393530873356,0.8340393530873356,0.8340393530873356,0.24097355081691857,37.05024488111537,6.086891232896754,"{""1"": 9, ""2"": 2}"
s1-i13,1,8d22e2770e9af68e,"[[3, 4, 11], [1, 2, 6], [0, 7, 9], [5, 8, 10]]",confidence,0.936872189031452,0.936872189031452,0.936872189031452,0.26804862444220723,50.315945061653146,7.0933733203359,"{""1"": 10, ""2"": 1}"
s1-i13,1,c1300c4598fbdfa0,"[[2, 3, 4], [0, 6, 11], [1, 7, 10], [5, 8, 9]]",entropy,1.0,1.0,1.0,0.28466967854505804,57.53031272630894,7.584873942677554,"{""1"": 11}"
s1-i13,1,beb5d7e22f5630c0,"[[1, 6, 11], [4, 5, 8], [2, 3, 10], [0, 7, 9]]",dependency_cmi,1.0,1.0,1.0,0.28466967854505804,47.17254094054506,6.868226913879962,"{""1"": 11}"
s1-i13,1,b8c45993d15a65d5,"[[8, 9, 11], [5, 7, 10], [3, 4, 6], [0, 1, 2]]",min_within_batch_tc,0.8413082293600337,0.8413082293600337,0.8413082293600337,0.2428873885366462,19.52904161570861,4.419167525191663,"{""2"": 2, ""1"": 9}"
s1-i13,1,c24e4c616a375428,"[[1, 2, 3], [0, 4, 5], [6, 7, 8], [9, 10, 11]]",dprm_myopic,0.9087835335435568,0.9087835335435568,0.9087835335435568,0.26065310327051244,31.72053832694982,5.632098927304972,"{""1"": 10, ""2"": 1}"
s1-i13,1,c24e4c616a375428,"[[1, 2, 3], [0, 4, 5], [6, 7, 8], [9, 10, 11]]",dprm_rollout,0.9087835335435568,0.9087835335435568,0.9087835335435568,0.26065310327051244,31.72053832694982,5.632098927304972,"{""1"": 10, ""2"": 1}"
s1-i13,1,fa74b516a49e3479,"[[9, 10, 11], [0, 3, 6], [1, 5, 7], [2, 4, 8]]",subset_exact,1.0,1.0,1.0,0.28466967854505804,75.35757604704888,8.680874152241172,"{""1"": 11}"
s1-i13,1,fa74b516a49e3479,"[[9, 10, 11], [0, 3, 6], [1, 5, 7], [2, 4, 8]]",subset_beam_8,1.0,1.0,1.0,0.28466967854505804,75.35757604704888,8.680874152241172,"{""1"": 11}"
s1-i13,1,fa74b516a49e3479,"[[9, 10, 11], [0, 3, 6], [1, 5, 7], [2, 4, 8]]",subset_beam_32,1.0,1.0,1.0,0.28466967854505804,75.35757604704888,8.680874152241172,"{""1"": 11}"
s1-i13,1,fa74b516a49e3479,"[[9, 10, 11], [0, 3, 6], [1, 5, 7], [2, 4, 8]]",saps_diagonal,1.0,1.0,1.0,0.28466967854505804,75.35757604704888,8.680874152241172,"{""1"": 11}"
s1-i13,1,fa74b516a49e3479,"[[9, 10, 11], [0, 3, 6], [1, 5, 7], [2, 4, 8]]",p_saps_residualized,1.0,1.0,1.0,0.28466967854505804,75.35757604704888,8.680874152241172,"{""1"": 11}"
s1-i13,1,fa74b516a49e3479,"[[9, 10, 11], [0, 3, 6], [1, 5, 7], [2, 4, 8]]",p_saps_projection,1.0,1.0,1.0,0.28466967854505804,75.35757604704888,8.680874152241172,"{""1"": 11}"
s1-i13,1,fa74b516a49e3479,"[[9, 10, 11], [0, 3, 6], [1, 5, 7], [2, 4, 8]]",b_saps_budgeted,1.0,1.0,1.0,0.28466967854505804,75.35757604704888,8.680874152241172,"{""1"": 11}"
s1-i14,1,2516301160cf1942,"[[0, 1, 2, 3, 4, 5, 6, 7, 8, 9, 10, 11]]",random_balanced,0.0,0.0,0.0,2.953093001089847e-07,0.0,0.0,"{""3"": 1}"
s1-i14,1,2516301160cf1942,"[[0, 1, 2, 3, 4, 5, 6, 7, 8, 9, 10, 11]]",confidence,0.0,0.0,0.0,2.953093001089847e-07,0.0,0.0,"{""3"": 1}"
s1-i14,1,2516301160cf1942,"[[0, 1, 2, 3, 4, 5, 6, 7, 8, 9, 10, 11]]",entropy,0.0,0.0,0.0,2.953093001089847e-07,0.0,0.0,"{""3"": 1}"
s1-i14,1,2516301160cf1942,"[[0, 1, 2, 3, 4, 5, 6, 7, 8, 9, 10, 11]]",dependency_cmi,0.0,0.0,0.0,2.953093001089847e-07,0.0,0.0,"{""3"": 1}"
s1-i14,1,2516301160cf1942,"[[0, 1, 2, 3, 4, 5, 6, 7, 8, 9, 10, 11]]",min_within_batch_tc,0.0,0.0,0.0,2.953093001089847e-07,0.0,0.0,"{""3"": 1}"
s1-i14,1,2516301160cf1942,"[[0, 1, 2, 3, 4, 5, 6, 7, 8, 9, 10, 11]]",dprm_myopic,0.0,0.0,0.0,2.953093001089847e-07,0.0,0.0,"{""3"": 1}"
s1-i14,1,2516301160cf1942,"[[0, 1, 2, 3, 4, 5, 6, 7, 8, 9, 10, 11]]",dprm_rollout,0.0,0.0,0.0,2.953093001089847e-07,0.0,0.0,"{""3"": 1}"
s1-i14,1,2516301160cf1942,"[[0, 1, 2, 3, 4, 5, 6, 7, 8, 9, 10, 11]]",subset_exact,0.0,0.0,0.0,2.953093001089847e-07,0.0,0.0,"{""3"": 1}"
s1-i14,1,2516301160cf1942,"[[0, 1, 2, 3, 4, 5, 6, 7, 8, 9, 10, 11]]",subset_beam_8,0.0,0.0,0.0,2.953093001089847e-07,0.0,0.0,"{""3"": 1}"
s1-i14,1,2516301160cf1942,"[[0, 1, 2, 3, 4, 5, 6, 7, 8, 9, 10, 11]]",subset_beam_32,0.0,0.0,0.0,2.953093001089847e-07,0.0,0.0,"{""3"": 1}"
s1-i14,1,2516301160cf1942,"[[0, 1, 2, 3, 4, 5, 6, 7, 8, 9, 10, 11]]",saps_diagonal,0.0,0.0,0.0,2.953093001089847e-07,0.0,0.0,"{""3"": 1}"
s1-i14,1,2516301160cf1942,"[[0, 1, 2, 3, 4, 5, 6, 7, 8, 9, 10, 11]]",p_saps_residualized,0.0,0.0,0.0,2.953093001089847e-07,0.0,0.0,"{""3"": 1}"
s1-i14,1,2516301160cf1942,"[[0, 1, 2, 3, 4, 5, 6, 7, 8, 9, 10, 11]]",p_saps_projection,0.0,0.0,0.0,2.953093001089847e-07,0.0,0.0,"{""3"": 1}"
s1-i14,1,2516301160cf1942,"[[0, 1, 2, 3, 4, 5, 6, 7, 8, 9, 10, 11]]",b_saps_budgeted,0.0,0.0,0.0,2.953093001089847e-07,0.0,0.0,"{""3"": 1}"
s1-i14,1,2516301160cf1942,"[[0, 1, 2, 3, 4, 5, 6, 7, 8, 9, 10, 11]]",random_balanced,0.0,0.0,0.0,3.642180593392726e-05,0.0,0.0,"{""3"": 1}"
s1-i14,1,2516301160cf1942,"[[0, 1, 2, 3, 4, 5, 6, 7, 8, 9, 10, 11]]",confidence,0.0,0.0,0.0,3.642180593392726e-05,0.0,0.0,"{""3"": 1}"
s1-i14,1,2516301160cf1942,"[[0, 1, 2, 3, 4, 5, 6, 7, 8, 9, 10, 11]]",entropy,0.0,0.0,0.0,3.642180593392726e-05,0.0,0.0,"{""3"": 1}"
s1-i14,1,2516301160cf1942,"[[0, 1, 2, 3, 4, 5, 6, 7, 8, 9, 10, 11]]",dependency_cmi,0.0,0.0,0.0,3.642180593392726e-05,0.0,0.0,"{""3"": 1}"
s1-i14,1,2516301160cf1942,"[[0, 1, 2, 3, 4, 5, 6, 7, 8, 9, 10, 11]]",min_within_batch_tc,0.0,0.0,0.0,3.642180593392726e-05,0.0,0.0,"{""3"": 1}"
s1-i14,1,2516301160cf1942,"[[0, 1, 2, 3, 4, 5, 6, 7, 8, 9, 10, 11]]",dprm_myopic,0.0,0.0,0.0,3.642180593392726e-05,0.0,0.0,"{""3"": 1}"
s1-i14,1,2516301160cf1942,"[[0, 1, 2, 3, 4, 5, 6, 7, 8, 9, 10, 11]]",dprm_rollout,0.0,0.0,0.0,3.642180593392726e-05,0.0,0.0,"{""3"": 1}"
s1-i14,1,2516301160cf1942,"[[0, 1, 2, 3, 4, 5, 6, 7, 8, 9, 10, 11]]",subset_exact,0.0,0.0,0.0,3.642180593392726e-05,0.0,0.0,"{""3"": 1}"
s1-i14,1,2516301160cf1942,"[[0, 1, 2, 3, 4, 5, 6, 7, 8, 9, 10, 11]]",subset_beam_8,0.0,0.0,0.0,3.642180593392726e-05,0.0,0.0,"{""3"": 1}"
s1-i14,1,2516301160cf1942,"[[0, 1, 2, 3, 4, 5, 6, 7, 8, 9, 10, 11]]",subset_beam_32,0.0,0.0,0.0,3.642180593392726e-05,0.0,0.0,"{""3"": 1}"
s1-i14,1,2516301160cf1942,"[[0, 1, 2, 3, 4, 5, 6, 7, 8, 9, 10, 11]]",saps_diagonal,0.0,0.0,0.0,3.642180593392726e-05,0.0,0.0,"{""3"": 1}"
s1-i14,1,2516301160cf1942,"[[0, 1, 2, 3, 4, 5, 6, 7, 8, 9, 10, 11]]",p_saps_residualized,0.0,0.0,0.0,3.642180593392726e-05,0.0,0.0,"{""3"": 1}"
s1-i14,1,2516301160cf1942,"[[0, 1, 2, 3, 4, 5, 6, 7, 8, 9, 10, 11]]",p_saps_projection,0.0,0.0,0.0,3.642180593392726e-05,0.0,0.0,"{""3"": 1}"
s1-i14,1,2516301160cf1942,"[[0, 1, 2, 3, 4, 5, 6, 7, 8, 9, 10, 11]]",b_saps_budgeted,0.0,0.0,0.0,3.642180593392726e-05,0.0,0.0,"{""3"": 1}"
s1-i14,1,2516301160cf1942,"[[0, 1, 2, 3, 4, 5, 6, 7, 8, 9, 10, 11]]",random_balanced,0.0,0.0,0.0,0.000950496452247564,0.0,0.0,"{""3"": 1}"
s1-i14,1,2516301160cf1942,"[[0, 1, 2, 3, 4, 5, 6, 7, 8, 9, 10, 11]]",confidence,0.0,0.0,0.0,0.000950496452247564,0.0,0.0,"{""3"": 1}"
s1-i14,1,2516301160cf1942,"[[0, 1, 2, 3, 4, 5, 6, 7, 8, 9, 10, 11]]",entropy,0.0,0.0,0.0,0.000950496452247564,0.0,0.0,"{""3"": 1}"
s1-i14,1,2516301160cf1942,"[[0, 1, 2, 3, 4, 5, 6, 7, 8, 9, 10, 11]]",dependency_cmi,0.0,0.0,0.0,0.000950496452247564,0.0,0.0,"{""3"": 1}"
s1-i14,1,2516301160cf1942,"[[0, 1, 2, 3, 4, 5, 6, 7, 8, 9, 10, 11]]",min_within_batch_tc,0.0,0.0,0.0,0.000950496452247564,0.0,0.0,"{""3"": 1}"
s1-i14,1,2516301160cf1942,"[[0, 1, 2, 3, 4, 5, 6, 7, 8, 9, 10, 11]]",dprm_myopic,0.0,0.0,0.0,0.000950496452247564,0.0,0.0,"{""3"": 1}"
s1-i14,1,2516301160cf1942,"[[0, 1, 2, 3, 4, 5, 6, 7, 8, 9, 10, 11]]",dprm_rollout,0.0,0.0,0.0,0.000950496452247564,0.0,0.0,"{""3"": 1}"
s1-i14,1,2516301160cf1942,"[[0, 1, 2, 3, 4, 5, 6, 7, 8, 9, 10, 11]]",subset_exact,0.0,0.0,0.0,0.000950496452247564,0.0,0.0,"{""3"": 1}"
s1-i14,1,2516301160cf1942,"[[0, 1, 2, 3, 4, 5, 6, 7, 8, 9, 10, 11]]",subset_beam_8,0.0,0.0,0.0,0.000950496452247564,0.0,0.0,"{""3"": 1}"
s1-i14,1,2516301160cf1942,"[[0, 1, 2, 3, 4, 5, 6, 7, 8, 9, 10, 11]]",subset_beam_32,0.0,0.0,0.0,0.000950496452247564,0.0,0.0,"{""3"": 1}"
s1-i14,1,2516301160cf1942,"[[0, 1, 2, 3, 4, 5, 6, 7, 8, 9, 10, 11]]",saps_diagonal,0.0,0.0,0.0,0.000950496452247564,0.0,0.0,"{""3"": 1}"
s1-i14,1,2516301160cf1942,"[[0, 1, 2, 3, 4, 5, 6, 7, 8, 9, 10, 11]]",p_saps_residualized,0.0,0.0,0.0,0.000950496452247564,0.0,0.0,"{""3"": 1}"
s1-i14,1,2516301160cf1942,"[[0, 1, 2, 3, 4, 5, 6, 7, 8, 9, 10, 11]]",p_saps_projection,0.0,0.0,0.0,0.000950496452247564,0.0,0.0,"{""3"": 1}"
s1-i14,1,2516301160cf1942,"[[0, 1, 2, 3, 4, 5, 6, 7, 8, 9, 10, 11]]",b_saps_budgeted,0.0,0.0,0.0,0.000950496452247564,0.0,0.0,"{""3"": 1}"
s1-i14,1,7f9f6089ac0886c9,"[[2, 6, 7, 8, 10, 11], [0, 1, 3, 4, 5, 9]]",random_balanced,0.0,0.0,0.0,9.966672193000835e-05,0.0,0.0,"{""2"": 1}"
s1-i14,1,94ad7379f2a0c810,"[[1, 2, 4, 7, 8, 11], [0, 3, 5, 6, 9, 10]]",confidence,0.0,0.0,0.0,9.966672193000835e-05,0.0,0.0,"{""2"": 1}"
s1-i14,1,be4c0590a0a56edc,"[[0, 2, 4, 7, 8, 11], [1, 3, 5, 6, 9, 10]]",entropy,0.0,0.0,0.0,2.953093001089847e-07,0.0,0.0,"{""3"": 1}"
s1-i14,1,3f406689d23fc5d0,"[[0, 1, 2, 4, 5, 6], [3, 7, 8, 9, 10, 11]]",dependency_cmi,1.0,1.0,1.0,0.019933243911272918,0.0,0.0,"{""1"": 1}"
s1-i14,1,6491ed73a9df43d4,"[[0, 1, 5, 8, 10, 11], [2, 3, 4, 6, 7, 9]]",min_within_batch_tc,0.0,0.0,0.0,9.966672193000835e-05,1.0,1.0,"{""2"": 1}"
s1-i14,1,e9cfc841efeb34b9,"[[0, 1, 2, 3, 4, 6], [5, 7, 8, 9, 10, 11]]",dprm_myopic,0.0,0.0,0.0,2.953093001089847e-07,0.0,0.0,"{""3"": 1}"
s1-i14,1,e9cfc841efeb34b9,"[[0, 1, 2, 3, 4, 6], [5, 7, 8, 9, 10, 11]]",dprm_rollout,0.0,0.0,0.0,2.953093001089847e-07,0.0,0.0,"{""3"": 1}"
s1-i14,1,402389425420ed3a,"[[1, 2, 6, 7, 8, 10], [0, 3, 4, 5, 9, 11]]",subset_exact,1.0,1.0,1.0,0.019933243911272918,0.0,0.0,"{""1"": 1}"
s1-i14,1,402389425420ed3a,"[[1, 2, 6, 7, 8, 10], [0, 3, 4, 5, 9, 11]]",subset_beam_8,1.0,1.0,1.0,0.019933243911272918,0.0,0.0,"{""1"": 1}"
s1-i14,1,402389425420ed3a,"[[1, 2, 6, 7, 8, 10], [0, 3, 4, 5, 9, 11]]",subset_beam_32,1.0,1.0,1.0,0.019933243911272918,0.0,0.0,"{""1"": 1}"
s1-i14,1,402389425420ed3a,"[[1, 2, 6, 7, 8, 10], [0, 3, 4, 5, 9, 11]]",saps_diagonal,1.0,1.0,1.0,0.019933243911272918,0.0,0.0,"{""1"": 1}"
s1-i14,1,402389425420ed3a,"[[1, 2, 6, 7, 8, 10], [0, 3, 4, 5, 9, 11]]",p_saps_residualized,1.0,1.0,1.0,0.019933243911272918,0.0,0.0,"{""1"": 1}"
s1-i14,1,402389425420ed3a,"[[1, 2, 6, 7, 8, 10], [0, 3, 4, 5, 9, 11]]",p_saps_projection,1.0,1.0,1.0,0.019933243911272918,0.0,0.0,"{""1"": 1}"
s1-i14,1,402389425420ed3a,"[[1, 2, 6, 7, 8, 10], [0, 3, 4, 5, 9, 11]]",b_saps_budgeted,1.0,1.0,1.0,0.019933243911272918,0.0,0.0,"{""1"": 1}"
s1-i14,1,7f9f6089ac0886c9,"[[2, 6, 7, 8, 10, 11], [0, 1, 3, 4, 5, 9]]",random_balanced,0.0,0.0,0.0,0.002458367125419222,0.0,0.0,"{""2"": 1}"
s1-i14,1,94ad7379f2a0c810,"[[1, 2, 4, 7, 8, 11], [0, 3, 5, 6, 9, 10]]",confidence,0.0,0.0,0.0,0.002458367125419222,0.0,0.0,"{""2"": 1}"
s1-i14,1,be4c0590a0a56edc,"[[0, 2, 4, 7, 8, 11], [1, 3, 5, 6, 9, 10]]",entropy,0.0,0.0,0.0,3.642180593392726e-05,0.0,0.0,"{""3"": 1}"
s1-i14,1,3f406689d23fc5d0,"[[0, 1, 2, 4, 5, 6], [3, 7, 8, 9, 10, 11]]",dependency_cmi,1.0,1.0,1.0,0.09832187834349396,0.0,0.0,"{""1"": 1}"
s1-i14,1,6491ed73a9df43d4,"[[0, 1, 5, 8, 10, 11], [2, 3, 4, 6, 7, 9]]",min_within_batch_tc,0.0,0.0,0.0,0.002458367125419222,0.0,0.0,"{""2"": 1}"
s1-i14,1,e9cfc841efeb34b9,"[[0, 1, 2, 3, 4, 6], [5, 7, 8, 9, 10, 11]]",dprm_myopic,0.0,0.0,0.0,3.642180593392726e-05,0.0,0.0,"{""3"": 1}"
s1-i14,1,e9cfc841efeb34b9,"[[0, 1, 2, 3, 4, 6], [5, 7, 8, 9, 10, 11]]",dprm_rollout,0.0,0.0,0.0,3.642180593392726e-05,0.0,0.0,"{""3"": 1}"
s1-i14,1,402389425420ed3a,"[[1, 2, 6, 7, 8, 10], [0, 3, 4, 5, 9, 11]]",subset_exact,1.0,1.0,1.0,0.09832187834349396,0.0,0.0,"{""1"": 1}"
s1-i14,1,402389425420ed3a,"[[1, 2, 6, 7, 8, 10], [0, 3, 4, 5, 9, 11]]",subset_beam_8,1.0,1.0,1.0,0.09832187834349396,0.0,0.0,"{""1"": 1}"
s1-i14,1,402389425420ed3a,"[[1, 2, 6, 7, 8, 10], [0, 3, 4, 5, 9, 11]]",subset_beam_32,1.0,1.0,1.0,0.09832187834349396,0.0,0.0,"{""1"": 1}"
s1-i14,1,402389425420ed3a,"[[1, 2, 6, 7, 8, 10], [0, 3, 4, 5, 9, 11]]",saps_diagonal,1.0,1.0,1.0,0.09832187834349396,0.0,0.0,"{""1"": 1}"
s1-i14,1,402389425420ed3a,"[[1, 2, 6, 7, 8, 10], [0, 3, 4, 5, 9, 11]]",p_saps_residualized,1.0,1.0,1.0,0.09832187834349396,0.0,0.0,"{""1"": 1}"
s1-i14,1,402389425420ed3a,"[[1, 2, 6, 7, 8, 10], [0, 3, 4, 5, 9, 11]]",p_saps_projection,1.0,1.0,1.0,0.09832187834349396,0.0,0.0,"{""1"": 1}"
s1-i14,1,402389425420ed3a,"[[1, 2, 6, 7, 8, 10], [0, 3, 4, 5, 9, 11]]",b_saps_budgeted,1.0,1.0,1.0,0.09832187834349396,0.0,0.0,"{""1"": 1}"
s1-i14,1,7f9f6089ac0886c9,"[[2, 6, 7, 8, 10, 11], [0, 1, 3, 4, 5, 9]]",random_balanced,0.0,0.0,0.0,0.02137757562180163,0.0,0.0,"{""2"": 1}"
s1-i14,1,94ad7379f2a0c810,"[[1, 2, 4, 7, 8, 11], [0, 3, 5, 6, 9, 10]]",confidence,0.0,0.0,0.0,0.02137757562180163,0.0,0.0,"{""2"": 1}"
s1-i14,1,be4c0590a0a56edc,"[[0, 2, 4, 7, 8, 11], [1, 3, 5, 6, 9, 10]]",entropy,0.0,0.0,0.0,0.000950496452247564,0.0,0.0,"{""3"": 1}"
s1-i14,1,3f406689d23fc5d0,"[[0, 1, 2, 4, 5, 6], [3, 7, 8, 9, 10, 11]]",dependency_cmi,1.0,1.0,1.0,0.28466967854505804,0.0,0.0,"{""1"": 1}"
s1-i14,1,6491ed73a9df43d4,"[[0, 1, 5, 8, 10, 11], [2, 3, 4, 6, 7, 9]]",min_within_batch_tc,0.0,0.0,0.0,0.02137757562180163,0.0,0.0,"{""2"": 1}"
s1-i14,1,e9cfc841efeb34b9,"[[0, 1, 2, 3, 4, 6], [5, 7, 8, 9, 10, 11]]",dprm_myopic,0.0,0.0,0.0,0.000950496452247564,0.0,0.0,"{""3"": 1}"
s1-i14,1,e9cfc841efeb34b9,"[[0, 1, 2, 3, 4, 6], [5, 7, 8, 9, 10, 11]]",dprm_rollout,0.0,0.0,0.0,0.000950496452247564,0.0,0.0,"{""3"": 1}"
s1-i14,1,402389425420ed3a,"[[1, 2, 6, 7, 8, 10], [0, 3, 4, 5, 9, 11]]",subset_exact,1.0,1.0,1.0,0.28466967854505804,0.0,0.0,"{""1"": 1}"
s1-i14,1,402389425420ed3a,"[[1, 2, 6, 7, 8, 10], [0, 3, 4, 5, 9, 11]]",subset_beam_8,1.0,1.0,1.0,0.28466967854505804,0.0,0.0,"{""1"": 1}"
s1-i14,1,402389425420ed3a,"[[1, 2, 6, 7, 8, 10], [0, 3, 4, 5, 9, 11]]",subset_beam_32,1.0,1.0,1.0,0.28466967854505804,0.0,0.0,"{""1"": 1}"
s1-i14,1,402389425420ed3a,"[[1, 2, 6, 7, 8, 10], [0, 3, 4, 5, 9, 11]]",saps_diagonal,1.0,1.0,1.0,0.28466967854505804,0.0,0.0,"{""1"": 1}"
s1-i14,1,402389425420ed3a,"[[1, 2, 6, 7, 8, 10], [0, 3, 4, 5, 9, 11]]",p_saps_residualized,1.0,1.0,1.0,0.28466967854505804,0.0,0.0,"{""1"": 1}"
s1-i14,1,402389425420ed3a,"[[1, 2, 6, 7, 8, 10], [0, 3, 4, 5, 9, 11]]",p_saps_projection,1.0,1.0,1.0,0.28466967854505804,0.0,0.0,"{""1"": 1}"
s1-i14,1,402389425420ed3a,"[[1, 2, 6, 7, 8, 10], [0, 3, 4, 5, 9, 11]]",b_saps_budgeted,1.0,1.0,1.0,0.28466967854505804,0.0,0.0,"{""1"": 1}"
s1-i14,1,48610e997b47b84c,"[[2, 7, 10, 11], [3, 5, 6, 8], [0, 1, 4, 9]]",random_balanced,1.0,1.0,1.0,0.019933243911272918,0.0,0.0,"{""1"": 1}"
s1-i14,1,6a5578d4680e2422,"[[2, 4, 7, 11], [1, 6, 8, 9], [0, 3, 5, 10]]",confidence,1.0,1.0,1.0,0.019933243911272918,0.0,0.0,"{""1"": 1}"
s1-i14,1,e5a8cbcd9fc9ab98,"[[2, 4, 7, 11], [0, 1, 6, 8], [3, 5, 9, 10]]",entropy,1.0,1.0,1.0,0.019933243911272918,0.0,0.0,"{""1"": 1}"
s1-i14,1,3bd490b2e8f5a9b0,"[[0, 1, 2, 5], [3, 4, 6, 11], [7, 8, 9, 10]]",dependency_cmi,0.0,0.0,0.0,9.966672193000835e-05,1.0,1.0,"{""2"": 1}"
s1-i14,1,07d41cca1414b399,"[[0, 1, 5, 6], [4, 7, 8, 9], [2, 3, 10, 11]]",min_within_batch_tc,1.0,1.0,1.0,0.019933243911272918,0.0,0.0,"{""1"": 1}"
s1-i14,1,6b244f0bb825312d,"[[0, 1, 3, 6], [2, 4, 5, 7], [8, 9, 10, 11]]",dprm_myopic,0.0,0.0,0.0,2.953093001089847e-07,0.0,0.0,"{""3"": 1}"
s1-i14,1,6b244f0bb825312d,"[[0, 1, 3, 6], [2, 4, 5, 7], [8, 9, 10, 11]]",dprm_rollout,0.0,0.0,0.0,2.953093001089847e-07,0.0,0.0,"{""3"": 1}"
s1-i14,1,48610e997b47b84c,"[[2, 7, 10, 11], [3, 5, 6, 8], [0, 1, 4, 9]]",subset_exact,1.0,1.0,1.0,0.019933243911272918,0.0,0.0,"{""1"": 1}"
s1-i14,1,48610e997b47b84c,"[[2, 7, 10, 11], [3, 5, 6, 8], [0, 1, 4, 9]]",subset_beam_8,1.0,1.0,1.0,0.019933243911272918,0.0,0.0,"{""1"": 1}"
s1-i14,1,48610e997b47b84c,"[[2, 7, 10, 11], [3, 5, 6, 8], [0, 1, 4, 9]]",subset_beam_32,1.0,1.0,1.0,0.019933243911272918,0.0,0.0,"{""1"": 1}"
s1-i14,1,48610e997b47b84c,"[[2, 7, 10, 11], [3, 5, 6, 8], [0, 1, 4, 9]]",saps_diagonal,1.0,1.0,1.0,0.019933243911272918,0.0,0.0,"{""1"": 1}"
s1-i14,1,48610e997b47b84c,"[[2, 7, 10, 11], [3, 5, 6, 8], [0, 1, 4, 9]]",p_saps_residualized,1.0,1.0,1.0,0.019933243911272918,0.0,0.0,"{""1"": 1}"
s1-i14,1,48610e997b47b84c,"[[2, 7, 10, 11], [3, 5, 6, 8], [0, 1, 4, 9]]",p_saps_projection,1.0,1.0,1.0,0.019933243911272918,0.0,0.0,"{""1"": 1}"
s1-i14,1,48610e997b47b84c,"[[2, 7, 10, 11], [3, 5, 6, 8], [0, 1, 4, 9]]",b_saps_budgeted,1.0,1.0,1.0,0.019933243911272918,0.0,0.0,"{""1"": 1}"
s1-i14,1,48610e997b47b84c,"[[2, 7, 10, 11], [3, 5, 6, 8], [0, 1, 4, 9]]",random_balanced,1.0,1.0,1.0,0.09832187834349396,0.0,0.0,"{""1"": 1}"
s1-i14,1,6a5578d4680e2422,"[[2, 4, 7, 11], [1, 6, 8, 9], [0, 3, 5, 10]]",confidence,1.0,1.0,1.0,0.09832187834349396,0.0,0.0,"{""1"": 1}"
s1-i14,1,e5a8cbcd9fc9ab98,"[[2, 4, 7, 11], [0, 1, 6, 8], [3, 5, 9, 10]]",entropy,1.0,1.0,1.0,0.09832187834349396,0.0,0.0,"{""1"": 1}"
s1-i14,1,3bd490b2e8f5a9b0,"[[0, 1, 2, 5], [3, 4, 6, 11], [7, 8, 9, 10]]",dependency_cmi,0.0,0.0,0.0,0.002458367125419222,0.0,0.0,"{""2"": 1}"
s1-i14,1,07d41cca1414b399,"[[0, 1, 5, 6], [4, 7, 8, 9], [2, 3, 10, 11]]",min_within_batch_tc,1.0,1.0,1.0,0.09832187834349396,0.0,0.0,"{""1"": 1}"
s1-i14,1,6b244f0bb825312d,"[[0, 1, 3, 6], [2, 4, 5, 7], [8, 9, 10, 11]]",dprm_myopic,0.0,0.0,0.0,3.642180593392726e-05,0.0,0.0,"{""3"": 1}"
s1-i14,1,6b244f0bb825312d,"[[0, 1, 3, 6], [2, 4, 5, 7], [8, 9, 10, 11]]",dprm_rollout,0.0,0.0,0.0,3.642180593392726e-05,0.0,0.0,"{""3"": 1}"
s1-i14,1,48610e997b47b84c,"[[2, 7, 10, 11], [3, 5, 6, 8], [0, 1, 4, 9]]",subset_exact,1.0,1.0,1.0,0.09832187834349396,0.0,0.0,"{""1"": 1}"
s1-i14,1,48610e997b47b84c,"[[2, 7, 10, 11], [3, 5, 6, 8], [0, 1, 4, 9]]",subset_beam_8,1.0,1.0,1.0,0.09832187834349396,0.0,0.0,"{""1"": 1}"
s1-i14,1,48610e997b47b84c,"[[2, 7, 10, 11], [3, 5, 6, 8], [0, 1, 4, 9]]",subset_beam_32,1.0,1.0,1.0,0.09832187834349396,0.0,0.0,"{""1"": 1}"
s1-i14,1,48610e997b47b84c,"[[2, 7, 10, 11], [3, 5, 6, 8], [0, 1, 4, 9]]",saps_diagonal,1.0,1.0,1.0,0.09832187834349396,0.0,0.0,"{""1"": 1}"
s1-i14,1,48610e997b47b84c,"[[2, 7, 10, 11], [3, 5, 6, 8], [0, 1, 4, 9]]",p_saps_residualized,1.0,1.0,1.0,0.09832187834349396,0.0,0.0,"{""1"": 1}"
s1-i14,1,48610e997b47b84c,"[[2, 7, 10, 11], [3, 5, 6, 8], [0, 1, 4, 9]]",p_saps_projection,1.0,1.0,1.0,0.09832187834349396,0.0,0.0,"{""1"": 1}"
s1-i14,1,48610e997b47b84c,"[[2, 7, 10, 11], [3, 5, 6, 8], [0, 1, 4, 9]]",b_saps_budgeted,1.0,1.0,1.0,0.09832187834349396,0.0,0.0,"{""1"": 1}"
s1-i14,1,48610e997b47b84c,"[[2, 7, 10, 11], [3, 5, 6, 8], [0, 1, 4, 9]]",random_balanced,1.0,1.0,1.0,0.28466967854505804,0.0,0.0,"{""1"": 1}"
s1-i14,1,6a5578d4680e2422,"[[2, 4, 7, 11], [1, 6, 8, 9], [0, 3, 5, 10]]",confidence,1.0,1.0,1.0,0.28466967854505804,0.0,0.0,"{""1"": 1}"
s1-i14,1,e5a8cbcd9fc9ab98,"[[2, 4, 7, 11], [0, 1, 6, 8], [3, 5, 9, 10]]",entropy,1.0,1.0,1.0,0.28466967854505804,0.0,0.0,"{""1"": 1}"
s1-i14,1,3bd490b2e8f5a9b0,"[[0, 1, 2, 5], [3, 4, 6, 11], [7, 8, 9, 10]]",dependency_cmi,0.0,0.0,0.0,0.02137757562180163,0.0,0.0,"{""2"": 1}"
s1-i14,1,07d41cca1414b399,"[[0, 1, 5, 6], [4, 7, 8, 9], [2, 3, 10, 11]]",min_within_batch_tc,1.0,1.0,1.0,0.28466967854505804,0.0,0.0,"{""1"": 1}"
s1-i14,1,6b244f0bb825312d,"[[0, 1, 3, 6], [2, 4, 5, 7], [8, 9, 10, 11]]",dprm_myopic,0.0,0.0,0.0,0.000950496452247564,0.0,0.0,"{""3"": 1}"
s1-i14,1,6b244f0bb825312d,"[[0, 1, 3, 6], [2, 4, 5, 7], [8, 9, 10, 11]]",dprm_rollout,0.0,0.0,0.0,0.000950496452247564,0.0,0.0,"{""3"": 1}"
s1-i14,1,48610e997b47b84c,"[[2, 7, 10, 11], [3, 5, 6, 8], [0, 1, 4, 9]]",subset_exact,1.0,1.0,1.0,0.28466967854505804,0.0,0.0,"{""1"": 1}"
s1-i14,1,48610e997b47b84c,"[[2, 7, 10, 11], [3, 5, 6, 8], [0, 1, 4, 9]]",subset_beam_8,1.0,1.0,1.0,0.28466967854505804,0.0,0.0,"{""1"": 1}"
s1-i14,1,48610e997b47b84c,"[[2, 7, 10, 11], [3, 5, 6, 8], [0, 1, 4, 9]]",subset_beam_32,1.0,1.0,1.0,0.28466967854505804,0.0,0.0,"{""1"": 1}"
s1-i14,1,48610e997b47b84c,"[[2, 7, 10, 11], [3, 5, 6, 8], [0, 1, 4, 9]]",saps_diagonal,1.0,1.0,1.0,0.28466967854505804,0.0,0.0,"{""1"": 1}"
s1-i14,1,48610e997b47b84c,"[[2, 7, 10, 11], [3, 5, 6, 8], [0, 1, 4, 9]]",p_saps_residualized,1.0,1.0,1.0,0.28466967854505804,0.0,0.0,"{""1"": 1}"
s1-i14,1,48610e997b47b84c,"[[2, 7, 10, 11], [3, 5, 6, 8], [0, 1, 4, 9]]",p_saps_projection,1.0,1.0,1.0,0.28466967854505804,0.0,0.0,"{""1"": 1}"
s1-i14,1,48610e997b47b84c,"[[2, 7, 10, 11], [3, 5, 6, 8], [0, 1, 4, 9]]",b_saps_budgeted,1.0,1.0,1.0,0.28466967854505804,0.0,0.0,"{""1"": 1}"
s1-i14,1,fc34823515758bfb,"[[2, 10, 11], [6, 7, 8], [1, 3, 5], [0, 4, 9]]",random_balanced,0.0,0.0,0.0,9.966672193000835e-05,0.0,0.0,"{""2"": 1}"
s1-i14,1,5afff1afd1f9ec5f,"[[2, 4, 11], [1, 7, 8], [3, 6, 9], [0, 5, 10]]",confidence,0.0,0.0,0.0,9.966672193000835e-05,0.0,0.0,"{""2"": 1}"
s1-i14,1,a3563a9734e48eac,"[[2, 4, 11], [0, 7, 8], [1, 6, 9], [3, 5, 10]]",entropy,1.0,1.0,1.0,0.019933243911272918,0.0,0.0,"{""1"": 1}"
s1-i14,1,e055a03004cd66a1,"[[0, 1, 2], [4, 5, 6], [3, 8, 9], [7, 10, 11]]",dependency_cmi,1.0,1.0,1.0,0.019933243911272918,0.0,0.0,"{""1"": 1}"
s1-i14,1,27e338d44b5778c6,"[[0, 1, 2], [4, 5, 6], [7, 8, 9], [3, 10, 11]]",min_within_batch_tc,1.0,1.0,1.0,0.019933243911272918,0.0,0.0,"{""1"": 1}"
s1-i14,1,97e05c292f5b4b78,"[[1, 3, 6], [0, 2, 4], [5, 7, 8], [9, 10, 11]]",dprm_myopic,0.0,0.0,0.0,2.953093001089847e-07,0.0,0.0,"{""3"": 1}"
s1-i14,1,97e05c292f5b4b78,"[[1, 3, 6], [0, 2, 4], [5, 7, 8], [9, 10, 11]]",dprm_rollout,0.0,0.0,0.0,2.953093001089847e-07,0.0,0.0,"{""3"": 1}"
s1-i14,1,8802c8d3a5722d18,"[[1, 2, 10], [6, 7, 8], [3, 5, 11], [0, 4, 9]]",subset_exact,1.0,1.0,1.0,0.019933243911272918,0.0,0.0,"{""1"": 1}"
s1-i14,1,8802c8d3a5722d18,"[[1, 2, 10], [6, 7, 8], [3, 5, 11], [0, 4, 9]]",subset_beam_8,1.0,1.0,1.0,0.019933243911272918,0.0,0.0,"{""1"": 1}"
s1-i14,1,8802c8d3a5722d18,"[[1, 2, 10], [6, 7, 8], [3, 5, 11], [0, 4, 9]]",subset_beam_32,1.0,1.0,1.0,0.019933243911272918,0.0,0.0,"{""1"": 1}"
s1-i14,1,8802c8d3a5722d18,"[[1, 2, 10], [6, 7, 8], [3, 5, 11], [0, 4, 9]]",saps_diagonal,1.0,1.0,1.0,0.019933243911272918,0.0,0.0,"{""1"": 1}"
s1-i14,1,8802c8d3a5722d18,"[[1, 2, 10], [6, 7, 8], [3, 5, 11], [0, 4, 9]]",p_saps_residualized,1.0,1.0,1.0,0.019933243911272918,0.0,0.0,"{""1"": 1}"
s1-i14,1,8802c8d3a5722d18,"[[1, 2, 10], [6, 7, 8], [3, 5, 11], [0, 4, 9]]",p_saps_projection,1.0,1.0,1.0,0.019933243911272918,0.0,0.0,"{""1"": 1}"
s1-i14,1,8802c8d3a5722d18,"[[1, 2, 10], [6, 7, 8], [3, 5, 11], [0, 4, 9]]",b_saps_budgeted,1.0,1.0,1.0,0.019933243911272918,0.0,0.0,"{""1"": 1}"
s1-i14,1,fc34823515758bfb,"[[2, 10, 11], [6, 7, 8], [1, 3, 5], [0, 4, 9]]",random_balanced,0.0,0.0,0.0,0.002458367125419222,0.0,0.0,"{""2"": 1}"
s1-i14,1,5afff1afd1f9ec5f,"[[2, 4, 11], [1, 7, 8], [3, 6, 9], [0, 5, 10]]",confidence,0.0,0.0,0.0,0.002458367125419222,0.0,0.0,"{""2"": 1}"
s1-i14,1,a3563a9734e48eac,"[[2, 4, 11], [0, 7, 8], [1, 6, 9], [3, 5, 10]]",entropy,1.0,1.0,1.0,0.09832187834349396,0.0,0.0,"{""1"": 1}"
s1-i14,1,e055a03004cd66a1,"[[0, 1, 2], [4, 5, 6], [3, 8, 9], [7, 10, 11]]",dependency_cmi,1.0,1.0,1.0,0.09832187834349396,0.0,0.0,"{""1"": 1}"
s1-i14,1,27e338d44b5778c6,"[[0, 1, 2], [4, 5, 6], [7, 8, 9], [3, 10, 11]]",min_within_batch_tc,1.0,1.0,1.0,0.09832187834349396,0.0,0.0,"{""1"": 1}"
s1-i14,1,97e05c292f5b4b78,"[[1, 3, 6], [0, 2, 4], [5, 7, 8], [9, 10, 11]]",dprm_myopic,0.0,0.0,0.0,3.642180593392726e-05,0.0,0.0,"{""3"": 1}"
s1-i14,1,97e05c292f5b4b78,"[[1, 3, 6], [0, 2, 4], [5, 7, 8], [9, 10, 11]]",dprm_rollout,0.0,0.0,0.0,3.642180593392726e-05,0.0,0.0,"{""3"": 1}"
s1-i14,1,8802c8d3a5722d18,"[[1, 2, 10], [6, 7, 8], [3, 5, 11], [0, 4, 9]]",subset_exact,1.0,1.0,1.0,0.09832187834349396,0.0,0.0,"{""1"": 1}"
s1-i14,1,8802c8d3a5722d18,"[[1, 2, 10], [6, 7, 8], [3, 5, 11], [0, 4, 9]]",subset_beam_8,1.0,1.0,1.0,0.09832187834349396,0.0,0.0,"{""1"": 1}"
s1-i14,1,8802c8d3a5722d18,"[[1, 2, 10], [6, 7, 8], [3, 5, 11], [0, 4, 9]]",subset_beam_32,1.0,1.0,1.0,0.09832187834349396,0.0,0.0,"{""1"": 1}"
s1-i14,1,8802c8d3a5722d18,"[[1, 2, 10], [6, 7, 8], [3, 5, 11], [0, 4, 9]]",saps_diagonal,1.0,1.0,1.0,0.09832187834349396,0.0,0.0,"{""1"": 1}"
s1-i14,1,8802c8d3a5722d18,"[[1, 2, 10], [6, 7, 8], [3, 5, 11], [0, 4, 9]]",p_saps_residualized,1.0,1.0,1.0,0.09832187834349396,0.0,0.0,"{""1"": 1}"
s1-i14,1,8802c8d3a5722d18,"[[1, 2, 10], [6, 7, 8], [3, 5, 11], [0, 4, 9]]",p_saps_projection,1.0,1.0,1.0,0.09832187834349396,0.0,0.0,"{""1"": 1}"
s1-i14,1,8802c8d3a5722d18,"[[1, 2, 10], [6, 7, 8], [3, 5, 11], [0, 4, 9]]",b_saps_budgeted,1.0,1.0,1.0,0.09832187834349396,0.0,0.0,"{""1"": 1}"
s1-i14,1,fc34823515758bfb,"[[2, 10, 11], [6, 7, 8], [1, 3, 5], [0, 4, 9]]",random_balanced,0.0,0.0,0.0,0.02137757562180163,0.0,0.0,"{""2"": 1}"
s1-i14,1,5afff1afd1f9ec5f,"[[2, 4, 11], [1, 7, 8], [3, 6, 9], [0, 5, 10]]",confidence,0.0,0.0,0.0,0.02137757562180163,1.0,-1.0,"{""2"": 1}"
s1-i14,1,a3563a9734e48eac,"[[2, 4, 11], [0, 7, 8], [1, 6, 9], [3, 5, 10]]",entropy,1.0,1.0,1.0,0.28466967854505804,0.0,0.0,"{""1"": 1}"
s1-i14,1,e055a03004cd66a1,"[[0, 1, 2], [4, 5, 6], [3, 8, 9], [7, 10, 11]]",dependency_cmi,1.0,1.0,1.0,0.28466967854505804,0.0,0.0,"{""1"": 1}"
s1-i14,1,27e338d44b5778c6,"[[0, 1, 2], [4, 5, 6], [7, 8, 9], [3, 10, 11]]",min_within_batch_tc,1.0,1.0,1.0,0.28466967854505804,0.0,0.0,"{""1"": 1}"
s1-i14,1,97e05c292f5b4b78,"[[1, 3, 6], [0, 2, 4], [5, 7, 8], [9, 10, 11]]",dprm_myopic,0.0,0.0,0.0,0.000950496452247564,0.0,0.0,"{""3"": 1}"
s1-i14,1,97e05c292f5b4b78,"[[1, 3, 6], [0, 2, 4], [5, 7, 8], [9, 10, 11]]",dprm_rollout,0.0,0.0,0.0,0.000950496452247564,0.0,0.0,"{""3"": 1}"
s1-i14,1,8802c8d3a5722d18,"[[1, 2, 10], [6, 7, 8], [3, 5, 11], [0, 4, 9]]",subset_exact,1.0,1.0,1.0,0.28466967854505804,0.0,0.0,"{""1"": 1}"
s1-i14,1,8802c8d3a5722d18,"[[1, 2, 10], [6, 7, 8], [3, 5, 11], [0, 4, 9]]",subset_beam_8,1.0,1.0,1.0,0.28466967854505804,0.0,0.0,"{""1"": 1}"
s1-i14,1,8802c8d3a5722d18,"[[1, 2, 10], [6, 7, 8], [3, 5, 11], [0, 4, 9]]",subset_beam_32,1.0,1.0,1.0,0.28466967854505804,0.0,0.0,"{""1"": 1}"
s1-i14,1,8802c8d3a5722d18,"[[1, 2, 10], [6, 7, 8], [3, 5, 11], [0, 4, 9]]",saps_diagonal,1.0,1.0,1.0,0.28466967854505804,0.0,0.0,"{""1"": 1}"
s1-i14,1,8802c8d3a5722d18,"[[1, 2, 10], [6, 7, 8], [3, 5, 11], [0, 4, 9]]",p_saps_residualized,1.0,1.0,1.0,0.28466967854505804,0.0,0.0,"{""1"": 1}"
s1-i14,1,8802c8d3a5722d18,"[[1, 2, 10], [6, 7, 8], [3, 5, 11], [0, 4, 9]]",p_saps_projection,1.0,1.0,1.0,0.28466967854505804,0.0,0.0,"{""1"": 1}"
s1-i14,1,8802c8d3a5722d18,"[[1, 2, 10], [6, 7, 8], [3, 5, 11], [0, 4, 9]]",b_saps_budgeted,1.0,1.0,1.0,0.28466967854505804,0.0,0.0,"{""1"": 1}"
s1-i15,1,2516301160cf1942,"[[0, 1, 2, 3, 4, 5, 6, 7, 8, 9, 10, 11]]",random_balanced,0.0032113405962947835,0.0032113405962947835,0.0032113405962947835,6.401243640542938e-05,0.0,0.0,"{""1"": 12, ""5"": 1}"
s1-i15,1,2516301160cf1942,"[[0, 1, 2, 3, 4, 5, 6, 7, 8, 9, 10, 11]]",confidence,0.0032113405962947835,0.0032113405962947835,0.0032113405962947835,6.401243640542938e-05,0.0,0.0,"{""1"": 12, ""5"": 1}"
s1-i15,1,2516301160cf1942,"[[0, 1, 2, 3, 4, 5, 6, 7, 8, 9, 10, 11]]",entropy,0.0032113405962947835,0.0032113405962947835,0.0032113405962947835,6.401243640542938e-05,0.0,0.0,"{""1"": 12, ""5"": 1}"
s1-i15,1,2516301160cf1942,"[[0, 1, 2, 3, 4, 5, 6, 7, 8, 9, 10, 11]]",dependency_cmi,0.0032113405962947835,0.0032113405962947835,0.0032113405962947835,6.401243640542938e-05,0.0,0.0,"{""1"": 12, ""5"": 1}"
s1-i15,1,2516301160cf1942,"[[0, 1, 2, 3, 4, 5, 6, 7, 8, 9, 10, 11]]",min_within_batch_tc,0.0032113405962947835,0.0032113405962947835,0.0032113405962947835,6.401243640542938e-05,0.0,0.0,"{""1"": 12, ""5"": 1}"
s1-i15,1,2516301160cf1942,"[[0, 1, 2, 3, 4, 5, 6, 7, 8, 9, 10, 11]]",dprm_myopic,0.0032113405962947835,0.0032113405962947835,0.0032113405962947835,6.401243640542938e-05,0.0,0.0,"{""1"": 12, ""5"": 1}"
s1-i15,1,2516301160cf1942,"[[0, 1, 2, 3, 4, 5, 6, 7, 8, 9, 10, 11]]",dprm_rollout,0.0032113405962947835,0.0032113405962947835,0.0032113405962947835,6.401243640542938e-05,0.0,0.0,"{""1"": 12, ""5"": 1}"
s1-i15,1,2516301160cf1942,"[[0, 1, 2, 3, 4, 5, 6, 7, 8, 9, 10, 11]]",subset_exact,0.0032113405962947835,0.0032113405962947835,0.0032113405962947835,6.401243640542938e-05,0.0,0.0,"{""1"": 12, ""5"": 1}"
s1-i15,1,2516301160cf1942,"[[0, 1, 2, 3, 4, 5, 6, 7, 8, 9, 10, 11]]",subset_beam_8,0.0032113405962947835,0.0032113405962947835,0.0032113405962947835,6.401243640542938e-05,0.0,0.0,"{""1"": 12, ""5"": 1}"
s1-i15,1,2516301160cf1942,"[[0, 1, 2, 3, 4, 5, 6, 7, 8, 9, 10, 11]]",subset_beam_32,0.0032113405962947835,0.0032113405962947835,0.0032113405962947835,6.401243640542938e-05,0.0,0.0,"{""1"": 12, ""5"": 1}"
s1-i15,1,2516301160cf1942,"[[0, 1, 2, 3, 4, 5, 6, 7, 8, 9, 10, 11]]",saps_diagonal,0.0032113405962947835,0.0032113405962947835,0.0032113405962947835,6.401243640542938e-05,0.0,0.0,"{""1"": 12, ""5"": 1}"
s1-i15,1,2516301160cf1942,"[[0, 1, 2, 3, 4, 5, 6, 7, 8, 9, 10, 11]]",p_saps_residualized,0.0032113405962947835,0.0032113405962947835,0.0032113405962947835,6.401243640542938e-05,0.0,0.0,"{""1"": 12, ""5"": 1}"
s1-i15,1,2516301160cf1942,"[[0, 1, 2, 3, 4, 5, 6, 7, 8, 9, 10, 11]]",p_saps_projection,0.0032113405962947835,0.0032113405962947835,0.0032113405962947835,6.401243640542938e-05,0.0,0.0,"{""1"": 12, ""5"": 1}"
s1-i15,1,2516301160cf1942,"[[0, 1, 2, 3, 4, 5, 6, 7, 8, 9, 10, 11]]",b_saps_budgeted,0.0032113405962947835,0.0032113405962947835,0.0032113405962947835,6.401243640542938e-05,0.0,0.0,"{""1"": 12, ""5"": 1}"
s1-i15,1,2516301160cf1942,"[[0, 1, 2, 3, 4, 5, 6, 7, 8, 9, 10, 11]]",random_balanced,0.0032113405962947835,0.0032113405962947835,0.0032113405962947835,0.0003157481762729404,0.9687309367922551,-0.984241300084616,"{""1"": 12, ""5"": 1}"
s1-i15,1,2516301160cf1942,"[[0, 1, 2, 3, 4, 5, 6, 7, 8, 9, 10, 11]]",confidence,0.0032113405962947835,0.0032113405962947835,0.0032113405962947835,0.0003157481762729404,0.9687309367922551,-0.984241300084616,"{""1"": 12, ""5"": 1}"
s1-i15,1,2516301160cf1942,"[[0, 1, 2, 3, 4, 5, 6, 7, 8, 9, 10, 11]]",entropy,0.0032113405962947835,0.0032113405962947835,0.0032113405962947835,0.0003157481762729404,0.9687309367922551,-0.984241300084616,"{""1"": 12, ""5"": 1}"
s1-i15,1,2516301160cf1942,"[[0, 1, 2, 3, 4, 5, 6, 7, 8, 9, 10, 11]]",dependency_cmi,0.0032113405962947835,0.0032113405962947835,0.0032113405962947835,0.0003157481762729404,0.9687309367922551,-0.984241300084616,"{""1"": 12, ""5"": 1}"
s1-i15,1,2516301160cf1942,"[[0, 1, 2, 3, 4, 5, 6, 7, 8, 9, 10, 11]]",min_within_batch_tc,0.0032113405962947835,0.0032113405962947835,0.0032113405962947835,0.0003157481762729404,0.9687309367922551,-0.984241300084616,"{""1"": 12, ""5"": 1}"
s1-i15,1,2516301160cf1942,"[[0, 1, 2, 3, 4, 5, 6, 7, 8, 9, 10, 11]]",dprm_myopic,0.0032113405962947835,0.0032113405962947835,0.0032113405962947835,0.0003157481762729404,0.9687309367922551,-0.984241300084616,"{""1"": 12, ""5"": 1}"
s1-i15,1,2516301160cf1942,"[[0, 1, 2, 3, 4, 5, 6, 7, 8, 9, 10, 11]]",dprm_rollout,0.0032113405962947835,0.0032113405962947835,0.0032113405962947835,0.0003157481762729404,0.9687309367922551,-0.984241300084616,"{""1"": 12, ""5"": 1}"
s1-i15,1,2516301160cf1942,"[[0, 1, 2, 3, 4, 5, 6, 7, 8, 9, 10, 11]]",subset_exact,0.0032113405962947835,0.0032113405962947835,0.0032113405962947835,0.0003157481762729404,0.9687309367922551,-0.984241300084616,"{""1"": 12, ""5"": 1}"
s1-i15,1,2516301160cf1942,"[[0, 1, 2, 3, 4, 5, 6, 7, 8, 9, 10, 11]]",subset_beam_8,0.0032113405962947835,0.0032113405962947835,0.0032113405962947835,0.0003157481762729404,0.9687309367922551,-0.984241300084616,"{""1"": 12, ""5"": 1}"
s1-i15,1,2516301160cf1942,"[[0, 1, 2, 3, 4, 5, 6, 7, 8, 9, 10, 11]]",subset_beam_32,0.0032113405962947835,0.0032113405962947835,0.0032113405962947835,0.0003157481762729404,0.9687309367922551,-0.984241300084616,"{""1"": 12, ""5"": 1}"
s1-i15,1,2516301160cf1942,"[[0, 1, 2, 3, 4, 5, 6, 7, 8, 9, 10, 11]]",saps_diagonal,0.0032113405962947835,0.0032113405962947835,0.0032113405962947835,0.0003157481762729404,0.9687309367922551,-0.984241300084616,"{""1"": 12, ""5"": 1}"
s1-i15,1,2516301160cf1942,"[[0, 1, 2, 3, 4, 5, 6, 7, 8, 9, 10, 11]]",p_saps_residualized,0.0032113405962947835,0.0032113405962947835,0.0032113405962947835,0.0003157481762729404,0.9687309367922551,-0.984241300084616,"{""1"": 12, ""5"": 1}"
s1-i15,1,2516301160cf1942,"[[0, 1, 2, 3, 4, 5, 6, 7, 8, 9, 10, 11]]",p_saps_projection,0.0032113405962947835,0.0032113405962947835,0.0032113405962947835,0.0003157481762729404,0.9687309367922551,-0.984241300084616,"{""1"": 12, ""5"": 1}"
s1-i15,1,2516301160cf1942,"[[0, 1, 2, 3, 4, 5, 6, 7, 8, 9, 10, 11]]",b_saps_budgeted,0.0032113405962947835,0.0032113405962947835,0.0032113405962947835,0.0003157481762729404,0.9687309367922551,-0.984241300084616,"{""1"": 12, ""5"": 1}"
s1-i15,1,2516301160cf1942,"[[0, 1, 2, 3, 4, 5, 6, 7, 8, 9, 10, 11]]",random_balanced,0.0032113405962947835,0.0032113405962947835,0.0032113405962947835,0.0009149082587336216,0.0004008938596699729,0.020022334021536373,"{""1"": 12, ""5"": 1}"
s1-i15,1,2516301160cf1942,"[[0, 1, 2, 3, 4, 5, 6, 7, 8, 9, 10, 11]]",confidence,0.0032113405962947835,0.0032113405962947835,0.0032113405962947835,0.0009149082587336216,0.0004008938596699729,0.020022334021536373,"{""1"": 12, ""5"": 1}"
s1-i15,1,2516301160cf1942,"[[0, 1, 2, 3, 4, 5, 6, 7, 8, 9, 10, 11]]",entropy,0.0032113405962947835,0.0032113405962947835,0.0032113405962947835,0.0009149082587336216,0.0004008938596699729,0.020022334021536373,"{""1"": 12, ""5"": 1}"
s1-i15,1,2516301160cf1942,"[[0, 1, 2, 3, 4, 5, 6, 7, 8, 9, 10, 11]]",dependency_cmi,0.0032113405962947835,0.0032113405962947835,0.0032113405962947835,0.0009149082587336216,0.0004008938596699729,0.020022334021536373,"{""1"": 12, ""5"": 1}"
s1-i15,1,2516301160cf1942,"[[0, 1, 2, 3, 4, 5, 6, 7, 8, 9, 10, 11]]",min_within_batch_tc,0.0032113405962947835,0.0032113405962947835,0.0032113405962947835,0.0009149082587336216,0.0004008938596699729,0.020022334021536373,"{""1"": 12, ""5"": 1}"
s1-i15,1,2516301160cf1942,"[[0, 1, 2, 3, 4, 5, 6, 7, 8, 9, 10, 11]]",dprm_myopic,0.0032113405962947835,0.0032113405962947835,0.0032113405962947835,0.0009149082587336216,0.0004008938596699729,0.020022334021536373,"{""1"": 12, ""5"": 1}"
s1-i15,1,2516301160cf1942,"[[0, 1, 2, 3, 4, 5, 6, 7, 8, 9, 10, 11]]",dprm_rollout,0.0032113405962947835,0.0032113405962947835,0.0032113405962947835,0.0009149082587336216,0.0004008938596699729,0.020022334021536373,"{""1"": 12, ""5"": 1}"
s1-i15,1,2516301160cf1942,"[[0, 1, 2, 3, 4, 5, 6, 7, 8, 9, 10, 11]]",subset_exact,0.0032113405962947835,0.0032113405962947835,0.0032113405962947835,0.0009149082587336216,0.0004008938596699729,0.020022334021536373,"{""1"": 12, ""5"": 1}"
s1-i15,1,2516301160cf1942,"[[0, 1, 2, 3, 4, 5, 6, 7, 8, 9, 10, 11]]",subset_beam_8,0.0032113405962947835,0.0032113405962947835,0.0032113405962947835,0.0009149082587336216,0.0004008938596699729,0.020022334021536373,"{""1"": 12, ""5"": 1}"
s1-i15,1,2516301160cf1942,"[[0, 1, 2, 3, 4, 5, 6, 7, 8, 9, 10, 11]]",subset_beam_32,0.0032113405962947835,0.0032113405962947835,0.0032113405962947835,0.0009149082587336216,0.0004008938596699729,0.020022334021536373,"{""1"": 12, ""5"": 1}"
s1-i15,1,2516301160cf1942,"[[0, 1, 2, 3, 4, 5, 6, 7, 8, 9, 10, 11]]",saps_diagonal,0.0032113405962947835,0.0032113405962947835,0.0032113405962947835,0.0009149082587336216,0.0004008938596699729,0.020022334021536373,"{""1"": 12, ""5"": 1}"
s1-i15,1,2516301160cf1942,"[[0, 1, 2, 3, 4, 5, 6, 7, 8, 9, 10, 11]]",p_saps_residualized,0.0032113405962947835,0.0032113405962947835,0.0032113405962947835,0.0009149082587336216,0.0004008938596699729,0.020022334021536373,"{""1"": 12, ""5"": 1}"
s1-i15,1,2516301160cf1942,"[[0, 1, 2, 3, 4, 5, 6, 7, 8, 9, 10, 11]]",p_saps_projection,0.0032113405962947835,0.0032113405962947835,0.0032113405962947835,0.0009149082587336216,0.0004008938596699729,0.020022334021536373,"{""1"": 12, ""5"": 1}"
s1-i15,1,2516301160cf1942,"[[0, 1, 2, 3, 4, 5, 6, 7, 8, 9, 10, 11]]",b_saps_budgeted,0.0032113405962947835,0.0032113405962947835,0.0032113405962947835,0.0009149082587336216,0.0004008938596699729,0.020022334021536373,"{""1"": 12, ""5"": 1}"
s1-i15,1,2ad16682f7ceb4e9,"[[1, 3, 4, 8, 9, 11], [0, 2, 5, 6, 7, 10]]",random_balanced,0.0032113405962947835,0.0032113405962947835,0.0032113405962947835,0.00016335909352789142,0.00011601870173239955,0.010771197785408991,"{""1"": 12, ""2"": 1}"
s1-i15,1,e17466e5a51be12f,"[[0, 5, 7, 8, 9, 11], [1, 2, 3, 4, 6, 10]]",confidence,0.0032113405962947835,0.0032113405962947835,0.0032113405962947835,6.430679634948161e-05,0.0003134643906556901,-0.017704925604353442,"{""1"": 12, ""3"": 1}"
s1-i15,1,e95b200487a11147,"[[0, 4, 5, 8, 9, 11], [1, 2, 3, 6, 7, 10]]",entropy,0.0032113405962947835,0.0032113405962947835,0.0032113405962947835,6.430679634948161e-05,0.0,0.0,"{""1"": 12, ""3"": 1}"
s1-i15,1,169308d73b42462b,"[[0, 1, 3, 4, 5, 9], [2, 6, 7, 8, 10, 11]]",dependency_cmi,0.0032113405962947835,0.0032113405962947835,0.0032113405962947835,6.430679634948161e-05,0.0002036019403762594,-0.014268915178676317,"{""1"": 12, ""3"": 1}"
s1-i15,1,c940a58e67f07535,"[[0, 3, 4, 9, 10, 11], [1, 2, 5, 6, 7, 8]]",min_within_batch_tc,0.0032113405962947835,0.0032113405962947835,0.0032113405962947835,6.430679634948161e-05,0.00011601870173239955,0.010771197785408991,"{""1"": 12, ""3"": 1}"
s1-i15,1,432676f571ddd635,"[[0, 1, 2, 4, 7, 11], [3, 5, 6, 8, 9, 10]]",dprm_myopic,0.0032113405962947835,0.0032113405962947835,0.0032113405962947835,6.401243640542938e-05,0.0,0.0,"{""1"": 12, ""5"": 1}"
s1-i15,1,432676f571ddd635,"[[0, 1, 2, 4, 7, 11], [3, 5, 6, 8, 9, 10]]",dprm_rollout,0.0032113405962947835,0.0032113405962947835,0.0032113405962947835,6.401243640542938e-05,0.0,0.0,"{""1"": 12, ""5"": 1}"
s1-i15,1,b4c1015a1f451afb,"[[1, 2, 3, 4, 8, 11], [0, 5, 6, 7, 9, 10]]",subset_exact,0.9999999999999999,0.9999999999999999,0.9999999999999999,0.019933243911272915,0.00011601870173239955,0.010771197785408991,"{""1"": 13}"
s1-i15,1,b4c1015a1f451afb,"[[1, 2, 3, 4, 8, 11], [0, 5, 6, 7, 9, 10]]",subset_beam_8,0.9999999999999999,0.9999999999999999,0.9999999999999999,0.019933243911272915,0.00011601870173239955,0.010771197785408991,"{""1"": 13}"
s1-i15,1,b4c1015a1f451afb,"[[1, 2, 3, 4, 8, 11], [0, 5, 6, 7, 9, 10]]",subset_beam_32,0.9999999999999999,0.9999999999999999,0.9999999999999999,0.019933243911272915,0.00011601870173239955,0.010771197785408991,"{""1"": 13}"
s1-i15,1,b4c1015a1f451afb,"[[1, 2, 3, 4, 8, 11], [0, 5, 6, 7, 9, 10]]",saps_diagonal,0.9999999999999999,0.9999999999999999,0.9999999999999999,0.019933243911272915,0.00011601870173239955,0.010771197785408991,"{""1"": 13}"
s1-i15,1,b4c1015a1f451afb,"[[1, 2, 3, 4, 8, 11], [0, 5, 6, 7, 9, 10]]",p_saps_residualized,0.9999999999999999,0.9999999999999999,0.9999999999999999,0.019933243911272915,0.00011601870173239955,0.010771197785408991,"{""1"": 13}"
s1-i15,1,b4c1015a1f451afb,"[[1, 2, 3, 4, 8, 11], [0, 5, 6, 7, 9, 10]]",p_saps_projection,0.9999999999999999,0.9999999999999999,0.9999999999999999,0.019933243911272915,0.00011601870173239955,0.010771197785408991,"{""1"": 13}"
s1-i15,1,b4c1015a1f451afb,"[[1, 2, 3, 4, 8, 11], [0, 5, 6, 7, 9, 10]]",b_saps_budgeted,0.9999999999999999,0.9999999999999999,0.9999999999999999,0.019933243911272915,0.00011601870173239955,0.010771197785408991,"{""1"": 13}"
s1-i15,1,2ad16682f7ceb4e9,"[[1, 3, 4, 8, 9, 11], [0, 2, 5, 6, 7, 10]]",random_balanced,0.0032113405962947835,0.0032113405962947835,0.0032113405962947835,0.002766217510697185,0.9812483042630308,-0.9905797818767708,"{""1"": 12, ""2"": 1}"
s1-i15,1,e17466e5a51be12f,"[[0, 5, 7, 8, 9, 11], [1, 2, 3, 4, 6, 10]]",confidence,0.0032113405962947835,0.0032113405962947835,0.0032113405962947835,0.0003520498825383603,0.9628720847874519,-0.9812604571608151,"{""1"": 12, ""3"": 1}"
s1-i15,1,e95b200487a11147,"[[0, 4, 5, 8, 9, 11], [1, 2, 3, 6, 7, 10]]",entropy,0.0032113405962947835,0.0032113405962947835,0.0032113405962947835,0.0003520498825383603,0.9687309367922551,-0.984241300084616,"{""1"": 12, ""3"": 1}"
s1-i15,1,169308d73b42462b,"[[0, 1, 3, 4, 5, 9], [2, 6, 7, 8, 10, 11]]",dependency_cmi,0.0032113405962947835,0.0032113405962947835,0.0032113405962947835,0.0003520498825383603,1.0015369513468166,-1.0007681806226738,"{""1"": 12, ""3"": 1}"
s1-i15,1,c940a58e67f07535,"[[0, 3, 4, 9, 10, 11], [1, 2, 5, 6, 7, 8]]",min_within_batch_tc,0.0032113405962947835,0.0032113405962947835,0.0032113405962947835,0.0003520498825383603,0.9407540971314582,-0.9699247894200138,"{""1"": 12, ""3"": 1}"
s1-i15,1,432676f571ddd635,"[[0, 1, 2, 4, 7, 11], [3, 5, 6, 8, 9, 10]]",dprm_myopic,0.0032113405962947835,0.0032113405962947835,0.0032113405962947835,0.0003157481762729404,0.9687309367922551,-0.984241300084616,"{""1"": 12, ""5"": 1}"
s1-i15,1,432676f571ddd635,"[[0, 1, 2, 4, 7, 11], [3, 5, 6, 8, 9, 10]]",dprm_rollout,0.0032113405962947835,0.0032113405962947835,0.0032113405962947835,0.0003157481762729404,0.9687309367922551,-0.984241300084616,"{""1"": 12, ""5"": 1}"
s1-i15,1,b4c1015a1f451afb,"[[1, 2, 3, 4, 8, 11], [0, 5, 6, 7, 9, 10]]",subset_exact,0.9999999999999999,0.9999999999999999,0.9999999999999999,0.09832187834349396,0.9530899747178843,-0.9762632712121686,"{""1"": 13}"
s1-i15,1,b4c1015a1f451afb,"[[1, 2, 3, 4, 8, 11], [0, 5, 6, 7, 9, 10]]",subset_beam_8,0.9999999999999999,0.9999999999999999,0.9999999999999999,0.09832187834349396,0.9530899747178843,-0.9762632712121686,"{""1"": 13}"
s1-i15,1,b4c1015a1f451afb,"[[1, 2, 3, 4, 8, 11], [0, 5, 6, 7, 9, 10]]",subset_beam_32,0.9999999999999999,0.9999999999999999,0.9999999999999999,0.09832187834349396,0.9530899747178843,-0.9762632712121686,"{""1"": 13}"
s1-i15,1,b4c1015a1f451afb,"[[1, 2, 3, 4, 8, 11], [0, 5, 6, 7, 9, 10]]",saps_diagonal,0.9999999999999999,0.9999999999999999,0.9999999999999999,0.09832187834349396,0.9530899747178843,-0.9762632712121686,"{""1"": 13}"
s1-i15,1,b4c1015a1f451afb,"[[1, 2, 3, 4, 8, 11], [0, 5, 6, 7, 9, 10]]",p_saps_residualized,0.9999999999999999,0.9999999999999999,0.9999999999999999,0.09832187834349396,0.9530899747178843,-0.9762632712121686,"{""1"": 13}"
s1-i15,1,b4c1015a1f451afb,"[[1, 2, 3, 4, 8, 11], [0, 5, 6, 7, 9, 10]]",p_saps_projection,0.9999999999999999,0.9999999999999999,0.9999999999999999,0.09832187834349396,0.9530899747178843,-0.9762632712121686,"{""1"": 13}"
s1-i15,1,b4c1015a1f451afb,"[[1, 2, 3, 4, 8, 11], [0, 5, 6, 7, 9, 10]]",b_saps_budgeted,0.9999999999999999,0.9999999999999999,0.9999999999999999,0.09832187834349396,0.9530899747178843,-0.9762632712121686,"{""1"": 13}"
s1-i15,1,2ad16682f7ceb4e9,"[[1, 3, 4, 8, 9, 11], [0, 2, 5, 6, 7, 10]]",random_balanced,0.0032113405962947835,0.0032113405962947835,0.0032113405962947835,0.022223096240602903,0.9854807182125995,0.9927138148593478,"{""1"": 12, ""2"": 1}"
s1-i15,1,e17466e5a51be12f,"[[0, 5, 7, 8, 9, 11], [1, 2, 3, 4, 6, 10]]",confidence,0.0032113405962947835,0.0032113405962947835,0.0032113405962947835,0.001861615379649758,1.0691193916053705,1.0339822975299773,"{""1"": 12, ""3"": 1}"
s1-i15,1,e95b200487a11147,"[[0, 4, 5, 8, 9, 11], [1, 2, 3, 6, 7, 10]]",entropy,0.0032113405962947835,0.0032113405962947835,0.0032113405962947835,0.001861615379649758,1.018775342062449,1.0093440157163707,"{""1"": 12, ""3"": 1}"
s1-i15,1,169308d73b42462b,"[[0, 1, 3, 4, 5, 9], [2, 6, 7, 8, 10, 11]]",dependency_cmi,0.0032113405962947835,0.0032113405962947835,0.0032113405962947835,0.001861615379649758,0.00013693676068059226,-0.011701998149059513,"{""1"": 12, ""3"": 1}"
s1-i15,1,c940a58e67f07535,"[[0, 3, 4, 9, 10, 11], [1, 2, 5, 6, 7, 8]]",min_within_batch_tc,0.0032113405962947835,0.0032113405962947835,0.0032113405962947835,0.001861615379649758,0.9840800200573516,0.9920080745928188,"{""1"": 12, ""3"": 1}"
s1-i15,1,432676f571ddd635,"[[0, 1, 2, 4, 7, 11], [3, 5, 6, 8, 9, 10]]",dprm_myopic,0.0032113405962947835,0.0032113405962947835,0.0032113405962947835,0.0009149082587336216,0.0005355385595324015,0.023141706063564145,"{""1"": 12, ""5"": 1}"
s1-i15,1,432676f571ddd635,"[[0, 1, 2, 4, 7, 11], [3, 5, 6, 8, 9, 10]]",dprm_rollout,0.0032113405962947835,0.0032113405962947835,0.0032113405962947835,0.0009149082587336216,0.0005355385595324015,0.023141706063564145,"{""1"": 12, ""5"": 1}"
s1-i15,1,b4c1015a1f451afb,"[[1, 2, 3, 4, 8, 11], [0, 5, 6, 7, 9, 10]]",subset_exact,0.9999999999999999,0.9999999999999999,0.9999999999999999,0.28466967854505804,1.0170224495083529,1.0084753093201404,"{""1"": 13}"
s1-i15,1,b4c1015a1f451afb,"[[1, 2, 3, 4, 8, 11], [0, 5, 6, 7, 9, 10]]",subset_beam_8,0.9999999999999999,0.9999999999999999,0.9999999999999999,0.28466967854505804,1.0170224495083529,1.0084753093201404,"{""1"": 13}"
s1-i15,1,b4c1015a1f451afb,"[[1, 2, 3, 4, 8, 11], [0, 5, 6, 7, 9, 10]]",subset_beam_32,0.9999999999999999,0.9999999999999999,0.9999999999999999,0.28466967854505804,1.0170224495083529,1.0084753093201404,"{""1"": 13}"
s1-i15,1,b4c1015a1f451afb,"[[1, 2, 3, 4, 8, 11], [0, 5, 6, 7, 9, 10]]",saps_diagonal,0.9999999999999999,0.9999999999999999,0.9999999999999999,0.28466967854505804,1.0170224495083529,1.0084753093201404,"{""1"": 13}"
s1-i15,1,b4c1015a1f451afb,"[[1, 2, 3, 4, 8, 11], [0, 5, 6, 7, 9, 10]]",p_saps_residualized,0.9999999999999999,0.9999999999999999,0.9999999999999999,0.28466967854505804,1.0170224495083529,1.0084753093201404,"{""1"": 13}"
s1-i15,1,b4c1015a1f451afb,"[[1, 2, 3, 4, 8, 11], [0, 5, 6, 7, 9, 10]]",p_saps_projection,0.9999999999999999,0.9999999999999999,0.9999999999999999,0.28466967854505804,1.0170224495083529,1.0084753093201404,"{""1"": 13}"
s1-i15,1,b4c1015a1f451afb,"[[1, 2, 3, 4, 8, 11], [0, 5, 6, 7, 9, 10]]",b_saps_budgeted,0.9999999999999999,0.9999999999999999,0.9999999999999999,0.28466967854505804,1.0170224495083529,1.0084753093201404,"{""1"": 13}"
s1-i15,1,5696abd0dba4d7d2,"[[1, 4, 8, 11], [3, 7, 9, 10], [0, 2, 5, 6]]",random_balanced,0.9999999999999999,0.9999999999999999,0.9999999999999999,0.019933243911272915,0.0,0.0,"{""1"": 13}"
s1-i15,1,3f1dfd422616f6b2,"[[0, 7, 8, 9], [3, 4, 5, 11], [1, 2, 6, 10]]",confidence,0.0032113405962947835,0.0032113405962947835,0.0032113405962947835,0.00016335909352789142,0.00011601870173239955,0.010771197785408991,"{""1"": 12, ""2"": 1}"
s1-i15,1,c4bef90e8df3d313,"[[4, 5, 8, 9], [0, 1, 7, 11], [2, 3, 6, 10]]",entropy,0.9999999999999999,0.9999999999999999,0.9999999999999999,0.019933243911272915,0.0003134643906556901,-0.017704925604353442,"{""1"": 13}"
s1-i15,1,be352cfe932ac4ce,"[[0, 3, 4, 5], [1, 2, 6, 7], [8, 9, 10, 11]]",dependency_cmi,0.9999999999999999,0.9999999999999999,0.9999999999999999,0.019933243911272915,1.2234026963164777e-05,-0.003497717393267326,"{""1"": 13}"
s1-i15,1,baf8ed1010eed9c3,"[[0, 1, 3, 8], [4, 9, 10, 11], [2, 5, 6, 7]]",min_within_batch_tc,0.0032113405962947835,0.0032113405962947835,0.0032113405962947835,0.00016335909352789142,0.0002036019403762594,-0.014268915178676317,"{""1"": 12, ""2"": 1}"
s1-i15,1,a2656b3ec0029d05,"[[1, 2, 4, 7], [0, 3, 5, 11], [6, 8, 9, 10]]",dprm_myopic,0.9999999999999999,0.9999999999999999,0.9999999999999999,0.019933243911272915,0.0002036019403762594,-0.014268915178676317,"{""1"": 13}"
s1-i15,1,a2656b3ec0029d05,"[[1, 2, 4, 7], [0, 3, 5, 11], [6, 8, 9, 10]]",dprm_rollout,0.9999999999999999,0.9999999999999999,0.9999999999999999,0.019933243911272915,0.0002036019403762594,-0.014268915178676317,"{""1"": 13}"
s1-i15,1,5696abd0dba4d7d2,"[[1, 4, 8, 11], [3, 7, 9, 10], [0, 2, 5, 6]]",subset_exact,0.9999999999999999,0.9999999999999999,0.9999999999999999,0.019933243911272915,0.0,0.0,"{""1"": 13}"
s1-i15,1,5696abd0dba4d7d2,"[[1, 4, 8, 11], [3, 7, 9, 10], [0, 2, 5, 6]]",subset_beam_8,0.9999999999999999,0.9999999999999999,0.9999999999999999,0.019933243911272915,0.0,0.0,"{""1"": 13}"
s1-i15,1,5696abd0dba4d7d2,"[[1, 4, 8, 11], [3, 7, 9, 10], [0, 2, 5, 6]]",subset_beam_32,0.9999999999999999,0.9999999999999999,0.9999999999999999,0.019933243911272915,0.0,0.0,"{""1"": 13}"
s1-i15,1,5696abd0dba4d7d2,"[[1, 4, 8, 11], [3, 7, 9, 10], [0, 2, 5, 6]]",saps_diagonal,0.9999999999999999,0.9999999999999999,0.9999999999999999,0.019933243911272915,0.0,0.0,"{""1"": 13}"
s1-i15,1,5696abd0dba4d7d2,"[[1, 4, 8, 11], [3, 7, 9, 10], [0, 2, 5, 6]]",p_saps_residualized,0.9999999999999999,0.9999999999999999,0.9999999999999999,0.019933243911272915,0.0,0.0,"{""1"": 13}"
s1-i15,1,5696abd0dba4d7d2,"[[1, 4, 8, 11], [3, 7, 9, 10], [0, 2, 5, 6]]",p_saps_projection,0.9999999999999999,0.9999999999999999,0.9999999999999999,0.019933243911272915,0.0,0.0,"{""1"": 13}"
s1-i15,1,5696abd0dba4d7d2,"[[1, 4, 8, 11], [3, 7, 9, 10], [0, 2, 5, 6]]",b_saps_budgeted,0.9999999999999999,0.9999999999999999,0.9999999999999999,0.019933243911272915,0.0,0.0,"{""1"": 13}"
s1-i15,1,5696abd0dba4d7d2,"[[1, 4, 8, 11], [3, 7, 9, 10], [0, 2, 5, 6]]",random_balanced,0.9999999999999999,0.9999999999999999,0.9999999999999999,0.09832187834349396,0.9687309367922551,-0.984241300084616,"{""1"": 13}"
s1-i15,1,3f1dfd422616f6b2,"[[0, 7, 8, 9], [3, 4, 5, 11], [1, 2, 6, 10]]",confidence,0.0032113405962947835,0.0032113405962947835,0.0032113405962947835,0.002766217510697185,0.9349805956656712,-0.966943946496213,"{""1"": 12, ""2"": 1}"
s1-i15,1,c4bef90e8df3d313,"[[4, 5, 8, 9], [0, 1, 7, 11], [2, 3, 6, 10]]",entropy,0.9999999999999999,0.9999999999999999,0.9999999999999999,0.09832187834349396,0.9628720847874519,-0.9812604571608151,"{""1"": 13}"
s1-i15,1,be352cfe932ac4ce,"[[0, 3, 4, 5], [1, 2, 6, 7], [8, 9, 10, 11]]",dependency_cmi,0.9999999999999999,0.9999999999999999,0.9999999999999999,0.09832187834349396,8.885424536373616e-06,-0.0029808429238008527,"{""1"": 13}"
s1-i15,1,baf8ed1010eed9c3,"[[0, 1, 3, 8], [4, 9, 10, 11], [2, 5, 6, 7]]",min_within_batch_tc,0.0032113405962947835,0.0032113405962947835,0.0032113405962947835,0.002766217510697185,0.9917884413349983,-0.995885757170469,"{""1"": 12, ""2"": 1}"
s1-i15,1,a2656b3ec0029d05,"[[1, 2, 4, 7], [0, 3, 5, 11], [6, 8, 9, 10]]",dprm_myopic,0.9999999999999999,0.9999999999999999,0.9999999999999999,0.09832187834349396,1.2621151504320176e-05,0.0035526260011884414,"{""1"": 13}"
s1-i15,1,a2656b3ec0029d05,"[[1, 2, 4, 7], [0, 3, 5, 11], [6, 8, 9, 10]]",dprm_rollout,0.9999999999999999,0.9999999999999999,0.9999999999999999,0.09832187834349396,1.2621151504320176e-05,0.0035526260011884414,"{""1"": 13}"
s1-i15,1,5696abd0dba4d7d2,"[[1, 4, 8, 11], [3, 7, 9, 10], [0, 2, 5, 6]]",subset_exact,0.9999999999999999,0.9999999999999999,0.9999999999999999,0.09832187834349396,0.9687309367922551,-0.984241300084616,"{""1"": 13}"
s1-i15,1,5696abd0dba4d7d2,"[[1, 4, 8, 11], [3, 7, 9, 10], [0, 2, 5, 6]]",subset_beam_8,0.9999999999999999,0.9999999999999999,0.9999999999999999,0.09832187834349396,0.9687309367922551,-0.984241300084616,"{""1"": 13}"
s1-i15,1,5696abd0dba4d7d2,"[[1, 4, 8, 11], [3, 7, 9, 10], [0, 2, 5, 6]]",subset_beam_32,0.9999999999999999,0.9999999999999999,0.9999999999999999,0.09832187834349396,0.9687309367922551,-0.984241300084616,"{""1"": 13}"
s1-i15,1,5696abd0dba4d7d2,"[[1, 4, 8, 11], [3, 7, 9, 10], [0, 2, 5, 6]]",saps_diagonal,0.9999999999999999,0.9999999999999999,0.9999999999999999,0.09832187834349396,0.9687309367922551,-0.984241300084616,"{""1"": 13}"
s1-i15,1,5696abd0dba4d7d2,"[[1, 4, 8, 11], [3, 7, 9, 10], [0, 2, 5, 6]]",p_saps_residualized,0.9999999999999999,0.9999999999999999,0.9999999999999999,0.09832187834349396,0.9687309367922551,-0.984241300084616,"{""1"": 13}"
s1-i15,1,5696abd0dba4d7d2,"[[1, 4, 8, 11], [3, 7, 9, 10], [0, 2, 5, 6]]",p_saps_projection,0.9999999999999999,0.9999999999999999,0.9999999999999999,0.09832187834349396,0.9687309367922551,-0.984241300084616,"{""1"": 13}"
s1-i15,1,5696abd0dba4d7d2,"[[1, 4, 8, 11], [3, 7, 9, 10], [0, 2, 5, 6]]",b_saps_budgeted,0.9999999999999999,0.9999999999999999,0.9999999999999999,0.09832187834349396,0.9687309367922551,-0.984241300084616,"{""1"": 13}"
s1-i15,1,5696abd0dba4d7d2,"[[1, 4, 8, 11], [3, 7, 9, 10], [0, 2, 5, 6]]",random_balanced,0.9999999999999999,0.9999999999999999,0.9999999999999999,0.28466967854505804,0.937170237681796,0.9680755330457412,"{""1"": 13}"
s1-i15,1,3f1dfd422616f6b2,"[[0, 7, 8, 9], [3, 4, 5, 11], [1, 2, 6, 10]]",confidence,0.0032113405962947835,0.0032113405962947835,0.0032113405962947835,0.022223096240602903,4.091777062517992e-07,-0.0006396699979300258,"{""1"": 12, ""2"": 1}"
s1-i15,1,c4bef90e8df3d313,"[[4, 5, 8, 9], [0, 1, 7, 11], [2, 3, 6, 10]]",entropy,0.9999999999999999,0.9999999999999999,0.9999999999999999,0.28466967854505804,1.0427057120204863,1.0211296254739093,"{""1"": 13}"
s1-i15,1,be352cfe932ac4ce,"[[0, 3, 4, 5], [1, 2, 6, 7], [8, 9, 10, 11]]",dependency_cmi,0.9999999999999999,0.9999999999999999,0.9999999999999999,0.28466967854505804,0.00022771266741089394,-0.015090151338236935,"{""1"": 13}"
s1-i15,1,baf8ed1010eed9c3,"[[0, 1, 3, 8], [4, 9, 10, 11], [2, 5, 6, 7]]",min_within_batch_tc,0.0032113405962947835,0.0032113405962947835,0.0032113405962947835,0.022223096240602903,0.968946323462305,0.9843507116177166,"{""1"": 12, ""2"": 1}"
s1-i15,1,a2656b3ec0029d05,"[[1, 2, 4, 7], [0, 3, 5, 11], [6, 8, 9, 10]]",dprm_myopic,0.9999999999999999,0.9999999999999999,0.9999999999999999,0.28466967854505804,1.0449643877067956,1.0222349963226633,"{""1"": 13}"
s1-i15,1,a2656b3ec0029d05,"[[1, 2, 4, 7], [0, 3, 5, 11], [6, 8, 9, 10]]",dprm_rollout,0.9999999999999999,0.9999999999999999,0.9999999999999999,0.28466967854505804,1.0449643877067956,1.0222349963226633,"{""1"": 13}"
s1-i15,1,5696abd0dba4d7d2,"[[1, 4, 8, 11], [3, 7, 9, 10], [0, 2, 5, 6]]",subset_exact,0.9999999999999999,0.9999999999999999,0.9999999999999999,0.28466967854505804,0.937170237681796,0.9680755330457412,"{""1"": 13}"
s1-i15,1,5696abd0dba4d7d2,"[[1, 4, 8, 11], [3, 7, 9, 10], [0, 2, 5, 6]]",subset_beam_8,0.9999999999999999,0.9999999999999999,0.9999999999999999,0.28466967854505804,0.937170237681796,0.9680755330457412,"{""1"": 13}"
s1-i15,1,5696abd0dba4d7d2,"[[1, 4, 8, 11], [3, 7, 9, 10], [0, 2, 5, 6]]",subset_beam_32,0.9999999999999999,0.9999999999999999,0.9999999999999999,0.28466967854505804,0.937170237681796,0.9680755330457412,"{""1"": 13}"
s1-i15,1,5696abd0dba4d7d2,"[[1, 4, 8, 11], [3, 7, 9, 10], [0, 2, 5, 6]]",saps_diagonal,0.9999999999999999,0.9999999999999999,0.9999999999999999,0.28466967854505804,0.937170237681796,0.9680755330457412,"{""1"": 13}"
s1-i15,1,5696abd0dba4d7d2,"[[1, 4, 8, 11], [3, 7, 9, 10], [0, 2, 5, 6]]",p_saps_residualized,0.9999999999999999,0.9999999999999999,0.9999999999999999,0.28466967854505804,0.937170237681796,0.9680755330457412,"{""1"": 13}"
s1-i15,1,5696abd0dba4d7d2,"[[1, 4, 8, 11], [3, 7, 9, 10], [0, 2, 5, 6]]",p_saps_projection,0.9999999999999999,0.9999999999999999,0.9999999999999999,0.28466967854505804,0.937170237681796,0.9680755330457412,"{""1"": 13}"
s1-i15,1,5696abd0dba4d7d2,"[[1, 4, 8, 11], [3, 7, 9, 10], [0, 2, 5, 6]]",b_saps_budgeted,0.9999999999999999,0.9999999999999999,0.9999999999999999,0.28466967854505804,0.937170237681796,0.9680755330457412,"{""1"": 13}"
s1-i15,1,3b4cc2ca19f484df,"[[1, 4, 8], [3, 9, 11], [2, 7, 10], [0, 5, 6]]",random_balanced,0.0032113405962947835,0.0032113405962947835,0.0032113405962947835,0.00016335909352789142,0.00011601870173239955,0.010771197785408991,"{""1"": 12, ""2"": 1}"
s1-i15,1,bcfc92fbc30d783b,"[[0, 8, 9], [5, 7, 11], [3, 4, 10], [1, 2, 6]]",confidence,0.0032113405962947835,0.0032113405962947835,0.0032113405962947835,0.00016335909352789142,0.0,0.0,"{""1"": 12, ""2"": 1}"
s1-i15,1,3a453b9eff6c95b9,"[[5, 8, 9], [0, 4, 11], [1, 7, 10], [2, 3, 6]]",entropy,0.9999999999999999,0.9999999999999999,0.9999999999999999,0.019933243911272915,0.00011601870173239955,0.010771197785408991,"{""1"": 13}"
s1-i15,1,4eabf5c313cea76f,"[[0, 3, 5], [2, 6, 7], [1, 4, 8], [9, 10, 11]]",dependency_cmi,0.9999999999999999,0.9999999999999999,0.9999999999999999,0.019933243911272915,1.2234026963164777e-05,-0.003497717393267326,"{""1"": 13}"
s1-i15,1,c0fd4f2c4602cf43,"[[0, 1, 3], [4, 6, 7], [9, 10, 11], [2, 5, 8]]",min_within_batch_tc,0.9999999999999999,0.9999999999999999,0.9999999999999999,0.019933243911272915,0.00011601870173239955,0.010771197785408991,"{""1"": 13}"
s1-i15,1,a195d32697dc31d0,"[[1, 2, 4], [0, 7, 11], [3, 5, 6], [8, 9, 10]]",dprm_myopic,0.0032113405962947835,0.0032113405962947835,0.0032113405962947835,0.00016335909352789142,0.0002036019403762594,-0.014268915178676317,"{""1"": 12, ""2"": 1}"
s1-i15,1,a195d32697dc31d0,"[[1, 2, 4], [0, 7, 11], [3, 5, 6], [8, 9, 10]]",dprm_rollout,0.0032113405962947835,0.0032113405962947835,0.0032113405962947835,0.00016335909352789142,0.0002036019403762594,-0.014268915178676317,"{""1"": 12, ""2"": 1}"
s1-i15,1,46f52baf409e9040,"[[0, 1, 8], [3, 9, 11], [2, 7, 10], [4, 5, 6]]",subset_exact,0.9999999999999999,0.9999999999999999,0.9999999999999999,0.019933243911272915,0.0,0.0,"{""1"": 13}"
s1-i15,1,46f52baf409e9040,"[[0, 1, 8], [3, 9, 11], [2, 7, 10], [4, 5, 6]]",subset_beam_8,0.9999999999999999,0.9999999999999999,0.9999999999999999,0.019933243911272915,0.0,0.0,"{""1"": 13}"
s1-i15,1,46f52baf409e9040,"[[0, 1, 8], [3, 9, 11], [2, 7, 10], [4, 5, 6]]",subset_beam_32,0.9999999999999999,0.9999999999999999,0.9999999999999999,0.019933243911272915,0.0,0.0,"{""1"": 13}"
s1-i15,1,46f52baf409e9040,"[[0, 1, 8], [3, 9, 11], [2, 7, 10], [4, 5, 6]]",saps_diagonal,0.9999999999999999,0.9999999999999999,0.9999999999999999,0.019933243911272915,0.0,0.0,"{""1"": 13}"
s1-i15,1,46f52baf409e9040,"[[0, 1, 8], [3, 9, 11], [2, 7, 10], [4, 5, 6]]",p_saps_residualized,0.9999999999999999,0.9999999999999999,0.9999999999999999,0.019933243911272915,0.0,0.0,"{""1"": 13}"
s1-i15,1,46f52baf409e9040,"[[0, 1, 8], [3, 9, 11], [2, 7, 10], [4, 5, 6]]",p_saps_projection,0.9999999999999999,0.9999999999999999,0.9999999999999999,0.019933243911272915,0.0,0.0,"{""1"": 13}"
s1-i15,1,46f52baf409e9040,"[[0, 1, 8], [3, 9, 11], [2, 7, 10], [4, 5, 6]]",b_saps_budgeted,0.9999999999999999,0.9999999999999999,0.9999999999999999,0.019933243911272915,0.0,0.0,"{""1"": 13}"
s1-i15,1,3b4cc2ca19f484df,"[[1, 4, 8], [3, 9, 11], [2, 7, 10], [0, 5, 6]]",random_balanced,0.0032113405962947835,0.0032113405962947835,0.0032113405962947835,0.002766217510697185,0.9628720847874519,-0.9812604571608151,"{""1"": 12, ""2"": 1}"
s1-i15,1,bcfc92fbc30d783b,"[[0, 8, 9], [5, 7, 11], [3, 4, 10], [1, 2, 6]]",confidence,0.0032113405962947835,0.0032113405962947835,0.0032113405962947835,0.002766217510697185,0.9628720847874519,-0.9812604571608151,"{""1"": 12, ""2"": 1}"
s1-i15,1,3a453b9eff6c95b9,"[[5, 8, 9], [0, 4, 11], [1, 7, 10], [2, 3, 6]]",entropy,0.9999999999999999,0.9999999999999999,0.9999999999999999,0.09832187834349396,0.9687309367922551,-0.984241300084616,"{""1"": 13}"
s1-i15,1,4eabf5c313cea76f,"[[0, 3, 5], [2, 6, 7], [1, 4, 8], [9, 10, 11]]",dependency_cmi,0.9999999999999999,0.9999999999999999,0.9999999999999999,0.09832187834349396,0.00044099162634173505,0.02099980062623774,"{""1"": 13}"
s1-i15,1,c0fd4f2c4602cf43,"[[0, 1, 3], [4, 6, 7], [9, 10, 11], [2, 5, 8]]",min_within_batch_tc,0.9999999999999999,0.9999999999999999,0.9999999999999999,0.09832187834349396,0.9778475582037423,-0.9888617487817709,"{""1"": 13}"
s1-i15,1,a195d32697dc31d0,"[[1, 2, 4], [0, 7, 11], [3, 5, 6], [8, 9, 10]]",dprm_myopic,0.0032113405962947835,0.0032113405962947835,0.0032113405962947835,0.002766217510697185,6.383379658802876e-05,-0.00798960553394401,"{""1"": 12, ""2"": 1}"
s1-i15,1,a195d32697dc31d0,"[[1, 2, 4], [0, 7, 11], [3, 5, 6], [8, 9, 10]]",dprm_rollout,0.0032113405962947835,0.0032113405962947835,0.0032113405962947835,0.002766217510697185,6.383379658802876e-05,-0.00798960553394401,"{""1"": 12, ""2"": 1}"
s1-i15,1,46f52baf409e9040,"[[0, 1, 8], [3, 9, 11], [2, 7, 10], [4, 5, 6]]",subset_exact,0.9999999999999999,0.9999999999999999,0.9999999999999999,0.09832187834349396,1.0015369513468166,-1.0007681806226738,"{""1"": 13}"
s1-i15,1,46f52baf409e9040,"[[0, 1, 8], [3, 9, 11], [2, 7, 10], [4, 5, 6]]",subset_beam_8,0.9999999999999999,0.9999999999999999,0.9999999999999999,0.09832187834349396,1.0015369513468166,-1.0007681806226738,"{""1"": 13}"
s1-i15,1,46f52baf409e9040,"[[0, 1, 8], [3, 9, 11], [2, 7, 10], [4, 5, 6]]",subset_beam_32,0.9999999999999999,0.9999999999999999,0.9999999999999999,0.09832187834349396,1.0015369513468166,-1.0007681806226738,"{""1"": 13}"
s1-i15,1,46f52baf409e9040,"[[0, 1, 8], [3, 9, 11], [2, 7, 10], [4, 5, 6]]",saps_diagonal,0.9999999999999999,0.9999999999999999,0.9999999999999999,0.09832187834349396,1.0015369513468166,-1.0007681806226738,"{""1"": 13}"
s1-i15,1,46f52baf409e9040,"[[0, 1, 8], [3, 9, 11], [2, 7, 10], [4, 5, 6]]",p_saps_residualized,0.9999999999999999,0.9999999999999999,0.9999999999999999,0.09832187834349396,1.0015369513468166,-1.0007681806226738,"{""1"": 13}"
s1-i15,1,46f52baf409e9040,"[[0, 1, 8], [3, 9, 11], [2, 7, 10], [4, 5, 6]]",p_saps_projection,0.9999999999999999,0.9999999999999999,0.9999999999999999,0.09832187834349396,1.0015369513468166,-1.0007681806226738,"{""1"": 13}"
s1-i15,1,46f52baf409e9040,"[[0, 1, 8], [3, 9, 11], [2, 7, 10], [4, 5, 6]]",b_saps_budgeted,0.9999999999999999,0.9999999999999999,0.9999999999999999,0.09832187834349396,1.0015369513468166,-1.0007681806226738,"{""1"": 13}"
s1-i15,1,3b4cc2ca19f484df,"[[1, 4, 8], [3, 9, 11], [2, 7, 10], [0, 5, 6]]",random_balanced,0.0032113405962947835,0.0032113405962947835,0.0032113405962947835,0.022223096240602903,0.00046411319548227327,0.021543286552480178,"{""1"": 12, ""2"": 1}"
s1-i15,1,bcfc92fbc30d783b,"[[0, 8, 9], [5, 7, 11], [3, 4, 10], [1, 2, 6]]",confidence,0.0032113405962947835,0.0032113405962947835,0.0032113405962947835,0.022223096240602903,7.467415231011034e-05,0.008641420734468976,"{""1"": 12, ""2"": 1}"
s1-i15,1,3a453b9eff6c95b9,"[[5, 8, 9], [0, 4, 11], [1, 7, 10], [2, 3, 6]]",entropy,0.9999999999999999,0.9999999999999999,0.9999999999999999,0.28466967854505804,1.0493757098865424,1.0243904089196376,"{""1"": 13}"
s1-i15,1,4eabf5c313cea76f,"[[0, 3, 5], [2, 6, 7], [1, 4, 8], [9, 10, 11]]",dependency_cmi,0.9999999999999999,0.9999999999999999,0.9999999999999999,0.28466967854505804,1.0117456483026885,1.0058556796592086,"{""1"": 13}"
s1-i15,1,c0fd4f2c4602cf43,"[[0, 1, 3], [4, 6, 7], [9, 10, 11], [2, 5, 8]]",min_within_batch_tc,0.9999999999999999,0.9999999999999999,0.9999999999999999,0.28466967854505804,0.979091063146437,0.9894903047258407,"{""1"": 13}"
s1-i15,1,a195d32697dc31d0,"[[1, 2, 4], [0, 7, 11], [3, 5, 6], [8, 9, 10]]",dprm_myopic,0.0032113405962947835,0.0032113405962947835,0.0032113405962947835,0.022223096240602903,0.00011568250208043682,-0.01075558004388591,"{""1"": 12, ""2"": 1}"
s1-i15,1,a195d32697dc31d0,"[[1, 2, 4], [0, 7, 11], [3, 5, 6], [8, 9, 10]]",dprm_rollout,0.0032113405962947835,0.0032113405962947835,0.0032113405962947835,0.022223096240602903,0.00011568250208043682,-0.01075558004388591,"{""1"": 12, ""2"": 1}"
s1-i15,1,46f52baf409e9040,"[[0, 1, 8], [3, 9, 11], [2, 7, 10], [4, 5, 6]]",subset_exact,0.9999999999999999,0.9999999999999999,0.9999999999999999,0.28466967854505804,0.979091063146437,0.9894903047258407,"{""1"": 13}"
s1-i15,1,46f52baf409e9040,"[[0, 1, 8], [3, 9, 11], [2, 7, 10], [4, 5, 6]]",subset_beam_8,0.9999999999999999,0.9999999999999999,0.9999999999999999,0.28466967854505804,0.979091063146437,0.9894903047258407,"{""1"": 13}"
s1-i15,1,46f52baf409e9040,"[[0, 1, 8], [3, 9, 11], [2, 7, 10], [4, 5, 6]]",subset_beam_32,0.9999999999999999,0.9999999999999999,0.9999999999999999,0.28466967854505804,0.979091063146437,0.9894903047258407,"{""1"": 13}"
s1-i15,1,46f52baf409e9040,"[[0, 1, 8], [3, 9, 11], [2, 7, 10], [4, 5, 6]]",saps_diagonal,0.9999999999999999,0.9999999999999999,0.9999999999999999,0.28466967854505804,0.979091063146437,0.9894903047258407,"{""1"": 13}"
s1-i15,1,46f52baf409e9040,"[[0, 1, 8], [3, 9, 11], [2, 7, 10], [4, 5, 6]]",p_saps_residualized,0.9999999999999999,0.9999999999999999,0.9999999999999999,0.28466967854505804,0.979091063146437,0.9894903047258407,"{""1"": 13}"
s1-i15,1,46f52baf409e9040,"[[0, 1, 8], [3, 9, 11], [2, 7, 10], [4, 5, 6]]",p_saps_projection,0.9999999999999999,0.9999999999999999,0.9999999999999999,0.28466967854505804,0.979091063146437,0.9894903047258407,"{""1"": 13}"
s1-i15,1,46f52baf409e9040,"[[0, 1, 8], [3, 9, 11], [2, 7, 10], [4, 5, 6]]",b_saps_budgeted,0.9999999999999999,0.9999999999999999,0.9999999999999999,0.28466967854505804,0.979091063146437,0.9894903047258407,"{""1"": 13}"
