example_id,data_split,seed,candidate_library,scheduler,num_rounds,epsilon_target,schedule_id,schedule,score_random,score_confidence,score_entropy,score_dependency,score_dprm_itemwise,score_diag_um,score_projection,score_residualized,score_budgeted,actual_response_power,actual_terminal_gain,frontier_width_histogram,gamma_pinv,gamma_ridge,gram_delta,ridge_multiplier,used_pinv,adaptation_terminal_labels,width_weight_source
s0-i14,held_out,0,oracle,random_balanced,1,0.01,54a0dc573c0908b1,"[[0, 1, 2, 3, 4, 5, 6, 7, 8, 9, 10, 11]]",0.0,-0.0,0.0,-4.233543059065238e-15,,0.0,0.10433642250838018,0.10433642250838018,0.0,0.0,0.0,"{""4"": 1}",0.10433642250838018,0.10433460872547459,1.1567137975419781,1e-05,True,40,development_isotonic_frozen
s0-i14,held_out,0,oracle,confidence,1,0.01,54a0dc573c0908b1,"[[0, 1, 2, 3, 4, 5, 6, 7, 8, 9, 10, 11]]",0.0,-0.0,0.0,-4.233543059065238e-15,,0.0,0.10433642250838018,0.10433642250838018,0.0,0.0,0.0,"{""4"": 1}",0.10433642250838018,0.10433460872547459,1.1567137975419781,1e-05,True,40,development_isotonic_frozen
s0-i14,held_out,0,oracle,entropy,1,0.01,54a0dc573c0908b1,"[[0, 1, 2, 3, 4, 5, 6, 7, 8, 9, 10, 11]]",0.0,-0.0,0.0,-4.233543059065238e-15,,0.0,0.10433642250838018,0.10433642250838018,0.0,0.0,0.0,"{""4"": 1}",0.10433642250838018,0.10433460872547459,1.1567137975419781,1e-05,True,40,development_isotonic_frozen
s0-i14,held_out,0,oracle,dependency_cmi,1,0.01,54a0dc573c0908b1,"[[0, 1, 2, 3, 4, 5, 6, 7, 8, 9, 10, 11]]",0.0,-0.0,0.0,-4.233543059065238e-15,,0.0,0.10433642250838018,0.10433642250838018,0.0,0.0,0.0,"{""4"": 1}",0.10433642250838018,0.10433460872547459,1.1567137975419781,1e-05,True,40,development_isotonic_frozen
s0-i14,held_out,0,oracle,min_within_batch_tc,1,0.01,54a0dc573c0908b1,"[[0, 1, 2, 3, 4, 5, 6, 7, 8, 9, 10, 11]]",0.0,-0.0,0.0,-4.233543059065238e-15,,0.0,0.10433642250838018,0.10433642250838018,0.0,0.0,0.0,"{""4"": 1}",0.10433642250838018,0.10433460872547459,1.1567137975419781,1e-05,True,40,development_isotonic_frozen
s0-i14,held_out,0,oracle,dprm_myopic,1,0.01,54a0dc573c0908b1,"[[0, 1, 2, 3, 4, 5, 6, 7, 8, 9, 10, 11]]",0.0,-0.0,0.0,-4.233543059065238e-15,,0.0,0.10433642250838018,0.10433642250838018,0.0,0.0,0.0,"{""4"": 1}",0.10433642250838018,0.10433460872547459,1.1567137975419781,1e-05,True,40,development_isotonic_frozen
s0-i14,held_out,0,oracle,dprm_rollout,1,0.01,54a0dc573c0908b1,"[[0, 1, 2, 3, 4, 5, 6, 7, 8, 9, 10, 11]]",0.0,-0.0,0.0,-4.233543059065238e-15,,0.0,0.10433642250838018,0.10433642250838018,0.0,0.0,0.0,"{""4"": 1}",0.10433642250838018,0.10433460872547459,1.1567137975419781,1e-05,True,40,development_isotonic_frozen
s0-i14,held_out,0,oracle,subset_exact,1,0.01,54a0dc573c0908b1,"[[0, 1, 2, 3, 4, 5, 6, 7, 8, 9, 10, 11]]",0.0,-0.0,0.0,-4.233543059065238e-15,,0.0,0.10433642250838018,0.10433642250838018,0.0,0.0,0.0,"{""4"": 1}",0.10433642250838018,0.10433460872547459,1.1567137975419781,1e-05,True,40,development_isotonic_frozen
s0-i14,held_out,0,oracle,subset_beam_8,1,0.01,54a0dc573c0908b1,"[[0, 1, 2, 3, 4, 5, 6, 7, 8, 9, 10, 11]]",0.0,-0.0,0.0,-4.233543059065238e-15,,0.0,0.10433642250838018,0.10433642250838018,0.0,0.0,0.0,"{""4"": 1}",0.10433642250838018,0.10433460872547459,1.1567137975419781,1e-05,True,40,development_isotonic_frozen
s0-i14,held_out,0,oracle,subset_beam_32,1,0.01,54a0dc573c0908b1,"[[0, 1, 2, 3, 4, 5, 6, 7, 8, 9, 10, 11]]",0.0,-0.0,0.0,-4.233543059065238e-15,,0.0,0.10433642250838018,0.10433642250838018,0.0,0.0,0.0,"{""4"": 1}",0.10433642250838018,0.10433460872547459,1.1567137975419781,1e-05,True,40,development_isotonic_frozen
s0-i14,held_out,0,oracle,saps_diagonal,1,0.01,54a0dc573c0908b1,"[[0, 1, 2, 3, 4, 5, 6, 7, 8, 9, 10, 11]]",0.0,-0.0,0.0,-4.233543059065238e-15,,0.0,0.10433642250838018,0.10433642250838018,0.0,0.0,0.0,"{""4"": 1}",0.10433642250838018,0.10433460872547459,1.1567137975419781,1e-05,True,40,development_isotonic_frozen
s0-i14,held_out,0,oracle,p_saps_residualized,1,0.01,54a0dc573c0908b1,"[[0, 1, 2, 3, 4, 5, 6, 7, 8, 9, 10, 11]]",0.0,-0.0,0.0,-4.233543059065238e-15,,0.0,0.10433642250838018,0.10433642250838018,0.0,0.0,0.0,"{""4"": 1}",0.10433642250838018,0.10433460872547459,1.1567137975419781,1e-05,True,40,development_isotonic_frozen
s0-i14,held_out,0,oracle,p_saps_projection,1,0.01,54a0dc573c0908b1,"[[0, 1, 2, 3, 4, 5, 6, 7, 8, 9, 10, 11]]",0.0,-0.0,0.0,-4.233543059065238e-15,,0.0,0.10433642250838018,0.10433642250838018,0.0,0.0,0.0,"{""4"": 1}",0.10433642250838018,0.10433460872547459,1.1567137975419781,1e-05,True,40,development_isotonic_frozen
s0-i14,held_out,0,oracle,b_saps_budgeted,1,0.01,54a0dc573c0908b1,"[[0, 1, 2, 3, 4, 5, 6, 7, 8, 9, 10, 11]]",0.0,-0.0,0.0,-4.233543059065238e-15,,0.0,0.10433642250838018,0.10433642250838018,0.0,0.0,0.0,"{""4"": 1}",0.10433642250838018,0.10433460872547459,1.1567137975419781,1e-05,True,40,development_isotonic_frozen
s0-i14,held_out,0,oracle,random_balanced,1,0.05,54a0dc573c0908b1,"[[0, 1, 2, 3, 4, 5, 6, 7, 8, 9, 10, 11]]",0.002572098456238847,-0.0,0.0,-4.233543059065238e-15,,0.0,0.10433642250838018,0.10433642250838018,0.002572098456238847,0.0,-1.0,"{""4"": 1}",0.10433642250838018,0.10433460872547459,1.1567137975419781,1e-05,True,40,development_isotonic_frozen
s0-i14,held_out,0,oracle,confidence,1,0.05,54a0dc573c0908b1,"[[0, 1, 2, 3, 4, 5, 6, 7, 8, 9, 10, 11]]",0.002572098456238847,-0.0,0.0,-4.233543059065238e-15,,0.0,0.10433642250838018,0.10433642250838018,0.002572098456238847,0.0,-1.0,"{""4"": 1}",0.10433642250838018,0.10433460872547459,1.1567137975419781,1e-05,True,40,development_isotonic_frozen
s0-i14,held_out,0,oracle,entropy,1,0.05,54a0dc573c0908b1,"[[0, 1, 2, 3, 4, 5, 6, 7, 8, 9, 10, 11]]",0.002572098456238847,-0.0,0.0,-4.233543059065238e-15,,0.0,0.10433642250838018,0.10433642250838018,0.002572098456238847,0.0,-1.0,"{""4"": 1}",0.10433642250838018,0.10433460872547459,1.1567137975419781,1e-05,True,40,development_isotonic_frozen
s0-i14,held_out,0,oracle,dependency_cmi,1,0.05,54a0dc573c0908b1,"[[0, 1, 2, 3, 4, 5, 6, 7, 8, 9, 10, 11]]",0.002572098456238847,-0.0,0.0,-4.233543059065238e-15,,0.0,0.10433642250838018,0.10433642250838018,0.002572098456238847,0.0,-1.0,"{""4"": 1}",0.10433642250838018,0.10433460872547459,1.1567137975419781,1e-05,True,40,development_isotonic_frozen
s0-i14,held_out,0,oracle,min_within_batch_tc,1,0.05,54a0dc573c0908b1,"[[0, 1, 2, 3, 4, 5, 6, 7, 8, 9, 10, 11]]",0.002572098456238847,-0.0,0.0,-4.233543059065238e-15,,0.0,0.10433642250838018,0.10433642250838018,0.002572098456238847,0.0,-1.0,"{""4"": 1}",0.10433642250838018,0.10433460872547459,1.1567137975419781,1e-05,True,40,development_isotonic_frozen
s0-i14,held_out,0,oracle,dprm_myopic,1,0.05,54a0dc573c0908b1,"[[0, 1, 2, 3, 4, 5, 6, 7, 8, 9, 10, 11]]",0.002572098456238847,-0.0,0.0,-4.233543059065238e-15,,0.0,0.10433642250838018,0.10433642250838018,0.002572098456238847,0.0,-1.0,"{""4"": 1}",0.10433642250838018,0.10433460872547459,1.1567137975419781,1e-05,True,40,development_isotonic_frozen
s0-i14,held_out,0,oracle,dprm_rollout,1,0.05,54a0dc573c0908b1,"[[0, 1, 2, 3, 4, 5, 6, 7, 8, 9, 10, 11]]",0.002572098456238847,-0.0,0.0,-4.233543059065238e-15,,0.0,0.10433642250838018,0.10433642250838018,0.002572098456238847,0.0,-1.0,"{""4"": 1}",0.10433642250838018,0.10433460872547459,1.1567137975419781,1e-05,True,40,development_isotonic_frozen
s0-i14,held_out,0,oracle,subset_exact,1,0.05,54a0dc573c0908b1,"[[0, 1, 2, 3, 4, 5, 6, 7, 8, 9, 10, 11]]",0.002572098456238847,-0.0,0.0,-4.233543059065238e-15,,0.0,0.10433642250838018,0.10433642250838018,0.002572098456238847,0.0,-1.0,"{""4"": 1}",0.10433642250838018,0.10433460872547459,1.1567137975419781,1e-05,True,40,development_isotonic_frozen
s0-i14,held_out,0,oracle,subset_beam_8,1,0.05,54a0dc573c0908b1,"[[0, 1, 2, 3, 4, 5, 6, 7, 8, 9, 10, 11]]",0.002572098456238847,-0.0,0.0,-4.233543059065238e-15,,0.0,0.10433642250838018,0.10433642250838018,0.002572098456238847,0.0,-1.0,"{""4"": 1}",0.10433642250838018,0.10433460872547459,1.1567137975419781,1e-05,True,40,development_isotonic_frozen
s0-i14,held_out,0,oracle,subset_beam_32,1,0.05,54a0dc573c0908b1,"[[0, 1, 2, 3, 4, 5, 6, 7, 8, 9, 10, 11]]",0.002572098456238847,-0.0,0.0,-4.233543059065238e-15,,0.0,0.10433642250838018,0.10433642250838018,0.002572098456238847,0.0,-1.0,"{""4"": 1}",0.10433642250838018,0.10433460872547459,1.1567137975419781,1e-05,True,40,development_isotonic_frozen
s0-i14,held_out,0,oracle,saps_diagonal,1,0.05,54a0dc573c0908b1,"[[0, 1, 2, 3, 4, 5, 6, 7, 8, 9, 10, 11]]",0.002572098456238847,-0.0,0.0,-4.233543059065238e-15,,0.0,0.10433642250838018,0.10433642250838018,0.002572098456238847,0.0,-1.0,"{""4"": 1}",0.10433642250838018,0.10433460872547459,1.1567137975419781,1e-05,True,40,development_isotonic_frozen
s0-i14,held_out,0,oracle,p_saps_residualized,1,0.05,54a0dc573c0908b1,"[[0, 1, 2, 3, 4, 5, 6, 7, 8, 9, 10, 11]]",0.002572098456238847,-0.0,0.0,-4.233543059065238e-15,,0.0,0.10433642250838018,0.10433642250838018,0.002572098456238847,0.0,-1.0,"{""4"": 1}",0.10433642250838018,0.10433460872547459,1.1567137975419781,1e-05,True,40,development_isotonic_frozen
s0-i14,held_out,0,oracle,p_saps_projection,1,0.05,54a0dc573c0908b1,"[[0, 1, 2, 3, 4, 5, 6, 7, 8, 9, 10, 11]]",0.002572098456238847,-0.0,0.0,-4.233543059065238e-15,,0.0,0.10433642250838018,0.10433642250838018,0.002572098456238847,0.0,-1.0,"{""4"": 1}",0.10433642250838018,0.10433460872547459,1.1567137975419781,1e-05,True,40,development_isotonic_frozen
s0-i14,held_out,0,oracle,b_saps_budgeted,1,0.05,54a0dc573c0908b1,"[[0, 1, 2, 3, 4, 5, 6, 7, 8, 9, 10, 11]]",0.002572098456238847,-0.0,0.0,-4.233543059065238e-15,,0.0,0.10433642250838018,0.10433642250838018,0.002572098456238847,0.0,-1.0,"{""4"": 1}",0.10433642250838018,0.10433460872547459,1.1567137975419781,1e-05,True,40,development_isotonic_frozen
s0-i14,held_out,0,oracle,random_balanced,1,0.15,54a0dc573c0908b1,"[[0, 1, 2, 3, 4, 5, 6, 7, 8, 9, 10, 11]]",0.0,-0.0,0.0,-4.233543059065238e-15,,0.0,0.10433642250838018,0.10433642250838018,0.0,0.0,0.0,"{""4"": 1}",0.10433642250838018,0.10433460872547459,1.1567137975419781,1e-05,True,40,development_isotonic_frozen
s0-i14,held_out,0,oracle,confidence,1,0.15,54a0dc573c0908b1,"[[0, 1, 2, 3, 4, 5, 6, 7, 8, 9, 10, 11]]",0.0,-0.0,0.0,-4.233543059065238e-15,,0.0,0.10433642250838018,0.10433642250838018,0.0,0.0,0.0,"{""4"": 1}",0.10433642250838018,0.10433460872547459,1.1567137975419781,1e-05,True,40,development_isotonic_frozen
s0-i14,held_out,0,oracle,entropy,1,0.15,54a0dc573c0908b1,"[[0, 1, 2, 3, 4, 5, 6, 7, 8, 9, 10, 11]]",0.0,-0.0,0.0,-4.233543059065238e-15,,0.0,0.10433642250838018,0.10433642250838018,0.0,0.0,0.0,"{""4"": 1}",0.10433642250838018,0.10433460872547459,1.1567137975419781,1e-05,True,40,development_isotonic_frozen
s0-i14,held_out,0,oracle,dependency_cmi,1,0.15,54a0dc573c0908b1,"[[0, 1, 2, 3, 4, 5, 6, 7, 8, 9, 10, 11]]",0.0,-0.0,0.0,-4.233543059065238e-15,,0.0,0.10433642250838018,0.10433642250838018,0.0,0.0,0.0,"{""4"": 1}",0.10433642250838018,0.10433460872547459,1.1567137975419781,1e-05,True,40,development_isotonic_frozen
s0-i14,held_out,0,oracle,min_within_batch_tc,1,0.15,54a0dc573c0908b1,"[[0, 1, 2, 3, 4, 5, 6, 7, 8, 9, 10, 11]]",0.0,-0.0,0.0,-4.233543059065238e-15,,0.0,0.10433642250838018,0.10433642250838018,0.0,0.0,0.0,"{""4"": 1}",0.10433642250838018,0.10433460872547459,1.1567137975419781,1e-05,True,40,development_isotonic_frozen
s0-i14,held_out,0,oracle,dprm_myopic,1,0.15,54a0dc573c0908b1,"[[0, 1, 2, 3, 4, 5, 6, 7, 8, 9, 10, 11]]",0.0,-0.0,0.0,-4.233543059065238e-15,,0.0,0.10433642250838018,0.10433642250838018,0.0,0.0,0.0,"{""4"": 1}",0.10433642250838018,0.10433460872547459,1.1567137975419781,1e-05,True,40,development_isotonic_frozen
s0-i14,held_out,0,oracle,dprm_rollout,1,0.15,54a0dc573c0908b1,"[[0, 1, 2, 3, 4, 5, 6, 7, 8, 9, 10, 11]]",0.0,-0.0,0.0,-4.233543059065238e-15,,0.0,0.10433642250838018,0.10433642250838018,0.0,0.0,0.0,"{""4"": 1}",0.10433642250838018,0.10433460872547459,1.1567137975419781,1e-05,True,40,development_isotonic_frozen
s0-i14,held_out,0,oracle,subset_exact,1,0.15,54a0dc573c0908b1,"[[0, 1, 2, 3, 4, 5, 6, 7, 8, 9, 10, 11]]",0.0,-0.0,0.0,-4.233543059065238e-15,,0.0,0.10433642250838018,0.10433642250838018,0.0,0.0,0.0,"{""4"": 1}",0.10433642250838018,0.10433460872547459,1.1567137975419781,1e-05,True,40,development_isotonic_frozen
s0-i14,held_out,0,oracle,subset_beam_8,1,0.15,54a0dc573c0908b1,"[[0, 1, 2, 3, 4, 5, 6, 7, 8, 9, 10, 11]]",0.0,-0.0,0.0,-4.233543059065238e-15,,0.0,0.10433642250838018,0.10433642250838018,0.0,0.0,0.0,"{""4"": 1}",0.10433642250838018,0.10433460872547459,1.1567137975419781,1e-05,True,40,development_isotonic_frozen
s0-i14,held_out,0,oracle,subset_beam_32,1,0.15,54a0dc573c0908b1,"[[0, 1, 2, 3, 4, 5, 6, 7, 8, 9, 10, 11]]",0.0,-0.0,0.0,-4.233543059065238e-15,,0.0,0.10433642250838018,0.10433642250838018,0.0,0.0,0.0,"{""4"": 1}",0.10433642250838018,0.10433460872547459,1.1567137975419781,1e-05,True,40,development_isotonic_frozen
s0-i14,held_out,0,oracle,saps_diagonal,1,0.15,54a0dc573c0908b1,"[[0, 1, 2, 3, 4, 5, 6, 7, 8, 9, 10, 11]]",0.0,-0.0,0.0,-4.233543059065238e-15,,0.0,0.10433642250838018,0.10433642250838018,0.0,0.0,0.0,"{""4"": 1}",0.10433642250838018,0.10433460872547459,1.1567137975419781,1e-05,True,40,development_isotonic_frozen
s0-i14,held_out,0,oracle,p_saps_residualized,1,0.15,54a0dc573c0908b1,"[[0, 1, 2, 3, 4, 5, 6, 7, 8, 9, 10, 11]]",0.0,-0.0,0.0,-4.233543059065238e-15,,0.0,0.10433642250838018,0.10433642250838018,0.0,0.0,0.0,"{""4"": 1}",0.10433642250838018,0.10433460872547459,1.1567137975419781,1e-05,True,40,development_isotonic_frozen
s0-i14,held_out,0,oracle,p_saps_projection,1,0.15,54a0dc573c0908b1,"[[0, 1, 2, 3, 4, 5, 6, 7, 8, 9, 10, 11]]",0.0,-0.0,0.0,-4.233543059065238e-15,,0.0,0.10433642250838018,0.10433642250838018,0.0,0.0,0.0,"{""4"": 1}",0.10433642250838018,0.10433460872547459,1.1567137975419781,1e-05,True,40,development_isotonic_frozen
s0-i14,held_out,0,oracle,b_saps_budgeted,1,0.15,54a0dc573c0908b1,"[[0, 1, 2, 3, 4, 5, 6, 7, 8, 9, 10, 11]]",0.0,-0.0,0.0,-4.233543059065238e-15,,0.0,0.10433642250838018,0.10433642250838018,0.0,0.0,0.0,"{""4"": 1}",0.10433642250838018,0.10433460872547459,1.1567137975419781,1e-05,True,40,development_isotonic_frozen
s0-i14,held_out,0,oracle,random_balanced,2,0.01,281a327f6476d047,"[[0, 4, 5, 6, 8, 10], [1, 2, 3, 7, 9, 11]]",0.000953006085420621,-0.30148930161257065,0.5018231972156103,-1.866961928607028e-15,,1.0,0.012008928571428578,0.012008928571428578,0.001014490348996145,0.0,0.0,"{""1"": 1}",0.012008928571428578,0.012008771048462225,0.5258290769162272,1e-05,True,40,development_isotonic_frozen
s0-i14,held_out,0,oracle,confidence,2,0.01,54f3ac689007def1,"[[2, 3, 4, 6, 9, 11], [0, 1, 5, 7, 8, 10]]",0.000953006085420621,-0.20815509456298875,0.6295251634151585,-1.9682600018602975e-15,,0.0,0.020381224608089898,0.020381224608089898,0.001014490348996145,0.0,0.0,"{""2"": 1}",0.020381224608089898,0.020380996508170178,0.730809007331062,1e-05,True,40,development_isotonic_frozen
s0-i14,held_out,0,oracle,entropy,2,0.01,437540d2716eace1,"[[1, 2, 3, 4, 9, 11], [0, 5, 6, 7, 8, 10]]",0.000953006085420621,-0.21419739434284532,0.631194822004149,-1.9649775364959243e-15,,0.0,0.0168065163099069,0.0168065163099069,0.001014490348996145,0.0,0.0,"{""2"": 1}",0.0168065163099069,0.016806370746012586,0.5148376221226552,1e-05,True,40,development_isotonic_frozen
s0-i14,held_out,0,oracle,dependency_cmi,2,0.01,eaaac84d35425434,"[[0, 1, 6, 8, 9, 10], [2, 3, 4, 5, 7, 11]]",0.000953006085420621,-0.2974740968980345,0.5213105029939059,-1.5087485588481715e-15,,1.0,0.04277777777777781,0.04277777777777781,0.001014490348996145,0.0,0.0,"{""1"": 1}",0.04277777777777781,0.04277718752578554,0.8518103393791875,1e-05,True,40,development_isotonic_frozen
s0-i14,held_out,0,oracle,min_within_batch_tc,2,0.01,8013e343bd6959a3,"[[0, 4, 5, 8, 9, 10], [1, 2, 3, 6, 7, 11]]",0.000953006085420621,-0.28309333395670677,0.5342694974755887,-1.5777693632601082e-15,,0.0,0.05373015912065418,0.05373015912065418,0.001014490348996145,0.0,0.0,"{""2"": 1}",0.05373015912065418,0.05372965966798564,0.5854138175860573,1e-05,True,40,development_isotonic_frozen
s0-i14,held_out,0,oracle,dprm_myopic,2,0.01,6fba27343288f6cc,"[[0, 1, 2, 3, 4, 6], [5, 7, 8, 9, 10, 11]]",0.000953006085420621,-0.2517018155952682,0.5767343080774436,-2.249063593164554e-15,,0.0,0.10433642250838018,0.10433642250838018,0.0,0.0,0.0,"{""4"": 1}",0.10433642250838018,0.10433460872547459,1.1567137975419781,1e-05,True,40,development_isotonic_frozen
s0-i14,held_out,0,oracle,dprm_rollout,2,0.01,42c28e3582cc077f,"[[0, 1, 2, 4, 6, 8], [3, 5, 7, 9, 10, 11]]",0.000953006085420621,-0.2613097894025186,0.565680802620211,-2.3225449003082537e-15,,0.0,0.10433642250838018,0.10433642250838018,0.0,0.0,0.0,"{""4"": 1}",0.10433642250838018,0.10433460872547459,1.1567137975419781,1e-05,True,40,development_isotonic_frozen
s0-i14,held_out,0,oracle,subset_exact,2,0.01,9d5d24fb6f0a417b,"[[0, 1, 2, 3, 4, 5], [6, 7, 8, 9, 10, 11]]",0.000953006085420621,-0.25431965029672826,0.5755298855521136,-2.1860916256287723e-15,,1.0,0.0065719696969697,0.0065719696969697,0.001014490348996145,0.0,0.0,"{""1"": 1}",0.0065719696969697,0.006571873268916765,0.43078994277698063,1e-05,True,40,development_isotonic_frozen
s0-i14,held_out,0,oracle,subset_beam_8,2,0.01,9d5d24fb6f0a417b,"[[0, 1, 2, 3, 4, 5], [6, 7, 8, 9, 10, 11]]",0.000953006085420621,-0.25431965029672826,0.5755298855521136,-2.1860916256287723e-15,,1.0,0.0065719696969697,0.0065719696969697,0.001014490348996145,0.0,0.0,"{""1"": 1}",0.0065719696969697,0.006571873268916765,0.43078994277698063,1e-05,True,40,development_isotonic_frozen
s0-i14,held_out,0,oracle,subset_beam_32,2,0.01,9d5d24fb6f0a417b,"[[0, 1, 2, 3, 4, 5], [6, 7, 8, 9, 10, 11]]",0.000953006085420621,-0.25431965029672826,0.5755298855521136,-2.1860916256287723e-15,,1.0,0.0065719696969697,0.0065719696969697,0.001014490348996145,0.0,0.0,"{""1"": 1}",0.0065719696969697,0.006571873268916765,0.43078994277698063,1e-05,True,40,development_isotonic_frozen
s0-i14,held_out,0,oracle,saps_diagonal,2,0.01,281a327f6476d047,"[[0, 4, 5, 6, 8, 10], [1, 2, 3, 7, 9, 11]]",0.000953006085420621,-0.30148930161257065,0.5018231972156103,-1.866961928607028e-15,,1.0,0.012008928571428578,0.012008928571428578,0.001014490348996145,0.0,0.0,"{""1"": 1}",0.012008928571428578,0.012008771048462225,0.5258290769162272,1e-05,True,40,development_isotonic_frozen
s0-i14,held_out,0,oracle,p_saps_residualized,2,0.01,729964e25f1dcb17,"[[0, 1, 2, 4, 8, 9], [3, 5, 6, 7, 10, 11]]",0.000953006085420621,-0.24291382174665474,0.5981271028801896,-1.8322574011454264e-15,,1.0,0.0065719696969697,0.0065719696969697,0.001014490348996145,0.0,0.0,"{""1"": 1}",0.0065719696969697,0.006571873268916765,0.43078994277698063,1e-05,True,80,development_isotonic_frozen
s0-i14,held_out,0,oracle,p_saps_projection,2,0.01,928a818cbd65ec0c,"[[0, 3, 4, 5, 7, 9], [1, 2, 6, 8, 10, 11]]",0.000953006085420621,-0.25876251103236536,0.5554360982323153,-2.168124175677406e-15,,0.0,0.05373015912065418,0.05373015912065418,0.001014490348996145,0.0,0.0,"{""2"": 1}",0.05373015912065418,0.05372965966798564,0.5854138175860573,1e-05,True,640,development_isotonic_frozen
s0-i14,held_out,0,oracle,b_saps_budgeted,2,0.01,281a327f6476d047,"[[0, 4, 5, 6, 8, 10], [1, 2, 3, 7, 9, 11]]",0.000953006085420621,-0.30148930161257065,0.5018231972156103,-1.866961928607028e-15,,1.0,0.012008928571428578,0.012008928571428578,0.001014490348996145,0.0,0.0,"{""1"": 1}",0.012008928571428578,0.012008771048462225,0.5258290769162272,1e-05,True,40,development_isotonic_frozen
s0-i14,held_out,0,oracle,random_balanced,2,0.05,281a327f6476d047,"[[0, 4, 5, 6, 8, 10], [1, 2, 3, 7, 9, 11]]",0.004442607039073846,-0.30148930161257065,0.5018231972156103,-1.866961928607028e-15,,1.0,0.012008928571428578,0.012008928571428578,0.0045632850121599755,-0.25,0.0,"{""1"": 1}",0.012008928571428578,0.012008771048462225,0.5258290769162272,1e-05,True,40,development_isotonic_frozen
s0-i14,held_out,0,oracle,confidence,2,0.05,54f3ac689007def1,"[[2, 3, 4, 6, 9, 11], [0, 1, 5, 7, 8, 10]]",0.004442607039073846,-0.20815509456298875,0.6295251634151585,-1.9682600018602975e-15,,0.0,0.020381224608089898,0.020381224608089898,0.0045632850121599755,0.0,0.0,"{""2"": 1}",0.020381224608089898,0.020380996508170178,0.730809007331062,1e-05,True,40,development_isotonic_frozen
s0-i14,held_out,0,oracle,entropy,2,0.05,437540d2716eace1,"[[1, 2, 3, 4, 9, 11], [0, 5, 6, 7, 8, 10]]",0.004442607039073846,-0.21419739434284532,0.631194822004149,-1.9649775364959243e-15,,0.0,0.0168065163099069,0.0168065163099069,0.0045632850121599755,0.0,-1.0,"{""2"": 1}",0.0168065163099069,0.016806370746012586,0.5148376221226552,1e-05,True,40,development_isotonic_frozen
s0-i14,held_out,0,oracle,dependency_cmi,2,0.05,eaaac84d35425434,"[[0, 1, 6, 8, 9, 10], [2, 3, 4, 5, 7, 11]]",0.004442607039073846,-0.2974740968980345,0.5213105029939059,-1.5087485588481715e-15,,1.0,0.04277777777777781,0.04277777777777781,0.0045632850121599755,0.0,-1.0,"{""1"": 1}",0.04277777777777781,0.04277718752578554,0.8518103393791875,1e-05,True,40,development_isotonic_frozen
s0-i14,held_out,0,oracle,min_within_batch_tc,2,0.05,8013e343bd6959a3,"[[0, 4, 5, 8, 9, 10], [1, 2, 3, 6, 7, 11]]",0.004442607039073846,-0.28309333395670677,0.5342694974755887,-1.5777693632601082e-15,,0.0,0.05373015912065418,0.05373015912065418,0.0045632850121599755,0.0,0.0,"{""2"": 1}",0.05373015912065418,0.05372965966798564,0.5854138175860573,1e-05,True,40,development_isotonic_frozen
s0-i14,held_out,0,oracle,dprm_myopic,2,0.05,6fba27343288f6cc,"[[0, 1, 2, 3, 4, 6], [5, 7, 8, 9, 10, 11]]",0.004442607039073846,-0.2517018155952682,0.5767343080774436,-2.249063593164554e-15,,0.0,0.10433642250838018,0.10433642250838018,0.002572098456238847,0.0,-1.0,"{""4"": 1}",0.10433642250838018,0.10433460872547459,1.1567137975419781,1e-05,True,40,development_isotonic_frozen
s0-i14,held_out,0,oracle,dprm_rollout,2,0.05,c048156ba9cdac49,"[[0, 1, 2, 4, 5, 6], [3, 7, 8, 9, 10, 11]]",0.004442607039073846,-0.26160215581658747,0.5665899900404744,-2.4429082557539037e-15,,0.0,0.10433642250838018,0.10433642250838018,0.002572098456238847,0.0,-1.0,"{""4"": 1}",0.10433642250838018,0.10433460872547459,1.1567137975419781,1e-05,True,40,development_isotonic_frozen
s0-i14,held_out,0,oracle,subset_exact,2,0.05,9d5d24fb6f0a417b,"[[0, 1, 2, 3, 4, 5], [6, 7, 8, 9, 10, 11]]",0.004442607039073846,-0.25431965029672826,0.5755298855521136,-2.1860916256287723e-15,,1.0,0.0065719696969697,0.0065719696969697,0.0045632850121599755,0.0,0.0,"{""1"": 1}",0.0065719696969697,0.006571873268916765,0.43078994277698063,1e-05,True,40,development_isotonic_frozen
s0-i14,held_out,0,oracle,subset_beam_8,2,0.05,9d5d24fb6f0a417b,"[[0, 1, 2, 3, 4, 5], [6, 7, 8, 9, 10, 11]]",0.004442607039073846,-0.25431965029672826,0.5755298855521136,-2.1860916256287723e-15,,1.0,0.0065719696969697,0.0065719696969697,0.0045632850121599755,0.0,0.0,"{""1"": 1}",0.0065719696969697,0.006571873268916765,0.43078994277698063,1e-05,True,40,development_isotonic_frozen
s0-i14,held_out,0,oracle,subset_beam_32,2,0.05,9d5d24fb6f0a417b,"[[0, 1, 2, 3, 4, 5], [6, 7, 8, 9, 10, 11]]",0.004442607039073846,-0.25431965029672826,0.5755298855521136,-2.1860916256287723e-15,,1.0,0.0065719696969697,0.0065719696969697,0.0045632850121599755,0.0,0.0,"{""1"": 1}",0.0065719696969697,0.006571873268916765,0.43078994277698063,1e-05,True,40,development_isotonic_frozen
s0-i14,held_out,0,oracle,saps_diagonal,2,0.05,281a327f6476d047,"[[0, 4, 5, 6, 8, 10], [1, 2, 3, 7, 9, 11]]",0.004442607039073846,-0.30148930161257065,0.5018231972156103,-1.866961928607028e-15,,1.0,0.012008928571428578,0.012008928571428578,0.0045632850121599755,-0.25,0.0,"{""1"": 1}",0.012008928571428578,0.012008771048462225,0.5258290769162272,1e-05,True,40,development_isotonic_frozen
s0-i14,held_out,0,oracle,p_saps_residualized,2,0.05,729964e25f1dcb17,"[[0, 1, 2, 4, 8, 9], [3, 5, 6, 7, 10, 11]]",0.004442607039073846,-0.24291382174665474,0.5981271028801896,-1.8322574011454264e-15,,1.0,0.0065719696969697,0.0065719696969697,0.0045632850121599755,0.0,0.0,"{""1"": 1}",0.0065719696969697,0.006571873268916765,0.43078994277698063,1e-05,True,80,development_isotonic_frozen
s0-i14,held_out,0,oracle,p_saps_projection,2,0.05,928a818cbd65ec0c,"[[0, 3, 4, 5, 7, 9], [1, 2, 6, 8, 10, 11]]",0.004442607039073846,-0.25876251103236536,0.5554360982323153,-2.168124175677406e-15,,0.0,0.05373015912065418,0.05373015912065418,0.0045632850121599755,0.0,-1.0,"{""2"": 1}",0.05373015912065418,0.05372965966798564,0.5854138175860573,1e-05,True,640,development_isotonic_frozen
s0-i14,held_out,0,oracle,b_saps_budgeted,2,0.05,281a327f6476d047,"[[0, 4, 5, 6, 8, 10], [1, 2, 3, 7, 9, 11]]",0.004442607039073846,-0.30148930161257065,0.5018231972156103,-1.866961928607028e-15,,1.0,0.012008928571428578,0.012008928571428578,0.0045632850121599755,-0.25,0.0,"{""1"": 1}",0.012008928571428578,0.012008771048462225,0.5258290769162272,1e-05,True,40,development_isotonic_frozen
s0-i14,held_out,0,oracle,random_balanced,2,0.15,281a327f6476d047,"[[0, 4, 5, 6, 8, 10], [1, 2, 3, 7, 9, 11]]",0.039415485560020766,-0.30148930161257065,0.5018231972156103,-1.866961928607028e-15,,1.0,0.012008928571428578,0.012008928571428578,0.10319987799386791,0.0,0.0,"{""1"": 1}",0.012008928571428578,0.012008771048462225,0.5258290769162272,1e-05,True,40,development_isotonic_frozen
s0-i14,held_out,0,oracle,confidence,2,0.15,54f3ac689007def1,"[[2, 3, 4, 6, 9, 11], [0, 1, 5, 7, 8, 10]]",0.039415485560020766,-0.20815509456298875,0.6295251634151585,-1.9682600018602975e-15,,0.0,0.020381224608089898,0.020381224608089898,0.0316741333019828,0.125,0.0,"{""2"": 1}",0.020381224608089898,0.020380996508170178,0.730809007331062,1e-05,True,40,development_isotonic_frozen
s0-i14,held_out,0,oracle,entropy,2,0.15,437540d2716eace1,"[[1, 2, 3, 4, 9, 11], [0, 5, 6, 7, 8, 10]]",0.039415485560020766,-0.21419739434284532,0.631194822004149,-1.9649775364959243e-15,,0.0,0.0168065163099069,0.0168065163099069,0.0316741333019828,0.0,0.0,"{""2"": 1}",0.0168065163099069,0.016806370746012586,0.5148376221226552,1e-05,True,40,development_isotonic_frozen
s0-i14,held_out,0,oracle,dependency_cmi,2,0.15,eaaac84d35425434,"[[0, 1, 6, 8, 9, 10], [2, 3, 4, 5, 7, 11]]",0.039415485560020766,-0.2974740968980345,0.5213105029939059,-1.5087485588481715e-15,,1.0,0.04277777777777781,0.04277777777777781,0.10319987799386791,0.0,0.0,"{""1"": 1}",0.04277777777777781,0.04277718752578554,0.8518103393791875,1e-05,True,40,development_isotonic_frozen
s0-i14,held_out,0,oracle,min_within_batch_tc,2,0.15,8013e343bd6959a3,"[[0, 4, 5, 8, 9, 10], [1, 2, 3, 6, 7, 11]]",0.039415485560020766,-0.28309333395670677,0.5342694974755887,-1.5777693632601082e-15,,0.0,0.05373015912065418,0.05373015912065418,0.0316741333019828,0.0,0.0,"{""2"": 1}",0.05373015912065418,0.05372965966798564,0.5854138175860573,1e-05,True,40,development_isotonic_frozen
s0-i14,held_out,0,oracle,dprm_myopic,2,0.15,6fba27343288f6cc,"[[0, 1, 2, 3, 4, 6], [5, 7, 8, 9, 10, 11]]",0.039415485560020766,-0.2517018155952682,0.5767343080774436,-2.249063593164554e-15,,0.0,0.10433642250838018,0.10433642250838018,0.0,0.0,0.0,"{""4"": 1}",0.10433642250838018,0.10433460872547459,1.1567137975419781,1e-05,True,40,development_isotonic_frozen
s0-i14,held_out,0,oracle,dprm_rollout,2,0.15,b113df1ab9af1576,"[[1, 2, 3, 6, 7, 9], [0, 4, 5, 8, 10, 11]]",0.039415485560020766,-0.23808475262469123,0.5913304787921191,-1.7015269749400355e-15,,0.0,0.01990736991293785,0.01990736991293785,0.0316741333019828,-0.125,0.0,"{""2"": 1}",0.01990736991293785,0.0199066201146052,1.0808765195406917,1e-05,True,40,development_isotonic_frozen
s0-i14,held_out,0,oracle,subset_exact,2,0.15,8f8202440a831f4d,"[[0, 1, 3, 5, 7, 11], [2, 4, 6, 8, 9, 10]]",0.039415485560020766,-0.28276795612766537,0.5297174827264225,-1.6365965090879025e-15,,0.0,0.03214105886028269,0.03214105886028269,0.0316741333019828,0.0,0.0,"{""2"": 1}",0.03214105886028269,0.032140317724434986,0.8655873205680972,1e-05,True,40,development_isotonic_frozen
s0-i14,held_out,0,oracle,subset_beam_8,2,0.15,9d5d24fb6f0a417b,"[[0, 1, 2, 3, 4, 5], [6, 7, 8, 9, 10, 11]]",0.039415485560020766,-0.25431965029672826,0.5755298855521136,-2.1860916256287723e-15,,1.0,0.0065719696969697,0.0065719696969697,0.10319987799386791,0.0,0.0,"{""1"": 1}",0.0065719696969697,0.006571873268916765,0.43078994277698063,1e-05,True,40,development_isotonic_frozen
s0-i14,held_out,0,oracle,subset_beam_32,2,0.15,9d5d24fb6f0a417b,"[[0, 1, 2, 3, 4, 5], [6, 7, 8, 9, 10, 11]]",0.039415485560020766,-0.25431965029672826,0.5755298855521136,-2.1860916256287723e-15,,1.0,0.0065719696969697,0.0065719696969697,0.10319987799386791,0.0,0.0,"{""1"": 1}",0.0065719696969697,0.006571873268916765,0.43078994277698063,1e-05,True,40,development_isotonic_frozen
s0-i14,held_out,0,oracle,saps_diagonal,2,0.15,281a327f6476d047,"[[0, 4, 5, 6, 8, 10], [1, 2, 3, 7, 9, 11]]",0.039415485560020766,-0.30148930161257065,0.5018231972156103,-1.866961928607028e-15,,1.0,0.012008928571428578,0.012008928571428578,0.10319987799386791,0.0,0.0,"{""1"": 1}",0.012008928571428578,0.012008771048462225,0.5258290769162272,1e-05,True,40,development_isotonic_frozen
s0-i14,held_out,0,oracle,p_saps_residualized,2,0.15,729964e25f1dcb17,"[[0, 1, 2, 4, 8, 9], [3, 5, 6, 7, 10, 11]]",0.039415485560020766,-0.24291382174665474,0.5981271028801896,-1.8322574011454264e-15,,1.0,0.0065719696969697,0.0065719696969697,0.10319987799386791,0.0,0.0,"{""1"": 1}",0.0065719696969697,0.006571873268916765,0.43078994277698063,1e-05,True,80,development_isotonic_frozen
s0-i14,held_out,0,oracle,p_saps_projection,2,0.15,48aadaf53f24e5f1,"[[0, 1, 4, 5, 6, 10], [2, 3, 7, 8, 9, 11]]",0.039415485560020766,-0.305206133105036,0.5056064657501942,-1.975029705465024e-15,,0.0,0.10433642250838018,0.10433642250838018,0.0,0.125,0.0,"{""4"": 1}",0.10433642250838018,0.10433460872547459,1.1567137975419781,1e-05,True,640,development_isotonic_frozen
s0-i14,held_out,0,oracle,b_saps_budgeted,2,0.15,281a327f6476d047,"[[0, 4, 5, 6, 8, 10], [1, 2, 3, 7, 9, 11]]",0.039415485560020766,-0.30148930161257065,0.5018231972156103,-1.866961928607028e-15,,1.0,0.012008928571428578,0.012008928571428578,0.10319987799386791,0.0,0.0,"{""1"": 1}",0.012008928571428578,0.012008771048462225,0.5258290769162272,1e-05,True,40,development_isotonic_frozen
s0-i14,held_out,0,oracle,random_balanced,3,0.01,fbeaa9823fefe5e8,"[[4, 5, 6, 10], [0, 3, 7, 8], [1, 2, 9, 11]]",0.0010083419226385925,-0.5871932362402466,1.012682845939154,-1.1269491786405515e-15,,1.0,0.010398724082934603,0.010398724082934603,0.001014490348996145,0.0,0.0,"{""1"": 1}",0.010398724082934603,0.010398598196834452,0.5940164312660324,1e-05,True,40,development_isotonic_frozen
s0-i14,held_out,0,oracle,confidence,3,0.01,2318ff7fd16de77d,"[[2, 4, 9, 11], [3, 6, 7, 8], [0, 1, 5, 10]]",0.0010083419226385925,-0.42746010314879096,1.2448566555181568,-9.670525772603154e-16,,0.0,0.009160302384182974,0.009160302384182974,0.001014490348996145,0.0,0.0,"{""2"": 1}",0.009160302384182974,0.009160171841465746,0.818796464253117,1e-05,True,40,development_isotonic_frozen
s0-i14,held_out,0,oracle,entropy,3,0.01,87fba4442761d00f,"[[2, 4, 9, 11], [0, 1, 3, 6], [5, 7, 8, 10]]",0.0010083419226385925,-0.4373543278189007,1.2506569780020402,-1.0388199292300432e-15,,0.0,0.016019248066358027,0.016019248066358027,0.001014490348996145,0.0,0.0,"{""3"": 1}",0.016019248066358027,0.016019039195023434,0.867793450398441,1e-05,True,40,development_isotonic_frozen
s0-i14,held_out,0,oracle,dependency_cmi,3,0.01,381b54951a038d6d,"[[0, 1, 6, 8], [2, 4, 5, 7], [3, 9, 10, 11]]",0.0010083419226385925,-0.565074839540786,1.0634536781283022,-8.373250624540179e-16,,1.0,0.04277777777777781,0.04277777777777781,0.001014490348996145,0.0,0.0,"{""1"": 1}",0.04277777777777781,0.04277718752578554,0.8518103393791875,1e-05,True,40,development_isotonic_frozen
s0-i14,held_out,0,oracle,min_within_batch_tc,3,0.01,d1973db4260e8e24,"[[0, 4, 5, 7], [6, 8, 9, 10], [1, 2, 3, 11]]",0.0010083419226385925,-0.5690762583803582,1.0451792340813586,-7.815671449888679e-16,,1.0,0.010925039872408287,0.010925039872408287,0.001014490348996145,0.0,0.0,"{""1"": 1}",0.010925039872408287,0.010924846225305658,0.5940164312660324,1e-05,True,40,development_isotonic_frozen
s0-i14,held_out,0,oracle,dprm_myopic,3,0.01,8d407b255bd287c4,"[[0, 1, 4, 6], [2, 3, 5, 7], [8, 9, 10, 11]]",0.0010083419226385925,-0.5421850995832133,1.0924538691271317,-8.09712113881856e-16,,0.0,0.10433642250838018,0.10433642250838018,0.0,0.125,0.0,"{""4"": 1}",0.10433642250838018,0.10433460872547459,1.1567137975419781,1e-05,True,40,development_isotonic_frozen
s0-i14,held_out,0,oracle,dprm_rollout,3,0.01,93021dbf58993517,"[[0, 1, 2, 4], [5, 6, 8, 9], [3, 7, 10, 11]]",0.0010083419226385925,-0.5045159775632422,1.1647170929206638,-1.2074969889389213e-15,,1.0,0.0065719696969697,0.0065719696969697,0.001014490348996145,0.0,0.0,"{""1"": 1}",0.0065719696969697,0.006571873268916765,0.43078994277698063,1e-05,True,40,development_isotonic_frozen
s0-i14,held_out,0,oracle,subset_exact,3,0.01,e2448e3c8e301e91,"[[0, 1, 2, 3], [4, 6, 9, 11], [5, 7, 8, 10]]",0.0010083419226385925,-0.48457484119425215,1.190972942579961,-8.930605258270965e-16,,0.0,0.03214105886028269,0.03214105886028269,0.001014490348996145,0.0,0.0,"{""2"": 1}",0.03214105886028269,0.032140317724434986,0.8655873205680972,1e-05,True,40,development_isotonic_frozen
s0-i14,held_out,0,oracle,subset_beam_8,3,0.01,e2448e3c8e301e91,"[[0, 1, 2, 3], [4, 6, 9, 11], [5, 7, 8, 10]]",0.0010083419226385925,-0.48457484119425215,1.190972942579961,-8.930605258270965e-16,,0.0,0.03214105886028269,0.03214105886028269,0.001014490348996145,0.0,0.0,"{""2"": 1}",0.03214105886028269,0.032140317724434986,0.8655873205680972,1e-05,True,40,development_isotonic_frozen
s0-i14,held_out,0,oracle,subset_beam_32,3,0.01,e2448e3c8e301e91,"[[0, 1, 2, 3], [4, 6, 9, 11], [5, 7, 8, 10]]",0.0010083419226385925,-0.48457484119425215,1.190972942579961,-8.930605258270965e-16,,0.0,0.03214105886028269,0.03214105886028269,0.001014490348996145,0.0,0.0,"{""2"": 1}",0.03214105886028269,0.032140317724434986,0.8655873205680972,1e-05,True,40,development_isotonic_frozen
s0-i14,held_out,0,oracle,saps_diagonal,3,0.01,fbeaa9823fefe5e8,"[[4, 5, 6, 10], [0, 3, 7, 8], [1, 2, 9, 11]]",0.0010083419226385925,-0.5871932362402466,1.012682845939154,-1.1269491786405515e-15,,1.0,0.010398724082934603,0.010398724082934603,0.001014490348996145,0.0,0.0,"{""1"": 1}",0.010398724082934603,0.010398598196834452,0.5940164312660324,1e-05,True,40,development_isotonic_frozen
s0-i14,held_out,0,oracle,p_saps_residualized,3,0.01,81665f98d0fc08c0,"[[0, 1, 2, 4], [5, 7, 8, 9], [3, 6, 10, 11]]",0.0010083419226385925,-0.5060579177788053,1.1615769270657361,-1.208920322658527e-15,,1.0,0.005922619047619045,0.005922619047619045,0.001014490348996145,0.0,0.0,"{""1"": 1}",0.005922619047619045,0.005922564527162463,0.3849552367317273,1e-05,True,80,development_isotonic_frozen
s0-i14,held_out,0,oracle,p_saps_projection,3,0.01,ceffffe07965ea46,"[[0, 4, 5, 7], [3, 8, 9, 11], [1, 2, 6, 10]]",0.0010083419226385925,-0.5341398433244933,1.0882634925085182,-9.343775640659803e-16,,0.0,0.04548895290440179,0.04548895290440179,0.001014490348996145,0.0,0.0,"{""2"": 1}",0.04548895290440179,0.04548830037649754,0.6674601023842748,1e-05,True,640,development_isotonic_frozen
s0-i14,held_out,0,oracle,b_saps_budgeted,3,0.01,fbeaa9823fefe5e8,"[[4, 5, 6, 10], [0, 3, 7, 8], [1, 2, 9, 11]]",0.0010083419226385925,-0.5871932362402466,1.012682845939154,-1.1269491786405515e-15,,1.0,0.010398724082934603,0.010398724082934603,0.001014490348996145,0.0,0.0,"{""1"": 1}",0.010398724082934603,0.010398598196834452,0.5940164312660324,1e-05,True,40,development_isotonic_frozen
s0-i14,held_out,0,oracle,random_balanced,3,0.05,fbeaa9823fefe5e8,"[[4, 5, 6, 10], [0, 3, 7, 8], [1, 2, 9, 11]]",0.004551217214851362,-0.5871932362402466,1.012682845939154,-1.1269491786405515e-15,,1.0,0.010398724082934603,0.010398724082934603,0.0045632850121599755,0.0,0.0,"{""1"": 1}",0.010398724082934603,0.010398598196834452,0.5940164312660324,1e-05,True,40,development_isotonic_frozen
s0-i14,held_out,0,oracle,confidence,3,0.05,2318ff7fd16de77d,"[[2, 4, 9, 11], [3, 6, 7, 8], [0, 1, 5, 10]]",0.004551217214851362,-0.42746010314879096,1.2448566555181568,-9.670525772603154e-16,,0.0,0.009160302384182974,0.009160302384182974,0.0045632850121599755,0.0,-1.0,"{""2"": 1}",0.009160302384182974,0.009160171841465746,0.818796464253117,1e-05,True,40,development_isotonic_frozen
s0-i14,held_out,0,oracle,entropy,3,0.05,87fba4442761d00f,"[[2, 4, 9, 11], [0, 1, 3, 6], [5, 7, 8, 10]]",0.004551217214851362,-0.4373543278189007,1.2506569780020402,-1.0388199292300432e-15,,0.0,0.016019248066358027,0.016019248066358027,0.0045632850121599755,0.0,0.0,"{""3"": 1}",0.016019248066358027,0.016019039195023434,0.867793450398441,1e-05,True,40,development_isotonic_frozen
s0-i14,held_out,0,oracle,dependency_cmi,3,0.05,381b54951a038d6d,"[[0, 1, 6, 8], [2, 4, 5, 7], [3, 9, 10, 11]]",0.004551217214851362,-0.565074839540786,1.0634536781283022,-8.373250624540179e-16,,1.0,0.04277777777777781,0.04277777777777781,0.0045632850121599755,0.0,-1.0,"{""1"": 1}",0.04277777777777781,0.04277718752578554,0.8518103393791875,1e-05,True,40,development_isotonic_frozen
s0-i14,held_out,0,oracle,min_within_batch_tc,3,0.05,d1973db4260e8e24,"[[0, 4, 5, 7], [6, 8, 9, 10], [1, 2, 3, 11]]",0.004551217214851362,-0.5690762583803582,1.0451792340813586,-7.815671449888679e-16,,1.0,0.010925039872408287,0.010925039872408287,0.0045632850121599755,0.0,0.0,"{""1"": 1}",0.010925039872408287,0.010924846225305658,0.5940164312660324,1e-05,True,40,development_isotonic_frozen
s0-i14,held_out,0,oracle,dprm_myopic,3,0.05,8d407b255bd287c4,"[[0, 1, 4, 6], [2, 3, 5, 7], [8, 9, 10, 11]]",0.004551217214851362,-0.5421850995832133,1.0924538691271317,-8.09712113881856e-16,,0.0,0.10433642250838018,0.10433642250838018,0.002572098456238847,0.0,-1.0,"{""4"": 1}",0.10433642250838018,0.10433460872547459,1.1567137975419781,1e-05,True,40,development_isotonic_frozen
s0-i14,held_out,0,oracle,dprm_rollout,3,0.05,e123fd24839b8198,"[[1, 2, 5, 6], [0, 4, 7, 9], [3, 8, 10, 11]]",0.004551217214851362,-0.509587248662598,1.1477761507956241,-1.2798617910221002e-15,,0.0,0.01990736991293785,0.01990736991293785,0.0045632850121599755,0.0,-1.0,"{""2"": 1}",0.01990736991293785,0.0199066201146052,1.0808765195406917,1e-05,True,40,development_isotonic_frozen
s0-i14,held_out,0,oracle,subset_exact,3,0.05,e2448e3c8e301e91,"[[0, 1, 2, 3], [4, 6, 9, 11], [5, 7, 8, 10]]",0.004551217214851362,-0.48457484119425215,1.190972942579961,-8.930605258270965e-16,,0.0,0.03214105886028269,0.03214105886028269,0.0045632850121599755,0.125,-1.0,"{""2"": 1}",0.03214105886028269,0.032140317724434986,0.8655873205680972,1e-05,True,40,development_isotonic_frozen
s0-i14,held_out,0,oracle,subset_beam_8,3,0.05,e2448e3c8e301e91,"[[0, 1, 2, 3], [4, 6, 9, 11], [5, 7, 8, 10]]",0.004551217214851362,-0.48457484119425215,1.190972942579961,-8.930605258270965e-16,,0.0,0.03214105886028269,0.03214105886028269,0.0045632850121599755,0.125,-1.0,"{""2"": 1}",0.03214105886028269,0.032140317724434986,0.8655873205680972,1e-05,True,40,development_isotonic_frozen
s0-i14,held_out,0,oracle,subset_beam_32,3,0.05,e2448e3c8e301e91,"[[0, 1, 2, 3], [4, 6, 9, 11], [5, 7, 8, 10]]",0.004551217214851362,-0.48457484119425215,1.190972942579961,-8.930605258270965e-16,,0.0,0.03214105886028269,0.03214105886028269,0.0045632850121599755,0.125,-1.0,"{""2"": 1}",0.03214105886028269,0.032140317724434986,0.8655873205680972,1e-05,True,40,development_isotonic_frozen
s0-i14,held_out,0,oracle,saps_diagonal,3,0.05,fbeaa9823fefe5e8,"[[4, 5, 6, 10], [0, 3, 7, 8], [1, 2, 9, 11]]",0.004551217214851362,-0.5871932362402466,1.012682845939154,-1.1269491786405515e-15,,1.0,0.010398724082934603,0.010398724082934603,0.0045632850121599755,0.0,0.0,"{""1"": 1}",0.010398724082934603,0.010398598196834452,0.5940164312660324,1e-05,True,40,development_isotonic_frozen
s0-i14,held_out,0,oracle,p_saps_residualized,3,0.05,81665f98d0fc08c0,"[[0, 1, 2, 4], [5, 7, 8, 9], [3, 6, 10, 11]]",0.004551217214851362,-0.5060579177788053,1.1615769270657361,-1.208920322658527e-15,,1.0,0.005922619047619045,0.005922619047619045,0.0045632850121599755,0.0,0.0,"{""1"": 1}",0.005922619047619045,0.005922564527162463,0.3849552367317273,1e-05,True,80,development_isotonic_frozen
s0-i14,held_out,0,oracle,p_saps_projection,3,0.05,ceffffe07965ea46,"[[0, 4, 5, 7], [3, 8, 9, 11], [1, 2, 6, 10]]",0.004551217214851362,-0.5341398433244933,1.0882634925085182,-9.343775640659803e-16,,0.0,0.04548895290440179,0.04548895290440179,0.0045632850121599755,0.0,-1.0,"{""2"": 1}",0.04548895290440179,0.04548830037649754,0.6674601023842748,1e-05,True,640,development_isotonic_frozen
s0-i14,held_out,0,oracle,b_saps_budgeted,3,0.05,fbeaa9823fefe5e8,"[[4, 5, 6, 10], [0, 3, 7, 8], [1, 2, 9, 11]]",0.004551217214851362,-0.5871932362402466,1.012682845939154,-1.1269491786405515e-15,,1.0,0.010398724082934603,0.010398724082934603,0.0045632850121599755,0.0,0.0,"{""1"": 1}",0.010398724082934603,0.010398598196834452,0.5940164312660324,1e-05,True,40,development_isotonic_frozen
s0-i14,held_out,0,oracle,random_balanced,3,0.15,fbeaa9823fefe5e8,"[[4, 5, 6, 10], [0, 3, 7, 8], [1, 2, 9, 11]]",0.06308988669117736,-0.5871932362402466,1.012682845939154,-1.1269491786405515e-15,,1.0,0.010398724082934603,0.010398724082934603,0.10319987799386791,0.0,0.0,"{""1"": 1}",0.010398724082934603,0.010398598196834452,0.5940164312660324,1e-05,True,40,development_isotonic_frozen
s0-i14,held_out,0,oracle,confidence,3,0.15,2318ff7fd16de77d,"[[2, 4, 9, 11], [3, 6, 7, 8], [0, 1, 5, 10]]",0.06308988669117736,-0.42746010314879096,1.2448566555181568,-9.670525772603154e-16,,0.0,0.009160302384182974,0.009160302384182974,0.0316741333019828,0.0,0.0,"{""2"": 1}",0.009160302384182974,0.009160171841465746,0.818796464253117,1e-05,True,40,development_isotonic_frozen
s0-i14,held_out,0,oracle,entropy,3,0.15,87fba4442761d00f,"[[2, 4, 9, 11], [0, 1, 3, 6], [5, 7, 8, 10]]",0.06308988669117736,-0.4373543278189007,1.2506569780020402,-1.0388199292300432e-15,,0.0,0.016019248066358027,0.016019248066358027,0.0,0.0,0.0,"{""3"": 1}",0.016019248066358027,0.016019039195023434,0.867793450398441,1e-05,True,40,development_isotonic_frozen
s0-i14,held_out,0,oracle,dependency_cmi,3,0.15,381b54951a038d6d,"[[0, 1, 6, 8], [2, 4, 5, 7], [3, 9, 10, 11]]",0.06308988669117736,-0.565074839540786,1.0634536781283022,-8.373250624540179e-16,,1.0,0.04277777777777781,0.04277777777777781,0.10319987799386791,0.0,0.0,"{""1"": 1}",0.04277777777777781,0.04277718752578554,0.8518103393791875,1e-05,True,40,development_isotonic_frozen
s0-i14,held_out,0,oracle,min_within_batch_tc,3,0.15,d1973db4260e8e24,"[[0, 4, 5, 7], [6, 8, 9, 10], [1, 2, 3, 11]]",0.06308988669117736,-0.5690762583803582,1.0451792340813586,-7.815671449888679e-16,,1.0,0.010925039872408287,0.010925039872408287,0.10319987799386791,-0.125,0.0,"{""1"": 1}",0.010925039872408287,0.010924846225305658,0.5940164312660324,1e-05,True,40,development_isotonic_frozen
s0-i14,held_out,0,oracle,dprm_myopic,3,0.15,8d407b255bd287c4,"[[0, 1, 4, 6], [2, 3, 5, 7], [8, 9, 10, 11]]",0.06308988669117736,-0.5421850995832133,1.0924538691271317,-8.09712113881856e-16,,0.0,0.10433642250838018,0.10433642250838018,0.0,0.0,0.0,"{""4"": 1}",0.10433642250838018,0.10433460872547459,1.1567137975419781,1e-05,True,40,development_isotonic_frozen
s0-i14,held_out,0,oracle,dprm_rollout,3,0.15,ac9550914ca62dfa,"[[1, 2, 6, 10], [0, 8, 9, 11], [3, 4, 5, 7]]",0.06308988669117736,-0.5372318636563937,1.1297630556118705,-1.0474424539567142e-15,,1.0,0.00967391304347826,0.00967391304347826,0.10319987799386791,0.0,0.0,"{""1"": 1}",0.00967391304347826,0.009673628818066424,0.8270005294693821,1e-05,True,40,development_isotonic_frozen
s0-i14,held_out,0,oracle,subset_exact,3,0.15,3ad41c504393c8ed,"[[0, 2, 3, 4], [6, 7, 9, 11], [1, 5, 8, 10]]",0.06308988669117736,-0.463075883987171,1.2003265351430559,-1.233916571072053e-15,,1.0,0.010925039872408287,0.010925039872408287,0.10319987799386791,0.0,0.0,"{""1"": 1}",0.010925039872408287,0.010924846225305658,0.5940164312660324,1e-05,True,40,development_isotonic_frozen
s0-i14,held_out,0,oracle,subset_beam_8,3,0.15,e2448e3c8e301e91,"[[0, 1, 2, 3], [4, 6, 9, 11], [5, 7, 8, 10]]",0.06308988669117736,-0.48457484119425215,1.190972942579961,-8.930605258270965e-16,,0.0,0.03214105886028269,0.03214105886028269,0.0316741333019828,0.0,0.0,"{""2"": 1}",0.03214105886028269,0.032140317724434986,0.8655873205680972,1e-05,True,40,development_isotonic_frozen
s0-i14,held_out,0,oracle,subset_beam_32,3,0.15,3ad41c504393c8ed,"[[0, 2, 3, 4], [6, 7, 9, 11], [1, 5, 8, 10]]",0.06308988669117736,-0.463075883987171,1.2003265351430559,-1.233916571072053e-15,,1.0,0.010925039872408287,0.010925039872408287,0.10319987799386791,0.0,0.0,"{""1"": 1}",0.010925039872408287,0.010924846225305658,0.5940164312660324,1e-05,True,40,development_isotonic_frozen
s0-i14,held_out,0,oracle,saps_diagonal,3,0.15,fbeaa9823fefe5e8,"[[4, 5, 6, 10], [0, 3, 7, 8], [1, 2, 9, 11]]",0.06308988669117736,-0.5871932362402466,1.012682845939154,-1.1269491786405515e-15,,1.0,0.010398724082934603,0.010398724082934603,0.10319987799386791,0.0,0.0,"{""1"": 1}",0.010398724082934603,0.010398598196834452,0.5940164312660324,1e-05,True,40,development_isotonic_frozen
s0-i14,held_out,0,oracle,p_saps_residualized,3,0.15,81665f98d0fc08c0,"[[0, 1, 2, 4], [5, 7, 8, 9], [3, 6, 10, 11]]",0.06308988669117736,-0.5060579177788053,1.1615769270657361,-1.208920322658527e-15,,1.0,0.005922619047619045,0.005922619047619045,0.10319987799386791,0.0,0.0,"{""1"": 1}",0.005922619047619045,0.005922564527162463,0.3849552367317273,1e-05,True,80,development_isotonic_frozen
s0-i14,held_out,0,oracle,p_saps_projection,3,0.15,ceffffe07965ea46,"[[0, 4, 5, 7], [3, 8, 9, 11], [1, 2, 6, 10]]",0.06308988669117736,-0.5341398433244933,1.0882634925085182,-9.343775640659803e-16,,0.0,0.04548895290440179,0.04548895290440179,0.0316741333019828,0.0,0.0,"{""2"": 1}",0.04548895290440179,0.04548830037649754,0.6674601023842748,1e-05,True,640,development_isotonic_frozen
s0-i14,held_out,0,oracle,b_saps_budgeted,3,0.15,fbeaa9823fefe5e8,"[[4, 5, 6, 10], [0, 3, 7, 8], [1, 2, 9, 11]]",0.06308988669117736,-0.5871932362402466,1.012682845939154,-1.1269491786405515e-15,,1.0,0.010398724082934603,0.010398724082934603,0.10319987799386791,0.0,0.0,"{""1"": 1}",0.010398724082934603,0.010398598196834452,0.5940164312660324,1e-05,True,40,development_isotonic_frozen
s0-i14,held_out,0,oracle,random_balanced,4,0.01,9ca73f2d8d16fef7,"[[4, 6, 10], [0, 5, 8], [3, 7, 9], [1, 2, 11]]",0.001014490348996145,-0.8676687354954932,1.5481567659400728,-1.0472345547329205e-15,,1.0,0.015089647194910358,0.015089647194910358,0.001014490348996145,0.0,0.0,"{""1"": 1}",0.015089647194910358,0.015089532763889269,0.5032682498697112,1e-05,True,40,development_isotonic_frozen
s0-i14,held_out,0,oracle,confidence,4,0.01,390d3083a37c875b,"[[2, 9, 11], [3, 4, 6], [5, 7, 8], [0, 1, 10]]",0.001014490348996145,-0.649189330276171,1.8573443208119815,-8.106708769891848e-16,,0.0,0.022393764486660903,0.022393764486660903,0.001014490348996145,0.0,0.0,"{""2"": 1}",0.022393764486660903,0.022393620956928244,0.7490714099301827,1e-05,True,40,development_isotonic_frozen
s0-i14,held_out,0,oracle,entropy,4,0.01,44351a25b3d75f90,"[[2, 9, 11], [1, 3, 4], [0, 5, 6], [7, 8, 10]]",0.001014490348996145,-0.6651258547261373,1.8648143018848555,-1.1189974193992906e-15,,0.0,0.03182194918331744,0.03182194918331744,0.001014490348996145,0.0,0.0,"{""2"": 1}",0.03182194918331744,0.031821602477443846,0.4919820221014278,1e-05,True,40,development_isotonic_frozen
s0-i14,held_out,0,oracle,dependency_cmi,4,0.01,f593375bc4eb9f27,"[[0, 1, 6], [4, 5, 7], [3, 8, 11], [2, 9, 10]]",0.001014490348996145,-0.8619002174739233,1.563387583260463,-2.5300896951077414e-16,,1.0,0.04277777777777781,0.04277777777777781,0.001014490348996145,0.0,0.0,"{""1"": 1}",0.04277777777777781,0.04277718752578554,0.8518103393791875,1e-05,True,40,development_isotonic_frozen
s0-i14,held_out,0,oracle,min_within_batch_tc,4,0.01,6a0b9c3cbbd1b148,"[[0, 2, 9], [4, 5, 7], [6, 8, 10], [1, 3, 11]]",0.001014490348996145,-0.7415042663552439,1.7558240392538433,-4.29536326329225e-16,,1.0,0.00800715731636785,0.00800715731636785,0.001014490348996145,0.0,0.0,"{""1"": 1}",0.00800715731636785,0.00800708597338432,0.5032682498697112,1e-05,True,40,development_isotonic_frozen
s0-i14,held_out,0,oracle,dprm_myopic,4,0.01,c538885efe3a7ad7,"[[0, 1, 4], [2, 3, 6], [5, 7, 8], [9, 10, 11]]",0.001014490348996145,-0.7962123834658726,1.6670745672589817,-7.530097451374701e-16,,1.0,0.0065719696969697,0.0065719696969697,0.001014490348996145,0.0,0.0,"{""1"": 1}",0.0065719696969697,0.006571873268916765,0.43078994277698063,1e-05,True,40,development_isotonic_frozen
s0-i14,held_out,0,oracle,dprm_rollout,4,0.01,b7c4d08e29a9af65,"[[1, 3, 4], [6, 9, 10], [0, 2, 5], [7, 8, 11]]",0.001014490348996145,-0.7927006339660193,1.6741702774576541,-9.961571228915733e-16,,1.0,0.0049702380952380935,0.0049702380952380935,0.001014490348996145,0.0,0.0,"{""1"": 1}",0.0049702380952380935,0.004970184878726927,0.34935722470741726,1e-05,True,40,development_isotonic_frozen
s0-i14,held_out,0,oracle,subset_exact,4,0.01,794689f2caf7a457,"[[0, 1, 2], [3, 9, 11], [4, 5, 6], [7, 8, 10]]",0.001014490348996145,-0.7273482070145554,1.7950672590455088,-8.239756856998326e-16,,0.0,0.028545668274993087,0.028545668274993087,0.001014490348996145,0.0,0.0,"{""2"": 1}",0.028545668274993087,0.028544298962797053,0.8508183293127262,1e-05,True,40,development_isotonic_frozen
s0-i14,held_out,0,oracle,subset_beam_8,4,0.01,794689f2caf7a457,"[[0, 1, 2], [3, 9, 11], [4, 5, 6], [7, 8, 10]]",0.001014490348996145,-0.7273482070145554,1.7950672590455088,-8.239756856998326e-16,,0.0,0.028545668274993087,0.028545668274993087,0.001014490348996145,0.0,0.0,"{""2"": 1}",0.028545668274993087,0.028544298962797053,0.8508183293127262,1e-05,True,40,development_isotonic_frozen
s0-i14,held_out,0,oracle,subset_beam_32,4,0.01,794689f2caf7a457,"[[0, 1, 2], [3, 9, 11], [4, 5, 6], [7, 8, 10]]",0.001014490348996145,-0.7273482070145554,1.7950672590455088,-8.239756856998326e-16,,0.0,0.028545668274993087,0.028545668274993087,0.001014490348996145,0.0,0.0,"{""2"": 1}",0.028545668274993087,0.028544298962797053,0.8508183293127262,1e-05,True,40,development_isotonic_frozen
s0-i14,held_out,0,oracle,saps_diagonal,4,0.01,9ca73f2d8d16fef7,"[[4, 6, 10], [0, 5, 8], [3, 7, 9], [1, 2, 11]]",0.001014490348996145,-0.8676687354954932,1.5481567659400728,-1.0472345547329205e-15,,1.0,0.015089647194910358,0.015089647194910358,0.001014490348996145,0.0,0.0,"{""1"": 1}",0.015089647194910358,0.015089532763889269,0.5032682498697112,1e-05,True,40,development_isotonic_frozen
s0-i14,held_out,0,oracle,p_saps_residualized,4,0.01,fdac95ecaaaaa6a8,"[[0, 1, 4], [6, 8, 9], [2, 5, 7], [3, 10, 11]]",0.001014490348996145,-0.8036501154370489,1.6642435036742083,-5.228739332890487e-16,,1.0,0.0065719696969697,0.0065719696969697,0.001014490348996145,0.0,0.0,"{""1"": 1}",0.0065719696969697,0.006571873268916765,0.43078994277698063,1e-05,True,80,development_isotonic_frozen
s0-i14,held_out,0,oracle,p_saps_projection,4,0.01,f593375bc4eb9f27,"[[0, 1, 6], [4, 5, 7], [3, 8, 11], [2, 9, 10]]",0.001014490348996145,-0.8619002174739233,1.563387583260463,-2.5300896951077414e-16,,1.0,0.04277777777777781,0.04277777777777781,0.001014490348996145,0.0,0.0,"{""1"": 1}",0.04277777777777781,0.04277718752578554,0.8518103393791875,1e-05,True,640,development_isotonic_frozen
s0-i14,held_out,0,oracle,b_saps_budgeted,4,0.01,9ca73f2d8d16fef7,"[[4, 6, 10], [0, 5, 8], [3, 7, 9], [1, 2, 11]]",0.001014490348996145,-0.8676687354954932,1.5481567659400728,-1.0472345547329205e-15,,1.0,0.015089647194910358,0.015089647194910358,0.001014490348996145,0.0,0.0,"{""1"": 1}",0.015089647194910358,0.015089532763889269,0.5032682498697112,1e-05,True,40,development_isotonic_frozen
s0-i14,held_out,0,oracle,random_balanced,4,0.05,9ca73f2d8d16fef7,"[[4, 6, 10], [0, 5, 8], [3, 7, 9], [1, 2, 11]]",0.0045632850121599755,-0.8676687354954932,1.5481567659400728,-1.0472345547329205e-15,,1.0,0.015089647194910358,0.015089647194910358,0.0045632850121599755,0.0,0.0,"{""1"": 1}",0.015089647194910358,0.015089532763889269,0.5032682498697112,1e-05,True,40,development_isotonic_frozen
s0-i14,held_out,0,oracle,confidence,4,0.05,390d3083a37c875b,"[[2, 9, 11], [3, 4, 6], [5, 7, 8], [0, 1, 10]]",0.0045632850121599755,-0.649189330276171,1.8573443208119815,-8.106708769891848e-16,,0.0,0.022393764486660903,0.022393764486660903,0.0045632850121599755,0.0,0.0,"{""2"": 1}",0.022393764486660903,0.022393620956928244,0.7490714099301827,1e-05,True,40,development_isotonic_frozen
s0-i14,held_out,0,oracle,entropy,4,0.05,44351a25b3d75f90,"[[2, 9, 11], [1, 3, 4], [0, 5, 6], [7, 8, 10]]",0.0045632850121599755,-0.6651258547261373,1.8648143018848555,-1.1189974193992906e-15,,0.0,0.03182194918331744,0.03182194918331744,0.0045632850121599755,0.0,-1.0,"{""2"": 1}",0.03182194918331744,0.031821602477443846,0.4919820221014278,1e-05,True,40,development_isotonic_frozen
s0-i14,held_out,0,oracle,dependency_cmi,4,0.05,f593375bc4eb9f27,"[[0, 1, 6], [4, 5, 7], [3, 8, 11], [2, 9, 10]]",0.0045632850121599755,-0.8619002174739233,1.563387583260463,-2.5300896951077414e-16,,1.0,0.04277777777777781,0.04277777777777781,0.0045632850121599755,0.0,-1.0,"{""1"": 1}",0.04277777777777781,0.04277718752578554,0.8518103393791875,1e-05,True,40,development_isotonic_frozen
s0-i14,held_out,0,oracle,min_within_batch_tc,4,0.05,6a0b9c3cbbd1b148,"[[0, 2, 9], [4, 5, 7], [6, 8, 10], [1, 3, 11]]",0.0045632850121599755,-0.7415042663552439,1.7558240392538433,-4.29536326329225e-16,,1.0,0.00800715731636785,0.00800715731636785,0.0045632850121599755,0.0,0.0,"{""1"": 1}",0.00800715731636785,0.00800708597338432,0.5032682498697112,1e-05,True,40,development_isotonic_frozen
s0-i14,held_out,0,oracle,dprm_myopic,4,0.05,c538885efe3a7ad7,"[[0, 1, 4], [2, 3, 6], [5, 7, 8], [9, 10, 11]]",0.0045632850121599755,-0.7962123834658726,1.6670745672589817,-7.530097451374701e-16,,1.0,0.0065719696969697,0.0065719696969697,0.0045632850121599755,0.0,0.0,"{""1"": 1}",0.0065719696969697,0.006571873268916765,0.43078994277698063,1e-05,True,40,development_isotonic_frozen
s0-i14,held_out,0,oracle,dprm_rollout,4,0.05,e8ec785c5e8e2de1,"[[0, 1, 2], [3, 4, 5], [6, 7, 10], [8, 9, 11]]",0.0045632850121599755,-0.7963866491197323,1.6866276810646788,-6.693423223427413e-16,,1.0,0.024136904761904773,0.024136904761904773,0.0045632850121599755,0.0,0.0,"{""1"": 1}",0.024136904761904773,0.024136670481436823,0.3849552367317273,1e-05,True,40,development_isotonic_frozen
s0-i14,held_out,0,oracle,subset_exact,4,0.05,794689f2caf7a457,"[[0, 1, 2], [3, 9, 11], [4, 5, 6], [7, 8, 10]]",0.0045632850121599755,-0.7273482070145554,1.7950672590455088,-8.239756856998326e-16,,0.0,0.028545668274993087,0.028545668274993087,0.0045632850121599755,0.0,-1.0,"{""2"": 1}",0.028545668274993087,0.028544298962797053,0.8508183293127262,1e-05,True,40,development_isotonic_frozen
s0-i14,held_out,0,oracle,subset_beam_8,4,0.05,794689f2caf7a457,"[[0, 1, 2], [3, 9, 11], [4, 5, 6], [7, 8, 10]]",0.0045632850121599755,-0.7273482070145554,1.7950672590455088,-8.239756856998326e-16,,0.0,0.028545668274993087,0.028545668274993087,0.0045632850121599755,0.0,-1.0,"{""2"": 1}",0.028545668274993087,0.028544298962797053,0.8508183293127262,1e-05,True,40,development_isotonic_frozen
s0-i14,held_out,0,oracle,subset_beam_32,4,0.05,794689f2caf7a457,"[[0, 1, 2], [3, 9, 11], [4, 5, 6], [7, 8, 10]]",0.0045632850121599755,-0.7273482070145554,1.7950672590455088,-8.239756856998326e-16,,0.0,0.028545668274993087,0.028545668274993087,0.0045632850121599755,0.0,-1.0,"{""2"": 1}",0.028545668274993087,0.028544298962797053,0.8508183293127262,1e-05,True,40,development_isotonic_frozen
s0-i14,held_out,0,oracle,saps_diagonal,4,0.05,9ca73f2d8d16fef7,"[[4, 6, 10], [0, 5, 8], [3, 7, 9], [1, 2, 11]]",0.0045632850121599755,-0.8676687354954932,1.5481567659400728,-1.0472345547329205e-15,,1.0,0.015089647194910358,0.015089647194910358,0.0045632850121599755,0.0,0.0,"{""1"": 1}",0.015089647194910358,0.015089532763889269,0.5032682498697112,1e-05,True,40,development_isotonic_frozen
s0-i14,held_out,0,oracle,p_saps_residualized,4,0.05,fdac95ecaaaaa6a8,"[[0, 1, 4], [6, 8, 9], [2, 5, 7], [3, 10, 11]]",0.0045632850121599755,-0.8036501154370489,1.6642435036742083,-5.228739332890487e-16,,1.0,0.0065719696969697,0.0065719696969697,0.0045632850121599755,0.0,0.0,"{""1"": 1}",0.0065719696969697,0.006571873268916765,0.43078994277698063,1e-05,True,80,development_isotonic_frozen
s0-i14,held_out,0,oracle,p_saps_projection,4,0.05,f593375bc4eb9f27,"[[0, 1, 6], [4, 5, 7], [3, 8, 11], [2, 9, 10]]",0.0045632850121599755,-0.8619002174739233,1.563387583260463,-2.5300896951077414e-16,,1.0,0.04277777777777781,0.04277777777777781,0.0045632850121599755,0.0,-1.0,"{""1"": 1}",0.04277777777777781,0.04277718752578554,0.8518103393791875,1e-05,True,640,development_isotonic_frozen
s0-i14,held_out,0,oracle,b_saps_budgeted,4,0.05,9ca73f2d8d16fef7,"[[4, 6, 10], [0, 5, 8], [3, 7, 9], [1, 2, 11]]",0.0045632850121599755,-0.8676687354954932,1.5481567659400728,-1.0472345547329205e-15,,1.0,0.015089647194910358,0.015089647194910358,0.0045632850121599755,0.0,0.0,"{""1"": 1}",0.015089647194910358,0.015089532763889269,0.5032682498697112,1e-05,True,40,development_isotonic_frozen
s0-i14,held_out,0,oracle,random_balanced,4,0.15,9ca73f2d8d16fef7,"[[4, 6, 10], [0, 5, 8], [3, 7, 9], [1, 2, 11]]",0.07603872962220123,-0.8676687354954932,1.5481567659400728,-1.0472345547329205e-15,,1.0,0.015089647194910358,0.015089647194910358,0.10319987799386791,0.0,0.0,"{""1"": 1}",0.015089647194910358,0.015089532763889269,0.5032682498697112,1e-05,True,40,development_isotonic_frozen
s0-i14,held_out,0,oracle,confidence,4,0.15,390d3083a37c875b,"[[2, 9, 11], [3, 4, 6], [5, 7, 8], [0, 1, 10]]",0.07603872962220123,-0.649189330276171,1.8573443208119815,-8.106708769891848e-16,,0.0,0.022393764486660903,0.022393764486660903,0.0316741333019828,0.0,1.0,"{""2"": 1}",0.022393764486660903,0.022393620956928244,0.7490714099301827,1e-05,True,40,development_isotonic_frozen
s0-i14,held_out,0,oracle,entropy,4,0.15,44351a25b3d75f90,"[[2, 9, 11], [1, 3, 4], [0, 5, 6], [7, 8, 10]]",0.07603872962220123,-0.6651258547261373,1.8648143018848555,-1.1189974193992906e-15,,0.0,0.03182194918331744,0.03182194918331744,0.0316741333019828,0.0,0.0,"{""2"": 1}",0.03182194918331744,0.031821602477443846,0.4919820221014278,1e-05,True,40,development_isotonic_frozen
s0-i14,held_out,0,oracle,dependency_cmi,4,0.15,f593375bc4eb9f27,"[[0, 1, 6], [4, 5, 7], [3, 8, 11], [2, 9, 10]]",0.07603872962220123,-0.8619002174739233,1.563387583260463,-2.5300896951077414e-16,,1.0,0.04277777777777781,0.04277777777777781,0.10319987799386791,0.0,0.0,"{""1"": 1}",0.04277777777777781,0.04277718752578554,0.8518103393791875,1e-05,True,40,development_isotonic_frozen
s0-i14,held_out,0,oracle,min_within_batch_tc,4,0.15,6a0b9c3cbbd1b148,"[[0, 2, 9], [4, 5, 7], [6, 8, 10], [1, 3, 11]]",0.07603872962220123,-0.7415042663552439,1.7558240392538433,-4.29536326329225e-16,,1.0,0.00800715731636785,0.00800715731636785,0.10319987799386791,0.0,0.0,"{""1"": 1}",0.00800715731636785,0.00800708597338432,0.5032682498697112,1e-05,True,40,development_isotonic_frozen
s0-i14,held_out,0,oracle,dprm_myopic,4,0.15,c538885efe3a7ad7,"[[0, 1, 4], [2, 3, 6], [5, 7, 8], [9, 10, 11]]",0.07603872962220123,-0.7962123834658726,1.6670745672589817,-7.530097451374701e-16,,1.0,0.0065719696969697,0.0065719696969697,0.10319987799386791,-0.125,0.0,"{""1"": 1}",0.0065719696969697,0.006571873268916765,0.43078994277698063,1e-05,True,40,development_isotonic_frozen
s0-i14,held_out,0,oracle,dprm_rollout,4,0.15,14dce45dcc44b3b7,"[[0, 6, 7], [3, 9, 11], [4, 5, 8], [1, 2, 10]]",0.07603872962220123,-0.7981901604764495,1.6353333863605855,-5.856367669384498e-16,,1.0,0.013966165413533845,0.013966165413533845,0.10319987799386791,0.0,0.0,"{""1"": 1}",0.013966165413533845,0.013965963255318311,0.5032682498697112,1e-05,True,40,development_isotonic_frozen
s0-i14,held_out,0,oracle,subset_exact,4,0.15,16238f67a4961887,"[[0, 2, 3], [4, 9, 11], [5, 6, 7], [1, 8, 10]]",0.07603872962220123,-0.6925244445077584,1.8116910885312523,-3.721988325339163e-16,,1.0,0.00800715731636785,0.00800715731636785,0.10319987799386791,-0.125,0.0,"{""1"": 1}",0.00800715731636785,0.00800708597338432,0.5032682498697112,1e-05,True,40,development_isotonic_frozen
s0-i14,held_out,0,oracle,subset_beam_8,4,0.15,16238f67a4961887,"[[0, 2, 3], [4, 9, 11], [5, 6, 7], [1, 8, 10]]",0.07603872962220123,-0.6925244445077584,1.8116910885312523,-3.721988325339163e-16,,1.0,0.00800715731636785,0.00800715731636785,0.10319987799386791,-0.125,0.0,"{""1"": 1}",0.00800715731636785,0.00800708597338432,0.5032682498697112,1e-05,True,40,development_isotonic_frozen
s0-i14,held_out,0,oracle,subset_beam_32,4,0.15,16238f67a4961887,"[[0, 2, 3], [4, 9, 11], [5, 6, 7], [1, 8, 10]]",0.07603872962220123,-0.6925244445077584,1.8116910885312523,-3.721988325339163e-16,,1.0,0.00800715731636785,0.00800715731636785,0.10319987799386791,-0.125,0.0,"{""1"": 1}",0.00800715731636785,0.00800708597338432,0.5032682498697112,1e-05,True,40,development_isotonic_frozen
s0-i14,held_out,0,oracle,saps_diagonal,4,0.15,9ca73f2d8d16fef7,"[[4, 6, 10], [0, 5, 8], [3, 7, 9], [1, 2, 11]]",0.07603872962220123,-0.8676687354954932,1.5481567659400728,-1.0472345547329205e-15,,1.0,0.015089647194910358,0.015089647194910358,0.10319987799386791,0.0,0.0,"{""1"": 1}",0.015089647194910358,0.015089532763889269,0.5032682498697112,1e-05,True,40,development_isotonic_frozen
s0-i14,held_out,0,oracle,p_saps_residualized,4,0.15,fdac95ecaaaaa6a8,"[[0, 1, 4], [6, 8, 9], [2, 5, 7], [3, 10, 11]]",0.07603872962220123,-0.8036501154370489,1.6642435036742083,-5.228739332890487e-16,,1.0,0.0065719696969697,0.0065719696969697,0.10319987799386791,0.0,0.0,"{""1"": 1}",0.0065719696969697,0.006571873268916765,0.43078994277698063,1e-05,True,80,development_isotonic_frozen
s0-i14,held_out,0,oracle,p_saps_projection,4,0.15,f593375bc4eb9f27,"[[0, 1, 6], [4, 5, 7], [3, 8, 11], [2, 9, 10]]",0.07603872962220123,-0.8619002174739233,1.563387583260463,-2.5300896951077414e-16,,1.0,0.04277777777777781,0.04277777777777781,0.10319987799386791,0.0,0.0,"{""1"": 1}",0.04277777777777781,0.04277718752578554,0.8518103393791875,1e-05,True,640,development_isotonic_frozen
s0-i14,held_out,0,oracle,b_saps_budgeted,4,0.15,9ca73f2d8d16fef7,"[[4, 6, 10], [0, 5, 8], [3, 7, 9], [1, 2, 11]]",0.07603872962220123,-0.8676687354954932,1.5481567659400728,-1.0472345547329205e-15,,1.0,0.015089647194910358,0.015089647194910358,0.10319987799386791,0.0,0.0,"{""1"": 1}",0.015089647194910358,0.015089532763889269,0.5032682498697112,1e-05,True,40,development_isotonic_frozen
s0-i14,held_out,0,random_matched,random_balanced,1,0.01,8a4f20d215a3b9a1,"[[0, 1, 2, 3, 4, 5, 6, 7, 8, 9, 10, 11]]",0.021304297328919045,-0.0,0.0,-4.233543059065238e-15,,0.0,0.2140174787512853,0.2140174787512853,0.021304297328919045,0.0,0.0,"{""4"": 9, ""3"": 10, ""2"": 11}",0.2140174787512853,0.21401219483621176,28.492158762679075,1e-05,True,40,development_isotonic_frozen
s0-i14,held_out,0,random_matched,confidence,1,0.01,8a4f20d215a3b9a1,"[[0, 1, 2, 3, 4, 5, 6, 7, 8, 9, 10, 11]]",0.021304297328919045,-0.0,0.0,-4.233543059065238e-15,,0.0,0.2140174787512853,0.2140174787512853,0.021304297328919045,0.0,0.0,"{""4"": 9, ""3"": 10, ""2"": 11}",0.2140174787512853,0.21401219483621176,28.492158762679075,1e-05,True,40,development_isotonic_frozen
s0-i14,held_out,0,random_matched,entropy,1,0.01,8a4f20d215a3b9a1,"[[0, 1, 2, 3, 4, 5, 6, 7, 8, 9, 10, 11]]",0.021304297328919045,-0.0,0.0,-4.233543059065238e-15,,0.0,0.2140174787512853,0.2140174787512853,0.021304297328919045,0.0,0.0,"{""4"": 9, ""3"": 10, ""2"": 11}",0.2140174787512853,0.21401219483621176,28.492158762679075,1e-05,True,40,development_isotonic_frozen
s0-i14,held_out,0,random_matched,dependency_cmi,1,0.01,8a4f20d215a3b9a1,"[[0, 1, 2, 3, 4, 5, 6, 7, 8, 9, 10, 11]]",0.021304297328919045,-0.0,0.0,-4.233543059065238e-15,,0.0,0.2140174787512853,0.2140174787512853,0.021304297328919045,0.0,0.0,"{""4"": 9, ""3"": 10, ""2"": 11}",0.2140174787512853,0.21401219483621176,28.492158762679075,1e-05,True,40,development_isotonic_frozen
s0-i14,held_out,0,random_matched,min_within_batch_tc,1,0.01,8a4f20d215a3b9a1,"[[0, 1, 2, 3, 4, 5, 6, 7, 8, 9, 10, 11]]",0.021304297328919045,-0.0,0.0,-4.233543059065238e-15,,0.0,0.2140174787512853,0.2140174787512853,0.021304297328919045,0.0,0.0,"{""4"": 9, ""3"": 10, ""2"": 11}",0.2140174787512853,0.21401219483621176,28.492158762679075,1e-05,True,40,development_isotonic_frozen
s0-i14,held_out,0,random_matched,dprm_myopic,1,0.01,8a4f20d215a3b9a1,"[[0, 1, 2, 3, 4, 5, 6, 7, 8, 9, 10, 11]]",0.021304297328919045,-0.0,0.0,-4.233543059065238e-15,,0.0,0.2140174787512853,0.2140174787512853,0.021304297328919045,0.0,0.0,"{""4"": 9, ""3"": 10, ""2"": 11}",0.2140174787512853,0.21401219483621176,28.492158762679075,1e-05,True,40,development_isotonic_frozen
s0-i14,held_out,0,random_matched,dprm_rollout,1,0.01,8a4f20d215a3b9a1,"[[0, 1, 2, 3, 4, 5, 6, 7, 8, 9, 10, 11]]",0.021304297328919045,-0.0,0.0,-4.233543059065238e-15,,0.0,0.2140174787512853,0.2140174787512853,0.021304297328919045,0.0,0.0,"{""4"": 9, ""3"": 10, ""2"": 11}",0.2140174787512853,0.21401219483621176,28.492158762679075,1e-05,True,40,development_isotonic_frozen
s0-i14,held_out,0,random_matched,subset_exact,1,0.01,8a4f20d215a3b9a1,"[[0, 1, 2, 3, 4, 5, 6, 7, 8, 9, 10, 11]]",0.021304297328919045,-0.0,0.0,-4.233543059065238e-15,,0.0,0.2140174787512853,0.2140174787512853,0.021304297328919045,0.0,0.0,"{""4"": 9, ""3"": 10, ""2"": 11}",0.2140174787512853,0.21401219483621176,28.492158762679075,1e-05,True,40,development_isotonic_frozen
s0-i14,held_out,0,random_matched,subset_beam_8,1,0.01,8a4f20d215a3b9a1,"[[0, 1, 2, 3, 4, 5, 6, 7, 8, 9, 10, 11]]",0.021304297328919045,-0.0,0.0,-4.233543059065238e-15,,0.0,0.2140174787512853,0.2140174787512853,0.021304297328919045,0.0,0.0,"{""4"": 9, ""3"": 10, ""2"": 11}",0.2140174787512853,0.21401219483621176,28.492158762679075,1e-05,True,40,development_isotonic_frozen
s0-i14,held_out,0,random_matched,subset_beam_32,1,0.01,8a4f20d215a3b9a1,"[[0, 1, 2, 3, 4, 5, 6, 7, 8, 9, 10, 11]]",0.021304297328919045,-0.0,0.0,-4.233543059065238e-15,,0.0,0.2140174787512853,0.2140174787512853,0.021304297328919045,0.0,0.0,"{""4"": 9, ""3"": 10, ""2"": 11}",0.2140174787512853,0.21401219483621176,28.492158762679075,1e-05,True,40,development_isotonic_frozen
s0-i14,held_out,0,random_matched,saps_diagonal,1,0.01,8a4f20d215a3b9a1,"[[0, 1, 2, 3, 4, 5, 6, 7, 8, 9, 10, 11]]",0.021304297328919045,-0.0,0.0,-4.233543059065238e-15,,0.0,0.2140174787512853,0.2140174787512853,0.021304297328919045,0.0,0.0,"{""4"": 9, ""3"": 10, ""2"": 11}",0.2140174787512853,0.21401219483621176,28.492158762679075,1e-05,True,40,development_isotonic_frozen
s0-i14,held_out,0,random_matched,p_saps_residualized,1,0.01,8a4f20d215a3b9a1,"[[0, 1, 2, 3, 4, 5, 6, 7, 8, 9, 10, 11]]",0.021304297328919045,-0.0,0.0,-4.233543059065238e-15,,0.0,0.2140174787512853,0.2140174787512853,0.021304297328919045,0.0,0.0,"{""4"": 9, ""3"": 10, ""2"": 11}",0.2140174787512853,0.21401219483621176,28.492158762679075,1e-05,True,40,development_isotonic_frozen
s0-i14,held_out,0,random_matched,p_saps_projection,1,0.01,8a4f20d215a3b9a1,"[[0, 1, 2, 3, 4, 5, 6, 7, 8, 9, 10, 11]]",0.021304297328919045,-0.0,0.0,-4.233543059065238e-15,,0.0,0.2140174787512853,0.2140174787512853,0.021304297328919045,0.0,0.0,"{""4"": 9, ""3"": 10, ""2"": 11}",0.2140174787512853,0.21401219483621176,28.492158762679075,1e-05,True,40,development_isotonic_frozen
s0-i14,held_out,0,random_matched,b_saps_budgeted,1,0.01,8a4f20d215a3b9a1,"[[0, 1, 2, 3, 4, 5, 6, 7, 8, 9, 10, 11]]",0.021304297328919045,-0.0,0.0,-4.233543059065238e-15,,0.0,0.2140174787512853,0.2140174787512853,0.021304297328919045,0.0,0.0,"{""4"": 9, ""3"": 10, ""2"": 11}",0.2140174787512853,0.21401219483621176,28.492158762679075,1e-05,True,40,development_isotonic_frozen
s0-i14,held_out,0,random_matched,random_balanced,1,0.05,8a4f20d215a3b9a1,"[[0, 1, 2, 3, 4, 5, 6, 7, 8, 9, 10, 11]]",0.11897787136150911,-0.0,0.0,-4.233543059065238e-15,,0.0,0.2140174787512853,0.2140174787512853,0.11897787136150911,0.0,-1.0,"{""4"": 9, ""3"": 10, ""2"": 11}",0.2140174787512853,0.21401219483621176,28.492158762679075,1e-05,True,40,development_isotonic_frozen
s0-i14,held_out,0,random_matched,confidence,1,0.05,8a4f20d215a3b9a1,"[[0, 1, 2, 3, 4, 5, 6, 7, 8, 9, 10, 11]]",0.11897787136150911,-0.0,0.0,-4.233543059065238e-15,,0.0,0.2140174787512853,0.2140174787512853,0.11897787136150911,0.0,-1.0,"{""4"": 9, ""3"": 10, ""2"": 11}",0.2140174787512853,0.21401219483621176,28.492158762679075,1e-05,True,40,development_isotonic_frozen
s0-i14,held_out,0,random_matched,entropy,1,0.05,8a4f20d215a3b9a1,"[[0, 1, 2, 3, 4, 5, 6, 7, 8, 9, 10, 11]]",0.11897787136150911,-0.0,0.0,-4.233543059065238e-15,,0.0,0.2140174787512853,0.2140174787512853,0.11897787136150911,0.0,-1.0,"{""4"": 9, ""3"": 10, ""2"": 11}",0.2140174787512853,0.21401219483621176,28.492158762679075,1e-05,True,40,development_isotonic_frozen
s0-i14,held_out,0,random_matched,dependency_cmi,1,0.05,8a4f20d215a3b9a1,"[[0, 1, 2, 3, 4, 5, 6, 7, 8, 9, 10, 11]]",0.11897787136150911,-0.0,0.0,-4.233543059065238e-15,,0.0,0.2140174787512853,0.2140174787512853,0.11897787136150911,0.0,-1.0,"{""4"": 9, ""3"": 10, ""2"": 11}",0.2140174787512853,0.21401219483621176,28.492158762679075,1e-05,True,40,development_isotonic_frozen
s0-i14,held_out,0,random_matched,min_within_batch_tc,1,0.05,8a4f20d215a3b9a1,"[[0, 1, 2, 3, 4, 5, 6, 7, 8, 9, 10, 11]]",0.11897787136150911,-0.0,0.0,-4.233543059065238e-15,,0.0,0.2140174787512853,0.2140174787512853,0.11897787136150911,0.0,-1.0,"{""4"": 9, ""3"": 10, ""2"": 11}",0.2140174787512853,0.21401219483621176,28.492158762679075,1e-05,True,40,development_isotonic_frozen
s0-i14,held_out,0,random_matched,dprm_myopic,1,0.05,8a4f20d215a3b9a1,"[[0, 1, 2, 3, 4, 5, 6, 7, 8, 9, 10, 11]]",0.11897787136150911,-0.0,0.0,-4.233543059065238e-15,,0.0,0.2140174787512853,0.2140174787512853,0.11897787136150911,0.0,-1.0,"{""4"": 9, ""3"": 10, ""2"": 11}",0.2140174787512853,0.21401219483621176,28.492158762679075,1e-05,True,40,development_isotonic_frozen
s0-i14,held_out,0,random_matched,dprm_rollout,1,0.05,8a4f20d215a3b9a1,"[[0, 1, 2, 3, 4, 5, 6, 7, 8, 9, 10, 11]]",0.11897787136150911,-0.0,0.0,-4.233543059065238e-15,,0.0,0.2140174787512853,0.2140174787512853,0.11897787136150911,0.0,-1.0,"{""4"": 9, ""3"": 10, ""2"": 11}",0.2140174787512853,0.21401219483621176,28.492158762679075,1e-05,True,40,development_isotonic_frozen
s0-i14,held_out,0,random_matched,subset_exact,1,0.05,8a4f20d215a3b9a1,"[[0, 1, 2, 3, 4, 5, 6, 7, 8, 9, 10, 11]]",0.11897787136150911,-0.0,0.0,-4.233543059065238e-15,,0.0,0.2140174787512853,0.2140174787512853,0.11897787136150911,0.0,-1.0,"{""4"": 9, ""3"": 10, ""2"": 11}",0.2140174787512853,0.21401219483621176,28.492158762679075,1e-05,True,40,development_isotonic_frozen
s0-i14,held_out,0,random_matched,subset_beam_8,1,0.05,8a4f20d215a3b9a1,"[[0, 1, 2, 3, 4, 5, 6, 7, 8, 9, 10, 11]]",0.11897787136150911,-0.0,0.0,-4.233543059065238e-15,,0.0,0.2140174787512853,0.2140174787512853,0.11897787136150911,0.0,-1.0,"{""4"": 9, ""3"": 10, ""2"": 11}",0.2140174787512853,0.21401219483621176,28.492158762679075,1e-05,True,40,development_isotonic_frozen
s0-i14,held_out,0,random_matched,subset_beam_32,1,0.05,8a4f20d215a3b9a1,"[[0, 1, 2, 3, 4, 5, 6, 7, 8, 9, 10, 11]]",0.11897787136150911,-0.0,0.0,-4.233543059065238e-15,,0.0,0.2140174787512853,0.2140174787512853,0.11897787136150911,0.0,-1.0,"{""4"": 9, ""3"": 10, ""2"": 11}",0.2140174787512853,0.21401219483621176,28.492158762679075,1e-05,True,40,development_isotonic_frozen
s0-i14,held_out,0,random_matched,saps_diagonal,1,0.05,8a4f20d215a3b9a1,"[[0, 1, 2, 3, 4, 5, 6, 7, 8, 9, 10, 11]]",0.11897787136150911,-0.0,0.0,-4.233543059065238e-15,,0.0,0.2140174787512853,0.2140174787512853,0.11897787136150911,0.0,-1.0,"{""4"": 9, ""3"": 10, ""2"": 11}",0.2140174787512853,0.21401219483621176,28.492158762679075,1e-05,True,40,development_isotonic_frozen
s0-i14,held_out,0,random_matched,p_saps_residualized,1,0.05,8a4f20d215a3b9a1,"[[0, 1, 2, 3, 4, 5, 6, 7, 8, 9, 10, 11]]",0.11897787136150911,-0.0,0.0,-4.233543059065238e-15,,0.0,0.2140174787512853,0.2140174787512853,0.11897787136150911,0.0,-1.0,"{""4"": 9, ""3"": 10, ""2"": 11}",0.2140174787512853,0.21401219483621176,28.492158762679075,1e-05,True,40,development_isotonic_frozen
s0-i14,held_out,0,random_matched,p_saps_projection,1,0.05,8a4f20d215a3b9a1,"[[0, 1, 2, 3, 4, 5, 6, 7, 8, 9, 10, 11]]",0.11897787136150911,-0.0,0.0,-4.233543059065238e-15,,0.0,0.2140174787512853,0.2140174787512853,0.11897787136150911,0.0,-1.0,"{""4"": 9, ""3"": 10, ""2"": 11}",0.2140174787512853,0.21401219483621176,28.492158762679075,1e-05,True,40,development_isotonic_frozen
s0-i14,held_out,0,random_matched,b_saps_budgeted,1,0.05,8a4f20d215a3b9a1,"[[0, 1, 2, 3, 4, 5, 6, 7, 8, 9, 10, 11]]",0.11897787136150911,-0.0,0.0,-4.233543059065238e-15,,0.0,0.2140174787512853,0.2140174787512853,0.11897787136150911,0.0,-1.0,"{""4"": 9, ""3"": 10, ""2"": 11}",0.2140174787512853,0.21401219483621176,28.492158762679075,1e-05,True,40,development_isotonic_frozen
s0-i14,held_out,0,random_matched,random_balanced,1,0.15,8a4f20d215a3b9a1,"[[0, 1, 2, 3, 4, 5, 6, 7, 8, 9, 10, 11]]",0.3484154663218108,-0.0,0.0,-4.233543059065238e-15,,0.0,0.2140174787512853,0.2140174787512853,0.3484154663218108,0.0,0.0,"{""4"": 9, ""3"": 10, ""2"": 11}",0.2140174787512853,0.21401219483621176,28.492158762679075,1e-05,True,40,development_isotonic_frozen
s0-i14,held_out,0,random_matched,confidence,1,0.15,8a4f20d215a3b9a1,"[[0, 1, 2, 3, 4, 5, 6, 7, 8, 9, 10, 11]]",0.3484154663218108,-0.0,0.0,-4.233543059065238e-15,,0.0,0.2140174787512853,0.2140174787512853,0.3484154663218108,0.0,0.0,"{""4"": 9, ""3"": 10, ""2"": 11}",0.2140174787512853,0.21401219483621176,28.492158762679075,1e-05,True,40,development_isotonic_frozen
s0-i14,held_out,0,random_matched,entropy,1,0.15,8a4f20d215a3b9a1,"[[0, 1, 2, 3, 4, 5, 6, 7, 8, 9, 10, 11]]",0.3484154663218108,-0.0,0.0,-4.233543059065238e-15,,0.0,0.2140174787512853,0.2140174787512853,0.3484154663218108,0.0,0.0,"{""4"": 9, ""3"": 10, ""2"": 11}",0.2140174787512853,0.21401219483621176,28.492158762679075,1e-05,True,40,development_isotonic_frozen
s0-i14,held_out,0,random_matched,dependency_cmi,1,0.15,8a4f20d215a3b9a1,"[[0, 1, 2, 3, 4, 5, 6, 7, 8, 9, 10, 11]]",0.3484154663218108,-0.0,0.0,-4.233543059065238e-15,,0.0,0.2140174787512853,0.2140174787512853,0.3484154663218108,0.0,0.0,"{""4"": 9, ""3"": 10, ""2"": 11}",0.2140174787512853,0.21401219483621176,28.492158762679075,1e-05,True,40,development_isotonic_frozen
s0-i14,held_out,0,random_matched,min_within_batch_tc,1,0.15,8a4f20d215a3b9a1,"[[0, 1, 2, 3, 4, 5, 6, 7, 8, 9, 10, 11]]",0.3484154663218108,-0.0,0.0,-4.233543059065238e-15,,0.0,0.2140174787512853,0.2140174787512853,0.3484154663218108,0.0,0.0,"{""4"": 9, ""3"": 10, ""2"": 11}",0.2140174787512853,0.21401219483621176,28.492158762679075,1e-05,True,40,development_isotonic_frozen
s0-i14,held_out,0,random_matched,dprm_myopic,1,0.15,8a4f20d215a3b9a1,"[[0, 1, 2, 3, 4, 5, 6, 7, 8, 9, 10, 11]]",0.3484154663218108,-0.0,0.0,-4.233543059065238e-15,,0.0,0.2140174787512853,0.2140174787512853,0.3484154663218108,0.0,0.0,"{""4"": 9, ""3"": 10, ""2"": 11}",0.2140174787512853,0.21401219483621176,28.492158762679075,1e-05,True,40,development_isotonic_frozen
s0-i14,held_out,0,random_matched,dprm_rollout,1,0.15,8a4f20d215a3b9a1,"[[0, 1, 2, 3, 4, 5, 6, 7, 8, 9, 10, 11]]",0.3484154663218108,-0.0,0.0,-4.233543059065238e-15,,0.0,0.2140174787512853,0.2140174787512853,0.3484154663218108,0.0,0.0,"{""4"": 9, ""3"": 10, ""2"": 11}",0.2140174787512853,0.21401219483621176,28.492158762679075,1e-05,True,40,development_isotonic_frozen
s0-i14,held_out,0,random_matched,subset_exact,1,0.15,8a4f20d215a3b9a1,"[[0, 1, 2, 3, 4, 5, 6, 7, 8, 9, 10, 11]]",0.3484154663218108,-0.0,0.0,-4.233543059065238e-15,,0.0,0.2140174787512853,0.2140174787512853,0.3484154663218108,0.0,0.0,"{""4"": 9, ""3"": 10, ""2"": 11}",0.2140174787512853,0.21401219483621176,28.492158762679075,1e-05,True,40,development_isotonic_frozen
s0-i14,held_out,0,random_matched,subset_beam_8,1,0.15,8a4f20d215a3b9a1,"[[0, 1, 2, 3, 4, 5, 6, 7, 8, 9, 10, 11]]",0.3484154663218108,-0.0,0.0,-4.233543059065238e-15,,0.0,0.2140174787512853,0.2140174787512853,0.3484154663218108,0.0,0.0,"{""4"": 9, ""3"": 10, ""2"": 11}",0.2140174787512853,0.21401219483621176,28.492158762679075,1e-05,True,40,development_isotonic_frozen
s0-i14,held_out,0,random_matched,subset_beam_32,1,0.15,8a4f20d215a3b9a1,"[[0, 1, 2, 3, 4, 5, 6, 7, 8, 9, 10, 11]]",0.3484154663218108,-0.0,0.0,-4.233543059065238e-15,,0.0,0.2140174787512853,0.2140174787512853,0.3484154663218108,0.0,0.0,"{""4"": 9, ""3"": 10, ""2"": 11}",0.2140174787512853,0.21401219483621176,28.492158762679075,1e-05,True,40,development_isotonic_frozen
s0-i14,held_out,0,random_matched,saps_diagonal,1,0.15,8a4f20d215a3b9a1,"[[0, 1, 2, 3, 4, 5, 6, 7, 8, 9, 10, 11]]",0.3484154663218108,-0.0,0.0,-4.233543059065238e-15,,0.0,0.2140174787512853,0.2140174787512853,0.3484154663218108,0.0,0.0,"{""4"": 9, ""3"": 10, ""2"": 11}",0.2140174787512853,0.21401219483621176,28.492158762679075,1e-05,True,40,development_isotonic_frozen
s0-i14,held_out,0,random_matched,p_saps_residualized,1,0.15,8a4f20d215a3b9a1,"[[0, 1, 2, 3, 4, 5, 6, 7, 8, 9, 10, 11]]",0.3484154663218108,-0.0,0.0,-4.233543059065238e-15,,0.0,0.2140174787512853,0.2140174787512853,0.3484154663218108,0.0,0.0,"{""4"": 9, ""3"": 10, ""2"": 11}",0.2140174787512853,0.21401219483621176,28.492158762679075,1e-05,True,40,development_isotonic_frozen
s0-i14,held_out,0,random_matched,p_saps_projection,1,0.15,8a4f20d215a3b9a1,"[[0, 1, 2, 3, 4, 5, 6, 7, 8, 9, 10, 11]]",0.3484154663218108,-0.0,0.0,-4.233543059065238e-15,,0.0,0.2140174787512853,0.2140174787512853,0.3484154663218108,0.0,0.0,"{""4"": 9, ""3"": 10, ""2"": 11}",0.2140174787512853,0.21401219483621176,28.492158762679075,1e-05,True,40,development_isotonic_frozen
s0-i14,held_out,0,random_matched,b_saps_budgeted,1,0.15,8a4f20d215a3b9a1,"[[0, 1, 2, 3, 4, 5, 6, 7, 8, 9, 10, 11]]",0.3484154663218108,-0.0,0.0,-4.233543059065238e-15,,0.0,0.2140174787512853,0.2140174787512853,0.3484154663218108,0.0,0.0,"{""4"": 9, ""3"": 10, ""2"": 11}",0.2140174787512853,0.21401219483621176,28.492158762679075,1e-05,True,40,development_isotonic_frozen
s0-i14,held_out,0,random_matched,random_balanced,2,0.01,6d9aded071cfce8b,"[[0, 4, 5, 6, 8, 10], [1, 2, 3, 7, 9, 11]]",0.029881352097704632,-0.30148930161257065,0.5018231972156103,-1.866961928607028e-15,,11.0,0.19027905370215548,0.19027905370215548,0.029420220120888203,0.0,0.0,"{""2"": 16, ""4"": 1, ""1"": 11, ""3"": 2}",0.19027905370215548,0.190276052278948,18.82837104473321,1e-05,True,40,development_isotonic_frozen
s0-i14,held_out,0,random_matched,confidence,2,0.01,d7b79af8af3c3a69,"[[2, 3, 4, 6, 9, 11], [0, 1, 5, 7, 8, 10]]",0.029881352097704632,-0.20815509456298875,0.6295251634151585,-1.9682600018602975e-15,,11.0,0.13812760160998527,0.13812760160998527,0.029420220120888203,0.0,0.0,"{""3"": 4, ""2"": 14, ""1"": 11, ""4"": 1}",0.13812760160998527,0.13812134277441432,21.137745836892478,1e-05,True,40,development_isotonic_frozen
s0-i14,held_out,0,random_matched,entropy,2,0.01,0aa362a45f1627f6,"[[1, 2, 3, 4, 9, 11], [0, 5, 6, 7, 8, 10]]",0.029881352097704632,-0.21419739434284532,0.631194822004149,-1.9649775364959243e-15,,12.0,0.11430917599326693,0.11430917599326693,0.03043471046988435,0.0,0.0,"{""2"": 14, ""3"": 4, ""1"": 12}",0.11430917599326693,0.1143059980397928,20.208302705288578,1e-05,True,40,development_isotonic_frozen
s0-i14,held_out,0,random_matched,dependency_cmi,2,0.01,4d5f08455efc1e08,"[[0, 1, 6, 8, 9, 10], [2, 3, 4, 5, 7, 11]]",0.029881352097704632,-0.2974740968980345,0.5213105029939059,-1.5087485588481715e-15,,12.0,0.15273572195403984,0.15273572195403984,0.03043471046988435,0.0,0.0,"{""1"": 12, ""2"": 14, ""3"": 4}",0.15273572195403984,0.15273333221229568,21.66177093220927,1e-05,True,40,development_isotonic_frozen
s0-i14,held_out,0,random_matched,min_within_batch_tc,2,0.01,36fae734ce7d6001,"[[0, 4, 5, 8, 9, 10], [1, 2, 3, 6, 7, 11]]",0.029881352097704632,-0.28309333395670677,0.5342694974755887,-1.5777693632601082e-15,,13.0,0.18040947663582924,0.18040947663582924,0.029420220120888203,0.0,0.0,"{""2"": 12, ""4"": 1, ""1"": 13, ""3"": 4}",0.18040947663582924,0.18039144325537282,19.064483611770363,1e-05,True,40,development_isotonic_frozen
s0-i14,held_out,0,random_matched,dprm_myopic,2,0.01,a3078c2caff90167,"[[0, 1, 2, 3, 4, 6], [5, 7, 8, 9, 10, 11]]",0.029881352097704632,-0.2517018155952682,0.5767343080774436,-2.249063593164554e-15,,13.0,0.15942942441137253,0.15942942441137253,0.03043471046988435,0.0,0.0,"{""1"": 13, ""2"": 16, ""3"": 1}",0.15942942441137253,0.15942665343449952,19.84772646463276,1e-05,True,40,development_isotonic_frozen
s0-i14,held_out,0,random_matched,dprm_rollout,2,0.01,f19cbd2bf378724b,"[[0, 1, 2, 4, 6, 8], [3, 5, 7, 9, 10, 11]]",0.029881352097704632,-0.2613097894025186,0.565680802620211,-2.3225449003082537e-15,,13.0,0.18168673535223145,0.18168673535223145,0.02840572977189206,0.0,0.0,"{""1"": 13, ""2"": 11, ""4"": 2, ""3"": 4}",0.18168673535223145,0.18168387201547698,20.189584794385336,1e-05,True,40,development_isotonic_frozen
s0-i14,held_out,0,random_matched,subset_exact,2,0.01,0de5696474dda1c3,"[[0, 1, 2, 3, 4, 5], [6, 7, 8, 9, 10, 11]]",0.029881352097704632,-0.25431965029672826,0.5755298855521136,-2.1860916256287723e-15,,16.0,0.14178886369286442,0.14178886369286442,0.03043471046988435,0.0,0.0,"{""1"": 16, ""2"": 10, ""3"": 4}",0.14178886369286442,0.1417864478261561,18.054399774135234,1e-05,True,40,development_isotonic_frozen
s0-i14,held_out,0,random_matched,subset_beam_8,2,0.01,0de5696474dda1c3,"[[0, 1, 2, 3, 4, 5], [6, 7, 8, 9, 10, 11]]",0.029881352097704632,-0.25431965029672826,0.5755298855521136,-2.1860916256287723e-15,,16.0,0.14178886369286442,0.14178886369286442,0.03043471046988435,0.0,0.0,"{""1"": 16, ""2"": 10, ""3"": 4}",0.14178886369286442,0.1417864478261561,18.054399774135234,1e-05,True,40,development_isotonic_frozen
s0-i14,held_out,0,random_matched,subset_beam_32,2,0.01,0de5696474dda1c3,"[[0, 1, 2, 3, 4, 5], [6, 7, 8, 9, 10, 11]]",0.029881352097704632,-0.25431965029672826,0.5755298855521136,-2.1860916256287723e-15,,16.0,0.14178886369286442,0.14178886369286442,0.03043471046988435,0.0,0.0,"{""1"": 16, ""2"": 10, ""3"": 4}",0.14178886369286442,0.1417864478261561,18.054399774135234,1e-05,True,40,development_isotonic_frozen
s0-i14,held_out,0,random_matched,saps_diagonal,2,0.01,99ac9b531364f86d,"[[0, 3, 4, 5, 6, 8], [1, 2, 7, 9, 10, 11]]",0.029881352097704632,-0.2779420067600573,0.5240163538816712,-2.4268983066324936e-15,,17.0,0.1676650010897341,0.1676650010897341,0.03043471046988435,0.0,0.0,"{""1"": 17, ""2"": 12, ""3"": 1}",0.1676650010897341,0.1676594265824113,16.56580294516749,1e-05,True,40,development_isotonic_frozen
s0-i14,held_out,0,random_matched,p_saps_residualized,2,0.01,0f769789b5aa7774,"[[0, 1, 4, 5, 8, 9], [2, 3, 6, 7, 10, 11]]",0.029881352097704632,-0.2728708444039092,0.5491924172190008,-1.935780739502719e-15,,16.0,0.18763110173910796,0.18763110173910796,0.029420220120888203,0.0,0.0,"{""1"": 16, ""2"": 10, ""3"": 3, ""4"": 1}",0.18763110173910796,0.18762060317699386,19.94254200704237,1e-05,True,80,development_isotonic_frozen
s0-i14,held_out,0,random_matched,p_saps_projection,2,0.01,0f769789b5aa7774,"[[0, 1, 4, 5, 8, 9], [2, 3, 6, 7, 10, 11]]",0.029881352097704632,-0.2728708444039092,0.5491924172190008,-1.935780739502719e-15,,16.0,0.18763110173910796,0.18763110173910796,0.029420220120888203,0.0,0.0,"{""1"": 16, ""2"": 10, ""3"": 3, ""4"": 1}",0.18763110173910796,0.18762060317699386,19.94254200704237,1e-05,True,640,development_isotonic_frozen
s0-i14,held_out,0,random_matched,b_saps_budgeted,2,0.01,31f309c6a2f66ff1,"[[0, 1, 4, 5, 6, 8], [2, 3, 7, 9, 10, 11]]",0.029881352097704632,-0.29126681205977306,0.5167461169590223,-2.1334540740483388e-15,,16.0,0.11974238528864486,0.11974238528864486,0.03043471046988435,0.0,0.0,"{""1"": 16, ""2"": 11, ""3"": 3}",0.11974238528864486,0.11974105240406796,18.032739448429556,1e-05,True,40,development_isotonic_frozen
s0-i14,held_out,0,random_matched,random_balanced,2,0.05,6d9aded071cfce8b,"[[0, 4, 5, 6, 8, 10], [1, 2, 3, 7, 9, 11]]",0.1358124486070241,-0.30148930161257065,0.5018231972156103,-1.866961928607028e-15,,11.0,0.19027905370215548,0.19027905370215548,0.13490736380887813,0.0,0.0,"{""2"": 16, ""4"": 1, ""1"": 11, ""3"": 2}",0.19027905370215548,0.190276052278948,18.82837104473321,1e-05,True,40,development_isotonic_frozen
s0-i14,held_out,0,random_matched,confidence,2,0.05,d7b79af8af3c3a69,"[[2, 3, 4, 6, 9, 11], [0, 1, 5, 7, 8, 10]]",0.1358124486070241,-0.20815509456298875,0.6295251634151585,-1.9682600018602975e-15,,11.0,0.13812760160998527,0.13812760160998527,0.13490736380887813,0.0,0.0,"{""3"": 4, ""2"": 14, ""1"": 11, ""4"": 1}",0.13812760160998527,0.13812134277441432,21.137745836892478,1e-05,True,40,development_isotonic_frozen
s0-i14,held_out,0,random_matched,entropy,2,0.05,0aa362a45f1627f6,"[[1, 2, 3, 4, 9, 11], [0, 5, 6, 7, 8, 10]]",0.1358124486070241,-0.21419739434284532,0.631194822004149,-1.9649775364959243e-15,,12.0,0.11430917599326693,0.11430917599326693,0.13689855036479925,0.0,-1.0,"{""2"": 14, ""3"": 4, ""1"": 12}",0.11430917599326693,0.1143059980397928,20.208302705288578,1e-05,True,40,development_isotonic_frozen
s0-i14,held_out,0,random_matched,dependency_cmi,2,0.05,4d5f08455efc1e08,"[[0, 1, 6, 8, 9, 10], [2, 3, 4, 5, 7, 11]]",0.1358124486070241,-0.2974740968980345,0.5213105029939059,-1.5087485588481715e-15,,12.0,0.15273572195403984,0.15273572195403984,0.13689855036479925,0.0,-1.0,"{""1"": 12, ""2"": 14, ""3"": 4}",0.15273572195403984,0.15273333221229568,21.66177093220927,1e-05,True,40,development_isotonic_frozen
s0-i14,held_out,0,random_matched,min_within_batch_tc,2,0.05,36fae734ce7d6001,"[[0, 4, 5, 8, 9, 10], [1, 2, 3, 6, 7, 11]]",0.1358124486070241,-0.28309333395670677,0.5342694974755887,-1.5777693632601082e-15,,13.0,0.18040947663582924,0.18040947663582924,0.13490736380887813,0.0,0.0,"{""2"": 12, ""4"": 1, ""1"": 13, ""3"": 4}",0.18040947663582924,0.18039144325537282,19.064483611770363,1e-05,True,40,development_isotonic_frozen
s0-i14,held_out,0,random_matched,dprm_myopic,2,0.05,a3078c2caff90167,"[[0, 1, 2, 3, 4, 6], [5, 7, 8, 9, 10, 11]]",0.1358124486070241,-0.2517018155952682,0.5767343080774436,-2.249063593164554e-15,,13.0,0.15942942441137253,0.15942942441137253,0.13689855036479925,0.0,-1.0,"{""1"": 13, ""2"": 16, ""3"": 1}",0.15942942441137253,0.15942665343449952,19.84772646463276,1e-05,True,40,development_isotonic_frozen
s0-i14,held_out,0,random_matched,dprm_rollout,2,0.05,0fa0744cd86b5ab2,"[[0, 1, 2, 4, 5, 6], [3, 7, 8, 9, 10, 11]]",0.1358124486070241,-0.26160215581658747,0.5665899900404744,-2.4429082557539037e-15,,13.0,0.13404267755336507,0.13404267755336507,0.13689855036479925,0.0,-1.0,"{""2"": 14, ""1"": 13, ""3"": 3}",0.13404267755336507,0.13403954350431363,18.47700653158838,1e-05,True,40,development_isotonic_frozen
s0-i14,held_out,0,random_matched,subset_exact,2,0.05,0de5696474dda1c3,"[[0, 1, 2, 3, 4, 5], [6, 7, 8, 9, 10, 11]]",0.1358124486070241,-0.25431965029672826,0.5755298855521136,-2.1860916256287723e-15,,16.0,0.14178886369286442,0.14178886369286442,0.13689855036479925,0.0,0.0,"{""1"": 16, ""2"": 10, ""3"": 4}",0.14178886369286442,0.1417864478261561,18.054399774135234,1e-05,True,40,development_isotonic_frozen
s0-i14,held_out,0,random_matched,subset_beam_8,2,0.05,0de5696474dda1c3,"[[0, 1, 2, 3, 4, 5], [6, 7, 8, 9, 10, 11]]",0.1358124486070241,-0.25431965029672826,0.5755298855521136,-2.1860916256287723e-15,,16.0,0.14178886369286442,0.14178886369286442,0.13689855036479925,0.0,0.0,"{""1"": 16, ""2"": 10, ""3"": 4}",0.14178886369286442,0.1417864478261561,18.054399774135234,1e-05,True,40,development_isotonic_frozen
s0-i14,held_out,0,random_matched,subset_beam_32,2,0.05,0de5696474dda1c3,"[[0, 1, 2, 3, 4, 5], [6, 7, 8, 9, 10, 11]]",0.1358124486070241,-0.25431965029672826,0.5755298855521136,-2.1860916256287723e-15,,16.0,0.14178886369286442,0.14178886369286442,0.13689855036479925,0.0,0.0,"{""1"": 16, ""2"": 10, ""3"": 4}",0.14178886369286442,0.1417864478261561,18.054399774135234,1e-05,True,40,development_isotonic_frozen
s0-i14,held_out,0,random_matched,saps_diagonal,2,0.05,99ac9b531364f86d,"[[0, 3, 4, 5, 6, 8], [1, 2, 7, 9, 10, 11]]",0.1358124486070241,-0.2779420067600573,0.5240163538816712,-2.4268983066324936e-15,,17.0,0.1676650010897341,0.1676650010897341,0.13689855036479925,0.0,0.0,"{""1"": 17, ""2"": 12, ""3"": 1}",0.1676650010897341,0.1676594265824113,16.56580294516749,1e-05,True,40,development_isotonic_frozen
s0-i14,held_out,0,random_matched,p_saps_residualized,2,0.05,0f769789b5aa7774,"[[0, 1, 4, 5, 8, 9], [2, 3, 6, 7, 10, 11]]",0.1358124486070241,-0.2728708444039092,0.5491924172190008,-1.935780739502719e-15,,16.0,0.18763110173910796,0.18763110173910796,0.13490736380887813,0.0,0.0,"{""1"": 16, ""2"": 10, ""3"": 3, ""4"": 1}",0.18763110173910796,0.18762060317699386,19.94254200704237,1e-05,True,80,development_isotonic_frozen
s0-i14,held_out,0,random_matched,p_saps_projection,2,0.05,0f769789b5aa7774,"[[0, 1, 4, 5, 8, 9], [2, 3, 6, 7, 10, 11]]",0.1358124486070241,-0.2728708444039092,0.5491924172190008,-1.935780739502719e-15,,16.0,0.18763110173910796,0.18763110173910796,0.13490736380887813,0.0,0.0,"{""1"": 16, ""2"": 10, ""3"": 3, ""4"": 1}",0.18763110173910796,0.18762060317699386,19.94254200704237,1e-05,True,640,development_isotonic_frozen
s0-i14,held_out,0,random_matched,b_saps_budgeted,2,0.05,31f309c6a2f66ff1,"[[0, 1, 4, 5, 6, 8], [2, 3, 7, 9, 10, 11]]",0.1358124486070241,-0.29126681205977306,0.5167461169590223,-2.1334540740483388e-15,,16.0,0.11974238528864486,0.11974238528864486,0.13689855036479925,0.0,-1.0,"{""1"": 16, ""2"": 11, ""3"": 3}",0.11974238528864486,0.11974105240406796,18.032739448429556,1e-05,True,40,development_isotonic_frozen
s0-i14,held_out,0,random_matched,random_balanced,2,0.15,6d9aded071cfce8b,"[[0, 4, 5, 6, 8, 10], [1, 2, 3, 7, 9, 11]]",1.6840666234508794,-0.30148930161257065,0.5018231972156103,-1.866961928607028e-15,,11.0,0.19027905370215548,0.19027905370215548,1.641984790764272,0.0,0.0,"{""2"": 16, ""4"": 1, ""1"": 11, ""3"": 2}",0.19027905370215548,0.190276052278948,18.82837104473321,1e-05,True,40,development_isotonic_frozen
s0-i14,held_out,0,random_matched,confidence,2,0.15,d7b79af8af3c3a69,"[[2, 3, 4, 6, 9, 11], [0, 1, 5, 7, 8, 10]]",1.6840666234508794,-0.20815509456298875,0.6295251634151585,-1.9682600018602975e-15,,11.0,0.13812760160998527,0.13812760160998527,1.5786365241603062,0.0,0.0,"{""3"": 4, ""2"": 14, ""1"": 11, ""4"": 1}",0.13812760160998527,0.13812134277441432,21.137745836892478,1e-05,True,40,development_isotonic_frozen
s0-i14,held_out,0,random_matched,entropy,2,0.15,0aa362a45f1627f6,"[[1, 2, 3, 4, 9, 11], [0, 5, 6, 7, 8, 10]]",1.6840666234508794,-0.21419739434284532,0.631194822004149,-1.9649775364959243e-15,,12.0,0.11430917599326693,0.11430917599326693,1.681836402154174,0.0,0.0,"{""2"": 14, ""3"": 4, ""1"": 12}",0.11430917599326693,0.1143059980397928,20.208302705288578,1e-05,True,40,development_isotonic_frozen
s0-i14,held_out,0,random_matched,dependency_cmi,2,0.15,4d5f08455efc1e08,"[[0, 1, 6, 8, 9, 10], [2, 3, 4, 5, 7, 11]]",1.6840666234508794,-0.2974740968980345,0.5213105029939059,-1.5087485588481715e-15,,12.0,0.15273572195403984,0.15273572195403984,1.681836402154174,0.0,0.0,"{""1"": 12, ""2"": 14, ""3"": 4}",0.15273572195403984,0.15273333221229568,21.66177093220927,1e-05,True,40,development_isotonic_frozen
s0-i14,held_out,0,random_matched,min_within_batch_tc,2,0.15,36fae734ce7d6001,"[[0, 4, 5, 8, 9, 10], [1, 2, 3, 6, 7, 11]]",1.6840666234508794,-0.28309333395670677,0.5342694974755887,-1.5777693632601082e-15,,13.0,0.18040947663582924,0.18040947663582924,1.7216880135440764,0.0,0.0,"{""2"": 12, ""4"": 1, ""1"": 13, ""3"": 4}",0.18040947663582924,0.18039144325537282,19.064483611770363,1e-05,True,40,development_isotonic_frozen
s0-i14,held_out,0,random_matched,dprm_myopic,2,0.15,a3078c2caff90167,"[[0, 1, 2, 3, 4, 6], [5, 7, 8, 9, 10, 11]]",1.6840666234508794,-0.2517018155952682,0.5767343080774436,-2.249063593164554e-15,,13.0,0.15942942441137253,0.15942942441137253,1.8483845467520077,0.0,0.0,"{""1"": 13, ""2"": 16, ""3"": 1}",0.15942942441137253,0.15942665343449952,19.84772646463276,1e-05,True,40,development_isotonic_frozen
s0-i14,held_out,0,random_matched,dprm_rollout,2,0.15,cb3b11be60501ed7,"[[1, 2, 3, 6, 7, 9], [0, 4, 5, 8, 10, 11]]",1.6840666234508794,-0.23808475262469123,0.5913304787921191,-1.7015269749400355e-15,,15.0,0.17875449054067857,0.17875449054067857,1.9597619028337951,0.0,0.0,"{""2"": 13, ""4"": 1, ""3"": 1, ""1"": 15}",0.17875449054067857,0.17872561383239638,18.769887162644345,1e-05,True,40,development_isotonic_frozen
s0-i14,held_out,0,random_matched,subset_exact,2,0.15,fd9747068f2fb651,"[[0, 1, 3, 5, 7, 11], [2, 4, 6, 8, 9, 10]]",1.6840666234508794,-0.28276795612766537,0.5297174827264225,-1.6365965090879025e-15,,13.0,0.09731511626853585,0.09731511626853585,1.6900138802420936,0.125,0.0,"{""1"": 13, ""2"": 11, ""3"": 6}",0.09731511626853585,0.09731414417888372,20.497717128558374,1e-05,True,40,development_isotonic_frozen
s0-i14,held_out,0,random_matched,subset_beam_8,2,0.15,0de5696474dda1c3,"[[0, 1, 2, 3, 4, 5], [6, 7, 8, 9, 10, 11]]",1.6840666234508794,-0.25431965029672826,0.5755298855521136,-2.1860916256287723e-15,,16.0,0.14178886369286442,0.14178886369286442,1.9679393809217147,0.0,0.0,"{""1"": 16, ""2"": 10, ""3"": 4}",0.14178886369286442,0.1417864478261561,18.054399774135234,1e-05,True,40,development_isotonic_frozen
s0-i14,held_out,0,random_matched,subset_beam_32,2,0.15,0de5696474dda1c3,"[[0, 1, 2, 3, 4, 5], [6, 7, 8, 9, 10, 11]]",1.6840666234508794,-0.25431965029672826,0.5755298855521136,-2.1860916256287723e-15,,16.0,0.14178886369286442,0.14178886369286442,1.9679393809217147,0.0,0.0,"{""1"": 16, ""2"": 10, ""3"": 4}",0.14178886369286442,0.1417864478261561,18.054399774135234,1e-05,True,40,development_isotonic_frozen
s0-i14,held_out,0,random_matched,saps_diagonal,2,0.15,99ac9b531364f86d,"[[0, 3, 4, 5, 6, 8], [1, 2, 7, 9, 10, 11]]",1.6840666234508794,-0.2779420067600573,0.5240163538816712,-2.4268983066324936e-15,,17.0,0.1676650010897341,0.1676650010897341,2.1344875255195483,0.0,0.0,"{""1"": 17, ""2"": 12, ""3"": 1}",0.1676650010897341,0.1676594265824113,16.56580294516749,1e-05,True,40,development_isotonic_frozen
s0-i14,held_out,0,random_matched,p_saps_residualized,2,0.15,0f769789b5aa7774,"[[0, 1, 4, 5, 8, 9], [2, 3, 6, 7, 10, 11]]",1.6840666234508794,-0.2728708444039092,0.5491924172190008,-1.935780739502719e-15,,16.0,0.18763110173910796,0.18763110173910796,1.9679393809217147,0.0,0.0,"{""1"": 16, ""2"": 10, ""3"": 3, ""4"": 1}",0.18763110173910796,0.18762060317699386,19.94254200704237,1e-05,True,80,development_isotonic_frozen
s0-i14,held_out,0,random_matched,p_saps_projection,2,0.15,0f769789b5aa7774,"[[0, 1, 4, 5, 8, 9], [2, 3, 6, 7, 10, 11]]",1.6840666234508794,-0.2728708444039092,0.5491924172190008,-1.935780739502719e-15,,16.0,0.18763110173910796,0.18763110173910796,1.9679393809217147,0.0,0.0,"{""1"": 16, ""2"": 10, ""3"": 3, ""4"": 1}",0.18763110173910796,0.18762060317699386,19.94254200704237,1e-05,True,640,development_isotonic_frozen
s0-i14,held_out,0,random_matched,b_saps_budgeted,2,0.15,1174f7db4b0822f2,"[[1, 3, 4, 5, 6, 8], [0, 2, 7, 9, 10, 11]]",1.6840666234508794,-0.27626497314670645,0.5268091243762899,-2.3876997403260604e-15,,17.0,0.14605533337304036,0.14605533337304036,2.166161658821531,0.0,0.0,"{""1"": 17, ""2"": 13}",0.14605533337304036,0.14604943167803563,15.847129687956802,1e-05,True,40,development_isotonic_frozen
s0-i14,held_out,0,random_matched,random_balanced,3,0.01,7855e8d5c9bfd0af,"[[4, 5, 6, 10], [0, 3, 7, 8], [1, 2, 9, 11]]",0.03037937463266638,-0.5871932362402466,1.012682845939154,-1.1269491786405515e-15,,16.0,0.13915097844553692,0.13915097844553692,0.03043471046988435,0.0,0.0,"{""1"": 16, ""2"": 14}",0.13915097844553692,0.13914937379941986,12.290816270613007,1e-05,True,40,development_isotonic_frozen
s0-i14,held_out,0,random_matched,confidence,3,0.01,371363c9ee526bf3,"[[2, 4, 9, 11], [3, 6, 7, 8], [0, 1, 5, 10]]",0.03037937463266638,-0.42746010314879096,1.2448566555181568,-9.670525772603154e-16,,20.0,0.16381659960928943,0.16381659960928943,0.03043471046988435,0.0,0.0,"{""2"": 7, ""3"": 3, ""1"": 20}",0.16381659960928943,0.16380538661376806,15.947977793609313,1e-05,True,40,development_isotonic_frozen
s0-i14,held_out,0,random_matched,entropy,3,0.01,c2638ca3d2302147,"[[2, 4, 9, 11], [0, 1, 3, 6], [5, 7, 8, 10]]",0.03037937463266638,-0.4373543278189007,1.2506569780020402,-1.0388199292300432e-15,,21.0,0.0786387428890755,0.0786387428890755,0.03043471046988435,0.0,0.0,"{""1"": 21, ""2"": 8, ""3"": 1}",0.0786387428890755,0.07863676820521635,18.21669933245272,1e-05,True,40,development_isotonic_frozen
s0-i14,held_out,0,random_matched,dependency_cmi,3,0.01,0056e901c897b499,"[[0, 1, 6, 8], [2, 4, 5, 7], [3, 9, 10, 11]]",0.03037937463266638,-0.565074839540786,1.0634536781283022,-8.373250624540179e-16,,15.0,0.15260065188143232,0.15260065188143232,0.03043471046988435,0.0,0.0,"{""1"": 15, ""2"": 13, ""3"": 2}",0.15260065188143232,0.15259959398463024,17.058717540702325,1e-05,True,40,development_isotonic_frozen
s0-i14,held_out,0,random_matched,min_within_batch_tc,3,0.01,b5266f056e7fa6a2,"[[0, 4, 5, 7], [6, 8, 9, 10], [1, 2, 3, 11]]",0.03037937463266638,-0.5690762583803582,1.0451792340813586,-7.815671449888679e-16,,18.0,0.1708645440691136,0.1708645440691136,0.03043471046988435,0.0,0.0,"{""2"": 10, ""1"": 18, ""3"": 2}",0.1708645440691136,0.1708586303449785,14.609003781888555,1e-05,True,40,development_isotonic_frozen
s0-i14,held_out,0,random_matched,dprm_myopic,3,0.01,2804a379de5eeb8a,"[[0, 1, 4, 6], [2, 3, 5, 7], [8, 9, 10, 11]]",0.03037937463266638,-0.5421850995832133,1.0924538691271317,-8.09712113881856e-16,,20.0,0.11429618709843456,0.11429618709843456,0.03043471046988435,0.0,0.0,"{""1"": 20, ""2"": 9, ""3"": 1}",0.11429618709843456,0.11429574699798636,16.477145444286233,1e-05,True,40,development_isotonic_frozen
s0-i14,held_out,0,random_matched,dprm_rollout,3,0.01,125f807e373eaa5d,"[[0, 1, 2, 4], [5, 6, 8, 9], [3, 7, 10, 11]]",0.03037937463266638,-0.5045159775632422,1.1647170929206638,-1.2074969889389213e-15,,20.0,0.12027959000856542,0.12027959000856542,0.03043471046988435,0.0,0.0,"{""1"": 20, ""2"": 7, ""3"": 3}",0.12027959000856542,0.12027882156385467,18.544955545914664,1e-05,True,40,development_isotonic_frozen
s0-i14,held_out,0,random_matched,subset_exact,3,0.01,0cd904457ec47777,"[[0, 1, 2, 3], [4, 6, 9, 11], [5, 7, 8, 10]]",0.03037937463266638,-0.48457484119425215,1.190972942579961,-8.930605258270965e-16,,20.0,0.08728282190328093,0.08728282190328093,0.029420220120888203,0.0,0.0,"{""1"": 20, ""2"": 8, ""4"": 1, ""3"": 1}",0.08728282190328093,0.08728230961615868,18.14829597198091,1e-05,True,40,development_isotonic_frozen
s0-i14,held_out,0,random_matched,subset_beam_8,3,0.01,0cd904457ec47777,"[[0, 1, 2, 3], [4, 6, 9, 11], [5, 7, 8, 10]]",0.03037937463266638,-0.48457484119425215,1.190972942579961,-8.930605258270965e-16,,20.0,0.08728282190328093,0.08728282190328093,0.029420220120888203,0.0,0.0,"{""1"": 20, ""2"": 8, ""4"": 1, ""3"": 1}",0.08728282190328093,0.08728230961615868,18.14829597198091,1e-05,True,40,development_isotonic_frozen
s0-i14,held_out,0,random_matched,subset_beam_32,3,0.01,0cd904457ec47777,"[[0, 1, 2, 3], [4, 6, 9, 11], [5, 7, 8, 10]]",0.03037937463266638,-0.48457484119425215,1.190972942579961,-8.930605258270965e-16,,20.0,0.08728282190328093,0.08728282190328093,0.029420220120888203,0.0,0.0,"{""1"": 20, ""2"": 8, ""4"": 1, ""3"": 1}",0.08728282190328093,0.08728230961615868,18.14829597198091,1e-05,True,40,development_isotonic_frozen
s0-i14,held_out,0,random_matched,saps_diagonal,3,0.01,8b3d14ea1992840b,"[[0, 2, 4, 5], [3, 6, 8, 11], [1, 7, 9, 10]]",0.03037937463266638,-0.4947735546376421,1.1575580502301124,-1.233646170811944e-15,,27.0,0.12372357825476742,0.12372357825476742,0.03043471046988435,0.0,0.0,"{""1"": 27, ""2"": 3}",0.12372357825476742,0.1237219644793425,14.0333492136622,1e-05,True,40,development_isotonic_frozen
s0-i14,held_out,0,random_matched,p_saps_residualized,3,0.01,04f0177c8708dd1b,"[[0, 1, 4, 6], [5, 7, 8, 9], [2, 3, 10, 11]]",0.03037937463266638,-0.5607362936903941,1.066116400794019,-1.3299330305546037e-15,,23.0,0.14819826572246952,0.14819826572246952,0.03043471046988435,0.0,0.0,"{""1"": 23, ""3"": 1, ""2"": 6}",0.14819826572246952,0.1481975126715919,14.611282900616631,1e-05,True,80,development_isotonic_frozen
s0-i14,held_out,0,random_matched,p_saps_projection,3,0.01,b5266f056e7fa6a2,"[[0, 4, 5, 7], [6, 8, 9, 10], [1, 2, 3, 11]]",0.03037937463266638,-0.5690762583803582,1.0451792340813586,-7.815671449888679e-16,,18.0,0.1708645440691136,0.1708645440691136,0.03043471046988435,0.0,0.0,"{""2"": 10, ""1"": 18, ""3"": 2}",0.1708645440691136,0.1708586303449785,14.609003781888555,1e-05,True,640,development_isotonic_frozen
s0-i14,held_out,0,random_matched,b_saps_budgeted,3,0.01,7855e8d5c9bfd0af,"[[4, 5, 6, 10], [0, 3, 7, 8], [1, 2, 9, 11]]",0.03037937463266638,-0.5871932362402466,1.012682845939154,-1.1269491786405515e-15,,16.0,0.13915097844553692,0.13915097844553692,0.03043471046988435,0.0,0.0,"{""1"": 16, ""2"": 14}",0.13915097844553692,0.13914937379941986,12.290816270613007,1e-05,True,40,development_isotonic_frozen
s0-i14,held_out,0,random_matched,random_balanced,3,0.05,7855e8d5c9bfd0af,"[[4, 5, 6, 10], [0, 3, 7, 8], [1, 2, 9, 11]]",0.13678994018902174,-0.5871932362402466,1.012682845939154,-1.1269491786405515e-15,,16.0,0.13915097844553692,0.13915097844553692,0.13689855036479925,0.0,0.0,"{""1"": 16, ""2"": 14}",0.13915097844553692,0.13914937379941986,12.290816270613007,1e-05,True,40,development_isotonic_frozen
s0-i14,held_out,0,random_matched,confidence,3,0.05,371363c9ee526bf3,"[[2, 4, 9, 11], [3, 6, 7, 8], [0, 1, 5, 10]]",0.13678994018902174,-0.42746010314879096,1.2448566555181568,-9.670525772603154e-16,,20.0,0.16381659960928943,0.16381659960928943,0.13689855036479925,0.0,-1.0,"{""2"": 7, ""3"": 3, ""1"": 20}",0.16381659960928943,0.16380538661376806,15.947977793609313,1e-05,True,40,development_isotonic_frozen
s0-i14,held_out,0,random_matched,entropy,3,0.05,c2638ca3d2302147,"[[2, 4, 9, 11], [0, 1, 3, 6], [5, 7, 8, 10]]",0.13678994018902174,-0.4373543278189007,1.2506569780020402,-1.0388199292300432e-15,,21.0,0.0786387428890755,0.0786387428890755,0.13689855036479925,0.0,0.0,"{""1"": 21, ""2"": 8, ""3"": 1}",0.0786387428890755,0.07863676820521635,18.21669933245272,1e-05,True,40,development_isotonic_frozen
s0-i14,held_out,0,random_matched,dependency_cmi,3,0.05,0056e901c897b499,"[[0, 1, 6, 8], [2, 4, 5, 7], [3, 9, 10, 11]]",0.13678994018902174,-0.565074839540786,1.0634536781283022,-8.373250624540179e-16,,15.0,0.15260065188143232,0.15260065188143232,0.13689855036479925,0.0,-1.0,"{""1"": 15, ""2"": 13, ""3"": 2}",0.15260065188143232,0.15259959398463024,17.058717540702325,1e-05,True,40,development_isotonic_frozen
s0-i14,held_out,0,random_matched,min_within_batch_tc,3,0.05,b5266f056e7fa6a2,"[[0, 4, 5, 7], [6, 8, 9, 10], [1, 2, 3, 11]]",0.13678994018902174,-0.5690762583803582,1.0451792340813586,-7.815671449888679e-16,,18.0,0.1708645440691136,0.1708645440691136,0.13689855036479925,0.0,0.0,"{""2"": 10, ""1"": 18, ""3"": 2}",0.1708645440691136,0.1708586303449785,14.609003781888555,1e-05,True,40,development_isotonic_frozen
s0-i14,held_out,0,random_matched,dprm_myopic,3,0.05,2804a379de5eeb8a,"[[0, 1, 4, 6], [2, 3, 5, 7], [8, 9, 10, 11]]",0.13678994018902174,-0.5421850995832133,1.0924538691271317,-8.09712113881856e-16,,20.0,0.11429618709843456,0.11429618709843456,0.13689855036479925,0.0,-1.0,"{""1"": 20, ""2"": 9, ""3"": 1}",0.11429618709843456,0.11429574699798636,16.477145444286233,1e-05,True,40,development_isotonic_frozen
s0-i14,held_out,0,random_matched,dprm_rollout,3,0.05,4060b4ba3ab8b43b,"[[1, 2, 5, 6], [0, 4, 7, 9], [3, 8, 10, 11]]",0.13678994018902174,-0.509587248662598,1.1477761507956241,-1.2798617910221002e-15,,22.0,0.1494659770763303,0.1494659770763303,0.13689855036479925,0.0,-1.0,"{""2"": 6, ""1"": 22, ""3"": 2}",0.1494659770763303,0.14945011443584902,15.011981224966377,1e-05,True,40,development_isotonic_frozen
s0-i14,held_out,0,random_matched,subset_exact,3,0.05,0cd904457ec47777,"[[0, 1, 2, 3], [4, 6, 9, 11], [5, 7, 8, 10]]",0.13678994018902174,-0.48457484119425215,1.190972942579961,-8.930605258270965e-16,,20.0,0.08728282190328093,0.08728282190328093,0.13490736380887813,0.0,-1.0,"{""1"": 20, ""2"": 8, ""4"": 1, ""3"": 1}",0.08728282190328093,0.08728230961615868,18.14829597198091,1e-05,True,40,development_isotonic_frozen
s0-i14,held_out,0,random_matched,subset_beam_8,3,0.05,0cd904457ec47777,"[[0, 1, 2, 3], [4, 6, 9, 11], [5, 7, 8, 10]]",0.13678994018902174,-0.48457484119425215,1.190972942579961,-8.930605258270965e-16,,20.0,0.08728282190328093,0.08728282190328093,0.13490736380887813,0.0,-1.0,"{""1"": 20, ""2"": 8, ""4"": 1, ""3"": 1}",0.08728282190328093,0.08728230961615868,18.14829597198091,1e-05,True,40,development_isotonic_frozen
s0-i14,held_out,0,random_matched,subset_beam_32,3,0.05,0cd904457ec47777,"[[0, 1, 2, 3], [4, 6, 9, 11], [5, 7, 8, 10]]",0.13678994018902174,-0.48457484119425215,1.190972942579961,-8.930605258270965e-16,,20.0,0.08728282190328093,0.08728282190328093,0.13490736380887813,0.0,-1.0,"{""1"": 20, ""2"": 8, ""4"": 1, ""3"": 1}",0.08728282190328093,0.08728230961615868,18.14829597198091,1e-05,True,40,development_isotonic_frozen
s0-i14,held_out,0,random_matched,saps_diagonal,3,0.05,8b3d14ea1992840b,"[[0, 2, 4, 5], [3, 6, 8, 11], [1, 7, 9, 10]]",0.13678994018902174,-0.4947735546376421,1.1575580502301124,-1.233646170811944e-15,,27.0,0.12372357825476742,0.12372357825476742,0.13689855036479925,0.0,0.0,"{""1"": 27, ""2"": 3}",0.12372357825476742,0.1237219644793425,14.0333492136622,1e-05,True,40,development_isotonic_frozen
s0-i14,held_out,0,random_matched,p_saps_residualized,3,0.05,04f0177c8708dd1b,"[[0, 1, 4, 6], [5, 7, 8, 9], [2, 3, 10, 11]]",0.13678994018902174,-0.5607362936903941,1.066116400794019,-1.3299330305546037e-15,,23.0,0.14819826572246952,0.14819826572246952,0.13689855036479925,0.0,-1.0,"{""1"": 23, ""3"": 1, ""2"": 6}",0.14819826572246952,0.1481975126715919,14.611282900616631,1e-05,True,80,development_isotonic_frozen
s0-i14,held_out,0,random_matched,p_saps_projection,3,0.05,b5266f056e7fa6a2,"[[0, 4, 5, 7], [6, 8, 9, 10], [1, 2, 3, 11]]",0.13678994018902174,-0.5690762583803582,1.0451792340813586,-7.815671449888679e-16,,18.0,0.1708645440691136,0.1708645440691136,0.13689855036479925,0.0,0.0,"{""2"": 10, ""1"": 18, ""3"": 2}",0.1708645440691136,0.1708586303449785,14.609003781888555,1e-05,True,640,development_isotonic_frozen
s0-i14,held_out,0,random_matched,b_saps_budgeted,3,0.05,7855e8d5c9bfd0af,"[[4, 5, 6, 10], [0, 3, 7, 8], [1, 2, 9, 11]]",0.13678994018902174,-0.5871932362402466,1.012682845939154,-1.1269491786405515e-15,,16.0,0.13915097844553692,0.13915097844553692,0.13689855036479925,0.0,0.0,"{""1"": 16, ""2"": 14}",0.13915097844553692,0.13914937379941986,12.290816270613007,1e-05,True,40,development_isotonic_frozen
s0-i14,held_out,0,random_matched,random_balanced,3,0.15,7855e8d5c9bfd0af,"[[4, 5, 6, 10], [0, 3, 7, 8], [1, 2, 9, 11]]",2.230054086118797,-0.5871932362402466,1.012682845939154,-1.1269491786405515e-15,,16.0,0.13915097844553692,0.13915097844553692,2.094635914129646,0.0,0.0,"{""1"": 16, ""2"": 14}",0.13915097844553692,0.13914937379941986,12.290816270613007,1e-05,True,40,development_isotonic_frozen
s0-i14,held_out,0,random_matched,confidence,3,0.15,371363c9ee526bf3,"[[2, 4, 9, 11], [3, 6, 7, 8], [0, 1, 5, 10]]",2.230054086118797,-0.42746010314879096,1.2448566555181568,-9.670525772603154e-16,,20.0,0.16381659960928943,0.16381659960928943,2.285716492991238,0.0,0.0,"{""2"": 7, ""3"": 3, ""1"": 20}",0.16381659960928943,0.16380538661376806,15.947977793609313,1e-05,True,40,development_isotonic_frozen
s0-i14,held_out,0,random_matched,entropy,3,0.15,c2638ca3d2302147,"[[2, 4, 9, 11], [0, 1, 3, 6], [5, 7, 8, 10]]",2.230054086118797,-0.4373543278189007,1.2506569780020402,-1.0388199292300432e-15,,21.0,0.0786387428890755,0.0786387428890755,2.4205905042870888,0.0,0.0,"{""1"": 21, ""2"": 8, ""3"": 1}",0.0786387428890755,0.07863676820521635,18.21669933245272,1e-05,True,40,development_isotonic_frozen
s0-i14,held_out,0,random_matched,dependency_cmi,3,0.15,0056e901c897b499,"[[0, 1, 6, 8], [2, 4, 5, 7], [3, 9, 10, 11]]",2.230054086118797,-0.565074839540786,1.0634536781283022,-8.373250624540179e-16,,15.0,0.15260065188143232,0.15260065188143232,1.9597619028337951,-0.125,0.0,"{""1"": 15, ""2"": 13, ""3"": 2}",0.15260065188143232,0.15259959398463024,17.058717540702325,1e-05,True,40,development_isotonic_frozen
s0-i14,held_out,0,random_matched,min_within_batch_tc,3,0.15,b5266f056e7fa6a2,"[[0, 4, 5, 7], [6, 8, 9, 10], [1, 2, 3, 11]]",2.230054086118797,-0.5690762583803582,1.0451792340813586,-7.815671449888679e-16,,18.0,0.1708645440691136,0.1708645440691136,2.1743391369094502,0.0,0.0,"{""2"": 10, ""1"": 18, ""3"": 2}",0.1708645440691136,0.1708586303449785,14.609003781888555,1e-05,True,40,development_isotonic_frozen
s0-i14,held_out,0,random_matched,dprm_myopic,3,0.15,2804a379de5eeb8a,"[[0, 1, 4, 6], [2, 3, 5, 7], [8, 9, 10, 11]]",2.230054086118797,-0.5421850995832133,1.0924538691271317,-8.09712113881856e-16,,20.0,0.11429618709843456,0.11429618709843456,2.3490647595952034,0.0,0.0,"{""1"": 20, ""2"": 9, ""3"": 1}",0.11429618709843456,0.11429574699798636,16.477145444286233,1e-05,True,40,development_isotonic_frozen
s0-i14,held_out,0,random_matched,dprm_rollout,3,0.15,54b2db9b83f5da3d,"[[1, 2, 6, 10], [0, 8, 9, 11], [3, 4, 5, 7]]",2.230054086118797,-0.5372318636563937,1.1297630556118705,-1.0474424539567142e-15,,16.0,0.11506625448317079,0.11506625448317079,2.03128764752568,0.0,0.0,"{""1"": 16, ""2"": 12, ""3"": 2}",0.11506625448317079,0.11506511575666335,19.7328663914096,1e-05,True,40,development_isotonic_frozen
s0-i14,held_out,0,random_matched,subset_exact,3,0.15,1875fbd0f5fd2718,"[[0, 2, 3, 4], [6, 7, 9, 11], [1, 5, 8, 10]]",2.230054086118797,-0.463075883987171,1.2003265351430559,-1.233916571072053e-15,,19.0,0.13424916380104984,0.13424916380104984,2.2458648816013356,0.0,0.0,"{""2"": 9, ""1"": 19, ""3"": 2}",0.13424916380104984,0.13424296507787156,16.653796782321507,1e-05,True,40,development_isotonic_frozen
s0-i14,held_out,0,random_matched,subset_beam_8,3,0.15,0cd904457ec47777,"[[0, 1, 2, 3], [4, 6, 9, 11], [5, 7, 8, 10]]",2.230054086118797,-0.48457484119425215,1.190972942579961,-8.930605258270965e-16,,20.0,0.08728282190328093,0.08728282190328093,2.3173906262932205,0.0,0.0,"{""1"": 20, ""2"": 8, ""4"": 1, ""3"": 1}",0.08728282190328093,0.08728230961615868,18.14829597198091,1e-05,True,40,development_isotonic_frozen
s0-i14,held_out,0,random_matched,subset_beam_32,3,0.15,1875fbd0f5fd2718,"[[0, 2, 3, 4], [6, 7, 9, 11], [1, 5, 8, 10]]",2.230054086118797,-0.463075883987171,1.2003265351430559,-1.233916571072053e-15,,19.0,0.13424916380104984,0.13424916380104984,2.2458648816013356,0.0,0.0,"{""2"": 9, ""1"": 19, ""3"": 2}",0.13424916380104984,0.13424296507787156,16.653796782321507,1e-05,True,40,development_isotonic_frozen
s0-i14,held_out,0,random_matched,saps_diagonal,3,0.15,8b3d14ea1992840b,"[[0, 2, 4, 5], [3, 6, 8, 11], [1, 7, 9, 10]]",2.230054086118797,-0.4947735546376421,1.1575580502301124,-1.233646170811944e-15,,27.0,0.12372357825476742,0.12372357825476742,2.881419105740382,0.0,0.0,"{""1"": 27, ""2"": 3}",0.12372357825476742,0.1237219644793425,14.0333492136622,1e-05,True,40,development_isotonic_frozen
s0-i14,held_out,0,random_matched,p_saps_residualized,3,0.15,04f0177c8708dd1b,"[[0, 1, 4, 6], [5, 7, 8, 9], [2, 3, 10, 11]]",2.230054086118797,-0.5607362936903941,1.066116400794019,-1.3299330305546037e-15,,23.0,0.14819826572246952,0.14819826572246952,2.563641993670859,0.0,0.0,"{""1"": 23, ""3"": 1, ""2"": 6}",0.14819826572246952,0.1481975126715919,14.611282900616631,1e-05,True,80,development_isotonic_frozen
s0-i14,held_out,0,random_matched,p_saps_projection,3,0.15,b5266f056e7fa6a2,"[[0, 4, 5, 7], [6, 8, 9, 10], [1, 2, 3, 11]]",2.230054086118797,-0.5690762583803582,1.0451792340813586,-7.815671449888679e-16,,18.0,0.1708645440691136,0.1708645440691136,2.1743391369094502,0.0,0.0,"{""2"": 10, ""1"": 18, ""3"": 2}",0.1708645440691136,0.1708586303449785,14.609003781888555,1e-05,True,640,development_isotonic_frozen
s0-i14,held_out,0,random_matched,b_saps_budgeted,3,0.15,8b3d14ea1992840b,"[[0, 2, 4, 5], [3, 6, 8, 11], [1, 7, 9, 10]]",2.230054086118797,-0.4947735546376421,1.1575580502301124,-1.233646170811944e-15,,27.0,0.12372357825476742,0.12372357825476742,2.881419105740382,0.0,0.0,"{""1"": 27, ""2"": 3}",0.12372357825476742,0.1237219644793425,14.0333492136622,1e-05,True,40,development_isotonic_frozen
s0-i14,held_out,0,random_matched,random_balanced,4,0.01,b2fc4a3d4e89b08a,"[[4, 6, 10], [0, 5, 8], [3, 7, 9], [1, 2, 11]]",0.03043471046988435,-0.8676687354954932,1.5481567659400728,-1.0472345547329205e-15,,19.0,0.15882223431229708,0.15882223431229708,0.03043471046988435,0.0,0.0,"{""1"": 19, ""2"": 10, ""3"": 1}",0.15882223431229708,0.15881985194649398,15.584134177034308,1e-05,True,40,development_isotonic_frozen
s0-i14,held_out,0,random_matched,confidence,4,0.01,bc701cc0acb44738,"[[2, 9, 11], [3, 4, 6], [5, 7, 8], [0, 1, 10]]",0.03043471046988435,-0.649189330276171,1.8573443208119815,-8.106708769891848e-16,,22.0,0.14010715418513708,0.14010715418513708,0.03043471046988435,0.0,0.0,"{""2"": 8, ""1"": 22}",0.14010715418513708,0.14010613206295575,12.089688468323336,1e-05,True,40,development_isotonic_frozen
s0-i14,held_out,0,random_matched,entropy,4,0.01,208fbb9e2e150a83,"[[2, 9, 11], [1, 3, 4], [0, 5, 6], [7, 8, 10]]",0.03043471046988435,-0.6651258547261373,1.8648143018848555,-1.1189974193992906e-15,,26.0,0.09407345157336905,0.09407345157336905,0.03043471046988435,0.0,0.0,"{""1"": 26, ""2"": 4}",0.09407345157336905,0.09407203955187077,17.75125209374942,1e-05,True,40,development_isotonic_frozen
s0-i14,held_out,0,random_matched,dependency_cmi,4,0.01,9840add7e5bb75e2,"[[0, 1, 6], [4, 5, 7], [3, 8, 11], [2, 9, 10]]",0.03043471046988435,-0.8619002174739233,1.563387583260463,-2.5300896951077414e-16,,26.0,0.16743081643107208,0.16743081643107208,0.03043471046988435,0.0,0.0,"{""2"": 4, ""1"": 26}",0.16743081643107208,0.16743006436789004,12.190049859694348,1e-05,True,40,development_isotonic_frozen
s0-i14,held_out,0,random_matched,min_within_batch_tc,4,0.01,7de139894b8945c6,"[[0, 2, 9], [4, 5, 7], [6, 8, 10], [1, 3, 11]]",0.03043471046988435,-0.7415042663552439,1.7558240392538433,-4.29536326329225e-16,,23.0,0.11981229209163236,0.11981229209163236,0.03043471046988435,0.0,0.0,"{""2"": 7, ""1"": 23}",0.11981229209163236,0.1198089017185986,15.029743289031208,1e-05,True,40,development_isotonic_frozen
s0-i14,held_out,0,random_matched,dprm_myopic,4,0.01,e53fb901fc46a792,"[[0, 1, 4], [2, 3, 6], [5, 7, 8], [9, 10, 11]]",0.03043471046988435,-0.7962123834658726,1.6670745672589817,-7.530097451374701e-16,,22.0,0.1654687054760431,0.1654687054760431,0.03043471046988435,0.0,0.0,"{""1"": 22, ""2"": 8}",0.1654687054760431,0.1654659464198955,13.102565209919046,1e-05,True,40,development_isotonic_frozen
s0-i14,held_out,0,random_matched,dprm_rollout,4,0.01,ac13af84018ddb30,"[[1, 3, 4], [6, 9, 10], [0, 2, 5], [7, 8, 11]]",0.03043471046988435,-0.7927006339660193,1.6741702774576541,-9.961571228915733e-16,,26.0,0.1681490414210169,0.1681490414210169,0.03043471046988435,0.0,0.0,"{""1"": 26, ""2"": 4}",0.1681490414210169,0.16814184145617067,17.64400906895414,1e-05,True,40,development_isotonic_frozen
s0-i14,held_out,0,random_matched,subset_exact,4,0.01,684a761da0661252,"[[0, 1, 2], [3, 9, 11], [4, 5, 6], [7, 8, 10]]",0.03043471046988435,-0.7273482070145554,1.7950672590455088,-8.239756856998326e-16,,25.0,0.0791291646393394,0.0791291646393394,0.03043471046988435,0.0,0.0,"{""1"": 25, ""2"": 5}",0.0791291646393394,0.07912774499731688,17.96901097280636,1e-05,True,40,development_isotonic_frozen
s0-i14,held_out,0,random_matched,subset_beam_8,4,0.01,684a761da0661252,"[[0, 1, 2], [3, 9, 11], [4, 5, 6], [7, 8, 10]]",0.03043471046988435,-0.7273482070145554,1.7950672590455088,-8.239756856998326e-16,,25.0,0.0791291646393394,0.0791291646393394,0.03043471046988435,0.0,0.0,"{""1"": 25, ""2"": 5}",0.0791291646393394,0.07912774499731688,17.96901097280636,1e-05,True,40,development_isotonic_frozen
s0-i14,held_out,0,random_matched,subset_beam_32,4,0.01,684a761da0661252,"[[0, 1, 2], [3, 9, 11], [4, 5, 6], [7, 8, 10]]",0.03043471046988435,-0.7273482070145554,1.7950672590455088,-8.239756856998326e-16,,25.0,0.0791291646393394,0.0791291646393394,0.03043471046988435,0.0,0.0,"{""1"": 25, ""2"": 5}",0.0791291646393394,0.07912774499731688,17.96901097280636,1e-05,True,40,development_isotonic_frozen
s0-i14,held_out,0,random_matched,saps_diagonal,4,0.01,26c9f07103e5bc5e,"[[1, 4, 6], [0, 5, 8], [7, 9, 10], [2, 3, 11]]",0.03043471046988435,-0.8605485616896139,1.5707323685042482,-1.055655949834821e-15,,29.0,0.09447533305567288,0.09447533305567288,0.03043471046988435,0.0,0.0,"{""1"": 29, ""2"": 1}",0.09447533305567288,0.09447488299003265,14.006656141638326,1e-05,True,40,development_isotonic_frozen
s0-i14,held_out,0,random_matched,p_saps_residualized,4,0.01,0118f2966a9afebd,"[[0, 1, 4], [6, 8, 9], [2, 3, 5], [7, 10, 11]]",0.03043471046988435,-0.7948256697016265,1.676323565040775,-9.377395759631157e-16,,24.0,0.16260403605797907,0.16260403605797907,0.03043471046988435,0.0,0.0,"{""1"": 24, ""2"": 5, ""3"": 1}",0.16260403605797907,0.16260218504482163,14.404700638746316,1e-05,True,80,development_isotonic_frozen
s0-i14,held_out,0,random_matched,p_saps_projection,4,0.01,346871ed9ae21d76,"[[0, 1, 5], [7, 8, 10], [3, 6, 9], [2, 4, 11]]",0.03043471046988435,-0.914278847401433,1.5134520757875691,-1.0354866713205037e-15,,22.0,0.20974913217082602,0.20974913217082602,0.03043471046988435,-0.125,0.0,"{""1"": 22, ""2"": 8}",0.20974913217082602,0.20974266584534262,17.29617836015596,1e-05,True,640,development_isotonic_frozen
s0-i14,held_out,0,random_matched,b_saps_budgeted,4,0.01,b2fc4a3d4e89b08a,"[[4, 6, 10], [0, 5, 8], [3, 7, 9], [1, 2, 11]]",0.03043471046988435,-0.8676687354954932,1.5481567659400728,-1.0472345547329205e-15,,19.0,0.15882223431229708,0.15882223431229708,0.03043471046988435,0.0,0.0,"{""1"": 19, ""2"": 10, ""3"": 1}",0.15882223431229708,0.15881985194649398,15.584134177034308,1e-05,True,40,development_isotonic_frozen
s0-i14,held_out,0,random_matched,random_balanced,4,0.05,b2fc4a3d4e89b08a,"[[4, 6, 10], [0, 5, 8], [3, 7, 9], [1, 2, 11]]",0.13689855036479925,-0.8676687354954932,1.5481567659400728,-1.0472345547329205e-15,,19.0,0.15882223431229708,0.15882223431229708,0.13689855036479925,0.0,0.0,"{""1"": 19, ""2"": 10, ""3"": 1}",0.15882223431229708,0.15881985194649398,15.584134177034308,1e-05,True,40,development_isotonic_frozen
s0-i14,held_out,0,random_matched,confidence,4,0.05,bc701cc0acb44738,"[[2, 9, 11], [3, 4, 6], [5, 7, 8], [0, 1, 10]]",0.13689855036479925,-0.649189330276171,1.8573443208119815,-8.106708769891848e-16,,22.0,0.14010715418513708,0.14010715418513708,0.13689855036479925,0.0,0.0,"{""2"": 8, ""1"": 22}",0.14010715418513708,0.14010613206295575,12.089688468323336,1e-05,True,40,development_isotonic_frozen
s0-i14,held_out,0,random_matched,entropy,4,0.05,208fbb9e2e150a83,"[[2, 9, 11], [1, 3, 4], [0, 5, 6], [7, 8, 10]]",0.13689855036479925,-0.6651258547261373,1.8648143018848555,-1.1189974193992906e-15,,26.0,0.09407345157336905,0.09407345157336905,0.13689855036479925,0.0,-1.0,"{""1"": 26, ""2"": 4}",0.09407345157336905,0.09407203955187077,17.75125209374942,1e-05,True,40,development_isotonic_frozen
s0-i14,held_out,0,random_matched,dependency_cmi,4,0.05,9840add7e5bb75e2,"[[0, 1, 6], [4, 5, 7], [3, 8, 11], [2, 9, 10]]",0.13689855036479925,-0.8619002174739233,1.563387583260463,-2.5300896951077414e-16,,26.0,0.16743081643107208,0.16743081643107208,0.13689855036479925,-0.125,-1.0,"{""2"": 4, ""1"": 26}",0.16743081643107208,0.16743006436789004,12.190049859694348,1e-05,True,40,development_isotonic_frozen
s0-i14,held_out,0,random_matched,min_within_batch_tc,4,0.05,7de139894b8945c6,"[[0, 2, 9], [4, 5, 7], [6, 8, 10], [1, 3, 11]]",0.13689855036479925,-0.7415042663552439,1.7558240392538433,-4.29536326329225e-16,,23.0,0.11981229209163236,0.11981229209163236,0.13689855036479925,0.0,0.0,"{""2"": 7, ""1"": 23}",0.11981229209163236,0.1198089017185986,15.029743289031208,1e-05,True,40,development_isotonic_frozen
s0-i14,held_out,0,random_matched,dprm_myopic,4,0.05,e53fb901fc46a792,"[[0, 1, 4], [2, 3, 6], [5, 7, 8], [9, 10, 11]]",0.13689855036479925,-0.7962123834658726,1.6670745672589817,-7.530097451374701e-16,,22.0,0.1654687054760431,0.1654687054760431,0.13689855036479925,0.0,0.0,"{""1"": 22, ""2"": 8}",0.1654687054760431,0.1654659464198955,13.102565209919046,1e-05,True,40,development_isotonic_frozen
s0-i14,held_out,0,random_matched,dprm_rollout,4,0.05,88110df86cda0e01,"[[0, 1, 2], [3, 4, 5], [6, 7, 10], [8, 9, 11]]",0.13689855036479925,-0.7963866491197323,1.6866276810646788,-6.693423223427413e-16,,20.0,0.08743557151903354,0.08743557151903354,0.13689855036479925,0.0,0.0,"{""1"": 20, ""2"": 10}",0.08743557151903354,0.08743430504680713,17.898643255262687,1e-05,True,40,development_isotonic_frozen
s0-i14,held_out,0,random_matched,subset_exact,4,0.05,684a761da0661252,"[[0, 1, 2], [3, 9, 11], [4, 5, 6], [7, 8, 10]]",0.13689855036479925,-0.7273482070145554,1.7950672590455088,-8.239756856998326e-16,,25.0,0.0791291646393394,0.0791291646393394,0.13689855036479925,0.0,-1.0,"{""1"": 25, ""2"": 5}",0.0791291646393394,0.07912774499731688,17.96901097280636,1e-05,True,40,development_isotonic_frozen
s0-i14,held_out,0,random_matched,subset_beam_8,4,0.05,684a761da0661252,"[[0, 1, 2], [3, 9, 11], [4, 5, 6], [7, 8, 10]]",0.13689855036479925,-0.7273482070145554,1.7950672590455088,-8.239756856998326e-16,,25.0,0.0791291646393394,0.0791291646393394,0.13689855036479925,0.0,-1.0,"{""1"": 25, ""2"": 5}",0.0791291646393394,0.07912774499731688,17.96901097280636,1e-05,True,40,development_isotonic_frozen
s0-i14,held_out,0,random_matched,subset_beam_32,4,0.05,684a761da0661252,"[[0, 1, 2], [3, 9, 11], [4, 5, 6], [7, 8, 10]]",0.13689855036479925,-0.7273482070145554,1.7950672590455088,-8.239756856998326e-16,,25.0,0.0791291646393394,0.0791291646393394,0.13689855036479925,0.0,-1.0,"{""1"": 25, ""2"": 5}",0.0791291646393394,0.07912774499731688,17.96901097280636,1e-05,True,40,development_isotonic_frozen
s0-i14,held_out,0,random_matched,saps_diagonal,4,0.05,26c9f07103e5bc5e,"[[1, 4, 6], [0, 5, 8], [7, 9, 10], [2, 3, 11]]",0.13689855036479925,-0.8605485616896139,1.5707323685042482,-1.055655949834821e-15,,29.0,0.09447533305567288,0.09447533305567288,0.13689855036479925,0.0,-1.0,"{""1"": 29, ""2"": 1}",0.09447533305567288,0.09447488299003265,14.006656141638326,1e-05,True,40,development_isotonic_frozen
s0-i14,held_out,0,random_matched,p_saps_residualized,4,0.05,0118f2966a9afebd,"[[0, 1, 4], [6, 8, 9], [2, 3, 5], [7, 10, 11]]",0.13689855036479925,-0.7948256697016265,1.676323565040775,-9.377395759631157e-16,,24.0,0.16260403605797907,0.16260403605797907,0.13689855036479925,0.0,0.0,"{""1"": 24, ""2"": 5, ""3"": 1}",0.16260403605797907,0.16260218504482163,14.404700638746316,1e-05,True,80,development_isotonic_frozen
s0-i14,held_out,0,random_matched,p_saps_projection,4,0.05,346871ed9ae21d76,"[[0, 1, 5], [7, 8, 10], [3, 6, 9], [2, 4, 11]]",0.13689855036479925,-0.914278847401433,1.5134520757875691,-1.0354866713205037e-15,,22.0,0.20974913217082602,0.20974913217082602,0.13689855036479925,0.0,-1.0,"{""1"": 22, ""2"": 8}",0.20974913217082602,0.20974266584534262,17.29617836015596,1e-05,True,640,development_isotonic_frozen
s0-i14,held_out,0,random_matched,b_saps_budgeted,4,0.05,b2fc4a3d4e89b08a,"[[4, 6, 10], [0, 5, 8], [3, 7, 9], [1, 2, 11]]",0.13689855036479925,-0.8676687354954932,1.5481567659400728,-1.0472345547329205e-15,,19.0,0.15882223431229708,0.15882223431229708,0.13689855036479925,0.0,0.0,"{""1"": 19, ""2"": 10, ""3"": 1}",0.15882223431229708,0.15881985194649398,15.584134177034308,1e-05,True,40,development_isotonic_frozen
s0-i14,held_out,0,random_matched,random_balanced,4,0.15,b2fc4a3d4e89b08a,"[[4, 6, 10], [0, 5, 8], [3, 7, 9], [1, 2, 11]]",2.5141677093901182,-0.8676687354954932,1.5481567659400728,-1.0472345547329205e-15,,19.0,0.15882223431229708,0.15882223431229708,2.2775390149033186,0.0,0.0,"{""1"": 19, ""2"": 10, ""3"": 1}",0.15882223431229708,0.15881985194649398,15.584134177034308,1e-05,True,40,development_isotonic_frozen
s0-i14,held_out,0,random_matched,confidence,4,0.15,bc701cc0acb44738,"[[2, 9, 11], [3, 4, 6], [5, 7, 8], [0, 1, 10]]",2.5141677093901182,-0.649189330276171,1.8573443208119815,-8.106708769891848e-16,,22.0,0.14010715418513708,0.14010715418513708,2.5237903822809566,0.0,1.0,"{""2"": 8, ""1"": 22}",0.14010715418513708,0.14010613206295575,12.089688468323336,1e-05,True,40,development_isotonic_frozen
s0-i14,held_out,0,random_matched,entropy,4,0.15,208fbb9e2e150a83,"[[2, 9, 11], [1, 3, 4], [0, 5, 6], [7, 8, 10]]",2.5141677093901182,-0.6651258547261373,1.8648143018848555,-1.1189974193992906e-15,,26.0,0.09407345157336905,0.09407345157336905,2.809893361048497,0.0,0.0,"{""1"": 26, ""2"": 4}",0.09407345157336905,0.09407203955187077,17.75125209374942,1e-05,True,40,development_isotonic_frozen
s0-i14,held_out,0,random_matched,dependency_cmi,4,0.15,9840add7e5bb75e2,"[[0, 1, 6], [4, 5, 7], [3, 8, 11], [2, 9, 10]]",2.5141677093901182,-0.8619002174739233,1.563387583260463,-2.5300896951077414e-16,,26.0,0.16743081643107208,0.16743081643107208,2.809893361048497,0.0,0.0,"{""2"": 4, ""1"": 26}",0.16743081643107208,0.16743006436789004,12.190049859694348,1e-05,True,40,development_isotonic_frozen
s0-i14,held_out,0,random_matched,min_within_batch_tc,4,0.15,7de139894b8945c6,"[[0, 2, 9], [4, 5, 7], [6, 8, 10], [1, 3, 11]]",2.5141677093901182,-0.7415042663552439,1.7558240392538433,-4.29536326329225e-16,,23.0,0.11981229209163236,0.11981229209163236,2.5953161269728415,0.0,0.0,"{""2"": 7, ""1"": 23}",0.11981229209163236,0.1198089017185986,15.029743289031208,1e-05,True,40,development_isotonic_frozen
s0-i14,held_out,0,random_matched,dprm_myopic,4,0.15,e53fb901fc46a792,"[[0, 1, 4], [2, 3, 6], [5, 7, 8], [9, 10, 11]]",2.5141677093901182,-0.7962123834658726,1.6670745672589817,-7.530097451374701e-16,,22.0,0.1654687054760431,0.1654687054760431,2.5237903822809566,0.0,0.0,"{""1"": 22, ""2"": 8}",0.1654687054760431,0.1654659464198955,13.102565209919046,1e-05,True,40,development_isotonic_frozen
s0-i14,held_out,0,random_matched,dprm_rollout,4,0.15,78bbd5ebed361766,"[[0, 6, 7], [3, 9, 11], [4, 5, 8], [1, 2, 10]]",2.5141677093901182,-0.7981901604764495,1.6353333863605855,-5.856367669384498e-16,,22.0,0.09817257808505392,0.09817257808505392,2.5237903822809566,0.125,0.0,"{""1"": 22, ""2"": 8}",0.09817257808505392,0.09816803371465854,14.41430132116105,1e-05,True,40,development_isotonic_frozen
s0-i14,held_out,0,random_matched,subset_exact,4,0.15,d1e9e672d26117c7,"[[0, 2, 3], [4, 9, 11], [5, 6, 7], [1, 8, 10]]",2.5141677093901182,-0.6925244445077584,1.8116910885312523,-3.721988325339163e-16,,20.0,0.11879429307250727,0.11879429307250727,2.3173906262932205,0.0,0.0,"{""2"": 8, ""1"": 20, ""3"": 2}",0.11879429307250727,0.11879262188132306,18.562285622885327,1e-05,True,40,development_isotonic_frozen
s0-i14,held_out,0,random_matched,subset_beam_8,4,0.15,d1e9e672d26117c7,"[[0, 2, 3], [4, 9, 11], [5, 6, 7], [1, 8, 10]]",2.5141677093901182,-0.6925244445077584,1.8116910885312523,-3.721988325339163e-16,,20.0,0.11879429307250727,0.11879429307250727,2.3173906262932205,0.0,0.0,"{""2"": 8, ""1"": 20, ""3"": 2}",0.11879429307250727,0.11879262188132306,18.562285622885327,1e-05,True,40,development_isotonic_frozen
s0-i14,held_out,0,random_matched,subset_beam_32,4,0.15,d1e9e672d26117c7,"[[0, 2, 3], [4, 9, 11], [5, 6, 7], [1, 8, 10]]",2.5141677093901182,-0.6925244445077584,1.8116910885312523,-3.721988325339163e-16,,20.0,0.11879429307250727,0.11879429307250727,2.3173906262932205,0.0,0.0,"{""2"": 8, ""1"": 20, ""3"": 2}",0.11879429307250727,0.11879262188132306,18.562285622885327,1e-05,True,40,development_isotonic_frozen
s0-i14,held_out,0,random_matched,saps_diagonal,4,0.15,26c9f07103e5bc5e,"[[1, 4, 6], [0, 5, 8], [7, 9, 10], [2, 3, 11]]",2.5141677093901182,-0.8605485616896139,1.5707323685042482,-1.055655949834821e-15,,29.0,0.09447533305567288,0.09447533305567288,3.024470595124152,0.0,0.0,"{""1"": 29, ""2"": 1}",0.09447533305567288,0.09447488299003265,14.006656141638326,1e-05,True,40,development_isotonic_frozen
s0-i14,held_out,0,random_matched,p_saps_residualized,4,0.15,0118f2966a9afebd,"[[0, 1, 4], [6, 8, 9], [2, 3, 5], [7, 10, 11]]",2.5141677093901182,-0.7948256697016265,1.676323565040775,-9.377395759631157e-16,,24.0,0.16260403605797907,0.16260403605797907,2.635167738362744,0.0,0.0,"{""1"": 24, ""2"": 5, ""3"": 1}",0.16260403605797907,0.16260218504482163,14.404700638746316,1e-05,True,80,development_isotonic_frozen
s0-i14,held_out,0,random_matched,p_saps_projection,4,0.15,346871ed9ae21d76,"[[0, 1, 5], [7, 8, 10], [3, 6, 9], [2, 4, 11]]",2.5141677093901182,-0.914278847401433,1.5134520757875691,-1.0354866713205037e-15,,22.0,0.20974913217082602,0.20974913217082602,2.5237903822809566,0.0,1.0,"{""1"": 22, ""2"": 8}",0.20974913217082602,0.20974266584534262,17.29617836015596,1e-05,True,640,development_isotonic_frozen
s0-i14,held_out,0,random_matched,b_saps_budgeted,4,0.15,26c9f07103e5bc5e,"[[1, 4, 6], [0, 5, 8], [7, 9, 10], [2, 3, 11]]",2.5141677093901182,-0.8605485616896139,1.5707323685042482,-1.055655949834821e-15,,29.0,0.09447533305567288,0.09447533305567288,3.024470595124152,0.0,0.0,"{""1"": 29, ""2"": 1}",0.09447533305567288,0.09447488299003265,14.006656141638326,1e-05,True,40,development_isotonic_frozen
s0-i14,held_out,0,structural,random_balanced,1,0.01,76993f31911749ca,"[[0, 1, 2, 3, 4, 5, 6, 7, 8, 9, 10, 11]]",0.021304297328919045,-0.0,0.0,-4.233543059065238e-15,,0.0,0.21401747875128585,0.21401747875128585,0.021304297328919045,0.0,0.0,"{""2"": 11, ""3"": 10, ""4"": 9}",0.21401747875128585,0.21401219483621178,28.492158762679065,1e-05,True,40,development_isotonic_frozen
s0-i14,held_out,0,structural,confidence,1,0.01,76993f31911749ca,"[[0, 1, 2, 3, 4, 5, 6, 7, 8, 9, 10, 11]]",0.021304297328919045,-0.0,0.0,-4.233543059065238e-15,,0.0,0.21401747875128585,0.21401747875128585,0.021304297328919045,0.0,0.0,"{""2"": 11, ""3"": 10, ""4"": 9}",0.21401747875128585,0.21401219483621178,28.492158762679065,1e-05,True,40,development_isotonic_frozen
s0-i14,held_out,0,structural,entropy,1,0.01,76993f31911749ca,"[[0, 1, 2, 3, 4, 5, 6, 7, 8, 9, 10, 11]]",0.021304297328919045,-0.0,0.0,-4.233543059065238e-15,,0.0,0.21401747875128585,0.21401747875128585,0.021304297328919045,0.0,0.0,"{""2"": 11, ""3"": 10, ""4"": 9}",0.21401747875128585,0.21401219483621178,28.492158762679065,1e-05,True,40,development_isotonic_frozen
s0-i14,held_out,0,structural,dependency_cmi,1,0.01,76993f31911749ca,"[[0, 1, 2, 3, 4, 5, 6, 7, 8, 9, 10, 11]]",0.021304297328919045,-0.0,0.0,-4.233543059065238e-15,,0.0,0.21401747875128585,0.21401747875128585,0.021304297328919045,0.0,0.0,"{""2"": 11, ""3"": 10, ""4"": 9}",0.21401747875128585,0.21401219483621178,28.492158762679065,1e-05,True,40,development_isotonic_frozen
s0-i14,held_out,0,structural,min_within_batch_tc,1,0.01,76993f31911749ca,"[[0, 1, 2, 3, 4, 5, 6, 7, 8, 9, 10, 11]]",0.021304297328919045,-0.0,0.0,-4.233543059065238e-15,,0.0,0.21401747875128585,0.21401747875128585,0.021304297328919045,0.0,0.0,"{""2"": 11, ""3"": 10, ""4"": 9}",0.21401747875128585,0.21401219483621178,28.492158762679065,1e-05,True,40,development_isotonic_frozen
s0-i14,held_out,0,structural,dprm_myopic,1,0.01,76993f31911749ca,"[[0, 1, 2, 3, 4, 5, 6, 7, 8, 9, 10, 11]]",0.021304297328919045,-0.0,0.0,-4.233543059065238e-15,,0.0,0.21401747875128585,0.21401747875128585,0.021304297328919045,0.0,0.0,"{""2"": 11, ""3"": 10, ""4"": 9}",0.21401747875128585,0.21401219483621178,28.492158762679065,1e-05,True,40,development_isotonic_frozen
s0-i14,held_out,0,structural,dprm_rollout,1,0.01,76993f31911749ca,"[[0, 1, 2, 3, 4, 5, 6, 7, 8, 9, 10, 11]]",0.021304297328919045,-0.0,0.0,-4.233543059065238e-15,,0.0,0.21401747875128585,0.21401747875128585,0.021304297328919045,0.0,0.0,"{""2"": 11, ""3"": 10, ""4"": 9}",0.21401747875128585,0.21401219483621178,28.492158762679065,1e-05,True,40,development_isotonic_frozen
s0-i14,held_out,0,structural,subset_exact,1,0.01,76993f31911749ca,"[[0, 1, 2, 3, 4, 5, 6, 7, 8, 9, 10, 11]]",0.021304297328919045,-0.0,0.0,-4.233543059065238e-15,,0.0,0.21401747875128585,0.21401747875128585,0.021304297328919045,0.0,0.0,"{""2"": 11, ""3"": 10, ""4"": 9}",0.21401747875128585,0.21401219483621178,28.492158762679065,1e-05,True,40,development_isotonic_frozen
s0-i14,held_out,0,structural,subset_beam_8,1,0.01,76993f31911749ca,"[[0, 1, 2, 3, 4, 5, 6, 7, 8, 9, 10, 11]]",0.021304297328919045,-0.0,0.0,-4.233543059065238e-15,,0.0,0.21401747875128585,0.21401747875128585,0.021304297328919045,0.0,0.0,"{""2"": 11, ""3"": 10, ""4"": 9}",0.21401747875128585,0.21401219483621178,28.492158762679065,1e-05,True,40,development_isotonic_frozen
s0-i14,held_out,0,structural,subset_beam_32,1,0.01,76993f31911749ca,"[[0, 1, 2, 3, 4, 5, 6, 7, 8, 9, 10, 11]]",0.021304297328919045,-0.0,0.0,-4.233543059065238e-15,,0.0,0.21401747875128585,0.21401747875128585,0.021304297328919045,0.0,0.0,"{""2"": 11, ""3"": 10, ""4"": 9}",0.21401747875128585,0.21401219483621178,28.492158762679065,1e-05,True,40,development_isotonic_frozen
s0-i14,held_out,0,structural,saps_diagonal,1,0.01,76993f31911749ca,"[[0, 1, 2, 3, 4, 5, 6, 7, 8, 9, 10, 11]]",0.021304297328919045,-0.0,0.0,-4.233543059065238e-15,,0.0,0.21401747875128585,0.21401747875128585,0.021304297328919045,0.0,0.0,"{""2"": 11, ""3"": 10, ""4"": 9}",0.21401747875128585,0.21401219483621178,28.492158762679065,1e-05,True,40,development_isotonic_frozen
s0-i14,held_out,0,structural,p_saps_residualized,1,0.01,76993f31911749ca,"[[0, 1, 2, 3, 4, 5, 6, 7, 8, 9, 10, 11]]",0.021304297328919045,-0.0,0.0,-4.233543059065238e-15,,0.0,0.21401747875128585,0.21401747875128585,0.021304297328919045,0.0,0.0,"{""2"": 11, ""3"": 10, ""4"": 9}",0.21401747875128585,0.21401219483621178,28.492158762679065,1e-05,True,40,development_isotonic_frozen
s0-i14,held_out,0,structural,p_saps_projection,1,0.01,76993f31911749ca,"[[0, 1, 2, 3, 4, 5, 6, 7, 8, 9, 10, 11]]",0.021304297328919045,-0.0,0.0,-4.233543059065238e-15,,0.0,0.21401747875128585,0.21401747875128585,0.021304297328919045,0.0,0.0,"{""2"": 11, ""3"": 10, ""4"": 9}",0.21401747875128585,0.21401219483621178,28.492158762679065,1e-05,True,40,development_isotonic_frozen
s0-i14,held_out,0,structural,b_saps_budgeted,1,0.01,76993f31911749ca,"[[0, 1, 2, 3, 4, 5, 6, 7, 8, 9, 10, 11]]",0.021304297328919045,-0.0,0.0,-4.233543059065238e-15,,0.0,0.21401747875128585,0.21401747875128585,0.021304297328919045,0.0,0.0,"{""2"": 11, ""3"": 10, ""4"": 9}",0.21401747875128585,0.21401219483621178,28.492158762679065,1e-05,True,40,development_isotonic_frozen
s0-i14,held_out,0,structural,random_balanced,1,0.05,76993f31911749ca,"[[0, 1, 2, 3, 4, 5, 6, 7, 8, 9, 10, 11]]",0.11897787136150911,-0.0,0.0,-4.233543059065238e-15,,0.0,0.21401747875128585,0.21401747875128585,0.11897787136150911,0.0,-1.0,"{""2"": 11, ""3"": 10, ""4"": 9}",0.21401747875128585,0.21401219483621178,28.492158762679065,1e-05,True,40,development_isotonic_frozen
s0-i14,held_out,0,structural,confidence,1,0.05,76993f31911749ca,"[[0, 1, 2, 3, 4, 5, 6, 7, 8, 9, 10, 11]]",0.11897787136150911,-0.0,0.0,-4.233543059065238e-15,,0.0,0.21401747875128585,0.21401747875128585,0.11897787136150911,0.0,-1.0,"{""2"": 11, ""3"": 10, ""4"": 9}",0.21401747875128585,0.21401219483621178,28.492158762679065,1e-05,True,40,development_isotonic_frozen
s0-i14,held_out,0,structural,entropy,1,0.05,76993f31911749ca,"[[0, 1, 2, 3, 4, 5, 6, 7, 8, 9, 10, 11]]",0.11897787136150911,-0.0,0.0,-4.233543059065238e-15,,0.0,0.21401747875128585,0.21401747875128585,0.11897787136150911,0.0,-1.0,"{""2"": 11, ""3"": 10, ""4"": 9}",0.21401747875128585,0.21401219483621178,28.492158762679065,1e-05,True,40,development_isotonic_frozen
s0-i14,held_out,0,structural,dependency_cmi,1,0.05,76993f31911749ca,"[[0, 1, 2, 3, 4, 5, 6, 7, 8, 9, 10, 11]]",0.11897787136150911,-0.0,0.0,-4.233543059065238e-15,,0.0,0.21401747875128585,0.21401747875128585,0.11897787136150911,0.0,-1.0,"{""2"": 11, ""3"": 10, ""4"": 9}",0.21401747875128585,0.21401219483621178,28.492158762679065,1e-05,True,40,development_isotonic_frozen
s0-i14,held_out,0,structural,min_within_batch_tc,1,0.05,76993f31911749ca,"[[0, 1, 2, 3, 4, 5, 6, 7, 8, 9, 10, 11]]",0.11897787136150911,-0.0,0.0,-4.233543059065238e-15,,0.0,0.21401747875128585,0.21401747875128585,0.11897787136150911,0.0,-1.0,"{""2"": 11, ""3"": 10, ""4"": 9}",0.21401747875128585,0.21401219483621178,28.492158762679065,1e-05,True,40,development_isotonic_frozen
s0-i14,held_out,0,structural,dprm_myopic,1,0.05,76993f31911749ca,"[[0, 1, 2, 3, 4, 5, 6, 7, 8, 9, 10, 11]]",0.11897787136150911,-0.0,0.0,-4.233543059065238e-15,,0.0,0.21401747875128585,0.21401747875128585,0.11897787136150911,0.0,-1.0,"{""2"": 11, ""3"": 10, ""4"": 9}",0.21401747875128585,0.21401219483621178,28.492158762679065,1e-05,True,40,development_isotonic_frozen
s0-i14,held_out,0,structural,dprm_rollout,1,0.05,76993f31911749ca,"[[0, 1, 2, 3, 4, 5, 6, 7, 8, 9, 10, 11]]",0.11897787136150911,-0.0,0.0,-4.233543059065238e-15,,0.0,0.21401747875128585,0.21401747875128585,0.11897787136150911,0.0,-1.0,"{""2"": 11, ""3"": 10, ""4"": 9}",0.21401747875128585,0.21401219483621178,28.492158762679065,1e-05,True,40,development_isotonic_frozen
s0-i14,held_out,0,structural,subset_exact,1,0.05,76993f31911749ca,"[[0, 1, 2, 3, 4, 5, 6, 7, 8, 9, 10, 11]]",0.11897787136150911,-0.0,0.0,-4.233543059065238e-15,,0.0,0.21401747875128585,0.21401747875128585,0.11897787136150911,0.0,-1.0,"{""2"": 11, ""3"": 10, ""4"": 9}",0.21401747875128585,0.21401219483621178,28.492158762679065,1e-05,True,40,development_isotonic_frozen
s0-i14,held_out,0,structural,subset_beam_8,1,0.05,76993f31911749ca,"[[0, 1, 2, 3, 4, 5, 6, 7, 8, 9, 10, 11]]",0.11897787136150911,-0.0,0.0,-4.233543059065238e-15,,0.0,0.21401747875128585,0.21401747875128585,0.11897787136150911,0.0,-1.0,"{""2"": 11, ""3"": 10, ""4"": 9}",0.21401747875128585,0.21401219483621178,28.492158762679065,1e-05,True,40,development_isotonic_frozen
s0-i14,held_out,0,structural,subset_beam_32,1,0.05,76993f31911749ca,"[[0, 1, 2, 3, 4, 5, 6, 7, 8, 9, 10, 11]]",0.11897787136150911,-0.0,0.0,-4.233543059065238e-15,,0.0,0.21401747875128585,0.21401747875128585,0.11897787136150911,0.0,-1.0,"{""2"": 11, ""3"": 10, ""4"": 9}",0.21401747875128585,0.21401219483621178,28.492158762679065,1e-05,True,40,development_isotonic_frozen
s0-i14,held_out,0,structural,saps_diagonal,1,0.05,76993f31911749ca,"[[0, 1, 2, 3, 4, 5, 6, 7, 8, 9, 10, 11]]",0.11897787136150911,-0.0,0.0,-4.233543059065238e-15,,0.0,0.21401747875128585,0.21401747875128585,0.11897787136150911,0.0,-1.0,"{""2"": 11, ""3"": 10, ""4"": 9}",0.21401747875128585,0.21401219483621178,28.492158762679065,1e-05,True,40,development_isotonic_frozen
s0-i14,held_out,0,structural,p_saps_residualized,1,0.05,76993f31911749ca,"[[0, 1, 2, 3, 4, 5, 6, 7, 8, 9, 10, 11]]",0.11897787136150911,-0.0,0.0,-4.233543059065238e-15,,0.0,0.21401747875128585,0.21401747875128585,0.11897787136150911,0.0,-1.0,"{""2"": 11, ""3"": 10, ""4"": 9}",0.21401747875128585,0.21401219483621178,28.492158762679065,1e-05,True,40,development_isotonic_frozen
s0-i14,held_out,0,structural,p_saps_projection,1,0.05,76993f31911749ca,"[[0, 1, 2, 3, 4, 5, 6, 7, 8, 9, 10, 11]]",0.11897787136150911,-0.0,0.0,-4.233543059065238e-15,,0.0,0.21401747875128585,0.21401747875128585,0.11897787136150911,0.0,-1.0,"{""2"": 11, ""3"": 10, ""4"": 9}",0.21401747875128585,0.21401219483621178,28.492158762679065,1e-05,True,40,development_isotonic_frozen
s0-i14,held_out,0,structural,b_saps_budgeted,1,0.05,76993f31911749ca,"[[0, 1, 2, 3, 4, 5, 6, 7, 8, 9, 10, 11]]",0.11897787136150911,-0.0,0.0,-4.233543059065238e-15,,0.0,0.21401747875128585,0.21401747875128585,0.11897787136150911,0.0,-1.0,"{""2"": 11, ""3"": 10, ""4"": 9}",0.21401747875128585,0.21401219483621178,28.492158762679065,1e-05,True,40,development_isotonic_frozen
s0-i14,held_out,0,structural,random_balanced,1,0.15,76993f31911749ca,"[[0, 1, 2, 3, 4, 5, 6, 7, 8, 9, 10, 11]]",0.3484154663218108,-0.0,0.0,-4.233543059065238e-15,,0.0,0.21401747875128585,0.21401747875128585,0.3484154663218108,0.0,0.0,"{""2"": 11, ""3"": 10, ""4"": 9}",0.21401747875128585,0.21401219483621178,28.492158762679065,1e-05,True,40,development_isotonic_frozen
s0-i14,held_out,0,structural,confidence,1,0.15,76993f31911749ca,"[[0, 1, 2, 3, 4, 5, 6, 7, 8, 9, 10, 11]]",0.3484154663218108,-0.0,0.0,-4.233543059065238e-15,,0.0,0.21401747875128585,0.21401747875128585,0.3484154663218108,0.0,0.0,"{""2"": 11, ""3"": 10, ""4"": 9}",0.21401747875128585,0.21401219483621178,28.492158762679065,1e-05,True,40,development_isotonic_frozen
s0-i14,held_out,0,structural,entropy,1,0.15,76993f31911749ca,"[[0, 1, 2, 3, 4, 5, 6, 7, 8, 9, 10, 11]]",0.3484154663218108,-0.0,0.0,-4.233543059065238e-15,,0.0,0.21401747875128585,0.21401747875128585,0.3484154663218108,0.0,0.0,"{""2"": 11, ""3"": 10, ""4"": 9}",0.21401747875128585,0.21401219483621178,28.492158762679065,1e-05,True,40,development_isotonic_frozen
s0-i14,held_out,0,structural,dependency_cmi,1,0.15,76993f31911749ca,"[[0, 1, 2, 3, 4, 5, 6, 7, 8, 9, 10, 11]]",0.3484154663218108,-0.0,0.0,-4.233543059065238e-15,,0.0,0.21401747875128585,0.21401747875128585,0.3484154663218108,0.0,0.0,"{""2"": 11, ""3"": 10, ""4"": 9}",0.21401747875128585,0.21401219483621178,28.492158762679065,1e-05,True,40,development_isotonic_frozen
s0-i14,held_out,0,structural,min_within_batch_tc,1,0.15,76993f31911749ca,"[[0, 1, 2, 3, 4, 5, 6, 7, 8, 9, 10, 11]]",0.3484154663218108,-0.0,0.0,-4.233543059065238e-15,,0.0,0.21401747875128585,0.21401747875128585,0.3484154663218108,0.0,0.0,"{""2"": 11, ""3"": 10, ""4"": 9}",0.21401747875128585,0.21401219483621178,28.492158762679065,1e-05,True,40,development_isotonic_frozen
s0-i14,held_out,0,structural,dprm_myopic,1,0.15,76993f31911749ca,"[[0, 1, 2, 3, 4, 5, 6, 7, 8, 9, 10, 11]]",0.3484154663218108,-0.0,0.0,-4.233543059065238e-15,,0.0,0.21401747875128585,0.21401747875128585,0.3484154663218108,0.0,0.0,"{""2"": 11, ""3"": 10, ""4"": 9}",0.21401747875128585,0.21401219483621178,28.492158762679065,1e-05,True,40,development_isotonic_frozen
s0-i14,held_out,0,structural,dprm_rollout,1,0.15,76993f31911749ca,"[[0, 1, 2, 3, 4, 5, 6, 7, 8, 9, 10, 11]]",0.3484154663218108,-0.0,0.0,-4.233543059065238e-15,,0.0,0.21401747875128585,0.21401747875128585,0.3484154663218108,0.0,0.0,"{""2"": 11, ""3"": 10, ""4"": 9}",0.21401747875128585,0.21401219483621178,28.492158762679065,1e-05,True,40,development_isotonic_frozen
s0-i14,held_out,0,structural,subset_exact,1,0.15,76993f31911749ca,"[[0, 1, 2, 3, 4, 5, 6, 7, 8, 9, 10, 11]]",0.3484154663218108,-0.0,0.0,-4.233543059065238e-15,,0.0,0.21401747875128585,0.21401747875128585,0.3484154663218108,0.0,0.0,"{""2"": 11, ""3"": 10, ""4"": 9}",0.21401747875128585,0.21401219483621178,28.492158762679065,1e-05,True,40,development_isotonic_frozen
s0-i14,held_out,0,structural,subset_beam_8,1,0.15,76993f31911749ca,"[[0, 1, 2, 3, 4, 5, 6, 7, 8, 9, 10, 11]]",0.3484154663218108,-0.0,0.0,-4.233543059065238e-15,,0.0,0.21401747875128585,0.21401747875128585,0.3484154663218108,0.0,0.0,"{""2"": 11, ""3"": 10, ""4"": 9}",0.21401747875128585,0.21401219483621178,28.492158762679065,1e-05,True,40,development_isotonic_frozen
s0-i14,held_out,0,structural,subset_beam_32,1,0.15,76993f31911749ca,"[[0, 1, 2, 3, 4, 5, 6, 7, 8, 9, 10, 11]]",0.3484154663218108,-0.0,0.0,-4.233543059065238e-15,,0.0,0.21401747875128585,0.21401747875128585,0.3484154663218108,0.0,0.0,"{""2"": 11, ""3"": 10, ""4"": 9}",0.21401747875128585,0.21401219483621178,28.492158762679065,1e-05,True,40,development_isotonic_frozen
s0-i14,held_out,0,structural,saps_diagonal,1,0.15,76993f31911749ca,"[[0, 1, 2, 3, 4, 5, 6, 7, 8, 9, 10, 11]]",0.3484154663218108,-0.0,0.0,-4.233543059065238e-15,,0.0,0.21401747875128585,0.21401747875128585,0.3484154663218108,0.0,0.0,"{""2"": 11, ""3"": 10, ""4"": 9}",0.21401747875128585,0.21401219483621178,28.492158762679065,1e-05,True,40,development_isotonic_frozen
s0-i14,held_out,0,structural,p_saps_residualized,1,0.15,76993f31911749ca,"[[0, 1, 2, 3, 4, 5, 6, 7, 8, 9, 10, 11]]",0.3484154663218108,-0.0,0.0,-4.233543059065238e-15,,0.0,0.21401747875128585,0.21401747875128585,0.3484154663218108,0.0,0.0,"{""2"": 11, ""3"": 10, ""4"": 9}",0.21401747875128585,0.21401219483621178,28.492158762679065,1e-05,True,40,development_isotonic_frozen
s0-i14,held_out,0,structural,p_saps_projection,1,0.15,76993f31911749ca,"[[0, 1, 2, 3, 4, 5, 6, 7, 8, 9, 10, 11]]",0.3484154663218108,-0.0,0.0,-4.233543059065238e-15,,0.0,0.21401747875128585,0.21401747875128585,0.3484154663218108,0.0,0.0,"{""2"": 11, ""3"": 10, ""4"": 9}",0.21401747875128585,0.21401219483621178,28.492158762679065,1e-05,True,40,development_isotonic_frozen
s0-i14,held_out,0,structural,b_saps_budgeted,1,0.15,76993f31911749ca,"[[0, 1, 2, 3, 4, 5, 6, 7, 8, 9, 10, 11]]",0.3484154663218108,-0.0,0.0,-4.233543059065238e-15,,0.0,0.21401747875128585,0.21401747875128585,0.3484154663218108,0.0,0.0,"{""2"": 11, ""3"": 10, ""4"": 9}",0.21401747875128585,0.21401219483621178,28.492158762679065,1e-05,True,40,development_isotonic_frozen
s0-i14,held_out,0,structural,random_balanced,2,0.01,c87aef18f517d1cc,"[[0, 4, 5, 6, 8, 10], [1, 2, 3, 7, 9, 11]]",0.029881352097704632,-0.30148930161257065,0.5018231972156103,-1.866961928607028e-15,,14.0,0.16572871940413425,0.16572871940413425,0.03043471046988435,0.0,0.0,"{""1"": 14, ""2"": 12, ""3"": 4}",0.16572871940413425,0.16572675372599122,17.766435099890327,1e-05,True,40,development_isotonic_frozen
s0-i14,held_out,0,structural,confidence,2,0.01,e547d46041c90a4e,"[[2, 3, 4, 6, 9, 11], [0, 1, 5, 7, 8, 10]]",0.029881352097704632,-0.20815509456298875,0.6295251634151585,-1.9682600018602975e-15,,14.0,0.13079788566082018,0.13079788566082018,0.03043471046988435,0.0,0.0,"{""2"": 13, ""1"": 14, ""3"": 3}",0.13079788566082018,0.1307954220103466,20.489678521786885,1e-05,True,40,development_isotonic_frozen
s0-i14,held_out,0,structural,entropy,2,0.01,516ca7d94eeadde8,"[[1, 2, 3, 4, 9, 11], [0, 5, 6, 7, 8, 10]]",0.029881352097704632,-0.21419739434284532,0.631194822004149,-1.9649775364959243e-15,,10.0,0.1031640582888898,0.1031640582888898,0.02840572977189206,0.0,0.0,"{""1"": 10, ""2"": 11, ""3"": 7, ""4"": 2}",0.1031640582888898,0.10316309436101292,20.419164691703998,1e-05,True,40,development_isotonic_frozen
s0-i14,held_out,0,structural,dependency_cmi,2,0.01,eceb2d9865d2db32,"[[0, 1, 6, 8, 9, 10], [2, 3, 4, 5, 7, 11]]",0.029881352097704632,-0.2974740968980345,0.5213105029939059,-1.5087485588481715e-15,,12.0,0.19846507523704798,0.19846507523704798,0.029420220120888203,0.0,0.0,"{""2"": 11, ""1"": 12, ""3"": 6, ""4"": 1}",0.19846507523704798,0.19845941008852142,22.19052878594727,1e-05,True,40,development_isotonic_frozen
s0-i14,held_out,0,structural,min_within_batch_tc,2,0.01,2e02527428a9db29,"[[0, 4, 5, 8, 9, 10], [1, 2, 3, 6, 7, 11]]",0.029881352097704632,-0.28309333395670677,0.5342694974755887,-1.5777693632601082e-15,,11.0,0.17069926748921302,0.17069926748921302,0.03043471046988435,0.0,0.0,"{""1"": 11, ""2"": 15, ""3"": 4}",0.17069926748921302,0.17069315488738673,18.887910403199253,1e-05,True,40,development_isotonic_frozen
s0-i14,held_out,0,structural,dprm_myopic,2,0.01,c15fe8894296de95,"[[0, 1, 2, 3, 4, 6], [5, 7, 8, 9, 10, 11]]",0.029881352097704632,-0.2517018155952682,0.5767343080774436,-2.249063593164554e-15,,7.0,0.19027179637898148,0.19027179637898148,0.02637674907389977,0.0,0.0,"{""2"": 11, ""3"": 8, ""4"": 4, ""1"": 7}",0.19027179637898148,0.19027033293242868,21.046405411237597,1e-05,True,40,development_isotonic_frozen
s0-i14,held_out,0,structural,dprm_rollout,2,0.01,d4efa17ca3ee225b,"[[0, 1, 2, 4, 6, 8], [3, 5, 7, 9, 10, 11]]",0.029881352097704632,-0.2613097894025186,0.565680802620211,-2.3225449003082537e-15,,13.0,0.15927449569478783,0.15927449569478783,0.03043471046988435,0.0,0.0,"{""2"": 13, ""3"": 4, ""1"": 13}",0.15927449569478783,0.15927349070695762,19.70716792407045,1e-05,True,40,development_isotonic_frozen
s0-i14,held_out,0,structural,subset_exact,2,0.01,543028271928dcfa,"[[0, 1, 2, 3, 4, 5], [6, 7, 8, 9, 10, 11]]",0.029881352097704632,-0.25431965029672826,0.5755298855521136,-2.1860916256287723e-15,,3.0,0.2027068784130594,0.2027068784130594,0.024347768375907478,0.0,0.0,"{""2"": 12, ""3"": 9, ""4"": 6, ""1"": 3}",0.2027068784130594,0.20270217922883038,23.32020581779462,1e-05,True,40,development_isotonic_frozen
s0-i14,held_out,0,structural,subset_beam_8,2,0.01,543028271928dcfa,"[[0, 1, 2, 3, 4, 5], [6, 7, 8, 9, 10, 11]]",0.029881352097704632,-0.25431965029672826,0.5755298855521136,-2.1860916256287723e-15,,3.0,0.2027068784130594,0.2027068784130594,0.024347768375907478,0.0,0.0,"{""2"": 12, ""3"": 9, ""4"": 6, ""1"": 3}",0.2027068784130594,0.20270217922883038,23.32020581779462,1e-05,True,40,development_isotonic_frozen
s0-i14,held_out,0,structural,subset_beam_32,2,0.01,543028271928dcfa,"[[0, 1, 2, 3, 4, 5], [6, 7, 8, 9, 10, 11]]",0.029881352097704632,-0.25431965029672826,0.5755298855521136,-2.1860916256287723e-15,,3.0,0.2027068784130594,0.2027068784130594,0.024347768375907478,0.0,0.0,"{""2"": 12, ""3"": 9, ""4"": 6, ""1"": 3}",0.2027068784130594,0.20270217922883038,23.32020581779462,1e-05,True,40,development_isotonic_frozen
s0-i14,held_out,0,structural,saps_diagonal,2,0.01,17796a6af94c7f97,"[[2, 4, 5, 7, 8, 10], [0, 1, 3, 6, 9, 11]]",0.029881352097704632,-0.26797272047913184,0.5475364064021695,-1.6384662032535468e-15,,19.0,0.08553506429113035,0.08553506429113035,0.03043471046988435,0.0,0.0,"{""2"": 10, ""3"": 1, ""1"": 19}",0.08553506429113035,0.08553331488072377,17.12444588688061,1e-05,True,40,development_isotonic_frozen
s0-i14,held_out,0,structural,p_saps_residualized,2,0.01,e31b8fafc8cd3167,"[[2, 4, 6, 8, 9, 10], [0, 1, 3, 5, 7, 11]]",0.029881352097704632,-0.24541697790624487,0.5843272950424057,-1.6365965090879025e-15,,16.0,0.11817927798917424,0.11817927798917424,0.03043471046988435,0.0,0.0,"{""2"": 12, ""3"": 2, ""1"": 16}",0.11817927798917424,0.11817823316019703,19.984331797760685,1e-05,True,80,development_isotonic_frozen
s0-i14,held_out,0,structural,p_saps_projection,2,0.01,eceb2d9865d2db32,"[[0, 1, 6, 8, 9, 10], [2, 3, 4, 5, 7, 11]]",0.029881352097704632,-0.2974740968980345,0.5213105029939059,-1.5087485588481715e-15,,12.0,0.19846507523704798,0.19846507523704798,0.029420220120888203,0.0,0.0,"{""2"": 11, ""1"": 12, ""3"": 6, ""4"": 1}",0.19846507523704798,0.19845941008852142,22.19052878594727,1e-05,True,640,development_isotonic_frozen
s0-i14,held_out,0,structural,b_saps_budgeted,2,0.01,c87aef18f517d1cc,"[[0, 4, 5, 6, 8, 10], [1, 2, 3, 7, 9, 11]]",0.029881352097704632,-0.30148930161257065,0.5018231972156103,-1.866961928607028e-15,,14.0,0.16572871940413425,0.16572871940413425,0.03043471046988435,0.0,0.0,"{""1"": 14, ""2"": 12, ""3"": 4}",0.16572871940413425,0.16572675372599122,17.766435099890327,1e-05,True,40,development_isotonic_frozen
s0-i14,held_out,0,structural,random_balanced,2,0.05,c87aef18f517d1cc,"[[0, 4, 5, 6, 8, 10], [1, 2, 3, 7, 9, 11]]",0.1358124486070241,-0.30148930161257065,0.5018231972156103,-1.866961928607028e-15,,14.0,0.16572871940413425,0.16572871940413425,0.13689855036479925,0.0,0.0,"{""1"": 14, ""2"": 12, ""3"": 4}",0.16572871940413425,0.16572675372599122,17.766435099890327,1e-05,True,40,development_isotonic_frozen
s0-i14,held_out,0,structural,confidence,2,0.05,e547d46041c90a4e,"[[2, 3, 4, 6, 9, 11], [0, 1, 5, 7, 8, 10]]",0.1358124486070241,-0.20815509456298875,0.6295251634151585,-1.9682600018602975e-15,,14.0,0.13079788566082018,0.13079788566082018,0.13689855036479925,0.0,0.0,"{""2"": 13, ""1"": 14, ""3"": 3}",0.13079788566082018,0.1307954220103466,20.489678521786885,1e-05,True,40,development_isotonic_frozen
s0-i14,held_out,0,structural,entropy,2,0.05,516ca7d94eeadde8,"[[1, 2, 3, 4, 9, 11], [0, 5, 6, 7, 8, 10]]",0.1358124486070241,-0.21419739434284532,0.631194822004149,-1.9649775364959243e-15,,10.0,0.1031640582888898,0.1031640582888898,0.132916177252957,0.0,-1.0,"{""1"": 10, ""2"": 11, ""3"": 7, ""4"": 2}",0.1031640582888898,0.10316309436101292,20.419164691703998,1e-05,True,40,development_isotonic_frozen
s0-i14,held_out,0,structural,dependency_cmi,2,0.05,eceb2d9865d2db32,"[[0, 1, 6, 8, 9, 10], [2, 3, 4, 5, 7, 11]]",0.1358124486070241,-0.2974740968980345,0.5213105029939059,-1.5087485588481715e-15,,12.0,0.19846507523704798,0.19846507523704798,0.13490736380887813,0.0,-1.0,"{""2"": 11, ""1"": 12, ""3"": 6, ""4"": 1}",0.19846507523704798,0.19845941008852142,22.19052878594727,1e-05,True,40,development_isotonic_frozen
s0-i14,held_out,0,structural,min_within_batch_tc,2,0.05,2e02527428a9db29,"[[0, 4, 5, 8, 9, 10], [1, 2, 3, 6, 7, 11]]",0.1358124486070241,-0.28309333395670677,0.5342694974755887,-1.5777693632601082e-15,,11.0,0.17069926748921302,0.17069926748921302,0.13689855036479925,0.0,0.0,"{""1"": 11, ""2"": 15, ""3"": 4}",0.17069926748921302,0.17069315488738673,18.887910403199253,1e-05,True,40,development_isotonic_frozen
s0-i14,held_out,0,structural,dprm_myopic,2,0.05,c15fe8894296de95,"[[0, 1, 2, 3, 4, 6], [5, 7, 8, 9, 10, 11]]",0.1358124486070241,-0.2517018155952682,0.5767343080774436,-2.249063593164554e-15,,7.0,0.19027179637898148,0.19027179637898148,0.12893380414111474,0.0,-1.0,"{""2"": 11, ""3"": 8, ""4"": 4, ""1"": 7}",0.19027179637898148,0.19027033293242868,21.046405411237597,1e-05,True,40,development_isotonic_frozen
s0-i14,held_out,0,structural,dprm_rollout,2,0.05,371d35af448623d5,"[[0, 1, 2, 4, 5, 6], [3, 7, 8, 9, 10, 11]]",0.1358124486070241,-0.26160215581658747,0.5665899900404744,-2.4429082557539037e-15,,12.0,0.1780067853082109,0.1780067853082109,0.132916177252957,0.0,-1.0,"{""2"": 10, ""3"": 6, ""1"": 12, ""4"": 2}",0.1780067853082109,0.17800469935264657,19.382276786092746,1e-05,True,40,development_isotonic_frozen
s0-i14,held_out,0,structural,subset_exact,2,0.05,543028271928dcfa,"[[0, 1, 2, 3, 4, 5], [6, 7, 8, 9, 10, 11]]",0.1358124486070241,-0.25431965029672826,0.5755298855521136,-2.1860916256287723e-15,,3.0,0.2027068784130594,0.2027068784130594,0.1249514310292725,0.0,0.0,"{""2"": 12, ""3"": 9, ""4"": 6, ""1"": 3}",0.2027068784130594,0.20270217922883038,23.32020581779462,1e-05,True,40,development_isotonic_frozen
s0-i14,held_out,0,structural,subset_beam_8,2,0.05,543028271928dcfa,"[[0, 1, 2, 3, 4, 5], [6, 7, 8, 9, 10, 11]]",0.1358124486070241,-0.25431965029672826,0.5755298855521136,-2.1860916256287723e-15,,3.0,0.2027068784130594,0.2027068784130594,0.1249514310292725,0.0,0.0,"{""2"": 12, ""3"": 9, ""4"": 6, ""1"": 3}",0.2027068784130594,0.20270217922883038,23.32020581779462,1e-05,True,40,development_isotonic_frozen
s0-i14,held_out,0,structural,subset_beam_32,2,0.05,543028271928dcfa,"[[0, 1, 2, 3, 4, 5], [6, 7, 8, 9, 10, 11]]",0.1358124486070241,-0.25431965029672826,0.5755298855521136,-2.1860916256287723e-15,,3.0,0.2027068784130594,0.2027068784130594,0.1249514310292725,0.0,0.0,"{""2"": 12, ""3"": 9, ""4"": 6, ""1"": 3}",0.2027068784130594,0.20270217922883038,23.32020581779462,1e-05,True,40,development_isotonic_frozen
s0-i14,held_out,0,structural,saps_diagonal,2,0.05,17796a6af94c7f97,"[[2, 4, 5, 7, 8, 10], [0, 1, 3, 6, 9, 11]]",0.1358124486070241,-0.26797272047913184,0.5475364064021695,-1.6384662032535468e-15,,19.0,0.08553506429113035,0.08553506429113035,0.13689855036479925,0.0,-1.0,"{""2"": 10, ""3"": 1, ""1"": 19}",0.08553506429113035,0.08553331488072377,17.12444588688061,1e-05,True,40,development_isotonic_frozen
s0-i14,held_out,0,structural,p_saps_residualized,2,0.05,e31b8fafc8cd3167,"[[2, 4, 6, 8, 9, 10], [0, 1, 3, 5, 7, 11]]",0.1358124486070241,-0.24541697790624487,0.5843272950424057,-1.6365965090879025e-15,,16.0,0.11817927798917424,0.11817927798917424,0.13689855036479925,0.0,0.0,"{""2"": 12, ""3"": 2, ""1"": 16}",0.11817927798917424,0.11817823316019703,19.984331797760685,1e-05,True,80,development_isotonic_frozen
s0-i14,held_out,0,structural,p_saps_projection,2,0.05,eceb2d9865d2db32,"[[0, 1, 6, 8, 9, 10], [2, 3, 4, 5, 7, 11]]",0.1358124486070241,-0.2974740968980345,0.5213105029939059,-1.5087485588481715e-15,,12.0,0.19846507523704798,0.19846507523704798,0.13490736380887813,0.0,-1.0,"{""2"": 11, ""1"": 12, ""3"": 6, ""4"": 1}",0.19846507523704798,0.19845941008852142,22.19052878594727,1e-05,True,640,development_isotonic_frozen
s0-i14,held_out,0,structural,b_saps_budgeted,2,0.05,c87aef18f517d1cc,"[[0, 4, 5, 6, 8, 10], [1, 2, 3, 7, 9, 11]]",0.1358124486070241,-0.30148930161257065,0.5018231972156103,-1.866961928607028e-15,,14.0,0.16572871940413425,0.16572871940413425,0.13689855036479925,0.0,0.0,"{""1"": 14, ""2"": 12, ""3"": 4}",0.16572871940413425,0.16572675372599122,17.766435099890327,1e-05,True,40,development_isotonic_frozen
s0-i14,held_out,0,structural,random_balanced,2,0.15,c87aef18f517d1cc,"[[0, 4, 5, 6, 8, 10], [1, 2, 3, 7, 9, 11]]",1.6840666234508794,-0.30148930161257065,0.5018231972156103,-1.866961928607028e-15,,14.0,0.16572871940413425,0.16572871940413425,1.8248878915379443,0.0,0.0,"{""1"": 14, ""2"": 12, ""3"": 4}",0.16572871940413425,0.16572675372599122,17.766435099890327,1e-05,True,40,development_isotonic_frozen
s0-i14,held_out,0,structural,confidence,2,0.15,e547d46041c90a4e,"[[2, 3, 4, 6, 9, 11], [0, 1, 5, 7, 8, 10]]",1.6840666234508794,-0.20815509456298875,0.6295251634151585,-1.9682600018602975e-15,,14.0,0.13079788566082018,0.13079788566082018,1.8565620248399273,-0.125,0.0,"{""2"": 13, ""1"": 14, ""3"": 3}",0.13079788566082018,0.1307954220103466,20.489678521786885,1e-05,True,40,development_isotonic_frozen
s0-i14,held_out,0,structural,entropy,2,0.15,516ca7d94eeadde8,"[[1, 2, 3, 4, 9, 11], [0, 5, 6, 7, 8, 10]]",1.6840666234508794,-0.21419739434284532,0.631194822004149,-1.9649775364959243e-15,,10.0,0.1031640582888898,0.1031640582888898,1.38041424626049,0.0,0.0,"{""1"": 10, ""2"": 11, ""3"": 7, ""4"": 2}",0.1031640582888898,0.10316309436101292,20.419164691703998,1e-05,True,40,development_isotonic_frozen
s0-i14,held_out,0,structural,dependency_cmi,2,0.15,eceb2d9865d2db32,"[[0, 1, 6, 8, 9, 10], [2, 3, 4, 5, 7, 11]]",1.6840666234508794,-0.2974740968980345,0.5213105029939059,-1.5087485588481715e-15,,12.0,0.19846507523704798,0.19846507523704798,1.5868140022482258,0.0,0.0,"{""2"": 11, ""1"": 12, ""3"": 6, ""4"": 1}",0.19846507523704798,0.19845941008852142,22.19052878594727,1e-05,True,40,development_isotonic_frozen
s0-i14,held_out,0,structural,min_within_batch_tc,2,0.15,2e02527428a9db29,"[[0, 4, 5, 8, 9, 10], [1, 2, 3, 6, 7, 11]]",1.6840666234508794,-0.28309333395670677,0.5342694974755887,-1.5777693632601082e-15,,11.0,0.17069926748921302,0.17069926748921302,1.610310657462289,0.0,0.0,"{""1"": 11, ""2"": 15, ""3"": 4}",0.17069926748921302,0.17069315488738673,18.887910403199253,1e-05,True,40,development_isotonic_frozen
s0-i14,held_out,0,structural,dprm_myopic,2,0.15,c15fe8894296de95,"[[0, 1, 2, 3, 4, 6], [5, 7, 8, 9, 10, 11]]",1.6840666234508794,-0.2517018155952682,0.5767343080774436,-2.249063593164554e-15,,7.0,0.19027179637898148,0.19027179637898148,1.0708146122788862,0.0,0.0,"{""2"": 11, ""3"": 8, ""4"": 4, ""1"": 7}",0.19027179637898148,0.19027033293242868,21.046405411237597,1e-05,True,40,development_isotonic_frozen
s0-i14,held_out,0,structural,dprm_rollout,2,0.15,4a41ce7593122486,"[[1, 2, 3, 6, 7, 9], [0, 4, 5, 8, 10, 11]]",1.6840666234508794,-0.23808475262469123,0.5913304787921191,-1.7015269749400355e-15,,14.0,0.14046840276562894,0.14046840276562894,1.88823615814191,0.0,0.0,"{""1"": 14, ""2"": 14, ""3"": 2}",0.14046840276562894,0.14045901582252726,18.810536083508534,1e-05,True,40,development_isotonic_frozen
s0-i14,held_out,0,structural,subset_exact,2,0.15,38319314e3a149ba,"[[0, 1, 3, 5, 7, 11], [2, 4, 6, 8, 9, 10]]",1.6840666234508794,-0.28276795612766537,0.5297174827264225,-1.6365965090879025e-15,,13.0,0.08766199099332642,0.08766199099332642,1.7533621468460592,0.0,0.0,"{""2"": 13, ""1"": 13, ""3"": 4}",0.08766199099332642,0.08766108288757325,20.427714961259127,1e-05,True,40,development_isotonic_frozen
s0-i14,held_out,0,structural,subset_beam_8,2,0.15,543028271928dcfa,"[[0, 1, 2, 3, 4, 5], [6, 7, 8, 9, 10, 11]]",1.6840666234508794,-0.25431965029672826,0.5755298855521136,-2.1860916256287723e-15,,3.0,0.2027068784130594,0.2027068784130594,0.6896892336053974,0.125,0.0,"{""2"": 12, ""3"": 9, ""4"": 6, ""1"": 3}",0.2027068784130594,0.20270217922883038,23.32020581779462,1e-05,True,40,development_isotonic_frozen
s0-i14,held_out,0,structural,subset_beam_32,2,0.15,543028271928dcfa,"[[0, 1, 2, 3, 4, 5], [6, 7, 8, 9, 10, 11]]",1.6840666234508794,-0.25431965029672826,0.5755298855521136,-2.1860916256287723e-15,,3.0,0.2027068784130594,0.2027068784130594,0.6896892336053974,0.125,0.0,"{""2"": 12, ""3"": 9, ""4"": 6, ""1"": 3}",0.2027068784130594,0.20270217922883038,23.32020581779462,1e-05,True,40,development_isotonic_frozen
s0-i14,held_out,0,structural,saps_diagonal,2,0.15,17796a6af94c7f97,"[[2, 4, 5, 7, 8, 10], [0, 1, 3, 6, 9, 11]]",1.6840666234508794,-0.26797272047913184,0.5475364064021695,-1.6384662032535468e-15,,19.0,0.08553506429113035,0.08553506429113035,2.2775390149033186,0.0,0.0,"{""2"": 10, ""3"": 1, ""1"": 19}",0.08553506429113035,0.08553331488072377,17.12444588688061,1e-05,True,40,development_isotonic_frozen
s0-i14,held_out,0,structural,p_saps_residualized,2,0.15,e31b8fafc8cd3167,"[[2, 4, 6, 8, 9, 10], [0, 1, 3, 5, 7, 11]]",1.6840666234508794,-0.24541697790624487,0.5843272950424057,-1.6365965090879025e-15,,16.0,0.11817927798917424,0.11817927798917424,2.03128764752568,0.0,0.0,"{""2"": 12, ""3"": 2, ""1"": 16}",0.11817927798917424,0.11817823316019703,19.984331797760685,1e-05,True,80,development_isotonic_frozen
s0-i14,held_out,0,structural,p_saps_projection,2,0.15,eceb2d9865d2db32,"[[0, 1, 6, 8, 9, 10], [2, 3, 4, 5, 7, 11]]",1.6840666234508794,-0.2974740968980345,0.5213105029939059,-1.5087485588481715e-15,,12.0,0.19846507523704798,0.19846507523704798,1.5868140022482258,0.0,0.0,"{""2"": 11, ""1"": 12, ""3"": 6, ""4"": 1}",0.19846507523704798,0.19845941008852142,22.19052878594727,1e-05,True,640,development_isotonic_frozen
s0-i14,held_out,0,structural,b_saps_budgeted,2,0.15,17796a6af94c7f97,"[[2, 4, 5, 7, 8, 10], [0, 1, 3, 6, 9, 11]]",1.6840666234508794,-0.26797272047913184,0.5475364064021695,-1.6384662032535468e-15,,19.0,0.08553506429113035,0.08553506429113035,2.2775390149033186,0.0,0.0,"{""2"": 10, ""3"": 1, ""1"": 19}",0.08553506429113035,0.08553331488072377,17.12444588688061,1e-05,True,40,development_isotonic_frozen
s0-i14,held_out,0,structural,random_balanced,3,0.01,a5c241601c7dad30,"[[4, 5, 6, 10], [0, 3, 7, 8], [1, 2, 9, 11]]",0.03037937463266638,-0.5871932362402466,1.012682845939154,-1.1269491786405515e-15,,17.0,0.15514822714054818,0.15514822714054818,0.03043471046988435,0.0,0.0,"{""1"": 17, ""2"": 12, ""3"": 1}",0.15514822714054818,0.1551433385517599,12.644498998539833,1e-05,True,40,development_isotonic_frozen
s0-i14,held_out,0,structural,confidence,3,0.01,4b1dbbe97f3dfada,"[[2, 4, 9, 11], [3, 6, 7, 8], [0, 1, 5, 10]]",0.03037937463266638,-0.42746010314879096,1.2448566555181568,-9.670525772603154e-16,,22.0,0.11202201743898887,0.11202201743898887,0.03043471046988435,0.0,0.0,"{""2"": 6, ""1"": 22, ""3"": 2}",0.11202201743898887,0.11202092016280407,15.715744330202488,1e-05,True,40,development_isotonic_frozen
s0-i14,held_out,0,structural,entropy,3,0.01,2be5551bdf11cfb0,"[[2, 4, 9, 11], [0, 1, 3, 6], [5, 7, 8, 10]]",0.03037937463266638,-0.4373543278189007,1.2506569780020402,-1.0388199292300432e-15,,15.0,0.040865234480531976,0.040865234480531976,0.03043471046988435,0.0,0.0,"{""2"": 12, ""3"": 3, ""1"": 15}",0.040865234480531976,0.04086504305820889,19.14239154722008,1e-05,True,40,development_isotonic_frozen
s0-i14,held_out,0,structural,dependency_cmi,3,0.01,6ec99109efe32270,"[[0, 1, 6, 8], [2, 4, 5, 7], [3, 9, 10, 11]]",0.03037937463266638,-0.565074839540786,1.0634536781283022,-8.373250624540179e-16,,18.0,0.17667888450562197,0.17667888450562197,0.03043471046988435,0.0,0.0,"{""2"": 9, ""1"": 18, ""3"": 3}",0.17667888450562197,0.17667536609428894,16.394881816811065,1e-05,True,40,development_isotonic_frozen
s0-i14,held_out,0,structural,min_within_batch_tc,3,0.01,a60b5e2e28b1e606,"[[0, 4, 5, 7], [6, 8, 9, 10], [1, 2, 3, 11]]",0.03037937463266638,-0.5690762583803582,1.0451792340813586,-7.815671449888679e-16,,13.0,0.12626811508408464,0.12626811508408464,0.03043471046988435,0.0,0.0,"{""1"": 13, ""2"": 11, ""3"": 6}",0.12626811508408464,0.12626573659727902,17.07279150412828,1e-05,True,40,development_isotonic_frozen
s0-i14,held_out,0,structural,dprm_myopic,3,0.01,4fd177481830ee90,"[[0, 1, 4, 6], [2, 3, 5, 7], [8, 9, 10, 11]]",0.03037937463266638,-0.5421850995832133,1.0924538691271317,-8.09712113881856e-16,,10.0,0.17779862461227533,0.17779862461227533,0.029420220120888203,0.0,0.0,"{""2"": 15, ""1"": 10, ""3"": 4, ""4"": 1}",0.17779862461227533,0.17779587790497162,20.89975979367091,1e-05,True,40,development_isotonic_frozen
s0-i14,held_out,0,structural,dprm_rollout,3,0.01,c3630fd2a307def5,"[[0, 1, 2, 4], [5, 6, 8, 9], [3, 7, 10, 11]]",0.03037937463266638,-0.5045159775632422,1.1647170929206638,-1.2074969889389213e-15,,20.0,0.2059621246220075,0.2059621246220075,0.03043471046988435,0.0,0.0,"{""2"": 9, ""3"": 1, ""1"": 20}",0.2059621246220075,0.20595418025033654,17.780170944374397,1e-05,True,40,development_isotonic_frozen
s0-i14,held_out,0,structural,subset_exact,3,0.01,1dc841ae0f330315,"[[0, 1, 2, 3], [4, 6, 9, 11], [5, 7, 8, 10]]",0.03037937463266638,-0.48457484119425215,1.190972942579961,-8.930605258270965e-16,,14.0,0.09556984349623765,0.09556984349623765,0.029420220120888203,0.0,0.0,"{""2"": 11, ""3"": 4, ""4"": 1, ""1"": 14}",0.09556984349623765,0.09556895232963747,19.716088471055222,1e-05,True,40,development_isotonic_frozen
s0-i14,held_out,0,structural,subset_beam_8,3,0.01,1dc841ae0f330315,"[[0, 1, 2, 3], [4, 6, 9, 11], [5, 7, 8, 10]]",0.03037937463266638,-0.48457484119425215,1.190972942579961,-8.930605258270965e-16,,14.0,0.09556984349623765,0.09556984349623765,0.029420220120888203,0.0,0.0,"{""2"": 11, ""3"": 4, ""4"": 1, ""1"": 14}",0.09556984349623765,0.09556895232963747,19.716088471055222,1e-05,True,40,development_isotonic_frozen
s0-i14,held_out,0,structural,subset_beam_32,3,0.01,1dc841ae0f330315,"[[0, 1, 2, 3], [4, 6, 9, 11], [5, 7, 8, 10]]",0.03037937463266638,-0.48457484119425215,1.190972942579961,-8.930605258270965e-16,,14.0,0.09556984349623765,0.09556984349623765,0.029420220120888203,0.0,0.0,"{""2"": 11, ""3"": 4, ""4"": 1, ""1"": 14}",0.09556984349623765,0.09556895232963747,19.716088471055222,1e-05,True,40,development_isotonic_frozen
s0-i14,held_out,0,structural,saps_diagonal,3,0.01,d361d22ef0ccac98,"[[2, 4, 6, 8], [0, 3, 7, 10], [1, 5, 9, 11]]",0.03037937463266638,-0.5133398698804746,1.1216918684703594,-1.4062976549995054e-15,,28.0,0.07084501579114505,0.07084501579114505,0.03043471046988435,0.0,0.0,"{""1"": 28, ""2"": 2}",0.07084501579114505,0.07084460823518268,15.837295040934341,1e-05,True,40,development_isotonic_frozen
s0-i14,held_out,0,structural,p_saps_residualized,3,0.01,ae92a136ced81f25,"[[0, 2, 4, 6], [5, 8, 10, 11], [1, 3, 7, 9]]",0.03037937463266638,-0.5157030147886954,1.1365693160893813,-1.435287559921204e-15,,23.0,0.10961251941382387,0.10961251941382387,0.03043471046988435,0.0,0.0,"{""1"": 23, ""2"": 7}",0.10961251941382387,0.10961140636835148,17.2409836881502,1e-05,True,80,development_isotonic_frozen
s0-i14,held_out,0,structural,p_saps_projection,3,0.01,6ec99109efe32270,"[[0, 1, 6, 8], [2, 4, 5, 7], [3, 9, 10, 11]]",0.03037937463266638,-0.565074839540786,1.0634536781283022,-8.373250624540179e-16,,18.0,0.17667888450562197,0.17667888450562197,0.03043471046988435,0.0,0.0,"{""2"": 9, ""1"": 18, ""3"": 3}",0.17667888450562197,0.17667536609428894,16.394881816811065,1e-05,True,640,development_isotonic_frozen
s0-i14,held_out,0,structural,b_saps_budgeted,3,0.01,a5c241601c7dad30,"[[4, 5, 6, 10], [0, 3, 7, 8], [1, 2, 9, 11]]",0.03037937463266638,-0.5871932362402466,1.012682845939154,-1.1269491786405515e-15,,17.0,0.15514822714054818,0.15514822714054818,0.03043471046988435,0.0,0.0,"{""1"": 17, ""2"": 12, ""3"": 1}",0.15514822714054818,0.1551433385517599,12.644498998539833,1e-05,True,40,development_isotonic_frozen
s0-i14,held_out,0,structural,random_balanced,3,0.05,a5c241601c7dad30,"[[4, 5, 6, 10], [0, 3, 7, 8], [1, 2, 9, 11]]",0.13678994018902174,-0.5871932362402466,1.012682845939154,-1.1269491786405515e-15,,17.0,0.15514822714054818,0.15514822714054818,0.13689855036479925,0.0,0.0,"{""1"": 17, ""2"": 12, ""3"": 1}",0.15514822714054818,0.1551433385517599,12.644498998539833,1e-05,True,40,development_isotonic_frozen
s0-i14,held_out,0,structural,confidence,3,0.05,4b1dbbe97f3dfada,"[[2, 4, 9, 11], [3, 6, 7, 8], [0, 1, 5, 10]]",0.13678994018902174,-0.42746010314879096,1.2448566555181568,-9.670525772603154e-16,,22.0,0.11202201743898887,0.11202201743898887,0.13689855036479925,0.0,-1.0,"{""2"": 6, ""1"": 22, ""3"": 2}",0.11202201743898887,0.11202092016280407,15.715744330202488,1e-05,True,40,development_isotonic_frozen
s0-i14,held_out,0,structural,entropy,3,0.05,2be5551bdf11cfb0,"[[2, 4, 9, 11], [0, 1, 3, 6], [5, 7, 8, 10]]",0.13678994018902174,-0.4373543278189007,1.2506569780020402,-1.0388199292300432e-15,,15.0,0.040865234480531976,0.040865234480531976,0.13689855036479925,0.0,0.0,"{""2"": 12, ""3"": 3, ""1"": 15}",0.040865234480531976,0.04086504305820889,19.14239154722008,1e-05,True,40,development_isotonic_frozen
s0-i14,held_out,0,structural,dependency_cmi,3,0.05,6ec99109efe32270,"[[0, 1, 6, 8], [2, 4, 5, 7], [3, 9, 10, 11]]",0.13678994018902174,-0.565074839540786,1.0634536781283022,-8.373250624540179e-16,,18.0,0.17667888450562197,0.17667888450562197,0.13689855036479925,0.0,-1.0,"{""2"": 9, ""1"": 18, ""3"": 3}",0.17667888450562197,0.17667536609428894,16.394881816811065,1e-05,True,40,development_isotonic_frozen
s0-i14,held_out,0,structural,min_within_batch_tc,3,0.05,a60b5e2e28b1e606,"[[0, 4, 5, 7], [6, 8, 9, 10], [1, 2, 3, 11]]",0.13678994018902174,-0.5690762583803582,1.0451792340813586,-7.815671449888679e-16,,13.0,0.12626811508408464,0.12626811508408464,0.13689855036479925,0.0,0.0,"{""1"": 13, ""2"": 11, ""3"": 6}",0.12626811508408464,0.12626573659727902,17.07279150412828,1e-05,True,40,development_isotonic_frozen
s0-i14,held_out,0,structural,dprm_myopic,3,0.05,4fd177481830ee90,"[[0, 1, 4, 6], [2, 3, 5, 7], [8, 9, 10, 11]]",0.13678994018902174,-0.5421850995832133,1.0924538691271317,-8.09712113881856e-16,,10.0,0.17779862461227533,0.17779862461227533,0.13490736380887813,0.0,-1.0,"{""2"": 15, ""1"": 10, ""3"": 4, ""4"": 1}",0.17779862461227533,0.17779587790497162,20.89975979367091,1e-05,True,40,development_isotonic_frozen
s0-i14,held_out,0,structural,dprm_rollout,3,0.05,379e5135a0cd210f,"[[1, 2, 5, 6], [0, 4, 7, 9], [3, 8, 10, 11]]",0.13678994018902174,-0.509587248662598,1.1477761507956241,-1.2798617910221002e-15,,22.0,0.14946597707632972,0.14946597707632972,0.13689855036479925,0.0,-1.0,"{""1"": 22, ""2"": 7, ""3"": 1}",0.14946597707632972,0.1494517872367891,15.191560820303813,1e-05,True,40,development_isotonic_frozen
s0-i14,held_out,0,structural,subset_exact,3,0.05,1dc841ae0f330315,"[[0, 1, 2, 3], [4, 6, 9, 11], [5, 7, 8, 10]]",0.13678994018902174,-0.48457484119425215,1.190972942579961,-8.930605258270965e-16,,14.0,0.09556984349623765,0.09556984349623765,0.13490736380887813,0.0,-1.0,"{""2"": 11, ""3"": 4, ""4"": 1, ""1"": 14}",0.09556984349623765,0.09556895232963747,19.716088471055222,1e-05,True,40,development_isotonic_frozen
s0-i14,held_out,0,structural,subset_beam_8,3,0.05,1dc841ae0f330315,"[[0, 1, 2, 3], [4, 6, 9, 11], [5, 7, 8, 10]]",0.13678994018902174,-0.48457484119425215,1.190972942579961,-8.930605258270965e-16,,14.0,0.09556984349623765,0.09556984349623765,0.13490736380887813,0.0,-1.0,"{""2"": 11, ""3"": 4, ""4"": 1, ""1"": 14}",0.09556984349623765,0.09556895232963747,19.716088471055222,1e-05,True,40,development_isotonic_frozen
s0-i14,held_out,0,structural,subset_beam_32,3,0.05,1dc841ae0f330315,"[[0, 1, 2, 3], [4, 6, 9, 11], [5, 7, 8, 10]]",0.13678994018902174,-0.48457484119425215,1.190972942579961,-8.930605258270965e-16,,14.0,0.09556984349623765,0.09556984349623765,0.13490736380887813,0.0,-1.0,"{""2"": 11, ""3"": 4, ""4"": 1, ""1"": 14}",0.09556984349623765,0.09556895232963747,19.716088471055222,1e-05,True,40,development_isotonic_frozen
s0-i14,held_out,0,structural,saps_diagonal,3,0.05,d361d22ef0ccac98,"[[2, 4, 6, 8], [0, 3, 7, 10], [1, 5, 9, 11]]",0.13678994018902174,-0.5133398698804746,1.1216918684703594,-1.4062976549995054e-15,,28.0,0.07084501579114505,0.07084501579114505,0.13689855036479925,0.0,0.0,"{""1"": 28, ""2"": 2}",0.07084501579114505,0.07084460823518268,15.837295040934341,1e-05,True,40,development_isotonic_frozen
s0-i14,held_out,0,structural,p_saps_residualized,3,0.05,ae92a136ced81f25,"[[0, 2, 4, 6], [5, 8, 10, 11], [1, 3, 7, 9]]",0.13678994018902174,-0.5157030147886954,1.1365693160893813,-1.435287559921204e-15,,23.0,0.10961251941382387,0.10961251941382387,0.13689855036479925,0.0,0.0,"{""1"": 23, ""2"": 7}",0.10961251941382387,0.10961140636835148,17.2409836881502,1e-05,True,80,development_isotonic_frozen
s0-i14,held_out,0,structural,p_saps_projection,3,0.05,6ec99109efe32270,"[[0, 1, 6, 8], [2, 4, 5, 7], [3, 9, 10, 11]]",0.13678994018902174,-0.565074839540786,1.0634536781283022,-8.373250624540179e-16,,18.0,0.17667888450562197,0.17667888450562197,0.13689855036479925,0.0,-1.0,"{""2"": 9, ""1"": 18, ""3"": 3}",0.17667888450562197,0.17667536609428894,16.394881816811065,1e-05,True,640,development_isotonic_frozen
s0-i14,held_out,0,structural,b_saps_budgeted,3,0.05,a5c241601c7dad30,"[[4, 5, 6, 10], [0, 3, 7, 8], [1, 2, 9, 11]]",0.13678994018902174,-0.5871932362402466,1.012682845939154,-1.1269491786405515e-15,,17.0,0.15514822714054818,0.15514822714054818,0.13689855036479925,0.0,0.0,"{""1"": 17, ""2"": 12, ""3"": 1}",0.15514822714054818,0.1551433385517599,12.644498998539833,1e-05,True,40,development_isotonic_frozen
s0-i14,held_out,0,structural,random_balanced,3,0.15,a5c241601c7dad30,"[[4, 5, 6, 10], [0, 3, 7, 8], [1, 2, 9, 11]]",2.230054086118797,-0.5871932362402466,1.012682845939154,-1.1269491786405515e-15,,17.0,0.15514822714054818,0.15514822714054818,2.1344875255195483,0.0,0.0,"{""1"": 17, ""2"": 12, ""3"": 1}",0.15514822714054818,0.1551433385517599,12.644498998539833,1e-05,True,40,development_isotonic_frozen
s0-i14,held_out,0,structural,confidence,3,0.15,4b1dbbe97f3dfada,"[[2, 4, 9, 11], [3, 6, 7, 8], [0, 1, 5, 10]]",2.230054086118797,-0.42746010314879096,1.2448566555181568,-9.670525772603154e-16,,22.0,0.11202201743898887,0.11202201743898887,2.460442115676991,0.0,0.0,"{""2"": 6, ""1"": 22, ""3"": 2}",0.11202201743898887,0.11202092016280407,15.715744330202488,1e-05,True,40,development_isotonic_frozen
s0-i14,held_out,0,structural,entropy,3,0.15,2be5551bdf11cfb0,"[[2, 4, 9, 11], [0, 1, 3, 6], [5, 7, 8, 10]]",2.230054086118797,-0.4373543278189007,1.2506569780020402,-1.0388199292300432e-15,,15.0,0.040865234480531976,0.040865234480531976,1.9280877695318124,0.0,0.0,"{""2"": 12, ""3"": 3, ""1"": 15}",0.040865234480531976,0.04086504305820889,19.14239154722008,1e-05,True,40,development_isotonic_frozen
s0-i14,held_out,0,structural,dependency_cmi,3,0.15,6ec99109efe32270,"[[0, 1, 6, 8], [2, 4, 5, 7], [3, 9, 10, 11]]",2.230054086118797,-0.565074839540786,1.0634536781283022,-8.373250624540179e-16,,18.0,0.17667888450562197,0.17667888450562197,2.1426650036074677,0.0,0.0,"{""2"": 9, ""1"": 18, ""3"": 3}",0.17667888450562197,0.17667536609428894,16.394881816811065,1e-05,True,40,development_isotonic_frozen
s0-i14,held_out,0,structural,min_within_batch_tc,3,0.15,a60b5e2e28b1e606,"[[0, 4, 5, 7], [6, 8, 9, 10], [1, 2, 3, 11]]",2.230054086118797,-0.5690762583803582,1.0451792340813586,-7.815671449888679e-16,,13.0,0.12626811508408464,0.12626811508408464,1.6900138802420936,0.0,0.0,"{""1"": 13, ""2"": 11, ""3"": 6}",0.12626811508408464,0.12626573659727902,17.07279150412828,1e-05,True,40,development_isotonic_frozen
s0-i14,held_out,0,structural,dprm_myopic,3,0.15,4fd177481830ee90,"[[0, 1, 4, 6], [2, 3, 5, 7], [8, 9, 10, 11]]",2.230054086118797,-0.5421850995832133,1.0924538691271317,-8.09712113881856e-16,,10.0,0.17779862461227533,0.17779862461227533,1.507110779468421,0.0,0.0,"{""2"": 15, ""1"": 10, ""3"": 4, ""4"": 1}",0.17779862461227533,0.17779587790497162,20.89975979367091,1e-05,True,40,development_isotonic_frozen
s0-i14,held_out,0,structural,dprm_rollout,3,0.15,5a1e18143471e022,"[[1, 2, 6, 10], [0, 8, 9, 11], [3, 4, 5, 7]]",2.230054086118797,-0.5372318636563937,1.1297630556118705,-1.0474424539567142e-15,,14.0,0.1149900912261547,0.1149900912261547,1.7932137582359615,0.0,0.0,"{""1"": 14, ""2"": 11, ""3"": 5}",0.1149900912261547,0.11498903730203211,20.360487730681307,1e-05,True,40,development_isotonic_frozen
s0-i14,held_out,0,structural,subset_exact,3,0.15,eeb5f2916fba5a66,"[[0, 2, 3, 4], [6, 7, 9, 11], [1, 5, 8, 10]]",2.230054086118797,-0.463075883987171,1.2003265351430559,-1.233916571072053e-15,,22.0,0.1569331152352916,0.1569331152352916,2.4921162489789737,0.0,0.0,"{""1"": 22, ""2"": 7, ""3"": 1}",0.1569331152352916,0.15692170477190825,17.341745270831982,1e-05,True,40,development_isotonic_frozen
s0-i14,held_out,0,structural,subset_beam_8,3,0.15,1dc841ae0f330315,"[[0, 1, 2, 3], [4, 6, 9, 11], [5, 7, 8, 10]]",2.230054086118797,-0.48457484119425215,1.190972942579961,-8.930605258270965e-16,,14.0,0.09556984349623765,0.09556984349623765,1.7932137582359615,0.0,0.0,"{""2"": 11, ""3"": 4, ""4"": 1, ""1"": 14}",0.09556984349623765,0.09556895232963747,19.716088471055222,1e-05,True,40,development_isotonic_frozen
s0-i14,held_out,0,structural,subset_beam_32,3,0.15,eeb5f2916fba5a66,"[[0, 2, 3, 4], [6, 7, 9, 11], [1, 5, 8, 10]]",2.230054086118797,-0.463075883987171,1.2003265351430559,-1.233916571072053e-15,,22.0,0.1569331152352916,0.1569331152352916,2.4921162489789737,0.0,0.0,"{""1"": 22, ""2"": 7, ""3"": 1}",0.1569331152352916,0.15692170477190825,17.341745270831982,1e-05,True,40,development_isotonic_frozen
s0-i14,held_out,0,structural,saps_diagonal,3,0.15,d361d22ef0ccac98,"[[2, 4, 6, 8], [0, 3, 7, 10], [1, 5, 9, 11]]",2.230054086118797,-0.5133398698804746,1.1216918684703594,-1.4062976549995054e-15,,28.0,0.07084501579114505,0.07084501579114505,2.9529448504322673,0.0,0.0,"{""1"": 28, ""2"": 2}",0.07084501579114505,0.07084460823518268,15.837295040934341,1e-05,True,40,development_isotonic_frozen
s0-i14,held_out,0,structural,p_saps_residualized,3,0.15,ae92a136ced81f25,"[[0, 2, 4, 6], [5, 8, 10, 11], [1, 3, 7, 9]]",2.230054086118797,-0.5157030147886954,1.1365693160893813,-1.435287559921204e-15,,23.0,0.10961251941382387,0.10961251941382387,2.5953161269728415,0.0,0.0,"{""1"": 23, ""2"": 7}",0.10961251941382387,0.10961140636835148,17.2409836881502,1e-05,True,80,development_isotonic_frozen
s0-i14,held_out,0,structural,p_saps_projection,3,0.15,6ec99109efe32270,"[[0, 1, 6, 8], [2, 4, 5, 7], [3, 9, 10, 11]]",2.230054086118797,-0.565074839540786,1.0634536781283022,-8.373250624540179e-16,,18.0,0.17667888450562197,0.17667888450562197,2.1426650036074677,0.0,0.0,"{""2"": 9, ""1"": 18, ""3"": 3}",0.17667888450562197,0.17667536609428894,16.394881816811065,1e-05,True,640,development_isotonic_frozen
s0-i14,held_out,0,structural,b_saps_budgeted,3,0.15,d361d22ef0ccac98,"[[2, 4, 6, 8], [0, 3, 7, 10], [1, 5, 9, 11]]",2.230054086118797,-0.5133398698804746,1.1216918684703594,-1.4062976549995054e-15,,28.0,0.07084501579114505,0.07084501579114505,2.9529448504322673,0.0,0.0,"{""1"": 28, ""2"": 2}",0.07084501579114505,0.07084460823518268,15.837295040934341,1e-05,True,40,development_isotonic_frozen
s0-i14,held_out,0,structural,random_balanced,4,0.01,6f9c7ec35dcc8723,"[[4, 6, 10], [0, 5, 8], [3, 7, 9], [1, 2, 11]]",0.03043471046988435,-0.8676687354954932,1.5481567659400728,-1.0472345547329205e-15,,22.0,0.10090689422558434,0.10090689422558434,0.03043471046988435,0.0,0.0,"{""1"": 22, ""2"": 8}",0.10090689422558434,0.10090630480214274,13.430834583454038,1e-05,True,40,development_isotonic_frozen
s0-i14,held_out,0,structural,confidence,4,0.01,24a65fa682c71384,"[[2, 9, 11], [3, 4, 6], [5, 7, 8], [0, 1, 10]]",0.03043471046988435,-0.649189330276171,1.8573443208119815,-8.106708769891848e-16,,18.0,0.12641221063436506,0.12641221063436506,0.03043471046988435,0.0,0.0,"{""2"": 11, ""1"": 18, ""3"": 1}",0.12641221063436506,0.12641085550976702,16.343667504872084,1e-05,True,40,development_isotonic_frozen
s0-i14,held_out,0,structural,entropy,4,0.01,218ffc1c6ed4b264,"[[2, 9, 11], [1, 3, 4], [0, 5, 6], [7, 8, 10]]",0.03043471046988435,-0.6651258547261373,1.8648143018848555,-1.1189974193992906e-15,,15.0,0.11706610505513185,0.11706610505513185,0.03043471046988435,0.0,0.0,"{""1"": 15, ""2"": 13, ""3"": 2}",0.11706610505513185,0.11706434405762284,19.029384227133455,1e-05,True,40,development_isotonic_frozen
s0-i14,held_out,0,structural,dependency_cmi,4,0.01,1bdf49c659068c2b,"[[0, 1, 6], [4, 5, 7], [3, 8, 11], [2, 9, 10]]",0.03043471046988435,-0.8619002174739233,1.563387583260463,-2.5300896951077414e-16,,20.0,0.18941414435677975,0.18941414435677975,0.03043471046988435,0.0,0.0,"{""2"": 9, ""1"": 20, ""3"": 1}",0.18941414435677975,0.1894113325076852,13.686583999892287,1e-05,True,40,development_isotonic_frozen
s0-i14,held_out,0,structural,min_within_batch_tc,4,0.01,acc1f9aec365dc61,"[[0, 2, 9], [4, 5, 7], [6, 8, 10], [1, 3, 11]]",0.03043471046988435,-0.7415042663552439,1.7558240392538433,-4.29536326329225e-16,,21.0,0.10798381451781913,0.10798381451781913,0.03043471046988435,0.0,0.0,"{""1"": 21, ""2"": 9}",0.10798381451781913,0.10798263179376388,16.70449085361022,1e-05,True,40,development_isotonic_frozen
s0-i14,held_out,0,structural,dprm_myopic,4,0.01,8b355048bc8fda82,"[[0, 1, 4], [2, 3, 6], [5, 7, 8], [9, 10, 11]]",0.03043471046988435,-0.7962123834658726,1.6670745672589817,-7.530097451374701e-16,,13.0,0.1832529144352647,0.1832529144352647,0.03043471046988435,0.0,0.0,"{""2"": 14, ""1"": 13, ""3"": 3}",0.1832529144352647,0.1832495012476494,18.168977039472516,1e-05,True,40,development_isotonic_frozen
s0-i14,held_out,0,structural,dprm_rollout,4,0.01,720cf4c6df39918f,"[[1, 3, 4], [6, 9, 10], [0, 2, 5], [7, 8, 11]]",0.03043471046988435,-0.7927006339660193,1.6741702774576541,-9.961571228915733e-16,,18.0,0.16193508836652398,0.16193508836652398,0.03043471046988435,0.0,0.0,"{""1"": 18, ""2"": 12}",0.16193508836652398,0.1619258225706177,18.149834830462037,1e-05,True,40,development_isotonic_frozen
s0-i14,held_out,0,structural,subset_exact,4,0.01,44b85a4c1e95b141,"[[0, 1, 2], [3, 9, 11], [4, 5, 6], [7, 8, 10]]",0.03043471046988435,-0.7273482070145554,1.7950672590455088,-8.239756856998326e-16,,13.0,0.08977715290451714,0.08977715290451714,0.03043471046988435,0.0,0.0,"{""2"": 13, ""3"": 4, ""1"": 13}",0.08977715290451714,0.08977594562475165,19.623514937822854,1e-05,True,40,development_isotonic_frozen
s0-i14,held_out,0,structural,subset_beam_8,4,0.01,44b85a4c1e95b141,"[[0, 1, 2], [3, 9, 11], [4, 5, 6], [7, 8, 10]]",0.03043471046988435,-0.7273482070145554,1.7950672590455088,-8.239756856998326e-16,,13.0,0.08977715290451714,0.08977715290451714,0.03043471046988435,0.0,0.0,"{""2"": 13, ""3"": 4, ""1"": 13}",0.08977715290451714,0.08977594562475165,19.623514937822854,1e-05,True,40,development_isotonic_frozen
s0-i14,held_out,0,structural,subset_beam_32,4,0.01,44b85a4c1e95b141,"[[0, 1, 2], [3, 9, 11], [4, 5, 6], [7, 8, 10]]",0.03043471046988435,-0.7273482070145554,1.7950672590455088,-8.239756856998326e-16,,13.0,0.08977715290451714,0.08977715290451714,0.03043471046988435,0.0,0.0,"{""2"": 13, ""3"": 4, ""1"": 13}",0.08977715290451714,0.08977594562475165,19.623514937822854,1e-05,True,40,development_isotonic_frozen
s0-i14,held_out,0,structural,saps_diagonal,4,0.01,2cacc4c82d922654,"[[4, 6, 10], [0, 5, 8], [1, 3, 9], [2, 7, 11]]",0.03043471046988435,-0.8721690950597867,1.5529665903839909,-9.89761714550564e-16,,30.0,0.11925013187172546,0.11925013187172546,0.03043471046988435,0.0,0.0,"{""1"": 30}",0.11925013187172546,0.11924949562225173,12.809269164675605,1e-05,True,40,development_isotonic_frozen
s0-i14,held_out,0,structural,p_saps_residualized,4,0.01,29835fba2ca5b2f8,"[[0, 2, 4], [6, 8, 9], [1, 5, 7], [3, 10, 11]]",0.03043471046988435,-0.7368871399657468,1.756364712767945,-7.395628239756875e-16,,23.0,0.09864989789802144,0.09864989789802144,0.03043471046988435,0.0,0.0,"{""1"": 23, ""2"": 7}",0.09864989789802144,0.09864870530035216,15.553935659451643,1e-05,True,80,development_isotonic_frozen
s0-i14,held_out,0,structural,p_saps_projection,4,0.01,1bdf49c659068c2b,"[[0, 1, 6], [4, 5, 7], [3, 8, 11], [2, 9, 10]]",0.03043471046988435,-0.8619002174739233,1.563387583260463,-2.5300896951077414e-16,,20.0,0.18941414435677975,0.18941414435677975,0.03043471046988435,0.0,0.0,"{""2"": 9, ""1"": 20, ""3"": 1}",0.18941414435677975,0.1894113325076852,13.686583999892287,1e-05,True,640,development_isotonic_frozen
s0-i14,held_out,0,structural,b_saps_budgeted,4,0.01,6f9c7ec35dcc8723,"[[4, 6, 10], [0, 5, 8], [3, 7, 9], [1, 2, 11]]",0.03043471046988435,-0.8676687354954932,1.5481567659400728,-1.0472345547329205e-15,,22.0,0.10090689422558434,0.10090689422558434,0.03043471046988435,0.0,0.0,"{""1"": 22, ""2"": 8}",0.10090689422558434,0.10090630480214274,13.430834583454038,1e-05,True,40,development_isotonic_frozen
s0-i14,held_out,0,structural,random_balanced,4,0.05,6f9c7ec35dcc8723,"[[4, 6, 10], [0, 5, 8], [3, 7, 9], [1, 2, 11]]",0.13689855036479925,-0.8676687354954932,1.5481567659400728,-1.0472345547329205e-15,,22.0,0.10090689422558434,0.10090689422558434,0.13689855036479925,0.0,0.0,"{""1"": 22, ""2"": 8}",0.10090689422558434,0.10090630480214274,13.430834583454038,1e-05,True,40,development_isotonic_frozen
s0-i14,held_out,0,structural,confidence,4,0.05,24a65fa682c71384,"[[2, 9, 11], [3, 4, 6], [5, 7, 8], [0, 1, 10]]",0.13689855036479925,-0.649189330276171,1.8573443208119815,-8.106708769891848e-16,,18.0,0.12641221063436506,0.12641221063436506,0.13689855036479925,0.0,0.0,"{""2"": 11, ""1"": 18, ""3"": 1}",0.12641221063436506,0.12641085550976702,16.343667504872084,1e-05,True,40,development_isotonic_frozen
s0-i14,held_out,0,structural,entropy,4,0.05,218ffc1c6ed4b264,"[[2, 9, 11], [1, 3, 4], [0, 5, 6], [7, 8, 10]]",0.13689855036479925,-0.6651258547261373,1.8648143018848555,-1.1189974193992906e-15,,15.0,0.11706610505513185,0.11706610505513185,0.13689855036479925,0.0,-1.0,"{""1"": 15, ""2"": 13, ""3"": 2}",0.11706610505513185,0.11706434405762284,19.029384227133455,1e-05,True,40,development_isotonic_frozen
s0-i14,held_out,0,structural,dependency_cmi,4,0.05,1bdf49c659068c2b,"[[0, 1, 6], [4, 5, 7], [3, 8, 11], [2, 9, 10]]",0.13689855036479925,-0.8619002174739233,1.563387583260463,-2.5300896951077414e-16,,20.0,0.18941414435677975,0.18941414435677975,0.13689855036479925,0.0,-1.0,"{""2"": 9, ""1"": 20, ""3"": 1}",0.18941414435677975,0.1894113325076852,13.686583999892287,1e-05,True,40,development_isotonic_frozen
s0-i14,held_out,0,structural,min_within_batch_tc,4,0.05,acc1f9aec365dc61,"[[0, 2, 9], [4, 5, 7], [6, 8, 10], [1, 3, 11]]",0.13689855036479925,-0.7415042663552439,1.7558240392538433,-4.29536326329225e-16,,21.0,0.10798381451781913,0.10798381451781913,0.13689855036479925,0.0,0.0,"{""1"": 21, ""2"": 9}",0.10798381451781913,0.10798263179376388,16.70449085361022,1e-05,True,40,development_isotonic_frozen
s0-i14,held_out,0,structural,dprm_myopic,4,0.05,8b355048bc8fda82,"[[0, 1, 4], [2, 3, 6], [5, 7, 8], [9, 10, 11]]",0.13689855036479925,-0.7962123834658726,1.6670745672589817,-7.530097451374701e-16,,13.0,0.1832529144352647,0.1832529144352647,0.13689855036479925,0.0,0.0,"{""2"": 14, ""1"": 13, ""3"": 3}",0.1832529144352647,0.1832495012476494,18.168977039472516,1e-05,True,40,development_isotonic_frozen
s0-i14,held_out,0,structural,dprm_rollout,4,0.05,5d008a3897de605d,"[[0, 1, 2], [3, 4, 5], [6, 7, 10], [8, 9, 11]]",0.13689855036479925,-0.7963866491197323,1.6866276810646788,-6.693423223427413e-16,,11.0,0.12467210626674555,0.12467210626674555,0.13689855036479925,0.0,0.0,"{""2"": 15, ""3"": 4, ""1"": 11}",0.12467210626674555,0.12467005497046106,23.802864849445434,1e-05,True,40,development_isotonic_frozen
s0-i14,held_out,0,structural,subset_exact,4,0.05,44b85a4c1e95b141,"[[0, 1, 2], [3, 9, 11], [4, 5, 6], [7, 8, 10]]",0.13689855036479925,-0.7273482070145554,1.7950672590455088,-8.239756856998326e-16,,13.0,0.08977715290451714,0.08977715290451714,0.13689855036479925,0.0,-1.0,"{""2"": 13, ""3"": 4, ""1"": 13}",0.08977715290451714,0.08977594562475165,19.623514937822854,1e-05,True,40,development_isotonic_frozen
s0-i14,held_out,0,structural,subset_beam_8,4,0.05,44b85a4c1e95b141,"[[0, 1, 2], [3, 9, 11], [4, 5, 6], [7, 8, 10]]",0.13689855036479925,-0.7273482070145554,1.7950672590455088,-8.239756856998326e-16,,13.0,0.08977715290451714,0.08977715290451714,0.13689855036479925,0.0,-1.0,"{""2"": 13, ""3"": 4, ""1"": 13}",0.08977715290451714,0.08977594562475165,19.623514937822854,1e-05,True,40,development_isotonic_frozen
s0-i14,held_out,0,structural,subset_beam_32,4,0.05,44b85a4c1e95b141,"[[0, 1, 2], [3, 9, 11], [4, 5, 6], [7, 8, 10]]",0.13689855036479925,-0.7273482070145554,1.7950672590455088,-8.239756856998326e-16,,13.0,0.08977715290451714,0.08977715290451714,0.13689855036479925,0.0,-1.0,"{""2"": 13, ""3"": 4, ""1"": 13}",0.08977715290451714,0.08977594562475165,19.623514937822854,1e-05,True,40,development_isotonic_frozen
s0-i14,held_out,0,structural,saps_diagonal,4,0.05,2cacc4c82d922654,"[[4, 6, 10], [0, 5, 8], [1, 3, 9], [2, 7, 11]]",0.13689855036479925,-0.8721690950597867,1.5529665903839909,-9.89761714550564e-16,,30.0,0.11925013187172546,0.11925013187172546,0.13689855036479925,0.0,0.0,"{""1"": 30}",0.11925013187172546,0.11924949562225173,12.809269164675605,1e-05,True,40,development_isotonic_frozen
s0-i14,held_out,0,structural,p_saps_residualized,4,0.05,29835fba2ca5b2f8,"[[0, 2, 4], [6, 8, 9], [1, 5, 7], [3, 10, 11]]",0.13689855036479925,-0.7368871399657468,1.756364712767945,-7.395628239756875e-16,,23.0,0.09864989789802144,0.09864989789802144,0.13689855036479925,0.0,0.0,"{""1"": 23, ""2"": 7}",0.09864989789802144,0.09864870530035216,15.553935659451643,1e-05,True,80,development_isotonic_frozen
s0-i14,held_out,0,structural,p_saps_projection,4,0.05,1bdf49c659068c2b,"[[0, 1, 6], [4, 5, 7], [3, 8, 11], [2, 9, 10]]",0.13689855036479925,-0.8619002174739233,1.563387583260463,-2.5300896951077414e-16,,20.0,0.18941414435677975,0.18941414435677975,0.13689855036479925,0.0,-1.0,"{""2"": 9, ""1"": 20, ""3"": 1}",0.18941414435677975,0.1894113325076852,13.686583999892287,1e-05,True,640,development_isotonic_frozen
s0-i14,held_out,0,structural,b_saps_budgeted,4,0.05,6f9c7ec35dcc8723,"[[4, 6, 10], [0, 5, 8], [3, 7, 9], [1, 2, 11]]",0.13689855036479925,-0.8676687354954932,1.5481567659400728,-1.0472345547329205e-15,,22.0,0.10090689422558434,0.10090689422558434,0.13689855036479925,0.0,0.0,"{""1"": 22, ""2"": 8}",0.10090689422558434,0.10090630480214274,13.430834583454038,1e-05,True,40,development_isotonic_frozen
s0-i14,held_out,0,structural,random_balanced,4,0.15,6f9c7ec35dcc8723,"[[4, 6, 10], [0, 5, 8], [3, 7, 9], [1, 2, 11]]",2.5141677093901182,-0.8676687354954932,1.5481567659400728,-1.0472345547329205e-15,,22.0,0.10090689422558434,0.10090689422558434,2.5237903822809566,0.0,0.0,"{""1"": 22, ""2"": 8}",0.10090689422558434,0.10090630480214274,13.430834583454038,1e-05,True,40,development_isotonic_frozen
s0-i14,held_out,0,structural,confidence,4,0.15,24a65fa682c71384,"[[2, 9, 11], [3, 4, 6], [5, 7, 8], [0, 1, 10]]",2.5141677093901182,-0.649189330276171,1.8573443208119815,-8.106708769891848e-16,,18.0,0.12641221063436506,0.12641221063436506,2.2060132702114332,0.0,1.0,"{""2"": 11, ""1"": 18, ""3"": 1}",0.12641221063436506,0.12641085550976702,16.343667504872084,1e-05,True,40,development_isotonic_frozen
s0-i14,held_out,0,structural,entropy,4,0.15,218ffc1c6ed4b264,"[[2, 9, 11], [1, 3, 4], [0, 5, 6], [7, 8, 10]]",2.5141677093901182,-0.6651258547261373,1.8648143018848555,-1.1189974193992906e-15,,15.0,0.11706610505513185,0.11706610505513185,1.9597619028337951,0.0,0.0,"{""1"": 15, ""2"": 13, ""3"": 2}",0.11706610505513185,0.11706434405762284,19.029384227133455,1e-05,True,40,development_isotonic_frozen
s0-i14,held_out,0,structural,dependency_cmi,4,0.15,1bdf49c659068c2b,"[[0, 1, 6], [4, 5, 7], [3, 8, 11], [2, 9, 10]]",2.5141677093901182,-0.8619002174739233,1.563387583260463,-2.5300896951077414e-16,,20.0,0.18941414435677975,0.18941414435677975,2.3490647595952034,0.0,0.0,"{""2"": 9, ""1"": 20, ""3"": 1}",0.18941414435677975,0.1894113325076852,13.686583999892287,1e-05,True,40,development_isotonic_frozen
s0-i14,held_out,0,structural,min_within_batch_tc,4,0.15,acc1f9aec365dc61,"[[0, 2, 9], [4, 5, 7], [6, 8, 10], [1, 3, 11]]",2.5141677093901182,-0.7415042663552439,1.7558240392538433,-4.29536326329225e-16,,21.0,0.10798381451781913,0.10798381451781913,2.4522646375890713,0.125,0.0,"{""1"": 21, ""2"": 9}",0.10798381451781913,0.10798263179376388,16.70449085361022,1e-05,True,40,development_isotonic_frozen
s0-i14,held_out,0,structural,dprm_myopic,4,0.15,8b355048bc8fda82,"[[0, 1, 4], [2, 3, 6], [5, 7, 8], [9, 10, 11]]",2.5141677093901182,-0.7962123834658726,1.6670745672589817,-7.530097451374701e-16,,13.0,0.1832529144352647,0.1832529144352647,1.7850362801480422,0.0,0.0,"{""2"": 14, ""1"": 13, ""3"": 3}",0.1832529144352647,0.1832495012476494,18.168977039472516,1e-05,True,40,development_isotonic_frozen
s0-i14,held_out,0,structural,dprm_rollout,4,0.15,51dad3e146c30587,"[[0, 6, 7], [3, 9, 11], [4, 5, 8], [1, 2, 10]]",2.5141677093901182,-0.7981901604764495,1.6353333863605855,-5.856367669384498e-16,,18.0,0.06545324350831178,0.06545324350831178,2.237687403513416,0.125,0.0,"{""1"": 18, ""2"": 12}",0.06545324350831178,0.06545235122843072,15.525297024513593,1e-05,True,40,development_isotonic_frozen
s0-i14,held_out,0,structural,subset_exact,4,0.15,ac9bfb82dc70fa0d,"[[0, 2, 3], [4, 9, 11], [5, 6, 7], [1, 8, 10]]",2.5141677093901182,-0.6925244445077584,1.8116910885312523,-3.721988325339163e-16,,20.0,0.1323511490782983,0.1323511490782983,2.3173906262932205,0.0,0.0,"{""1"": 20, ""2"": 8, ""3"": 2}",0.1323511490782983,0.13234616409936018,19.5421549084864,1e-05,True,40,development_isotonic_frozen
s0-i14,held_out,0,structural,subset_beam_8,4,0.15,ac9bfb82dc70fa0d,"[[0, 2, 3], [4, 9, 11], [5, 6, 7], [1, 8, 10]]",2.5141677093901182,-0.6925244445077584,1.8116910885312523,-3.721988325339163e-16,,20.0,0.1323511490782983,0.1323511490782983,2.3173906262932205,0.0,0.0,"{""1"": 20, ""2"": 8, ""3"": 2}",0.1323511490782983,0.13234616409936018,19.5421549084864,1e-05,True,40,development_isotonic_frozen
s0-i14,held_out,0,structural,subset_beam_32,4,0.15,ac9bfb82dc70fa0d,"[[0, 2, 3], [4, 9, 11], [5, 6, 7], [1, 8, 10]]",2.5141677093901182,-0.6925244445077584,1.8116910885312523,-3.721988325339163e-16,,20.0,0.1323511490782983,0.1323511490782983,2.3173906262932205,0.0,0.0,"{""1"": 20, ""2"": 8, ""3"": 2}",0.1323511490782983,0.13234616409936018,19.5421549084864,1e-05,True,40,development_isotonic_frozen
s0-i14,held_out,0,structural,saps_diagonal,4,0.15,2cacc4c82d922654,"[[4, 6, 10], [0, 5, 8], [1, 3, 9], [2, 7, 11]]",2.5141677093901182,-0.8721690950597867,1.5529665903839909,-9.89761714550564e-16,,30.0,0.11925013187172546,0.11925013187172546,3.0959963398160375,0.0,0.0,"{""1"": 30}",0.11925013187172546,0.11924949562225173,12.809269164675605,1e-05,True,40,development_isotonic_frozen
s0-i14,held_out,0,structural,p_saps_residualized,4,0.15,29835fba2ca5b2f8,"[[0, 2, 4], [6, 8, 9], [1, 5, 7], [3, 10, 11]]",2.5141677093901182,-0.7368871399657468,1.756364712767945,-7.395628239756875e-16,,23.0,0.09864989789802144,0.09864989789802144,2.5953161269728415,0.0,0.0,"{""1"": 23, ""2"": 7}",0.09864989789802144,0.09864870530035216,15.553935659451643,1e-05,True,80,development_isotonic_frozen
s0-i14,held_out,0,structural,p_saps_projection,4,0.15,1bdf49c659068c2b,"[[0, 1, 6], [4, 5, 7], [3, 8, 11], [2, 9, 10]]",2.5141677093901182,-0.8619002174739233,1.563387583260463,-2.5300896951077414e-16,,20.0,0.18941414435677975,0.18941414435677975,2.3490647595952034,0.0,0.0,"{""2"": 9, ""1"": 20, ""3"": 1}",0.18941414435677975,0.1894113325076852,13.686583999892287,1e-05,True,640,development_isotonic_frozen
s0-i14,held_out,0,structural,b_saps_budgeted,4,0.15,2cacc4c82d922654,"[[4, 6, 10], [0, 5, 8], [1, 3, 9], [2, 7, 11]]",2.5141677093901182,-0.8721690950597867,1.5529665903839909,-9.89761714550564e-16,,30.0,0.11925013187172546,0.11925013187172546,3.0959963398160375,0.0,0.0,"{""1"": 30}",0.11925013187172546,0.11924949562225173,12.809269164675605,1e-05,True,40,development_isotonic_frozen
s1-i14,held_out,1,oracle,random_balanced,1,0.01,54a0dc573c0908b1,"[[0, 1, 2, 3, 4, 5, 6, 7, 8, 9, 10, 11]]",0.0,-0.0,0.0,-3.941931670682841e-15,,0.0,0.018119661423413654,0.018119661423413654,0.0,0.125,0.0,"{""4"": 1}",0.018119661423413654,0.018119249801922862,1.4984142892340464,1e-05,True,40,development_isotonic_frozen
s1-i14,held_out,1,oracle,confidence,1,0.01,54a0dc573c0908b1,"[[0, 1, 2, 3, 4, 5, 6, 7, 8, 9, 10, 11]]",0.0,-0.0,0.0,-3.941931670682841e-15,,0.0,0.018119661423413654,0.018119661423413654,0.0,0.125,0.0,"{""4"": 1}",0.018119661423413654,0.018119249801922862,1.4984142892340464,1e-05,True,40,development_isotonic_frozen
s1-i14,held_out,1,oracle,entropy,1,0.01,54a0dc573c0908b1,"[[0, 1, 2, 3, 4, 5, 6, 7, 8, 9, 10, 11]]",0.0,-0.0,0.0,-3.941931670682841e-15,,0.0,0.018119661423413654,0.018119661423413654,0.0,0.125,0.0,"{""4"": 1}",0.018119661423413654,0.018119249801922862,1.4984142892340464,1e-05,True,40,development_isotonic_frozen
s1-i14,held_out,1,oracle,dependency_cmi,1,0.01,54a0dc573c0908b1,"[[0, 1, 2, 3, 4, 5, 6, 7, 8, 9, 10, 11]]",0.0,-0.0,0.0,-3.941931670682841e-15,,0.0,0.018119661423413654,0.018119661423413654,0.0,0.125,0.0,"{""4"": 1}",0.018119661423413654,0.018119249801922862,1.4984142892340464,1e-05,True,40,development_isotonic_frozen
s1-i14,held_out,1,oracle,min_within_batch_tc,1,0.01,54a0dc573c0908b1,"[[0, 1, 2, 3, 4, 5, 6, 7, 8, 9, 10, 11]]",0.0,-0.0,0.0,-3.941931670682841e-15,,0.0,0.018119661423413654,0.018119661423413654,0.0,0.125,0.0,"{""4"": 1}",0.018119661423413654,0.018119249801922862,1.4984142892340464,1e-05,True,40,development_isotonic_frozen
s1-i14,held_out,1,oracle,dprm_myopic,1,0.01,54a0dc573c0908b1,"[[0, 1, 2, 3, 4, 5, 6, 7, 8, 9, 10, 11]]",0.0,-0.0,0.0,-3.941931670682841e-15,,0.0,0.018119661423413654,0.018119661423413654,0.0,0.125,0.0,"{""4"": 1}",0.018119661423413654,0.018119249801922862,1.4984142892340464,1e-05,True,40,development_isotonic_frozen
s1-i14,held_out,1,oracle,dprm_rollout,1,0.01,54a0dc573c0908b1,"[[0, 1, 2, 3, 4, 5, 6, 7, 8, 9, 10, 11]]",0.0,-0.0,0.0,-3.941931670682841e-15,,0.0,0.018119661423413654,0.018119661423413654,0.0,0.125,0.0,"{""4"": 1}",0.018119661423413654,0.018119249801922862,1.4984142892340464,1e-05,True,40,development_isotonic_frozen
s1-i14,held_out,1,oracle,subset_exact,1,0.01,54a0dc573c0908b1,"[[0, 1, 2, 3, 4, 5, 6, 7, 8, 9, 10, 11]]",0.0,-0.0,0.0,-3.941931670682841e-15,,0.0,0.018119661423413654,0.018119661423413654,0.0,0.125,0.0,"{""4"": 1}",0.018119661423413654,0.018119249801922862,1.4984142892340464,1e-05,True,40,development_isotonic_frozen
s1-i14,held_out,1,oracle,subset_beam_8,1,0.01,54a0dc573c0908b1,"[[0, 1, 2, 3, 4, 5, 6, 7, 8, 9, 10, 11]]",0.0,-0.0,0.0,-3.941931670682841e-15,,0.0,0.018119661423413654,0.018119661423413654,0.0,0.125,0.0,"{""4"": 1}",0.018119661423413654,0.018119249801922862,1.4984142892340464,1e-05,True,40,development_isotonic_frozen
s1-i14,held_out,1,oracle,subset_beam_32,1,0.01,54a0dc573c0908b1,"[[0, 1, 2, 3, 4, 5, 6, 7, 8, 9, 10, 11]]",0.0,-0.0,0.0,-3.941931670682841e-15,,0.0,0.018119661423413654,0.018119661423413654,0.0,0.125,0.0,"{""4"": 1}",0.018119661423413654,0.018119249801922862,1.4984142892340464,1e-05,True,40,development_isotonic_frozen
s1-i14,held_out,1,oracle,saps_diagonal,1,0.01,54a0dc573c0908b1,"[[0, 1, 2, 3, 4, 5, 6, 7, 8, 9, 10, 11]]",0.0,-0.0,0.0,-3.941931670682841e-15,,0.0,0.018119661423413654,0.018119661423413654,0.0,0.125,0.0,"{""4"": 1}",0.018119661423413654,0.018119249801922862,1.4984142892340464,1e-05,True,40,development_isotonic_frozen
s1-i14,held_out,1,oracle,p_saps_residualized,1,0.01,54a0dc573c0908b1,"[[0, 1, 2, 3, 4, 5, 6, 7, 8, 9, 10, 11]]",0.0,-0.0,0.0,-3.941931670682841e-15,,0.0,0.018119661423413654,0.018119661423413654,0.0,0.125,0.0,"{""4"": 1}",0.018119661423413654,0.018119249801922862,1.4984142892340464,1e-05,True,40,development_isotonic_frozen
s1-i14,held_out,1,oracle,p_saps_projection,1,0.01,54a0dc573c0908b1,"[[0, 1, 2, 3, 4, 5, 6, 7, 8, 9, 10, 11]]",0.0,-0.0,0.0,-3.941931670682841e-15,,0.0,0.018119661423413654,0.018119661423413654,0.0,0.125,0.0,"{""4"": 1}",0.018119661423413654,0.018119249801922862,1.4984142892340464,1e-05,True,40,development_isotonic_frozen
s1-i14,held_out,1,oracle,b_saps_budgeted,1,0.01,54a0dc573c0908b1,"[[0, 1, 2, 3, 4, 5, 6, 7, 8, 9, 10, 11]]",0.0,-0.0,0.0,-3.941931670682841e-15,,0.0,0.018119661423413654,0.018119661423413654,0.0,0.125,0.0,"{""4"": 1}",0.018119661423413654,0.018119249801922862,1.4984142892340464,1e-05,True,40,development_isotonic_frozen
s1-i14,held_out,1,oracle,random_balanced,1,0.05,54a0dc573c0908b1,"[[0, 1, 2, 3, 4, 5, 6, 7, 8, 9, 10, 11]]",0.002572098456238847,-0.0,0.0,-3.941931670682841e-15,,0.0,0.018119661423413654,0.018119661423413654,0.002572098456238847,0.0,0.0,"{""4"": 1}",0.018119661423413654,0.018119249801922862,1.4984142892340464,1e-05,True,40,development_isotonic_frozen
s1-i14,held_out,1,oracle,confidence,1,0.05,54a0dc573c0908b1,"[[0, 1, 2, 3, 4, 5, 6, 7, 8, 9, 10, 11]]",0.002572098456238847,-0.0,0.0,-3.941931670682841e-15,,0.0,0.018119661423413654,0.018119661423413654,0.002572098456238847,0.0,0.0,"{""4"": 1}",0.018119661423413654,0.018119249801922862,1.4984142892340464,1e-05,True,40,development_isotonic_frozen
s1-i14,held_out,1,oracle,entropy,1,0.05,54a0dc573c0908b1,"[[0, 1, 2, 3, 4, 5, 6, 7, 8, 9, 10, 11]]",0.002572098456238847,-0.0,0.0,-3.941931670682841e-15,,0.0,0.018119661423413654,0.018119661423413654,0.002572098456238847,0.0,0.0,"{""4"": 1}",0.018119661423413654,0.018119249801922862,1.4984142892340464,1e-05,True,40,development_isotonic_frozen
s1-i14,held_out,1,oracle,dependency_cmi,1,0.05,54a0dc573c0908b1,"[[0, 1, 2, 3, 4, 5, 6, 7, 8, 9, 10, 11]]",0.002572098456238847,-0.0,0.0,-3.941931670682841e-15,,0.0,0.018119661423413654,0.018119661423413654,0.002572098456238847,0.0,0.0,"{""4"": 1}",0.018119661423413654,0.018119249801922862,1.4984142892340464,1e-05,True,40,development_isotonic_frozen
s1-i14,held_out,1,oracle,min_within_batch_tc,1,0.05,54a0dc573c0908b1,"[[0, 1, 2, 3, 4, 5, 6, 7, 8, 9, 10, 11]]",0.002572098456238847,-0.0,0.0,-3.941931670682841e-15,,0.0,0.018119661423413654,0.018119661423413654,0.002572098456238847,0.0,0.0,"{""4"": 1}",0.018119661423413654,0.018119249801922862,1.4984142892340464,1e-05,True,40,development_isotonic_frozen
s1-i14,held_out,1,oracle,dprm_myopic,1,0.05,54a0dc573c0908b1,"[[0, 1, 2, 3, 4, 5, 6, 7, 8, 9, 10, 11]]",0.002572098456238847,-0.0,0.0,-3.941931670682841e-15,,0.0,0.018119661423413654,0.018119661423413654,0.002572098456238847,0.0,0.0,"{""4"": 1}",0.018119661423413654,0.018119249801922862,1.4984142892340464,1e-05,True,40,development_isotonic_frozen
s1-i14,held_out,1,oracle,dprm_rollout,1,0.05,54a0dc573c0908b1,"[[0, 1, 2, 3, 4, 5, 6, 7, 8, 9, 10, 11]]",0.002572098456238847,-0.0,0.0,-3.941931670682841e-15,,0.0,0.018119661423413654,0.018119661423413654,0.002572098456238847,0.0,0.0,"{""4"": 1}",0.018119661423413654,0.018119249801922862,1.4984142892340464,1e-05,True,40,development_isotonic_frozen
s1-i14,held_out,1,oracle,subset_exact,1,0.05,54a0dc573c0908b1,"[[0, 1, 2, 3, 4, 5, 6, 7, 8, 9, 10, 11]]",0.002572098456238847,-0.0,0.0,-3.941931670682841e-15,,0.0,0.018119661423413654,0.018119661423413654,0.002572098456238847,0.0,0.0,"{""4"": 1}",0.018119661423413654,0.018119249801922862,1.4984142892340464,1e-05,True,40,development_isotonic_frozen
s1-i14,held_out,1,oracle,subset_beam_8,1,0.05,54a0dc573c0908b1,"[[0, 1, 2, 3, 4, 5, 6, 7, 8, 9, 10, 11]]",0.002572098456238847,-0.0,0.0,-3.941931670682841e-15,,0.0,0.018119661423413654,0.018119661423413654,0.002572098456238847,0.0,0.0,"{""4"": 1}",0.018119661423413654,0.018119249801922862,1.4984142892340464,1e-05,True,40,development_isotonic_frozen
s1-i14,held_out,1,oracle,subset_beam_32,1,0.05,54a0dc573c0908b1,"[[0, 1, 2, 3, 4, 5, 6, 7, 8, 9, 10, 11]]",0.002572098456238847,-0.0,0.0,-3.941931670682841e-15,,0.0,0.018119661423413654,0.018119661423413654,0.002572098456238847,0.0,0.0,"{""4"": 1}",0.018119661423413654,0.018119249801922862,1.4984142892340464,1e-05,True,40,development_isotonic_frozen
s1-i14,held_out,1,oracle,saps_diagonal,1,0.05,54a0dc573c0908b1,"[[0, 1, 2, 3, 4, 5, 6, 7, 8, 9, 10, 11]]",0.002572098456238847,-0.0,0.0,-3.941931670682841e-15,,0.0,0.018119661423413654,0.018119661423413654,0.002572098456238847,0.0,0.0,"{""4"": 1}",0.018119661423413654,0.018119249801922862,1.4984142892340464,1e-05,True,40,development_isotonic_frozen
s1-i14,held_out,1,oracle,p_saps_residualized,1,0.05,54a0dc573c0908b1,"[[0, 1, 2, 3, 4, 5, 6, 7, 8, 9, 10, 11]]",0.002572098456238847,-0.0,0.0,-3.941931670682841e-15,,0.0,0.018119661423413654,0.018119661423413654,0.002572098456238847,0.0,0.0,"{""4"": 1}",0.018119661423413654,0.018119249801922862,1.4984142892340464,1e-05,True,40,development_isotonic_frozen
s1-i14,held_out,1,oracle,p_saps_projection,1,0.05,54a0dc573c0908b1,"[[0, 1, 2, 3, 4, 5, 6, 7, 8, 9, 10, 11]]",0.002572098456238847,-0.0,0.0,-3.941931670682841e-15,,0.0,0.018119661423413654,0.018119661423413654,0.002572098456238847,0.0,0.0,"{""4"": 1}",0.018119661423413654,0.018119249801922862,1.4984142892340464,1e-05,True,40,development_isotonic_frozen
s1-i14,held_out,1,oracle,b_saps_budgeted,1,0.05,54a0dc573c0908b1,"[[0, 1, 2, 3, 4, 5, 6, 7, 8, 9, 10, 11]]",0.002572098456238847,-0.0,0.0,-3.941931670682841e-15,,0.0,0.018119661423413654,0.018119661423413654,0.002572098456238847,0.0,0.0,"{""4"": 1}",0.018119661423413654,0.018119249801922862,1.4984142892340464,1e-05,True,40,development_isotonic_frozen
s1-i14,held_out,1,oracle,random_balanced,1,0.15,54a0dc573c0908b1,"[[0, 1, 2, 3, 4, 5, 6, 7, 8, 9, 10, 11]]",0.0,-0.0,0.0,-3.941931670682841e-15,,0.0,0.018119661423413654,0.018119661423413654,0.0,0.0,1.0,"{""4"": 1}",0.018119661423413654,0.018119249801922862,1.4984142892340464,1e-05,True,40,development_isotonic_frozen
s1-i14,held_out,1,oracle,confidence,1,0.15,54a0dc573c0908b1,"[[0, 1, 2, 3, 4, 5, 6, 7, 8, 9, 10, 11]]",0.0,-0.0,0.0,-3.941931670682841e-15,,0.0,0.018119661423413654,0.018119661423413654,0.0,0.0,1.0,"{""4"": 1}",0.018119661423413654,0.018119249801922862,1.4984142892340464,1e-05,True,40,development_isotonic_frozen
s1-i14,held_out,1,oracle,entropy,1,0.15,54a0dc573c0908b1,"[[0, 1, 2, 3, 4, 5, 6, 7, 8, 9, 10, 11]]",0.0,-0.0,0.0,-3.941931670682841e-15,,0.0,0.018119661423413654,0.018119661423413654,0.0,0.0,1.0,"{""4"": 1}",0.018119661423413654,0.018119249801922862,1.4984142892340464,1e-05,True,40,development_isotonic_frozen
s1-i14,held_out,1,oracle,dependency_cmi,1,0.15,54a0dc573c0908b1,"[[0, 1, 2, 3, 4, 5, 6, 7, 8, 9, 10, 11]]",0.0,-0.0,0.0,-3.941931670682841e-15,,0.0,0.018119661423413654,0.018119661423413654,0.0,0.0,1.0,"{""4"": 1}",0.018119661423413654,0.018119249801922862,1.4984142892340464,1e-05,True,40,development_isotonic_frozen
s1-i14,held_out,1,oracle,min_within_batch_tc,1,0.15,54a0dc573c0908b1,"[[0, 1, 2, 3, 4, 5, 6, 7, 8, 9, 10, 11]]",0.0,-0.0,0.0,-3.941931670682841e-15,,0.0,0.018119661423413654,0.018119661423413654,0.0,0.0,1.0,"{""4"": 1}",0.018119661423413654,0.018119249801922862,1.4984142892340464,1e-05,True,40,development_isotonic_frozen
s1-i14,held_out,1,oracle,dprm_myopic,1,0.15,54a0dc573c0908b1,"[[0, 1, 2, 3, 4, 5, 6, 7, 8, 9, 10, 11]]",0.0,-0.0,0.0,-3.941931670682841e-15,,0.0,0.018119661423413654,0.018119661423413654,0.0,0.0,1.0,"{""4"": 1}",0.018119661423413654,0.018119249801922862,1.4984142892340464,1e-05,True,40,development_isotonic_frozen
s1-i14,held_out,1,oracle,dprm_rollout,1,0.15,54a0dc573c0908b1,"[[0, 1, 2, 3, 4, 5, 6, 7, 8, 9, 10, 11]]",0.0,-0.0,0.0,-3.941931670682841e-15,,0.0,0.018119661423413654,0.018119661423413654,0.0,0.0,1.0,"{""4"": 1}",0.018119661423413654,0.018119249801922862,1.4984142892340464,1e-05,True,40,development_isotonic_frozen
s1-i14,held_out,1,oracle,subset_exact,1,0.15,54a0dc573c0908b1,"[[0, 1, 2, 3, 4, 5, 6, 7, 8, 9, 10, 11]]",0.0,-0.0,0.0,-3.941931670682841e-15,,0.0,0.018119661423413654,0.018119661423413654,0.0,0.0,1.0,"{""4"": 1}",0.018119661423413654,0.018119249801922862,1.4984142892340464,1e-05,True,40,development_isotonic_frozen
s1-i14,held_out,1,oracle,subset_beam_8,1,0.15,54a0dc573c0908b1,"[[0, 1, 2, 3, 4, 5, 6, 7, 8, 9, 10, 11]]",0.0,-0.0,0.0,-3.941931670682841e-15,,0.0,0.018119661423413654,0.018119661423413654,0.0,0.0,1.0,"{""4"": 1}",0.018119661423413654,0.018119249801922862,1.4984142892340464,1e-05,True,40,development_isotonic_frozen
s1-i14,held_out,1,oracle,subset_beam_32,1,0.15,54a0dc573c0908b1,"[[0, 1, 2, 3, 4, 5, 6, 7, 8, 9, 10, 11]]",0.0,-0.0,0.0,-3.941931670682841e-15,,0.0,0.018119661423413654,0.018119661423413654,0.0,0.0,1.0,"{""4"": 1}",0.018119661423413654,0.018119249801922862,1.4984142892340464,1e-05,True,40,development_isotonic_frozen
s1-i14,held_out,1,oracle,saps_diagonal,1,0.15,54a0dc573c0908b1,"[[0, 1, 2, 3, 4, 5, 6, 7, 8, 9, 10, 11]]",0.0,-0.0,0.0,-3.941931670682841e-15,,0.0,0.018119661423413654,0.018119661423413654,0.0,0.0,1.0,"{""4"": 1}",0.018119661423413654,0.018119249801922862,1.4984142892340464,1e-05,True,40,development_isotonic_frozen
s1-i14,held_out,1,oracle,p_saps_residualized,1,0.15,54a0dc573c0908b1,"[[0, 1, 2, 3, 4, 5, 6, 7, 8, 9, 10, 11]]",0.0,-0.0,0.0,-3.941931670682841e-15,,0.0,0.018119661423413654,0.018119661423413654,0.0,0.0,1.0,"{""4"": 1}",0.018119661423413654,0.018119249801922862,1.4984142892340464,1e-05,True,40,development_isotonic_frozen
s1-i14,held_out,1,oracle,p_saps_projection,1,0.15,54a0dc573c0908b1,"[[0, 1, 2, 3, 4, 5, 6, 7, 8, 9, 10, 11]]",0.0,-0.0,0.0,-3.941931670682841e-15,,0.0,0.018119661423413654,0.018119661423413654,0.0,0.0,1.0,"{""4"": 1}",0.018119661423413654,0.018119249801922862,1.4984142892340464,1e-05,True,40,development_isotonic_frozen
s1-i14,held_out,1,oracle,b_saps_budgeted,1,0.15,54a0dc573c0908b1,"[[0, 1, 2, 3, 4, 5, 6, 7, 8, 9, 10, 11]]",0.0,-0.0,0.0,-3.941931670682841e-15,,0.0,0.018119661423413654,0.018119661423413654,0.0,0.0,1.0,"{""4"": 1}",0.018119661423413654,0.018119249801922862,1.4984142892340464,1e-05,True,40,development_isotonic_frozen
s1-i14,held_out,1,oracle,random_balanced,2,0.01,d1ef96b116ce701e,"[[2, 6, 7, 8, 10, 11], [0, 1, 3, 4, 5, 9]]",0.000953006085420621,-0.23561965390147566,0.592148700381972,-1.6893335253019252e-15,,0.0,0.032639961437712896,0.032639961437712896,0.001014490348996145,0.0,0.0,"{""3"": 1}",0.032639961437712896,0.03263913480660366,0.9448341074600992,1e-05,True,40,development_isotonic_frozen
s1-i14,held_out,1,oracle,confidence,2,0.01,4755cb1efc6428bb,"[[1, 2, 4, 7, 8, 11], [0, 3, 5, 6, 9, 10]]",0.000953006085420621,-0.19916233259799898,0.6440094846903074,-2.052822611122185e-15,,0.0,0.02693910256410257,0.02693910256410257,0.001014490348996145,0.0,0.0,"{""2"": 1}",0.02693910256410257,0.026938640658627153,1.1122307048185391,1e-05,True,40,development_isotonic_frozen
s1-i14,held_out,1,oracle,entropy,2,0.01,8e5bce4bc4ceaf07,"[[0, 2, 4, 7, 8, 11], [1, 3, 5, 6, 9, 10]]",0.000953006085420621,-0.20337695130364886,0.6456477596133702,-1.7373896470557243e-15,,0.0,0.034544871281182055,0.034544871281182055,0.001014490348996145,0.0,1.0,"{""3"": 1}",0.034544871281182055,0.03454427667338271,1.1451265923407412,1e-05,True,40,development_isotonic_frozen
s1-i14,held_out,1,oracle,dependency_cmi,2,0.01,cfb0db193d0bc4c4,"[[1, 3, 4, 6, 9, 10], [0, 2, 5, 7, 8, 11]]",0.000953006085420621,-0.25996040801879067,0.5669363023901404,-1.4654295096723832e-15,,1.0,0.028060897435897486,0.028060897435897486,0.001014490348996145,0.0,0.0,"{""1"": 1}",0.028060897435897486,0.028060175249103328,0.7251667831013859,1e-05,True,40,development_isotonic_frozen
s1-i14,held_out,1,oracle,min_within_batch_tc,2,0.01,0fc8d95435392360,"[[1, 3, 6, 9, 10, 11], [0, 2, 4, 5, 7, 8]]",0.000953006085420621,-0.26958211743113075,0.5427236941330794,-1.4859563668184158e-15,,0.0,0.01719327668455576,0.01719327668455576,0.001014490348996145,0.0,0.0,"{""2"": 1}",0.01719327668455576,0.01719298945620812,0.8680676374889063,1e-05,True,40,development_isotonic_frozen
s1-i14,held_out,1,oracle,dprm_myopic,2,0.01,c048156ba9cdac49,"[[0, 1, 2, 4, 5, 6], [3, 7, 8, 9, 10, 11]]",0.000953006085420621,-0.24162732039889523,0.605316921774318,-1.873039464939038e-15,,0.0,0.018119661423413654,0.018119661423413654,0.0,0.0,0.0,"{""4"": 1}",0.018119661423413654,0.018119249801922862,1.4984142892340464,1e-05,True,40,development_isotonic_frozen
s1-i14,held_out,1,oracle,dprm_rollout,2,0.01,e769711db6a442c2,"[[0, 1, 2, 3, 6, 8], [4, 5, 7, 9, 10, 11]]",0.000953006085420621,-0.2583677324469696,0.5728623337616566,-1.7878752639515532e-15,,0.0,0.01719327668455576,0.01719327668455576,0.001014490348996145,0.0,0.0,"{""2"": 1}",0.01719327668455576,0.01719298945620812,0.8680676374889063,1e-05,True,40,development_isotonic_frozen
s1-i14,held_out,1,oracle,subset_exact,2,0.01,9d5d24fb6f0a417b,"[[0, 1, 2, 3, 4, 5], [6, 7, 8, 9, 10, 11]]",0.000953006085420621,-0.24329849554824404,0.5959553044818743,-1.7373771797332942e-15,,1.0,0.010858516483516503,0.010858516483516503,0.001014490348996145,0.0,0.0,"{""1"": 1}",0.010858516483516503,0.010858257908502684,0.7851580456674386,1e-05,True,40,development_isotonic_frozen
s1-i14,held_out,1,oracle,subset_beam_8,2,0.01,9d5d24fb6f0a417b,"[[0, 1, 2, 3, 4, 5], [6, 7, 8, 9, 10, 11]]",0.000953006085420621,-0.24329849554824404,0.5959553044818743,-1.7373771797332942e-15,,1.0,0.010858516483516503,0.010858516483516503,0.001014490348996145,0.0,0.0,"{""1"": 1}",0.010858516483516503,0.010858257908502684,0.7851580456674386,1e-05,True,40,development_isotonic_frozen
s1-i14,held_out,1,oracle,subset_beam_32,2,0.01,9d5d24fb6f0a417b,"[[0, 1, 2, 3, 4, 5], [6, 7, 8, 9, 10, 11]]",0.000953006085420621,-0.24329849554824404,0.5959553044818743,-1.7373771797332942e-15,,1.0,0.010858516483516503,0.010858516483516503,0.001014490348996145,0.0,0.0,"{""1"": 1}",0.010858516483516503,0.010858257908502684,0.7851580456674386,1e-05,True,40,development_isotonic_frozen
s1-i14,held_out,1,oracle,saps_diagonal,2,0.01,d1ef96b116ce701e,"[[2, 6, 7, 8, 10, 11], [0, 1, 3, 4, 5, 9]]",0.000953006085420621,-0.23561965390147566,0.592148700381972,-1.6893335253019252e-15,,0.0,0.032639961437712896,0.032639961437712896,0.001014490348996145,0.0,0.0,"{""3"": 1}",0.032639961437712896,0.03263913480660366,0.9448341074600992,1e-05,True,40,development_isotonic_frozen
s1-i14,held_out,1,oracle,p_saps_residualized,2,0.01,945c307cf83ba9b3,"[[0, 3, 5, 7, 8, 9], [1, 2, 4, 6, 10, 11]]",0.000953006085420621,-0.28082510285938095,0.5374375136632554,-2.0654756481653763e-15,,0.0,0.01989938971022636,0.01989938971022636,0.001014490348996145,0.0,0.0,"{""3"": 1}",0.01989938971022636,0.0198989984463073,0.9292026455794132,1e-05,True,80,development_isotonic_frozen
s1-i14,held_out,1,oracle,p_saps_projection,2,0.01,06a93114f19ea04d,"[[3, 4, 6, 7, 8, 11], [0, 1, 2, 5, 9, 10]]",0.000953006085420621,-0.2245287335270507,0.6138194899985264,-1.6111874508655415e-15,,0.0,0.06978208611780745,0.06978208611780745,0.001014490348996145,0.0,1.0,"{""2"": 1}",0.06978208611780745,0.06978071528320158,0.7280845989087906,1e-05,True,640,development_isotonic_frozen
s1-i14,held_out,1,oracle,b_saps_budgeted,2,0.01,d1ef96b116ce701e,"[[2, 6, 7, 8, 10, 11], [0, 1, 3, 4, 5, 9]]",0.000953006085420621,-0.23561965390147566,0.592148700381972,-1.6893335253019252e-15,,0.0,0.032639961437712896,0.032639961437712896,0.001014490348996145,0.0,0.0,"{""3"": 1}",0.032639961437712896,0.03263913480660366,0.9448341074600992,1e-05,True,40,development_isotonic_frozen
s1-i14,held_out,1,oracle,random_balanced,2,0.05,d1ef96b116ce701e,"[[2, 6, 7, 8, 10, 11], [0, 1, 3, 4, 5, 9]]",0.004442607039073846,-0.23561965390147566,0.592148700381972,-1.6893335253019252e-15,,0.0,0.032639961437712896,0.032639961437712896,0.0045632850121599755,0.0,0.0,"{""3"": 1}",0.032639961437712896,0.03263913480660366,0.9448341074600992,1e-05,True,40,development_isotonic_frozen
s1-i14,held_out,1,oracle,confidence,2,0.05,4755cb1efc6428bb,"[[1, 2, 4, 7, 8, 11], [0, 3, 5, 6, 9, 10]]",0.004442607039073846,-0.19916233259799898,0.6440094846903074,-2.052822611122185e-15,,0.0,0.02693910256410257,0.02693910256410257,0.0045632850121599755,0.0,0.0,"{""2"": 1}",0.02693910256410257,0.026938640658627153,1.1122307048185391,1e-05,True,40,development_isotonic_frozen
s1-i14,held_out,1,oracle,entropy,2,0.05,8e5bce4bc4ceaf07,"[[0, 2, 4, 7, 8, 11], [1, 3, 5, 6, 9, 10]]",0.004442607039073846,-0.20337695130364886,0.6456477596133702,-1.7373896470557243e-15,,0.0,0.034544871281182055,0.034544871281182055,0.0045632850121599755,0.0,0.0,"{""3"": 1}",0.034544871281182055,0.03454427667338271,1.1451265923407412,1e-05,True,40,development_isotonic_frozen
s1-i14,held_out,1,oracle,dependency_cmi,2,0.05,cfb0db193d0bc4c4,"[[1, 3, 4, 6, 9, 10], [0, 2, 5, 7, 8, 11]]",0.004442607039073846,-0.25996040801879067,0.5669363023901404,-1.4654295096723832e-15,,1.0,0.028060897435897486,0.028060897435897486,0.0045632850121599755,0.0,0.0,"{""1"": 1}",0.028060897435897486,0.028060175249103328,0.7251667831013859,1e-05,True,40,development_isotonic_frozen
s1-i14,held_out,1,oracle,min_within_batch_tc,2,0.05,0fc8d95435392360,"[[1, 3, 6, 9, 10, 11], [0, 2, 4, 5, 7, 8]]",0.004442607039073846,-0.26958211743113075,0.5427236941330794,-1.4859563668184158e-15,,0.0,0.01719327668455576,0.01719327668455576,0.0045632850121599755,0.0,0.0,"{""2"": 1}",0.01719327668455576,0.01719298945620812,0.8680676374889063,1e-05,True,40,development_isotonic_frozen
s1-i14,held_out,1,oracle,dprm_myopic,2,0.05,c048156ba9cdac49,"[[0, 1, 2, 4, 5, 6], [3, 7, 8, 9, 10, 11]]",0.004442607039073846,-0.24162732039889523,0.605316921774318,-1.873039464939038e-15,,0.0,0.018119661423413654,0.018119661423413654,0.002572098456238847,0.125,0.0,"{""4"": 1}",0.018119661423413654,0.018119249801922862,1.4984142892340464,1e-05,True,40,development_isotonic_frozen
s1-i14,held_out,1,oracle,dprm_rollout,2,0.05,24a4cfabef9a1537,"[[0, 2, 3, 6, 8, 11], [1, 4, 5, 7, 9, 10]]",0.004442607039073846,-0.2417724432767769,0.5902174826900387,-1.7268378705637524e-15,,0.0,0.032639961437712896,0.032639961437712896,0.0045632850121599755,0.0,0.0,"{""3"": 1}",0.032639961437712896,0.03263913480660366,0.9448341074600992,1e-05,True,40,development_isotonic_frozen
s1-i14,held_out,1,oracle,subset_exact,2,0.05,6fba27343288f6cc,"[[0, 1, 2, 3, 4, 6], [5, 7, 8, 9, 10, 11]]",0.004442607039073846,-0.23487325543698376,0.60918323809442,-2.1258264289529153e-15,,1.0,0.028060897435897486,0.028060897435897486,0.0045632850121599755,0.0,0.0,"{""1"": 1}",0.028060897435897486,0.028060175249103328,0.7251667831013859,1e-05,True,40,development_isotonic_frozen
s1-i14,held_out,1,oracle,subset_beam_8,2,0.05,6fba27343288f6cc,"[[0, 1, 2, 3, 4, 6], [5, 7, 8, 9, 10, 11]]",0.004442607039073846,-0.23487325543698376,0.60918323809442,-2.1258264289529153e-15,,1.0,0.028060897435897486,0.028060897435897486,0.0045632850121599755,0.0,0.0,"{""1"": 1}",0.028060897435897486,0.028060175249103328,0.7251667831013859,1e-05,True,40,development_isotonic_frozen
s1-i14,held_out,1,oracle,subset_beam_32,2,0.05,6fba27343288f6cc,"[[0, 1, 2, 3, 4, 6], [5, 7, 8, 9, 10, 11]]",0.004442607039073846,-0.23487325543698376,0.60918323809442,-2.1258264289529153e-15,,1.0,0.028060897435897486,0.028060897435897486,0.0045632850121599755,0.0,0.0,"{""1"": 1}",0.028060897435897486,0.028060175249103328,0.7251667831013859,1e-05,True,40,development_isotonic_frozen
s1-i14,held_out,1,oracle,saps_diagonal,2,0.05,d1ef96b116ce701e,"[[2, 6, 7, 8, 10, 11], [0, 1, 3, 4, 5, 9]]",0.004442607039073846,-0.23561965390147566,0.592148700381972,-1.6893335253019252e-15,,0.0,0.032639961437712896,0.032639961437712896,0.0045632850121599755,0.0,0.0,"{""3"": 1}",0.032639961437712896,0.03263913480660366,0.9448341074600992,1e-05,True,40,development_isotonic_frozen
s1-i14,held_out,1,oracle,p_saps_residualized,2,0.05,945c307cf83ba9b3,"[[0, 3, 5, 7, 8, 9], [1, 2, 4, 6, 10, 11]]",0.004442607039073846,-0.28082510285938095,0.5374375136632554,-2.0654756481653763e-15,,0.0,0.01989938971022636,0.01989938971022636,0.0045632850121599755,0.0,0.0,"{""3"": 1}",0.01989938971022636,0.0198989984463073,0.9292026455794132,1e-05,True,80,development_isotonic_frozen
s1-i14,held_out,1,oracle,p_saps_projection,2,0.05,06a93114f19ea04d,"[[3, 4, 6, 7, 8, 11], [0, 1, 2, 5, 9, 10]]",0.004442607039073846,-0.2245287335270507,0.6138194899985264,-1.6111874508655415e-15,,0.0,0.06978208611780745,0.06978208611780745,0.0045632850121599755,0.0,0.0,"{""2"": 1}",0.06978208611780745,0.06978071528320158,0.7280845989087906,1e-05,True,640,development_isotonic_frozen
s1-i14,held_out,1,oracle,b_saps_budgeted,2,0.05,d1ef96b116ce701e,"[[2, 6, 7, 8, 10, 11], [0, 1, 3, 4, 5, 9]]",0.004442607039073846,-0.23561965390147566,0.592148700381972,-1.6893335253019252e-15,,0.0,0.032639961437712896,0.032639961437712896,0.0045632850121599755,0.0,0.0,"{""3"": 1}",0.032639961437712896,0.03263913480660366,0.9448341074600992,1e-05,True,40,development_isotonic_frozen
s1-i14,held_out,1,oracle,random_balanced,2,0.15,d1ef96b116ce701e,"[[2, 6, 7, 8, 10, 11], [0, 1, 3, 4, 5, 9]]",0.039415485560020766,-0.23561965390147566,0.592148700381972,-1.6893335253019252e-15,,0.0,0.032639961437712896,0.032639961437712896,0.0,0.0,0.0,"{""3"": 1}",0.032639961437712896,0.03263913480660366,0.9448341074600992,1e-05,True,40,development_isotonic_frozen
s1-i14,held_out,1,oracle,confidence,2,0.15,4755cb1efc6428bb,"[[1, 2, 4, 7, 8, 11], [0, 3, 5, 6, 9, 10]]",0.039415485560020766,-0.19916233259799898,0.6440094846903074,-2.052822611122185e-15,,0.0,0.02693910256410257,0.02693910256410257,0.0316741333019828,0.0,1.0,"{""2"": 1}",0.02693910256410257,0.026938640658627153,1.1122307048185391,1e-05,True,40,development_isotonic_frozen
s1-i14,held_out,1,oracle,entropy,2,0.15,8e5bce4bc4ceaf07,"[[0, 2, 4, 7, 8, 11], [1, 3, 5, 6, 9, 10]]",0.039415485560020766,-0.20337695130364886,0.6456477596133702,-1.7373896470557243e-15,,0.0,0.034544871281182055,0.034544871281182055,0.0,0.0,0.0,"{""3"": 1}",0.034544871281182055,0.03454427667338271,1.1451265923407412,1e-05,True,40,development_isotonic_frozen
s1-i14,held_out,1,oracle,dependency_cmi,2,0.15,cfb0db193d0bc4c4,"[[1, 3, 4, 6, 9, 10], [0, 2, 5, 7, 8, 11]]",0.039415485560020766,-0.25996040801879067,0.5669363023901404,-1.4654295096723832e-15,,1.0,0.028060897435897486,0.028060897435897486,0.10319987799386791,0.0,1.0,"{""1"": 1}",0.028060897435897486,0.028060175249103328,0.7251667831013859,1e-05,True,40,development_isotonic_frozen
s1-i14,held_out,1,oracle,min_within_batch_tc,2,0.15,0fc8d95435392360,"[[1, 3, 6, 9, 10, 11], [0, 2, 4, 5, 7, 8]]",0.039415485560020766,-0.26958211743113075,0.5427236941330794,-1.4859563668184158e-15,,0.0,0.01719327668455576,0.01719327668455576,0.0316741333019828,0.0,1.0,"{""2"": 1}",0.01719327668455576,0.01719298945620812,0.8680676374889063,1e-05,True,40,development_isotonic_frozen
s1-i14,held_out,1,oracle,dprm_myopic,2,0.15,c048156ba9cdac49,"[[0, 1, 2, 4, 5, 6], [3, 7, 8, 9, 10, 11]]",0.039415485560020766,-0.24162732039889523,0.605316921774318,-1.873039464939038e-15,,0.0,0.018119661423413654,0.018119661423413654,0.0,-0.125,1.0,"{""4"": 1}",0.018119661423413654,0.018119249801922862,1.4984142892340464,1e-05,True,40,development_isotonic_frozen
s1-i14,held_out,1,oracle,dprm_rollout,2,0.15,c8a20fb93d104e4c,"[[0, 2, 6, 8, 10, 11], [1, 3, 4, 5, 7, 9]]",0.039415485560020766,-0.24668959086444897,0.5868741763749074,-1.7106315447892377e-15,,0.0,0.032639961437712896,0.032639961437712896,0.0,0.0,0.0,"{""3"": 1}",0.032639961437712896,0.03263913480660366,0.9448341074600992,1e-05,True,40,development_isotonic_frozen
s1-i14,held_out,1,oracle,subset_exact,2,0.15,af150d5770942887,"[[0, 2, 3, 4, 5, 6], [1, 7, 8, 9, 10, 11]]",0.039415485560020766,-0.24512449554020554,0.5971612527242157,-1.972362507991695e-15,,1.0,0.022499999999999968,0.022499999999999968,0.10319987799386791,0.0,1.0,"{""1"": 1}",0.022499999999999968,0.022499707721583297,0.6752400858103978,1e-05,True,40,development_isotonic_frozen
s1-i14,held_out,1,oracle,subset_beam_8,2,0.15,9d5d24fb6f0a417b,"[[0, 1, 2, 3, 4, 5], [6, 7, 8, 9, 10, 11]]",0.039415485560020766,-0.24329849554824404,0.5959553044818743,-1.7373771797332942e-15,,1.0,0.010858516483516503,0.010858516483516503,0.10319987799386791,0.125,1.0,"{""1"": 1}",0.010858516483516503,0.010858257908502684,0.7851580456674386,1e-05,True,40,development_isotonic_frozen
s1-i14,held_out,1,oracle,subset_beam_32,2,0.15,9d5d24fb6f0a417b,"[[0, 1, 2, 3, 4, 5], [6, 7, 8, 9, 10, 11]]",0.039415485560020766,-0.24329849554824404,0.5959553044818743,-1.7373771797332942e-15,,1.0,0.010858516483516503,0.010858516483516503,0.10319987799386791,0.125,1.0,"{""1"": 1}",0.010858516483516503,0.010858257908502684,0.7851580456674386,1e-05,True,40,development_isotonic_frozen
s1-i14,held_out,1,oracle,saps_diagonal,2,0.15,d1ef96b116ce701e,"[[2, 6, 7, 8, 10, 11], [0, 1, 3, 4, 5, 9]]",0.039415485560020766,-0.23561965390147566,0.592148700381972,-1.6893335253019252e-15,,0.0,0.032639961437712896,0.032639961437712896,0.0,0.0,0.0,"{""3"": 1}",0.032639961437712896,0.03263913480660366,0.9448341074600992,1e-05,True,40,development_isotonic_frozen
s1-i14,held_out,1,oracle,p_saps_residualized,2,0.15,945c307cf83ba9b3,"[[0, 3, 5, 7, 8, 9], [1, 2, 4, 6, 10, 11]]",0.039415485560020766,-0.28082510285938095,0.5374375136632554,-2.0654756481653763e-15,,0.0,0.01989938971022636,0.01989938971022636,0.0,0.0,0.0,"{""3"": 1}",0.01989938971022636,0.0198989984463073,0.9292026455794132,1e-05,True,80,development_isotonic_frozen
s1-i14,held_out,1,oracle,p_saps_projection,2,0.15,06a93114f19ea04d,"[[3, 4, 6, 7, 8, 11], [0, 1, 2, 5, 9, 10]]",0.039415485560020766,-0.2245287335270507,0.6138194899985264,-1.6111874508655415e-15,,0.0,0.06978208611780745,0.06978208611780745,0.0316741333019828,0.0,0.0,"{""2"": 1}",0.06978208611780745,0.06978071528320158,0.7280845989087906,1e-05,True,640,development_isotonic_frozen
s1-i14,held_out,1,oracle,b_saps_budgeted,2,0.15,7ec642ae4cf9a8d4,"[[1, 2, 4, 6, 7, 8], [0, 3, 5, 9, 10, 11]]",0.039415485560020766,-0.2175836217601532,0.6278602840042667,-1.567849084955354e-15,,1.0,0.028060897435897486,0.028060897435897486,0.10319987799386791,0.0,1.0,"{""1"": 1}",0.028060897435897486,0.028060175249103328,0.7251667831013859,1e-05,True,40,development_isotonic_frozen
s1-i14,held_out,1,oracle,random_balanced,3,0.01,85a6dea0739ccd39,"[[2, 7, 10, 11], [3, 5, 6, 8], [0, 1, 4, 9]]",0.0010083419226385925,-0.48588424462806884,1.1576669452486164,-7.615373242780406e-16,,0.0,0.047500000000000035,0.047500000000000035,0.001014490348996145,0.0,1.0,"{""2"": 1}",0.047500000000000035,0.04749891253135598,0.9357069223330464,1e-05,True,40,development_isotonic_frozen
s1-i14,held_out,1,oracle,confidence,3,0.01,4a3744e535a9533d,"[[2, 4, 7, 11], [1, 6, 8, 9], [0, 3, 5, 10]]",0.0010083419226385925,-0.403717409523201,1.2781086532383132,-1.4998125183955766e-15,,1.0,0.008749999999999997,0.008749999999999997,0.001014490348996145,0.0,1.0,"{""1"": 1}",0.008749999999999997,0.008749883335868324,0.7028633470670517,1e-05,True,40,development_isotonic_frozen
s1-i14,held_out,1,oracle,entropy,3,0.01,fd8169aa362c1d8b,"[[2, 4, 7, 11], [0, 1, 6, 8], [3, 5, 9, 10]]",0.0010083419226385925,-0.40708780546615636,1.285616339693339,-1.262346417684358e-15,,1.0,0.008749999999999997,0.008749999999999997,0.001014490348996145,0.0,1.0,"{""1"": 1}",0.008749999999999997,0.008749883335868324,0.7028633470670517,1e-05,True,40,development_isotonic_frozen
s1-i14,held_out,1,oracle,dependency_cmi,3,0.01,e9dad1f0fdc25175,"[[1, 3, 4, 9], [0, 2, 7, 8], [5, 6, 10, 11]]",0.0010083419226385925,-0.47403372367569324,1.1914968596159554,-6.241318491245509e-16,,0.0,0.020639753202780775,0.020639753202780775,0.001014490348996145,0.0,0.0,"{""2"": 1}",0.020639753202780775,0.020639493668947177,0.8239370148136442,1e-05,True,40,development_isotonic_frozen
s1-i14,held_out,1,oracle,min_within_batch_tc,3,0.01,06cf19c055e9f186,"[[1, 3, 5, 6], [7, 9, 10, 11], [0, 2, 4, 8]]",0.0010083419226385925,-0.5601481404898976,1.0683294544246924,-7.644155592423937e-16,,1.0,0.008314393939393944,0.008314393939393944,0.001014490348996145,0.0,0.0,"{""1"": 1}",0.008314393939393944,0.008314226798824095,0.5170598800686196,1e-05,True,40,development_isotonic_frozen
s1-i14,held_out,1,oracle,dprm_myopic,3,0.01,cfe32d46bee0955e,"[[1, 4, 5, 6], [0, 2, 3, 7], [8, 9, 10, 11]]",0.0010083419226385925,-0.49572510477190734,1.1845124246215784,-1.2599629249180438e-15,,0.0,0.018119661423413654,0.018119661423413654,0.0,0.0,0.0,"{""4"": 1}",0.018119661423413654,0.018119249801922862,1.4984142892340464,1e-05,True,40,development_isotonic_frozen
s1-i14,held_out,1,oracle,dprm_rollout,3,0.01,b8c630d4383fe868,"[[0, 2, 3, 9], [1, 4, 6, 7], [5, 8, 10, 11]]",0.0010083419226385925,-0.4889706367326045,1.1707667466272569,-1.3506020805724812e-15,,1.0,0.010208333333333328,0.010208333333333328,0.001014490348996145,0.0,0.0,"{""1"": 1}",0.010208333333333328,0.010208231251616275,0.7028633470670517,1e-05,True,40,development_isotonic_frozen
s1-i14,held_out,1,oracle,subset_exact,3,0.01,3cdb5bf9d0d94766,"[[0, 1, 2, 3], [4, 6, 7, 11], [5, 8, 9, 10]]",0.0010083419226385925,-0.4706869020370226,1.1998607186195651,-1.4368240771243007e-15,,1.0,0.041319444444444464,0.041319444444444464,0.001014490348996145,0.0,0.0,"{""1"": 1}",0.041319444444444464,0.04131858775597879,0.7028633470670517,1e-05,True,40,development_isotonic_frozen
s1-i14,held_out,1,oracle,subset_beam_8,3,0.01,3cdb5bf9d0d94766,"[[0, 1, 2, 3], [4, 6, 7, 11], [5, 8, 9, 10]]",0.0010083419226385925,-0.4706869020370226,1.1998607186195651,-1.4368240771243007e-15,,1.0,0.041319444444444464,0.041319444444444464,0.001014490348996145,0.0,0.0,"{""1"": 1}",0.041319444444444464,0.04131858775597879,0.7028633470670517,1e-05,True,40,development_isotonic_frozen
s1-i14,held_out,1,oracle,subset_beam_32,3,0.01,3cdb5bf9d0d94766,"[[0, 1, 2, 3], [4, 6, 7, 11], [5, 8, 9, 10]]",0.0010083419226385925,-0.4706869020370226,1.1998607186195651,-1.4368240771243007e-15,,1.0,0.041319444444444464,0.041319444444444464,0.001014490348996145,0.0,0.0,"{""1"": 1}",0.041319444444444464,0.04131858775597879,0.7028633470670517,1e-05,True,40,development_isotonic_frozen
s1-i14,held_out,1,oracle,saps_diagonal,3,0.01,29e341a0e2f2004a,"[[1, 2, 7, 10], [3, 5, 6, 8], [0, 4, 9, 11]]",0.0010083419226385925,-0.5190748229684542,1.1229566473918522,-6.501220247425083e-16,,1.0,0.0065909090909091,0.0065909090909091,0.001014490348996145,0.0,0.0,"{""1"": 1}",0.0065909090909091,0.006590829183072059,0.5170598800686196,1e-05,True,40,development_isotonic_frozen
s1-i14,held_out,1,oracle,p_saps_residualized,3,0.01,858cc65a197e9b72,"[[0, 1, 3, 7], [4, 5, 8, 10], [2, 6, 9, 11]]",0.0010083419226385925,-0.5346303658091475,1.123457764728171,-1.530611510348248e-15,,1.0,0.00979665071770335,0.00979665071770335,0.001014490348996145,0.0,0.0,"{""1"": 1}",0.00979665071770335,0.009796440256992067,0.6890115564475973,1e-05,True,80,development_isotonic_frozen
s1-i14,held_out,1,oracle,p_saps_projection,3,0.01,ce25097fe714d52c,"[[2, 8, 9, 11], [0, 5, 6, 7], [1, 3, 4, 10]]",0.0010083419226385925,-0.47559428494460937,1.1770540708108748,-1.276798834507785e-15,,0.0,0.047500000000000035,0.047500000000000035,0.001014490348996145,0.0,1.0,"{""2"": 1}",0.047500000000000035,0.04749891253135598,0.9357069223330464,1e-05,True,640,development_isotonic_frozen
s1-i14,held_out,1,oracle,b_saps_budgeted,3,0.01,85a6dea0739ccd39,"[[2, 7, 10, 11], [3, 5, 6, 8], [0, 1, 4, 9]]",0.0010083419226385925,-0.48588424462806884,1.1576669452486164,-7.615373242780406e-16,,0.0,0.047500000000000035,0.047500000000000035,0.001014490348996145,0.0,1.0,"{""2"": 1}",0.047500000000000035,0.04749891253135598,0.9357069223330464,1e-05,True,40,development_isotonic_frozen
s1-i14,held_out,1,oracle,random_balanced,3,0.05,85a6dea0739ccd39,"[[2, 7, 10, 11], [3, 5, 6, 8], [0, 1, 4, 9]]",0.004551217214851362,-0.48588424462806884,1.1576669452486164,-7.615373242780406e-16,,0.0,0.047500000000000035,0.047500000000000035,0.0045632850121599755,0.0,0.0,"{""2"": 1}",0.047500000000000035,0.04749891253135598,0.9357069223330464,1e-05,True,40,development_isotonic_frozen
s1-i14,held_out,1,oracle,confidence,3,0.05,4a3744e535a9533d,"[[2, 4, 7, 11], [1, 6, 8, 9], [0, 3, 5, 10]]",0.004551217214851362,-0.403717409523201,1.2781086532383132,-1.4998125183955766e-15,,1.0,0.008749999999999997,0.008749999999999997,0.0045632850121599755,0.0,0.0,"{""1"": 1}",0.008749999999999997,0.008749883335868324,0.7028633470670517,1e-05,True,40,development_isotonic_frozen
s1-i14,held_out,1,oracle,entropy,3,0.05,fd8169aa362c1d8b,"[[2, 4, 7, 11], [0, 1, 6, 8], [3, 5, 9, 10]]",0.004551217214851362,-0.40708780546615636,1.285616339693339,-1.262346417684358e-15,,1.0,0.008749999999999997,0.008749999999999997,0.0045632850121599755,0.0,0.0,"{""1"": 1}",0.008749999999999997,0.008749883335868324,0.7028633470670517,1e-05,True,40,development_isotonic_frozen
s1-i14,held_out,1,oracle,dependency_cmi,3,0.05,e9dad1f0fdc25175,"[[1, 3, 4, 9], [0, 2, 7, 8], [5, 6, 10, 11]]",0.004551217214851362,-0.47403372367569324,1.1914968596159554,-6.241318491245509e-16,,0.0,0.020639753202780775,0.020639753202780775,0.0045632850121599755,0.0,0.0,"{""2"": 1}",0.020639753202780775,0.020639493668947177,0.8239370148136442,1e-05,True,40,development_isotonic_frozen
s1-i14,held_out,1,oracle,min_within_batch_tc,3,0.05,06cf19c055e9f186,"[[1, 3, 5, 6], [7, 9, 10, 11], [0, 2, 4, 8]]",0.004551217214851362,-0.5601481404898976,1.0683294544246924,-7.644155592423937e-16,,1.0,0.008314393939393944,0.008314393939393944,0.0045632850121599755,0.0,0.0,"{""1"": 1}",0.008314393939393944,0.008314226798824095,0.5170598800686196,1e-05,True,40,development_isotonic_frozen
s1-i14,held_out,1,oracle,dprm_myopic,3,0.05,cfe32d46bee0955e,"[[1, 4, 5, 6], [0, 2, 3, 7], [8, 9, 10, 11]]",0.004551217214851362,-0.49572510477190734,1.1845124246215784,-1.2599629249180438e-15,,0.0,0.018119661423413654,0.018119661423413654,0.002572098456238847,0.0,0.0,"{""4"": 1}",0.018119661423413654,0.018119249801922862,1.4984142892340464,1e-05,True,40,development_isotonic_frozen
s1-i14,held_out,1,oracle,dprm_rollout,3,0.05,b8378e74efa44bbb,"[[0, 3, 9, 11], [2, 4, 6, 7], [1, 5, 8, 10]]",0.004551217214851362,-0.475823284187999,1.182236770600001,-1.1600636774519115e-15,,0.0,0.021223850682700725,0.021223850682700725,0.0045632850121599755,0.0,0.0,"{""2"": 1}",0.021223850682700725,0.02122355863255882,0.8109857201404457,1e-05,True,40,development_isotonic_frozen
s1-i14,held_out,1,oracle,subset_exact,3,0.05,c79f07ca625e995b,"[[0, 1, 2, 4], [6, 7, 8, 11], [3, 5, 9, 10]]",0.004551217214851362,-0.4347530315993224,1.2629866667578924,-7.605911102400011e-16,,1.0,0.039513888888888904,0.039513888888888904,0.0045632850121599755,0.0,0.0,"{""1"": 1}",0.039513888888888904,0.03951322108213774,0.7028633470670517,1e-05,True,40,development_isotonic_frozen
s1-i14,held_out,1,oracle,subset_beam_8,3,0.05,c79f07ca625e995b,"[[0, 1, 2, 4], [6, 7, 8, 11], [3, 5, 9, 10]]",0.004551217214851362,-0.4347530315993224,1.2629866667578924,-7.605911102400011e-16,,1.0,0.039513888888888904,0.039513888888888904,0.0045632850121599755,0.0,0.0,"{""1"": 1}",0.039513888888888904,0.03951322108213774,0.7028633470670517,1e-05,True,40,development_isotonic_frozen
s1-i14,held_out,1,oracle,subset_beam_32,3,0.05,c79f07ca625e995b,"[[0, 1, 2, 4], [6, 7, 8, 11], [3, 5, 9, 10]]",0.004551217214851362,-0.4347530315993224,1.2629866667578924,-7.605911102400011e-16,,1.0,0.039513888888888904,0.039513888888888904,0.0045632850121599755,0.0,0.0,"{""1"": 1}",0.039513888888888904,0.03951322108213774,0.7028633470670517,1e-05,True,40,development_isotonic_frozen
s1-i14,held_out,1,oracle,saps_diagonal,3,0.05,29e341a0e2f2004a,"[[1, 2, 7, 10], [3, 5, 6, 8], [0, 4, 9, 11]]",0.004551217214851362,-0.5190748229684542,1.1229566473918522,-6.501220247425083e-16,,1.0,0.0065909090909091,0.0065909090909091,0.0045632850121599755,0.0,0.0,"{""1"": 1}",0.0065909090909091,0.006590829183072059,0.5170598800686196,1e-05,True,40,development_isotonic_frozen
s1-i14,held_out,1,oracle,p_saps_residualized,3,0.05,858cc65a197e9b72,"[[0, 1, 3, 7], [4, 5, 8, 10], [2, 6, 9, 11]]",0.004551217214851362,-0.5346303658091475,1.123457764728171,-1.530611510348248e-15,,1.0,0.00979665071770335,0.00979665071770335,0.0045632850121599755,0.125,0.0,"{""1"": 1}",0.00979665071770335,0.009796440256992067,0.6890115564475973,1e-05,True,80,development_isotonic_frozen
s1-i14,held_out,1,oracle,p_saps_projection,3,0.05,ce25097fe714d52c,"[[2, 8, 9, 11], [0, 5, 6, 7], [1, 3, 4, 10]]",0.004551217214851362,-0.47559428494460937,1.1770540708108748,-1.276798834507785e-15,,0.0,0.047500000000000035,0.047500000000000035,0.0045632850121599755,0.0,0.0,"{""2"": 1}",0.047500000000000035,0.04749891253135598,0.9357069223330464,1e-05,True,640,development_isotonic_frozen
s1-i14,held_out,1,oracle,b_saps_budgeted,3,0.05,85a6dea0739ccd39,"[[2, 7, 10, 11], [3, 5, 6, 8], [0, 1, 4, 9]]",0.004551217214851362,-0.48588424462806884,1.1576669452486164,-7.615373242780406e-16,,0.0,0.047500000000000035,0.047500000000000035,0.0045632850121599755,0.0,0.0,"{""2"": 1}",0.047500000000000035,0.04749891253135598,0.9357069223330464,1e-05,True,40,development_isotonic_frozen
s1-i14,held_out,1,oracle,random_balanced,3,0.15,85a6dea0739ccd39,"[[2, 7, 10, 11], [3, 5, 6, 8], [0, 1, 4, 9]]",0.06308988669117736,-0.48588424462806884,1.1576669452486164,-7.615373242780406e-16,,0.0,0.047500000000000035,0.047500000000000035,0.0316741333019828,0.0,0.0,"{""2"": 1}",0.047500000000000035,0.04749891253135598,0.9357069223330464,1e-05,True,40,development_isotonic_frozen
s1-i14,held_out,1,oracle,confidence,3,0.15,4a3744e535a9533d,"[[2, 4, 7, 11], [1, 6, 8, 9], [0, 3, 5, 10]]",0.06308988669117736,-0.403717409523201,1.2781086532383132,-1.4998125183955766e-15,,1.0,0.008749999999999997,0.008749999999999997,0.10319987799386791,0.0,0.0,"{""1"": 1}",0.008749999999999997,0.008749883335868324,0.7028633470670517,1e-05,True,40,development_isotonic_frozen
s1-i14,held_out,1,oracle,entropy,3,0.15,fd8169aa362c1d8b,"[[2, 4, 7, 11], [0, 1, 6, 8], [3, 5, 9, 10]]",0.06308988669117736,-0.40708780546615636,1.285616339693339,-1.262346417684358e-15,,1.0,0.008749999999999997,0.008749999999999997,0.10319987799386791,0.0,0.0,"{""1"": 1}",0.008749999999999997,0.008749883335868324,0.7028633470670517,1e-05,True,40,development_isotonic_frozen
s1-i14,held_out,1,oracle,dependency_cmi,3,0.15,e9dad1f0fdc25175,"[[1, 3, 4, 9], [0, 2, 7, 8], [5, 6, 10, 11]]",0.06308988669117736,-0.47403372367569324,1.1914968596159554,-6.241318491245509e-16,,0.0,0.020639753202780775,0.020639753202780775,0.0316741333019828,0.0,0.0,"{""2"": 1}",0.020639753202780775,0.020639493668947177,0.8239370148136442,1e-05,True,40,development_isotonic_frozen
s1-i14,held_out,1,oracle,min_within_batch_tc,3,0.15,06cf19c055e9f186,"[[1, 3, 5, 6], [7, 9, 10, 11], [0, 2, 4, 8]]",0.06308988669117736,-0.5601481404898976,1.0683294544246924,-7.644155592423937e-16,,1.0,0.008314393939393944,0.008314393939393944,0.10319987799386791,0.0,1.0,"{""1"": 1}",0.008314393939393944,0.008314226798824095,0.5170598800686196,1e-05,True,40,development_isotonic_frozen
s1-i14,held_out,1,oracle,dprm_myopic,3,0.15,cfe32d46bee0955e,"[[1, 4, 5, 6], [0, 2, 3, 7], [8, 9, 10, 11]]",0.06308988669117736,-0.49572510477190734,1.1845124246215784,-1.2599629249180438e-15,,0.0,0.018119661423413654,0.018119661423413654,0.0,0.0,1.0,"{""4"": 1}",0.018119661423413654,0.018119249801922862,1.4984142892340464,1e-05,True,40,development_isotonic_frozen
s1-i14,held_out,1,oracle,dprm_rollout,3,0.15,08b848f9097949d9,"[[1, 2, 3, 11], [0, 4, 5, 6], [7, 8, 9, 10]]",0.06308988669117736,-0.46698355252172524,1.1966428083245526,-1.5758420281285042e-15,,0.0,0.058525448666503936,0.058525448666503936,0.0,0.0,1.0,"{""3"": 1}",0.058525448666503936,0.058523560184624006,1.2366328459357694,1e-05,True,40,development_isotonic_frozen
s1-i14,held_out,1,oracle,subset_exact,3,0.15,7e1dad7292b6139a,"[[0, 2, 3, 6], [1, 4, 7, 11], [5, 8, 9, 10]]",0.06308988669117736,-0.47251290202898416,1.2010666668619066,-1.4465983310298413e-15,,1.0,0.026458333333333327,0.026458333333333327,0.10319987799386791,0.0,0.0,"{""1"": 1}",0.026458333333333327,0.026458110419231195,0.7028633470670517,1e-05,True,40,development_isotonic_frozen
s1-i14,held_out,1,oracle,subset_beam_8,3,0.15,3cdb5bf9d0d94766,"[[0, 1, 2, 3], [4, 6, 7, 11], [5, 8, 9, 10]]",0.06308988669117736,-0.4706869020370226,1.1998607186195651,-1.4368240771243007e-15,,1.0,0.041319444444444464,0.041319444444444464,0.10319987799386791,0.0,0.0,"{""1"": 1}",0.041319444444444464,0.04131858775597879,0.7028633470670517,1e-05,True,40,development_isotonic_frozen
s1-i14,held_out,1,oracle,subset_beam_32,3,0.15,7e1dad7292b6139a,"[[0, 2, 3, 6], [1, 4, 7, 11], [5, 8, 9, 10]]",0.06308988669117736,-0.47251290202898416,1.2010666668619066,-1.4465983310298413e-15,,1.0,0.026458333333333327,0.026458333333333327,0.10319987799386791,0.0,0.0,"{""1"": 1}",0.026458333333333327,0.026458110419231195,0.7028633470670517,1e-05,True,40,development_isotonic_frozen
s1-i14,held_out,1,oracle,saps_diagonal,3,0.15,29e341a0e2f2004a,"[[1, 2, 7, 10], [3, 5, 6, 8], [0, 4, 9, 11]]",0.06308988669117736,-0.5190748229684542,1.1229566473918522,-6.501220247425083e-16,,1.0,0.0065909090909091,0.0065909090909091,0.10319987799386791,0.0,1.0,"{""1"": 1}",0.0065909090909091,0.006590829183072059,0.5170598800686196,1e-05,True,40,development_isotonic_frozen
s1-i14,held_out,1,oracle,p_saps_residualized,3,0.15,858cc65a197e9b72,"[[0, 1, 3, 7], [4, 5, 8, 10], [2, 6, 9, 11]]",0.06308988669117736,-0.5346303658091475,1.123457764728171,-1.530611510348248e-15,,1.0,0.00979665071770335,0.00979665071770335,0.10319987799386791,0.0,0.0,"{""1"": 1}",0.00979665071770335,0.009796440256992067,0.6890115564475973,1e-05,True,80,development_isotonic_frozen
s1-i14,held_out,1,oracle,p_saps_projection,3,0.15,24f9d4e881ab2b7f,"[[0, 6, 8, 9], [1, 2, 4, 5], [3, 7, 10, 11]]",0.06308988669117736,-0.5155070274531767,1.1566026804908105,-9.903085637165803e-16,,0.0,0.032639961437712896,0.032639961437712896,0.0,0.0,0.0,"{""3"": 1}",0.032639961437712896,0.03263913480660366,0.9448341074600992,1e-05,True,640,development_isotonic_frozen
s1-i14,held_out,1,oracle,b_saps_budgeted,3,0.15,29e341a0e2f2004a,"[[1, 2, 7, 10], [3, 5, 6, 8], [0, 4, 9, 11]]",0.06308988669117736,-0.5190748229684542,1.1229566473918522,-6.501220247425083e-16,,1.0,0.0065909090909091,0.0065909090909091,0.10319987799386791,0.0,1.0,"{""1"": 1}",0.0065909090909091,0.006590829183072059,0.5170598800686196,1e-05,True,40,development_isotonic_frozen
s1-i14,held_out,1,oracle,random_balanced,4,0.01,db1fdfa18771303e,"[[2, 10, 11], [6, 7, 8], [1, 3, 5], [0, 4, 9]]",0.001014490348996145,-0.7283592167868679,1.7429028467004606,-6.097122362915964e-16,,1.0,0.030020161290322617,0.030020161290322617,0.001014490348996145,0.0,0.0,"{""1"": 1}",0.030020161290322617,0.03001973609582799,0.548485571637038,1e-05,True,40,development_isotonic_frozen
s1-i14,held_out,1,oracle,confidence,4,0.01,017d73826b67dfe3,"[[2, 4, 11], [1, 7, 8], [3, 6, 9], [0, 5, 10]]",0.001014490348996145,-0.6132322355198336,1.9070496699483908,-9.656447132375394e-16,,1.0,0.008660714285714306,0.008660714285714306,0.001014490348996145,0.0,1.0,"{""1"": 1}",0.008660714285714306,0.008660551663301675,0.7589955086438291,1e-05,True,40,development_isotonic_frozen
s1-i14,held_out,1,oracle,entropy,4,0.01,28b600621aa45684,"[[2, 4, 11], [0, 7, 8], [1, 6, 9], [3, 5, 10]]",0.001014490348996145,-0.6181642977898231,1.9184818888446185,-9.507854132354866e-16,,1.0,0.007802197802197812,0.007802197802197812,0.001014490348996145,0.0,1.0,"{""1"": 1}",0.007802197802197812,0.007802095548128875,0.7589955086438291,1e-05,True,40,development_isotonic_frozen
s1-i14,held_out,1,oracle,dependency_cmi,4,0.01,d7fa1210e933a6b6,"[[1, 3, 4], [2, 6, 8], [5, 9, 10], [0, 7, 11]]",0.001014490348996145,-0.7242578784476247,1.7792920008256683,-3.240733384937242e-16,,1.0,0.039513888888888904,0.039513888888888904,0.001014490348996145,0.0,0.0,"{""1"": 1}",0.039513888888888904,0.03951322108213774,0.7028633470670517,1e-05,True,40,development_isotonic_frozen
s1-i14,held_out,1,oracle,min_within_batch_tc,4,0.01,9c42b6014df84f9f,"[[1, 2, 7], [3, 5, 6], [9, 10, 11], [0, 4, 8]]",0.001014490348996145,-0.7579035125642856,1.7015625268466623,-4.36466917720626e-16,,1.0,0.01814516129032259,0.01814516129032259,0.001014490348996145,0.0,0.0,"{""1"": 1}",0.01814516129032259,0.018144979841227284,0.548485571637038,1e-05,True,40,development_isotonic_frozen
s1-i14,held_out,1,oracle,dprm_myopic,4,0.01,190a8e31f565a86a,"[[1, 4, 5], [0, 2, 6], [3, 7, 8], [9, 10, 11]]",0.001014490348996145,-0.732803903606294,1.7938702510062345,-4.671204970341875e-16,,1.0,0.010858516483516503,0.010858516483516503,0.001014490348996145,0.0,0.0,"{""1"": 1}",0.010858516483516503,0.010858257908502684,0.7851580456674386,1e-05,True,40,development_isotonic_frozen
s1-i14,held_out,1,oracle,dprm_rollout,4,0.01,356bcd1c166373b1,"[[0, 2, 9], [3, 7, 11], [1, 6, 8], [4, 5, 10]]",0.001014490348996145,-0.7290305187938207,1.74476472926616,-5.116009787859936e-16,,0.0,0.020871378402107125,0.020871378402107125,0.001014490348996145,0.125,0.0,"{""2"": 1}",0.020871378402107125,0.020870994658562913,0.9718270205093645,1e-05,True,40,development_isotonic_frozen
s1-i14,held_out,1,oracle,subset_exact,4,0.01,2168d537bfb18d19,"[[0, 1, 2], [4, 7, 11], [3, 6, 8], [5, 9, 10]]",0.001014490348996145,-0.6705666781993612,1.8536641472830377,-6.212868069157977e-16,,1.0,0.0028571428571428636,0.0028571428571428636,0.001014490348996145,0.0,0.0,"{""1"": 1}",0.0028571428571428636,0.0028570686251629803,0.7589955086438291,1e-05,True,40,development_isotonic_frozen
s1-i14,held_out,1,oracle,subset_beam_8,4,0.01,2168d537bfb18d19,"[[0, 1, 2], [4, 7, 11], [3, 6, 8], [5, 9, 10]]",0.001014490348996145,-0.6705666781993612,1.8536641472830377,-6.212868069157977e-16,,1.0,0.0028571428571428636,0.0028571428571428636,0.001014490348996145,0.0,0.0,"{""1"": 1}",0.0028571428571428636,0.0028570686251629803,0.7589955086438291,1e-05,True,40,development_isotonic_frozen
s1-i14,held_out,1,oracle,subset_beam_32,4,0.01,2168d537bfb18d19,"[[0, 1, 2], [4, 7, 11], [3, 6, 8], [5, 9, 10]]",0.001014490348996145,-0.6705666781993612,1.8536641472830377,-6.212868069157977e-16,,1.0,0.0028571428571428636,0.0028571428571428636,0.001014490348996145,0.0,0.0,"{""1"": 1}",0.0028571428571428636,0.0028570686251629803,0.7589955086438291,1e-05,True,40,development_isotonic_frozen
s1-i14,held_out,1,oracle,saps_diagonal,4,0.01,db1fdfa18771303e,"[[2, 10, 11], [6, 7, 8], [1, 3, 5], [0, 4, 9]]",0.001014490348996145,-0.7283592167868679,1.7429028467004606,-6.097122362915964e-16,,1.0,0.030020161290322617,0.030020161290322617,0.001014490348996145,0.0,0.0,"{""1"": 1}",0.030020161290322617,0.03001973609582799,0.548485571637038,1e-05,True,40,development_isotonic_frozen
s1-i14,held_out,1,oracle,p_saps_residualized,4,0.01,fa7cc79ac8d48695,"[[3, 7, 9], [0, 5, 8], [1, 4, 10], [2, 6, 11]]",0.001014490348996145,-0.8129292954882675,1.6475181804044372,-7.52404922118557e-16,,1.0,0.0031343984962406007,0.0031343984962406007,0.001014490348996145,0.0,0.0,"{""1"": 1}",0.0031343984962406007,0.0031343727080962343,0.6677955971458849,1e-05,True,80,development_isotonic_frozen
s1-i14,held_out,1,oracle,p_saps_projection,4,0.01,4f755e284df8cf01,"[[5, 7, 8], [1, 10, 11], [0, 3, 9], [2, 4, 6]]",0.001014490348996145,-0.8090013424764128,1.6487984994340679,-7.682224077471526e-16,,0.0,0.08288043478260892,0.08288043478260892,0.001014490348996145,0.0,0.0,"{""2"": 1}",0.08288043478260892,0.08287693769297244,0.806883477870499,1e-05,True,640,development_isotonic_frozen
s1-i14,held_out,1,oracle,b_saps_budgeted,4,0.01,db1fdfa18771303e,"[[2, 10, 11], [6, 7, 8], [1, 3, 5], [0, 4, 9]]",0.001014490348996145,-0.7283592167868679,1.7429028467004606,-6.097122362915964e-16,,1.0,0.030020161290322617,0.030020161290322617,0.001014490348996145,0.0,0.0,"{""1"": 1}",0.030020161290322617,0.03001973609582799,0.548485571637038,1e-05,True,40,development_isotonic_frozen
s1-i14,held_out,1,oracle,random_balanced,4,0.05,db1fdfa18771303e,"[[2, 10, 11], [6, 7, 8], [1, 3, 5], [0, 4, 9]]",0.0045632850121599755,-0.7283592167868679,1.7429028467004606,-6.097122362915964e-16,,1.0,0.030020161290322617,0.030020161290322617,0.0045632850121599755,0.0,0.0,"{""1"": 1}",0.030020161290322617,0.03001973609582799,0.548485571637038,1e-05,True,40,development_isotonic_frozen
s1-i14,held_out,1,oracle,confidence,4,0.05,017d73826b67dfe3,"[[2, 4, 11], [1, 7, 8], [3, 6, 9], [0, 5, 10]]",0.0045632850121599755,-0.6132322355198336,1.9070496699483908,-9.656447132375394e-16,,1.0,0.008660714285714306,0.008660714285714306,0.0045632850121599755,0.0,0.0,"{""1"": 1}",0.008660714285714306,0.008660551663301675,0.7589955086438291,1e-05,True,40,development_isotonic_frozen
s1-i14,held_out,1,oracle,entropy,4,0.05,28b600621aa45684,"[[2, 4, 11], [0, 7, 8], [1, 6, 9], [3, 5, 10]]",0.0045632850121599755,-0.6181642977898231,1.9184818888446185,-9.507854132354866e-16,,1.0,0.007802197802197812,0.007802197802197812,0.0045632850121599755,0.0,0.0,"{""1"": 1}",0.007802197802197812,0.007802095548128875,0.7589955086438291,1e-05,True,40,development_isotonic_frozen
s1-i14,held_out,1,oracle,dependency_cmi,4,0.05,d7fa1210e933a6b6,"[[1, 3, 4], [2, 6, 8], [5, 9, 10], [0, 7, 11]]",0.0045632850121599755,-0.7242578784476247,1.7792920008256683,-3.240733384937242e-16,,1.0,0.039513888888888904,0.039513888888888904,0.0045632850121599755,-0.125,0.0,"{""1"": 1}",0.039513888888888904,0.03951322108213774,0.7028633470670517,1e-05,True,40,development_isotonic_frozen
s1-i14,held_out,1,oracle,min_within_batch_tc,4,0.05,9c42b6014df84f9f,"[[1, 2, 7], [3, 5, 6], [9, 10, 11], [0, 4, 8]]",0.0045632850121599755,-0.7579035125642856,1.7015625268466623,-4.36466917720626e-16,,1.0,0.01814516129032259,0.01814516129032259,0.0045632850121599755,0.0,0.0,"{""1"": 1}",0.01814516129032259,0.018144979841227284,0.548485571637038,1e-05,True,40,development_isotonic_frozen
s1-i14,held_out,1,oracle,dprm_myopic,4,0.05,190a8e31f565a86a,"[[1, 4, 5], [0, 2, 6], [3, 7, 8], [9, 10, 11]]",0.0045632850121599755,-0.732803903606294,1.7938702510062345,-4.671204970341875e-16,,1.0,0.010858516483516503,0.010858516483516503,0.0045632850121599755,0.0,0.0,"{""1"": 1}",0.010858516483516503,0.010858257908502684,0.7851580456674386,1e-05,True,40,development_isotonic_frozen
s1-i14,held_out,1,oracle,dprm_rollout,4,0.05,5e23f47a551175ac,"[[0, 1, 2], [5, 8, 9], [4, 6, 7], [3, 10, 11]]",0.0045632850121599755,-0.7528008023975783,1.74809302140915,-7.333570820158458e-16,,0.0,0.014182692307692318,0.014182692307692318,0.0045632850121599755,0.0,0.0,"{""2"": 1}",0.014182692307692318,0.014182351291705218,0.8507624462370306,1e-05,True,40,development_isotonic_frozen
s1-i14,held_out,1,oracle,subset_exact,4,0.05,663e70d412c6fffe,"[[0, 1, 3], [2, 4, 11], [6, 7, 8], [5, 9, 10]]",0.0045632850121599755,-0.7044595725350851,1.8071997363686856,-1.0067623268871775e-15,,1.0,0.0028571428571428636,0.0028571428571428636,0.0045632850121599755,0.0,0.0,"{""1"": 1}",0.0028571428571428636,0.0028570686251629803,0.7589955086438291,1e-05,True,40,development_isotonic_frozen
s1-i14,held_out,1,oracle,subset_beam_8,4,0.05,663e70d412c6fffe,"[[0, 1, 3], [2, 4, 11], [6, 7, 8], [5, 9, 10]]",0.0045632850121599755,-0.7044595725350851,1.8071997363686856,-1.0067623268871775e-15,,1.0,0.0028571428571428636,0.0028571428571428636,0.0045632850121599755,0.0,0.0,"{""1"": 1}",0.0028571428571428636,0.0028570686251629803,0.7589955086438291,1e-05,True,40,development_isotonic_frozen
s1-i14,held_out,1,oracle,subset_beam_32,4,0.05,663e70d412c6fffe,"[[0, 1, 3], [2, 4, 11], [6, 7, 8], [5, 9, 10]]",0.0045632850121599755,-0.7044595725350851,1.8071997363686856,-1.0067623268871775e-15,,1.0,0.0028571428571428636,0.0028571428571428636,0.0045632850121599755,0.0,0.0,"{""1"": 1}",0.0028571428571428636,0.0028570686251629803,0.7589955086438291,1e-05,True,40,development_isotonic_frozen
s1-i14,held_out,1,oracle,saps_diagonal,4,0.05,db1fdfa18771303e,"[[2, 10, 11], [6, 7, 8], [1, 3, 5], [0, 4, 9]]",0.0045632850121599755,-0.7283592167868679,1.7429028467004606,-6.097122362915964e-16,,1.0,0.030020161290322617,0.030020161290322617,0.0045632850121599755,0.0,0.0,"{""1"": 1}",0.030020161290322617,0.03001973609582799,0.548485571637038,1e-05,True,40,development_isotonic_frozen
s1-i14,held_out,1,oracle,p_saps_residualized,4,0.05,fa7cc79ac8d48695,"[[3, 7, 9], [0, 5, 8], [1, 4, 10], [2, 6, 11]]",0.0045632850121599755,-0.8129292954882675,1.6475181804044372,-7.52404922118557e-16,,1.0,0.0031343984962406007,0.0031343984962406007,0.0045632850121599755,0.0,0.0,"{""1"": 1}",0.0031343984962406007,0.0031343727080962343,0.6677955971458849,1e-05,True,80,development_isotonic_frozen
s1-i14,held_out,1,oracle,p_saps_projection,4,0.05,4f755e284df8cf01,"[[5, 7, 8], [1, 10, 11], [0, 3, 9], [2, 4, 6]]",0.0045632850121599755,-0.8090013424764128,1.6487984994340679,-7.682224077471526e-16,,0.0,0.08288043478260892,0.08288043478260892,0.0045632850121599755,0.0,0.0,"{""2"": 1}",0.08288043478260892,0.08287693769297244,0.806883477870499,1e-05,True,640,development_isotonic_frozen
s1-i14,held_out,1,oracle,b_saps_budgeted,4,0.05,db1fdfa18771303e,"[[2, 10, 11], [6, 7, 8], [1, 3, 5], [0, 4, 9]]",0.0045632850121599755,-0.7283592167868679,1.7429028467004606,-6.097122362915964e-16,,1.0,0.030020161290322617,0.030020161290322617,0.0045632850121599755,0.0,0.0,"{""1"": 1}",0.030020161290322617,0.03001973609582799,0.548485571637038,1e-05,True,40,development_isotonic_frozen
s1-i14,held_out,1,oracle,random_balanced,4,0.15,db1fdfa18771303e,"[[2, 10, 11], [6, 7, 8], [1, 3, 5], [0, 4, 9]]",0.07603872962220123,-0.7283592167868679,1.7429028467004606,-6.097122362915964e-16,,1.0,0.030020161290322617,0.030020161290322617,0.10319987799386791,-0.25,0.0,"{""1"": 1}",0.030020161290322617,0.03001973609582799,0.548485571637038,1e-05,True,40,development_isotonic_frozen
s1-i14,held_out,1,oracle,confidence,4,0.15,017d73826b67dfe3,"[[2, 4, 11], [1, 7, 8], [3, 6, 9], [0, 5, 10]]",0.07603872962220123,-0.6132322355198336,1.9070496699483908,-9.656447132375394e-16,,1.0,0.008660714285714306,0.008660714285714306,0.10319987799386791,0.0,0.0,"{""1"": 1}",0.008660714285714306,0.008660551663301675,0.7589955086438291,1e-05,True,40,development_isotonic_frozen
s1-i14,held_out,1,oracle,entropy,4,0.15,28b600621aa45684,"[[2, 4, 11], [0, 7, 8], [1, 6, 9], [3, 5, 10]]",0.07603872962220123,-0.6181642977898231,1.9184818888446185,-9.507854132354866e-16,,1.0,0.007802197802197812,0.007802197802197812,0.10319987799386791,0.0,0.0,"{""1"": 1}",0.007802197802197812,0.007802095548128875,0.7589955086438291,1e-05,True,40,development_isotonic_frozen
s1-i14,held_out,1,oracle,dependency_cmi,4,0.15,d7fa1210e933a6b6,"[[1, 3, 4], [2, 6, 8], [5, 9, 10], [0, 7, 11]]",0.07603872962220123,-0.7242578784476247,1.7792920008256683,-3.240733384937242e-16,,1.0,0.039513888888888904,0.039513888888888904,0.10319987799386791,0.0,0.0,"{""1"": 1}",0.039513888888888904,0.03951322108213774,0.7028633470670517,1e-05,True,40,development_isotonic_frozen
s1-i14,held_out,1,oracle,min_within_batch_tc,4,0.15,9c42b6014df84f9f,"[[1, 2, 7], [3, 5, 6], [9, 10, 11], [0, 4, 8]]",0.07603872962220123,-0.7579035125642856,1.7015625268466623,-4.36466917720626e-16,,1.0,0.01814516129032259,0.01814516129032259,0.10319987799386791,0.0,0.0,"{""1"": 1}",0.01814516129032259,0.018144979841227284,0.548485571637038,1e-05,True,40,development_isotonic_frozen
s1-i14,held_out,1,oracle,dprm_myopic,4,0.15,190a8e31f565a86a,"[[1, 4, 5], [0, 2, 6], [3, 7, 8], [9, 10, 11]]",0.07603872962220123,-0.732803903606294,1.7938702510062345,-4.671204970341875e-16,,1.0,0.010858516483516503,0.010858516483516503,0.10319987799386791,0.0,1.0,"{""1"": 1}",0.010858516483516503,0.010858257908502684,0.7851580456674386,1e-05,True,40,development_isotonic_frozen
s1-i14,held_out,1,oracle,dprm_rollout,4,0.15,9f24a05cffce3b3a,"[[1, 2, 4], [5, 6, 7], [0, 8, 9], [3, 10, 11]]",0.07603872962220123,-0.6887865483657034,1.8366932917856627,-6.329472322676571e-16,,0.0,0.02693910256410257,0.02693910256410257,0.0316741333019828,0.0,0.0,"{""2"": 1}",0.02693910256410257,0.026938640658627153,1.1122307048185391,1e-05,True,40,development_isotonic_frozen
s1-i14,held_out,1,oracle,subset_exact,4,0.15,6875084ae8150cac,"[[0, 2, 3], [1, 4, 11], [6, 7, 8], [5, 9, 10]]",0.07603872962220123,-0.6844163467393053,1.8304400102527056,-5.703018917614041e-16,,1.0,0.019258241758241822,0.019258241758241822,0.10319987799386791,0.0,1.0,"{""1"": 1}",0.019258241758241822,0.019257539764878175,0.7589955086438291,1e-05,True,40,development_isotonic_frozen
s1-i14,held_out,1,oracle,subset_beam_8,4,0.15,6875084ae8150cac,"[[0, 2, 3], [1, 4, 11], [6, 7, 8], [5, 9, 10]]",0.07603872962220123,-0.6844163467393053,1.8304400102527056,-5.703018917614041e-16,,1.0,0.019258241758241822,0.019258241758241822,0.10319987799386791,0.0,1.0,"{""1"": 1}",0.019258241758241822,0.019257539764878175,0.7589955086438291,1e-05,True,40,development_isotonic_frozen
s1-i14,held_out,1,oracle,subset_beam_32,4,0.15,6875084ae8150cac,"[[0, 2, 3], [1, 4, 11], [6, 7, 8], [5, 9, 10]]",0.07603872962220123,-0.6844163467393053,1.8304400102527056,-5.703018917614041e-16,,1.0,0.019258241758241822,0.019258241758241822,0.10319987799386791,0.0,1.0,"{""1"": 1}",0.019258241758241822,0.019257539764878175,0.7589955086438291,1e-05,True,40,development_isotonic_frozen
s1-i14,held_out,1,oracle,saps_diagonal,4,0.15,db1fdfa18771303e,"[[2, 10, 11], [6, 7, 8], [1, 3, 5], [0, 4, 9]]",0.07603872962220123,-0.7283592167868679,1.7429028467004606,-6.097122362915964e-16,,1.0,0.030020161290322617,0.030020161290322617,0.10319987799386791,-0.25,0.0,"{""1"": 1}",0.030020161290322617,0.03001973609582799,0.548485571637038,1e-05,True,40,development_isotonic_frozen
s1-i14,held_out,1,oracle,p_saps_residualized,4,0.15,fa7cc79ac8d48695,"[[3, 7, 9], [0, 5, 8], [1, 4, 10], [2, 6, 11]]",0.07603872962220123,-0.8129292954882675,1.6475181804044372,-7.52404922118557e-16,,1.0,0.0031343984962406007,0.0031343984962406007,0.10319987799386791,0.0,0.0,"{""1"": 1}",0.0031343984962406007,0.0031343727080962343,0.6677955971458849,1e-05,True,80,development_isotonic_frozen
s1-i14,held_out,1,oracle,p_saps_projection,4,0.15,4f755e284df8cf01,"[[5, 7, 8], [1, 10, 11], [0, 3, 9], [2, 4, 6]]",0.07603872962220123,-0.8090013424764128,1.6487984994340679,-7.682224077471526e-16,,0.0,0.08288043478260892,0.08288043478260892,0.0316741333019828,0.0,0.0,"{""2"": 1}",0.08288043478260892,0.08287693769297244,0.806883477870499,1e-05,True,640,development_isotonic_frozen
s1-i14,held_out,1,oracle,b_saps_budgeted,4,0.15,db1fdfa18771303e,"[[2, 10, 11], [6, 7, 8], [1, 3, 5], [0, 4, 9]]",0.07603872962220123,-0.7283592167868679,1.7429028467004606,-6.097122362915964e-16,,1.0,0.030020161290322617,0.030020161290322617,0.10319987799386791,-0.25,0.0,"{""1"": 1}",0.030020161290322617,0.03001973609582799,0.548485571637038,1e-05,True,40,development_isotonic_frozen
s1-i14,held_out,1,random_matched,random_balanced,1,0.01,8a4f20d215a3b9a1,"[[0, 1, 2, 3, 4, 5, 6, 7, 8, 9, 10, 11]]",0.021304297328919045,-0.0,0.0,-3.941931670682841e-15,,0.0,0.11225166017346759,0.11225166017346759,0.021304297328919045,0.0,0.0,"{""3"": 10, ""2"": 11, ""4"": 9}",0.11225166017346759,0.11225047762419302,26.317076207440493,1e-05,True,40,development_isotonic_frozen
s1-i14,held_out,1,random_matched,confidence,1,0.01,8a4f20d215a3b9a1,"[[0, 1, 2, 3, 4, 5, 6, 7, 8, 9, 10, 11]]",0.021304297328919045,-0.0,0.0,-3.941931670682841e-15,,0.0,0.11225166017346759,0.11225166017346759,0.021304297328919045,0.0,0.0,"{""3"": 10, ""2"": 11, ""4"": 9}",0.11225166017346759,0.11225047762419302,26.317076207440493,1e-05,True,40,development_isotonic_frozen
s1-i14,held_out,1,random_matched,entropy,1,0.01,8a4f20d215a3b9a1,"[[0, 1, 2, 3, 4, 5, 6, 7, 8, 9, 10, 11]]",0.021304297328919045,-0.0,0.0,-3.941931670682841e-15,,0.0,0.11225166017346759,0.11225166017346759,0.021304297328919045,0.0,0.0,"{""3"": 10, ""2"": 11, ""4"": 9}",0.11225166017346759,0.11225047762419302,26.317076207440493,1e-05,True,40,development_isotonic_frozen
s1-i14,held_out,1,random_matched,dependency_cmi,1,0.01,8a4f20d215a3b9a1,"[[0, 1, 2, 3, 4, 5, 6, 7, 8, 9, 10, 11]]",0.021304297328919045,-0.0,0.0,-3.941931670682841e-15,,0.0,0.11225166017346759,0.11225166017346759,0.021304297328919045,0.0,0.0,"{""3"": 10, ""2"": 11, ""4"": 9}",0.11225166017346759,0.11225047762419302,26.317076207440493,1e-05,True,40,development_isotonic_frozen
s1-i14,held_out,1,random_matched,min_within_batch_tc,1,0.01,8a4f20d215a3b9a1,"[[0, 1, 2, 3, 4, 5, 6, 7, 8, 9, 10, 11]]",0.021304297328919045,-0.0,0.0,-3.941931670682841e-15,,0.0,0.11225166017346759,0.11225166017346759,0.021304297328919045,0.0,0.0,"{""3"": 10, ""2"": 11, ""4"": 9}",0.11225166017346759,0.11225047762419302,26.317076207440493,1e-05,True,40,development_isotonic_frozen
s1-i14,held_out,1,random_matched,dprm_myopic,1,0.01,8a4f20d215a3b9a1,"[[0, 1, 2, 3, 4, 5, 6, 7, 8, 9, 10, 11]]",0.021304297328919045,-0.0,0.0,-3.941931670682841e-15,,0.0,0.11225166017346759,0.11225166017346759,0.021304297328919045,0.0,0.0,"{""3"": 10, ""2"": 11, ""4"": 9}",0.11225166017346759,0.11225047762419302,26.317076207440493,1e-05,True,40,development_isotonic_frozen
s1-i14,held_out,1,random_matched,dprm_rollout,1,0.01,8a4f20d215a3b9a1,"[[0, 1, 2, 3, 4, 5, 6, 7, 8, 9, 10, 11]]",0.021304297328919045,-0.0,0.0,-3.941931670682841e-15,,0.0,0.11225166017346759,0.11225166017346759,0.021304297328919045,0.0,0.0,"{""3"": 10, ""2"": 11, ""4"": 9}",0.11225166017346759,0.11225047762419302,26.317076207440493,1e-05,True,40,development_isotonic_frozen
s1-i14,held_out,1,random_matched,subset_exact,1,0.01,8a4f20d215a3b9a1,"[[0, 1, 2, 3, 4, 5, 6, 7, 8, 9, 10, 11]]",0.021304297328919045,-0.0,0.0,-3.941931670682841e-15,,0.0,0.11225166017346759,0.11225166017346759,0.021304297328919045,0.0,0.0,"{""3"": 10, ""2"": 11, ""4"": 9}",0.11225166017346759,0.11225047762419302,26.317076207440493,1e-05,True,40,development_isotonic_frozen
s1-i14,held_out,1,random_matched,subset_beam_8,1,0.01,8a4f20d215a3b9a1,"[[0, 1, 2, 3, 4, 5, 6, 7, 8, 9, 10, 11]]",0.021304297328919045,-0.0,0.0,-3.941931670682841e-15,,0.0,0.11225166017346759,0.11225166017346759,0.021304297328919045,0.0,0.0,"{""3"": 10, ""2"": 11, ""4"": 9}",0.11225166017346759,0.11225047762419302,26.317076207440493,1e-05,True,40,development_isotonic_frozen
s1-i14,held_out,1,random_matched,subset_beam_32,1,0.01,8a4f20d215a3b9a1,"[[0, 1, 2, 3, 4, 5, 6, 7, 8, 9, 10, 11]]",0.021304297328919045,-0.0,0.0,-3.941931670682841e-15,,0.0,0.11225166017346759,0.11225166017346759,0.021304297328919045,0.0,0.0,"{""3"": 10, ""2"": 11, ""4"": 9}",0.11225166017346759,0.11225047762419302,26.317076207440493,1e-05,True,40,development_isotonic_frozen
s1-i14,held_out,1,random_matched,saps_diagonal,1,0.01,8a4f20d215a3b9a1,"[[0, 1, 2, 3, 4, 5, 6, 7, 8, 9, 10, 11]]",0.021304297328919045,-0.0,0.0,-3.941931670682841e-15,,0.0,0.11225166017346759,0.11225166017346759,0.021304297328919045,0.0,0.0,"{""3"": 10, ""2"": 11, ""4"": 9}",0.11225166017346759,0.11225047762419302,26.317076207440493,1e-05,True,40,development_isotonic_frozen
s1-i14,held_out,1,random_matched,p_saps_residualized,1,0.01,8a4f20d215a3b9a1,"[[0, 1, 2, 3, 4, 5, 6, 7, 8, 9, 10, 11]]",0.021304297328919045,-0.0,0.0,-3.941931670682841e-15,,0.0,0.11225166017346759,0.11225166017346759,0.021304297328919045,0.0,0.0,"{""3"": 10, ""2"": 11, ""4"": 9}",0.11225166017346759,0.11225047762419302,26.317076207440493,1e-05,True,40,development_isotonic_frozen
s1-i14,held_out,1,random_matched,p_saps_projection,1,0.01,8a4f20d215a3b9a1,"[[0, 1, 2, 3, 4, 5, 6, 7, 8, 9, 10, 11]]",0.021304297328919045,-0.0,0.0,-3.941931670682841e-15,,0.0,0.11225166017346759,0.11225166017346759,0.021304297328919045,0.0,0.0,"{""3"": 10, ""2"": 11, ""4"": 9}",0.11225166017346759,0.11225047762419302,26.317076207440493,1e-05,True,40,development_isotonic_frozen
s1-i14,held_out,1,random_matched,b_saps_budgeted,1,0.01,8a4f20d215a3b9a1,"[[0, 1, 2, 3, 4, 5, 6, 7, 8, 9, 10, 11]]",0.021304297328919045,-0.0,0.0,-3.941931670682841e-15,,0.0,0.11225166017346759,0.11225166017346759,0.021304297328919045,0.0,0.0,"{""3"": 10, ""2"": 11, ""4"": 9}",0.11225166017346759,0.11225047762419302,26.317076207440493,1e-05,True,40,development_isotonic_frozen
s1-i14,held_out,1,random_matched,random_balanced,1,0.05,8a4f20d215a3b9a1,"[[0, 1, 2, 3, 4, 5, 6, 7, 8, 9, 10, 11]]",0.11897787136150911,-0.0,0.0,-3.941931670682841e-15,,0.0,0.11225166017346759,0.11225166017346759,0.11897787136150911,-0.125,0.0,"{""3"": 10, ""2"": 11, ""4"": 9}",0.11225166017346759,0.11225047762419302,26.317076207440493,1e-05,True,40,development_isotonic_frozen
s1-i14,held_out,1,random_matched,confidence,1,0.05,8a4f20d215a3b9a1,"[[0, 1, 2, 3, 4, 5, 6, 7, 8, 9, 10, 11]]",0.11897787136150911,-0.0,0.0,-3.941931670682841e-15,,0.0,0.11225166017346759,0.11225166017346759,0.11897787136150911,-0.125,0.0,"{""3"": 10, ""2"": 11, ""4"": 9}",0.11225166017346759,0.11225047762419302,26.317076207440493,1e-05,True,40,development_isotonic_frozen
s1-i14,held_out,1,random_matched,entropy,1,0.05,8a4f20d215a3b9a1,"[[0, 1, 2, 3, 4, 5, 6, 7, 8, 9, 10, 11]]",0.11897787136150911,-0.0,0.0,-3.941931670682841e-15,,0.0,0.11225166017346759,0.11225166017346759,0.11897787136150911,-0.125,0.0,"{""3"": 10, ""2"": 11, ""4"": 9}",0.11225166017346759,0.11225047762419302,26.317076207440493,1e-05,True,40,development_isotonic_frozen
s1-i14,held_out,1,random_matched,dependency_cmi,1,0.05,8a4f20d215a3b9a1,"[[0, 1, 2, 3, 4, 5, 6, 7, 8, 9, 10, 11]]",0.11897787136150911,-0.0,0.0,-3.941931670682841e-15,,0.0,0.11225166017346759,0.11225166017346759,0.11897787136150911,-0.125,0.0,"{""3"": 10, ""2"": 11, ""4"": 9}",0.11225166017346759,0.11225047762419302,26.317076207440493,1e-05,True,40,development_isotonic_frozen
s1-i14,held_out,1,random_matched,min_within_batch_tc,1,0.05,8a4f20d215a3b9a1,"[[0, 1, 2, 3, 4, 5, 6, 7, 8, 9, 10, 11]]",0.11897787136150911,-0.0,0.0,-3.941931670682841e-15,,0.0,0.11225166017346759,0.11225166017346759,0.11897787136150911,-0.125,0.0,"{""3"": 10, ""2"": 11, ""4"": 9}",0.11225166017346759,0.11225047762419302,26.317076207440493,1e-05,True,40,development_isotonic_frozen
s1-i14,held_out,1,random_matched,dprm_myopic,1,0.05,8a4f20d215a3b9a1,"[[0, 1, 2, 3, 4, 5, 6, 7, 8, 9, 10, 11]]",0.11897787136150911,-0.0,0.0,-3.941931670682841e-15,,0.0,0.11225166017346759,0.11225166017346759,0.11897787136150911,-0.125,0.0,"{""3"": 10, ""2"": 11, ""4"": 9}",0.11225166017346759,0.11225047762419302,26.317076207440493,1e-05,True,40,development_isotonic_frozen
s1-i14,held_out,1,random_matched,dprm_rollout,1,0.05,8a4f20d215a3b9a1,"[[0, 1, 2, 3, 4, 5, 6, 7, 8, 9, 10, 11]]",0.11897787136150911,-0.0,0.0,-3.941931670682841e-15,,0.0,0.11225166017346759,0.11225166017346759,0.11897787136150911,-0.125,0.0,"{""3"": 10, ""2"": 11, ""4"": 9}",0.11225166017346759,0.11225047762419302,26.317076207440493,1e-05,True,40,development_isotonic_frozen
s1-i14,held_out,1,random_matched,subset_exact,1,0.05,8a4f20d215a3b9a1,"[[0, 1, 2, 3, 4, 5, 6, 7, 8, 9, 10, 11]]",0.11897787136150911,-0.0,0.0,-3.941931670682841e-15,,0.0,0.11225166017346759,0.11225166017346759,0.11897787136150911,-0.125,0.0,"{""3"": 10, ""2"": 11, ""4"": 9}",0.11225166017346759,0.11225047762419302,26.317076207440493,1e-05,True,40,development_isotonic_frozen
s1-i14,held_out,1,random_matched,subset_beam_8,1,0.05,8a4f20d215a3b9a1,"[[0, 1, 2, 3, 4, 5, 6, 7, 8, 9, 10, 11]]",0.11897787136150911,-0.0,0.0,-3.941931670682841e-15,,0.0,0.11225166017346759,0.11225166017346759,0.11897787136150911,-0.125,0.0,"{""3"": 10, ""2"": 11, ""4"": 9}",0.11225166017346759,0.11225047762419302,26.317076207440493,1e-05,True,40,development_isotonic_frozen
s1-i14,held_out,1,random_matched,subset_beam_32,1,0.05,8a4f20d215a3b9a1,"[[0, 1, 2, 3, 4, 5, 6, 7, 8, 9, 10, 11]]",0.11897787136150911,-0.0,0.0,-3.941931670682841e-15,,0.0,0.11225166017346759,0.11225166017346759,0.11897787136150911,-0.125,0.0,"{""3"": 10, ""2"": 11, ""4"": 9}",0.11225166017346759,0.11225047762419302,26.317076207440493,1e-05,True,40,development_isotonic_frozen
s1-i14,held_out,1,random_matched,saps_diagonal,1,0.05,8a4f20d215a3b9a1,"[[0, 1, 2, 3, 4, 5, 6, 7, 8, 9, 10, 11]]",0.11897787136150911,-0.0,0.0,-3.941931670682841e-15,,0.0,0.11225166017346759,0.11225166017346759,0.11897787136150911,-0.125,0.0,"{""3"": 10, ""2"": 11, ""4"": 9}",0.11225166017346759,0.11225047762419302,26.317076207440493,1e-05,True,40,development_isotonic_frozen
s1-i14,held_out,1,random_matched,p_saps_residualized,1,0.05,8a4f20d215a3b9a1,"[[0, 1, 2, 3, 4, 5, 6, 7, 8, 9, 10, 11]]",0.11897787136150911,-0.0,0.0,-3.941931670682841e-15,,0.0,0.11225166017346759,0.11225166017346759,0.11897787136150911,-0.125,0.0,"{""3"": 10, ""2"": 11, ""4"": 9}",0.11225166017346759,0.11225047762419302,26.317076207440493,1e-05,True,40,development_isotonic_frozen
s1-i14,held_out,1,random_matched,p_saps_projection,1,0.05,8a4f20d215a3b9a1,"[[0, 1, 2, 3, 4, 5, 6, 7, 8, 9, 10, 11]]",0.11897787136150911,-0.0,0.0,-3.941931670682841e-15,,0.0,0.11225166017346759,0.11225166017346759,0.11897787136150911,-0.125,0.0,"{""3"": 10, ""2"": 11, ""4"": 9}",0.11225166017346759,0.11225047762419302,26.317076207440493,1e-05,True,40,development_isotonic_frozen
s1-i14,held_out,1,random_matched,b_saps_budgeted,1,0.05,8a4f20d215a3b9a1,"[[0, 1, 2, 3, 4, 5, 6, 7, 8, 9, 10, 11]]",0.11897787136150911,-0.0,0.0,-3.941931670682841e-15,,0.0,0.11225166017346759,0.11225166017346759,0.11897787136150911,-0.125,0.0,"{""3"": 10, ""2"": 11, ""4"": 9}",0.11225166017346759,0.11225047762419302,26.317076207440493,1e-05,True,40,development_isotonic_frozen
s1-i14,held_out,1,random_matched,random_balanced,1,0.15,8a4f20d215a3b9a1,"[[0, 1, 2, 3, 4, 5, 6, 7, 8, 9, 10, 11]]",0.3484154663218108,-0.0,0.0,-3.941931670682841e-15,,0.0,0.11225166017346759,0.11225166017346759,0.3484154663218108,-0.125,1.0,"{""3"": 10, ""2"": 11, ""4"": 9}",0.11225166017346759,0.11225047762419302,26.317076207440493,1e-05,True,40,development_isotonic_frozen
s1-i14,held_out,1,random_matched,confidence,1,0.15,8a4f20d215a3b9a1,"[[0, 1, 2, 3, 4, 5, 6, 7, 8, 9, 10, 11]]",0.3484154663218108,-0.0,0.0,-3.941931670682841e-15,,0.0,0.11225166017346759,0.11225166017346759,0.3484154663218108,-0.125,1.0,"{""3"": 10, ""2"": 11, ""4"": 9}",0.11225166017346759,0.11225047762419302,26.317076207440493,1e-05,True,40,development_isotonic_frozen
s1-i14,held_out,1,random_matched,entropy,1,0.15,8a4f20d215a3b9a1,"[[0, 1, 2, 3, 4, 5, 6, 7, 8, 9, 10, 11]]",0.3484154663218108,-0.0,0.0,-3.941931670682841e-15,,0.0,0.11225166017346759,0.11225166017346759,0.3484154663218108,-0.125,1.0,"{""3"": 10, ""2"": 11, ""4"": 9}",0.11225166017346759,0.11225047762419302,26.317076207440493,1e-05,True,40,development_isotonic_frozen
s1-i14,held_out,1,random_matched,dependency_cmi,1,0.15,8a4f20d215a3b9a1,"[[0, 1, 2, 3, 4, 5, 6, 7, 8, 9, 10, 11]]",0.3484154663218108,-0.0,0.0,-3.941931670682841e-15,,0.0,0.11225166017346759,0.11225166017346759,0.3484154663218108,-0.125,1.0,"{""3"": 10, ""2"": 11, ""4"": 9}",0.11225166017346759,0.11225047762419302,26.317076207440493,1e-05,True,40,development_isotonic_frozen
s1-i14,held_out,1,random_matched,min_within_batch_tc,1,0.15,8a4f20d215a3b9a1,"[[0, 1, 2, 3, 4, 5, 6, 7, 8, 9, 10, 11]]",0.3484154663218108,-0.0,0.0,-3.941931670682841e-15,,0.0,0.11225166017346759,0.11225166017346759,0.3484154663218108,-0.125,1.0,"{""3"": 10, ""2"": 11, ""4"": 9}",0.11225166017346759,0.11225047762419302,26.317076207440493,1e-05,True,40,development_isotonic_frozen
s1-i14,held_out,1,random_matched,dprm_myopic,1,0.15,8a4f20d215a3b9a1,"[[0, 1, 2, 3, 4, 5, 6, 7, 8, 9, 10, 11]]",0.3484154663218108,-0.0,0.0,-3.941931670682841e-15,,0.0,0.11225166017346759,0.11225166017346759,0.3484154663218108,-0.125,1.0,"{""3"": 10, ""2"": 11, ""4"": 9}",0.11225166017346759,0.11225047762419302,26.317076207440493,1e-05,True,40,development_isotonic_frozen
s1-i14,held_out,1,random_matched,dprm_rollout,1,0.15,8a4f20d215a3b9a1,"[[0, 1, 2, 3, 4, 5, 6, 7, 8, 9, 10, 11]]",0.3484154663218108,-0.0,0.0,-3.941931670682841e-15,,0.0,0.11225166017346759,0.11225166017346759,0.3484154663218108,-0.125,1.0,"{""3"": 10, ""2"": 11, ""4"": 9}",0.11225166017346759,0.11225047762419302,26.317076207440493,1e-05,True,40,development_isotonic_frozen
s1-i14,held_out,1,random_matched,subset_exact,1,0.15,8a4f20d215a3b9a1,"[[0, 1, 2, 3, 4, 5, 6, 7, 8, 9, 10, 11]]",0.3484154663218108,-0.0,0.0,-3.941931670682841e-15,,0.0,0.11225166017346759,0.11225166017346759,0.3484154663218108,-0.125,1.0,"{""3"": 10, ""2"": 11, ""4"": 9}",0.11225166017346759,0.11225047762419302,26.317076207440493,1e-05,True,40,development_isotonic_frozen
s1-i14,held_out,1,random_matched,subset_beam_8,1,0.15,8a4f20d215a3b9a1,"[[0, 1, 2, 3, 4, 5, 6, 7, 8, 9, 10, 11]]",0.3484154663218108,-0.0,0.0,-3.941931670682841e-15,,0.0,0.11225166017346759,0.11225166017346759,0.3484154663218108,-0.125,1.0,"{""3"": 10, ""2"": 11, ""4"": 9}",0.11225166017346759,0.11225047762419302,26.317076207440493,1e-05,True,40,development_isotonic_frozen
s1-i14,held_out,1,random_matched,subset_beam_32,1,0.15,8a4f20d215a3b9a1,"[[0, 1, 2, 3, 4, 5, 6, 7, 8, 9, 10, 11]]",0.3484154663218108,-0.0,0.0,-3.941931670682841e-15,,0.0,0.11225166017346759,0.11225166017346759,0.3484154663218108,-0.125,1.0,"{""3"": 10, ""2"": 11, ""4"": 9}",0.11225166017346759,0.11225047762419302,26.317076207440493,1e-05,True,40,development_isotonic_frozen
s1-i14,held_out,1,random_matched,saps_diagonal,1,0.15,8a4f20d215a3b9a1,"[[0, 1, 2, 3, 4, 5, 6, 7, 8, 9, 10, 11]]",0.3484154663218108,-0.0,0.0,-3.941931670682841e-15,,0.0,0.11225166017346759,0.11225166017346759,0.3484154663218108,-0.125,1.0,"{""3"": 10, ""2"": 11, ""4"": 9}",0.11225166017346759,0.11225047762419302,26.317076207440493,1e-05,True,40,development_isotonic_frozen
s1-i14,held_out,1,random_matched,p_saps_residualized,1,0.15,8a4f20d215a3b9a1,"[[0, 1, 2, 3, 4, 5, 6, 7, 8, 9, 10, 11]]",0.3484154663218108,-0.0,0.0,-3.941931670682841e-15,,0.0,0.11225166017346759,0.11225166017346759,0.3484154663218108,-0.125,1.0,"{""3"": 10, ""2"": 11, ""4"": 9}",0.11225166017346759,0.11225047762419302,26.317076207440493,1e-05,True,40,development_isotonic_frozen
s1-i14,held_out,1,random_matched,p_saps_projection,1,0.15,8a4f20d215a3b9a1,"[[0, 1, 2, 3, 4, 5, 6, 7, 8, 9, 10, 11]]",0.3484154663218108,-0.0,0.0,-3.941931670682841e-15,,0.0,0.11225166017346759,0.11225166017346759,0.3484154663218108,-0.125,1.0,"{""3"": 10, ""2"": 11, ""4"": 9}",0.11225166017346759,0.11225047762419302,26.317076207440493,1e-05,True,40,development_isotonic_frozen
s1-i14,held_out,1,random_matched,b_saps_budgeted,1,0.15,8a4f20d215a3b9a1,"[[0, 1, 2, 3, 4, 5, 6, 7, 8, 9, 10, 11]]",0.3484154663218108,-0.0,0.0,-3.941931670682841e-15,,0.0,0.11225166017346759,0.11225166017346759,0.3484154663218108,-0.125,1.0,"{""3"": 10, ""2"": 11, ""4"": 9}",0.11225166017346759,0.11225047762419302,26.317076207440493,1e-05,True,40,development_isotonic_frozen
s1-i14,held_out,1,random_matched,random_balanced,2,0.01,b2042ee6bb3f9ca0,"[[2, 6, 7, 8, 10, 11], [0, 1, 3, 4, 5, 9]]",0.029881352097704632,-0.23561965390147566,0.592148700381972,-1.6893335253019252e-15,,16.0,0.14422033688753186,0.14422033688753186,0.03043471046988435,0.0,0.0,"{""3"": 5, ""2"": 9, ""1"": 16}",0.14422033688753186,0.14421631123921086,18.51763879486844,1e-05,True,40,development_isotonic_frozen
s1-i14,held_out,1,random_matched,confidence,2,0.01,dfcbe321f3a6d56e,"[[1, 2, 4, 7, 8, 11], [0, 3, 5, 6, 9, 10]]",0.029881352097704632,-0.19916233259799898,0.6440094846903074,-2.052822611122185e-15,,12.0,0.12699848258121438,0.12699848258121438,0.03043471046988435,0.0,0.0,"{""1"": 12, ""2"": 14, ""3"": 4}",0.12699848258121438,0.12699378444339499,20.132959201978146,1e-05,True,40,development_isotonic_frozen
s1-i14,held_out,1,random_matched,entropy,2,0.01,9c490f92ad176402,"[[0, 2, 4, 7, 8, 11], [1, 3, 5, 6, 9, 10]]",0.029881352097704632,-0.20337695130364886,0.6456477596133702,-1.7373896470557243e-15,,10.0,0.14330780101554902,0.14330780101554902,0.03043471046988435,0.0,1.0,"{""1"": 10, ""2"": 15, ""3"": 5}",0.14330780101554902,0.14330461478488649,19.426800252793964,1e-05,True,40,development_isotonic_frozen
s1-i14,held_out,1,random_matched,dependency_cmi,2,0.01,6e19f1c7e8b3a13d,"[[1, 3, 4, 6, 9, 10], [0, 2, 5, 7, 8, 11]]",0.029881352097704632,-0.25996040801879067,0.5669363023901404,-1.4654295096723832e-15,,13.0,0.2083021784462134,0.2083021784462134,0.029420220120888203,0.0,0.0,"{""1"": 13, ""2"": 11, ""3"": 5, ""4"": 1}",0.2083021784462134,0.20829171573764166,21.727134513766,1e-05,True,40,development_isotonic_frozen
s1-i14,held_out,1,random_matched,min_within_batch_tc,2,0.01,f97c14df192b4442,"[[1, 3, 6, 9, 10, 11], [0, 2, 4, 5, 7, 8]]",0.029881352097704632,-0.26958211743113075,0.5427236941330794,-1.4859563668184158e-15,,14.0,0.1567790393239905,0.1567790393239905,0.029420220120888203,0.0,0.0,"{""2"": 10, ""1"": 14, ""3"": 5, ""4"": 1}",0.1567790393239905,0.1567769450563703,23.91043008213766,1e-05,True,40,development_isotonic_frozen
s1-i14,held_out,1,random_matched,dprm_myopic,2,0.01,0fa0744cd86b5ab2,"[[0, 1, 2, 4, 5, 6], [3, 7, 8, 9, 10, 11]]",0.029881352097704632,-0.24162732039889523,0.605316921774318,-1.873039464939038e-15,,11.0,0.1064482169708883,0.1064482169708883,0.029420220120888203,0.0,0.0,"{""3"": 4, ""2"": 14, ""1"": 11, ""4"": 1}",0.1064482169708883,0.10644419066922924,22.08099587637474,1e-05,True,40,development_isotonic_frozen
s1-i14,held_out,1,random_matched,dprm_rollout,2,0.01,92c4940b734e4ffe,"[[0, 1, 2, 3, 6, 8], [4, 5, 7, 9, 10, 11]]",0.029881352097704632,-0.2583677324469696,0.5728623337616566,-1.7878752639515532e-15,,15.0,0.15277381171058227,0.15277381171058227,0.03043471046988435,0.0,0.0,"{""1"": 15, ""3"": 4, ""2"": 11}",0.15277381171058227,0.15276862145258907,21.8121082823371,1e-05,True,40,development_isotonic_frozen
s1-i14,held_out,1,random_matched,subset_exact,2,0.01,0de5696474dda1c3,"[[0, 1, 2, 3, 4, 5], [6, 7, 8, 9, 10, 11]]",0.029881352097704632,-0.24329849554824404,0.5959553044818743,-1.7373771797332942e-15,,11.0,0.13386390413288474,0.13386390413288474,0.029420220120888203,0.0,0.0,"{""3"": 5, ""1"": 11, ""2"": 13, ""4"": 1}",0.13386390413288474,0.13385694344660684,20.70119428819284,1e-05,True,40,development_isotonic_frozen
s1-i14,held_out,1,random_matched,subset_beam_8,2,0.01,0de5696474dda1c3,"[[0, 1, 2, 3, 4, 5], [6, 7, 8, 9, 10, 11]]",0.029881352097704632,-0.24329849554824404,0.5959553044818743,-1.7373771797332942e-15,,11.0,0.13386390413288474,0.13386390413288474,0.029420220120888203,0.0,0.0,"{""3"": 5, ""1"": 11, ""2"": 13, ""4"": 1}",0.13386390413288474,0.13385694344660684,20.70119428819284,1e-05,True,40,development_isotonic_frozen
s1-i14,held_out,1,random_matched,subset_beam_32,2,0.01,0de5696474dda1c3,"[[0, 1, 2, 3, 4, 5], [6, 7, 8, 9, 10, 11]]",0.029881352097704632,-0.24329849554824404,0.5959553044818743,-1.7373771797332942e-15,,11.0,0.13386390413288474,0.13386390413288474,0.029420220120888203,0.0,0.0,"{""3"": 5, ""1"": 11, ""2"": 13, ""4"": 1}",0.13386390413288474,0.13385694344660684,20.70119428819284,1e-05,True,40,development_isotonic_frozen
s1-i14,held_out,1,random_matched,saps_diagonal,2,0.01,df3a8e533c737d8f,"[[2, 3, 6, 7, 8, 10], [0, 1, 4, 5, 9, 11]]",0.029881352097704632,-0.2557121182129787,0.5666378824034878,-1.471747662169548e-15,,18.0,0.15590042251006925,0.15590042251006925,0.03043471046988435,0.0,0.0,"{""3"": 3, ""1"": 18, ""2"": 9}",0.15590042251006925,0.1558875184988262,17.95455180846598,1e-05,True,40,development_isotonic_frozen
s1-i14,held_out,1,random_matched,p_saps_residualized,2,0.01,ca406881e108ee96,"[[3, 4, 5, 7, 8, 9], [0, 1, 2, 6, 10, 11]]",0.029881352097704632,-0.2503934855711982,0.5773669959256356,-1.8708468296156403e-15,,16.0,0.1539174901934426,0.1539174901934426,0.029420220120888203,0.0,1.0,"{""2"": 11, ""1"": 16, ""3"": 2, ""4"": 1}",0.1539174901934426,0.15390880633821122,17.88402673464603,1e-05,True,80,development_isotonic_frozen
s1-i14,held_out,1,random_matched,p_saps_projection,2,0.01,6e19f1c7e8b3a13d,"[[1, 3, 4, 6, 9, 10], [0, 2, 5, 7, 8, 11]]",0.029881352097704632,-0.25996040801879067,0.5669363023901404,-1.4654295096723832e-15,,13.0,0.2083021784462134,0.2083021784462134,0.029420220120888203,0.0,0.0,"{""1"": 13, ""2"": 11, ""3"": 5, ""4"": 1}",0.2083021784462134,0.20829171573764166,21.727134513766,1e-05,True,640,development_isotonic_frozen
s1-i14,held_out,1,random_matched,b_saps_budgeted,2,0.01,b2042ee6bb3f9ca0,"[[2, 6, 7, 8, 10, 11], [0, 1, 3, 4, 5, 9]]",0.029881352097704632,-0.23561965390147566,0.592148700381972,-1.6893335253019252e-15,,16.0,0.14422033688753186,0.14422033688753186,0.03043471046988435,0.0,0.0,"{""3"": 5, ""2"": 9, ""1"": 16}",0.14422033688753186,0.14421631123921086,18.51763879486844,1e-05,True,40,development_isotonic_frozen
s1-i14,held_out,1,random_matched,random_balanced,2,0.05,b2042ee6bb3f9ca0,"[[2, 6, 7, 8, 10, 11], [0, 1, 3, 4, 5, 9]]",0.1358124486070241,-0.23561965390147566,0.592148700381972,-1.6893335253019252e-15,,16.0,0.14422033688753186,0.14422033688753186,0.13689855036479925,0.0,0.0,"{""3"": 5, ""2"": 9, ""1"": 16}",0.14422033688753186,0.14421631123921086,18.51763879486844,1e-05,True,40,development_isotonic_frozen
s1-i14,held_out,1,random_matched,confidence,2,0.05,dfcbe321f3a6d56e,"[[1, 2, 4, 7, 8, 11], [0, 3, 5, 6, 9, 10]]",0.1358124486070241,-0.19916233259799898,0.6440094846903074,-2.052822611122185e-15,,12.0,0.12699848258121438,0.12699848258121438,0.13689855036479925,0.0,0.0,"{""1"": 12, ""2"": 14, ""3"": 4}",0.12699848258121438,0.12699378444339499,20.132959201978146,1e-05,True,40,development_isotonic_frozen
s1-i14,held_out,1,random_matched,entropy,2,0.05,9c490f92ad176402,"[[0, 2, 4, 7, 8, 11], [1, 3, 5, 6, 9, 10]]",0.1358124486070241,-0.20337695130364886,0.6456477596133702,-1.7373896470557243e-15,,10.0,0.14330780101554902,0.14330780101554902,0.13689855036479925,0.0,0.0,"{""1"": 10, ""2"": 15, ""3"": 5}",0.14330780101554902,0.14330461478488649,19.426800252793964,1e-05,True,40,development_isotonic_frozen
s1-i14,held_out,1,random_matched,dependency_cmi,2,0.05,6e19f1c7e8b3a13d,"[[1, 3, 4, 6, 9, 10], [0, 2, 5, 7, 8, 11]]",0.1358124486070241,-0.25996040801879067,0.5669363023901404,-1.4654295096723832e-15,,13.0,0.2083021784462134,0.2083021784462134,0.13490736380887813,0.0,0.0,"{""1"": 13, ""2"": 11, ""3"": 5, ""4"": 1}",0.2083021784462134,0.20829171573764166,21.727134513766,1e-05,True,40,development_isotonic_frozen
s1-i14,held_out,1,random_matched,min_within_batch_tc,2,0.05,f97c14df192b4442,"[[1, 3, 6, 9, 10, 11], [0, 2, 4, 5, 7, 8]]",0.1358124486070241,-0.26958211743113075,0.5427236941330794,-1.4859563668184158e-15,,14.0,0.1567790393239905,0.1567790393239905,0.13490736380887813,0.0,0.0,"{""2"": 10, ""1"": 14, ""3"": 5, ""4"": 1}",0.1567790393239905,0.1567769450563703,23.91043008213766,1e-05,True,40,development_isotonic_frozen
s1-i14,held_out,1,random_matched,dprm_myopic,2,0.05,0fa0744cd86b5ab2,"[[0, 1, 2, 4, 5, 6], [3, 7, 8, 9, 10, 11]]",0.1358124486070241,-0.24162732039889523,0.605316921774318,-1.873039464939038e-15,,11.0,0.1064482169708883,0.1064482169708883,0.13490736380887813,0.0,0.0,"{""3"": 4, ""2"": 14, ""1"": 11, ""4"": 1}",0.1064482169708883,0.10644419066922924,22.08099587637474,1e-05,True,40,development_isotonic_frozen
s1-i14,held_out,1,random_matched,dprm_rollout,2,0.05,6ef57c6a3cb6250e,"[[0, 2, 3, 6, 8, 11], [1, 4, 5, 7, 9, 10]]",0.1358124486070241,-0.2417724432767769,0.5902174826900387,-1.7268378705637524e-15,,13.0,0.12177037393261002,0.12177037393261002,0.13689855036479925,0.0,0.0,"{""2"": 12, ""3"": 5, ""1"": 13}",0.12177037393261002,0.1217673309773653,22.310201098024592,1e-05,True,40,development_isotonic_frozen
s1-i14,held_out,1,random_matched,subset_exact,2,0.05,a3078c2caff90167,"[[0, 1, 2, 3, 4, 6], [5, 7, 8, 9, 10, 11]]",0.1358124486070241,-0.23487325543698376,0.60918323809442,-2.1258264289529153e-15,,11.0,0.1855672298172843,0.1855672298172843,0.132916177252957,0.0,0.0,"{""3"": 3, ""1"": 11, ""2"": 14, ""4"": 2}",0.1855672298172843,0.18556412085583662,23.26263736945521,1e-05,True,40,development_isotonic_frozen
s1-i14,held_out,1,random_matched,subset_beam_8,2,0.05,a3078c2caff90167,"[[0, 1, 2, 3, 4, 6], [5, 7, 8, 9, 10, 11]]",0.1358124486070241,-0.23487325543698376,0.60918323809442,-2.1258264289529153e-15,,11.0,0.1855672298172843,0.1855672298172843,0.132916177252957,0.0,0.0,"{""3"": 3, ""1"": 11, ""2"": 14, ""4"": 2}",0.1855672298172843,0.18556412085583662,23.26263736945521,1e-05,True,40,development_isotonic_frozen
s1-i14,held_out,1,random_matched,subset_beam_32,2,0.05,a3078c2caff90167,"[[0, 1, 2, 3, 4, 6], [5, 7, 8, 9, 10, 11]]",0.1358124486070241,-0.23487325543698376,0.60918323809442,-2.1258264289529153e-15,,11.0,0.1855672298172843,0.1855672298172843,0.132916177252957,0.0,0.0,"{""3"": 3, ""1"": 11, ""2"": 14, ""4"": 2}",0.1855672298172843,0.18556412085583662,23.26263736945521,1e-05,True,40,development_isotonic_frozen
s1-i14,held_out,1,random_matched,saps_diagonal,2,0.05,df3a8e533c737d8f,"[[2, 3, 6, 7, 8, 10], [0, 1, 4, 5, 9, 11]]",0.1358124486070241,-0.2557121182129787,0.5666378824034878,-1.471747662169548e-15,,18.0,0.15590042251006925,0.15590042251006925,0.13689855036479925,-0.125,0.0,"{""3"": 3, ""1"": 18, ""2"": 9}",0.15590042251006925,0.1558875184988262,17.95455180846598,1e-05,True,40,development_isotonic_frozen
s1-i14,held_out,1,random_matched,p_saps_residualized,2,0.05,ca406881e108ee96,"[[3, 4, 5, 7, 8, 9], [0, 1, 2, 6, 10, 11]]",0.1358124486070241,-0.2503934855711982,0.5773669959256356,-1.8708468296156403e-15,,16.0,0.1539174901934426,0.1539174901934426,0.13490736380887813,0.0,0.0,"{""2"": 11, ""1"": 16, ""3"": 2, ""4"": 1}",0.1539174901934426,0.15390880633821122,17.88402673464603,1e-05,True,80,development_isotonic_frozen
s1-i14,held_out,1,random_matched,p_saps_projection,2,0.05,6e19f1c7e8b3a13d,"[[1, 3, 4, 6, 9, 10], [0, 2, 5, 7, 8, 11]]",0.1358124486070241,-0.25996040801879067,0.5669363023901404,-1.4654295096723832e-15,,13.0,0.2083021784462134,0.2083021784462134,0.13490736380887813,0.0,0.0,"{""1"": 13, ""2"": 11, ""3"": 5, ""4"": 1}",0.2083021784462134,0.20829171573764166,21.727134513766,1e-05,True,640,development_isotonic_frozen
s1-i14,held_out,1,random_matched,b_saps_budgeted,2,0.05,b2042ee6bb3f9ca0,"[[2, 6, 7, 8, 10, 11], [0, 1, 3, 4, 5, 9]]",0.1358124486070241,-0.23561965390147566,0.592148700381972,-1.6893335253019252e-15,,16.0,0.14422033688753186,0.14422033688753186,0.13689855036479925,0.0,0.0,"{""3"": 5, ""2"": 9, ""1"": 16}",0.14422033688753186,0.14421631123921086,18.51763879486844,1e-05,True,40,development_isotonic_frozen
s1-i14,held_out,1,random_matched,random_balanced,2,0.15,b2042ee6bb3f9ca0,"[[2, 6, 7, 8, 10, 11], [0, 1, 3, 4, 5, 9]]",1.6840666234508794,-0.23561965390147566,0.592148700381972,-1.6893335253019252e-15,,16.0,0.14422033688753186,0.14422033688753186,1.9362652476197317,0.0,0.0,"{""3"": 5, ""2"": 9, ""1"": 16}",0.14422033688753186,0.14421631123921086,18.51763879486844,1e-05,True,40,development_isotonic_frozen
s1-i14,held_out,1,random_matched,confidence,2,0.15,dfcbe321f3a6d56e,"[[1, 2, 4, 7, 8, 11], [0, 3, 5, 6, 9, 10]]",1.6840666234508794,-0.19916233259799898,0.6440094846903074,-2.052822611122185e-15,,12.0,0.12699848258121438,0.12699848258121438,1.681836402154174,0.0,1.0,"{""1"": 12, ""2"": 14, ""3"": 4}",0.12699848258121438,0.12699378444339499,20.132959201978146,1e-05,True,40,development_isotonic_frozen
s1-i14,held_out,1,random_matched,entropy,2,0.15,9c490f92ad176402,"[[0, 2, 4, 7, 8, 11], [1, 3, 5, 6, 9, 10]]",1.6840666234508794,-0.20337695130364886,0.6456477596133702,-1.7373896470557243e-15,,10.0,0.14330780101554902,0.14330780101554902,1.507110779468421,-0.125,0.0,"{""1"": 10, ""2"": 15, ""3"": 5}",0.14330780101554902,0.14330461478488649,19.426800252793964,1e-05,True,40,development_isotonic_frozen
s1-i14,held_out,1,random_matched,dependency_cmi,2,0.15,6e19f1c7e8b3a13d,"[[1, 3, 4, 6, 9, 10], [0, 2, 5, 7, 8, 11]]",1.6840666234508794,-0.25996040801879067,0.5669363023901404,-1.4654295096723832e-15,,13.0,0.2083021784462134,0.2083021784462134,1.6900138802420936,0.0,1.0,"{""1"": 13, ""2"": 11, ""3"": 5, ""4"": 1}",0.2083021784462134,0.20829171573764166,21.727134513766,1e-05,True,40,development_isotonic_frozen
s1-i14,held_out,1,random_matched,min_within_batch_tc,2,0.15,f97c14df192b4442,"[[1, 3, 6, 9, 10, 11], [0, 2, 4, 5, 7, 8]]",1.6840666234508794,-0.26958211743113075,0.5427236941330794,-1.4859563668184158e-15,,14.0,0.1567790393239905,0.1567790393239905,1.7615396249339788,0.0,1.0,"{""2"": 10, ""1"": 14, ""3"": 5, ""4"": 1}",0.1567790393239905,0.1567769450563703,23.91043008213766,1e-05,True,40,development_isotonic_frozen
s1-i14,held_out,1,random_matched,dprm_myopic,2,0.15,0fa0744cd86b5ab2,"[[0, 1, 2, 4, 5, 6], [3, 7, 8, 9, 10, 11]]",1.6840666234508794,-0.24162732039889523,0.605316921774318,-1.873039464939038e-15,,11.0,0.1064482169708883,0.1064482169708883,1.5786365241603062,0.0,1.0,"{""3"": 4, ""2"": 14, ""1"": 11, ""4"": 1}",0.1064482169708883,0.10644419066922924,22.08099587637474,1e-05,True,40,development_isotonic_frozen
s1-i14,held_out,1,random_matched,dprm_rollout,2,0.15,6c4b4a6ab045c134,"[[0, 2, 6, 8, 10, 11], [1, 3, 4, 5, 7, 9]]",1.6840666234508794,-0.24668959086444897,0.5868741763749074,-1.7106315447892377e-15,,14.0,0.09412196809079253,0.09412196809079253,1.7932137582359615,0.0,0.0,"{""2"": 11, ""1"": 14, ""3"": 4, ""4"": 1}",0.09412196809079253,0.09411984117661162,22.047063380145218,1e-05,True,40,development_isotonic_frozen
s1-i14,held_out,1,random_matched,subset_exact,2,0.15,30e3b53e64a51724,"[[0, 2, 3, 4, 5, 6], [1, 7, 8, 9, 10, 11]]",1.6840666234508794,-0.24512449554020554,0.5971612527242157,-1.972362507991695e-15,,12.0,0.16237094160617652,0.16237094160617652,1.681836402154174,0.0,1.0,"{""1"": 12, ""2"": 14, ""3"": 3, ""4"": 1}",0.16237094160617652,0.16234200791614922,21.23086039403457,1e-05,True,40,development_isotonic_frozen
s1-i14,held_out,1,random_matched,subset_beam_8,2,0.15,0de5696474dda1c3,"[[0, 1, 2, 3, 4, 5], [6, 7, 8, 9, 10, 11]]",1.6840666234508794,-0.24329849554824404,0.5959553044818743,-1.7373771797332942e-15,,11.0,0.13386390413288474,0.13386390413288474,1.5469623908583234,0.0,1.0,"{""3"": 5, ""1"": 11, ""2"": 13, ""4"": 1}",0.13386390413288474,0.13385694344660684,20.70119428819284,1e-05,True,40,development_isotonic_frozen
s1-i14,held_out,1,random_matched,subset_beam_32,2,0.15,0de5696474dda1c3,"[[0, 1, 2, 3, 4, 5], [6, 7, 8, 9, 10, 11]]",1.6840666234508794,-0.24329849554824404,0.5959553044818743,-1.7373771797332942e-15,,11.0,0.13386390413288474,0.13386390413288474,1.5469623908583234,0.0,1.0,"{""3"": 5, ""1"": 11, ""2"": 13, ""4"": 1}",0.13386390413288474,0.13385694344660684,20.70119428819284,1e-05,True,40,development_isotonic_frozen
s1-i14,held_out,1,random_matched,saps_diagonal,2,0.15,df3a8e533c737d8f,"[[2, 3, 6, 7, 8, 10], [0, 1, 4, 5, 9, 11]]",1.6840666234508794,-0.2557121182129787,0.5666378824034878,-1.471747662169548e-15,,18.0,0.15590042251006925,0.15590042251006925,2.1426650036074677,0.0,1.0,"{""3"": 3, ""1"": 18, ""2"": 9}",0.15590042251006925,0.1558875184988262,17.95455180846598,1e-05,True,40,development_isotonic_frozen
s1-i14,held_out,1,random_matched,p_saps_residualized,2,0.15,ca406881e108ee96,"[[3, 4, 5, 7, 8, 9], [0, 1, 2, 6, 10, 11]]",1.6840666234508794,-0.2503934855711982,0.5773669959256356,-1.8708468296156403e-15,,16.0,0.1539174901934426,0.1539174901934426,1.9996135142236975,-0.125,1.0,"{""2"": 11, ""1"": 16, ""3"": 2, ""4"": 1}",0.1539174901934426,0.15390880633821122,17.88402673464603,1e-05,True,80,development_isotonic_frozen
s1-i14,held_out,1,random_matched,p_saps_projection,2,0.15,6e19f1c7e8b3a13d,"[[1, 3, 4, 6, 9, 10], [0, 2, 5, 7, 8, 11]]",1.6840666234508794,-0.25996040801879067,0.5669363023901404,-1.4654295096723832e-15,,13.0,0.2083021784462134,0.2083021784462134,1.6900138802420936,0.0,1.0,"{""1"": 13, ""2"": 11, ""3"": 5, ""4"": 1}",0.2083021784462134,0.20829171573764166,21.727134513766,1e-05,True,640,development_isotonic_frozen
s1-i14,held_out,1,random_matched,b_saps_budgeted,2,0.15,7280c5258728f6a0,"[[2, 3, 6, 7, 9, 10], [0, 1, 4, 5, 8, 11]]",1.6840666234508794,-0.25927886254822013,0.5555216180188449,-1.7108065982647562e-15,,18.0,0.11569106662324247,0.11569106662324247,2.1743391369094502,0.0,0.0,"{""3"": 2, ""2"": 10, ""1"": 18}",0.11569106662324247,0.11568764700632508,18.04292296747232,1e-05,True,40,development_isotonic_frozen
s1-i14,held_out,1,random_matched,random_balanced,3,0.01,317c767222383d36,"[[2, 7, 10, 11], [3, 5, 6, 8], [0, 1, 4, 9]]",0.03037937463266638,-0.48588424462806884,1.1576669452486164,-7.615373242780406e-16,,16.0,0.13896832728809433,0.13896832728809433,0.03043471046988435,0.0,1.0,"{""3"": 2, ""1"": 16, ""2"": 12}",0.13896832728809433,0.1389656667273088,17.85390819347455,1e-05,True,40,development_isotonic_frozen
s1-i14,held_out,1,random_matched,confidence,3,0.01,f0d0d5ea10a10241,"[[2, 4, 7, 11], [1, 6, 8, 9], [0, 3, 5, 10]]",0.03037937463266638,-0.403717409523201,1.2781086532383132,-1.4998125183955766e-15,,18.0,0.10878938541159486,0.10878938541159486,0.03043471046988435,0.0,1.0,"{""1"": 18, ""2"": 10, ""3"": 2}",0.10878938541159486,0.1087885001784185,18.07699309545505,1e-05,True,40,development_isotonic_frozen
s1-i14,held_out,1,random_matched,entropy,3,0.01,b837beeabbd495b9,"[[2, 4, 7, 11], [0, 1, 6, 8], [3, 5, 9, 10]]",0.03037937463266638,-0.40708780546615636,1.285616339693339,-1.262346417684358e-15,,22.0,0.11408316756893233,0.11408316756893233,0.03043471046988435,0.0,1.0,"{""2"": 7, ""1"": 22, ""3"": 1}",0.11408316756893233,0.11408054307841742,17.274615099309244,1e-05,True,40,development_isotonic_frozen
s1-i14,held_out,1,random_matched,dependency_cmi,3,0.01,7a0c4acf3cdb079e,"[[1, 3, 4, 9], [0, 2, 7, 8], [5, 6, 10, 11]]",0.03037937463266638,-0.47403372367569324,1.1914968596159554,-6.241318491245509e-16,,18.0,0.18383957074379978,0.18383957074379978,0.03043471046988435,0.0,0.0,"{""1"": 18, ""2"": 8, ""3"": 4}",0.18383957074379978,0.18383250364564294,19.261046601103804,1e-05,True,40,development_isotonic_frozen
s1-i14,held_out,1,random_matched,min_within_batch_tc,3,0.01,831bfa4058be764f,"[[1, 3, 5, 6], [7, 9, 10, 11], [0, 2, 4, 8]]",0.03037937463266638,-0.5601481404898976,1.0683294544246924,-7.644155592423937e-16,,16.0,0.11797624571904863,0.11797624571904863,0.03043471046988435,0.0,0.0,"{""2"": 13, ""1"": 16, ""3"": 1}",0.11797624571904863,0.11796190023491201,20.182667185408935,1e-05,True,40,development_isotonic_frozen
s1-i14,held_out,1,random_matched,dprm_myopic,3,0.01,1af5267ca13d4f62,"[[1, 4, 5, 6], [0, 2, 3, 7], [8, 9, 10, 11]]",0.03037937463266638,-0.49572510477190734,1.1845124246215784,-1.2599629249180438e-15,,18.0,0.12493095029580596,0.12493095029580596,0.03043471046988435,0.0,0.0,"{""1"": 18, ""2"": 10, ""3"": 2}",0.12493095029580596,0.12490094506277943,16.10975516172958,1e-05,True,40,development_isotonic_frozen
s1-i14,held_out,1,random_matched,dprm_rollout,3,0.01,375fb0f499b419c1,"[[0, 2, 3, 9], [1, 4, 6, 7], [5, 8, 10, 11]]",0.03037937463266638,-0.4889706367326045,1.1707667466272569,-1.3506020805724812e-15,,15.0,0.1697753548131479,0.1697753548131479,0.03043471046988435,0.0,0.0,"{""2"": 12, ""1"": 15, ""3"": 3}",0.1697753548131479,0.16977295110656418,20.530246869006163,1e-05,True,40,development_isotonic_frozen
s1-i14,held_out,1,random_matched,subset_exact,3,0.01,258429469b6b86ee,"[[0, 1, 2, 3], [4, 6, 7, 11], [5, 8, 9, 10]]",0.03037937463266638,-0.4706869020370226,1.1998607186195651,-1.4368240771243007e-15,,20.0,0.14013262502320567,0.14013262502320567,0.03043471046988435,0.0,0.0,"{""1"": 20, ""2"": 9, ""3"": 1}",0.14013262502320567,0.1401319702722746,18.767609163351928,1e-05,True,40,development_isotonic_frozen
s1-i14,held_out,1,random_matched,subset_beam_8,3,0.01,258429469b6b86ee,"[[0, 1, 2, 3], [4, 6, 7, 11], [5, 8, 9, 10]]",0.03037937463266638,-0.4706869020370226,1.1998607186195651,-1.4368240771243007e-15,,20.0,0.14013262502320567,0.14013262502320567,0.03043471046988435,0.0,0.0,"{""1"": 20, ""2"": 9, ""3"": 1}",0.14013262502320567,0.1401319702722746,18.767609163351928,1e-05,True,40,development_isotonic_frozen
s1-i14,held_out,1,random_matched,subset_beam_32,3,0.01,258429469b6b86ee,"[[0, 1, 2, 3], [4, 6, 7, 11], [5, 8, 9, 10]]",0.03037937463266638,-0.4706869020370226,1.1998607186195651,-1.4368240771243007e-15,,20.0,0.14013262502320567,0.14013262502320567,0.03043471046988435,0.0,0.0,"{""1"": 20, ""2"": 9, ""3"": 1}",0.14013262502320567,0.1401319702722746,18.767609163351928,1e-05,True,40,development_isotonic_frozen
s1-i14,held_out,1,random_matched,saps_diagonal,3,0.01,9f906cf7dc506b24,"[[2, 4, 7, 10], [3, 6, 8, 11], [0, 1, 5, 9]]",0.03037937463266638,-0.43979429652997415,1.2354692960613247,-1.0823282445805235e-15,,25.0,0.07682046223643368,0.07682046223643368,0.03043471046988435,0.0,0.0,"{""2"": 4, ""1"": 25, ""3"": 1}",0.07682046223643368,0.07681830641142737,17.372720356970383,1e-05,True,40,development_isotonic_frozen
s1-i14,held_out,1,random_matched,p_saps_residualized,3,0.01,0cf6ed1651474a6d,"[[0, 3, 7, 9], [4, 5, 6, 10], [1, 2, 8, 11]]",0.03037937463266638,-0.540867332899045,1.1076780370539063,-1.3818753077212214e-15,,22.0,0.12170085868826885,0.12170085868826885,0.03043471046988435,0.0,1.0,"{""1"": 22, ""2"": 8}",0.12170085868826885,0.12169679580902691,15.259888361071287,1e-05,True,80,development_isotonic_frozen
s1-i14,held_out,1,random_matched,p_saps_projection,3,0.01,8770007dd67ccbc3,"[[2, 8, 9, 11], [0, 5, 6, 7], [1, 3, 4, 10]]",0.03037937463266638,-0.47559428494460937,1.1770540708108748,-1.276798834507785e-15,,19.0,0.19392572306599082,0.19392572306599082,0.03043471046988435,0.0,1.0,"{""2"": 9, ""1"": 19, ""3"": 2}",0.19392572306599082,0.19392334434267566,18.467972600143806,1e-05,True,640,development_isotonic_frozen
s1-i14,held_out,1,random_matched,b_saps_budgeted,3,0.01,317c767222383d36,"[[2, 7, 10, 11], [3, 5, 6, 8], [0, 1, 4, 9]]",0.03037937463266638,-0.48588424462806884,1.1576669452486164,-7.615373242780406e-16,,16.0,0.13896832728809433,0.13896832728809433,0.03043471046988435,0.0,1.0,"{""3"": 2, ""1"": 16, ""2"": 12}",0.13896832728809433,0.1389656667273088,17.85390819347455,1e-05,True,40,development_isotonic_frozen
s1-i14,held_out,1,random_matched,random_balanced,3,0.05,317c767222383d36,"[[2, 7, 10, 11], [3, 5, 6, 8], [0, 1, 4, 9]]",0.13678994018902174,-0.48588424462806884,1.1576669452486164,-7.615373242780406e-16,,16.0,0.13896832728809433,0.13896832728809433,0.13689855036479925,0.0,0.0,"{""3"": 2, ""1"": 16, ""2"": 12}",0.13896832728809433,0.1389656667273088,17.85390819347455,1e-05,True,40,development_isotonic_frozen
s1-i14,held_out,1,random_matched,confidence,3,0.05,f0d0d5ea10a10241,"[[2, 4, 7, 11], [1, 6, 8, 9], [0, 3, 5, 10]]",0.13678994018902174,-0.403717409523201,1.2781086532383132,-1.4998125183955766e-15,,18.0,0.10878938541159486,0.10878938541159486,0.13689855036479925,0.0,0.0,"{""1"": 18, ""2"": 10, ""3"": 2}",0.10878938541159486,0.1087885001784185,18.07699309545505,1e-05,True,40,development_isotonic_frozen
s1-i14,held_out,1,random_matched,entropy,3,0.05,b837beeabbd495b9,"[[2, 4, 7, 11], [0, 1, 6, 8], [3, 5, 9, 10]]",0.13678994018902174,-0.40708780546615636,1.285616339693339,-1.262346417684358e-15,,22.0,0.11408316756893233,0.11408316756893233,0.13689855036479925,0.0,0.0,"{""2"": 7, ""1"": 22, ""3"": 1}",0.11408316756893233,0.11408054307841742,17.274615099309244,1e-05,True,40,development_isotonic_frozen
s1-i14,held_out,1,random_matched,dependency_cmi,3,0.05,7a0c4acf3cdb079e,"[[1, 3, 4, 9], [0, 2, 7, 8], [5, 6, 10, 11]]",0.13678994018902174,-0.47403372367569324,1.1914968596159554,-6.241318491245509e-16,,18.0,0.18383957074379978,0.18383957074379978,0.13689855036479925,0.125,0.0,"{""1"": 18, ""2"": 8, ""3"": 4}",0.18383957074379978,0.18383250364564294,19.261046601103804,1e-05,True,40,development_isotonic_frozen
s1-i14,held_out,1,random_matched,min_within_batch_tc,3,0.05,831bfa4058be764f,"[[1, 3, 5, 6], [7, 9, 10, 11], [0, 2, 4, 8]]",0.13678994018902174,-0.5601481404898976,1.0683294544246924,-7.644155592423937e-16,,16.0,0.11797624571904863,0.11797624571904863,0.13689855036479925,0.0,0.0,"{""2"": 13, ""1"": 16, ""3"": 1}",0.11797624571904863,0.11796190023491201,20.182667185408935,1e-05,True,40,development_isotonic_frozen
s1-i14,held_out,1,random_matched,dprm_myopic,3,0.05,1af5267ca13d4f62,"[[1, 4, 5, 6], [0, 2, 3, 7], [8, 9, 10, 11]]",0.13678994018902174,-0.49572510477190734,1.1845124246215784,-1.2599629249180438e-15,,18.0,0.12493095029580596,0.12493095029580596,0.13689855036479925,0.0,0.0,"{""1"": 18, ""2"": 10, ""3"": 2}",0.12493095029580596,0.12490094506277943,16.10975516172958,1e-05,True,40,development_isotonic_frozen
s1-i14,held_out,1,random_matched,dprm_rollout,3,0.05,cd3b020267a29ac3,"[[0, 3, 9, 11], [2, 4, 6, 7], [1, 5, 8, 10]]",0.13678994018902174,-0.475823284187999,1.182236770600001,-1.1600636774519115e-15,,22.0,0.1138147345537508,0.1138147345537508,0.13689855036479925,0.0,0.0,"{""1"": 22, ""2"": 4, ""3"": 4}",0.1138147345537508,0.11381394966169925,18.70520709198707,1e-05,True,40,development_isotonic_frozen
s1-i14,held_out,1,random_matched,subset_exact,3,0.05,7cba65026e6241e2,"[[0, 1, 2, 4], [6, 7, 8, 11], [3, 5, 9, 10]]",0.13678994018902174,-0.4347530315993224,1.2629866667578924,-7.605911102400011e-16,,20.0,0.17236317593420863,0.17236317593420863,0.13689855036479925,0.0,0.0,"{""3"": 2, ""1"": 20, ""2"": 8}",0.17236317593420863,0.1723612472720562,17.245838732215386,1e-05,True,40,development_isotonic_frozen
s1-i14,held_out,1,random_matched,subset_beam_8,3,0.05,7cba65026e6241e2,"[[0, 1, 2, 4], [6, 7, 8, 11], [3, 5, 9, 10]]",0.13678994018902174,-0.4347530315993224,1.2629866667578924,-7.605911102400011e-16,,20.0,0.17236317593420863,0.17236317593420863,0.13689855036479925,0.0,0.0,"{""3"": 2, ""1"": 20, ""2"": 8}",0.17236317593420863,0.1723612472720562,17.245838732215386,1e-05,True,40,development_isotonic_frozen
s1-i14,held_out,1,random_matched,subset_beam_32,3,0.05,7cba65026e6241e2,"[[0, 1, 2, 4], [6, 7, 8, 11], [3, 5, 9, 10]]",0.13678994018902174,-0.4347530315993224,1.2629866667578924,-7.605911102400011e-16,,20.0,0.17236317593420863,0.17236317593420863,0.13689855036479925,0.0,0.0,"{""3"": 2, ""1"": 20, ""2"": 8}",0.17236317593420863,0.1723612472720562,17.245838732215386,1e-05,True,40,development_isotonic_frozen
s1-i14,held_out,1,random_matched,saps_diagonal,3,0.05,9f906cf7dc506b24,"[[2, 4, 7, 10], [3, 6, 8, 11], [0, 1, 5, 9]]",0.13678994018902174,-0.43979429652997415,1.2354692960613247,-1.0823282445805235e-15,,25.0,0.07682046223643368,0.07682046223643368,0.13689855036479925,0.0,0.0,"{""2"": 4, ""1"": 25, ""3"": 1}",0.07682046223643368,0.07681830641142737,17.372720356970383,1e-05,True,40,development_isotonic_frozen
s1-i14,held_out,1,random_matched,p_saps_residualized,3,0.05,0cf6ed1651474a6d,"[[0, 3, 7, 9], [4, 5, 6, 10], [1, 2, 8, 11]]",0.13678994018902174,-0.540867332899045,1.1076780370539063,-1.3818753077212214e-15,,22.0,0.12170085868826885,0.12170085868826885,0.13689855036479925,0.0,0.0,"{""1"": 22, ""2"": 8}",0.12170085868826885,0.12169679580902691,15.259888361071287,1e-05,True,80,development_isotonic_frozen
s1-i14,held_out,1,random_matched,p_saps_projection,3,0.05,8770007dd67ccbc3,"[[2, 8, 9, 11], [0, 5, 6, 7], [1, 3, 4, 10]]",0.13678994018902174,-0.47559428494460937,1.1770540708108748,-1.276798834507785e-15,,19.0,0.19392572306599082,0.19392572306599082,0.13689855036479925,0.0,0.0,"{""2"": 9, ""1"": 19, ""3"": 2}",0.19392572306599082,0.19392334434267566,18.467972600143806,1e-05,True,640,development_isotonic_frozen
s1-i14,held_out,1,random_matched,b_saps_budgeted,3,0.05,317c767222383d36,"[[2, 7, 10, 11], [3, 5, 6, 8], [0, 1, 4, 9]]",0.13678994018902174,-0.48588424462806884,1.1576669452486164,-7.615373242780406e-16,,16.0,0.13896832728809433,0.13896832728809433,0.13689855036479925,0.0,0.0,"{""3"": 2, ""1"": 16, ""2"": 12}",0.13896832728809433,0.1389656667273088,17.85390819347455,1e-05,True,40,development_isotonic_frozen
s1-i14,held_out,1,random_matched,random_balanced,3,0.15,317c767222383d36,"[[2, 7, 10, 11], [3, 5, 6, 8], [0, 1, 4, 9]]",2.230054086118797,-0.48588424462806884,1.1576669452486164,-7.615373242780406e-16,,16.0,0.13896832728809433,0.13896832728809433,2.03128764752568,0.0,0.0,"{""3"": 2, ""1"": 16, ""2"": 12}",0.13896832728809433,0.1389656667273088,17.85390819347455,1e-05,True,40,development_isotonic_frozen
s1-i14,held_out,1,random_matched,confidence,3,0.15,f0d0d5ea10a10241,"[[2, 4, 7, 11], [1, 6, 8, 9], [0, 3, 5, 10]]",2.230054086118797,-0.403717409523201,1.2781086532383132,-1.4998125183955766e-15,,18.0,0.10878938541159486,0.10878938541159486,2.1743391369094502,0.0,0.0,"{""1"": 18, ""2"": 10, ""3"": 2}",0.10878938541159486,0.1087885001784185,18.07699309545505,1e-05,True,40,development_isotonic_frozen
s1-i14,held_out,1,random_matched,entropy,3,0.15,b837beeabbd495b9,"[[2, 4, 7, 11], [0, 1, 6, 8], [3, 5, 9, 10]]",2.230054086118797,-0.40708780546615636,1.285616339693339,-1.262346417684358e-15,,22.0,0.11408316756893233,0.11408316756893233,2.4921162489789737,0.0,0.0,"{""2"": 7, ""1"": 22, ""3"": 1}",0.11408316756893233,0.11408054307841742,17.274615099309244,1e-05,True,40,development_isotonic_frozen
s1-i14,held_out,1,random_matched,dependency_cmi,3,0.15,7a0c4acf3cdb079e,"[[1, 3, 4, 9], [0, 2, 7, 8], [5, 6, 10, 11]]",2.230054086118797,-0.47403372367569324,1.1914968596159554,-6.241318491245509e-16,,18.0,0.18383957074379978,0.18383957074379978,2.1109908703054847,-0.125,0.0,"{""1"": 18, ""2"": 8, ""3"": 4}",0.18383957074379978,0.18383250364564294,19.261046601103804,1e-05,True,40,development_isotonic_frozen
s1-i14,held_out,1,random_matched,min_within_batch_tc,3,0.15,831bfa4058be764f,"[[1, 3, 5, 6], [7, 9, 10, 11], [0, 2, 4, 8]]",2.230054086118797,-0.5601481404898976,1.0683294544246924,-7.644155592423937e-16,,16.0,0.11797624571904863,0.11797624571904863,2.062961780827663,0.0,1.0,"{""2"": 13, ""1"": 16, ""3"": 1}",0.11797624571904863,0.11796190023491201,20.182667185408935,1e-05,True,40,development_isotonic_frozen
s1-i14,held_out,1,random_matched,dprm_myopic,3,0.15,1af5267ca13d4f62,"[[1, 4, 5, 6], [0, 2, 3, 7], [8, 9, 10, 11]]",2.230054086118797,-0.49572510477190734,1.1845124246215784,-1.2599629249180438e-15,,18.0,0.12493095029580596,0.12493095029580596,2.1743391369094502,0.0,1.0,"{""1"": 18, ""2"": 10, ""3"": 2}",0.12493095029580596,0.12490094506277943,16.10975516172958,1e-05,True,40,development_isotonic_frozen
s1-i14,held_out,1,random_matched,dprm_rollout,3,0.15,0f4e3635a9334caf,"[[1, 2, 3, 11], [0, 4, 5, 6], [7, 8, 9, 10]]",2.230054086118797,-0.46698355252172524,1.1966428083245526,-1.5758420281285042e-15,,16.0,0.11751706499713607,0.11751706499713607,2.03128764752568,0.0,1.0,"{""2"": 12, ""1"": 16, ""3"": 2}",0.11751706499713607,0.11751535563577956,18.147032861006,1e-05,True,40,development_isotonic_frozen
s1-i14,held_out,1,random_matched,subset_exact,3,0.15,12381dbd612762ef,"[[0, 2, 3, 6], [1, 4, 7, 11], [5, 8, 9, 10]]",2.230054086118797,-0.47251290202898416,1.2010666668619066,-1.4465983310298413e-15,,17.0,0.1406113792301968,0.1406113792301968,2.1344875255195483,0.0,0.0,"{""2"": 12, ""1"": 17, ""3"": 1}",0.1406113792301968,0.14060907313627666,18.646048846909892,1e-05,True,40,development_isotonic_frozen
s1-i14,held_out,1,random_matched,subset_beam_8,3,0.15,258429469b6b86ee,"[[0, 1, 2, 3], [4, 6, 7, 11], [5, 8, 9, 10]]",2.230054086118797,-0.4706869020370226,1.1998607186195651,-1.4368240771243007e-15,,20.0,0.14013262502320567,0.14013262502320567,2.3490647595952034,0.0,0.0,"{""1"": 20, ""2"": 9, ""3"": 1}",0.14013262502320567,0.1401319702722746,18.767609163351928,1e-05,True,40,development_isotonic_frozen
s1-i14,held_out,1,random_matched,subset_beam_32,3,0.15,12381dbd612762ef,"[[0, 2, 3, 6], [1, 4, 7, 11], [5, 8, 9, 10]]",2.230054086118797,-0.47251290202898416,1.2010666668619066,-1.4465983310298413e-15,,17.0,0.1406113792301968,0.1406113792301968,2.1344875255195483,0.0,0.0,"{""2"": 12, ""1"": 17, ""3"": 1}",0.1406113792301968,0.14060907313627666,18.646048846909892,1e-05,True,40,development_isotonic_frozen
s1-i14,held_out,1,random_matched,saps_diagonal,3,0.15,9f906cf7dc506b24,"[[2, 4, 7, 10], [3, 6, 8, 11], [0, 1, 5, 9]]",2.230054086118797,-0.43979429652997415,1.2354692960613247,-1.0823282445805235e-15,,25.0,0.07682046223643368,0.07682046223643368,2.706693483054629,0.0,1.0,"{""2"": 4, ""1"": 25, ""3"": 1}",0.07682046223643368,0.07681830641142737,17.372720356970383,1e-05,True,40,development_isotonic_frozen
s1-i14,held_out,1,random_matched,p_saps_residualized,3,0.15,0cf6ed1651474a6d,"[[0, 3, 7, 9], [4, 5, 6, 10], [1, 2, 8, 11]]",2.230054086118797,-0.540867332899045,1.1076780370539063,-1.3818753077212214e-15,,22.0,0.12170085868826885,0.12170085868826885,2.5237903822809566,0.0,0.0,"{""1"": 22, ""2"": 8}",0.12170085868826885,0.12169679580902691,15.259888361071287,1e-05,True,80,development_isotonic_frozen
s1-i14,held_out,1,random_matched,p_saps_projection,3,0.15,7a0c4acf3cdb079e,"[[1, 3, 4, 9], [0, 2, 7, 8], [5, 6, 10, 11]]",2.230054086118797,-0.47403372367569324,1.1914968596159554,-6.241318491245509e-16,,18.0,0.18383957074379978,0.18383957074379978,2.1109908703054847,-0.125,0.0,"{""1"": 18, ""2"": 8, ""3"": 4}",0.18383957074379978,0.18383250364564294,19.261046601103804,1e-05,True,640,development_isotonic_frozen
s1-i14,held_out,1,random_matched,b_saps_budgeted,3,0.15,1f12b706a34aea03,"[[3, 4, 7, 8], [1, 2, 6, 11], [0, 5, 9, 10]]",2.230054086118797,-0.4437835304365527,1.2323181567103496,-1.1235361212188376e-15,,27.0,0.10503306374059061,0.10503306374059061,2.881419105740382,0.0,0.0,"{""1"": 27, ""2"": 3}",0.10503306374059061,0.10503221283111099,16.741324467416398,1e-05,True,40,development_isotonic_frozen
s1-i14,held_out,1,random_matched,random_balanced,4,0.01,d4cb7a3d1515bfce,"[[2, 10, 11], [6, 7, 8], [1, 3, 5], [0, 4, 9]]",0.03043471046988435,-0.7283592167868679,1.7429028467004606,-6.097122362915964e-16,,22.0,0.12819565776357755,0.12819565776357755,0.03043471046988435,0.0,0.0,"{""2"": 8, ""1"": 22}",0.12819565776357755,0.12819485815163076,16.295742779762268,1e-05,True,40,development_isotonic_frozen
s1-i14,held_out,1,random_matched,confidence,4,0.01,ed7afdac86dced05,"[[2, 4, 11], [1, 7, 8], [3, 6, 9], [0, 5, 10]]",0.03043471046988435,-0.6132322355198336,1.9070496699483908,-9.656447132375394e-16,,21.0,0.10454760722192318,0.10454760722192318,0.03043471046988435,0.0,1.0,"{""1"": 21, ""2"": 9}",0.10454760722192318,0.10454568079128379,16.426101471292345,1e-05,True,40,development_isotonic_frozen
s1-i14,held_out,1,random_matched,entropy,4,0.01,75e4e5980411e796,"[[2, 4, 11], [0, 7, 8], [1, 6, 9], [3, 5, 10]]",0.03043471046988435,-0.6181642977898231,1.9184818888446185,-9.507854132354866e-16,,20.0,0.14060502720409646,0.14060502720409646,0.03043471046988435,0.0,1.0,"{""1"": 20, ""3"": 1, ""2"": 9}",0.14060502720409646,0.14060013310252528,17.971826686776968,1e-05,True,40,development_isotonic_frozen
s1-i14,held_out,1,random_matched,dependency_cmi,4,0.01,3ba6db095bd01760,"[[1, 3, 4], [2, 6, 8], [5, 9, 10], [0, 7, 11]]",0.03043471046988435,-0.7242578784476247,1.7792920008256683,-3.240733384937242e-16,,26.0,0.19914151148330028,0.19914151148330028,0.03043471046988435,0.0,0.0,"{""1"": 26, ""3"": 1, ""2"": 3}",0.19914151148330028,0.19912364317617992,14.954140686193597,1e-05,True,40,development_isotonic_frozen
s1-i14,held_out,1,random_matched,min_within_batch_tc,4,0.01,0a73c5fbe944d068,"[[1, 2, 7], [3, 5, 6], [9, 10, 11], [0, 4, 8]]",0.03043471046988435,-0.7579035125642856,1.7015625268466623,-4.36466917720626e-16,,19.0,0.1372850367958785,0.1372850367958785,0.03043471046988435,0.0,0.0,"{""2"": 11, ""1"": 19}",0.1372850367958785,0.13727882734163807,15.783185172351827,1e-05,True,40,development_isotonic_frozen
s1-i14,held_out,1,random_matched,dprm_myopic,4,0.01,fce0f073c77170ef,"[[1, 4, 5], [0, 2, 6], [3, 7, 8], [9, 10, 11]]",0.03043471046988435,-0.732803903606294,1.7938702510062345,-4.671204970341875e-16,,24.0,0.11285743455288447,0.11285743455288447,0.03043471046988435,0.0,0.0,"{""1"": 24, ""2"": 6}",0.11285743455288447,0.11285621987738499,14.862106597106694,1e-05,True,40,development_isotonic_frozen
s1-i14,held_out,1,random_matched,dprm_rollout,4,0.01,115330a5a5ee8383,"[[0, 2, 9], [3, 7, 11], [1, 6, 8], [4, 5, 10]]",0.03043471046988435,-0.7290305187938207,1.74476472926616,-5.116009787859936e-16,,27.0,0.0588638952020777,0.0588638952020777,0.03043471046988435,0.0,0.0,"{""1"": 27, ""2"": 3}",0.0588638952020777,0.05886294065212407,18.10588727694864,1e-05,True,40,development_isotonic_frozen
s1-i14,held_out,1,random_matched,subset_exact,4,0.01,bcd3494b65907069,"[[0, 1, 2], [4, 7, 11], [3, 6, 8], [5, 9, 10]]",0.03043471046988435,-0.6705666781993612,1.8536641472830377,-6.212868069157977e-16,,25.0,0.07989134449766393,0.07989134449766393,0.03043471046988435,0.0,0.0,"{""1"": 25, ""2"": 5}",0.07989134449766393,0.0798905119784894,15.261952867550491,1e-05,True,40,development_isotonic_frozen
s1-i14,held_out,1,random_matched,subset_beam_8,4,0.01,bcd3494b65907069,"[[0, 1, 2], [4, 7, 11], [3, 6, 8], [5, 9, 10]]",0.03043471046988435,-0.6705666781993612,1.8536641472830377,-6.212868069157977e-16,,25.0,0.07989134449766393,0.07989134449766393,0.03043471046988435,0.0,0.0,"{""1"": 25, ""2"": 5}",0.07989134449766393,0.0798905119784894,15.261952867550491,1e-05,True,40,development_isotonic_frozen
s1-i14,held_out,1,random_matched,subset_beam_32,4,0.01,bcd3494b65907069,"[[0, 1, 2], [4, 7, 11], [3, 6, 8], [5, 9, 10]]",0.03043471046988435,-0.6705666781993612,1.8536641472830377,-6.212868069157977e-16,,25.0,0.07989134449766393,0.07989134449766393,0.03043471046988435,0.0,0.0,"{""1"": 25, ""2"": 5}",0.07989134449766393,0.0798905119784894,15.261952867550491,1e-05,True,40,development_isotonic_frozen
s1-i14,held_out,1,random_matched,saps_diagonal,4,0.01,57fa6bb18b892022,"[[2, 3, 4], [6, 7, 11], [1, 5, 8], [0, 9, 10]]",0.03043471046988435,-0.6507774138776827,1.863189704471225,-4.508130467295157e-16,,30.0,0.07739771632922332,0.07739771632922332,0.03043471046988435,0.0,0.0,"{""1"": 30}",0.07739771632922332,0.07739661201057332,12.93414053047979,1e-05,True,40,development_isotonic_frozen
s1-i14,held_out,1,random_matched,p_saps_residualized,4,0.01,ffa260968c2f3176,"[[3, 7, 9], [0, 5, 8], [4, 6, 10], [1, 2, 11]]",0.03043471046988435,-0.8147552954802291,1.6487241286467789,-8.488850402710214e-16,,28.0,0.1103260355185923,0.1103260355185923,0.03043471046988435,0.0,1.0,"{""1"": 28, ""2"": 2}",0.1103260355185923,0.11031753013078237,14.170210812204331,1e-05,True,80,development_isotonic_frozen
s1-i14,held_out,1,random_matched,p_saps_projection,4,0.01,3ba6db095bd01760,"[[1, 3, 4], [2, 6, 8], [5, 9, 10], [0, 7, 11]]",0.03043471046988435,-0.7242578784476247,1.7792920008256683,-3.240733384937242e-16,,26.0,0.19914151148330028,0.19914151148330028,0.03043471046988435,0.0,0.0,"{""1"": 26, ""3"": 1, ""2"": 3}",0.19914151148330028,0.19912364317617992,14.954140686193597,1e-05,True,640,development_isotonic_frozen
s1-i14,held_out,1,random_matched,b_saps_budgeted,4,0.01,d4cb7a3d1515bfce,"[[2, 10, 11], [6, 7, 8], [1, 3, 5], [0, 4, 9]]",0.03043471046988435,-0.7283592167868679,1.7429028467004606,-6.097122362915964e-16,,22.0,0.12819565776357755,0.12819565776357755,0.03043471046988435,0.0,0.0,"{""2"": 8, ""1"": 22}",0.12819565776357755,0.12819485815163076,16.295742779762268,1e-05,True,40,development_isotonic_frozen
s1-i14,held_out,1,random_matched,random_balanced,4,0.05,d4cb7a3d1515bfce,"[[2, 10, 11], [6, 7, 8], [1, 3, 5], [0, 4, 9]]",0.13689855036479925,-0.7283592167868679,1.7429028467004606,-6.097122362915964e-16,,22.0,0.12819565776357755,0.12819565776357755,0.13689855036479925,0.0,0.0,"{""2"": 8, ""1"": 22}",0.12819565776357755,0.12819485815163076,16.295742779762268,1e-05,True,40,development_isotonic_frozen
s1-i14,held_out,1,random_matched,confidence,4,0.05,ed7afdac86dced05,"[[2, 4, 11], [1, 7, 8], [3, 6, 9], [0, 5, 10]]",0.13689855036479925,-0.6132322355198336,1.9070496699483908,-9.656447132375394e-16,,21.0,0.10454760722192318,0.10454760722192318,0.13689855036479925,0.0,0.0,"{""1"": 21, ""2"": 9}",0.10454760722192318,0.10454568079128379,16.426101471292345,1e-05,True,40,development_isotonic_frozen
s1-i14,held_out,1,random_matched,entropy,4,0.05,75e4e5980411e796,"[[2, 4, 11], [0, 7, 8], [1, 6, 9], [3, 5, 10]]",0.13689855036479925,-0.6181642977898231,1.9184818888446185,-9.507854132354866e-16,,20.0,0.14060502720409646,0.14060502720409646,0.13689855036479925,0.0,0.0,"{""1"": 20, ""3"": 1, ""2"": 9}",0.14060502720409646,0.14060013310252528,17.971826686776968,1e-05,True,40,development_isotonic_frozen
s1-i14,held_out,1,random_matched,dependency_cmi,4,0.05,3ba6db095bd01760,"[[1, 3, 4], [2, 6, 8], [5, 9, 10], [0, 7, 11]]",0.13689855036479925,-0.7242578784476247,1.7792920008256683,-3.240733384937242e-16,,26.0,0.19914151148330028,0.19914151148330028,0.13689855036479925,0.0,0.0,"{""1"": 26, ""3"": 1, ""2"": 3}",0.19914151148330028,0.19912364317617992,14.954140686193597,1e-05,True,40,development_isotonic_frozen
s1-i14,held_out,1,random_matched,min_within_batch_tc,4,0.05,0a73c5fbe944d068,"[[1, 2, 7], [3, 5, 6], [9, 10, 11], [0, 4, 8]]",0.13689855036479925,-0.7579035125642856,1.7015625268466623,-4.36466917720626e-16,,19.0,0.1372850367958785,0.1372850367958785,0.13689855036479925,-0.125,0.0,"{""2"": 11, ""1"": 19}",0.1372850367958785,0.13727882734163807,15.783185172351827,1e-05,True,40,development_isotonic_frozen
s1-i14,held_out,1,random_matched,dprm_myopic,4,0.05,fce0f073c77170ef,"[[1, 4, 5], [0, 2, 6], [3, 7, 8], [9, 10, 11]]",0.13689855036479925,-0.732803903606294,1.7938702510062345,-4.671204970341875e-16,,24.0,0.11285743455288447,0.11285743455288447,0.13689855036479925,0.0,0.0,"{""1"": 24, ""2"": 6}",0.11285743455288447,0.11285621987738499,14.862106597106694,1e-05,True,40,development_isotonic_frozen
s1-i14,held_out,1,random_matched,dprm_rollout,4,0.05,f0a498755c76f4b8,"[[0, 1, 2], [5, 8, 9], [4, 6, 7], [3, 10, 11]]",0.13689855036479925,-0.7528008023975783,1.74809302140915,-7.333570820158458e-16,,24.0,0.06716227241675028,0.06716227241675028,0.13689855036479925,0.0,0.0,"{""1"": 24, ""2"": 5, ""3"": 1}",0.06716227241675028,0.06715731466174038,16.703588078305426,1e-05,True,40,development_isotonic_frozen
s1-i14,held_out,1,random_matched,subset_exact,4,0.05,e81b75b8c6af49d3,"[[0, 1, 3], [2, 4, 11], [6, 7, 8], [5, 9, 10]]",0.13689855036479925,-0.7044595725350851,1.8071997363686856,-1.0067623268871775e-15,,26.0,0.06730411583837545,0.06730411583837545,0.13689855036479925,0.0,0.0,"{""1"": 26, ""2"": 4}",0.06730411583837545,0.06730373218137961,15.81544564980259,1e-05,True,40,development_isotonic_frozen
s1-i14,held_out,1,random_matched,subset_beam_8,4,0.05,e81b75b8c6af49d3,"[[0, 1, 3], [2, 4, 11], [6, 7, 8], [5, 9, 10]]",0.13689855036479925,-0.7044595725350851,1.8071997363686856,-1.0067623268871775e-15,,26.0,0.06730411583837545,0.06730411583837545,0.13689855036479925,0.0,0.0,"{""1"": 26, ""2"": 4}",0.06730411583837545,0.06730373218137961,15.81544564980259,1e-05,True,40,development_isotonic_frozen
s1-i14,held_out,1,random_matched,subset_beam_32,4,0.05,e81b75b8c6af49d3,"[[0, 1, 3], [2, 4, 11], [6, 7, 8], [5, 9, 10]]",0.13689855036479925,-0.7044595725350851,1.8071997363686856,-1.0067623268871775e-15,,26.0,0.06730411583837545,0.06730411583837545,0.13689855036479925,0.0,0.0,"{""1"": 26, ""2"": 4}",0.06730411583837545,0.06730373218137961,15.81544564980259,1e-05,True,40,development_isotonic_frozen
s1-i14,held_out,1,random_matched,saps_diagonal,4,0.05,57fa6bb18b892022,"[[2, 3, 4], [6, 7, 11], [1, 5, 8], [0, 9, 10]]",0.13689855036479925,-0.6507774138776827,1.863189704471225,-4.508130467295157e-16,,30.0,0.07739771632922332,0.07739771632922332,0.13689855036479925,0.0,0.0,"{""1"": 30}",0.07739771632922332,0.07739661201057332,12.93414053047979,1e-05,True,40,development_isotonic_frozen
s1-i14,held_out,1,random_matched,p_saps_residualized,4,0.05,ffa260968c2f3176,"[[3, 7, 9], [0, 5, 8], [4, 6, 10], [1, 2, 11]]",0.13689855036479925,-0.8147552954802291,1.6487241286467789,-8.488850402710214e-16,,28.0,0.1103260355185923,0.1103260355185923,0.13689855036479925,0.0,0.0,"{""1"": 28, ""2"": 2}",0.1103260355185923,0.11031753013078237,14.170210812204331,1e-05,True,80,development_isotonic_frozen
s1-i14,held_out,1,random_matched,p_saps_projection,4,0.05,3ba6db095bd01760,"[[1, 3, 4], [2, 6, 8], [5, 9, 10], [0, 7, 11]]",0.13689855036479925,-0.7242578784476247,1.7792920008256683,-3.240733384937242e-16,,26.0,0.19914151148330028,0.19914151148330028,0.13689855036479925,0.0,0.0,"{""1"": 26, ""3"": 1, ""2"": 3}",0.19914151148330028,0.19912364317617992,14.954140686193597,1e-05,True,640,development_isotonic_frozen
s1-i14,held_out,1,random_matched,b_saps_budgeted,4,0.05,d4cb7a3d1515bfce,"[[2, 10, 11], [6, 7, 8], [1, 3, 5], [0, 4, 9]]",0.13689855036479925,-0.7283592167868679,1.7429028467004606,-6.097122362915964e-16,,22.0,0.12819565776357755,0.12819565776357755,0.13689855036479925,0.0,0.0,"{""2"": 8, ""1"": 22}",0.12819565776357755,0.12819485815163076,16.295742779762268,1e-05,True,40,development_isotonic_frozen
s1-i14,held_out,1,random_matched,random_balanced,4,0.15,d4cb7a3d1515bfce,"[[2, 10, 11], [6, 7, 8], [1, 3, 5], [0, 4, 9]]",2.5141677093901182,-0.7283592167868679,1.7429028467004606,-6.097122362915964e-16,,22.0,0.12819565776357755,0.12819565776357755,2.5237903822809566,0.0,0.0,"{""2"": 8, ""1"": 22}",0.12819565776357755,0.12819485815163076,16.295742779762268,1e-05,True,40,development_isotonic_frozen
s1-i14,held_out,1,random_matched,confidence,4,0.15,ed7afdac86dced05,"[[2, 4, 11], [1, 7, 8], [3, 6, 9], [0, 5, 10]]",2.5141677093901182,-0.6132322355198336,1.9070496699483908,-9.656447132375394e-16,,21.0,0.10454760722192318,0.10454760722192318,2.4522646375890713,0.0,0.0,"{""1"": 21, ""2"": 9}",0.10454760722192318,0.10454568079128379,16.426101471292345,1e-05,True,40,development_isotonic_frozen
s1-i14,held_out,1,random_matched,entropy,4,0.15,75e4e5980411e796,"[[2, 4, 11], [0, 7, 8], [1, 6, 9], [3, 5, 10]]",2.5141677093901182,-0.6181642977898231,1.9184818888446185,-9.507854132354866e-16,,20.0,0.14060502720409646,0.14060502720409646,2.3490647595952034,0.0,0.0,"{""1"": 20, ""3"": 1, ""2"": 9}",0.14060502720409646,0.14060013310252528,17.971826686776968,1e-05,True,40,development_isotonic_frozen
s1-i14,held_out,1,random_matched,dependency_cmi,4,0.15,3ba6db095bd01760,"[[1, 3, 4], [2, 6, 8], [5, 9, 10], [0, 7, 11]]",2.5141677093901182,-0.7242578784476247,1.7792920008256683,-3.240733384937242e-16,,26.0,0.19914151148330028,0.19914151148330028,2.778219227746514,0.0,0.0,"{""1"": 26, ""3"": 1, ""2"": 3}",0.19914151148330028,0.19912364317617992,14.954140686193597,1e-05,True,40,development_isotonic_frozen
s1-i14,held_out,1,random_matched,min_within_batch_tc,4,0.15,0a73c5fbe944d068,"[[1, 2, 7], [3, 5, 6], [9, 10, 11], [0, 4, 8]]",2.5141677093901182,-0.7579035125642856,1.7015625268466623,-4.36466917720626e-16,,19.0,0.1372850367958785,0.1372850367958785,2.309213148205301,0.0,0.0,"{""2"": 11, ""1"": 19}",0.1372850367958785,0.13727882734163807,15.783185172351827,1e-05,True,40,development_isotonic_frozen
s1-i14,held_out,1,random_matched,dprm_myopic,4,0.15,fce0f073c77170ef,"[[1, 4, 5], [0, 2, 6], [3, 7, 8], [9, 10, 11]]",2.5141677093901182,-0.732803903606294,1.7938702510062345,-4.671204970341875e-16,,24.0,0.11285743455288447,0.11285743455288447,2.666841871664727,0.0,1.0,"{""1"": 24, ""2"": 6}",0.11285743455288447,0.11285621987738499,14.862106597106694,1e-05,True,40,development_isotonic_frozen
s1-i14,held_out,1,random_matched,dprm_rollout,4,0.15,1dc4693cc38579cc,"[[1, 2, 4], [5, 6, 7], [0, 8, 9], [3, 10, 11]]",2.5141677093901182,-0.6887865483657034,1.8366932917856627,-6.329472322676571e-16,,25.0,0.1580498747630338,0.1580498747630338,2.675019349752646,0.0,0.0,"{""1"": 25, ""3"": 2, ""2"": 3}",0.1580498747630338,0.15804825485186952,16.289740817377456,1e-05,True,40,development_isotonic_frozen
s1-i14,held_out,1,random_matched,subset_exact,4,0.15,5a00190be4c819a0,"[[0, 2, 3], [1, 4, 11], [6, 7, 8], [5, 9, 10]]",2.5141677093901182,-0.6844163467393053,1.8304400102527056,-5.703018917614041e-16,,24.0,0.0705528983461215,0.0705528983461215,2.666841871664727,0.0,1.0,"{""2"": 6, ""1"": 24}",0.0705528983461215,0.07055238006211649,16.32231014276913,1e-05,True,40,development_isotonic_frozen
s1-i14,held_out,1,random_matched,subset_beam_8,4,0.15,5a00190be4c819a0,"[[0, 2, 3], [1, 4, 11], [6, 7, 8], [5, 9, 10]]",2.5141677093901182,-0.6844163467393053,1.8304400102527056,-5.703018917614041e-16,,24.0,0.0705528983461215,0.0705528983461215,2.666841871664727,0.0,1.0,"{""2"": 6, ""1"": 24}",0.0705528983461215,0.07055238006211649,16.32231014276913,1e-05,True,40,development_isotonic_frozen
s1-i14,held_out,1,random_matched,subset_beam_32,4,0.15,5a00190be4c819a0,"[[0, 2, 3], [1, 4, 11], [6, 7, 8], [5, 9, 10]]",2.5141677093901182,-0.6844163467393053,1.8304400102527056,-5.703018917614041e-16,,24.0,0.0705528983461215,0.0705528983461215,2.666841871664727,0.0,1.0,"{""2"": 6, ""1"": 24}",0.0705528983461215,0.07055238006211649,16.32231014276913,1e-05,True,40,development_isotonic_frozen
s1-i14,held_out,1,random_matched,saps_diagonal,4,0.15,57fa6bb18b892022,"[[2, 3, 4], [6, 7, 11], [1, 5, 8], [0, 9, 10]]",2.5141677093901182,-0.6507774138776827,1.863189704471225,-4.508130467295157e-16,,30.0,0.07739771632922332,0.07739771632922332,3.0959963398160375,0.0,0.0,"{""1"": 30}",0.07739771632922332,0.07739661201057332,12.93414053047979,1e-05,True,40,development_isotonic_frozen
s1-i14,held_out,1,random_matched,p_saps_residualized,4,0.15,ffa260968c2f3176,"[[3, 7, 9], [0, 5, 8], [4, 6, 10], [1, 2, 11]]",2.5141677093901182,-0.8147552954802291,1.6487241286467789,-8.488850402710214e-16,,28.0,0.1103260355185923,0.1103260355185923,2.9529448504322673,0.0,1.0,"{""1"": 28, ""2"": 2}",0.1103260355185923,0.11031753013078237,14.170210812204331,1e-05,True,80,development_isotonic_frozen
s1-i14,held_out,1,random_matched,p_saps_projection,4,0.15,3ba6db095bd01760,"[[1, 3, 4], [2, 6, 8], [5, 9, 10], [0, 7, 11]]",2.5141677093901182,-0.7242578784476247,1.7792920008256683,-3.240733384937242e-16,,26.0,0.19914151148330028,0.19914151148330028,2.778219227746514,0.0,0.0,"{""1"": 26, ""3"": 1, ""2"": 3}",0.19914151148330028,0.19912364317617992,14.954140686193597,1e-05,True,640,development_isotonic_frozen
s1-i14,held_out,1,random_matched,b_saps_budgeted,4,0.15,57fa6bb18b892022,"[[2, 3, 4], [6, 7, 11], [1, 5, 8], [0, 9, 10]]",2.5141677093901182,-0.6507774138776827,1.863189704471225,-4.508130467295157e-16,,30.0,0.07739771632922332,0.07739771632922332,3.0959963398160375,0.0,0.0,"{""1"": 30}",0.07739771632922332,0.07739661201057332,12.93414053047979,1e-05,True,40,development_isotonic_frozen
s1-i14,held_out,1,structural,random_balanced,1,0.01,76993f31911749ca,"[[0, 1, 2, 3, 4, 5, 6, 7, 8, 9, 10, 11]]",0.021304297328919045,-0.0,0.0,-3.941931670682841e-15,,0.0,0.1122516601734678,0.1122516601734678,0.021304297328919045,0.0,0.0,"{""2"": 11, ""3"": 10, ""4"": 9}",0.1122516601734678,0.11225047762419291,26.317076207440493,1e-05,True,40,development_isotonic_frozen
s1-i14,held_out,1,structural,confidence,1,0.01,76993f31911749ca,"[[0, 1, 2, 3, 4, 5, 6, 7, 8, 9, 10, 11]]",0.021304297328919045,-0.0,0.0,-3.941931670682841e-15,,0.0,0.1122516601734678,0.1122516601734678,0.021304297328919045,0.0,0.0,"{""2"": 11, ""3"": 10, ""4"": 9}",0.1122516601734678,0.11225047762419291,26.317076207440493,1e-05,True,40,development_isotonic_frozen
s1-i14,held_out,1,structural,entropy,1,0.01,76993f31911749ca,"[[0, 1, 2, 3, 4, 5, 6, 7, 8, 9, 10, 11]]",0.021304297328919045,-0.0,0.0,-3.941931670682841e-15,,0.0,0.1122516601734678,0.1122516601734678,0.021304297328919045,0.0,0.0,"{""2"": 11, ""3"": 10, ""4"": 9}",0.1122516601734678,0.11225047762419291,26.317076207440493,1e-05,True,40,development_isotonic_frozen
s1-i14,held_out,1,structural,dependency_cmi,1,0.01,76993f31911749ca,"[[0, 1, 2, 3, 4, 5, 6, 7, 8, 9, 10, 11]]",0.021304297328919045,-0.0,0.0,-3.941931670682841e-15,,0.0,0.1122516601734678,0.1122516601734678,0.021304297328919045,0.0,0.0,"{""2"": 11, ""3"": 10, ""4"": 9}",0.1122516601734678,0.11225047762419291,26.317076207440493,1e-05,True,40,development_isotonic_frozen
s1-i14,held_out,1,structural,min_within_batch_tc,1,0.01,76993f31911749ca,"[[0, 1, 2, 3, 4, 5, 6, 7, 8, 9, 10, 11]]",0.021304297328919045,-0.0,0.0,-3.941931670682841e-15,,0.0,0.1122516601734678,0.1122516601734678,0.021304297328919045,0.0,0.0,"{""2"": 11, ""3"": 10, ""4"": 9}",0.1122516601734678,0.11225047762419291,26.317076207440493,1e-05,True,40,development_isotonic_frozen
s1-i14,held_out,1,structural,dprm_myopic,1,0.01,76993f31911749ca,"[[0, 1, 2, 3, 4, 5, 6, 7, 8, 9, 10, 11]]",0.021304297328919045,-0.0,0.0,-3.941931670682841e-15,,0.0,0.1122516601734678,0.1122516601734678,0.021304297328919045,0.0,0.0,"{""2"": 11, ""3"": 10, ""4"": 9}",0.1122516601734678,0.11225047762419291,26.317076207440493,1e-05,True,40,development_isotonic_frozen
s1-i14,held_out,1,structural,dprm_rollout,1,0.01,76993f31911749ca,"[[0, 1, 2, 3, 4, 5, 6, 7, 8, 9, 10, 11]]",0.021304297328919045,-0.0,0.0,-3.941931670682841e-15,,0.0,0.1122516601734678,0.1122516601734678,0.021304297328919045,0.0,0.0,"{""2"": 11, ""3"": 10, ""4"": 9}",0.1122516601734678,0.11225047762419291,26.317076207440493,1e-05,True,40,development_isotonic_frozen
s1-i14,held_out,1,structural,subset_exact,1,0.01,76993f31911749ca,"[[0, 1, 2, 3, 4, 5, 6, 7, 8, 9, 10, 11]]",0.021304297328919045,-0.0,0.0,-3.941931670682841e-15,,0.0,0.1122516601734678,0.1122516601734678,0.021304297328919045,0.0,0.0,"{""2"": 11, ""3"": 10, ""4"": 9}",0.1122516601734678,0.11225047762419291,26.317076207440493,1e-05,True,40,development_isotonic_frozen
s1-i14,held_out,1,structural,subset_beam_8,1,0.01,76993f31911749ca,"[[0, 1, 2, 3, 4, 5, 6, 7, 8, 9, 10, 11]]",0.021304297328919045,-0.0,0.0,-3.941931670682841e-15,,0.0,0.1122516601734678,0.1122516601734678,0.021304297328919045,0.0,0.0,"{""2"": 11, ""3"": 10, ""4"": 9}",0.1122516601734678,0.11225047762419291,26.317076207440493,1e-05,True,40,development_isotonic_frozen
s1-i14,held_out,1,structural,subset_beam_32,1,0.01,76993f31911749ca,"[[0, 1, 2, 3, 4, 5, 6, 7, 8, 9, 10, 11]]",0.021304297328919045,-0.0,0.0,-3.941931670682841e-15,,0.0,0.1122516601734678,0.1122516601734678,0.021304297328919045,0.0,0.0,"{""2"": 11, ""3"": 10, ""4"": 9}",0.1122516601734678,0.11225047762419291,26.317076207440493,1e-05,True,40,development_isotonic_frozen
s1-i14,held_out,1,structural,saps_diagonal,1,0.01,76993f31911749ca,"[[0, 1, 2, 3, 4, 5, 6, 7, 8, 9, 10, 11]]",0.021304297328919045,-0.0,0.0,-3.941931670682841e-15,,0.0,0.1122516601734678,0.1122516601734678,0.021304297328919045,0.0,0.0,"{""2"": 11, ""3"": 10, ""4"": 9}",0.1122516601734678,0.11225047762419291,26.317076207440493,1e-05,True,40,development_isotonic_frozen
s1-i14,held_out,1,structural,p_saps_residualized,1,0.01,76993f31911749ca,"[[0, 1, 2, 3, 4, 5, 6, 7, 8, 9, 10, 11]]",0.021304297328919045,-0.0,0.0,-3.941931670682841e-15,,0.0,0.1122516601734678,0.1122516601734678,0.021304297328919045,0.0,0.0,"{""2"": 11, ""3"": 10, ""4"": 9}",0.1122516601734678,0.11225047762419291,26.317076207440493,1e-05,True,40,development_isotonic_frozen
s1-i14,held_out,1,structural,p_saps_projection,1,0.01,76993f31911749ca,"[[0, 1, 2, 3, 4, 5, 6, 7, 8, 9, 10, 11]]",0.021304297328919045,-0.0,0.0,-3.941931670682841e-15,,0.0,0.1122516601734678,0.1122516601734678,0.021304297328919045,0.0,0.0,"{""2"": 11, ""3"": 10, ""4"": 9}",0.1122516601734678,0.11225047762419291,26.317076207440493,1e-05,True,40,development_isotonic_frozen
s1-i14,held_out,1,structural,b_saps_budgeted,1,0.01,76993f31911749ca,"[[0, 1, 2, 3, 4, 5, 6, 7, 8, 9, 10, 11]]",0.021304297328919045,-0.0,0.0,-3.941931670682841e-15,,0.0,0.1122516601734678,0.1122516601734678,0.021304297328919045,0.0,0.0,"{""2"": 11, ""3"": 10, ""4"": 9}",0.1122516601734678,0.11225047762419291,26.317076207440493,1e-05,True,40,development_isotonic_frozen
s1-i14,held_out,1,structural,random_balanced,1,0.05,76993f31911749ca,"[[0, 1, 2, 3, 4, 5, 6, 7, 8, 9, 10, 11]]",0.11897787136150911,-0.0,0.0,-3.941931670682841e-15,,0.0,0.1122516601734678,0.1122516601734678,0.11897787136150911,0.0,0.0,"{""2"": 11, ""3"": 10, ""4"": 9}",0.1122516601734678,0.11225047762419291,26.317076207440493,1e-05,True,40,development_isotonic_frozen
s1-i14,held_out,1,structural,confidence,1,0.05,76993f31911749ca,"[[0, 1, 2, 3, 4, 5, 6, 7, 8, 9, 10, 11]]",0.11897787136150911,-0.0,0.0,-3.941931670682841e-15,,0.0,0.1122516601734678,0.1122516601734678,0.11897787136150911,0.0,0.0,"{""2"": 11, ""3"": 10, ""4"": 9}",0.1122516601734678,0.11225047762419291,26.317076207440493,1e-05,True,40,development_isotonic_frozen
s1-i14,held_out,1,structural,entropy,1,0.05,76993f31911749ca,"[[0, 1, 2, 3, 4, 5, 6, 7, 8, 9, 10, 11]]",0.11897787136150911,-0.0,0.0,-3.941931670682841e-15,,0.0,0.1122516601734678,0.1122516601734678,0.11897787136150911,0.0,0.0,"{""2"": 11, ""3"": 10, ""4"": 9}",0.1122516601734678,0.11225047762419291,26.317076207440493,1e-05,True,40,development_isotonic_frozen
s1-i14,held_out,1,structural,dependency_cmi,1,0.05,76993f31911749ca,"[[0, 1, 2, 3, 4, 5, 6, 7, 8, 9, 10, 11]]",0.11897787136150911,-0.0,0.0,-3.941931670682841e-15,,0.0,0.1122516601734678,0.1122516601734678,0.11897787136150911,0.0,0.0,"{""2"": 11, ""3"": 10, ""4"": 9}",0.1122516601734678,0.11225047762419291,26.317076207440493,1e-05,True,40,development_isotonic_frozen
s1-i14,held_out,1,structural,min_within_batch_tc,1,0.05,76993f31911749ca,"[[0, 1, 2, 3, 4, 5, 6, 7, 8, 9, 10, 11]]",0.11897787136150911,-0.0,0.0,-3.941931670682841e-15,,0.0,0.1122516601734678,0.1122516601734678,0.11897787136150911,0.0,0.0,"{""2"": 11, ""3"": 10, ""4"": 9}",0.1122516601734678,0.11225047762419291,26.317076207440493,1e-05,True,40,development_isotonic_frozen
s1-i14,held_out,1,structural,dprm_myopic,1,0.05,76993f31911749ca,"[[0, 1, 2, 3, 4, 5, 6, 7, 8, 9, 10, 11]]",0.11897787136150911,-0.0,0.0,-3.941931670682841e-15,,0.0,0.1122516601734678,0.1122516601734678,0.11897787136150911,0.0,0.0,"{""2"": 11, ""3"": 10, ""4"": 9}",0.1122516601734678,0.11225047762419291,26.317076207440493,1e-05,True,40,development_isotonic_frozen
s1-i14,held_out,1,structural,dprm_rollout,1,0.05,76993f31911749ca,"[[0, 1, 2, 3, 4, 5, 6, 7, 8, 9, 10, 11]]",0.11897787136150911,-0.0,0.0,-3.941931670682841e-15,,0.0,0.1122516601734678,0.1122516601734678,0.11897787136150911,0.0,0.0,"{""2"": 11, ""3"": 10, ""4"": 9}",0.1122516601734678,0.11225047762419291,26.317076207440493,1e-05,True,40,development_isotonic_frozen
s1-i14,held_out,1,structural,subset_exact,1,0.05,76993f31911749ca,"[[0, 1, 2, 3, 4, 5, 6, 7, 8, 9, 10, 11]]",0.11897787136150911,-0.0,0.0,-3.941931670682841e-15,,0.0,0.1122516601734678,0.1122516601734678,0.11897787136150911,0.0,0.0,"{""2"": 11, ""3"": 10, ""4"": 9}",0.1122516601734678,0.11225047762419291,26.317076207440493,1e-05,True,40,development_isotonic_frozen
s1-i14,held_out,1,structural,subset_beam_8,1,0.05,76993f31911749ca,"[[0, 1, 2, 3, 4, 5, 6, 7, 8, 9, 10, 11]]",0.11897787136150911,-0.0,0.0,-3.941931670682841e-15,,0.0,0.1122516601734678,0.1122516601734678,0.11897787136150911,0.0,0.0,"{""2"": 11, ""3"": 10, ""4"": 9}",0.1122516601734678,0.11225047762419291,26.317076207440493,1e-05,True,40,development_isotonic_frozen
s1-i14,held_out,1,structural,subset_beam_32,1,0.05,76993f31911749ca,"[[0, 1, 2, 3, 4, 5, 6, 7, 8, 9, 10, 11]]",0.11897787136150911,-0.0,0.0,-3.941931670682841e-15,,0.0,0.1122516601734678,0.1122516601734678,0.11897787136150911,0.0,0.0,"{""2"": 11, ""3"": 10, ""4"": 9}",0.1122516601734678,0.11225047762419291,26.317076207440493,1e-05,True,40,development_isotonic_frozen
s1-i14,held_out,1,structural,saps_diagonal,1,0.05,76993f31911749ca,"[[0, 1, 2, 3, 4, 5, 6, 7, 8, 9, 10, 11]]",0.11897787136150911,-0.0,0.0,-3.941931670682841e-15,,0.0,0.1122516601734678,0.1122516601734678,0.11897787136150911,0.0,0.0,"{""2"": 11, ""3"": 10, ""4"": 9}",0.1122516601734678,0.11225047762419291,26.317076207440493,1e-05,True,40,development_isotonic_frozen
s1-i14,held_out,1,structural,p_saps_residualized,1,0.05,76993f31911749ca,"[[0, 1, 2, 3, 4, 5, 6, 7, 8, 9, 10, 11]]",0.11897787136150911,-0.0,0.0,-3.941931670682841e-15,,0.0,0.1122516601734678,0.1122516601734678,0.11897787136150911,0.0,0.0,"{""2"": 11, ""3"": 10, ""4"": 9}",0.1122516601734678,0.11225047762419291,26.317076207440493,1e-05,True,40,development_isotonic_frozen
s1-i14,held_out,1,structural,p_saps_projection,1,0.05,76993f31911749ca,"[[0, 1, 2, 3, 4, 5, 6, 7, 8, 9, 10, 11]]",0.11897787136150911,-0.0,0.0,-3.941931670682841e-15,,0.0,0.1122516601734678,0.1122516601734678,0.11897787136150911,0.0,0.0,"{""2"": 11, ""3"": 10, ""4"": 9}",0.1122516601734678,0.11225047762419291,26.317076207440493,1e-05,True,40,development_isotonic_frozen
s1-i14,held_out,1,structural,b_saps_budgeted,1,0.05,76993f31911749ca,"[[0, 1, 2, 3, 4, 5, 6, 7, 8, 9, 10, 11]]",0.11897787136150911,-0.0,0.0,-3.941931670682841e-15,,0.0,0.1122516601734678,0.1122516601734678,0.11897787136150911,0.0,0.0,"{""2"": 11, ""3"": 10, ""4"": 9}",0.1122516601734678,0.11225047762419291,26.317076207440493,1e-05,True,40,development_isotonic_frozen
s1-i14,held_out,1,structural,random_balanced,1,0.15,76993f31911749ca,"[[0, 1, 2, 3, 4, 5, 6, 7, 8, 9, 10, 11]]",0.3484154663218108,-0.0,0.0,-3.941931670682841e-15,,0.0,0.1122516601734678,0.1122516601734678,0.3484154663218108,0.0,1.0,"{""2"": 11, ""3"": 10, ""4"": 9}",0.1122516601734678,0.11225047762419291,26.317076207440493,1e-05,True,40,development_isotonic_frozen
s1-i14,held_out,1,structural,confidence,1,0.15,76993f31911749ca,"[[0, 1, 2, 3, 4, 5, 6, 7, 8, 9, 10, 11]]",0.3484154663218108,-0.0,0.0,-3.941931670682841e-15,,0.0,0.1122516601734678,0.1122516601734678,0.3484154663218108,0.0,1.0,"{""2"": 11, ""3"": 10, ""4"": 9}",0.1122516601734678,0.11225047762419291,26.317076207440493,1e-05,True,40,development_isotonic_frozen
s1-i14,held_out,1,structural,entropy,1,0.15,76993f31911749ca,"[[0, 1, 2, 3, 4, 5, 6, 7, 8, 9, 10, 11]]",0.3484154663218108,-0.0,0.0,-3.941931670682841e-15,,0.0,0.1122516601734678,0.1122516601734678,0.3484154663218108,0.0,1.0,"{""2"": 11, ""3"": 10, ""4"": 9}",0.1122516601734678,0.11225047762419291,26.317076207440493,1e-05,True,40,development_isotonic_frozen
s1-i14,held_out,1,structural,dependency_cmi,1,0.15,76993f31911749ca,"[[0, 1, 2, 3, 4, 5, 6, 7, 8, 9, 10, 11]]",0.3484154663218108,-0.0,0.0,-3.941931670682841e-15,,0.0,0.1122516601734678,0.1122516601734678,0.3484154663218108,0.0,1.0,"{""2"": 11, ""3"": 10, ""4"": 9}",0.1122516601734678,0.11225047762419291,26.317076207440493,1e-05,True,40,development_isotonic_frozen
s1-i14,held_out,1,structural,min_within_batch_tc,1,0.15,76993f31911749ca,"[[0, 1, 2, 3, 4, 5, 6, 7, 8, 9, 10, 11]]",0.3484154663218108,-0.0,0.0,-3.941931670682841e-15,,0.0,0.1122516601734678,0.1122516601734678,0.3484154663218108,0.0,1.0,"{""2"": 11, ""3"": 10, ""4"": 9}",0.1122516601734678,0.11225047762419291,26.317076207440493,1e-05,True,40,development_isotonic_frozen
s1-i14,held_out,1,structural,dprm_myopic,1,0.15,76993f31911749ca,"[[0, 1, 2, 3, 4, 5, 6, 7, 8, 9, 10, 11]]",0.3484154663218108,-0.0,0.0,-3.941931670682841e-15,,0.0,0.1122516601734678,0.1122516601734678,0.3484154663218108,0.0,1.0,"{""2"": 11, ""3"": 10, ""4"": 9}",0.1122516601734678,0.11225047762419291,26.317076207440493,1e-05,True,40,development_isotonic_frozen
s1-i14,held_out,1,structural,dprm_rollout,1,0.15,76993f31911749ca,"[[0, 1, 2, 3, 4, 5, 6, 7, 8, 9, 10, 11]]",0.3484154663218108,-0.0,0.0,-3.941931670682841e-15,,0.0,0.1122516601734678,0.1122516601734678,0.3484154663218108,0.0,1.0,"{""2"": 11, ""3"": 10, ""4"": 9}",0.1122516601734678,0.11225047762419291,26.317076207440493,1e-05,True,40,development_isotonic_frozen
s1-i14,held_out,1,structural,subset_exact,1,0.15,76993f31911749ca,"[[0, 1, 2, 3, 4, 5, 6, 7, 8, 9, 10, 11]]",0.3484154663218108,-0.0,0.0,-3.941931670682841e-15,,0.0,0.1122516601734678,0.1122516601734678,0.3484154663218108,0.0,1.0,"{""2"": 11, ""3"": 10, ""4"": 9}",0.1122516601734678,0.11225047762419291,26.317076207440493,1e-05,True,40,development_isotonic_frozen
s1-i14,held_out,1,structural,subset_beam_8,1,0.15,76993f31911749ca,"[[0, 1, 2, 3, 4, 5, 6, 7, 8, 9, 10, 11]]",0.3484154663218108,-0.0,0.0,-3.941931670682841e-15,,0.0,0.1122516601734678,0.1122516601734678,0.3484154663218108,0.0,1.0,"{""2"": 11, ""3"": 10, ""4"": 9}",0.1122516601734678,0.11225047762419291,26.317076207440493,1e-05,True,40,development_isotonic_frozen
s1-i14,held_out,1,structural,subset_beam_32,1,0.15,76993f31911749ca,"[[0, 1, 2, 3, 4, 5, 6, 7, 8, 9, 10, 11]]",0.3484154663218108,-0.0,0.0,-3.941931670682841e-15,,0.0,0.1122516601734678,0.1122516601734678,0.3484154663218108,0.0,1.0,"{""2"": 11, ""3"": 10, ""4"": 9}",0.1122516601734678,0.11225047762419291,26.317076207440493,1e-05,True,40,development_isotonic_frozen
s1-i14,held_out,1,structural,saps_diagonal,1,0.15,76993f31911749ca,"[[0, 1, 2, 3, 4, 5, 6, 7, 8, 9, 10, 11]]",0.3484154663218108,-0.0,0.0,-3.941931670682841e-15,,0.0,0.1122516601734678,0.1122516601734678,0.3484154663218108,0.0,1.0,"{""2"": 11, ""3"": 10, ""4"": 9}",0.1122516601734678,0.11225047762419291,26.317076207440493,1e-05,True,40,development_isotonic_frozen
s1-i14,held_out,1,structural,p_saps_residualized,1,0.15,76993f31911749ca,"[[0, 1, 2, 3, 4, 5, 6, 7, 8, 9, 10, 11]]",0.3484154663218108,-0.0,0.0,-3.941931670682841e-15,,0.0,0.1122516601734678,0.1122516601734678,0.3484154663218108,0.0,1.0,"{""2"": 11, ""3"": 10, ""4"": 9}",0.1122516601734678,0.11225047762419291,26.317076207440493,1e-05,True,40,development_isotonic_frozen
s1-i14,held_out,1,structural,p_saps_projection,1,0.15,76993f31911749ca,"[[0, 1, 2, 3, 4, 5, 6, 7, 8, 9, 10, 11]]",0.3484154663218108,-0.0,0.0,-3.941931670682841e-15,,0.0,0.1122516601734678,0.1122516601734678,0.3484154663218108,0.0,1.0,"{""2"": 11, ""3"": 10, ""4"": 9}",0.1122516601734678,0.11225047762419291,26.317076207440493,1e-05,True,40,development_isotonic_frozen
s1-i14,held_out,1,structural,b_saps_budgeted,1,0.15,76993f31911749ca,"[[0, 1, 2, 3, 4, 5, 6, 7, 8, 9, 10, 11]]",0.3484154663218108,-0.0,0.0,-3.941931670682841e-15,,0.0,0.1122516601734678,0.1122516601734678,0.3484154663218108,0.0,1.0,"{""2"": 11, ""3"": 10, ""4"": 9}",0.1122516601734678,0.11225047762419291,26.317076207440493,1e-05,True,40,development_isotonic_frozen
s1-i14,held_out,1,structural,random_balanced,2,0.01,35430efa6ab33b88,"[[2, 6, 7, 8, 10, 11], [0, 1, 3, 4, 5, 9]]",0.029881352097704632,-0.23561965390147566,0.592148700381972,-1.6893335253019252e-15,,13.0,0.15239943266422826,0.15239943266422826,0.03043471046988435,0.0,0.0,"{""2"": 11, ""3"": 6, ""1"": 13}",0.15239943266422826,0.15239521281841584,19.186552447659963,1e-05,True,40,development_isotonic_frozen
s1-i14,held_out,1,structural,confidence,2,0.01,8455c7a8a5cae77a,"[[1, 2, 4, 7, 8, 11], [0, 3, 5, 6, 9, 10]]",0.029881352097704632,-0.19916233259799898,0.6440094846903074,-2.052822611122185e-15,,13.0,0.10556910159119681,0.10556910159119681,0.03043471046988435,0.0,0.0,"{""1"": 13, ""2"": 16, ""3"": 1}",0.10556910159119681,0.10556740204393926,19.924056115142708,1e-05,True,40,development_isotonic_frozen
s1-i14,held_out,1,structural,entropy,2,0.01,a3f393448c758e07,"[[0, 2, 4, 7, 8, 11], [1, 3, 5, 6, 9, 10]]",0.029881352097704632,-0.20337695130364886,0.6456477596133702,-1.7373896470557243e-15,,12.0,0.11812496139851152,0.11812496139851152,0.03043471046988435,0.0,1.0,"{""1"": 12, ""2"": 17, ""3"": 1}",0.11812496139851152,0.11812306948848872,19.089935253675165,1e-05,True,40,development_isotonic_frozen
s1-i14,held_out,1,structural,dependency_cmi,2,0.01,50d495e7edd88153,"[[1, 3, 4, 6, 9, 10], [0, 2, 5, 7, 8, 11]]",0.029881352097704632,-0.25996040801879067,0.5669363023901404,-1.4654295096723832e-15,,16.0,0.19436525690435086,0.19436525690435086,0.03043471046988435,0.0,0.0,"{""1"": 16, ""2"": 13, ""3"": 1}",0.19436525690435086,0.19436077127868023,21.25607726390327,1e-05,True,40,development_isotonic_frozen
s1-i14,held_out,1,structural,min_within_batch_tc,2,0.01,039421c5e93cd42c,"[[1, 3, 6, 9, 10, 11], [0, 2, 4, 5, 7, 8]]",0.029881352097704632,-0.26958211743113075,0.5427236941330794,-1.4859563668184158e-15,,10.0,0.14591057008488117,0.14591057008488117,0.03043471046988435,0.0,0.0,"{""1"": 10, ""2"": 16, ""3"": 4}",0.14591057008488117,0.14590976191320723,24.117166747846174,1e-05,True,40,development_isotonic_frozen
s1-i14,held_out,1,structural,dprm_myopic,2,0.01,371d35af448623d5,"[[0, 1, 2, 4, 5, 6], [3, 7, 8, 9, 10, 11]]",0.029881352097704632,-0.24162732039889523,0.605316921774318,-1.873039464939038e-15,,12.0,0.10644821697088841,0.10644821697088841,0.02840572977189206,0.0,0.0,"{""2"": 10, ""3"": 6, ""1"": 12, ""4"": 2}",0.10644821697088841,0.10644537504339831,22.26050856760804,1e-05,True,40,development_isotonic_frozen
s1-i14,held_out,1,structural,dprm_rollout,2,0.01,986a62c578112f18,"[[0, 1, 2, 3, 6, 8], [4, 5, 7, 9, 10, 11]]",0.029881352097704632,-0.2583677324469696,0.5728623337616566,-1.7878752639515532e-15,,8.0,0.1411685073728002,0.1411685073728002,0.029420220120888203,0.0,0.0,"{""2"": 15, ""3"": 6, ""4"": 1, ""1"": 8}",0.1411685073728002,0.14116576076596518,22.63346135801716,1e-05,True,40,development_isotonic_frozen
s1-i14,held_out,1,structural,subset_exact,2,0.01,543028271928dcfa,"[[0, 1, 2, 3, 4, 5], [6, 7, 8, 9, 10, 11]]",0.029881352097704632,-0.24329849554824404,0.5959553044818743,-1.7373771797332942e-15,,3.0,0.13386390413288357,0.13386390413288357,0.024347768375907478,0.0,0.0,"{""2"": 12, ""3"": 9, ""4"": 6, ""1"": 3}",0.13386390413288357,0.1338608069211618,23.916137255905685,1e-05,True,40,development_isotonic_frozen
s1-i14,held_out,1,structural,subset_beam_8,2,0.01,543028271928dcfa,"[[0, 1, 2, 3, 4, 5], [6, 7, 8, 9, 10, 11]]",0.029881352097704632,-0.24329849554824404,0.5959553044818743,-1.7373771797332942e-15,,3.0,0.13386390413288357,0.13386390413288357,0.024347768375907478,0.0,0.0,"{""2"": 12, ""3"": 9, ""4"": 6, ""1"": 3}",0.13386390413288357,0.1338608069211618,23.916137255905685,1e-05,True,40,development_isotonic_frozen
s1-i14,held_out,1,structural,subset_beam_32,2,0.01,543028271928dcfa,"[[0, 1, 2, 3, 4, 5], [6, 7, 8, 9, 10, 11]]",0.029881352097704632,-0.24329849554824404,0.5959553044818743,-1.7373771797332942e-15,,3.0,0.13386390413288357,0.13386390413288357,0.024347768375907478,0.0,0.0,"{""2"": 12, ""3"": 9, ""4"": 6, ""1"": 3}",0.13386390413288357,0.1338608069211618,23.916137255905685,1e-05,True,40,development_isotonic_frozen
s1-i14,held_out,1,structural,saps_diagonal,2,0.01,17796a6af94c7f97,"[[2, 4, 5, 7, 8, 10], [0, 1, 3, 6, 9, 11]]",0.029881352097704632,-0.23442318460039582,0.6031333750264872,-2.024802113882633e-15,,19.0,0.1449128931271756,0.1449128931271756,0.03043471046988435,0.0,0.0,"{""2"": 10, ""3"": 1, ""1"": 19}",0.1449128931271756,0.14490246477566765,18.141382412537038,1e-05,True,40,development_isotonic_frozen
s1-i14,held_out,1,structural,p_saps_residualized,2,0.01,9a351b76f8e34914,"[[1, 3, 5, 7, 8, 9], [0, 2, 4, 6, 10, 11]]",0.029881352097704632,-0.276610484153731,0.5357992387401925,-1.8416617456105082e-15,,16.0,0.12310290422574131,0.12310290422574131,0.03043471046988435,0.0,0.0,"{""1"": 16, ""2"": 13, ""3"": 1}",0.12310290422574131,0.12310021456855225,20.698435145626178,1e-05,True,80,development_isotonic_frozen
s1-i14,held_out,1,structural,p_saps_projection,2,0.01,50d495e7edd88153,"[[1, 3, 4, 6, 9, 10], [0, 2, 5, 7, 8, 11]]",0.029881352097704632,-0.25996040801879067,0.5669363023901404,-1.4654295096723832e-15,,16.0,0.19436525690435086,0.19436525690435086,0.03043471046988435,0.0,0.0,"{""1"": 16, ""2"": 13, ""3"": 1}",0.19436525690435086,0.19436077127868023,21.25607726390327,1e-05,True,640,development_isotonic_frozen
s1-i14,held_out,1,structural,b_saps_budgeted,2,0.01,35430efa6ab33b88,"[[2, 6, 7, 8, 10, 11], [0, 1, 3, 4, 5, 9]]",0.029881352097704632,-0.23561965390147566,0.592148700381972,-1.6893335253019252e-15,,13.0,0.15239943266422826,0.15239943266422826,0.03043471046988435,0.0,0.0,"{""2"": 11, ""3"": 6, ""1"": 13}",0.15239943266422826,0.15239521281841584,19.186552447659963,1e-05,True,40,development_isotonic_frozen
s1-i14,held_out,1,structural,random_balanced,2,0.05,35430efa6ab33b88,"[[2, 6, 7, 8, 10, 11], [0, 1, 3, 4, 5, 9]]",0.1358124486070241,-0.23561965390147566,0.592148700381972,-1.6893335253019252e-15,,13.0,0.15239943266422826,0.15239943266422826,0.13689855036479925,0.0,0.0,"{""2"": 11, ""3"": 6, ""1"": 13}",0.15239943266422826,0.15239521281841584,19.186552447659963,1e-05,True,40,development_isotonic_frozen
s1-i14,held_out,1,structural,confidence,2,0.05,8455c7a8a5cae77a,"[[1, 2, 4, 7, 8, 11], [0, 3, 5, 6, 9, 10]]",0.1358124486070241,-0.19916233259799898,0.6440094846903074,-2.052822611122185e-15,,13.0,0.10556910159119681,0.10556910159119681,0.13689855036479925,0.0,0.0,"{""1"": 13, ""2"": 16, ""3"": 1}",0.10556910159119681,0.10556740204393926,19.924056115142708,1e-05,True,40,development_isotonic_frozen
s1-i14,held_out,1,structural,entropy,2,0.05,a3f393448c758e07,"[[0, 2, 4, 7, 8, 11], [1, 3, 5, 6, 9, 10]]",0.1358124486070241,-0.20337695130364886,0.6456477596133702,-1.7373896470557243e-15,,12.0,0.11812496139851152,0.11812496139851152,0.13689855036479925,0.0,0.0,"{""1"": 12, ""2"": 17, ""3"": 1}",0.11812496139851152,0.11812306948848872,19.089935253675165,1e-05,True,40,development_isotonic_frozen
s1-i14,held_out,1,structural,dependency_cmi,2,0.05,50d495e7edd88153,"[[1, 3, 4, 6, 9, 10], [0, 2, 5, 7, 8, 11]]",0.1358124486070241,-0.25996040801879067,0.5669363023901404,-1.4654295096723832e-15,,16.0,0.19436525690435086,0.19436525690435086,0.13689855036479925,0.0,0.0,"{""1"": 16, ""2"": 13, ""3"": 1}",0.19436525690435086,0.19436077127868023,21.25607726390327,1e-05,True,40,development_isotonic_frozen
s1-i14,held_out,1,structural,min_within_batch_tc,2,0.05,039421c5e93cd42c,"[[1, 3, 6, 9, 10, 11], [0, 2, 4, 5, 7, 8]]",0.1358124486070241,-0.26958211743113075,0.5427236941330794,-1.4859563668184158e-15,,10.0,0.14591057008488117,0.14591057008488117,0.13689855036479925,0.0,0.0,"{""1"": 10, ""2"": 16, ""3"": 4}",0.14591057008488117,0.14590976191320723,24.117166747846174,1e-05,True,40,development_isotonic_frozen
s1-i14,held_out,1,structural,dprm_myopic,2,0.05,371d35af448623d5,"[[0, 1, 2, 4, 5, 6], [3, 7, 8, 9, 10, 11]]",0.1358124486070241,-0.24162732039889523,0.605316921774318,-1.873039464939038e-15,,12.0,0.10644821697088841,0.10644821697088841,0.132916177252957,0.0,0.0,"{""2"": 10, ""3"": 6, ""1"": 12, ""4"": 2}",0.10644821697088841,0.10644537504339831,22.26050856760804,1e-05,True,40,development_isotonic_frozen
s1-i14,held_out,1,structural,dprm_rollout,2,0.05,167d3cd3ef898384,"[[0, 2, 3, 6, 8, 11], [1, 4, 5, 7, 9, 10]]",0.1358124486070241,-0.2417724432767769,0.5902174826900387,-1.7268378705637524e-15,,13.0,0.10274290412016429,0.10274290412016429,0.13689855036479925,0.0,0.0,"{""1"": 13, ""2"": 15, ""3"": 2}",0.10274290412016429,0.10274094808654165,21.94481220267159,1e-05,True,40,development_isotonic_frozen
s1-i14,held_out,1,structural,subset_exact,2,0.05,c15fe8894296de95,"[[0, 1, 2, 3, 4, 6], [5, 7, 8, 9, 10, 11]]",0.1358124486070241,-0.23487325543698376,0.60918323809442,-2.1258264289529153e-15,,7.0,0.19855428726315028,0.19855428726315028,0.12893380414111474,0.0,0.0,"{""2"": 11, ""3"": 8, ""4"": 4, ""1"": 7}",0.19855428726315028,0.19855162408707305,25.097483699235667,1e-05,True,40,development_isotonic_frozen
s1-i14,held_out,1,structural,subset_beam_8,2,0.05,c15fe8894296de95,"[[0, 1, 2, 3, 4, 6], [5, 7, 8, 9, 10, 11]]",0.1358124486070241,-0.23487325543698376,0.60918323809442,-2.1258264289529153e-15,,7.0,0.19855428726315028,0.19855428726315028,0.12893380414111474,0.0,0.0,"{""2"": 11, ""3"": 8, ""4"": 4, ""1"": 7}",0.19855428726315028,0.19855162408707305,25.097483699235667,1e-05,True,40,development_isotonic_frozen
s1-i14,held_out,1,structural,subset_beam_32,2,0.05,c15fe8894296de95,"[[0, 1, 2, 3, 4, 6], [5, 7, 8, 9, 10, 11]]",0.1358124486070241,-0.23487325543698376,0.60918323809442,-2.1258264289529153e-15,,7.0,0.19855428726315028,0.19855428726315028,0.12893380414111474,0.0,0.0,"{""2"": 11, ""3"": 8, ""4"": 4, ""1"": 7}",0.19855428726315028,0.19855162408707305,25.097483699235667,1e-05,True,40,development_isotonic_frozen
s1-i14,held_out,1,structural,saps_diagonal,2,0.05,17796a6af94c7f97,"[[2, 4, 5, 7, 8, 10], [0, 1, 3, 6, 9, 11]]",0.1358124486070241,-0.23442318460039582,0.6031333750264872,-2.024802113882633e-15,,19.0,0.1449128931271756,0.1449128931271756,0.13689855036479925,0.0,0.0,"{""2"": 10, ""3"": 1, ""1"": 19}",0.1449128931271756,0.14490246477566765,18.141382412537038,1e-05,True,40,development_isotonic_frozen
s1-i14,held_out,1,structural,p_saps_residualized,2,0.05,9a351b76f8e34914,"[[1, 3, 5, 7, 8, 9], [0, 2, 4, 6, 10, 11]]",0.1358124486070241,-0.276610484153731,0.5357992387401925,-1.8416617456105082e-15,,16.0,0.12310290422574131,0.12310290422574131,0.13689855036479925,0.0,0.0,"{""1"": 16, ""2"": 13, ""3"": 1}",0.12310290422574131,0.12310021456855225,20.698435145626178,1e-05,True,80,development_isotonic_frozen
s1-i14,held_out,1,structural,p_saps_projection,2,0.05,50d495e7edd88153,"[[1, 3, 4, 6, 9, 10], [0, 2, 5, 7, 8, 11]]",0.1358124486070241,-0.25996040801879067,0.5669363023901404,-1.4654295096723832e-15,,16.0,0.19436525690435086,0.19436525690435086,0.13689855036479925,0.0,0.0,"{""1"": 16, ""2"": 13, ""3"": 1}",0.19436525690435086,0.19436077127868023,21.25607726390327,1e-05,True,640,development_isotonic_frozen
s1-i14,held_out,1,structural,b_saps_budgeted,2,0.05,35430efa6ab33b88,"[[2, 6, 7, 8, 10, 11], [0, 1, 3, 4, 5, 9]]",0.1358124486070241,-0.23561965390147566,0.592148700381972,-1.6893335253019252e-15,,13.0,0.15239943266422826,0.15239943266422826,0.13689855036479925,0.0,0.0,"{""2"": 11, ""3"": 6, ""1"": 13}",0.15239943266422826,0.15239521281841584,19.186552447659963,1e-05,True,40,development_isotonic_frozen
s1-i14,held_out,1,structural,random_balanced,2,0.15,35430efa6ab33b88,"[[2, 6, 7, 8, 10, 11], [0, 1, 3, 4, 5, 9]]",1.6840666234508794,-0.23561965390147566,0.592148700381972,-1.6893335253019252e-15,,13.0,0.15239943266422826,0.15239943266422826,1.6900138802420936,0.0,0.0,"{""2"": 11, ""3"": 6, ""1"": 13}",0.15239943266422826,0.15239521281841584,19.186552447659963,1e-05,True,40,development_isotonic_frozen
s1-i14,held_out,1,structural,confidence,2,0.15,8455c7a8a5cae77a,"[[1, 2, 4, 7, 8, 11], [0, 3, 5, 6, 9, 10]]",1.6840666234508794,-0.19916233259799898,0.6440094846903074,-2.052822611122185e-15,,13.0,0.10556910159119681,0.10556910159119681,1.8483845467520077,0.0,1.0,"{""1"": 13, ""2"": 16, ""3"": 1}",0.10556910159119681,0.10556740204393926,19.924056115142708,1e-05,True,40,development_isotonic_frozen
s1-i14,held_out,1,structural,entropy,2,0.15,a3f393448c758e07,"[[0, 2, 4, 7, 8, 11], [1, 3, 5, 6, 9, 10]]",1.6840666234508794,-0.20337695130364886,0.6456477596133702,-1.7373896470557243e-15,,12.0,0.11812496139851152,0.11812496139851152,1.7768588020601226,0.125,0.0,"{""1"": 12, ""2"": 17, ""3"": 1}",0.11812496139851152,0.11812306948848872,19.089935253675165,1e-05,True,40,development_isotonic_frozen
s1-i14,held_out,1,structural,dependency_cmi,2,0.15,50d495e7edd88153,"[[1, 3, 4, 6, 9, 10], [0, 2, 5, 7, 8, 11]]",1.6840666234508794,-0.25996040801879067,0.5669363023901404,-1.4654295096723832e-15,,16.0,0.19436525690435086,0.19436525690435086,2.062961780827663,0.0,1.0,"{""1"": 16, ""2"": 13, ""3"": 1}",0.19436525690435086,0.19436077127868023,21.25607726390327,1e-05,True,40,development_isotonic_frozen
s1-i14,held_out,1,structural,min_within_batch_tc,2,0.15,039421c5e93cd42c,"[[1, 3, 6, 9, 10, 11], [0, 2, 4, 5, 7, 8]]",1.6840666234508794,-0.26958211743113075,0.5427236941330794,-1.4859563668184158e-15,,10.0,0.14591057008488117,0.14591057008488117,1.5387849127704039,0.0,1.0,"{""1"": 10, ""2"": 16, ""3"": 4}",0.14591057008488117,0.14590976191320723,24.117166747846174,1e-05,True,40,development_isotonic_frozen
s1-i14,held_out,1,structural,dprm_myopic,2,0.15,371d35af448623d5,"[[0, 1, 2, 4, 5, 6], [3, 7, 8, 9, 10, 11]]",1.6840666234508794,-0.24162732039889523,0.605316921774318,-1.873039464939038e-15,,12.0,0.10644821697088841,0.10644821697088841,1.555139868946243,0.0,1.0,"{""2"": 10, ""3"": 6, ""1"": 12, ""4"": 2}",0.10644821697088841,0.10644537504339831,22.26050856760804,1e-05,True,40,development_isotonic_frozen
s1-i14,held_out,1,structural,dprm_rollout,2,0.15,436eaacabce90eef,"[[0, 2, 6, 8, 10, 11], [1, 3, 4, 5, 7, 9]]",1.6840666234508794,-0.24668959086444897,0.5868741763749074,-1.7106315447892377e-15,,13.0,0.09374501458714436,0.09374501458714436,1.7216880135440764,-0.125,0.0,"{""1"": 13, ""2"": 12, ""3"": 5}",0.09374501458714436,0.09374250430442493,22.205961296615133,1e-05,True,40,development_isotonic_frozen
s1-i14,held_out,1,structural,subset_exact,2,0.15,e8fceed8ea060bca,"[[0, 2, 3, 4, 5, 6], [1, 7, 8, 9, 10, 11]]",1.6840666234508794,-0.24512449554020554,0.5971612527242157,-1.972362507991695e-15,,9.0,0.1455298256775154,0.1455298256775154,1.2455402349646392,0.0,1.0,"{""1"": 9, ""2"": 10, ""3"": 7, ""4"": 4}",0.1455298256775154,0.14552564142897934,22.85319149287022,1e-05,True,40,development_isotonic_frozen
s1-i14,held_out,1,structural,subset_beam_8,2,0.15,543028271928dcfa,"[[0, 1, 2, 3, 4, 5], [6, 7, 8, 9, 10, 11]]",1.6840666234508794,-0.24329849554824404,0.5959553044818743,-1.7373771797332942e-15,,3.0,0.13386390413288357,0.13386390413288357,0.6896892336053974,0.0,1.0,"{""2"": 12, ""3"": 9, ""4"": 6, ""1"": 3}",0.13386390413288357,0.1338608069211618,23.916137255905685,1e-05,True,40,development_isotonic_frozen
s1-i14,held_out,1,structural,subset_beam_32,2,0.15,543028271928dcfa,"[[0, 1, 2, 3, 4, 5], [6, 7, 8, 9, 10, 11]]",1.6840666234508794,-0.24329849554824404,0.5959553044818743,-1.7373771797332942e-15,,3.0,0.13386390413288357,0.13386390413288357,0.6896892336053974,0.0,1.0,"{""2"": 12, ""3"": 9, ""4"": 6, ""1"": 3}",0.13386390413288357,0.1338608069211618,23.916137255905685,1e-05,True,40,development_isotonic_frozen
s1-i14,held_out,1,structural,saps_diagonal,2,0.15,17796a6af94c7f97,"[[2, 4, 5, 7, 8, 10], [0, 1, 3, 6, 9, 11]]",1.6840666234508794,-0.23442318460039582,0.6031333750264872,-2.024802113882633e-15,,19.0,0.1449128931271756,0.1449128931271756,2.2775390149033186,0.0,0.0,"{""2"": 10, ""3"": 1, ""1"": 19}",0.1449128931271756,0.14490246477566765,18.141382412537038,1e-05,True,40,development_isotonic_frozen
s1-i14,held_out,1,structural,p_saps_residualized,2,0.15,9a351b76f8e34914,"[[1, 3, 5, 7, 8, 9], [0, 2, 4, 6, 10, 11]]",1.6840666234508794,-0.276610484153731,0.5357992387401925,-1.8416617456105082e-15,,16.0,0.12310290422574131,0.12310290422574131,2.062961780827663,-0.125,1.0,"{""1"": 16, ""2"": 13, ""3"": 1}",0.12310290422574131,0.12310021456855225,20.698435145626178,1e-05,True,80,development_isotonic_frozen
s1-i14,held_out,1,structural,p_saps_projection,2,0.15,50d495e7edd88153,"[[1, 3, 4, 6, 9, 10], [0, 2, 5, 7, 8, 11]]",1.6840666234508794,-0.25996040801879067,0.5669363023901404,-1.4654295096723832e-15,,16.0,0.19436525690435086,0.19436525690435086,2.062961780827663,0.0,1.0,"{""1"": 16, ""2"": 13, ""3"": 1}",0.19436525690435086,0.19436077127868023,21.25607726390327,1e-05,True,640,development_isotonic_frozen
s1-i14,held_out,1,structural,b_saps_budgeted,2,0.15,17796a6af94c7f97,"[[2, 4, 5, 7, 8, 10], [0, 1, 3, 6, 9, 11]]",1.6840666234508794,-0.23442318460039582,0.6031333750264872,-2.024802113882633e-15,,19.0,0.1449128931271756,0.1449128931271756,2.2775390149033186,0.0,0.0,"{""2"": 10, ""3"": 1, ""1"": 19}",0.1449128931271756,0.14490246477566765,18.141382412537038,1e-05,True,40,development_isotonic_frozen
s1-i14,held_out,1,structural,random_balanced,3,0.01,31c4acc564b33e6e,"[[2, 7, 10, 11], [3, 5, 6, 8], [0, 1, 4, 9]]",0.03037937463266638,-0.48588424462806884,1.1576669452486164,-7.615373242780406e-16,,21.0,0.1765876622794593,0.1765876622794593,0.03043471046988435,0.0,1.0,"{""2"": 8, ""1"": 21, ""3"": 1}",0.1765876622794593,0.17658286112166188,15.713964428909884,1e-05,True,40,development_isotonic_frozen
s1-i14,held_out,1,structural,confidence,3,0.01,f0174f83aff1e9ed,"[[2, 4, 7, 11], [1, 6, 8, 9], [0, 3, 5, 10]]",0.03037937463266638,-0.403717409523201,1.2781086532383132,-1.4998125183955766e-15,,22.0,0.10878938541159489,0.10878938541159489,0.03043471046988435,0.0,1.0,"{""1"": 22, ""2"": 7, ""3"": 1}",0.10878938541159489,0.1087879470392853,17.04088198897435,1e-05,True,40,development_isotonic_frozen
s1-i14,held_out,1,structural,entropy,3,0.01,873e7eaa2ff64e92,"[[2, 4, 7, 11], [0, 1, 6, 8], [3, 5, 9, 10]]",0.03037937463266638,-0.40708780546615636,1.285616339693339,-1.262346417684358e-15,,19.0,0.11408316756893229,0.11408316756893229,0.03043471046988435,0.0,1.0,"{""2"": 11, ""1"": 19}",0.11408316756893229,0.1140806854381138,17.545462438954768,1e-05,True,40,development_isotonic_frozen
s1-i14,held_out,1,structural,dependency_cmi,3,0.01,0ba197799afea377,"[[1, 3, 4, 9], [0, 2, 7, 8], [5, 6, 10, 11]]",0.03037937463266638,-0.47403372367569324,1.1914968596159554,-6.241318491245509e-16,,16.0,0.13714525673480357,0.13714525673480357,0.03043471046988435,0.0,0.0,"{""1"": 16, ""2"": 14}",0.13714525673480357,0.1371406389659152,19.064545164048354,1e-05,True,40,development_isotonic_frozen
s1-i14,held_out,1,structural,min_within_batch_tc,3,0.01,ca8183c58529c5ba,"[[1, 3, 5, 6], [7, 9, 10, 11], [0, 2, 4, 8]]",0.03037937463266638,-0.5601481404898976,1.0683294544246924,-7.644155592423937e-16,,21.0,0.11468374915212282,0.11468374915212282,0.03043471046988435,0.0,0.0,"{""1"": 21, ""2"": 8, ""3"": 1}",0.11468374915212282,0.11467192648156538,19.690721102711585,1e-05,True,40,development_isotonic_frozen
s1-i14,held_out,1,structural,dprm_myopic,3,0.01,9d1efbf4c9a358ec,"[[1, 4, 5, 6], [0, 2, 3, 7], [8, 9, 10, 11]]",0.03037937463266638,-0.49572510477190734,1.1845124246215784,-1.2599629249180438e-15,,11.0,0.12493095029580382,0.12493095029580382,0.029420220120888203,0.0,0.0,"{""1"": 11, ""2"": 13, ""3"": 5, ""4"": 1}",0.12493095029580382,0.12491244349985847,20.131029813366084,1e-05,True,40,development_isotonic_frozen
s1-i14,held_out,1,structural,dprm_rollout,3,0.01,b46a38dc6c2869b0,"[[0, 2, 3, 9], [1, 4, 6, 7], [5, 8, 10, 11]]",0.03037937463266638,-0.4889706367326045,1.1707667466272569,-1.3506020805724812e-15,,21.0,0.1647773593861159,0.1647773593861159,0.03043471046988435,0.0,0.0,"{""1"": 21, ""2"": 8, ""3"": 1}",0.1647773593861159,0.16477429193462864,19.156132797665858,1e-05,True,40,development_isotonic_frozen
s1-i14,held_out,1,structural,subset_exact,3,0.01,e5f7300afacd2877,"[[0, 1, 2, 3], [4, 6, 7, 11], [5, 8, 9, 10]]",0.03037937463266638,-0.4706869020370226,1.1998607186195651,-1.4368240771243007e-15,,14.0,0.1734082951054092,0.1734082951054092,0.029420220120888203,0.0,0.0,"{""2"": 10, ""3"": 5, ""4"": 1, ""1"": 14}",0.1734082951054092,0.1734060656889656,18.7687998580193,1e-05,True,40,development_isotonic_frozen
s1-i14,held_out,1,structural,subset_beam_8,3,0.01,e5f7300afacd2877,"[[0, 1, 2, 3], [4, 6, 7, 11], [5, 8, 9, 10]]",0.03037937463266638,-0.4706869020370226,1.1998607186195651,-1.4368240771243007e-15,,14.0,0.1734082951054092,0.1734082951054092,0.029420220120888203,0.0,0.0,"{""2"": 10, ""3"": 5, ""4"": 1, ""1"": 14}",0.1734082951054092,0.1734060656889656,18.7687998580193,1e-05,True,40,development_isotonic_frozen
s1-i14,held_out,1,structural,subset_beam_32,3,0.01,e5f7300afacd2877,"[[0, 1, 2, 3], [4, 6, 7, 11], [5, 8, 9, 10]]",0.03037937463266638,-0.4706869020370226,1.1998607186195651,-1.4368240771243007e-15,,14.0,0.1734082951054092,0.1734082951054092,0.029420220120888203,0.0,0.0,"{""2"": 10, ""3"": 5, ""4"": 1, ""1"": 14}",0.1734082951054092,0.1734060656889656,18.7687998580193,1e-05,True,40,development_isotonic_frozen
s1-i14,held_out,1,structural,saps_diagonal,3,0.01,102beb0028188b9b,"[[2, 4, 7, 10], [0, 3, 6, 9], [1, 5, 8, 11]]",0.03037937463266638,-0.4641709487410582,1.2086361576713627,-1.4100874608938296e-15,,28.0,0.07052502113348515,0.07052502113348515,0.03043471046988435,0.0,1.0,"{""1"": 28, ""2"": 2}",0.07052502113348515,0.07052423424367421,16.84777191614427,1e-05,True,40,development_isotonic_frozen
s1-i14,held_out,1,structural,p_saps_residualized,3,0.01,f729f9384db4c113,"[[0, 2, 3, 7], [4, 5, 8, 10], [1, 6, 9, 11]]",0.03037937463266638,-0.49454391421758764,1.169938312496211,-1.234127107431794e-15,,23.0,0.11750591768030798,0.11750591768030798,0.03043471046988435,0.0,0.0,"{""1"": 23, ""2"": 7}",0.11750591768030798,0.11750386438212523,17.580756060655673,1e-05,True,80,development_isotonic_frozen
s1-i14,held_out,1,structural,p_saps_projection,3,0.01,29624e6a91ba1f04,"[[2, 8, 9, 11], [0, 5, 6, 7], [1, 3, 4, 10]]",0.03037937463266638,-0.47559428494460937,1.1770540708108748,-1.276798834507785e-15,,15.0,0.19392572306599126,0.19392572306599126,0.03043471046988435,0.0,1.0,"{""1"": 15, ""2"": 12, ""3"": 3}",0.19392572306599126,0.19392357993283066,19.973479899461783,1e-05,True,640,development_isotonic_frozen
s1-i14,held_out,1,structural,b_saps_budgeted,3,0.01,31c4acc564b33e6e,"[[2, 7, 10, 11], [3, 5, 6, 8], [0, 1, 4, 9]]",0.03037937463266638,-0.48588424462806884,1.1576669452486164,-7.615373242780406e-16,,21.0,0.1765876622794593,0.1765876622794593,0.03043471046988435,0.0,1.0,"{""2"": 8, ""1"": 21, ""3"": 1}",0.1765876622794593,0.17658286112166188,15.713964428909884,1e-05,True,40,development_isotonic_frozen
s1-i14,held_out,1,structural,random_balanced,3,0.05,31c4acc564b33e6e,"[[2, 7, 10, 11], [3, 5, 6, 8], [0, 1, 4, 9]]",0.13678994018902174,-0.48588424462806884,1.1576669452486164,-7.615373242780406e-16,,21.0,0.1765876622794593,0.1765876622794593,0.13689855036479925,0.0,0.0,"{""2"": 8, ""1"": 21, ""3"": 1}",0.1765876622794593,0.17658286112166188,15.713964428909884,1e-05,True,40,development_isotonic_frozen
s1-i14,held_out,1,structural,confidence,3,0.05,f0174f83aff1e9ed,"[[2, 4, 7, 11], [1, 6, 8, 9], [0, 3, 5, 10]]",0.13678994018902174,-0.403717409523201,1.2781086532383132,-1.4998125183955766e-15,,22.0,0.10878938541159489,0.10878938541159489,0.13689855036479925,0.0,0.0,"{""1"": 22, ""2"": 7, ""3"": 1}",0.10878938541159489,0.1087879470392853,17.04088198897435,1e-05,True,40,development_isotonic_frozen
s1-i14,held_out,1,structural,entropy,3,0.05,873e7eaa2ff64e92,"[[2, 4, 7, 11], [0, 1, 6, 8], [3, 5, 9, 10]]",0.13678994018902174,-0.40708780546615636,1.285616339693339,-1.262346417684358e-15,,19.0,0.11408316756893229,0.11408316756893229,0.13689855036479925,0.0,0.0,"{""2"": 11, ""1"": 19}",0.11408316756893229,0.1140806854381138,17.545462438954768,1e-05,True,40,development_isotonic_frozen
s1-i14,held_out,1,structural,dependency_cmi,3,0.05,0ba197799afea377,"[[1, 3, 4, 9], [0, 2, 7, 8], [5, 6, 10, 11]]",0.13678994018902174,-0.47403372367569324,1.1914968596159554,-6.241318491245509e-16,,16.0,0.13714525673480357,0.13714525673480357,0.13689855036479925,0.0,0.0,"{""1"": 16, ""2"": 14}",0.13714525673480357,0.1371406389659152,19.064545164048354,1e-05,True,40,development_isotonic_frozen
s1-i14,held_out,1,structural,min_within_batch_tc,3,0.05,ca8183c58529c5ba,"[[1, 3, 5, 6], [7, 9, 10, 11], [0, 2, 4, 8]]",0.13678994018902174,-0.5601481404898976,1.0683294544246924,-7.644155592423937e-16,,21.0,0.11468374915212282,0.11468374915212282,0.13689855036479925,-0.125,0.0,"{""1"": 21, ""2"": 8, ""3"": 1}",0.11468374915212282,0.11467192648156538,19.690721102711585,1e-05,True,40,development_isotonic_frozen
s1-i14,held_out,1,structural,dprm_myopic,3,0.05,9d1efbf4c9a358ec,"[[1, 4, 5, 6], [0, 2, 3, 7], [8, 9, 10, 11]]",0.13678994018902174,-0.49572510477190734,1.1845124246215784,-1.2599629249180438e-15,,11.0,0.12493095029580382,0.12493095029580382,0.13490736380887813,0.0,0.0,"{""1"": 11, ""2"": 13, ""3"": 5, ""4"": 1}",0.12493095029580382,0.12491244349985847,20.131029813366084,1e-05,True,40,development_isotonic_frozen
s1-i14,held_out,1,structural,dprm_rollout,3,0.05,56f6d91fe842a81f,"[[0, 3, 9, 11], [2, 4, 6, 7], [1, 5, 8, 10]]",0.13678994018902174,-0.475823284187999,1.182236770600001,-1.1600636774519115e-15,,24.0,0.11381473455375098,0.11381473455375098,0.13689855036479925,0.0,0.0,"{""1"": 24, ""2"": 6}",0.11381473455375098,0.11381361262183004,17.368591138217845,1e-05,True,40,development_isotonic_frozen
s1-i14,held_out,1,structural,subset_exact,3,0.05,8cf9b91f53646188,"[[0, 1, 2, 4], [6, 7, 8, 11], [3, 5, 9, 10]]",0.13678994018902174,-0.4347530315993224,1.2629866667578924,-7.605911102400011e-16,,16.0,0.17573884310676616,0.17573884310676616,0.13689855036479925,0.0,0.0,"{""2"": 12, ""3"": 2, ""1"": 16}",0.17573884310676616,0.17573396590281434,17.526957333169715,1e-05,True,40,development_isotonic_frozen
s1-i14,held_out,1,structural,subset_beam_8,3,0.05,8cf9b91f53646188,"[[0, 1, 2, 4], [6, 7, 8, 11], [3, 5, 9, 10]]",0.13678994018902174,-0.4347530315993224,1.2629866667578924,-7.605911102400011e-16,,16.0,0.17573884310676616,0.17573884310676616,0.13689855036479925,0.0,0.0,"{""2"": 12, ""3"": 2, ""1"": 16}",0.17573884310676616,0.17573396590281434,17.526957333169715,1e-05,True,40,development_isotonic_frozen
s1-i14,held_out,1,structural,subset_beam_32,3,0.05,8cf9b91f53646188,"[[0, 1, 2, 4], [6, 7, 8, 11], [3, 5, 9, 10]]",0.13678994018902174,-0.4347530315993224,1.2629866667578924,-7.605911102400011e-16,,16.0,0.17573884310676616,0.17573884310676616,0.13689855036479925,0.0,0.0,"{""2"": 12, ""3"": 2, ""1"": 16}",0.17573884310676616,0.17573396590281434,17.526957333169715,1e-05,True,40,development_isotonic_frozen
s1-i14,held_out,1,structural,saps_diagonal,3,0.05,102beb0028188b9b,"[[2, 4, 7, 10], [0, 3, 6, 9], [1, 5, 8, 11]]",0.13678994018902174,-0.4641709487410582,1.2086361576713627,-1.4100874608938296e-15,,28.0,0.07052502113348515,0.07052502113348515,0.13689855036479925,0.0,0.0,"{""1"": 28, ""2"": 2}",0.07052502113348515,0.07052423424367421,16.84777191614427,1e-05,True,40,development_isotonic_frozen
s1-i14,held_out,1,structural,p_saps_residualized,3,0.05,f729f9384db4c113,"[[0, 2, 3, 7], [4, 5, 8, 10], [1, 6, 9, 11]]",0.13678994018902174,-0.49454391421758764,1.169938312496211,-1.234127107431794e-15,,23.0,0.11750591768030798,0.11750591768030798,0.13689855036479925,0.0,0.0,"{""1"": 23, ""2"": 7}",0.11750591768030798,0.11750386438212523,17.580756060655673,1e-05,True,80,development_isotonic_frozen
s1-i14,held_out,1,structural,p_saps_projection,3,0.05,29624e6a91ba1f04,"[[2, 8, 9, 11], [0, 5, 6, 7], [1, 3, 4, 10]]",0.13678994018902174,-0.47559428494460937,1.1770540708108748,-1.276798834507785e-15,,15.0,0.19392572306599126,0.19392572306599126,0.13689855036479925,0.0,0.0,"{""1"": 15, ""2"": 12, ""3"": 3}",0.19392572306599126,0.19392357993283066,19.973479899461783,1e-05,True,640,development_isotonic_frozen
s1-i14,held_out,1,structural,b_saps_budgeted,3,0.05,31c4acc564b33e6e,"[[2, 7, 10, 11], [3, 5, 6, 8], [0, 1, 4, 9]]",0.13678994018902174,-0.48588424462806884,1.1576669452486164,-7.615373242780406e-16,,21.0,0.1765876622794593,0.1765876622794593,0.13689855036479925,0.0,0.0,"{""2"": 8, ""1"": 21, ""3"": 1}",0.1765876622794593,0.17658286112166188,15.713964428909884,1e-05,True,40,development_isotonic_frozen
s1-i14,held_out,1,structural,random_balanced,3,0.15,31c4acc564b33e6e,"[[2, 7, 10, 11], [3, 5, 6, 8], [0, 1, 4, 9]]",2.230054086118797,-0.48588424462806884,1.1576669452486164,-7.615373242780406e-16,,21.0,0.1765876622794593,0.1765876622794593,2.4205905042870888,0.0,0.0,"{""2"": 8, ""1"": 21, ""3"": 1}",0.1765876622794593,0.17658286112166188,15.713964428909884,1e-05,True,40,development_isotonic_frozen
s1-i14,held_out,1,structural,confidence,3,0.15,f0174f83aff1e9ed,"[[2, 4, 7, 11], [1, 6, 8, 9], [0, 3, 5, 10]]",2.230054086118797,-0.403717409523201,1.2781086532383132,-1.4998125183955766e-15,,22.0,0.10878938541159489,0.10878938541159489,2.4921162489789737,-0.125,0.0,"{""1"": 22, ""2"": 7, ""3"": 1}",0.10878938541159489,0.1087879470392853,17.04088198897435,1e-05,True,40,development_isotonic_frozen
s1-i14,held_out,1,structural,entropy,3,0.15,873e7eaa2ff64e92,"[[2, 4, 7, 11], [0, 1, 6, 8], [3, 5, 9, 10]]",2.230054086118797,-0.40708780546615636,1.285616339693339,-1.262346417684358e-15,,19.0,0.11408316756893229,0.11408316756893229,2.309213148205301,0.0,0.0,"{""2"": 11, ""1"": 19}",0.11408316756893229,0.1140806854381138,17.545462438954768,1e-05,True,40,development_isotonic_frozen
s1-i14,held_out,1,structural,dependency_cmi,3,0.15,0ba197799afea377,"[[1, 3, 4, 9], [0, 2, 7, 8], [5, 6, 10, 11]]",2.230054086118797,-0.47403372367569324,1.1914968596159554,-6.241318491245509e-16,,16.0,0.13714525673480357,0.13714525673480357,2.094635914129646,0.0,0.0,"{""1"": 16, ""2"": 14}",0.13714525673480357,0.1371406389659152,19.064545164048354,1e-05,True,40,development_isotonic_frozen
s1-i14,held_out,1,structural,min_within_batch_tc,3,0.15,ca8183c58529c5ba,"[[1, 3, 5, 6], [7, 9, 10, 11], [0, 2, 4, 8]]",2.230054086118797,-0.5601481404898976,1.0683294544246924,-7.644155592423937e-16,,21.0,0.11468374915212282,0.11468374915212282,2.4205905042870888,0.0,1.0,"{""1"": 21, ""2"": 8, ""3"": 1}",0.11468374915212282,0.11467192648156538,19.690721102711585,1e-05,True,40,development_isotonic_frozen
s1-i14,held_out,1,structural,dprm_myopic,3,0.15,9d1efbf4c9a358ec,"[[1, 4, 5, 6], [0, 2, 3, 7], [8, 9, 10, 11]]",2.230054086118797,-0.49572510477190734,1.1845124246215784,-1.2599629249180438e-15,,11.0,0.12493095029580382,0.12493095029580382,1.5469623908583234,0.0,1.0,"{""1"": 11, ""2"": 13, ""3"": 5, ""4"": 1}",0.12493095029580382,0.12491244349985847,20.131029813366084,1e-05,True,40,development_isotonic_frozen
s1-i14,held_out,1,structural,dprm_rollout,3,0.15,da3cdee5f37af6f9,"[[1, 2, 3, 11], [0, 4, 5, 6], [7, 8, 9, 10]]",2.230054086118797,-0.46698355252172524,1.1966428083245526,-1.5758420281285042e-15,,10.0,0.19959131664635438,0.19959131664635438,1.4120883795624728,0.0,1.0,"{""1"": 10, ""2"": 12, ""3"": 7, ""4"": 1}",0.19959131664635438,0.19957380706691816,20.397817938143728,1e-05,True,40,development_isotonic_frozen
s1-i14,held_out,1,structural,subset_exact,3,0.15,87bb2fed5115df9a,"[[0, 2, 3, 6], [1, 4, 7, 11], [5, 8, 9, 10]]",2.230054086118797,-0.47251290202898416,1.2010666668619066,-1.4465983310298413e-15,,19.0,0.16316467024033526,0.16316467024033526,2.2141907482993526,0.125,0.0,"{""1"": 19, ""2"": 8, ""3"": 3}",0.16316467024033526,0.16316105022657623,18.412003882010207,1e-05,True,40,development_isotonic_frozen
s1-i14,held_out,1,structural,subset_beam_8,3,0.15,e5f7300afacd2877,"[[0, 1, 2, 3], [4, 6, 7, 11], [5, 8, 9, 10]]",2.230054086118797,-0.4706869020370226,1.1998607186195651,-1.4368240771243007e-15,,14.0,0.1734082951054092,0.1734082951054092,1.7615396249339788,0.0,0.0,"{""2"": 10, ""3"": 5, ""4"": 1, ""1"": 14}",0.1734082951054092,0.1734060656889656,18.7687998580193,1e-05,True,40,development_isotonic_frozen
s1-i14,held_out,1,structural,subset_beam_32,3,0.15,87bb2fed5115df9a,"[[0, 2, 3, 6], [1, 4, 7, 11], [5, 8, 9, 10]]",2.230054086118797,-0.47251290202898416,1.2010666668619066,-1.4465983310298413e-15,,19.0,0.16316467024033526,0.16316467024033526,2.2141907482993526,0.125,0.0,"{""1"": 19, ""2"": 8, ""3"": 3}",0.16316467024033526,0.16316105022657623,18.412003882010207,1e-05,True,40,development_isotonic_frozen
s1-i14,held_out,1,structural,saps_diagonal,3,0.15,102beb0028188b9b,"[[2, 4, 7, 10], [0, 3, 6, 9], [1, 5, 8, 11]]",2.230054086118797,-0.4641709487410582,1.2086361576713627,-1.4100874608938296e-15,,28.0,0.07052502113348515,0.07052502113348515,2.9529448504322673,0.0,0.0,"{""1"": 28, ""2"": 2}",0.07052502113348515,0.07052423424367421,16.84777191614427,1e-05,True,40,development_isotonic_frozen
s1-i14,held_out,1,structural,p_saps_residualized,3,0.15,f729f9384db4c113,"[[0, 2, 3, 7], [4, 5, 8, 10], [1, 6, 9, 11]]",2.230054086118797,-0.49454391421758764,1.169938312496211,-1.234127107431794e-15,,23.0,0.11750591768030798,0.11750591768030798,2.5953161269728415,0.0,0.0,"{""1"": 23, ""2"": 7}",0.11750591768030798,0.11750386438212523,17.580756060655673,1e-05,True,80,development_isotonic_frozen
s1-i14,held_out,1,structural,p_saps_projection,3,0.15,b27a196ae7c5dcad,"[[2, 3, 8, 9], [1, 4, 5, 7], [0, 6, 10, 11]]",2.230054086118797,-0.4835215962874711,1.1647559688739448,-9.763092621490802e-16,,21.0,0.15413521555817852,0.15413521555817852,2.4522646375890713,0.0,0.0,"{""1"": 21, ""2"": 9}",0.15413521555817852,0.1541138279157722,16.023469444773642,1e-05,True,640,development_isotonic_frozen
s1-i14,held_out,1,structural,b_saps_budgeted,3,0.15,102beb0028188b9b,"[[2, 4, 7, 10], [0, 3, 6, 9], [1, 5, 8, 11]]",2.230054086118797,-0.4641709487410582,1.2086361576713627,-1.4100874608938296e-15,,28.0,0.07052502113348515,0.07052502113348515,2.9529448504322673,0.0,0.0,"{""1"": 28, ""2"": 2}",0.07052502113348515,0.07052423424367421,16.84777191614427,1e-05,True,40,development_isotonic_frozen
s1-i14,held_out,1,structural,random_balanced,4,0.01,1912b1eb66a35e28,"[[2, 10, 11], [6, 7, 8], [1, 3, 5], [0, 4, 9]]",0.03043471046988435,-0.7283592167868679,1.7429028467004606,-6.097122362915964e-16,,25.0,0.17459045066578416,0.17459045066578416,0.03043471046988435,0.0,0.0,"{""1"": 25, ""2"": 4, ""3"": 1}",0.17459045066578416,0.17458422276576027,16.072288158386126,1e-05,True,40,development_isotonic_frozen
s1-i14,held_out,1,structural,confidence,4,0.01,e223ba30fc24820c,"[[2, 4, 11], [1, 7, 8], [3, 6, 9], [0, 5, 10]]",0.03043471046988435,-0.6132322355198336,1.9070496699483908,-9.656447132375394e-16,,28.0,0.10454760722192315,0.10454760722192315,0.03043471046988435,0.0,1.0,"{""1"": 28, ""2"": 2}",0.10454760722192315,0.10454509492122578,15.487920353265963,1e-05,True,40,development_isotonic_frozen
s1-i14,held_out,1,structural,entropy,4,0.01,809f4979e233ef32,"[[2, 4, 11], [0, 7, 8], [1, 6, 9], [3, 5, 10]]",0.03043471046988435,-0.6181642977898231,1.9184818888446185,-9.507854132354866e-16,,25.0,0.1278918473693517,0.1278918473693517,0.03043471046988435,0.0,1.0,"{""1"": 25, ""2"": 5}",0.1278918473693517,0.12788851298396015,17.232444608133264,1e-05,True,40,development_isotonic_frozen
s1-i14,held_out,1,structural,dependency_cmi,4,0.01,83a79ba518e6f9a5,"[[1, 3, 4], [2, 6, 8], [5, 9, 10], [0, 7, 11]]",0.03043471046988435,-0.7242578784476247,1.7792920008256683,-3.240733384937242e-16,,27.0,0.1859579168935135,0.1859579168935135,0.03043471046988435,0.0,0.0,"{""1"": 27, ""2"": 3}",0.1859579168935135,0.1859470475384305,14.71542096902881,1e-05,True,40,development_isotonic_frozen
s1-i14,held_out,1,structural,min_within_batch_tc,4,0.01,fe4ce7541cb2ef3f,"[[1, 2, 7], [3, 5, 6], [9, 10, 11], [0, 4, 8]]",0.03043471046988435,-0.7579035125642856,1.7015625268466623,-4.36466917720626e-16,,24.0,0.12513176696939393,0.12513176696939393,0.03043471046988435,0.0,0.0,"{""1"": 24, ""2"": 5, ""3"": 1}",0.12513176696939393,0.12512946010103704,14.992193834667532,1e-05,True,40,development_isotonic_frozen
s1-i14,held_out,1,structural,dprm_myopic,4,0.01,764f352443b60dd1,"[[1, 4, 5], [0, 2, 6], [3, 7, 8], [9, 10, 11]]",0.03043471046988435,-0.732803903606294,1.7938702510062345,-4.671204970341875e-16,,19.0,0.1294894836025192,0.1294894836025192,0.03043471046988435,0.0,0.0,"{""1"": 19, ""2"": 9, ""3"": 2}",0.1294894836025192,0.12948657689384183,16.593502895060936,1e-05,True,40,development_isotonic_frozen
s1-i14,held_out,1,structural,dprm_rollout,4,0.01,12b37798ba611df8,"[[0, 2, 9], [3, 7, 11], [1, 6, 8], [4, 5, 10]]",0.03043471046988435,-0.7290305187938207,1.74476472926616,-5.116009787859936e-16,,22.0,0.05886389520207776,0.05886389520207776,0.03043471046988435,0.0,0.0,"{""1"": 22, ""2"": 8}",0.05886389520207776,0.058863200678464234,18.245374972510042,1e-05,True,40,development_isotonic_frozen
s1-i14,held_out,1,structural,subset_exact,4,0.01,d5a8535deb851e8f,"[[0, 1, 2], [4, 7, 11], [3, 6, 8], [5, 9, 10]]",0.03043471046988435,-0.6705666781993612,1.8536641472830377,-6.212868069157977e-16,,21.0,0.11842171394247007,0.11842171394247007,0.03043471046988435,0.0,0.0,"{""2"": 8, ""3"": 1, ""1"": 21}",0.11842171394247007,0.11841853395937595,15.680182488850157,1e-05,True,40,development_isotonic_frozen
s1-i14,held_out,1,structural,subset_beam_8,4,0.01,d5a8535deb851e8f,"[[0, 1, 2], [4, 7, 11], [3, 6, 8], [5, 9, 10]]",0.03043471046988435,-0.6705666781993612,1.8536641472830377,-6.212868069157977e-16,,21.0,0.11842171394247007,0.11842171394247007,0.03043471046988435,0.0,0.0,"{""2"": 8, ""3"": 1, ""1"": 21}",0.11842171394247007,0.11841853395937595,15.680182488850157,1e-05,True,40,development_isotonic_frozen
s1-i14,held_out,1,structural,subset_beam_32,4,0.01,d5a8535deb851e8f,"[[0, 1, 2], [4, 7, 11], [3, 6, 8], [5, 9, 10]]",0.03043471046988435,-0.6705666781993612,1.8536641472830377,-6.212868069157977e-16,,21.0,0.11842171394247007,0.11842171394247007,0.03043471046988435,0.0,0.0,"{""2"": 8, ""3"": 1, ""1"": 21}",0.11842171394247007,0.11841853395937595,15.680182488850157,1e-05,True,40,development_isotonic_frozen
s1-i14,held_out,1,structural,saps_diagonal,4,0.01,f17356017a05ba97,"[[2, 5, 10], [1, 6, 8], [3, 7, 11], [0, 4, 9]]",0.03043471046988435,-0.7889075935910204,1.6772357791731605,-4.594952829781747e-16,,30.0,0.1402815710991478,0.1402815710991478,0.03043471046988435,0.0,1.0,"{""1"": 30}",0.1402815710991478,0.14027987166603098,16.400225294955696,1e-05,True,40,development_isotonic_frozen
s1-i14,held_out,1,structural,p_saps_residualized,4,0.01,063861a4e5c6e2c1,"[[3, 7, 9], [0, 5, 8], [1, 4, 10], [2, 6, 11]]",0.03043471046988435,-0.8129292954882675,1.6475181804044372,-7.52404922118557e-16,,30.0,0.11169564133098021,0.11169564133098021,0.03043471046988435,0.0,0.0,"{""1"": 30}",0.11169564133098021,0.11169283806611781,15.821624069499006,1e-05,True,80,development_isotonic_frozen
s1-i14,held_out,1,structural,p_saps_projection,4,0.01,83a79ba518e6f9a5,"[[1, 3, 4], [2, 6, 8], [5, 9, 10], [0, 7, 11]]",0.03043471046988435,-0.7242578784476247,1.7792920008256683,-3.240733384937242e-16,,27.0,0.1859579168935135,0.1859579168935135,0.03043471046988435,0.0,0.0,"{""1"": 27, ""2"": 3}",0.1859579168935135,0.1859470475384305,14.71542096902881,1e-05,True,640,development_isotonic_frozen
s1-i14,held_out,1,structural,b_saps_budgeted,4,0.01,1912b1eb66a35e28,"[[2, 10, 11], [6, 7, 8], [1, 3, 5], [0, 4, 9]]",0.03043471046988435,-0.7283592167868679,1.7429028467004606,-6.097122362915964e-16,,25.0,0.17459045066578416,0.17459045066578416,0.03043471046988435,0.0,0.0,"{""1"": 25, ""2"": 4, ""3"": 1}",0.17459045066578416,0.17458422276576027,16.072288158386126,1e-05,True,40,development_isotonic_frozen
s1-i14,held_out,1,structural,random_balanced,4,0.05,1912b1eb66a35e28,"[[2, 10, 11], [6, 7, 8], [1, 3, 5], [0, 4, 9]]",0.13689855036479925,-0.7283592167868679,1.7429028467004606,-6.097122362915964e-16,,25.0,0.17459045066578416,0.17459045066578416,0.13689855036479925,0.0,0.0,"{""1"": 25, ""2"": 4, ""3"": 1}",0.17459045066578416,0.17458422276576027,16.072288158386126,1e-05,True,40,development_isotonic_frozen
s1-i14,held_out,1,structural,confidence,4,0.05,e223ba30fc24820c,"[[2, 4, 11], [1, 7, 8], [3, 6, 9], [0, 5, 10]]",0.13689855036479925,-0.6132322355198336,1.9070496699483908,-9.656447132375394e-16,,28.0,0.10454760722192315,0.10454760722192315,0.13689855036479925,0.0,0.0,"{""1"": 28, ""2"": 2}",0.10454760722192315,0.10454509492122578,15.487920353265963,1e-05,True,40,development_isotonic_frozen
s1-i14,held_out,1,structural,entropy,4,0.05,809f4979e233ef32,"[[2, 4, 11], [0, 7, 8], [1, 6, 9], [3, 5, 10]]",0.13689855036479925,-0.6181642977898231,1.9184818888446185,-9.507854132354866e-16,,25.0,0.1278918473693517,0.1278918473693517,0.13689855036479925,0.0,0.0,"{""1"": 25, ""2"": 5}",0.1278918473693517,0.12788851298396015,17.232444608133264,1e-05,True,40,development_isotonic_frozen
s1-i14,held_out,1,structural,dependency_cmi,4,0.05,83a79ba518e6f9a5,"[[1, 3, 4], [2, 6, 8], [5, 9, 10], [0, 7, 11]]",0.13689855036479925,-0.7242578784476247,1.7792920008256683,-3.240733384937242e-16,,27.0,0.1859579168935135,0.1859579168935135,0.13689855036479925,0.0,0.0,"{""1"": 27, ""2"": 3}",0.1859579168935135,0.1859470475384305,14.71542096902881,1e-05,True,40,development_isotonic_frozen
s1-i14,held_out,1,structural,min_within_batch_tc,4,0.05,fe4ce7541cb2ef3f,"[[1, 2, 7], [3, 5, 6], [9, 10, 11], [0, 4, 8]]",0.13689855036479925,-0.7579035125642856,1.7015625268466623,-4.36466917720626e-16,,24.0,0.12513176696939393,0.12513176696939393,0.13689855036479925,0.0,0.0,"{""1"": 24, ""2"": 5, ""3"": 1}",0.12513176696939393,0.12512946010103704,14.992193834667532,1e-05,True,40,development_isotonic_frozen
s1-i14,held_out,1,structural,dprm_myopic,4,0.05,764f352443b60dd1,"[[1, 4, 5], [0, 2, 6], [3, 7, 8], [9, 10, 11]]",0.13689855036479925,-0.732803903606294,1.7938702510062345,-4.671204970341875e-16,,19.0,0.1294894836025192,0.1294894836025192,0.13689855036479925,0.0,0.0,"{""1"": 19, ""2"": 9, ""3"": 2}",0.1294894836025192,0.12948657689384183,16.593502895060936,1e-05,True,40,development_isotonic_frozen
s1-i14,held_out,1,structural,dprm_rollout,4,0.05,5d8f738219b5393b,"[[0, 1, 2], [5, 8, 9], [4, 6, 7], [3, 10, 11]]",0.13689855036479925,-0.7528008023975783,1.74809302140915,-7.333570820158458e-16,,16.0,0.10928557143115215,0.10928557143115215,0.13689855036479925,0.0,0.0,"{""2"": 12, ""3"": 2, ""1"": 16}",0.10928557143115215,0.10927968312086293,18.453126947392384,1e-05,True,40,development_isotonic_frozen
s1-i14,held_out,1,structural,subset_exact,4,0.05,4cc25aabee7c6f83,"[[0, 1, 3], [2, 4, 11], [6, 7, 8], [5, 9, 10]]",0.13689855036479925,-0.7044595725350851,1.8071997363686856,-1.0067623268871775e-15,,19.0,0.1256178172760607,0.1256178172760607,0.13689855036479925,0.0,0.0,"{""2"": 10, ""1"": 19, ""3"": 1}",0.1256178172760607,0.12560796075778954,18.441343990163887,1e-05,True,40,development_isotonic_frozen
s1-i14,held_out,1,structural,subset_beam_8,4,0.05,4cc25aabee7c6f83,"[[0, 1, 3], [2, 4, 11], [6, 7, 8], [5, 9, 10]]",0.13689855036479925,-0.7044595725350851,1.8071997363686856,-1.0067623268871775e-15,,19.0,0.1256178172760607,0.1256178172760607,0.13689855036479925,0.0,0.0,"{""2"": 10, ""1"": 19, ""3"": 1}",0.1256178172760607,0.12560796075778954,18.441343990163887,1e-05,True,40,development_isotonic_frozen
s1-i14,held_out,1,structural,subset_beam_32,4,0.05,4cc25aabee7c6f83,"[[0, 1, 3], [2, 4, 11], [6, 7, 8], [5, 9, 10]]",0.13689855036479925,-0.7044595725350851,1.8071997363686856,-1.0067623268871775e-15,,19.0,0.1256178172760607,0.1256178172760607,0.13689855036479925,0.0,0.0,"{""2"": 10, ""1"": 19, ""3"": 1}",0.1256178172760607,0.12560796075778954,18.441343990163887,1e-05,True,40,development_isotonic_frozen
s1-i14,held_out,1,structural,saps_diagonal,4,0.05,f17356017a05ba97,"[[2, 5, 10], [1, 6, 8], [3, 7, 11], [0, 4, 9]]",0.13689855036479925,-0.7889075935910204,1.6772357791731605,-4.594952829781747e-16,,30.0,0.1402815710991478,0.1402815710991478,0.13689855036479925,0.0,0.0,"{""1"": 30}",0.1402815710991478,0.14027987166603098,16.400225294955696,1e-05,True,40,development_isotonic_frozen
s1-i14,held_out,1,structural,p_saps_residualized,4,0.05,063861a4e5c6e2c1,"[[3, 7, 9], [0, 5, 8], [1, 4, 10], [2, 6, 11]]",0.13689855036479925,-0.8129292954882675,1.6475181804044372,-7.52404922118557e-16,,30.0,0.11169564133098021,0.11169564133098021,0.13689855036479925,0.0,0.0,"{""1"": 30}",0.11169564133098021,0.11169283806611781,15.821624069499006,1e-05,True,80,development_isotonic_frozen
s1-i14,held_out,1,structural,p_saps_projection,4,0.05,83a79ba518e6f9a5,"[[1, 3, 4], [2, 6, 8], [5, 9, 10], [0, 7, 11]]",0.13689855036479925,-0.7242578784476247,1.7792920008256683,-3.240733384937242e-16,,27.0,0.1859579168935135,0.1859579168935135,0.13689855036479925,0.0,0.0,"{""1"": 27, ""2"": 3}",0.1859579168935135,0.1859470475384305,14.71542096902881,1e-05,True,640,development_isotonic_frozen
s1-i14,held_out,1,structural,b_saps_budgeted,4,0.05,1912b1eb66a35e28,"[[2, 10, 11], [6, 7, 8], [1, 3, 5], [0, 4, 9]]",0.13689855036479925,-0.7283592167868679,1.7429028467004606,-6.097122362915964e-16,,25.0,0.17459045066578416,0.17459045066578416,0.13689855036479925,0.0,0.0,"{""1"": 25, ""2"": 4, ""3"": 1}",0.17459045066578416,0.17458422276576027,16.072288158386126,1e-05,True,40,development_isotonic_frozen
s1-i14,held_out,1,structural,random_balanced,4,0.15,1912b1eb66a35e28,"[[2, 10, 11], [6, 7, 8], [1, 3, 5], [0, 4, 9]]",2.5141677093901182,-0.7283592167868679,1.7429028467004606,-6.097122362915964e-16,,25.0,0.17459045066578416,0.17459045066578416,2.706693483054629,0.0,0.0,"{""1"": 25, ""2"": 4, ""3"": 1}",0.17459045066578416,0.17458422276576027,16.072288158386126,1e-05,True,40,development_isotonic_frozen
s1-i14,held_out,1,structural,confidence,4,0.15,e223ba30fc24820c,"[[2, 4, 11], [1, 7, 8], [3, 6, 9], [0, 5, 10]]",2.5141677093901182,-0.6132322355198336,1.9070496699483908,-9.656447132375394e-16,,28.0,0.10454760722192315,0.10454760722192315,2.9529448504322673,0.0,0.0,"{""1"": 28, ""2"": 2}",0.10454760722192315,0.10454509492122578,15.487920353265963,1e-05,True,40,development_isotonic_frozen
s1-i14,held_out,1,structural,entropy,4,0.15,809f4979e233ef32,"[[2, 4, 11], [0, 7, 8], [1, 6, 9], [3, 5, 10]]",2.5141677093901182,-0.6181642977898231,1.9184818888446185,-9.507854132354866e-16,,25.0,0.1278918473693517,0.1278918473693517,2.7383676163566117,-0.125,0.0,"{""1"": 25, ""2"": 5}",0.1278918473693517,0.12788851298396015,17.232444608133264,1e-05,True,40,development_isotonic_frozen
s1-i14,held_out,1,structural,dependency_cmi,4,0.15,83a79ba518e6f9a5,"[[1, 3, 4], [2, 6, 8], [5, 9, 10], [0, 7, 11]]",2.5141677093901182,-0.7242578784476247,1.7792920008256683,-3.240733384937242e-16,,27.0,0.1859579168935135,0.1859579168935135,2.881419105740382,0.0,0.0,"{""1"": 27, ""2"": 3}",0.1859579168935135,0.1859470475384305,14.71542096902881,1e-05,True,40,development_isotonic_frozen
s1-i14,held_out,1,structural,min_within_batch_tc,4,0.15,fe4ce7541cb2ef3f,"[[1, 2, 7], [3, 5, 6], [9, 10, 11], [0, 4, 8]]",2.5141677093901182,-0.7579035125642856,1.7015625268466623,-4.36466917720626e-16,,24.0,0.12513176696939393,0.12513176696939393,2.635167738362744,-0.125,0.0,"{""1"": 24, ""2"": 5, ""3"": 1}",0.12513176696939393,0.12512946010103704,14.992193834667532,1e-05,True,40,development_isotonic_frozen
s1-i14,held_out,1,structural,dprm_myopic,4,0.15,764f352443b60dd1,"[[1, 4, 5], [0, 2, 6], [3, 7, 8], [9, 10, 11]]",2.5141677093901182,-0.732803903606294,1.7938702510062345,-4.671204970341875e-16,,19.0,0.1294894836025192,0.1294894836025192,2.2458648816013356,0.125,1.0,"{""1"": 19, ""2"": 9, ""3"": 2}",0.1294894836025192,0.12948657689384183,16.593502895060936,1e-05,True,40,development_isotonic_frozen
s1-i14,held_out,1,structural,dprm_rollout,4,0.15,a08836fc47ad0124,"[[1, 2, 4], [5, 6, 7], [0, 8, 9], [3, 10, 11]]",2.5141677093901182,-0.6887865483657034,1.8366932917856627,-6.329472322676571e-16,,18.0,0.18784511364549142,0.18784511364549142,2.1743391369094502,0.0,0.0,"{""1"": 18, ""2"": 10, ""3"": 2}",0.18784511364549142,0.18783242536008596,17.013076555690766,1e-05,True,40,development_isotonic_frozen
s1-i14,held_out,1,structural,subset_exact,4,0.15,6c7c0270ae379300,"[[0, 2, 3], [1, 4, 11], [6, 7, 8], [5, 9, 10]]",2.5141677093901182,-0.6844163467393053,1.8304400102527056,-5.703018917614041e-16,,20.0,0.09202154848017799,0.09202154848017799,2.3490647595952034,0.125,1.0,"{""1"": 20, ""2"": 9, ""3"": 1}",0.09202154848017799,0.09201908533235734,18.066345139712233,1e-05,True,40,development_isotonic_frozen
s1-i14,held_out,1,structural,subset_beam_8,4,0.15,6c7c0270ae379300,"[[0, 2, 3], [1, 4, 11], [6, 7, 8], [5, 9, 10]]",2.5141677093901182,-0.6844163467393053,1.8304400102527056,-5.703018917614041e-16,,20.0,0.09202154848017799,0.09202154848017799,2.3490647595952034,0.125,1.0,"{""1"": 20, ""2"": 9, ""3"": 1}",0.09202154848017799,0.09201908533235734,18.066345139712233,1e-05,True,40,development_isotonic_frozen
s1-i14,held_out,1,structural,subset_beam_32,4,0.15,6c7c0270ae379300,"[[0, 2, 3], [1, 4, 11], [6, 7, 8], [5, 9, 10]]",2.5141677093901182,-0.6844163467393053,1.8304400102527056,-5.703018917614041e-16,,20.0,0.09202154848017799,0.09202154848017799,2.3490647595952034,0.125,1.0,"{""1"": 20, ""2"": 9, ""3"": 1}",0.09202154848017799,0.09201908533235734,18.066345139712233,1e-05,True,40,development_isotonic_frozen
s1-i14,held_out,1,structural,saps_diagonal,4,0.15,f17356017a05ba97,"[[2, 5, 10], [1, 6, 8], [3, 7, 11], [0, 4, 9]]",2.5141677093901182,-0.7889075935910204,1.6772357791731605,-4.594952829781747e-16,,30.0,0.1402815710991478,0.1402815710991478,3.0959963398160375,0.0,0.0,"{""1"": 30}",0.1402815710991478,0.14027987166603098,16.400225294955696,1e-05,True,40,development_isotonic_frozen
s1-i14,held_out,1,structural,p_saps_residualized,4,0.15,063861a4e5c6e2c1,"[[3, 7, 9], [0, 5, 8], [1, 4, 10], [2, 6, 11]]",2.5141677093901182,-0.8129292954882675,1.6475181804044372,-7.52404922118557e-16,,30.0,0.11169564133098021,0.11169564133098021,3.0959963398160375,0.0,0.0,"{""1"": 30}",0.11169564133098021,0.11169283806611781,15.821624069499006,1e-05,True,80,development_isotonic_frozen
s1-i14,held_out,1,structural,p_saps_projection,4,0.15,83a79ba518e6f9a5,"[[1, 3, 4], [2, 6, 8], [5, 9, 10], [0, 7, 11]]",2.5141677093901182,-0.7242578784476247,1.7792920008256683,-3.240733384937242e-16,,27.0,0.1859579168935135,0.1859579168935135,2.881419105740382,0.0,0.0,"{""1"": 27, ""2"": 3}",0.1859579168935135,0.1859470475384305,14.71542096902881,1e-05,True,640,development_isotonic_frozen
s1-i14,held_out,1,structural,b_saps_budgeted,4,0.15,f17356017a05ba97,"[[2, 5, 10], [1, 6, 8], [3, 7, 11], [0, 4, 9]]",2.5141677093901182,-0.7889075935910204,1.6772357791731605,-4.594952829781747e-16,,30.0,0.1402815710991478,0.1402815710991478,3.0959963398160375,0.0,0.0,"{""1"": 30}",0.1402815710991478,0.14027987166603098,16.400225294955696,1e-05,True,40,development_isotonic_frozen
