example_id,data_split,seed,candidate_library,scheduler,schedule_id,schedule,score_random,score_confidence,score_entropy,score_dependency,score_dprm_itemwise,score_diag_um,score_projection,score_residualized,score_budgeted,actual_response_power,actual_terminal_gain,frontier_width_histogram,gamma_pinv,gamma_ridge,gram_delta,ridge_multiplier,used_pinv,adaptation_terminal_labels,width_weight_source
s0-i6,development,0,oracle,random_balanced,54a0dc573c0908b1,"[[0, 1, 2, 3, 4, 5, 6, 7, 8, 9, 10, 11]]",0.02905038563125886,-0.0,0.0,-1.1746235128901028e-14,,0.0,0.05967185141765123,0.05967185141765123,0.02905038563125886,0.03125,0.0,"{""4"": 1}",0.05967185141765123,0.05967022875089688,1.2117594754771885,1e-05,True,40,development_isotonic_frozen
s0-i6,development,0,oracle,confidence,54a0dc573c0908b1,"[[0, 1, 2, 3, 4, 5, 6, 7, 8, 9, 10, 11]]",0.02905038563125886,-0.0,0.0,-1.1746235128901028e-14,,0.0,0.05967185141765123,0.05967185141765123,0.02905038563125886,0.03125,0.0,"{""4"": 1}",0.05967185141765123,0.05967022875089688,1.2117594754771885,1e-05,True,40,development_isotonic_frozen
s0-i6,development,0,oracle,entropy,54a0dc573c0908b1,"[[0, 1, 2, 3, 4, 5, 6, 7, 8, 9, 10, 11]]",0.02905038563125886,-0.0,0.0,-1.1746235128901028e-14,,0.0,0.05967185141765123,0.05967185141765123,0.02905038563125886,0.03125,0.0,"{""4"": 1}",0.05967185141765123,0.05967022875089688,1.2117594754771885,1e-05,True,40,development_isotonic_frozen
s0-i6,development,0,oracle,dependency_cmi,54a0dc573c0908b1,"[[0, 1, 2, 3, 4, 5, 6, 7, 8, 9, 10, 11]]",0.02905038563125886,-0.0,0.0,-1.1746235128901028e-14,,0.0,0.05967185141765123,0.05967185141765123,0.02905038563125886,0.03125,0.0,"{""4"": 1}",0.05967185141765123,0.05967022875089688,1.2117594754771885,1e-05,True,40,development_isotonic_frozen
s0-i6,development,0,oracle,min_within_batch_tc,54a0dc573c0908b1,"[[0, 1, 2, 3, 4, 5, 6, 7, 8, 9, 10, 11]]",0.02905038563125886,-0.0,0.0,-1.1746235128901028e-14,,0.0,0.05967185141765123,0.05967185141765123,0.02905038563125886,0.03125,0.0,"{""4"": 1}",0.05967185141765123,0.05967022875089688,1.2117594754771885,1e-05,True,40,development_isotonic_frozen
s0-i6,development,0,oracle,dprm_myopic,54a0dc573c0908b1,"[[0, 1, 2, 3, 4, 5, 6, 7, 8, 9, 10, 11]]",0.02905038563125886,-0.0,0.0,-1.1746235128901028e-14,,0.0,0.05967185141765123,0.05967185141765123,0.02905038563125886,0.03125,0.0,"{""4"": 1}",0.05967185141765123,0.05967022875089688,1.2117594754771885,1e-05,True,40,development_isotonic_frozen
s0-i6,development,0,oracle,dprm_rollout,54a0dc573c0908b1,"[[0, 1, 2, 3, 4, 5, 6, 7, 8, 9, 10, 11]]",0.02905038563125886,-0.0,0.0,-1.1746235128901028e-14,,0.0,0.05967185141765123,0.05967185141765123,0.02905038563125886,0.03125,0.0,"{""4"": 1}",0.05967185141765123,0.05967022875089688,1.2117594754771885,1e-05,True,40,development_isotonic_frozen
s0-i6,development,0,oracle,subset_exact,54a0dc573c0908b1,"[[0, 1, 2, 3, 4, 5, 6, 7, 8, 9, 10, 11]]",0.02905038563125886,-0.0,0.0,-1.1746235128901028e-14,,0.0,0.05967185141765123,0.05967185141765123,0.02905038563125886,0.03125,0.0,"{""4"": 1}",0.05967185141765123,0.05967022875089688,1.2117594754771885,1e-05,True,40,development_isotonic_frozen
s0-i6,development,0,oracle,subset_beam_8,54a0dc573c0908b1,"[[0, 1, 2, 3, 4, 5, 6, 7, 8, 9, 10, 11]]",0.02905038563125886,-0.0,0.0,-1.1746235128901028e-14,,0.0,0.05967185141765123,0.05967185141765123,0.02905038563125886,0.03125,0.0,"{""4"": 1}",0.05967185141765123,0.05967022875089688,1.2117594754771885,1e-05,True,40,development_isotonic_frozen
s0-i6,development,0,oracle,subset_beam_32,54a0dc573c0908b1,"[[0, 1, 2, 3, 4, 5, 6, 7, 8, 9, 10, 11]]",0.02905038563125886,-0.0,0.0,-1.1746235128901028e-14,,0.0,0.05967185141765123,0.05967185141765123,0.02905038563125886,0.03125,0.0,"{""4"": 1}",0.05967185141765123,0.05967022875089688,1.2117594754771885,1e-05,True,40,development_isotonic_frozen
s0-i6,development,0,oracle,saps_diagonal,54a0dc573c0908b1,"[[0, 1, 2, 3, 4, 5, 6, 7, 8, 9, 10, 11]]",0.02905038563125886,-0.0,0.0,-1.1746235128901028e-14,,0.0,0.05967185141765123,0.05967185141765123,0.02905038563125886,0.03125,0.0,"{""4"": 1}",0.05967185141765123,0.05967022875089688,1.2117594754771885,1e-05,True,40,development_isotonic_frozen
s0-i6,development,0,oracle,p_saps_residualized,54a0dc573c0908b1,"[[0, 1, 2, 3, 4, 5, 6, 7, 8, 9, 10, 11]]",0.02905038563125886,-0.0,0.0,-1.1746235128901028e-14,,0.0,0.05967185141765123,0.05967185141765123,0.02905038563125886,0.03125,0.0,"{""4"": 1}",0.05967185141765123,0.05967022875089688,1.2117594754771885,1e-05,True,40,development_isotonic_frozen
s0-i6,development,0,oracle,p_saps_projection,54a0dc573c0908b1,"[[0, 1, 2, 3, 4, 5, 6, 7, 8, 9, 10, 11]]",0.02905038563125886,-0.0,0.0,-1.1746235128901028e-14,,0.0,0.05967185141765123,0.05967185141765123,0.02905038563125886,0.03125,0.0,"{""4"": 1}",0.05967185141765123,0.05967022875089688,1.2117594754771885,1e-05,True,40,development_isotonic_frozen
s0-i6,development,0,oracle,b_saps_budgeted,54a0dc573c0908b1,"[[0, 1, 2, 3, 4, 5, 6, 7, 8, 9, 10, 11]]",0.02905038563125886,-0.0,0.0,-1.1746235128901028e-14,,0.0,0.05967185141765123,0.05967185141765123,0.02905038563125886,0.03125,0.0,"{""4"": 1}",0.05967185141765123,0.05967022875089688,1.2117594754771885,1e-05,True,40,development_isotonic_frozen
s0-i6,development,0,oracle,random_balanced,54a0dc573c0908b1,"[[0, 1, 2, 3, 4, 5, 6, 7, 8, 9, 10, 11]]",0.07586904783624221,-0.0,0.0,-1.1746235128901028e-14,,0.0,0.05967185141765123,0.05967185141765123,0.07586904783624221,0.0625,0.0,"{""4"": 1}",0.05967185141765123,0.05967022875089688,1.2117594754771885,1e-05,True,40,development_isotonic_frozen
s0-i6,development,0,oracle,confidence,54a0dc573c0908b1,"[[0, 1, 2, 3, 4, 5, 6, 7, 8, 9, 10, 11]]",0.07586904783624221,-0.0,0.0,-1.1746235128901028e-14,,0.0,0.05967185141765123,0.05967185141765123,0.07586904783624221,0.0625,0.0,"{""4"": 1}",0.05967185141765123,0.05967022875089688,1.2117594754771885,1e-05,True,40,development_isotonic_frozen
s0-i6,development,0,oracle,entropy,54a0dc573c0908b1,"[[0, 1, 2, 3, 4, 5, 6, 7, 8, 9, 10, 11]]",0.07586904783624221,-0.0,0.0,-1.1746235128901028e-14,,0.0,0.05967185141765123,0.05967185141765123,0.07586904783624221,0.0625,0.0,"{""4"": 1}",0.05967185141765123,0.05967022875089688,1.2117594754771885,1e-05,True,40,development_isotonic_frozen
s0-i6,development,0,oracle,dependency_cmi,54a0dc573c0908b1,"[[0, 1, 2, 3, 4, 5, 6, 7, 8, 9, 10, 11]]",0.07586904783624221,-0.0,0.0,-1.1746235128901028e-14,,0.0,0.05967185141765123,0.05967185141765123,0.07586904783624221,0.0625,0.0,"{""4"": 1}",0.05967185141765123,0.05967022875089688,1.2117594754771885,1e-05,True,40,development_isotonic_frozen
s0-i6,development,0,oracle,min_within_batch_tc,54a0dc573c0908b1,"[[0, 1, 2, 3, 4, 5, 6, 7, 8, 9, 10, 11]]",0.07586904783624221,-0.0,0.0,-1.1746235128901028e-14,,0.0,0.05967185141765123,0.05967185141765123,0.07586904783624221,0.0625,0.0,"{""4"": 1}",0.05967185141765123,0.05967022875089688,1.2117594754771885,1e-05,True,40,development_isotonic_frozen
s0-i6,development,0,oracle,dprm_myopic,54a0dc573c0908b1,"[[0, 1, 2, 3, 4, 5, 6, 7, 8, 9, 10, 11]]",0.07586904783624221,-0.0,0.0,-1.1746235128901028e-14,,0.0,0.05967185141765123,0.05967185141765123,0.07586904783624221,0.0625,0.0,"{""4"": 1}",0.05967185141765123,0.05967022875089688,1.2117594754771885,1e-05,True,40,development_isotonic_frozen
s0-i6,development,0,oracle,dprm_rollout,54a0dc573c0908b1,"[[0, 1, 2, 3, 4, 5, 6, 7, 8, 9, 10, 11]]",0.07586904783624221,-0.0,0.0,-1.1746235128901028e-14,,0.0,0.05967185141765123,0.05967185141765123,0.07586904783624221,0.0625,0.0,"{""4"": 1}",0.05967185141765123,0.05967022875089688,1.2117594754771885,1e-05,True,40,development_isotonic_frozen
s0-i6,development,0,oracle,subset_exact,54a0dc573c0908b1,"[[0, 1, 2, 3, 4, 5, 6, 7, 8, 9, 10, 11]]",0.07586904783624221,-0.0,0.0,-1.1746235128901028e-14,,0.0,0.05967185141765123,0.05967185141765123,0.07586904783624221,0.0625,0.0,"{""4"": 1}",0.05967185141765123,0.05967022875089688,1.2117594754771885,1e-05,True,40,development_isotonic_frozen
s0-i6,development,0,oracle,subset_beam_8,54a0dc573c0908b1,"[[0, 1, 2, 3, 4, 5, 6, 7, 8, 9, 10, 11]]",0.07586904783624221,-0.0,0.0,-1.1746235128901028e-14,,0.0,0.05967185141765123,0.05967185141765123,0.07586904783624221,0.0625,0.0,"{""4"": 1}",0.05967185141765123,0.05967022875089688,1.2117594754771885,1e-05,True,40,development_isotonic_frozen
s0-i6,development,0,oracle,subset_beam_32,54a0dc573c0908b1,"[[0, 1, 2, 3, 4, 5, 6, 7, 8, 9, 10, 11]]",0.07586904783624221,-0.0,0.0,-1.1746235128901028e-14,,0.0,0.05967185141765123,0.05967185141765123,0.07586904783624221,0.0625,0.0,"{""4"": 1}",0.05967185141765123,0.05967022875089688,1.2117594754771885,1e-05,True,40,development_isotonic_frozen
s0-i6,development,0,oracle,saps_diagonal,54a0dc573c0908b1,"[[0, 1, 2, 3, 4, 5, 6, 7, 8, 9, 10, 11]]",0.07586904783624221,-0.0,0.0,-1.1746235128901028e-14,,0.0,0.05967185141765123,0.05967185141765123,0.07586904783624221,0.0625,0.0,"{""4"": 1}",0.05967185141765123,0.05967022875089688,1.2117594754771885,1e-05,True,40,development_isotonic_frozen
s0-i6,development,0,oracle,p_saps_residualized,54a0dc573c0908b1,"[[0, 1, 2, 3, 4, 5, 6, 7, 8, 9, 10, 11]]",0.07586904783624221,-0.0,0.0,-1.1746235128901028e-14,,0.0,0.05967185141765123,0.05967185141765123,0.07586904783624221,0.0625,0.0,"{""4"": 1}",0.05967185141765123,0.05967022875089688,1.2117594754771885,1e-05,True,40,development_isotonic_frozen
s0-i6,development,0,oracle,p_saps_projection,54a0dc573c0908b1,"[[0, 1, 2, 3, 4, 5, 6, 7, 8, 9, 10, 11]]",0.07586904783624221,-0.0,0.0,-1.1746235128901028e-14,,0.0,0.05967185141765123,0.05967185141765123,0.07586904783624221,0.0625,0.0,"{""4"": 1}",0.05967185141765123,0.05967022875089688,1.2117594754771885,1e-05,True,40,development_isotonic_frozen
s0-i6,development,0,oracle,b_saps_budgeted,54a0dc573c0908b1,"[[0, 1, 2, 3, 4, 5, 6, 7, 8, 9, 10, 11]]",0.07586904783624221,-0.0,0.0,-1.1746235128901028e-14,,0.0,0.05967185141765123,0.05967185141765123,0.07586904783624221,0.0625,0.0,"{""4"": 1}",0.05967185141765123,0.05967022875089688,1.2117594754771885,1e-05,True,40,development_isotonic_frozen
s0-i6,development,0,oracle,random_balanced,54a0dc573c0908b1,"[[0, 1, 2, 3, 4, 5, 6, 7, 8, 9, 10, 11]]",0.10441606039353375,-0.0,0.0,-1.1746235128901028e-14,,0.0,0.05967185141765123,0.05967185141765123,0.10441606039353375,0.03125,1.0,"{""4"": 1}",0.05967185141765123,0.05967022875089688,1.2117594754771885,1e-05,True,40,development_isotonic_frozen
s0-i6,development,0,oracle,confidence,54a0dc573c0908b1,"[[0, 1, 2, 3, 4, 5, 6, 7, 8, 9, 10, 11]]",0.10441606039353375,-0.0,0.0,-1.1746235128901028e-14,,0.0,0.05967185141765123,0.05967185141765123,0.10441606039353375,0.03125,1.0,"{""4"": 1}",0.05967185141765123,0.05967022875089688,1.2117594754771885,1e-05,True,40,development_isotonic_frozen
s0-i6,development,0,oracle,entropy,54a0dc573c0908b1,"[[0, 1, 2, 3, 4, 5, 6, 7, 8, 9, 10, 11]]",0.10441606039353375,-0.0,0.0,-1.1746235128901028e-14,,0.0,0.05967185141765123,0.05967185141765123,0.10441606039353375,0.03125,1.0,"{""4"": 1}",0.05967185141765123,0.05967022875089688,1.2117594754771885,1e-05,True,40,development_isotonic_frozen
s0-i6,development,0,oracle,dependency_cmi,54a0dc573c0908b1,"[[0, 1, 2, 3, 4, 5, 6, 7, 8, 9, 10, 11]]",0.10441606039353375,-0.0,0.0,-1.1746235128901028e-14,,0.0,0.05967185141765123,0.05967185141765123,0.10441606039353375,0.03125,1.0,"{""4"": 1}",0.05967185141765123,0.05967022875089688,1.2117594754771885,1e-05,True,40,development_isotonic_frozen
s0-i6,development,0,oracle,min_within_batch_tc,54a0dc573c0908b1,"[[0, 1, 2, 3, 4, 5, 6, 7, 8, 9, 10, 11]]",0.10441606039353375,-0.0,0.0,-1.1746235128901028e-14,,0.0,0.05967185141765123,0.05967185141765123,0.10441606039353375,0.03125,1.0,"{""4"": 1}",0.05967185141765123,0.05967022875089688,1.2117594754771885,1e-05,True,40,development_isotonic_frozen
s0-i6,development,0,oracle,dprm_myopic,54a0dc573c0908b1,"[[0, 1, 2, 3, 4, 5, 6, 7, 8, 9, 10, 11]]",0.10441606039353375,-0.0,0.0,-1.1746235128901028e-14,,0.0,0.05967185141765123,0.05967185141765123,0.10441606039353375,0.03125,1.0,"{""4"": 1}",0.05967185141765123,0.05967022875089688,1.2117594754771885,1e-05,True,40,development_isotonic_frozen
s0-i6,development,0,oracle,dprm_rollout,54a0dc573c0908b1,"[[0, 1, 2, 3, 4, 5, 6, 7, 8, 9, 10, 11]]",0.10441606039353375,-0.0,0.0,-1.1746235128901028e-14,,0.0,0.05967185141765123,0.05967185141765123,0.10441606039353375,0.03125,1.0,"{""4"": 1}",0.05967185141765123,0.05967022875089688,1.2117594754771885,1e-05,True,40,development_isotonic_frozen
s0-i6,development,0,oracle,subset_exact,54a0dc573c0908b1,"[[0, 1, 2, 3, 4, 5, 6, 7, 8, 9, 10, 11]]",0.10441606039353375,-0.0,0.0,-1.1746235128901028e-14,,0.0,0.05967185141765123,0.05967185141765123,0.10441606039353375,0.03125,1.0,"{""4"": 1}",0.05967185141765123,0.05967022875089688,1.2117594754771885,1e-05,True,40,development_isotonic_frozen
s0-i6,development,0,oracle,subset_beam_8,54a0dc573c0908b1,"[[0, 1, 2, 3, 4, 5, 6, 7, 8, 9, 10, 11]]",0.10441606039353375,-0.0,0.0,-1.1746235128901028e-14,,0.0,0.05967185141765123,0.05967185141765123,0.10441606039353375,0.03125,1.0,"{""4"": 1}",0.05967185141765123,0.05967022875089688,1.2117594754771885,1e-05,True,40,development_isotonic_frozen
s0-i6,development,0,oracle,subset_beam_32,54a0dc573c0908b1,"[[0, 1, 2, 3, 4, 5, 6, 7, 8, 9, 10, 11]]",0.10441606039353375,-0.0,0.0,-1.1746235128901028e-14,,0.0,0.05967185141765123,0.05967185141765123,0.10441606039353375,0.03125,1.0,"{""4"": 1}",0.05967185141765123,0.05967022875089688,1.2117594754771885,1e-05,True,40,development_isotonic_frozen
s0-i6,development,0,oracle,saps_diagonal,54a0dc573c0908b1,"[[0, 1, 2, 3, 4, 5, 6, 7, 8, 9, 10, 11]]",0.10441606039353375,-0.0,0.0,-1.1746235128901028e-14,,0.0,0.05967185141765123,0.05967185141765123,0.10441606039353375,0.03125,1.0,"{""4"": 1}",0.05967185141765123,0.05967022875089688,1.2117594754771885,1e-05,True,40,development_isotonic_frozen
s0-i6,development,0,oracle,p_saps_residualized,54a0dc573c0908b1,"[[0, 1, 2, 3, 4, 5, 6, 7, 8, 9, 10, 11]]",0.10441606039353375,-0.0,0.0,-1.1746235128901028e-14,,0.0,0.05967185141765123,0.05967185141765123,0.10441606039353375,0.03125,1.0,"{""4"": 1}",0.05967185141765123,0.05967022875089688,1.2117594754771885,1e-05,True,40,development_isotonic_frozen
s0-i6,development,0,oracle,p_saps_projection,54a0dc573c0908b1,"[[0, 1, 2, 3, 4, 5, 6, 7, 8, 9, 10, 11]]",0.10441606039353375,-0.0,0.0,-1.1746235128901028e-14,,0.0,0.05967185141765123,0.05967185141765123,0.10441606039353375,0.03125,1.0,"{""4"": 1}",0.05967185141765123,0.05967022875089688,1.2117594754771885,1e-05,True,40,development_isotonic_frozen
s0-i6,development,0,oracle,b_saps_budgeted,54a0dc573c0908b1,"[[0, 1, 2, 3, 4, 5, 6, 7, 8, 9, 10, 11]]",0.10441606039353375,-0.0,0.0,-1.1746235128901028e-14,,0.0,0.05967185141765123,0.05967185141765123,0.10441606039353375,0.03125,1.0,"{""4"": 1}",0.05967185141765123,0.05967022875089688,1.2117594754771885,1e-05,True,40,development_isotonic_frozen
s0-i6,development,0,oracle,random_balanced,865598d5a322c92b,"[[1, 3, 4, 7, 10, 11], [0, 2, 5, 6, 8, 9]]",0.11602298266852401,-0.2585356164465267,0.5654526645358824,-4.625576626170765e-15,,0.0,0.05967185141765123,0.05967185141765123,0.02905038563125886,0.0,0.0,"{""4"": 1}",0.05967185141765123,0.05967022875089688,1.2117594754771885,1e-05,True,40,development_isotonic_frozen
s0-i6,development,0,oracle,confidence,7f23837cbbd48e6c,"[[1, 2, 5, 7, 8, 10], [0, 3, 4, 6, 9, 11]]",0.11602298266852401,-0.20898383705638535,0.6160084496256775,-4.966943599405826e-15,,0.0,0.03558320578757557,0.03558320578757557,0.03520072117544284,0.03125,-1.0,"{""3"": 1}",0.03558320578757557,0.0355802454182232,0.9807763799025637,1e-05,True,40,development_isotonic_frozen
s0-i6,development,0,oracle,entropy,cd5f2d0e7ecc5b8c,"[[1, 2, 5, 7, 8, 9], [0, 3, 4, 6, 10, 11]]",0.11602298266852401,-0.21142546656353753,0.6268223198885451,-4.726057674238956e-15,,0.0,0.03558320578757554,0.03558320578757554,0.03520072117544284,0.03125,-1.0,"{""3"": 1}",0.03558320578757554,0.03558024541822326,0.9807763799025637,1e-05,True,40,development_isotonic_frozen
s0-i6,development,0,oracle,dependency_cmi,b3a3c2a36b78b2be,"[[0, 1, 2, 3, 5, 6], [4, 7, 8, 9, 10, 11]]",0.11602298266852401,-0.2454317950251833,0.571015654789614,-8.312712419809388e-15,,0.0,0.05158452006361528,0.05158452006361528,0.15169790814761877,0.0,-1.0,"{""2"": 1}",0.05158452006361528,0.051582723488962846,0.9624484134438344,1e-05,True,40,development_isotonic_frozen
s0-i6,development,0,oracle,min_within_batch_tc,12e57a73d2fe74c1,"[[0, 2, 4, 5, 6, 7], [1, 3, 8, 9, 10, 11]]",0.11602298266852401,-0.2508132394661529,0.5577948404646095,-9.035708355308835e-15,,0.0,0.03815440667477766,0.03815440667477766,0.03520072117544284,0.03125,-1.0,"{""3"": 1}",0.03815440667477766,0.03815379895888304,0.9594876268067251,1e-05,True,40,development_isotonic_frozen
s0-i6,development,0,oracle,dprm_myopic,b752ca531d38e5ec,"[[0, 1, 2, 3, 4, 11], [5, 6, 7, 8, 9, 10]]",0.11602298266852401,-0.25819357111886615,0.5646025670324587,-5.623947207914766e-15,,0.0,0.05967185141765123,0.05967185141765123,0.02905038563125886,0.0625,0.0,"{""4"": 1}",0.05967185141765123,0.05967022875089688,1.2117594754771885,1e-05,True,40,development_isotonic_frozen
s0-i6,development,0,oracle,dprm_rollout,47431fca538c86bc,"[[0, 1, 3, 4, 6, 11], [2, 5, 7, 8, 9, 10]]",0.11602298266852401,-0.2803997017608409,0.5408466737562151,-5.6209940491489925e-15,,0.0,0.05967185141765123,0.05967185141765123,0.02905038563125886,0.03125,0.0,"{""4"": 1}",0.05967185141765123,0.05967022875089688,1.2117594754771885,1e-05,True,40,development_isotonic_frozen
s0-i6,development,0,oracle,subset_exact,9d5d24fb6f0a417b,"[[0, 1, 2, 3, 4, 5], [6, 7, 8, 9, 10, 11]]",0.11602298266852401,-0.2446018363108197,0.5692453889449639,-8.348151246703366e-15,,1.0,0.01572134387351762,0.01572134387351762,0.15169790814761877,0.0,0.0,"{""1"": 1}",0.01572134387351762,0.015717974925286444,0.9571402928599052,1e-05,True,40,development_isotonic_frozen
s0-i6,development,0,oracle,subset_beam_8,9d5d24fb6f0a417b,"[[0, 1, 2, 3, 4, 5], [6, 7, 8, 9, 10, 11]]",0.11602298266852401,-0.2446018363108197,0.5692453889449639,-8.348151246703366e-15,,1.0,0.01572134387351762,0.01572134387351762,0.15169790814761877,0.0,0.0,"{""1"": 1}",0.01572134387351762,0.015717974925286444,0.9571402928599052,1e-05,True,40,development_isotonic_frozen
s0-i6,development,0,oracle,subset_beam_32,9d5d24fb6f0a417b,"[[0, 1, 2, 3, 4, 5], [6, 7, 8, 9, 10, 11]]",0.11602298266852401,-0.2446018363108197,0.5692453889449639,-8.348151246703366e-15,,1.0,0.01572134387351762,0.01572134387351762,0.15169790814761877,0.0,0.0,"{""1"": 1}",0.01572134387351762,0.015717974925286444,0.9571402928599052,1e-05,True,40,development_isotonic_frozen
s0-i6,development,0,oracle,saps_diagonal,9917209479046b4b,"[[0, 1, 3, 4, 7, 10], [2, 5, 6, 8, 9, 11]]",0.11602298266852401,-0.2547528672261305,0.555867461948821,-5.6670463009946956e-15,,1.0,0.015721343873517757,0.015721343873517757,0.15169790814761877,0.03125,0.0,"{""1"": 1}",0.015721343873517757,0.015717974925286503,0.9571402928599051,1e-05,True,40,development_isotonic_frozen
s0-i6,development,0,oracle,p_saps_residualized,91f1b7a6e5f898a9,"[[0, 5, 7, 9, 10, 11], [1, 2, 3, 4, 6, 8]]",0.11602298266852401,-0.24036082324764285,0.5916594598333386,-4.9164779563932666e-15,,0.0,0.03384089749627188,0.03384089749627188,0.03520072117544284,0.03125,0.0,"{""3"": 1}",0.03384089749627188,0.033840472924189326,1.0155095665454934,1e-05,True,80,development_isotonic_frozen
s0-i6,development,0,oracle,p_saps_projection,98a8d9bc93cb0da9,"[[0, 2, 3, 6, 8, 9], [1, 4, 5, 7, 10, 11]]",0.11602298266852401,-0.2671891395384516,0.5655307904677928,-4.70568064925695e-15,,0.0,0.07052114221803667,0.07052114221803667,0.03520072117544284,0.03125,0.0,"{""3"": 1}",0.07052114221803667,0.07051536876586999,0.9633146866843382,1e-05,True,640,development_isotonic_frozen
s0-i6,development,0,oracle,b_saps_budgeted,9917209479046b4b,"[[0, 1, 3, 4, 7, 10], [2, 5, 6, 8, 9, 11]]",0.11602298266852401,-0.2547528672261305,0.555867461948821,-5.6670463009946956e-15,,1.0,0.015721343873517757,0.015721343873517757,0.15169790814761877,0.03125,0.0,"{""1"": 1}",0.015721343873517757,0.015717974925286503,0.9571402928599051,1e-05,True,40,development_isotonic_frozen
s0-i6,development,0,oracle,random_balanced,865598d5a322c92b,"[[1, 3, 4, 7, 10, 11], [0, 2, 5, 6, 8, 9]]",0.2367032040085004,-0.2585356164465267,0.5654526645358824,-4.625576626170765e-15,,0.0,0.05967185141765123,0.05967185141765123,0.07586904783624221,0.125,0.0,"{""4"": 1}",0.05967185141765123,0.05967022875089688,1.2117594754771885,1e-05,True,40,development_isotonic_frozen
s0-i6,development,0,oracle,confidence,7f23837cbbd48e6c,"[[1, 2, 5, 7, 8, 10], [0, 3, 4, 6, 9, 11]]",0.2367032040085004,-0.20898383705638535,0.6160084496256775,-4.966943599405826e-15,,0.0,0.03558320578757557,0.03558320578757557,0.07586904783624221,0.125,0.0,"{""3"": 1}",0.03558320578757557,0.0355802454182232,0.9807763799025637,1e-05,True,40,development_isotonic_frozen
s0-i6,development,0,oracle,entropy,cd5f2d0e7ecc5b8c,"[[1, 2, 5, 7, 8, 9], [0, 3, 4, 6, 10, 11]]",0.2367032040085004,-0.21142546656353753,0.6268223198885451,-4.726057674238956e-15,,0.0,0.03558320578757554,0.03558320578757554,0.07586904783624221,0.125,0.0,"{""3"": 1}",0.03558320578757554,0.03558024541822326,0.9807763799025637,1e-05,True,40,development_isotonic_frozen
s0-i6,development,0,oracle,dependency_cmi,b3a3c2a36b78b2be,"[[0, 1, 2, 3, 5, 6], [4, 7, 8, 9, 10, 11]]",0.2367032040085004,-0.2454317950251833,0.571015654789614,-8.312712419809388e-15,,0.0,0.05158452006361528,0.05158452006361528,0.30663109799643873,0.09375,0.0,"{""2"": 1}",0.05158452006361528,0.051582723488962846,0.9624484134438344,1e-05,True,40,development_isotonic_frozen
s0-i6,development,0,oracle,min_within_batch_tc,12e57a73d2fe74c1,"[[0, 2, 4, 5, 6, 7], [1, 3, 8, 9, 10, 11]]",0.2367032040085004,-0.2508132394661529,0.5577948404646095,-9.035708355308835e-15,,0.0,0.03815440667477766,0.03815440667477766,0.07586904783624221,0.03125,0.0,"{""3"": 1}",0.03815440667477766,0.03815379895888304,0.9594876268067251,1e-05,True,40,development_isotonic_frozen
s0-i6,development,0,oracle,dprm_myopic,b752ca531d38e5ec,"[[0, 1, 2, 3, 4, 11], [5, 6, 7, 8, 9, 10]]",0.2367032040085004,-0.25819357111886615,0.5646025670324587,-5.623947207914766e-15,,0.0,0.05967185141765123,0.05967185141765123,0.07586904783624221,0.03125,0.0,"{""4"": 1}",0.05967185141765123,0.05967022875089688,1.2117594754771885,1e-05,True,40,development_isotonic_frozen
s0-i6,development,0,oracle,dprm_rollout,865598d5a322c92b,"[[1, 3, 4, 7, 10, 11], [0, 2, 5, 6, 8, 9]]",0.2367032040085004,-0.2585356164465267,0.5654526645358824,-4.625576626170765e-15,,0.0,0.05967185141765123,0.05967185141765123,0.07586904783624221,0.125,0.0,"{""4"": 1}",0.05967185141765123,0.05967022875089688,1.2117594754771885,1e-05,True,40,development_isotonic_frozen
s0-i6,development,0,oracle,subset_exact,9d5d24fb6f0a417b,"[[0, 1, 2, 3, 4, 5], [6, 7, 8, 9, 10, 11]]",0.2367032040085004,-0.2446018363108197,0.5692453889449639,-8.348151246703366e-15,,1.0,0.01572134387351762,0.01572134387351762,0.30663109799643873,0.0625,0.0,"{""1"": 1}",0.01572134387351762,0.015717974925286444,0.9571402928599052,1e-05,True,40,development_isotonic_frozen
s0-i6,development,0,oracle,subset_beam_8,9d5d24fb6f0a417b,"[[0, 1, 2, 3, 4, 5], [6, 7, 8, 9, 10, 11]]",0.2367032040085004,-0.2446018363108197,0.5692453889449639,-8.348151246703366e-15,,1.0,0.01572134387351762,0.01572134387351762,0.30663109799643873,0.0625,0.0,"{""1"": 1}",0.01572134387351762,0.015717974925286444,0.9571402928599052,1e-05,True,40,development_isotonic_frozen
s0-i6,development,0,oracle,subset_beam_32,9d5d24fb6f0a417b,"[[0, 1, 2, 3, 4, 5], [6, 7, 8, 9, 10, 11]]",0.2367032040085004,-0.2446018363108197,0.5692453889449639,-8.348151246703366e-15,,1.0,0.01572134387351762,0.01572134387351762,0.30663109799643873,0.0625,0.0,"{""1"": 1}",0.01572134387351762,0.015717974925286444,0.9571402928599052,1e-05,True,40,development_isotonic_frozen
s0-i6,development,0,oracle,saps_diagonal,9917209479046b4b,"[[0, 1, 3, 4, 7, 10], [2, 5, 6, 8, 9, 11]]",0.2367032040085004,-0.2547528672261305,0.555867461948821,-5.6670463009946956e-15,,1.0,0.015721343873517757,0.015721343873517757,0.30663109799643873,0.09375,0.0,"{""1"": 1}",0.015721343873517757,0.015717974925286503,0.9571402928599051,1e-05,True,40,development_isotonic_frozen
s0-i6,development,0,oracle,p_saps_residualized,91f1b7a6e5f898a9,"[[0, 5, 7, 9, 10, 11], [1, 2, 3, 4, 6, 8]]",0.2367032040085004,-0.24036082324764285,0.5916594598333386,-4.9164779563932666e-15,,0.0,0.03384089749627188,0.03384089749627188,0.07586904783624221,0.03125,0.0,"{""3"": 1}",0.03384089749627188,0.033840472924189326,1.0155095665454934,1e-05,True,80,development_isotonic_frozen
s0-i6,development,0,oracle,p_saps_projection,98a8d9bc93cb0da9,"[[0, 2, 3, 6, 8, 9], [1, 4, 5, 7, 10, 11]]",0.2367032040085004,-0.2671891395384516,0.5655307904677928,-4.70568064925695e-15,,0.0,0.07052114221803667,0.07052114221803667,0.07586904783624221,0.09375,0.0,"{""3"": 1}",0.07052114221803667,0.07051536876586999,0.9633146866843382,1e-05,True,640,development_isotonic_frozen
s0-i6,development,0,oracle,b_saps_budgeted,9917209479046b4b,"[[0, 1, 3, 4, 7, 10], [2, 5, 6, 8, 9, 11]]",0.2367032040085004,-0.2547528672261305,0.555867461948821,-5.6670463009946956e-15,,1.0,0.015721343873517757,0.015721343873517757,0.30663109799643873,0.09375,0.0,"{""1"": 1}",0.015721343873517757,0.015717974925286503,0.9571402928599051,1e-05,True,40,development_isotonic_frozen
s0-i6,development,0,oracle,random_balanced,865598d5a322c92b,"[[1, 3, 4, 7, 10, 11], [0, 2, 5, 6, 8, 9]]",0.33551013827916015,-0.2585356164465267,0.5654526645358824,-4.625576626170765e-15,,0.0,0.05967185141765123,0.05967185141765123,0.10441606039353375,0.09375,1.0,"{""4"": 1}",0.05967185141765123,0.05967022875089688,1.2117594754771885,1e-05,True,40,development_isotonic_frozen
s0-i6,development,0,oracle,confidence,7f23837cbbd48e6c,"[[1, 2, 5, 7, 8, 10], [0, 3, 4, 6, 9, 11]]",0.33551013827916015,-0.20898383705638535,0.6160084496256775,-4.966943599405826e-15,,0.0,0.03558320578757557,0.03558320578757557,0.10441606039353375,0.09375,0.0,"{""3"": 1}",0.03558320578757557,0.0355802454182232,0.9807763799025637,1e-05,True,40,development_isotonic_frozen
s0-i6,development,0,oracle,entropy,cd5f2d0e7ecc5b8c,"[[1, 2, 5, 7, 8, 9], [0, 3, 4, 6, 10, 11]]",0.33551013827916015,-0.21142546656353753,0.6268223198885451,-4.726057674238956e-15,,0.0,0.03558320578757554,0.03558320578757554,0.10441606039353375,0.03125,0.0,"{""3"": 1}",0.03558320578757554,0.03558024541822326,0.9807763799025637,1e-05,True,40,development_isotonic_frozen
s0-i6,development,0,oracle,dependency_cmi,b3a3c2a36b78b2be,"[[0, 1, 2, 3, 5, 6], [4, 7, 8, 9, 10, 11]]",0.33551013827916015,-0.2454317950251833,0.571015654789614,-8.312712419809388e-15,,0.0,0.05158452006361528,0.05158452006361528,0.435985824316389,0.03125,0.0,"{""2"": 1}",0.05158452006361528,0.051582723488962846,0.9624484134438344,1e-05,True,40,development_isotonic_frozen
s0-i6,development,0,oracle,min_within_batch_tc,12e57a73d2fe74c1,"[[0, 2, 4, 5, 6, 7], [1, 3, 8, 9, 10, 11]]",0.33551013827916015,-0.2508132394661529,0.5577948404646095,-9.035708355308835e-15,,0.0,0.03815440667477766,0.03815440667477766,0.10441606039353375,0.0625,0.0,"{""3"": 1}",0.03815440667477766,0.03815379895888304,0.9594876268067251,1e-05,True,40,development_isotonic_frozen
s0-i6,development,0,oracle,dprm_myopic,b752ca531d38e5ec,"[[0, 1, 2, 3, 4, 11], [5, 6, 7, 8, 9, 10]]",0.33551013827916015,-0.25819357111886615,0.5646025670324587,-5.623947207914766e-15,,0.0,0.05967185141765123,0.05967185141765123,0.10441606039353375,0.09375,1.0,"{""4"": 1}",0.05967185141765123,0.05967022875089688,1.2117594754771885,1e-05,True,40,development_isotonic_frozen
s0-i6,development,0,oracle,dprm_rollout,fac86c7b0c05d1cd,"[[1, 3, 4, 6, 7, 9], [0, 2, 5, 8, 10, 11]]",0.33551013827916015,-0.2675843284386042,0.5592099701065902,-5.982242647226131e-15,,1.0,0.015721343873517694,0.015721343873517694,0.435985824316389,0.03125,1.0,"{""1"": 1}",0.015721343873517694,0.01571797492528638,0.9571402928599052,1e-05,True,40,development_isotonic_frozen
s0-i6,development,0,oracle,subset_exact,9d5d24fb6f0a417b,"[[0, 1, 2, 3, 4, 5], [6, 7, 8, 9, 10, 11]]",0.33551013827916015,-0.2446018363108197,0.5692453889449639,-8.348151246703366e-15,,1.0,0.01572134387351762,0.01572134387351762,0.435985824316389,0.0625,1.0,"{""1"": 1}",0.01572134387351762,0.015717974925286444,0.9571402928599052,1e-05,True,40,development_isotonic_frozen
s0-i6,development,0,oracle,subset_beam_8,9d5d24fb6f0a417b,"[[0, 1, 2, 3, 4, 5], [6, 7, 8, 9, 10, 11]]",0.33551013827916015,-0.2446018363108197,0.5692453889449639,-8.348151246703366e-15,,1.0,0.01572134387351762,0.01572134387351762,0.435985824316389,0.0625,1.0,"{""1"": 1}",0.01572134387351762,0.015717974925286444,0.9571402928599052,1e-05,True,40,development_isotonic_frozen
s0-i6,development,0,oracle,subset_beam_32,9d5d24fb6f0a417b,"[[0, 1, 2, 3, 4, 5], [6, 7, 8, 9, 10, 11]]",0.33551013827916015,-0.2446018363108197,0.5692453889449639,-8.348151246703366e-15,,1.0,0.01572134387351762,0.01572134387351762,0.435985824316389,0.0625,1.0,"{""1"": 1}",0.01572134387351762,0.015717974925286444,0.9571402928599052,1e-05,True,40,development_isotonic_frozen
s0-i6,development,0,oracle,saps_diagonal,9917209479046b4b,"[[0, 1, 3, 4, 7, 10], [2, 5, 6, 8, 9, 11]]",0.33551013827916015,-0.2547528672261305,0.555867461948821,-5.6670463009946956e-15,,1.0,0.015721343873517757,0.015721343873517757,0.435985824316389,0.09375,1.0,"{""1"": 1}",0.015721343873517757,0.015717974925286503,0.9571402928599051,1e-05,True,40,development_isotonic_frozen
s0-i6,development,0,oracle,p_saps_residualized,91f1b7a6e5f898a9,"[[0, 5, 7, 9, 10, 11], [1, 2, 3, 4, 6, 8]]",0.33551013827916015,-0.24036082324764285,0.5916594598333386,-4.9164779563932666e-15,,0.0,0.03384089749627188,0.03384089749627188,0.10441606039353375,0.15625,0.0,"{""3"": 1}",0.03384089749627188,0.033840472924189326,1.0155095665454934,1e-05,True,80,development_isotonic_frozen
s0-i6,development,0,oracle,p_saps_projection,98a8d9bc93cb0da9,"[[0, 2, 3, 6, 8, 9], [1, 4, 5, 7, 10, 11]]",0.33551013827916015,-0.2671891395384516,0.5655307904677928,-4.70568064925695e-15,,0.0,0.07052114221803667,0.07052114221803667,0.10441606039353375,0.09375,0.0,"{""3"": 1}",0.07052114221803667,0.07051536876586999,0.9633146866843382,1e-05,True,640,development_isotonic_frozen
s0-i6,development,0,oracle,b_saps_budgeted,9917209479046b4b,"[[0, 1, 3, 4, 7, 10], [2, 5, 6, 8, 9, 11]]",0.33551013827916015,-0.2547528672261305,0.555867461948821,-5.6670463009946956e-15,,1.0,0.015721343873517757,0.015721343873517757,0.435985824316389,0.09375,1.0,"{""1"": 1}",0.015721343873517757,0.015717974925286503,0.9571402928599051,1e-05,True,40,development_isotonic_frozen
s0-i6,development,0,oracle,random_balanced,c0ce07e0e6f886e5,"[[1, 4, 10, 11], [2, 3, 7, 8], [0, 5, 6, 9]]",0.13965789291082378,-0.49787362031769294,1.1569605794422868,-2.272127199995229e-15,,1.0,0.02303571428571433,0.02303571428571433,0.15169790814761877,0.0,0.0,"{""1"": 1}",0.02303571428571433,0.023035419807525995,0.3638081115741593,1e-05,True,40,development_isotonic_frozen
s0-i6,development,0,oracle,confidence,f7e5fd4026330193,"[[1, 2, 5, 7], [0, 8, 9, 10], [3, 4, 6, 11]]",0.13965789291082378,-0.4223240931742179,1.2296343588212224,-5.128394246533317e-15,,0.0,0.053581696882112555,0.053581696882112555,0.03520072117544284,0.09375,0.0,"{""3"": 1}",0.053581696882112555,0.053580621081107234,1.2248097059624061,1e-05,True,40,development_isotonic_frozen
s0-i6,development,0,oracle,entropy,98ba5e6971a29dec,"[[1, 2, 5, 9], [7, 8, 10, 11], [0, 3, 4, 6]]",0.13965789291082378,-0.4314793363243268,1.2459358906316813,-4.926616471884569e-15,,0.0,0.007507507922470344,0.007507507922470344,0.15169790814761877,0.0,-1.0,"{""2"": 1}",0.007507507922470344,0.007507094630506276,0.874714575744075,1e-05,True,40,development_isotonic_frozen
s0-i6,development,0,oracle,dependency_cmi,3b33e06a3b6283d6,"[[0, 1, 3, 5], [2, 4, 6, 8], [7, 9, 10, 11]]",0.13965789291082378,-0.4999351407183612,1.1371729232564327,-3.266086200708244e-15,,1.0,0.012857142857142808,0.012857142857142808,0.15169790814761877,0.0,0.0,"{""1"": 1}",0.012857142857142808,0.012856614338081641,0.9130272182406888,1e-05,True,40,development_isotonic_frozen
s0-i6,development,0,oracle,min_within_batch_tc,91b6bcc7b1aa07d8,"[[0, 2, 4, 5], [3, 6, 7, 8], [1, 9, 10, 11]]",0.13965789291082378,-0.5091934997886546,1.1184509755069019,-4.011020429368317e-15,,0.0,0.04586210617177382,0.04586210617177382,0.15169790814761877,0.0625,0.0,"{""2"": 1}",0.04586210617177382,0.04586149296503461,0.915470347346144,1e-05,True,40,development_isotonic_frozen
s0-i6,development,0,oracle,dprm_myopic,a1a1e4633bbb56c4,"[[1, 3, 4, 11], [0, 2, 5, 6], [7, 8, 9, 10]]",0.13965789291082378,-0.5287842872920568,1.1196772652882403,-5.077396063281097e-15,,0.0,0.05967185141765123,0.05967185141765123,0.02905038563125886,0.0625,0.0,"{""4"": 1}",0.05967185141765123,0.05967022875089688,1.2117594754771885,1e-05,True,40,development_isotonic_frozen
s0-i6,development,0,oracle,dprm_rollout,a1a1e4633bbb56c4,"[[1, 3, 4, 11], [0, 2, 5, 6], [7, 8, 9, 10]]",0.13965789291082378,-0.5287842872920568,1.1196772652882403,-5.077396063281097e-15,,0.0,0.05967185141765123,0.05967185141765123,0.02905038563125886,0.0625,0.0,"{""4"": 1}",0.05967185141765123,0.05967022875089688,1.2117594754771885,1e-05,True,40,development_isotonic_frozen
s0-i6,development,0,oracle,subset_exact,501f877ee71443eb,"[[0, 1, 2, 3], [5, 7, 8, 9], [4, 6, 10, 11]]",0.13965789291082378,-0.46894549857123824,1.1838909189202944,-2.9153472705801867e-15,,0.0,0.004545791019917185,0.004545791019917185,0.15169790814761877,0.0,0.0,"{""2"": 1}",0.004545791019917185,0.004545616730604184,1.1245250307400172,1e-05,True,40,development_isotonic_frozen
s0-i6,development,0,oracle,subset_beam_8,501f877ee71443eb,"[[0, 1, 2, 3], [5, 7, 8, 9], [4, 6, 10, 11]]",0.13965789291082378,-0.46894549857123824,1.1838909189202944,-2.9153472705801867e-15,,0.0,0.004545791019917185,0.004545791019917185,0.15169790814761877,0.0,0.0,"{""2"": 1}",0.004545791019917185,0.004545616730604184,1.1245250307400172,1e-05,True,40,development_isotonic_frozen
s0-i6,development,0,oracle,subset_beam_32,501f877ee71443eb,"[[0, 1, 2, 3], [5, 7, 8, 9], [4, 6, 10, 11]]",0.13965789291082378,-0.46894549857123824,1.1838909189202944,-2.9153472705801867e-15,,0.0,0.004545791019917185,0.004545791019917185,0.15169790814761877,0.0,0.0,"{""2"": 1}",0.004545791019917185,0.004545616730604184,1.1245250307400172,1e-05,True,40,development_isotonic_frozen
s0-i6,development,0,oracle,saps_diagonal,c0ce07e0e6f886e5,"[[1, 4, 10, 11], [2, 3, 7, 8], [0, 5, 6, 9]]",0.13965789291082378,-0.49787362031769294,1.1569605794422868,-2.272127199995229e-15,,1.0,0.02303571428571433,0.02303571428571433,0.15169790814761877,0.0,0.0,"{""1"": 1}",0.02303571428571433,0.023035419807525995,0.3638081115741593,1e-05,True,40,development_isotonic_frozen
s0-i6,development,0,oracle,p_saps_residualized,7ff883a3244f5103,"[[0, 7, 10, 11], [2, 5, 6, 9], [1, 3, 4, 8]]",0.13965789291082378,-0.4909342299376682,1.1605716501527406,-2.1769696773695914e-15,,0.0,0.01385071188574689,0.01385071188574689,0.03520072117544284,0.0,0.0,"{""3"": 1}",0.01385071188574689,0.013850280567459315,0.962516845221183,1e-05,True,80,development_isotonic_frozen
s0-i6,development,0,oracle,p_saps_projection,f7e5fd4026330193,"[[1, 2, 5, 7], [0, 8, 9, 10], [3, 4, 6, 11]]",0.13965789291082378,-0.4223240931742179,1.2296343588212224,-5.128394246533317e-15,,0.0,0.053581696882112555,0.053581696882112555,0.03520072117544284,0.09375,0.0,"{""3"": 1}",0.053581696882112555,0.053580621081107234,1.2248097059624061,1e-05,True,640,development_isotonic_frozen
s0-i6,development,0,oracle,b_saps_budgeted,c0ce07e0e6f886e5,"[[1, 4, 10, 11], [2, 3, 7, 8], [0, 5, 6, 9]]",0.13965789291082378,-0.49787362031769294,1.1569605794422868,-2.272127199995229e-15,,1.0,0.02303571428571433,0.02303571428571433,0.15169790814761877,0.0,0.0,"{""1"": 1}",0.02303571428571433,0.023035419807525995,0.3638081115741593,1e-05,True,40,development_isotonic_frozen
s0-i6,development,0,oracle,random_balanced,c0ce07e0e6f886e5,"[[1, 4, 10, 11], [2, 3, 7, 8], [0, 5, 6, 9]]",0.2828556140405397,-0.49787362031769294,1.1569605794422868,-2.272127199995229e-15,,1.0,0.02303571428571433,0.02303571428571433,0.30663109799643873,0.15625,0.0,"{""1"": 1}",0.02303571428571433,0.023035419807525995,0.3638081115741593,1e-05,True,40,development_isotonic_frozen
s0-i6,development,0,oracle,confidence,f7e5fd4026330193,"[[1, 2, 5, 7], [0, 8, 9, 10], [3, 4, 6, 11]]",0.2828556140405397,-0.4223240931742179,1.2296343588212224,-5.128394246533317e-15,,0.0,0.053581696882112555,0.053581696882112555,0.07586904783624221,0.03125,0.0,"{""3"": 1}",0.053581696882112555,0.053580621081107234,1.2248097059624061,1e-05,True,40,development_isotonic_frozen
s0-i6,development,0,oracle,entropy,98ba5e6971a29dec,"[[1, 2, 5, 9], [7, 8, 10, 11], [0, 3, 4, 6]]",0.2828556140405397,-0.4314793363243268,1.2459358906316813,-4.926616471884569e-15,,0.0,0.007507507922470344,0.007507507922470344,0.30663109799643873,0.0625,0.0,"{""2"": 1}",0.007507507922470344,0.007507094630506276,0.874714575744075,1e-05,True,40,development_isotonic_frozen
s0-i6,development,0,oracle,dependency_cmi,3b33e06a3b6283d6,"[[0, 1, 3, 5], [2, 4, 6, 8], [7, 9, 10, 11]]",0.2828556140405397,-0.4999351407183612,1.1371729232564327,-3.266086200708244e-15,,1.0,0.012857142857142808,0.012857142857142808,0.30663109799643873,0.03125,0.0,"{""1"": 1}",0.012857142857142808,0.012856614338081641,0.9130272182406888,1e-05,True,40,development_isotonic_frozen
s0-i6,development,0,oracle,min_within_batch_tc,91b6bcc7b1aa07d8,"[[0, 2, 4, 5], [3, 6, 7, 8], [1, 9, 10, 11]]",0.2828556140405397,-0.5091934997886546,1.1184509755069019,-4.011020429368317e-15,,0.0,0.04586210617177382,0.04586210617177382,0.30663109799643873,0.03125,0.0,"{""2"": 1}",0.04586210617177382,0.04586149296503461,0.915470347346144,1e-05,True,40,development_isotonic_frozen
s0-i6,development,0,oracle,dprm_myopic,a1a1e4633bbb56c4,"[[1, 3, 4, 11], [0, 2, 5, 6], [7, 8, 9, 10]]",0.2828556140405397,-0.5287842872920568,1.1196772652882403,-5.077396063281097e-15,,0.0,0.05967185141765123,0.05967185141765123,0.07586904783624221,0.09375,0.0,"{""4"": 1}",0.05967185141765123,0.05967022875089688,1.2117594754771885,1e-05,True,40,development_isotonic_frozen
s0-i6,development,0,oracle,dprm_rollout,e2f4b7bf91dcf109,"[[1, 4, 5, 11], [0, 2, 3, 6], [7, 8, 9, 10]]",0.2828556140405397,-0.5063062186042178,1.141095683151203,-5.157500086367282e-15,,1.0,0.0230357142857143,0.0230357142857143,0.30663109799643873,0.0,0.0,"{""1"": 1}",0.0230357142857143,0.02303541980752599,0.36380811157415927,1e-05,True,40,development_isotonic_frozen
s0-i6,development,0,oracle,subset_exact,501f877ee71443eb,"[[0, 1, 2, 3], [5, 7, 8, 9], [4, 6, 10, 11]]",0.2828556140405397,-0.46894549857123824,1.1838909189202944,-2.9153472705801867e-15,,0.0,0.004545791019917185,0.004545791019917185,0.30663109799643873,0.0,0.0,"{""2"": 1}",0.004545791019917185,0.004545616730604184,1.1245250307400172,1e-05,True,40,development_isotonic_frozen
s0-i6,development,0,oracle,subset_beam_8,501f877ee71443eb,"[[0, 1, 2, 3], [5, 7, 8, 9], [4, 6, 10, 11]]",0.2828556140405397,-0.46894549857123824,1.1838909189202944,-2.9153472705801867e-15,,0.0,0.004545791019917185,0.004545791019917185,0.30663109799643873,0.0,0.0,"{""2"": 1}",0.004545791019917185,0.004545616730604184,1.1245250307400172,1e-05,True,40,development_isotonic_frozen
s0-i6,development,0,oracle,subset_beam_32,501f877ee71443eb,"[[0, 1, 2, 3], [5, 7, 8, 9], [4, 6, 10, 11]]",0.2828556140405397,-0.46894549857123824,1.1838909189202944,-2.9153472705801867e-15,,0.0,0.004545791019917185,0.004545791019917185,0.30663109799643873,0.0,0.0,"{""2"": 1}",0.004545791019917185,0.004545616730604184,1.1245250307400172,1e-05,True,40,development_isotonic_frozen
s0-i6,development,0,oracle,saps_diagonal,c0ce07e0e6f886e5,"[[1, 4, 10, 11], [2, 3, 7, 8], [0, 5, 6, 9]]",0.2828556140405397,-0.49787362031769294,1.1569605794422868,-2.272127199995229e-15,,1.0,0.02303571428571433,0.02303571428571433,0.30663109799643873,0.15625,0.0,"{""1"": 1}",0.02303571428571433,0.023035419807525995,0.3638081115741593,1e-05,True,40,development_isotonic_frozen
s0-i6,development,0,oracle,p_saps_residualized,7ff883a3244f5103,"[[0, 7, 10, 11], [2, 5, 6, 9], [1, 3, 4, 8]]",0.2828556140405397,-0.4909342299376682,1.1605716501527406,-2.1769696773695914e-15,,0.0,0.01385071188574689,0.01385071188574689,0.07586904783624221,0.0,0.0,"{""3"": 1}",0.01385071188574689,0.013850280567459315,0.962516845221183,1e-05,True,80,development_isotonic_frozen
s0-i6,development,0,oracle,p_saps_projection,f7e5fd4026330193,"[[1, 2, 5, 7], [0, 8, 9, 10], [3, 4, 6, 11]]",0.2828556140405397,-0.4223240931742179,1.2296343588212224,-5.128394246533317e-15,,0.0,0.053581696882112555,0.053581696882112555,0.07586904783624221,0.03125,0.0,"{""3"": 1}",0.053581696882112555,0.053580621081107234,1.2248097059624061,1e-05,True,640,development_isotonic_frozen
s0-i6,development,0,oracle,b_saps_budgeted,c0ce07e0e6f886e5,"[[1, 4, 10, 11], [2, 3, 7, 8], [0, 5, 6, 9]]",0.2828556140405397,-0.49787362031769294,1.1569605794422868,-2.272127199995229e-15,,1.0,0.02303571428571433,0.02303571428571433,0.30663109799643873,0.15625,0.0,"{""1"": 1}",0.02303571428571433,0.023035419807525995,0.3638081115741593,1e-05,True,40,development_isotonic_frozen
s0-i6,development,0,oracle,random_balanced,c0ce07e0e6f886e5,"[[1, 4, 10, 11], [2, 3, 7, 8], [0, 5, 6, 9]]",0.4018240910637312,-0.49787362031769294,1.1569605794422868,-2.272127199995229e-15,,1.0,0.02303571428571433,0.02303571428571433,0.435985824316389,0.09375,1.0,"{""1"": 1}",0.02303571428571433,0.023035419807525995,0.3638081115741593,1e-05,True,40,development_isotonic_frozen
s0-i6,development,0,oracle,confidence,f7e5fd4026330193,"[[1, 2, 5, 7], [0, 8, 9, 10], [3, 4, 6, 11]]",0.4018240910637312,-0.4223240931742179,1.2296343588212224,-5.128394246533317e-15,,0.0,0.053581696882112555,0.053581696882112555,0.10441606039353375,0.0625,0.0,"{""3"": 1}",0.053581696882112555,0.053580621081107234,1.2248097059624061,1e-05,True,40,development_isotonic_frozen
s0-i6,development,0,oracle,entropy,98ba5e6971a29dec,"[[1, 2, 5, 9], [7, 8, 10, 11], [0, 3, 4, 6]]",0.4018240910637312,-0.4314793363243268,1.2459358906316813,-4.926616471884569e-15,,0.0,0.007507507922470344,0.007507507922470344,0.435985824316389,0.0625,0.0,"{""2"": 1}",0.007507507922470344,0.007507094630506276,0.874714575744075,1e-05,True,40,development_isotonic_frozen
s0-i6,development,0,oracle,dependency_cmi,3b33e06a3b6283d6,"[[0, 1, 3, 5], [2, 4, 6, 8], [7, 9, 10, 11]]",0.4018240910637312,-0.4999351407183612,1.1371729232564327,-3.266086200708244e-15,,1.0,0.012857142857142808,0.012857142857142808,0.435985824316389,0.03125,1.0,"{""1"": 1}",0.012857142857142808,0.012856614338081641,0.9130272182406888,1e-05,True,40,development_isotonic_frozen
s0-i6,development,0,oracle,min_within_batch_tc,91b6bcc7b1aa07d8,"[[0, 2, 4, 5], [3, 6, 7, 8], [1, 9, 10, 11]]",0.4018240910637312,-0.5091934997886546,1.1184509755069019,-4.011020429368317e-15,,0.0,0.04586210617177382,0.04586210617177382,0.435985824316389,0.125,1.0,"{""2"": 1}",0.04586210617177382,0.04586149296503461,0.915470347346144,1e-05,True,40,development_isotonic_frozen
s0-i6,development,0,oracle,dprm_myopic,a1a1e4633bbb56c4,"[[1, 3, 4, 11], [0, 2, 5, 6], [7, 8, 9, 10]]",0.4018240910637312,-0.5287842872920568,1.1196772652882403,-5.077396063281097e-15,,0.0,0.05967185141765123,0.05967185141765123,0.10441606039353375,0.0625,1.0,"{""4"": 1}",0.05967185141765123,0.05967022875089688,1.2117594754771885,1e-05,True,40,development_isotonic_frozen
s0-i6,development,0,oracle,dprm_rollout,25c35d008145a955,"[[0, 1, 4, 5], [6, 8, 9, 11], [2, 3, 7, 10]]",0.4018240910637312,-0.497925830579927,1.1529451675298092,-4.563548900078595e-15,,1.0,0.02923611111111111,0.02923611111111111,0.435985824316389,0.125,1.0,"{""1"": 1}",0.02923611111111111,0.029235870604185355,0.6883145395950456,1e-05,True,40,development_isotonic_frozen
s0-i6,development,0,oracle,subset_exact,81665f98d0fc08c0,"[[0, 1, 2, 4], [5, 7, 8, 9], [3, 6, 10, 11]]",0.4018240910637312,-0.46272707835277654,1.1797884497475897,-3.002251386659439e-15,,0.0,0.033507922079267394,0.033507922079267394,0.435985824316389,0.03125,1.0,"{""2"": 1}",0.033507922079267394,0.03350745169897372,0.9636257119573832,1e-05,True,40,development_isotonic_frozen
s0-i6,development,0,oracle,subset_beam_8,81665f98d0fc08c0,"[[0, 1, 2, 4], [5, 7, 8, 9], [3, 6, 10, 11]]",0.4018240910637312,-0.46272707835277654,1.1797884497475897,-3.002251386659439e-15,,0.0,0.033507922079267394,0.033507922079267394,0.435985824316389,0.03125,1.0,"{""2"": 1}",0.033507922079267394,0.03350745169897372,0.9636257119573832,1e-05,True,40,development_isotonic_frozen
s0-i6,development,0,oracle,subset_beam_32,81665f98d0fc08c0,"[[0, 1, 2, 4], [5, 7, 8, 9], [3, 6, 10, 11]]",0.4018240910637312,-0.46272707835277654,1.1797884497475897,-3.002251386659439e-15,,0.0,0.033507922079267394,0.033507922079267394,0.435985824316389,0.03125,1.0,"{""2"": 1}",0.033507922079267394,0.03350745169897372,0.9636257119573832,1e-05,True,40,development_isotonic_frozen
s0-i6,development,0,oracle,saps_diagonal,c0ce07e0e6f886e5,"[[1, 4, 10, 11], [2, 3, 7, 8], [0, 5, 6, 9]]",0.4018240910637312,-0.49787362031769294,1.1569605794422868,-2.272127199995229e-15,,1.0,0.02303571428571433,0.02303571428571433,0.435985824316389,0.09375,1.0,"{""1"": 1}",0.02303571428571433,0.023035419807525995,0.3638081115741593,1e-05,True,40,development_isotonic_frozen
s0-i6,development,0,oracle,p_saps_residualized,7ff883a3244f5103,"[[0, 7, 10, 11], [2, 5, 6, 9], [1, 3, 4, 8]]",0.4018240910637312,-0.4909342299376682,1.1605716501527406,-2.1769696773695914e-15,,0.0,0.01385071188574689,0.01385071188574689,0.10441606039353375,0.15625,1.0,"{""3"": 1}",0.01385071188574689,0.013850280567459315,0.962516845221183,1e-05,True,80,development_isotonic_frozen
s0-i6,development,0,oracle,p_saps_projection,f7e5fd4026330193,"[[1, 2, 5, 7], [0, 8, 9, 10], [3, 4, 6, 11]]",0.4018240910637312,-0.4223240931742179,1.2296343588212224,-5.128394246533317e-15,,0.0,0.053581696882112555,0.053581696882112555,0.10441606039353375,0.0625,0.0,"{""3"": 1}",0.053581696882112555,0.053580621081107234,1.2248097059624061,1e-05,True,640,development_isotonic_frozen
s0-i6,development,0,oracle,b_saps_budgeted,c0ce07e0e6f886e5,"[[1, 4, 10, 11], [2, 3, 7, 8], [0, 5, 6, 9]]",0.4018240910637312,-0.49787362031769294,1.1569605794422868,-2.272127199995229e-15,,1.0,0.02303571428571433,0.02303571428571433,0.435985824316389,0.09375,1.0,"{""1"": 1}",0.02303571428571433,0.023035419807525995,0.3638081115741593,1e-05,True,40,development_isotonic_frozen
s0-i6,development,0,oracle,random_balanced,6b562635c895fcdd,"[[1, 4, 11], [3, 7, 10], [2, 8, 9], [0, 5, 6]]",0.147461646803176,-0.7588508662713718,1.7332271142410367,-2.4369737139605475e-15,,1.0,0.023035714285714312,0.023035714285714312,0.15169790814761877,0.03125,0.0,"{""1"": 1}",0.023035714285714312,0.023035419807525985,0.3638081115741593,1e-05,True,40,development_isotonic_frozen
s0-i6,development,0,oracle,confidence,87ce53e81b43023d,"[[1, 2, 5], [7, 8, 10], [0, 9, 11], [3, 4, 6]]",0.147461646803176,-0.642293238466776,1.8446119261769416,-3.22989964321315e-15,,0.0,0.021008347978910363,0.021008347978910363,0.15169790814761877,0.03125,-1.0,"{""2"": 1}",0.021008347978910363,0.021007949564092236,0.9873228345358275,1e-05,True,40,development_isotonic_frozen
s0-i6,development,0,oracle,entropy,6e131a32da099be9,"[[1, 2, 9], [5, 7, 8], [0, 10, 11], [3, 4, 6]]",0.147461646803176,-0.6527137884755144,1.85853018602066,-1.7222084570453735e-15,,0.0,0.021008347978910394,0.021008347978910394,0.15169790814761877,0.0,-1.0,"{""2"": 1}",0.021008347978910394,0.021007949564092236,0.9873228345358277,1e-05,True,40,development_isotonic_frozen
s0-i6,development,0,oracle,dependency_cmi,970cdea8734a055a,"[[0, 1, 3], [2, 4, 8], [5, 6, 9], [7, 10, 11]]",0.147461646803176,-0.7604100935641224,1.7084910879756805,-1.0671259408852506e-15,,1.0,0.010735294117647034,0.010735294117647034,0.15169790814761877,0.03125,0.0,"{""1"": 1}",0.010735294117647034,0.010734614969537397,0.9221024633185706,1e-05,True,40,development_isotonic_frozen
s0-i6,development,0,oracle,min_within_batch_tc,5322bf58fed53902,"[[0, 2, 4], [3, 5, 6], [7, 10, 11], [1, 8, 9]]",0.147461646803176,-0.7911132111398983,1.64711864896314,-3.0986768550671375e-15,,1.0,0.030654761904761914,0.030654761904761914,0.15169790814761877,0.0625,0.0,"{""1"": 1}",0.030654761904761914,0.030654510659670054,0.38495523673172727,1e-05,True,40,development_isotonic_frozen
s0-i6,development,0,oracle,dprm_myopic,57bb3e399fbe7543,"[[1, 3, 4], [0, 6, 11], [2, 5, 7], [8, 9, 10]]",0.147461646803176,-0.7981986808167246,1.6615548213144138,-4.52112934714369e-15,,1.0,0.015721343873517882,0.015721343873517882,0.15169790814761877,0.0,0.0,"{""1"": 1}",0.015721343873517882,0.015717974925286433,0.9571402928599052,1e-05,True,40,development_isotonic_frozen
s0-i6,development,0,oracle,dprm_rollout,92ff2f8f57d4ed21,"[[1, 4, 7], [9, 10, 11], [0, 3, 5], [2, 6, 8]]",0.147461646803176,-0.7372885127522443,1.743527886590229,-3.4477958110635053e-15,,1.0,0.029236111111111115,0.029236111111111115,0.15169790814761877,0.0625,0.0,"{""1"": 1}",0.029236111111111115,0.029235870604185348,0.6883145395950455,1e-05,True,40,development_isotonic_frozen
s0-i6,development,0,oracle,subset_exact,8d928c810a1bf8ca,"[[0, 1, 2], [5, 7, 8], [9, 10, 11], [3, 4, 6]]",0.147461646803176,-0.6563739186476422,1.8238653578598256,-2.816174754294259e-15,,0.0,0.02100834797891042,0.02100834797891042,0.15169790814761877,0.0,0.0,"{""2"": 1}",0.02100834797891042,0.021007949564092267,0.9873228345358273,1e-05,True,40,development_isotonic_frozen
s0-i6,development,0,oracle,subset_beam_8,8d928c810a1bf8ca,"[[0, 1, 2], [5, 7, 8], [9, 10, 11], [3, 4, 6]]",0.147461646803176,-0.6563739186476422,1.8238653578598256,-2.816174754294259e-15,,0.0,0.02100834797891042,0.02100834797891042,0.15169790814761877,0.0,0.0,"{""2"": 1}",0.02100834797891042,0.021007949564092267,0.9873228345358273,1e-05,True,40,development_isotonic_frozen
s0-i6,development,0,oracle,subset_beam_32,8d928c810a1bf8ca,"[[0, 1, 2], [5, 7, 8], [9, 10, 11], [3, 4, 6]]",0.147461646803176,-0.6563739186476422,1.8238653578598256,-2.816174754294259e-15,,0.0,0.02100834797891042,0.02100834797891042,0.15169790814761877,0.0,0.0,"{""2"": 1}",0.02100834797891042,0.021007949564092267,0.9873228345358273,1e-05,True,40,development_isotonic_frozen
s0-i6,development,0,oracle,saps_diagonal,6b562635c895fcdd,"[[1, 4, 11], [3, 7, 10], [2, 8, 9], [0, 5, 6]]",0.147461646803176,-0.7588508662713718,1.7332271142410367,-2.4369737139605475e-15,,1.0,0.023035714285714312,0.023035714285714312,0.15169790814761877,0.03125,0.0,"{""1"": 1}",0.023035714285714312,0.023035419807525985,0.3638081115741593,1e-05,True,40,development_isotonic_frozen
s0-i6,development,0,oracle,p_saps_residualized,14c6dba3a1f18f8f,"[[1, 7, 11], [0, 5, 9], [2, 3, 6], [4, 8, 10]]",0.147461646803176,-0.7096995793672171,1.7908420789570503,-2.4830588547096187e-15,,1.0,0.012500000000000022,0.012500000000000022,0.15169790814761877,0.03125,-1.0,"{""1"": 1}",0.012500000000000022,0.012499475023573955,0.7854288556123631,1e-05,True,80,development_isotonic_frozen
s0-i6,development,0,oracle,p_saps_projection,11047216c1ac936e,"[[2, 3, 8], [0, 6, 9], [4, 7, 11], [1, 5, 10]]",0.147461646803176,-0.7991477151916748,1.697690978922392,-1.0661603212583522e-15,,1.0,0.04208333333333334,0.04208333333333334,0.15169790814761877,0.03125,0.0,"{""1"": 1}",0.04208333333333334,0.04208278073339072,0.3849552367317272,1e-05,True,640,development_isotonic_frozen
s0-i6,development,0,oracle,b_saps_budgeted,6b562635c895fcdd,"[[1, 4, 11], [3, 7, 10], [2, 8, 9], [0, 5, 6]]",0.147461646803176,-0.7588508662713718,1.7332271142410367,-2.4369737139605475e-15,,1.0,0.023035714285714312,0.023035714285714312,0.15169790814761877,0.03125,0.0,"{""1"": 1}",0.023035714285714312,0.023035419807525985,0.3638081115741593,1e-05,True,40,development_isotonic_frozen
s0-i6,development,0,oracle,random_balanced,6b562635c895fcdd,"[[1, 4, 11], [3, 7, 10], [2, 8, 9], [0, 5, 6]]",0.2982397507178861,-0.7588508662713718,1.7332271142410367,-2.4369737139605475e-15,,1.0,0.023035714285714312,0.023035714285714312,0.30663109799643873,0.1875,0.0,"{""1"": 1}",0.023035714285714312,0.023035419807525985,0.3638081115741593,1e-05,True,40,development_isotonic_frozen
s0-i6,development,0,oracle,confidence,87ce53e81b43023d,"[[1, 2, 5], [7, 8, 10], [0, 9, 11], [3, 4, 6]]",0.2982397507178861,-0.642293238466776,1.8446119261769416,-3.22989964321315e-15,,0.0,0.021008347978910363,0.021008347978910363,0.30663109799643873,0.03125,0.0,"{""2"": 1}",0.021008347978910363,0.021007949564092236,0.9873228345358275,1e-05,True,40,development_isotonic_frozen
s0-i6,development,0,oracle,entropy,6e131a32da099be9,"[[1, 2, 9], [5, 7, 8], [0, 10, 11], [3, 4, 6]]",0.2982397507178861,-0.6527137884755144,1.85853018602066,-1.7222084570453735e-15,,0.0,0.021008347978910394,0.021008347978910394,0.30663109799643873,0.03125,0.0,"{""2"": 1}",0.021008347978910394,0.021007949564092236,0.9873228345358277,1e-05,True,40,development_isotonic_frozen
s0-i6,development,0,oracle,dependency_cmi,970cdea8734a055a,"[[0, 1, 3], [2, 4, 8], [5, 6, 9], [7, 10, 11]]",0.2982397507178861,-0.7604100935641224,1.7084910879756805,-1.0671259408852506e-15,,1.0,0.010735294117647034,0.010735294117647034,0.30663109799643873,0.03125,0.0,"{""1"": 1}",0.010735294117647034,0.010734614969537397,0.9221024633185706,1e-05,True,40,development_isotonic_frozen
s0-i6,development,0,oracle,min_within_batch_tc,5322bf58fed53902,"[[0, 2, 4], [3, 5, 6], [7, 10, 11], [1, 8, 9]]",0.2982397507178861,-0.7911132111398983,1.64711864896314,-3.0986768550671375e-15,,1.0,0.030654761904761914,0.030654761904761914,0.30663109799643873,0.0625,0.0,"{""1"": 1}",0.030654761904761914,0.030654510659670054,0.38495523673172727,1e-05,True,40,development_isotonic_frozen
s0-i6,development,0,oracle,dprm_myopic,57bb3e399fbe7543,"[[1, 3, 4], [0, 6, 11], [2, 5, 7], [8, 9, 10]]",0.2982397507178861,-0.7981986808167246,1.6615548213144138,-4.52112934714369e-15,,1.0,0.015721343873517882,0.015721343873517882,0.30663109799643873,0.125,0.0,"{""1"": 1}",0.015721343873517882,0.015717974925286433,0.9571402928599052,1e-05,True,40,development_isotonic_frozen
s0-i6,development,0,oracle,dprm_rollout,01e3bc22a4770cf5,"[[1, 2, 3], [5, 7, 9], [0, 4, 10], [6, 8, 11]]",0.2982397507178861,-0.7021578057412965,1.7744069399272446,-2.2979271695196598e-15,,1.0,0.01400735294117643,0.01400735294117643,0.30663109799643873,0.03125,0.0,"{""1"": 1}",0.01400735294117643,0.014006647322375365,0.9221024633185708,1e-05,True,40,development_isotonic_frozen
s0-i6,development,0,oracle,subset_exact,8d928c810a1bf8ca,"[[0, 1, 2], [5, 7, 8], [9, 10, 11], [3, 4, 6]]",0.2982397507178861,-0.6563739186476422,1.8238653578598256,-2.816174754294259e-15,,0.0,0.02100834797891042,0.02100834797891042,0.30663109799643873,0.0625,0.0,"{""2"": 1}",0.02100834797891042,0.021007949564092267,0.9873228345358273,1e-05,True,40,development_isotonic_frozen
s0-i6,development,0,oracle,subset_beam_8,8d928c810a1bf8ca,"[[0, 1, 2], [5, 7, 8], [9, 10, 11], [3, 4, 6]]",0.2982397507178861,-0.6563739186476422,1.8238653578598256,-2.816174754294259e-15,,0.0,0.02100834797891042,0.02100834797891042,0.30663109799643873,0.0625,0.0,"{""2"": 1}",0.02100834797891042,0.021007949564092267,0.9873228345358273,1e-05,True,40,development_isotonic_frozen
s0-i6,development,0,oracle,subset_beam_32,8d928c810a1bf8ca,"[[0, 1, 2], [5, 7, 8], [9, 10, 11], [3, 4, 6]]",0.2982397507178861,-0.6563739186476422,1.8238653578598256,-2.816174754294259e-15,,0.0,0.02100834797891042,0.02100834797891042,0.30663109799643873,0.0625,0.0,"{""2"": 1}",0.02100834797891042,0.021007949564092267,0.9873228345358273,1e-05,True,40,development_isotonic_frozen
s0-i6,development,0,oracle,saps_diagonal,6b562635c895fcdd,"[[1, 4, 11], [3, 7, 10], [2, 8, 9], [0, 5, 6]]",0.2982397507178861,-0.7588508662713718,1.7332271142410367,-2.4369737139605475e-15,,1.0,0.023035714285714312,0.023035714285714312,0.30663109799643873,0.1875,0.0,"{""1"": 1}",0.023035714285714312,0.023035419807525985,0.3638081115741593,1e-05,True,40,development_isotonic_frozen
s0-i6,development,0,oracle,p_saps_residualized,14c6dba3a1f18f8f,"[[1, 7, 11], [0, 5, 9], [2, 3, 6], [4, 8, 10]]",0.2982397507178861,-0.7096995793672171,1.7908420789570503,-2.4830588547096187e-15,,1.0,0.012500000000000022,0.012500000000000022,0.30663109799643873,0.0625,0.0,"{""1"": 1}",0.012500000000000022,0.012499475023573955,0.7854288556123631,1e-05,True,80,development_isotonic_frozen
s0-i6,development,0,oracle,p_saps_projection,11047216c1ac936e,"[[2, 3, 8], [0, 6, 9], [4, 7, 11], [1, 5, 10]]",0.2982397507178861,-0.7991477151916748,1.697690978922392,-1.0661603212583522e-15,,1.0,0.04208333333333334,0.04208333333333334,0.30663109799643873,0.03125,0.0,"{""1"": 1}",0.04208333333333334,0.04208278073339072,0.3849552367317272,1e-05,True,640,development_isotonic_frozen
s0-i6,development,0,oracle,b_saps_budgeted,6b562635c895fcdd,"[[1, 4, 11], [3, 7, 10], [2, 8, 9], [0, 5, 6]]",0.2982397507178861,-0.7588508662713718,1.7332271142410367,-2.4369737139605475e-15,,1.0,0.023035714285714312,0.023035714285714312,0.30663109799643873,0.1875,0.0,"{""1"": 1}",0.023035714285714312,0.023035419807525985,0.3638081115741593,1e-05,True,40,development_isotonic_frozen
s0-i6,development,0,oracle,random_balanced,6b562635c895fcdd,"[[1, 4, 11], [3, 7, 10], [2, 8, 9], [0, 5, 6]]",0.42392874199192154,-0.7588508662713718,1.7332271142410367,-2.4369737139605475e-15,,1.0,0.023035714285714312,0.023035714285714312,0.435985824316389,0.125,1.0,"{""1"": 1}",0.023035714285714312,0.023035419807525985,0.3638081115741593,1e-05,True,40,development_isotonic_frozen
s0-i6,development,0,oracle,confidence,87ce53e81b43023d,"[[1, 2, 5], [7, 8, 10], [0, 9, 11], [3, 4, 6]]",0.42392874199192154,-0.642293238466776,1.8446119261769416,-3.22989964321315e-15,,0.0,0.021008347978910363,0.021008347978910363,0.435985824316389,0.0625,0.0,"{""2"": 1}",0.021008347978910363,0.021007949564092236,0.9873228345358275,1e-05,True,40,development_isotonic_frozen
s0-i6,development,0,oracle,entropy,6e131a32da099be9,"[[1, 2, 9], [5, 7, 8], [0, 10, 11], [3, 4, 6]]",0.42392874199192154,-0.6527137884755144,1.85853018602066,-1.7222084570453735e-15,,0.0,0.021008347978910394,0.021008347978910394,0.435985824316389,0.03125,0.0,"{""2"": 1}",0.021008347978910394,0.021007949564092236,0.9873228345358277,1e-05,True,40,development_isotonic_frozen
s0-i6,development,0,oracle,dependency_cmi,970cdea8734a055a,"[[0, 1, 3], [2, 4, 8], [5, 6, 9], [7, 10, 11]]",0.42392874199192154,-0.7604100935641224,1.7084910879756805,-1.0671259408852506e-15,,1.0,0.010735294117647034,0.010735294117647034,0.435985824316389,0.09375,1.0,"{""1"": 1}",0.010735294117647034,0.010734614969537397,0.9221024633185706,1e-05,True,40,development_isotonic_frozen
s0-i6,development,0,oracle,min_within_batch_tc,5322bf58fed53902,"[[0, 2, 4], [3, 5, 6], [7, 10, 11], [1, 8, 9]]",0.42392874199192154,-0.7911132111398983,1.64711864896314,-3.0986768550671375e-15,,1.0,0.030654761904761914,0.030654761904761914,0.435985824316389,0.03125,1.0,"{""1"": 1}",0.030654761904761914,0.030654510659670054,0.38495523673172727,1e-05,True,40,development_isotonic_frozen
s0-i6,development,0,oracle,dprm_myopic,57bb3e399fbe7543,"[[1, 3, 4], [0, 6, 11], [2, 5, 7], [8, 9, 10]]",0.42392874199192154,-0.7981986808167246,1.6615548213144138,-4.52112934714369e-15,,1.0,0.015721343873517882,0.015721343873517882,0.435985824316389,0.125,1.0,"{""1"": 1}",0.015721343873517882,0.015717974925286433,0.9571402928599052,1e-05,True,40,development_isotonic_frozen
s0-i6,development,0,oracle,dprm_rollout,656a681f576d4bc4,"[[2, 6, 9], [0, 1, 7], [3, 10, 11], [4, 5, 8]]",0.42392874199192154,-0.7356931305415353,1.7522911713611633,-1.1741286328436715e-15,,1.0,0.006354166666666668,0.006354166666666668,0.435985824316389,0.0625,0.0,"{""1"": 1}",0.006354166666666668,0.006353915636126581,0.7854288556123633,1e-05,True,40,development_isotonic_frozen
s0-i6,development,0,oracle,subset_exact,58f4b2bb6f33dced,"[[0, 1, 9], [2, 5, 7], [8, 10, 11], [3, 4, 6]]",0.42392874199192154,-0.6664448769664626,1.829049244156514,-3.875735432885867e-15,,0.0,0.0210083479789104,0.0210083479789104,0.435985824316389,0.0,1.0,"{""2"": 1}",0.0210083479789104,0.02100794956409225,0.9873228345358271,1e-05,True,40,development_isotonic_frozen
s0-i6,development,0,oracle,subset_beam_8,58f4b2bb6f33dced,"[[0, 1, 9], [2, 5, 7], [8, 10, 11], [3, 4, 6]]",0.42392874199192154,-0.6664448769664626,1.829049244156514,-3.875735432885867e-15,,0.0,0.0210083479789104,0.0210083479789104,0.435985824316389,0.0,1.0,"{""2"": 1}",0.0210083479789104,0.02100794956409225,0.9873228345358271,1e-05,True,40,development_isotonic_frozen
s0-i6,development,0,oracle,subset_beam_32,58f4b2bb6f33dced,"[[0, 1, 9], [2, 5, 7], [8, 10, 11], [3, 4, 6]]",0.42392874199192154,-0.6664448769664626,1.829049244156514,-3.875735432885867e-15,,0.0,0.0210083479789104,0.0210083479789104,0.435985824316389,0.0,1.0,"{""2"": 1}",0.0210083479789104,0.02100794956409225,0.9873228345358271,1e-05,True,40,development_isotonic_frozen
s0-i6,development,0,oracle,saps_diagonal,6b562635c895fcdd,"[[1, 4, 11], [3, 7, 10], [2, 8, 9], [0, 5, 6]]",0.42392874199192154,-0.7588508662713718,1.7332271142410367,-2.4369737139605475e-15,,1.0,0.023035714285714312,0.023035714285714312,0.435985824316389,0.125,1.0,"{""1"": 1}",0.023035714285714312,0.023035419807525985,0.3638081115741593,1e-05,True,40,development_isotonic_frozen
s0-i6,development,0,oracle,p_saps_residualized,14c6dba3a1f18f8f,"[[1, 7, 11], [0, 5, 9], [2, 3, 6], [4, 8, 10]]",0.42392874199192154,-0.7096995793672171,1.7908420789570503,-2.4830588547096187e-15,,1.0,0.012500000000000022,0.012500000000000022,0.435985824316389,0.0625,0.0,"{""1"": 1}",0.012500000000000022,0.012499475023573955,0.7854288556123631,1e-05,True,80,development_isotonic_frozen
s0-i6,development,0,oracle,p_saps_projection,11047216c1ac936e,"[[2, 3, 8], [0, 6, 9], [4, 7, 11], [1, 5, 10]]",0.42392874199192154,-0.7991477151916748,1.697690978922392,-1.0661603212583522e-15,,1.0,0.04208333333333334,0.04208333333333334,0.435985824316389,0.03125,1.0,"{""1"": 1}",0.04208333333333334,0.04208278073339072,0.3849552367317272,1e-05,True,640,development_isotonic_frozen
s0-i6,development,0,oracle,b_saps_budgeted,6b562635c895fcdd,"[[1, 4, 11], [3, 7, 10], [2, 8, 9], [0, 5, 6]]",0.42392874199192154,-0.7588508662713718,1.7332271142410367,-2.4369737139605475e-15,,1.0,0.023035714285714312,0.023035714285714312,0.435985824316389,0.125,1.0,"{""1"": 1}",0.023035714285714312,0.023035419807525985,0.3638081115741593,1e-05,True,40,development_isotonic_frozen
s0-i6,development,0,random_matched,random_balanced,8a4f20d215a3b9a1,"[[0, 1, 2, 3, 4, 5, 6, 7, 8, 9, 10, 11]]",2.2821376720595645,-0.0,0.0,-1.1746235128901028e-14,,0.0,0.17380892811984558,0.17380892811984558,2.2821376720595645,0.0,0.0,"{""4"": 9, ""3"": 10, ""2"": 11}",0.17380892811984558,0.1737972509101719,29.18506025595268,1e-05,True,40,development_isotonic_frozen
s0-i6,development,0,random_matched,confidence,8a4f20d215a3b9a1,"[[0, 1, 2, 3, 4, 5, 6, 7, 8, 9, 10, 11]]",2.2821376720595645,-0.0,0.0,-1.1746235128901028e-14,,0.0,0.17380892811984558,0.17380892811984558,2.2821376720595645,0.0,0.0,"{""4"": 9, ""3"": 10, ""2"": 11}",0.17380892811984558,0.1737972509101719,29.18506025595268,1e-05,True,40,development_isotonic_frozen
s0-i6,development,0,random_matched,entropy,8a4f20d215a3b9a1,"[[0, 1, 2, 3, 4, 5, 6, 7, 8, 9, 10, 11]]",2.2821376720595645,-0.0,0.0,-1.1746235128901028e-14,,0.0,0.17380892811984558,0.17380892811984558,2.2821376720595645,0.0,0.0,"{""4"": 9, ""3"": 10, ""2"": 11}",0.17380892811984558,0.1737972509101719,29.18506025595268,1e-05,True,40,development_isotonic_frozen
s0-i6,development,0,random_matched,dependency_cmi,8a4f20d215a3b9a1,"[[0, 1, 2, 3, 4, 5, 6, 7, 8, 9, 10, 11]]",2.2821376720595645,-0.0,0.0,-1.1746235128901028e-14,,0.0,0.17380892811984558,0.17380892811984558,2.2821376720595645,0.0,0.0,"{""4"": 9, ""3"": 10, ""2"": 11}",0.17380892811984558,0.1737972509101719,29.18506025595268,1e-05,True,40,development_isotonic_frozen
s0-i6,development,0,random_matched,min_within_batch_tc,8a4f20d215a3b9a1,"[[0, 1, 2, 3, 4, 5, 6, 7, 8, 9, 10, 11]]",2.2821376720595645,-0.0,0.0,-1.1746235128901028e-14,,0.0,0.17380892811984558,0.17380892811984558,2.2821376720595645,0.0,0.0,"{""4"": 9, ""3"": 10, ""2"": 11}",0.17380892811984558,0.1737972509101719,29.18506025595268,1e-05,True,40,development_isotonic_frozen
s0-i6,development,0,random_matched,dprm_myopic,8a4f20d215a3b9a1,"[[0, 1, 2, 3, 4, 5, 6, 7, 8, 9, 10, 11]]",2.2821376720595645,-0.0,0.0,-1.1746235128901028e-14,,0.0,0.17380892811984558,0.17380892811984558,2.2821376720595645,0.0,0.0,"{""4"": 9, ""3"": 10, ""2"": 11}",0.17380892811984558,0.1737972509101719,29.18506025595268,1e-05,True,40,development_isotonic_frozen
s0-i6,development,0,random_matched,dprm_rollout,8a4f20d215a3b9a1,"[[0, 1, 2, 3, 4, 5, 6, 7, 8, 9, 10, 11]]",2.2821376720595645,-0.0,0.0,-1.1746235128901028e-14,,0.0,0.17380892811984558,0.17380892811984558,2.2821376720595645,0.0,0.0,"{""4"": 9, ""3"": 10, ""2"": 11}",0.17380892811984558,0.1737972509101719,29.18506025595268,1e-05,True,40,development_isotonic_frozen
s0-i6,development,0,random_matched,subset_exact,8a4f20d215a3b9a1,"[[0, 1, 2, 3, 4, 5, 6, 7, 8, 9, 10, 11]]",2.2821376720595645,-0.0,0.0,-1.1746235128901028e-14,,0.0,0.17380892811984558,0.17380892811984558,2.2821376720595645,0.0,0.0,"{""4"": 9, ""3"": 10, ""2"": 11}",0.17380892811984558,0.1737972509101719,29.18506025595268,1e-05,True,40,development_isotonic_frozen
s0-i6,development,0,random_matched,subset_beam_8,8a4f20d215a3b9a1,"[[0, 1, 2, 3, 4, 5, 6, 7, 8, 9, 10, 11]]",2.2821376720595645,-0.0,0.0,-1.1746235128901028e-14,,0.0,0.17380892811984558,0.17380892811984558,2.2821376720595645,0.0,0.0,"{""4"": 9, ""3"": 10, ""2"": 11}",0.17380892811984558,0.1737972509101719,29.18506025595268,1e-05,True,40,development_isotonic_frozen
s0-i6,development,0,random_matched,subset_beam_32,8a4f20d215a3b9a1,"[[0, 1, 2, 3, 4, 5, 6, 7, 8, 9, 10, 11]]",2.2821376720595645,-0.0,0.0,-1.1746235128901028e-14,,0.0,0.17380892811984558,0.17380892811984558,2.2821376720595645,0.0,0.0,"{""4"": 9, ""3"": 10, ""2"": 11}",0.17380892811984558,0.1737972509101719,29.18506025595268,1e-05,True,40,development_isotonic_frozen
s0-i6,development,0,random_matched,saps_diagonal,8a4f20d215a3b9a1,"[[0, 1, 2, 3, 4, 5, 6, 7, 8, 9, 10, 11]]",2.2821376720595645,-0.0,0.0,-1.1746235128901028e-14,,0.0,0.17380892811984558,0.17380892811984558,2.2821376720595645,0.0,0.0,"{""4"": 9, ""3"": 10, ""2"": 11}",0.17380892811984558,0.1737972509101719,29.18506025595268,1e-05,True,40,development_isotonic_frozen
s0-i6,development,0,random_matched,p_saps_residualized,8a4f20d215a3b9a1,"[[0, 1, 2, 3, 4, 5, 6, 7, 8, 9, 10, 11]]",2.2821376720595645,-0.0,0.0,-1.1746235128901028e-14,,0.0,0.17380892811984558,0.17380892811984558,2.2821376720595645,0.0,0.0,"{""4"": 9, ""3"": 10, ""2"": 11}",0.17380892811984558,0.1737972509101719,29.18506025595268,1e-05,True,40,development_isotonic_frozen
s0-i6,development,0,random_matched,p_saps_projection,8a4f20d215a3b9a1,"[[0, 1, 2, 3, 4, 5, 6, 7, 8, 9, 10, 11]]",2.2821376720595645,-0.0,0.0,-1.1746235128901028e-14,,0.0,0.17380892811984558,0.17380892811984558,2.2821376720595645,0.0,0.0,"{""4"": 9, ""3"": 10, ""2"": 11}",0.17380892811984558,0.1737972509101719,29.18506025595268,1e-05,True,40,development_isotonic_frozen
s0-i6,development,0,random_matched,b_saps_budgeted,8a4f20d215a3b9a1,"[[0, 1, 2, 3, 4, 5, 6, 7, 8, 9, 10, 11]]",2.2821376720595645,-0.0,0.0,-1.1746235128901028e-14,,0.0,0.17380892811984558,0.17380892811984558,2.2821376720595645,0.0,0.0,"{""4"": 9, ""3"": 10, ""2"": 11}",0.17380892811984558,0.1737972509101719,29.18506025595268,1e-05,True,40,development_isotonic_frozen
s0-i6,development,0,random_matched,random_balanced,8a4f20d215a3b9a1,"[[0, 1, 2, 3, 4, 5, 6, 7, 8, 9, 10, 11]]",4.814453986849428,-0.0,0.0,-1.1746235128901028e-14,,0.0,0.17380892811984558,0.17380892811984558,4.814453986849428,0.09375,0.0,"{""4"": 9, ""3"": 10, ""2"": 11}",0.17380892811984558,0.1737972509101719,29.18506025595268,1e-05,True,40,development_isotonic_frozen
s0-i6,development,0,random_matched,confidence,8a4f20d215a3b9a1,"[[0, 1, 2, 3, 4, 5, 6, 7, 8, 9, 10, 11]]",4.814453986849428,-0.0,0.0,-1.1746235128901028e-14,,0.0,0.17380892811984558,0.17380892811984558,4.814453986849428,0.09375,0.0,"{""4"": 9, ""3"": 10, ""2"": 11}",0.17380892811984558,0.1737972509101719,29.18506025595268,1e-05,True,40,development_isotonic_frozen
s0-i6,development,0,random_matched,entropy,8a4f20d215a3b9a1,"[[0, 1, 2, 3, 4, 5, 6, 7, 8, 9, 10, 11]]",4.814453986849428,-0.0,0.0,-1.1746235128901028e-14,,0.0,0.17380892811984558,0.17380892811984558,4.814453986849428,0.09375,0.0,"{""4"": 9, ""3"": 10, ""2"": 11}",0.17380892811984558,0.1737972509101719,29.18506025595268,1e-05,True,40,development_isotonic_frozen
s0-i6,development,0,random_matched,dependency_cmi,8a4f20d215a3b9a1,"[[0, 1, 2, 3, 4, 5, 6, 7, 8, 9, 10, 11]]",4.814453986849428,-0.0,0.0,-1.1746235128901028e-14,,0.0,0.17380892811984558,0.17380892811984558,4.814453986849428,0.09375,0.0,"{""4"": 9, ""3"": 10, ""2"": 11}",0.17380892811984558,0.1737972509101719,29.18506025595268,1e-05,True,40,development_isotonic_frozen
s0-i6,development,0,random_matched,min_within_batch_tc,8a4f20d215a3b9a1,"[[0, 1, 2, 3, 4, 5, 6, 7, 8, 9, 10, 11]]",4.814453986849428,-0.0,0.0,-1.1746235128901028e-14,,0.0,0.17380892811984558,0.17380892811984558,4.814453986849428,0.09375,0.0,"{""4"": 9, ""3"": 10, ""2"": 11}",0.17380892811984558,0.1737972509101719,29.18506025595268,1e-05,True,40,development_isotonic_frozen
s0-i6,development,0,random_matched,dprm_myopic,8a4f20d215a3b9a1,"[[0, 1, 2, 3, 4, 5, 6, 7, 8, 9, 10, 11]]",4.814453986849428,-0.0,0.0,-1.1746235128901028e-14,,0.0,0.17380892811984558,0.17380892811984558,4.814453986849428,0.09375,0.0,"{""4"": 9, ""3"": 10, ""2"": 11}",0.17380892811984558,0.1737972509101719,29.18506025595268,1e-05,True,40,development_isotonic_frozen
s0-i6,development,0,random_matched,dprm_rollout,8a4f20d215a3b9a1,"[[0, 1, 2, 3, 4, 5, 6, 7, 8, 9, 10, 11]]",4.814453986849428,-0.0,0.0,-1.1746235128901028e-14,,0.0,0.17380892811984558,0.17380892811984558,4.814453986849428,0.09375,0.0,"{""4"": 9, ""3"": 10, ""2"": 11}",0.17380892811984558,0.1737972509101719,29.18506025595268,1e-05,True,40,development_isotonic_frozen
s0-i6,development,0,random_matched,subset_exact,8a4f20d215a3b9a1,"[[0, 1, 2, 3, 4, 5, 6, 7, 8, 9, 10, 11]]",4.814453986849428,-0.0,0.0,-1.1746235128901028e-14,,0.0,0.17380892811984558,0.17380892811984558,4.814453986849428,0.09375,0.0,"{""4"": 9, ""3"": 10, ""2"": 11}",0.17380892811984558,0.1737972509101719,29.18506025595268,1e-05,True,40,development_isotonic_frozen
s0-i6,development,0,random_matched,subset_beam_8,8a4f20d215a3b9a1,"[[0, 1, 2, 3, 4, 5, 6, 7, 8, 9, 10, 11]]",4.814453986849428,-0.0,0.0,-1.1746235128901028e-14,,0.0,0.17380892811984558,0.17380892811984558,4.814453986849428,0.09375,0.0,"{""4"": 9, ""3"": 10, ""2"": 11}",0.17380892811984558,0.1737972509101719,29.18506025595268,1e-05,True,40,development_isotonic_frozen
s0-i6,development,0,random_matched,subset_beam_32,8a4f20d215a3b9a1,"[[0, 1, 2, 3, 4, 5, 6, 7, 8, 9, 10, 11]]",4.814453986849428,-0.0,0.0,-1.1746235128901028e-14,,0.0,0.17380892811984558,0.17380892811984558,4.814453986849428,0.09375,0.0,"{""4"": 9, ""3"": 10, ""2"": 11}",0.17380892811984558,0.1737972509101719,29.18506025595268,1e-05,True,40,development_isotonic_frozen
s0-i6,development,0,random_matched,saps_diagonal,8a4f20d215a3b9a1,"[[0, 1, 2, 3, 4, 5, 6, 7, 8, 9, 10, 11]]",4.814453986849428,-0.0,0.0,-1.1746235128901028e-14,,0.0,0.17380892811984558,0.17380892811984558,4.814453986849428,0.09375,0.0,"{""4"": 9, ""3"": 10, ""2"": 11}",0.17380892811984558,0.1737972509101719,29.18506025595268,1e-05,True,40,development_isotonic_frozen
s0-i6,development,0,random_matched,p_saps_residualized,8a4f20d215a3b9a1,"[[0, 1, 2, 3, 4, 5, 6, 7, 8, 9, 10, 11]]",4.814453986849428,-0.0,0.0,-1.1746235128901028e-14,,0.0,0.17380892811984558,0.17380892811984558,4.814453986849428,0.09375,0.0,"{""4"": 9, ""3"": 10, ""2"": 11}",0.17380892811984558,0.1737972509101719,29.18506025595268,1e-05,True,40,development_isotonic_frozen
s0-i6,development,0,random_matched,p_saps_projection,8a4f20d215a3b9a1,"[[0, 1, 2, 3, 4, 5, 6, 7, 8, 9, 10, 11]]",4.814453986849428,-0.0,0.0,-1.1746235128901028e-14,,0.0,0.17380892811984558,0.17380892811984558,4.814453986849428,0.09375,0.0,"{""4"": 9, ""3"": 10, ""2"": 11}",0.17380892811984558,0.1737972509101719,29.18506025595268,1e-05,True,40,development_isotonic_frozen
s0-i6,development,0,random_matched,b_saps_budgeted,8a4f20d215a3b9a1,"[[0, 1, 2, 3, 4, 5, 6, 7, 8, 9, 10, 11]]",4.814453986849428,-0.0,0.0,-1.1746235128901028e-14,,0.0,0.17380892811984558,0.17380892811984558,4.814453986849428,0.09375,0.0,"{""4"": 9, ""3"": 10, ""2"": 11}",0.17380892811984558,0.1737972509101719,29.18506025595268,1e-05,True,40,development_isotonic_frozen
s0-i6,development,0,random_matched,random_balanced,8a4f20d215a3b9a1,"[[0, 1, 2, 3, 4, 5, 6, 7, 8, 9, 10, 11]]",6.7797492149574206,-0.0,0.0,-1.1746235128901028e-14,,0.0,0.17380892811984558,0.17380892811984558,6.7797492149574206,0.125,1.0,"{""4"": 9, ""3"": 10, ""2"": 11}",0.17380892811984558,0.1737972509101719,29.18506025595268,1e-05,True,40,development_isotonic_frozen
s0-i6,development,0,random_matched,confidence,8a4f20d215a3b9a1,"[[0, 1, 2, 3, 4, 5, 6, 7, 8, 9, 10, 11]]",6.7797492149574206,-0.0,0.0,-1.1746235128901028e-14,,0.0,0.17380892811984558,0.17380892811984558,6.7797492149574206,0.125,1.0,"{""4"": 9, ""3"": 10, ""2"": 11}",0.17380892811984558,0.1737972509101719,29.18506025595268,1e-05,True,40,development_isotonic_frozen
s0-i6,development,0,random_matched,entropy,8a4f20d215a3b9a1,"[[0, 1, 2, 3, 4, 5, 6, 7, 8, 9, 10, 11]]",6.7797492149574206,-0.0,0.0,-1.1746235128901028e-14,,0.0,0.17380892811984558,0.17380892811984558,6.7797492149574206,0.125,1.0,"{""4"": 9, ""3"": 10, ""2"": 11}",0.17380892811984558,0.1737972509101719,29.18506025595268,1e-05,True,40,development_isotonic_frozen
s0-i6,development,0,random_matched,dependency_cmi,8a4f20d215a3b9a1,"[[0, 1, 2, 3, 4, 5, 6, 7, 8, 9, 10, 11]]",6.7797492149574206,-0.0,0.0,-1.1746235128901028e-14,,0.0,0.17380892811984558,0.17380892811984558,6.7797492149574206,0.125,1.0,"{""4"": 9, ""3"": 10, ""2"": 11}",0.17380892811984558,0.1737972509101719,29.18506025595268,1e-05,True,40,development_isotonic_frozen
s0-i6,development,0,random_matched,min_within_batch_tc,8a4f20d215a3b9a1,"[[0, 1, 2, 3, 4, 5, 6, 7, 8, 9, 10, 11]]",6.7797492149574206,-0.0,0.0,-1.1746235128901028e-14,,0.0,0.17380892811984558,0.17380892811984558,6.7797492149574206,0.125,1.0,"{""4"": 9, ""3"": 10, ""2"": 11}",0.17380892811984558,0.1737972509101719,29.18506025595268,1e-05,True,40,development_isotonic_frozen
s0-i6,development,0,random_matched,dprm_myopic,8a4f20d215a3b9a1,"[[0, 1, 2, 3, 4, 5, 6, 7, 8, 9, 10, 11]]",6.7797492149574206,-0.0,0.0,-1.1746235128901028e-14,,0.0,0.17380892811984558,0.17380892811984558,6.7797492149574206,0.125,1.0,"{""4"": 9, ""3"": 10, ""2"": 11}",0.17380892811984558,0.1737972509101719,29.18506025595268,1e-05,True,40,development_isotonic_frozen
s0-i6,development,0,random_matched,dprm_rollout,8a4f20d215a3b9a1,"[[0, 1, 2, 3, 4, 5, 6, 7, 8, 9, 10, 11]]",6.7797492149574206,-0.0,0.0,-1.1746235128901028e-14,,0.0,0.17380892811984558,0.17380892811984558,6.7797492149574206,0.125,1.0,"{""4"": 9, ""3"": 10, ""2"": 11}",0.17380892811984558,0.1737972509101719,29.18506025595268,1e-05,True,40,development_isotonic_frozen
s0-i6,development,0,random_matched,subset_exact,8a4f20d215a3b9a1,"[[0, 1, 2, 3, 4, 5, 6, 7, 8, 9, 10, 11]]",6.7797492149574206,-0.0,0.0,-1.1746235128901028e-14,,0.0,0.17380892811984558,0.17380892811984558,6.7797492149574206,0.125,1.0,"{""4"": 9, ""3"": 10, ""2"": 11}",0.17380892811984558,0.1737972509101719,29.18506025595268,1e-05,True,40,development_isotonic_frozen
s0-i6,development,0,random_matched,subset_beam_8,8a4f20d215a3b9a1,"[[0, 1, 2, 3, 4, 5, 6, 7, 8, 9, 10, 11]]",6.7797492149574206,-0.0,0.0,-1.1746235128901028e-14,,0.0,0.17380892811984558,0.17380892811984558,6.7797492149574206,0.125,1.0,"{""4"": 9, ""3"": 10, ""2"": 11}",0.17380892811984558,0.1737972509101719,29.18506025595268,1e-05,True,40,development_isotonic_frozen
s0-i6,development,0,random_matched,subset_beam_32,8a4f20d215a3b9a1,"[[0, 1, 2, 3, 4, 5, 6, 7, 8, 9, 10, 11]]",6.7797492149574206,-0.0,0.0,-1.1746235128901028e-14,,0.0,0.17380892811984558,0.17380892811984558,6.7797492149574206,0.125,1.0,"{""4"": 9, ""3"": 10, ""2"": 11}",0.17380892811984558,0.1737972509101719,29.18506025595268,1e-05,True,40,development_isotonic_frozen
s0-i6,development,0,random_matched,saps_diagonal,8a4f20d215a3b9a1,"[[0, 1, 2, 3, 4, 5, 6, 7, 8, 9, 10, 11]]",6.7797492149574206,-0.0,0.0,-1.1746235128901028e-14,,0.0,0.17380892811984558,0.17380892811984558,6.7797492149574206,0.125,1.0,"{""4"": 9, ""3"": 10, ""2"": 11}",0.17380892811984558,0.1737972509101719,29.18506025595268,1e-05,True,40,development_isotonic_frozen
s0-i6,development,0,random_matched,p_saps_residualized,8a4f20d215a3b9a1,"[[0, 1, 2, 3, 4, 5, 6, 7, 8, 9, 10, 11]]",6.7797492149574206,-0.0,0.0,-1.1746235128901028e-14,,0.0,0.17380892811984558,0.17380892811984558,6.7797492149574206,0.125,1.0,"{""4"": 9, ""3"": 10, ""2"": 11}",0.17380892811984558,0.1737972509101719,29.18506025595268,1e-05,True,40,development_isotonic_frozen
s0-i6,development,0,random_matched,p_saps_projection,8a4f20d215a3b9a1,"[[0, 1, 2, 3, 4, 5, 6, 7, 8, 9, 10, 11]]",6.7797492149574206,-0.0,0.0,-1.1746235128901028e-14,,0.0,0.17380892811984558,0.17380892811984558,6.7797492149574206,0.125,1.0,"{""4"": 9, ""3"": 10, ""2"": 11}",0.17380892811984558,0.1737972509101719,29.18506025595268,1e-05,True,40,development_isotonic_frozen
s0-i6,development,0,random_matched,b_saps_budgeted,8a4f20d215a3b9a1,"[[0, 1, 2, 3, 4, 5, 6, 7, 8, 9, 10, 11]]",6.7797492149574206,-0.0,0.0,-1.1746235128901028e-14,,0.0,0.17380892811984558,0.17380892811984558,6.7797492149574206,0.125,1.0,"{""4"": 9, ""3"": 10, ""2"": 11}",0.17380892811984558,0.1737972509101719,29.18506025595268,1e-05,True,40,development_isotonic_frozen
s0-i6,development,0,random_matched,random_balanced,08960c55bc3aafe2,"[[1, 3, 4, 7, 10, 11], [0, 2, 5, 6, 8, 9]]",4.018049847894572,-0.2585356164465267,0.5654526645358824,-4.625576626170765e-15,,11.0,0.18532457438706956,0.18532457438706956,3.9684513095676834,0.03125,0.0,"{""3"": 5, ""1"": 11, ""2"": 14}",0.18532457438706956,0.18531893826701162,18.415075922029388,1e-05,True,40,development_isotonic_frozen
s0-i6,development,0,random_matched,confidence,12e41bc6c669f7dd,"[[1, 2, 5, 7, 8, 10], [0, 3, 4, 6, 9, 11]]",4.018049847894572,-0.20898383705638535,0.6160084496256775,-4.966943599405826e-15,,17.0,0.1852114469816445,0.1852114469816445,4.317942870484211,0.0,-1.0,"{""3"": 2, ""1"": 17, ""2"": 11}",0.1852114469816445,0.18520329723738901,19.633654587627106,1e-05,True,40,development_isotonic_frozen
s0-i6,development,0,random_matched,entropy,8fa593819e06a8a1,"[[1, 2, 5, 7, 8, 9], [0, 3, 4, 6, 10, 11]]",4.018049847894572,-0.21142546656353753,0.6268223198885451,-4.726057674238956e-15,,16.0,0.23425759852669398,0.23425759852669398,4.08494849653986,0.03125,-1.0,"{""3"": 4, ""1"": 16, ""2"": 10}",0.23425759852669398,0.23415538836705832,17.010978270511266,1e-05,True,40,development_isotonic_frozen
s0-i6,development,0,random_matched,dependency_cmi,b62fd84fcb42c169,"[[0, 1, 2, 3, 5, 6], [4, 7, 8, 9, 10, 11]]",4.018049847894572,-0.2454317950251833,0.571015654789614,-8.312712419809388e-15,,15.0,0.1523170509793962,0.1523170509793962,4.201445683512035,0.125,-1.0,"{""1"": 15, ""3"": 3, ""2"": 12}",0.1523170509793962,0.1523142550156183,18.981893184435524,1e-05,True,40,development_isotonic_frozen
s0-i6,development,0,random_matched,min_within_batch_tc,afe5adbc805afcff,"[[0, 2, 4, 5, 6, 7], [1, 3, 8, 9, 10, 11]]",4.018049847894572,-0.2508132394661529,0.5577948404646095,-9.035708355308835e-15,,13.0,0.10790217774541978,0.10790217774541978,3.7231562645349636,0.0,-1.0,"{""4"": 2, ""1"": 13, ""3"": 5, ""2"": 10}",0.10790217774541978,0.10789820943359135,19.28062260185827,1e-05,True,40,development_isotonic_frozen
s0-i6,development,0,random_matched,dprm_myopic,350ca062fce985d2,"[[0, 1, 2, 3, 4, 11], [5, 6, 7, 8, 9, 10]]",4.018049847894572,-0.25819357111886615,0.5646025670324587,-5.623947207914766e-15,,12.0,0.13002852145511493,0.13002852145511493,3.8519541225955076,0.0,0.0,"{""2"": 12, ""1"": 12, ""3"": 6}",0.13002852145511493,0.13002695764437242,20.874450975895602,1e-05,True,40,development_isotonic_frozen
s0-i6,development,0,random_matched,dprm_rollout,5fcaaca9d5e49e95,"[[0, 1, 3, 4, 6, 11], [2, 5, 7, 8, 9, 10]]",4.018049847894572,-0.2803997017608409,0.5408466737562151,-5.6209940491489925e-15,,9.0,0.17273158517792814,0.17273158517792814,4.08494849653986,0.03125,0.0,"{""1"": 9, ""2"": 17, ""3"": 4}",0.17273158517792814,0.1727169457093111,20.308670215196173,1e-05,True,40,development_isotonic_frozen
s0-i6,development,0,random_matched,subset_exact,0de5696474dda1c3,"[[0, 1, 2, 3, 4, 5], [6, 7, 8, 9, 10, 11]]",4.018049847894572,-0.2446018363108197,0.5692453889449639,-8.348151246703366e-15,,13.0,0.12031369431511743,0.12031369431511743,4.434440057456388,0.0,0.0,"{""1"": 13, ""2"": 16, ""3"": 1}",0.12031369431511743,0.12030964080651299,20.69523769270478,1e-05,True,40,development_isotonic_frozen
s0-i6,development,0,random_matched,subset_beam_8,0de5696474dda1c3,"[[0, 1, 2, 3, 4, 5], [6, 7, 8, 9, 10, 11]]",4.018049847894572,-0.2446018363108197,0.5692453889449639,-8.348151246703366e-15,,13.0,0.12031369431511743,0.12031369431511743,4.434440057456388,0.0,0.0,"{""1"": 13, ""2"": 16, ""3"": 1}",0.12031369431511743,0.12030964080651299,20.69523769270478,1e-05,True,40,development_isotonic_frozen
s0-i6,development,0,random_matched,subset_beam_32,0de5696474dda1c3,"[[0, 1, 2, 3, 4, 5], [6, 7, 8, 9, 10, 11]]",4.018049847894572,-0.2446018363108197,0.5692453889449639,-8.348151246703366e-15,,13.0,0.12031369431511743,0.12031369431511743,4.434440057456388,0.0,0.0,"{""1"": 13, ""2"": 16, ""3"": 1}",0.12031369431511743,0.12030964080651299,20.69523769270478,1e-05,True,40,development_isotonic_frozen
s0-i6,development,0,random_matched,saps_diagonal,9170cb5059e3ce5a,"[[3, 4, 5, 6, 7, 8], [0, 1, 2, 9, 10, 11]]",4.018049847894572,-0.27338383194869986,0.5475163266230682,-4.534935965534061e-15,,22.0,0.16145380518661026,0.16145380518661026,4.434440057456388,0.0,0.0,"{""1"": 22, ""2"": 7, ""3"": 1}",0.16145380518661026,0.16145112222966324,16.666211751572803,1e-05,True,40,development_isotonic_frozen
s0-i6,development,0,random_matched,p_saps_residualized,1f8b0f945d95fe66,"[[0, 4, 5, 7, 9, 11], [1, 2, 3, 6, 8, 10]]",4.018049847894572,-0.25419239083181683,0.5758992880660407,-4.831302173546496e-15,,12.0,0.162347413677121,0.162347413677121,3.263317852190444,0.0,0.0,"{""1"": 12, ""4"": 1, ""3"": 10, ""2"": 7}",0.162347413677121,0.1623193848742408,18.814414814598916,1e-05,True,80,development_isotonic_frozen
s0-i6,development,0,random_matched,p_saps_projection,8fa593819e06a8a1,"[[1, 2, 5, 7, 8, 9], [0, 3, 4, 6, 10, 11]]",4.018049847894572,-0.21142546656353753,0.6268223198885451,-4.726057674238956e-15,,16.0,0.23425759852669398,0.23425759852669398,4.08494849653986,0.03125,-1.0,"{""3"": 4, ""1"": 16, ""2"": 10}",0.23425759852669398,0.23415538836705832,17.010978270511266,1e-05,True,640,development_isotonic_frozen
s0-i6,development,0,random_matched,b_saps_budgeted,d9ff3b906f78f57d,"[[1, 3, 4, 5, 7, 11], [0, 2, 6, 8, 9, 10]]",4.018049847894572,-0.25299832545209255,0.5731621452178995,-6.164008110545701e-15,,11.0,0.17709951953221148,0.17709951953221148,4.550937244428563,0.03125,0.0,"{""2"": 19, ""1"": 11}",0.17709951953221148,0.1770895631976504,19.496846358020687,1e-05,True,40,development_isotonic_frozen
s0-i6,development,0,random_matched,random_balanced,08960c55bc3aafe2,"[[1, 3, 4, 7, 10, 11], [0, 2, 5, 6, 8, 9]]",8.150014530074086,-0.2585356164465267,0.5654526645358824,-4.625576626170765e-15,,11.0,0.18532457438706956,0.18532457438706956,8.04512268909218,0.03125,0.0,"{""3"": 5, ""1"": 11, ""2"": 14}",0.18532457438706956,0.18531893826701162,18.415075922029388,1e-05,True,40,development_isotonic_frozen
s0-i6,development,0,random_matched,confidence,12e41bc6c669f7dd,"[[1, 2, 5, 7, 8, 10], [0, 3, 4, 6, 9, 11]]",8.150014530074086,-0.20898383705638535,0.6160084496256775,-4.966943599405826e-15,,17.0,0.1852114469816445,0.1852114469816445,8.737408839572769,0.0625,0.0,"{""3"": 2, ""1"": 17, ""2"": 11}",0.1852114469816445,0.18520329723738901,19.633654587627106,1e-05,True,40,development_isotonic_frozen
s0-i6,development,0,random_matched,entropy,8fa593819e06a8a1,"[[1, 2, 5, 7, 8, 9], [0, 3, 4, 6, 10, 11]]",8.150014530074086,-0.21142546656353753,0.6268223198885451,-4.726057674238956e-15,,16.0,0.23425759852669398,0.23425759852669398,8.275884739252376,0.03125,0.0,"{""3"": 4, ""1"": 16, ""2"": 10}",0.23425759852669398,0.23415538836705832,17.010978270511266,1e-05,True,40,development_isotonic_frozen
s0-i6,development,0,random_matched,dependency_cmi,b62fd84fcb42c169,"[[0, 1, 2, 3, 5, 6], [4, 7, 8, 9, 10, 11]]",8.150014530074086,-0.2454317950251833,0.571015654789614,-8.312712419809388e-15,,15.0,0.1523170509793962,0.1523170509793962,8.506646789412573,0.0625,0.0,"{""1"": 15, ""3"": 3, ""2"": 12}",0.1523170509793962,0.1523142550156183,18.981893184435524,1e-05,True,40,development_isotonic_frozen
s0-i6,development,0,random_matched,min_within_batch_tc,afe5adbc805afcff,"[[0, 2, 4, 5, 6, 7], [1, 3, 8, 9, 10, 11]]",8.150014530074086,-0.2508132394661529,0.5577948404646095,-9.035708355308835e-15,,13.0,0.10790217774541978,0.10790217774541978,7.583598588771786,0.0625,0.0,"{""4"": 2, ""1"": 13, ""3"": 5, ""2"": 10}",0.10790217774541978,0.10789820943359135,19.28062260185827,1e-05,True,40,development_isotonic_frozen
s0-i6,development,0,random_matched,dprm_myopic,350ca062fce985d2,"[[0, 1, 2, 3, 4, 11], [5, 6, 7, 8, 9, 10]]",8.150014530074086,-0.25819357111886615,0.5646025670324587,-5.623947207914766e-15,,12.0,0.13002852145511493,0.13002852145511493,7.814360638931983,0.0,0.0,"{""2"": 12, ""1"": 12, ""3"": 6}",0.13002852145511493,0.13002695764437242,20.874450975895602,1e-05,True,40,development_isotonic_frozen
s0-i6,development,0,random_matched,dprm_rollout,08960c55bc3aafe2,"[[1, 3, 4, 7, 10, 11], [0, 2, 5, 6, 8, 9]]",8.150014530074086,-0.2585356164465267,0.5654526645358824,-4.625576626170765e-15,,11.0,0.18532457438706956,0.18532457438706956,8.04512268909218,0.03125,0.0,"{""3"": 5, ""1"": 11, ""2"": 14}",0.18532457438706956,0.18531893826701162,18.415075922029388,1e-05,True,40,development_isotonic_frozen
s0-i6,development,0,random_matched,subset_exact,0de5696474dda1c3,"[[0, 1, 2, 3, 4, 5], [6, 7, 8, 9, 10, 11]]",8.150014530074086,-0.2446018363108197,0.5692453889449639,-8.348151246703366e-15,,13.0,0.12031369431511743,0.12031369431511743,8.968170889732965,0.03125,0.0,"{""1"": 13, ""2"": 16, ""3"": 1}",0.12031369431511743,0.12030964080651299,20.69523769270478,1e-05,True,40,development_isotonic_frozen
s0-i6,development,0,random_matched,subset_beam_8,0de5696474dda1c3,"[[0, 1, 2, 3, 4, 5], [6, 7, 8, 9, 10, 11]]",8.150014530074086,-0.2446018363108197,0.5692453889449639,-8.348151246703366e-15,,13.0,0.12031369431511743,0.12031369431511743,8.968170889732965,0.03125,0.0,"{""1"": 13, ""2"": 16, ""3"": 1}",0.12031369431511743,0.12030964080651299,20.69523769270478,1e-05,True,40,development_isotonic_frozen
s0-i6,development,0,random_matched,subset_beam_32,0de5696474dda1c3,"[[0, 1, 2, 3, 4, 5], [6, 7, 8, 9, 10, 11]]",8.150014530074086,-0.2446018363108197,0.5692453889449639,-8.348151246703366e-15,,13.0,0.12031369431511743,0.12031369431511743,8.968170889732965,0.03125,0.0,"{""1"": 13, ""2"": 16, ""3"": 1}",0.12031369431511743,0.12030964080651299,20.69523769270478,1e-05,True,40,development_isotonic_frozen
s0-i6,development,0,random_matched,saps_diagonal,9170cb5059e3ce5a,"[[3, 4, 5, 6, 7, 8], [0, 1, 2, 9, 10, 11]]",8.150014530074086,-0.27338383194869986,0.5475163266230682,-4.534935965534061e-15,,22.0,0.16145380518661026,0.16145380518661026,8.968170889732965,0.0625,0.0,"{""1"": 22, ""2"": 7, ""3"": 1}",0.16145380518661026,0.16145112222966324,16.666211751572803,1e-05,True,40,development_isotonic_frozen
s0-i6,development,0,random_matched,p_saps_residualized,1f8b0f945d95fe66,"[[0, 4, 5, 7, 9, 11], [1, 2, 3, 6, 8, 10]]",8.150014530074086,-0.25419239083181683,0.5758992880660407,-4.831302173546496e-15,,12.0,0.162347413677121,0.162347413677121,6.660550388131,0.21875,0.0,"{""1"": 12, ""4"": 1, ""3"": 10, ""2"": 7}",0.162347413677121,0.1623193848742408,18.814414814598916,1e-05,True,80,development_isotonic_frozen
s0-i6,development,0,random_matched,p_saps_projection,8fa593819e06a8a1,"[[1, 2, 5, 7, 8, 9], [0, 3, 4, 6, 10, 11]]",8.150014530074086,-0.21142546656353753,0.6268223198885451,-4.726057674238956e-15,,16.0,0.23425759852669398,0.23425759852669398,8.275884739252376,0.03125,0.0,"{""3"": 4, ""1"": 16, ""2"": 10}",0.23425759852669398,0.23415538836705832,17.010978270511266,1e-05,True,640,development_isotonic_frozen
s0-i6,development,0,random_matched,b_saps_budgeted,d9ff3b906f78f57d,"[[1, 3, 4, 5, 7, 11], [0, 2, 6, 8, 9, 10]]",8.150014530074086,-0.25299832545209255,0.5731621452178995,-6.164008110545701e-15,,11.0,0.17709951953221148,0.17709951953221148,9.198932939893162,0.0625,0.0,"{""2"": 19, ""1"": 11}",0.17709951953221148,0.1770895631976504,19.496846358020687,1e-05,True,40,development_isotonic_frozen
s0-i6,development,0,random_matched,random_balanced,08960c55bc3aafe2,"[[1, 3, 4, 7, 10, 11], [0, 2, 5, 6, 8, 9]]",11.572439438933237,-0.2585356164465267,0.5654526645358824,-4.625576626170765e-15,,11.0,0.18532457438706956,0.18532457438706956,11.421725909877393,0.09375,1.0,"{""3"": 5, ""1"": 11, ""2"": 14}",0.18532457438706956,0.18531893826701162,18.415075922029388,1e-05,True,40,development_isotonic_frozen
s0-i6,development,0,random_matched,confidence,12e41bc6c669f7dd,"[[1, 2, 5, 7, 8, 10], [0, 3, 4, 6, 9, 11]]",11.572439438933237,-0.20898383705638535,0.6160084496256775,-4.966943599405826e-15,,17.0,0.1852114469816445,0.1852114469816445,12.416435201645958,0.09375,0.0,"{""3"": 2, ""1"": 17, ""2"": 11}",0.1852114469816445,0.18520329723738901,19.633654587627106,1e-05,True,40,development_isotonic_frozen
s0-i6,development,0,random_matched,entropy,8fa593819e06a8a1,"[[1, 2, 5, 7, 8, 9], [0, 3, 4, 6, 10, 11]]",11.572439438933237,-0.21142546656353753,0.6268223198885451,-4.726057674238956e-15,,16.0,0.23425759852669398,0.23425759852669398,11.753295673800249,0.15625,0.0,"{""3"": 4, ""1"": 16, ""2"": 10}",0.23425759852669398,0.23415538836705832,17.010978270511266,1e-05,True,40,development_isotonic_frozen
s0-i6,development,0,random_matched,dependency_cmi,b62fd84fcb42c169,"[[0, 1, 2, 3, 5, 6], [4, 7, 8, 9, 10, 11]]",11.572439438933237,-0.2454317950251833,0.571015654789614,-8.312712419809388e-15,,15.0,0.1523170509793962,0.1523170509793962,12.084865437723105,0.03125,0.0,"{""1"": 15, ""3"": 3, ""2"": 12}",0.1523170509793962,0.1523142550156183,18.981893184435524,1e-05,True,40,development_isotonic_frozen
s0-i6,development,0,random_matched,min_within_batch_tc,afe5adbc805afcff,"[[0, 2, 4, 5, 6, 7], [1, 3, 8, 9, 10, 11]]",11.572439438933237,-0.2508132394661529,0.5577948404646095,-9.035708355308835e-15,,13.0,0.10790217774541978,0.10790217774541978,10.758586382031684,0.03125,0.0,"{""4"": 2, ""1"": 13, ""3"": 5, ""2"": 10}",0.10790217774541978,0.10789820943359135,19.28062260185827,1e-05,True,40,development_isotonic_frozen
s0-i6,development,0,random_matched,dprm_myopic,350ca062fce985d2,"[[0, 1, 2, 3, 4, 11], [5, 6, 7, 8, 9, 10]]",11.572439438933237,-0.25819357111886615,0.5646025670324587,-5.623947207914766e-15,,12.0,0.13002852145511493,0.13002852145511493,11.090156145954538,0.0,1.0,"{""2"": 12, ""1"": 12, ""3"": 6}",0.13002852145511493,0.13002695764437242,20.874450975895602,1e-05,True,40,development_isotonic_frozen
s0-i6,development,0,random_matched,dprm_rollout,38b832390a4e7322,"[[1, 3, 4, 6, 7, 9], [0, 2, 5, 8, 10, 11]]",11.572439438933237,-0.2675843284386042,0.5592099701065902,-5.982242647226131e-15,,12.0,0.1766167361064483,0.1766167361064483,12.084865437723105,0.03125,1.0,"{""2"": 15, ""3"": 3, ""1"": 12}",0.1766167361064483,0.17660701195011616,16.83846650740373,1e-05,True,40,development_isotonic_frozen
s0-i6,development,0,random_matched,subset_exact,0de5696474dda1c3,"[[0, 1, 2, 3, 4, 5], [6, 7, 8, 9, 10, 11]]",11.572439438933237,-0.2446018363108197,0.5692453889449639,-8.348151246703366e-15,,13.0,0.12031369431511743,0.12031369431511743,12.748004965568814,0.0625,1.0,"{""1"": 13, ""2"": 16, ""3"": 1}",0.12031369431511743,0.12030964080651299,20.69523769270478,1e-05,True,40,development_isotonic_frozen
s0-i6,development,0,random_matched,subset_beam_8,0de5696474dda1c3,"[[0, 1, 2, 3, 4, 5], [6, 7, 8, 9, 10, 11]]",11.572439438933237,-0.2446018363108197,0.5692453889449639,-8.348151246703366e-15,,13.0,0.12031369431511743,0.12031369431511743,12.748004965568814,0.0625,1.0,"{""1"": 13, ""2"": 16, ""3"": 1}",0.12031369431511743,0.12030964080651299,20.69523769270478,1e-05,True,40,development_isotonic_frozen
s0-i6,development,0,random_matched,subset_beam_32,0de5696474dda1c3,"[[0, 1, 2, 3, 4, 5], [6, 7, 8, 9, 10, 11]]",11.572439438933237,-0.2446018363108197,0.5692453889449639,-8.348151246703366e-15,,13.0,0.12031369431511743,0.12031369431511743,12.748004965568814,0.0625,1.0,"{""1"": 13, ""2"": 16, ""3"": 1}",0.12031369431511743,0.12030964080651299,20.69523769270478,1e-05,True,40,development_isotonic_frozen
s0-i6,development,0,random_matched,saps_diagonal,9170cb5059e3ce5a,"[[3, 4, 5, 6, 7, 8], [0, 1, 2, 9, 10, 11]]",11.572439438933237,-0.27338383194869986,0.5475163266230682,-4.534935965534061e-15,,22.0,0.16145380518661026,0.16145380518661026,12.748004965568814,0.0625,0.0,"{""1"": 22, ""2"": 7, ""3"": 1}",0.16145380518661026,0.16145112222966324,16.666211751572803,1e-05,True,40,development_isotonic_frozen
s0-i6,development,0,random_matched,p_saps_residualized,1f8b0f945d95fe66,"[[0, 4, 5, 7, 9, 11], [1, 2, 3, 6, 8, 10]]",11.572439438933237,-0.25419239083181683,0.5758992880660407,-4.831302173546496e-15,,12.0,0.162347413677121,0.162347413677121,9.432307326340261,0.15625,0.0,"{""1"": 12, ""4"": 1, ""3"": 10, ""2"": 7}",0.162347413677121,0.1623193848742408,18.814414814598916,1e-05,True,80,development_isotonic_frozen
s0-i6,development,0,random_matched,p_saps_projection,8fa593819e06a8a1,"[[1, 2, 5, 7, 8, 9], [0, 3, 4, 6, 10, 11]]",11.572439438933237,-0.21142546656353753,0.6268223198885451,-4.726057674238956e-15,,16.0,0.23425759852669398,0.23425759852669398,11.753295673800249,0.15625,0.0,"{""3"": 4, ""1"": 16, ""2"": 10}",0.23425759852669398,0.23415538836705832,17.010978270511266,1e-05,True,640,development_isotonic_frozen
s0-i6,development,0,random_matched,b_saps_budgeted,d9ff3b906f78f57d,"[[1, 3, 4, 5, 7, 11], [0, 2, 6, 8, 9, 10]]",11.572439438933237,-0.25299832545209255,0.5731621452178995,-6.164008110545701e-15,,11.0,0.17709951953221148,0.17709951953221148,13.07957472949167,0.0625,1.0,"{""2"": 19, ""1"": 11}",0.17709951953221148,0.1770895631976504,19.496846358020687,1e-05,True,40,development_isotonic_frozen
s0-i6,development,0,random_matched,random_balanced,00fa2185762cdb20,"[[1, 4, 10, 11], [2, 3, 7, 8], [0, 5, 6, 9]]",4.379033187130767,-0.49787362031769294,1.1569605794422868,-2.272127199995229e-15,,13.0,0.13352786468505587,0.13352786468505587,4.08494849653986,0.125,0.0,"{""3"": 4, ""1"": 13, ""2"": 13}",0.13352786468505587,0.1335262619362001,20.757833620731493,1e-05,True,40,development_isotonic_frozen
s0-i6,development,0,random_matched,confidence,9a4d01a5d6b76b53,"[[1, 2, 5, 7], [0, 8, 9, 10], [3, 4, 6, 11]]",4.379033187130767,-0.4223240931742179,1.2296343588212224,-5.128394246533317e-15,,22.0,0.1147860826640518,0.1147860826640518,4.550937244428563,0.0,0.0,"{""2"": 8, ""1"": 22}",0.1147860826640518,0.1147852127515687,19.925735248254586,1e-05,True,40,development_isotonic_frozen
s0-i6,development,0,random_matched,entropy,58c9745f4ee16a6f,"[[1, 2, 5, 9], [7, 8, 10, 11], [0, 3, 4, 6]]",4.379033187130767,-0.4314793363243268,1.2459358906316813,-4.926616471884569e-15,,27.0,0.07265560275694394,0.07265560275694394,4.434440057456388,0.03125,-1.0,"{""3"": 1, ""2"": 2, ""1"": 27}",0.07265560275694394,0.07265488501316493,18.561288086677614,1e-05,True,40,development_isotonic_frozen
s0-i6,development,0,random_matched,dependency_cmi,8df07178fac6d143,"[[0, 1, 3, 5], [2, 4, 6, 8], [7, 9, 10, 11]]",4.379033187130767,-0.4999351407183612,1.1371729232564327,-3.266086200708244e-15,,18.0,0.1260454544182198,0.1260454544182198,4.550937244428563,0.0,0.0,"{""2"": 12, ""1"": 18}",0.1260454544182198,0.12604345914495263,17.31704435762812,1e-05,True,40,development_isotonic_frozen
s0-i6,development,0,random_matched,min_within_batch_tc,59ffb35337f78f52,"[[0, 2, 4, 5], [3, 6, 7, 8], [1, 9, 10, 11]]",4.379033187130767,-0.5091934997886546,1.1184509755069019,-4.011020429368317e-15,,23.0,0.16930826422781656,0.16930826422781656,4.550937244428563,0.03125,0.0,"{""1"": 23, ""2"": 7}",0.16930826422781656,0.16930530265010102,17.58207765636817,1e-05,True,40,development_isotonic_frozen
s0-i6,development,0,random_matched,dprm_myopic,727257e531668f6d,"[[1, 3, 4, 11], [0, 2, 5, 6], [7, 8, 9, 10]]",4.379033187130767,-0.5287842872920568,1.1196772652882403,-5.077396063281097e-15,,19.0,0.1977138906540956,0.1977138906540956,4.434440057456388,0.0625,0.0,"{""3"": 1, ""1"": 19, ""2"": 10}",0.1977138906540956,0.1976904448279439,19.17791604905004,1e-05,True,40,development_isotonic_frozen
s0-i6,development,0,random_matched,dprm_rollout,727257e531668f6d,"[[1, 3, 4, 11], [0, 2, 5, 6], [7, 8, 9, 10]]",4.379033187130767,-0.5287842872920568,1.1196772652882403,-5.077396063281097e-15,,19.0,0.1977138906540956,0.1977138906540956,4.434440057456388,0.0625,0.0,"{""3"": 1, ""1"": 19, ""2"": 10}",0.1977138906540956,0.1976904448279439,19.17791604905004,1e-05,True,40,development_isotonic_frozen
s0-i6,development,0,random_matched,subset_exact,eabb92e43dc5a165,"[[0, 1, 2, 3], [5, 7, 8, 9], [4, 6, 10, 11]]",4.379033187130767,-0.46894549857123824,1.1838909189202944,-2.9153472705801867e-15,,18.0,0.04068224603231176,0.04068224603231176,4.317942870484211,0.0,0.0,"{""2"": 10, ""1"": 18, ""3"": 2}",0.04068224603231176,0.040682008119692324,20.65963398919648,1e-05,True,40,development_isotonic_frozen
s0-i6,development,0,random_matched,subset_beam_8,eabb92e43dc5a165,"[[0, 1, 2, 3], [5, 7, 8, 9], [4, 6, 10, 11]]",4.379033187130767,-0.46894549857123824,1.1838909189202944,-2.9153472705801867e-15,,18.0,0.04068224603231176,0.04068224603231176,4.317942870484211,0.0,0.0,"{""2"": 10, ""1"": 18, ""3"": 2}",0.04068224603231176,0.040682008119692324,20.65963398919648,1e-05,True,40,development_isotonic_frozen
s0-i6,development,0,random_matched,subset_beam_32,eabb92e43dc5a165,"[[0, 1, 2, 3], [5, 7, 8, 9], [4, 6, 10, 11]]",4.379033187130767,-0.46894549857123824,1.1838909189202944,-2.9153472705801867e-15,,18.0,0.04068224603231176,0.04068224603231176,4.317942870484211,0.0,0.0,"{""2"": 10, ""1"": 18, ""3"": 2}",0.04068224603231176,0.040682008119692324,20.65963398919648,1e-05,True,40,development_isotonic_frozen
s0-i6,development,0,random_matched,saps_diagonal,58c9745f4ee16a6f,"[[1, 2, 5, 9], [7, 8, 10, 11], [0, 3, 4, 6]]",4.379033187130767,-0.4314793363243268,1.2459358906316813,-4.926616471884569e-15,,27.0,0.07265560275694394,0.07265560275694394,4.434440057456388,0.03125,-1.0,"{""3"": 1, ""2"": 2, ""1"": 27}",0.07265560275694394,0.07265488501316493,18.561288086677614,1e-05,True,40,development_isotonic_frozen
s0-i6,development,0,random_matched,p_saps_residualized,57552daa0b29150c,"[[0, 7, 10, 11], [2, 3, 4, 5], [1, 6, 8, 9]]",4.379033187130767,-0.5046034194095573,1.1342785768642776,-3.619639232467108e-15,,20.0,0.12338904894704691,0.12338904894704691,4.317942870484211,0.0,0.0,"{""1"": 20, ""2"": 8, ""3"": 2}",0.12338904894704691,0.12338835577922506,17.45798210870259,1e-05,True,80,development_isotonic_frozen
s0-i6,development,0,random_matched,p_saps_projection,5dd3308cd65efff4,"[[3, 5, 9, 10], [2, 4, 6, 7], [0, 1, 8, 11]]",4.379033187130767,-0.5138302790302737,1.1387231840250418,-3.3085458943040034e-15,,16.0,0.19053176938066319,0.19053176938066319,4.317942870484211,0.0,0.0,"{""1"": 16, ""2"": 12, ""3"": 2}",0.19053176938066319,0.19052936969944906,16.556238481944906,1e-05,True,640,development_isotonic_frozen
s0-i6,development,0,random_matched,b_saps_budgeted,a13b2da58ad3ca04,"[[1, 4, 10, 11], [2, 5, 7, 8], [0, 3, 6, 9]]",4.379033187130767,-0.47539555162985386,1.1783789973052494,-2.2947628084631535e-15,,21.0,0.16191844833703517,0.16191844833703517,4.550937244428563,0.03125,0.0,"{""2"": 9, ""1"": 21}",0.16191844833703517,0.1619085546511257,17.61874045547575,1e-05,True,40,development_isotonic_frozen
s0-i6,development,0,random_matched,random_balanced,00fa2185762cdb20,"[[1, 4, 10, 11], [2, 3, 7, 8], [0, 5, 6, 9]]",8.859083375111782,-0.49787362031769294,1.1569605794422868,-2.272127199995229e-15,,13.0,0.13352786468505587,0.13352786468505587,8.275884739252376,0.03125,0.0,"{""3"": 4, ""1"": 13, ""2"": 13}",0.13352786468505587,0.1335262619362001,20.757833620731493,1e-05,True,40,development_isotonic_frozen
s0-i6,development,0,random_matched,confidence,9a4d01a5d6b76b53,"[[1, 2, 5, 7], [0, 8, 9, 10], [3, 4, 6, 11]]",8.859083375111782,-0.4223240931742179,1.2296343588212224,-5.128394246533317e-15,,22.0,0.1147860826640518,0.1147860826640518,9.198932939893162,0.0,0.0,"{""2"": 8, ""1"": 22}",0.1147860826640518,0.1147852127515687,19.925735248254586,1e-05,True,40,development_isotonic_frozen
s0-i6,development,0,random_matched,entropy,58c9745f4ee16a6f,"[[1, 2, 5, 9], [7, 8, 10, 11], [0, 3, 4, 6]]",8.859083375111782,-0.4314793363243268,1.2459358906316813,-4.926616471884569e-15,,27.0,0.07265560275694394,0.07265560275694394,8.968170889732965,0.125,0.0,"{""3"": 1, ""2"": 2, ""1"": 27}",0.07265560275694394,0.07265488501316493,18.561288086677614,1e-05,True,40,development_isotonic_frozen
s0-i6,development,0,random_matched,dependency_cmi,8df07178fac6d143,"[[0, 1, 3, 5], [2, 4, 6, 8], [7, 9, 10, 11]]",8.859083375111782,-0.4999351407183612,1.1371729232564327,-3.266086200708244e-15,,18.0,0.1260454544182198,0.1260454544182198,9.198932939893162,0.03125,0.0,"{""2"": 12, ""1"": 18}",0.1260454544182198,0.12604345914495263,17.31704435762812,1e-05,True,40,development_isotonic_frozen
s0-i6,development,0,random_matched,min_within_batch_tc,59ffb35337f78f52,"[[0, 2, 4, 5], [3, 6, 7, 8], [1, 9, 10, 11]]",8.859083375111782,-0.5091934997886546,1.1184509755069019,-4.011020429368317e-15,,23.0,0.16930826422781656,0.16930826422781656,9.198932939893162,0.0625,0.0,"{""1"": 23, ""2"": 7}",0.16930826422781656,0.16930530265010102,17.58207765636817,1e-05,True,40,development_isotonic_frozen
s0-i6,development,0,random_matched,dprm_myopic,727257e531668f6d,"[[1, 3, 4, 11], [0, 2, 5, 6], [7, 8, 9, 10]]",8.859083375111782,-0.5287842872920568,1.1196772652882403,-5.077396063281097e-15,,19.0,0.1977138906540956,0.1977138906540956,8.968170889732965,0.0625,0.0,"{""3"": 1, ""1"": 19, ""2"": 10}",0.1977138906540956,0.1976904448279439,19.17791604905004,1e-05,True,40,development_isotonic_frozen
s0-i6,development,0,random_matched,dprm_rollout,4d58ab9f1d4de8da,"[[1, 4, 5, 11], [0, 2, 3, 6], [7, 8, 9, 10]]",8.859083375111782,-0.5063062186042178,1.141095683151203,-5.157500086367282e-15,,19.0,0.09965383833064886,0.09965383833064886,9.198932939893162,0.0625,0.0,"{""2"": 11, ""1"": 19}",0.09965383833064886,0.0996523824150275,19.111040249731857,1e-05,True,40,development_isotonic_frozen
s0-i6,development,0,random_matched,subset_exact,eabb92e43dc5a165,"[[0, 1, 2, 3], [5, 7, 8, 9], [4, 6, 10, 11]]",8.859083375111782,-0.46894549857123824,1.1838909189202944,-2.9153472705801867e-15,,18.0,0.04068224603231176,0.04068224603231176,8.737408839572769,0.03125,0.0,"{""2"": 10, ""1"": 18, ""3"": 2}",0.04068224603231176,0.040682008119692324,20.65963398919648,1e-05,True,40,development_isotonic_frozen
s0-i6,development,0,random_matched,subset_beam_8,eabb92e43dc5a165,"[[0, 1, 2, 3], [5, 7, 8, 9], [4, 6, 10, 11]]",8.859083375111782,-0.46894549857123824,1.1838909189202944,-2.9153472705801867e-15,,18.0,0.04068224603231176,0.04068224603231176,8.737408839572769,0.03125,0.0,"{""2"": 10, ""1"": 18, ""3"": 2}",0.04068224603231176,0.040682008119692324,20.65963398919648,1e-05,True,40,development_isotonic_frozen
s0-i6,development,0,random_matched,subset_beam_32,eabb92e43dc5a165,"[[0, 1, 2, 3], [5, 7, 8, 9], [4, 6, 10, 11]]",8.859083375111782,-0.46894549857123824,1.1838909189202944,-2.9153472705801867e-15,,18.0,0.04068224603231176,0.04068224603231176,8.737408839572769,0.03125,0.0,"{""2"": 10, ""1"": 18, ""3"": 2}",0.04068224603231176,0.040682008119692324,20.65963398919648,1e-05,True,40,development_isotonic_frozen
s0-i6,development,0,random_matched,saps_diagonal,58c9745f4ee16a6f,"[[1, 2, 5, 9], [7, 8, 10, 11], [0, 3, 4, 6]]",8.859083375111782,-0.4314793363243268,1.2459358906316813,-4.926616471884569e-15,,27.0,0.07265560275694394,0.07265560275694394,8.968170889732965,0.125,0.0,"{""3"": 1, ""2"": 2, ""1"": 27}",0.07265560275694394,0.07265488501316493,18.561288086677614,1e-05,True,40,development_isotonic_frozen
s0-i6,development,0,random_matched,p_saps_residualized,57552daa0b29150c,"[[0, 7, 10, 11], [2, 3, 4, 5], [1, 6, 8, 9]]",8.859083375111782,-0.5046034194095573,1.1342785768642776,-3.619639232467108e-15,,20.0,0.12338904894704691,0.12338904894704691,8.737408839572769,0.03125,0.0,"{""1"": 20, ""2"": 8, ""3"": 2}",0.12338904894704691,0.12338835577922506,17.45798210870259,1e-05,True,80,development_isotonic_frozen
s0-i6,development,0,random_matched,p_saps_projection,5dd3308cd65efff4,"[[3, 5, 9, 10], [2, 4, 6, 7], [0, 1, 8, 11]]",8.859083375111782,-0.5138302790302737,1.1387231840250418,-3.3085458943040034e-15,,16.0,0.19053176938066319,0.19053176938066319,8.737408839572769,0.0625,0.0,"{""1"": 16, ""2"": 12, ""3"": 2}",0.19053176938066319,0.19052936969944906,16.556238481944906,1e-05,True,640,development_isotonic_frozen
s0-i6,development,0,random_matched,b_saps_budgeted,a13b2da58ad3ca04,"[[1, 4, 10, 11], [2, 5, 7, 8], [0, 3, 6, 9]]",8.859083375111782,-0.47539555162985386,1.1783789973052494,-2.2947628084631535e-15,,21.0,0.16191844833703517,0.16191844833703517,9.198932939893162,0.0,0.0,"{""2"": 9, ""1"": 21}",0.16191844833703517,0.1619085546511257,17.61874045547575,1e-05,True,40,development_isotonic_frozen
s0-i6,development,0,random_matched,random_balanced,00fa2185762cdb20,"[[1, 4, 10, 11], [2, 3, 7, 8], [0, 5, 6, 9]]",12.591262895350738,-0.49787362031769294,1.1569605794422868,-2.272127199995229e-15,,13.0,0.13352786468505587,0.13352786468505587,11.753295673800249,0.0625,1.0,"{""3"": 4, ""1"": 13, ""2"": 13}",0.13352786468505587,0.1335262619362001,20.757833620731493,1e-05,True,40,development_isotonic_frozen
s0-i6,development,0,random_matched,confidence,9a4d01a5d6b76b53,"[[1, 2, 5, 7], [0, 8, 9, 10], [3, 4, 6, 11]]",12.591262895350738,-0.4223240931742179,1.2296343588212224,-5.128394246533317e-15,,22.0,0.1147860826640518,0.1147860826640518,13.07957472949167,0.125,0.0,"{""2"": 8, ""1"": 22}",0.1147860826640518,0.1147852127515687,19.925735248254586,1e-05,True,40,development_isotonic_frozen
s0-i6,development,0,random_matched,entropy,58c9745f4ee16a6f,"[[1, 2, 5, 9], [7, 8, 10, 11], [0, 3, 4, 6]]",12.591262895350738,-0.4314793363243268,1.2459358906316813,-4.926616471884569e-15,,27.0,0.07265560275694394,0.07265560275694394,12.748004965568814,0.09375,0.0,"{""3"": 1, ""2"": 2, ""1"": 27}",0.07265560275694394,0.07265488501316493,18.561288086677614,1e-05,True,40,development_isotonic_frozen
s0-i6,development,0,random_matched,dependency_cmi,8df07178fac6d143,"[[0, 1, 3, 5], [2, 4, 6, 8], [7, 9, 10, 11]]",12.591262895350738,-0.4999351407183612,1.1371729232564327,-3.266086200708244e-15,,18.0,0.1260454544182198,0.1260454544182198,13.07957472949167,0.03125,1.0,"{""2"": 12, ""1"": 18}",0.1260454544182198,0.12604345914495263,17.31704435762812,1e-05,True,40,development_isotonic_frozen
s0-i6,development,0,random_matched,min_within_batch_tc,59ffb35337f78f52,"[[0, 2, 4, 5], [3, 6, 7, 8], [1, 9, 10, 11]]",12.591262895350738,-0.5091934997886546,1.1184509755069019,-4.011020429368317e-15,,23.0,0.16930826422781656,0.16930826422781656,13.07957472949167,0.125,1.0,"{""1"": 23, ""2"": 7}",0.16930826422781656,0.16930530265010102,17.58207765636817,1e-05,True,40,development_isotonic_frozen
s0-i6,development,0,random_matched,dprm_myopic,727257e531668f6d,"[[1, 3, 4, 11], [0, 2, 5, 6], [7, 8, 9, 10]]",12.591262895350738,-0.5287842872920568,1.1196772652882403,-5.077396063281097e-15,,19.0,0.1977138906540956,0.1977138906540956,12.748004965568814,0.03125,1.0,"{""3"": 1, ""1"": 19, ""2"": 10}",0.1977138906540956,0.1976904448279439,19.17791604905004,1e-05,True,40,development_isotonic_frozen
s0-i6,development,0,random_matched,dprm_rollout,3ac67fb1026331c9,"[[0, 1, 4, 5], [6, 8, 9, 11], [2, 3, 7, 10]]",12.591262895350738,-0.497925830579927,1.1529451675298092,-4.563548900078595e-15,,17.0,0.18021040288861154,0.18021040288861154,12.416435201645958,0.0625,1.0,"{""1"": 17, ""2"": 11, ""3"": 1, ""4"": 1}",0.18021040288861154,0.18020179929782057,16.99154377763367,1e-05,True,40,development_isotonic_frozen
s0-i6,development,0,random_matched,subset_exact,99c6deeb5dad932c,"[[0, 1, 2, 4], [5, 7, 8, 9], [3, 6, 10, 11]]",12.591262895350738,-0.46272707835277654,1.1797884497475897,-3.002251386659439e-15,,17.0,0.12518033907791318,0.12518033907791318,12.748004965568814,0.03125,1.0,"{""1"": 17, ""2"": 12, ""3"": 1}",0.12518033907791318,0.12517367570473636,19.215991330525046,1e-05,True,40,development_isotonic_frozen
s0-i6,development,0,random_matched,subset_beam_8,99c6deeb5dad932c,"[[0, 1, 2, 4], [5, 7, 8, 9], [3, 6, 10, 11]]",12.591262895350738,-0.46272707835277654,1.1797884497475897,-3.002251386659439e-15,,17.0,0.12518033907791318,0.12518033907791318,12.748004965568814,0.03125,1.0,"{""1"": 17, ""2"": 12, ""3"": 1}",0.12518033907791318,0.12517367570473636,19.215991330525046,1e-05,True,40,development_isotonic_frozen
s0-i6,development,0,random_matched,subset_beam_32,99c6deeb5dad932c,"[[0, 1, 2, 4], [5, 7, 8, 9], [3, 6, 10, 11]]",12.591262895350738,-0.46272707835277654,1.1797884497475897,-3.002251386659439e-15,,17.0,0.12518033907791318,0.12518033907791318,12.748004965568814,0.03125,1.0,"{""1"": 17, ""2"": 12, ""3"": 1}",0.12518033907791318,0.12517367570473636,19.215991330525046,1e-05,True,40,development_isotonic_frozen
s0-i6,development,0,random_matched,saps_diagonal,58c9745f4ee16a6f,"[[1, 2, 5, 9], [7, 8, 10, 11], [0, 3, 4, 6]]",12.591262895350738,-0.4314793363243268,1.2459358906316813,-4.926616471884569e-15,,27.0,0.07265560275694394,0.07265560275694394,12.748004965568814,0.09375,0.0,"{""3"": 1, ""2"": 2, ""1"": 27}",0.07265560275694394,0.07265488501316493,18.561288086677614,1e-05,True,40,development_isotonic_frozen
s0-i6,development,0,random_matched,p_saps_residualized,57552daa0b29150c,"[[0, 7, 10, 11], [2, 3, 4, 5], [1, 6, 8, 9]]",12.591262895350738,-0.5046034194095573,1.1342785768642776,-3.619639232467108e-15,,20.0,0.12338904894704691,0.12338904894704691,12.416435201645958,0.09375,1.0,"{""1"": 20, ""2"": 8, ""3"": 2}",0.12338904894704691,0.12338835577922506,17.45798210870259,1e-05,True,80,development_isotonic_frozen
s0-i6,development,0,random_matched,p_saps_projection,5dd3308cd65efff4,"[[3, 5, 9, 10], [2, 4, 6, 7], [0, 1, 8, 11]]",12.591262895350738,-0.5138302790302737,1.1387231840250418,-3.3085458943040034e-15,,16.0,0.19053176938066319,0.19053176938066319,12.416435201645958,0.0625,0.0,"{""1"": 16, ""2"": 12, ""3"": 2}",0.19053176938066319,0.19052936969944906,16.556238481944906,1e-05,True,640,development_isotonic_frozen
s0-i6,development,0,random_matched,b_saps_budgeted,a13b2da58ad3ca04,"[[1, 4, 10, 11], [2, 5, 7, 8], [0, 3, 6, 9]]",12.591262895350738,-0.47539555162985386,1.1783789973052494,-2.2947628084631535e-15,,21.0,0.16191844833703517,0.16191844833703517,13.07957472949167,0.0,1.0,"{""2"": 9, ""1"": 21}",0.16191844833703517,0.1619085546511257,17.61874045547575,1e-05,True,40,development_isotonic_frozen
s0-i6,development,0,random_matched,random_balanced,d78c23f10ee0ed90,"[[1, 4, 11], [3, 7, 10], [2, 8, 9], [0, 5, 6]]",4.491629585606365,-0.7588508662713718,1.7332271142410367,-2.4369737139605475e-15,,19.0,0.15217650285255116,0.15217650285255116,4.434440057456388,0.0625,0.0,"{""3"": 1, ""1"": 19, ""2"": 10}",0.15217650285255116,0.15217006452455822,18.08142799511473,1e-05,True,40,development_isotonic_frozen
s0-i6,development,0,random_matched,confidence,8ea6455d9b71f92c,"[[1, 2, 5], [7, 8, 10], [0, 9, 11], [3, 4, 6]]",4.491629585606365,-0.642293238466776,1.8446119261769416,-3.22989964321315e-15,,28.0,0.10113205621572843,0.10113205621572843,4.550937244428563,0.0,-1.0,"{""2"": 2, ""1"": 28}",0.10113205621572843,0.10112934076149271,19.91604507432548,1e-05,True,40,development_isotonic_frozen
s0-i6,development,0,random_matched,entropy,aeee58e7ee6054a8,"[[1, 2, 9], [5, 7, 8], [0, 10, 11], [3, 4, 6]]",4.491629585606365,-0.6527137884755144,1.85853018602066,-1.7222084570453735e-15,,27.0,0.08421002013939781,0.08421002013939781,4.550937244428563,0.03125,-1.0,"{""2"": 3, ""1"": 27}",0.08421002013939781,0.08420904981776145,20.163986416031985,1e-05,True,40,development_isotonic_frozen
s0-i6,development,0,random_matched,dependency_cmi,dfca949d521b1a24,"[[0, 1, 3], [2, 4, 8], [5, 6, 9], [7, 10, 11]]",4.491629585606365,-0.7604100935641224,1.7084910879756805,-1.0671259408852506e-15,,20.0,0.1053409868140498,0.1053409868140498,4.434440057456388,0.0,0.0,"{""2"": 9, ""1"": 20, ""3"": 1}",0.1053409868140498,0.10533928523485413,17.26762528545856,1e-05,True,40,development_isotonic_frozen
s0-i6,development,0,random_matched,min_within_batch_tc,9df0e7a8d7624fc3,"[[0, 2, 4], [3, 5, 6], [7, 10, 11], [1, 8, 9]]",4.491629585606365,-0.7911132111398983,1.64711864896314,-3.0986768550671375e-15,,22.0,0.1637764530368343,0.1637764530368343,4.550937244428563,0.0,0.0,"{""2"": 8, ""1"": 22}",0.1637764530368343,0.16377391374294212,16.662667546561085,1e-05,True,40,development_isotonic_frozen
s0-i6,development,0,random_matched,dprm_myopic,ddb09b8018085b82,"[[1, 3, 4], [0, 6, 11], [2, 5, 7], [8, 9, 10]]",4.491629585606365,-0.7981986808167246,1.6615548213144138,-4.52112934714369e-15,,22.0,0.14596322443704013,0.14596322443704013,4.434440057456388,0.09375,0.0,"{""1"": 22, ""2"": 7, ""3"": 1}",0.14596322443704013,0.14595402011155245,16.621973438236846,1e-05,True,40,development_isotonic_frozen
s0-i6,development,0,random_matched,dprm_rollout,cc57acf65c0fe01a,"[[1, 4, 7], [9, 10, 11], [0, 3, 5], [2, 6, 8]]",4.491629585606365,-0.7372885127522443,1.743527886590229,-3.4477958110635053e-15,,22.0,0.17384526769638184,0.17384526769638184,4.550937244428563,0.0,0.0,"{""1"": 22, ""2"": 8}",0.17384526769638184,0.17383471266659886,16.270697980882936,1e-05,True,40,development_isotonic_frozen
s0-i6,development,0,random_matched,subset_exact,08dc1a4e0acdc1a8,"[[0, 1, 2], [5, 7, 8], [9, 10, 11], [3, 4, 6]]",4.491629585606365,-0.6563739186476422,1.8238653578598256,-2.816174754294259e-15,,27.0,0.1041557351236613,0.1041557351236613,4.550937244428563,0.03125,0.0,"{""2"": 3, ""1"": 27}",0.1041557351236613,0.1041535124267646,20.145858501705018,1e-05,True,40,development_isotonic_frozen
s0-i6,development,0,random_matched,subset_beam_8,08dc1a4e0acdc1a8,"[[0, 1, 2], [5, 7, 8], [9, 10, 11], [3, 4, 6]]",4.491629585606365,-0.6563739186476422,1.8238653578598256,-2.816174754294259e-15,,27.0,0.1041557351236613,0.1041557351236613,4.550937244428563,0.03125,0.0,"{""2"": 3, ""1"": 27}",0.1041557351236613,0.1041535124267646,20.145858501705018,1e-05,True,40,development_isotonic_frozen
s0-i6,development,0,random_matched,subset_beam_32,08dc1a4e0acdc1a8,"[[0, 1, 2], [5, 7, 8], [9, 10, 11], [3, 4, 6]]",4.491629585606365,-0.6563739186476422,1.8238653578598256,-2.816174754294259e-15,,27.0,0.1041557351236613,0.1041557351236613,4.550937244428563,0.03125,0.0,"{""2"": 3, ""1"": 27}",0.1041557351236613,0.1041535124267646,20.145858501705018,1e-05,True,40,development_isotonic_frozen
s0-i6,development,0,random_matched,saps_diagonal,58b7162d53f6ce05,"[[4, 8, 11], [5, 7, 10], [1, 2, 9], [0, 3, 6]]",4.491629585606365,-0.7414515769190578,1.7588854421616187,-2.4743653664498866e-15,,29.0,0.09699623708693679,0.09699623708693679,4.550937244428563,0.0,0.0,"{""2"": 1, ""1"": 29}",0.09699623708693679,0.09699499304503469,14.629745526223411,1e-05,True,40,development_isotonic_frozen
s0-i6,development,0,random_matched,p_saps_residualized,0610c53edbf8fc7b,"[[1, 7, 10], [0, 5, 9], [2, 3, 6], [4, 8, 11]]",4.491629585606365,-0.6855362479263802,1.7816421026485145,-2.46548036067358e-15,,23.0,0.13859636416407306,0.13859636416407306,4.434440057456388,0.0,0.0,"{""1"": 23, ""2"": 6, ""3"": 1}",0.13859636416407306,0.13858583952356207,16.155115392708655,1e-05,True,80,development_isotonic_frozen
s0-i6,development,0,random_matched,p_saps_projection,b29b2ca3befbbbaf,"[[1, 6, 8], [0, 3, 4], [5, 7, 10], [2, 9, 11]]",4.491629585606365,-0.7805942936706595,1.6811683200737415,-1.9710379808094898e-15,,25.0,0.20032254913263312,0.20032254913263312,4.434440057456388,0.03125,0.0,"{""1"": 25, ""2"": 4, ""3"": 1}",0.20032254913263312,0.2003119118863171,18.27105809201268,1e-05,True,640,development_isotonic_frozen
s0-i6,development,0,random_matched,b_saps_budgeted,9ad3cd4df82b4f74,"[[0, 1, 4], [3, 7, 10], [2, 8, 9], [5, 6, 11]]",4.491629585606365,-0.7475026186101831,1.7044715064798523,-1.880706997823141e-15,,20.0,0.12094148106152847,0.12094148106152847,4.550937244428563,0.03125,0.0,"{""2"": 10, ""1"": 20}",0.12094148106152847,0.12093309068436954,17.741245407912057,1e-05,True,40,development_isotonic_frozen
s0-i6,development,0,random_matched,random_balanced,d78c23f10ee0ed90,"[[1, 4, 11], [3, 7, 10], [2, 8, 9], [0, 5, 6]]",9.081454077993426,-0.7588508662713718,1.7332271142410367,-2.4369737139605475e-15,,19.0,0.15217650285255116,0.15217650285255116,8.968170889732965,0.03125,0.0,"{""3"": 1, ""1"": 19, ""2"": 10}",0.15217650285255116,0.15217006452455822,18.08142799511473,1e-05,True,40,development_isotonic_frozen
s0-i6,development,0,random_matched,confidence,8ea6455d9b71f92c,"[[1, 2, 5], [7, 8, 10], [0, 9, 11], [3, 4, 6]]",9.081454077993426,-0.642293238466776,1.8446119261769416,-3.22989964321315e-15,,28.0,0.10113205621572843,0.10113205621572843,9.198932939893162,0.03125,0.0,"{""2"": 2, ""1"": 28}",0.10113205621572843,0.10112934076149271,19.91604507432548,1e-05,True,40,development_isotonic_frozen
s0-i6,development,0,random_matched,entropy,aeee58e7ee6054a8,"[[1, 2, 9], [5, 7, 8], [0, 10, 11], [3, 4, 6]]",9.081454077993426,-0.6527137884755144,1.85853018602066,-1.7222084570453735e-15,,27.0,0.08421002013939781,0.08421002013939781,9.198932939893162,0.03125,0.0,"{""2"": 3, ""1"": 27}",0.08421002013939781,0.08420904981776145,20.163986416031985,1e-05,True,40,development_isotonic_frozen
s0-i6,development,0,random_matched,dependency_cmi,dfca949d521b1a24,"[[0, 1, 3], [2, 4, 8], [5, 6, 9], [7, 10, 11]]",9.081454077993426,-0.7604100935641224,1.7084910879756805,-1.0671259408852506e-15,,20.0,0.1053409868140498,0.1053409868140498,8.968170889732965,0.03125,0.0,"{""2"": 9, ""1"": 20, ""3"": 1}",0.1053409868140498,0.10533928523485413,17.26762528545856,1e-05,True,40,development_isotonic_frozen
s0-i6,development,0,random_matched,min_within_batch_tc,9df0e7a8d7624fc3,"[[0, 2, 4], [3, 5, 6], [7, 10, 11], [1, 8, 9]]",9.081454077993426,-0.7911132111398983,1.64711864896314,-3.0986768550671375e-15,,22.0,0.1637764530368343,0.1637764530368343,9.198932939893162,0.0,0.0,"{""2"": 8, ""1"": 22}",0.1637764530368343,0.16377391374294212,16.662667546561085,1e-05,True,40,development_isotonic_frozen
s0-i6,development,0,random_matched,dprm_myopic,ddb09b8018085b82,"[[1, 3, 4], [0, 6, 11], [2, 5, 7], [8, 9, 10]]",9.081454077993426,-0.7981986808167246,1.6615548213144138,-4.52112934714369e-15,,22.0,0.14596322443704013,0.14596322443704013,8.968170889732965,0.0,0.0,"{""1"": 22, ""2"": 7, ""3"": 1}",0.14596322443704013,0.14595402011155245,16.621973438236846,1e-05,True,40,development_isotonic_frozen
s0-i6,development,0,random_matched,dprm_rollout,0103c71c9b23168f,"[[1, 2, 3], [5, 7, 9], [0, 4, 10], [6, 8, 11]]",9.081454077993426,-0.7021578057412965,1.7744069399272446,-2.2979271695196598e-15,,24.0,0.09068465253654592,0.09068465253654592,8.968170889732965,0.03125,0.0,"{""1"": 24, ""2"": 5, ""3"": 1}",0.09068465253654592,0.09068331925226156,14.333803829733135,1e-05,True,40,development_isotonic_frozen
s0-i6,development,0,random_matched,subset_exact,08dc1a4e0acdc1a8,"[[0, 1, 2], [5, 7, 8], [9, 10, 11], [3, 4, 6]]",9.081454077993426,-0.6563739186476422,1.8238653578598256,-2.816174754294259e-15,,27.0,0.1041557351236613,0.1041557351236613,9.198932939893162,0.03125,0.0,"{""2"": 3, ""1"": 27}",0.1041557351236613,0.1041535124267646,20.145858501705018,1e-05,True,40,development_isotonic_frozen
s0-i6,development,0,random_matched,subset_beam_8,08dc1a4e0acdc1a8,"[[0, 1, 2], [5, 7, 8], [9, 10, 11], [3, 4, 6]]",9.081454077993426,-0.6563739186476422,1.8238653578598256,-2.816174754294259e-15,,27.0,0.1041557351236613,0.1041557351236613,9.198932939893162,0.03125,0.0,"{""2"": 3, ""1"": 27}",0.1041557351236613,0.1041535124267646,20.145858501705018,1e-05,True,40,development_isotonic_frozen
s0-i6,development,0,random_matched,subset_beam_32,08dc1a4e0acdc1a8,"[[0, 1, 2], [5, 7, 8], [9, 10, 11], [3, 4, 6]]",9.081454077993426,-0.6563739186476422,1.8238653578598256,-2.816174754294259e-15,,27.0,0.1041557351236613,0.1041557351236613,9.198932939893162,0.03125,0.0,"{""2"": 3, ""1"": 27}",0.1041557351236613,0.1041535124267646,20.145858501705018,1e-05,True,40,development_isotonic_frozen
s0-i6,development,0,random_matched,saps_diagonal,58b7162d53f6ce05,"[[4, 8, 11], [5, 7, 10], [1, 2, 9], [0, 3, 6]]",9.081454077993426,-0.7414515769190578,1.7588854421616187,-2.4743653664498866e-15,,29.0,0.09699623708693679,0.09699623708693679,9.198932939893162,0.0625,0.0,"{""2"": 1, ""1"": 29}",0.09699623708693679,0.09699499304503469,14.629745526223411,1e-05,True,40,development_isotonic_frozen
s0-i6,development,0,random_matched,p_saps_residualized,0610c53edbf8fc7b,"[[1, 7, 10], [0, 5, 9], [2, 3, 6], [4, 8, 11]]",9.081454077993426,-0.6855362479263802,1.7816421026485145,-2.46548036067358e-15,,23.0,0.13859636416407306,0.13859636416407306,8.968170889732965,0.0625,0.0,"{""1"": 23, ""2"": 6, ""3"": 1}",0.13859636416407306,0.13858583952356207,16.155115392708655,1e-05,True,80,development_isotonic_frozen
s0-i6,development,0,random_matched,p_saps_projection,b29b2ca3befbbbaf,"[[1, 6, 8], [0, 3, 4], [5, 7, 10], [2, 9, 11]]",9.081454077993426,-0.7805942936706595,1.6811683200737415,-1.9710379808094898e-15,,25.0,0.20032254913263312,0.20032254913263312,8.968170889732965,0.0625,0.0,"{""1"": 25, ""2"": 4, ""3"": 1}",0.20032254913263312,0.2003119118863171,18.27105809201268,1e-05,True,640,development_isotonic_frozen
s0-i6,development,0,random_matched,b_saps_budgeted,9ad3cd4df82b4f74,"[[0, 1, 4], [3, 7, 10], [2, 8, 9], [5, 6, 11]]",9.081454077993426,-0.7475026186101831,1.7044715064798523,-1.880706997823141e-15,,20.0,0.12094148106152847,0.12094148106152847,9.198932939893162,0.03125,0.0,"{""2"": 10, ""1"": 20}",0.12094148106152847,0.12093309068436954,17.741245407912057,1e-05,True,40,development_isotonic_frozen
s0-i6,development,0,random_matched,random_balanced,d78c23f10ee0ed90,"[[1, 4, 11], [3, 7, 10], [2, 8, 9], [0, 5, 6]]",12.910775576949124,-0.7588508662713718,1.7332271142410367,-2.4369737139605475e-15,,19.0,0.15217650285255116,0.15217650285255116,12.748004965568814,0.09375,1.0,"{""3"": 1, ""1"": 19, ""2"": 10}",0.15217650285255116,0.15217006452455822,18.08142799511473,1e-05,True,40,development_isotonic_frozen
s0-i6,development,0,random_matched,confidence,8ea6455d9b71f92c,"[[1, 2, 5], [7, 8, 10], [0, 9, 11], [3, 4, 6]]",12.910775576949124,-0.642293238466776,1.8446119261769416,-3.22989964321315e-15,,28.0,0.10113205621572843,0.10113205621572843,13.07957472949167,0.15625,0.0,"{""2"": 2, ""1"": 28}",0.10113205621572843,0.10112934076149271,19.91604507432548,1e-05,True,40,development_isotonic_frozen
s0-i6,development,0,random_matched,entropy,aeee58e7ee6054a8,"[[1, 2, 9], [5, 7, 8], [0, 10, 11], [3, 4, 6]]",12.910775576949124,-0.6527137884755144,1.85853018602066,-1.7222084570453735e-15,,27.0,0.08421002013939781,0.08421002013939781,13.07957472949167,0.03125,0.0,"{""2"": 3, ""1"": 27}",0.08421002013939781,0.08420904981776145,20.163986416031985,1e-05,True,40,development_isotonic_frozen
s0-i6,development,0,random_matched,dependency_cmi,dfca949d521b1a24,"[[0, 1, 3], [2, 4, 8], [5, 6, 9], [7, 10, 11]]",12.910775576949124,-0.7604100935641224,1.7084910879756805,-1.0671259408852506e-15,,20.0,0.1053409868140498,0.1053409868140498,12.748004965568814,0.03125,1.0,"{""2"": 9, ""1"": 20, ""3"": 1}",0.1053409868140498,0.10533928523485413,17.26762528545856,1e-05,True,40,development_isotonic_frozen
s0-i6,development,0,random_matched,min_within_batch_tc,9df0e7a8d7624fc3,"[[0, 2, 4], [3, 5, 6], [7, 10, 11], [1, 8, 9]]",12.910775576949124,-0.7911132111398983,1.64711864896314,-3.0986768550671375e-15,,22.0,0.1637764530368343,0.1637764530368343,13.07957472949167,0.03125,1.0,"{""2"": 8, ""1"": 22}",0.1637764530368343,0.16377391374294212,16.662667546561085,1e-05,True,40,development_isotonic_frozen
s0-i6,development,0,random_matched,dprm_myopic,ddb09b8018085b82,"[[1, 3, 4], [0, 6, 11], [2, 5, 7], [8, 9, 10]]",12.910775576949124,-0.7981986808167246,1.6615548213144138,-4.52112934714369e-15,,22.0,0.14596322443704013,0.14596322443704013,12.748004965568814,0.03125,1.0,"{""1"": 22, ""2"": 7, ""3"": 1}",0.14596322443704013,0.14595402011155245,16.621973438236846,1e-05,True,40,development_isotonic_frozen
s0-i6,development,0,random_matched,dprm_rollout,c1216a3543e2e079,"[[2, 6, 9], [0, 1, 7], [3, 10, 11], [4, 5, 8]]",12.910775576949124,-0.7356931305415353,1.7522911713611633,-1.1741286328436715e-15,,20.0,0.10399531705499009,0.10399531705499009,13.07957472949167,0.125,0.0,"{""2"": 10, ""1"": 20}",0.10399531705499009,0.10399376676988278,20.173099772053774,1e-05,True,40,development_isotonic_frozen
s0-i6,development,0,random_matched,subset_exact,4471e46997df6271,"[[0, 1, 9], [2, 5, 7], [8, 10, 11], [3, 4, 6]]",12.910775576949124,-0.6664448769664626,1.829049244156514,-3.875735432885867e-15,,27.0,0.11197855056425492,0.11197855056425492,13.07957472949167,0.0625,1.0,"{""2"": 3, ""1"": 27}",0.11197855056425492,0.1119777075414177,20.145591323528546,1e-05,True,40,development_isotonic_frozen
s0-i6,development,0,random_matched,subset_beam_8,4471e46997df6271,"[[0, 1, 9], [2, 5, 7], [8, 10, 11], [3, 4, 6]]",12.910775576949124,-0.6664448769664626,1.829049244156514,-3.875735432885867e-15,,27.0,0.11197855056425492,0.11197855056425492,13.07957472949167,0.0625,1.0,"{""2"": 3, ""1"": 27}",0.11197855056425492,0.1119777075414177,20.145591323528546,1e-05,True,40,development_isotonic_frozen
s0-i6,development,0,random_matched,subset_beam_32,4471e46997df6271,"[[0, 1, 9], [2, 5, 7], [8, 10, 11], [3, 4, 6]]",12.910775576949124,-0.6664448769664626,1.829049244156514,-3.875735432885867e-15,,27.0,0.11197855056425492,0.11197855056425492,13.07957472949167,0.0625,1.0,"{""2"": 3, ""1"": 27}",0.11197855056425492,0.1119777075414177,20.145591323528546,1e-05,True,40,development_isotonic_frozen
s0-i6,development,0,random_matched,saps_diagonal,58b7162d53f6ce05,"[[4, 8, 11], [5, 7, 10], [1, 2, 9], [0, 3, 6]]",12.910775576949124,-0.7414515769190578,1.7588854421616187,-2.4743653664498866e-15,,29.0,0.09699623708693679,0.09699623708693679,13.07957472949167,0.0,1.0,"{""2"": 1, ""1"": 29}",0.09699623708693679,0.09699499304503469,14.629745526223411,1e-05,True,40,development_isotonic_frozen
s0-i6,development,0,random_matched,p_saps_residualized,0610c53edbf8fc7b,"[[1, 7, 10], [0, 5, 9], [2, 3, 6], [4, 8, 11]]",12.910775576949124,-0.6855362479263802,1.7816421026485145,-2.46548036067358e-15,,23.0,0.13859636416407306,0.13859636416407306,12.748004965568814,0.03125,1.0,"{""1"": 23, ""2"": 6, ""3"": 1}",0.13859636416407306,0.13858583952356207,16.155115392708655,1e-05,True,80,development_isotonic_frozen
s0-i6,development,0,random_matched,p_saps_projection,b29b2ca3befbbbaf,"[[1, 6, 8], [0, 3, 4], [5, 7, 10], [2, 9, 11]]",12.910775576949124,-0.7805942936706595,1.6811683200737415,-1.9710379808094898e-15,,25.0,0.20032254913263312,0.20032254913263312,12.748004965568814,0.03125,0.0,"{""1"": 25, ""2"": 4, ""3"": 1}",0.20032254913263312,0.2003119118863171,18.27105809201268,1e-05,True,640,development_isotonic_frozen
s0-i6,development,0,random_matched,b_saps_budgeted,9ad3cd4df82b4f74,"[[0, 1, 4], [3, 7, 10], [2, 8, 9], [5, 6, 11]]",12.910775576949124,-0.7475026186101831,1.7044715064798523,-1.880706997823141e-15,,20.0,0.12094148106152847,0.12094148106152847,13.07957472949167,0.0625,1.0,"{""2"": 10, ""1"": 20}",0.12094148106152847,0.12093309068436954,17.741245407912057,1e-05,True,40,development_isotonic_frozen
s0-i6,development,0,structural,random_balanced,76993f31911749ca,"[[0, 1, 2, 3, 4, 5, 6, 7, 8, 9, 10, 11]]",2.2821376720595645,-0.0,0.0,-1.1746235128901028e-14,,0.0,0.17380892811984672,0.17380892811984672,2.2821376720595645,0.03125,0.0,"{""2"": 11, ""3"": 10, ""4"": 9}",0.17380892811984672,0.17379725091017234,29.185060255952664,1e-05,True,40,development_isotonic_frozen
s0-i6,development,0,structural,confidence,76993f31911749ca,"[[0, 1, 2, 3, 4, 5, 6, 7, 8, 9, 10, 11]]",2.2821376720595645,-0.0,0.0,-1.1746235128901028e-14,,0.0,0.17380892811984672,0.17380892811984672,2.2821376720595645,0.03125,0.0,"{""2"": 11, ""3"": 10, ""4"": 9}",0.17380892811984672,0.17379725091017234,29.185060255952664,1e-05,True,40,development_isotonic_frozen
s0-i6,development,0,structural,entropy,76993f31911749ca,"[[0, 1, 2, 3, 4, 5, 6, 7, 8, 9, 10, 11]]",2.2821376720595645,-0.0,0.0,-1.1746235128901028e-14,,0.0,0.17380892811984672,0.17380892811984672,2.2821376720595645,0.03125,0.0,"{""2"": 11, ""3"": 10, ""4"": 9}",0.17380892811984672,0.17379725091017234,29.185060255952664,1e-05,True,40,development_isotonic_frozen
s0-i6,development,0,structural,dependency_cmi,76993f31911749ca,"[[0, 1, 2, 3, 4, 5, 6, 7, 8, 9, 10, 11]]",2.2821376720595645,-0.0,0.0,-1.1746235128901028e-14,,0.0,0.17380892811984672,0.17380892811984672,2.2821376720595645,0.03125,0.0,"{""2"": 11, ""3"": 10, ""4"": 9}",0.17380892811984672,0.17379725091017234,29.185060255952664,1e-05,True,40,development_isotonic_frozen
s0-i6,development,0,structural,min_within_batch_tc,76993f31911749ca,"[[0, 1, 2, 3, 4, 5, 6, 7, 8, 9, 10, 11]]",2.2821376720595645,-0.0,0.0,-1.1746235128901028e-14,,0.0,0.17380892811984672,0.17380892811984672,2.2821376720595645,0.03125,0.0,"{""2"": 11, ""3"": 10, ""4"": 9}",0.17380892811984672,0.17379725091017234,29.185060255952664,1e-05,True,40,development_isotonic_frozen
s0-i6,development,0,structural,dprm_myopic,76993f31911749ca,"[[0, 1, 2, 3, 4, 5, 6, 7, 8, 9, 10, 11]]",2.2821376720595645,-0.0,0.0,-1.1746235128901028e-14,,0.0,0.17380892811984672,0.17380892811984672,2.2821376720595645,0.03125,0.0,"{""2"": 11, ""3"": 10, ""4"": 9}",0.17380892811984672,0.17379725091017234,29.185060255952664,1e-05,True,40,development_isotonic_frozen
s0-i6,development,0,structural,dprm_rollout,76993f31911749ca,"[[0, 1, 2, 3, 4, 5, 6, 7, 8, 9, 10, 11]]",2.2821376720595645,-0.0,0.0,-1.1746235128901028e-14,,0.0,0.17380892811984672,0.17380892811984672,2.2821376720595645,0.03125,0.0,"{""2"": 11, ""3"": 10, ""4"": 9}",0.17380892811984672,0.17379725091017234,29.185060255952664,1e-05,True,40,development_isotonic_frozen
s0-i6,development,0,structural,subset_exact,76993f31911749ca,"[[0, 1, 2, 3, 4, 5, 6, 7, 8, 9, 10, 11]]",2.2821376720595645,-0.0,0.0,-1.1746235128901028e-14,,0.0,0.17380892811984672,0.17380892811984672,2.2821376720595645,0.03125,0.0,"{""2"": 11, ""3"": 10, ""4"": 9}",0.17380892811984672,0.17379725091017234,29.185060255952664,1e-05,True,40,development_isotonic_frozen
s0-i6,development,0,structural,subset_beam_8,76993f31911749ca,"[[0, 1, 2, 3, 4, 5, 6, 7, 8, 9, 10, 11]]",2.2821376720595645,-0.0,0.0,-1.1746235128901028e-14,,0.0,0.17380892811984672,0.17380892811984672,2.2821376720595645,0.03125,0.0,"{""2"": 11, ""3"": 10, ""4"": 9}",0.17380892811984672,0.17379725091017234,29.185060255952664,1e-05,True,40,development_isotonic_frozen
s0-i6,development,0,structural,subset_beam_32,76993f31911749ca,"[[0, 1, 2, 3, 4, 5, 6, 7, 8, 9, 10, 11]]",2.2821376720595645,-0.0,0.0,-1.1746235128901028e-14,,0.0,0.17380892811984672,0.17380892811984672,2.2821376720595645,0.03125,0.0,"{""2"": 11, ""3"": 10, ""4"": 9}",0.17380892811984672,0.17379725091017234,29.185060255952664,1e-05,True,40,development_isotonic_frozen
s0-i6,development,0,structural,saps_diagonal,76993f31911749ca,"[[0, 1, 2, 3, 4, 5, 6, 7, 8, 9, 10, 11]]",2.2821376720595645,-0.0,0.0,-1.1746235128901028e-14,,0.0,0.17380892811984672,0.17380892811984672,2.2821376720595645,0.03125,0.0,"{""2"": 11, ""3"": 10, ""4"": 9}",0.17380892811984672,0.17379725091017234,29.185060255952664,1e-05,True,40,development_isotonic_frozen
s0-i6,development,0,structural,p_saps_residualized,76993f31911749ca,"[[0, 1, 2, 3, 4, 5, 6, 7, 8, 9, 10, 11]]",2.2821376720595645,-0.0,0.0,-1.1746235128901028e-14,,0.0,0.17380892811984672,0.17380892811984672,2.2821376720595645,0.03125,0.0,"{""2"": 11, ""3"": 10, ""4"": 9}",0.17380892811984672,0.17379725091017234,29.185060255952664,1e-05,True,40,development_isotonic_frozen
s0-i6,development,0,structural,p_saps_projection,76993f31911749ca,"[[0, 1, 2, 3, 4, 5, 6, 7, 8, 9, 10, 11]]",2.2821376720595645,-0.0,0.0,-1.1746235128901028e-14,,0.0,0.17380892811984672,0.17380892811984672,2.2821376720595645,0.03125,0.0,"{""2"": 11, ""3"": 10, ""4"": 9}",0.17380892811984672,0.17379725091017234,29.185060255952664,1e-05,True,40,development_isotonic_frozen
s0-i6,development,0,structural,b_saps_budgeted,76993f31911749ca,"[[0, 1, 2, 3, 4, 5, 6, 7, 8, 9, 10, 11]]",2.2821376720595645,-0.0,0.0,-1.1746235128901028e-14,,0.0,0.17380892811984672,0.17380892811984672,2.2821376720595645,0.03125,0.0,"{""2"": 11, ""3"": 10, ""4"": 9}",0.17380892811984672,0.17379725091017234,29.185060255952664,1e-05,True,40,development_isotonic_frozen
s0-i6,development,0,structural,random_balanced,76993f31911749ca,"[[0, 1, 2, 3, 4, 5, 6, 7, 8, 9, 10, 11]]",4.814453986849428,-0.0,0.0,-1.1746235128901028e-14,,0.0,0.17380892811984672,0.17380892811984672,4.814453986849428,0.0625,0.0,"{""2"": 11, ""3"": 10, ""4"": 9}",0.17380892811984672,0.17379725091017234,29.185060255952664,1e-05,True,40,development_isotonic_frozen
s0-i6,development,0,structural,confidence,76993f31911749ca,"[[0, 1, 2, 3, 4, 5, 6, 7, 8, 9, 10, 11]]",4.814453986849428,-0.0,0.0,-1.1746235128901028e-14,,0.0,0.17380892811984672,0.17380892811984672,4.814453986849428,0.0625,0.0,"{""2"": 11, ""3"": 10, ""4"": 9}",0.17380892811984672,0.17379725091017234,29.185060255952664,1e-05,True,40,development_isotonic_frozen
s0-i6,development,0,structural,entropy,76993f31911749ca,"[[0, 1, 2, 3, 4, 5, 6, 7, 8, 9, 10, 11]]",4.814453986849428,-0.0,0.0,-1.1746235128901028e-14,,0.0,0.17380892811984672,0.17380892811984672,4.814453986849428,0.0625,0.0,"{""2"": 11, ""3"": 10, ""4"": 9}",0.17380892811984672,0.17379725091017234,29.185060255952664,1e-05,True,40,development_isotonic_frozen
s0-i6,development,0,structural,dependency_cmi,76993f31911749ca,"[[0, 1, 2, 3, 4, 5, 6, 7, 8, 9, 10, 11]]",4.814453986849428,-0.0,0.0,-1.1746235128901028e-14,,0.0,0.17380892811984672,0.17380892811984672,4.814453986849428,0.0625,0.0,"{""2"": 11, ""3"": 10, ""4"": 9}",0.17380892811984672,0.17379725091017234,29.185060255952664,1e-05,True,40,development_isotonic_frozen
s0-i6,development,0,structural,min_within_batch_tc,76993f31911749ca,"[[0, 1, 2, 3, 4, 5, 6, 7, 8, 9, 10, 11]]",4.814453986849428,-0.0,0.0,-1.1746235128901028e-14,,0.0,0.17380892811984672,0.17380892811984672,4.814453986849428,0.0625,0.0,"{""2"": 11, ""3"": 10, ""4"": 9}",0.17380892811984672,0.17379725091017234,29.185060255952664,1e-05,True,40,development_isotonic_frozen
s0-i6,development,0,structural,dprm_myopic,76993f31911749ca,"[[0, 1, 2, 3, 4, 5, 6, 7, 8, 9, 10, 11]]",4.814453986849428,-0.0,0.0,-1.1746235128901028e-14,,0.0,0.17380892811984672,0.17380892811984672,4.814453986849428,0.0625,0.0,"{""2"": 11, ""3"": 10, ""4"": 9}",0.17380892811984672,0.17379725091017234,29.185060255952664,1e-05,True,40,development_isotonic_frozen
s0-i6,development,0,structural,dprm_rollout,76993f31911749ca,"[[0, 1, 2, 3, 4, 5, 6, 7, 8, 9, 10, 11]]",4.814453986849428,-0.0,0.0,-1.1746235128901028e-14,,0.0,0.17380892811984672,0.17380892811984672,4.814453986849428,0.0625,0.0,"{""2"": 11, ""3"": 10, ""4"": 9}",0.17380892811984672,0.17379725091017234,29.185060255952664,1e-05,True,40,development_isotonic_frozen
s0-i6,development,0,structural,subset_exact,76993f31911749ca,"[[0, 1, 2, 3, 4, 5, 6, 7, 8, 9, 10, 11]]",4.814453986849428,-0.0,0.0,-1.1746235128901028e-14,,0.0,0.17380892811984672,0.17380892811984672,4.814453986849428,0.0625,0.0,"{""2"": 11, ""3"": 10, ""4"": 9}",0.17380892811984672,0.17379725091017234,29.185060255952664,1e-05,True,40,development_isotonic_frozen
s0-i6,development,0,structural,subset_beam_8,76993f31911749ca,"[[0, 1, 2, 3, 4, 5, 6, 7, 8, 9, 10, 11]]",4.814453986849428,-0.0,0.0,-1.1746235128901028e-14,,0.0,0.17380892811984672,0.17380892811984672,4.814453986849428,0.0625,0.0,"{""2"": 11, ""3"": 10, ""4"": 9}",0.17380892811984672,0.17379725091017234,29.185060255952664,1e-05,True,40,development_isotonic_frozen
s0-i6,development,0,structural,subset_beam_32,76993f31911749ca,"[[0, 1, 2, 3, 4, 5, 6, 7, 8, 9, 10, 11]]",4.814453986849428,-0.0,0.0,-1.1746235128901028e-14,,0.0,0.17380892811984672,0.17380892811984672,4.814453986849428,0.0625,0.0,"{""2"": 11, ""3"": 10, ""4"": 9}",0.17380892811984672,0.17379725091017234,29.185060255952664,1e-05,True,40,development_isotonic_frozen
s0-i6,development,0,structural,saps_diagonal,76993f31911749ca,"[[0, 1, 2, 3, 4, 5, 6, 7, 8, 9, 10, 11]]",4.814453986849428,-0.0,0.0,-1.1746235128901028e-14,,0.0,0.17380892811984672,0.17380892811984672,4.814453986849428,0.0625,0.0,"{""2"": 11, ""3"": 10, ""4"": 9}",0.17380892811984672,0.17379725091017234,29.185060255952664,1e-05,True,40,development_isotonic_frozen
s0-i6,development,0,structural,p_saps_residualized,76993f31911749ca,"[[0, 1, 2, 3, 4, 5, 6, 7, 8, 9, 10, 11]]",4.814453986849428,-0.0,0.0,-1.1746235128901028e-14,,0.0,0.17380892811984672,0.17380892811984672,4.814453986849428,0.0625,0.0,"{""2"": 11, ""3"": 10, ""4"": 9}",0.17380892811984672,0.17379725091017234,29.185060255952664,1e-05,True,40,development_isotonic_frozen
s0-i6,development,0,structural,p_saps_projection,76993f31911749ca,"[[0, 1, 2, 3, 4, 5, 6, 7, 8, 9, 10, 11]]",4.814453986849428,-0.0,0.0,-1.1746235128901028e-14,,0.0,0.17380892811984672,0.17380892811984672,4.814453986849428,0.0625,0.0,"{""2"": 11, ""3"": 10, ""4"": 9}",0.17380892811984672,0.17379725091017234,29.185060255952664,1e-05,True,40,development_isotonic_frozen
s0-i6,development,0,structural,b_saps_budgeted,76993f31911749ca,"[[0, 1, 2, 3, 4, 5, 6, 7, 8, 9, 10, 11]]",4.814453986849428,-0.0,0.0,-1.1746235128901028e-14,,0.0,0.17380892811984672,0.17380892811984672,4.814453986849428,0.0625,0.0,"{""2"": 11, ""3"": 10, ""4"": 9}",0.17380892811984672,0.17379725091017234,29.185060255952664,1e-05,True,40,development_isotonic_frozen
s0-i6,development,0,structural,random_balanced,76993f31911749ca,"[[0, 1, 2, 3, 4, 5, 6, 7, 8, 9, 10, 11]]",6.7797492149574206,-0.0,0.0,-1.1746235128901028e-14,,0.0,0.17380892811984672,0.17380892811984672,6.7797492149574206,0.03125,1.0,"{""2"": 11, ""3"": 10, ""4"": 9}",0.17380892811984672,0.17379725091017234,29.185060255952664,1e-05,True,40,development_isotonic_frozen
s0-i6,development,0,structural,confidence,76993f31911749ca,"[[0, 1, 2, 3, 4, 5, 6, 7, 8, 9, 10, 11]]",6.7797492149574206,-0.0,0.0,-1.1746235128901028e-14,,0.0,0.17380892811984672,0.17380892811984672,6.7797492149574206,0.03125,1.0,"{""2"": 11, ""3"": 10, ""4"": 9}",0.17380892811984672,0.17379725091017234,29.185060255952664,1e-05,True,40,development_isotonic_frozen
s0-i6,development,0,structural,entropy,76993f31911749ca,"[[0, 1, 2, 3, 4, 5, 6, 7, 8, 9, 10, 11]]",6.7797492149574206,-0.0,0.0,-1.1746235128901028e-14,,0.0,0.17380892811984672,0.17380892811984672,6.7797492149574206,0.03125,1.0,"{""2"": 11, ""3"": 10, ""4"": 9}",0.17380892811984672,0.17379725091017234,29.185060255952664,1e-05,True,40,development_isotonic_frozen
s0-i6,development,0,structural,dependency_cmi,76993f31911749ca,"[[0, 1, 2, 3, 4, 5, 6, 7, 8, 9, 10, 11]]",6.7797492149574206,-0.0,0.0,-1.1746235128901028e-14,,0.0,0.17380892811984672,0.17380892811984672,6.7797492149574206,0.03125,1.0,"{""2"": 11, ""3"": 10, ""4"": 9}",0.17380892811984672,0.17379725091017234,29.185060255952664,1e-05,True,40,development_isotonic_frozen
s0-i6,development,0,structural,min_within_batch_tc,76993f31911749ca,"[[0, 1, 2, 3, 4, 5, 6, 7, 8, 9, 10, 11]]",6.7797492149574206,-0.0,0.0,-1.1746235128901028e-14,,0.0,0.17380892811984672,0.17380892811984672,6.7797492149574206,0.03125,1.0,"{""2"": 11, ""3"": 10, ""4"": 9}",0.17380892811984672,0.17379725091017234,29.185060255952664,1e-05,True,40,development_isotonic_frozen
s0-i6,development,0,structural,dprm_myopic,76993f31911749ca,"[[0, 1, 2, 3, 4, 5, 6, 7, 8, 9, 10, 11]]",6.7797492149574206,-0.0,0.0,-1.1746235128901028e-14,,0.0,0.17380892811984672,0.17380892811984672,6.7797492149574206,0.03125,1.0,"{""2"": 11, ""3"": 10, ""4"": 9}",0.17380892811984672,0.17379725091017234,29.185060255952664,1e-05,True,40,development_isotonic_frozen
s0-i6,development,0,structural,dprm_rollout,76993f31911749ca,"[[0, 1, 2, 3, 4, 5, 6, 7, 8, 9, 10, 11]]",6.7797492149574206,-0.0,0.0,-1.1746235128901028e-14,,0.0,0.17380892811984672,0.17380892811984672,6.7797492149574206,0.03125,1.0,"{""2"": 11, ""3"": 10, ""4"": 9}",0.17380892811984672,0.17379725091017234,29.185060255952664,1e-05,True,40,development_isotonic_frozen
s0-i6,development,0,structural,subset_exact,76993f31911749ca,"[[0, 1, 2, 3, 4, 5, 6, 7, 8, 9, 10, 11]]",6.7797492149574206,-0.0,0.0,-1.1746235128901028e-14,,0.0,0.17380892811984672,0.17380892811984672,6.7797492149574206,0.03125,1.0,"{""2"": 11, ""3"": 10, ""4"": 9}",0.17380892811984672,0.17379725091017234,29.185060255952664,1e-05,True,40,development_isotonic_frozen
s0-i6,development,0,structural,subset_beam_8,76993f31911749ca,"[[0, 1, 2, 3, 4, 5, 6, 7, 8, 9, 10, 11]]",6.7797492149574206,-0.0,0.0,-1.1746235128901028e-14,,0.0,0.17380892811984672,0.17380892811984672,6.7797492149574206,0.03125,1.0,"{""2"": 11, ""3"": 10, ""4"": 9}",0.17380892811984672,0.17379725091017234,29.185060255952664,1e-05,True,40,development_isotonic_frozen
s0-i6,development,0,structural,subset_beam_32,76993f31911749ca,"[[0, 1, 2, 3, 4, 5, 6, 7, 8, 9, 10, 11]]",6.7797492149574206,-0.0,0.0,-1.1746235128901028e-14,,0.0,0.17380892811984672,0.17380892811984672,6.7797492149574206,0.03125,1.0,"{""2"": 11, ""3"": 10, ""4"": 9}",0.17380892811984672,0.17379725091017234,29.185060255952664,1e-05,True,40,development_isotonic_frozen
s0-i6,development,0,structural,saps_diagonal,76993f31911749ca,"[[0, 1, 2, 3, 4, 5, 6, 7, 8, 9, 10, 11]]",6.7797492149574206,-0.0,0.0,-1.1746235128901028e-14,,0.0,0.17380892811984672,0.17380892811984672,6.7797492149574206,0.03125,1.0,"{""2"": 11, ""3"": 10, ""4"": 9}",0.17380892811984672,0.17379725091017234,29.185060255952664,1e-05,True,40,development_isotonic_frozen
s0-i6,development,0,structural,p_saps_residualized,76993f31911749ca,"[[0, 1, 2, 3, 4, 5, 6, 7, 8, 9, 10, 11]]",6.7797492149574206,-0.0,0.0,-1.1746235128901028e-14,,0.0,0.17380892811984672,0.17380892811984672,6.7797492149574206,0.03125,1.0,"{""2"": 11, ""3"": 10, ""4"": 9}",0.17380892811984672,0.17379725091017234,29.185060255952664,1e-05,True,40,development_isotonic_frozen
s0-i6,development,0,structural,p_saps_projection,76993f31911749ca,"[[0, 1, 2, 3, 4, 5, 6, 7, 8, 9, 10, 11]]",6.7797492149574206,-0.0,0.0,-1.1746235128901028e-14,,0.0,0.17380892811984672,0.17380892811984672,6.7797492149574206,0.03125,1.0,"{""2"": 11, ""3"": 10, ""4"": 9}",0.17380892811984672,0.17379725091017234,29.185060255952664,1e-05,True,40,development_isotonic_frozen
s0-i6,development,0,structural,b_saps_budgeted,76993f31911749ca,"[[0, 1, 2, 3, 4, 5, 6, 7, 8, 9, 10, 11]]",6.7797492149574206,-0.0,0.0,-1.1746235128901028e-14,,0.0,0.17380892811984672,0.17380892811984672,6.7797492149574206,0.03125,1.0,"{""2"": 11, ""3"": 10, ""4"": 9}",0.17380892811984672,0.17379725091017234,29.185060255952664,1e-05,True,40,development_isotonic_frozen
s0-i6,development,0,structural,random_balanced,5a861ea99125f187,"[[1, 3, 4, 7, 10, 11], [0, 2, 5, 6, 8, 9]]",4.018049847894572,-0.2585356164465267,0.5654526645358824,-4.625576626170765e-15,,12.0,0.1765842772341691,0.1765842772341691,4.317942870484211,0.0625,0.0,"{""1"": 12, ""2"": 16, ""3"": 2}",0.1765842772341691,0.17657649493098682,18.256676985690152,1e-05,True,40,development_isotonic_frozen
s0-i6,development,0,structural,confidence,f29e1217cefb54d7,"[[1, 2, 5, 7, 8, 10], [0, 3, 4, 6, 9, 11]]",4.018049847894572,-0.20898383705638535,0.6160084496256775,-4.966943599405826e-15,,16.0,0.1852114469816441,0.1852114469816441,4.434440057456388,0.0,-1.0,"{""1"": 16, ""2"": 13, ""3"": 1}",0.1852114469816441,0.18520329723738926,19.633654587627106,1e-05,True,40,development_isotonic_frozen
s0-i6,development,0,structural,entropy,4d2f2c4b3f28e0ff,"[[1, 2, 5, 7, 8, 9], [0, 3, 4, 6, 10, 11]]",4.018049847894572,-0.21142546656353753,0.6268223198885451,-4.726057674238956e-15,,14.0,0.2148092754523672,0.2148092754523672,4.317942870484211,0.0,-1.0,"{""1"": 14, ""2"": 14, ""3"": 2}",0.2148092754523672,0.21479124734480926,17.069131808116953,1e-05,True,40,development_isotonic_frozen
s0-i6,development,0,structural,dependency_cmi,d49e3236e50fea71,"[[0, 1, 2, 3, 5, 6], [4, 7, 8, 9, 10, 11]]",4.018049847894572,-0.2454317950251833,0.571015654789614,-8.312712419809388e-15,,10.0,0.17863570502407872,0.17863570502407872,3.4840115550464277,0.0,-1.0,"{""2"": 11, ""3"": 6, ""4"": 3, ""1"": 10}",0.17863570502407872,0.1786233229564072,20.88272035901719,1e-05,True,40,development_isotonic_frozen
s0-i6,development,0,structural,min_within_batch_tc,eb90383dcb004b45,"[[0, 2, 4, 5, 6, 7], [1, 3, 8, 9, 10, 11]]",4.018049847894572,-0.2508132394661529,0.5577948404646095,-9.035708355308835e-15,,12.0,0.09947121684216723,0.09947121684216723,3.7231562645349636,0.0625,-1.0,"{""1"": 12, ""2"": 11, ""3"": 5, ""4"": 2}",0.09947121684216723,0.09946991427248222,19.959619391162192,1e-05,True,40,development_isotonic_frozen
s0-i6,development,0,structural,dprm_myopic,c81ef5bdd979a336,"[[0, 1, 2, 3, 4, 11], [5, 6, 7, 8, 9, 10]]",4.018049847894572,-0.25819357111886615,0.5646025670324587,-5.623947207914766e-15,,4.0,0.15359356209265512,0.15359356209265512,2.88922494909718,0.03125,0.0,"{""2"": 12, ""3"": 9, ""4"": 5, ""1"": 4}",0.15359356209265512,0.1535912921572616,22.433445246464032,1e-05,True,40,development_isotonic_frozen
s0-i6,development,0,structural,dprm_rollout,fa6c44368548df97,"[[0, 1, 3, 4, 6, 11], [2, 5, 7, 8, 9, 10]]",4.018049847894572,-0.2803997017608409,0.5408466737562151,-5.6209940491489925e-15,,14.0,0.1543750042993377,0.1543750042993377,3.8458037870513238,0.0,0.0,"{""2"": 10, ""1"": 14, ""3"": 5, ""4"": 1}",0.1543750042993377,0.15437034061439567,20.087104485685302,1e-05,True,40,development_isotonic_frozen
s0-i6,development,0,structural,subset_exact,543028271928dcfa,"[[0, 1, 2, 3, 4, 5], [6, 7, 8, 9, 10, 11]]",4.018049847894572,-0.2446018363108197,0.5692453889449639,-8.348151246703366e-15,,3.0,0.18126908911474154,0.18126908911474154,2.7665774265808203,0.125,0.0,"{""2"": 12, ""3"": 9, ""4"": 6, ""1"": 3}",0.18126908911474154,0.18125503650141517,23.481289922724205,1e-05,True,40,development_isotonic_frozen
s0-i6,development,0,structural,subset_beam_8,543028271928dcfa,"[[0, 1, 2, 3, 4, 5], [6, 7, 8, 9, 10, 11]]",4.018049847894572,-0.2446018363108197,0.5692453889449639,-8.348151246703366e-15,,3.0,0.18126908911474154,0.18126908911474154,2.7665774265808203,0.125,0.0,"{""2"": 12, ""3"": 9, ""4"": 6, ""1"": 3}",0.18126908911474154,0.18125503650141517,23.481289922724205,1e-05,True,40,development_isotonic_frozen
s0-i6,development,0,structural,subset_beam_32,543028271928dcfa,"[[0, 1, 2, 3, 4, 5], [6, 7, 8, 9, 10, 11]]",4.018049847894572,-0.2446018363108197,0.5692453889449639,-8.348151246703366e-15,,3.0,0.18126908911474154,0.18126908911474154,2.7665774265808203,0.125,0.0,"{""2"": 12, ""3"": 9, ""4"": 6, ""1"": 3}",0.18126908911474154,0.18125503650141517,23.481289922724205,1e-05,True,40,development_isotonic_frozen
s0-i6,development,0,structural,saps_diagonal,8d048f2e96192b20,"[[1, 3, 4, 6, 7, 9], [0, 2, 5, 8, 10, 11]]",4.018049847894572,-0.2675843284386042,0.5592099701065902,-5.982242647226131e-15,,19.0,0.15320585703960832,0.15320585703960832,4.434440057456388,0.0,0.0,"{""1"": 19, ""2"": 10, ""3"": 1}",0.15320585703960832,0.1532002829267572,16.38886718853323,1e-05,True,40,development_isotonic_frozen
s0-i6,development,0,structural,p_saps_residualized,f5bb9112aa1a7b22,"[[1, 3, 5, 7, 9, 10], [0, 2, 4, 6, 8, 11]]",4.018049847894572,-0.23355394356145842,0.5966695284785529,-4.866386686895597e-15,,17.0,0.15229301612858395,0.15229301612858395,4.550937244428563,0.0,0.0,"{""1"": 17, ""2"": 13}",0.15229301612858395,0.15229096446466323,17.31533236427642,1e-05,True,80,development_isotonic_frozen
s0-i6,development,0,structural,p_saps_projection,4d2f2c4b3f28e0ff,"[[1, 2, 5, 7, 8, 9], [0, 3, 4, 6, 10, 11]]",4.018049847894572,-0.21142546656353753,0.6268223198885451,-4.726057674238956e-15,,14.0,0.2148092754523672,0.2148092754523672,4.317942870484211,0.0,-1.0,"{""1"": 14, ""2"": 14, ""3"": 2}",0.2148092754523672,0.21479124734480926,17.069131808116953,1e-05,True,640,development_isotonic_frozen
s0-i6,development,0,structural,b_saps_budgeted,2c5d7e4f6f6f7d5b,"[[1, 3, 4, 7, 8, 10], [0, 2, 5, 6, 9, 11]]",4.018049847894572,-0.25283807767183547,0.569063872641821,-4.9193252444478465e-15,,16.0,0.1634905390144604,0.1634905390144604,4.550937244428563,0.0,0.0,"{""1"": 16, ""2"": 14}",0.1634905390144604,0.1634724084098813,17.971168394692132,1e-05,True,40,development_isotonic_frozen
s0-i6,development,0,structural,random_balanced,5a861ea99125f187,"[[1, 3, 4, 7, 10, 11], [0, 2, 5, 6, 8, 9]]",8.150014530074086,-0.2585356164465267,0.5654526645358824,-4.625576626170765e-15,,12.0,0.1765842772341691,0.1765842772341691,8.737408839572769,0.125,0.0,"{""1"": 12, ""2"": 16, ""3"": 2}",0.1765842772341691,0.17657649493098682,18.256676985690152,1e-05,True,40,development_isotonic_frozen
s0-i6,development,0,structural,confidence,f29e1217cefb54d7,"[[1, 2, 5, 7, 8, 10], [0, 3, 4, 6, 9, 11]]",8.150014530074086,-0.20898383705638535,0.6160084496256775,-4.966943599405826e-15,,16.0,0.1852114469816441,0.1852114469816441,8.968170889732965,0.0,0.0,"{""1"": 16, ""2"": 13, ""3"": 1}",0.1852114469816441,0.18520329723738926,19.633654587627106,1e-05,True,40,development_isotonic_frozen
s0-i6,development,0,structural,entropy,4d2f2c4b3f28e0ff,"[[1, 2, 5, 7, 8, 9], [0, 3, 4, 6, 10, 11]]",8.150014530074086,-0.21142546656353753,0.6268223198885451,-4.726057674238956e-15,,14.0,0.2148092754523672,0.2148092754523672,8.737408839572769,0.03125,0.0,"{""1"": 14, ""2"": 14, ""3"": 2}",0.2148092754523672,0.21479124734480926,17.069131808116953,1e-05,True,40,development_isotonic_frozen
s0-i6,development,0,structural,dependency_cmi,d49e3236e50fea71,"[[0, 1, 2, 3, 5, 6], [4, 7, 8, 9, 10, 11]]",8.150014530074086,-0.2454317950251833,0.571015654789614,-8.312712419809388e-15,,10.0,0.17863570502407872,0.17863570502407872,7.122074488451394,0.0625,0.0,"{""2"": 11, ""3"": 6, ""4"": 3, ""1"": 10}",0.17863570502407872,0.1786233229564072,20.88272035901719,1e-05,True,40,development_isotonic_frozen
s0-i6,development,0,structural,min_within_batch_tc,eb90383dcb004b45,"[[0, 2, 4, 5, 6, 7], [1, 3, 8, 9, 10, 11]]",8.150014530074086,-0.2508132394661529,0.5577948404646095,-9.035708355308835e-15,,12.0,0.09947121684216723,0.09947121684216723,7.583598588771786,0.03125,0.0,"{""1"": 12, ""2"": 11, ""3"": 5, ""4"": 2}",0.09947121684216723,0.09946991427248222,19.959619391162192,1e-05,True,40,development_isotonic_frozen
s0-i6,development,0,structural,dprm_myopic,c81ef5bdd979a336,"[[0, 1, 2, 3, 4, 11], [5, 6, 7, 8, 9, 10]]",8.150014530074086,-0.25819357111886615,0.5646025670324587,-5.623947207914766e-15,,4.0,0.15359356209265512,0.15359356209265512,5.968264237650411,0.03125,0.0,"{""2"": 12, ""3"": 9, ""4"": 5, ""1"": 4}",0.15359356209265512,0.1535912921572616,22.433445246464032,1e-05,True,40,development_isotonic_frozen
s0-i6,development,0,structural,dprm_rollout,5a861ea99125f187,"[[1, 3, 4, 7, 10, 11], [0, 2, 5, 6, 8, 9]]",8.150014530074086,-0.2585356164465267,0.5654526645358824,-4.625576626170765e-15,,12.0,0.1765842772341691,0.1765842772341691,8.737408839572769,0.125,0.0,"{""1"": 12, ""2"": 16, ""3"": 2}",0.1765842772341691,0.17657649493098682,18.256676985690152,1e-05,True,40,development_isotonic_frozen
s0-i6,development,0,structural,subset_exact,543028271928dcfa,"[[0, 1, 2, 3, 4, 5], [6, 7, 8, 9, 10, 11]]",8.150014530074086,-0.2446018363108197,0.5692453889449639,-8.348151246703366e-15,,3.0,0.18126908911474154,0.18126908911474154,5.737502187490214,0.0625,0.0,"{""2"": 12, ""3"": 9, ""4"": 6, ""1"": 3}",0.18126908911474154,0.18125503650141517,23.481289922724205,1e-05,True,40,development_isotonic_frozen
s0-i6,development,0,structural,subset_beam_8,543028271928dcfa,"[[0, 1, 2, 3, 4, 5], [6, 7, 8, 9, 10, 11]]",8.150014530074086,-0.2446018363108197,0.5692453889449639,-8.348151246703366e-15,,3.0,0.18126908911474154,0.18126908911474154,5.737502187490214,0.0625,0.0,"{""2"": 12, ""3"": 9, ""4"": 6, ""1"": 3}",0.18126908911474154,0.18125503650141517,23.481289922724205,1e-05,True,40,development_isotonic_frozen
s0-i6,development,0,structural,subset_beam_32,543028271928dcfa,"[[0, 1, 2, 3, 4, 5], [6, 7, 8, 9, 10, 11]]",8.150014530074086,-0.2446018363108197,0.5692453889449639,-8.348151246703366e-15,,3.0,0.18126908911474154,0.18126908911474154,5.737502187490214,0.0625,0.0,"{""2"": 12, ""3"": 9, ""4"": 6, ""1"": 3}",0.18126908911474154,0.18125503650141517,23.481289922724205,1e-05,True,40,development_isotonic_frozen
s0-i6,development,0,structural,saps_diagonal,8d048f2e96192b20,"[[1, 3, 4, 6, 7, 9], [0, 2, 5, 8, 10, 11]]",8.150014530074086,-0.2675843284386042,0.5592099701065902,-5.982242647226131e-15,,19.0,0.15320585703960832,0.15320585703960832,8.968170889732965,0.0,0.0,"{""1"": 19, ""2"": 10, ""3"": 1}",0.15320585703960832,0.1532002829267572,16.38886718853323,1e-05,True,40,development_isotonic_frozen
s0-i6,development,0,structural,p_saps_residualized,f5bb9112aa1a7b22,"[[1, 3, 5, 7, 9, 10], [0, 2, 4, 6, 8, 11]]",8.150014530074086,-0.23355394356145842,0.5966695284785529,-4.866386686895597e-15,,17.0,0.15229301612858395,0.15229301612858395,9.198932939893162,0.0,0.0,"{""1"": 17, ""2"": 13}",0.15229301612858395,0.15229096446466323,17.31533236427642,1e-05,True,80,development_isotonic_frozen
s0-i6,development,0,structural,p_saps_projection,4d2f2c4b3f28e0ff,"[[1, 2, 5, 7, 8, 9], [0, 3, 4, 6, 10, 11]]",8.150014530074086,-0.21142546656353753,0.6268223198885451,-4.726057674238956e-15,,14.0,0.2148092754523672,0.2148092754523672,8.737408839572769,0.03125,0.0,"{""1"": 14, ""2"": 14, ""3"": 2}",0.2148092754523672,0.21479124734480926,17.069131808116953,1e-05,True,640,development_isotonic_frozen
s0-i6,development,0,structural,b_saps_budgeted,2c5d7e4f6f6f7d5b,"[[1, 3, 4, 7, 8, 10], [0, 2, 5, 6, 9, 11]]",8.150014530074086,-0.25283807767183547,0.569063872641821,-4.9193252444478465e-15,,16.0,0.1634905390144604,0.1634905390144604,9.198932939893162,0.03125,0.0,"{""1"": 16, ""2"": 14}",0.1634905390144604,0.1634724084098813,17.971168394692132,1e-05,True,40,development_isotonic_frozen
s0-i6,development,0,structural,random_balanced,5a861ea99125f187,"[[1, 3, 4, 7, 10, 11], [0, 2, 5, 6, 8, 9]]",11.572439438933237,-0.2585356164465267,0.5654526645358824,-4.625576626170765e-15,,12.0,0.1765842772341691,0.1765842772341691,12.416435201645958,0.0,1.0,"{""1"": 12, ""2"": 16, ""3"": 2}",0.1765842772341691,0.17657649493098682,18.256676985690152,1e-05,True,40,development_isotonic_frozen
s0-i6,development,0,structural,confidence,f29e1217cefb54d7,"[[1, 2, 5, 7, 8, 10], [0, 3, 4, 6, 9, 11]]",11.572439438933237,-0.20898383705638535,0.6160084496256775,-4.966943599405826e-15,,16.0,0.1852114469816441,0.1852114469816441,12.748004965568814,0.09375,0.0,"{""1"": 16, ""2"": 13, ""3"": 1}",0.1852114469816441,0.18520329723738926,19.633654587627106,1e-05,True,40,development_isotonic_frozen
s0-i6,development,0,structural,entropy,4d2f2c4b3f28e0ff,"[[1, 2, 5, 7, 8, 9], [0, 3, 4, 6, 10, 11]]",11.572439438933237,-0.21142546656353753,0.6268223198885451,-4.726057674238956e-15,,14.0,0.2148092754523672,0.2148092754523672,12.416435201645958,0.0625,0.0,"{""1"": 14, ""2"": 14, ""3"": 2}",0.2148092754523672,0.21479124734480926,17.069131808116953,1e-05,True,40,development_isotonic_frozen
s0-i6,development,0,structural,dependency_cmi,d49e3236e50fea71,"[[0, 1, 2, 3, 5, 6], [4, 7, 8, 9, 10, 11]]",11.572439438933237,-0.2454317950251833,0.571015654789614,-8.312712419809388e-15,,10.0,0.17863570502407872,0.17863570502407872,10.095446854185973,0.03125,0.0,"{""2"": 11, ""3"": 6, ""4"": 3, ""1"": 10}",0.17863570502407872,0.1786233229564072,20.88272035901719,1e-05,True,40,development_isotonic_frozen
s0-i6,development,0,structural,min_within_batch_tc,eb90383dcb004b45,"[[0, 2, 4, 5, 6, 7], [1, 3, 8, 9, 10, 11]]",11.572439438933237,-0.2508132394661529,0.5577948404646095,-9.035708355308835e-15,,12.0,0.09947121684216723,0.09947121684216723,10.758586382031684,0.125,0.0,"{""1"": 12, ""2"": 11, ""3"": 5, ""4"": 2}",0.09947121684216723,0.09946991427248222,19.959619391162192,1e-05,True,40,development_isotonic_frozen
s0-i6,development,0,structural,dprm_myopic,c81ef5bdd979a336,"[[0, 1, 2, 3, 4, 11], [5, 6, 7, 8, 9, 10]]",11.572439438933237,-0.25819357111886615,0.5646025670324587,-5.623947207914766e-15,,4.0,0.15359356209265512,0.15359356209265512,8.437598034571696,0.03125,1.0,"{""2"": 12, ""3"": 9, ""4"": 5, ""1"": 4}",0.15359356209265512,0.1535912921572616,22.433445246464032,1e-05,True,40,development_isotonic_frozen
s0-i6,development,0,structural,dprm_rollout,8d048f2e96192b20,"[[1, 3, 4, 6, 7, 9], [0, 2, 5, 8, 10, 11]]",11.572439438933237,-0.2675843284386042,0.5592099701065902,-5.982242647226131e-15,,19.0,0.15320585703960832,0.15320585703960832,12.748004965568814,0.09375,1.0,"{""1"": 19, ""2"": 10, ""3"": 1}",0.15320585703960832,0.1532002829267572,16.38886718853323,1e-05,True,40,development_isotonic_frozen
s0-i6,development,0,structural,subset_exact,543028271928dcfa,"[[0, 1, 2, 3, 4, 5], [6, 7, 8, 9, 10, 11]]",11.572439438933237,-0.2446018363108197,0.5692453889449639,-8.348151246703366e-15,,3.0,0.18126908911474154,0.18126908911474154,8.10602827064884,0.0625,1.0,"{""2"": 12, ""3"": 9, ""4"": 6, ""1"": 3}",0.18126908911474154,0.18125503650141517,23.481289922724205,1e-05,True,40,development_isotonic_frozen
s0-i6,development,0,structural,subset_beam_8,543028271928dcfa,"[[0, 1, 2, 3, 4, 5], [6, 7, 8, 9, 10, 11]]",11.572439438933237,-0.2446018363108197,0.5692453889449639,-8.348151246703366e-15,,3.0,0.18126908911474154,0.18126908911474154,8.10602827064884,0.0625,1.0,"{""2"": 12, ""3"": 9, ""4"": 6, ""1"": 3}",0.18126908911474154,0.18125503650141517,23.481289922724205,1e-05,True,40,development_isotonic_frozen
s0-i6,development,0,structural,subset_beam_32,543028271928dcfa,"[[0, 1, 2, 3, 4, 5], [6, 7, 8, 9, 10, 11]]",11.572439438933237,-0.2446018363108197,0.5692453889449639,-8.348151246703366e-15,,3.0,0.18126908911474154,0.18126908911474154,8.10602827064884,0.0625,1.0,"{""2"": 12, ""3"": 9, ""4"": 6, ""1"": 3}",0.18126908911474154,0.18125503650141517,23.481289922724205,1e-05,True,40,development_isotonic_frozen
s0-i6,development,0,structural,saps_diagonal,8d048f2e96192b20,"[[1, 3, 4, 6, 7, 9], [0, 2, 5, 8, 10, 11]]",11.572439438933237,-0.2675843284386042,0.5592099701065902,-5.982242647226131e-15,,19.0,0.15320585703960832,0.15320585703960832,12.748004965568814,0.09375,1.0,"{""1"": 19, ""2"": 10, ""3"": 1}",0.15320585703960832,0.1532002829267572,16.38886718853323,1e-05,True,40,development_isotonic_frozen
s0-i6,development,0,structural,p_saps_residualized,f5bb9112aa1a7b22,"[[1, 3, 5, 7, 9, 10], [0, 2, 4, 6, 8, 11]]",11.572439438933237,-0.23355394356145842,0.5966695284785529,-4.866386686895597e-15,,17.0,0.15229301612858395,0.15229301612858395,13.07957472949167,0.125,0.0,"{""1"": 17, ""2"": 13}",0.15229301612858395,0.15229096446466323,17.31533236427642,1e-05,True,80,development_isotonic_frozen
s0-i6,development,0,structural,p_saps_projection,4d2f2c4b3f28e0ff,"[[1, 2, 5, 7, 8, 9], [0, 3, 4, 6, 10, 11]]",11.572439438933237,-0.21142546656353753,0.6268223198885451,-4.726057674238956e-15,,14.0,0.2148092754523672,0.2148092754523672,12.416435201645958,0.0625,0.0,"{""1"": 14, ""2"": 14, ""3"": 2}",0.2148092754523672,0.21479124734480926,17.069131808116953,1e-05,True,640,development_isotonic_frozen
s0-i6,development,0,structural,b_saps_budgeted,2c5d7e4f6f6f7d5b,"[[1, 3, 4, 7, 8, 10], [0, 2, 5, 6, 9, 11]]",11.572439438933237,-0.25283807767183547,0.569063872641821,-4.9193252444478465e-15,,16.0,0.1634905390144604,0.1634905390144604,13.07957472949167,0.09375,1.0,"{""1"": 16, ""2"": 14}",0.1634905390144604,0.1634724084098813,17.971168394692132,1e-05,True,40,development_isotonic_frozen
s0-i6,development,0,structural,random_balanced,86827659f8c13796,"[[1, 4, 10, 11], [2, 3, 7, 8], [0, 5, 6, 9]]",4.379033187130767,-0.49787362031769294,1.1569605794422868,-2.272127199995229e-15,,17.0,0.13040182604512726,0.13040182604512726,4.550937244428563,0.0,0.0,"{""1"": 17, ""2"": 13}",0.13040182604512726,0.13039892006265047,19.221960182311083,1e-05,True,40,development_isotonic_frozen
s0-i6,development,0,structural,confidence,bbee6cba8056dd4f,"[[1, 2, 5, 7], [0, 8, 9, 10], [3, 4, 6, 11]]",4.379033187130767,-0.4223240931742179,1.2296343588212224,-5.128394246533317e-15,,16.0,0.12367485100852942,0.12367485100852942,4.201445683512035,0.03125,0.0,"{""1"": 16, ""2"": 11, ""3"": 3}",0.12367485100852942,0.12367339425032023,21.34090407357161,1e-05,True,40,development_isotonic_frozen
s0-i6,development,0,structural,entropy,4b72459d6f61c32f,"[[1, 2, 5, 9], [7, 8, 10, 11], [0, 3, 4, 6]]",4.379033187130767,-0.4314793363243268,1.2459358906316813,-4.926616471884569e-15,,13.0,0.15841257601798914,0.15841257601798914,4.201445683512035,0.0625,-1.0,"{""1"": 13, ""2"": 14, ""3"": 3}",0.15841257601798914,0.15840582314618593,20.73819244772415,1e-05,True,40,development_isotonic_frozen
s0-i6,development,0,structural,dependency_cmi,f261493deb99a3cb,"[[0, 1, 3, 5], [2, 4, 6, 8], [7, 9, 10, 11]]",4.379033187130767,-0.4999351407183612,1.1371729232564327,-3.266086200708244e-15,,16.0,0.11712436436549183,0.11712436436549183,4.201445683512035,0.0,0.0,"{""2"": 11, ""1"": 16, ""3"": 3}",0.11712436436549183,0.11712072869859283,18.240507619434652,1e-05,True,40,development_isotonic_frozen
s0-i6,development,0,structural,min_within_batch_tc,3dd13951bb2d5529,"[[0, 2, 4, 5], [3, 6, 7, 8], [1, 9, 10, 11]]",4.379033187130767,-0.5091934997886546,1.1184509755069019,-4.011020429368317e-15,,16.0,0.14445503465714327,0.14445503465714327,4.08494849653986,0.0625,0.0,"{""1"": 16, ""2"": 10, ""3"": 4}",0.14445503465714327,0.14445359920934792,20.709330130285064,1e-05,True,40,development_isotonic_frozen
s0-i6,development,0,structural,dprm_myopic,3e50667c96686e2b,"[[1, 3, 4, 11], [0, 2, 5, 6], [7, 8, 9, 10]]",4.379033187130767,-0.5287842872920568,1.1196772652882403,-5.077396063281097e-15,,12.0,0.17922043597268805,0.17922043597268805,3.9623009740234996,0.0,0.0,"{""1"": 12, ""2"": 13, ""3"": 4, ""4"": 1}",0.17922043597268805,0.17921918817166127,19.70606353954367,1e-05,True,40,development_isotonic_frozen
s0-i6,development,0,structural,dprm_rollout,3e50667c96686e2b,"[[1, 3, 4, 11], [0, 2, 5, 6], [7, 8, 9, 10]]",4.379033187130767,-0.5287842872920568,1.1196772652882403,-5.077396063281097e-15,,12.0,0.17922043597268805,0.17922043597268805,3.9623009740234996,0.0,0.0,"{""1"": 12, ""2"": 13, ""3"": 4, ""4"": 1}",0.17922043597268805,0.17921918817166127,19.70606353954367,1e-05,True,40,development_isotonic_frozen
s0-i6,development,0,structural,subset_exact,8f6bab5fe280085b,"[[0, 1, 2, 3], [5, 7, 8, 9], [4, 6, 10, 11]]",4.379033187130767,-0.46894549857123824,1.1838909189202944,-2.9153472705801867e-15,,15.0,0.06142475607031278,0.06142475607031278,4.078798160995675,0.03125,0.0,"{""2"": 11, ""3"": 3, ""4"": 1, ""1"": 15}",0.06142475607031278,0.061412118845061245,21.188849372193737,1e-05,True,40,development_isotonic_frozen
s0-i6,development,0,structural,subset_beam_8,8f6bab5fe280085b,"[[0, 1, 2, 3], [5, 7, 8, 9], [4, 6, 10, 11]]",4.379033187130767,-0.46894549857123824,1.1838909189202944,-2.9153472705801867e-15,,15.0,0.06142475607031278,0.06142475607031278,4.078798160995675,0.03125,0.0,"{""2"": 11, ""3"": 3, ""4"": 1, ""1"": 15}",0.06142475607031278,0.061412118845061245,21.188849372193737,1e-05,True,40,development_isotonic_frozen
s0-i6,development,0,structural,subset_beam_32,8f6bab5fe280085b,"[[0, 1, 2, 3], [5, 7, 8, 9], [4, 6, 10, 11]]",4.379033187130767,-0.46894549857123824,1.1838909189202944,-2.9153472705801867e-15,,15.0,0.06142475607031278,0.06142475607031278,4.078798160995675,0.03125,0.0,"{""2"": 11, ""3"": 3, ""4"": 1, ""1"": 15}",0.06142475607031278,0.061412118845061245,21.188849372193737,1e-05,True,40,development_isotonic_frozen
s0-i6,development,0,structural,saps_diagonal,0022b66cefb6bf3e,"[[1, 4, 7, 9], [2, 5, 8, 11], [0, 3, 6, 10]]",4.379033187130767,-0.46929350240798545,1.2010376201009425,-3.0833508147512088e-15,,28.0,0.12194279798362992,0.12194279798362992,4.550937244428563,0.0,0.0,"{""1"": 28, ""2"": 2}",0.12194279798362992,0.12194201444949508,17.34609805715604,1e-05,True,40,development_isotonic_frozen
s0-i6,development,0,structural,p_saps_residualized,00d43c661cdbd1a5,"[[0, 3, 7, 10], [2, 5, 6, 9], [1, 4, 8, 11]]",4.379033187130767,-0.5087068976972534,1.1270204582518257,-3.0385318231647393e-15,,26.0,0.09681196213825735,0.09681196213825735,4.550937244428563,0.03125,0.0,"{""1"": 26, ""2"": 4}",0.09681196213825735,0.096809661412148,16.16721252593913,1e-05,True,80,development_isotonic_frozen
s0-i6,development,0,structural,p_saps_projection,dcaf04e521afd1ed,"[[3, 5, 9, 10], [2, 4, 6, 7], [0, 1, 8, 11]]",4.379033187130767,-0.5138302790302737,1.1387231840250418,-3.3085458943040034e-15,,18.0,0.18708256302390788,0.18708256302390788,4.434440057456388,0.0,0.0,"{""2"": 11, ""1"": 18, ""3"": 1}",0.18708256302390788,0.18707760443927143,17.445479895948115,1e-05,True,640,development_isotonic_frozen
s0-i6,development,0,structural,b_saps_budgeted,86827659f8c13796,"[[1, 4, 10, 11], [2, 3, 7, 8], [0, 5, 6, 9]]",4.379033187130767,-0.49787362031769294,1.1569605794422868,-2.272127199995229e-15,,17.0,0.13040182604512726,0.13040182604512726,4.550937244428563,0.0,0.0,"{""1"": 17, ""2"": 13}",0.13040182604512726,0.13039892006265047,19.221960182311083,1e-05,True,40,development_isotonic_frozen
s0-i6,development,0,structural,random_balanced,86827659f8c13796,"[[1, 4, 10, 11], [2, 3, 7, 8], [0, 5, 6, 9]]",8.859083375111782,-0.49787362031769294,1.1569605794422868,-2.272127199995229e-15,,17.0,0.13040182604512726,0.13040182604512726,9.198932939893162,0.03125,0.0,"{""1"": 17, ""2"": 13}",0.13040182604512726,0.13039892006265047,19.221960182311083,1e-05,True,40,development_isotonic_frozen
s0-i6,development,0,structural,confidence,bbee6cba8056dd4f,"[[1, 2, 5, 7], [0, 8, 9, 10], [3, 4, 6, 11]]",8.859083375111782,-0.4223240931742179,1.2296343588212224,-5.128394246533317e-15,,16.0,0.12367485100852942,0.12367485100852942,8.506646789412573,0.03125,0.0,"{""1"": 16, ""2"": 11, ""3"": 3}",0.12367485100852942,0.12367339425032023,21.34090407357161,1e-05,True,40,development_isotonic_frozen
s0-i6,development,0,structural,entropy,4b72459d6f61c32f,"[[1, 2, 5, 9], [7, 8, 10, 11], [0, 3, 4, 6]]",8.859083375111782,-0.4314793363243268,1.2459358906316813,-4.926616471884569e-15,,13.0,0.15841257601798914,0.15841257601798914,8.506646789412573,0.09375,0.0,"{""1"": 13, ""2"": 14, ""3"": 3}",0.15841257601798914,0.15840582314618593,20.73819244772415,1e-05,True,40,development_isotonic_frozen
s0-i6,development,0,structural,dependency_cmi,f261493deb99a3cb,"[[0, 1, 3, 5], [2, 4, 6, 8], [7, 9, 10, 11]]",8.859083375111782,-0.4999351407183612,1.1371729232564327,-3.266086200708244e-15,,16.0,0.11712436436549183,0.11712436436549183,8.506646789412573,0.0,0.0,"{""2"": 11, ""1"": 16, ""3"": 3}",0.11712436436549183,0.11712072869859283,18.240507619434652,1e-05,True,40,development_isotonic_frozen
s0-i6,development,0,structural,min_within_batch_tc,3dd13951bb2d5529,"[[0, 2, 4, 5], [3, 6, 7, 8], [1, 9, 10, 11]]",8.859083375111782,-0.5091934997886546,1.1184509755069019,-4.011020429368317e-15,,16.0,0.14445503465714327,0.14445503465714327,8.275884739252376,0.0,0.0,"{""1"": 16, ""2"": 10, ""3"": 4}",0.14445503465714327,0.14445359920934792,20.709330130285064,1e-05,True,40,development_isotonic_frozen
s0-i6,development,0,structural,dprm_myopic,3e50667c96686e2b,"[[1, 3, 4, 11], [0, 2, 5, 6], [7, 8, 9, 10]]",8.859083375111782,-0.5287842872920568,1.1196772652882403,-5.077396063281097e-15,,12.0,0.17922043597268805,0.17922043597268805,8.04512268909218,0.0,0.0,"{""1"": 12, ""2"": 13, ""3"": 4, ""4"": 1}",0.17922043597268805,0.17921918817166127,19.70606353954367,1e-05,True,40,development_isotonic_frozen
s0-i6,development,0,structural,dprm_rollout,5561417d6b8acdeb,"[[1, 4, 5, 11], [0, 2, 3, 6], [7, 8, 9, 10]]",8.859083375111782,-0.5063062186042178,1.141095683151203,-5.157500086367282e-15,,10.0,0.1058945162111236,0.1058945162111236,7.814360638931983,0.0,0.0,"{""1"": 10, ""2"": 14, ""3"": 5, ""4"": 1}",0.1058945162111236,0.10589351632853466,21.220166686867874,1e-05,True,40,development_isotonic_frozen
s0-i6,development,0,structural,subset_exact,8f6bab5fe280085b,"[[0, 1, 2, 3], [5, 7, 8, 9], [4, 6, 10, 11]]",8.859083375111782,-0.46894549857123824,1.1838909189202944,-2.9153472705801867e-15,,15.0,0.06142475607031278,0.06142475607031278,8.275884739252376,0.0625,0.0,"{""2"": 11, ""3"": 3, ""4"": 1, ""1"": 15}",0.06142475607031278,0.061412118845061245,21.188849372193737,1e-05,True,40,development_isotonic_frozen
s0-i6,development,0,structural,subset_beam_8,8f6bab5fe280085b,"[[0, 1, 2, 3], [5, 7, 8, 9], [4, 6, 10, 11]]",8.859083375111782,-0.46894549857123824,1.1838909189202944,-2.9153472705801867e-15,,15.0,0.06142475607031278,0.06142475607031278,8.275884739252376,0.0625,0.0,"{""2"": 11, ""3"": 3, ""4"": 1, ""1"": 15}",0.06142475607031278,0.061412118845061245,21.188849372193737,1e-05,True,40,development_isotonic_frozen
s0-i6,development,0,structural,subset_beam_32,8f6bab5fe280085b,"[[0, 1, 2, 3], [5, 7, 8, 9], [4, 6, 10, 11]]",8.859083375111782,-0.46894549857123824,1.1838909189202944,-2.9153472705801867e-15,,15.0,0.06142475607031278,0.06142475607031278,8.275884739252376,0.0625,0.0,"{""2"": 11, ""3"": 3, ""4"": 1, ""1"": 15}",0.06142475607031278,0.061412118845061245,21.188849372193737,1e-05,True,40,development_isotonic_frozen
s0-i6,development,0,structural,saps_diagonal,0022b66cefb6bf3e,"[[1, 4, 7, 9], [2, 5, 8, 11], [0, 3, 6, 10]]",8.859083375111782,-0.46929350240798545,1.2010376201009425,-3.0833508147512088e-15,,28.0,0.12194279798362992,0.12194279798362992,9.198932939893162,0.0625,0.0,"{""1"": 28, ""2"": 2}",0.12194279798362992,0.12194201444949508,17.34609805715604,1e-05,True,40,development_isotonic_frozen
s0-i6,development,0,structural,p_saps_residualized,00d43c661cdbd1a5,"[[0, 3, 7, 10], [2, 5, 6, 9], [1, 4, 8, 11]]",8.859083375111782,-0.5087068976972534,1.1270204582518257,-3.0385318231647393e-15,,26.0,0.09681196213825735,0.09681196213825735,9.198932939893162,0.09375,0.0,"{""1"": 26, ""2"": 4}",0.09681196213825735,0.096809661412148,16.16721252593913,1e-05,True,80,development_isotonic_frozen
s0-i6,development,0,structural,p_saps_projection,dcaf04e521afd1ed,"[[3, 5, 9, 10], [2, 4, 6, 7], [0, 1, 8, 11]]",8.859083375111782,-0.5138302790302737,1.1387231840250418,-3.3085458943040034e-15,,18.0,0.18708256302390788,0.18708256302390788,8.968170889732965,0.125,0.0,"{""2"": 11, ""1"": 18, ""3"": 1}",0.18708256302390788,0.18707760443927143,17.445479895948115,1e-05,True,640,development_isotonic_frozen
s0-i6,development,0,structural,b_saps_budgeted,86827659f8c13796,"[[1, 4, 10, 11], [2, 3, 7, 8], [0, 5, 6, 9]]",8.859083375111782,-0.49787362031769294,1.1569605794422868,-2.272127199995229e-15,,17.0,0.13040182604512726,0.13040182604512726,9.198932939893162,0.03125,0.0,"{""1"": 17, ""2"": 13}",0.13040182604512726,0.13039892006265047,19.221960182311083,1e-05,True,40,development_isotonic_frozen
s0-i6,development,0,structural,random_balanced,86827659f8c13796,"[[1, 4, 10, 11], [2, 3, 7, 8], [0, 5, 6, 9]]",12.591262895350738,-0.49787362031769294,1.1569605794422868,-2.272127199995229e-15,,17.0,0.13040182604512726,0.13040182604512726,13.07957472949167,0.09375,1.0,"{""1"": 17, ""2"": 13}",0.13040182604512726,0.13039892006265047,19.221960182311083,1e-05,True,40,development_isotonic_frozen
s0-i6,development,0,structural,confidence,bbee6cba8056dd4f,"[[1, 2, 5, 7], [0, 8, 9, 10], [3, 4, 6, 11]]",12.591262895350738,-0.4223240931742179,1.2296343588212224,-5.128394246533317e-15,,16.0,0.12367485100852942,0.12367485100852942,12.084865437723105,0.03125,0.0,"{""1"": 16, ""2"": 11, ""3"": 3}",0.12367485100852942,0.12367339425032023,21.34090407357161,1e-05,True,40,development_isotonic_frozen
s0-i6,development,0,structural,entropy,4b72459d6f61c32f,"[[1, 2, 5, 9], [7, 8, 10, 11], [0, 3, 4, 6]]",12.591262895350738,-0.4314793363243268,1.2459358906316813,-4.926616471884569e-15,,13.0,0.15841257601798914,0.15841257601798914,12.084865437723105,0.0625,0.0,"{""1"": 13, ""2"": 14, ""3"": 3}",0.15841257601798914,0.15840582314618593,20.73819244772415,1e-05,True,40,development_isotonic_frozen
s0-i6,development,0,structural,dependency_cmi,f261493deb99a3cb,"[[0, 1, 3, 5], [2, 4, 6, 8], [7, 9, 10, 11]]",12.591262895350738,-0.4999351407183612,1.1371729232564327,-3.266086200708244e-15,,16.0,0.11712436436549183,0.11712436436549183,12.084865437723105,0.09375,1.0,"{""2"": 11, ""1"": 16, ""3"": 3}",0.11712436436549183,0.11712072869859283,18.240507619434652,1e-05,True,40,development_isotonic_frozen
s0-i6,development,0,structural,min_within_batch_tc,3dd13951bb2d5529,"[[0, 2, 4, 5], [3, 6, 7, 8], [1, 9, 10, 11]]",12.591262895350738,-0.5091934997886546,1.1184509755069019,-4.011020429368317e-15,,16.0,0.14445503465714327,0.14445503465714327,11.753295673800249,0.15625,1.0,"{""1"": 16, ""2"": 10, ""3"": 4}",0.14445503465714327,0.14445359920934792,20.709330130285064,1e-05,True,40,development_isotonic_frozen
s0-i6,development,0,structural,dprm_myopic,3e50667c96686e2b,"[[1, 3, 4, 11], [0, 2, 5, 6], [7, 8, 9, 10]]",12.591262895350738,-0.5287842872920568,1.1196772652882403,-5.077396063281097e-15,,12.0,0.17922043597268805,0.17922043597268805,11.421725909877393,0.09375,1.0,"{""1"": 12, ""2"": 13, ""3"": 4, ""4"": 1}",0.17922043597268805,0.17921918817166127,19.70606353954367,1e-05,True,40,development_isotonic_frozen
s0-i6,development,0,structural,dprm_rollout,3bf04102c34401b0,"[[0, 1, 4, 5], [6, 8, 9, 11], [2, 3, 7, 10]]",12.591262895350738,-0.497925830579927,1.1529451675298092,-4.563548900078595e-15,,20.0,0.1855765477830758,0.1855765477830758,13.07957472949167,0.0625,1.0,"{""2"": 10, ""1"": 20}",0.1855765477830758,0.18557093757301762,16.310731535379855,1e-05,True,40,development_isotonic_frozen
s0-i6,development,0,structural,subset_exact,6227b8be75baf5df,"[[0, 1, 2, 4], [5, 7, 8, 9], [3, 6, 10, 11]]",12.591262895350738,-0.46272707835277654,1.1797884497475897,-3.002251386659439e-15,,20.0,0.1589625206356529,0.1589625206356529,12.416435201645958,0.03125,1.0,"{""2"": 8, ""3"": 2, ""1"": 20}",0.1589625206356529,0.15893947239887843,19.21975769728742,1e-05,True,40,development_isotonic_frozen
s0-i6,development,0,structural,subset_beam_8,6227b8be75baf5df,"[[0, 1, 2, 4], [5, 7, 8, 9], [3, 6, 10, 11]]",12.591262895350738,-0.46272707835277654,1.1797884497475897,-3.002251386659439e-15,,20.0,0.1589625206356529,0.1589625206356529,12.416435201645958,0.03125,1.0,"{""2"": 8, ""3"": 2, ""1"": 20}",0.1589625206356529,0.15893947239887843,19.21975769728742,1e-05,True,40,development_isotonic_frozen
s0-i6,development,0,structural,subset_beam_32,6227b8be75baf5df,"[[0, 1, 2, 4], [5, 7, 8, 9], [3, 6, 10, 11]]",12.591262895350738,-0.46272707835277654,1.1797884497475897,-3.002251386659439e-15,,20.0,0.1589625206356529,0.1589625206356529,12.416435201645958,0.03125,1.0,"{""2"": 8, ""3"": 2, ""1"": 20}",0.1589625206356529,0.15893947239887843,19.21975769728742,1e-05,True,40,development_isotonic_frozen
s0-i6,development,0,structural,saps_diagonal,0022b66cefb6bf3e,"[[1, 4, 7, 9], [2, 5, 8, 11], [0, 3, 6, 10]]",12.591262895350738,-0.46929350240798545,1.2010376201009425,-3.0833508147512088e-15,,28.0,0.12194279798362992,0.12194279798362992,13.07957472949167,0.09375,1.0,"{""1"": 28, ""2"": 2}",0.12194279798362992,0.12194201444949508,17.34609805715604,1e-05,True,40,development_isotonic_frozen
s0-i6,development,0,structural,p_saps_residualized,00d43c661cdbd1a5,"[[0, 3, 7, 10], [2, 5, 6, 9], [1, 4, 8, 11]]",12.591262895350738,-0.5087068976972534,1.1270204582518257,-3.0385318231647393e-15,,26.0,0.09681196213825735,0.09681196213825735,13.07957472949167,0.0625,1.0,"{""1"": 26, ""2"": 4}",0.09681196213825735,0.096809661412148,16.16721252593913,1e-05,True,80,development_isotonic_frozen
s0-i6,development,0,structural,p_saps_projection,dcaf04e521afd1ed,"[[3, 5, 9, 10], [2, 4, 6, 7], [0, 1, 8, 11]]",12.591262895350738,-0.5138302790302737,1.1387231840250418,-3.3085458943040034e-15,,18.0,0.18708256302390788,0.18708256302390788,12.748004965568814,0.0625,0.0,"{""2"": 11, ""1"": 18, ""3"": 1}",0.18708256302390788,0.18707760443927143,17.445479895948115,1e-05,True,640,development_isotonic_frozen
s0-i6,development,0,structural,b_saps_budgeted,86827659f8c13796,"[[1, 4, 10, 11], [2, 3, 7, 8], [0, 5, 6, 9]]",12.591262895350738,-0.49787362031769294,1.1569605794422868,-2.272127199995229e-15,,17.0,0.13040182604512726,0.13040182604512726,13.07957472949167,0.09375,1.0,"{""1"": 17, ""2"": 13}",0.13040182604512726,0.13039892006265047,19.221960182311083,1e-05,True,40,development_isotonic_frozen
s0-i6,development,0,structural,random_balanced,313eb6b7ef4b6e44,"[[1, 4, 11], [3, 7, 10], [2, 8, 9], [0, 5, 6]]",4.491629585606365,-0.7588508662713718,1.7332271142410367,-2.4369737139605475e-15,,19.0,0.1132726672904916,0.1132726672904916,4.550937244428563,0.0,0.0,"{""1"": 19, ""2"": 11}",0.1132726672904916,0.11327118627696661,18.450862659079384,1e-05,True,40,development_isotonic_frozen
s0-i6,development,0,structural,confidence,ad0e6f16f9e699b4,"[[1, 2, 5], [7, 8, 10], [0, 9, 11], [3, 4, 6]]",4.491629585606365,-0.642293238466776,1.8446119261769416,-3.22989964321315e-15,,18.0,0.15047580215456166,0.15047580215456166,4.434440057456388,0.03125,-1.0,"{""1"": 18, ""2"": 11, ""3"": 1}",0.15047580215456166,0.15046513527743566,20.728220493042233,1e-05,True,40,development_isotonic_frozen
s0-i6,development,0,structural,entropy,a7f8190f79a551b5,"[[1, 2, 9], [5, 7, 8], [0, 10, 11], [3, 4, 6]]",4.491629585606365,-0.6527137884755144,1.85853018602066,-1.7222084570453735e-15,,16.0,0.13684119226122402,0.13684119226122402,4.434440057456388,0.0625,-1.0,"{""1"": 16, ""2"": 13, ""3"": 1}",0.13684119226122402,0.1368350221474015,21.67246579013465,1e-05,True,40,development_isotonic_frozen
s0-i6,development,0,structural,dependency_cmi,d469b3562d5cfa5c,"[[0, 1, 3], [2, 4, 8], [5, 6, 9], [7, 10, 11]]",4.491629585606365,-0.7604100935641224,1.7084910879756805,-1.0671259408852506e-15,,20.0,0.13240585675264005,0.13240585675264005,4.550937244428563,0.0,0.0,"{""2"": 10, ""1"": 20}",0.13240585675264005,0.13240223656026479,16.398750413394534,1e-05,True,40,development_isotonic_frozen
s0-i6,development,0,structural,min_within_batch_tc,1ad7e5e9d2eff751,"[[0, 2, 4], [3, 5, 6], [7, 10, 11], [1, 8, 9]]",4.491629585606365,-0.7911132111398983,1.64711864896314,-3.0986768550671375e-15,,18.0,0.15877156251032395,0.15877156251032395,4.434440057456388,0.0,0.0,"{""1"": 18, ""2"": 11, ""3"": 1}",0.15877156251032395,0.15876967191319358,18.25542317541988,1e-05,True,40,development_isotonic_frozen
s0-i6,development,0,structural,dprm_myopic,6f4c091d2cee2876,"[[1, 3, 4], [0, 6, 11], [2, 5, 7], [8, 9, 10]]",4.491629585606365,-0.7981986808167246,1.6615548213144138,-4.52112934714369e-15,,18.0,0.10655381006203041,0.10655381006203041,4.201445683512035,0.0,0.0,"{""1"": 18, ""2"": 9, ""3"": 3}",0.10655381006203041,0.10655240777326509,18.823278595289764,1e-05,True,40,development_isotonic_frozen
s0-i6,development,0,structural,dprm_rollout,62e81739a2609140,"[[1, 4, 7], [9, 10, 11], [0, 3, 5], [2, 6, 8]]",4.491629585606365,-0.7372885127522443,1.743527886590229,-3.4477958110635053e-15,,23.0,0.1400872628120626,0.1400872628120626,4.434440057456388,0.0,0.0,"{""1"": 23, ""2"": 6, ""3"": 1}",0.1400872628120626,0.14008005612643365,15.713457626945383,1e-05,True,40,development_isotonic_frozen
s0-i6,development,0,structural,subset_exact,dd6897f295e628ad,"[[0, 1, 2], [5, 7, 8], [9, 10, 11], [3, 4, 6]]",4.491629585606365,-0.6563739186476422,1.8238653578598256,-2.816174754294259e-15,,12.0,0.18015933872067802,0.18015933872067802,4.08494849653986,0.0,0.0,"{""2"": 14, ""3"": 4, ""1"": 12}",0.18015933872067802,0.18014221022530813,21.872602137877816,1e-05,True,40,development_isotonic_frozen
s0-i6,development,0,structural,subset_beam_8,dd6897f295e628ad,"[[0, 1, 2], [5, 7, 8], [9, 10, 11], [3, 4, 6]]",4.491629585606365,-0.6563739186476422,1.8238653578598256,-2.816174754294259e-15,,12.0,0.18015933872067802,0.18015933872067802,4.08494849653986,0.0,0.0,"{""2"": 14, ""3"": 4, ""1"": 12}",0.18015933872067802,0.18014221022530813,21.872602137877816,1e-05,True,40,development_isotonic_frozen
s0-i6,development,0,structural,subset_beam_32,dd6897f295e628ad,"[[0, 1, 2], [5, 7, 8], [9, 10, 11], [3, 4, 6]]",4.491629585606365,-0.6563739186476422,1.8238653578598256,-2.816174754294259e-15,,12.0,0.18015933872067802,0.18015933872067802,4.08494849653986,0.0,0.0,"{""2"": 14, ""3"": 4, ""1"": 12}",0.18015933872067802,0.18014221022530813,21.872602137877816,1e-05,True,40,development_isotonic_frozen
s0-i6,development,0,structural,saps_diagonal,139807f7ae9223f8,"[[1, 4, 6], [3, 7, 10], [2, 8, 11], [0, 5, 9]]",4.491629585606365,-0.784284928032608,1.674310208671202,-2.4045137353010627e-15,,30.0,0.12124778711452824,0.12124778711452824,4.550937244428563,0.03125,0.0,"{""1"": 30}",0.12124778711452824,0.12124531910465439,16.29663839105096,1e-05,True,40,development_isotonic_frozen
s0-i6,development,0,structural,p_saps_residualized,01d529b08181da91,"[[0, 7, 10], [5, 9, 11], [2, 3, 6], [1, 4, 8]]",4.491629585606365,-0.7401813870651036,1.735455514035622,-1.9838411992355434e-15,,27.0,0.1465057663984245,0.1465057663984245,4.550937244428563,0.0,0.0,"{""1"": 27, ""2"": 3}",0.1465057663984245,0.1465019518444804,15.07454279440188,1e-05,True,80,development_isotonic_frozen
s0-i6,development,0,structural,p_saps_projection,6c67d478ed3e5248,"[[5, 9, 10], [2, 3, 6], [1, 4, 7], [0, 8, 11]]",4.491629585606365,-0.7404912312759883,1.7407801900760187,-3.309102021975346e-15,,25.0,0.18808031159137878,0.18808031159137878,4.550937244428563,0.03125,0.0,"{""1"": 25, ""2"": 5}",0.18808031159137878,0.18795039612323783,15.254683713454378,1e-05,True,640,development_isotonic_frozen
s0-i6,development,0,structural,b_saps_budgeted,313eb6b7ef4b6e44,"[[1, 4, 11], [3, 7, 10], [2, 8, 9], [0, 5, 6]]",4.491629585606365,-0.7588508662713718,1.7332271142410367,-2.4369737139605475e-15,,19.0,0.1132726672904916,0.1132726672904916,4.550937244428563,0.0,0.0,"{""1"": 19, ""2"": 11}",0.1132726672904916,0.11327118627696661,18.450862659079384,1e-05,True,40,development_isotonic_frozen
s0-i6,development,0,structural,random_balanced,313eb6b7ef4b6e44,"[[1, 4, 11], [3, 7, 10], [2, 8, 9], [0, 5, 6]]",9.081454077993426,-0.7588508662713718,1.7332271142410367,-2.4369737139605475e-15,,19.0,0.1132726672904916,0.1132726672904916,9.198932939893162,0.0,0.0,"{""1"": 19, ""2"": 11}",0.1132726672904916,0.11327118627696661,18.450862659079384,1e-05,True,40,development_isotonic_frozen
s0-i6,development,0,structural,confidence,ad0e6f16f9e699b4,"[[1, 2, 5], [7, 8, 10], [0, 9, 11], [3, 4, 6]]",9.081454077993426,-0.642293238466776,1.8446119261769416,-3.22989964321315e-15,,18.0,0.15047580215456166,0.15047580215456166,8.968170889732965,0.09375,0.0,"{""1"": 18, ""2"": 11, ""3"": 1}",0.15047580215456166,0.15046513527743566,20.728220493042233,1e-05,True,40,development_isotonic_frozen
s0-i6,development,0,structural,entropy,a7f8190f79a551b5,"[[1, 2, 9], [5, 7, 8], [0, 10, 11], [3, 4, 6]]",9.081454077993426,-0.6527137884755144,1.85853018602066,-1.7222084570453735e-15,,16.0,0.13684119226122402,0.13684119226122402,8.968170889732965,0.0,0.0,"{""1"": 16, ""2"": 13, ""3"": 1}",0.13684119226122402,0.1368350221474015,21.67246579013465,1e-05,True,40,development_isotonic_frozen
s0-i6,development,0,structural,dependency_cmi,d469b3562d5cfa5c,"[[0, 1, 3], [2, 4, 8], [5, 6, 9], [7, 10, 11]]",9.081454077993426,-0.7604100935641224,1.7084910879756805,-1.0671259408852506e-15,,20.0,0.13240585675264005,0.13240585675264005,9.198932939893162,0.0,0.0,"{""2"": 10, ""1"": 20}",0.13240585675264005,0.13240223656026479,16.398750413394534,1e-05,True,40,development_isotonic_frozen
s0-i6,development,0,structural,min_within_batch_tc,1ad7e5e9d2eff751,"[[0, 2, 4], [3, 5, 6], [7, 10, 11], [1, 8, 9]]",9.081454077993426,-0.7911132111398983,1.64711864896314,-3.0986768550671375e-15,,18.0,0.15877156251032395,0.15877156251032395,8.968170889732965,0.03125,0.0,"{""1"": 18, ""2"": 11, ""3"": 1}",0.15877156251032395,0.15876967191319358,18.25542317541988,1e-05,True,40,development_isotonic_frozen
s0-i6,development,0,structural,dprm_myopic,6f4c091d2cee2876,"[[1, 3, 4], [0, 6, 11], [2, 5, 7], [8, 9, 10]]",9.081454077993426,-0.7981986808167246,1.6615548213144138,-4.52112934714369e-15,,18.0,0.10655381006203041,0.10655381006203041,8.506646789412573,0.0625,0.0,"{""1"": 18, ""2"": 9, ""3"": 3}",0.10655381006203041,0.10655240777326509,18.823278595289764,1e-05,True,40,development_isotonic_frozen
s0-i6,development,0,structural,dprm_rollout,6ffc22e6f786ccc1,"[[1, 2, 3], [5, 7, 9], [0, 4, 10], [6, 8, 11]]",9.081454077993426,-0.7021578057412965,1.7744069399272446,-2.2979271695196598e-15,,23.0,0.09775307094836486,0.09775307094836486,8.968170889732965,0.21875,0.0,"{""1"": 23, ""2"": 6, ""3"": 1}",0.09775307094836486,0.09774904124349088,14.381548895811358,1e-05,True,40,development_isotonic_frozen
s0-i6,development,0,structural,subset_exact,dd6897f295e628ad,"[[0, 1, 2], [5, 7, 8], [9, 10, 11], [3, 4, 6]]",9.081454077993426,-0.6563739186476422,1.8238653578598256,-2.816174754294259e-15,,12.0,0.18015933872067802,0.18015933872067802,8.275884739252376,0.0,0.0,"{""2"": 14, ""3"": 4, ""1"": 12}",0.18015933872067802,0.18014221022530813,21.872602137877816,1e-05,True,40,development_isotonic_frozen
s0-i6,development,0,structural,subset_beam_8,dd6897f295e628ad,"[[0, 1, 2], [5, 7, 8], [9, 10, 11], [3, 4, 6]]",9.081454077993426,-0.6563739186476422,1.8238653578598256,-2.816174754294259e-15,,12.0,0.18015933872067802,0.18015933872067802,8.275884739252376,0.0,0.0,"{""2"": 14, ""3"": 4, ""1"": 12}",0.18015933872067802,0.18014221022530813,21.872602137877816,1e-05,True,40,development_isotonic_frozen
s0-i6,development,0,structural,subset_beam_32,dd6897f295e628ad,"[[0, 1, 2], [5, 7, 8], [9, 10, 11], [3, 4, 6]]",9.081454077993426,-0.6563739186476422,1.8238653578598256,-2.816174754294259e-15,,12.0,0.18015933872067802,0.18015933872067802,8.275884739252376,0.0,0.0,"{""2"": 14, ""3"": 4, ""1"": 12}",0.18015933872067802,0.18014221022530813,21.872602137877816,1e-05,True,40,development_isotonic_frozen
s0-i6,development,0,structural,saps_diagonal,139807f7ae9223f8,"[[1, 4, 6], [3, 7, 10], [2, 8, 11], [0, 5, 9]]",9.081454077993426,-0.784284928032608,1.674310208671202,-2.4045137353010627e-15,,30.0,0.12124778711452824,0.12124778711452824,9.198932939893162,0.03125,0.0,"{""1"": 30}",0.12124778711452824,0.12124531910465439,16.29663839105096,1e-05,True,40,development_isotonic_frozen
s0-i6,development,0,structural,p_saps_residualized,01d529b08181da91,"[[0, 7, 10], [5, 9, 11], [2, 3, 6], [1, 4, 8]]",9.081454077993426,-0.7401813870651036,1.735455514035622,-1.9838411992355434e-15,,27.0,0.1465057663984245,0.1465057663984245,9.198932939893162,0.03125,0.0,"{""1"": 27, ""2"": 3}",0.1465057663984245,0.1465019518444804,15.07454279440188,1e-05,True,80,development_isotonic_frozen
s0-i6,development,0,structural,p_saps_projection,6c67d478ed3e5248,"[[5, 9, 10], [2, 3, 6], [1, 4, 7], [0, 8, 11]]",9.081454077993426,-0.7404912312759883,1.7407801900760187,-3.309102021975346e-15,,25.0,0.18808031159137878,0.18808031159137878,9.198932939893162,0.125,0.0,"{""1"": 25, ""2"": 5}",0.18808031159137878,0.18795039612323783,15.254683713454378,1e-05,True,640,development_isotonic_frozen
s0-i6,development,0,structural,b_saps_budgeted,313eb6b7ef4b6e44,"[[1, 4, 11], [3, 7, 10], [2, 8, 9], [0, 5, 6]]",9.081454077993426,-0.7588508662713718,1.7332271142410367,-2.4369737139605475e-15,,19.0,0.1132726672904916,0.1132726672904916,9.198932939893162,0.0,0.0,"{""1"": 19, ""2"": 11}",0.1132726672904916,0.11327118627696661,18.450862659079384,1e-05,True,40,development_isotonic_frozen
s0-i6,development,0,structural,random_balanced,313eb6b7ef4b6e44,"[[1, 4, 11], [3, 7, 10], [2, 8, 9], [0, 5, 6]]",12.910775576949124,-0.7588508662713718,1.7332271142410367,-2.4369737139605475e-15,,19.0,0.1132726672904916,0.1132726672904916,13.07957472949167,0.03125,1.0,"{""1"": 19, ""2"": 11}",0.1132726672904916,0.11327118627696661,18.450862659079384,1e-05,True,40,development_isotonic_frozen
s0-i6,development,0,structural,confidence,ad0e6f16f9e699b4,"[[1, 2, 5], [7, 8, 10], [0, 9, 11], [3, 4, 6]]",12.910775576949124,-0.642293238466776,1.8446119261769416,-3.22989964321315e-15,,18.0,0.15047580215456166,0.15047580215456166,12.748004965568814,0.03125,0.0,"{""1"": 18, ""2"": 11, ""3"": 1}",0.15047580215456166,0.15046513527743566,20.728220493042233,1e-05,True,40,development_isotonic_frozen
s0-i6,development,0,structural,entropy,a7f8190f79a551b5,"[[1, 2, 9], [5, 7, 8], [0, 10, 11], [3, 4, 6]]",12.910775576949124,-0.6527137884755144,1.85853018602066,-1.7222084570453735e-15,,16.0,0.13684119226122402,0.13684119226122402,12.748004965568814,0.125,0.0,"{""1"": 16, ""2"": 13, ""3"": 1}",0.13684119226122402,0.1368350221474015,21.67246579013465,1e-05,True,40,development_isotonic_frozen
s0-i6,development,0,structural,dependency_cmi,d469b3562d5cfa5c,"[[0, 1, 3], [2, 4, 8], [5, 6, 9], [7, 10, 11]]",12.910775576949124,-0.7604100935641224,1.7084910879756805,-1.0671259408852506e-15,,20.0,0.13240585675264005,0.13240585675264005,13.07957472949167,0.0625,1.0,"{""2"": 10, ""1"": 20}",0.13240585675264005,0.13240223656026479,16.398750413394534,1e-05,True,40,development_isotonic_frozen
s0-i6,development,0,structural,min_within_batch_tc,1ad7e5e9d2eff751,"[[0, 2, 4], [3, 5, 6], [7, 10, 11], [1, 8, 9]]",12.910775576949124,-0.7911132111398983,1.64711864896314,-3.0986768550671375e-15,,18.0,0.15877156251032395,0.15877156251032395,12.748004965568814,0.0625,1.0,"{""1"": 18, ""2"": 11, ""3"": 1}",0.15877156251032395,0.15876967191319358,18.25542317541988,1e-05,True,40,development_isotonic_frozen
s0-i6,development,0,structural,dprm_myopic,6f4c091d2cee2876,"[[1, 3, 4], [0, 6, 11], [2, 5, 7], [8, 9, 10]]",12.910775576949124,-0.7981986808167246,1.6615548213144138,-4.52112934714369e-15,,18.0,0.10655381006203041,0.10655381006203041,12.084865437723105,0.03125,1.0,"{""1"": 18, ""2"": 9, ""3"": 3}",0.10655381006203041,0.10655240777326509,18.823278595289764,1e-05,True,40,development_isotonic_frozen
s0-i6,development,0,structural,dprm_rollout,8c078631b56c2360,"[[2, 6, 9], [0, 1, 7], [3, 10, 11], [4, 5, 8]]",12.910775576949124,-0.7356931305415353,1.7522911713611633,-1.1741286328436715e-15,,19.0,0.08798418638453803,0.08798418638453803,13.07957472949167,0.09375,0.0,"{""2"": 11, ""1"": 19}",0.08798418638453803,0.087983663439307,20.032794532734595,1e-05,True,40,development_isotonic_frozen
s0-i6,development,0,structural,subset_exact,b95b19fb5a4de072,"[[0, 1, 9], [2, 5, 7], [8, 10, 11], [3, 4, 6]]",12.910775576949124,-0.6664448769664626,1.829049244156514,-3.875735432885867e-15,,16.0,0.15030319334756542,0.15030319334756542,12.416435201645958,0.0625,1.0,"{""2"": 12, ""1"": 16, ""3"": 2}",0.15030319334756542,0.15030146179771425,22.025073705382674,1e-05,True,40,development_isotonic_frozen
s0-i6,development,0,structural,subset_beam_8,b95b19fb5a4de072,"[[0, 1, 9], [2, 5, 7], [8, 10, 11], [3, 4, 6]]",12.910775576949124,-0.6664448769664626,1.829049244156514,-3.875735432885867e-15,,16.0,0.15030319334756542,0.15030319334756542,12.416435201645958,0.0625,1.0,"{""2"": 12, ""1"": 16, ""3"": 2}",0.15030319334756542,0.15030146179771425,22.025073705382674,1e-05,True,40,development_isotonic_frozen
s0-i6,development,0,structural,subset_beam_32,b95b19fb5a4de072,"[[0, 1, 9], [2, 5, 7], [8, 10, 11], [3, 4, 6]]",12.910775576949124,-0.6664448769664626,1.829049244156514,-3.875735432885867e-15,,16.0,0.15030319334756542,0.15030319334756542,12.416435201645958,0.0625,1.0,"{""2"": 12, ""1"": 16, ""3"": 2}",0.15030319334756542,0.15030146179771425,22.025073705382674,1e-05,True,40,development_isotonic_frozen
s0-i6,development,0,structural,saps_diagonal,139807f7ae9223f8,"[[1, 4, 6], [3, 7, 10], [2, 8, 11], [0, 5, 9]]",12.910775576949124,-0.784284928032608,1.674310208671202,-2.4045137353010627e-15,,30.0,0.12124778711452824,0.12124778711452824,13.07957472949167,0.03125,1.0,"{""1"": 30}",0.12124778711452824,0.12124531910465439,16.29663839105096,1e-05,True,40,development_isotonic_frozen
s0-i6,development,0,structural,p_saps_residualized,01d529b08181da91,"[[0, 7, 10], [5, 9, 11], [2, 3, 6], [1, 4, 8]]",12.910775576949124,-0.7401813870651036,1.735455514035622,-1.9838411992355434e-15,,27.0,0.1465057663984245,0.1465057663984245,13.07957472949167,0.09375,0.0,"{""1"": 27, ""2"": 3}",0.1465057663984245,0.1465019518444804,15.07454279440188,1e-05,True,80,development_isotonic_frozen
s0-i6,development,0,structural,p_saps_projection,6c67d478ed3e5248,"[[5, 9, 10], [2, 3, 6], [1, 4, 7], [0, 8, 11]]",12.910775576949124,-0.7404912312759883,1.7407801900760187,-3.309102021975346e-15,,25.0,0.18808031159137878,0.18808031159137878,13.07957472949167,0.15625,0.0,"{""1"": 25, ""2"": 5}",0.18808031159137878,0.18795039612323783,15.254683713454378,1e-05,True,640,development_isotonic_frozen
s0-i6,development,0,structural,b_saps_budgeted,313eb6b7ef4b6e44,"[[1, 4, 11], [3, 7, 10], [2, 8, 9], [0, 5, 6]]",12.910775576949124,-0.7588508662713718,1.7332271142410367,-2.4369737139605475e-15,,19.0,0.1132726672904916,0.1132726672904916,13.07957472949167,0.03125,1.0,"{""1"": 19, ""2"": 11}",0.1132726672904916,0.11327118627696661,18.450862659079384,1e-05,True,40,development_isotonic_frozen
s1-i6,development,1,oracle,random_balanced,54a0dc573c0908b1,"[[0, 1, 2, 3, 4, 5, 6, 7, 8, 9, 10, 11]]",0.03520072117544284,-0.0,0.0,-1.618980043506113e-14,,0.0,0.08769131873876618,0.08769131873876618,0.03520072117544284,0.0,-1.0,"{""3"": 1}",0.08769131873876618,0.08768588481346705,1.6355701625290664,1e-05,True,40,development_isotonic_frozen
s1-i6,development,1,oracle,confidence,54a0dc573c0908b1,"[[0, 1, 2, 3, 4, 5, 6, 7, 8, 9, 10, 11]]",0.03520072117544284,-0.0,0.0,-1.618980043506113e-14,,0.0,0.08769131873876618,0.08769131873876618,0.03520072117544284,0.0,-1.0,"{""3"": 1}",0.08769131873876618,0.08768588481346705,1.6355701625290664,1e-05,True,40,development_isotonic_frozen
s1-i6,development,1,oracle,entropy,54a0dc573c0908b1,"[[0, 1, 2, 3, 4, 5, 6, 7, 8, 9, 10, 11]]",0.03520072117544284,-0.0,0.0,-1.618980043506113e-14,,0.0,0.08769131873876618,0.08769131873876618,0.03520072117544284,0.0,-1.0,"{""3"": 1}",0.08769131873876618,0.08768588481346705,1.6355701625290664,1e-05,True,40,development_isotonic_frozen
s1-i6,development,1,oracle,dependency_cmi,54a0dc573c0908b1,"[[0, 1, 2, 3, 4, 5, 6, 7, 8, 9, 10, 11]]",0.03520072117544284,-0.0,0.0,-1.618980043506113e-14,,0.0,0.08769131873876618,0.08769131873876618,0.03520072117544284,0.0,-1.0,"{""3"": 1}",0.08769131873876618,0.08768588481346705,1.6355701625290664,1e-05,True,40,development_isotonic_frozen
s1-i6,development,1,oracle,min_within_batch_tc,54a0dc573c0908b1,"[[0, 1, 2, 3, 4, 5, 6, 7, 8, 9, 10, 11]]",0.03520072117544284,-0.0,0.0,-1.618980043506113e-14,,0.0,0.08769131873876618,0.08769131873876618,0.03520072117544284,0.0,-1.0,"{""3"": 1}",0.08769131873876618,0.08768588481346705,1.6355701625290664,1e-05,True,40,development_isotonic_frozen
s1-i6,development,1,oracle,dprm_myopic,54a0dc573c0908b1,"[[0, 1, 2, 3, 4, 5, 6, 7, 8, 9, 10, 11]]",0.03520072117544284,-0.0,0.0,-1.618980043506113e-14,,0.0,0.08769131873876618,0.08769131873876618,0.03520072117544284,0.0,-1.0,"{""3"": 1}",0.08769131873876618,0.08768588481346705,1.6355701625290664,1e-05,True,40,development_isotonic_frozen
s1-i6,development,1,oracle,dprm_rollout,54a0dc573c0908b1,"[[0, 1, 2, 3, 4, 5, 6, 7, 8, 9, 10, 11]]",0.03520072117544284,-0.0,0.0,-1.618980043506113e-14,,0.0,0.08769131873876618,0.08769131873876618,0.03520072117544284,0.0,-1.0,"{""3"": 1}",0.08769131873876618,0.08768588481346705,1.6355701625290664,1e-05,True,40,development_isotonic_frozen
s1-i6,development,1,oracle,subset_exact,54a0dc573c0908b1,"[[0, 1, 2, 3, 4, 5, 6, 7, 8, 9, 10, 11]]",0.03520072117544284,-0.0,0.0,-1.618980043506113e-14,,0.0,0.08769131873876618,0.08769131873876618,0.03520072117544284,0.0,-1.0,"{""3"": 1}",0.08769131873876618,0.08768588481346705,1.6355701625290664,1e-05,True,40,development_isotonic_frozen
s1-i6,development,1,oracle,subset_beam_8,54a0dc573c0908b1,"[[0, 1, 2, 3, 4, 5, 6, 7, 8, 9, 10, 11]]",0.03520072117544284,-0.0,0.0,-1.618980043506113e-14,,0.0,0.08769131873876618,0.08769131873876618,0.03520072117544284,0.0,-1.0,"{""3"": 1}",0.08769131873876618,0.08768588481346705,1.6355701625290664,1e-05,True,40,development_isotonic_frozen
s1-i6,development,1,oracle,subset_beam_32,54a0dc573c0908b1,"[[0, 1, 2, 3, 4, 5, 6, 7, 8, 9, 10, 11]]",0.03520072117544284,-0.0,0.0,-1.618980043506113e-14,,0.0,0.08769131873876618,0.08769131873876618,0.03520072117544284,0.0,-1.0,"{""3"": 1}",0.08769131873876618,0.08768588481346705,1.6355701625290664,1e-05,True,40,development_isotonic_frozen
s1-i6,development,1,oracle,saps_diagonal,54a0dc573c0908b1,"[[0, 1, 2, 3, 4, 5, 6, 7, 8, 9, 10, 11]]",0.03520072117544284,-0.0,0.0,-1.618980043506113e-14,,0.0,0.08769131873876618,0.08769131873876618,0.03520072117544284,0.0,-1.0,"{""3"": 1}",0.08769131873876618,0.08768588481346705,1.6355701625290664,1e-05,True,40,development_isotonic_frozen
s1-i6,development,1,oracle,p_saps_residualized,54a0dc573c0908b1,"[[0, 1, 2, 3, 4, 5, 6, 7, 8, 9, 10, 11]]",0.03520072117544284,-0.0,0.0,-1.618980043506113e-14,,0.0,0.08769131873876618,0.08769131873876618,0.03520072117544284,0.0,-1.0,"{""3"": 1}",0.08769131873876618,0.08768588481346705,1.6355701625290664,1e-05,True,40,development_isotonic_frozen
s1-i6,development,1,oracle,p_saps_projection,54a0dc573c0908b1,"[[0, 1, 2, 3, 4, 5, 6, 7, 8, 9, 10, 11]]",0.03520072117544284,-0.0,0.0,-1.618980043506113e-14,,0.0,0.08769131873876618,0.08769131873876618,0.03520072117544284,0.0,-1.0,"{""3"": 1}",0.08769131873876618,0.08768588481346705,1.6355701625290664,1e-05,True,40,development_isotonic_frozen
s1-i6,development,1,oracle,b_saps_budgeted,54a0dc573c0908b1,"[[0, 1, 2, 3, 4, 5, 6, 7, 8, 9, 10, 11]]",0.03520072117544284,-0.0,0.0,-1.618980043506113e-14,,0.0,0.08769131873876618,0.08769131873876618,0.03520072117544284,0.0,-1.0,"{""3"": 1}",0.08769131873876618,0.08768588481346705,1.6355701625290664,1e-05,True,40,development_isotonic_frozen
s1-i6,development,1,oracle,random_balanced,54a0dc573c0908b1,"[[0, 1, 2, 3, 4, 5, 6, 7, 8, 9, 10, 11]]",0.07586904783624221,-0.0,0.0,-1.618980043506113e-14,,0.0,0.08769131873876618,0.08769131873876618,0.07586904783624221,0.0,0.0,"{""3"": 1}",0.08769131873876618,0.08768588481346705,1.6355701625290664,1e-05,True,40,development_isotonic_frozen
s1-i6,development,1,oracle,confidence,54a0dc573c0908b1,"[[0, 1, 2, 3, 4, 5, 6, 7, 8, 9, 10, 11]]",0.07586904783624221,-0.0,0.0,-1.618980043506113e-14,,0.0,0.08769131873876618,0.08769131873876618,0.07586904783624221,0.0,0.0,"{""3"": 1}",0.08769131873876618,0.08768588481346705,1.6355701625290664,1e-05,True,40,development_isotonic_frozen
s1-i6,development,1,oracle,entropy,54a0dc573c0908b1,"[[0, 1, 2, 3, 4, 5, 6, 7, 8, 9, 10, 11]]",0.07586904783624221,-0.0,0.0,-1.618980043506113e-14,,0.0,0.08769131873876618,0.08769131873876618,0.07586904783624221,0.0,0.0,"{""3"": 1}",0.08769131873876618,0.08768588481346705,1.6355701625290664,1e-05,True,40,development_isotonic_frozen
s1-i6,development,1,oracle,dependency_cmi,54a0dc573c0908b1,"[[0, 1, 2, 3, 4, 5, 6, 7, 8, 9, 10, 11]]",0.07586904783624221,-0.0,0.0,-1.618980043506113e-14,,0.0,0.08769131873876618,0.08769131873876618,0.07586904783624221,0.0,0.0,"{""3"": 1}",0.08769131873876618,0.08768588481346705,1.6355701625290664,1e-05,True,40,development_isotonic_frozen
s1-i6,development,1,oracle,min_within_batch_tc,54a0dc573c0908b1,"[[0, 1, 2, 3, 4, 5, 6, 7, 8, 9, 10, 11]]",0.07586904783624221,-0.0,0.0,-1.618980043506113e-14,,0.0,0.08769131873876618,0.08769131873876618,0.07586904783624221,0.0,0.0,"{""3"": 1}",0.08769131873876618,0.08768588481346705,1.6355701625290664,1e-05,True,40,development_isotonic_frozen
s1-i6,development,1,oracle,dprm_myopic,54a0dc573c0908b1,"[[0, 1, 2, 3, 4, 5, 6, 7, 8, 9, 10, 11]]",0.07586904783624221,-0.0,0.0,-1.618980043506113e-14,,0.0,0.08769131873876618,0.08769131873876618,0.07586904783624221,0.0,0.0,"{""3"": 1}",0.08769131873876618,0.08768588481346705,1.6355701625290664,1e-05,True,40,development_isotonic_frozen
s1-i6,development,1,oracle,dprm_rollout,54a0dc573c0908b1,"[[0, 1, 2, 3, 4, 5, 6, 7, 8, 9, 10, 11]]",0.07586904783624221,-0.0,0.0,-1.618980043506113e-14,,0.0,0.08769131873876618,0.08769131873876618,0.07586904783624221,0.0,0.0,"{""3"": 1}",0.08769131873876618,0.08768588481346705,1.6355701625290664,1e-05,True,40,development_isotonic_frozen
s1-i6,development,1,oracle,subset_exact,54a0dc573c0908b1,"[[0, 1, 2, 3, 4, 5, 6, 7, 8, 9, 10, 11]]",0.07586904783624221,-0.0,0.0,-1.618980043506113e-14,,0.0,0.08769131873876618,0.08769131873876618,0.07586904783624221,0.0,0.0,"{""3"": 1}",0.08769131873876618,0.08768588481346705,1.6355701625290664,1e-05,True,40,development_isotonic_frozen
s1-i6,development,1,oracle,subset_beam_8,54a0dc573c0908b1,"[[0, 1, 2, 3, 4, 5, 6, 7, 8, 9, 10, 11]]",0.07586904783624221,-0.0,0.0,-1.618980043506113e-14,,0.0,0.08769131873876618,0.08769131873876618,0.07586904783624221,0.0,0.0,"{""3"": 1}",0.08769131873876618,0.08768588481346705,1.6355701625290664,1e-05,True,40,development_isotonic_frozen
s1-i6,development,1,oracle,subset_beam_32,54a0dc573c0908b1,"[[0, 1, 2, 3, 4, 5, 6, 7, 8, 9, 10, 11]]",0.07586904783624221,-0.0,0.0,-1.618980043506113e-14,,0.0,0.08769131873876618,0.08769131873876618,0.07586904783624221,0.0,0.0,"{""3"": 1}",0.08769131873876618,0.08768588481346705,1.6355701625290664,1e-05,True,40,development_isotonic_frozen
s1-i6,development,1,oracle,saps_diagonal,54a0dc573c0908b1,"[[0, 1, 2, 3, 4, 5, 6, 7, 8, 9, 10, 11]]",0.07586904783624221,-0.0,0.0,-1.618980043506113e-14,,0.0,0.08769131873876618,0.08769131873876618,0.07586904783624221,0.0,0.0,"{""3"": 1}",0.08769131873876618,0.08768588481346705,1.6355701625290664,1e-05,True,40,development_isotonic_frozen
s1-i6,development,1,oracle,p_saps_residualized,54a0dc573c0908b1,"[[0, 1, 2, 3, 4, 5, 6, 7, 8, 9, 10, 11]]",0.07586904783624221,-0.0,0.0,-1.618980043506113e-14,,0.0,0.08769131873876618,0.08769131873876618,0.07586904783624221,0.0,0.0,"{""3"": 1}",0.08769131873876618,0.08768588481346705,1.6355701625290664,1e-05,True,40,development_isotonic_frozen
s1-i6,development,1,oracle,p_saps_projection,54a0dc573c0908b1,"[[0, 1, 2, 3, 4, 5, 6, 7, 8, 9, 10, 11]]",0.07586904783624221,-0.0,0.0,-1.618980043506113e-14,,0.0,0.08769131873876618,0.08769131873876618,0.07586904783624221,0.0,0.0,"{""3"": 1}",0.08769131873876618,0.08768588481346705,1.6355701625290664,1e-05,True,40,development_isotonic_frozen
s1-i6,development,1,oracle,b_saps_budgeted,54a0dc573c0908b1,"[[0, 1, 2, 3, 4, 5, 6, 7, 8, 9, 10, 11]]",0.07586904783624221,-0.0,0.0,-1.618980043506113e-14,,0.0,0.08769131873876618,0.08769131873876618,0.07586904783624221,0.0,0.0,"{""3"": 1}",0.08769131873876618,0.08768588481346705,1.6355701625290664,1e-05,True,40,development_isotonic_frozen
s1-i6,development,1,oracle,random_balanced,54a0dc573c0908b1,"[[0, 1, 2, 3, 4, 5, 6, 7, 8, 9, 10, 11]]",0.10441606039353375,-0.0,0.0,-1.618980043506113e-14,,0.0,0.08769131873876618,0.08769131873876618,0.10441606039353375,0.0625,-1.0,"{""3"": 1}",0.08769131873876618,0.08768588481346705,1.6355701625290664,1e-05,True,40,development_isotonic_frozen
s1-i6,development,1,oracle,confidence,54a0dc573c0908b1,"[[0, 1, 2, 3, 4, 5, 6, 7, 8, 9, 10, 11]]",0.10441606039353375,-0.0,0.0,-1.618980043506113e-14,,0.0,0.08769131873876618,0.08769131873876618,0.10441606039353375,0.0625,-1.0,"{""3"": 1}",0.08769131873876618,0.08768588481346705,1.6355701625290664,1e-05,True,40,development_isotonic_frozen
s1-i6,development,1,oracle,entropy,54a0dc573c0908b1,"[[0, 1, 2, 3, 4, 5, 6, 7, 8, 9, 10, 11]]",0.10441606039353375,-0.0,0.0,-1.618980043506113e-14,,0.0,0.08769131873876618,0.08769131873876618,0.10441606039353375,0.0625,-1.0,"{""3"": 1}",0.08769131873876618,0.08768588481346705,1.6355701625290664,1e-05,True,40,development_isotonic_frozen
s1-i6,development,1,oracle,dependency_cmi,54a0dc573c0908b1,"[[0, 1, 2, 3, 4, 5, 6, 7, 8, 9, 10, 11]]",0.10441606039353375,-0.0,0.0,-1.618980043506113e-14,,0.0,0.08769131873876618,0.08769131873876618,0.10441606039353375,0.0625,-1.0,"{""3"": 1}",0.08769131873876618,0.08768588481346705,1.6355701625290664,1e-05,True,40,development_isotonic_frozen
s1-i6,development,1,oracle,min_within_batch_tc,54a0dc573c0908b1,"[[0, 1, 2, 3, 4, 5, 6, 7, 8, 9, 10, 11]]",0.10441606039353375,-0.0,0.0,-1.618980043506113e-14,,0.0,0.08769131873876618,0.08769131873876618,0.10441606039353375,0.0625,-1.0,"{""3"": 1}",0.08769131873876618,0.08768588481346705,1.6355701625290664,1e-05,True,40,development_isotonic_frozen
s1-i6,development,1,oracle,dprm_myopic,54a0dc573c0908b1,"[[0, 1, 2, 3, 4, 5, 6, 7, 8, 9, 10, 11]]",0.10441606039353375,-0.0,0.0,-1.618980043506113e-14,,0.0,0.08769131873876618,0.08769131873876618,0.10441606039353375,0.0625,-1.0,"{""3"": 1}",0.08769131873876618,0.08768588481346705,1.6355701625290664,1e-05,True,40,development_isotonic_frozen
s1-i6,development,1,oracle,dprm_rollout,54a0dc573c0908b1,"[[0, 1, 2, 3, 4, 5, 6, 7, 8, 9, 10, 11]]",0.10441606039353375,-0.0,0.0,-1.618980043506113e-14,,0.0,0.08769131873876618,0.08769131873876618,0.10441606039353375,0.0625,-1.0,"{""3"": 1}",0.08769131873876618,0.08768588481346705,1.6355701625290664,1e-05,True,40,development_isotonic_frozen
s1-i6,development,1,oracle,subset_exact,54a0dc573c0908b1,"[[0, 1, 2, 3, 4, 5, 6, 7, 8, 9, 10, 11]]",0.10441606039353375,-0.0,0.0,-1.618980043506113e-14,,0.0,0.08769131873876618,0.08769131873876618,0.10441606039353375,0.0625,-1.0,"{""3"": 1}",0.08769131873876618,0.08768588481346705,1.6355701625290664,1e-05,True,40,development_isotonic_frozen
s1-i6,development,1,oracle,subset_beam_8,54a0dc573c0908b1,"[[0, 1, 2, 3, 4, 5, 6, 7, 8, 9, 10, 11]]",0.10441606039353375,-0.0,0.0,-1.618980043506113e-14,,0.0,0.08769131873876618,0.08769131873876618,0.10441606039353375,0.0625,-1.0,"{""3"": 1}",0.08769131873876618,0.08768588481346705,1.6355701625290664,1e-05,True,40,development_isotonic_frozen
s1-i6,development,1,oracle,subset_beam_32,54a0dc573c0908b1,"[[0, 1, 2, 3, 4, 5, 6, 7, 8, 9, 10, 11]]",0.10441606039353375,-0.0,0.0,-1.618980043506113e-14,,0.0,0.08769131873876618,0.08769131873876618,0.10441606039353375,0.0625,-1.0,"{""3"": 1}",0.08769131873876618,0.08768588481346705,1.6355701625290664,1e-05,True,40,development_isotonic_frozen
s1-i6,development,1,oracle,saps_diagonal,54a0dc573c0908b1,"[[0, 1, 2, 3, 4, 5, 6, 7, 8, 9, 10, 11]]",0.10441606039353375,-0.0,0.0,-1.618980043506113e-14,,0.0,0.08769131873876618,0.08769131873876618,0.10441606039353375,0.0625,-1.0,"{""3"": 1}",0.08769131873876618,0.08768588481346705,1.6355701625290664,1e-05,True,40,development_isotonic_frozen
s1-i6,development,1,oracle,p_saps_residualized,54a0dc573c0908b1,"[[0, 1, 2, 3, 4, 5, 6, 7, 8, 9, 10, 11]]",0.10441606039353375,-0.0,0.0,-1.618980043506113e-14,,0.0,0.08769131873876618,0.08769131873876618,0.10441606039353375,0.0625,-1.0,"{""3"": 1}",0.08769131873876618,0.08768588481346705,1.6355701625290664,1e-05,True,40,development_isotonic_frozen
s1-i6,development,1,oracle,p_saps_projection,54a0dc573c0908b1,"[[0, 1, 2, 3, 4, 5, 6, 7, 8, 9, 10, 11]]",0.10441606039353375,-0.0,0.0,-1.618980043506113e-14,,0.0,0.08769131873876618,0.08769131873876618,0.10441606039353375,0.0625,-1.0,"{""3"": 1}",0.08769131873876618,0.08768588481346705,1.6355701625290664,1e-05,True,40,development_isotonic_frozen
s1-i6,development,1,oracle,b_saps_budgeted,54a0dc573c0908b1,"[[0, 1, 2, 3, 4, 5, 6, 7, 8, 9, 10, 11]]",0.10441606039353375,-0.0,0.0,-1.618980043506113e-14,,0.0,0.08769131873876618,0.08769131873876618,0.10441606039353375,0.0625,-1.0,"{""3"": 1}",0.08769131873876618,0.08768588481346705,1.6355701625290664,1e-05,True,40,development_isotonic_frozen
s1-i6,development,1,oracle,random_balanced,b9071a52b95b8663,"[[2, 4, 5, 7, 8, 9], [0, 1, 3, 6, 10, 11]]",0.13051660142540497,-0.2661379433834729,0.5617215919612251,-5.737484371721728e-15,,1.0,0.0027003588516746418,0.0027003588516746418,0.15169790814761877,0.0,-1.0,"{""1"": 1}",0.0027003588516746418,0.002700340596982783,0.9999999999999997,1e-05,True,40,development_isotonic_frozen
s1-i6,development,1,oracle,confidence,4480ee7d66dd90fd,"[[0, 2, 3, 4, 10, 11], [1, 5, 6, 7, 8, 9]]",0.13051660142540497,-0.20100939662407646,0.6236392796443327,-7.664316102991761e-15,,0.0,0.021394388444101478,0.021394388444101478,0.15169790814761877,0.0625,-1.0,"{""2"": 1}",0.021394388444101478,0.021394197079388694,0.9999999999999999,1e-05,True,40,development_isotonic_frozen
s1-i6,development,1,oracle,entropy,3a8618704bd069f6,"[[0, 2, 3, 5, 10, 11], [1, 4, 6, 7, 8, 9]]",0.13051660142540497,-0.21343569827845835,0.6245807192017767,-7.650996301372996e-15,,0.0,0.021394388444101492,0.021394388444101492,0.15169790814761877,0.0,-1.0,"{""2"": 1}",0.021394388444101492,0.021394197079388687,1.0000000000000002,1e-05,True,40,development_isotonic_frozen
s1-i6,development,1,oracle,dependency_cmi,fe9a13b64808c97a,"[[0, 1, 2, 4, 7, 10], [3, 5, 6, 8, 9, 11]]",0.13051660142540497,-0.2246491426458593,0.5938148510379971,-7.840936431385361e-15,,1.0,0.0027003588516746405,0.0027003588516746405,0.15169790814761877,0.03125,-1.0,"{""1"": 1}",0.0027003588516746405,0.0027003405969827825,0.9999999999999998,1e-05,True,40,development_isotonic_frozen
s1-i6,development,1,oracle,min_within_batch_tc,af150d5770942887,"[[0, 2, 3, 4, 5, 6], [1, 7, 8, 9, 10, 11]]",0.13051660142540497,-0.2216343135635558,0.6123717319378067,-6.890852690443865e-15,,1.0,0.02202380952380953,0.02202380952380953,0.15169790814761877,0.09375,-1.0,"{""1"": 1}",0.02202380952380953,0.02202364021869837,1.0000000000000002,1e-05,True,40,development_isotonic_frozen
s1-i6,development,1,oracle,dprm_myopic,e66cb1494f883826,"[[0, 1, 2, 3, 6, 7], [4, 5, 8, 9, 10, 11]]",0.13051660142540497,-0.2375152439753366,0.5932710226690509,-7.192513699999666e-15,,0.0,0.08769131873876618,0.08769131873876618,0.03520072117544284,0.0625,-1.0,"{""3"": 1}",0.08769131873876618,0.08768588481346705,1.6355701625290664,1e-05,True,40,development_isotonic_frozen
s1-i6,development,1,oracle,dprm_rollout,e66cb1494f883826,"[[0, 1, 2, 3, 6, 7], [4, 5, 8, 9, 10, 11]]",0.13051660142540497,-0.2375152439753366,0.5932710226690509,-7.192513699999666e-15,,0.0,0.08769131873876618,0.08769131873876618,0.03520072117544284,0.0625,-1.0,"{""3"": 1}",0.08769131873876618,0.08768588481346705,1.6355701625290664,1e-05,True,40,development_isotonic_frozen
s1-i6,development,1,oracle,subset_exact,56146d5eda7611f6,"[[0, 1, 3, 4, 5, 6], [2, 7, 8, 9, 10, 11]]",0.13051660142540497,-0.2411809600647352,0.5874326526738896,-6.1721557112516766e-15,,0.0,0.024965062111801255,0.024965062111801255,0.15169790814761877,0.03125,0.0,"{""2"": 1}",0.024965062111801255,0.02496476183576566,0.9999999999999997,1e-05,True,40,development_isotonic_frozen
s1-i6,development,1,oracle,subset_beam_8,9d5d24fb6f0a417b,"[[0, 1, 2, 3, 4, 5], [6, 7, 8, 9, 10, 11]]",0.13051660142540497,-0.23056892181012748,0.6018422298354905,-1.1606481716144955e-14,,0.0,0.021394388444101478,0.021394388444101478,0.15169790814761877,0.0,-1.0,"{""2"": 1}",0.021394388444101478,0.02139419707938869,1.0,1e-05,True,40,development_isotonic_frozen
s1-i6,development,1,oracle,subset_beam_32,9d5d24fb6f0a417b,"[[0, 1, 2, 3, 4, 5], [6, 7, 8, 9, 10, 11]]",0.13051660142540497,-0.23056892181012748,0.6018422298354905,-1.1606481716144955e-14,,0.0,0.021394388444101478,0.021394388444101478,0.15169790814761877,0.0,-1.0,"{""2"": 1}",0.021394388444101478,0.02139419707938869,1.0,1e-05,True,40,development_isotonic_frozen
s1-i6,development,1,oracle,saps_diagonal,b9071a52b95b8663,"[[2, 4, 5, 7, 8, 9], [0, 1, 3, 6, 10, 11]]",0.13051660142540497,-0.2661379433834729,0.5617215919612251,-5.737484371721728e-15,,1.0,0.0027003588516746418,0.0027003588516746418,0.15169790814761877,0.0,-1.0,"{""1"": 1}",0.0027003588516746418,0.002700340596982783,0.9999999999999997,1e-05,True,40,development_isotonic_frozen
s1-i6,development,1,oracle,p_saps_residualized,726e22d6e5c7822d,"[[0, 1, 2, 6, 9, 10], [3, 4, 5, 7, 8, 11]]",0.13051660142540497,-0.24677844181596598,0.5700543893730677,-6.583796437620832e-15,,1.0,0.022023809523809515,0.022023809523809515,0.15169790814761877,0.0,-1.0,"{""1"": 1}",0.022023809523809515,0.02202364021869837,1.0,1e-05,True,80,development_isotonic_frozen
s1-i6,development,1,oracle,p_saps_projection,917ee50bceffbbde,"[[0, 2, 6, 7, 8, 11], [1, 3, 4, 5, 9, 10]]",0.13051660142540497,-0.22752055441511068,0.5984545703727461,-8.346717848045859e-15,,0.0,0.08769131873876618,0.08769131873876618,0.03520072117544284,0.03125,-1.0,"{""3"": 1}",0.08769131873876618,0.08768588481346705,1.6355701625290664,1e-05,True,640,development_isotonic_frozen
s1-i6,development,1,oracle,b_saps_budgeted,b9071a52b95b8663,"[[2, 4, 5, 7, 8, 9], [0, 1, 3, 6, 10, 11]]",0.13051660142540497,-0.2661379433834729,0.5617215919612251,-5.737484371721728e-15,,1.0,0.0027003588516746418,0.0027003588516746418,0.15169790814761877,0.0,-1.0,"{""1"": 1}",0.0027003588516746418,0.002700340596982783,0.9999999999999997,1e-05,True,40,development_isotonic_frozen
s1-i6,development,1,oracle,random_balanced,b9071a52b95b8663,"[[2, 4, 5, 7, 8, 9], [0, 1, 3, 6, 10, 11]]",0.26467436160367575,-0.2661379433834729,0.5617215919612251,-5.737484371721728e-15,,1.0,0.0027003588516746418,0.0027003588516746418,0.30663109799643873,0.0,0.0,"{""1"": 1}",0.0027003588516746418,0.002700340596982783,0.9999999999999997,1e-05,True,40,development_isotonic_frozen
s1-i6,development,1,oracle,confidence,4480ee7d66dd90fd,"[[0, 2, 3, 4, 10, 11], [1, 5, 6, 7, 8, 9]]",0.26467436160367575,-0.20100939662407646,0.6236392796443327,-7.664316102991761e-15,,0.0,0.021394388444101478,0.021394388444101478,0.30663109799643873,0.0625,0.0,"{""2"": 1}",0.021394388444101478,0.021394197079388694,0.9999999999999999,1e-05,True,40,development_isotonic_frozen
s1-i6,development,1,oracle,entropy,3a8618704bd069f6,"[[0, 2, 3, 5, 10, 11], [1, 4, 6, 7, 8, 9]]",0.26467436160367575,-0.21343569827845835,0.6245807192017767,-7.650996301372996e-15,,0.0,0.021394388444101492,0.021394388444101492,0.30663109799643873,0.0625,0.0,"{""2"": 1}",0.021394388444101492,0.021394197079388687,1.0000000000000002,1e-05,True,40,development_isotonic_frozen
s1-i6,development,1,oracle,dependency_cmi,fe9a13b64808c97a,"[[0, 1, 2, 4, 7, 10], [3, 5, 6, 8, 9, 11]]",0.26467436160367575,-0.2246491426458593,0.5938148510379971,-7.840936431385361e-15,,1.0,0.0027003588516746405,0.0027003588516746405,0.30663109799643873,0.03125,0.0,"{""1"": 1}",0.0027003588516746405,0.0027003405969827825,0.9999999999999998,1e-05,True,40,development_isotonic_frozen
s1-i6,development,1,oracle,min_within_batch_tc,af150d5770942887,"[[0, 2, 3, 4, 5, 6], [1, 7, 8, 9, 10, 11]]",0.26467436160367575,-0.2216343135635558,0.6123717319378067,-6.890852690443865e-15,,1.0,0.02202380952380953,0.02202380952380953,0.30663109799643873,0.0625,0.0,"{""1"": 1}",0.02202380952380953,0.02202364021869837,1.0000000000000002,1e-05,True,40,development_isotonic_frozen
s1-i6,development,1,oracle,dprm_myopic,e66cb1494f883826,"[[0, 1, 2, 3, 6, 7], [4, 5, 8, 9, 10, 11]]",0.26467436160367575,-0.2375152439753366,0.5932710226690509,-7.192513699999666e-15,,0.0,0.08769131873876618,0.08769131873876618,0.07586904783624221,0.03125,0.0,"{""3"": 1}",0.08769131873876618,0.08768588481346705,1.6355701625290664,1e-05,True,40,development_isotonic_frozen
s1-i6,development,1,oracle,dprm_rollout,e66cb1494f883826,"[[0, 1, 2, 3, 6, 7], [4, 5, 8, 9, 10, 11]]",0.26467436160367575,-0.2375152439753366,0.5932710226690509,-7.192513699999666e-15,,0.0,0.08769131873876618,0.08769131873876618,0.07586904783624221,0.03125,0.0,"{""3"": 1}",0.08769131873876618,0.08768588481346705,1.6355701625290664,1e-05,True,40,development_isotonic_frozen
s1-i6,development,1,oracle,subset_exact,9d5d24fb6f0a417b,"[[0, 1, 2, 3, 4, 5], [6, 7, 8, 9, 10, 11]]",0.26467436160367575,-0.23056892181012748,0.6018422298354905,-1.1606481716144955e-14,,0.0,0.021394388444101478,0.021394388444101478,0.30663109799643873,0.0625,0.0,"{""2"": 1}",0.021394388444101478,0.02139419707938869,1.0,1e-05,True,40,development_isotonic_frozen
s1-i6,development,1,oracle,subset_beam_8,9d5d24fb6f0a417b,"[[0, 1, 2, 3, 4, 5], [6, 7, 8, 9, 10, 11]]",0.26467436160367575,-0.23056892181012748,0.6018422298354905,-1.1606481716144955e-14,,0.0,0.021394388444101478,0.021394388444101478,0.30663109799643873,0.0625,0.0,"{""2"": 1}",0.021394388444101478,0.02139419707938869,1.0,1e-05,True,40,development_isotonic_frozen
s1-i6,development,1,oracle,subset_beam_32,9d5d24fb6f0a417b,"[[0, 1, 2, 3, 4, 5], [6, 7, 8, 9, 10, 11]]",0.26467436160367575,-0.23056892181012748,0.6018422298354905,-1.1606481716144955e-14,,0.0,0.021394388444101478,0.021394388444101478,0.30663109799643873,0.0625,0.0,"{""2"": 1}",0.021394388444101478,0.02139419707938869,1.0,1e-05,True,40,development_isotonic_frozen
s1-i6,development,1,oracle,saps_diagonal,b9071a52b95b8663,"[[2, 4, 5, 7, 8, 9], [0, 1, 3, 6, 10, 11]]",0.26467436160367575,-0.2661379433834729,0.5617215919612251,-5.737484371721728e-15,,1.0,0.0027003588516746418,0.0027003588516746418,0.30663109799643873,0.0,0.0,"{""1"": 1}",0.0027003588516746418,0.002700340596982783,0.9999999999999997,1e-05,True,40,development_isotonic_frozen
s1-i6,development,1,oracle,p_saps_residualized,726e22d6e5c7822d,"[[0, 1, 2, 6, 9, 10], [3, 4, 5, 7, 8, 11]]",0.26467436160367575,-0.24677844181596598,0.5700543893730677,-6.583796437620832e-15,,1.0,0.022023809523809515,0.022023809523809515,0.30663109799643873,0.0,0.0,"{""1"": 1}",0.022023809523809515,0.02202364021869837,1.0,1e-05,True,80,development_isotonic_frozen
s1-i6,development,1,oracle,p_saps_projection,917ee50bceffbbde,"[[0, 2, 6, 7, 8, 11], [1, 3, 4, 5, 9, 10]]",0.26467436160367575,-0.22752055441511068,0.5984545703727461,-8.346717848045859e-15,,0.0,0.08769131873876618,0.08769131873876618,0.07586904783624221,0.09375,0.0,"{""3"": 1}",0.08769131873876618,0.08768588481346705,1.6355701625290664,1e-05,True,640,development_isotonic_frozen
s1-i6,development,1,oracle,b_saps_budgeted,b9071a52b95b8663,"[[2, 4, 5, 7, 8, 9], [0, 1, 3, 6, 10, 11]]",0.26467436160367575,-0.2661379433834729,0.5617215919612251,-5.737484371721728e-15,,1.0,0.0027003588516746418,0.0027003588516746418,0.30663109799643873,0.0,0.0,"{""1"": 1}",0.0027003588516746418,0.002700340596982783,0.9999999999999997,1e-05,True,40,development_isotonic_frozen
s1-i6,development,1,oracle,random_balanced,b9071a52b95b8663,"[[2, 4, 5, 7, 8, 9], [0, 1, 3, 6, 10, 11]]",0.3757004126940517,-0.2661379433834729,0.5617215919612251,-5.737484371721728e-15,,1.0,0.0027003588516746418,0.0027003588516746418,0.435985824316389,0.0625,-1.0,"{""1"": 1}",0.0027003588516746418,0.002700340596982783,0.9999999999999997,1e-05,True,40,development_isotonic_frozen
s1-i6,development,1,oracle,confidence,4480ee7d66dd90fd,"[[0, 2, 3, 4, 10, 11], [1, 5, 6, 7, 8, 9]]",0.3757004126940517,-0.20100939662407646,0.6236392796443327,-7.664316102991761e-15,,0.0,0.021394388444101478,0.021394388444101478,0.435985824316389,0.125,-1.0,"{""2"": 1}",0.021394388444101478,0.021394197079388694,0.9999999999999999,1e-05,True,40,development_isotonic_frozen
s1-i6,development,1,oracle,entropy,3a8618704bd069f6,"[[0, 2, 3, 5, 10, 11], [1, 4, 6, 7, 8, 9]]",0.3757004126940517,-0.21343569827845835,0.6245807192017767,-7.650996301372996e-15,,0.0,0.021394388444101492,0.021394388444101492,0.435985824316389,0.09375,-1.0,"{""2"": 1}",0.021394388444101492,0.021394197079388687,1.0000000000000002,1e-05,True,40,development_isotonic_frozen
s1-i6,development,1,oracle,dependency_cmi,fe9a13b64808c97a,"[[0, 1, 2, 4, 7, 10], [3, 5, 6, 8, 9, 11]]",0.3757004126940517,-0.2246491426458593,0.5938148510379971,-7.840936431385361e-15,,1.0,0.0027003588516746405,0.0027003588516746405,0.435985824316389,0.15625,-1.0,"{""1"": 1}",0.0027003588516746405,0.0027003405969827825,0.9999999999999998,1e-05,True,40,development_isotonic_frozen
s1-i6,development,1,oracle,min_within_batch_tc,af150d5770942887,"[[0, 2, 3, 4, 5, 6], [1, 7, 8, 9, 10, 11]]",0.3757004126940517,-0.2216343135635558,0.6123717319378067,-6.890852690443865e-15,,1.0,0.02202380952380953,0.02202380952380953,0.435985824316389,0.0625,-1.0,"{""1"": 1}",0.02202380952380953,0.02202364021869837,1.0000000000000002,1e-05,True,40,development_isotonic_frozen
s1-i6,development,1,oracle,dprm_myopic,e66cb1494f883826,"[[0, 1, 2, 3, 6, 7], [4, 5, 8, 9, 10, 11]]",0.3757004126940517,-0.2375152439753366,0.5932710226690509,-7.192513699999666e-15,,0.0,0.08769131873876618,0.08769131873876618,0.10441606039353375,0.0625,-1.0,"{""3"": 1}",0.08769131873876618,0.08768588481346705,1.6355701625290664,1e-05,True,40,development_isotonic_frozen
s1-i6,development,1,oracle,dprm_rollout,d1ef96b116ce701e,"[[2, 6, 7, 8, 10, 11], [0, 1, 3, 4, 5, 9]]",0.3757004126940517,-0.23946410949587063,0.5811604602101957,-8.577783808521584e-15,,0.0,0.08769131873876618,0.08769131873876618,0.10441606039353375,0.09375,-1.0,"{""3"": 1}",0.08769131873876618,0.08768588481346705,1.6355701625290664,1e-05,True,40,development_isotonic_frozen
s1-i6,development,1,oracle,subset_exact,2d814e4cbbea83ee,"[[0, 1, 2, 3, 5, 8], [4, 6, 7, 9, 10, 11]]",0.3757004126940517,-0.24336175359951082,0.5928946855905968,-9.01561092454641e-15,,0.0,0.021394388444101478,0.021394388444101478,0.435985824316389,0.1875,0.0,"{""2"": 1}",0.021394388444101478,0.021394197079388694,1.0000000000000004,1e-05,True,40,development_isotonic_frozen
s1-i6,development,1,oracle,subset_beam_8,2d814e4cbbea83ee,"[[0, 1, 2, 3, 5, 8], [4, 6, 7, 9, 10, 11]]",0.3757004126940517,-0.24336175359951082,0.5928946855905968,-9.01561092454641e-15,,0.0,0.021394388444101478,0.021394388444101478,0.435985824316389,0.1875,0.0,"{""2"": 1}",0.021394388444101478,0.021394197079388694,1.0000000000000004,1e-05,True,40,development_isotonic_frozen
s1-i6,development,1,oracle,subset_beam_32,2d814e4cbbea83ee,"[[0, 1, 2, 3, 5, 8], [4, 6, 7, 9, 10, 11]]",0.3757004126940517,-0.24336175359951082,0.5928946855905968,-9.01561092454641e-15,,0.0,0.021394388444101478,0.021394388444101478,0.435985824316389,0.1875,0.0,"{""2"": 1}",0.021394388444101478,0.021394197079388694,1.0000000000000004,1e-05,True,40,development_isotonic_frozen
s1-i6,development,1,oracle,saps_diagonal,b9071a52b95b8663,"[[2, 4, 5, 7, 8, 9], [0, 1, 3, 6, 10, 11]]",0.3757004126940517,-0.2661379433834729,0.5617215919612251,-5.737484371721728e-15,,1.0,0.0027003588516746418,0.0027003588516746418,0.435985824316389,0.0625,-1.0,"{""1"": 1}",0.0027003588516746418,0.002700340596982783,0.9999999999999997,1e-05,True,40,development_isotonic_frozen
s1-i6,development,1,oracle,p_saps_residualized,726e22d6e5c7822d,"[[0, 1, 2, 6, 9, 10], [3, 4, 5, 7, 8, 11]]",0.3757004126940517,-0.24677844181596598,0.5700543893730677,-6.583796437620832e-15,,1.0,0.022023809523809515,0.022023809523809515,0.435985824316389,0.09375,-1.0,"{""1"": 1}",0.022023809523809515,0.02202364021869837,1.0,1e-05,True,80,development_isotonic_frozen
s1-i6,development,1,oracle,p_saps_projection,917ee50bceffbbde,"[[0, 2, 6, 7, 8, 11], [1, 3, 4, 5, 9, 10]]",0.3757004126940517,-0.22752055441511068,0.5984545703727461,-8.346717848045859e-15,,0.0,0.08769131873876618,0.08769131873876618,0.10441606039353375,0.0625,-1.0,"{""3"": 1}",0.08769131873876618,0.08768588481346705,1.6355701625290664,1e-05,True,640,development_isotonic_frozen
s1-i6,development,1,oracle,b_saps_budgeted,b9071a52b95b8663,"[[2, 4, 5, 7, 8, 9], [0, 1, 3, 6, 10, 11]]",0.3757004126940517,-0.2661379433834729,0.5617215919612251,-5.737484371721728e-15,,1.0,0.0027003588516746418,0.0027003588516746418,0.435985824316389,0.0625,-1.0,"{""1"": 1}",0.0027003588516746418,0.002700340596982783,0.9999999999999997,1e-05,True,40,development_isotonic_frozen
s1-i6,development,1,oracle,random_balanced,ca0e7c59fa9d3b7b,"[[4, 5, 8, 9], [0, 1, 2, 7], [3, 6, 10, 11]]",0.14534351613095461,-0.5301953298775962,1.1192965045490955,-4.023365354410054e-15,,1.0,0.004204545454545461,0.004204545454545461,0.15169790814761877,0.0,0.0,"{""1"": 1}",0.004204545454545461,0.004204496379448281,0.8588553728107082,1e-05,True,40,development_isotonic_frozen
s1-i6,development,1,oracle,confidence,20b555f6880f2f26,"[[0, 2, 4, 11], [3, 6, 7, 10], [1, 5, 8, 9]]",0.14534351613095461,-0.41573711924980383,1.2310413942619725,-5.122881226460405e-15,,0.0,0.021394388444101475,0.021394388444101475,0.15169790814761877,0.0,-1.0,"{""2"": 1}",0.021394388444101475,0.02139419707938868,1.0,1e-05,True,40,development_isotonic_frozen
s1-i6,development,1,oracle,entropy,6a0447763d263e97,"[[0, 2, 3, 11], [4, 5, 7, 10], [1, 6, 8, 9]]",0.14534351613095461,-0.4241287432123038,1.244721709118097,-5.09116992908511e-15,,1.0,0.02098484848484851,0.02098484848484851,0.15169790814761877,0.03125,-1.0,"{""1"": 1}",0.02098484848484851,0.020984416783691104,0.858855372810708,1e-05,True,40,development_isotonic_frozen
s1-i6,development,1,oracle,dependency_cmi,61cc8227886bcfd5,"[[0, 1, 2, 7], [3, 4, 5, 6], [8, 9, 10, 11]]",0.14534351613095461,-0.4737649642761495,1.1863540639626053,-4.4726979721534694e-15,,1.0,0.0027003588516746396,0.0027003588516746396,0.15169790814761877,0.03125,-1.0,"{""1"": 1}",0.0027003588516746396,0.002700340596982781,1.0,1e-05,True,40,development_isotonic_frozen
s1-i6,development,1,oracle,min_within_batch_tc,41d35b58ab067324,"[[0, 2, 3, 4], [5, 7, 10, 11], [1, 6, 8, 9]]",0.14534351613095461,-0.42428983098643586,1.239990698338884,-5.09116992908511e-15,,1.0,0.020984848484848505,0.020984848484848505,0.15169790814761877,0.0,-1.0,"{""1"": 1}",0.020984848484848505,0.02098441678369111,0.8588553728107082,1e-05,True,40,development_isotonic_frozen
s1-i6,development,1,oracle,dprm_myopic,0e1ffaad88980143,"[[0, 2, 6, 7], [1, 3, 4, 5], [8, 9, 10, 11]]",0.14534351613095461,-0.4648303560295779,1.1968835660649215,-6.5157329945969695e-15,,0.0,0.08769131873876618,0.08769131873876618,0.03520072117544284,0.03125,-1.0,"{""3"": 1}",0.08769131873876618,0.08768588481346705,1.6355701625290664,1e-05,True,40,development_isotonic_frozen
s1-i6,development,1,oracle,dprm_rollout,714c1ccb91161365,"[[2, 5, 6, 10], [1, 7, 8, 9], [0, 3, 4, 11]]",0.14534351613095461,-0.5223740734760641,1.1293993584545015,-3.924560265075382e-15,,1.0,0.02202380952380953,0.02202380952380953,0.15169790814761877,0.0,-1.0,"{""1"": 1}",0.02202380952380953,0.02202364021869838,0.9999999999999997,1e-05,True,40,development_isotonic_frozen
s1-i6,development,1,oracle,subset_exact,aa0bb5294bc566c7,"[[0, 1, 3, 4], [2, 6, 7, 11], [5, 8, 9, 10]]",0.14534351613095461,-0.4572455631011642,1.1902979737475798,-5.4964891146199375e-15,,0.0,0.09133639769789723,0.09133639769789723,0.03520072117544284,0.0,0.0,"{""3"": 1}",0.09133639769789723,0.0913354168164868,1.05514959304781,1e-05,True,40,development_isotonic_frozen
s1-i6,development,1,oracle,subset_beam_8,aa0bb5294bc566c7,"[[0, 1, 3, 4], [2, 6, 7, 11], [5, 8, 9, 10]]",0.14534351613095461,-0.4572455631011642,1.1902979737475798,-5.4964891146199375e-15,,0.0,0.09133639769789723,0.09133639769789723,0.03520072117544284,0.0,0.0,"{""3"": 1}",0.09133639769789723,0.0913354168164868,1.05514959304781,1e-05,True,40,development_isotonic_frozen
s1-i6,development,1,oracle,subset_beam_32,aa0bb5294bc566c7,"[[0, 1, 3, 4], [2, 6, 7, 11], [5, 8, 9, 10]]",0.14534351613095461,-0.4572455631011642,1.1902979737475798,-5.4964891146199375e-15,,0.0,0.09133639769789723,0.09133639769789723,0.03520072117544284,0.0,0.0,"{""3"": 1}",0.09133639769789723,0.0913354168164868,1.05514959304781,1e-05,True,40,development_isotonic_frozen
s1-i6,development,1,oracle,saps_diagonal,ca0e7c59fa9d3b7b,"[[4, 5, 8, 9], [0, 1, 2, 7], [3, 6, 10, 11]]",0.14534351613095461,-0.5301953298775962,1.1192965045490955,-4.023365354410054e-15,,1.0,0.004204545454545461,0.004204545454545461,0.15169790814761877,0.0,0.0,"{""1"": 1}",0.004204545454545461,0.004204496379448281,0.8588553728107082,1e-05,True,40,development_isotonic_frozen
s1-i6,development,1,oracle,p_saps_residualized,e74ea90740773263,"[[1, 6, 10, 11], [0, 2, 4, 9], [3, 5, 7, 8]]",0.14534351613095461,-0.4823259059403034,1.141779365769579,-4.472099190746293e-15,,1.0,0.0340909090909091,0.0340909090909091,0.15169790814761877,0.0,0.0,"{""1"": 1}",0.0340909090909091,0.034090668068682495,1.0000000000000002,1e-05,True,80,development_isotonic_frozen
s1-i6,development,1,oracle,p_saps_projection,60e3a665b5c1b30c,"[[0, 4, 6, 9], [2, 5, 8, 11], [1, 3, 7, 10]]",0.14534351613095461,-0.48311654853299196,1.1575507948257673,-3.902959387722269e-15,,1.0,0.03409090909090911,0.03409090909090911,0.15169790814761877,0.03125,0.0,"{""1"": 1}",0.03409090909090911,0.03409066806868249,1.0000000000000004,1e-05,True,640,development_isotonic_frozen
s1-i6,development,1,oracle,b_saps_budgeted,ca0e7c59fa9d3b7b,"[[4, 5, 8, 9], [0, 1, 2, 7], [3, 6, 10, 11]]",0.14534351613095461,-0.5301953298775962,1.1192965045490955,-4.023365354410054e-15,,1.0,0.004204545454545461,0.004204545454545461,0.15169790814761877,0.0,0.0,"{""1"": 1}",0.004204545454545461,0.004204496379448281,0.8588553728107082,1e-05,True,40,development_isotonic_frozen
s1-i6,development,1,oracle,random_balanced,ca0e7c59fa9d3b7b,"[[4, 5, 8, 9], [0, 1, 2, 7], [3, 6, 10, 11]]",0.2940440770786098,-0.5301953298775962,1.1192965045490955,-4.023365354410054e-15,,1.0,0.004204545454545461,0.004204545454545461,0.30663109799643873,0.09375,0.0,"{""1"": 1}",0.004204545454545461,0.004204496379448281,0.8588553728107082,1e-05,True,40,development_isotonic_frozen
s1-i6,development,1,oracle,confidence,20b555f6880f2f26,"[[0, 2, 4, 11], [3, 6, 7, 10], [1, 5, 8, 9]]",0.2940440770786098,-0.41573711924980383,1.2310413942619725,-5.122881226460405e-15,,0.0,0.021394388444101475,0.021394388444101475,0.30663109799643873,0.03125,0.0,"{""2"": 1}",0.021394388444101475,0.02139419707938868,1.0,1e-05,True,40,development_isotonic_frozen
s1-i6,development,1,oracle,entropy,6a0447763d263e97,"[[0, 2, 3, 11], [4, 5, 7, 10], [1, 6, 8, 9]]",0.2940440770786098,-0.4241287432123038,1.244721709118097,-5.09116992908511e-15,,1.0,0.02098484848484851,0.02098484848484851,0.30663109799643873,0.03125,0.0,"{""1"": 1}",0.02098484848484851,0.020984416783691104,0.858855372810708,1e-05,True,40,development_isotonic_frozen
s1-i6,development,1,oracle,dependency_cmi,61cc8227886bcfd5,"[[0, 1, 2, 7], [3, 4, 5, 6], [8, 9, 10, 11]]",0.2940440770786098,-0.4737649642761495,1.1863540639626053,-4.4726979721534694e-15,,1.0,0.0027003588516746396,0.0027003588516746396,0.30663109799643873,0.09375,0.0,"{""1"": 1}",0.0027003588516746396,0.002700340596982781,1.0,1e-05,True,40,development_isotonic_frozen
s1-i6,development,1,oracle,min_within_batch_tc,41d35b58ab067324,"[[0, 2, 3, 4], [5, 7, 10, 11], [1, 6, 8, 9]]",0.2940440770786098,-0.42428983098643586,1.239990698338884,-5.09116992908511e-15,,1.0,0.020984848484848505,0.020984848484848505,0.30663109799643873,0.03125,0.0,"{""1"": 1}",0.020984848484848505,0.02098441678369111,0.8588553728107082,1e-05,True,40,development_isotonic_frozen
s1-i6,development,1,oracle,dprm_myopic,0e1ffaad88980143,"[[0, 2, 6, 7], [1, 3, 4, 5], [8, 9, 10, 11]]",0.2940440770786098,-0.4648303560295779,1.1968835660649215,-6.5157329945969695e-15,,0.0,0.08769131873876618,0.08769131873876618,0.07586904783624221,0.09375,0.0,"{""3"": 1}",0.08769131873876618,0.08768588481346705,1.6355701625290664,1e-05,True,40,development_isotonic_frozen
s1-i6,development,1,oracle,dprm_rollout,efa9d366e4b639d1,"[[2, 5, 6, 7], [0, 3, 4, 9], [1, 8, 10, 11]]",0.2940440770786098,-0.4943520489772364,1.17541110053493,-4.62444219532773e-15,,0.0,0.08769131873876618,0.08769131873876618,0.07586904783624221,0.09375,0.0,"{""3"": 1}",0.08769131873876618,0.08768588481346705,1.6355701625290664,1e-05,True,40,development_isotonic_frozen
s1-i6,development,1,oracle,subset_exact,3cdb5bf9d0d94766,"[[0, 1, 2, 3], [4, 6, 7, 11], [5, 8, 9, 10]]",0.2940440770786098,-0.4554967763569502,1.1989028237263109,-5.4454040263031215e-15,,0.0,0.021394388444101485,0.021394388444101485,0.30663109799643873,0.09375,0.0,"{""2"": 1}",0.021394388444101485,0.021394197079388687,1.0,1e-05,True,40,development_isotonic_frozen
s1-i6,development,1,oracle,subset_beam_8,3cdb5bf9d0d94766,"[[0, 1, 2, 3], [4, 6, 7, 11], [5, 8, 9, 10]]",0.2940440770786098,-0.4554967763569502,1.1989028237263109,-5.4454040263031215e-15,,0.0,0.021394388444101485,0.021394388444101485,0.30663109799643873,0.09375,0.0,"{""2"": 1}",0.021394388444101485,0.021394197079388687,1.0,1e-05,True,40,development_isotonic_frozen
s1-i6,development,1,oracle,subset_beam_32,3cdb5bf9d0d94766,"[[0, 1, 2, 3], [4, 6, 7, 11], [5, 8, 9, 10]]",0.2940440770786098,-0.4554967763569502,1.1989028237263109,-5.4454040263031215e-15,,0.0,0.021394388444101485,0.021394388444101485,0.30663109799643873,0.09375,0.0,"{""2"": 1}",0.021394388444101485,0.021394197079388687,1.0,1e-05,True,40,development_isotonic_frozen
s1-i6,development,1,oracle,saps_diagonal,ca0e7c59fa9d3b7b,"[[4, 5, 8, 9], [0, 1, 2, 7], [3, 6, 10, 11]]",0.2940440770786098,-0.5301953298775962,1.1192965045490955,-4.023365354410054e-15,,1.0,0.004204545454545461,0.004204545454545461,0.30663109799643873,0.09375,0.0,"{""1"": 1}",0.004204545454545461,0.004204496379448281,0.8588553728107082,1e-05,True,40,development_isotonic_frozen
s1-i6,development,1,oracle,p_saps_residualized,e74ea90740773263,"[[1, 6, 10, 11], [0, 2, 4, 9], [3, 5, 7, 8]]",0.2940440770786098,-0.4823259059403034,1.141779365769579,-4.472099190746293e-15,,1.0,0.0340909090909091,0.0340909090909091,0.30663109799643873,0.03125,0.0,"{""1"": 1}",0.0340909090909091,0.034090668068682495,1.0000000000000002,1e-05,True,80,development_isotonic_frozen
s1-i6,development,1,oracle,p_saps_projection,60e3a665b5c1b30c,"[[0, 4, 6, 9], [2, 5, 8, 11], [1, 3, 7, 10]]",0.2940440770786098,-0.48311654853299196,1.1575507948257673,-3.902959387722269e-15,,1.0,0.03409090909090911,0.03409090909090911,0.30663109799643873,0.15625,0.0,"{""1"": 1}",0.03409090909090911,0.03409066806868249,1.0000000000000004,1e-05,True,640,development_isotonic_frozen
s1-i6,development,1,oracle,b_saps_budgeted,ca0e7c59fa9d3b7b,"[[4, 5, 8, 9], [0, 1, 2, 7], [3, 6, 10, 11]]",0.2940440770786098,-0.5301953298775962,1.1192965045490955,-4.023365354410054e-15,,1.0,0.004204545454545461,0.004204545454545461,0.30663109799643873,0.09375,0.0,"{""1"": 1}",0.004204545454545461,0.004204496379448281,0.8588553728107082,1e-05,True,40,development_isotonic_frozen
s1-i6,development,1,oracle,random_balanced,ca0e7c59fa9d3b7b,"[[4, 5, 8, 9], [0, 1, 2, 7], [3, 6, 10, 11]]",0.4179002008296878,-0.5301953298775962,1.1192965045490955,-4.023365354410054e-15,,1.0,0.004204545454545461,0.004204545454545461,0.435985824316389,0.03125,0.0,"{""1"": 1}",0.004204545454545461,0.004204496379448281,0.8588553728107082,1e-05,True,40,development_isotonic_frozen
s1-i6,development,1,oracle,confidence,20b555f6880f2f26,"[[0, 2, 4, 11], [3, 6, 7, 10], [1, 5, 8, 9]]",0.4179002008296878,-0.41573711924980383,1.2310413942619725,-5.122881226460405e-15,,0.0,0.021394388444101475,0.021394388444101475,0.435985824316389,0.125,-1.0,"{""2"": 1}",0.021394388444101475,0.02139419707938868,1.0,1e-05,True,40,development_isotonic_frozen
s1-i6,development,1,oracle,entropy,6a0447763d263e97,"[[0, 2, 3, 11], [4, 5, 7, 10], [1, 6, 8, 9]]",0.4179002008296878,-0.4241287432123038,1.244721709118097,-5.09116992908511e-15,,1.0,0.02098484848484851,0.02098484848484851,0.435985824316389,0.03125,-1.0,"{""1"": 1}",0.02098484848484851,0.020984416783691104,0.858855372810708,1e-05,True,40,development_isotonic_frozen
s1-i6,development,1,oracle,dependency_cmi,61cc8227886bcfd5,"[[0, 1, 2, 7], [3, 4, 5, 6], [8, 9, 10, 11]]",0.4179002008296878,-0.4737649642761495,1.1863540639626053,-4.4726979721534694e-15,,1.0,0.0027003588516746396,0.0027003588516746396,0.435985824316389,0.03125,-1.0,"{""1"": 1}",0.0027003588516746396,0.002700340596982781,1.0,1e-05,True,40,development_isotonic_frozen
s1-i6,development,1,oracle,min_within_batch_tc,41d35b58ab067324,"[[0, 2, 3, 4], [5, 7, 10, 11], [1, 6, 8, 9]]",0.4179002008296878,-0.42428983098643586,1.239990698338884,-5.09116992908511e-15,,1.0,0.020984848484848505,0.020984848484848505,0.435985824316389,0.03125,-1.0,"{""1"": 1}",0.020984848484848505,0.02098441678369111,0.8588553728107082,1e-05,True,40,development_isotonic_frozen
s1-i6,development,1,oracle,dprm_myopic,0e1ffaad88980143,"[[0, 2, 6, 7], [1, 3, 4, 5], [8, 9, 10, 11]]",0.4179002008296878,-0.4648303560295779,1.1968835660649215,-6.5157329945969695e-15,,0.0,0.08769131873876618,0.08769131873876618,0.10441606039353375,0.09375,-1.0,"{""3"": 1}",0.08769131873876618,0.08768588481346705,1.6355701625290664,1e-05,True,40,development_isotonic_frozen
s1-i6,development,1,oracle,dprm_rollout,3ece52e622cc9833,"[[2, 6, 7, 11], [0, 5, 8, 9], [1, 3, 4, 10]]",0.4179002008296878,-0.489567829745462,1.1680499901752084,-4.886728411228627e-15,,0.0,0.08769131873876618,0.08769131873876618,0.10441606039353375,0.15625,-1.0,"{""3"": 1}",0.08769131873876618,0.08768588481346705,1.6355701625290664,1e-05,True,40,development_isotonic_frozen
s1-i6,development,1,oracle,subset_exact,aa0bb5294bc566c7,"[[0, 1, 3, 4], [2, 6, 7, 11], [5, 8, 9, 10]]",0.4179002008296878,-0.4572455631011642,1.1902979737475798,-5.4964891146199375e-15,,0.0,0.09133639769789723,0.09133639769789723,0.10441606039353375,0.09375,0.0,"{""3"": 1}",0.09133639769789723,0.0913354168164868,1.05514959304781,1e-05,True,40,development_isotonic_frozen
s1-i6,development,1,oracle,subset_beam_8,aa0bb5294bc566c7,"[[0, 1, 3, 4], [2, 6, 7, 11], [5, 8, 9, 10]]",0.4179002008296878,-0.4572455631011642,1.1902979737475798,-5.4964891146199375e-15,,0.0,0.09133639769789723,0.09133639769789723,0.10441606039353375,0.09375,0.0,"{""3"": 1}",0.09133639769789723,0.0913354168164868,1.05514959304781,1e-05,True,40,development_isotonic_frozen
s1-i6,development,1,oracle,subset_beam_32,aa0bb5294bc566c7,"[[0, 1, 3, 4], [2, 6, 7, 11], [5, 8, 9, 10]]",0.4179002008296878,-0.4572455631011642,1.1902979737475798,-5.4964891146199375e-15,,0.0,0.09133639769789723,0.09133639769789723,0.10441606039353375,0.09375,0.0,"{""3"": 1}",0.09133639769789723,0.0913354168164868,1.05514959304781,1e-05,True,40,development_isotonic_frozen
s1-i6,development,1,oracle,saps_diagonal,ca0e7c59fa9d3b7b,"[[4, 5, 8, 9], [0, 1, 2, 7], [3, 6, 10, 11]]",0.4179002008296878,-0.5301953298775962,1.1192965045490955,-4.023365354410054e-15,,1.0,0.004204545454545461,0.004204545454545461,0.435985824316389,0.03125,0.0,"{""1"": 1}",0.004204545454545461,0.004204496379448281,0.8588553728107082,1e-05,True,40,development_isotonic_frozen
s1-i6,development,1,oracle,p_saps_residualized,e74ea90740773263,"[[1, 6, 10, 11], [0, 2, 4, 9], [3, 5, 7, 8]]",0.4179002008296878,-0.4823259059403034,1.141779365769579,-4.472099190746293e-15,,1.0,0.0340909090909091,0.0340909090909091,0.435985824316389,0.21875,-1.0,"{""1"": 1}",0.0340909090909091,0.034090668068682495,1.0000000000000002,1e-05,True,80,development_isotonic_frozen
s1-i6,development,1,oracle,p_saps_projection,60e3a665b5c1b30c,"[[0, 4, 6, 9], [2, 5, 8, 11], [1, 3, 7, 10]]",0.4179002008296878,-0.48311654853299196,1.1575507948257673,-3.902959387722269e-15,,1.0,0.03409090909090911,0.03409090909090911,0.435985824316389,0.09375,-1.0,"{""1"": 1}",0.03409090909090911,0.03409066806868249,1.0000000000000004,1e-05,True,640,development_isotonic_frozen
s1-i6,development,1,oracle,b_saps_budgeted,ca0e7c59fa9d3b7b,"[[4, 5, 8, 9], [0, 1, 2, 7], [3, 6, 10, 11]]",0.4179002008296878,-0.5301953298775962,1.1192965045490955,-4.023365354410054e-15,,1.0,0.004204545454545461,0.004204545454545461,0.435985824316389,0.03125,0.0,"{""1"": 1}",0.004204545454545461,0.004204496379448281,0.8588553728107082,1e-05,True,40,development_isotonic_frozen
s1-i6,development,1,oracle,random_balanced,180dc7a64d6816f6,"[[4, 5, 8], [2, 7, 9], [0, 1, 11], [3, 6, 10]]",0.14957977747539739,-0.7723967655180268,1.7055298821977187,-1.9318649906405492e-15,,1.0,0.017152777777777767,0.017152777777777767,0.15169790814761877,0.0,-1.0,"{""1"": 1}",0.017152777777777767,0.017152281351143096,0.9612027698647203,1e-05,True,40,development_isotonic_frozen
s1-i6,development,1,oracle,confidence,48af5e00bd814189,"[[0, 2, 11], [3, 4, 10], [5, 6, 7], [1, 8, 9]]",0.14957977747539739,-0.6291728175282622,1.8556221134637492,-3.2081950307978796e-15,,0.0,0.03352137857577604,0.03352137857577604,0.15169790814761877,0.03125,-1.0,"{""2"": 1}",0.03352137857577604,0.033520366091532604,1.0677403146033382,1e-05,True,40,development_isotonic_frozen
s1-i6,development,1,oracle,entropy,95d4076fbee70ff5,"[[0, 2, 3], [5, 10, 11], [4, 6, 7], [1, 8, 9]]",0.14957977747539739,-0.6465887807752879,1.8587666903577906,-3.2081950307978796e-15,,0.0,0.03352137857577607,0.03352137857577607,0.15169790814761877,0.0625,-1.0,"{""2"": 1}",0.03352137857577607,0.03352036609153262,1.0677403146033388,1e-05,True,40,development_isotonic_frozen
s1-i6,development,1,oracle,dependency_cmi,5bd2df8631683952,"[[0, 1, 2], [3, 4, 6], [5, 7, 9], [8, 10, 11]]",0.14957977747539739,-0.7140368836020018,1.7634943925757225,-1.8204333500282985e-15,,1.0,0.0029608585858585884,0.0029608585858585884,0.15169790814761877,0.0,-1.0,"{""1"": 1}",0.0029608585858585884,0.002960839089829386,1.0,1e-05,True,40,development_isotonic_frozen
s1-i6,development,1,oracle,min_within_batch_tc,46552d37867db91a,"[[0, 2, 3], [4, 5, 6], [7, 10, 11], [1, 8, 9]]",0.14957977747539739,-0.6547873960603855,1.846557703093821,-2.0733130115729658e-15,,1.0,0.0029608585858585884,0.0029608585858585884,0.15169790814761877,0.0625,-1.0,"{""1"": 1}",0.0029608585858585884,0.0029608390898293873,1.0000000000000002,1e-05,True,40,development_isotonic_frozen
s1-i6,development,1,oracle,dprm_myopic,c6e65db41842184a,"[[2, 6, 7], [0, 1, 3], [4, 5, 8], [9, 10, 11]]",0.14957977747539739,-0.7262562628756295,1.7622396850246416,-3.421606799597157e-15,,0.0,0.08769131873876618,0.08769131873876618,0.03520072117544284,0.0,-1.0,"{""3"": 1}",0.08769131873876618,0.08768588481346705,1.6355701625290664,1e-05,True,40,development_isotonic_frozen
s1-i6,development,1,oracle,dprm_rollout,c6e65db41842184a,"[[2, 6, 7], [0, 1, 3], [4, 5, 8], [9, 10, 11]]",0.14957977747539739,-0.7262562628756295,1.7622396850246416,-3.421606799597157e-15,,0.0,0.08769131873876618,0.08769131873876618,0.03520072117544284,0.0,-1.0,"{""3"": 1}",0.08769131873876618,0.08768588481346705,1.6355701625290664,1e-05,True,40,development_isotonic_frozen
s1-i6,development,1,oracle,subset_exact,608ab395b1339a06,"[[0, 1, 4], [2, 3, 11], [5, 6, 10], [7, 8, 9]]",0.14957977747539739,-0.6731411750088787,1.7934353559744851,-2.373122602277535e-15,,1.0,0.010120320855614961,0.010120320855614961,0.15169790814761877,0.0,0.0,"{""1"": 1}",0.010120320855614961,0.010120254093575264,0.9999999999999998,1e-05,True,40,development_isotonic_frozen
s1-i6,development,1,oracle,subset_beam_8,608ab395b1339a06,"[[0, 1, 4], [2, 3, 11], [5, 6, 10], [7, 8, 9]]",0.14957977747539739,-0.6731411750088787,1.7934353559744851,-2.373122602277535e-15,,1.0,0.010120320855614961,0.010120320855614961,0.15169790814761877,0.0,0.0,"{""1"": 1}",0.010120320855614961,0.010120254093575264,0.9999999999999998,1e-05,True,40,development_isotonic_frozen
s1-i6,development,1,oracle,subset_beam_32,608ab395b1339a06,"[[0, 1, 4], [2, 3, 11], [5, 6, 10], [7, 8, 9]]",0.14957977747539739,-0.6731411750088787,1.7934353559744851,-2.373122602277535e-15,,1.0,0.010120320855614961,0.010120320855614961,0.15169790814761877,0.0,0.0,"{""1"": 1}",0.010120320855614961,0.010120254093575264,0.9999999999999998,1e-05,True,40,development_isotonic_frozen
s1-i6,development,1,oracle,saps_diagonal,180dc7a64d6816f6,"[[4, 5, 8], [2, 7, 9], [0, 1, 11], [3, 6, 10]]",0.14957977747539739,-0.7723967655180268,1.7055298821977187,-1.9318649906405492e-15,,1.0,0.017152777777777767,0.017152777777777767,0.15169790814761877,0.0,-1.0,"{""1"": 1}",0.017152777777777767,0.017152281351143096,0.9612027698647203,1e-05,True,40,development_isotonic_frozen
s1-i6,development,1,oracle,p_saps_residualized,31a6f6c67f363880,"[[6, 10, 11], [0, 1, 9], [2, 4, 5], [3, 7, 8]]",0.14957977747539739,-0.7253204886237677,1.7252355847857592,-2.9267777736460025e-15,,1.0,0.017219251336898403,0.017219251336898403,0.15169790814761877,0.03125,0.0,"{""1"": 1}",0.017219251336898403,0.017219135454919633,1.0000000000000004,1e-05,True,80,development_isotonic_frozen
s1-i6,development,1,oracle,p_saps_projection,d701d57805f1778a,"[[0, 8, 11], [2, 6, 7], [3, 4, 5], [1, 9, 10]]",0.14957977747539739,-0.6821927016428487,1.8022642164217573,-3.9506652897496274e-15,,0.0,0.09133639769789723,0.09133639769789723,0.03520072117544284,0.0625,-1.0,"{""3"": 1}",0.09133639769789723,0.09133541681648677,1.0551495930478096,1e-05,True,640,development_isotonic_frozen
s1-i6,development,1,oracle,b_saps_budgeted,180dc7a64d6816f6,"[[4, 5, 8], [2, 7, 9], [0, 1, 11], [3, 6, 10]]",0.14957977747539739,-0.7723967655180268,1.7055298821977187,-1.9318649906405492e-15,,1.0,0.017152777777777767,0.017152777777777767,0.15169790814761877,0.0,-1.0,"{""1"": 1}",0.017152777777777767,0.017152281351143096,0.9612027698647203,1e-05,True,40,development_isotonic_frozen
s1-i6,development,1,oracle,random_balanced,180dc7a64d6816f6,"[[4, 5, 8], [2, 7, 9], [0, 1, 11], [3, 6, 10]]",0.3024354243571624,-0.7723967655180268,1.7055298821977187,-1.9318649906405492e-15,,1.0,0.017152777777777767,0.017152777777777767,0.30663109799643873,0.0625,0.0,"{""1"": 1}",0.017152777777777767,0.017152281351143096,0.9612027698647203,1e-05,True,40,development_isotonic_frozen
s1-i6,development,1,oracle,confidence,48af5e00bd814189,"[[0, 2, 11], [3, 4, 10], [5, 6, 7], [1, 8, 9]]",0.3024354243571624,-0.6291728175282622,1.8556221134637492,-3.2081950307978796e-15,,0.0,0.03352137857577604,0.03352137857577604,0.30663109799643873,0.0,0.0,"{""2"": 1}",0.03352137857577604,0.033520366091532604,1.0677403146033382,1e-05,True,40,development_isotonic_frozen
s1-i6,development,1,oracle,entropy,95d4076fbee70ff5,"[[0, 2, 3], [5, 10, 11], [4, 6, 7], [1, 8, 9]]",0.3024354243571624,-0.6465887807752879,1.8587666903577906,-3.2081950307978796e-15,,0.0,0.03352137857577607,0.03352137857577607,0.30663109799643873,0.0625,0.0,"{""2"": 1}",0.03352137857577607,0.03352036609153262,1.0677403146033388,1e-05,True,40,development_isotonic_frozen
s1-i6,development,1,oracle,dependency_cmi,5bd2df8631683952,"[[0, 1, 2], [3, 4, 6], [5, 7, 9], [8, 10, 11]]",0.3024354243571624,-0.7140368836020018,1.7634943925757225,-1.8204333500282985e-15,,1.0,0.0029608585858585884,0.0029608585858585884,0.30663109799643873,0.03125,0.0,"{""1"": 1}",0.0029608585858585884,0.002960839089829386,1.0,1e-05,True,40,development_isotonic_frozen
s1-i6,development,1,oracle,min_within_batch_tc,46552d37867db91a,"[[0, 2, 3], [4, 5, 6], [7, 10, 11], [1, 8, 9]]",0.3024354243571624,-0.6547873960603855,1.846557703093821,-2.0733130115729658e-15,,1.0,0.0029608585858585884,0.0029608585858585884,0.30663109799643873,0.0,0.0,"{""1"": 1}",0.0029608585858585884,0.0029608390898293873,1.0000000000000002,1e-05,True,40,development_isotonic_frozen
s1-i6,development,1,oracle,dprm_myopic,c6e65db41842184a,"[[2, 6, 7], [0, 1, 3], [4, 5, 8], [9, 10, 11]]",0.3024354243571624,-0.7262562628756295,1.7622396850246416,-3.421606799597157e-15,,0.0,0.08769131873876618,0.08769131873876618,0.07586904783624221,0.03125,0.0,"{""3"": 1}",0.08769131873876618,0.08768588481346705,1.6355701625290664,1e-05,True,40,development_isotonic_frozen
s1-i6,development,1,oracle,dprm_rollout,1fbbd789afa3d832,"[[2, 4, 7], [0, 5, 6], [1, 3, 8], [9, 10, 11]]",0.3024354243571624,-0.7071928794441406,1.7783859329343317,-3.139253691495554e-15,,1.0,0.00270035885167464,0.00270035885167464,0.30663109799643873,0.0625,0.0,"{""1"": 1}",0.00270035885167464,0.0027003405969827803,0.9999999999999996,1e-05,True,40,development_isotonic_frozen
s1-i6,development,1,oracle,subset_exact,43db48a851cf1841,"[[0, 1, 2], [3, 4, 11], [5, 6, 10], [7, 8, 9]]",0.3024354243571624,-0.6713923882646647,1.8020402059532161,-2.322037513960718e-15,,1.0,0.0003442513368983961,0.0003442513368983961,0.30663109799643873,0.03125,0.0,"{""1"": 1}",0.0003442513368983961,0.00034424913722894476,0.9999999999999999,1e-05,True,40,development_isotonic_frozen
s1-i6,development,1,oracle,subset_beam_8,43db48a851cf1841,"[[0, 1, 2], [3, 4, 11], [5, 6, 10], [7, 8, 9]]",0.3024354243571624,-0.6713923882646647,1.8020402059532161,-2.322037513960718e-15,,1.0,0.0003442513368983961,0.0003442513368983961,0.30663109799643873,0.03125,0.0,"{""1"": 1}",0.0003442513368983961,0.00034424913722894476,0.9999999999999999,1e-05,True,40,development_isotonic_frozen
s1-i6,development,1,oracle,subset_beam_32,43db48a851cf1841,"[[0, 1, 2], [3, 4, 11], [5, 6, 10], [7, 8, 9]]",0.3024354243571624,-0.6713923882646647,1.8020402059532161,-2.322037513960718e-15,,1.0,0.0003442513368983961,0.0003442513368983961,0.30663109799643873,0.03125,0.0,"{""1"": 1}",0.0003442513368983961,0.00034424913722894476,0.9999999999999999,1e-05,True,40,development_isotonic_frozen
s1-i6,development,1,oracle,saps_diagonal,180dc7a64d6816f6,"[[4, 5, 8], [2, 7, 9], [0, 1, 11], [3, 6, 10]]",0.3024354243571624,-0.7723967655180268,1.7055298821977187,-1.9318649906405492e-15,,1.0,0.017152777777777767,0.017152777777777767,0.30663109799643873,0.0625,0.0,"{""1"": 1}",0.017152777777777767,0.017152281351143096,0.9612027698647203,1e-05,True,40,development_isotonic_frozen
s1-i6,development,1,oracle,p_saps_residualized,31a6f6c67f363880,"[[6, 10, 11], [0, 1, 9], [2, 4, 5], [3, 7, 8]]",0.3024354243571624,-0.7253204886237677,1.7252355847857592,-2.9267777736460025e-15,,1.0,0.017219251336898403,0.017219251336898403,0.30663109799643873,0.03125,0.0,"{""1"": 1}",0.017219251336898403,0.017219135454919633,1.0000000000000004,1e-05,True,80,development_isotonic_frozen
s1-i6,development,1,oracle,p_saps_projection,d701d57805f1778a,"[[0, 8, 11], [2, 6, 7], [3, 4, 5], [1, 9, 10]]",0.3024354243571624,-0.6821927016428487,1.8022642164217573,-3.9506652897496274e-15,,0.0,0.09133639769789723,0.09133639769789723,0.07586904783624221,0.0,0.0,"{""3"": 1}",0.09133639769789723,0.09133541681648677,1.0551495930478096,1e-05,True,640,development_isotonic_frozen
s1-i6,development,1,oracle,b_saps_budgeted,180dc7a64d6816f6,"[[4, 5, 8], [2, 7, 9], [0, 1, 11], [3, 6, 10]]",0.3024354243571624,-0.7723967655180268,1.7055298821977187,-1.9318649906405492e-15,,1.0,0.017152777777777767,0.017152777777777767,0.30663109799643873,0.0625,0.0,"{""1"": 1}",0.017152777777777767,0.017152281351143096,0.9612027698647203,1e-05,True,40,development_isotonic_frozen
s1-i6,development,1,oracle,random_balanced,180dc7a64d6816f6,"[[4, 5, 8], [2, 7, 9], [0, 1, 11], [3, 6, 10]]",0.4299572831541552,-0.7723967655180268,1.7055298821977187,-1.9318649906405492e-15,,1.0,0.017152777777777767,0.017152777777777767,0.435985824316389,0.09375,0.0,"{""1"": 1}",0.017152777777777767,0.017152281351143096,0.9612027698647203,1e-05,True,40,development_isotonic_frozen
s1-i6,development,1,oracle,confidence,48af5e00bd814189,"[[0, 2, 11], [3, 4, 10], [5, 6, 7], [1, 8, 9]]",0.4299572831541552,-0.6291728175282622,1.8556221134637492,-3.2081950307978796e-15,,0.0,0.03352137857577604,0.03352137857577604,0.435985824316389,0.21875,-1.0,"{""2"": 1}",0.03352137857577604,0.033520366091532604,1.0677403146033382,1e-05,True,40,development_isotonic_frozen
s1-i6,development,1,oracle,entropy,95d4076fbee70ff5,"[[0, 2, 3], [5, 10, 11], [4, 6, 7], [1, 8, 9]]",0.4299572831541552,-0.6465887807752879,1.8587666903577906,-3.2081950307978796e-15,,0.0,0.03352137857577607,0.03352137857577607,0.435985824316389,0.125,-1.0,"{""2"": 1}",0.03352137857577607,0.03352036609153262,1.0677403146033388,1e-05,True,40,development_isotonic_frozen
s1-i6,development,1,oracle,dependency_cmi,5bd2df8631683952,"[[0, 1, 2], [3, 4, 6], [5, 7, 9], [8, 10, 11]]",0.4299572831541552,-0.7140368836020018,1.7634943925757225,-1.8204333500282985e-15,,1.0,0.0029608585858585884,0.0029608585858585884,0.435985824316389,0.0625,-1.0,"{""1"": 1}",0.0029608585858585884,0.002960839089829386,1.0,1e-05,True,40,development_isotonic_frozen
s1-i6,development,1,oracle,min_within_batch_tc,46552d37867db91a,"[[0, 2, 3], [4, 5, 6], [7, 10, 11], [1, 8, 9]]",0.4299572831541552,-0.6547873960603855,1.846557703093821,-2.0733130115729658e-15,,1.0,0.0029608585858585884,0.0029608585858585884,0.435985824316389,0.0625,-1.0,"{""1"": 1}",0.0029608585858585884,0.0029608390898293873,1.0000000000000002,1e-05,True,40,development_isotonic_frozen
s1-i6,development,1,oracle,dprm_myopic,c6e65db41842184a,"[[2, 6, 7], [0, 1, 3], [4, 5, 8], [9, 10, 11]]",0.4299572831541552,-0.7262562628756295,1.7622396850246416,-3.421606799597157e-15,,0.0,0.08769131873876618,0.08769131873876618,0.10441606039353375,0.0625,-1.0,"{""3"": 1}",0.08769131873876618,0.08768588481346705,1.6355701625290664,1e-05,True,40,development_isotonic_frozen
s1-i6,development,1,oracle,dprm_rollout,c7670d8314a4ccbc,"[[2, 3, 10], [4, 5, 7], [0, 1, 8], [6, 9, 11]]",0.4299572831541552,-0.702209154830796,1.7917411123990412,-3.714702383353375e-15,,1.0,0.018402777777777733,0.018402777777777733,0.435985824316389,0.03125,-1.0,"{""1"": 1}",0.018402777777777733,0.01839879474668353,0.9612027698647205,1e-05,True,40,development_isotonic_frozen
s1-i6,development,1,oracle,subset_exact,8c54a96a138557bb,"[[0, 1, 3], [2, 4, 11], [5, 6, 10], [7, 8, 9]]",0.4299572831541552,-0.6779697488273905,1.8003695040902956,-2.4292198282170384e-15,,1.0,0.010120320855614975,0.010120320855614975,0.435985824316389,0.09375,0.0,"{""1"": 1}",0.010120320855614975,0.010120254093575266,0.9999999999999996,1e-05,True,40,development_isotonic_frozen
s1-i6,development,1,oracle,subset_beam_8,8c54a96a138557bb,"[[0, 1, 3], [2, 4, 11], [5, 6, 10], [7, 8, 9]]",0.4299572831541552,-0.6779697488273905,1.8003695040902956,-2.4292198282170384e-15,,1.0,0.010120320855614975,0.010120320855614975,0.435985824316389,0.09375,0.0,"{""1"": 1}",0.010120320855614975,0.010120254093575266,0.9999999999999996,1e-05,True,40,development_isotonic_frozen
s1-i6,development,1,oracle,subset_beam_32,8c54a96a138557bb,"[[0, 1, 3], [2, 4, 11], [5, 6, 10], [7, 8, 9]]",0.4299572831541552,-0.6779697488273905,1.8003695040902956,-2.4292198282170384e-15,,1.0,0.010120320855614975,0.010120320855614975,0.435985824316389,0.09375,0.0,"{""1"": 1}",0.010120320855614975,0.010120254093575266,0.9999999999999996,1e-05,True,40,development_isotonic_frozen
s1-i6,development,1,oracle,saps_diagonal,180dc7a64d6816f6,"[[4, 5, 8], [2, 7, 9], [0, 1, 11], [3, 6, 10]]",0.4299572831541552,-0.7723967655180268,1.7055298821977187,-1.9318649906405492e-15,,1.0,0.017152777777777767,0.017152777777777767,0.435985824316389,0.09375,0.0,"{""1"": 1}",0.017152777777777767,0.017152281351143096,0.9612027698647203,1e-05,True,40,development_isotonic_frozen
s1-i6,development,1,oracle,p_saps_residualized,31a6f6c67f363880,"[[6, 10, 11], [0, 1, 9], [2, 4, 5], [3, 7, 8]]",0.4299572831541552,-0.7253204886237677,1.7252355847857592,-2.9267777736460025e-15,,1.0,0.017219251336898403,0.017219251336898403,0.435985824316389,0.125,-1.0,"{""1"": 1}",0.017219251336898403,0.017219135454919633,1.0000000000000004,1e-05,True,80,development_isotonic_frozen
s1-i6,development,1,oracle,p_saps_projection,d701d57805f1778a,"[[0, 8, 11], [2, 6, 7], [3, 4, 5], [1, 9, 10]]",0.4299572831541552,-0.6821927016428487,1.8022642164217573,-3.9506652897496274e-15,,0.0,0.09133639769789723,0.09133639769789723,0.10441606039353375,0.1875,-1.0,"{""3"": 1}",0.09133639769789723,0.09133541681648677,1.0551495930478096,1e-05,True,640,development_isotonic_frozen
s1-i6,development,1,oracle,b_saps_budgeted,180dc7a64d6816f6,"[[4, 5, 8], [2, 7, 9], [0, 1, 11], [3, 6, 10]]",0.4299572831541552,-0.7723967655180268,1.7055298821977187,-1.9318649906405492e-15,,1.0,0.017152777777777767,0.017152777777777767,0.435985824316389,0.09375,0.0,"{""1"": 1}",0.017152777777777767,0.017152281351143096,0.9612027698647203,1e-05,True,40,development_isotonic_frozen
s1-i6,development,1,random_matched,random_balanced,8a4f20d215a3b9a1,"[[0, 1, 2, 3, 4, 5, 6, 7, 8, 9, 10, 11]]",2.2821376720595645,-0.0,0.0,-1.618980043506113e-14,,0.0,0.18437510388482245,0.18437510388482245,2.2821376720595645,0.0,-1.0,"{""4"": 9, ""2"": 11, ""3"": 10}",0.18437510388482245,0.18437272543255095,29.237759852765727,1e-05,True,40,development_isotonic_frozen
s1-i6,development,1,random_matched,confidence,8a4f20d215a3b9a1,"[[0, 1, 2, 3, 4, 5, 6, 7, 8, 9, 10, 11]]",2.2821376720595645,-0.0,0.0,-1.618980043506113e-14,,0.0,0.18437510388482245,0.18437510388482245,2.2821376720595645,0.0,-1.0,"{""4"": 9, ""2"": 11, ""3"": 10}",0.18437510388482245,0.18437272543255095,29.237759852765727,1e-05,True,40,development_isotonic_frozen
s1-i6,development,1,random_matched,entropy,8a4f20d215a3b9a1,"[[0, 1, 2, 3, 4, 5, 6, 7, 8, 9, 10, 11]]",2.2821376720595645,-0.0,0.0,-1.618980043506113e-14,,0.0,0.18437510388482245,0.18437510388482245,2.2821376720595645,0.0,-1.0,"{""4"": 9, ""2"": 11, ""3"": 10}",0.18437510388482245,0.18437272543255095,29.237759852765727,1e-05,True,40,development_isotonic_frozen
s1-i6,development,1,random_matched,dependency_cmi,8a4f20d215a3b9a1,"[[0, 1, 2, 3, 4, 5, 6, 7, 8, 9, 10, 11]]",2.2821376720595645,-0.0,0.0,-1.618980043506113e-14,,0.0,0.18437510388482245,0.18437510388482245,2.2821376720595645,0.0,-1.0,"{""4"": 9, ""2"": 11, ""3"": 10}",0.18437510388482245,0.18437272543255095,29.237759852765727,1e-05,True,40,development_isotonic_frozen
s1-i6,development,1,random_matched,min_within_batch_tc,8a4f20d215a3b9a1,"[[0, 1, 2, 3, 4, 5, 6, 7, 8, 9, 10, 11]]",2.2821376720595645,-0.0,0.0,-1.618980043506113e-14,,0.0,0.18437510388482245,0.18437510388482245,2.2821376720595645,0.0,-1.0,"{""4"": 9, ""2"": 11, ""3"": 10}",0.18437510388482245,0.18437272543255095,29.237759852765727,1e-05,True,40,development_isotonic_frozen
s1-i6,development,1,random_matched,dprm_myopic,8a4f20d215a3b9a1,"[[0, 1, 2, 3, 4, 5, 6, 7, 8, 9, 10, 11]]",2.2821376720595645,-0.0,0.0,-1.618980043506113e-14,,0.0,0.18437510388482245,0.18437510388482245,2.2821376720595645,0.0,-1.0,"{""4"": 9, ""2"": 11, ""3"": 10}",0.18437510388482245,0.18437272543255095,29.237759852765727,1e-05,True,40,development_isotonic_frozen
s1-i6,development,1,random_matched,dprm_rollout,8a4f20d215a3b9a1,"[[0, 1, 2, 3, 4, 5, 6, 7, 8, 9, 10, 11]]",2.2821376720595645,-0.0,0.0,-1.618980043506113e-14,,0.0,0.18437510388482245,0.18437510388482245,2.2821376720595645,0.0,-1.0,"{""4"": 9, ""2"": 11, ""3"": 10}",0.18437510388482245,0.18437272543255095,29.237759852765727,1e-05,True,40,development_isotonic_frozen
s1-i6,development,1,random_matched,subset_exact,8a4f20d215a3b9a1,"[[0, 1, 2, 3, 4, 5, 6, 7, 8, 9, 10, 11]]",2.2821376720595645,-0.0,0.0,-1.618980043506113e-14,,0.0,0.18437510388482245,0.18437510388482245,2.2821376720595645,0.0,-1.0,"{""4"": 9, ""2"": 11, ""3"": 10}",0.18437510388482245,0.18437272543255095,29.237759852765727,1e-05,True,40,development_isotonic_frozen
s1-i6,development,1,random_matched,subset_beam_8,8a4f20d215a3b9a1,"[[0, 1, 2, 3, 4, 5, 6, 7, 8, 9, 10, 11]]",2.2821376720595645,-0.0,0.0,-1.618980043506113e-14,,0.0,0.18437510388482245,0.18437510388482245,2.2821376720595645,0.0,-1.0,"{""4"": 9, ""2"": 11, ""3"": 10}",0.18437510388482245,0.18437272543255095,29.237759852765727,1e-05,True,40,development_isotonic_frozen
s1-i6,development,1,random_matched,subset_beam_32,8a4f20d215a3b9a1,"[[0, 1, 2, 3, 4, 5, 6, 7, 8, 9, 10, 11]]",2.2821376720595645,-0.0,0.0,-1.618980043506113e-14,,0.0,0.18437510388482245,0.18437510388482245,2.2821376720595645,0.0,-1.0,"{""4"": 9, ""2"": 11, ""3"": 10}",0.18437510388482245,0.18437272543255095,29.237759852765727,1e-05,True,40,development_isotonic_frozen
s1-i6,development,1,random_matched,saps_diagonal,8a4f20d215a3b9a1,"[[0, 1, 2, 3, 4, 5, 6, 7, 8, 9, 10, 11]]",2.2821376720595645,-0.0,0.0,-1.618980043506113e-14,,0.0,0.18437510388482245,0.18437510388482245,2.2821376720595645,0.0,-1.0,"{""4"": 9, ""2"": 11, ""3"": 10}",0.18437510388482245,0.18437272543255095,29.237759852765727,1e-05,True,40,development_isotonic_frozen
s1-i6,development,1,random_matched,p_saps_residualized,8a4f20d215a3b9a1,"[[0, 1, 2, 3, 4, 5, 6, 7, 8, 9, 10, 11]]",2.2821376720595645,-0.0,0.0,-1.618980043506113e-14,,0.0,0.18437510388482245,0.18437510388482245,2.2821376720595645,0.0,-1.0,"{""4"": 9, ""2"": 11, ""3"": 10}",0.18437510388482245,0.18437272543255095,29.237759852765727,1e-05,True,40,development_isotonic_frozen
s1-i6,development,1,random_matched,p_saps_projection,8a4f20d215a3b9a1,"[[0, 1, 2, 3, 4, 5, 6, 7, 8, 9, 10, 11]]",2.2821376720595645,-0.0,0.0,-1.618980043506113e-14,,0.0,0.18437510388482245,0.18437510388482245,2.2821376720595645,0.0,-1.0,"{""4"": 9, ""2"": 11, ""3"": 10}",0.18437510388482245,0.18437272543255095,29.237759852765727,1e-05,True,40,development_isotonic_frozen
s1-i6,development,1,random_matched,b_saps_budgeted,8a4f20d215a3b9a1,"[[0, 1, 2, 3, 4, 5, 6, 7, 8, 9, 10, 11]]",2.2821376720595645,-0.0,0.0,-1.618980043506113e-14,,0.0,0.18437510388482245,0.18437510388482245,2.2821376720595645,0.0,-1.0,"{""4"": 9, ""2"": 11, ""3"": 10}",0.18437510388482245,0.18437272543255095,29.237759852765727,1e-05,True,40,development_isotonic_frozen
s1-i6,development,1,random_matched,random_balanced,8a4f20d215a3b9a1,"[[0, 1, 2, 3, 4, 5, 6, 7, 8, 9, 10, 11]]",4.814453986849428,-0.0,0.0,-1.618980043506113e-14,,0.0,0.18437510388482245,0.18437510388482245,4.814453986849428,0.03125,0.0,"{""4"": 9, ""2"": 11, ""3"": 10}",0.18437510388482245,0.18437272543255095,29.237759852765727,1e-05,True,40,development_isotonic_frozen
s1-i6,development,1,random_matched,confidence,8a4f20d215a3b9a1,"[[0, 1, 2, 3, 4, 5, 6, 7, 8, 9, 10, 11]]",4.814453986849428,-0.0,0.0,-1.618980043506113e-14,,0.0,0.18437510388482245,0.18437510388482245,4.814453986849428,0.03125,0.0,"{""4"": 9, ""2"": 11, ""3"": 10}",0.18437510388482245,0.18437272543255095,29.237759852765727,1e-05,True,40,development_isotonic_frozen
s1-i6,development,1,random_matched,entropy,8a4f20d215a3b9a1,"[[0, 1, 2, 3, 4, 5, 6, 7, 8, 9, 10, 11]]",4.814453986849428,-0.0,0.0,-1.618980043506113e-14,,0.0,0.18437510388482245,0.18437510388482245,4.814453986849428,0.03125,0.0,"{""4"": 9, ""2"": 11, ""3"": 10}",0.18437510388482245,0.18437272543255095,29.237759852765727,1e-05,True,40,development_isotonic_frozen
s1-i6,development,1,random_matched,dependency_cmi,8a4f20d215a3b9a1,"[[0, 1, 2, 3, 4, 5, 6, 7, 8, 9, 10, 11]]",4.814453986849428,-0.0,0.0,-1.618980043506113e-14,,0.0,0.18437510388482245,0.18437510388482245,4.814453986849428,0.03125,0.0,"{""4"": 9, ""2"": 11, ""3"": 10}",0.18437510388482245,0.18437272543255095,29.237759852765727,1e-05,True,40,development_isotonic_frozen
s1-i6,development,1,random_matched,min_within_batch_tc,8a4f20d215a3b9a1,"[[0, 1, 2, 3, 4, 5, 6, 7, 8, 9, 10, 11]]",4.814453986849428,-0.0,0.0,-1.618980043506113e-14,,0.0,0.18437510388482245,0.18437510388482245,4.814453986849428,0.03125,0.0,"{""4"": 9, ""2"": 11, ""3"": 10}",0.18437510388482245,0.18437272543255095,29.237759852765727,1e-05,True,40,development_isotonic_frozen
s1-i6,development,1,random_matched,dprm_myopic,8a4f20d215a3b9a1,"[[0, 1, 2, 3, 4, 5, 6, 7, 8, 9, 10, 11]]",4.814453986849428,-0.0,0.0,-1.618980043506113e-14,,0.0,0.18437510388482245,0.18437510388482245,4.814453986849428,0.03125,0.0,"{""4"": 9, ""2"": 11, ""3"": 10}",0.18437510388482245,0.18437272543255095,29.237759852765727,1e-05,True,40,development_isotonic_frozen
s1-i6,development,1,random_matched,dprm_rollout,8a4f20d215a3b9a1,"[[0, 1, 2, 3, 4, 5, 6, 7, 8, 9, 10, 11]]",4.814453986849428,-0.0,0.0,-1.618980043506113e-14,,0.0,0.18437510388482245,0.18437510388482245,4.814453986849428,0.03125,0.0,"{""4"": 9, ""2"": 11, ""3"": 10}",0.18437510388482245,0.18437272543255095,29.237759852765727,1e-05,True,40,development_isotonic_frozen
s1-i6,development,1,random_matched,subset_exact,8a4f20d215a3b9a1,"[[0, 1, 2, 3, 4, 5, 6, 7, 8, 9, 10, 11]]",4.814453986849428,-0.0,0.0,-1.618980043506113e-14,,0.0,0.18437510388482245,0.18437510388482245,4.814453986849428,0.03125,0.0,"{""4"": 9, ""2"": 11, ""3"": 10}",0.18437510388482245,0.18437272543255095,29.237759852765727,1e-05,True,40,development_isotonic_frozen
s1-i6,development,1,random_matched,subset_beam_8,8a4f20d215a3b9a1,"[[0, 1, 2, 3, 4, 5, 6, 7, 8, 9, 10, 11]]",4.814453986849428,-0.0,0.0,-1.618980043506113e-14,,0.0,0.18437510388482245,0.18437510388482245,4.814453986849428,0.03125,0.0,"{""4"": 9, ""2"": 11, ""3"": 10}",0.18437510388482245,0.18437272543255095,29.237759852765727,1e-05,True,40,development_isotonic_frozen
s1-i6,development,1,random_matched,subset_beam_32,8a4f20d215a3b9a1,"[[0, 1, 2, 3, 4, 5, 6, 7, 8, 9, 10, 11]]",4.814453986849428,-0.0,0.0,-1.618980043506113e-14,,0.0,0.18437510388482245,0.18437510388482245,4.814453986849428,0.03125,0.0,"{""4"": 9, ""2"": 11, ""3"": 10}",0.18437510388482245,0.18437272543255095,29.237759852765727,1e-05,True,40,development_isotonic_frozen
s1-i6,development,1,random_matched,saps_diagonal,8a4f20d215a3b9a1,"[[0, 1, 2, 3, 4, 5, 6, 7, 8, 9, 10, 11]]",4.814453986849428,-0.0,0.0,-1.618980043506113e-14,,0.0,0.18437510388482245,0.18437510388482245,4.814453986849428,0.03125,0.0,"{""4"": 9, ""2"": 11, ""3"": 10}",0.18437510388482245,0.18437272543255095,29.237759852765727,1e-05,True,40,development_isotonic_frozen
s1-i6,development,1,random_matched,p_saps_residualized,8a4f20d215a3b9a1,"[[0, 1, 2, 3, 4, 5, 6, 7, 8, 9, 10, 11]]",4.814453986849428,-0.0,0.0,-1.618980043506113e-14,,0.0,0.18437510388482245,0.18437510388482245,4.814453986849428,0.03125,0.0,"{""4"": 9, ""2"": 11, ""3"": 10}",0.18437510388482245,0.18437272543255095,29.237759852765727,1e-05,True,40,development_isotonic_frozen
s1-i6,development,1,random_matched,p_saps_projection,8a4f20d215a3b9a1,"[[0, 1, 2, 3, 4, 5, 6, 7, 8, 9, 10, 11]]",4.814453986849428,-0.0,0.0,-1.618980043506113e-14,,0.0,0.18437510388482245,0.18437510388482245,4.814453986849428,0.03125,0.0,"{""4"": 9, ""2"": 11, ""3"": 10}",0.18437510388482245,0.18437272543255095,29.237759852765727,1e-05,True,40,development_isotonic_frozen
s1-i6,development,1,random_matched,b_saps_budgeted,8a4f20d215a3b9a1,"[[0, 1, 2, 3, 4, 5, 6, 7, 8, 9, 10, 11]]",4.814453986849428,-0.0,0.0,-1.618980043506113e-14,,0.0,0.18437510388482245,0.18437510388482245,4.814453986849428,0.03125,0.0,"{""4"": 9, ""2"": 11, ""3"": 10}",0.18437510388482245,0.18437272543255095,29.237759852765727,1e-05,True,40,development_isotonic_frozen
s1-i6,development,1,random_matched,random_balanced,8a4f20d215a3b9a1,"[[0, 1, 2, 3, 4, 5, 6, 7, 8, 9, 10, 11]]",6.7797492149574206,-0.0,0.0,-1.618980043506113e-14,,0.0,0.18437510388482245,0.18437510388482245,6.7797492149574206,0.0,-1.0,"{""4"": 9, ""2"": 11, ""3"": 10}",0.18437510388482245,0.18437272543255095,29.237759852765727,1e-05,True,40,development_isotonic_frozen
s1-i6,development,1,random_matched,confidence,8a4f20d215a3b9a1,"[[0, 1, 2, 3, 4, 5, 6, 7, 8, 9, 10, 11]]",6.7797492149574206,-0.0,0.0,-1.618980043506113e-14,,0.0,0.18437510388482245,0.18437510388482245,6.7797492149574206,0.0,-1.0,"{""4"": 9, ""2"": 11, ""3"": 10}",0.18437510388482245,0.18437272543255095,29.237759852765727,1e-05,True,40,development_isotonic_frozen
s1-i6,development,1,random_matched,entropy,8a4f20d215a3b9a1,"[[0, 1, 2, 3, 4, 5, 6, 7, 8, 9, 10, 11]]",6.7797492149574206,-0.0,0.0,-1.618980043506113e-14,,0.0,0.18437510388482245,0.18437510388482245,6.7797492149574206,0.0,-1.0,"{""4"": 9, ""2"": 11, ""3"": 10}",0.18437510388482245,0.18437272543255095,29.237759852765727,1e-05,True,40,development_isotonic_frozen
s1-i6,development,1,random_matched,dependency_cmi,8a4f20d215a3b9a1,"[[0, 1, 2, 3, 4, 5, 6, 7, 8, 9, 10, 11]]",6.7797492149574206,-0.0,0.0,-1.618980043506113e-14,,0.0,0.18437510388482245,0.18437510388482245,6.7797492149574206,0.0,-1.0,"{""4"": 9, ""2"": 11, ""3"": 10}",0.18437510388482245,0.18437272543255095,29.237759852765727,1e-05,True,40,development_isotonic_frozen
s1-i6,development,1,random_matched,min_within_batch_tc,8a4f20d215a3b9a1,"[[0, 1, 2, 3, 4, 5, 6, 7, 8, 9, 10, 11]]",6.7797492149574206,-0.0,0.0,-1.618980043506113e-14,,0.0,0.18437510388482245,0.18437510388482245,6.7797492149574206,0.0,-1.0,"{""4"": 9, ""2"": 11, ""3"": 10}",0.18437510388482245,0.18437272543255095,29.237759852765727,1e-05,True,40,development_isotonic_frozen
s1-i6,development,1,random_matched,dprm_myopic,8a4f20d215a3b9a1,"[[0, 1, 2, 3, 4, 5, 6, 7, 8, 9, 10, 11]]",6.7797492149574206,-0.0,0.0,-1.618980043506113e-14,,0.0,0.18437510388482245,0.18437510388482245,6.7797492149574206,0.0,-1.0,"{""4"": 9, ""2"": 11, ""3"": 10}",0.18437510388482245,0.18437272543255095,29.237759852765727,1e-05,True,40,development_isotonic_frozen
s1-i6,development,1,random_matched,dprm_rollout,8a4f20d215a3b9a1,"[[0, 1, 2, 3, 4, 5, 6, 7, 8, 9, 10, 11]]",6.7797492149574206,-0.0,0.0,-1.618980043506113e-14,,0.0,0.18437510388482245,0.18437510388482245,6.7797492149574206,0.0,-1.0,"{""4"": 9, ""2"": 11, ""3"": 10}",0.18437510388482245,0.18437272543255095,29.237759852765727,1e-05,True,40,development_isotonic_frozen
s1-i6,development,1,random_matched,subset_exact,8a4f20d215a3b9a1,"[[0, 1, 2, 3, 4, 5, 6, 7, 8, 9, 10, 11]]",6.7797492149574206,-0.0,0.0,-1.618980043506113e-14,,0.0,0.18437510388482245,0.18437510388482245,6.7797492149574206,0.0,-1.0,"{""4"": 9, ""2"": 11, ""3"": 10}",0.18437510388482245,0.18437272543255095,29.237759852765727,1e-05,True,40,development_isotonic_frozen
s1-i6,development,1,random_matched,subset_beam_8,8a4f20d215a3b9a1,"[[0, 1, 2, 3, 4, 5, 6, 7, 8, 9, 10, 11]]",6.7797492149574206,-0.0,0.0,-1.618980043506113e-14,,0.0,0.18437510388482245,0.18437510388482245,6.7797492149574206,0.0,-1.0,"{""4"": 9, ""2"": 11, ""3"": 10}",0.18437510388482245,0.18437272543255095,29.237759852765727,1e-05,True,40,development_isotonic_frozen
s1-i6,development,1,random_matched,subset_beam_32,8a4f20d215a3b9a1,"[[0, 1, 2, 3, 4, 5, 6, 7, 8, 9, 10, 11]]",6.7797492149574206,-0.0,0.0,-1.618980043506113e-14,,0.0,0.18437510388482245,0.18437510388482245,6.7797492149574206,0.0,-1.0,"{""4"": 9, ""2"": 11, ""3"": 10}",0.18437510388482245,0.18437272543255095,29.237759852765727,1e-05,True,40,development_isotonic_frozen
s1-i6,development,1,random_matched,saps_diagonal,8a4f20d215a3b9a1,"[[0, 1, 2, 3, 4, 5, 6, 7, 8, 9, 10, 11]]",6.7797492149574206,-0.0,0.0,-1.618980043506113e-14,,0.0,0.18437510388482245,0.18437510388482245,6.7797492149574206,0.0,-1.0,"{""4"": 9, ""2"": 11, ""3"": 10}",0.18437510388482245,0.18437272543255095,29.237759852765727,1e-05,True,40,development_isotonic_frozen
s1-i6,development,1,random_matched,p_saps_residualized,8a4f20d215a3b9a1,"[[0, 1, 2, 3, 4, 5, 6, 7, 8, 9, 10, 11]]",6.7797492149574206,-0.0,0.0,-1.618980043506113e-14,,0.0,0.18437510388482245,0.18437510388482245,6.7797492149574206,0.0,-1.0,"{""4"": 9, ""2"": 11, ""3"": 10}",0.18437510388482245,0.18437272543255095,29.237759852765727,1e-05,True,40,development_isotonic_frozen
s1-i6,development,1,random_matched,p_saps_projection,8a4f20d215a3b9a1,"[[0, 1, 2, 3, 4, 5, 6, 7, 8, 9, 10, 11]]",6.7797492149574206,-0.0,0.0,-1.618980043506113e-14,,0.0,0.18437510388482245,0.18437510388482245,6.7797492149574206,0.0,-1.0,"{""4"": 9, ""2"": 11, ""3"": 10}",0.18437510388482245,0.18437272543255095,29.237759852765727,1e-05,True,40,development_isotonic_frozen
s1-i6,development,1,random_matched,b_saps_budgeted,8a4f20d215a3b9a1,"[[0, 1, 2, 3, 4, 5, 6, 7, 8, 9, 10, 11]]",6.7797492149574206,-0.0,0.0,-1.618980043506113e-14,,0.0,0.18437510388482245,0.18437510388482245,6.7797492149574206,0.0,-1.0,"{""4"": 9, ""2"": 11, ""3"": 10}",0.18437510388482245,0.18437272543255095,29.237759852765727,1e-05,True,40,development_isotonic_frozen
s1-i6,development,1,random_matched,random_balanced,d84c1f94330a092e,"[[2, 4, 5, 7, 8, 9], [0, 1, 3, 6, 10, 11]]",4.018049847894572,-0.2661379433834729,0.5617215919612251,-5.737484371721728e-15,,14.0,0.13159054835700662,0.13159054835700662,4.078798160995675,0.0,-1.0,"{""4"": 1, ""2"": 12, ""1"": 14, ""3"": 3}",0.13159054835700662,0.13158684954833713,18.376589618191485,1e-05,True,40,development_isotonic_frozen
s1-i6,development,1,random_matched,confidence,8daf2e7406b4ec2a,"[[0, 2, 3, 4, 10, 11], [1, 5, 6, 7, 8, 9]]",4.018049847894572,-0.20100939662407646,0.6236392796443327,-7.664316102991761e-15,,10.0,0.07802315379711051,0.07802315379711051,4.317942870484211,0.0625,-1.0,"{""2"": 18, ""1"": 10, ""3"": 2}",0.07802315379711051,0.07802251288000205,19.756087513366904,1e-05,True,40,development_isotonic_frozen
s1-i6,development,1,random_matched,entropy,80d31662b4f9b339,"[[0, 2, 3, 5, 10, 11], [1, 4, 6, 7, 8, 9]]",4.018049847894572,-0.21343569827845835,0.6245807192017767,-7.650996301372996e-15,,13.0,0.08770404134387275,0.08770404134387275,3.9684513095676834,0.0,-1.0,"{""2"": 12, ""1"": 13, ""3"": 5}",0.08770404134387275,0.08770342337554698,20.153332409821257,1e-05,True,40,development_isotonic_frozen
s1-i6,development,1,random_matched,dependency_cmi,8faf2baa3c5bf55d,"[[0, 1, 2, 4, 7, 10], [3, 5, 6, 8, 9, 11]]",4.018049847894572,-0.2246491426458593,0.5938148510379971,-7.840936431385361e-15,,14.0,0.11812387997552222,0.11812387997552222,3.9684513095676834,0.03125,-1.0,"{""2"": 11, ""3"": 5, ""1"": 14}",0.11812387997552222,0.11812210596691347,17.90870009259087,1e-05,True,40,development_isotonic_frozen
s1-i6,development,1,random_matched,min_within_batch_tc,30e3b53e64a51724,"[[0, 2, 3, 4, 5, 6], [1, 7, 8, 9, 10, 11]]",4.018049847894572,-0.2216343135635558,0.6123717319378067,-6.890852690443865e-15,,12.0,0.16362565305039592,0.16362565305039592,3.9684513095676834,0.0,-1.0,"{""1"": 12, ""2"": 13, ""3"": 5}",0.16362565305039592,0.16362230870487143,21.49028549442323,1e-05,True,40,development_isotonic_frozen
s1-i6,development,1,random_matched,dprm_myopic,08a8b752dd2e9bf9,"[[0, 1, 2, 3, 6, 7], [4, 5, 8, 9, 10, 11]]",4.018049847894572,-0.2375152439753366,0.5932710226690509,-7.192513699999666e-15,,10.0,0.19769321914911875,0.19769321914911875,4.195295347967852,0.0,-1.0,"{""4"": 1, ""2"": 17, ""1"": 10, ""3"": 2}",0.19769321914911875,0.1976655231274314,20.579855493626717,1e-05,True,40,development_isotonic_frozen
s1-i6,development,1,random_matched,dprm_rollout,08a8b752dd2e9bf9,"[[0, 1, 2, 3, 6, 7], [4, 5, 8, 9, 10, 11]]",4.018049847894572,-0.2375152439753366,0.5932710226690509,-7.192513699999666e-15,,10.0,0.19769321914911875,0.19769321914911875,4.195295347967852,0.0,-1.0,"{""4"": 1, ""2"": 17, ""1"": 10, ""3"": 2}",0.19769321914911875,0.1976655231274314,20.579855493626717,1e-05,True,40,development_isotonic_frozen
s1-i6,development,1,random_matched,subset_exact,fd45fca10ebaf93d,"[[0, 1, 3, 4, 5, 6], [2, 7, 8, 9, 10, 11]]",4.018049847894572,-0.2411809600647352,0.5874326526738896,-6.1721557112516766e-15,,13.0,0.19234090581106428,0.19234090581106428,3.7231562645349636,0.0,0.0,"{""4"": 2, ""2"": 10, ""1"": 13, ""3"": 5}",0.19234090581106428,0.1923252525510288,21.54581984590785,1e-05,True,40,development_isotonic_frozen
s1-i6,development,1,random_matched,subset_beam_8,0de5696474dda1c3,"[[0, 1, 2, 3, 4, 5], [6, 7, 8, 9, 10, 11]]",4.018049847894572,-0.23056892181012748,0.6018422298354905,-1.1606481716144955e-14,,11.0,0.1015417328823658,0.1015417328823658,3.6128094131069717,0.0,-1.0,"{""1"": 11, ""2"": 11, ""4"": 1, ""3"": 7}",0.1015417328823658,0.10154085491115769,22.17094046620971,1e-05,True,40,development_isotonic_frozen
s1-i6,development,1,random_matched,subset_beam_32,0de5696474dda1c3,"[[0, 1, 2, 3, 4, 5], [6, 7, 8, 9, 10, 11]]",4.018049847894572,-0.23056892181012748,0.6018422298354905,-1.1606481716144955e-14,,11.0,0.1015417328823658,0.1015417328823658,3.6128094131069717,0.0,-1.0,"{""1"": 11, ""2"": 11, ""4"": 1, ""3"": 7}",0.1015417328823658,0.10154085491115769,22.17094046620971,1e-05,True,40,development_isotonic_frozen
s1-i6,development,1,random_matched,saps_diagonal,6eacb06ea5b822cb,"[[2, 3, 4, 8, 9, 10], [0, 1, 5, 6, 7, 11]]",4.018049847894572,-0.2488565672378338,0.5712125902476038,-6.9629276290364255e-15,,20.0,0.10617304255441948,0.10617304255441948,4.201445683512035,0.0,-1.0,"{""3"": 3, ""1"": 20, ""2"": 7}",0.10617304255441948,0.10617200152723827,18.85057661625466,1e-05,True,40,development_isotonic_frozen
s1-i6,development,1,random_matched,p_saps_residualized,656318a10deeb3de,"[[0, 1, 2, 5, 8, 9], [3, 4, 6, 7, 10, 11]]",4.018049847894572,-0.2623085997499092,0.5661797625666015,-6.823243119134267e-15,,15.0,0.13918586176295647,0.13918586176295647,4.08494849653986,0.03125,-1.0,"{""2"": 11, ""1"": 15, ""3"": 4}",0.13918586176295647,0.13918334581472697,21.147970524541403,1e-05,True,80,development_isotonic_frozen
s1-i6,development,1,random_matched,p_saps_projection,ed11f66cc1e9d943,"[[0, 1, 3, 6, 7, 11], [2, 4, 5, 8, 9, 10]]",4.018049847894572,-0.2391029429454186,0.5893971834695332,-7.005705053357164e-15,,12.0,0.19903254285165678,0.19903254285165678,3.496312226134796,0.0,0.0,"{""4"": 1, ""2"": 9, ""1"": 12, ""3"": 8}",0.19903254285165678,0.1990174781312572,21.254493622611356,1e-05,True,640,development_isotonic_frozen
s1-i6,development,1,random_matched,b_saps_budgeted,199751485bb288e6,"[[0, 2, 3, 5, 7, 9], [1, 4, 6, 8, 10, 11]]",4.018049847894572,-0.24705585433126973,0.5965706437863664,-8.296271596357688e-15,,10.0,0.1282196787141618,0.1282196787141618,4.550937244428563,0.0,-1.0,"{""2"": 20, ""1"": 10}",0.1282196787141618,0.12814105162696213,22.16322068101961,1e-05,True,40,development_isotonic_frozen
s1-i6,development,1,random_matched,random_balanced,d84c1f94330a092e,"[[2, 4, 5, 7, 8, 9], [0, 1, 3, 6, 10, 11]]",8.150014530074086,-0.2661379433834729,0.5617215919612251,-5.737484371721728e-15,,14.0,0.13159054835700662,0.13159054835700662,8.275884739252376,0.03125,0.0,"{""4"": 1, ""2"": 12, ""1"": 14, ""3"": 3}",0.13159054835700662,0.13158684954833713,18.376589618191485,1e-05,True,40,development_isotonic_frozen
s1-i6,development,1,random_matched,confidence,8daf2e7406b4ec2a,"[[0, 2, 3, 4, 10, 11], [1, 5, 6, 7, 8, 9]]",8.150014530074086,-0.20100939662407646,0.6236392796443327,-7.664316102991761e-15,,10.0,0.07802315379711051,0.07802315379711051,8.737408839572769,0.0625,0.0,"{""2"": 18, ""1"": 10, ""3"": 2}",0.07802315379711051,0.07802251288000205,19.756087513366904,1e-05,True,40,development_isotonic_frozen
s1-i6,development,1,random_matched,entropy,80d31662b4f9b339,"[[0, 2, 3, 5, 10, 11], [1, 4, 6, 7, 8, 9]]",8.150014530074086,-0.21343569827845835,0.6245807192017767,-7.650996301372996e-15,,13.0,0.08770404134387275,0.08770404134387275,8.04512268909218,0.0625,0.0,"{""2"": 12, ""1"": 13, ""3"": 5}",0.08770404134387275,0.08770342337554698,20.153332409821257,1e-05,True,40,development_isotonic_frozen
s1-i6,development,1,random_matched,dependency_cmi,8faf2baa3c5bf55d,"[[0, 1, 2, 4, 7, 10], [3, 5, 6, 8, 9, 11]]",8.150014530074086,-0.2246491426458593,0.5938148510379971,-7.840936431385361e-15,,14.0,0.11812387997552222,0.11812387997552222,8.04512268909218,0.03125,0.0,"{""2"": 11, ""3"": 5, ""1"": 14}",0.11812387997552222,0.11812210596691347,17.90870009259087,1e-05,True,40,development_isotonic_frozen
s1-i6,development,1,random_matched,min_within_batch_tc,30e3b53e64a51724,"[[0, 2, 3, 4, 5, 6], [1, 7, 8, 9, 10, 11]]",8.150014530074086,-0.2216343135635558,0.6123717319378067,-6.890852690443865e-15,,12.0,0.16362565305039592,0.16362565305039592,8.04512268909218,0.0625,0.0,"{""1"": 12, ""2"": 13, ""3"": 5}",0.16362565305039592,0.16362230870487143,21.49028549442323,1e-05,True,40,development_isotonic_frozen
s1-i6,development,1,random_matched,dprm_myopic,08a8b752dd2e9bf9,"[[0, 1, 2, 3, 6, 7], [4, 5, 8, 9, 10, 11]]",8.150014530074086,-0.2375152439753366,0.5932710226690509,-7.192513699999666e-15,,10.0,0.19769321914911875,0.19769321914911875,8.506646789412573,0.03125,0.0,"{""4"": 1, ""2"": 17, ""1"": 10, ""3"": 2}",0.19769321914911875,0.1976655231274314,20.579855493626717,1e-05,True,40,development_isotonic_frozen
s1-i6,development,1,random_matched,dprm_rollout,08a8b752dd2e9bf9,"[[0, 1, 2, 3, 6, 7], [4, 5, 8, 9, 10, 11]]",8.150014530074086,-0.2375152439753366,0.5932710226690509,-7.192513699999666e-15,,10.0,0.19769321914911875,0.19769321914911875,8.506646789412573,0.03125,0.0,"{""4"": 1, ""2"": 17, ""1"": 10, ""3"": 2}",0.19769321914911875,0.1976655231274314,20.579855493626717,1e-05,True,40,development_isotonic_frozen
s1-i6,development,1,random_matched,subset_exact,0de5696474dda1c3,"[[0, 1, 2, 3, 4, 5], [6, 7, 8, 9, 10, 11]]",8.150014530074086,-0.23056892181012748,0.6018422298354905,-1.1606481716144955e-14,,11.0,0.1015417328823658,0.1015417328823658,7.35283653861159,0.0625,0.0,"{""1"": 11, ""2"": 11, ""4"": 1, ""3"": 7}",0.1015417328823658,0.10154085491115769,22.17094046620971,1e-05,True,40,development_isotonic_frozen
s1-i6,development,1,random_matched,subset_beam_8,0de5696474dda1c3,"[[0, 1, 2, 3, 4, 5], [6, 7, 8, 9, 10, 11]]",8.150014530074086,-0.23056892181012748,0.6018422298354905,-1.1606481716144955e-14,,11.0,0.1015417328823658,0.1015417328823658,7.35283653861159,0.0625,0.0,"{""1"": 11, ""2"": 11, ""4"": 1, ""3"": 7}",0.1015417328823658,0.10154085491115769,22.17094046620971,1e-05,True,40,development_isotonic_frozen
s1-i6,development,1,random_matched,subset_beam_32,0de5696474dda1c3,"[[0, 1, 2, 3, 4, 5], [6, 7, 8, 9, 10, 11]]",8.150014530074086,-0.23056892181012748,0.6018422298354905,-1.1606481716144955e-14,,11.0,0.1015417328823658,0.1015417328823658,7.35283653861159,0.0625,0.0,"{""1"": 11, ""2"": 11, ""4"": 1, ""3"": 7}",0.1015417328823658,0.10154085491115769,22.17094046620971,1e-05,True,40,development_isotonic_frozen
s1-i6,development,1,random_matched,saps_diagonal,6eacb06ea5b822cb,"[[2, 3, 4, 8, 9, 10], [0, 1, 5, 6, 7, 11]]",8.150014530074086,-0.2488565672378338,0.5712125902476038,-6.9629276290364255e-15,,20.0,0.10617304255441948,0.10617304255441948,8.506646789412573,0.0,0.0,"{""3"": 3, ""1"": 20, ""2"": 7}",0.10617304255441948,0.10617200152723827,18.85057661625466,1e-05,True,40,development_isotonic_frozen
s1-i6,development,1,random_matched,p_saps_residualized,656318a10deeb3de,"[[0, 1, 2, 5, 8, 9], [3, 4, 6, 7, 10, 11]]",8.150014530074086,-0.2623085997499092,0.5661797625666015,-6.823243119134267e-15,,15.0,0.13918586176295647,0.13918586176295647,8.275884739252376,0.03125,0.0,"{""2"": 11, ""1"": 15, ""3"": 4}",0.13918586176295647,0.13918334581472697,21.147970524541403,1e-05,True,80,development_isotonic_frozen
s1-i6,development,1,random_matched,p_saps_projection,ed11f66cc1e9d943,"[[0, 1, 3, 6, 7, 11], [2, 4, 5, 8, 9, 10]]",8.150014530074086,-0.2391029429454186,0.5893971834695332,-7.005705053357164e-15,,12.0,0.19903254285165678,0.19903254285165678,7.122074488451394,0.03125,0.0,"{""4"": 1, ""2"": 9, ""1"": 12, ""3"": 8}",0.19903254285165678,0.1990174781312572,21.254493622611356,1e-05,True,640,development_isotonic_frozen
s1-i6,development,1,random_matched,b_saps_budgeted,199751485bb288e6,"[[0, 2, 3, 5, 7, 9], [1, 4, 6, 8, 10, 11]]",8.150014530074086,-0.24705585433126973,0.5965706437863664,-8.296271596357688e-15,,10.0,0.1282196787141618,0.1282196787141618,9.198932939893162,0.0625,0.0,"{""2"": 20, ""1"": 10}",0.1282196787141618,0.12814105162696213,22.16322068101961,1e-05,True,40,development_isotonic_frozen
s1-i6,development,1,random_matched,random_balanced,d84c1f94330a092e,"[[2, 4, 5, 7, 8, 9], [0, 1, 3, 6, 10, 11]]",11.572439438933237,-0.2661379433834729,0.5617215919612251,-5.737484371721728e-15,,14.0,0.13159054835700662,0.13159054835700662,11.753295673800249,0.03125,-1.0,"{""4"": 1, ""2"": 12, ""1"": 14, ""3"": 3}",0.13159054835700662,0.13158684954833713,18.376589618191485,1e-05,True,40,development_isotonic_frozen
s1-i6,development,1,random_matched,confidence,8daf2e7406b4ec2a,"[[0, 2, 3, 4, 10, 11], [1, 5, 6, 7, 8, 9]]",11.572439438933237,-0.20100939662407646,0.6236392796443327,-7.664316102991761e-15,,10.0,0.07802315379711051,0.07802315379711051,12.416435201645958,0.0625,-1.0,"{""2"": 18, ""1"": 10, ""3"": 2}",0.07802315379711051,0.07802251288000205,19.756087513366904,1e-05,True,40,development_isotonic_frozen
s1-i6,development,1,random_matched,entropy,80d31662b4f9b339,"[[0, 2, 3, 5, 10, 11], [1, 4, 6, 7, 8, 9]]",11.572439438933237,-0.21343569827845835,0.6245807192017767,-7.650996301372996e-15,,13.0,0.08770404134387275,0.08770404134387275,11.421725909877393,0.03125,-1.0,"{""2"": 12, ""1"": 13, ""3"": 5}",0.08770404134387275,0.08770342337554698,20.153332409821257,1e-05,True,40,development_isotonic_frozen
s1-i6,development,1,random_matched,dependency_cmi,8faf2baa3c5bf55d,"[[0, 1, 2, 4, 7, 10], [3, 5, 6, 8, 9, 11]]",11.572439438933237,-0.2246491426458593,0.5938148510379971,-7.840936431385361e-15,,14.0,0.11812387997552222,0.11812387997552222,11.421725909877393,0.0,-1.0,"{""2"": 11, ""3"": 5, ""1"": 14}",0.11812387997552222,0.11812210596691347,17.90870009259087,1e-05,True,40,development_isotonic_frozen
s1-i6,development,1,random_matched,min_within_batch_tc,30e3b53e64a51724,"[[0, 2, 3, 4, 5, 6], [1, 7, 8, 9, 10, 11]]",11.572439438933237,-0.2216343135635558,0.6123717319378067,-6.890852690443865e-15,,12.0,0.16362565305039592,0.16362565305039592,11.421725909877393,0.0,-1.0,"{""1"": 12, ""2"": 13, ""3"": 5}",0.16362565305039592,0.16362230870487143,21.49028549442323,1e-05,True,40,development_isotonic_frozen
s1-i6,development,1,random_matched,dprm_myopic,08a8b752dd2e9bf9,"[[0, 1, 2, 3, 6, 7], [4, 5, 8, 9, 10, 11]]",11.572439438933237,-0.2375152439753366,0.5932710226690509,-7.192513699999666e-15,,10.0,0.19769321914911875,0.19769321914911875,12.084865437723105,0.0625,-1.0,"{""4"": 1, ""2"": 17, ""1"": 10, ""3"": 2}",0.19769321914911875,0.1976655231274314,20.579855493626717,1e-05,True,40,development_isotonic_frozen
s1-i6,development,1,random_matched,dprm_rollout,b2042ee6bb3f9ca0,"[[2, 6, 7, 8, 10, 11], [0, 1, 3, 4, 5, 9]]",11.572439438933237,-0.23946410949587063,0.5811604602101957,-8.577783808521584e-15,,11.0,0.190377592468081,0.190377592468081,10.758586382031684,0.03125,-1.0,"{""3"": 6, ""2"": 12, ""1"": 11, ""4"": 1}",0.190377592468081,0.19036797049253268,19.12971135944087,1e-05,True,40,development_isotonic_frozen
s1-i6,development,1,random_matched,subset_exact,9d72fb6228f883d8,"[[0, 1, 2, 3, 5, 8], [4, 6, 7, 9, 10, 11]]",11.572439438933237,-0.24336175359951082,0.5928946855905968,-9.01561092454641e-15,,13.0,0.12296456627724636,0.12296456627724636,11.753295673800249,0.0,0.0,"{""1"": 13, ""2"": 13, ""3"": 4}",0.12296456627724636,0.12296305310039382,20.420481013102428,1e-05,True,40,development_isotonic_frozen
s1-i6,development,1,random_matched,subset_beam_8,9d72fb6228f883d8,"[[0, 1, 2, 3, 5, 8], [4, 6, 7, 9, 10, 11]]",11.572439438933237,-0.24336175359951082,0.5928946855905968,-9.01561092454641e-15,,13.0,0.12296456627724636,0.12296456627724636,11.753295673800249,0.0,0.0,"{""1"": 13, ""2"": 13, ""3"": 4}",0.12296456627724636,0.12296305310039382,20.420481013102428,1e-05,True,40,development_isotonic_frozen
s1-i6,development,1,random_matched,subset_beam_32,9d72fb6228f883d8,"[[0, 1, 2, 3, 5, 8], [4, 6, 7, 9, 10, 11]]",11.572439438933237,-0.24336175359951082,0.5928946855905968,-9.01561092454641e-15,,13.0,0.12296456627724636,0.12296456627724636,11.753295673800249,0.0,0.0,"{""1"": 13, ""2"": 13, ""3"": 4}",0.12296456627724636,0.12296305310039382,20.420481013102428,1e-05,True,40,development_isotonic_frozen
s1-i6,development,1,random_matched,saps_diagonal,6eacb06ea5b822cb,"[[2, 3, 4, 8, 9, 10], [0, 1, 5, 6, 7, 11]]",11.572439438933237,-0.2488565672378338,0.5712125902476038,-6.9629276290364255e-15,,20.0,0.10617304255441948,0.10617304255441948,12.084865437723105,0.0625,-1.0,"{""3"": 3, ""1"": 20, ""2"": 7}",0.10617304255441948,0.10617200152723827,18.85057661625466,1e-05,True,40,development_isotonic_frozen
s1-i6,development,1,random_matched,p_saps_residualized,656318a10deeb3de,"[[0, 1, 2, 5, 8, 9], [3, 4, 6, 7, 10, 11]]",11.572439438933237,-0.2623085997499092,0.5661797625666015,-6.823243119134267e-15,,15.0,0.13918586176295647,0.13918586176295647,11.753295673800249,0.0,0.0,"{""2"": 11, ""1"": 15, ""3"": 4}",0.13918586176295647,0.13918334581472697,21.147970524541403,1e-05,True,80,development_isotonic_frozen
s1-i6,development,1,random_matched,p_saps_projection,ed11f66cc1e9d943,"[[0, 1, 3, 6, 7, 11], [2, 4, 5, 8, 9, 10]]",11.572439438933237,-0.2391029429454186,0.5893971834695332,-7.005705053357164e-15,,12.0,0.19903254285165678,0.19903254285165678,10.095446854185973,0.0,-1.0,"{""4"": 1, ""2"": 9, ""1"": 12, ""3"": 8}",0.19903254285165678,0.1990174781312572,21.254493622611356,1e-05,True,640,development_isotonic_frozen
s1-i6,development,1,random_matched,b_saps_budgeted,199751485bb288e6,"[[0, 2, 3, 5, 7, 9], [1, 4, 6, 8, 10, 11]]",11.572439438933237,-0.24705585433126973,0.5965706437863664,-8.296271596357688e-15,,10.0,0.1282196787141618,0.1282196787141618,13.07957472949167,0.03125,-1.0,"{""2"": 20, ""1"": 10}",0.1282196787141618,0.12814105162696213,22.16322068101961,1e-05,True,40,development_isotonic_frozen
s1-i6,development,1,random_matched,random_balanced,3c952c6e4f5e1584,"[[4, 5, 8, 9], [0, 1, 2, 7], [3, 6, 10, 11]]",4.379033187130767,-0.5301953298775962,1.1192965045490955,-4.023365354410054e-15,,21.0,0.12920590231587403,0.12920590231587403,4.550937244428563,0.0,0.0,"{""2"": 9, ""1"": 21}",0.12920590231587403,0.12920509086127763,15.220135758304057,1e-05,True,40,development_isotonic_frozen
s1-i6,development,1,random_matched,confidence,cf88ec59698490eb,"[[0, 2, 4, 11], [3, 6, 7, 10], [1, 5, 8, 9]]",4.379033187130767,-0.41573711924980383,1.2310413942619725,-5.122881226460405e-15,,18.0,0.1077355883978551,0.1077355883978551,4.550937244428563,0.0,-1.0,"{""1"": 18, ""2"": 12}",0.1077355883978551,0.10773377171579765,20.52235427574473,1e-05,True,40,development_isotonic_frozen
s1-i6,development,1,random_matched,entropy,a84a5d3dcb9185e9,"[[0, 2, 3, 11], [4, 5, 7, 10], [1, 6, 8, 9]]",4.379033187130767,-0.4241287432123038,1.244721709118097,-5.09116992908511e-15,,17.0,0.10836511929071427,0.10836511929071427,4.434440057456388,0.0625,-1.0,"{""2"": 12, ""1"": 17, ""3"": 1}",0.10836511929071427,0.10836430440259562,20.71232235649133,1e-05,True,40,development_isotonic_frozen
s1-i6,development,1,random_matched,dependency_cmi,30832f2c03bc2938,"[[0, 1, 2, 7], [3, 4, 5, 6], [8, 9, 10, 11]]",4.379033187130767,-0.4737649642761495,1.1863540639626053,-4.4726979721534694e-15,,15.0,0.10112912520276418,0.10112912520276418,4.434440057456388,0.03125,-1.0,"{""2"": 14, ""1"": 15, ""3"": 1}",0.10112912520276418,0.10111939089819351,18.463386693753638,1e-05,True,40,development_isotonic_frozen
s1-i6,development,1,random_matched,min_within_batch_tc,a6fdd3617bc83ba6,"[[0, 2, 3, 4], [5, 7, 10, 11], [1, 6, 8, 9]]",4.379033187130767,-0.42428983098643586,1.239990698338884,-5.09116992908511e-15,,20.0,0.09683790546421833,0.09683790546421833,4.317942870484211,0.0625,-1.0,"{""2"": 8, ""1"": 20, ""3"": 2}",0.09683790546421833,0.0968368675882284,20.444105507226006,1e-05,True,40,development_isotonic_frozen
s1-i6,development,1,random_matched,dprm_myopic,cd1944031e6e10c2,"[[0, 2, 6, 7], [1, 3, 4, 5], [8, 9, 10, 11]]",4.379033187130767,-0.4648303560295779,1.1968835660649215,-6.5157329945969695e-15,,15.0,0.1693234265457887,0.1693234265457887,4.317942870484211,0.0,-1.0,"{""2"": 13, ""1"": 15, ""3"": 2}",0.1693234265457887,0.16931508001692738,18.430603973209497,1e-05,True,40,development_isotonic_frozen
s1-i6,development,1,random_matched,dprm_rollout,135eaca3e38fbdbc,"[[2, 5, 6, 10], [1, 7, 8, 9], [0, 3, 4, 11]]",4.379033187130767,-0.5223740734760641,1.1293993584545015,-3.924560265075382e-15,,19.0,0.13169905547646438,0.13169905547646438,4.434440057456388,0.0,-1.0,"{""2"": 10, ""1"": 19, ""3"": 1}",0.13169905547646438,0.1316974897245868,17.169954304424536,1e-05,True,40,development_isotonic_frozen
s1-i6,development,1,random_matched,subset_exact,31d5a6a4ed815c30,"[[0, 1, 3, 4], [2, 6, 7, 11], [5, 8, 9, 10]]",4.379033187130767,-0.4572455631011642,1.1902979737475798,-5.4964891146199375e-15,,18.0,0.17352228864352387,0.17352228864352387,4.201445683512035,0.03125,0.0,"{""1"": 18, ""2"": 9, ""3"": 3}",0.17352228864352387,0.17352035546241176,20.228790962476204,1e-05,True,40,development_isotonic_frozen
s1-i6,development,1,random_matched,subset_beam_8,31d5a6a4ed815c30,"[[0, 1, 3, 4], [2, 6, 7, 11], [5, 8, 9, 10]]",4.379033187130767,-0.4572455631011642,1.1902979737475798,-5.4964891146199375e-15,,18.0,0.17352228864352387,0.17352228864352387,4.201445683512035,0.03125,0.0,"{""1"": 18, ""2"": 9, ""3"": 3}",0.17352228864352387,0.17352035546241176,20.228790962476204,1e-05,True,40,development_isotonic_frozen
s1-i6,development,1,random_matched,subset_beam_32,31d5a6a4ed815c30,"[[0, 1, 3, 4], [2, 6, 7, 11], [5, 8, 9, 10]]",4.379033187130767,-0.4572455631011642,1.1902979737475798,-5.4964891146199375e-15,,18.0,0.17352228864352387,0.17352228864352387,4.201445683512035,0.03125,0.0,"{""1"": 18, ""2"": 9, ""3"": 3}",0.17352228864352387,0.17352035546241176,20.228790962476204,1e-05,True,40,development_isotonic_frozen
s1-i6,development,1,random_matched,saps_diagonal,db02b3d296775013,"[[2, 5, 8, 9], [0, 1, 6, 7], [3, 4, 10, 11]]",4.379033187130767,-0.5373097946437758,1.1220966273449566,-3.085355569599126e-15,,26.0,0.10401037845500652,0.10401037845500652,4.550937244428563,0.0,-1.0,"{""1"": 26, ""2"": 4}",0.10401037845500652,0.10400807678484517,15.525216221737123,1e-05,True,40,development_isotonic_frozen
s1-i6,development,1,random_matched,p_saps_residualized,5a12ceaaf2bef4cd,"[[1, 6, 10, 11], [0, 2, 4, 7], [3, 5, 8, 9]]",4.379033187130767,-0.46905985828059044,1.1597351002516383,-4.9438553989800674e-15,,16.0,0.1343221646141407,0.1343221646141407,4.434440057456388,0.0,0.0,"{""1"": 16, ""3"": 1, ""2"": 13}",0.1343221646141407,0.13432098205035486,20.2489385771942,1e-05,True,80,development_isotonic_frozen
s1-i6,development,1,random_matched,p_saps_projection,161f8226ce72be67,"[[1, 3, 7, 10], [0, 6, 8, 11], [2, 4, 5, 9]]",4.379033187130767,-0.4950658330241471,1.1552996782371656,-4.890572552564206e-15,,16.0,0.17058269996495887,0.17058269996495887,4.317942870484211,0.0,0.0,"{""2"": 12, ""1"": 16, ""3"": 2}",0.17058269996495887,0.1705810358796725,19.782639051490037,1e-05,True,640,development_isotonic_frozen
s1-i6,development,1,random_matched,b_saps_budgeted,3c952c6e4f5e1584,"[[4, 5, 8, 9], [0, 1, 2, 7], [3, 6, 10, 11]]",4.379033187130767,-0.5301953298775962,1.1192965045490955,-4.023365354410054e-15,,21.0,0.12920590231587403,0.12920590231587403,4.550937244428563,0.0,0.0,"{""2"": 9, ""1"": 21}",0.12920590231587403,0.12920509086127763,15.220135758304057,1e-05,True,40,development_isotonic_frozen
s1-i6,development,1,random_matched,random_balanced,3c952c6e4f5e1584,"[[4, 5, 8, 9], [0, 1, 2, 7], [3, 6, 10, 11]]",8.859083375111782,-0.5301953298775962,1.1192965045490955,-4.023365354410054e-15,,21.0,0.12920590231587403,0.12920590231587403,9.198932939893162,0.0625,0.0,"{""2"": 9, ""1"": 21}",0.12920590231587403,0.12920509086127763,15.220135758304057,1e-05,True,40,development_isotonic_frozen
s1-i6,development,1,random_matched,confidence,cf88ec59698490eb,"[[0, 2, 4, 11], [3, 6, 7, 10], [1, 5, 8, 9]]",8.859083375111782,-0.41573711924980383,1.2310413942619725,-5.122881226460405e-15,,18.0,0.1077355883978551,0.1077355883978551,9.198932939893162,0.0,0.0,"{""1"": 18, ""2"": 12}",0.1077355883978551,0.10773377171579765,20.52235427574473,1e-05,True,40,development_isotonic_frozen
s1-i6,development,1,random_matched,entropy,a84a5d3dcb9185e9,"[[0, 2, 3, 11], [4, 5, 7, 10], [1, 6, 8, 9]]",8.859083375111782,-0.4241287432123038,1.244721709118097,-5.09116992908511e-15,,17.0,0.10836511929071427,0.10836511929071427,8.968170889732965,0.03125,0.0,"{""2"": 12, ""1"": 17, ""3"": 1}",0.10836511929071427,0.10836430440259562,20.71232235649133,1e-05,True,40,development_isotonic_frozen
s1-i6,development,1,random_matched,dependency_cmi,30832f2c03bc2938,"[[0, 1, 2, 7], [3, 4, 5, 6], [8, 9, 10, 11]]",8.859083375111782,-0.4737649642761495,1.1863540639626053,-4.4726979721534694e-15,,15.0,0.10112912520276418,0.10112912520276418,8.968170889732965,0.0625,0.0,"{""2"": 14, ""1"": 15, ""3"": 1}",0.10112912520276418,0.10111939089819351,18.463386693753638,1e-05,True,40,development_isotonic_frozen
s1-i6,development,1,random_matched,min_within_batch_tc,a6fdd3617bc83ba6,"[[0, 2, 3, 4], [5, 7, 10, 11], [1, 6, 8, 9]]",8.859083375111782,-0.42428983098643586,1.239990698338884,-5.09116992908511e-15,,20.0,0.09683790546421833,0.09683790546421833,8.737408839572769,0.0,0.0,"{""2"": 8, ""1"": 20, ""3"": 2}",0.09683790546421833,0.0968368675882284,20.444105507226006,1e-05,True,40,development_isotonic_frozen
s1-i6,development,1,random_matched,dprm_myopic,cd1944031e6e10c2,"[[0, 2, 6, 7], [1, 3, 4, 5], [8, 9, 10, 11]]",8.859083375111782,-0.4648303560295779,1.1968835660649215,-6.5157329945969695e-15,,15.0,0.1693234265457887,0.1693234265457887,8.737408839572769,0.0,0.0,"{""2"": 13, ""1"": 15, ""3"": 2}",0.1693234265457887,0.16931508001692738,18.430603973209497,1e-05,True,40,development_isotonic_frozen
s1-i6,development,1,random_matched,dprm_rollout,2b35e8eef40d6a4e,"[[2, 5, 6, 7], [0, 3, 4, 9], [1, 8, 10, 11]]",8.859083375111782,-0.4943520489772364,1.17541110053493,-4.62444219532773e-15,,18.0,0.19538697880935063,0.19538697880935063,8.968170889732965,0.0,0.0,"{""1"": 18, ""2"": 11, ""3"": 1}",0.19538697880935063,0.1953714284969222,19.57060254044889,1e-05,True,40,development_isotonic_frozen
s1-i6,development,1,random_matched,subset_exact,258429469b6b86ee,"[[0, 1, 2, 3], [4, 6, 7, 11], [5, 8, 9, 10]]",8.859083375111782,-0.4554967763569502,1.1989028237263109,-5.4454040263031215e-15,,19.0,0.12977188692721103,0.12977188692721103,8.275884739252376,0.09375,0.0,"{""1"": 19, ""2"": 7, ""3"": 4}",0.12977188692721103,0.1297699806855933,20.088877970941677,1e-05,True,40,development_isotonic_frozen
s1-i6,development,1,random_matched,subset_beam_8,258429469b6b86ee,"[[0, 1, 2, 3], [4, 6, 7, 11], [5, 8, 9, 10]]",8.859083375111782,-0.4554967763569502,1.1989028237263109,-5.4454040263031215e-15,,19.0,0.12977188692721103,0.12977188692721103,8.275884739252376,0.09375,0.0,"{""1"": 19, ""2"": 7, ""3"": 4}",0.12977188692721103,0.1297699806855933,20.088877970941677,1e-05,True,40,development_isotonic_frozen
s1-i6,development,1,random_matched,subset_beam_32,258429469b6b86ee,"[[0, 1, 2, 3], [4, 6, 7, 11], [5, 8, 9, 10]]",8.859083375111782,-0.4554967763569502,1.1989028237263109,-5.4454040263031215e-15,,19.0,0.12977188692721103,0.12977188692721103,8.275884739252376,0.09375,0.0,"{""1"": 19, ""2"": 7, ""3"": 4}",0.12977188692721103,0.1297699806855933,20.088877970941677,1e-05,True,40,development_isotonic_frozen
s1-i6,development,1,random_matched,saps_diagonal,db02b3d296775013,"[[2, 5, 8, 9], [0, 1, 6, 7], [3, 4, 10, 11]]",8.859083375111782,-0.5373097946437758,1.1220966273449566,-3.085355569599126e-15,,26.0,0.10401037845500652,0.10401037845500652,9.198932939893162,0.0,0.0,"{""1"": 26, ""2"": 4}",0.10401037845500652,0.10400807678484517,15.525216221737123,1e-05,True,40,development_isotonic_frozen
s1-i6,development,1,random_matched,p_saps_residualized,5a12ceaaf2bef4cd,"[[1, 6, 10, 11], [0, 2, 4, 7], [3, 5, 8, 9]]",8.859083375111782,-0.46905985828059044,1.1597351002516383,-4.9438553989800674e-15,,16.0,0.1343221646141407,0.1343221646141407,8.968170889732965,0.0625,0.0,"{""1"": 16, ""3"": 1, ""2"": 13}",0.1343221646141407,0.13432098205035486,20.2489385771942,1e-05,True,80,development_isotonic_frozen
s1-i6,development,1,random_matched,p_saps_projection,161f8226ce72be67,"[[1, 3, 7, 10], [0, 6, 8, 11], [2, 4, 5, 9]]",8.859083375111782,-0.4950658330241471,1.1552996782371656,-4.890572552564206e-15,,16.0,0.17058269996495887,0.17058269996495887,8.737408839572769,0.03125,0.0,"{""2"": 12, ""1"": 16, ""3"": 2}",0.17058269996495887,0.1705810358796725,19.782639051490037,1e-05,True,640,development_isotonic_frozen
s1-i6,development,1,random_matched,b_saps_budgeted,3c952c6e4f5e1584,"[[4, 5, 8, 9], [0, 1, 2, 7], [3, 6, 10, 11]]",8.859083375111782,-0.5301953298775962,1.1192965045490955,-4.023365354410054e-15,,21.0,0.12920590231587403,0.12920590231587403,9.198932939893162,0.0625,0.0,"{""2"": 9, ""1"": 21}",0.12920590231587403,0.12920509086127763,15.220135758304057,1e-05,True,40,development_isotonic_frozen
s1-i6,development,1,random_matched,random_balanced,3c952c6e4f5e1584,"[[4, 5, 8, 9], [0, 1, 2, 7], [3, 6, 10, 11]]",12.591262895350738,-0.5301953298775962,1.1192965045490955,-4.023365354410054e-15,,21.0,0.12920590231587403,0.12920590231587403,13.07957472949167,0.03125,0.0,"{""2"": 9, ""1"": 21}",0.12920590231587403,0.12920509086127763,15.220135758304057,1e-05,True,40,development_isotonic_frozen
s1-i6,development,1,random_matched,confidence,cf88ec59698490eb,"[[0, 2, 4, 11], [3, 6, 7, 10], [1, 5, 8, 9]]",12.591262895350738,-0.41573711924980383,1.2310413942619725,-5.122881226460405e-15,,18.0,0.1077355883978551,0.1077355883978551,13.07957472949167,0.0,-1.0,"{""1"": 18, ""2"": 12}",0.1077355883978551,0.10773377171579765,20.52235427574473,1e-05,True,40,development_isotonic_frozen
s1-i6,development,1,random_matched,entropy,a84a5d3dcb9185e9,"[[0, 2, 3, 11], [4, 5, 7, 10], [1, 6, 8, 9]]",12.591262895350738,-0.4241287432123038,1.244721709118097,-5.09116992908511e-15,,17.0,0.10836511929071427,0.10836511929071427,12.748004965568814,0.03125,-1.0,"{""2"": 12, ""1"": 17, ""3"": 1}",0.10836511929071427,0.10836430440259562,20.71232235649133,1e-05,True,40,development_isotonic_frozen
s1-i6,development,1,random_matched,dependency_cmi,30832f2c03bc2938,"[[0, 1, 2, 7], [3, 4, 5, 6], [8, 9, 10, 11]]",12.591262895350738,-0.4737649642761495,1.1863540639626053,-4.4726979721534694e-15,,15.0,0.10112912520276418,0.10112912520276418,12.748004965568814,0.0625,-1.0,"{""2"": 14, ""1"": 15, ""3"": 1}",0.10112912520276418,0.10111939089819351,18.463386693753638,1e-05,True,40,development_isotonic_frozen
s1-i6,development,1,random_matched,min_within_batch_tc,a6fdd3617bc83ba6,"[[0, 2, 3, 4], [5, 7, 10, 11], [1, 6, 8, 9]]",12.591262895350738,-0.42428983098643586,1.239990698338884,-5.09116992908511e-15,,20.0,0.09683790546421833,0.09683790546421833,12.416435201645958,0.0,-1.0,"{""2"": 8, ""1"": 20, ""3"": 2}",0.09683790546421833,0.0968368675882284,20.444105507226006,1e-05,True,40,development_isotonic_frozen
s1-i6,development,1,random_matched,dprm_myopic,cd1944031e6e10c2,"[[0, 2, 6, 7], [1, 3, 4, 5], [8, 9, 10, 11]]",12.591262895350738,-0.4648303560295779,1.1968835660649215,-6.5157329945969695e-15,,15.0,0.1693234265457887,0.1693234265457887,12.416435201645958,0.0625,-1.0,"{""2"": 13, ""1"": 15, ""3"": 2}",0.1693234265457887,0.16931508001692738,18.430603973209497,1e-05,True,40,development_isotonic_frozen
s1-i6,development,1,random_matched,dprm_rollout,ca13e3d537bdf021,"[[2, 6, 7, 11], [0, 5, 8, 9], [1, 3, 4, 10]]",12.591262895350738,-0.489567829745462,1.1680499901752084,-4.886728411228627e-15,,16.0,0.17710601373915033,0.17710601373915033,12.748004965568814,0.03125,-1.0,"{""2"": 13, ""1"": 16, ""3"": 1}",0.17710601373915033,0.1770979527848197,17.655195173482646,1e-05,True,40,development_isotonic_frozen
s1-i6,development,1,random_matched,subset_exact,31d5a6a4ed815c30,"[[0, 1, 3, 4], [2, 6, 7, 11], [5, 8, 9, 10]]",12.591262895350738,-0.4572455631011642,1.1902979737475798,-5.4964891146199375e-15,,18.0,0.17352228864352387,0.17352228864352387,12.084865437723105,0.0625,0.0,"{""1"": 18, ""2"": 9, ""3"": 3}",0.17352228864352387,0.17352035546241176,20.228790962476204,1e-05,True,40,development_isotonic_frozen
s1-i6,development,1,random_matched,subset_beam_8,31d5a6a4ed815c30,"[[0, 1, 3, 4], [2, 6, 7, 11], [5, 8, 9, 10]]",12.591262895350738,-0.4572455631011642,1.1902979737475798,-5.4964891146199375e-15,,18.0,0.17352228864352387,0.17352228864352387,12.084865437723105,0.0625,0.0,"{""1"": 18, ""2"": 9, ""3"": 3}",0.17352228864352387,0.17352035546241176,20.228790962476204,1e-05,True,40,development_isotonic_frozen
s1-i6,development,1,random_matched,subset_beam_32,31d5a6a4ed815c30,"[[0, 1, 3, 4], [2, 6, 7, 11], [5, 8, 9, 10]]",12.591262895350738,-0.4572455631011642,1.1902979737475798,-5.4964891146199375e-15,,18.0,0.17352228864352387,0.17352228864352387,12.084865437723105,0.0625,0.0,"{""1"": 18, ""2"": 9, ""3"": 3}",0.17352228864352387,0.17352035546241176,20.228790962476204,1e-05,True,40,development_isotonic_frozen
s1-i6,development,1,random_matched,saps_diagonal,db02b3d296775013,"[[2, 5, 8, 9], [0, 1, 6, 7], [3, 4, 10, 11]]",12.591262895350738,-0.5373097946437758,1.1220966273449566,-3.085355569599126e-15,,26.0,0.10401037845500652,0.10401037845500652,13.07957472949167,0.0625,-1.0,"{""1"": 26, ""2"": 4}",0.10401037845500652,0.10400807678484517,15.525216221737123,1e-05,True,40,development_isotonic_frozen
s1-i6,development,1,random_matched,p_saps_residualized,5a12ceaaf2bef4cd,"[[1, 6, 10, 11], [0, 2, 4, 7], [3, 5, 8, 9]]",12.591262895350738,-0.46905985828059044,1.1597351002516383,-4.9438553989800674e-15,,16.0,0.1343221646141407,0.1343221646141407,12.748004965568814,0.0,-1.0,"{""1"": 16, ""3"": 1, ""2"": 13}",0.1343221646141407,0.13432098205035486,20.2489385771942,1e-05,True,80,development_isotonic_frozen
s1-i6,development,1,random_matched,p_saps_projection,161f8226ce72be67,"[[1, 3, 7, 10], [0, 6, 8, 11], [2, 4, 5, 9]]",12.591262895350738,-0.4950658330241471,1.1552996782371656,-4.890572552564206e-15,,16.0,0.17058269996495887,0.17058269996495887,12.416435201645958,0.0,0.0,"{""2"": 12, ""1"": 16, ""3"": 2}",0.17058269996495887,0.1705810358796725,19.782639051490037,1e-05,True,640,development_isotonic_frozen
s1-i6,development,1,random_matched,b_saps_budgeted,3c952c6e4f5e1584,"[[4, 5, 8, 9], [0, 1, 2, 7], [3, 6, 10, 11]]",12.591262895350738,-0.5301953298775962,1.1192965045490955,-4.023365354410054e-15,,21.0,0.12920590231587403,0.12920590231587403,13.07957472949167,0.03125,0.0,"{""2"": 9, ""1"": 21}",0.12920590231587403,0.12920509086127763,15.220135758304057,1e-05,True,40,development_isotonic_frozen
s1-i6,development,1,random_matched,random_balanced,fdb2298ed7e4e0cb,"[[4, 5, 8], [2, 7, 9], [0, 1, 11], [3, 6, 10]]",4.491629585606365,-0.7723967655180268,1.7055298821977187,-1.9318649906405492e-15,,24.0,0.15193258978891613,0.15193258978891613,4.550937244428563,0.0,-1.0,"{""2"": 6, ""1"": 24}",0.15193258978891613,0.15192978071305807,16.26113576050907,1e-05,True,40,development_isotonic_frozen
s1-i6,development,1,random_matched,confidence,cfef3e2773009bac,"[[0, 2, 11], [3, 4, 10], [5, 6, 7], [1, 8, 9]]",4.491629585606365,-0.6291728175282622,1.8556221134637492,-3.2081950307978796e-15,,20.0,0.09493921041461584,0.09493921041461584,4.550937244428563,0.03125,-1.0,"{""1"": 20, ""2"": 10}",0.09493921041461584,0.09493815000378789,16.539287700506826,1e-05,True,40,development_isotonic_frozen
s1-i6,development,1,random_matched,entropy,1095d97294eeee96,"[[0, 2, 3], [5, 10, 11], [4, 6, 7], [1, 8, 9]]",4.491629585606365,-0.6465887807752879,1.8587666903577906,-3.2081950307978796e-15,,22.0,0.14878992740638453,0.14878992740638453,4.434440057456388,0.0,-1.0,"{""1"": 22, ""2"": 7, ""3"": 1}",0.14878992740638453,0.1487893001671809,16.60622468479682,1e-05,True,40,development_isotonic_frozen
s1-i6,development,1,random_matched,dependency_cmi,f019a94eedcb3d43,"[[0, 1, 2], [3, 4, 6], [5, 7, 9], [8, 10, 11]]",4.491629585606365,-0.7140368836020018,1.7634943925757225,-1.8204333500282985e-15,,24.0,0.10754614795344647,0.10754614795344647,4.550937244428563,0.0,-1.0,"{""2"": 6, ""1"": 24}",0.10754614795344647,0.10754457958136068,16.739309288630263,1e-05,True,40,development_isotonic_frozen
s1-i6,development,1,random_matched,min_within_batch_tc,1d98fcebd070fa29,"[[0, 2, 3], [4, 5, 6], [7, 10, 11], [1, 8, 9]]",4.491629585606365,-0.6547873960603855,1.846557703093821,-2.0733130115729658e-15,,20.0,0.1023869939455388,0.1023869939455388,4.550937244428563,0.03125,-1.0,"{""1"": 20, ""2"": 10}",0.1023869939455388,0.10238622045584729,15.592467576273442,1e-05,True,40,development_isotonic_frozen
s1-i6,development,1,random_matched,dprm_myopic,5b3c93e357e67ffb,"[[2, 6, 7], [0, 1, 3], [4, 5, 8], [9, 10, 11]]",4.491629585606365,-0.7262562628756295,1.7622396850246416,-3.421606799597157e-15,,21.0,0.18143729932129582,0.18143729932129582,4.434440057456388,0.0,-1.0,"{""3"": 1, ""1"": 21, ""2"": 8}",0.18143729932129582,0.18142995221375496,15.180772178895449,1e-05,True,40,development_isotonic_frozen
s1-i6,development,1,random_matched,dprm_rollout,5b3c93e357e67ffb,"[[2, 6, 7], [0, 1, 3], [4, 5, 8], [9, 10, 11]]",4.491629585606365,-0.7262562628756295,1.7622396850246416,-3.421606799597157e-15,,21.0,0.18143729932129582,0.18143729932129582,4.434440057456388,0.0,-1.0,"{""3"": 1, ""1"": 21, ""2"": 8}",0.18143729932129582,0.18142995221375496,15.180772178895449,1e-05,True,40,development_isotonic_frozen
s1-i6,development,1,random_matched,subset_exact,6009b23535af9781,"[[0, 1, 4], [2, 3, 11], [5, 6, 10], [7, 8, 9]]",4.491629585606365,-0.6731411750088787,1.7934353559744851,-2.373122602277535e-15,,22.0,0.07370358116290354,0.07370358116290354,4.434440057456388,0.0,0.0,"{""1"": 22, ""2"": 7, ""3"": 1}",0.07370358116290354,0.07370320430531488,19.519449717078977,1e-05,True,40,development_isotonic_frozen
s1-i6,development,1,random_matched,subset_beam_8,6009b23535af9781,"[[0, 1, 4], [2, 3, 11], [5, 6, 10], [7, 8, 9]]",4.491629585606365,-0.6731411750088787,1.7934353559744851,-2.373122602277535e-15,,22.0,0.07370358116290354,0.07370358116290354,4.434440057456388,0.0,0.0,"{""1"": 22, ""2"": 7, ""3"": 1}",0.07370358116290354,0.07370320430531488,19.519449717078977,1e-05,True,40,development_isotonic_frozen
s1-i6,development,1,random_matched,subset_beam_32,6009b23535af9781,"[[0, 1, 4], [2, 3, 11], [5, 6, 10], [7, 8, 9]]",4.491629585606365,-0.6731411750088787,1.7934353559744851,-2.373122602277535e-15,,22.0,0.07370358116290354,0.07370358116290354,4.434440057456388,0.0,0.0,"{""1"": 22, ""2"": 7, ""3"": 1}",0.07370358116290354,0.07370320430531488,19.519449717078977,1e-05,True,40,development_isotonic_frozen
s1-i6,development,1,random_matched,saps_diagonal,705ba662a1288126,"[[4, 5, 8], [2, 9, 11], [0, 1, 6], [3, 7, 10]]",4.491629585606365,-0.7600801846358939,1.708106246646313,-1.5131358484316107e-15,,28.0,0.06771112145947542,0.06771112145947542,4.550937244428563,0.0,-1.0,"{""1"": 28, ""2"": 2}",0.06771112145947542,0.06770986562535648,15.118636113668902,1e-05,True,40,development_isotonic_frozen
s1-i6,development,1,random_matched,p_saps_residualized,3da70166b000cb8d,"[[0, 6, 10], [1, 9, 11], [2, 4, 7], [3, 5, 8]]",4.491629585606365,-0.7124468159713836,1.7367054534874133,-3.4027239954084164e-15,,19.0,0.1475830867993444,0.1475830867993444,4.550937244428563,0.0,0.0,"{""1"": 19, ""2"": 11}",0.1475830867993444,0.1475811115533407,19.74041779375348,1e-05,True,80,development_isotonic_frozen
s1-i6,development,1,random_matched,p_saps_projection,d3d7e0d53561b9fd,"[[5, 7, 8], [1, 3, 11], [2, 6, 10], [0, 4, 9]]",4.491629585606365,-0.7852048108446282,1.7138277819894598,-2.7254939633822097e-15,,18.0,0.1726243765132674,0.1726243765132674,4.550937244428563,0.0,0.0,"{""1"": 18, ""2"": 12}",0.1726243765132674,0.17261040435356267,16.694131944679082,1e-05,True,640,development_isotonic_frozen
s1-i6,development,1,random_matched,b_saps_budgeted,fdb2298ed7e4e0cb,"[[4, 5, 8], [2, 7, 9], [0, 1, 11], [3, 6, 10]]",4.491629585606365,-0.7723967655180268,1.7055298821977187,-1.9318649906405492e-15,,24.0,0.15193258978891613,0.15193258978891613,4.550937244428563,0.0,-1.0,"{""2"": 6, ""1"": 24}",0.15193258978891613,0.15192978071305807,16.26113576050907,1e-05,True,40,development_isotonic_frozen
s1-i6,development,1,random_matched,random_balanced,fdb2298ed7e4e0cb,"[[4, 5, 8], [2, 7, 9], [0, 1, 11], [3, 6, 10]]",9.081454077993426,-0.7723967655180268,1.7055298821977187,-1.9318649906405492e-15,,24.0,0.15193258978891613,0.15193258978891613,9.198932939893162,0.0,0.0,"{""2"": 6, ""1"": 24}",0.15193258978891613,0.15192978071305807,16.26113576050907,1e-05,True,40,development_isotonic_frozen
s1-i6,development,1,random_matched,confidence,cfef3e2773009bac,"[[0, 2, 11], [3, 4, 10], [5, 6, 7], [1, 8, 9]]",9.081454077993426,-0.6291728175282622,1.8556221134637492,-3.2081950307978796e-15,,20.0,0.09493921041461584,0.09493921041461584,9.198932939893162,0.03125,0.0,"{""1"": 20, ""2"": 10}",0.09493921041461584,0.09493815000378789,16.539287700506826,1e-05,True,40,development_isotonic_frozen
s1-i6,development,1,random_matched,entropy,1095d97294eeee96,"[[0, 2, 3], [5, 10, 11], [4, 6, 7], [1, 8, 9]]",9.081454077993426,-0.6465887807752879,1.8587666903577906,-3.2081950307978796e-15,,22.0,0.14878992740638453,0.14878992740638453,8.968170889732965,0.03125,0.0,"{""1"": 22, ""2"": 7, ""3"": 1}",0.14878992740638453,0.1487893001671809,16.60622468479682,1e-05,True,40,development_isotonic_frozen
s1-i6,development,1,random_matched,dependency_cmi,f019a94eedcb3d43,"[[0, 1, 2], [3, 4, 6], [5, 7, 9], [8, 10, 11]]",9.081454077993426,-0.7140368836020018,1.7634943925757225,-1.8204333500282985e-15,,24.0,0.10754614795344647,0.10754614795344647,9.198932939893162,0.0,0.0,"{""2"": 6, ""1"": 24}",0.10754614795344647,0.10754457958136068,16.739309288630263,1e-05,True,40,development_isotonic_frozen
s1-i6,development,1,random_matched,min_within_batch_tc,1d98fcebd070fa29,"[[0, 2, 3], [4, 5, 6], [7, 10, 11], [1, 8, 9]]",9.081454077993426,-0.6547873960603855,1.846557703093821,-2.0733130115729658e-15,,20.0,0.1023869939455388,0.1023869939455388,9.198932939893162,0.03125,0.0,"{""1"": 20, ""2"": 10}",0.1023869939455388,0.10238622045584729,15.592467576273442,1e-05,True,40,development_isotonic_frozen
s1-i6,development,1,random_matched,dprm_myopic,5b3c93e357e67ffb,"[[2, 6, 7], [0, 1, 3], [4, 5, 8], [9, 10, 11]]",9.081454077993426,-0.7262562628756295,1.7622396850246416,-3.421606799597157e-15,,21.0,0.18143729932129582,0.18143729932129582,8.968170889732965,0.0625,0.0,"{""3"": 1, ""1"": 21, ""2"": 8}",0.18143729932129582,0.18142995221375496,15.180772178895449,1e-05,True,40,development_isotonic_frozen
s1-i6,development,1,random_matched,dprm_rollout,1b91d883e8484e96,"[[2, 4, 7], [0, 5, 6], [1, 3, 8], [9, 10, 11]]",9.081454077993426,-0.7071928794441406,1.7783859329343317,-3.139253691495554e-15,,24.0,0.0854139649803711,0.0854139649803711,8.968170889732965,0.0625,0.0,"{""2"": 5, ""1"": 24, ""3"": 1}",0.0854139649803711,0.08540770117943096,15.193581090705074,1e-05,True,40,development_isotonic_frozen
s1-i6,development,1,random_matched,subset_exact,d5f5991c96f15d98,"[[0, 1, 2], [3, 4, 11], [5, 6, 10], [7, 8, 9]]",9.081454077993426,-0.6713923882646647,1.8020402059532161,-2.322037513960718e-15,,22.0,0.0924018775294472,0.0924018775294472,8.968170889732965,0.0,0.0,"{""1"": 22, ""2"": 7, ""3"": 1}",0.0924018775294472,0.09240079955850365,19.519449717078974,1e-05,True,40,development_isotonic_frozen
s1-i6,development,1,random_matched,subset_beam_8,d5f5991c96f15d98,"[[0, 1, 2], [3, 4, 11], [5, 6, 10], [7, 8, 9]]",9.081454077993426,-0.6713923882646647,1.8020402059532161,-2.322037513960718e-15,,22.0,0.0924018775294472,0.0924018775294472,8.968170889732965,0.0,0.0,"{""1"": 22, ""2"": 7, ""3"": 1}",0.0924018775294472,0.09240079955850365,19.519449717078974,1e-05,True,40,development_isotonic_frozen
s1-i6,development,1,random_matched,subset_beam_32,d5f5991c96f15d98,"[[0, 1, 2], [3, 4, 11], [5, 6, 10], [7, 8, 9]]",9.081454077993426,-0.6713923882646647,1.8020402059532161,-2.322037513960718e-15,,22.0,0.0924018775294472,0.0924018775294472,8.968170889732965,0.0,0.0,"{""1"": 22, ""2"": 7, ""3"": 1}",0.0924018775294472,0.09240079955850365,19.519449717078974,1e-05,True,40,development_isotonic_frozen
s1-i6,development,1,random_matched,saps_diagonal,705ba662a1288126,"[[4, 5, 8], [2, 9, 11], [0, 1, 6], [3, 7, 10]]",9.081454077993426,-0.7600801846358939,1.708106246646313,-1.5131358484316107e-15,,28.0,0.06771112145947542,0.06771112145947542,9.198932939893162,0.03125,0.0,"{""1"": 28, ""2"": 2}",0.06771112145947542,0.06770986562535648,15.118636113668902,1e-05,True,40,development_isotonic_frozen
s1-i6,development,1,random_matched,p_saps_residualized,3da70166b000cb8d,"[[0, 6, 10], [1, 9, 11], [2, 4, 7], [3, 5, 8]]",9.081454077993426,-0.7124468159713836,1.7367054534874133,-3.4027239954084164e-15,,19.0,0.1475830867993444,0.1475830867993444,9.198932939893162,0.0625,0.0,"{""1"": 19, ""2"": 11}",0.1475830867993444,0.1475811115533407,19.74041779375348,1e-05,True,80,development_isotonic_frozen
s1-i6,development,1,random_matched,p_saps_projection,d3d7e0d53561b9fd,"[[5, 7, 8], [1, 3, 11], [2, 6, 10], [0, 4, 9]]",9.081454077993426,-0.7852048108446282,1.7138277819894598,-2.7254939633822097e-15,,18.0,0.1726243765132674,0.1726243765132674,9.198932939893162,0.03125,0.0,"{""1"": 18, ""2"": 12}",0.1726243765132674,0.17261040435356267,16.694131944679082,1e-05,True,640,development_isotonic_frozen
s1-i6,development,1,random_matched,b_saps_budgeted,fdb2298ed7e4e0cb,"[[4, 5, 8], [2, 7, 9], [0, 1, 11], [3, 6, 10]]",9.081454077993426,-0.7723967655180268,1.7055298821977187,-1.9318649906405492e-15,,24.0,0.15193258978891613,0.15193258978891613,9.198932939893162,0.0,0.0,"{""2"": 6, ""1"": 24}",0.15193258978891613,0.15192978071305807,16.26113576050907,1e-05,True,40,development_isotonic_frozen
s1-i6,development,1,random_matched,random_balanced,fdb2298ed7e4e0cb,"[[4, 5, 8], [2, 7, 9], [0, 1, 11], [3, 6, 10]]",12.910775576949124,-0.7723967655180268,1.7055298821977187,-1.9318649906405492e-15,,24.0,0.15193258978891613,0.15193258978891613,13.07957472949167,0.0625,0.0,"{""2"": 6, ""1"": 24}",0.15193258978891613,0.15192978071305807,16.26113576050907,1e-05,True,40,development_isotonic_frozen
s1-i6,development,1,random_matched,confidence,cfef3e2773009bac,"[[0, 2, 11], [3, 4, 10], [5, 6, 7], [1, 8, 9]]",12.910775576949124,-0.6291728175282622,1.8556221134637492,-3.2081950307978796e-15,,20.0,0.09493921041461584,0.09493921041461584,13.07957472949167,0.03125,-1.0,"{""1"": 20, ""2"": 10}",0.09493921041461584,0.09493815000378789,16.539287700506826,1e-05,True,40,development_isotonic_frozen
s1-i6,development,1,random_matched,entropy,1095d97294eeee96,"[[0, 2, 3], [5, 10, 11], [4, 6, 7], [1, 8, 9]]",12.910775576949124,-0.6465887807752879,1.8587666903577906,-3.2081950307978796e-15,,22.0,0.14878992740638453,0.14878992740638453,12.748004965568814,0.0,-1.0,"{""1"": 22, ""2"": 7, ""3"": 1}",0.14878992740638453,0.1487893001671809,16.60622468479682,1e-05,True,40,development_isotonic_frozen
s1-i6,development,1,random_matched,dependency_cmi,f019a94eedcb3d43,"[[0, 1, 2], [3, 4, 6], [5, 7, 9], [8, 10, 11]]",12.910775576949124,-0.7140368836020018,1.7634943925757225,-1.8204333500282985e-15,,24.0,0.10754614795344647,0.10754614795344647,13.07957472949167,0.0625,-1.0,"{""2"": 6, ""1"": 24}",0.10754614795344647,0.10754457958136068,16.739309288630263,1e-05,True,40,development_isotonic_frozen
s1-i6,development,1,random_matched,min_within_batch_tc,1d98fcebd070fa29,"[[0, 2, 3], [4, 5, 6], [7, 10, 11], [1, 8, 9]]",12.910775576949124,-0.6547873960603855,1.846557703093821,-2.0733130115729658e-15,,20.0,0.1023869939455388,0.1023869939455388,13.07957472949167,0.0,-1.0,"{""1"": 20, ""2"": 10}",0.1023869939455388,0.10238622045584729,15.592467576273442,1e-05,True,40,development_isotonic_frozen
s1-i6,development,1,random_matched,dprm_myopic,5b3c93e357e67ffb,"[[2, 6, 7], [0, 1, 3], [4, 5, 8], [9, 10, 11]]",12.910775576949124,-0.7262562628756295,1.7622396850246416,-3.421606799597157e-15,,21.0,0.18143729932129582,0.18143729932129582,12.748004965568814,0.09375,-1.0,"{""3"": 1, ""1"": 21, ""2"": 8}",0.18143729932129582,0.18142995221375496,15.180772178895449,1e-05,True,40,development_isotonic_frozen
s1-i6,development,1,random_matched,dprm_rollout,afbf32db2d6548d4,"[[2, 3, 10], [4, 5, 7], [0, 1, 8], [6, 9, 11]]",12.910775576949124,-0.702209154830796,1.7917411123990412,-3.714702383353375e-15,,23.0,0.09603763212052423,0.09603763212052423,13.07957472949167,0.0625,-1.0,"{""1"": 23, ""2"": 7}",0.09603763212052423,0.09603682518264202,18.170322068024312,1e-05,True,40,development_isotonic_frozen
s1-i6,development,1,random_matched,subset_exact,abf24e22f87f139d,"[[0, 1, 3], [2, 4, 11], [5, 6, 10], [7, 8, 9]]",12.910775576949124,-0.6779697488273905,1.8003695040902956,-2.4292198282170384e-15,,21.0,0.09927610230775903,0.09927610230775903,12.748004965568814,0.03125,0.0,"{""1"": 21, ""2"": 8, ""3"": 1}",0.09927610230775903,0.0992739748745458,19.636293194465257,1e-05,True,40,development_isotonic_frozen
s1-i6,development,1,random_matched,subset_beam_8,abf24e22f87f139d,"[[0, 1, 3], [2, 4, 11], [5, 6, 10], [7, 8, 9]]",12.910775576949124,-0.6779697488273905,1.8003695040902956,-2.4292198282170384e-15,,21.0,0.09927610230775903,0.09927610230775903,12.748004965568814,0.03125,0.0,"{""1"": 21, ""2"": 8, ""3"": 1}",0.09927610230775903,0.0992739748745458,19.636293194465257,1e-05,True,40,development_isotonic_frozen
s1-i6,development,1,random_matched,subset_beam_32,abf24e22f87f139d,"[[0, 1, 3], [2, 4, 11], [5, 6, 10], [7, 8, 9]]",12.910775576949124,-0.6779697488273905,1.8003695040902956,-2.4292198282170384e-15,,21.0,0.09927610230775903,0.09927610230775903,12.748004965568814,0.03125,0.0,"{""1"": 21, ""2"": 8, ""3"": 1}",0.09927610230775903,0.0992739748745458,19.636293194465257,1e-05,True,40,development_isotonic_frozen
s1-i6,development,1,random_matched,saps_diagonal,705ba662a1288126,"[[4, 5, 8], [2, 9, 11], [0, 1, 6], [3, 7, 10]]",12.910775576949124,-0.7600801846358939,1.708106246646313,-1.5131358484316107e-15,,28.0,0.06771112145947542,0.06771112145947542,13.07957472949167,0.125,0.0,"{""1"": 28, ""2"": 2}",0.06771112145947542,0.06770986562535648,15.118636113668902,1e-05,True,40,development_isotonic_frozen
s1-i6,development,1,random_matched,p_saps_residualized,3da70166b000cb8d,"[[0, 6, 10], [1, 9, 11], [2, 4, 7], [3, 5, 8]]",12.910775576949124,-0.7124468159713836,1.7367054534874133,-3.4027239954084164e-15,,19.0,0.1475830867993444,0.1475830867993444,13.07957472949167,0.0625,-1.0,"{""1"": 19, ""2"": 11}",0.1475830867993444,0.1475811115533407,19.74041779375348,1e-05,True,80,development_isotonic_frozen
s1-i6,development,1,random_matched,p_saps_projection,d3d7e0d53561b9fd,"[[5, 7, 8], [1, 3, 11], [2, 6, 10], [0, 4, 9]]",12.910775576949124,-0.7852048108446282,1.7138277819894598,-2.7254939633822097e-15,,18.0,0.1726243765132674,0.1726243765132674,13.07957472949167,0.03125,0.0,"{""1"": 18, ""2"": 12}",0.1726243765132674,0.17261040435356267,16.694131944679082,1e-05,True,640,development_isotonic_frozen
s1-i6,development,1,random_matched,b_saps_budgeted,fdb2298ed7e4e0cb,"[[4, 5, 8], [2, 7, 9], [0, 1, 11], [3, 6, 10]]",12.910775576949124,-0.7723967655180268,1.7055298821977187,-1.9318649906405492e-15,,24.0,0.15193258978891613,0.15193258978891613,13.07957472949167,0.0625,0.0,"{""2"": 6, ""1"": 24}",0.15193258978891613,0.15192978071305807,16.26113576050907,1e-05,True,40,development_isotonic_frozen
s1-i6,development,1,structural,random_balanced,76993f31911749ca,"[[0, 1, 2, 3, 4, 5, 6, 7, 8, 9, 10, 11]]",2.2821376720595645,-0.0,0.0,-1.618980043506113e-14,,0.0,0.18437510388482176,0.18437510388482176,2.2821376720595645,0.03125,-1.0,"{""2"": 11, ""3"": 10, ""4"": 9}",0.18437510388482176,0.1843727254325508,29.237759852765727,1e-05,True,40,development_isotonic_frozen
s1-i6,development,1,structural,confidence,76993f31911749ca,"[[0, 1, 2, 3, 4, 5, 6, 7, 8, 9, 10, 11]]",2.2821376720595645,-0.0,0.0,-1.618980043506113e-14,,0.0,0.18437510388482176,0.18437510388482176,2.2821376720595645,0.03125,-1.0,"{""2"": 11, ""3"": 10, ""4"": 9}",0.18437510388482176,0.1843727254325508,29.237759852765727,1e-05,True,40,development_isotonic_frozen
s1-i6,development,1,structural,entropy,76993f31911749ca,"[[0, 1, 2, 3, 4, 5, 6, 7, 8, 9, 10, 11]]",2.2821376720595645,-0.0,0.0,-1.618980043506113e-14,,0.0,0.18437510388482176,0.18437510388482176,2.2821376720595645,0.03125,-1.0,"{""2"": 11, ""3"": 10, ""4"": 9}",0.18437510388482176,0.1843727254325508,29.237759852765727,1e-05,True,40,development_isotonic_frozen
s1-i6,development,1,structural,dependency_cmi,76993f31911749ca,"[[0, 1, 2, 3, 4, 5, 6, 7, 8, 9, 10, 11]]",2.2821376720595645,-0.0,0.0,-1.618980043506113e-14,,0.0,0.18437510388482176,0.18437510388482176,2.2821376720595645,0.03125,-1.0,"{""2"": 11, ""3"": 10, ""4"": 9}",0.18437510388482176,0.1843727254325508,29.237759852765727,1e-05,True,40,development_isotonic_frozen
s1-i6,development,1,structural,min_within_batch_tc,76993f31911749ca,"[[0, 1, 2, 3, 4, 5, 6, 7, 8, 9, 10, 11]]",2.2821376720595645,-0.0,0.0,-1.618980043506113e-14,,0.0,0.18437510388482176,0.18437510388482176,2.2821376720595645,0.03125,-1.0,"{""2"": 11, ""3"": 10, ""4"": 9}",0.18437510388482176,0.1843727254325508,29.237759852765727,1e-05,True,40,development_isotonic_frozen
s1-i6,development,1,structural,dprm_myopic,76993f31911749ca,"[[0, 1, 2, 3, 4, 5, 6, 7, 8, 9, 10, 11]]",2.2821376720595645,-0.0,0.0,-1.618980043506113e-14,,0.0,0.18437510388482176,0.18437510388482176,2.2821376720595645,0.03125,-1.0,"{""2"": 11, ""3"": 10, ""4"": 9}",0.18437510388482176,0.1843727254325508,29.237759852765727,1e-05,True,40,development_isotonic_frozen
s1-i6,development,1,structural,dprm_rollout,76993f31911749ca,"[[0, 1, 2, 3, 4, 5, 6, 7, 8, 9, 10, 11]]",2.2821376720595645,-0.0,0.0,-1.618980043506113e-14,,0.0,0.18437510388482176,0.18437510388482176,2.2821376720595645,0.03125,-1.0,"{""2"": 11, ""3"": 10, ""4"": 9}",0.18437510388482176,0.1843727254325508,29.237759852765727,1e-05,True,40,development_isotonic_frozen
s1-i6,development,1,structural,subset_exact,76993f31911749ca,"[[0, 1, 2, 3, 4, 5, 6, 7, 8, 9, 10, 11]]",2.2821376720595645,-0.0,0.0,-1.618980043506113e-14,,0.0,0.18437510388482176,0.18437510388482176,2.2821376720595645,0.03125,-1.0,"{""2"": 11, ""3"": 10, ""4"": 9}",0.18437510388482176,0.1843727254325508,29.237759852765727,1e-05,True,40,development_isotonic_frozen
s1-i6,development,1,structural,subset_beam_8,76993f31911749ca,"[[0, 1, 2, 3, 4, 5, 6, 7, 8, 9, 10, 11]]",2.2821376720595645,-0.0,0.0,-1.618980043506113e-14,,0.0,0.18437510388482176,0.18437510388482176,2.2821376720595645,0.03125,-1.0,"{""2"": 11, ""3"": 10, ""4"": 9}",0.18437510388482176,0.1843727254325508,29.237759852765727,1e-05,True,40,development_isotonic_frozen
s1-i6,development,1,structural,subset_beam_32,76993f31911749ca,"[[0, 1, 2, 3, 4, 5, 6, 7, 8, 9, 10, 11]]",2.2821376720595645,-0.0,0.0,-1.618980043506113e-14,,0.0,0.18437510388482176,0.18437510388482176,2.2821376720595645,0.03125,-1.0,"{""2"": 11, ""3"": 10, ""4"": 9}",0.18437510388482176,0.1843727254325508,29.237759852765727,1e-05,True,40,development_isotonic_frozen
s1-i6,development,1,structural,saps_diagonal,76993f31911749ca,"[[0, 1, 2, 3, 4, 5, 6, 7, 8, 9, 10, 11]]",2.2821376720595645,-0.0,0.0,-1.618980043506113e-14,,0.0,0.18437510388482176,0.18437510388482176,2.2821376720595645,0.03125,-1.0,"{""2"": 11, ""3"": 10, ""4"": 9}",0.18437510388482176,0.1843727254325508,29.237759852765727,1e-05,True,40,development_isotonic_frozen
s1-i6,development,1,structural,p_saps_residualized,76993f31911749ca,"[[0, 1, 2, 3, 4, 5, 6, 7, 8, 9, 10, 11]]",2.2821376720595645,-0.0,0.0,-1.618980043506113e-14,,0.0,0.18437510388482176,0.18437510388482176,2.2821376720595645,0.03125,-1.0,"{""2"": 11, ""3"": 10, ""4"": 9}",0.18437510388482176,0.1843727254325508,29.237759852765727,1e-05,True,40,development_isotonic_frozen
s1-i6,development,1,structural,p_saps_projection,76993f31911749ca,"[[0, 1, 2, 3, 4, 5, 6, 7, 8, 9, 10, 11]]",2.2821376720595645,-0.0,0.0,-1.618980043506113e-14,,0.0,0.18437510388482176,0.18437510388482176,2.2821376720595645,0.03125,-1.0,"{""2"": 11, ""3"": 10, ""4"": 9}",0.18437510388482176,0.1843727254325508,29.237759852765727,1e-05,True,40,development_isotonic_frozen
s1-i6,development,1,structural,b_saps_budgeted,76993f31911749ca,"[[0, 1, 2, 3, 4, 5, 6, 7, 8, 9, 10, 11]]",2.2821376720595645,-0.0,0.0,-1.618980043506113e-14,,0.0,0.18437510388482176,0.18437510388482176,2.2821376720595645,0.03125,-1.0,"{""2"": 11, ""3"": 10, ""4"": 9}",0.18437510388482176,0.1843727254325508,29.237759852765727,1e-05,True,40,development_isotonic_frozen
s1-i6,development,1,structural,random_balanced,76993f31911749ca,"[[0, 1, 2, 3, 4, 5, 6, 7, 8, 9, 10, 11]]",4.814453986849428,-0.0,0.0,-1.618980043506113e-14,,0.0,0.18437510388482176,0.18437510388482176,4.814453986849428,0.03125,0.0,"{""2"": 11, ""3"": 10, ""4"": 9}",0.18437510388482176,0.1843727254325508,29.237759852765727,1e-05,True,40,development_isotonic_frozen
s1-i6,development,1,structural,confidence,76993f31911749ca,"[[0, 1, 2, 3, 4, 5, 6, 7, 8, 9, 10, 11]]",4.814453986849428,-0.0,0.0,-1.618980043506113e-14,,0.0,0.18437510388482176,0.18437510388482176,4.814453986849428,0.03125,0.0,"{""2"": 11, ""3"": 10, ""4"": 9}",0.18437510388482176,0.1843727254325508,29.237759852765727,1e-05,True,40,development_isotonic_frozen
s1-i6,development,1,structural,entropy,76993f31911749ca,"[[0, 1, 2, 3, 4, 5, 6, 7, 8, 9, 10, 11]]",4.814453986849428,-0.0,0.0,-1.618980043506113e-14,,0.0,0.18437510388482176,0.18437510388482176,4.814453986849428,0.03125,0.0,"{""2"": 11, ""3"": 10, ""4"": 9}",0.18437510388482176,0.1843727254325508,29.237759852765727,1e-05,True,40,development_isotonic_frozen
s1-i6,development,1,structural,dependency_cmi,76993f31911749ca,"[[0, 1, 2, 3, 4, 5, 6, 7, 8, 9, 10, 11]]",4.814453986849428,-0.0,0.0,-1.618980043506113e-14,,0.0,0.18437510388482176,0.18437510388482176,4.814453986849428,0.03125,0.0,"{""2"": 11, ""3"": 10, ""4"": 9}",0.18437510388482176,0.1843727254325508,29.237759852765727,1e-05,True,40,development_isotonic_frozen
s1-i6,development,1,structural,min_within_batch_tc,76993f31911749ca,"[[0, 1, 2, 3, 4, 5, 6, 7, 8, 9, 10, 11]]",4.814453986849428,-0.0,0.0,-1.618980043506113e-14,,0.0,0.18437510388482176,0.18437510388482176,4.814453986849428,0.03125,0.0,"{""2"": 11, ""3"": 10, ""4"": 9}",0.18437510388482176,0.1843727254325508,29.237759852765727,1e-05,True,40,development_isotonic_frozen
s1-i6,development,1,structural,dprm_myopic,76993f31911749ca,"[[0, 1, 2, 3, 4, 5, 6, 7, 8, 9, 10, 11]]",4.814453986849428,-0.0,0.0,-1.618980043506113e-14,,0.0,0.18437510388482176,0.18437510388482176,4.814453986849428,0.03125,0.0,"{""2"": 11, ""3"": 10, ""4"": 9}",0.18437510388482176,0.1843727254325508,29.237759852765727,1e-05,True,40,development_isotonic_frozen
s1-i6,development,1,structural,dprm_rollout,76993f31911749ca,"[[0, 1, 2, 3, 4, 5, 6, 7, 8, 9, 10, 11]]",4.814453986849428,-0.0,0.0,-1.618980043506113e-14,,0.0,0.18437510388482176,0.18437510388482176,4.814453986849428,0.03125,0.0,"{""2"": 11, ""3"": 10, ""4"": 9}",0.18437510388482176,0.1843727254325508,29.237759852765727,1e-05,True,40,development_isotonic_frozen
s1-i6,development,1,structural,subset_exact,76993f31911749ca,"[[0, 1, 2, 3, 4, 5, 6, 7, 8, 9, 10, 11]]",4.814453986849428,-0.0,0.0,-1.618980043506113e-14,,0.0,0.18437510388482176,0.18437510388482176,4.814453986849428,0.03125,0.0,"{""2"": 11, ""3"": 10, ""4"": 9}",0.18437510388482176,0.1843727254325508,29.237759852765727,1e-05,True,40,development_isotonic_frozen
s1-i6,development,1,structural,subset_beam_8,76993f31911749ca,"[[0, 1, 2, 3, 4, 5, 6, 7, 8, 9, 10, 11]]",4.814453986849428,-0.0,0.0,-1.618980043506113e-14,,0.0,0.18437510388482176,0.18437510388482176,4.814453986849428,0.03125,0.0,"{""2"": 11, ""3"": 10, ""4"": 9}",0.18437510388482176,0.1843727254325508,29.237759852765727,1e-05,True,40,development_isotonic_frozen
s1-i6,development,1,structural,subset_beam_32,76993f31911749ca,"[[0, 1, 2, 3, 4, 5, 6, 7, 8, 9, 10, 11]]",4.814453986849428,-0.0,0.0,-1.618980043506113e-14,,0.0,0.18437510388482176,0.18437510388482176,4.814453986849428,0.03125,0.0,"{""2"": 11, ""3"": 10, ""4"": 9}",0.18437510388482176,0.1843727254325508,29.237759852765727,1e-05,True,40,development_isotonic_frozen
s1-i6,development,1,structural,saps_diagonal,76993f31911749ca,"[[0, 1, 2, 3, 4, 5, 6, 7, 8, 9, 10, 11]]",4.814453986849428,-0.0,0.0,-1.618980043506113e-14,,0.0,0.18437510388482176,0.18437510388482176,4.814453986849428,0.03125,0.0,"{""2"": 11, ""3"": 10, ""4"": 9}",0.18437510388482176,0.1843727254325508,29.237759852765727,1e-05,True,40,development_isotonic_frozen
s1-i6,development,1,structural,p_saps_residualized,76993f31911749ca,"[[0, 1, 2, 3, 4, 5, 6, 7, 8, 9, 10, 11]]",4.814453986849428,-0.0,0.0,-1.618980043506113e-14,,0.0,0.18437510388482176,0.18437510388482176,4.814453986849428,0.03125,0.0,"{""2"": 11, ""3"": 10, ""4"": 9}",0.18437510388482176,0.1843727254325508,29.237759852765727,1e-05,True,40,development_isotonic_frozen
s1-i6,development,1,structural,p_saps_projection,76993f31911749ca,"[[0, 1, 2, 3, 4, 5, 6, 7, 8, 9, 10, 11]]",4.814453986849428,-0.0,0.0,-1.618980043506113e-14,,0.0,0.18437510388482176,0.18437510388482176,4.814453986849428,0.03125,0.0,"{""2"": 11, ""3"": 10, ""4"": 9}",0.18437510388482176,0.1843727254325508,29.237759852765727,1e-05,True,40,development_isotonic_frozen
s1-i6,development,1,structural,b_saps_budgeted,76993f31911749ca,"[[0, 1, 2, 3, 4, 5, 6, 7, 8, 9, 10, 11]]",4.814453986849428,-0.0,0.0,-1.618980043506113e-14,,0.0,0.18437510388482176,0.18437510388482176,4.814453986849428,0.03125,0.0,"{""2"": 11, ""3"": 10, ""4"": 9}",0.18437510388482176,0.1843727254325508,29.237759852765727,1e-05,True,40,development_isotonic_frozen
s1-i6,development,1,structural,random_balanced,76993f31911749ca,"[[0, 1, 2, 3, 4, 5, 6, 7, 8, 9, 10, 11]]",6.7797492149574206,-0.0,0.0,-1.618980043506113e-14,,0.0,0.18437510388482176,0.18437510388482176,6.7797492149574206,0.0,-1.0,"{""2"": 11, ""3"": 10, ""4"": 9}",0.18437510388482176,0.1843727254325508,29.237759852765727,1e-05,True,40,development_isotonic_frozen
s1-i6,development,1,structural,confidence,76993f31911749ca,"[[0, 1, 2, 3, 4, 5, 6, 7, 8, 9, 10, 11]]",6.7797492149574206,-0.0,0.0,-1.618980043506113e-14,,0.0,0.18437510388482176,0.18437510388482176,6.7797492149574206,0.0,-1.0,"{""2"": 11, ""3"": 10, ""4"": 9}",0.18437510388482176,0.1843727254325508,29.237759852765727,1e-05,True,40,development_isotonic_frozen
s1-i6,development,1,structural,entropy,76993f31911749ca,"[[0, 1, 2, 3, 4, 5, 6, 7, 8, 9, 10, 11]]",6.7797492149574206,-0.0,0.0,-1.618980043506113e-14,,0.0,0.18437510388482176,0.18437510388482176,6.7797492149574206,0.0,-1.0,"{""2"": 11, ""3"": 10, ""4"": 9}",0.18437510388482176,0.1843727254325508,29.237759852765727,1e-05,True,40,development_isotonic_frozen
s1-i6,development,1,structural,dependency_cmi,76993f31911749ca,"[[0, 1, 2, 3, 4, 5, 6, 7, 8, 9, 10, 11]]",6.7797492149574206,-0.0,0.0,-1.618980043506113e-14,,0.0,0.18437510388482176,0.18437510388482176,6.7797492149574206,0.0,-1.0,"{""2"": 11, ""3"": 10, ""4"": 9}",0.18437510388482176,0.1843727254325508,29.237759852765727,1e-05,True,40,development_isotonic_frozen
s1-i6,development,1,structural,min_within_batch_tc,76993f31911749ca,"[[0, 1, 2, 3, 4, 5, 6, 7, 8, 9, 10, 11]]",6.7797492149574206,-0.0,0.0,-1.618980043506113e-14,,0.0,0.18437510388482176,0.18437510388482176,6.7797492149574206,0.0,-1.0,"{""2"": 11, ""3"": 10, ""4"": 9}",0.18437510388482176,0.1843727254325508,29.237759852765727,1e-05,True,40,development_isotonic_frozen
s1-i6,development,1,structural,dprm_myopic,76993f31911749ca,"[[0, 1, 2, 3, 4, 5, 6, 7, 8, 9, 10, 11]]",6.7797492149574206,-0.0,0.0,-1.618980043506113e-14,,0.0,0.18437510388482176,0.18437510388482176,6.7797492149574206,0.0,-1.0,"{""2"": 11, ""3"": 10, ""4"": 9}",0.18437510388482176,0.1843727254325508,29.237759852765727,1e-05,True,40,development_isotonic_frozen
s1-i6,development,1,structural,dprm_rollout,76993f31911749ca,"[[0, 1, 2, 3, 4, 5, 6, 7, 8, 9, 10, 11]]",6.7797492149574206,-0.0,0.0,-1.618980043506113e-14,,0.0,0.18437510388482176,0.18437510388482176,6.7797492149574206,0.0,-1.0,"{""2"": 11, ""3"": 10, ""4"": 9}",0.18437510388482176,0.1843727254325508,29.237759852765727,1e-05,True,40,development_isotonic_frozen
s1-i6,development,1,structural,subset_exact,76993f31911749ca,"[[0, 1, 2, 3, 4, 5, 6, 7, 8, 9, 10, 11]]",6.7797492149574206,-0.0,0.0,-1.618980043506113e-14,,0.0,0.18437510388482176,0.18437510388482176,6.7797492149574206,0.0,-1.0,"{""2"": 11, ""3"": 10, ""4"": 9}",0.18437510388482176,0.1843727254325508,29.237759852765727,1e-05,True,40,development_isotonic_frozen
s1-i6,development,1,structural,subset_beam_8,76993f31911749ca,"[[0, 1, 2, 3, 4, 5, 6, 7, 8, 9, 10, 11]]",6.7797492149574206,-0.0,0.0,-1.618980043506113e-14,,0.0,0.18437510388482176,0.18437510388482176,6.7797492149574206,0.0,-1.0,"{""2"": 11, ""3"": 10, ""4"": 9}",0.18437510388482176,0.1843727254325508,29.237759852765727,1e-05,True,40,development_isotonic_frozen
s1-i6,development,1,structural,subset_beam_32,76993f31911749ca,"[[0, 1, 2, 3, 4, 5, 6, 7, 8, 9, 10, 11]]",6.7797492149574206,-0.0,0.0,-1.618980043506113e-14,,0.0,0.18437510388482176,0.18437510388482176,6.7797492149574206,0.0,-1.0,"{""2"": 11, ""3"": 10, ""4"": 9}",0.18437510388482176,0.1843727254325508,29.237759852765727,1e-05,True,40,development_isotonic_frozen
s1-i6,development,1,structural,saps_diagonal,76993f31911749ca,"[[0, 1, 2, 3, 4, 5, 6, 7, 8, 9, 10, 11]]",6.7797492149574206,-0.0,0.0,-1.618980043506113e-14,,0.0,0.18437510388482176,0.18437510388482176,6.7797492149574206,0.0,-1.0,"{""2"": 11, ""3"": 10, ""4"": 9}",0.18437510388482176,0.1843727254325508,29.237759852765727,1e-05,True,40,development_isotonic_frozen
s1-i6,development,1,structural,p_saps_residualized,76993f31911749ca,"[[0, 1, 2, 3, 4, 5, 6, 7, 8, 9, 10, 11]]",6.7797492149574206,-0.0,0.0,-1.618980043506113e-14,,0.0,0.18437510388482176,0.18437510388482176,6.7797492149574206,0.0,-1.0,"{""2"": 11, ""3"": 10, ""4"": 9}",0.18437510388482176,0.1843727254325508,29.237759852765727,1e-05,True,40,development_isotonic_frozen
s1-i6,development,1,structural,p_saps_projection,76993f31911749ca,"[[0, 1, 2, 3, 4, 5, 6, 7, 8, 9, 10, 11]]",6.7797492149574206,-0.0,0.0,-1.618980043506113e-14,,0.0,0.18437510388482176,0.18437510388482176,6.7797492149574206,0.0,-1.0,"{""2"": 11, ""3"": 10, ""4"": 9}",0.18437510388482176,0.1843727254325508,29.237759852765727,1e-05,True,40,development_isotonic_frozen
s1-i6,development,1,structural,b_saps_budgeted,76993f31911749ca,"[[0, 1, 2, 3, 4, 5, 6, 7, 8, 9, 10, 11]]",6.7797492149574206,-0.0,0.0,-1.618980043506113e-14,,0.0,0.18437510388482176,0.18437510388482176,6.7797492149574206,0.0,-1.0,"{""2"": 11, ""3"": 10, ""4"": 9}",0.18437510388482176,0.1843727254325508,29.237759852765727,1e-05,True,40,development_isotonic_frozen
s1-i6,development,1,structural,random_balanced,2e75481841fd50aa,"[[2, 4, 5, 7, 8, 9], [0, 1, 3, 6, 10, 11]]",4.018049847894572,-0.2661379433834729,0.5617215919612251,-5.737484371721728e-15,,17.0,0.12048185643377371,0.12048185643377371,4.317942870484211,0.0,-1.0,"{""2"": 11, ""3"": 2, ""1"": 17}",0.12048185643377371,0.12047813132696303,17.65463256828531,1e-05,True,40,development_isotonic_frozen
s1-i6,development,1,structural,confidence,3d0ad7d24b6cfd1b,"[[0, 2, 3, 4, 10, 11], [1, 5, 6, 7, 8, 9]]",4.018049847894572,-0.20100939662407646,0.6236392796443327,-7.664316102991761e-15,,11.0,0.10619758432339825,0.10619758432339825,3.606659077562788,0.03125,-1.0,"{""1"": 11, ""2"": 11, ""3"": 6, ""4"": 2}",0.10619758432339825,0.10619616236102608,20.54889200902464,1e-05,True,40,development_isotonic_frozen
s1-i6,development,1,structural,entropy,076e8d8ed4cb3705,"[[0, 2, 3, 5, 10, 11], [1, 4, 6, 7, 8, 9]]",4.018049847894572,-0.21343569827845835,0.6245807192017767,-7.650996301372996e-15,,13.0,0.15072751189363467,0.15072751189363467,3.8458037870513238,0.0,-1.0,"{""1"": 13, ""2"": 11, ""3"": 5, ""4"": 1}",0.15072751189363467,0.15072570358091691,20.392325390430194,1e-05,True,40,development_isotonic_frozen
s1-i6,development,1,structural,dependency_cmi,e21b58f761345bb7,"[[0, 1, 2, 4, 7, 10], [3, 5, 6, 8, 9, 11]]",4.018049847894572,-0.2246491426458593,0.5938148510379971,-7.840936431385361e-15,,11.0,0.09672711528329332,0.09672711528329332,3.9684513095676834,0.0,-1.0,"{""2"": 14, ""3"": 5, ""1"": 11}",0.09672711528329332,0.09672625622178005,18.411809877482682,1e-05,True,40,development_isotonic_frozen
s1-i6,development,1,structural,min_within_batch_tc,e8fceed8ea060bca,"[[0, 2, 3, 4, 5, 6], [1, 7, 8, 9, 10, 11]]",4.018049847894572,-0.2216343135635558,0.6123717319378067,-6.890852690443865e-15,,9.0,0.16362565305039617,0.16362565305039617,3.2448668455578917,0.03125,-1.0,"{""1"": 9, ""2"": 10, ""3"": 7, ""4"": 4}",0.16362565305039617,0.1636238341914088,23.046636761553025,1e-05,True,40,development_isotonic_frozen
s1-i6,development,1,structural,dprm_myopic,1397f4f4072fd96e,"[[0, 1, 2, 3, 6, 7], [4, 5, 8, 9, 10, 11]]",4.018049847894572,-0.2375152439753366,0.5932710226690509,-7.192513699999666e-15,,7.0,0.19769321914912358,0.19769321914912358,3.7231562645349636,0.0,-1.0,"{""2"": 16, ""3"": 5, ""4"": 2, ""1"": 7}",0.19769321914912358,0.19766973073337224,22.211409724210004,1e-05,True,40,development_isotonic_frozen
s1-i6,development,1,structural,dprm_rollout,1397f4f4072fd96e,"[[0, 1, 2, 3, 6, 7], [4, 5, 8, 9, 10, 11]]",4.018049847894572,-0.2375152439753366,0.5932710226690509,-7.192513699999666e-15,,7.0,0.19769321914912358,0.19769321914912358,3.7231562645349636,0.0,-1.0,"{""2"": 16, ""3"": 5, ""4"": 2, ""1"": 7}",0.19769321914912358,0.19766973073337224,22.211409724210004,1e-05,True,40,development_isotonic_frozen
s1-i6,development,1,structural,subset_exact,f6658aa58f66bd92,"[[0, 1, 3, 4, 5, 6], [2, 7, 8, 9, 10, 11]]",4.018049847894572,-0.2411809600647352,0.5874326526738896,-6.1721557112516766e-15,,11.0,0.19234090581105753,0.19234090581105753,3.4840115550464277,0.03125,0.0,"{""2"": 10, ""1"": 11, ""3"": 6, ""4"": 3}",0.19234090581105753,0.19232803725493283,21.48877202146399,1e-05,True,40,development_isotonic_frozen
s1-i6,development,1,structural,subset_beam_8,543028271928dcfa,"[[0, 1, 2, 3, 4, 5], [6, 7, 8, 9, 10, 11]]",4.018049847894572,-0.23056892181012748,0.6018422298354905,-1.1606481716144955e-14,,3.0,0.13132733579456854,0.13132733579456854,2.7665774265808203,0.0,-1.0,"{""2"": 12, ""3"": 9, ""4"": 6, ""1"": 3}",0.13132733579456854,0.1313261303761121,25.992247952357395,1e-05,True,40,development_isotonic_frozen
s1-i6,development,1,structural,subset_beam_32,543028271928dcfa,"[[0, 1, 2, 3, 4, 5], [6, 7, 8, 9, 10, 11]]",4.018049847894572,-0.23056892181012748,0.6018422298354905,-1.1606481716144955e-14,,3.0,0.13132733579456854,0.13132733579456854,2.7665774265808203,0.0,-1.0,"{""2"": 12, ""3"": 9, ""4"": 6, ""1"": 3}",0.13132733579456854,0.1313261303761121,25.992247952357395,1e-05,True,40,development_isotonic_frozen
s1-i6,development,1,structural,saps_diagonal,17796a6af94c7f97,"[[2, 4, 5, 7, 8, 10], [0, 1, 3, 6, 9, 11]]",4.018049847894572,-0.2431882474139909,0.5831756161712967,-6.5376756548164874e-15,,19.0,0.11326137515861201,0.11326137515861201,4.434440057456388,0.0,-1.0,"{""2"": 10, ""3"": 1, ""1"": 19}",0.11326137515861201,0.11325704981463951,16.886841655586935,1e-05,True,40,development_isotonic_frozen
s1-i6,development,1,structural,p_saps_residualized,aa4e932ed2a1eec5,"[[1, 3, 4, 7, 9, 10], [0, 2, 5, 6, 8, 11]]",4.018049847894572,-0.26611975425882717,0.5533960148024548,-7.148396886660835e-15,,16.0,0.10371708602868138,0.10371708602868138,4.434440057456388,0.0,0.0,"{""1"": 16, ""2"": 13, ""3"": 1}",0.10371708602868138,0.10371296812855435,18.067412507825136,1e-05,True,80,development_isotonic_frozen
s1-i6,development,1,structural,p_saps_projection,8443502f7088a7cf,"[[0, 1, 3, 6, 7, 11], [2, 4, 5, 8, 9, 10]]",4.018049847894572,-0.2391029429454186,0.5893971834695332,-7.005705053357164e-15,,11.0,0.1785583160823515,0.1785583160823515,4.08494849653986,0.0,0.0,"{""2"": 15, ""1"": 11, ""3"": 4}",0.1785583160823515,0.17854898645529468,20.78045868175656,1e-05,True,640,development_isotonic_frozen
s1-i6,development,1,structural,b_saps_budgeted,fa7f226b25f3ee23,"[[0, 2, 4, 5, 8, 9], [1, 3, 6, 7, 10, 11]]",4.018049847894572,-0.2445107399929439,0.5825139918517876,-7.559778997207456e-15,,14.0,0.12289051164227126,0.12289051164227126,4.550937244428563,0.0,-1.0,"{""1"": 14, ""2"": 16}",0.12289051164227126,0.122888558674042,20.21788766103569,1e-05,True,40,development_isotonic_frozen
s1-i6,development,1,structural,random_balanced,2e75481841fd50aa,"[[2, 4, 5, 7, 8, 9], [0, 1, 3, 6, 10, 11]]",8.150014530074086,-0.2661379433834729,0.5617215919612251,-5.737484371721728e-15,,17.0,0.12048185643377371,0.12048185643377371,8.737408839572769,0.0,0.0,"{""2"": 11, ""3"": 2, ""1"": 17}",0.12048185643377371,0.12047813132696303,17.65463256828531,1e-05,True,40,development_isotonic_frozen
s1-i6,development,1,structural,confidence,3d0ad7d24b6cfd1b,"[[0, 2, 3, 4, 10, 11], [1, 5, 6, 7, 8, 9]]",8.150014530074086,-0.20100939662407646,0.6236392796443327,-7.664316102991761e-15,,11.0,0.10619758432339825,0.10619758432339825,7.35283653861159,0.0,0.0,"{""1"": 11, ""2"": 11, ""3"": 6, ""4"": 2}",0.10619758432339825,0.10619616236102608,20.54889200902464,1e-05,True,40,development_isotonic_frozen
s1-i6,development,1,structural,entropy,076e8d8ed4cb3705,"[[0, 2, 3, 5, 10, 11], [1, 4, 6, 7, 8, 9]]",8.150014530074086,-0.21343569827845835,0.6245807192017767,-7.650996301372996e-15,,13.0,0.15072751189363467,0.15072751189363467,7.814360638931983,0.03125,0.0,"{""1"": 13, ""2"": 11, ""3"": 5, ""4"": 1}",0.15072751189363467,0.15072570358091691,20.392325390430194,1e-05,True,40,development_isotonic_frozen
s1-i6,development,1,structural,dependency_cmi,e21b58f761345bb7,"[[0, 1, 2, 4, 7, 10], [3, 5, 6, 8, 9, 11]]",8.150014530074086,-0.2246491426458593,0.5938148510379971,-7.840936431385361e-15,,11.0,0.09672711528329332,0.09672711528329332,8.04512268909218,0.03125,0.0,"{""2"": 14, ""3"": 5, ""1"": 11}",0.09672711528329332,0.09672625622178005,18.411809877482682,1e-05,True,40,development_isotonic_frozen
s1-i6,development,1,structural,min_within_batch_tc,e8fceed8ea060bca,"[[0, 2, 3, 4, 5, 6], [1, 7, 8, 9, 10, 11]]",8.150014530074086,-0.2216343135635558,0.6123717319378067,-6.890852690443865e-15,,9.0,0.16362565305039617,0.16362565305039617,6.660550388131,0.0,0.0,"{""1"": 9, ""2"": 10, ""3"": 7, ""4"": 4}",0.16362565305039617,0.1636238341914088,23.046636761553025,1e-05,True,40,development_isotonic_frozen
s1-i6,development,1,structural,dprm_myopic,1397f4f4072fd96e,"[[0, 1, 2, 3, 6, 7], [4, 5, 8, 9, 10, 11]]",8.150014530074086,-0.2375152439753366,0.5932710226690509,-7.192513699999666e-15,,7.0,0.19769321914912358,0.19769321914912358,7.583598588771786,0.03125,0.0,"{""2"": 16, ""3"": 5, ""4"": 2, ""1"": 7}",0.19769321914912358,0.19766973073337224,22.211409724210004,1e-05,True,40,development_isotonic_frozen
s1-i6,development,1,structural,dprm_rollout,1397f4f4072fd96e,"[[0, 1, 2, 3, 6, 7], [4, 5, 8, 9, 10, 11]]",8.150014530074086,-0.2375152439753366,0.5932710226690509,-7.192513699999666e-15,,7.0,0.19769321914912358,0.19769321914912358,7.583598588771786,0.03125,0.0,"{""2"": 16, ""3"": 5, ""4"": 2, ""1"": 7}",0.19769321914912358,0.19766973073337224,22.211409724210004,1e-05,True,40,development_isotonic_frozen
s1-i6,development,1,structural,subset_exact,543028271928dcfa,"[[0, 1, 2, 3, 4, 5], [6, 7, 8, 9, 10, 11]]",8.150014530074086,-0.23056892181012748,0.6018422298354905,-1.1606481716144955e-14,,3.0,0.13132733579456854,0.13132733579456854,5.737502187490214,0.0,0.0,"{""2"": 12, ""3"": 9, ""4"": 6, ""1"": 3}",0.13132733579456854,0.1313261303761121,25.992247952357395,1e-05,True,40,development_isotonic_frozen
s1-i6,development,1,structural,subset_beam_8,543028271928dcfa,"[[0, 1, 2, 3, 4, 5], [6, 7, 8, 9, 10, 11]]",8.150014530074086,-0.23056892181012748,0.6018422298354905,-1.1606481716144955e-14,,3.0,0.13132733579456854,0.13132733579456854,5.737502187490214,0.0,0.0,"{""2"": 12, ""3"": 9, ""4"": 6, ""1"": 3}",0.13132733579456854,0.1313261303761121,25.992247952357395,1e-05,True,40,development_isotonic_frozen
s1-i6,development,1,structural,subset_beam_32,543028271928dcfa,"[[0, 1, 2, 3, 4, 5], [6, 7, 8, 9, 10, 11]]",8.150014530074086,-0.23056892181012748,0.6018422298354905,-1.1606481716144955e-14,,3.0,0.13132733579456854,0.13132733579456854,5.737502187490214,0.0,0.0,"{""2"": 12, ""3"": 9, ""4"": 6, ""1"": 3}",0.13132733579456854,0.1313261303761121,25.992247952357395,1e-05,True,40,development_isotonic_frozen
s1-i6,development,1,structural,saps_diagonal,17796a6af94c7f97,"[[2, 4, 5, 7, 8, 10], [0, 1, 3, 6, 9, 11]]",8.150014530074086,-0.2431882474139909,0.5831756161712967,-6.5376756548164874e-15,,19.0,0.11326137515861201,0.11326137515861201,8.968170889732965,0.0,0.0,"{""2"": 10, ""3"": 1, ""1"": 19}",0.11326137515861201,0.11325704981463951,16.886841655586935,1e-05,True,40,development_isotonic_frozen
s1-i6,development,1,structural,p_saps_residualized,aa4e932ed2a1eec5,"[[1, 3, 4, 7, 9, 10], [0, 2, 5, 6, 8, 11]]",8.150014530074086,-0.26611975425882717,0.5533960148024548,-7.148396886660835e-15,,16.0,0.10371708602868138,0.10371708602868138,8.968170889732965,0.0,0.0,"{""1"": 16, ""2"": 13, ""3"": 1}",0.10371708602868138,0.10371296812855435,18.067412507825136,1e-05,True,80,development_isotonic_frozen
s1-i6,development,1,structural,p_saps_projection,8443502f7088a7cf,"[[0, 1, 3, 6, 7, 11], [2, 4, 5, 8, 9, 10]]",8.150014530074086,-0.2391029429454186,0.5893971834695332,-7.005705053357164e-15,,11.0,0.1785583160823515,0.1785583160823515,8.275884739252376,0.03125,0.0,"{""2"": 15, ""1"": 11, ""3"": 4}",0.1785583160823515,0.17854898645529468,20.78045868175656,1e-05,True,640,development_isotonic_frozen
s1-i6,development,1,structural,b_saps_budgeted,fa7f226b25f3ee23,"[[0, 2, 4, 5, 8, 9], [1, 3, 6, 7, 10, 11]]",8.150014530074086,-0.2445107399929439,0.5825139918517876,-7.559778997207456e-15,,14.0,0.12289051164227126,0.12289051164227126,9.198932939893162,0.0625,0.0,"{""1"": 14, ""2"": 16}",0.12289051164227126,0.122888558674042,20.21788766103569,1e-05,True,40,development_isotonic_frozen
s1-i6,development,1,structural,random_balanced,2e75481841fd50aa,"[[2, 4, 5, 7, 8, 9], [0, 1, 3, 6, 10, 11]]",11.572439438933237,-0.2661379433834729,0.5617215919612251,-5.737484371721728e-15,,17.0,0.12048185643377371,0.12048185643377371,12.416435201645958,0.03125,-1.0,"{""2"": 11, ""3"": 2, ""1"": 17}",0.12048185643377371,0.12047813132696303,17.65463256828531,1e-05,True,40,development_isotonic_frozen
s1-i6,development,1,structural,confidence,3d0ad7d24b6cfd1b,"[[0, 2, 3, 4, 10, 11], [1, 5, 6, 7, 8, 9]]",11.572439438933237,-0.20100939662407646,0.6236392796443327,-7.664316102991761e-15,,11.0,0.10619758432339825,0.10619758432339825,10.427016618108828,0.0,-1.0,"{""1"": 11, ""2"": 11, ""3"": 6, ""4"": 2}",0.10619758432339825,0.10619616236102608,20.54889200902464,1e-05,True,40,development_isotonic_frozen
s1-i6,development,1,structural,entropy,076e8d8ed4cb3705,"[[0, 2, 3, 5, 10, 11], [1, 4, 6, 7, 8, 9]]",11.572439438933237,-0.21343569827845835,0.6245807192017767,-7.650996301372996e-15,,13.0,0.15072751189363467,0.15072751189363467,11.090156145954538,0.03125,-1.0,"{""1"": 13, ""2"": 11, ""3"": 5, ""4"": 1}",0.15072751189363467,0.15072570358091691,20.392325390430194,1e-05,True,40,development_isotonic_frozen
s1-i6,development,1,structural,dependency_cmi,e21b58f761345bb7,"[[0, 1, 2, 4, 7, 10], [3, 5, 6, 8, 9, 11]]",11.572439438933237,-0.2246491426458593,0.5938148510379971,-7.840936431385361e-15,,11.0,0.09672711528329332,0.09672711528329332,11.421725909877393,0.09375,-1.0,"{""2"": 14, ""3"": 5, ""1"": 11}",0.09672711528329332,0.09672625622178005,18.411809877482682,1e-05,True,40,development_isotonic_frozen
s1-i6,development,1,structural,min_within_batch_tc,e8fceed8ea060bca,"[[0, 2, 3, 4, 5, 6], [1, 7, 8, 9, 10, 11]]",11.572439438933237,-0.2216343135635558,0.6123717319378067,-6.890852690443865e-15,,9.0,0.16362565305039617,0.16362565305039617,9.432307326340261,0.0625,-1.0,"{""1"": 9, ""2"": 10, ""3"": 7, ""4"": 4}",0.16362565305039617,0.1636238341914088,23.046636761553025,1e-05,True,40,development_isotonic_frozen
s1-i6,development,1,structural,dprm_myopic,1397f4f4072fd96e,"[[0, 1, 2, 3, 6, 7], [4, 5, 8, 9, 10, 11]]",11.572439438933237,-0.2375152439753366,0.5932710226690509,-7.192513699999666e-15,,7.0,0.19769321914912358,0.19769321914912358,10.758586382031684,0.0625,-1.0,"{""2"": 16, ""3"": 5, ""4"": 2, ""1"": 7}",0.19769321914912358,0.19766973073337224,22.211409724210004,1e-05,True,40,development_isotonic_frozen
s1-i6,development,1,structural,dprm_rollout,35430efa6ab33b88,"[[2, 6, 7, 8, 10, 11], [0, 1, 3, 4, 5, 9]]",11.572439438933237,-0.23946410949587063,0.5811604602101957,-8.577783808521584e-15,,13.0,0.15094028762726863,0.15094028762726863,11.090156145954538,0.0625,-1.0,"{""2"": 11, ""3"": 6, ""1"": 13}",0.15094028762726863,0.15093292241405187,18.893840966720536,1e-05,True,40,development_isotonic_frozen
s1-i6,development,1,structural,subset_exact,97e9a7e7ded61663,"[[0, 1, 2, 3, 5, 8], [4, 6, 7, 9, 10, 11]]",11.572439438933237,-0.24336175359951082,0.5928946855905968,-9.01561092454641e-15,,9.0,0.14746452465600704,0.14746452465600704,10.427016618108828,0.0,0.0,"{""2"": 13, ""3"": 7, ""4"": 1, ""1"": 9}",0.14746452465600704,0.1474627152223344,21.698654574118077,1e-05,True,40,development_isotonic_frozen
s1-i6,development,1,structural,subset_beam_8,97e9a7e7ded61663,"[[0, 1, 2, 3, 5, 8], [4, 6, 7, 9, 10, 11]]",11.572439438933237,-0.24336175359951082,0.5928946855905968,-9.01561092454641e-15,,9.0,0.14746452465600704,0.14746452465600704,10.427016618108828,0.0,0.0,"{""2"": 13, ""3"": 7, ""4"": 1, ""1"": 9}",0.14746452465600704,0.1474627152223344,21.698654574118077,1e-05,True,40,development_isotonic_frozen
s1-i6,development,1,structural,subset_beam_32,97e9a7e7ded61663,"[[0, 1, 2, 3, 5, 8], [4, 6, 7, 9, 10, 11]]",11.572439438933237,-0.24336175359951082,0.5928946855905968,-9.01561092454641e-15,,9.0,0.14746452465600704,0.14746452465600704,10.427016618108828,0.0,0.0,"{""2"": 13, ""3"": 7, ""4"": 1, ""1"": 9}",0.14746452465600704,0.1474627152223344,21.698654574118077,1e-05,True,40,development_isotonic_frozen
s1-i6,development,1,structural,saps_diagonal,17796a6af94c7f97,"[[2, 4, 5, 7, 8, 10], [0, 1, 3, 6, 9, 11]]",11.572439438933237,-0.2431882474139909,0.5831756161712967,-6.5376756548164874e-15,,19.0,0.11326137515861201,0.11326137515861201,12.748004965568814,0.03125,-1.0,"{""2"": 10, ""3"": 1, ""1"": 19}",0.11326137515861201,0.11325704981463951,16.886841655586935,1e-05,True,40,development_isotonic_frozen
s1-i6,development,1,structural,p_saps_residualized,aa4e932ed2a1eec5,"[[1, 3, 4, 7, 9, 10], [0, 2, 5, 6, 8, 11]]",11.572439438933237,-0.26611975425882717,0.5533960148024548,-7.148396886660835e-15,,16.0,0.10371708602868138,0.10371708602868138,12.748004965568814,0.03125,-1.0,"{""1"": 16, ""2"": 13, ""3"": 1}",0.10371708602868138,0.10371296812855435,18.067412507825136,1e-05,True,80,development_isotonic_frozen
s1-i6,development,1,structural,p_saps_projection,8443502f7088a7cf,"[[0, 1, 3, 6, 7, 11], [2, 4, 5, 8, 9, 10]]",11.572439438933237,-0.2391029429454186,0.5893971834695332,-7.005705053357164e-15,,11.0,0.1785583160823515,0.1785583160823515,11.753295673800249,0.0625,-1.0,"{""2"": 15, ""1"": 11, ""3"": 4}",0.1785583160823515,0.17854898645529468,20.78045868175656,1e-05,True,640,development_isotonic_frozen
s1-i6,development,1,structural,b_saps_budgeted,fa7f226b25f3ee23,"[[0, 2, 4, 5, 8, 9], [1, 3, 6, 7, 10, 11]]",11.572439438933237,-0.2445107399929439,0.5825139918517876,-7.559778997207456e-15,,14.0,0.12289051164227126,0.12289051164227126,13.07957472949167,0.125,0.0,"{""1"": 14, ""2"": 16}",0.12289051164227126,0.122888558674042,20.21788766103569,1e-05,True,40,development_isotonic_frozen
s1-i6,development,1,structural,random_balanced,5e998eca1e9be761,"[[4, 5, 8, 9], [0, 1, 2, 7], [3, 6, 10, 11]]",4.379033187130767,-0.5301953298775962,1.1192965045490955,-4.023365354410054e-15,,21.0,0.139615486146353,0.139615486146353,4.434440057456388,0.0,0.0,"{""2"": 8, ""3"": 1, ""1"": 21}",0.139615486146353,0.13961316208073232,14.834407206487608,1e-05,True,40,development_isotonic_frozen
s1-i6,development,1,structural,confidence,bec4533590cd1094,"[[0, 2, 4, 11], [3, 6, 7, 10], [1, 5, 8, 9]]",4.379033187130767,-0.41573711924980383,1.2310413942619725,-5.122881226460405e-15,,22.0,0.11153269420568102,0.11153269420568102,4.550937244428563,0.0,-1.0,"{""1"": 22, ""2"": 8}",0.11153269420568102,0.11153000988430001,20.171774666943232,1e-05,True,40,development_isotonic_frozen
s1-i6,development,1,structural,entropy,f32b35de43f49792,"[[0, 2, 3, 11], [4, 5, 7, 10], [1, 6, 8, 9]]",4.379033187130767,-0.4241287432123038,1.244721709118097,-5.09116992908511e-15,,18.0,0.13840299250275606,0.13840299250275606,4.434440057456388,0.0,-1.0,"{""1"": 18, ""2"": 11, ""3"": 1}",0.13840299250275606,0.13840136408410703,21.027643692558083,1e-05,True,40,development_isotonic_frozen
s1-i6,development,1,structural,dependency_cmi,79c26f155b5ce0ef,"[[0, 1, 2, 7], [3, 4, 5, 6], [8, 9, 10, 11]]",4.379033187130767,-0.4737649642761495,1.1863540639626053,-4.4726979721534694e-15,,7.0,0.12019759770198753,0.12019759770198753,3.3736647036184357,0.0,-1.0,"{""2"": 13, ""3"": 8, ""1"": 7, ""4"": 2}",0.12019759770198753,0.12019469221315912,23.805501737926065,1e-05,True,40,development_isotonic_frozen
s1-i6,development,1,structural,min_within_batch_tc,3f247db6766597f4,"[[0, 2, 3, 4], [5, 7, 10, 11], [1, 6, 8, 9]]",4.379033187130767,-0.42428983098643586,1.239990698338884,-5.09116992908511e-15,,18.0,0.15901582059978656,0.15901582059978656,4.317942870484211,0.0,-1.0,"{""1"": 18, ""2"": 10, ""3"": 2}",0.15901582059978656,0.1590137927304705,21.34497363038428,1e-05,True,40,development_isotonic_frozen
s1-i6,development,1,structural,dprm_myopic,f0dc8fa071cdac21,"[[0, 2, 6, 7], [1, 3, 4, 5], [8, 9, 10, 11]]",4.379033187130767,-0.4648303560295779,1.1968835660649215,-6.5157329945969695e-15,,9.0,0.12718008839672063,0.12718008839672063,3.6128094131069717,0.0,-1.0,"{""1"": 9, ""2"": 13, ""3"": 7, ""4"": 1}",0.12718008839672063,0.12717820298756743,23.05348363235396,1e-05,True,40,development_isotonic_frozen
s1-i6,development,1,structural,dprm_rollout,3d43f329ce7d518b,"[[2, 5, 6, 10], [1, 7, 8, 9], [0, 3, 4, 11]]",4.379033187130767,-0.5223740734760641,1.1293993584545015,-3.924560265075382e-15,,14.0,0.10385722291388451,0.10385722291388451,4.201445683512035,0.0,-1.0,"{""1"": 14, ""2"": 13, ""3"": 3}",0.10385722291388451,0.10385669085579956,19.46510847978745,1e-05,True,40,development_isotonic_frozen
s1-i6,development,1,structural,subset_exact,fc6baf9410c9c4cd,"[[0, 1, 3, 4], [2, 6, 7, 11], [5, 8, 9, 10]]",4.379033187130767,-0.4572455631011642,1.1902979737475798,-5.4964891146199375e-15,,18.0,0.1907425100592105,0.1907425100592105,4.201445683512035,0.03125,0.0,"{""2"": 9, ""1"": 18, ""3"": 3}",0.1907425100592105,0.19073764620241537,20.469627949842916,1e-05,True,40,development_isotonic_frozen
s1-i6,development,1,structural,subset_beam_8,fc6baf9410c9c4cd,"[[0, 1, 3, 4], [2, 6, 7, 11], [5, 8, 9, 10]]",4.379033187130767,-0.4572455631011642,1.1902979737475798,-5.4964891146199375e-15,,18.0,0.1907425100592105,0.1907425100592105,4.201445683512035,0.03125,0.0,"{""2"": 9, ""1"": 18, ""3"": 3}",0.1907425100592105,0.19073764620241537,20.469627949842916,1e-05,True,40,development_isotonic_frozen
s1-i6,development,1,structural,subset_beam_32,fc6baf9410c9c4cd,"[[0, 1, 3, 4], [2, 6, 7, 11], [5, 8, 9, 10]]",4.379033187130767,-0.4572455631011642,1.1902979737475798,-5.4964891146199375e-15,,18.0,0.1907425100592105,0.1907425100592105,4.201445683512035,0.03125,0.0,"{""2"": 9, ""1"": 18, ""3"": 3}",0.1907425100592105,0.19073764620241537,20.469627949842916,1e-05,True,40,development_isotonic_frozen
s1-i6,development,1,structural,saps_diagonal,0022b66cefb6bf3e,"[[1, 4, 7, 9], [2, 5, 8, 11], [0, 3, 6, 10]]",4.379033187130767,-0.5442401718071933,1.0949069908400102,-3.898283345713094e-15,,28.0,0.14277255725040375,0.14277255725040375,4.550937244428563,0.0,0.0,"{""1"": 28, ""2"": 2}",0.14277255725040375,0.14277061844860298,14.381113176295859,1e-05,True,40,development_isotonic_frozen
s1-i6,development,1,structural,p_saps_residualized,eca05a57f68f80e7,"[[1, 6, 7, 10], [0, 2, 4, 9], [3, 5, 8, 11]]",4.379033187130767,-0.503666826106962,1.1286672633589012,-5.072924691837195e-15,,23.0,0.17008430499478389,0.17008430499478389,4.550937244428563,0.0,0.0,"{""1"": 23, ""2"": 7}",0.17008430499478389,0.17006435947630805,19.492062456450835,1e-05,True,80,development_isotonic_frozen
s1-i6,development,1,structural,p_saps_projection,eca05a57f68f80e7,"[[1, 6, 7, 10], [0, 2, 4, 9], [3, 5, 8, 11]]",4.379033187130767,-0.503666826106962,1.1286672633589012,-5.072924691837195e-15,,23.0,0.17008430499478389,0.17008430499478389,4.550937244428563,0.0,0.0,"{""1"": 23, ""2"": 7}",0.17008430499478389,0.17006435947630805,19.492062456450835,1e-05,True,640,development_isotonic_frozen
s1-i6,development,1,structural,b_saps_budgeted,03aaa75721866814,"[[0, 4, 5, 8], [1, 2, 7, 9], [3, 6, 10, 11]]",4.379033187130767,-0.49530207882735416,1.1580446389217172,-4.300637038392158e-15,,22.0,0.13010843847033107,0.13010843847033107,4.550937244428563,0.03125,-1.0,"{""1"": 22, ""2"": 8}",0.13010843847033107,0.13010764793485224,14.80131165058557,1e-05,True,40,development_isotonic_frozen
s1-i6,development,1,structural,random_balanced,5e998eca1e9be761,"[[4, 5, 8, 9], [0, 1, 2, 7], [3, 6, 10, 11]]",8.859083375111782,-0.5301953298775962,1.1192965045490955,-4.023365354410054e-15,,21.0,0.139615486146353,0.139615486146353,8.968170889732965,0.0,0.0,"{""2"": 8, ""3"": 1, ""1"": 21}",0.139615486146353,0.13961316208073232,14.834407206487608,1e-05,True,40,development_isotonic_frozen
s1-i6,development,1,structural,confidence,bec4533590cd1094,"[[0, 2, 4, 11], [3, 6, 7, 10], [1, 5, 8, 9]]",8.859083375111782,-0.41573711924980383,1.2310413942619725,-5.122881226460405e-15,,22.0,0.11153269420568102,0.11153269420568102,9.198932939893162,0.0,0.0,"{""1"": 22, ""2"": 8}",0.11153269420568102,0.11153000988430001,20.171774666943232,1e-05,True,40,development_isotonic_frozen
s1-i6,development,1,structural,entropy,f32b35de43f49792,"[[0, 2, 3, 11], [4, 5, 7, 10], [1, 6, 8, 9]]",8.859083375111782,-0.4241287432123038,1.244721709118097,-5.09116992908511e-15,,18.0,0.13840299250275606,0.13840299250275606,8.968170889732965,0.0,0.0,"{""1"": 18, ""2"": 11, ""3"": 1}",0.13840299250275606,0.13840136408410703,21.027643692558083,1e-05,True,40,development_isotonic_frozen
s1-i6,development,1,structural,dependency_cmi,79c26f155b5ce0ef,"[[0, 1, 2, 7], [3, 4, 5, 6], [8, 9, 10, 11]]",8.859083375111782,-0.4737649642761495,1.1863540639626053,-4.4726979721534694e-15,,7.0,0.12019759770198753,0.12019759770198753,6.891312438291196,0.0,0.0,"{""2"": 13, ""3"": 8, ""1"": 7, ""4"": 2}",0.12019759770198753,0.12019469221315912,23.805501737926065,1e-05,True,40,development_isotonic_frozen
s1-i6,development,1,structural,min_within_batch_tc,3f247db6766597f4,"[[0, 2, 3, 4], [5, 7, 10, 11], [1, 6, 8, 9]]",8.859083375111782,-0.42428983098643586,1.239990698338884,-5.09116992908511e-15,,18.0,0.15901582059978656,0.15901582059978656,8.737408839572769,0.03125,0.0,"{""1"": 18, ""2"": 10, ""3"": 2}",0.15901582059978656,0.1590137927304705,21.34497363038428,1e-05,True,40,development_isotonic_frozen
s1-i6,development,1,structural,dprm_myopic,f0dc8fa071cdac21,"[[0, 2, 6, 7], [1, 3, 4, 5], [8, 9, 10, 11]]",8.859083375111782,-0.4648303560295779,1.1968835660649215,-6.5157329945969695e-15,,9.0,0.12718008839672063,0.12718008839672063,7.35283653861159,0.0,0.0,"{""1"": 9, ""2"": 13, ""3"": 7, ""4"": 1}",0.12718008839672063,0.12717820298756743,23.05348363235396,1e-05,True,40,development_isotonic_frozen
s1-i6,development,1,structural,dprm_rollout,08d4c81802fe2b1f,"[[2, 5, 6, 7], [0, 3, 4, 9], [1, 8, 10, 11]]",8.859083375111782,-0.4943520489772364,1.17541110053493,-4.62444219532773e-15,,17.0,0.11885535960116365,0.11885535960116365,8.737408839572769,0.0,0.0,"{""1"": 17, ""2"": 11, ""3"": 2}",0.11885535960116365,0.1188540058183104,20.195626036173014,1e-05,True,40,development_isotonic_frozen
s1-i6,development,1,structural,subset_exact,e5f7300afacd2877,"[[0, 1, 2, 3], [4, 6, 7, 11], [5, 8, 9, 10]]",8.859083375111782,-0.4554967763569502,1.1989028237263109,-5.4454040263031215e-15,,14.0,0.14621582360293903,0.14621582360293903,7.814360638931983,0.03125,0.0,"{""2"": 10, ""3"": 5, ""4"": 1, ""1"": 14}",0.14621582360293903,0.14621470485171442,21.142237757066408,1e-05,True,40,development_isotonic_frozen
s1-i6,development,1,structural,subset_beam_8,e5f7300afacd2877,"[[0, 1, 2, 3], [4, 6, 7, 11], [5, 8, 9, 10]]",8.859083375111782,-0.4554967763569502,1.1989028237263109,-5.4454040263031215e-15,,14.0,0.14621582360293903,0.14621582360293903,7.814360638931983,0.03125,0.0,"{""2"": 10, ""3"": 5, ""4"": 1, ""1"": 14}",0.14621582360293903,0.14621470485171442,21.142237757066408,1e-05,True,40,development_isotonic_frozen
s1-i6,development,1,structural,subset_beam_32,e5f7300afacd2877,"[[0, 1, 2, 3], [4, 6, 7, 11], [5, 8, 9, 10]]",8.859083375111782,-0.4554967763569502,1.1989028237263109,-5.4454040263031215e-15,,14.0,0.14621582360293903,0.14621582360293903,7.814360638931983,0.03125,0.0,"{""2"": 10, ""3"": 5, ""4"": 1, ""1"": 14}",0.14621582360293903,0.14621470485171442,21.142237757066408,1e-05,True,40,development_isotonic_frozen
s1-i6,development,1,structural,saps_diagonal,0022b66cefb6bf3e,"[[1, 4, 7, 9], [2, 5, 8, 11], [0, 3, 6, 10]]",8.859083375111782,-0.5442401718071933,1.0949069908400102,-3.898283345713094e-15,,28.0,0.14277255725040375,0.14277255725040375,9.198932939893162,0.0625,0.0,"{""1"": 28, ""2"": 2}",0.14277255725040375,0.14277061844860298,14.381113176295859,1e-05,True,40,development_isotonic_frozen
s1-i6,development,1,structural,p_saps_residualized,eca05a57f68f80e7,"[[1, 6, 7, 10], [0, 2, 4, 9], [3, 5, 8, 11]]",8.859083375111782,-0.503666826106962,1.1286672633589012,-5.072924691837195e-15,,23.0,0.17008430499478389,0.17008430499478389,9.198932939893162,0.125,0.0,"{""1"": 23, ""2"": 7}",0.17008430499478389,0.17006435947630805,19.492062456450835,1e-05,True,80,development_isotonic_frozen
s1-i6,development,1,structural,p_saps_projection,eca05a57f68f80e7,"[[1, 6, 7, 10], [0, 2, 4, 9], [3, 5, 8, 11]]",8.859083375111782,-0.503666826106962,1.1286672633589012,-5.072924691837195e-15,,23.0,0.17008430499478389,0.17008430499478389,9.198932939893162,0.125,0.0,"{""1"": 23, ""2"": 7}",0.17008430499478389,0.17006435947630805,19.492062456450835,1e-05,True,640,development_isotonic_frozen
s1-i6,development,1,structural,b_saps_budgeted,03aaa75721866814,"[[0, 4, 5, 8], [1, 2, 7, 9], [3, 6, 10, 11]]",8.859083375111782,-0.49530207882735416,1.1580446389217172,-4.300637038392158e-15,,22.0,0.13010843847033107,0.13010843847033107,9.198932939893162,0.03125,0.0,"{""1"": 22, ""2"": 8}",0.13010843847033107,0.13010764793485224,14.80131165058557,1e-05,True,40,development_isotonic_frozen
s1-i6,development,1,structural,random_balanced,5e998eca1e9be761,"[[4, 5, 8, 9], [0, 1, 2, 7], [3, 6, 10, 11]]",12.591262895350738,-0.5301953298775962,1.1192965045490955,-4.023365354410054e-15,,21.0,0.139615486146353,0.139615486146353,12.748004965568814,0.0,0.0,"{""2"": 8, ""3"": 1, ""1"": 21}",0.139615486146353,0.13961316208073232,14.834407206487608,1e-05,True,40,development_isotonic_frozen
s1-i6,development,1,structural,confidence,bec4533590cd1094,"[[0, 2, 4, 11], [3, 6, 7, 10], [1, 5, 8, 9]]",12.591262895350738,-0.41573711924980383,1.2310413942619725,-5.122881226460405e-15,,22.0,0.11153269420568102,0.11153269420568102,13.07957472949167,0.03125,-1.0,"{""1"": 22, ""2"": 8}",0.11153269420568102,0.11153000988430001,20.171774666943232,1e-05,True,40,development_isotonic_frozen
s1-i6,development,1,structural,entropy,f32b35de43f49792,"[[0, 2, 3, 11], [4, 5, 7, 10], [1, 6, 8, 9]]",12.591262895350738,-0.4241287432123038,1.244721709118097,-5.09116992908511e-15,,18.0,0.13840299250275606,0.13840299250275606,12.748004965568814,0.0,-1.0,"{""1"": 18, ""2"": 11, ""3"": 1}",0.13840299250275606,0.13840136408410703,21.027643692558083,1e-05,True,40,development_isotonic_frozen
s1-i6,development,1,structural,dependency_cmi,79c26f155b5ce0ef,"[[0, 1, 2, 7], [3, 4, 5, 6], [8, 9, 10, 11]]",12.591262895350738,-0.4737649642761495,1.1863540639626053,-4.4726979721534694e-15,,7.0,0.12019759770198753,0.12019759770198753,9.763877090263117,0.0625,-1.0,"{""2"": 13, ""3"": 8, ""1"": 7, ""4"": 2}",0.12019759770198753,0.12019469221315912,23.805501737926065,1e-05,True,40,development_isotonic_frozen
s1-i6,development,1,structural,min_within_batch_tc,3f247db6766597f4,"[[0, 2, 3, 4], [5, 7, 10, 11], [1, 6, 8, 9]]",12.591262895350738,-0.42428983098643586,1.239990698338884,-5.09116992908511e-15,,18.0,0.15901582059978656,0.15901582059978656,12.416435201645958,0.0,-1.0,"{""1"": 18, ""2"": 10, ""3"": 2}",0.15901582059978656,0.1590137927304705,21.34497363038428,1e-05,True,40,development_isotonic_frozen
s1-i6,development,1,structural,dprm_myopic,f0dc8fa071cdac21,"[[0, 2, 6, 7], [1, 3, 4, 5], [8, 9, 10, 11]]",12.591262895350738,-0.4648303560295779,1.1968835660649215,-6.5157329945969695e-15,,9.0,0.12718008839672063,0.12718008839672063,10.427016618108828,0.09375,-1.0,"{""1"": 9, ""2"": 13, ""3"": 7, ""4"": 1}",0.12718008839672063,0.12717820298756743,23.05348363235396,1e-05,True,40,development_isotonic_frozen
s1-i6,development,1,structural,dprm_rollout,827c5a09bba471be,"[[2, 6, 7, 11], [0, 5, 8, 9], [1, 3, 4, 10]]",12.591262895350738,-0.489567829745462,1.1680499901752084,-4.886728411228627e-15,,17.0,0.1311852363451261,0.1311852363451261,12.748004965568814,0.0,-1.0,"{""1"": 17, ""2"": 12, ""3"": 1}",0.1311852363451261,0.13117901490034756,18.14281749368324,1e-05,True,40,development_isotonic_frozen
s1-i6,development,1,structural,subset_exact,fc6baf9410c9c4cd,"[[0, 1, 3, 4], [2, 6, 7, 11], [5, 8, 9, 10]]",12.591262895350738,-0.4572455631011642,1.1902979737475798,-5.4964891146199375e-15,,18.0,0.1907425100592105,0.1907425100592105,12.084865437723105,0.0625,0.0,"{""2"": 9, ""1"": 18, ""3"": 3}",0.1907425100592105,0.19073764620241537,20.469627949842916,1e-05,True,40,development_isotonic_frozen
s1-i6,development,1,structural,subset_beam_8,fc6baf9410c9c4cd,"[[0, 1, 3, 4], [2, 6, 7, 11], [5, 8, 9, 10]]",12.591262895350738,-0.4572455631011642,1.1902979737475798,-5.4964891146199375e-15,,18.0,0.1907425100592105,0.1907425100592105,12.084865437723105,0.0625,0.0,"{""2"": 9, ""1"": 18, ""3"": 3}",0.1907425100592105,0.19073764620241537,20.469627949842916,1e-05,True,40,development_isotonic_frozen
s1-i6,development,1,structural,subset_beam_32,fc6baf9410c9c4cd,"[[0, 1, 3, 4], [2, 6, 7, 11], [5, 8, 9, 10]]",12.591262895350738,-0.4572455631011642,1.1902979737475798,-5.4964891146199375e-15,,18.0,0.1907425100592105,0.1907425100592105,12.084865437723105,0.0625,0.0,"{""2"": 9, ""1"": 18, ""3"": 3}",0.1907425100592105,0.19073764620241537,20.469627949842916,1e-05,True,40,development_isotonic_frozen
s1-i6,development,1,structural,saps_diagonal,0022b66cefb6bf3e,"[[1, 4, 7, 9], [2, 5, 8, 11], [0, 3, 6, 10]]",12.591262895350738,-0.5442401718071933,1.0949069908400102,-3.898283345713094e-15,,28.0,0.14277255725040375,0.14277255725040375,13.07957472949167,0.125,-1.0,"{""1"": 28, ""2"": 2}",0.14277255725040375,0.14277061844860298,14.381113176295859,1e-05,True,40,development_isotonic_frozen
s1-i6,development,1,structural,p_saps_residualized,eca05a57f68f80e7,"[[1, 6, 7, 10], [0, 2, 4, 9], [3, 5, 8, 11]]",12.591262895350738,-0.503666826106962,1.1286672633589012,-5.072924691837195e-15,,23.0,0.17008430499478389,0.17008430499478389,13.07957472949167,0.0625,-1.0,"{""1"": 23, ""2"": 7}",0.17008430499478389,0.17006435947630805,19.492062456450835,1e-05,True,80,development_isotonic_frozen
s1-i6,development,1,structural,p_saps_projection,eca05a57f68f80e7,"[[1, 6, 7, 10], [0, 2, 4, 9], [3, 5, 8, 11]]",12.591262895350738,-0.503666826106962,1.1286672633589012,-5.072924691837195e-15,,23.0,0.17008430499478389,0.17008430499478389,13.07957472949167,0.0625,-1.0,"{""1"": 23, ""2"": 7}",0.17008430499478389,0.17006435947630805,19.492062456450835,1e-05,True,640,development_isotonic_frozen
s1-i6,development,1,structural,b_saps_budgeted,03aaa75721866814,"[[0, 4, 5, 8], [1, 2, 7, 9], [3, 6, 10, 11]]",12.591262895350738,-0.49530207882735416,1.1580446389217172,-4.300637038392158e-15,,22.0,0.13010843847033107,0.13010843847033107,13.07957472949167,0.0625,-1.0,"{""1"": 22, ""2"": 8}",0.13010843847033107,0.13010764793485224,14.80131165058557,1e-05,True,40,development_isotonic_frozen
s1-i6,development,1,structural,random_balanced,eefe3092481d6427,"[[4, 5, 8], [2, 7, 9], [0, 1, 11], [3, 6, 10]]",4.491629585606365,-0.7723967655180268,1.7055298821977187,-1.9318649906405492e-15,,25.0,0.13820677689166402,0.13820677689166402,4.550937244428563,0.0,-1.0,"{""2"": 5, ""1"": 25}",0.13820677689166402,0.13820561943852494,16.42084332456916,1e-05,True,40,development_isotonic_frozen
s1-i6,development,1,structural,confidence,e1676c0b73189f50,"[[0, 2, 11], [3, 4, 10], [5, 6, 7], [1, 8, 9]]",4.491629585606365,-0.6291728175282622,1.8556221134637492,-3.2081950307978796e-15,,16.0,0.11473572441663188,0.11473572441663188,4.317942870484211,0.0,-1.0,"{""1"": 16, ""2"": 12, ""3"": 2}",0.11473572441663188,0.11473461591798961,17.80081109185221,1e-05,True,40,development_isotonic_frozen
s1-i6,development,1,structural,entropy,48dc17aeb56c6d32,"[[0, 2, 3], [5, 10, 11], [4, 6, 7], [1, 8, 9]]",4.491629585606365,-0.6465887807752879,1.8587666903577906,-3.2081950307978796e-15,,17.0,0.17207417294658706,0.17207417294658706,4.434440057456388,0.03125,-1.0,"{""1"": 17, ""2"": 12, ""3"": 1}",0.17207417294658706,0.1720712202199589,17.44503947163103,1e-05,True,40,development_isotonic_frozen
s1-i6,development,1,structural,dependency_cmi,10801ffc4c6e6e3f,"[[0, 1, 2], [3, 4, 6], [5, 7, 9], [8, 10, 11]]",4.491629585606365,-0.7140368836020018,1.7634943925757225,-1.8204333500282985e-15,,17.0,0.10985011904841549,0.10985011904841549,4.317942870484211,0.0,-1.0,"{""2"": 11, ""3"": 2, ""1"": 17}",0.10985011904841549,0.1098469001146581,18.205398963993574,1e-05,True,40,development_isotonic_frozen
s1-i6,development,1,structural,min_within_batch_tc,f11b6494755f3549,"[[0, 2, 3], [4, 5, 6], [7, 10, 11], [1, 8, 9]]",4.491629585606365,-0.6547873960603855,1.846557703093821,-2.0733130115729658e-15,,16.0,0.12431467387889733,0.12431467387889733,4.317942870484211,0.0,-1.0,"{""1"": 16, ""2"": 12, ""3"": 2}",0.12431467387889733,0.12431265698257196,17.345981383052223,1e-05,True,40,development_isotonic_frozen
s1-i6,development,1,structural,dprm_myopic,b9abc27b7202e7ed,"[[2, 6, 7], [0, 1, 3], [4, 5, 8], [9, 10, 11]]",4.491629585606365,-0.7262562628756295,1.7622396850246416,-3.421606799597157e-15,,12.0,0.16681120270889627,0.16681120270889627,4.201445683512035,0.0,-1.0,"{""2"": 15, ""3"": 3, ""1"": 12}",0.16681120270889627,0.1668063360204372,19.077105919714082,1e-05,True,40,development_isotonic_frozen
s1-i6,development,1,structural,dprm_rollout,b9abc27b7202e7ed,"[[2, 6, 7], [0, 1, 3], [4, 5, 8], [9, 10, 11]]",4.491629585606365,-0.7262562628756295,1.7622396850246416,-3.421606799597157e-15,,12.0,0.16681120270889627,0.16681120270889627,4.201445683512035,0.0,-1.0,"{""2"": 15, ""3"": 3, ""1"": 12}",0.16681120270889627,0.1668063360204372,19.077105919714082,1e-05,True,40,development_isotonic_frozen
s1-i6,development,1,structural,subset_exact,082fd472ab05a53d,"[[0, 1, 4], [2, 3, 11], [5, 6, 10], [7, 8, 9]]",4.491629585606365,-0.6731411750088787,1.7934353559744851,-2.373122602277535e-15,,12.0,0.10561730047592148,0.10561730047592148,4.201445683512035,0.03125,0.0,"{""2"": 15, ""1"": 12, ""3"": 3}",0.10561730047592148,0.10561346279728358,20.093101712908314,1e-05,True,40,development_isotonic_frozen
s1-i6,development,1,structural,subset_beam_8,082fd472ab05a53d,"[[0, 1, 4], [2, 3, 11], [5, 6, 10], [7, 8, 9]]",4.491629585606365,-0.6731411750088787,1.7934353559744851,-2.373122602277535e-15,,12.0,0.10561730047592148,0.10561730047592148,4.201445683512035,0.03125,0.0,"{""2"": 15, ""1"": 12, ""3"": 3}",0.10561730047592148,0.10561346279728358,20.093101712908314,1e-05,True,40,development_isotonic_frozen
s1-i6,development,1,structural,subset_beam_32,082fd472ab05a53d,"[[0, 1, 4], [2, 3, 11], [5, 6, 10], [7, 8, 9]]",4.491629585606365,-0.6731411750088787,1.7934353559744851,-2.373122602277535e-15,,12.0,0.10561730047592148,0.10561730047592148,4.201445683512035,0.03125,0.0,"{""2"": 15, ""1"": 12, ""3"": 3}",0.10561730047592148,0.10561346279728358,20.093101712908314,1e-05,True,40,development_isotonic_frozen
s1-i6,development,1,structural,saps_diagonal,0f040616fdb47215,"[[0, 2, 4], [5, 7, 9], [3, 8, 11], [1, 6, 10]]",4.491629585606365,-0.6974310654395474,1.792291477438664,-3.250630066351466e-15,,30.0,0.12487086739827856,0.12487086739827856,4.550937244428563,0.0,-1.0,"{""1"": 30}",0.12487086739827856,0.12486959545661855,15.580334444565686,1e-05,True,40,development_isotonic_frozen
s1-i6,development,1,structural,p_saps_residualized,155ab5da620d690c,"[[6, 10, 11], [0, 7, 9], [2, 4, 5], [1, 3, 8]]",4.491629585606365,-0.7107435137282319,1.7542539625038807,-3.823907765295096e-15,,23.0,0.046378929152467344,0.046378929152467344,4.550937244428563,0.0,0.0,"{""1"": 23, ""2"": 7}",0.046378929152467344,0.046378515532961385,14.93722466203779,1e-05,True,80,development_isotonic_frozen
s1-i6,development,1,structural,p_saps_projection,48dc17aeb56c6d32,"[[0, 2, 3], [5, 10, 11], [4, 6, 7], [1, 8, 9]]",4.491629585606365,-0.6465887807752879,1.8587666903577906,-3.2081950307978796e-15,,17.0,0.17207417294658706,0.17207417294658706,4.434440057456388,0.03125,-1.0,"{""1"": 17, ""2"": 12, ""3"": 1}",0.17207417294658706,0.1720712202199589,17.44503947163103,1e-05,True,640,development_isotonic_frozen
s1-i6,development,1,structural,b_saps_budgeted,eefe3092481d6427,"[[4, 5, 8], [2, 7, 9], [0, 1, 11], [3, 6, 10]]",4.491629585606365,-0.7723967655180268,1.7055298821977187,-1.9318649906405492e-15,,25.0,0.13820677689166402,0.13820677689166402,4.550937244428563,0.0,-1.0,"{""2"": 5, ""1"": 25}",0.13820677689166402,0.13820561943852494,16.42084332456916,1e-05,True,40,development_isotonic_frozen
s1-i6,development,1,structural,random_balanced,eefe3092481d6427,"[[4, 5, 8], [2, 7, 9], [0, 1, 11], [3, 6, 10]]",9.081454077993426,-0.7723967655180268,1.7055298821977187,-1.9318649906405492e-15,,25.0,0.13820677689166402,0.13820677689166402,9.198932939893162,0.03125,0.0,"{""2"": 5, ""1"": 25}",0.13820677689166402,0.13820561943852494,16.42084332456916,1e-05,True,40,development_isotonic_frozen
s1-i6,development,1,structural,confidence,e1676c0b73189f50,"[[0, 2, 11], [3, 4, 10], [5, 6, 7], [1, 8, 9]]",9.081454077993426,-0.6291728175282622,1.8556221134637492,-3.2081950307978796e-15,,16.0,0.11473572441663188,0.11473572441663188,8.737408839572769,0.0,0.0,"{""1"": 16, ""2"": 12, ""3"": 2}",0.11473572441663188,0.11473461591798961,17.80081109185221,1e-05,True,40,development_isotonic_frozen
s1-i6,development,1,structural,entropy,48dc17aeb56c6d32,"[[0, 2, 3], [5, 10, 11], [4, 6, 7], [1, 8, 9]]",9.081454077993426,-0.6465887807752879,1.8587666903577906,-3.2081950307978796e-15,,17.0,0.17207417294658706,0.17207417294658706,8.968170889732965,0.0625,0.0,"{""1"": 17, ""2"": 12, ""3"": 1}",0.17207417294658706,0.1720712202199589,17.44503947163103,1e-05,True,40,development_isotonic_frozen
s1-i6,development,1,structural,dependency_cmi,10801ffc4c6e6e3f,"[[0, 1, 2], [3, 4, 6], [5, 7, 9], [8, 10, 11]]",9.081454077993426,-0.7140368836020018,1.7634943925757225,-1.8204333500282985e-15,,17.0,0.10985011904841549,0.10985011904841549,8.737408839572769,0.0,0.0,"{""2"": 11, ""3"": 2, ""1"": 17}",0.10985011904841549,0.1098469001146581,18.205398963993574,1e-05,True,40,development_isotonic_frozen
s1-i6,development,1,structural,min_within_batch_tc,f11b6494755f3549,"[[0, 2, 3], [4, 5, 6], [7, 10, 11], [1, 8, 9]]",9.081454077993426,-0.6547873960603855,1.846557703093821,-2.0733130115729658e-15,,16.0,0.12431467387889733,0.12431467387889733,8.737408839572769,0.0,0.0,"{""1"": 16, ""2"": 12, ""3"": 2}",0.12431467387889733,0.12431265698257196,17.345981383052223,1e-05,True,40,development_isotonic_frozen
s1-i6,development,1,structural,dprm_myopic,b9abc27b7202e7ed,"[[2, 6, 7], [0, 1, 3], [4, 5, 8], [9, 10, 11]]",9.081454077993426,-0.7262562628756295,1.7622396850246416,-3.421606799597157e-15,,12.0,0.16681120270889627,0.16681120270889627,8.506646789412573,0.0,0.0,"{""2"": 15, ""3"": 3, ""1"": 12}",0.16681120270889627,0.1668063360204372,19.077105919714082,1e-05,True,40,development_isotonic_frozen
s1-i6,development,1,structural,dprm_rollout,95fd9cc3bc5743cf,"[[2, 4, 7], [0, 5, 6], [1, 3, 8], [9, 10, 11]]",9.081454077993426,-0.7071928794441406,1.7783859329343317,-3.139253691495554e-15,,17.0,0.07421491327606793,0.07421491327606793,8.737408839572769,0.03125,0.0,"{""1"": 17, ""2"": 11, ""3"": 2}",0.07421491327606793,0.07421417942664925,18.198430228814036,1e-05,True,40,development_isotonic_frozen
s1-i6,development,1,structural,subset_exact,f22585bf562a141c,"[[0, 1, 2], [3, 4, 11], [5, 6, 10], [7, 8, 9]]",9.081454077993426,-0.6713923882646647,1.8020402059532161,-2.322037513960718e-15,,12.0,0.15867020111338112,0.15867020111338112,8.275884739252376,0.03125,0.0,"{""2"": 14, ""3"": 4, ""1"": 12}",0.15867020111338112,0.15866511524768717,20.812479786128048,1e-05,True,40,development_isotonic_frozen
s1-i6,development,1,structural,subset_beam_8,f22585bf562a141c,"[[0, 1, 2], [3, 4, 11], [5, 6, 10], [7, 8, 9]]",9.081454077993426,-0.6713923882646647,1.8020402059532161,-2.322037513960718e-15,,12.0,0.15867020111338112,0.15867020111338112,8.275884739252376,0.03125,0.0,"{""2"": 14, ""3"": 4, ""1"": 12}",0.15867020111338112,0.15866511524768717,20.812479786128048,1e-05,True,40,development_isotonic_frozen
s1-i6,development,1,structural,subset_beam_32,f22585bf562a141c,"[[0, 1, 2], [3, 4, 11], [5, 6, 10], [7, 8, 9]]",9.081454077993426,-0.6713923882646647,1.8020402059532161,-2.322037513960718e-15,,12.0,0.15867020111338112,0.15867020111338112,8.275884739252376,0.03125,0.0,"{""2"": 14, ""3"": 4, ""1"": 12}",0.15867020111338112,0.15866511524768717,20.812479786128048,1e-05,True,40,development_isotonic_frozen
s1-i6,development,1,structural,saps_diagonal,0f040616fdb47215,"[[0, 2, 4], [5, 7, 9], [3, 8, 11], [1, 6, 10]]",9.081454077993426,-0.6974310654395474,1.792291477438664,-3.250630066351466e-15,,30.0,0.12487086739827856,0.12487086739827856,9.198932939893162,0.03125,0.0,"{""1"": 30}",0.12487086739827856,0.12486959545661855,15.580334444565686,1e-05,True,40,development_isotonic_frozen
s1-i6,development,1,structural,p_saps_residualized,155ab5da620d690c,"[[6, 10, 11], [0, 7, 9], [2, 4, 5], [1, 3, 8]]",9.081454077993426,-0.7107435137282319,1.7542539625038807,-3.823907765295096e-15,,23.0,0.046378929152467344,0.046378929152467344,9.198932939893162,0.03125,0.0,"{""1"": 23, ""2"": 7}",0.046378929152467344,0.046378515532961385,14.93722466203779,1e-05,True,80,development_isotonic_frozen
s1-i6,development,1,structural,p_saps_projection,48dc17aeb56c6d32,"[[0, 2, 3], [5, 10, 11], [4, 6, 7], [1, 8, 9]]",9.081454077993426,-0.6465887807752879,1.8587666903577906,-3.2081950307978796e-15,,17.0,0.17207417294658706,0.17207417294658706,8.968170889732965,0.0625,0.0,"{""1"": 17, ""2"": 12, ""3"": 1}",0.17207417294658706,0.1720712202199589,17.44503947163103,1e-05,True,640,development_isotonic_frozen
s1-i6,development,1,structural,b_saps_budgeted,eefe3092481d6427,"[[4, 5, 8], [2, 7, 9], [0, 1, 11], [3, 6, 10]]",9.081454077993426,-0.7723967655180268,1.7055298821977187,-1.9318649906405492e-15,,25.0,0.13820677689166402,0.13820677689166402,9.198932939893162,0.03125,0.0,"{""2"": 5, ""1"": 25}",0.13820677689166402,0.13820561943852494,16.42084332456916,1e-05,True,40,development_isotonic_frozen
s1-i6,development,1,structural,random_balanced,eefe3092481d6427,"[[4, 5, 8], [2, 7, 9], [0, 1, 11], [3, 6, 10]]",12.910775576949124,-0.7723967655180268,1.7055298821977187,-1.9318649906405492e-15,,25.0,0.13820677689166402,0.13820677689166402,13.07957472949167,0.0625,0.0,"{""2"": 5, ""1"": 25}",0.13820677689166402,0.13820561943852494,16.42084332456916,1e-05,True,40,development_isotonic_frozen
s1-i6,development,1,structural,confidence,e1676c0b73189f50,"[[0, 2, 11], [3, 4, 10], [5, 6, 7], [1, 8, 9]]",12.910775576949124,-0.6291728175282622,1.8556221134637492,-3.2081950307978796e-15,,16.0,0.11473572441663188,0.11473572441663188,12.416435201645958,0.03125,-1.0,"{""1"": 16, ""2"": 12, ""3"": 2}",0.11473572441663188,0.11473461591798961,17.80081109185221,1e-05,True,40,development_isotonic_frozen
s1-i6,development,1,structural,entropy,48dc17aeb56c6d32,"[[0, 2, 3], [5, 10, 11], [4, 6, 7], [1, 8, 9]]",12.910775576949124,-0.6465887807752879,1.8587666903577906,-3.2081950307978796e-15,,17.0,0.17207417294658706,0.17207417294658706,12.748004965568814,0.0625,-1.0,"{""1"": 17, ""2"": 12, ""3"": 1}",0.17207417294658706,0.1720712202199589,17.44503947163103,1e-05,True,40,development_isotonic_frozen
s1-i6,development,1,structural,dependency_cmi,10801ffc4c6e6e3f,"[[0, 1, 2], [3, 4, 6], [5, 7, 9], [8, 10, 11]]",12.910775576949124,-0.7140368836020018,1.7634943925757225,-1.8204333500282985e-15,,17.0,0.10985011904841549,0.10985011904841549,12.416435201645958,0.03125,-1.0,"{""2"": 11, ""3"": 2, ""1"": 17}",0.10985011904841549,0.1098469001146581,18.205398963993574,1e-05,True,40,development_isotonic_frozen
s1-i6,development,1,structural,min_within_batch_tc,f11b6494755f3549,"[[0, 2, 3], [4, 5, 6], [7, 10, 11], [1, 8, 9]]",12.910775576949124,-0.6547873960603855,1.846557703093821,-2.0733130115729658e-15,,16.0,0.12431467387889733,0.12431467387889733,12.416435201645958,0.03125,-1.0,"{""1"": 16, ""2"": 12, ""3"": 2}",0.12431467387889733,0.12431265698257196,17.345981383052223,1e-05,True,40,development_isotonic_frozen
s1-i6,development,1,structural,dprm_myopic,b9abc27b7202e7ed,"[[2, 6, 7], [0, 1, 3], [4, 5, 8], [9, 10, 11]]",12.910775576949124,-0.7262562628756295,1.7622396850246416,-3.421606799597157e-15,,12.0,0.16681120270889627,0.16681120270889627,12.084865437723105,0.0,-1.0,"{""2"": 15, ""3"": 3, ""1"": 12}",0.16681120270889627,0.1668063360204372,19.077105919714082,1e-05,True,40,development_isotonic_frozen
s1-i6,development,1,structural,dprm_rollout,e6e781976a9d844c,"[[2, 3, 10], [4, 5, 7], [0, 1, 8], [6, 9, 11]]",12.910775576949124,-0.702209154830796,1.7917411123990412,-3.714702383353375e-15,,20.0,0.1409802491525536,0.1409802491525536,13.07957472949167,0.0625,-1.0,"{""2"": 10, ""1"": 20}",0.1409802491525536,0.1409764204872136,18.8377883560842,1e-05,True,40,development_isotonic_frozen
s1-i6,development,1,structural,subset_exact,14fce6a03137068a,"[[0, 1, 3], [2, 4, 11], [5, 6, 10], [7, 8, 9]]",12.910775576949124,-0.6779697488273905,1.8003695040902956,-2.4292198282170384e-15,,15.0,0.10501597204774729,0.10501597204774729,12.084865437723105,0.125,0.0,"{""2"": 12, ""1"": 15, ""3"": 3}",0.10501597204774729,0.10501335461619231,19.898103238007852,1e-05,True,40,development_isotonic_frozen
s1-i6,development,1,structural,subset_beam_8,14fce6a03137068a,"[[0, 1, 3], [2, 4, 11], [5, 6, 10], [7, 8, 9]]",12.910775576949124,-0.6779697488273905,1.8003695040902956,-2.4292198282170384e-15,,15.0,0.10501597204774729,0.10501597204774729,12.084865437723105,0.125,0.0,"{""2"": 12, ""1"": 15, ""3"": 3}",0.10501597204774729,0.10501335461619231,19.898103238007852,1e-05,True,40,development_isotonic_frozen
s1-i6,development,1,structural,subset_beam_32,14fce6a03137068a,"[[0, 1, 3], [2, 4, 11], [5, 6, 10], [7, 8, 9]]",12.910775576949124,-0.6779697488273905,1.8003695040902956,-2.4292198282170384e-15,,15.0,0.10501597204774729,0.10501597204774729,12.084865437723105,0.125,0.0,"{""2"": 12, ""1"": 15, ""3"": 3}",0.10501597204774729,0.10501335461619231,19.898103238007852,1e-05,True,40,development_isotonic_frozen
s1-i6,development,1,structural,saps_diagonal,0f040616fdb47215,"[[0, 2, 4], [5, 7, 9], [3, 8, 11], [1, 6, 10]]",12.910775576949124,-0.6974310654395474,1.792291477438664,-3.250630066351466e-15,,30.0,0.12487086739827856,0.12487086739827856,13.07957472949167,0.0,-1.0,"{""1"": 30}",0.12487086739827856,0.12486959545661855,15.580334444565686,1e-05,True,40,development_isotonic_frozen
s1-i6,development,1,structural,p_saps_residualized,155ab5da620d690c,"[[6, 10, 11], [0, 7, 9], [2, 4, 5], [1, 3, 8]]",12.910775576949124,-0.7107435137282319,1.7542539625038807,-3.823907765295096e-15,,23.0,0.046378929152467344,0.046378929152467344,13.07957472949167,0.0,-1.0,"{""1"": 23, ""2"": 7}",0.046378929152467344,0.046378515532961385,14.93722466203779,1e-05,True,80,development_isotonic_frozen
s1-i6,development,1,structural,p_saps_projection,48dc17aeb56c6d32,"[[0, 2, 3], [5, 10, 11], [4, 6, 7], [1, 8, 9]]",12.910775576949124,-0.6465887807752879,1.8587666903577906,-3.2081950307978796e-15,,17.0,0.17207417294658706,0.17207417294658706,12.748004965568814,0.0625,-1.0,"{""1"": 17, ""2"": 12, ""3"": 1}",0.17207417294658706,0.1720712202199589,17.44503947163103,1e-05,True,640,development_isotonic_frozen
s1-i6,development,1,structural,b_saps_budgeted,eefe3092481d6427,"[[4, 5, 8], [2, 7, 9], [0, 1, 11], [3, 6, 10]]",12.910775576949124,-0.7723967655180268,1.7055298821977187,-1.9318649906405492e-15,,25.0,0.13820677689166402,0.13820677689166402,13.07957472949167,0.0625,0.0,"{""2"": 5, ""1"": 25}",0.13820677689166402,0.13820561943852494,16.42084332456916,1e-05,True,40,development_isotonic_frozen
